{"type":"FeatureCollection", "features": [
{"type":"Feature","geometry":{"type":"Polygon","coordinates":[[[105.738,20.9632],[105.7412,20.9645],[105.7417,20.968],[105.7392,20.9699],[105.7386,20.973],[105.7405,20.9745],[105.7378,20.9857],[105.7351,20.9863],[105.733,20.9905],[105.7357,20.9933],[105.7305,21.0107],[105.7195,21.0108],[105.7137,21.0104],[105.6977,21.0066],[105.6886,21.0049],[105.664,21.0025],[105.667,20.9985],[105.6674,20.9929],[105.6651,20.9829],[105.6679,20.982],[105.6728,20.9844],[105.6746,20.9865],[105.6789,20.9829],[105.682,20.9782],[105.685,20.9754],[105.6873,20.9746],[105.6839,20.9703],[105.6869,20.9699],[105.6899,20.9746],[105.6957,20.9784],[105.6995,20.9779],[105.7038,20.9751],[105.7093,20.9727],[105.7133,20.9679],[105.7162,20.9623],[105.7251,20.9554],[105.7304,20.9608],[105.7316,20.9596],[105.738,20.9632]]]},"properties":{"ma_xa":"09877","ten_xa":"An Khánh","sap_nhap":"Đông La, Dương Nội (1 phần), An Khánh (1 phần), La Phù (1 phần), Song Phương (1 phần), Vân Côn (1 phần), An Thượng (1 phần)","tru_so":"Thôn Lũng Vân, xã An Khánh","loai":"Xã","cap":2,"stt":105,"dtich_km2":28.69,"dan_so":102136,"matdo_km2":3559.99,"ma_tinh":"01","ten_tinh":"Hà Nội"}},
{"type":"Feature","geometry":{"type":"Polygon","coordinates":[[[105.85,21.0409],[105.8402,21.0506],[105.8367,21.0467],[105.8352,21.0418],[105.8313,21.0418],[105.8274,21.0398],[105.8266,21.0373],[105.827,21.0322],[105.8301,21.0321],[105.8361,21.0304],[105.8416,21.0289],[105.8427,21.0291],[105.8449,21.0384],[105.8456,21.0398],[105.85,21.0409]]]},"properties":{"ma_xa":"00004","ten_xa":"Ba Đình","sap_nhap":"Quán Thánh, Trúc Bạch, Cửa Nam (1 phần), Điện Biên (1 phần), Đội Cấn (1 phần), Kim Mã (1 phần), Ngọc Hà (1 phần), Thụy Khuê (1 phần), Cửa Đông (1 phần), Đồng Xuân (1 phần)","tru_so":"Số 2, phố Trúc Bạch, phường Ba Đình","loai":"Phường","cap":2,"stt":3,"dtich_km2":2.97,"dan_so":65023,"matdo_km2":21893.27,"ma_tinh":"01","ten_tinh":"Hà Nội"}},
{"type":"Feature","geometry":{"type":"Polygon","coordinates":[[[105.3816,21.0825],[105.3757,21.0856],[105.3772,21.0879],[105.3776,21.0914],[105.3793,21.0929],[105.3794,21.0959],[105.3778,21.0973],[105.3713,21.0935],[105.3711,21.0966],[105.3743,21.0984],[105.3759,21.1044],[105.3715,21.1072],[105.3731,21.1109],[105.3642,21.1091],[105.3625,21.1075],[105.359,21.1008],[105.3554,21.0971],[105.3537,21.0984],[105.3465,21.1013],[105.3423,21.11],[105.3379,21.1127],[105.3339,21.1123],[105.3297,21.1133],[105.3265,21.114],[105.3242,21.1114],[105.3201,21.1108],[105.32,21.1072],[105.3178,21.0954],[105.3151,21.0895],[105.3069,21.0803],[105.3038,21.0757],[105.2993,21.0667],[105.2975,21.0615],[105.2947,21.0567],[105.2935,21.0506],[105.297,21.0354],[105.3047,21.023],[105.3065,21.0213],[105.3144,21.0158],[105.3164,21.0136],[105.3217,21.0202],[105.3265,21.0215],[105.3274,21.0238],[105.3305,21.0229],[105.3287,21.0176],[105.3267,21.0164],[105.3271,21.012],[105.3258,21.0096],[105.3293,21.0081],[105.3339,21.0086],[105.3354,21.0117],[105.3389,21.0134],[105.3427,21.0127],[105.3478,21.0142],[105.3508,21.0093],[105.3534,21.0072],[105.358,21.0086],[105.361,21.0105],[105.366,21.0126],[105.3727,21.0138],[105.3769,21.016],[105.379,21.0192],[105.3875,21.0244],[105.3842,21.0284],[105.3808,21.03],[105.3788,21.0341],[105.3766,21.0352],[105.3816,21.0825]]]},"properties":{"ma_xa":"09700","ten_xa":"Ba Vì","sap_nhap":"Ba Vì, Khánh Thượng, Minh Quang (1 phần)","tru_so":"Thôn Lặt, xã Ba Vì","loai":"Xã","cap":2,"stt":85,"dtich_km2":81.27,"dan_so":26651,"matdo_km2":327.93,"ma_tinh":"01","ten_tinh":"Hà Nội"}},
{"type":"Feature","geometry":{"type":"Polygon","coordinates":[[[105.8607,21.009],[105.8558,21.0091],[105.8415,21.0077],[105.8413,20.9978],[105.8469,20.9964],[105.8585,20.9952],[105.8623,20.9963],[105.8607,21.009]]]},"properties":{"ma_xa":"00292","ten_xa":"Bạch Mai","sap_nhap":"Bạch Mai, Bách Khoa, Quỳnh Mai, Minh Khai (quận Hai Bà Trưng, 1 phần), Đồng Tâm (1 phần), Lê Đại Hành (1 phần), Phương Mai (1 phần), Trương Định (1 phần), Thanh Nhàn (1 phần)","tru_so":"Số 33 Đại Cồ Việt, phường Bạch Mai","loai":"Phường","cap":2,"stt":8,"dtich_km2":2.95,"dan_so":129571,"matdo_km2":43922.37,"ma_tinh":"01","ten_tinh":"Hà Nội"}},
{"type":"Feature","geometry":{"type":"Polygon","coordinates":[[[105.3745,21.1715],[105.3735,21.1736],[105.3727,21.1828],[105.3736,21.187],[105.3688,21.1915],[105.3692,21.1986],[105.3581,21.1997],[105.3536,21.201],[105.3518,21.2035],[105.3508,21.2069],[105.344,21.2074],[105.3375,21.2011],[105.3364,21.201],[105.3292,21.2041],[105.3254,21.2034],[105.3028,21.1907],[105.2943,21.1759],[105.292,21.172],[105.2896,21.1731],[105.2854,21.1719],[105.286,21.1612],[105.2884,21.1581],[105.2947,21.1478],[105.3035,21.1381],[105.3072,21.1344],[105.31,21.1289],[105.3133,21.1244],[105.3174,21.117],[105.3197,21.1136],[105.3201,21.1108],[105.3242,21.1114],[105.3265,21.114],[105.3297,21.1133],[105.3311,21.1174],[105.3305,21.1208],[105.3256,21.1247],[105.322,21.1265],[105.3184,21.1347],[105.322,21.1376],[105.3197,21.1391],[105.3192,21.1423],[105.3211,21.1427],[105.3324,21.1486],[105.3369,21.1463],[105.3361,21.1441],[105.338,21.1419],[105.3413,21.1415],[105.3461,21.1456],[105.3494,21.1409],[105.3519,21.1416],[105.3556,21.1397],[105.3565,21.1377],[105.3635,21.1379],[105.3634,21.1397],[105.3662,21.1409],[105.3678,21.1468],[105.3705,21.1503],[105.3707,21.1582],[105.3766,21.1666],[105.3745,21.1715]]]},"properties":{"ma_xa":"09676","ten_xa":"Bất Bạt","sap_nhap":"Thuần Mỹ, Tòng Bạt, Sơn Đà, Cẩm Lĩnh (1 phần), Minh Quang (1 phần)","tru_so":"Thôn Đan Thê, xã Bất Bạt","loai":"Xã","cap":2,"stt":83,"dtich_km2":56.43,"dan_so":40066,"matdo_km2":710.01,"ma_tinh":"01","ten_tinh":"Hà Nội"}},
{"type":"Feature","geometry":{"type":"Polygon","coordinates":[[[105.9531,20.9677],[105.951,20.9719],[105.9446,20.9825],[105.9405,20.9878],[105.918,21.0122],[105.9155,21.0091],[105.9018,20.9935],[105.9074,20.9896],[105.9087,20.986],[105.9075,20.9772],[105.9041,20.9701],[105.8997,20.963],[105.8903,20.9517],[105.8865,20.9452],[105.882,20.9395],[105.8805,20.9349],[105.8805,20.9318],[105.8835,20.9296],[105.8873,20.9287],[105.8973,20.9293],[105.9087,20.9269],[105.9148,20.9373],[105.9116,20.9388],[105.91,20.9422],[105.9031,20.9472],[105.9051,20.9508],[105.9065,20.958],[105.9086,20.9629],[105.9132,20.9708],[105.9148,20.9748],[105.9244,20.9746],[105.9302,20.9726],[105.9324,20.9736],[105.9363,20.9698],[105.9383,20.9701],[105.9398,20.9679],[105.9476,20.9693],[105.9502,20.9668],[105.9531,20.9677]]]},"properties":{"ma_xa":"00577","ten_xa":"Bát Tràng","sap_nhap":"Kim Đức, Cự Khối (1 phần), Thạch Bàn (1 phần), Trâu Quỳ (thị trấn, 1 phần), Đa Tốn (1 phần), Bát Tràng (1 phần)","tru_so":"Thôn Đào Xuyên, xã Bát Tràng","loai":"Xã","cap":2,"stt":111,"dtich_km2":20.67,"dan_so":48987,"matdo_km2":2369.96,"ma_tinh":"01","ten_tinh":"Hà Nội"}},
{"type":"Feature","geometry":{"type":"Polygon","coordinates":[[[105.7903,20.9172],[105.7895,20.9199],[105.7917,20.9219],[105.7908,20.9245],[105.7917,20.9271],[105.7981,20.9313],[105.7989,20.9337],[105.8015,20.9342],[105.7965,20.9393],[105.7931,20.9385],[105.7907,20.9392],[105.7862,20.938],[105.7859,20.9356],[105.7836,20.935],[105.7838,20.9279],[105.7787,20.9283],[105.7771,20.93],[105.7726,20.9265],[105.7743,20.9245],[105.771,20.9222],[105.7678,20.9256],[105.7665,20.9241],[105.7602,20.9285],[105.7596,20.9317],[105.7562,20.9317],[105.7559,20.9292],[105.7522,20.9306],[105.75,20.9289],[105.7508,20.9258],[105.7508,20.9208],[105.7487,20.9204],[105.7496,20.9165],[105.7421,20.9153],[105.7407,20.9124],[105.7362,20.9133],[105.7364,20.9119],[105.7322,20.909],[105.7297,20.9056],[105.7266,20.8997],[105.7231,20.8959],[105.7242,20.8931],[105.73,20.8938],[105.7342,20.8934],[105.736,20.8922],[105.7385,20.8884],[105.7393,20.8852],[105.7391,20.881],[105.7379,20.8757],[105.7392,20.8739],[105.7432,20.8748],[105.7455,20.8738],[105.7599,20.8748],[105.7675,20.8698],[105.7684,20.8743],[105.7719,20.8776],[105.7708,20.8792],[105.7729,20.8875],[105.7757,20.8914],[105.7807,20.8909],[105.7828,20.8931],[105.7852,20.8925],[105.7853,20.899],[105.7868,20.9096],[105.7883,20.915],[105.7903,20.9172]]]},"properties":{"ma_xa":"10126","ten_xa":"Bình Minh","sap_nhap":"Bích Hòa, Bình Minh, Cao Viên, Thanh Cao, Lam Điền (1 phần), Cự Khê (1 phần), Phú Lương (1 phần)","tru_so":"Số 01 đường Bích Hòa - Cao Viên, thôn Mùi, xã Bình Minh","loai":"Xã","cap":2,"stt":62,"dtich_km2":29.86,"dan_so":80066,"matdo_km2":2681.38,"ma_tinh":"01","ten_tinh":"Hà Nội"}},
{"type":"Feature","geometry":{"type":"Polygon","coordinates":[[[105.8781,21.0712],[105.8724,21.0679],[105.8658,21.0663],[105.8629,21.0671],[105.846,21.0798],[105.8416,21.0811],[105.8424,21.0774],[105.8517,21.0672],[105.8547,21.0625],[105.8614,21.0512],[105.8622,21.049],[105.8624,21.039],[105.8664,21.0242],[105.8669,21.0209],[105.8692,21.0223],[105.8814,21.033],[105.8857,21.0423],[105.8907,21.0518],[105.8881,21.0553],[105.8842,21.0586],[105.8827,21.061],[105.8804,21.0677],[105.8781,21.0712]]]},"properties":{"ma_xa":"00118","ten_xa":"Bồ Đề","sap_nhap":"Ngọc Lâm, Đức Giang (1 phần), Gia Thụy (1 phần), Thượng Thanh (1 phần), Phúc Đồng (1 phần), Ngọc Thụy (1 phần), Bồ Đề (1 phần), Long Biên (1 phần)","tru_so":"Số 270, đường Ngọc Thuỵ, phường Bồ Đề","loai":"Phường","cap":2,"stt":40,"dtich_km2":12.94,"dan_so":120028,"matdo_km2":9275.73,"ma_tinh":"01","ten_tinh":"Hà Nội"}},
{"type":"Feature","geometry":{"type":"Polygon","coordinates":[[[105.8013,21.0302],[105.7973,21.0339],[105.7976,21.039],[105.7948,21.0394],[105.7936,21.0377],[105.7905,21.0402],[105.7905,21.0416],[105.781,21.0418],[105.7806,21.0366],[105.7787,21.0254],[105.779,21.0223],[105.7822,21.0177],[105.7939,21.026],[105.7976,21.025],[105.8013,21.0302]]]},"properties":{"ma_xa":"00166","ten_xa":"Cầu Giấy","sap_nhap":"Dịch Vọng (1 phần), Dịch Vọng Hậu (1 phần), Quan Hoa (1 phần), Mỹ Đình 1 (1 phần), Mỹ Đình 2 (1 phần), Yên Hòa (1 phần)","tru_so":"Số 96 Trần Thái Tông, phường Cầu Giấy","loai":"Phường","cap":2,"stt":25,"dtich_km2":3.74,"dan_so":74516,"matdo_km2":19924.06,"ma_tinh":"01","ten_tinh":"Hà Nội"}},
{"type":"Feature","geometry":{"type":"Polygon","coordinates":[[[105.9338,20.8685],[105.9283,20.874],[105.925,20.8781],[105.9211,20.8707],[105.9185,20.8699],[105.9157,20.8656],[105.9119,20.8657],[105.9115,20.8671],[105.9032,20.8689],[105.9022,20.8683],[105.9008,20.8607],[105.8981,20.8603],[105.8956,20.8581],[105.8947,20.8516],[105.8898,20.8496],[105.8895,20.8458],[105.8906,20.8424],[105.8884,20.8407],[105.8846,20.8403],[105.8849,20.8367],[105.8841,20.8338],[105.8769,20.8313],[105.8678,20.8302],[105.8691,20.82],[105.8726,20.8201],[105.8736,20.8117],[105.8723,20.8095],[105.8732,20.8024],[105.873,20.7963],[105.88,20.7945],[105.8863,20.7977],[105.8844,20.8024],[105.914,20.8102],[105.9113,20.8192],[105.911,20.8266],[105.9129,20.8368],[105.9162,20.8416],[105.9231,20.8465],[105.9313,20.8502],[105.9336,20.8526],[105.9356,20.8562],[105.9361,20.8592],[105.9358,20.8651],[105.9338,20.8685]]]},"properties":{"ma_xa":"10237","ten_xa":"Chương Dương","sap_nhap":"Chương Dương, Lê Lợi, Thắng Lợi, Tự Nhiên, Tô Hiệu (1 phần), Vạn Nhất (1 phần)","tru_so":"Thôn Kỳ Dương, xã Chương Dương","loai":"Xã","cap":2,"stt":55,"dtich_km2":28.89,"dan_so":59973,"matdo_km2":2075.91,"ma_tinh":"01","ten_tinh":"Hà Nội"}},
{"type":"Feature","geometry":{"type":"Polygon","coordinates":[[[105.725,20.951],[105.7205,20.9537],[105.7179,20.9539],[105.715,20.9561],[105.7123,20.9552],[105.709,20.9577],[105.7073,20.9562],[105.7009,20.9573],[105.6989,20.9558],[105.6947,20.9551],[105.6935,20.9566],[105.6962,20.9641],[105.6924,20.9615],[105.6886,20.9623],[105.686,20.9609],[105.6865,20.9584],[105.6829,20.9578],[105.6833,20.9552],[105.6797,20.9545],[105.6787,20.9506],[105.6764,20.9514],[105.6632,20.9488],[105.6621,20.949],[105.6627,20.94],[105.6646,20.9401],[105.6648,20.9347],[105.6701,20.9349],[105.6731,20.9304],[105.6749,20.9288],[105.6754,20.9225],[105.6772,20.9228],[105.6764,20.9172],[105.6727,20.9136],[105.6758,20.9051],[105.6771,20.9005],[105.675,20.8995],[105.6751,20.8951],[105.6769,20.8929],[105.6807,20.8921],[105.6833,20.8879],[105.6875,20.8897],[105.6925,20.8904],[105.6967,20.8902],[105.6978,20.8871],[105.7004,20.8873],[105.7014,20.8854],[105.704,20.8855],[105.7008,20.8958],[105.7007,20.8985],[105.7183,20.8983],[105.7231,20.8959],[105.7266,20.8997],[105.7297,20.9056],[105.7322,20.909],[105.7364,20.9119],[105.7362,20.9133],[105.7324,20.9152],[105.73,20.9206],[105.7303,20.9275],[105.7283,20.9348],[105.7257,20.9407],[105.7238,20.9417],[105.7221,20.936],[105.7202,20.9347],[105.7154,20.9351],[105.7122,20.9377],[105.7119,20.9421],[105.7138,20.9446],[105.7221,20.9488],[105.725,20.951]]]},"properties":{"ma_xa":"10015","ten_xa":"Chương Mỹ","sap_nhap":"Biên Giang, Chúc Sơn (thị trấn), Đại Yên, Ngọc Hòa, Phụng Châu, Tiên Phương, Thuỵ Hương, Đồng Mai (1 phần)","tru_so":"Số 102, tổ dân phố Bắc Sơn, phường Chương Mỹ","loai":"Phường","cap":2,"stt":73,"dtich_km2":38.9,"dan_so":87913,"matdo_km2":2259.97,"ma_tinh":"01","ten_tinh":"Hà Nội"}},
{"type":"Feature","geometry":{"type":"Polygon","coordinates":[[[105.8754,20.759],[105.871,20.7625],[105.8667,20.7627],[105.8549,20.7578],[105.8496,20.7583],[105.8491,20.7543],[105.8531,20.748],[105.8488,20.7452],[105.8452,20.745],[105.844,20.7416],[105.8457,20.741],[105.8461,20.7369],[105.8506,20.7375],[105.8498,20.7327],[105.8545,20.7312],[105.8574,20.7249],[105.8547,20.7217],[105.8602,20.7188],[105.8602,20.7148],[105.8637,20.714],[105.8677,20.7099],[105.872,20.7092],[105.872,20.7056],[105.8875,20.6963],[105.8893,20.6919],[105.8854,20.6895],[105.8824,20.6851],[105.8834,20.6777],[105.8856,20.6791],[105.8862,20.6756],[105.8884,20.6761],[105.8939,20.6793],[105.8946,20.6759],[105.8976,20.6739],[105.9036,20.6711],[105.9054,20.6684],[105.9076,20.6687],[105.9174,20.6743],[105.919,20.6745],[105.9195,20.6752],[105.9185,20.6787],[105.9229,20.6863],[105.9207,20.6925],[105.919,20.6951],[105.9169,20.696],[105.911,20.6954],[105.9103,20.7054],[105.9108,20.7115],[105.9064,20.7104],[105.9042,20.7159],[105.9039,20.7188],[105.9035,20.722],[105.9008,20.7207],[105.8985,20.7223],[105.8972,20.7256],[105.8916,20.7254],[105.8935,20.7314],[105.8919,20.7317],[105.8865,20.7297],[105.8842,20.7278],[105.882,20.7299],[105.8871,20.7363],[105.8889,20.7418],[105.8833,20.7423],[105.8841,20.7456],[105.8825,20.7487],[105.8754,20.7554],[105.8754,20.759]]]},"properties":{"ma_xa":"10330","ten_xa":"Chuyên Mỹ","sap_nhap":"Tân Dân (huyện Phú Xuyên), Châu Can, Phú Yên, Vân Từ, Chuyên Mỹ","tru_so":"Thôn Chính Vân, xã Chuyên Mỹ","loai":"Xã","cap":2,"stt":59,"dtich_km2":35.54,"dan_so":44859,"matdo_km2":1262.21,"ma_tinh":"01","ten_tinh":"Hà Nội"}},
{"type":"Feature","geometry":{"type":"Polygon","coordinates":[[[105.4439,21.2649],[105.4432,21.2713],[105.4401,21.2803],[105.4352,21.2866],[105.4296,21.289],[105.4203,21.2954],[105.4159,21.2972],[105.4057,21.3],[105.392,21.3057],[105.3877,21.3035],[105.3752,21.2955],[105.3743,21.2922],[105.3622,21.2849],[105.357,21.2897],[105.3539,21.2799],[105.3524,21.2701],[105.3525,21.2606],[105.3541,21.252],[105.3534,21.2452],[105.3563,21.2452],[105.3609,21.244],[105.3707,21.2461],[105.3845,21.2368],[105.3879,21.2401],[105.3912,21.2403],[105.3953,21.2378],[105.4023,21.2414],[105.4118,21.2402],[105.415,21.2384],[105.4235,21.242],[105.4293,21.2435],[105.4316,21.2468],[105.4325,21.2504],[105.435,21.2523],[105.4373,21.2514],[105.4456,21.2518],[105.4444,21.2583],[105.4439,21.2649]]]},"properties":{"ma_xa":"09634","ten_xa":"Cổ Đô","sap_nhap":"Phú Cường (huyện Ba Vì), Cổ Đô, Phong Vân, Phú Hồng, Phú Đông, Vạn Thắng","tru_so":"Thôn Mai Trai, xã Cổ Đô","loai":"Xã","cap":2,"stt":82,"dtich_km2":53.25,"dan_so":70706,"matdo_km2":1327.81,"ma_tinh":"01","ten_tinh":"Hà Nội"}},
{"type":"Feature","geometry":{"type":"Polygon","coordinates":[[[105.8427,21.0291],[105.8416,21.0289],[105.8414,21.0206],[105.8541,21.0179],[105.8587,21.0191],[105.862,21.0185],[105.86,21.0253],[105.8569,21.0244],[105.8436,21.0282],[105.8427,21.0291]]]},"properties":{"ma_xa":"00082","ten_xa":"Cửa Nam","sap_nhap":"Hàng Bài, Phan Chu Trinh, Trần Hưng Đạo, Cửa Nam (1 phần), Nguyễn Du (1 phần), Phạm Đình Hổ (1 phần), Hàng Bông (1 phần), Hàng Trống (1 phần), Tràng Tiền (1 phần)","tru_so":"Số 29 Quang Trung, phường Cửa Nam","loai":"Phường","cap":2,"stt":2,"dtich_km2":1.68,"dan_so":52751,"matdo_km2":31399.4,"ma_tinh":"01","ten_tinh":"Hà Nội"}},
{"type":"Feature","geometry":{"type":"Polygon","coordinates":[[[105.9282,21.2952],[105.9243,21.294],[105.9191,21.2941],[105.9158,21.2965],[105.9177,21.3049],[105.9154,21.3054],[105.9112,21.3021],[105.9081,21.3015],[105.904,21.3023],[105.899,21.3057],[105.8969,21.3095],[105.8987,21.3174],[105.8978,21.3178],[105.8919,21.3155],[105.8855,21.3146],[105.8814,21.3124],[105.881,21.3048],[105.8796,21.303],[105.8809,21.3002],[105.881,21.2942],[105.885,21.2922],[105.8873,21.2886],[105.8849,21.2802],[105.8844,21.2759],[105.8823,21.276],[105.8811,21.2719],[105.8833,21.2681],[105.8855,21.259],[105.8843,21.2556],[105.8852,21.2522],[105.887,21.2497],[105.8868,21.246],[105.8813,21.2442],[105.8805,21.2413],[105.8732,21.2423],[105.8728,21.2391],[105.871,21.2393],[105.8693,21.2357],[105.864,21.2329],[105.862,21.2341],[105.8618,21.2283],[105.8661,21.2257],[105.8728,21.2242],[105.8725,21.2224],[105.8786,21.2193],[105.8831,21.2181],[105.8857,21.2188],[105.8825,21.2111],[105.8807,21.2104],[105.8811,21.2076],[105.8799,21.2032],[105.8823,21.2033],[105.8877,21.2057],[105.892,21.2029],[105.8905,21.2008],[105.8859,21.1983],[105.883,21.1906],[105.8827,21.1879],[105.8875,21.1902],[105.8884,21.1865],[105.8902,21.1847],[105.8964,21.1845],[105.8986,21.1827],[105.8964,21.177],[105.9017,21.1786],[105.9002,21.1819],[105.9055,21.1829],[105.9071,21.1925],[105.9065,21.1949],[105.9092,21.1999],[105.9123,21.2014],[105.9135,21.2036],[105.9101,21.2061],[105.9104,21.2076],[105.9157,21.2089],[105.9151,21.2174],[105.9121,21.2207],[105.9105,21.2245],[105.9061,21.2226],[105.9039,21.2234],[105.9044,21.2273],[105.9079,21.2317],[105.9157,21.232],[105.9172,21.2309],[105.9207,21.2321],[105.9209,21.2351],[105.9269,21.2383],[105.9304,21.2419],[105.9338,21.2428],[105.9335,21.2454],[105.9378,21.2435],[105.9391,21.2464],[105.9347,21.252],[105.9298,21.2606],[105.9232,21.2694],[105.9223,21.2742],[105.9226,21.2844],[105.9233,21.2878],[105.9255,21.2896],[105.9302,21.2913],[105.9314,21.2943],[105.9282,21.2952]]]},"properties":{"ma_xa":"00430","ten_xa":"Đa Phúc","sap_nhap":"Bắc Phú, Đức Hoà, Kim Lũ, Tân Hưng, Việt Long, Xuân Giang, Xuân Thu","tru_so":"Thôn Đức Hậu, xã Đa Phúc","loai":"Xã","cap":2,"stt":123,"dtich_km2":55.32,"dan_so":83649,"matdo_km2":1512.09,"ma_tinh":"01","ten_tinh":"Hà Nội"}},
{"type":"Feature","geometry":{"type":"Polygon","coordinates":[[[105.7923,21.0052],[105.7872,21.0024],[105.7828,21.0023],[105.7628,21.0065],[105.7619,21.0031],[105.7628,21.0007],[105.7628,20.9969],[105.7599,20.9919],[105.7526,20.9916],[105.7545,20.9849],[105.7615,20.9797],[105.7641,20.98],[105.7647,20.9828],[105.7679,20.9834],[105.7716,20.9858],[105.7759,20.9855],[105.7814,20.9885],[105.786,20.9857],[105.7909,20.9852],[105.7924,20.9837],[105.7988,20.9883],[105.7957,20.9915],[105.7902,20.9948],[105.7968,20.9996],[105.794,21.0031],[105.7923,21.0052]]]},"properties":{"ma_xa":"00637","ten_xa":"Đại Mỗ","sap_nhap":"Dương Nội (1 phần), Đại Mỗ (1 phần), Mộ Lao (1 phần), Mễ Trì (1 phần), Nhân Chính (1 phần), Trung Hòa (1 phần), Phú Đô (1 phần), Trung Văn (1 phần)","tru_so":"Số 76 đường Trung Văn, phường Đại Mỗ","loai":"Phường","cap":2,"stt":38,"dtich_km2":8.1,"dan_so":80462,"matdo_km2":9933.58,"ma_tinh":"01","ten_tinh":"Hà Nội"}},
{"type":"Feature","geometry":{"type":"Polygon","coordinates":[[[105.8212,20.9571],[105.8209,20.9555],[105.8169,20.9495],[105.8127,20.9534],[105.8136,20.9541],[105.8043,20.9591],[105.8021,20.957],[105.8001,20.9582],[105.7948,20.9547],[105.7948,20.9505],[105.7917,20.9422],[105.7907,20.9392],[105.7931,20.9385],[105.7965,20.9393],[105.8015,20.9342],[105.7989,20.9337],[105.7981,20.9313],[105.7917,20.9271],[105.7908,20.9245],[105.7917,20.9219],[105.7895,20.9199],[105.7903,20.9172],[105.7911,20.9154],[105.7946,20.9149],[105.795,20.9132],[105.8033,20.9123],[105.804,20.91],[105.8064,20.9099],[105.8063,20.9114],[105.8124,20.9187],[105.8144,20.9192],[105.8247,20.925],[105.828,20.9242],[105.8313,20.9256],[105.8343,20.9288],[105.8359,20.9291],[105.8361,20.9323],[105.8402,20.9383],[105.8424,20.9433],[105.8445,20.9451],[105.8441,20.9512],[105.8425,20.9532],[105.8397,20.9541],[105.8362,20.9524],[105.8322,20.9523],[105.8251,20.9566],[105.8212,20.9571]]]},"properties":{"ma_xa":"00664","ten_xa":"Đại Thanh","sap_nhap":"Tam Hiệp (huyện Thanh Trì, 1 phần), Hữu Hòa (1 phần), Kiến Hưng (1 phần), Văn Điển (thị trấn, 1 phần), Tả Thanh Oai (1 phần), Vĩnh Quỳnh (1 phần), ","tru_so":"Thôn Quỳnh Đô, xã Đại Thanh","loai":"Xã","cap":2,"stt":49,"dtich_km2":18.92,"dan_so":92557,"matdo_km2":4892.02,"ma_tinh":"01","ten_tinh":"Hà Nội"}},
{"type":"Feature","geometry":{"type":"Polygon","coordinates":[[[105.9669,20.7418],[105.9534,20.7433],[105.9526,20.7421],[105.9446,20.739],[105.9424,20.7375],[105.9448,20.7351],[105.945,20.7313],[105.9418,20.7314],[105.9402,20.7283],[105.9358,20.7299],[105.9358,20.7315],[105.9317,20.7315],[105.9318,20.7351],[105.9254,20.7351],[105.9215,20.7303],[105.917,20.7326],[105.9168,20.7302],[105.9143,20.7295],[105.9106,20.7308],[105.9073,20.7275],[105.9039,20.7188],[105.9042,20.7159],[105.9064,20.7104],[105.9108,20.7115],[105.9103,20.7054],[105.911,20.6954],[105.9169,20.696],[105.919,20.6951],[105.9207,20.6925],[105.9229,20.6863],[105.9185,20.6787],[105.9195,20.6752],[105.9321,20.6799],[105.938,20.6805],[105.9433,20.682],[105.9456,20.6796],[105.9469,20.6761],[105.9468,20.6686],[105.946,20.6661],[105.9434,20.6632],[105.9444,20.6564],[105.9466,20.6542],[105.9503,20.6528],[105.958,20.6508],[105.9569,20.656],[105.9578,20.6586],[105.9604,20.6613],[105.964,20.6637],[105.9691,20.6652],[105.9775,20.6658],[105.979,20.6717],[105.9785,20.6738],[105.9848,20.6805],[105.9886,20.6825],[105.9927,20.6814],[105.9923,20.6786],[105.9945,20.6772],[105.9975,20.6784],[105.9961,20.6814],[105.994,20.6832],[105.9918,20.6892],[105.998,20.6923],[105.9957,20.6974],[106.0023,20.7015],[106.0032,20.7036],[106.0017,20.7038],[105.9907,20.704],[105.9812,20.7],[105.9782,20.6994],[105.9733,20.7006],[105.9642,20.7249],[105.9681,20.7336],[105.9669,20.7418]]]},"properties":{"ma_xa":"10342","ten_xa":"Đại Xuyên","sap_nhap":"Bạch Hạ, Khai Thái, Minh Tân, Phúc Tiến, Quang Lãng, Tri Thủy, Đại Xuyên","tru_so":"Thôn Hòa Thượng, xã Đại Xuyên","loai":"Xã","cap":2,"stt":60,"dtich_km2":51.66,"dan_so":74906,"matdo_km2":1449.98,"ma_tinh":"01","ten_tinh":"Hà Nội"}},
{"type":"Feature","geometry":{"type":"Polygon","coordinates":[[[105.8263,20.8356],[105.8241,20.8372],[105.8218,20.8412],[105.8141,20.8396],[105.804,20.8407],[105.8002,20.8402],[105.7969,20.8396],[105.7958,20.8362],[105.7986,20.8315],[105.7963,20.8303],[105.7985,20.8283],[105.792,20.8237],[105.7874,20.8243],[105.7849,20.8295],[105.7835,20.8286],[105.7852,20.8252],[105.7801,20.8232],[105.7773,20.8233],[105.7736,20.8198],[105.7757,20.8138],[105.7754,20.8122],[105.769,20.8115],[105.7693,20.8131],[105.7621,20.8219],[105.7525,20.8207],[105.7529,20.8181],[105.755,20.815],[105.7545,20.8131],[105.7505,20.811],[105.7439,20.805],[105.7413,20.8056],[105.7348,20.809],[105.7384,20.8005],[105.7393,20.7969],[105.7384,20.7932],[105.7415,20.7918],[105.741,20.7899],[105.7448,20.7879],[105.7464,20.7902],[105.7512,20.7925],[105.7545,20.7913],[105.7573,20.7873],[105.7595,20.7901],[105.7635,20.7879],[105.7637,20.7853],[105.7669,20.7828],[105.7686,20.788],[105.7761,20.7878],[105.7769,20.7903],[105.7801,20.7888],[105.7823,20.7913],[105.7846,20.7917],[105.7909,20.7861],[105.7961,20.783],[105.8065,20.7801],[105.8112,20.7873],[105.8083,20.7923],[105.8099,20.7949],[105.8098,20.7986],[105.8138,20.8018],[105.8185,20.794],[105.8207,20.795],[105.8169,20.8046],[105.8252,20.8071],[105.8262,20.8055],[105.8315,20.806],[105.8332,20.8003],[105.8367,20.8002],[105.8367,20.8049],[105.8386,20.8049],[105.8395,20.8098],[105.8385,20.8114],[105.839,20.8157],[105.8366,20.8175],[105.8369,20.8237],[105.8302,20.8252],[105.8278,20.83],[105.8263,20.8356]]]},"properties":{"ma_xa":"10180","ten_xa":"Dân Hòa","sap_nhap":"Cao Xuân Dương, Hồng Dương, Liên Châu, Tân Ước, Dân Hòa","tru_so":"Số 45 khu trung tâm thôn Tảo Dương, xã Dân Hòa","loai":"Xã","cap":2,"stt":64,"dtich_km2":38.43,"dan_so":62755,"matdo_km2":1632.97,"ma_tinh":"01","ten_tinh":"Hà Nội"}},
{"type":"Feature","geometry":{"type":"Polygon","coordinates":[[[105.6867,21.0902],[105.6852,21.0943],[105.6875,21.0994],[105.6829,21.1031],[105.6852,21.1049],[105.6855,21.1098],[105.6808,21.1095],[105.6786,21.1122],[105.6784,21.1154],[105.6749,21.117],[105.6725,21.1194],[105.6736,21.1217],[105.6719,21.1231],[105.6678,21.1199],[105.6655,21.119],[105.6668,21.1142],[105.6643,21.11],[105.666,21.1076],[105.6729,21.1064],[105.6713,21.1001],[105.6689,21.1007],[105.6636,21.0998],[105.6602,21.0981],[105.6592,21.1025],[105.6556,21.1085],[105.6527,21.1066],[105.6485,21.1055],[105.6498,21.102],[105.6528,21.1],[105.6538,21.0972],[105.6512,21.0934],[105.647,21.0912],[105.6469,21.0889],[105.6448,21.0862],[105.6455,21.0826],[105.6451,21.076],[105.6467,21.07],[105.6509,21.0682],[105.6546,21.0695],[105.658,21.0718],[105.6602,21.0714],[105.6615,21.0685],[105.6638,21.0663],[105.6638,21.0705],[105.667,21.0724],[105.6702,21.0702],[105.673,21.0726],[105.6759,21.0737],[105.6759,21.0762],[105.6796,21.081],[105.6776,21.0815],[105.6772,21.0843],[105.6799,21.0846],[105.6867,21.0902]]]},"properties":{"ma_xa":"09784","ten_xa":"Đan Phượng","sap_nhap":"Phùng (thị trấn), Đồng Tháp, Song Phượng, Thượng Mỗ, Đan Phượng","tru_so":"Số 105, phố Tây Sơn, xã Đan Phượng","loai":"Xã","cap":2,"stt":106,"dtich_km2":15.3,"dan_so":47629,"matdo_km2":3113.01,"ma_tinh":"01","ten_tinh":"Hà Nội"}},
{"type":"Feature","geometry":{"type":"Polygon","coordinates":[[[105.8411,20.9837],[105.8323,20.9837],[105.8286,20.9849],[105.825,20.9886],[105.8193,20.9845],[105.8184,20.9806],[105.8157,20.9831],[105.8125,20.979],[105.8099,20.9825],[105.8066,20.9798],[105.8089,20.9769],[105.8071,20.9732],[105.8178,20.9671],[105.8217,20.9717],[105.8251,20.9715],[105.824,20.9684],[105.8264,20.9672],[105.8285,20.9692],[105.8348,20.9709],[105.8414,20.9703],[105.8409,20.9727],[105.8411,20.9836],[105.8411,20.9837]]]},"properties":{"ma_xa":"00316","ten_xa":"Định Công","sap_nhap":"Định Công (1 phần), Hoàng Liệt (1 phần), Thịnh Liệt (1 phần), Tân Triều (1 phần), Thanh Liệt (1 phần), Đại Kim (1 phần), Giáp Bát (1 phần)","tru_so":"Số 1 ngõ 282 đường Kim Giang, phường Định Công","loai":"Phường","cap":2,"stt":19,"dtich_km2":5.34,"dan_so":85502,"matdo_km2":16011.61,"ma_tinh":"01","ten_tinh":"Hà Nội"}},
{"type":"Feature","geometry":{"type":"Polygon","coordinates":[[[105.5006,21.0984],[105.4979,21.0977],[105.4963,21.0952],[105.4933,21.0955],[105.4908,21.0932],[105.4886,21.0934],[105.4876,21.0991],[105.4878,21.1019],[105.4839,21.1055],[105.4809,21.1046],[105.478,21.106],[105.4718,21.1025],[105.4703,21.1031],[105.4624,21.1026],[105.4534,21.1002],[105.4511,21.0975],[105.4465,21.0977],[105.4451,21.0951],[105.4407,21.0919],[105.439,21.087],[105.4397,21.0843],[105.4401,21.0777],[105.4416,21.0745],[105.4392,21.0698],[105.4423,21.0647],[105.4448,21.0625],[105.449,21.063],[105.4542,21.0666],[105.4596,21.0664],[105.4575,21.0605],[105.4584,21.055],[105.4596,21.0526],[105.4583,21.0512],[105.458,21.0404],[105.4568,21.0327],[105.465,21.0243],[105.4692,21.0218],[105.4704,21.0219],[105.4817,21.0336],[105.4875,21.0401],[105.4904,21.0426],[105.4992,21.0469],[105.5054,21.0483],[105.5118,21.0398],[105.5155,21.033],[105.5174,21.0358],[105.5203,21.0357],[105.5227,21.0371],[105.5255,21.0404],[105.5266,21.0433],[105.5295,21.0444],[105.5301,21.0492],[105.5344,21.0503],[105.5325,21.052],[105.5346,21.0551],[105.5344,21.0571],[105.534,21.0604],[105.5303,21.0622],[105.5295,21.0661],[105.5311,21.0692],[105.5357,21.0709],[105.5349,21.0746],[105.5327,21.0759],[105.5295,21.082],[105.5243,21.0834],[105.5231,21.0876],[105.5246,21.0894],[105.5223,21.0891],[105.5194,21.0905],[105.5144,21.0902],[105.5102,21.094],[105.5082,21.0975],[105.5056,21.0955],[105.5019,21.0952],[105.5006,21.0984]]]},"properties":{"ma_xa":"09616","ten_xa":"Đoài Phương","sap_nhap":"Kim Sơn, Sơn Đông, Cổ Đông (1 phần)","tru_so":"Thôn Phúc Lộc, xã Đoài Phương","loai":"Xã","cap":2,"stt":89,"dtich_km2":57.1,"dan_so":39828,"matdo_km2":697.51,"ma_tinh":"01","ten_tinh":"Hà Nội"}},
{"type":"Feature","geometry":{"type":"Polygon","coordinates":[[[105.9153,21.1188],[105.8987,21.1343],[105.8922,21.1377],[105.8772,21.1434],[105.8632,21.1489],[105.8562,21.1505],[105.8464,21.1542],[105.8463,21.1514],[105.8436,21.1332],[105.842,21.1323],[105.8321,21.1309],[105.8271,21.1308],[105.8271,21.1246],[105.8334,21.1244],[105.8386,21.1213],[105.8465,21.1121],[105.8502,21.1072],[105.8459,21.1045],[105.8467,21.0998],[105.8483,21.0962],[105.8486,21.0927],[105.8472,21.0879],[105.8413,21.0814],[105.8416,21.0811],[105.846,21.0798],[105.8629,21.0671],[105.8658,21.0663],[105.8724,21.0679],[105.8781,21.0712],[105.883,21.0747],[105.888,21.0773],[105.8931,21.0791],[105.8977,21.0798],[105.9026,21.0785],[105.9048,21.0829],[105.9048,21.0884],[105.8987,21.0965],[105.8963,21.0983],[105.8992,21.101],[105.9058,21.1144],[105.9089,21.1168],[105.9153,21.1188]]]},"properties":{"ma_xa":"00454","ten_xa":"Đông Anh","sap_nhap":"Cổ Loa, Đông Hội, Mai Lâm, Đông Anh (thị trấn, 1 phần), Tàm Xá (1 phần), Tiên Dương (1 phần), Vĩnh Ngọc (1 phần), Xuân Canh (1 phần), Liên Hà (huyện Đông Anh, 1 phần), Dục Tú (1 phần), Uy Nỗ (1 phần), Việt Hùng (1 phần)","tru_so":"Số 66, đường Cao Lỗ, xã Đông Anh","loai":"Xã","cap":2,"stt":114,"dtich_km2":48.68,"dan_so":118183,"matdo_km2":2427.75,"ma_tinh":"01","ten_tinh":"Hà Nội"}},
{"type":"Feature","geometry":{"type":"Polygon","coordinates":[[[105.8298,21.0182],[105.8258,21.0208],[105.8237,21.017],[105.8216,21.0166],[105.819,21.0139],[105.815,21.0165],[105.8107,21.0106],[105.8149,21.0077],[105.8181,21.0016],[105.8201,21.0031],[105.8221,21.005],[105.8268,21.0134],[105.8311,21.0114],[105.8342,21.0144],[105.8298,21.0182]]]},"properties":{"ma_xa":"00235","ten_xa":"Đống Đa","sap_nhap":"Thịnh Quang, Quang Trung (quận Đống Đa, 1 phần), Láng Hạ (1 phần), Nam Đồng (1 phần), Ô Chợ Dừa (1 phần), Trung Liệt (1 phần)","tru_so":"Số 59 phố Hoàng Cầu, phường Đống Đa","loai":"Phường","cap":2,"stt":9,"dtich_km2":2.07,"dan_so":81358,"matdo_km2":39303.38,"ma_tinh":"01","ten_tinh":"Hà Nội"}},
{"type":"Feature","geometry":{"type":"Polygon","coordinates":[[[105.7824,21.0561],[105.7851,21.0671],[105.7859,21.0754],[105.7879,21.0792],[105.7883,21.0824],[105.7857,21.0897],[105.7864,21.0976],[105.7723,21.0984],[105.7706,21.0901],[105.7717,21.0715],[105.7628,21.0716],[105.7613,21.0712],[105.761,21.0677],[105.7594,21.0656],[105.7561,21.0669],[105.7556,21.0651],[105.7612,21.0602],[105.7682,21.0574],[105.7727,21.0572],[105.7721,21.0542],[105.7822,21.0557],[105.7824,21.0561]]]},"properties":{"ma_xa":"00602","ten_xa":"Đông Ngạc","sap_nhap":"Đức Thắng, Cổ Nhuế 2 (1 phần), Thụy Phương (1 phần), Minh Khai (quận Bắc Từ Liêm, 1 phần), Đông Ngạc (1 phần), Xuân Đỉnh (1 phần)","tru_so":"Phố Văn Hội, tổ dân phố số 2 phường Đông Ngạc","loai":"Phường","cap":2,"stt":33,"dtich_km2":8.85,"dan_so":83544,"matdo_km2":9440,"ma_tinh":"01","ten_tinh":"Hà Nội"}},
{"type":"Feature","geometry":{"type":"Polygon","coordinates":[[[105.6759,21.0762],[105.6759,21.0737],[105.673,21.0726],[105.6702,21.0702],[105.667,21.0724],[105.6638,21.0705],[105.6638,21.0663],[105.6649,21.0625],[105.6621,21.0588],[105.6594,21.0586],[105.6557,21.0599],[105.6506,21.0636],[105.6475,21.0652],[105.6462,21.0634],[105.6483,21.0582],[105.6492,21.0539],[105.6499,21.0466],[105.6509,21.0442],[105.6545,21.0395],[105.6547,21.0373],[105.6653,21.0334],[105.6669,21.0306],[105.6688,21.0238],[105.6722,21.0218],[105.6746,21.0259],[105.678,21.024],[105.6796,21.0252],[105.6836,21.0313],[105.6854,21.032],[105.6956,21.03],[105.6926,21.035],[105.6927,21.0513],[105.6908,21.0567],[105.6889,21.0589],[105.685,21.0708],[105.6816,21.0704],[105.6759,21.0762]]]},"properties":{"ma_xa":"09856","ten_xa":"Dương Hòa","sap_nhap":"Cát Quế, Dương Liễu, Đắc Sở, Minh Khai, Yên Sở","tru_so":"Thôn 5, xã Dương Hòa","loai":"Xã","cap":2,"stt":103,"dtich_km2":17.41,"dan_so":58830,"matdo_km2":3379.09,"ma_tinh":"01","ten_tinh":"Hà Nội"}},
{"type":"Feature","geometry":{"type":"Polygon","coordinates":[[[105.7526,20.9916],[105.7464,20.9895],[105.7415,20.9949],[105.7357,20.9933],[105.733,20.9905],[105.7351,20.9863],[105.7378,20.9857],[105.7405,20.9745],[105.7386,20.973],[105.7392,20.9699],[105.7417,20.968],[105.7412,20.9645],[105.738,20.9632],[105.7455,20.9597],[105.7542,20.9541],[105.7547,20.9545],[105.7649,20.9624],[105.7536,20.9687],[105.7552,20.9709],[105.764,20.978],[105.7615,20.9797],[105.7545,20.9849],[105.7526,20.9916]]]},"properties":{"ma_xa":"09886","ten_xa":"Dương Nội","sap_nhap":"Dương Nội (1 phần), Phú La (1 phần), Yên Nghĩa (1 phần), La Phù (1 phần), Đại Mỗ (1 phần), La Khê (1 phần)","tru_so":"Lô HC01 - khu A khu đô thị mới Dương Nội, phường Dương Nội","loai":"Phường","cap":2,"stt":44,"dtich_km2":7.9,"dan_so":56091,"matdo_km2":7100.13,"ma_tinh":"01","ten_tinh":"Hà Nội"}},
{"type":"Feature","geometry":{"type":"Polygon","coordinates":[[[105.9775,20.9995],[105.9762,21.0016],[105.9729,21.0106],[105.97,21.016],[105.9662,21.0201],[105.9629,21.0185],[105.9609,21.0159],[105.9562,21.0181],[105.9501,21.0221],[105.9338,21.0342],[105.9292,21.0249],[105.9276,21.0221],[105.9221,21.0175],[105.918,21.0122],[105.9405,20.9878],[105.9446,20.9825],[105.951,20.9719],[105.9531,20.9677],[105.9568,20.9679],[105.9568,20.9661],[105.9602,20.9636],[105.964,20.9634],[105.9652,20.9679],[105.9647,20.9725],[105.9625,20.9735],[105.9613,20.9759],[105.963,20.9802],[105.9623,20.9823],[105.964,20.9845],[105.9616,20.9892],[105.9666,20.991],[105.9688,20.9887],[105.9722,20.9897],[105.9715,20.9945],[105.9775,20.9995]]]},"properties":{"ma_xa":"00565","ten_xa":"Gia Lâm","sap_nhap":"Dương Xá, Kiêu Kỵ, Trâu Quỳ (thị trấn, 1 phần), Thạch Bàn (1 phần), Phú Sơn (huyện Gia Lâm, 1 phần), Cổ Bi (1 phần), Đa Tốn (1 phần), Bát Tràng (1 phần)","tru_so":"Số 1, phố Thuận An, xã Gia Lâm","loai":"Xã","cap":2,"stt":109,"dtich_km2":25.72,"dan_so":90498,"matdo_km2":3518.58,"ma_tinh":"01","ten_tinh":"Hà Nội"}},
{"type":"Feature","geometry":{"type":"Polygon","coordinates":[[[105.827,21.0322],[105.8175,21.0306],[105.8132,21.0312],[105.814,21.0339],[105.8105,21.0347],[105.8063,21.0371],[105.8013,21.0302],[105.8092,21.0274],[105.8113,21.0251],[105.8081,21.0199],[105.815,21.0165],[105.8199,21.0234],[105.8296,21.0313],[105.8301,21.0321],[105.827,21.0322]]]},"properties":{"ma_xa":"00025","ten_xa":"Giảng Võ","sap_nhap":"Giảng Võ, Cát Linh (1 phần), Láng Hạ (1 phần), Ngọc Khánh (1 phần), Thành Công (1 phần), Cống Vị (1 phần), Kim Mã (1 phần)","tru_so":"Số 525, phố Kim Mã, phường Giảng Võ","loai":"Phường","cap":2,"stt":5,"dtich_km2":2.6,"dan_so":97034,"matdo_km2":37320.77,"ma_tinh":"01","ten_tinh":"Hà Nội"}},
{"type":"Feature","geometry":{"type":"Polygon","coordinates":[[[105.5866,21.0373],[105.583,21.036],[105.5791,21.036],[105.5769,21.0307],[105.5738,21.0318],[105.5734,21.0337],[105.5701,21.0334],[105.5643,21.0343],[105.5637,21.0365],[105.5648,21.0403],[105.5625,21.0427],[105.5636,21.0463],[105.5628,21.0493],[105.5642,21.0535],[105.5625,21.0587],[105.5604,21.0571],[105.5526,21.0564],[105.5448,21.0538],[105.5436,21.0518],[105.5407,21.0504],[105.5375,21.0522],[105.5362,21.0555],[105.5344,21.0571],[105.5346,21.0551],[105.5325,21.052],[105.5344,21.0503],[105.5301,21.0492],[105.5295,21.0444],[105.5266,21.0433],[105.5255,21.0404],[105.5227,21.0371],[105.5203,21.0357],[105.5174,21.0358],[105.5155,21.033],[105.5192,21.027],[105.5236,21.0264],[105.5262,21.0278],[105.5351,21.0303],[105.5366,21.0324],[105.5399,21.0343],[105.544,21.0337],[105.5455,21.0295],[105.5497,21.0232],[105.5495,21.0195],[105.5474,21.0151],[105.5511,21.0142],[105.553,21.0093],[105.5565,20.9935],[105.5551,20.9893],[105.555,20.9834],[105.5568,20.9816],[105.5622,20.9819],[105.5666,20.9786],[105.5685,20.9755],[105.5709,20.9761],[105.5724,20.9743],[105.5746,20.9751],[105.5764,20.9782],[105.5749,20.9824],[105.5772,20.982],[105.5812,20.9835],[105.5802,20.9859],[105.5807,20.9892],[105.5791,20.9914],[105.5805,20.9964],[105.581,21.0008],[105.5822,21.0028],[105.588,21.0044],[105.5913,21.004],[105.5933,21.0077],[105.5938,21.0119],[105.5959,21.0134],[105.5938,21.0174],[105.5948,21.0194],[105.5922,21.0223],[105.5879,21.0241],[105.5861,21.0237],[105.5835,21.0257],[105.583,21.0282],[105.5873,21.0326],[105.5852,21.0353],[105.5866,21.0373]]]},"properties":{"ma_xa":"09982","ten_xa":"Hạ Bằng","sap_nhap":"Cần Kiệm, Đồng Trúc, Bình Yên (1 phần), Hạ Bằng (1 phần), Tân Xã (1 phần), Phú Cát (1 phần)","tru_so":"Thôn Sen Trì, xã Hạ Bằng","loai":"Xã","cap":2,"stt":94,"dtich_km2":32.14,"dan_so":38721,"matdo_km2":1204.76,"ma_tinh":"01","ten_tinh":"Hà Nội"}},
{"type":"Feature","geometry":{"type":"Polygon","coordinates":[[[105.7924,20.9837],[105.7909,20.9852],[105.786,20.9857],[105.7814,20.9885],[105.7759,20.9855],[105.7716,20.9858],[105.7679,20.9834],[105.7647,20.9828],[105.7641,20.98],[105.7615,20.9797],[105.764,20.978],[105.7552,20.9709],[105.7536,20.9687],[105.7649,20.9624],[105.7692,20.9657],[105.7721,20.9624],[105.7722,20.9599],[105.777,20.9637],[105.7869,20.9615],[105.7908,20.9595],[105.7951,20.9598],[105.7968,20.9631],[105.7922,20.9695],[105.7949,20.9735],[105.7992,20.9752],[105.7924,20.9837]]]},"properties":{"ma_xa":"09556","ten_xa":"Hà Đông","sap_nhap":"Phúc La, Vạn Phúc, Quang Trung (quận Hà Đông, 1 phần), Đại Mỗ (1 phần), Hà Cầu (1 phần), La Khê (1 phần), Văn Quán (1 phần), Tân Triều (1 phần), Mộ Lao (1 phần)","tru_so":"Số 2, phố Hà Cầu, phường Hà Đông","loai":"Phường","cap":2,"stt":43,"dtich_km2":9,"dan_so":185205,"matdo_km2":20578.33,"ma_tinh":"01","ten_tinh":"Hà Nội"}},
{"type":"Feature","geometry":{"type":"Polygon","coordinates":[[[105.862,21.0185],[105.8587,21.0191],[105.8541,21.0179],[105.8414,21.0206],[105.8415,21.0077],[105.8558,21.0091],[105.8607,21.009],[105.866,21.0086],[105.8634,21.0127],[105.862,21.0185]]]},"properties":{"ma_xa":"00256","ten_xa":"Hai Bà Trưng","sap_nhap":"Đồng Nhân, Phố Huế, Bạch Đằng (1 phần), Lê Đại Hành (1 phần), Nguyễn Du (1 phần), Thanh Nhàn (1 phần), Phạm Đình Hổ (1 phần)","tru_so":"Số 30 Lê Đại Hành, phường Hai Bà Trưng","loai":"Phường","cap":2,"stt":6,"dtich_km2":2.65,"dan_so":87801,"matdo_km2":33132.45,"ma_tinh":"01","ten_tinh":"Hà Nội"}},
{"type":"Feature","geometry":{"type":"Polygon","coordinates":[[[105.647,21.0912],[105.6457,21.0941],[105.6398,21.0986],[105.6341,21.1006],[105.6364,21.107],[105.6385,21.1055],[105.6393,21.1096],[105.6374,21.1115],[105.6294,21.1141],[105.6247,21.1178],[105.6244,21.12],[105.6304,21.1245],[105.6286,21.129],[105.6233,21.1341],[105.6238,21.1368],[105.6217,21.1377],[105.6174,21.1374],[105.6141,21.1348],[105.6115,21.1354],[105.6059,21.1287],[105.6051,21.1201],[105.6063,21.1201],[105.6062,21.1148],[105.6049,21.1127],[105.6025,21.1175],[105.5988,21.1206],[105.5972,21.1207],[105.5963,21.1108],[105.5903,21.11],[105.5896,21.1067],[105.5929,21.1066],[105.594,21.0926],[105.5931,21.0923],[105.5936,21.0862],[105.5913,21.0847],[105.5923,21.0796],[105.5935,21.0778],[105.595,21.0746],[105.6012,21.0732],[105.6073,21.0705],[105.6093,21.0724],[105.6125,21.0698],[105.6193,21.0674],[105.6242,21.0649],[105.6286,21.0605],[105.632,21.0522],[105.6306,21.0515],[105.6348,21.0444],[105.6465,21.0438],[105.6483,21.0402],[105.6509,21.0442],[105.6499,21.0466],[105.6492,21.0539],[105.6483,21.0582],[105.6462,21.0634],[105.6475,21.0652],[105.6506,21.0636],[105.6557,21.0599],[105.6594,21.0586],[105.6621,21.0588],[105.6649,21.0625],[105.6638,21.0663],[105.6615,21.0685],[105.6602,21.0714],[105.658,21.0718],[105.6546,21.0695],[105.6509,21.0682],[105.6467,21.07],[105.6451,21.076],[105.6455,21.0826],[105.6448,21.0862],[105.6469,21.0889],[105.647,21.0912]]]},"properties":{"ma_xa":"09772","ten_xa":"Hát Môn","sap_nhap":"Tam Hiệp (huyện Phúc Thọ), Hiệp Thuận, Liên Hiệp, Ngọc Tảo, Tam Thuấn, Thanh Đa, Hát Môn","tru_so":"Thôn 1 - Tam Thuấn, xã Hát Môn","loai":"Xã","cap":2,"stt":92,"dtich_km2":37.67,"dan_so":72227,"matdo_km2":1917.36,"ma_tinh":"01","ten_tinh":"Hà Nội"}},
{"type":"Feature","geometry":{"type":"Polygon","coordinates":[[[105.5551,20.9893],[105.5565,20.9935],[105.553,21.0093],[105.5511,21.0142],[105.5474,21.0151],[105.5495,21.0195],[105.5497,21.0232],[105.5455,21.0295],[105.544,21.0337],[105.5399,21.0343],[105.5366,21.0324],[105.5351,21.0303],[105.5262,21.0278],[105.5236,21.0264],[105.5192,21.027],[105.5155,21.033],[105.5118,21.0398],[105.5054,21.0483],[105.4992,21.0469],[105.4904,21.0426],[105.4875,21.0401],[105.4817,21.0336],[105.4704,21.0219],[105.4692,21.0218],[105.4615,21.0129],[105.4657,21.0124],[105.468,21.0104],[105.4834,20.9989],[105.4905,20.9939],[105.4982,20.9905],[105.5076,20.9895],[105.5169,20.9902],[105.525,20.9901],[105.5272,20.9809],[105.5295,20.9782],[105.5306,20.9798],[105.5342,20.9779],[105.536,20.9796],[105.542,20.9782],[105.5487,20.984],[105.5515,20.9857],[105.5551,20.9893]]]},"properties":{"ma_xa":"09988","ten_xa":"Hòa Lạc","sap_nhap":"Tiến Xuân (1 phần), Thạch Hòa (1 phần), Cổ Đông (1 phần), Bình Yên (1 phần), Hạ Bằng (1 phần), Tân Xã (1 phần)","tru_so":"Thôn 1, Thạch Hòa, xã Hòa Lạc","loai":"Xã","cap":2,"stt":96,"dtich_km2":35.37,"dan_so":20815,"matdo_km2":588.49,"ma_tinh":"01","ten_tinh":"Hà Nội"}},
{"type":"Feature","geometry":{"type":"Polygon","coordinates":[[[105.7358,20.8449],[105.7331,20.8449],[105.7286,20.8515],[105.7271,20.8508],[105.7255,20.8545],[105.7199,20.8569],[105.7163,20.8593],[105.7116,20.8557],[105.7065,20.8476],[105.6975,20.8478],[105.6966,20.846],[105.694,20.8463],[105.6894,20.8437],[105.6857,20.8437],[105.6868,20.8418],[105.687,20.8372],[105.6898,20.8373],[105.6909,20.8312],[105.6855,20.8293],[105.685,20.8261],[105.6822,20.8271],[105.679,20.8256],[105.6773,20.827],[105.6742,20.8247],[105.6715,20.8243],[105.6703,20.8224],[105.667,20.8213],[105.6582,20.8166],[105.6599,20.8139],[105.6646,20.8146],[105.6672,20.8128],[105.6699,20.8162],[105.6718,20.8137],[105.6736,20.8146],[105.6845,20.8141],[105.6859,20.8128],[105.6936,20.8125],[105.6952,20.8157],[105.6969,20.8157],[105.6991,20.8192],[105.6967,20.8252],[105.6968,20.8282],[105.7062,20.8287],[105.7096,20.8298],[105.7106,20.8267],[105.7068,20.8246],[105.7072,20.8185],[105.7094,20.8151],[105.709,20.8093],[105.7161,20.8081],[105.7275,20.8074],[105.732,20.809],[105.7348,20.809],[105.7413,20.8056],[105.7439,20.805],[105.7505,20.811],[105.7545,20.8131],[105.755,20.815],[105.7529,20.8181],[105.7525,20.8207],[105.7534,20.825],[105.7552,20.8282],[105.7613,20.8342],[105.7614,20.8362],[105.7575,20.8369],[105.747,20.8372],[105.7404,20.8364],[105.7346,20.8394],[105.7339,20.8429],[105.7358,20.8449]]]},"properties":{"ma_xa":"10096","ten_xa":"Hòa Phú","sap_nhap":"Hòa Phú (huyện Chương Mỹ), Đồng Lạc, Hồng Phú, Thượng Vực, Văn Võ, Kim Thư (1 phần)","tru_so":"Thôn Hòa Xá, xã Hòa Phú","loai":"Xã","cap":2,"stt":77,"dtich_km2":29.87,"dan_so":49948,"matdo_km2":1672.18,"ma_tinh":"01","ten_tinh":"Hà Nội"}},
{"type":"Feature","geometry":{"type":"Polygon","coordinates":[[[105.7933,20.6967],[105.7909,20.7024],[105.7818,20.6989],[105.7803,20.7003],[105.7773,20.7066],[105.7751,20.7065],[105.7753,20.7168],[105.7744,20.7217],[105.7713,20.7208],[105.7692,20.7224],[105.7672,20.722],[105.763,20.7192],[105.7621,20.7161],[105.7631,20.7083],[105.7625,20.7049],[105.7591,20.7],[105.7552,20.6979],[105.7478,20.6971],[105.7445,20.6959],[105.7425,20.6938],[105.7427,20.691],[105.7455,20.6874],[105.7505,20.6835],[105.7614,20.6758],[105.7713,20.6696],[105.7772,20.6636],[105.7843,20.6572],[105.79,20.6489],[105.7952,20.6448],[105.7998,20.6433],[105.8025,20.6413],[105.8035,20.6353],[105.8018,20.6327],[105.7978,20.6294],[105.7924,20.6274],[105.7857,20.6274],[105.7798,20.6268],[105.7771,20.6248],[105.7776,20.6233],[105.7811,20.6214],[105.7849,20.6179],[105.7914,20.6158],[105.7964,20.612],[105.7997,20.6116],[105.8032,20.6126],[105.8058,20.6164],[105.8086,20.6181],[105.8128,20.6186],[105.8134,20.6237],[105.8114,20.6295],[105.8137,20.6334],[105.8188,20.6375],[105.8265,20.6415],[105.8324,20.6452],[105.8341,20.6482],[105.833,20.6499],[105.8278,20.652],[105.8253,20.6539],[105.8195,20.6608],[105.823,20.6645],[105.8287,20.6635],[105.8252,20.6658],[105.8257,20.667],[105.8226,20.6787],[105.8197,20.6795],[105.8149,20.6771],[105.8054,20.6704],[105.7994,20.6767],[105.8,20.6781],[105.7954,20.6851],[105.7909,20.69],[105.7918,20.6919],[105.7904,20.6948],[105.7933,20.6967]]]},"properties":{"ma_xa":"10417","ten_xa":"Hòa Xá","sap_nhap":"Hòa Phú, Thái Hòa (huyện Ứng Hòa), Bình Lưu Quang, Phù Lưu","tru_so":"Thôn Đặng Giang, xã Hòa Xá","loai":"Xã","cap":2,"stt":67,"dtich_km2":40.42,"dan_so":69428,"matdo_km2":1717.66,"ma_tinh":"01","ten_tinh":"Hà Nội"}},
{"type":"Feature","geometry":{"type":"Polygon","coordinates":[[[105.7243,21.0695],[105.7181,21.0727],[105.7096,21.075],[105.7077,21.0719],[105.7051,21.0713],[105.6985,21.0748],[105.7007,21.0782],[105.7014,21.0812],[105.698,21.0823],[105.6956,21.0862],[105.6883,21.0886],[105.6867,21.0902],[105.6799,21.0846],[105.6772,21.0843],[105.6776,21.0815],[105.6796,21.081],[105.6759,21.0762],[105.6816,21.0704],[105.685,21.0708],[105.6889,21.0589],[105.6908,21.0567],[105.6927,21.0513],[105.7005,21.0514],[105.7041,21.0506],[105.7048,21.0446],[105.7104,21.0354],[105.7123,21.0343],[105.7169,21.0335],[105.7201,21.0341],[105.723,21.0401],[105.7253,21.0403],[105.7272,21.045],[105.7297,21.0471],[105.7279,21.0483],[105.7286,21.0505],[105.7265,21.0526],[105.7296,21.0565],[105.7246,21.0597],[105.7243,21.0695]]]},"properties":{"ma_xa":"09832","ten_xa":"Hoài Đức","sap_nhap":"Trạm Trôi (thị trấn), Di Trạch, Đức Giang, Đức Thượng, Tây Tựu (1 phần), Tân Lập (1 phần), Kim Chung (huyện Hoài Đức, 1 phần)","tru_so":"Số 125 tỉnh lộ 422, xã Hoài Đức","loai":"Xã","cap":2,"stt":102,"dtich_km2":16.73,"dan_so":69239,"matdo_km2":4138.61,"ma_tinh":"01","ten_tinh":"Hà Nội"}},
{"type":"Feature","geometry":{"type":"Polygon","coordinates":[[[105.86,21.0253],[105.8549,21.0347],[105.85,21.0409],[105.8456,21.0398],[105.8449,21.0384],[105.8427,21.0291],[105.8436,21.0282],[105.8569,21.0244],[105.86,21.0253]]]},"properties":{"ma_xa":"00070","ten_xa":"Hoàn Kiếm","sap_nhap":"Hàng Bạc, Hàng Bồ, Hàng Buồm, Hàng Đào, Hàng Gai, Hàng Mã, Lý Thái Tổ, Cửa Đông (1 phần), Cửa Nam (1 phần), Điện Biên (1 phần), Đồng Xuân (1 phần), Hàng Bông (1 phần), Hàng Trống (1 phần), Tràng Tiền (1 phần)","tru_so":"Số 126 Hàng Trống, phường Hoàn Kiếm","loai":"Phường","cap":2,"stt":1,"dtich_km2":1.91,"dan_so":105301,"matdo_km2":55131.41,"ma_tinh":"01","ten_tinh":"Hà Nội"}},
{"type":"Feature","geometry":{"type":"Polygon","coordinates":[[[105.8414,20.9703],[105.8348,20.9709],[105.8285,20.9692],[105.8264,20.9672],[105.824,20.9684],[105.8181,20.963],[105.813,20.9601],[105.8175,20.9597],[105.8212,20.9571],[105.8251,20.9566],[105.8322,20.9523],[105.8362,20.9524],[105.8397,20.9541],[105.8425,20.9532],[105.8441,20.9512],[105.8421,20.9616],[105.8421,20.9658],[105.8414,20.9703]]]},"properties":{"ma_xa":"00337","ten_xa":"Hoàng Liệt","sap_nhap":"Hoàng Liệt (1 phần), Văn Điển (thị trấn, 1 phần), Tam Hiệp (huyện Thanh Trì, 1 phần), Thanh Liệt (1 phần), Đại Kim (1 phần)","tru_so":"Số 5, đường Linh Đường, phường Hoàng Liệt","loai":"Phường","cap":2,"stt":20,"dtich_km2":4.04,"dan_so":55820,"matdo_km2":13816.83,"ma_tinh":"01","ten_tinh":"Hà Nội"}},
{"type":"Feature","geometry":{"type":"Polygon","coordinates":[[[105.8754,20.9836],[105.8411,20.9836],[105.8409,20.9727],[105.8414,20.9703],[105.8421,20.9658],[105.85,20.9658],[105.8609,20.9641],[105.8717,20.9644],[105.8763,20.9663],[105.8822,20.9733],[105.8864,20.9762],[105.8893,20.9794],[105.8836,20.9805],[105.8754,20.9836]]]},"properties":{"ma_xa":"00331","ten_xa":"Hoàng Mai","sap_nhap":"Giáp Bát (1 phần), Hoàng Liệt (1 phần), Hoàng Văn Thụ (1 phần), Lĩnh Nam (1 phần), Tân Mai (1 phần), Thịnh Liệt (1 phần), Tương Mai (1 phần), Trần Phú (1 phần), Vĩnh Hưng (1 phần), Yên Sở (1 phần)","tru_so":"Số 8 ngõ 6 phố Bùi Huy Bích, phường Hoàng Mai","loai":"Phường","cap":2,"stt":16,"dtich_km2":9.04,"dan_so":98502,"matdo_km2":10896.24,"ma_tinh":"01","ten_tinh":"Hà Nội"}},
{"type":"Feature","geometry":{"type":"Polygon","coordinates":[[[105.8669,21.0209],[105.8664,21.0242],[105.8624,21.039],[105.8622,21.049],[105.8614,21.0512],[105.8547,21.0625],[105.8517,21.0672],[105.8424,21.0774],[105.8416,21.0811],[105.8413,21.0814],[105.8349,21.086],[105.8267,21.0911],[105.8211,21.0936],[105.8166,21.0845],[105.8205,21.0775],[105.8259,21.0724],[105.8263,21.0684],[105.8292,21.0649],[105.8314,21.0644],[105.8326,21.0614],[105.8378,21.0533],[105.8402,21.0506],[105.85,21.0409],[105.8549,21.0347],[105.86,21.0253],[105.862,21.0185],[105.8634,21.0127],[105.866,21.0086],[105.8716,21.0032],[105.874,21.0024],[105.8741,21.0024],[105.8777,21.006],[105.8731,21.0096],[105.8679,21.0181],[105.8669,21.0209]]]},"properties":{"ma_xa":"00097","ten_xa":"Hồng Hà","sap_nhap":"Chương Dương, Phúc Tân, Phúc Xá, Nhật Tân (1 phần), Phú Thượng (1 phần), Quảng An (1 phần), Thanh Lương (1 phần), Tứ Liên (1 phần), Yên Phụ (1 phần), Bồ Đề (1 phần), Ngọc Thụy (1 phần), Bạch Đằng (1 phần)","tru_so":"Số 30 phố Tứ Liên, phường Hồng Hà","loai":"Phường","cap":2,"stt":14,"dtich_km2":15.09,"dan_so":123282,"matdo_km2":8169.78,"ma_tinh":"01","ten_tinh":"Hà Nội"}},
{"type":"Feature","geometry":{"type":"Polygon","coordinates":[[[105.7188,20.7619],[105.7172,20.7631],[105.7141,20.7607],[105.7111,20.7637],[105.7058,20.7601],[105.7034,20.7637],[105.6903,20.7655],[105.6886,20.7578],[105.6837,20.7603],[105.683,20.7483],[105.6851,20.747],[105.6857,20.7444],[105.6822,20.7423],[105.6821,20.7393],[105.6798,20.7339],[105.6773,20.734],[105.6749,20.7326],[105.6694,20.7371],[105.6669,20.7347],[105.6654,20.7324],[105.663,20.7258],[105.6608,20.7237],[105.6653,20.7161],[105.6679,20.7159],[105.6683,20.7118],[105.6743,20.7049],[105.6818,20.6991],[105.6821,20.6958],[105.6808,20.6917],[105.6787,20.6906],[105.6799,20.6874],[105.6792,20.6841],[105.6772,20.6822],[105.6747,20.682],[105.6723,20.68],[105.6679,20.6801],[105.6698,20.6754],[105.6733,20.676],[105.6748,20.6747],[105.6742,20.6717],[105.6769,20.6715],[105.6804,20.6677],[105.6838,20.6682],[105.6907,20.6664],[105.6932,20.6725],[105.6999,20.6715],[105.6991,20.6739],[105.703,20.6744],[105.7024,20.6782],[105.7098,20.681],[105.7175,20.6853],[105.7195,20.6826],[105.721,20.6836],[105.7202,20.6869],[105.716,20.6925],[105.7201,20.6986],[105.7244,20.6959],[105.7325,20.705],[105.7359,20.7058],[105.7449,20.7115],[105.7463,20.711],[105.7543,20.7048],[105.757,20.7067],[105.7595,20.7068],[105.7625,20.7049],[105.7631,20.7083],[105.7621,20.7161],[105.763,20.7192],[105.7672,20.722],[105.7692,20.7224],[105.7709,20.7231],[105.7684,20.7272],[105.7617,20.7315],[105.7596,20.7313],[105.7554,20.7287],[105.7479,20.7282],[105.7415,20.7266],[105.7345,20.7219],[105.7316,20.722],[105.7306,20.7241],[105.7322,20.7257],[105.7334,20.7297],[105.7314,20.7363],[105.7291,20.7377],[105.7207,20.7399],[105.7085,20.7426],[105.7031,20.7431],[105.6974,20.7421],[105.6964,20.7464],[105.6975,20.751],[105.6985,20.7516],[105.7052,20.7516],[105.7095,20.7533],[105.7142,20.7568],[105.7188,20.7619]]]},"properties":{"ma_xa":"10465","ten_xa":"Hồng Sơn","sap_nhap":"Phùng Xá  (huyện Mỹ Đức), An Mỹ, Hợp Tiến, Lê Thanh, Xuy Xá, Hồng Sơn","tru_so":"Đường Hồng Sơn, thôn Hạ Sở, xã Hồng Sơn","loai":"Xã","cap":2,"stt":70,"dtich_km2":54.38,"dan_so":63130,"matdo_km2":1160.9,"ma_tinh":"01","ten_tinh":"Hà Nội"}},
{"type":"Feature","geometry":{"type":"Polygon","coordinates":[[[105.8996,20.9053],[105.8939,20.909],[105.8915,20.9059],[105.8877,20.906],[105.8874,20.9084],[105.878,20.9104],[105.8748,20.9121],[105.8738,20.9067],[105.8677,20.9091],[105.8649,20.9049],[105.8628,20.903],[105.8597,20.8976],[105.8576,20.8956],[105.8588,20.8923],[105.8635,20.8908],[105.867,20.8933],[105.8716,20.8924],[105.8711,20.8906],[105.8748,20.8898],[105.8743,20.8818],[105.8754,20.8818],[105.875,20.8727],[105.8757,20.8709],[105.8698,20.8717],[105.8664,20.8691],[105.8682,20.8671],[105.8678,20.8642],[105.8651,20.8624],[105.8656,20.8583],[105.8715,20.856],[105.8738,20.8518],[105.8736,20.8502],[105.8806,20.8502],[105.8815,20.8476],[105.8878,20.8505],[105.8898,20.8496],[105.8947,20.8516],[105.8956,20.8581],[105.8981,20.8603],[105.9008,20.8607],[105.9022,20.8683],[105.9032,20.8689],[105.9115,20.8671],[105.9119,20.8657],[105.9157,20.8656],[105.9185,20.8699],[105.9211,20.8707],[105.925,20.8781],[105.9185,20.8822],[105.9101,20.8861],[105.8986,20.8909],[105.8947,20.894],[105.8938,20.8989],[105.8962,20.9024],[105.8996,20.9053]]]},"properties":{"ma_xa":"10210","ten_xa":"Hồng Vân","sap_nhap":"Hà Hồi, Hồng Vân, Liên Phương, Vân Tảo, Duyên Thái (1 phần), Ninh Sở (1 phần), Đông Mỹ (1 phần)","tru_so":"Thôn Nỏ Bạn, xã Hồng Vân","loai":"Xã","cap":2,"stt":56,"dtich_km2":24.53,"dan_so":58685,"matdo_km2":2392.38,"ma_tinh":"01","ten_tinh":"Hà Nội"}},
{"type":"Feature","geometry":{"type":"Polygon","coordinates":[[[105.6651,20.9829],[105.6621,20.9819],[105.6618,20.9841],[105.659,20.9845],[105.6611,20.9881],[105.6587,20.9901],[105.6553,20.9894],[105.653,20.9904],[105.6483,20.9889],[105.6474,20.9861],[105.6447,20.985],[105.6408,20.9816],[105.6411,20.98],[105.637,20.9792],[105.6386,20.9749],[105.6381,20.9737],[105.6307,20.9707],[105.6307,20.9675],[105.6332,20.9656],[105.6321,20.9616],[105.6349,20.9591],[105.6338,20.9557],[105.636,20.9544],[105.6414,20.9555],[105.6461,20.951],[105.6519,20.9516],[105.6621,20.949],[105.6632,20.9488],[105.6764,20.9514],[105.6787,20.9506],[105.6797,20.9545],[105.6833,20.9552],[105.6829,20.9578],[105.6865,20.9584],[105.686,20.9609],[105.6886,20.9623],[105.6924,20.9615],[105.6962,20.9641],[105.6935,20.9566],[105.6947,20.9551],[105.6989,20.9558],[105.7009,20.9573],[105.7073,20.9562],[105.709,20.9577],[105.7123,20.9552],[105.715,20.9561],[105.7179,20.9539],[105.7205,20.9537],[105.725,20.951],[105.7251,20.9554],[105.7162,20.9623],[105.7133,20.9679],[105.7093,20.9727],[105.7038,20.9751],[105.6995,20.9779],[105.6957,20.9784],[105.6899,20.9746],[105.6869,20.9699],[105.6839,20.9703],[105.6873,20.9746],[105.685,20.9754],[105.682,20.9782],[105.6789,20.9829],[105.6746,20.9865],[105.6728,20.9844],[105.6679,20.982],[105.6651,20.9829]]]},"properties":{"ma_xa":"09931","ten_xa":"Hưng Đạo","sap_nhap":"Cộng Hoà, Đồng Quang, Hưng Đạo","tru_so":"Thôn Thị Ngoại, xã Hưng Đạo","loai":"Xã","cap":2,"stt":99,"dtich_km2":24.9,"dan_so":49357,"matdo_km2":1982.21,"ma_tinh":"01","ten_tinh":"Hà Nội"}},
{"type":"Feature","geometry":{"type":"Polygon","coordinates":[[[105.7772,20.6636],[105.771,20.6594],[105.7709,20.6553],[105.7666,20.652],[105.7624,20.6525],[105.7622,20.6503],[105.7573,20.6508],[105.7573,20.6472],[105.7539,20.6435],[105.7506,20.6484],[105.7523,20.6513],[105.7473,20.6571],[105.7502,20.6596],[105.7426,20.6677],[105.7403,20.6663],[105.7294,20.675],[105.7228,20.6707],[105.7258,20.6639],[105.7209,20.6599],[105.7166,20.6591],[105.715,20.6534],[105.7179,20.6528],[105.7173,20.6504],[105.7208,20.6441],[105.7214,20.641],[105.7238,20.6385],[105.7225,20.6362],[105.7255,20.6309],[105.7226,20.627],[105.723,20.6244],[105.722,20.6188],[105.7196,20.6139],[105.7172,20.6104],[105.7268,20.6055],[105.7269,20.6045],[105.7324,20.5998],[105.7372,20.5983],[105.7428,20.5991],[105.7451,20.5966],[105.7474,20.5916],[105.7524,20.5895],[105.7551,20.5846],[105.7573,20.5822],[105.763,20.5791],[105.7671,20.5717],[105.7687,20.5653],[105.7763,20.5647],[105.7787,20.5658],[105.7844,20.5665],[105.7902,20.5664],[105.7947,20.5676],[105.7965,20.5697],[105.7969,20.5742],[105.7987,20.5767],[105.7992,20.5806],[105.8014,20.5841],[105.8009,20.5893],[105.8031,20.5928],[105.8037,20.5988],[105.8066,20.5989],[105.8085,20.6022],[105.8113,20.6046],[105.8079,20.6061],[105.8057,20.6094],[105.8076,20.6127],[105.8127,20.6166],[105.8128,20.6186],[105.8086,20.6181],[105.8058,20.6164],[105.8032,20.6126],[105.7997,20.6116],[105.7964,20.612],[105.7914,20.6158],[105.7849,20.6179],[105.7811,20.6214],[105.7776,20.6233],[105.7771,20.6248],[105.7798,20.6268],[105.7857,20.6274],[105.7924,20.6274],[105.7978,20.6294],[105.8018,20.6327],[105.8035,20.6353],[105.8025,20.6413],[105.7998,20.6433],[105.7952,20.6448],[105.79,20.6489],[105.7843,20.6572],[105.7772,20.6636]]]},"properties":{"ma_xa":"10489","ten_xa":"Hương Sơn","sap_nhap":"An Tiến, Hùng Tiến, Vạn Tín, Hương Sơn","tru_so":"Số 89, xóm 11, thôn Đục Khê, xã Hương Sơn","loai":"Xã","cap":2,"stt":72,"dtich_km2":69.11,"dan_so":52634,"matdo_km2":761.6,"ma_tinh":"01","ten_tinh":"Hà Nội"}},
{"type":"Feature","geometry":{"type":"Polygon","coordinates":[[[105.8099,20.9825],[105.8125,20.979],[105.8157,20.9831],[105.8184,20.9806],[105.8193,20.9845],[105.825,20.9886],[105.8217,20.9929],[105.8223,20.9944],[105.8219,20.9995],[105.8229,21.0024],[105.8201,21.0031],[105.8181,21.0016],[105.8033,20.9915],[105.8099,20.9825]]]},"properties":{"ma_xa":"00364","ten_xa":"Khương Đình","sap_nhap":"Hạ Đình (1 phần), Khương Đình (1 phần), Khương Trung (1 phần), Đại Kim (1 phần), Tân Triều (1 phần), Thanh Xuân Trung (1 phần), Thượng Đình (1 phần)","tru_so":"Số 33 Khương Hạ, phường Khương Đình","loai":"Phường","cap":2,"stt":23,"dtich_km2":3.1,"dan_so":86286,"matdo_km2":27834.19,"ma_tinh":"01","ten_tinh":"Hà Nội"}},
{"type":"Feature","geometry":{"type":"Polygon","coordinates":[[[105.7968,20.9631],[105.7951,20.9598],[105.7908,20.9595],[105.7869,20.9615],[105.777,20.9637],[105.7722,20.9599],[105.7721,20.9624],[105.7692,20.9657],[105.7649,20.9624],[105.7547,20.9545],[105.7918,20.9425],[105.7917,20.9422],[105.7948,20.9505],[105.7948,20.9547],[105.8001,20.9582],[105.8021,20.957],[105.8043,20.9591],[105.7968,20.9631]]]},"properties":{"ma_xa":"09552","ten_xa":"Kiến Hưng","sap_nhap":"Kiến Hưng (1 phần), Phú Lương (1 phần), Quang Trung (quận Hà Đông, 1 phần), Hà Cầu (1 phần), Phú La (1 phần)","tru_so":"Lô C3, khu đô thị Văn Phú, phường Kiến Hưng","loai":"Phường","cap":2,"stt":47,"dtich_km2":6.65,"dan_so":70833,"matdo_km2":10651.58,"ma_tinh":"01","ten_tinh":"Hà Nội"}},
{"type":"Feature","geometry":{"type":"Polygon","coordinates":[[[105.5938,21.0119],[105.5933,21.0077],[105.5913,21.004],[105.588,21.0044],[105.5822,21.0028],[105.581,21.0008],[105.5805,20.9964],[105.5791,20.9914],[105.5807,20.9892],[105.5802,20.9859],[105.5812,20.9835],[105.5772,20.982],[105.5749,20.9824],[105.5764,20.9782],[105.5746,20.9751],[105.5749,20.9728],[105.5784,20.9698],[105.582,20.9701],[105.5814,20.9648],[105.5842,20.9644],[105.5849,20.9616],[105.587,20.9617],[105.5899,20.9567],[105.5925,20.9545],[105.5952,20.9538],[105.5955,20.9481],[105.5984,20.945],[105.6043,20.9458],[105.6067,20.9429],[105.6101,20.9437],[105.6151,20.9404],[105.6151,20.9352],[105.6182,20.9361],[105.6236,20.9379],[105.6232,20.9416],[105.6283,20.9475],[105.6328,20.95],[105.6338,20.9557],[105.6349,20.9591],[105.6321,20.9616],[105.6332,20.9656],[105.6307,20.9675],[105.6307,20.9707],[105.629,20.9732],[105.6326,20.9774],[105.6305,20.9797],[105.6323,20.9824],[105.6299,20.9862],[105.63,20.9911],[105.6317,20.9933],[105.63,20.9955],[105.6324,20.9969],[105.6293,21.0009],[105.6277,21.0018],[105.6144,21.0013],[105.6147,21.0036],[105.617,21.0045],[105.6152,21.007],[105.6051,21.0041],[105.601,21.0026],[105.5956,21.0088],[105.5938,21.0119]]]},"properties":{"ma_xa":"09910","ten_xa":"Kiều Phú","sap_nhap":"Cấn Hữu, Liệp Nghĩa, Tuyết Nghĩa, Ngọc Liệp (1 phần), Quang Trung (1 phần), Ngọc Mỹ (1 phần)","tru_so":"Thôn Phú Mỹ, xã Kiều Phú","loai":"Xã","cap":2,"stt":100,"dtich_km2":34.49,"dan_so":60885,"matdo_km2":1765.29,"ma_tinh":"01","ten_tinh":"Hà Nội"}},
{"type":"Feature","geometry":{"type":"Polygon","coordinates":[[[105.8031,21.2857],[105.8014,21.2855],[105.7981,21.2887],[105.7942,21.2954],[105.793,21.3008],[105.7889,21.303],[105.7885,21.3087],[105.789,21.3142],[105.7937,21.3175],[105.7943,21.3222],[105.7978,21.3242],[105.7975,21.3257],[105.7998,21.3288],[105.7971,21.3406],[105.7975,21.3447],[105.7936,21.3458],[105.7902,21.3487],[105.7886,21.3519],[105.7862,21.3539],[105.7863,21.3557],[105.783,21.3539],[105.7853,21.3481],[105.7853,21.3429],[105.7831,21.3429],[105.7797,21.339],[105.7763,21.3372],[105.7762,21.3358],[105.7726,21.3295],[105.7719,21.3254],[105.7705,21.3239],[105.7675,21.3181],[105.7626,21.314],[105.7602,21.3084],[105.7608,21.3067],[105.7565,21.3016],[105.7534,21.2955],[105.7489,21.2957],[105.7476,21.2943],[105.7431,21.2929],[105.741,21.2898],[105.738,21.2881],[105.7351,21.2843],[105.7357,21.2793],[105.7333,21.2793],[105.7328,21.2754],[105.7294,21.2759],[105.7278,21.2729],[105.7252,21.2721],[105.7293,21.2694],[105.7246,21.2661],[105.7238,21.2628],[105.7248,21.2573],[105.7241,21.2527],[105.7264,21.25],[105.7292,21.2488],[105.7266,21.2432],[105.7282,21.2408],[105.7343,21.2418],[105.7365,21.2393],[105.7376,21.2365],[105.7433,21.24],[105.7462,21.237],[105.748,21.2391],[105.7531,21.2366],[105.7623,21.2398],[105.7647,21.2377],[105.7658,21.2406],[105.7698,21.2416],[105.77,21.248],[105.7724,21.249],[105.7718,21.2511],[105.7778,21.2575],[105.7776,21.2591],[105.7838,21.2606],[105.7853,21.2622],[105.789,21.2606],[105.7936,21.2663],[105.7956,21.2656],[105.7998,21.2766],[105.8029,21.2794],[105.8031,21.2857]]]},"properties":{"ma_xa":"00382","ten_xa":"Kim Anh","sap_nhap":"Tân Dân (huyện Sóc Sơn), Minh Phú, Minh Trí","tru_so":"Thôn Thắng Trí, xã Kim Anh","loai":"Xã","cap":2,"stt":126,"dtich_km2":52.8,"dan_so":48564,"matdo_km2":919.77,"ma_tinh":"01","ten_tinh":"Hà Nội"}},
{"type":"Feature","geometry":{"type":"Polygon","coordinates":[[[105.8415,21.0077],[105.8385,21.0093],[105.8342,21.0144],[105.8311,21.0114],[105.8268,21.0134],[105.8221,21.005],[105.8201,21.0031],[105.8229,21.0024],[105.8333,20.9995],[105.8413,20.9978],[105.8415,21.0077]]]},"properties":{"ma_xa":"00229","ten_xa":"Kim Liên","sap_nhap":"Kim Liên, Khương Thượng, Nam Đồng (1 phần), Phương Liên - Trung Tự (1 phần), Trung Liệt (1 phần), Phương Mai (1 phần), Quang Trung (quận Đống Đa, 1 phần)","tru_so":"Số 2 ngõ 4B phố Đặng Văn Ngữ, phường Kim Liên","loai":"Phường","cap":2,"stt":10,"dtich_km2":2.46,"dan_so":109107,"matdo_km2":44352.44,"ma_tinh":"01","ten_tinh":"Hà Nội"}},
{"type":"Feature","geometry":{"type":"Polygon","coordinates":[[[105.815,21.0165],[105.8081,21.0199],[105.8113,21.0251],[105.8092,21.0274],[105.8013,21.0302],[105.7976,21.025],[105.8045,21.0154],[105.8107,21.0106],[105.815,21.0165]]]},"properties":{"ma_xa":"00199","ten_xa":"Láng","sap_nhap":"Láng Thượng, Láng Hạ (1 phần), Ngọc Khánh (1 phần)","tru_so":"Số 79A ngõ 25 Vũ Ngọc Phan, phường Láng","loai":"Phường","cap":2,"stt":12,"dtich_km2":1.88,"dan_so":61135,"matdo_km2":32518.62,"ma_tinh":"01","ten_tinh":"Hà Nội"}},
{"type":"Feature","geometry":{"type":"Polygon","coordinates":[[[105.6261,21.1714],[105.6259,21.169],[105.627,21.1616],[105.6277,21.1458],[105.6229,21.1415],[105.6256,21.1404],[105.6238,21.1368],[105.6233,21.1341],[105.6286,21.129],[105.6304,21.1245],[105.6244,21.12],[105.6247,21.1178],[105.6294,21.1141],[105.6374,21.1115],[105.6393,21.1096],[105.6385,21.1055],[105.6364,21.107],[105.6341,21.1006],[105.6398,21.0986],[105.6457,21.0941],[105.647,21.0912],[105.6512,21.0934],[105.6538,21.0972],[105.6528,21.1],[105.6498,21.102],[105.6485,21.1055],[105.6527,21.1066],[105.6556,21.1085],[105.6592,21.1025],[105.6602,21.0981],[105.6636,21.0998],[105.6689,21.1007],[105.6713,21.1001],[105.6729,21.1064],[105.666,21.1076],[105.6643,21.11],[105.6668,21.1142],[105.6655,21.119],[105.6678,21.1199],[105.6719,21.1231],[105.6765,21.126],[105.6735,21.1331],[105.667,21.1324],[105.662,21.1351],[105.6578,21.1394],[105.6416,21.1574],[105.6348,21.164],[105.6266,21.1711],[105.6261,21.1714]]]},"properties":{"ma_xa":"09787","ten_xa":"Liên Minh","sap_nhap":"Phương Đình, Trung Châu (1 phần), Thọ Xuân (1 phần), Thọ An (1 phần), Hồng Hà (1 phần), Tiến Thịnh (1 phần)","tru_so":"Số 121, đường Nam Sông Hồng, thôn 7, xã Liên Minh","loai":"Xã","cap":2,"stt":108,"dtich_km2":23.57,"dan_so":47769,"matdo_km2":2026.69,"ma_tinh":"01","ten_tinh":"Hà Nội"}},
{"type":"Feature","geometry":{"type":"Polygon","coordinates":[[[105.9018,20.9935],[105.8942,20.9989],[105.8858,21.0022],[105.8777,21.006],[105.8741,21.0024],[105.8795,21.0006],[105.8819,21.0013],[105.8921,20.9965],[105.8922,20.9921],[105.895,20.9859],[105.8893,20.9794],[105.8864,20.9762],[105.8822,20.9733],[105.8763,20.9663],[105.8745,20.9611],[105.8711,20.9566],[105.8793,20.9511],[105.8865,20.9452],[105.8903,20.9517],[105.8997,20.963],[105.9041,20.9701],[105.9075,20.9772],[105.9087,20.986],[105.9074,20.9896],[105.9018,20.9935]]]},"properties":{"ma_xa":"00328","ten_xa":"Lĩnh Nam","sap_nhap":"Lĩnh Nam (1 phần), Thanh Trì (1 phần), Trần Phú (1 phần), Yên Sở (1 phần), Thanh Lương (1 phần)","tru_so":"Số 669 đường Lĩnh Nam, phường Lĩnh Nam","loai":"Phường","cap":2,"stt":15,"dtich_km2":10.86,"dan_so":20706,"matdo_km2":1906.63,"ma_tinh":"01","ten_tinh":"Hà Nội"}},
{"type":"Feature","geometry":{"type":"Polygon","coordinates":[[[105.9018,20.9935],[105.9155,21.0091],[105.918,21.0122],[105.9221,21.0175],[105.9276,21.0221],[105.9292,21.0249],[105.9213,21.0279],[105.9138,21.0301],[105.8999,21.0367],[105.8947,21.0457],[105.8907,21.0518],[105.8857,21.0423],[105.8814,21.033],[105.8692,21.0223],[105.8669,21.0209],[105.8679,21.0181],[105.8731,21.0096],[105.8777,21.006],[105.8858,21.0022],[105.8942,20.9989],[105.9018,20.9935]]]},"properties":{"ma_xa":"00145","ten_xa":"Long Biên","sap_nhap":"Cự Khối (1 phần), Phúc Đồng (1 phần), Thạch Bàn (1 phần), Bát Tràng (1 phần), Long Biên (1 phần), Bồ Đề (1 phần), Gia Thụy (1 phần)","tru_so":"Số 199 đường Bát Khối, phường Long Biên","loai":"Phường","cap":2,"stt":39,"dtich_km2":19.04,"dan_so":62887,"matdo_km2":3302.89,"ma_tinh":"01","ten_tinh":"Hà Nội"}},
{"type":"Feature","geometry":{"type":"Polygon","coordinates":[[[105.7705,21.1693],[105.7331,21.1681],[105.73,21.1699],[105.7143,21.1843],[105.7114,21.1887],[105.7044,21.1807],[105.702,21.176],[105.7011,21.1709],[105.7015,21.1646],[105.6985,21.165],[105.6991,21.162],[105.6988,21.1538],[105.6971,21.1421],[105.7087,21.1428],[105.7128,21.1427],[105.7173,21.1404],[105.7187,21.1366],[105.7185,21.1264],[105.7194,21.1237],[105.7264,21.1136],[105.7373,21.1049],[105.7414,21.1079],[105.7354,21.1132],[105.7352,21.1159],[105.7321,21.1219],[105.7345,21.1215],[105.739,21.1286],[105.741,21.1288],[105.7421,21.1328],[105.7441,21.1344],[105.7598,21.1336],[105.7607,21.1358],[105.7656,21.1359],[105.7681,21.1379],[105.7725,21.146],[105.7707,21.1622],[105.7705,21.1693]]]},"properties":{"ma_xa":"09022","ten_xa":"Mê Linh","sap_nhap":"Tráng Việt, Tiền Phong (huyện Mê Linh, 1 phần), Văn Khê (1 phần), Mê Linh (1 phần), Đại Thịnh (1 phần), Hồng Hà (1 phần), Liên Hà (huyện Đan Phượng, 1 phần), Liên Hồng (1 phần), Liên Trung (1 phần), Đại Mạch (1 phần)","tru_so":"Thôn Tráng Việt, xã Mê Linh","loai":"Xã","cap":2,"stt":118,"dtich_km2":34.97,"dan_so":62197,"matdo_km2":1778.58,"ma_tinh":"01","ten_tinh":"Hà Nội"}},
{"type":"Feature","geometry":{"type":"Polygon","coordinates":[[[105.4585,21.2258],[105.4514,21.2376],[105.4448,21.2342],[105.4386,21.2242],[105.4389,21.2176],[105.439,21.2097],[105.4398,21.2081],[105.4526,21.1948],[105.4549,21.1935],[105.4612,21.1858],[105.4676,21.1817],[105.4663,21.201],[105.4645,21.2007],[105.4639,21.2064],[105.4614,21.2178],[105.4585,21.2258]]]},"properties":{"ma_xa":"09661","ten_xa":"Minh Châu","sap_nhap":"Minh Châu, Tây Đằng (thị trấn, 1 phần), Chu Minh (1 phần)","tru_so":"Thôn Chu Chàng, xã Minh Châu","loai":"Xã","cap":2,"stt":79,"dtich_km2":10.36,"dan_so":6646,"matdo_km2":641.51,"ma_tinh":"01","ten_tinh":"Hà Nội"}},
{"type":"Feature","geometry":{"type":"Polygon","coordinates":[[[105.7625,20.7049],[105.7595,20.7068],[105.757,20.7067],[105.7543,20.7048],[105.7463,20.711],[105.7449,20.7115],[105.7359,20.7058],[105.7325,20.705],[105.7244,20.6959],[105.7201,20.6986],[105.716,20.6925],[105.7202,20.6869],[105.721,20.6836],[105.7195,20.6826],[105.7175,20.6853],[105.7098,20.681],[105.7024,20.6782],[105.703,20.6744],[105.6991,20.6739],[105.6999,20.6715],[105.6932,20.6725],[105.6907,20.6664],[105.6838,20.6682],[105.6804,20.6677],[105.6769,20.6715],[105.6742,20.6717],[105.6748,20.6747],[105.6733,20.676],[105.6698,20.6754],[105.6735,20.6702],[105.6722,20.6679],[105.6752,20.6638],[105.6775,20.6658],[105.6816,20.6626],[105.6792,20.6612],[105.6786,20.6591],[105.6806,20.6562],[105.6796,20.6543],[105.6812,20.6518],[105.679,20.6476],[105.6808,20.642],[105.6868,20.6379],[105.6834,20.6355],[105.6845,20.6331],[105.6812,20.6296],[105.6784,20.6285],[105.6773,20.63],[105.6733,20.6291],[105.672,20.6322],[105.6691,20.6298],[105.6659,20.6303],[105.6638,20.6282],[105.667,20.6236],[105.6658,20.6193],[105.6664,20.617],[105.6695,20.6178],[105.6733,20.616],[105.6816,20.6179],[105.6832,20.6163],[105.6869,20.6159],[105.6881,20.619],[105.692,20.6221],[105.6965,20.6198],[105.6987,20.6223],[105.7009,20.6218],[105.7049,20.6142],[105.7036,20.611],[105.7051,20.6095],[105.7053,20.6057],[105.7037,20.6035],[105.7081,20.5987],[105.7098,20.5995],[105.7187,20.5971],[105.7216,20.5993],[105.7268,20.6055],[105.7172,20.6104],[105.7196,20.6139],[105.722,20.6188],[105.723,20.6244],[105.7226,20.627],[105.7255,20.6309],[105.7225,20.6362],[105.7238,20.6385],[105.7214,20.641],[105.7208,20.6441],[105.7173,20.6504],[105.7179,20.6528],[105.715,20.6534],[105.7166,20.6591],[105.7209,20.6599],[105.7258,20.6639],[105.7228,20.6707],[105.7294,20.675],[105.7403,20.6663],[105.7426,20.6677],[105.7502,20.6596],[105.7473,20.6571],[105.7523,20.6513],[105.7506,20.6484],[105.7539,20.6435],[105.7573,20.6472],[105.7573,20.6508],[105.7622,20.6503],[105.7624,20.6525],[105.7666,20.652],[105.7709,20.6553],[105.771,20.6594],[105.7772,20.6636],[105.7713,20.6696],[105.7614,20.6758],[105.7505,20.6835],[105.7455,20.6874],[105.7427,20.691],[105.7425,20.6938],[105.7445,20.6959],[105.7478,20.6971],[105.7552,20.6979],[105.7591,20.7],[105.7625,20.7049]]]},"properties":{"ma_xa":"10441","ten_xa":"Mỹ Đức","sap_nhap":"Đại Nghĩa (thị trấn), An Phú, Đại Hưng, Hợp Thanh, Phù Lưu Tế","tru_so":"Số 2 phố Đại Đồng, xã Mỹ Đức","loai":"Xã","cap":2,"stt":69,"dtich_km2":52.73,"dan_so":53640,"matdo_km2":1017.26,"ma_tinh":"01","ten_tinh":"Hà Nội"}},
{"type":"Feature","geometry":{"type":"Polygon","coordinates":[[[105.9087,20.9269],[105.8973,20.9293],[105.8873,20.9287],[105.8835,20.9296],[105.8805,20.9318],[105.8805,20.9349],[105.8668,20.934],[105.8591,20.9322],[105.8599,20.9221],[105.8599,20.9157],[105.8608,20.9091],[105.8628,20.903],[105.8649,20.9049],[105.8677,20.9091],[105.8738,20.9067],[105.8748,20.9121],[105.878,20.9104],[105.8874,20.9084],[105.8877,20.906],[105.8915,20.9059],[105.8939,20.909],[105.8996,20.9053],[105.9029,20.9081],[105.9119,20.914],[105.9138,20.9157],[105.9153,20.9194],[105.9146,20.9218],[105.9087,20.9269]]]},"properties":{"ma_xa":"00685","ten_xa":"Nam Phù","sap_nhap":"Vạn Phúc, Liên Ninh (1 phần), Ninh Sở (1 phần), Đông Mỹ (1 phần), Duyên Thái (1 phần), Ngũ Hiệp (1 phần), Yên Mỹ (1 phần), Duyên Hà (1 phần)","tru_so":"Thôn 2 Đông Mỹ, xã Nam Phù","loai":"Xã","cap":2,"stt":50,"dtich_km2":13.74,"dan_so":42772,"matdo_km2":3112.95,"ma_tinh":"01","ten_tinh":"Hà Nội"}},
{"type":"Feature","geometry":{"type":"Polygon","coordinates":[[[105.8044,21.0518],[105.79,21.0519],[105.79,21.0568],[105.7824,21.0561],[105.7822,21.0557],[105.781,21.0418],[105.7905,21.0416],[105.7905,21.0402],[105.7936,21.0377],[105.7948,21.0394],[105.7976,21.039],[105.7973,21.0339],[105.8013,21.0302],[105.8063,21.0371],[105.8061,21.0453],[105.805,21.0485],[105.8044,21.0518]]]},"properties":{"ma_xa":"00160","ten_xa":"Nghĩa Đô","sap_nhap":"Nghĩa Tân, Cổ Nhuế 1 (1 phần), Mai Dịch (1 phần), Nghĩa Đô (1 phần), Xuân La (1 phần), Xuân Tảo (1 phần), Dịch Vọng (1 phần), Dịch Vọng Hậu (1 phần), Quan Hoa (1 phần)","tru_so":"Số 45 phố Nghĩa Tân, phường Nghĩa Đô","loai":"Phường","cap":2,"stt":26,"dtich_km2":4.34,"dan_so":125568,"matdo_km2":28932.72,"ma_tinh":"01","ten_tinh":"Hà Nội"}},
{"type":"Feature","geometry":{"type":"Polygon","coordinates":[[[105.8274,21.0398],[105.8224,21.042],[105.8166,21.0422],[105.8115,21.0456],[105.805,21.0485],[105.8061,21.0453],[105.8063,21.0371],[105.8105,21.0347],[105.814,21.0339],[105.8132,21.0312],[105.8175,21.0306],[105.827,21.0322],[105.8266,21.0373],[105.8274,21.0398]]]},"properties":{"ma_xa":"00008","ten_xa":"Ngọc Hà","sap_nhap":"Vĩnh Phúc, Liễu Giai, Cống Vị (1 phần), Kim Mã (1 phần), Ngọc Khánh (1 phần), Nghĩa Đô (1 phần), Đội Cấn (1 phần), Ngọc Hà (1 phần)","tru_so":"Số 25, phố Liễu Giai, phường Ngọc Hà","loai":"Phường","cap":2,"stt":4,"dtich_km2":2.68,"dan_so":93536,"matdo_km2":34901.49,"ma_tinh":"01","ten_tinh":"Hà Nội"}},
{"type":"Feature","geometry":{"type":"Polygon","coordinates":[[[105.8599,20.9221],[105.8491,20.925],[105.8442,20.9232],[105.8361,20.928],[105.8359,20.9291],[105.8343,20.9288],[105.8313,20.9256],[105.828,20.9242],[105.8247,20.925],[105.8144,20.9192],[105.8124,20.9187],[105.8063,20.9114],[105.8064,20.9099],[105.8156,20.9027],[105.8234,20.9035],[105.8256,20.9029],[105.8264,20.898],[105.8288,20.8971],[105.8327,20.9032],[105.8347,20.9044],[105.8522,20.8986],[105.8553,20.8955],[105.8576,20.8956],[105.8597,20.8976],[105.8628,20.903],[105.8608,20.9091],[105.8599,20.9157],[105.8599,20.9221]]]},"properties":{"ma_xa":"00679","ten_xa":"Ngọc Hồi","sap_nhap":"Ngọc Hồi, Duyên Thái (1 phần), Đại Áng (1 phần), Khánh Hà (1 phần), Liên Ninh (1 phần)","tru_so":"Thôn Đại Áng, xã Ngọc Hồi","loai":"Xã","cap":2,"stt":51,"dtich_km2":13.35,"dan_so":43864,"matdo_km2":3285.69,"ma_tinh":"01","ten_tinh":"Hà Nội"}},
{"type":"Feature","geometry":{"type":"Polygon","coordinates":[[[105.8222,21.2876],[105.8194,21.2877],[105.8181,21.2846],[105.8123,21.28],[105.8097,21.2772],[105.8082,21.2838],[105.8031,21.2857],[105.8029,21.2794],[105.7998,21.2766],[105.7956,21.2656],[105.7936,21.2663],[105.789,21.2606],[105.7853,21.2622],[105.7838,21.2606],[105.7776,21.2591],[105.7778,21.2575],[105.7718,21.2511],[105.7724,21.249],[105.77,21.248],[105.7698,21.2416],[105.7658,21.2406],[105.7647,21.2377],[105.7623,21.2398],[105.7531,21.2366],[105.748,21.2391],[105.7462,21.237],[105.7433,21.24],[105.7376,21.2365],[105.7335,21.2358],[105.7345,21.233],[105.7378,21.2316],[105.7413,21.2317],[105.7472,21.2291],[105.7519,21.2268],[105.754,21.222],[105.7583,21.2229],[105.7592,21.2173],[105.7609,21.2145],[105.7631,21.2132],[105.7687,21.2142],[105.77,21.2122],[105.7698,21.2083],[105.7711,21.2055],[105.7779,21.2001],[105.7866,21.1977],[105.7887,21.1959],[105.7904,21.1907],[105.7953,21.1925],[105.7982,21.1905],[105.7997,21.1878],[105.803,21.1878],[105.8096,21.1911],[105.8143,21.1894],[105.8151,21.1865],[105.8139,21.1844],[105.819,21.1847],[105.8233,21.1871],[105.8283,21.1883],[105.8315,21.1881],[105.8348,21.1862],[105.8384,21.1893],[105.835,21.1929],[105.8339,21.198],[105.825,21.198],[105.8251,21.2012],[105.8224,21.2014],[105.8222,21.2081],[105.8171,21.2089],[105.8185,21.2133],[105.8247,21.2118],[105.8281,21.2159],[105.8226,21.2197],[105.8193,21.2212],[105.8117,21.2234],[105.8131,21.2275],[105.8083,21.2291],[105.8056,21.2342],[105.8143,21.2381],[105.8161,21.2413],[105.8157,21.2459],[105.8166,21.2475],[105.8202,21.2495],[105.8225,21.2491],[105.8259,21.2518],[105.8243,21.2609],[105.821,21.2629],[105.8201,21.2659],[105.8207,21.2685],[105.8228,21.2706],[105.8227,21.2765],[105.8219,21.2809],[105.8231,21.2851],[105.8222,21.2876]]]},"properties":{"ma_xa":"00433","ten_xa":"Nội Bài","sap_nhap":"Phú Cường (huyện Sóc Sơn), Hiền Ninh, Thanh Xuân, Mai Đình (1 phần), Phú Minh (1 phần), Quang Tiến (1 phần)","tru_so":"Thôn Thanh Nhàn, xã Nội Bài","loai":"Xã","cap":2,"stt":124,"dtich_km2":51.64,"dan_so":70469,"matdo_km2":1364.62,"ma_tinh":"01","ten_tinh":"Hà Nội"}},
{"type":"Feature","geometry":{"type":"Polygon","coordinates":[[[105.8298,21.0182],[105.8347,21.0286],[105.8361,21.0304],[105.8301,21.0321],[105.8296,21.0313],[105.8199,21.0234],[105.815,21.0165],[105.819,21.0139],[105.8216,21.0166],[105.8237,21.017],[105.8258,21.0208],[105.8298,21.0182]]]},"properties":{"ma_xa":"00190","ten_xa":"Ô Chợ Dừa","sap_nhap":"Cát Linh (1 phần), Điện Biên (1 phần), Thành Công (1 phần), Ô Chợ Dừa (1 phần), Trung Liệt (1 phần), Hàng Bột (1 phần), Văn Miếu - Quốc Tử Giám (1 phần)","tru_so":"Số 61 phố Hoàng Cầu, phường Ô Chợ Dừa","loai":"Phường","cap":2,"stt":13,"dtich_km2":1.83,"dan_so":71293,"matdo_km2":38957.92,"ma_tinh":"01","ten_tinh":"Hà Nội"}},
{"type":"Feature","geometry":{"type":"Polygon","coordinates":[[[105.7373,21.1049],[105.7264,21.1136],[105.7194,21.1237],[105.7185,21.1264],[105.7187,21.1366],[105.7173,21.1404],[105.7128,21.1427],[105.7087,21.1428],[105.6971,21.1421],[105.6896,21.1409],[105.6838,21.1393],[105.676,21.1339],[105.6735,21.1331],[105.6765,21.126],[105.6719,21.1231],[105.6736,21.1217],[105.6725,21.1194],[105.6749,21.117],[105.6784,21.1154],[105.6786,21.1122],[105.6808,21.1095],[105.6855,21.1098],[105.6852,21.1049],[105.6829,21.1031],[105.6875,21.0994],[105.6852,21.0943],[105.6867,21.0902],[105.6883,21.0886],[105.6956,21.0862],[105.698,21.0823],[105.7014,21.0812],[105.7007,21.0782],[105.6985,21.0748],[105.7051,21.0713],[105.7077,21.0719],[105.7096,21.075],[105.7181,21.0727],[105.7243,21.0695],[105.7241,21.0761],[105.7249,21.0781],[105.7285,21.0825],[105.7266,21.0851],[105.7261,21.0892],[105.7269,21.094],[105.7251,21.0966],[105.73,21.1009],[105.7334,21.1021],[105.7373,21.1049]]]},"properties":{"ma_xa":"09817","ten_xa":"Ô Diên","sap_nhap":"Hạ Mỗ, Tân Hội, Liên Hà (huyện Đan Phượng, 1 phần), Hồng Hà (1 phần), Liên Hồng (1 phần), Liên Trung (1 phần), Văn Khê (1 phần), Tây Tựu (1 phần), Tân Lập (1 phần)","tru_so":"Số 3, đường Phan Xích, xã Ô Diên","loai":"Xã","cap":2,"stt":107,"dtich_km2":32.06,"dan_so":97506,"matdo_km2":3041.36,"ma_tinh":"01","ten_tinh":"Hà Nội"}},
{"type":"Feature","geometry":{"type":"Polygon","coordinates":[[[105.5551,20.9893],[105.5515,20.9857],[105.5487,20.984],[105.542,20.9782],[105.536,20.9796],[105.5342,20.9779],[105.5306,20.9798],[105.5295,20.9782],[105.5264,20.9719],[105.5293,20.9679],[105.5301,20.9652],[105.5277,20.9605],[105.529,20.9572],[105.5291,20.9539],[105.5219,20.9503],[105.5198,20.9509],[105.516,20.9485],[105.5174,20.9441],[105.516,20.94],[105.5117,20.9347],[105.5038,20.9294],[105.506,20.9262],[105.5129,20.9222],[105.5222,20.9219],[105.5253,20.9189],[105.5328,20.9226],[105.5375,20.926],[105.5383,20.9278],[105.5415,20.925],[105.5459,20.9232],[105.5513,20.926],[105.5552,20.9271],[105.5606,20.925],[105.5663,20.9276],[105.5686,20.9273],[105.5758,20.9293],[105.58,20.9288],[105.5812,20.9236],[105.5845,20.9228],[105.5801,20.9178],[105.5794,20.9161],[105.5823,20.9135],[105.5831,20.9108],[105.5849,20.9101],[105.5881,20.9129],[105.5923,20.9125],[105.5978,20.9145],[105.5982,20.918],[105.6019,20.918],[105.6023,20.9224],[105.6057,20.9238],[105.609,20.9231],[105.6145,20.9254],[105.6152,20.9285],[105.6128,20.9309],[105.6148,20.9329],[105.6169,20.9302],[105.6189,20.9302],[105.6204,20.9325],[105.6182,20.9361],[105.6151,20.9352],[105.6151,20.9404],[105.6101,20.9437],[105.6067,20.9429],[105.6043,20.9458],[105.5984,20.945],[105.5955,20.9481],[105.5952,20.9538],[105.5925,20.9545],[105.5899,20.9567],[105.587,20.9617],[105.5849,20.9616],[105.5842,20.9644],[105.5814,20.9648],[105.582,20.9701],[105.5784,20.9698],[105.5749,20.9728],[105.5746,20.9751],[105.5724,20.9743],[105.5709,20.9761],[105.5685,20.9755],[105.5666,20.9786],[105.5622,20.9819],[105.5568,20.9816],[105.555,20.9834],[105.5551,20.9893]]]},"properties":{"ma_xa":"09952","ten_xa":"Phú Cát","sap_nhap":"Đông Yên, Hoà Thạch, Phú Mãn, Phú Cát (1 phần)","tru_so":"Thôn Đông Hạ, xã Phú Cát","loai":"Xã","cap":2,"stt":101,"dtich_km2":51.21,"dan_so":43339,"matdo_km2":846.3,"ma_tinh":"01","ten_tinh":"Hà Nội"}},
{"type":"Feature","geometry":{"type":"Polygon","coordinates":[[[105.7822,21.0557],[105.7721,21.0542],[105.7727,21.0572],[105.7682,21.0574],[105.7612,21.0602],[105.7487,21.0556],[105.7487,21.0522],[105.7455,21.05],[105.7453,21.0477],[105.7615,21.0417],[105.777,21.0368],[105.7806,21.0366],[105.781,21.0418],[105.7822,21.0557]]]},"properties":{"ma_xa":"00619","ten_xa":"Phú Diễn","sap_nhap":"Phú Diễn, Cổ Nhuế 1 (1 phần), Mai Dịch (1 phần), Phúc Diễn (1 phần)","tru_so":"Tổ dân phố số 18, phường Phú Diễn","loai":"Phường","cap":2,"stt":31,"dtich_km2":6.29,"dan_so":74603,"matdo_km2":11860.57,"ma_tinh":"01","ten_tinh":"Hà Nội"}},
{"type":"Feature","geometry":{"type":"Polygon","coordinates":[[[105.9349,21.1051],[105.9309,21.1088],[105.9302,21.112],[105.9248,21.1132],[105.9257,21.1148],[105.9215,21.1164],[105.9215,21.1186],[105.9156,21.119],[105.9153,21.1188],[105.9089,21.1168],[105.9058,21.1144],[105.8992,21.101],[105.8963,21.0983],[105.8987,21.0965],[105.9048,21.0884],[105.9048,21.0829],[105.9026,21.0785],[105.9121,21.0772],[105.9185,21.0758],[105.9229,21.0734],[105.9253,21.0712],[105.9283,21.0668],[105.9326,21.0574],[105.9365,21.0464],[105.9381,21.0401],[105.9485,21.0375],[105.9532,21.0391],[105.9645,21.0466],[105.9702,21.0486],[105.9722,21.0481],[105.9792,21.0444],[105.9848,21.0407],[105.9877,21.0395],[105.991,21.0396],[105.9939,21.045],[105.9942,21.0578],[105.9954,21.0627],[106.0016,21.0694],[105.9995,21.0744],[105.9937,21.0689],[105.985,21.0699],[105.9771,21.0702],[105.9683,21.0721],[105.9689,21.0737],[105.9621,21.0781],[105.96,21.0884],[105.958,21.0913],[105.9472,21.0857],[105.9403,21.0833],[105.9407,21.0892],[105.9382,21.0938],[105.9366,21.0931],[105.9345,21.0966],[105.9364,21.1017],[105.9343,21.103],[105.9349,21.1051]]]},"properties":{"ma_xa":"00541","ten_xa":"Phù Đổng","sap_nhap":"Yên Viên (thị trấn), Ninh Hiệp, Phù Đổng, Thiên Đức, Yên Thường, Yên Viên, Cổ Bi (1 phần), Đặng Xá (1 phần)","tru_so":"Thôn Thượng, xã Phù Đổng","loai":"Xã","cap":2,"stt":112,"dtich_km2":41.62,"dan_so":111484,"matdo_km2":2678.62,"ma_tinh":"01","ten_tinh":"Hà Nội"}},
{"type":"Feature","geometry":{"type":"Polygon","coordinates":[[[105.7917,20.9422],[105.7918,20.9425],[105.7547,20.9545],[105.7542,20.9541],[105.7503,20.9512],[105.7466,20.9456],[105.7453,20.9454],[105.7463,20.9399],[105.748,20.9396],[105.7493,20.935],[105.7513,20.9345],[105.75,20.9289],[105.7522,20.9306],[105.7559,20.9292],[105.7562,20.9317],[105.7596,20.9317],[105.7602,20.9285],[105.7665,20.9241],[105.7678,20.9256],[105.771,20.9222],[105.7743,20.9245],[105.7726,20.9265],[105.7771,20.93],[105.7787,20.9283],[105.7838,20.9279],[105.7836,20.935],[105.7859,20.9356],[105.7862,20.938],[105.7907,20.9392],[105.7917,20.9422]]]},"properties":{"ma_xa":"09568","ten_xa":"Phú Lương","sap_nhap":"Phú Lãm, Kiến Hưng (1 phần), Phú Lương (1 phần), Cự Khê (1 phần), Hữu Hòa (1 phần)","tru_so":"Tổ dân phố 4, phường Phú Lương","loai":"Phường","cap":2,"stt":46,"dtich_km2":9.4,"dan_so":52024,"matdo_km2":5534.47,"ma_tinh":"01","ten_tinh":"Hà Nội"}},
{"type":"Feature","geometry":{"type":"Polygon","coordinates":[[[105.6621,20.949],[105.6519,20.9516],[105.6461,20.951],[105.6414,20.9555],[105.636,20.9544],[105.6338,20.9557],[105.6328,20.95],[105.6283,20.9475],[105.6232,20.9416],[105.6236,20.9379],[105.6182,20.9361],[105.6204,20.9325],[105.6189,20.9302],[105.6169,20.9302],[105.6148,20.9329],[105.6128,20.9309],[105.6152,20.9285],[105.6145,20.9254],[105.609,20.9231],[105.6057,20.9238],[105.6023,20.9224],[105.6019,20.918],[105.5982,20.918],[105.5978,20.9145],[105.6021,20.9141],[105.6073,20.9086],[105.6121,20.9096],[105.614,20.9065],[105.6122,20.902],[105.6133,20.8982],[105.613,20.8951],[105.6102,20.8928],[105.6092,20.8878],[105.616,20.8895],[105.6186,20.8949],[105.6203,20.8954],[105.6224,20.8928],[105.627,20.8912],[105.6289,20.8893],[105.6321,20.893],[105.6356,20.8925],[105.6421,20.8888],[105.642,20.8819],[105.6487,20.8807],[105.6458,20.884],[105.6466,20.886],[105.6501,20.887],[105.6516,20.8903],[105.655,20.8916],[105.6584,20.8915],[105.6649,20.8935],[105.6663,20.896],[105.67,20.8955],[105.675,20.8995],[105.6771,20.9005],[105.6758,20.9051],[105.6727,20.9136],[105.6764,20.9172],[105.6772,20.9228],[105.6754,20.9225],[105.6749,20.9288],[105.6731,20.9304],[105.6701,20.9349],[105.6648,20.9347],[105.6646,20.9401],[105.6627,20.94],[105.6621,20.949]]]},"properties":{"ma_xa":"10030","ten_xa":"Phú Nghĩa","sap_nhap":"Đông Phương Yên, Đông Sơn, Thanh Bình, Trung Hòa, Trường Yên, Phú Nghĩa","tru_so":"Thôn Yên Kiện, xã Đông Phương Yên, huyện Chương Mỹ","loai":"Xã","cap":2,"stt":74,"dtich_km2":40.25,"dan_so":71048,"matdo_km2":1765.17,"ma_tinh":"01","ten_tinh":"Hà Nội"}},
{"type":"Feature","geometry":{"type":"Polygon","coordinates":[[[105.809,21.0704],[105.8119,21.0771],[105.8166,21.0845],[105.8211,21.0936],[105.8173,21.0945],[105.8044,21.0955],[105.7935,21.0974],[105.7885,21.0975],[105.7864,21.0976],[105.7857,21.0897],[105.7883,21.0824],[105.7879,21.0792],[105.7939,21.0762],[105.7944,21.0774],[105.7988,21.0757],[105.7983,21.0745],[105.809,21.0704]]]},"properties":{"ma_xa":"00091","ten_xa":"Phú Thượng","sap_nhap":"Đông Ngạc (1 phần), Xuân La (1 phần), Xuân Đỉnh (1 phần), Xuân Tảo (1 phần), Phú Thượng (1 phần)","tru_so":"Số 58 Phú Xá, phường Phú Thượng","loai":"Phường","cap":2,"stt":29,"dtich_km2":7.21,"dan_so":39322,"matdo_km2":5453.81,"ma_tinh":"01","ten_tinh":"Hà Nội"}},
{"type":"Feature","geometry":{"type":"Polygon","coordinates":[[[105.9571,20.78],[105.9524,20.7811],[105.9415,20.7826],[105.9312,20.7849],[105.9263,20.7871],[105.9225,20.791],[105.9184,20.7978],[105.914,20.8102],[105.8844,20.8024],[105.8863,20.7977],[105.88,20.7945],[105.873,20.7963],[105.8724,20.7958],[105.8685,20.7898],[105.8765,20.785],[105.8779,20.7859],[105.882,20.7816],[105.8841,20.7825],[105.8868,20.7811],[105.8897,20.7723],[105.8858,20.7712],[105.8813,20.7729],[105.8786,20.7673],[105.8754,20.759],[105.8754,20.7554],[105.8825,20.7487],[105.8841,20.7456],[105.8833,20.7423],[105.8889,20.7418],[105.8871,20.7363],[105.882,20.7299],[105.8842,20.7278],[105.8865,20.7297],[105.8919,20.7317],[105.8935,20.7314],[105.8916,20.7254],[105.8972,20.7256],[105.8985,20.7223],[105.9008,20.7207],[105.9035,20.722],[105.9039,20.7188],[105.9073,20.7275],[105.9106,20.7308],[105.9143,20.7295],[105.9168,20.7302],[105.917,20.7326],[105.9215,20.7303],[105.9254,20.7351],[105.9318,20.7351],[105.9317,20.7315],[105.9358,20.7315],[105.9358,20.7299],[105.9402,20.7283],[105.9418,20.7314],[105.945,20.7313],[105.9448,20.7351],[105.9424,20.7375],[105.9446,20.739],[105.9526,20.7421],[105.9534,20.7433],[105.9669,20.7418],[105.9671,20.7577],[105.9692,20.7687],[105.9673,20.7739],[105.9637,20.7775],[105.9571,20.78]]]},"properties":{"ma_xa":"10273","ten_xa":"Phú Xuyên","sap_nhap":"Phú Minh (thị trấn), Phú Xuyên (thị trấn), Hồng Thái, Minh Cường, Nam Phong, Nam Tiến, Quang Hà, Văn Tự, Tô Hiệu (1 phần), Vạn Nhất (1 phần)","tru_so":"Tiểu khu Thao Chính, xã Phú Xuyên","loai":"Xã","cap":2,"stt":57,"dtich_km2":60.02,"dan_so":96635,"matdo_km2":1610.05,"ma_tinh":"01","ten_tinh":"Hà Nội"}},
{"type":"Feature","geometry":{"type":"Polygon","coordinates":[[[105.6261,21.1714],[105.6243,21.1737],[105.6023,21.1695],[105.5911,21.1672],[105.5751,21.1643],[105.5749,21.1613],[105.5708,21.1604],[105.5539,21.1591],[105.5385,21.1562],[105.5283,21.1551],[105.5151,21.1566],[105.5153,21.1523],[105.5171,21.1521],[105.5156,21.1447],[105.5161,21.1401],[105.5208,21.1392],[105.5226,21.1352],[105.5246,21.1339],[105.5291,21.133],[105.5302,21.134],[105.5341,21.133],[105.535,21.1306],[105.5354,21.1255],[105.5385,21.123],[105.5479,21.1199],[105.5514,21.1199],[105.5544,21.1208],[105.5592,21.1209],[105.5616,21.1172],[105.563,21.1175],[105.5618,21.1216],[105.5674,21.1237],[105.5705,21.1256],[105.5734,21.1287],[105.575,21.1346],[105.5792,21.1383],[105.5818,21.1351],[105.5845,21.1346],[105.5869,21.1312],[105.5857,21.1286],[105.5881,21.1264],[105.5915,21.1338],[105.5964,21.1343],[105.5998,21.1321],[105.6068,21.1394],[105.6115,21.1354],[105.6141,21.1348],[105.6174,21.1374],[105.6217,21.1377],[105.6238,21.1368],[105.6256,21.1404],[105.6229,21.1415],[105.6277,21.1458],[105.627,21.1616],[105.6259,21.169],[105.6261,21.1714]]]},"properties":{"ma_xa":"09739","ten_xa":"Phúc Lộc","sap_nhap":"Nam Hà, Sen Phương, Vân Phúc, Võng Xuyên, Xuân Đình","tru_so":"Số 99 thôn Nam Võng, xã Phúc Lộc","loai":"Xã","cap":2,"stt":91,"dtich_km2":41.15,"dan_so":61457,"matdo_km2":1493.49,"ma_tinh":"01","ten_tinh":"Hà Nội"}},
{"type":"Feature","geometry":{"type":"Polygon","coordinates":[[[105.9326,21.0574],[105.9233,21.0529],[105.9202,21.0553],[105.9185,21.0581],[105.901,21.0493],[105.8947,21.0457],[105.8999,21.0367],[105.9138,21.0301],[105.9213,21.0279],[105.9292,21.0249],[105.9338,21.0342],[105.9381,21.0401],[105.9365,21.0464],[105.9326,21.0574]]]},"properties":{"ma_xa":"00136","ten_xa":"Phúc Lợi","sap_nhap":"Thạch Bàn (1 phần), Cổ Bi (1 phần), Giang Biên (1 phần), Việt Hưng (1 phần), Phúc Lợi (1 phần), Phúc Đồng (1 phần)","tru_so":"Tổ 6, phường Phúc Lợi","loai":"Phường","cap":2,"stt":42,"dtich_km2":10.41,"dan_so":66790,"matdo_km2":6415.95,"ma_tinh":"01","ten_tinh":"Hà Nội"}},
{"type":"Feature","geometry":{"type":"Polygon","coordinates":[[[105.709,20.8093],[105.7094,20.8151],[105.7072,20.8185],[105.7068,20.8246],[105.7106,20.8267],[105.7096,20.8298],[105.7062,20.8287],[105.6968,20.8282],[105.6967,20.8252],[105.6991,20.8192],[105.6969,20.8157],[105.6952,20.8157],[105.6936,20.8125],[105.6859,20.8128],[105.6845,20.8141],[105.6736,20.8146],[105.6718,20.8137],[105.6699,20.8162],[105.6672,20.8128],[105.6646,20.8146],[105.6599,20.8139],[105.6631,20.8081],[105.6595,20.808],[105.6538,20.8091],[105.6494,20.809],[105.6505,20.8024],[105.6505,20.7942],[105.6482,20.7922],[105.6484,20.7821],[105.6478,20.7763],[105.6492,20.7718],[105.6484,20.7692],[105.6493,20.7621],[105.6504,20.759],[105.6513,20.7537],[105.6538,20.7527],[105.6544,20.7476],[105.6575,20.7428],[105.6636,20.7363],[105.6669,20.7347],[105.6694,20.7371],[105.6749,20.7326],[105.6773,20.734],[105.6798,20.7339],[105.6821,20.7393],[105.6822,20.7423],[105.6857,20.7444],[105.6851,20.747],[105.683,20.7483],[105.6837,20.7603],[105.6886,20.7578],[105.6903,20.7655],[105.7034,20.7637],[105.7058,20.7601],[105.7111,20.7637],[105.7141,20.7607],[105.7172,20.7631],[105.7188,20.7619],[105.7231,20.7668],[105.7258,20.7718],[105.7257,20.7763],[105.7237,20.7788],[105.7178,20.7821],[105.7146,20.787],[105.7062,20.797],[105.7053,20.8001],[105.709,20.8093]]]},"properties":{"ma_xa":"10459","ten_xa":"Phúc Sơn","sap_nhap":"Mỹ Xuyên, Phúc Lâm, Thượng Lâm, Tuy Lai, Đồng Tâm (1 phần)","tru_so":"Khu trung tâm Mỹ Thành, xã Phúc Sơn","loai":"Xã","cap":2,"stt":71,"dtich_km2":49.31,"dan_so":54084,"matdo_km2":1096.82,"ma_tinh":"01","ten_tinh":"Hà Nội"}},
{"type":"Feature","geometry":{"type":"Polygon","coordinates":[[[105.8464,21.1542],[105.8466,21.1635],[105.8479,21.1631],[105.8554,21.188],[105.855,21.1929],[105.8476,21.1893],[105.8452,21.1888],[105.8411,21.1904],[105.8384,21.1893],[105.8348,21.1862],[105.8315,21.1881],[105.8283,21.1883],[105.8233,21.1871],[105.819,21.1847],[105.8139,21.1844],[105.8151,21.1865],[105.8143,21.1894],[105.8096,21.1911],[105.803,21.1878],[105.7997,21.1878],[105.7982,21.1905],[105.7953,21.1925],[105.7904,21.1907],[105.7883,21.1852],[105.7904,21.184],[105.7905,21.1802],[105.785,21.1795],[105.7837,21.1776],[105.7801,21.1775],[105.7754,21.179],[105.7719,21.1782],[105.7705,21.1693],[105.7707,21.1622],[105.7725,21.146],[105.7735,21.1476],[105.7777,21.1502],[105.7831,21.1523],[105.7926,21.1493],[105.7991,21.1545],[105.8026,21.1528],[105.8037,21.1493],[105.8061,21.1449],[105.8065,21.1413],[105.8053,21.14],[105.804,21.1355],[105.8084,21.1311],[105.8093,21.1279],[105.8077,21.1246],[105.8271,21.1246],[105.8271,21.1308],[105.8321,21.1309],[105.842,21.1323],[105.8436,21.1332],[105.8463,21.1514],[105.8464,21.1542]]]},"properties":{"ma_xa":"00466","ten_xa":"Phúc Thịnh","sap_nhap":"Bắc Hồng, Nam Hồng, Vân Nội, Vĩnh Ngọc (1 phần), Nguyên Khê (1 phần), Xuân Nộn (1 phần), Tiên Dương (1 phần), Đông Anh (thị trấn, 1 phần)","tru_so":"Thôn Cán Khê, xã Phúc Thịnh","loai":"Xã","cap":2,"stt":115,"dtich_km2":42.63,"dan_so":95951,"matdo_km2":2250.79,"ma_tinh":"01","ten_tinh":"Hà Nội"}},
{"type":"Feature","geometry":{"type":"Polygon","coordinates":[[[105.5935,21.0778],[105.5923,21.0796],[105.5913,21.0847],[105.5936,21.0862],[105.5931,21.0923],[105.594,21.0926],[105.5929,21.1066],[105.5896,21.1067],[105.5903,21.11],[105.5963,21.1108],[105.5972,21.1207],[105.5988,21.1206],[105.6025,21.1175],[105.6049,21.1127],[105.6062,21.1148],[105.6063,21.1201],[105.6051,21.1201],[105.6059,21.1287],[105.6115,21.1354],[105.6068,21.1394],[105.5998,21.1321],[105.5964,21.1343],[105.5915,21.1338],[105.5881,21.1264],[105.5857,21.1286],[105.5869,21.1312],[105.5845,21.1346],[105.5818,21.1351],[105.5792,21.1383],[105.575,21.1346],[105.5734,21.1287],[105.5705,21.1256],[105.5674,21.1237],[105.5618,21.1216],[105.563,21.1175],[105.5616,21.1172],[105.5592,21.1209],[105.5544,21.1208],[105.5514,21.1199],[105.5479,21.1199],[105.5385,21.123],[105.5354,21.1255],[105.535,21.1306],[105.5341,21.133],[105.5302,21.134],[105.5291,21.133],[105.5246,21.1339],[105.5226,21.1334],[105.516,21.1287],[105.5128,21.1277],[105.5104,21.1244],[105.5046,21.123],[105.5053,21.12],[105.5034,21.1178],[105.5007,21.1129],[105.503,21.107],[105.5056,21.1064],[105.5054,21.1017],[105.5028,21.0989],[105.5006,21.0984],[105.5019,21.0952],[105.5056,21.0955],[105.5082,21.0975],[105.5102,21.094],[105.5144,21.0902],[105.5194,21.0905],[105.5223,21.0891],[105.5246,21.0894],[105.5301,21.0907],[105.5395,21.0915],[105.5424,21.0953],[105.5494,21.094],[105.5498,21.097],[105.5548,21.0967],[105.5575,21.1019],[105.5632,21.1],[105.5723,21.1003],[105.5754,21.0996],[105.5755,21.0947],[105.5767,21.0928],[105.5754,21.0884],[105.5767,21.0862],[105.5749,21.0821],[105.5784,21.0791],[105.5815,21.0781],[105.5842,21.0751],[105.5874,21.0759],[105.5919,21.0767],[105.5935,21.0778]]]},"properties":{"ma_xa":"09715","ten_xa":"Phúc Thọ","sap_nhap":"Phúc Thọ (thị trấn), Long Thượng, Phúc Hòa, Phụng Thượng, Tích Lộc, Trạch Mỹ Lộc","tru_so":"Số 39 đường Lạc Trị, xã Phúc Thọ","loai":"Xã","cap":2,"stt":90,"dtich_km2":39.66,"dan_so":75425,"matdo_km2":1901.79,"ma_tinh":"01","ten_tinh":"Hà Nội"}},
{"type":"Feature","geometry":{"type":"Polygon","coordinates":[[[105.8332,20.8003],[105.8315,20.806],[105.8262,20.8055],[105.8252,20.8071],[105.8169,20.8046],[105.8207,20.795],[105.8185,20.794],[105.8138,20.8018],[105.8098,20.7986],[105.8099,20.7949],[105.8083,20.7923],[105.8112,20.7873],[105.8065,20.7801],[105.8044,20.7785],[105.8053,20.7754],[105.8034,20.775],[105.8036,20.7713],[105.7995,20.7708],[105.7981,20.7655],[105.7959,20.7614],[105.7921,20.7627],[105.7922,20.7587],[105.7937,20.7587],[105.7937,20.7504],[105.7946,20.7493],[105.7984,20.7492],[105.8033,20.7506],[105.8068,20.7464],[105.81,20.7443],[105.8111,20.7458],[105.8168,20.7409],[105.8202,20.7392],[105.8221,20.7414],[105.8255,20.7387],[105.8263,20.7369],[105.8319,20.7393],[105.836,20.7404],[105.8372,20.7397],[105.8429,20.7405],[105.844,20.7416],[105.8452,20.745],[105.8488,20.7452],[105.8531,20.748],[105.8491,20.7543],[105.8496,20.7583],[105.8549,20.7578],[105.8667,20.7627],[105.871,20.7625],[105.8754,20.759],[105.8786,20.7673],[105.8813,20.7729],[105.8858,20.7712],[105.8897,20.7723],[105.8868,20.7811],[105.8841,20.7825],[105.882,20.7816],[105.8779,20.7859],[105.8765,20.785],[105.8685,20.7898],[105.8724,20.7958],[105.8596,20.7998],[105.8576,20.7996],[105.8543,20.8014],[105.8518,20.8015],[105.845,20.797],[105.8381,20.7951],[105.8344,20.795],[105.8332,20.8003]]]},"properties":{"ma_xa":"10279","ten_xa":"Phượng Dực","sap_nhap":"Hoàng Long, Hồng Minh, Phú Túc, Văn Hoàng, Phượng Dực","tru_so":"Thôn Phượng Vũ, xã Phượng Dực","loai":"Xã","cap":2,"stt":58,"dtich_km2":44.69,"dan_so":60281,"matdo_km2":1348.87,"ma_tinh":"01","ten_tinh":"Hà Nội"}},
{"type":"Feature","geometry":{"type":"Polygon","coordinates":[[[105.825,20.9886],[105.8286,20.9849],[105.8323,20.9837],[105.8411,20.9837],[105.8413,20.9978],[105.8333,20.9995],[105.8229,21.0024],[105.8219,20.9995],[105.8223,20.9944],[105.8217,20.9929],[105.825,20.9886]]]},"properties":{"ma_xa":"00352","ten_xa":"Phương Liệt","sap_nhap":"Khương Mai, Thịnh Liệt (1 phần), Phương Liệt (1 phần), Định Công (1 phần), Khương Đình (1 phần), Khương Trung (1 phần)","tru_so":"Số 136 Nguyễn Ngọc Nại, phường Phương Liệt","loai":"Phường","cap":2,"stt":24,"dtich_km2":3.2,"dan_so":81977,"matdo_km2":25617.81,"ma_tinh":"01","ten_tinh":"Hà Nội"}},
{"type":"Feature","geometry":{"type":"Polygon","coordinates":[[[105.675,20.8995],[105.67,20.8955],[105.6663,20.896],[105.6649,20.8935],[105.6584,20.8915],[105.655,20.8916],[105.6516,20.8903],[105.6501,20.887],[105.6466,20.886],[105.6458,20.884],[105.6487,20.8807],[105.6498,20.8798],[105.6486,20.8765],[105.6502,20.875],[105.6535,20.879],[105.6607,20.8792],[105.6622,20.8759],[105.6658,20.8761],[105.6666,20.8739],[105.6639,20.873],[105.6651,20.8706],[105.6689,20.872],[105.6704,20.8696],[105.6738,20.8703],[105.6789,20.8638],[105.681,20.8574],[105.6849,20.8532],[105.6856,20.8504],[105.6846,20.847],[105.6857,20.8437],[105.6894,20.8437],[105.694,20.8463],[105.6966,20.846],[105.6975,20.8478],[105.7065,20.8476],[105.7116,20.8557],[105.7163,20.8593],[105.7199,20.8569],[105.7255,20.8545],[105.7271,20.8508],[105.7286,20.8515],[105.7331,20.8449],[105.7358,20.8449],[105.7406,20.8465],[105.7499,20.8466],[105.756,20.8486],[105.7564,20.8504],[105.7536,20.8544],[105.7418,20.8591],[105.7336,20.8652],[105.7306,20.8687],[105.7285,20.8728],[105.7285,20.8754],[105.7336,20.8731],[105.7355,20.8732],[105.7379,20.8757],[105.7391,20.881],[105.7393,20.8852],[105.7385,20.8884],[105.736,20.8922],[105.7342,20.8934],[105.73,20.8938],[105.7242,20.8931],[105.7231,20.8959],[105.7183,20.8983],[105.7007,20.8985],[105.7008,20.8958],[105.704,20.8855],[105.7014,20.8854],[105.7004,20.8873],[105.6978,20.8871],[105.6967,20.8902],[105.6925,20.8904],[105.6875,20.8897],[105.6833,20.8879],[105.6807,20.8921],[105.6769,20.8929],[105.6751,20.8951],[105.675,20.8995]]]},"properties":{"ma_xa":"10072","ten_xa":"Quảng Bị","sap_nhap":"Hoàng Diệu, Hợp Đồng, Quảng Bị, Tốt Động, Lam Điền (1 phần)","tru_so":"Thôn Thái Hòa, xã Quảng Bị","loai":"Xã","cap":2,"stt":78,"dtich_km2":37.14,"dan_so":62968,"matdo_km2":1695.42,"ma_tinh":"01","ten_tinh":"Hà Nội"}},
{"type":"Feature","geometry":{"type":"Polygon","coordinates":[[[105.7904,21.1907],[105.7887,21.1959],[105.7866,21.1977],[105.7779,21.2001],[105.7711,21.2055],[105.7698,21.2083],[105.77,21.2122],[105.7687,21.2142],[105.7631,21.2132],[105.7609,21.2145],[105.7592,21.2173],[105.7583,21.2229],[105.754,21.222],[105.7519,21.2268],[105.7472,21.2291],[105.7427,21.224],[105.7281,21.2045],[105.7126,21.1901],[105.7114,21.1887],[105.7143,21.1843],[105.73,21.1699],[105.7331,21.1681],[105.7705,21.1693],[105.7719,21.1782],[105.7754,21.179],[105.7801,21.1775],[105.7837,21.1776],[105.785,21.1795],[105.7905,21.1802],[105.7904,21.184],[105.7883,21.1852],[105.7904,21.1907]]]},"properties":{"ma_xa":"08974","ten_xa":"Quang Minh","sap_nhap":"Chi Đông (thị trấn), Quang Minh (thị trấn), Mê Linh (1 phần), Tiền Phong (huyện Mê Linh, 1 phần), Đại Thịnh (1 phần), Kim Hoa (1 phần), Thanh Lâm (1 phần)","tru_so":"Thôn Nội Đồng, xã Quang Minh","loai":"Xã","cap":2,"stt":121,"dtich_km2":32.17,"dan_so":69623,"matdo_km2":2164.22,"ma_tinh":"01","ten_tinh":"Hà Nội"}},
{"type":"Feature","geometry":{"type":"Polygon","coordinates":[[[105.4389,21.2176],[105.4295,21.2139],[105.4241,21.2158],[105.4183,21.2165],[105.419,21.213],[105.4191,21.2067],[105.4159,21.2069],[105.4137,21.2042],[105.4146,21.2023],[105.4121,21.1989],[105.4085,21.1957],[105.411,21.1912],[105.4064,21.1878],[105.4037,21.1867],[105.4015,21.1826],[105.4,21.1828],[105.3944,21.1799],[105.3918,21.1816],[105.391,21.1776],[105.383,21.177],[105.3807,21.1737],[105.3756,21.174],[105.3745,21.1715],[105.3766,21.1666],[105.3802,21.1659],[105.3829,21.1644],[105.3866,21.1579],[105.3942,21.1549],[105.3984,21.15],[105.4001,21.1466],[105.4031,21.1434],[105.4069,21.1429],[105.4091,21.1383],[105.413,21.1366],[105.4188,21.1405],[105.4227,21.1463],[105.4284,21.1496],[105.4305,21.1519],[105.4355,21.1512],[105.4409,21.1478],[105.4452,21.1481],[105.4457,21.1463],[105.4492,21.1467],[105.4483,21.144],[105.451,21.1434],[105.4536,21.1453],[105.4575,21.1464],[105.4576,21.1482],[105.4606,21.1508],[105.462,21.1563],[105.465,21.1622],[105.4672,21.1635],[105.4666,21.1661],[105.4688,21.1683],[105.4749,21.1717],[105.4677,21.178],[105.4676,21.1817],[105.4612,21.1858],[105.4549,21.1935],[105.4526,21.1948],[105.4398,21.2081],[105.439,21.2097],[105.4389,21.2176]]]},"properties":{"ma_xa":"09619","ten_xa":"Quảng Oai","sap_nhap":"Cam Thượng, Đông Quang, Tiên Phong, Thụy An (1 phần), Tây Đằng (thị trấn, 1 phần), Chu Minh (1 phần)","tru_so":"Số 252 đường Quảng Oai, xã Quảng Oai","loai":"Xã","cap":2,"stt":80,"dtich_km2":49.26,"dan_so":59001,"matdo_km2":1197.75,"ma_tinh":"01","ten_tinh":"Hà Nội"}},
{"type":"Feature","geometry":{"type":"Polygon","coordinates":[[[105.6509,21.0442],[105.6483,21.0402],[105.6465,21.0438],[105.6348,21.0444],[105.6344,21.0366],[105.6331,21.0351],[105.6306,21.027],[105.6341,21.0251],[105.6279,21.0176],[105.6331,21.0134],[105.6357,21.0153],[105.6396,21.0116],[105.6401,21.0029],[105.6294,21.0023],[105.6268,21.0062],[105.6236,21.007],[105.617,21.0045],[105.6147,21.0036],[105.6144,21.0013],[105.6277,21.0018],[105.6293,21.0009],[105.6324,20.9969],[105.63,20.9955],[105.6317,20.9933],[105.63,20.9911],[105.6299,20.9862],[105.6323,20.9824],[105.6305,20.9797],[105.6326,20.9774],[105.629,20.9732],[105.6307,20.9707],[105.6381,20.9737],[105.6386,20.9749],[105.637,20.9792],[105.6411,20.98],[105.6408,20.9816],[105.6447,20.985],[105.6474,20.9861],[105.6483,20.9889],[105.653,20.9904],[105.6553,20.9894],[105.6587,20.9901],[105.6611,20.9881],[105.659,20.9845],[105.6618,20.9841],[105.6621,20.9819],[105.6651,20.9829],[105.6674,20.9929],[105.667,20.9985],[105.664,21.0025],[105.6633,21.0064],[105.6655,21.0093],[105.6676,21.0101],[105.6757,21.0075],[105.6774,21.009],[105.6766,21.0149],[105.6772,21.0193],[105.6722,21.0218],[105.6688,21.0238],[105.6669,21.0306],[105.6653,21.0334],[105.6547,21.0373],[105.6545,21.0395],[105.6509,21.0442]]]},"properties":{"ma_xa":"09895","ten_xa":"Quốc Oai","sap_nhap":"Thạch Thán, Sài Sơn, Ngọc Mỹ (1 phần), Quốc Oai (thị trấn, 1 phần), Phượng Sơn (1 phần)","tru_so":"Số 10, đường 17/8, xã Quốc Oai","loai":"Xã","cap":2,"stt":98,"dtich_km2":24,"dan_so":63344,"matdo_km2":2639.33,"ma_tinh":"01","ten_tinh":"Hà Nội"}},
{"type":"Feature","geometry":{"type":"Polygon","coordinates":[[[105.881,21.2942],[105.8769,21.2929],[105.8728,21.2942],[105.8664,21.2928],[105.8651,21.2873],[105.8586,21.2883],[105.8553,21.2958],[105.8501,21.2985],[105.8471,21.2964],[105.8423,21.2953],[105.8395,21.2983],[105.8333,21.302],[105.8285,21.3002],[105.8275,21.2975],[105.8248,21.2945],[105.8238,21.2894],[105.8222,21.2876],[105.8231,21.2851],[105.8219,21.2809],[105.8227,21.2765],[105.8228,21.2706],[105.8207,21.2685],[105.8201,21.2659],[105.821,21.2629],[105.8243,21.2609],[105.8259,21.2518],[105.8225,21.2491],[105.8202,21.2495],[105.8166,21.2475],[105.8157,21.2459],[105.8161,21.2413],[105.8143,21.2381],[105.8056,21.2342],[105.8083,21.2291],[105.8131,21.2275],[105.8117,21.2234],[105.8193,21.2212],[105.8226,21.2197],[105.8281,21.2159],[105.8247,21.2118],[105.8185,21.2133],[105.8171,21.2089],[105.8222,21.2081],[105.8224,21.2014],[105.8251,21.2012],[105.825,21.198],[105.8339,21.198],[105.835,21.1929],[105.8384,21.1893],[105.8411,21.1904],[105.8452,21.1888],[105.8476,21.1893],[105.855,21.1929],[105.8593,21.1951],[105.8625,21.1995],[105.8666,21.2008],[105.8686,21.1974],[105.8719,21.1982],[105.8727,21.1996],[105.8714,21.2055],[105.8726,21.2069],[105.875,21.202],[105.8799,21.2032],[105.8811,21.2076],[105.8807,21.2104],[105.8825,21.2111],[105.8857,21.2188],[105.8831,21.2181],[105.8786,21.2193],[105.8725,21.2224],[105.8728,21.2242],[105.8661,21.2257],[105.8618,21.2283],[105.862,21.2341],[105.864,21.2329],[105.8693,21.2357],[105.871,21.2393],[105.8728,21.2391],[105.8732,21.2423],[105.8805,21.2413],[105.8813,21.2442],[105.8868,21.246],[105.887,21.2497],[105.8852,21.2522],[105.8843,21.2556],[105.8855,21.259],[105.8833,21.2681],[105.8811,21.2719],[105.8823,21.276],[105.8844,21.2759],[105.8849,21.2802],[105.8873,21.2886],[105.885,21.2922],[105.881,21.2942]]]},"properties":{"ma_xa":"00376","ten_xa":"Sóc Sơn","sap_nhap":"Sóc Sơn (thị trấn), Tân Minh, Đông Xuân (huyện Sóc Sơn), Phù Lỗ, Phù Linh, Tiên Dược, Mai Đình (1 phần), Phú Minh (1 phần), Quang Tiến (1 phần)","tru_so":"Số 1 đường Núi Đôi, xã Sóc Sơn","loai":"Xã","cap":2,"stt":122,"dtich_km2":68.24,"dan_so":117876,"matdo_km2":1727.37,"ma_tinh":"01","ten_tinh":"Hà Nội"}},
{"type":"Feature","geometry":{"type":"Polygon","coordinates":[[[105.7297,21.0471],[105.7272,21.045],[105.7253,21.0403],[105.723,21.0401],[105.7201,21.0341],[105.7169,21.0335],[105.7123,21.0343],[105.7104,21.0354],[105.7048,21.0446],[105.7041,21.0506],[105.7005,21.0514],[105.6927,21.0513],[105.6926,21.035],[105.6956,21.03],[105.6854,21.032],[105.6836,21.0313],[105.6796,21.0252],[105.678,21.024],[105.6746,21.0259],[105.6722,21.0218],[105.6772,21.0193],[105.6766,21.0149],[105.6774,21.009],[105.6757,21.0075],[105.6676,21.0101],[105.6655,21.0093],[105.6633,21.0064],[105.664,21.0025],[105.6886,21.0049],[105.6977,21.0066],[105.7137,21.0104],[105.7195,21.0108],[105.7305,21.0107],[105.7325,21.0106],[105.7341,21.0156],[105.7297,21.018],[105.7344,21.0225],[105.7349,21.0264],[105.7381,21.0275],[105.7375,21.0309],[105.739,21.0325],[105.7384,21.0366],[105.7349,21.0369],[105.7336,21.0433],[105.7325,21.0457],[105.7297,21.0471]]]},"properties":{"ma_xa":"09871","ten_xa":"Sơn Đồng","sap_nhap":"Lại Yên, Sơn Đồng, Tiền Yên, An Khánh (1 phần), Song Phương (1 phần), Vân Côn (1 phần), An Thượng (1 phần), Vân Canh (1 phần)","tru_so":"Số 6, đường Tiền Yên, thôn Tiền Lệ, xã Sơn Đồng","loai":"Xã","cap":2,"stt":104,"dtich_km2":21.57,"dan_so":63267,"matdo_km2":2933.1,"ma_tinh":"01","ten_tinh":"Hà Nội"}},
{"type":"Feature","geometry":{"type":"Polygon","coordinates":[[[105.5151,21.1566],[105.4956,21.1594],[105.4866,21.1629],[105.4749,21.1717],[105.4688,21.1683],[105.4666,21.1661],[105.4672,21.1635],[105.465,21.1622],[105.462,21.1563],[105.4606,21.1508],[105.4576,21.1482],[105.4575,21.1464],[105.4536,21.1453],[105.4575,21.1432],[105.4603,21.1379],[105.4712,21.1339],[105.4754,21.1319],[105.4805,21.1311],[105.4846,21.1323],[105.4911,21.124],[105.4917,21.1214],[105.4954,21.1163],[105.4953,21.1127],[105.4982,21.1134],[105.4978,21.1171],[105.5034,21.1178],[105.5053,21.12],[105.5046,21.123],[105.5104,21.1244],[105.5128,21.1277],[105.516,21.1287],[105.5226,21.1334],[105.5246,21.1339],[105.5226,21.1352],[105.5208,21.1392],[105.5161,21.1401],[105.5156,21.1447],[105.5171,21.1521],[105.5153,21.1523],[105.5151,21.1566]]]},"properties":{"ma_xa":"09574","ten_xa":"Sơn Tây","sap_nhap":"Ngô Quyền, Phú Thịnh, Viên Sơn, Đường Lâm, Trung Hưng (1 phần), Sơn Lộc (1 phần), Thanh Mỹ (1 phần)","tru_so":"Số 1 phố Phó Đức Chính, phường Sơn Tây","loai":"Phường","cap":2,"stt":87,"dtich_km2":23.08,"dan_so":71301,"matdo_km2":3089.3,"ma_tinh":"01","ten_tinh":"Hà Nội"}},
{"type":"Feature","geometry":{"type":"Polygon","coordinates":[[[105.413,21.1366],[105.4091,21.1383],[105.4069,21.1429],[105.4031,21.1434],[105.4001,21.1466],[105.3984,21.15],[105.3942,21.1549],[105.3866,21.1579],[105.3829,21.1644],[105.3802,21.1659],[105.3766,21.1666],[105.3707,21.1582],[105.3705,21.1503],[105.3678,21.1468],[105.3662,21.1409],[105.3634,21.1397],[105.3635,21.1379],[105.3565,21.1377],[105.3556,21.1397],[105.3519,21.1416],[105.3494,21.1409],[105.3461,21.1456],[105.3413,21.1415],[105.338,21.1419],[105.3361,21.1441],[105.3369,21.1463],[105.3324,21.1486],[105.3211,21.1427],[105.3192,21.1423],[105.3197,21.1391],[105.322,21.1376],[105.3184,21.1347],[105.322,21.1265],[105.3256,21.1247],[105.3305,21.1208],[105.3311,21.1174],[105.3297,21.1133],[105.3339,21.1123],[105.3379,21.1127],[105.3423,21.11],[105.3465,21.1013],[105.3537,21.0984],[105.3554,21.0971],[105.359,21.1008],[105.3625,21.1075],[105.3642,21.1091],[105.3731,21.1109],[105.3715,21.1072],[105.3759,21.1044],[105.3743,21.0984],[105.3711,21.0966],[105.3713,21.0935],[105.3778,21.0973],[105.3794,21.0959],[105.3793,21.0929],[105.3776,21.0914],[105.3772,21.0879],[105.3757,21.0856],[105.3816,21.0825],[105.3855,21.0858],[105.3916,21.0895],[105.3916,21.0916],[105.3959,21.0928],[105.3988,21.0924],[105.4047,21.0978],[105.4122,21.1024],[105.4189,21.1014],[105.4232,21.1045],[105.4257,21.104],[105.4263,21.1055],[105.4302,21.1066],[105.4294,21.1116],[105.4292,21.1178],[105.4311,21.1201],[105.426,21.1217],[105.426,21.1258],[105.4241,21.1309],[105.4159,21.1345],[105.413,21.1366]]]},"properties":{"ma_xa":"09694","ten_xa":"Suối Hai","sap_nhap":"Ba Trại, Tản Lĩnh, Thụy An (1 phần), Cẩm Lĩnh (1 phần)","tru_so":"Thôn Đức Thịnh, xã Suối Hai","loai":"Xã","cap":2,"stt":84,"dtich_km2":51.56,"dan_so":35201,"matdo_km2":682.72,"ma_tinh":"01","ten_tinh":"Hà Nội"}},
{"type":"Feature","geometry":{"type":"Polygon","coordinates":[[[105.8064,20.9099],[105.804,20.91],[105.8033,20.9123],[105.795,20.9132],[105.7946,20.9149],[105.7911,20.9154],[105.7903,20.9172],[105.7883,20.915],[105.7868,20.9096],[105.7853,20.899],[105.7852,20.8925],[105.7828,20.8931],[105.7807,20.8909],[105.7757,20.8914],[105.7729,20.8875],[105.7708,20.8792],[105.7719,20.8776],[105.7684,20.8743],[105.7675,20.8698],[105.7689,20.8698],[105.7719,20.866],[105.7781,20.8599],[105.7808,20.8619],[105.7849,20.8582],[105.7907,20.8552],[105.7929,20.8523],[105.7947,20.8522],[105.7956,20.848],[105.7987,20.8467],[105.8015,20.8435],[105.8002,20.8402],[105.804,20.8407],[105.8141,20.8396],[105.8218,20.8412],[105.8236,20.8415],[105.8215,20.854],[105.8221,20.8564],[105.8196,20.8575],[105.8206,20.8602],[105.8244,20.8614],[105.8225,20.8659],[105.8243,20.8698],[105.8196,20.8705],[105.8155,20.8702],[105.8168,20.874],[105.8143,20.8809],[105.8158,20.8861],[105.8131,20.8901],[105.8129,20.898],[105.8161,20.8992],[105.8156,20.9027],[105.8064,20.9099]]]},"properties":{"ma_xa":"10144","ten_xa":"Tam Hưng","sap_nhap":"Mỹ Hưng, Thanh Thùy, Thanh Văn, Tam Hưng","tru_so":"Số 65 thôn Gia Vĩnh, xã Tam Hưng","loai":"Xã","cap":2,"stt":63,"dtich_km2":29.45,"dan_so":39087,"matdo_km2":1327.23,"ma_tinh":"01","ten_tinh":"Hà Nội"}},
{"type":"Feature","geometry":{"type":"Polygon","coordinates":[[[105.8274,21.0398],[105.8313,21.0418],[105.8352,21.0418],[105.8367,21.0467],[105.8402,21.0506],[105.8378,21.0533],[105.8326,21.0614],[105.8314,21.0644],[105.8292,21.0649],[105.8263,21.0684],[105.8259,21.0724],[105.8205,21.0775],[105.8166,21.0845],[105.8119,21.0771],[105.809,21.0704],[105.8044,21.0617],[105.8044,21.0518],[105.805,21.0485],[105.8115,21.0456],[105.8166,21.0422],[105.8224,21.042],[105.8274,21.0398]]]},"properties":{"ma_xa":"00103","ten_xa":"Tây Hồ","sap_nhap":"Bưởi, Phú Thượng (1 phần), Xuân La (1 phần), Nhật Tân (1 phần), Quảng An (1 phần), Tứ Liên (1 phần), Yên Phụ (1 phần), Nghĩa Đô (1 phần), Thụy Khuê (1 phần)","tru_so":"Số 657 Lạc Long Quân, phường Tây Hồ","loai":"Phường","cap":2,"stt":28,"dtich_km2":10.72,"dan_so":100122,"matdo_km2":9339.74,"ma_tinh":"01","ten_tinh":"Hà Nội"}},
{"type":"Feature","geometry":{"type":"Polygon","coordinates":[[[105.7526,20.9916],[105.7599,20.9919],[105.7628,20.9969],[105.7628,21.0007],[105.7619,21.0031],[105.7628,21.0065],[105.7475,21.0095],[105.7325,21.0106],[105.7305,21.0107],[105.7357,20.9933],[105.7415,20.9949],[105.7464,20.9895],[105.7526,20.9916]]]},"properties":{"ma_xa":"00634","ten_xa":"Tây Mỗ","sap_nhap":"Đại Mỗ (1 phần), Dương Nội (1 phần), An Khánh (1 phần), Tây Mỗ (1 phần)","tru_so":"Số 169 đường Đại Mỗ, phường Tây Mỗ","loai":"Phường","cap":2,"stt":37,"dtich_km2":5.56,"dan_so":46894,"matdo_km2":8434.17,"ma_tinh":"01","ten_tinh":"Hà Nội"}},
{"type":"Feature","geometry":{"type":"Polygon","coordinates":[[[105.5935,21.0778],[105.5919,21.0767],[105.5874,21.0759],[105.5877,21.0735],[105.5923,21.0739],[105.5941,21.0724],[105.594,21.0668],[105.5933,21.0641],[105.5913,21.0624],[105.5927,21.0594],[105.5899,21.0588],[105.5883,21.0562],[105.5902,21.0521],[105.5916,21.0457],[105.5905,21.0435],[105.5877,21.0419],[105.5892,21.0392],[105.5866,21.0373],[105.5852,21.0353],[105.5873,21.0326],[105.583,21.0282],[105.5835,21.0257],[105.5861,21.0237],[105.5879,21.0241],[105.5922,21.0223],[105.5948,21.0194],[105.5938,21.0174],[105.5959,21.0134],[105.5938,21.0119],[105.5956,21.0088],[105.601,21.0026],[105.6051,21.0041],[105.6152,21.007],[105.617,21.0045],[105.6236,21.007],[105.6268,21.0062],[105.6294,21.0023],[105.6401,21.0029],[105.6396,21.0116],[105.6357,21.0153],[105.6331,21.0134],[105.6279,21.0176],[105.6341,21.0251],[105.6306,21.027],[105.6331,21.0351],[105.6344,21.0366],[105.6348,21.0444],[105.6306,21.0515],[105.632,21.0522],[105.6286,21.0605],[105.6242,21.0649],[105.6193,21.0674],[105.6125,21.0698],[105.6093,21.0724],[105.6073,21.0705],[105.6012,21.0732],[105.595,21.0746],[105.5935,21.0778]]]},"properties":{"ma_xa":"10003","ten_xa":"Tây Phương","sap_nhap":"Phùng Xá (huyện Thạch Thất), Hương Ngải, Lam Sơn, Thạch Xá, Quang Trung (1 phần), Quốc Oai (thị trấn, 1 phần), Ngọc Liệp (1 phần), Phượng Sơn (1 phần)","tru_so":"Thôn Yên, xã Tây Phương","loai":"Xã","cap":2,"stt":95,"dtich_km2":31.1,"dan_so":99874,"matdo_km2":3211.38,"ma_tinh":"01","ten_tinh":"Hà Nội"}},
{"type":"Feature","geometry":{"type":"Polygon","coordinates":[[[105.7453,21.0477],[105.7455,21.05],[105.7487,21.0522],[105.7487,21.0556],[105.7612,21.0602],[105.7556,21.0651],[105.7561,21.0669],[105.7398,21.0732],[105.7285,21.0825],[105.7249,21.0781],[105.7241,21.0761],[105.7243,21.0695],[105.7246,21.0597],[105.7296,21.0565],[105.7386,21.0504],[105.7453,21.0477]]]},"properties":{"ma_xa":"00613","ten_xa":"Tây Tựu","sap_nhap":"Minh Khai (quận Bắc Từ Liêm, 1 phần), Tây Tựu (1 phần), Kim Chung (huyện Hoài Đức, 1 phần)","tru_so":"Tổ dân phố Ngọa Long 2, phường Tây Tựu","loai":"Phường","cap":2,"stt":30,"dtich_km2":7.54,"dan_so":39436,"matdo_km2":5230.24,"ma_tinh":"01","ten_tinh":"Hà Nội"}},
{"type":"Feature","geometry":{"type":"Polygon","coordinates":[[[105.5874,21.0759],[105.5842,21.0751],[105.5815,21.0781],[105.5784,21.0791],[105.5749,21.0821],[105.5767,21.0862],[105.5754,21.0884],[105.5767,21.0928],[105.5755,21.0947],[105.5754,21.0996],[105.5723,21.1003],[105.5632,21.1],[105.5575,21.1019],[105.5548,21.0967],[105.5498,21.097],[105.5494,21.094],[105.5424,21.0953],[105.5395,21.0915],[105.5301,21.0907],[105.5246,21.0894],[105.5231,21.0876],[105.5243,21.0834],[105.5295,21.082],[105.5327,21.0759],[105.5349,21.0746],[105.5357,21.0709],[105.5311,21.0692],[105.5295,21.0661],[105.5303,21.0622],[105.534,21.0604],[105.5344,21.0571],[105.5362,21.0555],[105.5375,21.0522],[105.5407,21.0504],[105.5436,21.0518],[105.5448,21.0538],[105.5526,21.0564],[105.5604,21.0571],[105.5625,21.0587],[105.5642,21.0535],[105.5628,21.0493],[105.5636,21.0463],[105.5625,21.0427],[105.5648,21.0403],[105.5637,21.0365],[105.5643,21.0343],[105.5701,21.0334],[105.5734,21.0337],[105.5738,21.0318],[105.5769,21.0307],[105.5791,21.036],[105.583,21.036],[105.5866,21.0373],[105.5892,21.0392],[105.5877,21.0419],[105.5905,21.0435],[105.5916,21.0457],[105.5902,21.0521],[105.5883,21.0562],[105.5899,21.0588],[105.5927,21.0594],[105.5913,21.0624],[105.5933,21.0641],[105.594,21.0668],[105.5941,21.0724],[105.5923,21.0739],[105.5877,21.0735],[105.5874,21.0759]]]},"properties":{"ma_xa":"09955","ten_xa":"Thạch Thất","sap_nhap":"Liên Quan (thị trấn), Cẩm Yên, Đại Đồng, Kim Quan, Lại Thượng, Phú Kim","tru_so":"Đường 419, xã Thạch Thất","loai":"Xã","cap":2,"stt":93,"dtich_km2":31.93,"dan_so":57645,"matdo_km2":1805.36,"ma_tinh":"01","ten_tinh":"Hà Nội"}},
{"type":"Feature","geometry":{"type":"Polygon","coordinates":[[[105.824,20.9684],[105.8251,20.9715],[105.8217,20.9717],[105.8178,20.9671],[105.8071,20.9732],[105.8089,20.9769],[105.8066,20.9798],[105.8099,20.9825],[105.8033,20.9915],[105.7988,20.9883],[105.7924,20.9837],[105.7992,20.9752],[105.7949,20.9735],[105.7922,20.9695],[105.7968,20.9631],[105.8043,20.9591],[105.8136,20.9541],[105.8127,20.9534],[105.8169,20.9495],[105.8209,20.9555],[105.8212,20.9571],[105.8175,20.9597],[105.813,20.9601],[105.8181,20.963],[105.824,20.9684]]]},"properties":{"ma_xa":"00643","ten_xa":"Thanh Liệt","sap_nhap":"Tả Thanh Oai (1 phần), Đại Kim (1 phần), Thanh Xuân Bắc (1 phần), Hạ Đình (1 phần), Văn Quán (1 phần), Thanh Liệt (1 phần), Tân Triều (1 phần)","tru_so":"Thôn Triều Khúc, phường Thanh Liệt","loai":"Phường","cap":2,"stt":52,"dtich_km2":6.44,"dan_so":76238,"matdo_km2":11838.2,"ma_tinh":"01","ten_tinh":"Hà Nội"}},
{"type":"Feature","geometry":{"type":"Polygon","coordinates":[[[105.7675,20.8698],[105.7599,20.8748],[105.7455,20.8738],[105.7432,20.8748],[105.7392,20.8739],[105.7379,20.8757],[105.7355,20.8732],[105.7336,20.8731],[105.7285,20.8754],[105.7285,20.8728],[105.7306,20.8687],[105.7336,20.8652],[105.7418,20.8591],[105.7536,20.8544],[105.7564,20.8504],[105.756,20.8486],[105.7499,20.8466],[105.7406,20.8465],[105.7358,20.8449],[105.7339,20.8429],[105.7346,20.8394],[105.7404,20.8364],[105.747,20.8372],[105.7575,20.8369],[105.7614,20.8362],[105.7613,20.8342],[105.7552,20.8282],[105.7534,20.825],[105.7525,20.8207],[105.7621,20.8219],[105.7693,20.8131],[105.769,20.8115],[105.7754,20.8122],[105.7757,20.8138],[105.7736,20.8198],[105.7773,20.8233],[105.7801,20.8232],[105.7852,20.8252],[105.7835,20.8286],[105.7849,20.8295],[105.7874,20.8243],[105.792,20.8237],[105.7985,20.8283],[105.7963,20.8303],[105.7986,20.8315],[105.7958,20.8362],[105.7969,20.8396],[105.8002,20.8402],[105.8015,20.8435],[105.7987,20.8467],[105.7956,20.848],[105.7947,20.8522],[105.7929,20.8523],[105.7907,20.8552],[105.7849,20.8582],[105.7808,20.8619],[105.7781,20.8599],[105.7719,20.866],[105.7689,20.8698],[105.7675,20.8698]]]},"properties":{"ma_xa":"10114","ten_xa":"Thanh Oai","sap_nhap":"Kim Bài (thị trấn), Đỗ Động, Kim An, Phương Trung, Thanh Mai, Kim Thư (1 phần)","tru_so":"Số 135 phố Kim Bài, xã Thanh Oai","loai":"Xã","cap":2,"stt":61,"dtich_km2":26.86,"dan_so":54475,"matdo_km2":2028.11,"ma_tinh":"01","ten_tinh":"Hà Nội"}},
{"type":"Feature","geometry":{"type":"Polygon","coordinates":[[[105.8865,20.9452],[105.8793,20.9511],[105.8711,20.9566],[105.8676,20.9536],[105.865,20.9494],[105.864,20.9432],[105.8542,20.9472],[105.8489,20.9478],[105.8475,20.9521],[105.8441,20.9512],[105.8445,20.9451],[105.8424,20.9433],[105.8402,20.9383],[105.8361,20.9323],[105.8359,20.9291],[105.8361,20.928],[105.8442,20.9232],[105.8491,20.925],[105.8599,20.9221],[105.8591,20.9322],[105.8668,20.934],[105.8805,20.9349],[105.882,20.9395],[105.8865,20.9452]]]},"properties":{"ma_xa":"00640","ten_xa":"Thanh Trì","sap_nhap":"Văn Điển (thị trấn, 1 phần), Ngũ Hiệp (1 phần), Vĩnh Quỳnh (1 phần), Yên Mỹ (1 phần), Duyên Hà (1 phần), Tứ Hiệp (1 phần), Yên Sở (1 phần)","tru_so":"Số 12, Đường Nguyễn Bặc, xã Thanh Trì","loai":"Xã","cap":2,"stt":48,"dtich_km2":9.94,"dan_so":51393,"matdo_km2":5170.32,"ma_tinh":"01","ten_tinh":"Hà Nội"}},
{"type":"Feature","geometry":{"type":"Polygon","coordinates":[[[105.8181,21.0016],[105.8149,21.0077],[105.8107,21.0106],[105.8086,21.0081],[105.8002,21.0023],[105.7976,21.0055],[105.794,21.0031],[105.7968,20.9996],[105.7902,20.9948],[105.7957,20.9915],[105.7988,20.9883],[105.8033,20.9915],[105.8181,21.0016]]]},"properties":{"ma_xa":"00367","ten_xa":"Thanh Xuân","sap_nhap":"Nhân Chính (1 phần), Thanh Xuân Bắc (1 phần), Thanh Xuân Trung (1 phần), Thượng Đình (1 phần), Trung Hoà (1 phần), Trung Văn (1 phần)","tru_so":"Số 9 Khuất Duy Tiến, phường Thanh Xuân","loai":"Phường","cap":2,"stt":22,"dtich_km2":3.24,"dan_so":106316,"matdo_km2":32813.58,"ma_tinh":"01","ten_tinh":"Hà Nội"}},
{"type":"Feature","geometry":{"type":"Polygon","coordinates":[[[105.8077,21.1246],[105.8093,21.1279],[105.8084,21.1311],[105.804,21.1355],[105.8053,21.14],[105.8065,21.1413],[105.8061,21.1449],[105.8037,21.1493],[105.8026,21.1528],[105.7991,21.1545],[105.7926,21.1493],[105.7831,21.1523],[105.7777,21.1502],[105.7735,21.1476],[105.7725,21.146],[105.7681,21.1379],[105.7656,21.1359],[105.7607,21.1358],[105.7598,21.1336],[105.7441,21.1344],[105.7421,21.1328],[105.741,21.1288],[105.739,21.1286],[105.7345,21.1215],[105.7321,21.1219],[105.7352,21.1159],[105.7354,21.1132],[105.7414,21.1079],[105.749,21.0994],[105.7519,21.0982],[105.7616,21.0992],[105.7723,21.0984],[105.7864,21.0976],[105.7885,21.0975],[105.7894,21.1024],[105.787,21.1089],[105.7813,21.1254],[105.7845,21.1261],[105.7899,21.1257],[105.7948,21.1247],[105.8077,21.1246]]]},"properties":{"ma_xa":"00493","ten_xa":"Thiên Lộc","sap_nhap":"Võng La, Kim Chung (huyện Đông Anh, 1 phần), Đại Mạch (1 phần), Kim Nỗ (1 phần), Tiền Phong (huyện Mê Linh, 1 phần), Hải Bối (1 phần)","tru_so":"Thôn Bầu, xã Thiên Lộc","loai":"Xã","cap":2,"stt":116,"dtich_km2":27.96,"dan_so":74597,"matdo_km2":2667.99,"ma_tinh":"01","ten_tinh":"Hà Nội"}},
{"type":"Feature","geometry":{"type":"Polygon","coordinates":[[[105.8799,21.2032],[105.875,21.202],[105.8726,21.2069],[105.8714,21.2055],[105.8727,21.1996],[105.8719,21.1982],[105.8686,21.1974],[105.8666,21.2008],[105.8625,21.1995],[105.8593,21.1951],[105.855,21.1929],[105.8554,21.188],[105.8479,21.1631],[105.8466,21.1635],[105.8464,21.1542],[105.8562,21.1505],[105.8632,21.1489],[105.8772,21.1434],[105.8922,21.1377],[105.8987,21.1343],[105.9153,21.1188],[105.9156,21.119],[105.9155,21.1221],[105.9128,21.1265],[105.9156,21.1271],[105.9193,21.1299],[105.9179,21.132],[105.9219,21.1353],[105.9246,21.1333],[105.9254,21.1363],[105.9238,21.1381],[105.9263,21.1405],[105.9267,21.1445],[105.9256,21.147],[105.9234,21.1473],[105.922,21.152],[105.9195,21.1554],[105.9225,21.1632],[105.9193,21.1632],[105.9172,21.1677],[105.9169,21.1716],[105.9181,21.1736],[105.9211,21.1738],[105.9202,21.1783],[105.9229,21.183],[105.9154,21.1873],[105.9161,21.1888],[105.9123,21.1915],[105.9071,21.1925],[105.9055,21.1829],[105.9002,21.1819],[105.9017,21.1786],[105.8964,21.177],[105.8986,21.1827],[105.8964,21.1845],[105.8902,21.1847],[105.8884,21.1865],[105.8875,21.1902],[105.8827,21.1879],[105.883,21.1906],[105.8859,21.1983],[105.8905,21.2008],[105.892,21.2029],[105.8877,21.2057],[105.8823,21.2033],[105.8799,21.2032]]]},"properties":{"ma_xa":"00475","ten_xa":"Thư Lâm","sap_nhap":"Thụy Lâm, Vân Hà, Xuân Nộn (1 phần), Đông Anh (thị trấn, 1 phần), Liên Hà (huyện Đông Anh, 1 phần), Dục Tú (1 phần), Nguyên Khê (1 phần), Uy Nỗ (1 phần), Việt Hùng (1 phần)","tru_so":"Thôn Thiết Bình, xã Thư Lâm","loai":"Xã","cap":2,"stt":113,"dtich_km2":43.84,"dan_so":102580,"matdo_km2":2339.87,"ma_tinh":"01","ten_tinh":"Hà Nội"}},
{"type":"Feature","geometry":{"type":"Polygon","coordinates":[[[106.019,21.0391],[106.0201,21.0415],[106.02,21.0476],[106.0139,21.051],[106.0143,21.056],[106.011,21.057],[106.0082,21.0555],[106.0079,21.0586],[106.0096,21.0623],[106.0067,21.063],[106.0022,21.0695],[106.0016,21.0694],[105.9954,21.0627],[105.9942,21.0578],[105.9939,21.045],[105.991,21.0396],[105.9877,21.0395],[105.9848,21.0407],[105.9792,21.0444],[105.9722,21.0481],[105.9702,21.0486],[105.9645,21.0466],[105.9532,21.0391],[105.9485,21.0375],[105.9381,21.0401],[105.9338,21.0342],[105.9501,21.0221],[105.9562,21.0181],[105.9609,21.0159],[105.9629,21.0185],[105.9662,21.0201],[105.97,21.016],[105.9729,21.0106],[105.9762,21.0016],[105.9775,20.9995],[105.9832,20.997],[105.9872,20.9974],[105.9914,21.001],[105.9965,21.0003],[106,21],[106.0009,21.0012],[105.9995,21.0055],[106.0049,21.0085],[106.0085,21.0083],[106.0097,21.0124],[106.0045,21.0117],[106.0062,21.0151],[106.0032,21.0176],[106.0047,21.0221],[106.007,21.0243],[106.0094,21.0244],[106.0066,21.0286],[106.0128,21.0303],[106.0166,21.0347],[106.019,21.0391]]]},"properties":{"ma_xa":"00562","ten_xa":"Thuận An","sap_nhap":"Dương Quang, Lệ Chi, Đặng Xá (1 phần), Phú Sơn (huyện Gia Lâm, 1 phần)","tru_so":"Đường Dương Đức Hiền, thôn Cừ Keo, xã Thuận An","loai":"Xã","cap":2,"stt":110,"dtich_km2":29.67,"dan_so":68292,"matdo_km2":2301.72,"ma_tinh":"01","ten_tinh":"Hà Nội"}},
{"type":"Feature","geometry":{"type":"Polygon","coordinates":[[[105.7723,21.0984],[105.7616,21.0992],[105.7519,21.0982],[105.749,21.0994],[105.7414,21.1079],[105.7373,21.1049],[105.7334,21.1021],[105.73,21.1009],[105.7251,21.0966],[105.7269,21.094],[105.7261,21.0892],[105.7266,21.0851],[105.7285,21.0825],[105.7398,21.0732],[105.7561,21.0669],[105.7594,21.0656],[105.761,21.0677],[105.7613,21.0712],[105.7628,21.0716],[105.7717,21.0715],[105.7706,21.0901],[105.7723,21.0984]]]},"properties":{"ma_xa":"00598","ten_xa":"Thượng Cát","sap_nhap":"Liên Mạc, Thượng Cát, Minh Khai (quận Bắc Từ Liêm, 1 phần), Tây Tựu (1 phần), Cổ Nhuế 2 (1 phần), Thụy Phương (1 phần)","tru_so":"Số 55 đường Yên Nội, phường Thượng Cát","loai":"Phường","cap":2,"stt":34,"dtich_km2":14.77,"dan_so":24692,"matdo_km2":1671.77,"ma_tinh":"01","ten_tinh":"Hà Nội"}},
{"type":"Feature","geometry":{"type":"Polygon","coordinates":[[[105.8656,20.8583],[105.8626,20.8594],[105.856,20.8575],[105.8545,20.8611],[105.8481,20.8592],[105.8473,20.855],[105.8373,20.8517],[105.8341,20.8471],[105.8293,20.846],[105.8282,20.8374],[105.8263,20.8356],[105.8278,20.83],[105.8302,20.8252],[105.8369,20.8237],[105.8366,20.8175],[105.839,20.8157],[105.8385,20.8114],[105.8395,20.8098],[105.8386,20.8049],[105.8367,20.8049],[105.8367,20.8002],[105.8332,20.8003],[105.8344,20.795],[105.8381,20.7951],[105.845,20.797],[105.8518,20.8015],[105.8543,20.8014],[105.8576,20.7996],[105.8596,20.7998],[105.8724,20.7958],[105.873,20.7963],[105.8732,20.8024],[105.8723,20.8095],[105.8736,20.8117],[105.8726,20.8201],[105.8691,20.82],[105.8678,20.8302],[105.8769,20.8313],[105.8841,20.8338],[105.8849,20.8367],[105.8846,20.8403],[105.8884,20.8407],[105.8906,20.8424],[105.8895,20.8458],[105.8898,20.8496],[105.8878,20.8505],[105.8815,20.8476],[105.8806,20.8502],[105.8736,20.8502],[105.8738,20.8518],[105.8715,20.856],[105.8656,20.8583]]]},"properties":{"ma_xa":"10231","ten_xa":"Thượng Phúc","sap_nhap":"Tân Minh (huyện Thường Tín), Dũng Tiến, Quất Động, Nghiêm Xuyên, Nguyễn Trãi","tru_so":"Thôn Mai Sao, xã Thượng Phúc","loai":"Xã","cap":2,"stt":53,"dtich_km2":28.91,"dan_so":45464,"matdo_km2":1572.6,"ma_tinh":"01","ten_tinh":"Hà Nội"}},
{"type":"Feature","geometry":{"type":"Polygon","coordinates":[[[105.8576,20.8956],[105.8553,20.8955],[105.8522,20.8986],[105.8347,20.9044],[105.8327,20.9032],[105.8288,20.8971],[105.8264,20.898],[105.8256,20.9029],[105.8234,20.9035],[105.8156,20.9027],[105.8161,20.8992],[105.8129,20.898],[105.8131,20.8901],[105.8158,20.8861],[105.8143,20.8809],[105.8168,20.874],[105.8155,20.8702],[105.8196,20.8705],[105.8243,20.8698],[105.8225,20.8659],[105.8244,20.8614],[105.8206,20.8602],[105.8196,20.8575],[105.8221,20.8564],[105.8215,20.854],[105.8236,20.8415],[105.8218,20.8412],[105.8241,20.8372],[105.8263,20.8356],[105.8282,20.8374],[105.8293,20.846],[105.8341,20.8471],[105.8373,20.8517],[105.8473,20.855],[105.8481,20.8592],[105.8545,20.8611],[105.856,20.8575],[105.8626,20.8594],[105.8656,20.8583],[105.8651,20.8624],[105.8678,20.8642],[105.8682,20.8671],[105.8664,20.8691],[105.8698,20.8717],[105.8757,20.8709],[105.875,20.8727],[105.8754,20.8818],[105.8743,20.8818],[105.8748,20.8898],[105.8711,20.8906],[105.8716,20.8924],[105.867,20.8933],[105.8635,20.8908],[105.8588,20.8923],[105.8576,20.8956]]]},"properties":{"ma_xa":"10183","ten_xa":"Thường Tín","sap_nhap":"Thường Tín (thị trấn), Tiền Phong (huyện Thường Tín), Hiền Giang, Hòa Bình, Nhị Khê, Văn Bình, Văn Phú, Đại Áng (1 phần), Khánh Hà (1 phần)","tru_so":"Số 1 đường Thượng Phúc, xã Thường Tín","loai":"Xã","cap":2,"stt":54,"dtich_km2":28.29,"dan_so":70739,"matdo_km2":2500.49,"ma_tinh":"01","ten_tinh":"Hà Nội"}},
{"type":"Feature","geometry":{"type":"Polygon","coordinates":[[[105.6888,21.2339],[105.6843,21.2355],[105.6806,21.2337],[105.6789,21.2286],[105.6759,21.2271],[105.6714,21.2307],[105.6754,21.2341],[105.6731,21.2358],[105.6717,21.2332],[105.6686,21.2338],[105.6672,21.2394],[105.6621,21.2352],[105.6573,21.2347],[105.6524,21.2381],[105.6477,21.2366],[105.6445,21.2342],[105.6452,21.2275],[105.6522,21.226],[105.6544,21.2276],[105.6591,21.223],[105.6581,21.2202],[105.6533,21.2178],[105.645,21.2155],[105.6392,21.2178],[105.6358,21.2164],[105.6394,21.2117],[105.6385,21.2073],[105.645,21.2054],[105.6526,21.2066],[105.6537,21.2047],[105.6572,21.2034],[105.6592,21.2011],[105.6644,21.1992],[105.6668,21.2012],[105.678,21.1913],[105.6773,21.189],[105.6841,21.1828],[105.6895,21.1865],[105.6909,21.1862],[105.702,21.176],[105.7044,21.1807],[105.7114,21.1887],[105.7126,21.1901],[105.7281,21.2045],[105.7427,21.224],[105.7472,21.2291],[105.7413,21.2317],[105.7378,21.2316],[105.7345,21.233],[105.7303,21.229],[105.7247,21.2247],[105.7221,21.2275],[105.72,21.2234],[105.7178,21.2228],[105.7157,21.2245],[105.7106,21.2218],[105.7082,21.2196],[105.7049,21.2214],[105.7011,21.2197],[105.6985,21.2196],[105.6956,21.2162],[105.6934,21.2215],[105.6902,21.2199],[105.6859,21.2265],[105.6859,21.2297],[105.6888,21.2339]]]},"properties":{"ma_xa":"08995","ten_xa":"Tiến Thắng","sap_nhap":"Tam Đồng, Tiến Thắng, Tự Lập, Đại Thịnh (1 phần), Kim Hoa (1 phần), Thanh Lâm (1 phần), Văn Khê (1 phần), Thạch Đà (1 phần)","tru_so":"Thôn Văn Lôi, xã Tiến Thắng","loai":"Xã","cap":2,"stt":120,"dtich_km2":36.34,"dan_so":64246,"matdo_km2":1767.91,"ma_tinh":"01","ten_tinh":"Hà Nội"}},
{"type":"Feature","geometry":{"type":"Polygon","coordinates":[[[105.642,20.8819],[105.6389,20.8801],[105.6365,20.8806],[105.6349,20.8751],[105.6298,20.8733],[105.6315,20.8712],[105.6311,20.8676],[105.6276,20.8672],[105.6254,20.8652],[105.6242,20.8622],[105.6236,20.856],[105.6219,20.8551],[105.6226,20.8519],[105.6172,20.849],[105.6132,20.8484],[105.6083,20.8507],[105.6015,20.852],[105.6023,20.8461],[105.6067,20.8479],[105.608,20.8447],[105.6103,20.8421],[105.6088,20.8407],[105.6088,20.8379],[105.6117,20.8358],[105.6137,20.8357],[105.6158,20.8319],[105.6195,20.8306],[105.6238,20.8318],[105.6289,20.8345],[105.6353,20.8362],[105.6363,20.832],[105.6417,20.833],[105.6409,20.8306],[105.6419,20.8261],[105.6365,20.8215],[105.6332,20.8217],[105.6307,20.8158],[105.6322,20.8135],[105.6317,20.8115],[105.6331,20.8053],[105.6325,20.8029],[105.6347,20.8006],[105.6332,20.7962],[105.6306,20.7939],[105.6337,20.7929],[105.6371,20.7938],[105.6435,20.7925],[105.645,20.7965],[105.6482,20.7922],[105.6505,20.7942],[105.6505,20.8024],[105.6494,20.809],[105.6538,20.8091],[105.6595,20.808],[105.6631,20.8081],[105.6599,20.8139],[105.6582,20.8166],[105.667,20.8213],[105.6703,20.8224],[105.6715,20.8243],[105.6742,20.8247],[105.6773,20.827],[105.679,20.8256],[105.6822,20.8271],[105.685,20.8261],[105.6855,20.8293],[105.6909,20.8312],[105.6898,20.8373],[105.687,20.8372],[105.6868,20.8418],[105.6857,20.8437],[105.6846,20.847],[105.6856,20.8504],[105.6849,20.8532],[105.681,20.8574],[105.6789,20.8638],[105.6738,20.8703],[105.6704,20.8696],[105.6689,20.872],[105.6651,20.8706],[105.6639,20.873],[105.6666,20.8739],[105.6658,20.8761],[105.6622,20.8759],[105.6607,20.8792],[105.6535,20.879],[105.6502,20.875],[105.6486,20.8765],[105.6498,20.8798],[105.6487,20.8807],[105.642,20.8819]]]},"properties":{"ma_xa":"10081","ten_xa":"Trần Phú","sap_nhap":"Hoàng Văn Thụ, Hữu Văn, Mỹ Lương, Trần Phú, Đồng Tâm (1 phần), Tân Tiến (1 phần)","tru_so":"Thôn Thuận An, xã Trần Phú","loai":"Xã","cap":2,"stt":76,"dtich_km2":44.36,"dan_so":47528,"matdo_km2":1071.42,"ma_tinh":"01","ten_tinh":"Hà Nội"}},
{"type":"Feature","geometry":{"type":"Polygon","coordinates":[[[105.8488,21.3778],[105.8446,21.377],[105.8396,21.3774],[105.8362,21.3753],[105.8351,21.3734],[105.831,21.3746],[105.8202,21.3795],[105.8166,21.382],[105.8133,21.3809],[105.8082,21.3828],[105.8048,21.3824],[105.8009,21.3854],[105.7994,21.383],[105.7947,21.3797],[105.7926,21.3796],[105.7894,21.3761],[105.7897,21.3733],[105.7858,21.3705],[105.7869,21.367],[105.7858,21.3611],[105.7847,21.3596],[105.7863,21.3557],[105.7862,21.3539],[105.7886,21.3519],[105.7902,21.3487],[105.7936,21.3458],[105.7975,21.3447],[105.7971,21.3406],[105.7998,21.3288],[105.7975,21.3257],[105.7978,21.3242],[105.7943,21.3222],[105.7937,21.3175],[105.789,21.3142],[105.7885,21.3087],[105.7889,21.303],[105.793,21.3008],[105.7942,21.2954],[105.7981,21.2887],[105.8014,21.2855],[105.8031,21.2857],[105.8082,21.2838],[105.8097,21.2772],[105.8123,21.28],[105.8181,21.2846],[105.8194,21.2877],[105.8222,21.2876],[105.8238,21.2894],[105.8248,21.2945],[105.8275,21.2975],[105.8285,21.3002],[105.8333,21.302],[105.8395,21.2983],[105.8423,21.2953],[105.8471,21.2964],[105.8501,21.2985],[105.8553,21.2958],[105.8586,21.2883],[105.8651,21.2873],[105.8664,21.2928],[105.8728,21.2942],[105.8769,21.2929],[105.881,21.2942],[105.8809,21.3002],[105.8796,21.303],[105.881,21.3048],[105.8814,21.3124],[105.8855,21.3146],[105.8919,21.3155],[105.8978,21.3178],[105.8987,21.3174],[105.8994,21.3242],[105.8978,21.327],[105.8957,21.3274],[105.8924,21.3261],[105.8893,21.3258],[105.8825,21.3276],[105.8744,21.3282],[105.8714,21.3297],[105.8681,21.3271],[105.8666,21.3285],[105.8656,21.3337],[105.8629,21.3378],[105.8596,21.3379],[105.8577,21.3392],[105.8558,21.3426],[105.8565,21.346],[105.8527,21.3486],[105.8526,21.3509],[105.8541,21.3537],[105.852,21.3553],[105.8518,21.3576],[105.8537,21.3594],[105.8534,21.3625],[105.8556,21.3676],[105.8581,21.3686],[105.8583,21.3748],[105.8565,21.376],[105.8535,21.3754],[105.8504,21.376],[105.8488,21.3778]]]},"properties":{"ma_xa":"00385","ten_xa":"Trung Giã","sap_nhap":"Bắc Sơn, Hồng Kỳ, Nam Sơn, Trung Giã","tru_so":"Thôn 4 - Hồng Kỳ, xã Trung Giã","loai":"Xã","cap":2,"stt":125,"dtich_km2":77.52,"dan_so":61315,"matdo_km2":790.96,"ma_tinh":"01","ten_tinh":"Hà Nội"}},
{"type":"Feature","geometry":{"type":"Polygon","coordinates":[[[105.7628,21.0065],[105.7828,21.0023],[105.7872,21.0024],[105.7923,21.0052],[105.7822,21.0177],[105.779,21.0223],[105.7787,21.0254],[105.7806,21.0366],[105.777,21.0368],[105.7615,21.0417],[105.7584,21.0378],[105.7588,21.0338],[105.758,21.0298],[105.755,21.0266],[105.7552,21.0223],[105.7541,21.0176],[105.758,21.0135],[105.7623,21.01],[105.7628,21.0065]]]},"properties":{"ma_xa":"00592","ten_xa":"Từ Liêm","sap_nhap":"Cầu Diễn, Mễ Trì (1 phần), Phú Đô (1 phần), Mai Dịch (1 phần), Mỹ Đình 1 (1 phần), Mỹ Đình 2 (1 phần)","tru_so":"Số 125 đường Hồ Tùng Mậu, phường Từ Liêm","loai":"Phường","cap":2,"stt":35,"dtich_km2":10.18,"dan_so":119997,"matdo_km2":11787.52,"ma_tinh":"01","ten_tinh":"Hà Nội"}},
{"type":"Feature","geometry":{"type":"Polygon","coordinates":[[[105.4536,21.1453],[105.451,21.1434],[105.4483,21.144],[105.4492,21.1467],[105.4457,21.1463],[105.4452,21.1481],[105.4409,21.1478],[105.4355,21.1512],[105.4305,21.1519],[105.4284,21.1496],[105.4227,21.1463],[105.4188,21.1405],[105.413,21.1366],[105.4159,21.1345],[105.4241,21.1309],[105.426,21.1258],[105.426,21.1217],[105.4311,21.1201],[105.4292,21.1178],[105.4294,21.1116],[105.4302,21.1066],[105.4263,21.1055],[105.4257,21.104],[105.4307,21.1038],[105.4342,21.1012],[105.4407,21.1045],[105.442,21.0998],[105.4414,21.0975],[105.4451,21.0951],[105.4465,21.0977],[105.4511,21.0975],[105.4534,21.1002],[105.4624,21.1026],[105.4703,21.1031],[105.4718,21.1025],[105.478,21.106],[105.4809,21.1046],[105.4839,21.1055],[105.4878,21.1019],[105.4876,21.0991],[105.4886,21.0934],[105.4908,21.0932],[105.4933,21.0955],[105.4963,21.0952],[105.4979,21.0977],[105.5006,21.0984],[105.5028,21.0989],[105.5054,21.1017],[105.5056,21.1064],[105.503,21.107],[105.5007,21.1129],[105.5034,21.1178],[105.4978,21.1171],[105.4982,21.1134],[105.4953,21.1127],[105.4954,21.1163],[105.4917,21.1214],[105.4911,21.124],[105.4846,21.1323],[105.4805,21.1311],[105.4754,21.1319],[105.4712,21.1339],[105.4603,21.1379],[105.4575,21.1432],[105.4536,21.1453]]]},"properties":{"ma_xa":"09604","ten_xa":"Tùng Thiện","sap_nhap":"Xuân Khanh, Trung Sơn Trầm, Xuân Sơn, Trung Hưng (1 phần), Sơn Lộc (1 phần), Thanh Mỹ (1 phần)","tru_so":"Số 66 đường Thanh Mỹ, thôn Thủ Trung, phường Tùng Thiện","loai":"Phường","cap":2,"stt":88,"dtich_km2":32.34,"dan_so":42052,"matdo_km2":1300.31,"ma_tinh":"01","ten_tinh":"Hà Nội"}},
{"type":"Feature","geometry":{"type":"Polygon","coordinates":[[[105.8623,20.9963],[105.8585,20.9952],[105.8469,20.9964],[105.8413,20.9978],[105.8411,20.9837],[105.8411,20.9836],[105.8754,20.9836],[105.8689,20.9866],[105.8628,20.9922],[105.8623,20.9963]]]},"properties":{"ma_xa":"00322","ten_xa":"Tương Mai","sap_nhap":"Giáp Bát (1 phần), Phương Liệt (1 phần), Mai Động (1 phần), Minh Khai (quận Hai Bà Trưng, 1 phần), Đồng Tâm (1 phần), Trương Định (1 phần), Hoàng Văn Thụ (1 phần), Tân Mai (1 phần), Tương Mai (1 phần), Vĩnh Hưng (1 phần)","tru_so":"Số 2/224 đường Hoàng Mai, phường Tương Mai","loai":"Phường","cap":2,"stt":18,"dtich_km2":3.56,"dan_so":136292,"matdo_km2":38284.27,"ma_tinh":"01","ten_tinh":"Hà Nội"}},
{"type":"Feature","geometry":{"type":"Polygon","coordinates":[[[105.9054,20.6684],[105.9036,20.6711],[105.8976,20.6739],[105.8946,20.6759],[105.8939,20.6793],[105.8884,20.6761],[105.8862,20.6756],[105.8856,20.6791],[105.8834,20.6777],[105.8824,20.6851],[105.8854,20.6895],[105.8893,20.6919],[105.8875,20.6963],[105.872,20.7056],[105.872,20.7092],[105.8677,20.7099],[105.8637,20.714],[105.8602,20.7148],[105.8602,20.7188],[105.8547,20.7217],[105.8574,20.7249],[105.8545,20.7312],[105.8498,20.7327],[105.8506,20.7375],[105.8461,20.7369],[105.8457,20.741],[105.844,20.7416],[105.8429,20.7405],[105.8372,20.7397],[105.836,20.7404],[105.8319,20.7393],[105.8263,20.7369],[105.8255,20.7387],[105.8221,20.7414],[105.8202,20.7392],[105.8168,20.7409],[105.8153,20.7385],[105.8182,20.7362],[105.8204,20.7325],[105.8186,20.7285],[105.8126,20.7096],[105.8111,20.7073],[105.8046,20.704],[105.807,20.7007],[105.8017,20.6978],[105.803,20.6959],[105.7988,20.6943],[105.7933,20.6967],[105.7904,20.6948],[105.7918,20.6919],[105.7909,20.69],[105.7954,20.6851],[105.8,20.6781],[105.7994,20.6767],[105.8054,20.6704],[105.8149,20.6771],[105.8197,20.6795],[105.8226,20.6787],[105.8257,20.667],[105.8252,20.6658],[105.8287,20.6635],[105.8396,20.6597],[105.8402,20.6572],[105.8431,20.6562],[105.8505,20.651],[105.8546,20.6465],[105.8593,20.6447],[105.8659,20.6455],[105.8759,20.6432],[105.8797,20.6432],[105.8849,20.645],[105.8914,20.6482],[105.8965,20.6517],[105.8958,20.6661],[105.8961,20.6688],[105.8986,20.6684],[105.9032,20.6645],[105.9056,20.6647],[105.9054,20.6684]]]},"properties":{"ma_xa":"10402","ten_xa":"Ứng Hòa","sap_nhap":"Đại Cường, Đại Hùng, Đông Lỗ, Đồng Tân, Kim Đường, Minh Đức, Trầm Lộng, Trung Tú","tru_so":"Thôn Trạch Bái, xã Ứng Hòa","loai":"Xã","cap":2,"stt":68,"dtich_km2":67.8,"dan_so":63750,"matdo_km2":940.27,"ma_tinh":"01","ten_tinh":"Hà Nội"}},
{"type":"Feature","geometry":{"type":"Polygon","coordinates":[[[105.7348,20.809],[105.732,20.809],[105.7275,20.8074],[105.7161,20.8081],[105.709,20.8093],[105.7053,20.8001],[105.7062,20.797],[105.7146,20.787],[105.7178,20.7821],[105.7237,20.7788],[105.7257,20.7763],[105.7353,20.7779],[105.7387,20.7719],[105.736,20.7704],[105.7373,20.7668],[105.7446,20.7628],[105.7437,20.7615],[105.7488,20.7565],[105.7463,20.752],[105.7515,20.7498],[105.7563,20.7451],[105.7656,20.7465],[105.7673,20.7447],[105.7635,20.7435],[105.7643,20.7408],[105.7685,20.7414],[105.7705,20.7373],[105.7804,20.7369],[105.781,20.7387],[105.7871,20.7391],[105.7883,20.7382],[105.7891,20.7482],[105.7946,20.7493],[105.7937,20.7504],[105.7937,20.7587],[105.7922,20.7587],[105.7921,20.7627],[105.7959,20.7614],[105.7981,20.7655],[105.7995,20.7708],[105.8036,20.7713],[105.8034,20.775],[105.8053,20.7754],[105.8044,20.7785],[105.8065,20.7801],[105.7961,20.783],[105.7909,20.7861],[105.7846,20.7917],[105.7823,20.7913],[105.7801,20.7888],[105.7769,20.7903],[105.7761,20.7878],[105.7686,20.788],[105.7669,20.7828],[105.7637,20.7853],[105.7635,20.7879],[105.7595,20.7901],[105.7573,20.7873],[105.7545,20.7913],[105.7512,20.7925],[105.7464,20.7902],[105.7448,20.7879],[105.741,20.7899],[105.7415,20.7918],[105.7384,20.7932],[105.7393,20.7969],[105.7384,20.8005],[105.7348,20.809]]]},"properties":{"ma_xa":"10369","ten_xa":"Ứng Thiên","sap_nhap":"Hoa Viên, Liên Bạt, Quảng Phú Cầu, Trường Thịnh","tru_so":"Thôn Trung Thịnh, xã Ứng Thiên","loai":"Xã","cap":2,"stt":66,"dtich_km2":38.4,"dan_so":53962,"matdo_km2":1405.26,"ma_tinh":"01","ten_tinh":"Hà Nội"}},
{"type":"Feature","geometry":{"type":"Polygon","coordinates":[[[105.7946,20.7493],[105.7891,20.7482],[105.7883,20.7382],[105.7871,20.7391],[105.781,20.7387],[105.7804,20.7369],[105.7705,20.7373],[105.7685,20.7414],[105.7643,20.7408],[105.7635,20.7435],[105.7673,20.7447],[105.7656,20.7465],[105.7563,20.7451],[105.7515,20.7498],[105.7463,20.752],[105.7488,20.7565],[105.7437,20.7615],[105.7446,20.7628],[105.7373,20.7668],[105.736,20.7704],[105.7387,20.7719],[105.7353,20.7779],[105.7257,20.7763],[105.7258,20.7718],[105.7231,20.7668],[105.7188,20.7619],[105.7142,20.7568],[105.7095,20.7533],[105.7052,20.7516],[105.6985,20.7516],[105.6975,20.751],[105.6964,20.7464],[105.6974,20.7421],[105.7031,20.7431],[105.7085,20.7426],[105.7207,20.7399],[105.7291,20.7377],[105.7314,20.7363],[105.7334,20.7297],[105.7322,20.7257],[105.7306,20.7241],[105.7316,20.722],[105.7345,20.7219],[105.7415,20.7266],[105.7479,20.7282],[105.7554,20.7287],[105.7596,20.7313],[105.7617,20.7315],[105.7684,20.7272],[105.7709,20.7231],[105.7692,20.7224],[105.7713,20.7208],[105.7744,20.7217],[105.7753,20.7168],[105.7751,20.7065],[105.7773,20.7066],[105.7803,20.7003],[105.7818,20.6989],[105.7909,20.7024],[105.7933,20.6967],[105.7988,20.6943],[105.803,20.6959],[105.8017,20.6978],[105.807,20.7007],[105.8046,20.704],[105.8111,20.7073],[105.8126,20.7096],[105.8186,20.7285],[105.8204,20.7325],[105.8182,20.7362],[105.8153,20.7385],[105.8168,20.7409],[105.8111,20.7458],[105.81,20.7443],[105.8068,20.7464],[105.8033,20.7506],[105.7984,20.7492],[105.7946,20.7493]]]},"properties":{"ma_xa":"10354","ten_xa":"Vân Đình","sap_nhap":"Vân Đình (thị trấn), Cao Sơn Tiến, Phương Tú, Tảo Dương Văn","tru_so":"Thôn Hoàng Xá, xã Vân Đình","loai":"Xã","cap":2,"stt":65,"dtich_km2":41.6,"dan_so":60828,"matdo_km2":1462.21,"ma_tinh":"01","ten_tinh":"Hà Nội"}},
{"type":"Feature","geometry":{"type":"Polygon","coordinates":[[[105.8415,21.0077],[105.8414,21.0206],[105.8416,21.0289],[105.8361,21.0304],[105.8347,21.0286],[105.8298,21.0182],[105.8342,21.0144],[105.8385,21.0093],[105.8415,21.0077]]]},"properties":{"ma_xa":"00226","ten_xa":"Văn Miếu - Quốc Tử Giám","sap_nhap":"Khâm Thiên, Thổ Quan, Văn Chương, Điện Biên (1 phần), Hàng Bột (1 phần), Văn Miếu - Quốc Tử Giám (1 phần), Cửa Nam (1 phần), Lê Đại Hành (1 phần), Nam Đồng (1 phần), Nguyễn Du (1 phần), Phương Liên - Trung Tự (1 phần)","tru_so":"Số 188 Kim Hoa, phường Văn Miếu - Quốc Tử Giám","loai":"Phường","cap":2,"stt":11,"dtich_km2":1.92,"dan_so":105604,"matdo_km2":55002.08,"ma_tinh":"01","ten_tinh":"Hà Nội"}},
{"type":"Feature","geometry":{"type":"Polygon","coordinates":[[[105.4456,21.2518],[105.4373,21.2514],[105.435,21.2523],[105.4325,21.2504],[105.4316,21.2468],[105.4293,21.2435],[105.4235,21.242],[105.415,21.2384],[105.4118,21.2402],[105.4023,21.2414],[105.3953,21.2378],[105.3912,21.2403],[105.3879,21.2401],[105.3845,21.2368],[105.3707,21.2461],[105.3609,21.244],[105.3563,21.2452],[105.3534,21.2452],[105.352,21.2396],[105.3472,21.2264],[105.3437,21.2198],[105.3393,21.21],[105.344,21.2074],[105.3508,21.2069],[105.3518,21.2035],[105.3536,21.201],[105.3581,21.1997],[105.3692,21.1986],[105.3688,21.1915],[105.3736,21.187],[105.3727,21.1828],[105.3735,21.1736],[105.3745,21.1715],[105.3756,21.174],[105.3807,21.1737],[105.383,21.177],[105.391,21.1776],[105.3918,21.1816],[105.3944,21.1799],[105.4,21.1828],[105.4015,21.1826],[105.4037,21.1867],[105.4064,21.1878],[105.411,21.1912],[105.4085,21.1957],[105.4121,21.1989],[105.4146,21.2023],[105.4137,21.2042],[105.4159,21.2069],[105.4191,21.2067],[105.419,21.213],[105.4183,21.2165],[105.4241,21.2158],[105.4295,21.2139],[105.4389,21.2176],[105.4386,21.2242],[105.4448,21.2342],[105.4514,21.2376],[105.4464,21.2443],[105.4456,21.2518]]]},"properties":{"ma_xa":"09664","ten_xa":"Vật Lại","sap_nhap":"Thái Hòa, Phú Sơn (huyện Ba Vì), Đồng Thái, Phú Châu, Vật Lại","tru_so":"Thôn Vật Lại 3, xã Vật Lại","loai":"Xã","cap":2,"stt":81,"dtich_km2":51.75,"dan_so":58579,"matdo_km2":1131.96,"ma_tinh":"01","ten_tinh":"Hà Nội"}},
{"type":"Feature","geometry":{"type":"Polygon","coordinates":[[[105.9326,21.0574],[105.9283,21.0668],[105.9253,21.0712],[105.9229,21.0734],[105.9185,21.0758],[105.9121,21.0772],[105.9026,21.0785],[105.8977,21.0798],[105.8931,21.0791],[105.888,21.0773],[105.883,21.0747],[105.8781,21.0712],[105.8804,21.0677],[105.8827,21.061],[105.8842,21.0586],[105.8881,21.0553],[105.8907,21.0518],[105.8947,21.0457],[105.901,21.0493],[105.9185,21.0581],[105.9202,21.0553],[105.9233,21.0529],[105.9326,21.0574]]]},"properties":{"ma_xa":"00127","ten_xa":"Việt Hưng","sap_nhap":"Giang Biên (1 phần), Phúc Đồng (1 phần), Việt Hưng (1 phần), Phúc Lợi (1 phần), Gia Thụy (1 phần), Đức Giang (1 phần), Thượng Thanh (1 phần)","tru_so":"Số 1 phố Vạn Hạnh, phường Việt Hưng","loai":"Phường","cap":2,"stt":41,"dtich_km2":12.91,"dan_so":83188,"matdo_km2":6443.69,"ma_tinh":"01","ten_tinh":"Hà Nội"}},
{"type":"Feature","geometry":{"type":"Polygon","coordinates":[[[105.8893,20.9794],[105.895,20.9859],[105.8922,20.9921],[105.8921,20.9965],[105.8819,21.0013],[105.8795,21.0006],[105.8741,21.0024],[105.874,21.0024],[105.872,21.0003],[105.8739,20.9968],[105.8741,20.9942],[105.8727,20.9906],[105.8689,20.9866],[105.8754,20.9836],[105.8836,20.9805],[105.8893,20.9794]]]},"properties":{"ma_xa":"00301","ten_xa":"Vĩnh Hưng","sap_nhap":"Vĩnh Hưng (1 phần), Lĩnh Nam (1 phần), Thanh Trì (1 phần), Vĩnh Tuy (1 phần)","tru_so":"Số 177 phố Thanh Đàm, phường Vĩnh Hưng","loai":"Phường","cap":2,"stt":17,"dtich_km2":4.47,"dan_so":67561,"matdo_km2":15114.32,"ma_tinh":"01","ten_tinh":"Hà Nội"}},
{"type":"Feature","geometry":{"type":"Polygon","coordinates":[[[105.8077,21.1246],[105.7948,21.1247],[105.7899,21.1257],[105.7845,21.1261],[105.7813,21.1254],[105.787,21.1089],[105.7894,21.1024],[105.7885,21.0975],[105.7935,21.0974],[105.8044,21.0955],[105.8173,21.0945],[105.8211,21.0936],[105.8267,21.0911],[105.8349,21.086],[105.8413,21.0814],[105.8472,21.0879],[105.8486,21.0927],[105.8483,21.0962],[105.8467,21.0998],[105.8459,21.1045],[105.8502,21.1072],[105.8465,21.1121],[105.8386,21.1213],[105.8334,21.1244],[105.8271,21.1246],[105.8077,21.1246]]]},"properties":{"ma_xa":"00508","ten_xa":"Vĩnh Thanh","sap_nhap":"Tàm Xá (1 phần), Xuân Canh (1 phần), Vĩnh Ngọc (1 phần), Kim Chung (huyện Đông Anh, 1 phần), Hải Bối (1 phần), Kim Nỗ (1 phần)","tru_so":"Thôn Đồng Nhân, xã Vĩnh Thanh","loai":"Xã","cap":2,"stt":117,"dtich_km2":22.52,"dan_so":64698,"matdo_km2":2872.91,"ma_tinh":"01","ten_tinh":"Hà Nội"}},
{"type":"Feature","geometry":{"type":"Polygon","coordinates":[[[105.8689,20.9866],[105.8727,20.9906],[105.8741,20.9942],[105.8739,20.9968],[105.872,21.0003],[105.874,21.0024],[105.8716,21.0032],[105.866,21.0086],[105.8607,21.009],[105.8623,20.9963],[105.8628,20.9922],[105.8689,20.9866]]]},"properties":{"ma_xa":"00283","ten_xa":"Vĩnh Tuy","sap_nhap":"Mai Động, Thanh Lương, Vĩnh Hưng, Vĩnh Tuy","tru_so":"Số 35 phố Vĩnh Tuy, phường Vĩnh Tuy","loai":"Phường","cap":2,"stt":7,"dtich_km2":2.33,"dan_so":90583,"matdo_km2":38876.82,"ma_tinh":"01","ten_tinh":"Hà Nội"}},
{"type":"Feature","geometry":{"type":"Polygon","coordinates":[[[105.809,21.0704],[105.7983,21.0745],[105.7988,21.0757],[105.7944,21.0774],[105.7939,21.0762],[105.7879,21.0792],[105.7859,21.0754],[105.7851,21.0671],[105.7824,21.0561],[105.79,21.0568],[105.79,21.0519],[105.8044,21.0518],[105.8044,21.0617],[105.809,21.0704]]]},"properties":{"ma_xa":"00611","ten_xa":"Xuân Đỉnh","sap_nhap":"Xuân Đỉnh (1 phần), Cổ Nhuế 1 (1 phần), Xuân La (1 phần), Xuân Tảo (1 phần)","tru_so":"Phố Minh Tảo, phường Xuân Đỉnh","loai":"Phường","cap":2,"stt":32,"dtich_km2":5.46,"dan_so":48658,"matdo_km2":8911.72,"ma_tinh":"01","ten_tinh":"Hà Nội"}},
{"type":"Feature","geometry":{"type":"Polygon","coordinates":[[[105.5978,20.9145],[105.5923,20.9125],[105.5881,20.9129],[105.5849,20.9101],[105.5831,20.9108],[105.5823,20.9135],[105.5794,20.9161],[105.5753,20.9135],[105.5726,20.9135],[105.5628,20.9089],[105.5598,20.9098],[105.5575,20.908],[105.5555,20.9048],[105.5597,20.9019],[105.5623,20.8993],[105.5599,20.8941],[105.5596,20.891],[105.5569,20.8896],[105.5549,20.8864],[105.5562,20.8837],[105.5537,20.8826],[105.5538,20.8799],[105.5565,20.8796],[105.5594,20.8808],[105.5595,20.8775],[105.5636,20.8732],[105.5679,20.8726],[105.5712,20.8691],[105.5731,20.8691],[105.5755,20.864],[105.5854,20.8574],[105.5861,20.8512],[105.5877,20.8496],[105.5854,20.8449],[105.5863,20.8406],[105.5818,20.8372],[105.5801,20.8332],[105.5804,20.8308],[105.5793,20.8265],[105.5754,20.8226],[105.5708,20.8217],[105.5662,20.8217],[105.5625,20.8229],[105.5599,20.8179],[105.5592,20.8124],[105.5532,20.8089],[105.552,20.8072],[105.5558,20.8061],[105.5592,20.8083],[105.5633,20.8088],[105.5714,20.8087],[105.575,20.8079],[105.5832,20.8118],[105.5836,20.8171],[105.5877,20.8205],[105.5866,20.8261],[105.588,20.8313],[105.5947,20.8305],[105.5977,20.8335],[105.5966,20.8347],[105.5965,20.8403],[105.6001,20.8411],[105.6029,20.8379],[105.6042,20.8388],[105.6088,20.8379],[105.6088,20.8407],[105.6103,20.8421],[105.608,20.8447],[105.6067,20.8479],[105.6023,20.8461],[105.6015,20.852],[105.6083,20.8507],[105.6132,20.8484],[105.6172,20.849],[105.6226,20.8519],[105.6219,20.8551],[105.6236,20.856],[105.6242,20.8622],[105.6254,20.8652],[105.6276,20.8672],[105.6311,20.8676],[105.6315,20.8712],[105.6298,20.8733],[105.6349,20.8751],[105.6365,20.8806],[105.6389,20.8801],[105.642,20.8819],[105.6421,20.8888],[105.6356,20.8925],[105.6321,20.893],[105.6289,20.8893],[105.627,20.8912],[105.6224,20.8928],[105.6203,20.8954],[105.6186,20.8949],[105.616,20.8895],[105.6092,20.8878],[105.6102,20.8928],[105.613,20.8951],[105.6133,20.8982],[105.6122,20.902],[105.614,20.9065],[105.6121,20.9096],[105.6073,20.9086],[105.6021,20.9141],[105.5978,20.9145]]]},"properties":{"ma_xa":"10045","ten_xa":"Xuân Mai","sap_nhap":"Xuân Mai (thị trấn), Nam Phương Tiến, Thủy Xuân Tiên, Tân Tiến (1 phần)","tru_so":"Thôn Trí Thủy, xã Xuân Mai","loai":"Xã","cap":2,"stt":75,"dtich_km2":50.72,"dan_so":67310,"matdo_km2":1327.09,"ma_tinh":"01","ten_tinh":"Hà Nội"}},
{"type":"Feature","geometry":{"type":"Polygon","coordinates":[[[105.7453,21.0477],[105.7386,21.0504],[105.7296,21.0565],[105.7265,21.0526],[105.7286,21.0505],[105.7279,21.0483],[105.7297,21.0471],[105.7325,21.0457],[105.7336,21.0433],[105.7349,21.0369],[105.7384,21.0366],[105.739,21.0325],[105.7375,21.0309],[105.7381,21.0275],[105.7349,21.0264],[105.7344,21.0225],[105.7297,21.018],[105.7341,21.0156],[105.7325,21.0106],[105.7475,21.0095],[105.7628,21.0065],[105.7623,21.01],[105.758,21.0135],[105.7541,21.0176],[105.7552,21.0223],[105.755,21.0266],[105.758,21.0298],[105.7588,21.0338],[105.7584,21.0378],[105.7615,21.0417],[105.7453,21.0477]]]},"properties":{"ma_xa":"00622","ten_xa":"Xuân Phương","sap_nhap":"Phương Canh, Xuân Phương, Đại Mỗ (1 phần), Tây Mỗ (1 phần), Vân Canh (1 phần), Minh Khai (quận Bắc Từ Liêm, 1 phần), Phúc Diễn (1 phần)","tru_so":"Số 28 đường Foresa 4B, KĐT Xuân Phương, phường Xuân Phương","loai":"Phường","cap":2,"stt":36,"dtich_km2":10.81,"dan_so":104947,"matdo_km2":9708.33,"ma_tinh":"01","ten_tinh":"Hà Nội"}},
{"type":"Feature","geometry":{"type":"Polygon","coordinates":[[[105.4451,21.0951],[105.4414,21.0975],[105.442,21.0998],[105.4407,21.1045],[105.4342,21.1012],[105.4307,21.1038],[105.4257,21.104],[105.4232,21.1045],[105.4189,21.1014],[105.4122,21.1024],[105.4047,21.0978],[105.3988,21.0924],[105.3959,21.0928],[105.3916,21.0916],[105.3916,21.0895],[105.3855,21.0858],[105.3816,21.0825],[105.3766,21.0352],[105.3788,21.0341],[105.3808,21.03],[105.3842,21.0284],[105.3875,21.0244],[105.3866,21.0202],[105.3919,21.0144],[105.3953,21.0141],[105.398,21.0151],[105.4001,21.0139],[105.4031,21.0144],[105.4064,21.0168],[105.411,21.0182],[105.4129,21.014],[105.4172,21.0114],[105.4191,21.0126],[105.4276,21.0144],[105.4311,21.0147],[105.4337,21.017],[105.4402,21.0159],[105.4433,21.014],[105.4457,21.015],[105.4505,21.0142],[105.4548,21.0115],[105.4615,21.0129],[105.4692,21.0218],[105.465,21.0243],[105.4568,21.0327],[105.458,21.0404],[105.4583,21.0512],[105.4596,21.0526],[105.4584,21.055],[105.4575,21.0605],[105.4596,21.0664],[105.4542,21.0666],[105.449,21.063],[105.4448,21.0625],[105.4423,21.0647],[105.4392,21.0698],[105.4416,21.0745],[105.4401,21.0777],[105.4397,21.0843],[105.439,21.087],[105.4407,21.0919],[105.4451,21.0951]]]},"properties":{"ma_xa":"09706","ten_xa":"Yên Bài","sap_nhap":"Vân Hòa, Yên Bài, Thạch Hòa (1 phần)","tru_so":"Thôn Bặn, xã Yên Bài","loai":"Xã","cap":2,"stt":86,"dtich_km2":68.19,"dan_so":21416,"matdo_km2":314.06,"ma_tinh":"01","ten_tinh":"Hà Nội"}},
{"type":"Feature","geometry":{"type":"Polygon","coordinates":[[[105.794,21.0031],[105.7976,21.0055],[105.8002,21.0023],[105.8086,21.0081],[105.8107,21.0106],[105.8045,21.0154],[105.7976,21.025],[105.7939,21.026],[105.7822,21.0177],[105.7923,21.0052],[105.794,21.0031]]]},"properties":{"ma_xa":"00175","ten_xa":"Yên Hòa","sap_nhap":"Mễ Trì (1 phần), Nhân Chính (1 phần), Trung Hòa (1 phần), Yên Hòa (1 phần)","tru_so":"Số 231 Nguyễn Ngọc Vũ, phường Yên Hòa","loai":"Phường","cap":2,"stt":27,"dtich_km2":4.1,"dan_so":77029,"matdo_km2":18787.56,"ma_tinh":"01","ten_tinh":"Hà Nội"}},
{"type":"Feature","geometry":{"type":"Polygon","coordinates":[[[105.6385,21.2073],[105.6324,21.2086],[105.6277,21.2108],[105.6242,21.2089],[105.6216,21.2061],[105.6167,21.2088],[105.6162,21.2026],[105.6198,21.2019],[105.6226,21.2004],[105.6216,21.1975],[105.622,21.1947],[105.6246,21.1935],[105.6247,21.188],[105.6291,21.1849],[105.625,21.1817],[105.6245,21.1798],[105.6265,21.178],[105.6266,21.1711],[105.6348,21.164],[105.6416,21.1574],[105.6578,21.1394],[105.662,21.1351],[105.667,21.1324],[105.6735,21.1331],[105.676,21.1339],[105.6838,21.1393],[105.6896,21.1409],[105.6971,21.1421],[105.6988,21.1538],[105.6991,21.162],[105.6985,21.165],[105.7015,21.1646],[105.7011,21.1709],[105.702,21.176],[105.6909,21.1862],[105.6895,21.1865],[105.6841,21.1828],[105.6773,21.189],[105.678,21.1913],[105.6668,21.2012],[105.6644,21.1992],[105.6592,21.2011],[105.6572,21.2034],[105.6537,21.2047],[105.6526,21.2066],[105.645,21.2054],[105.6385,21.2073]]]},"properties":{"ma_xa":"08980","ten_xa":"Yên Lãng","sap_nhap":"Chu Phan, Hoàng Kim, Liên Mạc, Thạch Đà (1 phần), Văn Khê (1 phần), Tiến Thịnh (1 phần), Trung Châu (1 phần), Thọ Xuân (1 phần), Thọ An (1 phần), Hồng Hà (1 phần)","tru_so":"Thôn 1 - Thạch Đà, xã Yên Lãng","loai":"Xã","cap":2,"stt":119,"dtich_km2":44.81,"dan_so":71339,"matdo_km2":1592.03,"ma_tinh":"01","ten_tinh":"Hà Nội"}},
{"type":"Feature","geometry":{"type":"Polygon","coordinates":[[[105.7542,20.9541],[105.7455,20.9597],[105.738,20.9632],[105.7316,20.9596],[105.7304,20.9608],[105.7251,20.9554],[105.725,20.951],[105.7221,20.9488],[105.7138,20.9446],[105.7119,20.9421],[105.7122,20.9377],[105.7154,20.9351],[105.7202,20.9347],[105.7221,20.936],[105.7238,20.9417],[105.7257,20.9407],[105.7283,20.9348],[105.7303,20.9275],[105.73,20.9206],[105.7324,20.9152],[105.7362,20.9133],[105.7407,20.9124],[105.7421,20.9153],[105.7496,20.9165],[105.7487,20.9204],[105.7508,20.9208],[105.7508,20.9258],[105.75,20.9289],[105.7513,20.9345],[105.7493,20.935],[105.748,20.9396],[105.7463,20.9399],[105.7453,20.9454],[105.7466,20.9456],[105.7503,20.9512],[105.7542,20.9541]]]},"properties":{"ma_xa":"09562","ten_xa":"Yên Nghĩa","sap_nhap":"Đồng Mai (1 phần), Yên Nghĩa (1 phần)","tru_so":"Tổ dân phố 10, phường Yên Nghĩa","loai":"Phường","cap":2,"stt":45,"dtich_km2":13.18,"dan_so":49643,"matdo_km2":3766.54,"ma_tinh":"01","ten_tinh":"Hà Nội"}},
{"type":"Feature","geometry":{"type":"Polygon","coordinates":[[[105.8711,20.9566],[105.8745,20.9611],[105.8763,20.9663],[105.8717,20.9644],[105.8609,20.9641],[105.85,20.9658],[105.8421,20.9658],[105.8421,20.9616],[105.8441,20.9512],[105.8475,20.9521],[105.8489,20.9478],[105.8542,20.9472],[105.864,20.9432],[105.865,20.9494],[105.8676,20.9536],[105.8711,20.9566]]]},"properties":{"ma_xa":"00340","ten_xa":"Yên Sở","sap_nhap":"Thịnh Liệt (1 phần), Yên Sở (1 phần), Tứ Hiệp (1 phần), Hoàng Liệt (1 phần), Trần Phú (1 phần)","tru_so":"Số 8 ngõ 6 phố Bùi Huy Bích","loai":"Phường","cap":2,"stt":21,"dtich_km2":5.62,"dan_so":40948,"matdo_km2":7286.12,"ma_tinh":"01","ten_tinh":"Hà Nội"}},
{"type":"Feature","geometry":{"type":"Polygon","coordinates":[[[105.4615,21.0129],[105.4548,21.0115],[105.4505,21.0142],[105.4457,21.015],[105.4433,21.014],[105.4402,21.0159],[105.4337,21.017],[105.4311,21.0147],[105.4276,21.0144],[105.4191,21.0126],[105.4172,21.0114],[105.4129,21.014],[105.411,21.0182],[105.4064,21.0168],[105.4031,21.0144],[105.4001,21.0139],[105.398,21.0151],[105.3953,21.0141],[105.3919,21.0144],[105.3925,21.0086],[105.3917,21.0069],[105.3938,21.0029],[105.4034,20.9979],[105.4126,20.9984],[105.4172,20.9976],[105.4179,20.9926],[105.4213,20.9875],[105.4221,20.9819],[105.4278,20.9822],[105.4357,20.9744],[105.4401,20.9665],[105.443,20.9626],[105.4442,20.9564],[105.4443,20.9563],[105.4456,20.9552],[105.4524,20.9536],[105.4576,20.9503],[105.4596,20.9474],[105.465,20.9462],[105.4713,20.949],[105.4783,20.9487],[105.4856,20.941],[105.4902,20.9338],[105.4953,20.9329],[105.4991,20.9303],[105.5022,20.9311],[105.5038,20.9294],[105.5117,20.9347],[105.516,20.94],[105.5174,20.9441],[105.516,20.9485],[105.5198,20.9509],[105.5219,20.9503],[105.5291,20.9539],[105.529,20.9572],[105.5277,20.9605],[105.5301,20.9652],[105.5293,20.9679],[105.5264,20.9719],[105.5295,20.9782],[105.5272,20.9809],[105.525,20.9901],[105.5169,20.9902],[105.5076,20.9895],[105.4982,20.9905],[105.4905,20.9939],[105.4834,20.9989],[105.468,21.0104],[105.4657,21.0124],[105.4615,21.0129]]]},"properties":{"ma_xa":"04930","ten_xa":"Yên Xuân","sap_nhap":"Đông Xuân (huyện Quốc Oai), Yên Bình, Yên Trung, Tiến Xuân (1 phần), Thạch Hòa (1 phần)","tru_so":"Thôn 3, Yên Bình, xã Yên Xuân","loai":"Xã","cap":2,"stt":97,"dtich_km2":78.01,"dan_so":29375,"matdo_km2":376.55,"ma_tinh":"01","ten_tinh":"Hà Nội"}}
]}