{"type":"FeatureCollection", "features": [
{"type":"Feature","geometry":{"type":"Polygon","coordinates":[[[105.4158,9.2137],[105.4138,9.2142],[105.4091,9.2135],[105.409,9.217],[105.4068,9.2232],[105.3859,9.2174],[105.3768,9.2144],[105.3333,9.1971],[105.3238,9.1931],[105.3007,9.1854],[105.2993,9.1847],[105.3003,9.1832],[105.3006,9.1782],[105.3036,9.1746],[105.3027,9.1718],[105.3038,9.1668],[105.3057,9.165],[105.3051,9.1618],[105.3094,9.1581],[105.3099,9.1544],[105.3119,9.1505],[105.3068,9.1492],[105.3141,9.1293],[105.32,9.1273],[105.3197,9.1192],[105.3204,9.1163],[105.3182,9.1136],[105.3188,9.1118],[105.322,9.1086],[105.3248,9.1067],[105.3325,9.1109],[105.3336,9.1079],[105.3364,9.1101],[105.3393,9.1063],[105.3447,9.1151],[105.344,9.1202],[105.3467,9.1188],[105.3548,9.1309],[105.3557,9.1369],[105.3623,9.1355],[105.3884,9.131],[105.3897,9.1351],[105.404,9.1357],[105.4052,9.1436],[105.408,9.162],[105.4158,9.2137]]]},"properties":{"ma_xa":"31988","ten_xa":"An Trạch","sap_nhap":"An Trạch A, An Trạch","tru_so":"đang cập nhật","loai":"Xã","cap":2,"stt":52,"dtich_km2":49.22,"dan_so":15251,"matdo_km2":309.85,"ma_tinh":"96","ten_tinh":"Cà Mau"}},
{"type":"Feature","geometry":{"type":"Polygon","coordinates":[[[105.2553,9.2428],[105.2455,9.2499],[105.2393,9.2472],[105.2367,9.2436],[105.2296,9.2475],[105.2255,9.2464],[105.2234,9.247],[105.2213,9.2457],[105.2201,9.2429],[105.2167,9.2422],[105.2127,9.2473],[105.2086,9.2448],[105.2062,9.249],[105.2034,9.2586],[105.2033,9.265],[105.2027,9.2674],[105.1919,9.2666],[105.1892,9.2655],[105.1857,9.2657],[105.1798,9.2641],[105.1782,9.2669],[105.1759,9.2645],[105.1726,9.2655],[105.1705,9.2632],[105.1703,9.2593],[105.1665,9.2578],[105.1648,9.256],[105.1658,9.2532],[105.1638,9.2517],[105.1612,9.2517],[105.1599,9.2487],[105.1525,9.2434],[105.1515,9.2453],[105.1483,9.243],[105.1474,9.2381],[105.1431,9.2356],[105.1425,9.2336],[105.1395,9.2334],[105.1374,9.2299],[105.1368,9.2272],[105.1346,9.2256],[105.1192,9.2083],[105.1219,9.2075],[105.1237,9.205],[105.1231,9.1987],[105.1221,9.1955],[105.1246,9.1909],[105.1356,9.1806],[105.1399,9.1775],[105.1434,9.1788],[105.1463,9.1772],[105.1487,9.1778],[105.1495,9.1809],[105.1782,9.1985],[105.181,9.2004],[105.1829,9.2036],[105.1889,9.2054],[105.2008,9.2099],[105.2067,9.2109],[105.2098,9.2139],[105.2129,9.2137],[105.2151,9.2161],[105.2203,9.2183],[105.2229,9.218],[105.2265,9.2236],[105.2295,9.2259],[105.2328,9.2243],[105.2342,9.2238],[105.2385,9.225],[105.2405,9.2267],[105.2484,9.2369],[105.2518,9.2404],[105.2553,9.2428]]]},"properties":{"ma_xa":"32002","ten_xa":"An Xuyên","sap_nhap":"Phường 1, Phường 2 (thành phố Cà Mau), Phường 9, Tân Xuyên, An Xuyên","tru_so":"đang cập nhật","loai":"Phường","cap":2,"stt":1,"dtich_km2":69.9,"dan_so":81303,"matdo_km2":1163.13,"ma_tinh":"96","ten_tinh":"Cà Mau"}},
{"type":"Feature","geometry":{"type":"Polygon","coordinates":[[[105.734,9.3187],[105.7308,9.3215],[105.7262,9.3184],[105.7237,9.3141],[105.7197,9.3133],[105.7193,9.3159],[105.7136,9.3124],[105.7095,9.3112],[105.7082,9.3145],[105.7038,9.3136],[105.6952,9.31],[105.6914,9.3094],[105.6887,9.3071],[105.6827,9.3065],[105.6813,9.3049],[105.6823,9.3023],[105.6793,9.3011],[105.684,9.2951],[105.6841,9.2916],[105.6865,9.2889],[105.6878,9.2835],[105.6898,9.2791],[105.6933,9.2758],[105.692,9.2741],[105.6914,9.2682],[105.6935,9.2643],[105.6923,9.2631],[105.6943,9.2573],[105.6977,9.2606],[105.7028,9.2606],[105.706,9.2635],[105.7107,9.2651],[105.7133,9.2572],[105.7239,9.2593],[105.7263,9.2615],[105.7281,9.2666],[105.7299,9.2698],[105.73,9.273],[105.7264,9.2822],[105.7248,9.2843],[105.7352,9.2923],[105.7386,9.2939],[105.7394,9.2957],[105.7437,9.2998],[105.7468,9.3004],[105.7349,9.3147],[105.734,9.3187]]]},"properties":{"ma_xa":"31825","ten_xa":"Bạc Liêu","sap_nhap":"Phường 1, Phường 2, Phường 7, Phường 8 (thành phố Bạc Liêu), Phường 3","tru_so":"đang cập nhật","loai":"Phường","cap":2,"stt":40,"dtich_km2":5.98,"dan_so":24456,"matdo_km2":4089.63,"ma_tinh":"96","ten_tinh":"Cà Mau"}},
{"type":"Feature","geometry":{"type":"Polygon","coordinates":[[[105.0328,9.5404],[105.003,9.5585],[105,9.5486],[104.9975,9.543],[104.9949,9.5402],[104.9926,9.539],[104.9901,9.5409],[104.9815,9.5423],[104.9723,9.5473],[104.9655,9.553],[104.963,9.5559],[104.9599,9.5516],[104.962,9.5494],[104.9909,9.5208],[105.0101,9.5019],[105.0225,9.4742],[105.0381,9.4402],[105.0563,9.3677],[105.0571,9.3658],[105.0731,9.3742],[105.0748,9.3719],[105.099,9.3851],[105.1186,9.4032],[105.1089,9.4095],[105.1151,9.4147],[105.1183,9.4185],[105.1173,9.4216],[105.1197,9.4247],[105.0968,9.4386],[105.137,9.4779],[105.121,9.487],[105.0647,9.5213],[105.0328,9.5404]]]},"properties":{"ma_xa":"32069","ten_xa":"Biển Bạch","sap_nhap":"Tân Bằng, Biển Bạch Đông, Biển Bạch","tru_so":"đang cập nhật","loai":"Xã","cap":2,"stt":28,"dtich_km2":158.2,"dan_so":35702,"matdo_km2":225.68,"ma_tinh":"96","ten_tinh":"Cà Mau"}},
{"type":"Feature","geometry":{"type":"MultiPolygon","coordinates":[[[[104.8252,8.7747],[104.8323,8.7762],[104.8415,8.7816],[104.8277,8.7766],[104.8252,8.7747]]],[[[104.8511,8.8681],[104.8471,8.8728],[104.842,8.8726],[104.8357,8.8771],[104.8204,8.8823],[104.8179,8.8973],[104.8094,8.8983],[104.8,8.8986],[104.7983,8.897],[104.7961,8.8899],[104.7943,8.8819],[104.7913,8.871],[104.7912,8.8676],[104.7943,8.8644],[104.7917,8.8624],[104.79,8.8593],[104.7873,8.8516],[104.7845,8.8415],[104.7815,8.8273],[104.7807,8.8171],[104.7823,8.8068],[104.785,8.8026],[104.7888,8.7946],[104.8012,8.7806],[104.8086,8.7744],[104.8115,8.7728],[104.8212,8.7749],[104.8249,8.777],[104.8273,8.7767],[104.8519,8.7857],[104.8744,8.7929],[104.885,8.7966],[104.8865,8.796],[104.8944,8.8004],[104.8968,8.8013],[104.899,8.7991],[104.9,8.8015],[104.9001,8.8061],[104.9033,8.8121],[104.8954,8.8191],[104.8862,8.8267],[104.8845,8.8301],[104.8795,8.8362],[104.864,8.8538],[104.8511,8.8681]]]]},"properties":{"ma_xa":"32212","ten_xa":"Cái Đôi Vàm","sap_nhap":"Cái Đôi Vàm (thị trấn), Nguyễn Việt Khái","tru_so":"đang cập nhật","loai":"Xã","cap":2,"stt":32,"dtich_km2":131.1,"dan_so":36444,"matdo_km2":277.99,"ma_tinh":"96","ten_tinh":"Cà Mau"}},
{"type":"Feature","geometry":{"type":"Polygon","coordinates":[[[104.9709,8.9623],[104.9674,8.962],[104.9652,8.9634],[104.9633,8.9591],[104.9653,8.9564],[104.9589,8.9429],[104.9596,8.9307],[104.9625,8.9283],[104.968,8.9221],[104.9713,8.9208],[104.9701,8.9161],[104.9723,8.9135],[104.9727,8.9102],[104.9753,8.9093],[104.9769,8.9022],[104.9794,8.8994],[104.9779,8.8974],[104.9817,8.8963],[104.9822,8.8921],[104.9787,8.8898],[104.98,8.8865],[104.9792,8.8807],[104.9803,8.8783],[104.9824,8.8798],[104.9887,8.8799],[104.9903,8.8771],[104.9935,8.878],[104.9962,8.8772],[104.9978,8.8803],[105.0014,8.8786],[105.0042,8.875],[105.0069,8.8754],[105.0075,8.8728],[105.006,8.8683],[105.0107,8.8675],[105.0088,8.8639],[105.0115,8.8614],[105.0104,8.857],[105.0127,8.8556],[105.013,8.8534],[105.0173,8.852],[105.0204,8.8537],[105.0218,8.8558],[105.0309,8.8646],[105.0329,8.8655],[105.0379,8.8659],[105.0412,8.8672],[105.0442,8.8698],[105.0486,8.8724],[105.0544,8.8751],[105.0574,8.8792],[105.0639,8.8805],[105.0678,8.8824],[105.0793,8.8923],[105.0833,8.8967],[105.0848,8.8995],[105.0854,8.9042],[105.091,8.9068],[105.0923,8.9133],[105.0945,8.9198],[105.096,8.9262],[105.0981,8.9312],[105.0952,8.9324],[105.0924,8.9309],[105.0867,8.9311],[105.0854,8.9329],[105.0823,8.9341],[105.0819,8.9377],[105.0802,8.9413],[105.0788,8.9412],[105.0757,8.9551],[105.0745,8.9568],[105.0702,8.9568],[105.0664,8.9542],[105.0652,8.956],[105.063,8.9541],[105.0595,8.9552],[105.0592,8.9526],[105.0544,8.9515],[105.0544,8.9472],[105.0498,8.9455],[105.0487,8.9413],[105.0451,8.9441],[105.0394,8.9456],[105.0362,8.9454],[105.0355,8.9472],[105.0362,8.9568],[105.0322,8.9573],[105.0288,8.9599],[105.0257,8.9592],[105.0253,8.9614],[105.0214,8.9628],[105.0203,8.9608],[105.0035,8.9567],[104.9709,8.9623]]]},"properties":{"ma_xa":"32128","ten_xa":"Cái Nước","sap_nhap":"Cái Nước (thị trấn), Trần Thới, Đông Hưng (1 phần), Đông Thới (1 phần), Tân Hưng Đông (1 phần)","tru_so":"đang cập nhật","loai":"Xã","cap":2,"stt":39,"dtich_km2":118.25,"dan_so":54397,"matdo_km2":460.02,"ma_tinh":"96","ten_tinh":"Cà Mau"}},
{"type":"Feature","geometry":{"type":"Polygon","coordinates":[[[105.6879,9.379],[105.6852,9.3784],[105.6825,9.3845],[105.68,9.3834],[105.6774,9.3842],[105.6731,9.3908],[105.6704,9.3893],[105.6631,9.3886],[105.6576,9.3863],[105.6539,9.3859],[105.6526,9.388],[105.6499,9.3873],[105.6499,9.3924],[105.6478,9.3948],[105.6434,9.3936],[105.6389,9.3948],[105.6367,9.3962],[105.641,9.4035],[105.6407,9.4067],[105.6387,9.409],[105.6314,9.4113],[105.6323,9.4154],[105.6288,9.4187],[105.6234,9.4178],[105.6217,9.4143],[105.6196,9.4151],[105.6168,9.4102],[105.6172,9.4079],[105.6137,9.4074],[105.6119,9.4123],[105.6081,9.4127],[105.6017,9.4175],[105.6029,9.4212],[105.5997,9.4243],[105.5956,9.4194],[105.5876,9.4236],[105.5811,9.4119],[105.5787,9.4134],[105.5525,9.39],[105.5498,9.3803],[105.5607,9.3672],[105.5748,9.3495],[105.5762,9.3577],[105.5782,9.3595],[105.6021,9.361],[105.6066,9.3642],[105.6076,9.3614],[105.6113,9.3603],[105.6181,9.3626],[105.6194,9.3617],[105.6242,9.3628],[105.6527,9.3309],[105.6553,9.3337],[105.6593,9.3355],[105.6648,9.3371],[105.668,9.3369],[105.67,9.3351],[105.6747,9.3353],[105.6766,9.3329],[105.6802,9.3341],[105.6846,9.3327],[105.6879,9.3349],[105.6909,9.3342],[105.6939,9.3382],[105.6933,9.3407],[105.6951,9.3417],[105.7006,9.3381],[105.7037,9.3327],[105.7064,9.3337],[105.7078,9.3361],[105.7087,9.34],[105.712,9.3414],[105.7142,9.3448],[105.7049,9.3506],[105.7028,9.3486],[105.7001,9.3493],[105.6985,9.3524],[105.6984,9.3561],[105.6964,9.3672],[105.6879,9.379]]]},"properties":{"ma_xa":"31894","ten_xa":"Châu Thới","sap_nhap":"Vĩnh Hưng, Vĩnh Hưng A, Châu Thới","tru_so":"đang cập nhật","loai":"Xã","cap":2,"stt":64,"dtich_km2":23.04,"dan_so":12491,"matdo_km2":542.14,"ma_tinh":"96","ten_tinh":"Cà Mau"}},
{"type":"Feature","geometry":{"type":"Polygon","coordinates":[[[104.9945,9.1981],[104.9932,9.2183],[104.9917,9.2385],[104.9859,9.2392],[104.9766,9.2395],[104.9641,9.2395],[104.9303,9.2399],[104.9307,9.2773],[104.8975,9.276],[104.8788,9.2758],[104.8496,9.2747],[104.8339,9.2735],[104.8239,9.2742],[104.8232,9.27],[104.8221,9.2513],[104.8208,9.2399],[104.8198,9.2356],[104.8175,9.2184],[104.8139,9.2005],[104.81,9.1838],[104.8087,9.1818],[104.8083,9.1764],[104.8105,9.1742],[104.8101,9.1715],[104.8111,9.1693],[104.8116,9.1519],[104.8125,9.1498],[104.8121,9.1428],[104.8126,9.1378],[104.8218,9.1391],[104.8216,9.1486],[104.8243,9.1493],[104.8264,9.1483],[104.8314,9.1494],[104.8379,9.153],[104.8476,9.157],[104.8488,9.1546],[104.8576,9.158],[104.8581,9.1564],[104.8647,9.1586],[104.8644,9.1615],[104.8663,9.1622],[104.866,9.1672],[104.8697,9.1685],[104.8704,9.1712],[104.8871,9.1704],[104.8921,9.1669],[104.8941,9.1647],[104.9134,9.1649],[104.9134,9.1438],[104.9601,9.1702],[104.9593,9.1972],[104.9789,9.1971],[104.9945,9.1981]]]},"properties":{"ma_xa":"32104","ten_xa":"Đá Bạc","sap_nhap":"Khánh Bình Tây (bao gồm Hòn Đá Bạc), Khánh Bình Tây Bắc, Trần Hợi (1 phần)","tru_so":"đang cập nhật","loai":"Xã","cap":2,"stt":20,"dtich_km2":211.9,"dan_so":41022,"matdo_km2":193.59,"ma_tinh":"96","ten_tinh":"Cà Mau"}},
{"type":"Feature","geometry":{"type":"Polygon","coordinates":[[[105.2429,8.9768],[105.2325,8.9757],[105.2281,8.978],[105.2287,8.9804],[105.2279,8.9843],[105.2227,8.9857],[105.2187,8.9841],[105.2142,8.9857],[105.2107,8.9852],[105.2089,8.9892],[105.2127,8.9887],[105.2129,9.0025],[105.2059,9.0025],[105.2007,9.0041],[105.1984,9.0067],[105.1988,9.0162],[105.1927,9.0156],[105.1916,9.0187],[105.1928,9.0228],[105.1955,9.0225],[105.1961,9.0252],[105.1858,9.0252],[105.1854,9.0218],[105.1744,9.0339],[105.1717,9.0379],[105.1686,9.0354],[105.1643,9.0357],[105.1627,9.0317],[105.1589,9.0289],[105.1573,9.025],[105.1609,9.0152],[105.165,9.0163],[105.1645,9.012],[105.1621,9.0104],[105.1599,9.0027],[105.1603,9.001],[105.1628,8.9994],[105.1639,8.997],[105.1624,8.9925],[105.1625,8.9893],[105.1596,8.9868],[105.1596,8.9848],[105.1547,8.9758],[105.1534,8.968],[105.1554,8.9629],[105.1554,8.9596],[105.1539,8.9571],[105.1529,8.9499],[105.1536,8.9469],[105.1558,8.9456],[105.1587,8.946],[105.1602,8.9424],[105.16,8.9404],[105.1576,8.9378],[105.1542,8.9375],[105.1539,8.9351],[105.1567,8.9329],[105.1566,8.9257],[105.1573,8.9233],[105.1635,8.9229],[105.1716,8.9211],[105.1751,8.9227],[105.1806,8.9271],[105.1893,8.927],[105.1904,8.9285],[105.1964,8.9275],[105.2002,8.9258],[105.2046,8.9277],[105.2079,8.9256],[105.2117,8.9252],[105.2139,8.9213],[105.2136,8.9168],[105.2159,8.9115],[105.2201,8.912],[105.2242,8.911],[105.2294,8.9106],[105.2322,8.9091],[105.2319,8.9045],[105.2344,8.9],[105.2344,8.8955],[105.2398,8.8847],[105.2411,8.8879],[105.2475,8.8896],[105.2485,8.8943],[105.2483,8.898],[105.2458,8.902],[105.2422,8.9029],[105.2416,8.9083],[105.2445,8.9095],[105.2454,8.9118],[105.2457,8.9163],[105.247,8.918],[105.2458,8.9265],[105.2481,8.9313],[105.2464,8.935],[105.2468,8.9373],[105.2457,8.9452],[105.2448,8.9467],[105.2456,8.952],[105.2447,8.9577],[105.2463,8.9624],[105.2483,8.9635],[105.2447,8.971],[105.246,8.9739],[105.2429,8.9768]]]},"properties":{"ma_xa":"32152","ten_xa":"Đầm Dơi","sap_nhap":"Đầm Dơi (thị trấn), Tân Duyệt, Tân Dân, Tạ An Khương (1 phần)","tru_so":"đang cập nhật","loai":"Xã","cap":2,"stt":10,"dtich_km2":96.2,"dan_so":38106,"matdo_km2":396.11,"ma_tinh":"96","ten_tinh":"Cà Mau"}},
{"type":"Feature","geometry":{"type":"Polygon","coordinates":[[[105.013,8.8534],[105.0044,8.8505],[104.9962,8.8482],[104.9937,8.8464],[104.9892,8.84],[104.984,8.8371],[104.9701,8.8351],[104.9625,8.8367],[104.9604,8.8355],[104.9583,8.8307],[104.9545,8.828],[104.9493,8.8265],[104.9418,8.8254],[104.9315,8.8235],[104.9249,8.8207],[104.9182,8.8169],[104.9125,8.815],[104.908,8.8147],[104.9033,8.8121],[104.9001,8.8061],[104.9,8.8015],[104.899,8.7991],[104.8991,8.7942],[104.8979,8.7912],[104.8955,8.7892],[104.8893,8.7859],[104.8883,8.7839],[104.8841,8.7819],[104.8774,8.7702],[104.874,8.7632],[104.8736,8.7596],[104.8693,8.7594],[104.8626,8.755],[104.8633,8.7525],[104.8626,8.7495],[104.8584,8.7481],[104.8569,8.7456],[104.8535,8.7447],[104.8506,8.7413],[104.8439,8.739],[104.8378,8.7378],[104.8336,8.7354],[104.8286,8.7351],[104.8238,8.7358],[104.8181,8.7322],[104.8197,8.7252],[104.82,8.7221],[104.8192,8.7161],[104.8235,8.7111],[104.8362,8.6987],[104.8412,8.6946],[104.8458,8.6926],[104.852,8.6913],[104.8571,8.691],[104.8768,8.693],[104.8837,8.6927],[104.9,8.6914],[104.9076,8.6911],[104.915,8.6916],[104.9252,8.6948],[104.9329,8.6985],[104.9373,8.7015],[104.9482,8.7064],[104.9657,8.7148],[104.967,8.7162],[104.9687,8.7205],[104.9685,8.7359],[104.9708,8.7426],[104.9738,8.7455],[104.9792,8.7493],[104.9887,8.7535],[105.0021,8.7973],[105.0041,8.8045],[105.0161,8.8297],[105.0173,8.852],[105.013,8.8534]]]},"properties":{"ma_xa":"32201","ten_xa":"Đất Mới","sap_nhap":"Lâm Hải, Đất Mới, Năm Căn (thị trấn, 1 phần), Hàm Rồng (1 phần), Viên An (1 phần)","tru_so":"đang cập nhật","loai":"Xã","cap":2,"stt":29,"dtich_km2":222.94,"dan_so":27683,"matdo_km2":124.17,"ma_tinh":"96","ten_tinh":"Cà Mau"}},
{"type":"Feature","geometry":{"type":"MultiPolygon","coordinates":[[[[104.8538,8.42],[104.852,8.4215],[104.8485,8.4189],[104.8481,8.4149],[104.8493,8.4128],[104.8542,8.4139],[104.8573,8.4188],[104.8538,8.42]]],[[[104.8452,8.4444],[104.8453,8.4471],[104.8415,8.4504],[104.8388,8.4509],[104.8372,8.446],[104.832,8.4439],[104.8315,8.442],[104.8322,8.4381],[104.8289,8.4381],[104.826,8.4356],[104.8236,8.431],[104.8188,8.4275],[104.8191,8.4265],[104.8246,8.4216],[104.8297,8.4222],[104.8384,8.4262],[104.8394,8.4274],[104.837,8.4333],[104.8369,8.4379],[104.8408,8.4387],[104.8449,8.4419],[104.8452,8.4444]]],[[[104.8181,8.7322],[104.8137,8.7323],[104.8087,8.7291],[104.8001,8.7253],[104.7957,8.723],[104.7909,8.7172],[104.786,8.7061],[104.7866,8.7027],[104.7849,8.7018],[104.7818,8.695],[104.782,8.6925],[104.7839,8.6908],[104.7839,8.6879],[104.7867,8.6868],[104.7844,8.6848],[104.7844,8.6831],[104.7884,8.6781],[104.7906,8.6775],[104.7945,8.673],[104.7897,8.6689],[104.7905,8.665],[104.7963,8.6601],[104.7959,8.6582],[104.7862,8.6525],[104.7804,8.6509],[104.7812,8.6457],[104.7766,8.6489],[104.7691,8.6497],[104.763,8.6483],[104.7588,8.6456],[104.7554,8.6454],[104.7542,8.647],[104.7508,8.6471],[104.7481,8.6493],[104.7473,8.6526],[104.7445,8.6543],[104.7357,8.6567],[104.7272,8.6549],[104.721,8.6522],[104.7169,8.6482],[104.7144,8.6424],[104.7152,8.6412],[104.7123,8.634],[104.7124,8.6325],[104.7153,8.624],[104.7163,8.6148],[104.7175,8.6071],[104.7188,8.6052],[104.7216,8.605],[104.7292,8.5998],[104.7341,8.5986],[104.7374,8.5967],[104.7429,8.5962],[104.7468,8.593],[104.7545,8.5921],[104.7574,8.5906],[104.7647,8.5891],[104.7658,8.5882],[104.7759,8.5869],[104.781,8.5852],[104.7839,8.585],[104.7907,8.583],[104.7956,8.5824],[104.8026,8.5785],[104.8066,8.5783],[104.8046,8.5733],[104.8082,8.5709],[104.8148,8.5678],[104.8207,8.5661],[104.8209,8.5652],[104.8271,8.5634],[104.8317,8.5628],[104.8324,8.5641],[104.84,8.5653],[104.8456,8.5692],[104.8462,8.5705],[104.8497,8.5698],[104.8571,8.572],[104.8613,8.5708],[104.8663,8.5724],[104.87,8.5726],[104.8725,8.5717],[104.8771,8.5725],[104.8808,8.5743],[104.8842,8.575],[104.8861,8.5805],[104.8854,8.5875],[104.8843,8.5888],[104.8852,8.6006],[104.8832,8.6039],[104.8831,8.6061],[104.8787,8.6097],[104.8797,8.6182],[104.8834,8.625],[104.8864,8.6285],[104.887,8.6327],[104.897,8.6478],[104.9001,8.6505],[104.9038,8.6519],[104.9064,8.654],[104.9073,8.6562],[104.9079,8.6672],[104.9114,8.6715],[104.9139,8.6778],[104.9135,8.6835],[104.9152,8.6891],[104.915,8.6916],[104.9076,8.6911],[104.9,8.6914],[104.8837,8.6927],[104.8768,8.693],[104.8571,8.691],[104.852,8.6913],[104.8458,8.6926],[104.8412,8.6946],[104.8362,8.6987],[104.8235,8.7111],[104.8192,8.7161],[104.82,8.7221],[104.8197,8.7252],[104.8181,8.7322]]]]},"properties":{"ma_xa":"32248","ten_xa":"Đất Mũi","sap_nhap":"Đất Mũi, Viên An (1 phần), Tân Ân (1 phần)","tru_so":"đang cập nhật","loai":"Xã","cap":2,"stt":17,"dtich_km2":271.2,"dan_so":33298,"matdo_km2":122.78,"ma_tinh":"96","ten_tinh":"Cà Mau"}},
{"type":"Feature","geometry":{"type":"Polygon","coordinates":[[[105.404,9.1357],[105.3897,9.1351],[105.3884,9.131],[105.3623,9.1355],[105.3557,9.1369],[105.3548,9.1309],[105.3467,9.1188],[105.344,9.1202],[105.3447,9.1151],[105.3393,9.1063],[105.3364,9.1101],[105.3336,9.1079],[105.3325,9.1109],[105.3248,9.1067],[105.322,9.1086],[105.3188,9.1118],[105.3182,9.1136],[105.3204,9.1163],[105.3197,9.1192],[105.32,9.1273],[105.3141,9.1293],[105.3068,9.1492],[105.3119,9.1505],[105.3099,9.1544],[105.3094,9.1581],[105.3051,9.1618],[105.3057,9.165],[105.3038,9.1668],[105.3027,9.1718],[105.3036,9.1746],[105.3006,9.1782],[105.3003,9.1832],[105.2993,9.1847],[105.2873,9.1794],[105.2791,9.1742],[105.2791,9.1741],[105.2805,9.1626],[105.2758,9.1627],[105.272,9.1605],[105.2684,9.1597],[105.2633,9.151],[105.2635,9.1472],[105.2618,9.1412],[105.2588,9.1382],[105.2526,9.1353],[105.2501,9.1252],[105.2482,9.1225],[105.2499,9.1203],[105.2484,9.1169],[105.2472,9.1116],[105.2501,9.1077],[105.2509,9.1051],[105.2452,9.1014],[105.2464,9.0977],[105.2531,9.0931],[105.2537,9.0914],[105.2615,9.0944],[105.2637,9.0942],[105.2693,9.0873],[105.2735,9.0848],[105.2817,9.088],[105.2946,9.0905],[105.2986,9.0894],[105.3053,9.0841],[105.3091,9.0795],[105.3109,9.0782],[105.3158,9.0771],[105.3174,9.0752],[105.3182,9.0718],[105.3259,9.0707],[105.336,9.0664],[105.3402,9.0719],[105.3431,9.0721],[105.3491,9.0707],[105.3559,9.0711],[105.3591,9.0694],[105.3567,9.0664],[105.3578,9.0627],[105.3667,9.0598],[105.3724,9.0611],[105.374,9.0609],[105.376,9.0581],[105.3786,9.0574],[105.3819,9.0617],[105.3903,9.0667],[105.393,9.067],[105.3939,9.0705],[105.3979,9.0947],[105.3985,9.1003],[105.404,9.1357]]]},"properties":{"ma_xa":"31993","ten_xa":"Định Thành","sap_nhap":"An Phúc, Định Thành A, Định Thành","tru_so":"đang cập nhật","loai":"Xã","cap":2,"stt":51,"dtich_km2":31.58,"dan_so":13056,"matdo_km2":413.43,"ma_tinh":"96","ten_tinh":"Cà Mau"}},
{"type":"Feature","geometry":{"type":"Polygon","coordinates":[[[105.564,9.1997],[105.5487,9.2539],[105.5473,9.2591],[105.5464,9.259],[105.4861,9.2435],[105.4878,9.2387],[105.4895,9.2365],[105.4887,9.2341],[105.4912,9.2263],[105.4892,9.2226],[105.4884,9.2174],[105.5007,9.219],[105.5005,9.2156],[105.5035,9.2142],[105.5009,9.2101],[105.5018,9.2055],[105.4996,9.2008],[105.5004,9.197],[105.4967,9.1914],[105.4921,9.1935],[105.4887,9.1873],[105.488,9.1837],[105.4907,9.1842],[105.4909,9.1816],[105.4939,9.1822],[105.494,9.1765],[105.4951,9.1674],[105.4978,9.1634],[105.4942,9.1615],[105.5036,9.1484],[105.502,9.1472],[105.5031,9.143],[105.5011,9.142],[105.5018,9.1388],[105.4997,9.1378],[105.4994,9.1327],[105.503,9.1333],[105.5032,9.1272],[105.506,9.1283],[105.5088,9.1187],[105.5109,9.1159],[105.5115,9.1057],[105.5122,9.1027],[105.5142,9.1022],[105.5173,9.1039],[105.5217,9.1082],[105.5302,9.1134],[105.5391,9.1179],[105.5463,9.1201],[105.5487,9.1198],[105.5639,9.1245],[105.567,9.1262],[105.5732,9.1274],[105.5747,9.1284],[105.5824,9.1305],[105.5818,9.1369],[105.564,9.1997]]]},"properties":{"ma_xa":"31975","ten_xa":"Đông Hải","sap_nhap":"Long Điền Đông, Long Điền Đông A","tru_so":"đang cập nhật","loai":"Xã","cap":2,"stt":54,"dtich_km2":100.16,"dan_so":23062,"matdo_km2":230.25,"ma_tinh":"96","ten_tinh":"Cà Mau"}},
{"type":"Feature","geometry":{"type":"Polygon","coordinates":[[[105.4769,9.0787],[105.4725,9.082],[105.4691,9.0779],[105.4595,9.0853],[105.4596,9.0871],[105.4636,9.093],[105.4673,9.0996],[105.4656,9.102],[105.4558,9.107],[105.4483,9.1144],[105.447,9.1208],[105.4426,9.121],[105.4406,9.1224],[105.4435,9.1289],[105.4433,9.1326],[105.4442,9.1366],[105.4443,9.1407],[105.4422,9.1463],[105.4311,9.1467],[105.4298,9.1478],[105.425,9.1479],[105.425,9.1446],[105.4052,9.1436],[105.404,9.1357],[105.3985,9.1003],[105.3979,9.0947],[105.3939,9.0705],[105.393,9.067],[105.3948,9.0622],[105.3982,9.0595],[105.4026,9.0583],[105.4097,9.0521],[105.4109,9.049],[105.4104,9.0443],[105.4125,9.0416],[105.417,9.0391],[105.4194,9.0356],[105.4171,9.0287],[105.4165,9.0221],[105.4218,9.02],[105.4243,9.0214],[105.4275,9.025],[105.4283,9.0284],[105.4361,9.0362],[105.4478,9.0512],[105.4596,9.0642],[105.464,9.0687],[105.4655,9.0693],[105.4717,9.0742],[105.4769,9.0787]]]},"properties":{"ma_xa":"31972","ten_xa":"Gành Hào","sap_nhap":"Gành Hào (thị trấn), Long Điền Tây","tru_so":"đang cập nhật","loai":"Xã","cap":2,"stt":50,"dtich_km2":13.4,"dan_so":17587,"matdo_km2":1312.46,"ma_tinh":"96","ten_tinh":"Cà Mau"}},
{"type":"Feature","geometry":{"type":"Polygon","coordinates":[[[105.4019,9.3526],[105.3897,9.3569],[105.3852,9.3527],[105.3882,9.3487],[105.3885,9.345],[105.3865,9.3421],[105.3826,9.3383],[105.3825,9.3345],[105.3845,9.3305],[105.3559,9.3025],[105.3515,9.2981],[105.3482,9.2956],[105.343,9.2937],[105.3415,9.29],[105.3391,9.2874],[105.3873,9.2498],[105.4085,9.2333],[105.4051,9.2309],[105.4072,9.2277],[105.4068,9.2232],[105.409,9.217],[105.4091,9.2135],[105.4138,9.2142],[105.4158,9.2137],[105.4221,9.2145],[105.4247,9.2155],[105.4409,9.2095],[105.4421,9.2126],[105.4467,9.2134],[105.4473,9.2242],[105.4641,9.22],[105.4696,9.2285],[105.4672,9.2291],[105.4662,9.2318],[105.4707,9.2335],[105.4727,9.2366],[105.4771,9.237],[105.479,9.2362],[105.4851,9.2358],[105.4887,9.2341],[105.4895,9.2365],[105.4878,9.2387],[105.4861,9.2435],[105.4799,9.242],[105.4791,9.249],[105.48,9.2517],[105.4783,9.2549],[105.4754,9.2545],[105.4744,9.253],[105.4692,9.2532],[105.4647,9.2545],[105.4613,9.2521],[105.4592,9.2526],[105.4519,9.2491],[105.4303,9.2935],[105.4253,9.3043],[105.4118,9.332],[105.4019,9.3526]]]},"properties":{"ma_xa":"31942","ten_xa":"Giá Rai","sap_nhap":"Phường 1 (thị xã Giá Rai), Hộ Phòng, Phong Thạnh, Phong Thạnh A","tru_so":"đang cập nhật","loai":"Phường","cap":2,"stt":43,"dtich_km2":11.76,"dan_so":21974,"matdo_km2":1868.54,"ma_tinh":"96","ten_tinh":"Cà Mau"}},
{"type":"Feature","geometry":{"type":"Polygon","coordinates":[[[105.8273,9.2452],[105.8192,9.2726],[105.8237,9.2747],[105.8259,9.2766],[105.8251,9.2809],[105.8207,9.3015],[105.7706,9.282],[105.7719,9.2701],[105.76,9.2651],[105.7583,9.2685],[105.7499,9.2636],[105.7447,9.2618],[105.7452,9.2607],[105.735,9.2573],[105.7318,9.2622],[105.7295,9.2634],[105.7281,9.2666],[105.7263,9.2615],[105.7239,9.2593],[105.7133,9.2572],[105.716,9.2464],[105.7106,9.2439],[105.7129,9.2347],[105.7177,9.2363],[105.7198,9.2287],[105.7152,9.2271],[105.712,9.2268],[105.712,9.2237],[105.7097,9.2229],[105.7106,9.2201],[105.7194,9.2233],[105.7228,9.2235],[105.7296,9.1974],[105.7353,9.1998],[105.7405,9.1999],[105.7425,9.2034],[105.75,9.2055],[105.7618,9.2103],[105.7671,9.2138],[105.7723,9.2163],[105.7867,9.2256],[105.7896,9.2265],[105.8069,9.2364],[105.8134,9.238],[105.8248,9.2436],[105.8273,9.2452]]]},"properties":{"ma_xa":"31840","ten_xa":"Hiệp Thành","sap_nhap":"Nhà Mát, Vĩnh Trạch Đông, Hiệp Thành","tru_so":"đang cập nhật","loai":"Phường","cap":2,"stt":42,"dtich_km2":29.05,"dan_so":11864,"matdo_km2":408.4,"ma_tinh":"96","ten_tinh":"Cà Mau"}},
{"type":"Feature","geometry":{"type":"Polygon","coordinates":[[[105.1772,9.2929],[105.1607,9.3016],[105.1584,9.3025],[105.1281,9.3046],[105.1258,9.2975],[105.1106,9.2962],[105.1071,9.2963],[105.1031,9.2952],[105.0973,9.2954],[105.0937,9.2974],[105.0879,9.2974],[105.0793,9.2999],[105.0705,9.2999],[105.0652,9.2992],[105.0566,9.2959],[105.0646,9.2778],[105.0657,9.2777],[105.0745,9.2691],[105.0828,9.2679],[105.0869,9.2691],[105.0841,9.2583],[105.0817,9.2524],[105.0792,9.2492],[105.0737,9.2446],[105.0701,9.2394],[105.0709,9.2359],[105.0773,9.229],[105.0813,9.2221],[105.0829,9.217],[105.0854,9.2057],[105.0867,9.2016],[105.0897,9.2007],[105.0964,9.2018],[105.1007,9.2046],[105.1036,9.2057],[105.1128,9.208],[105.1192,9.2083],[105.1346,9.2256],[105.1368,9.2272],[105.1374,9.2299],[105.1395,9.2334],[105.1425,9.2336],[105.1431,9.2356],[105.1474,9.2381],[105.1483,9.243],[105.1515,9.2453],[105.1525,9.2434],[105.1599,9.2487],[105.1612,9.2517],[105.1638,9.2517],[105.1658,9.2532],[105.1648,9.256],[105.1665,9.2578],[105.1703,9.2593],[105.1705,9.2632],[105.1726,9.2655],[105.1759,9.2645],[105.1782,9.2669],[105.1792,9.2696],[105.1767,9.2741],[105.1751,9.275],[105.1761,9.2788],[105.1758,9.283],[105.1781,9.2893],[105.1772,9.2929]]]},"properties":{"ma_xa":"32092","ten_xa":"Hồ Thị Kỷ","sap_nhap":"Hồ Thị Kỷ","tru_so":"đang cập nhật","loai":"Xã","cap":2,"stt":27,"dtich_km2":93.6,"dan_so":27283,"matdo_km2":291.49,"ma_tinh":"96","ten_tinh":"Cà Mau"}},
{"type":"Feature","geometry":{"type":"Polygon","coordinates":[[[105.7037,9.3327],[105.7006,9.3381],[105.6951,9.3417],[105.6933,9.3407],[105.6939,9.3382],[105.6909,9.3342],[105.6879,9.3349],[105.6846,9.3327],[105.6802,9.3341],[105.6766,9.3329],[105.6747,9.3353],[105.67,9.3351],[105.668,9.3369],[105.6648,9.3371],[105.6593,9.3355],[105.6553,9.3337],[105.6527,9.3309],[105.6535,9.33],[105.6248,9.3086],[105.6129,9.2991],[105.6116,9.3008],[105.6091,9.2986],[105.6101,9.2942],[105.6071,9.2934],[105.6061,9.2913],[105.6067,9.2858],[105.6057,9.2839],[105.6056,9.2799],[105.608,9.2769],[105.6123,9.2758],[105.5884,9.2696],[105.571,9.2654],[105.5486,9.2595],[105.5473,9.2591],[105.5487,9.2539],[105.564,9.1997],[105.5712,9.2012],[105.5733,9.2021],[105.5732,9.2044],[105.5773,9.2051],[105.5815,9.2067],[105.6013,9.2118],[105.609,9.2142],[105.6224,9.2191],[105.6232,9.2264],[105.6291,9.2291],[105.6296,9.2302],[105.6371,9.2331],[105.6446,9.2436],[105.6365,9.2601],[105.6565,9.2671],[105.6593,9.2603],[105.6671,9.2641],[105.6698,9.2637],[105.671,9.2664],[105.6753,9.2678],[105.6736,9.2734],[105.6898,9.2791],[105.6878,9.2835],[105.6865,9.2889],[105.6841,9.2916],[105.684,9.2951],[105.6793,9.3011],[105.6823,9.3023],[105.6813,9.3049],[105.6827,9.3065],[105.6887,9.3071],[105.6914,9.3094],[105.6952,9.31],[105.7038,9.3136],[105.7082,9.3145],[105.7054,9.3231],[105.7032,9.3247],[105.7037,9.3327]]]},"properties":{"ma_xa":"31891","ten_xa":"Hòa Bình","sap_nhap":"Hòa Bình (thị trấn), Vĩnh Mỹ A, Long Thạnh","tru_so":"đang cập nhật","loai":"Xã","cap":2,"stt":55,"dtich_km2":26.54,"dan_so":25794,"matdo_km2":971.89,"ma_tinh":"96","ten_tinh":"Cà Mau"}},
{"type":"Feature","geometry":{"type":"Polygon","coordinates":[[[105.2791,9.1741],[105.2702,9.1683],[105.2567,9.1635],[105.2499,9.1618],[105.222,9.1638],[105.2139,9.1662],[105.2037,9.1702],[105.1978,9.1719],[105.1664,9.1753],[105.158,9.1728],[105.1548,9.1735],[105.1487,9.1778],[105.1463,9.1772],[105.1463,9.1734],[105.1541,9.1684],[105.1544,9.1645],[105.1564,9.1565],[105.1588,9.1552],[105.1606,9.1517],[105.1609,9.1477],[105.1621,9.1441],[105.1644,9.1402],[105.1639,9.1373],[105.1597,9.133],[105.1602,9.1291],[105.1633,9.1254],[105.1636,9.1234],[105.1617,9.1204],[105.159,9.118],[105.157,9.1136],[105.1566,9.1066],[105.1572,9.1012],[105.1602,9.0999],[105.1641,9.1009],[105.1651,9.1],[105.1612,9.0964],[105.1622,9.0933],[105.1648,9.0911],[105.1676,9.0904],[105.1716,9.0908],[105.173,9.0896],[105.1738,9.0855],[105.1811,9.0849],[105.1848,9.0886],[105.1872,9.0889],[105.1929,9.0864],[105.1953,9.0822],[105.1984,9.0824],[105.2035,9.0856],[105.2063,9.0861],[105.2109,9.0846],[105.2177,9.0862],[105.2207,9.0859],[105.2241,9.0835],[105.2274,9.0849],[105.2311,9.0898],[105.2344,9.0895],[105.2407,9.0859],[105.2428,9.0856],[105.2464,9.0916],[105.2503,9.0907],[105.2537,9.0914],[105.2531,9.0931],[105.2464,9.0977],[105.2452,9.1014],[105.2509,9.1051],[105.2501,9.1077],[105.2472,9.1116],[105.2484,9.1169],[105.2499,9.1203],[105.2482,9.1225],[105.2501,9.1252],[105.2526,9.1353],[105.2588,9.1382],[105.2618,9.1412],[105.2635,9.1472],[105.2633,9.151],[105.2684,9.1597],[105.272,9.1605],[105.2758,9.1627],[105.2805,9.1626],[105.2791,9.1741]]]},"properties":{"ma_xa":"32041","ten_xa":"Hòa Thành","sap_nhap":"Hòa Tân, Hòa Thành, Phường 7 (thành phố Cà Mau, 1 phần), Phường 6 (1 phần), Định Bình (1 phần), Tắc Vân (1 phần)","tru_so":"đang cập nhật","loai":"Phường","cap":2,"stt":4,"dtich_km2":97.29,"dan_so":47167,"matdo_km2":484.81,"ma_tinh":"96","ten_tinh":"Cà Mau"}},
{"type":"Feature","geometry":{"type":"Polygon","coordinates":[[[105.4804,9.5849],[105.4761,9.5843],[105.4758,9.5874],[105.4774,9.5891],[105.4767,9.5919],[105.4713,9.5965],[105.4689,9.5955],[105.4685,9.5915],[105.4649,9.5894],[105.4619,9.5867],[105.4586,9.5898],[105.4552,9.5901],[105.451,9.5871],[105.4482,9.589],[105.4486,9.5918],[105.4474,9.596],[105.4448,9.5967],[105.4406,9.5948],[105.4382,9.5968],[105.4308,9.6008],[105.4292,9.5995],[105.4288,9.5953],[105.4234,9.5956],[105.4177,9.5928],[105.4273,9.582],[105.4263,9.5813],[105.4209,9.5687],[105.4199,9.5623],[105.4171,9.5614],[105.4163,9.558],[105.4123,9.5565],[105.4096,9.5568],[105.4093,9.5527],[105.408,9.5501],[105.4079,9.5456],[105.4036,9.5396],[105.4053,9.5389],[105.4054,9.5357],[105.4012,9.5349],[105.3953,9.5294],[105.392,9.5304],[105.3892,9.5271],[105.3849,9.5261],[105.3806,9.5204],[105.3758,9.5168],[105.3774,9.5154],[105.4125,9.4827],[105.4197,9.4759],[105.4207,9.4749],[105.4252,9.4894],[105.4384,9.4867],[105.4402,9.4927],[105.4581,9.4873],[105.4649,9.485],[105.4745,9.4888],[105.4756,9.4874],[105.4823,9.483],[105.4837,9.4806],[105.4851,9.4799],[105.4895,9.483],[105.4957,9.4842],[105.4953,9.4872],[105.4926,9.4878],[105.4922,9.4904],[105.4895,9.4901],[105.4898,9.4954],[105.4888,9.5041],[105.4959,9.5055],[105.4913,9.5107],[105.4925,9.5123],[105.4942,9.5185],[105.4945,9.5217],[105.4965,9.5254],[105.4955,9.5291],[105.5008,9.5287],[105.5,9.5336],[105.5032,9.5333],[105.5051,9.5351],[105.5054,9.5416],[105.5036,9.5431],[105.5036,9.5464],[105.5075,9.5461],[105.5075,9.5603],[105.5101,9.5605],[105.5095,9.5642],[105.5153,9.5643],[105.5155,9.5728],[105.5146,9.5751],[105.5108,9.5787],[105.511,9.5839],[105.5042,9.5862],[105.5052,9.5896],[105.503,9.5912],[105.499,9.5899],[105.4938,9.5908],[105.4933,9.587],[105.4912,9.5835],[105.4893,9.5821],[105.4866,9.5841],[105.4804,9.5849]]]},"properties":{"ma_xa":"31843","ten_xa":"Hồng Dân","sap_nhap":"Ngan Dừa (thị trấn), Lộc Ninh, Ninh Hòa","tru_so":"đang cập nhật","loai":"Xã","cap":2,"stt":46,"dtich_km2":15.62,"dan_so":13838,"matdo_km2":885.92,"ma_tinh":"96","ten_tinh":"Cà Mau"}},
{"type":"Feature","geometry":{"type":"Polygon","coordinates":[[[105.8553,9.3848],[105.8523,9.3853],[105.8531,9.388],[105.8496,9.3883],[105.8481,9.3902],[105.8486,9.3949],[105.8466,9.3992],[105.8423,9.4],[105.8433,9.4036],[105.8418,9.4047],[105.8392,9.4032],[105.8365,9.4009],[105.8323,9.4015],[105.8318,9.3988],[105.8353,9.3988],[105.834,9.393],[105.8291,9.3903],[105.8265,9.3926],[105.8214,9.3943],[105.821,9.3901],[105.8223,9.3856],[105.8202,9.3832],[105.8194,9.3795],[105.8146,9.3778],[105.8135,9.3766],[105.8154,9.374],[105.8174,9.3736],[105.8168,9.3702],[105.8117,9.3705],[105.8088,9.3716],[105.8058,9.376],[105.7997,9.3745],[105.7964,9.3772],[105.7925,9.3776],[105.79,9.3804],[105.7908,9.383],[105.7892,9.3841],[105.7855,9.3827],[105.7832,9.3807],[105.7792,9.3817],[105.7765,9.3791],[105.7783,9.3715],[105.7769,9.3677],[105.7802,9.3629],[105.7787,9.3601],[105.7708,9.3601],[105.7687,9.3574],[105.7672,9.3604],[105.7622,9.3602],[105.7636,9.3568],[105.7583,9.3554],[105.7578,9.3538],[105.7533,9.3517],[105.7495,9.352],[105.7505,9.3494],[105.749,9.3467],[105.7512,9.3435],[105.7464,9.3374],[105.7458,9.3344],[105.7434,9.3333],[105.7323,9.3305],[105.7341,9.3272],[105.735,9.3222],[105.734,9.3187],[105.7349,9.3147],[105.7468,9.3004],[105.749,9.3015],[105.7528,9.3064],[105.7553,9.307],[105.7616,9.3104],[105.7643,9.3135],[105.7687,9.3163],[105.7733,9.3171],[105.7764,9.3199],[105.7923,9.3284],[105.812,9.3393],[105.8218,9.3448],[105.8305,9.3487],[105.8466,9.3541],[105.8514,9.3562],[105.8544,9.3599],[105.8589,9.3598],[105.8605,9.3641],[105.8577,9.3658],[105.8567,9.368],[105.8571,9.3732],[105.8541,9.3756],[105.8529,9.38],[105.8562,9.3818],[105.8553,9.3848]]]},"properties":{"ma_xa":"31906","ten_xa":"Hưng Hội","sap_nhap":"Hưng Thành, Hưng Hội","tru_so":"đang cập nhật","loai":"Xã","cap":2,"stt":63,"dtich_km2":28.38,"dan_so":14748,"matdo_km2":519.66,"ma_tinh":"96","ten_tinh":"Cà Mau"}},
{"type":"Feature","geometry":{"type":"Polygon","coordinates":[[[105.0707,9.0396],[105.0669,9.0422],[105.0599,9.0435],[105.0593,9.047],[105.0563,9.0473],[105.0489,9.0517],[105.0478,9.0488],[105.041,9.0514],[105.038,9.0516],[105.0311,9.0448],[105.0129,9.0585],[105.0047,9.0619],[105.0022,9.0623],[104.9996,9.06],[104.9971,9.0592],[104.9873,9.059],[104.9868,9.0533],[104.9748,9.0507],[104.9735,9.0475],[104.9703,9.0449],[104.9698,9.0422],[104.9658,9.0414],[104.9609,9.0314],[104.9603,9.0283],[104.9607,9.0215],[104.9594,9.0185],[104.9618,9.0174],[104.9643,9.0185],[104.9689,9.0142],[104.9691,9.0092],[104.9709,9.004],[104.9671,8.9971],[104.9759,8.993],[104.9709,8.9623],[105.0035,8.9567],[105.0203,8.9608],[105.0214,8.9628],[105.0253,8.9614],[105.0257,8.9592],[105.0288,8.9599],[105.0322,8.9573],[105.0362,8.9568],[105.0355,8.9472],[105.0362,8.9454],[105.0394,8.9456],[105.0451,8.9441],[105.0487,8.9413],[105.0498,8.9455],[105.0544,8.9472],[105.0544,8.9515],[105.0592,8.9526],[105.0595,8.9552],[105.0624,8.9795],[105.0582,8.9826],[105.0573,8.9843],[105.0526,8.9844],[105.0538,8.9911],[105.051,8.9908],[105.0507,8.9942],[105.047,9.0055],[105.0428,9.0043],[105.0423,9.0132],[105.0511,9.0204],[105.0542,9.0249],[105.055,9.0296],[105.0615,9.0306],[105.0653,9.0335],[105.0658,9.0362],[105.0675,9.0378],[105.0699,9.0376],[105.0707,9.0396]]]},"properties":{"ma_xa":"32140","ten_xa":"Hưng Mỹ","sap_nhap":"Hưng Mỹ, Tân Hưng Đông (1 phần), Hòa Mỹ (1 phần)","tru_so":"đang cập nhật","loai":"Xã","cap":2,"stt":38,"dtich_km2":98.4,"dan_so":38687,"matdo_km2":393.16,"ma_tinh":"96","ten_tinh":"Cà Mau"}},
{"type":"Feature","geometry":{"type":"Polygon","coordinates":[[[105.0566,9.2959],[105.0525,9.3053],[105.0458,9.3269],[105.0184,9.3161],[105.0069,9.3115],[104.9721,9.3118],[104.9314,9.3122],[104.9307,9.2773],[104.9303,9.2399],[104.9641,9.2395],[104.9766,9.2395],[104.9859,9.2392],[104.9917,9.2385],[104.9932,9.2183],[104.9945,9.1981],[105.0038,9.1987],[105.0044,9.1898],[105.0183,9.1907],[105.0186,9.1862],[105.0878,9.1916],[105.0878,9.1956],[105.0867,9.2016],[105.0854,9.2057],[105.0829,9.217],[105.0813,9.2221],[105.0773,9.229],[105.0709,9.2359],[105.0701,9.2394],[105.0737,9.2446],[105.0792,9.2492],[105.0817,9.2524],[105.0841,9.2583],[105.0869,9.2691],[105.0828,9.2679],[105.0745,9.2691],[105.0657,9.2777],[105.0646,9.2778],[105.0566,9.2959]]]},"properties":{"ma_xa":"32059","ten_xa":"Khánh An","sap_nhap":"Khánh An, Nguyễn Phích (1 phần)","tru_so":"đang cập nhật","loai":"Xã","cap":2,"stt":15,"dtich_km2":177.7,"dan_so":27170,"matdo_km2":152.9,"ma_tinh":"96","ten_tinh":"Cà Mau"}},
{"type":"Feature","geometry":{"type":"Polygon","coordinates":[[[105.0878,9.1916],[105.0186,9.1862],[105.0183,9.1907],[105.0044,9.1898],[105.0038,9.1987],[104.9945,9.1981],[104.9789,9.1971],[104.9593,9.1972],[104.9601,9.1702],[104.9725,9.1772],[104.9742,9.177],[104.974,9.1702],[104.9833,9.1597],[104.9748,9.1546],[104.9702,9.1524],[104.9725,9.1491],[104.9695,9.1483],[104.9656,9.1462],[104.9671,9.1427],[104.9658,9.1406],[104.9694,9.1348],[104.9743,9.1286],[104.978,9.1287],[104.9805,9.1214],[104.9833,9.1222],[104.9858,9.1152],[104.988,9.1159],[104.9892,9.1102],[104.983,9.109],[104.9845,9.1025],[104.9833,9.0998],[104.9831,9.0949],[104.9843,9.0939],[104.9838,9.0882],[104.9803,9.0877],[104.9811,9.0852],[104.984,9.0872],[104.9863,9.087],[104.9862,9.0776],[104.9942,9.0834],[105.0012,9.0883],[105.0045,9.0912],[105.0196,9.1032],[105.029,9.1073],[105.0345,9.1112],[105.0432,9.1205],[105.0479,9.1272],[105.0527,9.1327],[105.0623,9.141],[105.0684,9.149],[105.079,9.1594],[105.0847,9.1657],[105.0868,9.1705],[105.0874,9.1771],[105.0871,9.1852],[105.0878,9.1916]]]},"properties":{"ma_xa":"32110","ten_xa":"Khánh Bình","sap_nhap":"Khánh Bình Đông, Khánh Bình","tru_so":"đang cập nhật","loai":"Xã","cap":2,"stt":19,"dtich_km2":104.5,"dan_so":39823,"matdo_km2":381.08,"ma_tinh":"96","ten_tinh":"Cà Mau"}},
{"type":"Feature","geometry":{"type":"Polygon","coordinates":[[[104.9134,9.1438],[104.9134,9.1649],[104.8941,9.1647],[104.8921,9.1669],[104.8871,9.1704],[104.8704,9.1712],[104.8697,9.1685],[104.866,9.1672],[104.8663,9.1622],[104.8644,9.1615],[104.8647,9.1586],[104.8581,9.1564],[104.8576,9.158],[104.8488,9.1546],[104.8476,9.157],[104.8379,9.153],[104.8314,9.1494],[104.8264,9.1483],[104.8243,9.1493],[104.8216,9.1486],[104.8218,9.1391],[104.8126,9.1378],[104.8121,9.1344],[104.8124,9.1298],[104.8117,9.1127],[104.811,9.1033],[104.812,9.103],[104.8106,9.0981],[104.8099,9.0929],[104.8099,9.0865],[104.8092,9.0821],[104.8096,9.0776],[104.8088,9.0754],[104.809,9.069],[104.8079,9.0663],[104.8085,9.0594],[104.8096,9.0595],[104.827,9.0671],[104.853,9.0782],[104.8551,9.066],[104.8587,9.0464],[104.8665,9.049],[104.8776,9.0505],[104.8814,9.0517],[104.8877,9.052],[104.8938,9.051],[104.8968,9.0515],[104.9056,9.0545],[104.9116,9.0552],[104.9151,9.0566],[104.919,9.0593],[104.916,9.0666],[104.9172,9.0692],[104.916,9.072],[104.9141,9.0817],[104.9176,9.0827],[104.9149,9.095],[104.9124,9.0946],[104.9107,9.0976],[104.9086,9.1032],[104.9105,9.106],[104.9122,9.1064],[104.9099,9.1136],[104.91,9.1163],[104.9221,9.119],[104.9173,9.1274],[104.9217,9.1277],[104.9188,9.1339],[104.9189,9.1375],[104.9134,9.1384],[104.9134,9.1438]]]},"properties":{"ma_xa":"32119","ten_xa":"Khánh Hưng","sap_nhap":"Khánh Hải, Khánh Hưng","tru_so":"đang cập nhật","loai":"Xã","cap":2,"stt":21,"dtich_km2":129.6,"dan_so":41212,"matdo_km2":317.99,"ma_tinh":"96","ten_tinh":"Cà Mau"}},
{"type":"Feature","geometry":{"type":"Polygon","coordinates":[[[105.0184,9.3161],[105.0168,9.3199],[105.0126,9.3323],[105.0114,9.3393],[105.0096,9.3462],[105.0075,9.3574],[105.0065,9.3658],[105.0047,9.3742],[105.0021,9.3796],[104.998,9.3853],[104.9947,9.3889],[104.9855,9.3975],[104.9771,9.3919],[104.9745,9.3944],[104.9496,9.3888],[104.947,9.3885],[104.9443,9.3959],[104.9199,9.3884],[104.9158,9.3876],[104.8922,9.3817],[104.89,9.3792],[104.8679,9.366],[104.8534,9.3578],[104.8505,9.3626],[104.8506,9.3757],[104.8445,9.3751],[104.835,9.3759],[104.8299,9.3756],[104.8273,9.374],[104.8277,9.3671],[104.8253,9.3497],[104.8262,9.3425],[104.8252,9.3411],[104.8246,9.3348],[104.8249,9.3292],[104.825,9.3111],[104.8248,9.2912],[104.8241,9.283],[104.8239,9.2742],[104.8339,9.2735],[104.8496,9.2747],[104.8788,9.2758],[104.8975,9.276],[104.9307,9.2773],[104.9314,9.3122],[104.9721,9.3118],[105.0069,9.3115],[105.0184,9.3161]]]},"properties":{"ma_xa":"32062","ten_xa":"Khánh Lâm","sap_nhap":"Khánh Hội, Nguyễn Phích (1 phần), Khánh Lâm (1 phần)","tru_so":"đang cập nhật","loai":"Xã","cap":2,"stt":14,"dtich_km2":208.2,"dan_so":38880,"matdo_km2":186.74,"ma_tinh":"96","ten_tinh":"Cà Mau"}},
{"type":"Feature","geometry":{"type":"Polygon","coordinates":[[[105.4631,9.3425],[105.4534,9.3418],[105.4412,9.3474],[105.4209,9.3465],[105.4024,9.3527],[105.4019,9.3526],[105.4118,9.332],[105.4253,9.3043],[105.4303,9.2935],[105.4519,9.2491],[105.4592,9.2526],[105.4613,9.2521],[105.4647,9.2545],[105.4692,9.2532],[105.4744,9.253],[105.4754,9.2545],[105.4783,9.2549],[105.48,9.2517],[105.4791,9.249],[105.4799,9.242],[105.4861,9.2435],[105.5464,9.259],[105.5473,9.2591],[105.5486,9.2595],[105.5469,9.2628],[105.5445,9.2638],[105.5462,9.2673],[105.5459,9.2691],[105.543,9.2734],[105.5453,9.2782],[105.5453,9.2837],[105.5422,9.2835],[105.5386,9.282],[105.5345,9.2836],[105.5339,9.2872],[105.5325,9.2883],[105.5272,9.2878],[105.5272,9.2898],[105.5243,9.2899],[105.5239,9.2876],[105.5198,9.2864],[105.5146,9.288],[105.516,9.2916],[105.5168,9.2999],[105.5175,9.3002],[105.5156,9.3102],[105.5078,9.3115],[105.5073,9.3124],[105.5075,9.3245],[105.5135,9.3248],[105.5083,9.3271],[105.5087,9.3301],[105.472,9.3425],[105.4631,9.3425]]]},"properties":{"ma_xa":"31951","ten_xa":"Láng Tròn","sap_nhap":"Láng Tròn, Phong Tân, Phong Thạnh Đông","tru_so":"đang cập nhật","loai":"Phường","cap":2,"stt":44,"dtich_km2":32.18,"dan_so":21468,"matdo_km2":667.12,"ma_tinh":"96","ten_tinh":"Cà Mau"}},
{"type":"Feature","geometry":{"type":"Polygon","coordinates":[[[105.4887,9.2341],[105.4851,9.2358],[105.479,9.2362],[105.4771,9.237],[105.4727,9.2366],[105.4707,9.2335],[105.4662,9.2318],[105.4672,9.2291],[105.4696,9.2285],[105.4641,9.22],[105.4473,9.2242],[105.4467,9.2134],[105.4421,9.2126],[105.4409,9.2095],[105.4247,9.2155],[105.4221,9.2145],[105.4158,9.2137],[105.408,9.162],[105.4052,9.1436],[105.425,9.1446],[105.425,9.1479],[105.4298,9.1478],[105.4311,9.1467],[105.4422,9.1463],[105.4443,9.1407],[105.4442,9.1366],[105.4433,9.1326],[105.4435,9.1289],[105.4406,9.1224],[105.4426,9.121],[105.447,9.1208],[105.4483,9.1144],[105.4558,9.107],[105.4656,9.102],[105.4673,9.0996],[105.4636,9.093],[105.4596,9.0871],[105.4595,9.0853],[105.4691,9.0779],[105.4725,9.082],[105.4769,9.0787],[105.4809,9.0816],[105.4841,9.0851],[105.4887,9.0883],[105.4928,9.0903],[105.4978,9.0938],[105.498,9.0957],[105.5014,9.096],[105.5122,9.1027],[105.5115,9.1057],[105.5109,9.1159],[105.5088,9.1187],[105.506,9.1283],[105.5032,9.1272],[105.503,9.1333],[105.4994,9.1327],[105.4997,9.1378],[105.5018,9.1388],[105.5011,9.142],[105.5031,9.143],[105.502,9.1472],[105.5036,9.1484],[105.4942,9.1615],[105.4978,9.1634],[105.4951,9.1674],[105.494,9.1765],[105.4939,9.1822],[105.4909,9.1816],[105.4907,9.1842],[105.488,9.1837],[105.4887,9.1873],[105.4921,9.1935],[105.4967,9.1914],[105.5004,9.197],[105.4996,9.2008],[105.5018,9.2055],[105.5009,9.2101],[105.5035,9.2142],[105.5005,9.2156],[105.5007,9.219],[105.4884,9.2174],[105.4892,9.2226],[105.4912,9.2263],[105.4887,9.2341]]]},"properties":{"ma_xa":"31985","ten_xa":"Long Điền","sap_nhap":"Điền Hải, Long Điền","tru_so":"đang cập nhật","loai":"Xã","cap":2,"stt":53,"dtich_km2":87.72,"dan_so":29479,"matdo_km2":336.06,"ma_tinh":"96","ten_tinh":"Cà Mau"}},
{"type":"Feature","geometry":{"type":"Polygon","coordinates":[[[105.1399,9.0604],[105.1413,9.0639],[105.155,9.0949],[105.1572,9.1012],[105.1566,9.1066],[105.157,9.1136],[105.1509,9.118],[105.1323,9.1326],[105.1162,9.1447],[105.1128,9.1475],[105.0998,9.1592],[105.0868,9.1705],[105.0847,9.1657],[105.079,9.1594],[105.0684,9.149],[105.0623,9.141],[105.0527,9.1327],[105.0479,9.1272],[105.0432,9.1205],[105.0345,9.1112],[105.029,9.1073],[105.0196,9.1032],[105.0045,9.0912],[105.0012,9.0883],[104.9942,9.0834],[104.9997,9.0725],[104.9993,9.0646],[104.9996,9.06],[105.0022,9.0623],[105.0047,9.0619],[105.0129,9.0585],[105.0311,9.0448],[105.038,9.0516],[105.041,9.0514],[105.0478,9.0488],[105.0489,9.0517],[105.0563,9.0473],[105.0593,9.047],[105.0599,9.0435],[105.0669,9.0422],[105.0707,9.0396],[105.07,9.046],[105.0725,9.0511],[105.0759,9.0556],[105.0823,9.0574],[105.0882,9.0564],[105.0915,9.0585],[105.0935,9.0616],[105.0933,9.0636],[105.0885,9.0681],[105.0888,9.0699],[105.0872,9.0749],[105.0912,9.0766],[105.0947,9.0738],[105.0983,9.073],[105.1069,9.0767],[105.109,9.0795],[105.1126,9.0762],[105.1199,9.0723],[105.1252,9.0667],[105.1399,9.0604]]]},"properties":{"ma_xa":"32134","ten_xa":"Lương Thế Trân","sap_nhap":"Thạnh Phú, Phú Hưng, Lương Thế Trân, Lợi An (1 phần)","tru_so":"đang cập nhật","loai":"Xã","cap":2,"stt":36,"dtich_km2":142.42,"dan_so":66191,"matdo_km2":464.76,"ma_tinh":"96","ten_tinh":"Cà Mau"}},
{"type":"Feature","geometry":{"type":"Polygon","coordinates":[[[105.1463,9.1772],[105.1434,9.1788],[105.1399,9.1775],[105.1356,9.1806],[105.1246,9.1909],[105.1221,9.1955],[105.1231,9.1987],[105.1237,9.205],[105.1219,9.2075],[105.1192,9.2083],[105.1128,9.208],[105.1036,9.2057],[105.1007,9.2046],[105.0964,9.2018],[105.0897,9.2007],[105.0867,9.2016],[105.0878,9.1956],[105.0878,9.1916],[105.0871,9.1852],[105.0874,9.1771],[105.0868,9.1705],[105.0998,9.1592],[105.1128,9.1475],[105.1162,9.1447],[105.1323,9.1326],[105.1509,9.118],[105.157,9.1136],[105.159,9.118],[105.1617,9.1204],[105.1636,9.1234],[105.1633,9.1254],[105.1602,9.1291],[105.1597,9.133],[105.1639,9.1373],[105.1644,9.1402],[105.1621,9.1441],[105.1609,9.1477],[105.1606,9.1517],[105.1588,9.1552],[105.1564,9.1565],[105.1544,9.1645],[105.1541,9.1684],[105.1463,9.1734],[105.1463,9.1772]]]},"properties":{"ma_xa":"32014","ten_xa":"Lý Văn Lâm","sap_nhap":"Phường 8 (thành phố Cà Mau), Lý Văn Lâm, Lợi An (1 phần)","tru_so":"đang cập nhật","loai":"Phường","cap":2,"stt":2,"dtich_km2":44.5,"dan_so":50014,"matdo_km2":1123.91,"ma_tinh":"96","ten_tinh":"Cà Mau"}},
{"type":"Feature","geometry":{"type":"Polygon","coordinates":[[[105.0659,8.8465],[105.0629,8.8477],[105.0609,8.8498],[105.0561,8.8532],[105.0558,8.8559],[105.0532,8.8578],[105.0541,8.8601],[105.051,8.8619],[105.0509,8.8642],[105.0528,8.8664],[105.0526,8.8686],[105.0486,8.8724],[105.0442,8.8698],[105.0412,8.8672],[105.0379,8.8659],[105.0329,8.8655],[105.0309,8.8646],[105.0218,8.8558],[105.0204,8.8537],[105.0173,8.852],[105.0161,8.8297],[105.0041,8.8045],[105.0021,8.7973],[104.9887,8.7535],[104.9957,8.7563],[105.0018,8.7598],[105.0105,8.7622],[105.0205,8.7626],[105.0278,8.7648],[105.0324,8.7679],[105.0386,8.7708],[105.0495,8.7726],[105.0541,8.774],[105.064,8.7791],[105.069,8.7845],[105.0722,8.7862],[105.0752,8.7855],[105.0766,8.7881],[105.0734,8.8055],[105.0709,8.8201],[105.0677,8.8382],[105.0659,8.8465]]]},"properties":{"ma_xa":"32191","ten_xa":"Năm Căn","sap_nhap":"Hàng Vịnh, Năm Căn (thị trấn, 1 phần), Hàm Rồng (1 phần)","tru_so":"đang cập nhật","loai":"Xã","cap":2,"stt":30,"dtich_km2":70.06,"dan_so":30135,"matdo_km2":430.13,"ma_tinh":"96","ten_tinh":"Cà Mau"}},
{"type":"Feature","geometry":{"type":"Polygon","coordinates":[[[104.9599,9.5516],[104.9553,9.5456],[104.9461,9.5331],[104.9456,9.5328],[104.9382,9.5399],[104.9165,9.5616],[104.8983,9.5268],[104.8903,9.5112],[104.8813,9.4941],[104.8887,9.486],[104.8966,9.4763],[104.9096,9.4629],[104.9204,9.4484],[104.9267,9.4422],[104.9382,9.4293],[104.9473,9.4244],[104.9502,9.4224],[104.9315,9.4085],[104.9443,9.3959],[104.947,9.3885],[104.9496,9.3888],[104.9745,9.3944],[104.9771,9.3919],[104.9855,9.3975],[104.9947,9.3889],[104.998,9.3853],[105.0021,9.3796],[105.0047,9.3742],[105.0065,9.3658],[105.0075,9.3574],[105.0096,9.3462],[105.0114,9.3393],[105.0126,9.3323],[105.0168,9.3199],[105.0184,9.3161],[105.0458,9.3269],[105.0441,9.3317],[105.0549,9.3357],[105.0669,9.3411],[105.0571,9.3658],[105.0563,9.3677],[105.0381,9.4402],[105.0225,9.4742],[105.0101,9.5019],[104.9909,9.5208],[104.962,9.5494],[104.9599,9.5516]]]},"properties":{"ma_xa":"32044","ten_xa":"Nguyễn Phích","sap_nhap":"U Minh (thị trấn), Nguyễn Phích (1 phần), Khánh Thuận (1 phần)","tru_so":"đang cập nhật","loai":"Xã","cap":2,"stt":13,"dtich_km2":245,"dan_so":37330,"matdo_km2":152.37,"ma_tinh":"96","ten_tinh":"Cà Mau"}},
{"type":"Feature","geometry":{"type":"Polygon","coordinates":[[[104.9727,8.9102],[104.969,8.9093],[104.9634,8.9094],[104.9551,8.9119],[104.9541,8.9108],[104.9546,8.9069],[104.9512,8.9061],[104.9474,8.909],[104.9478,8.9141],[104.9448,8.914],[104.9439,8.9168],[104.9414,8.9146],[104.935,8.9168],[104.9334,8.9161],[104.9286,8.9192],[104.9254,8.9165],[104.9241,8.9194],[104.9202,8.92],[104.9152,8.9262],[104.9161,8.9294],[104.9146,8.9321],[104.8982,8.9295],[104.8879,8.9242],[104.8873,8.9217],[104.8936,8.9166],[104.8901,8.9142],[104.8914,8.9109],[104.8943,8.9094],[104.8945,8.902],[104.8915,8.9023],[104.8868,8.9005],[104.8827,8.9024],[104.8813,8.8946],[104.8778,8.8867],[104.8836,8.8826],[104.8813,8.8795],[104.8702,8.8756],[104.8564,8.8727],[104.8511,8.8681],[104.864,8.8538],[104.8795,8.8362],[104.8845,8.8301],[104.8862,8.8267],[104.8954,8.8191],[104.9033,8.8121],[104.908,8.8147],[104.9125,8.815],[104.9182,8.8169],[104.9249,8.8207],[104.9315,8.8235],[104.9418,8.8254],[104.9493,8.8265],[104.9545,8.828],[104.9583,8.8307],[104.9604,8.8355],[104.9625,8.8367],[104.9701,8.8351],[104.984,8.8371],[104.9892,8.84],[104.9937,8.8464],[104.9962,8.8482],[105.0044,8.8505],[105.013,8.8534],[105.0127,8.8556],[105.0104,8.857],[105.0115,8.8614],[105.0088,8.8639],[105.0107,8.8675],[105.006,8.8683],[105.0075,8.8728],[105.0069,8.8754],[105.0042,8.875],[105.0014,8.8786],[104.9978,8.8803],[104.9962,8.8772],[104.9935,8.878],[104.9903,8.8771],[104.9887,8.8799],[104.9824,8.8798],[104.9803,8.8783],[104.9792,8.8807],[104.98,8.8865],[104.9787,8.8898],[104.9822,8.8921],[104.9817,8.8963],[104.9779,8.8974],[104.9794,8.8994],[104.9769,8.9022],[104.9753,8.9093],[104.9727,8.9102]]]},"properties":{"ma_xa":"32227","ten_xa":"Nguyễn Việt Khái","sap_nhap":"Tân Hưng Tây, Rạch Chèo, Việt Thắng","tru_so":"đang cập nhật","loai":"Xã","cap":2,"stt":33,"dtich_km2":129.9,"dan_so":37307,"matdo_km2":287.2,"ma_tinh":"96","ten_tinh":"Cà Mau"}},
{"type":"Feature","geometry":{"type":"Polygon","coordinates":[[[105.546,9.5863],[105.5437,9.5852],[105.5423,9.5883],[105.5369,9.5923],[105.5367,9.5955],[105.5342,9.5971],[105.5318,9.5953],[105.5231,9.595],[105.521,9.5935],[105.5216,9.5903],[105.5195,9.5881],[105.5165,9.5896],[105.5142,9.5896],[105.5132,9.5846],[105.511,9.5839],[105.5108,9.5787],[105.5146,9.5751],[105.5155,9.5728],[105.5153,9.5643],[105.5095,9.5642],[105.5101,9.5605],[105.5075,9.5603],[105.5075,9.5461],[105.5036,9.5464],[105.5036,9.5431],[105.5054,9.5416],[105.5051,9.5351],[105.5032,9.5333],[105.5,9.5336],[105.5008,9.5287],[105.4955,9.5291],[105.4965,9.5254],[105.4945,9.5217],[105.4942,9.5185],[105.4925,9.5123],[105.4913,9.5107],[105.4959,9.5055],[105.4888,9.5041],[105.4898,9.4954],[105.4895,9.4901],[105.4922,9.4904],[105.4926,9.4878],[105.4953,9.4872],[105.4957,9.4842],[105.4895,9.483],[105.4851,9.4799],[105.4837,9.4806],[105.4853,9.4796],[105.4825,9.475],[105.4838,9.4714],[105.4903,9.4648],[105.5101,9.4834],[105.5126,9.4805],[105.5154,9.4806],[105.5197,9.479],[105.5437,9.4523],[105.5453,9.4506],[105.545,9.4578],[105.544,9.4711],[105.5465,9.4818],[105.5475,9.4886],[105.5472,9.4916],[105.5503,9.5202],[105.5525,9.5233],[105.5507,9.5243],[105.5532,9.5486],[105.554,9.549],[105.5554,9.5603],[105.5541,9.5701],[105.5507,9.5733],[105.5505,9.5778],[105.5484,9.5811],[105.5481,9.5833],[105.546,9.5863]]]},"properties":{"ma_xa":"31849","ten_xa":"Ninh Quới","sap_nhap":"Ninh Quới A, Ninh Quới","tru_so":"đang cập nhật","loai":"Xã","cap":2,"stt":49,"dtich_km2":32.42,"dan_so":13994,"matdo_km2":431.65,"ma_tinh":"96","ten_tinh":"Cà Mau"}},
{"type":"Feature","geometry":{"type":"Polygon","coordinates":[[[105.3758,9.5168],[105.3736,9.5183],[105.3693,9.5181],[105.3669,9.5165],[105.3652,9.5194],[105.3585,9.521],[105.3588,9.5235],[105.358,9.5294],[105.3557,9.5301],[105.3516,9.5277],[105.3502,9.5283],[105.35,9.5352],[105.3432,9.5383],[105.3408,9.5421],[105.3375,9.5436],[105.3359,9.5419],[105.3313,9.5403],[105.3265,9.5394],[105.3259,9.5341],[105.3264,9.5316],[105.33,9.5275],[105.3273,9.525],[105.3248,9.5246],[105.3216,9.526],[105.3198,9.5243],[105.3212,9.5194],[105.3235,9.5171],[105.3206,9.513],[105.3161,9.5106],[105.3157,9.5077],[105.3169,9.5055],[105.316,9.5028],[105.3141,9.5024],[105.3106,9.5067],[105.3088,9.5068],[105.3047,9.5036],[105.301,9.5066],[105.2988,9.5044],[105.2982,9.494],[105.2945,9.4881],[105.2942,9.484],[105.2957,9.4823],[105.2932,9.4782],[105.2924,9.471],[105.2913,9.4678],[105.2909,9.4616],[105.2912,9.456],[105.292,9.4517],[105.2945,9.4344],[105.2955,9.4324],[105.3013,9.4262],[105.3055,9.4198],[105.3071,9.4197],[105.3105,9.4165],[105.3103,9.4121],[105.311,9.4069],[105.3151,9.3966],[105.3191,9.3832],[105.3195,9.3822],[105.3436,9.4048],[105.3529,9.4134],[105.3563,9.41],[105.3652,9.4195],[105.3627,9.4228],[105.387,9.4456],[105.3898,9.4481],[105.4197,9.4759],[105.4125,9.4827],[105.3774,9.5154],[105.3758,9.5168]]]},"properties":{"ma_xa":"31864","ten_xa":"Ninh Thạnh Lợi","sap_nhap":"Ninh Thạnh Lợi A, Ninh Thạnh Lợi","tru_so":"đang cập nhật","loai":"Xã","cap":2,"stt":48,"dtich_km2":66.4,"dan_so":14437,"matdo_km2":217.42,"ma_tinh":"96","ten_tinh":"Cà Mau"}},
{"type":"Feature","geometry":{"type":"Polygon","coordinates":[[[105.1363,8.6945],[105.1333,8.6969],[105.1282,8.6984],[105.1242,8.698],[105.1161,8.7013],[105.1116,8.6996],[105.1095,8.698],[105.107,8.6945],[105.1019,8.6912],[105.096,8.6909],[105.0934,8.689],[105.0924,8.6859],[105.0903,8.6835],[105.0883,8.6833],[105.085,8.6808],[105.0827,8.6763],[105.0773,8.6706],[105.0741,8.6681],[105.071,8.6678],[105.0679,8.6653],[105.0668,8.662],[105.0643,8.6591],[105.0613,8.6575],[105.057,8.6601],[105.0505,8.66],[105.0465,8.6605],[105.0443,8.6625],[105.0411,8.6636],[105.0379,8.6679],[105.0343,8.6678],[105.0316,8.6691],[105.0249,8.6685],[105.0233,8.6701],[105.0139,8.6696],[105.012,8.6721],[105.0108,8.6763],[105.0037,8.6792],[105.0014,8.6794],[105.001,8.6765],[105.0041,8.6672],[105.0033,8.6642],[104.9959,8.6629],[104.9946,8.6648],[104.9953,8.6692],[104.9967,8.6716],[104.9947,8.6747],[104.9964,8.6792],[104.9958,8.6813],[104.9871,8.6867],[104.9858,8.6893],[104.9813,8.6926],[104.9808,8.6946],[104.9827,8.6981],[104.9828,8.7001],[104.9858,8.7035],[104.9811,8.7081],[104.981,8.7096],[104.9836,8.7133],[104.9828,8.7173],[104.9847,8.7226],[104.9855,8.7285],[104.9875,8.7329],[104.9864,8.7359],[104.984,8.739],[104.9827,8.744],[104.9792,8.7493],[104.9738,8.7455],[104.9708,8.7426],[104.9685,8.7359],[104.9687,8.7205],[104.967,8.7162],[104.9657,8.7148],[104.9482,8.7064],[104.9373,8.7015],[104.9329,8.6985],[104.9252,8.6948],[104.915,8.6916],[104.9152,8.6891],[104.9135,8.6835],[104.9139,8.6778],[104.9114,8.6715],[104.9079,8.6672],[104.9073,8.6562],[104.9064,8.654],[104.9038,8.6519],[104.9001,8.6505],[104.897,8.6478],[104.887,8.6327],[104.8864,8.6285],[104.8834,8.625],[104.8797,8.6182],[104.8787,8.6097],[104.8831,8.6061],[104.8832,8.6039],[104.8852,8.6006],[104.8843,8.5888],[104.8854,8.5875],[104.8861,8.5805],[104.8842,8.575],[104.8893,8.5764],[104.891,8.576],[104.8965,8.5785],[104.9067,8.5805],[104.9141,8.5831],[104.9224,8.5838],[104.9242,8.5848],[104.9312,8.5854],[104.938,8.5876],[104.9407,8.5869],[104.9432,8.5883],[104.9469,8.5888],[104.9542,8.5884],[104.9581,8.5909],[104.9624,8.5924],[104.9701,8.5978],[104.9711,8.6001],[104.9798,8.6026],[104.9825,8.6045],[104.9907,8.6047],[104.9966,8.6029],[105.0003,8.6009],[105.0037,8.6033],[105.0111,8.6039],[105.0175,8.6085],[105.0257,8.6122],[105.0289,8.613],[105.0328,8.6152],[105.0378,8.6165],[105.0459,8.6203],[105.0481,8.6221],[105.0554,8.6252],[105.0652,8.6278],[105.0686,8.6282],[105.0714,8.6274],[105.0748,8.6292],[105.0786,8.6302],[105.0809,8.6319],[105.0863,8.6334],[105.0904,8.6353],[105.0952,8.6368],[105.1008,8.6374],[105.1034,8.6383],[105.1073,8.6415],[105.1083,8.6443],[105.1121,8.6451],[105.115,8.6485],[105.1148,8.651],[105.1169,8.6528],[105.1195,8.6531],[105.1221,8.6568],[105.126,8.6608],[105.1265,8.6644],[105.1251,8.6664],[105.1247,8.6696],[105.1233,8.6714],[105.1237,8.6746],[105.1261,8.6782],[105.1299,8.68],[105.1327,8.684],[105.1349,8.6917],[105.1363,8.6945]]]},"properties":{"ma_xa":"32244","ten_xa":"Phan Ngọc Hiển","sap_nhap":"Rạch Gốc (thị trấn), Viên An Đông, Tân Ân (1 phần)","tru_so":"đang cập nhật","loai":"Xã","cap":2,"stt":16,"dtich_km2":237.7,"dan_so":35328,"matdo_km2":148.62,"ma_tinh":"96","ten_tinh":"Cà Mau"}},
{"type":"Feature","geometry":{"type":"Polygon","coordinates":[[[105.3191,9.3832],[105.315,9.3832],[105.3072,9.3872],[105.3067,9.3888],[105.3,9.3909],[105.2968,9.3912],[105.2948,9.3881],[105.2968,9.3868],[105.2844,9.374],[105.2551,9.3438],[105.2535,9.3433],[105.2513,9.3403],[105.2487,9.3338],[105.2487,9.3289],[105.2508,9.3246],[105.2572,9.3153],[105.2635,9.3082],[105.2686,9.3041],[105.2762,9.2989],[105.2796,9.2956],[105.2941,9.2796],[105.319,9.3032],[105.3391,9.2874],[105.3415,9.29],[105.343,9.2937],[105.3482,9.2956],[105.3515,9.2981],[105.3559,9.3025],[105.3845,9.3305],[105.3825,9.3345],[105.3826,9.3383],[105.3865,9.3421],[105.3885,9.345],[105.3882,9.3487],[105.3852,9.3527],[105.3897,9.3569],[105.3801,9.3602],[105.3811,9.3617],[105.3791,9.3654],[105.3764,9.3682],[105.3608,9.374],[105.3546,9.3741],[105.3472,9.3768],[105.3471,9.3787],[105.3416,9.3809],[105.3367,9.3822],[105.3341,9.3836],[105.3263,9.3765],[105.3262,9.379],[105.321,9.3793],[105.3195,9.3822],[105.3191,9.3832]]]},"properties":{"ma_xa":"31885","ten_xa":"Phong Hiệp","sap_nhap":"Phong Thạnh Tây A, Phong Thạnh Tây B","tru_so":"đang cập nhật","loai":"Xã","cap":2,"stt":60,"dtich_km2":55.97,"dan_so":13523,"matdo_km2":241.61,"ma_tinh":"96","ten_tinh":"Cà Mau"}},
{"type":"Feature","geometry":{"type":"Polygon","coordinates":[[[105.4068,9.2232],[105.4072,9.2277],[105.4051,9.2309],[105.4085,9.2333],[105.3873,9.2498],[105.3391,9.2874],[105.319,9.3032],[105.2941,9.2796],[105.2804,9.2666],[105.2758,9.2635],[105.2661,9.2585],[105.2614,9.2529],[105.2577,9.2508],[105.2576,9.248],[105.2553,9.2428],[105.2518,9.2404],[105.2484,9.2369],[105.2405,9.2267],[105.2385,9.225],[105.2342,9.2238],[105.2328,9.2243],[105.2324,9.2137],[105.2374,9.212],[105.2399,9.2086],[105.2392,9.2068],[105.2398,9.2005],[105.2414,9.1998],[105.244,9.2024],[105.2469,9.2016],[105.253,9.1987],[105.2614,9.1785],[105.2644,9.178],[105.2672,9.1825],[105.273,9.1828],[105.2768,9.1797],[105.2791,9.1742],[105.2873,9.1794],[105.2993,9.1847],[105.3007,9.1854],[105.3238,9.1931],[105.3333,9.1971],[105.3768,9.2144],[105.3859,9.2174],[105.4068,9.2232]]]},"properties":{"ma_xa":"31957","ten_xa":"Phong Thạnh","sap_nhap":"Tân Thạnh, Phong Thạnh Tây, Tân Phong","tru_so":"đang cập nhật","loai":"Xã","cap":2,"stt":45,"dtich_km2":27.08,"dan_so":11110,"matdo_km2":410.27,"ma_tinh":"96","ten_tinh":"Cà Mau"}},
{"type":"Feature","geometry":{"type":"Polygon","coordinates":[[[104.9671,8.9971],[104.9642,8.998],[104.9608,8.9978],[104.9567,8.9957],[104.9516,8.9946],[104.9459,8.9946],[104.9421,8.9953],[104.9319,9.0057],[104.9263,9.0091],[104.9176,9.0105],[104.9142,9.0101],[104.9086,9.0079],[104.9068,9.0057],[104.904,9.0043],[104.8979,9.0049],[104.8955,9.0044],[104.8894,9.0005],[104.8879,8.999],[104.8868,8.9944],[104.8845,8.9917],[104.8807,8.9947],[104.871,8.994],[104.869,8.993],[104.8673,8.986],[104.8659,8.984],[104.8592,8.9824],[104.8589,8.9811],[104.8637,8.9758],[104.8809,8.958],[104.8859,8.954],[104.8912,8.9528],[104.8931,8.9531],[104.8953,8.9512],[104.8939,8.9478],[104.8875,8.9248],[104.8879,8.9242],[104.8982,8.9295],[104.9146,8.9321],[104.9161,8.9294],[104.9152,8.9262],[104.9202,8.92],[104.9241,8.9194],[104.9254,8.9165],[104.9286,8.9192],[104.9334,8.9161],[104.935,8.9168],[104.9414,8.9146],[104.9439,8.9168],[104.9448,8.914],[104.9478,8.9141],[104.9474,8.909],[104.9512,8.9061],[104.9546,8.9069],[104.9541,8.9108],[104.9551,8.9119],[104.9634,8.9094],[104.969,8.9093],[104.9727,8.9102],[104.9723,8.9135],[104.9701,8.9161],[104.9713,8.9208],[104.968,8.9221],[104.9625,8.9283],[104.9596,8.9307],[104.9589,8.9429],[104.9653,8.9564],[104.9633,8.9591],[104.9652,8.9634],[104.9674,8.962],[104.9709,8.9623],[104.9759,8.993],[104.9671,8.9971]]]},"properties":{"ma_xa":"32214","ten_xa":"Phú Mỹ","sap_nhap":"Phú Thuận, Phú Mỹ, Hòa Mỹ (1 phần)","tru_so":"đang cập nhật","loai":"Xã","cap":2,"stt":35,"dtich_km2":87.81,"dan_so":26205,"matdo_km2":298.43,"ma_tinh":"96","ten_tinh":"Cà Mau"}},
{"type":"Feature","geometry":{"type":"Polygon","coordinates":[[[104.8592,8.9824],[104.8551,8.9828],[104.8532,8.9854],[104.8531,8.9882],[104.8504,8.9915],[104.8473,8.991],[104.8413,8.986],[104.8366,8.9792],[104.8332,8.9789],[104.8308,8.983],[104.8267,8.9826],[104.8264,8.9772],[104.8252,8.9747],[104.821,8.9743],[104.8161,8.9771],[104.8055,8.9804],[104.8074,8.9774],[104.8052,8.9756],[104.8045,8.958],[104.8049,8.9474],[104.8031,8.9347],[104.8029,8.9278],[104.8032,8.9243],[104.8021,8.9223],[104.8,8.9084],[104.7986,8.902],[104.8,8.8986],[104.8094,8.8983],[104.8179,8.8973],[104.8204,8.8823],[104.8357,8.8771],[104.842,8.8726],[104.8471,8.8728],[104.8511,8.8681],[104.8564,8.8727],[104.8702,8.8756],[104.8813,8.8795],[104.8836,8.8826],[104.8778,8.8867],[104.8813,8.8946],[104.8827,8.9024],[104.8868,8.9005],[104.8915,8.9023],[104.8945,8.902],[104.8943,8.9094],[104.8914,8.9109],[104.8901,8.9142],[104.8936,8.9166],[104.8873,8.9217],[104.8879,8.9242],[104.8875,8.9248],[104.8939,8.9478],[104.8953,8.9512],[104.8931,8.9531],[104.8912,8.9528],[104.8859,8.954],[104.8809,8.958],[104.8637,8.9758],[104.8589,8.9811],[104.8592,8.9824]]]},"properties":{"ma_xa":"32218","ten_xa":"Phú Tân","sap_nhap":"Tân Hải, Phú Tân","tru_so":"đang cập nhật","loai":"Xã","cap":2,"stt":34,"dtich_km2":101.7,"dan_so":33381,"matdo_km2":328.23,"ma_tinh":"96","ten_tinh":"Cà Mau"}},
{"type":"Feature","geometry":{"type":"Polygon","coordinates":[[[105.4837,9.4806],[105.4823,9.483],[105.4756,9.4874],[105.4745,9.4888],[105.4649,9.485],[105.4581,9.4873],[105.4402,9.4927],[105.4384,9.4867],[105.4252,9.4894],[105.4207,9.4749],[105.433,9.4633],[105.4277,9.4583],[105.428,9.4515],[105.4263,9.4429],[105.4352,9.4393],[105.4362,9.4379],[105.4447,9.4349],[105.4466,9.4367],[105.4531,9.4297],[105.446,9.423],[105.4518,9.4169],[105.4551,9.4152],[105.4561,9.4135],[105.46,9.4112],[105.4685,9.4032],[105.4723,9.4068],[105.477,9.4035],[105.4807,9.4095],[105.504,9.3799],[105.507,9.3825],[105.5089,9.3971],[105.5286,9.3932],[105.5365,9.3947],[105.5389,9.4183],[105.5391,9.4221],[105.5408,9.4227],[105.5411,9.4258],[105.5371,9.428],[105.5346,9.4304],[105.5321,9.4313],[105.5271,9.4298],[105.5285,9.4392],[105.5437,9.4523],[105.5197,9.479],[105.5154,9.4806],[105.5126,9.4805],[105.5101,9.4834],[105.4903,9.4648],[105.4838,9.4714],[105.4825,9.475],[105.4853,9.4796],[105.4837,9.4806]]]},"properties":{"ma_xa":"31867","ten_xa":"Phước Long","sap_nhap":"Phước Long (thị trấn), Vĩnh Phú Đông","tru_so":"đang cập nhật","loai":"Xã","cap":2,"stt":58,"dtich_km2":49.48,"dan_so":24984,"matdo_km2":504.93,"ma_tinh":"96","ten_tinh":"Cà Mau"}},
{"type":"Feature","geometry":{"type":"Polygon","coordinates":[[[105.1542,8.9375],[105.1532,8.9378],[105.1406,8.9387],[105.1362,8.935],[105.1309,8.939],[105.1281,8.9365],[105.1217,8.9425],[105.1203,8.9402],[105.1163,8.9434],[105.1123,8.9459],[105.111,8.9448],[105.1047,8.9476],[105.1023,8.9493],[105.0989,8.9446],[105.0994,8.9387],[105.0985,8.937],[105.0981,8.9312],[105.096,8.9262],[105.0945,8.9198],[105.0923,8.9133],[105.091,8.9068],[105.0854,8.9042],[105.0848,8.8995],[105.0833,8.8967],[105.0793,8.8923],[105.0678,8.8824],[105.0639,8.8805],[105.0574,8.8792],[105.0544,8.8751],[105.0486,8.8724],[105.0526,8.8686],[105.0528,8.8664],[105.0509,8.8642],[105.051,8.8619],[105.0541,8.8601],[105.0532,8.8578],[105.0558,8.8559],[105.0561,8.8532],[105.0609,8.8498],[105.0629,8.8477],[105.0659,8.8465],[105.109,8.8472],[105.1093,8.8535],[105.1151,8.8529],[105.1194,8.8576],[105.1207,8.8712],[105.1173,8.871],[105.1179,8.8765],[105.1238,8.8774],[105.124,8.8824],[105.1266,8.8824],[105.1263,8.8779],[105.1289,8.8783],[105.1292,8.8824],[105.1305,8.8846],[105.1342,8.8838],[105.139,8.8837],[105.1396,8.8818],[105.1453,8.8831],[105.1468,8.8851],[105.1487,8.8845],[105.1535,8.8865],[105.1531,8.8881],[105.1577,8.8898],[105.1499,8.9077],[105.1535,8.911],[105.1568,8.9179],[105.1573,8.9233],[105.1566,8.9257],[105.1567,8.9329],[105.1539,8.9351],[105.1542,8.9375]]]},"properties":{"ma_xa":"32182","ten_xa":"Quách Phẩm","sap_nhap":"Quách Phẩm Bắc, Quách Phẩm","tru_so":"đang cập nhật","loai":"Xã","cap":2,"stt":11,"dtich_km2":73.8,"dan_so":28844,"matdo_km2":390.84,"ma_tinh":"96","ten_tinh":"Cà Mau"}},
{"type":"Feature","geometry":{"type":"MultiPolygon","coordinates":[[[[104.5253,8.9565],[104.5235,8.9505],[104.5221,8.9487],[104.5234,8.9463],[104.5273,8.9428],[104.5297,8.9454],[104.5276,8.9516],[104.5253,8.9565]]],[[[104.919,9.0593],[104.9151,9.0566],[104.9116,9.0552],[104.9056,9.0545],[104.8968,9.0515],[104.8938,9.051],[104.8877,9.052],[104.8814,9.0517],[104.8776,9.0505],[104.8665,9.049],[104.8587,9.0464],[104.8551,9.066],[104.853,9.0782],[104.827,9.0671],[104.8096,9.0595],[104.8085,9.0594],[104.8066,9.0574],[104.8064,9.0526],[104.8069,9.0479],[104.806,9.0443],[104.8082,9.0438],[104.8092,9.0415],[104.8118,9.0395],[104.8097,9.0293],[104.8067,9.0281],[104.8051,9.0259],[104.8045,9.0215],[104.8033,9.0198],[104.8037,9.0166],[104.8038,9.0072],[104.8046,9.0051],[104.8053,8.9913],[104.8048,8.9875],[104.8055,8.9804],[104.8161,8.9771],[104.821,8.9743],[104.8252,8.9747],[104.8264,8.9772],[104.8267,8.9826],[104.8308,8.983],[104.8332,8.9789],[104.8366,8.9792],[104.8413,8.986],[104.8473,8.991],[104.8504,8.9915],[104.8531,8.9882],[104.8532,8.9854],[104.8551,8.9828],[104.8592,8.9824],[104.8659,8.984],[104.8673,8.986],[104.869,8.993],[104.871,8.994],[104.8807,8.9947],[104.8845,8.9917],[104.8868,8.9944],[104.8879,8.999],[104.8894,9.0005],[104.8955,9.0044],[104.8979,9.0049],[104.904,9.0043],[104.9068,9.0057],[104.9086,9.0079],[104.9142,9.0101],[104.9176,9.0105],[104.9194,9.0157],[104.9251,9.0234],[104.9268,9.0423],[104.9265,9.054],[104.9269,9.0588],[104.9229,9.0599],[104.919,9.0593]]]]},"properties":{"ma_xa":"32098","ten_xa":"Sông Đốc","sap_nhap":"Sông Đốc (thị trấn, bao gồm cụm đảo Hòn Chuối), Phong Điền (1 phần)","tru_so":"đang cập nhật","loai":"Xã","cap":2,"stt":22,"dtich_km2":83.95,"dan_so":46353,"matdo_km2":552.15,"ma_tinh":"96","ten_tinh":"Cà Mau"}},
{"type":"Feature","geometry":{"type":"Polygon","coordinates":[[[105.3182,9.0718],[105.3174,9.0752],[105.3158,9.0771],[105.3109,9.0782],[105.3091,9.0795],[105.3053,9.0841],[105.2986,9.0894],[105.2946,9.0905],[105.2817,9.088],[105.2735,9.0848],[105.2693,9.0873],[105.2637,9.0942],[105.2615,9.0944],[105.2537,9.0914],[105.2503,9.0907],[105.2464,9.0916],[105.2428,9.0856],[105.2407,9.0859],[105.2344,9.0895],[105.2311,9.0898],[105.2274,9.0849],[105.2241,9.0835],[105.2207,9.0859],[105.2177,9.0862],[105.2109,9.0846],[105.2063,9.0861],[105.2035,9.0856],[105.1984,9.0824],[105.1953,9.0822],[105.1929,9.0864],[105.1872,9.0889],[105.1848,9.0886],[105.1811,9.0849],[105.1738,9.0855],[105.1721,9.0825],[105.1714,9.0778],[105.1731,9.0757],[105.1752,9.076],[105.1782,9.0717],[105.1773,9.0687],[105.1785,9.0667],[105.1754,9.0583],[105.1739,9.0522],[105.1708,9.0457],[105.1706,9.0426],[105.1717,9.0379],[105.1744,9.0339],[105.1854,9.0218],[105.1858,9.0252],[105.1961,9.0252],[105.1955,9.0225],[105.1928,9.0228],[105.1916,9.0187],[105.1927,9.0156],[105.1988,9.0162],[105.1984,9.0067],[105.2007,9.0041],[105.2059,9.0025],[105.2129,9.0025],[105.2127,8.9887],[105.2089,8.9892],[105.2107,8.9852],[105.2142,8.9857],[105.2187,8.9841],[105.2227,8.9857],[105.2279,8.9843],[105.2287,8.9804],[105.2281,8.978],[105.2325,8.9757],[105.2429,8.9768],[105.2446,8.983],[105.2474,8.9848],[105.2485,8.9896],[105.2485,8.995],[105.2492,8.9969],[105.2531,9.0011],[105.2528,9.0071],[105.2504,9.0094],[105.2498,9.0131],[105.2501,9.0174],[105.2514,9.0198],[105.2536,9.0276],[105.2561,9.0307],[105.2577,9.0349],[105.2584,9.0414],[105.2601,9.0439],[105.2658,9.0469],[105.2667,9.05],[105.2645,9.0522],[105.2666,9.0564],[105.2701,9.0579],[105.272,9.0601],[105.2764,9.0614],[105.2792,9.0633],[105.2849,9.0661],[105.29,9.065],[105.293,9.0662],[105.3054,9.0679],[105.3059,9.0624],[105.3144,9.065],[105.3132,9.0691],[105.3172,9.0706],[105.3182,9.0718]]]},"properties":{"ma_xa":"32155","ten_xa":"Tạ An Khương","sap_nhap":"Tạ An Khương Đông, Tạ An Khương Nam, Tạ An Khương (1 phần)","tru_so":"đang cập nhật","loai":"Xã","cap":2,"stt":7,"dtich_km2":104.2,"dan_so":33179,"matdo_km2":318.42,"ma_tinh":"96","ten_tinh":"Cà Mau"}},
{"type":"Feature","geometry":{"type":"Polygon","coordinates":[[[105.3084,8.8254],[105.3047,8.8256],[105.2996,8.8237],[105.2945,8.828],[105.2896,8.8292],[105.2878,8.8312],[105.2851,8.8311],[105.2823,8.8282],[105.2789,8.828],[105.2727,8.8313],[105.2724,8.8331],[105.2699,8.8353],[105.2627,8.8363],[105.2579,8.8337],[105.2557,8.831],[105.2541,8.8256],[105.2506,8.8284],[105.2478,8.8338],[105.2483,8.8363],[105.2512,8.8427],[105.2497,8.8465],[105.2462,8.8499],[105.2362,8.8494],[105.2149,8.849],[105.157,8.8476],[105.109,8.8472],[105.0659,8.8465],[105.0677,8.8382],[105.0709,8.8201],[105.0734,8.8055],[105.0766,8.7881],[105.0752,8.7855],[105.0775,8.7827],[105.0956,8.7734],[105.104,8.7702],[105.1109,8.7685],[105.1146,8.7665],[105.1172,8.763],[105.1212,8.7603],[105.1278,8.7587],[105.1325,8.7584],[105.1442,8.7593],[105.1462,8.7608],[105.1482,8.7669],[105.1497,8.7692],[105.1592,8.7794],[105.1622,8.7809],[105.1698,8.7823],[105.1737,8.7847],[105.1811,8.7945],[105.1844,8.7966],[105.1885,8.7953],[105.1893,8.7917],[105.189,8.7882],[105.1871,8.7806],[105.187,8.7774],[105.1886,8.7733],[105.1926,8.7668],[105.1939,8.7656],[105.1969,8.7656],[105.2007,8.7685],[105.2037,8.7695],[105.2083,8.7674],[105.2118,8.7647],[105.2166,8.7592],[105.219,8.7607],[105.2268,8.7626],[105.2305,8.7623],[105.2352,8.7633],[105.2373,8.7645],[105.2492,8.767],[105.2571,8.7718],[105.2625,8.7722],[105.2634,8.7743],[105.2688,8.7767],[105.269,8.7782],[105.2798,8.7874],[105.2803,8.7895],[105.2868,8.7967],[105.2901,8.8019],[105.2943,8.8055],[105.297,8.8059],[105.2983,8.81],[105.3001,8.8109],[105.2992,8.8141],[105.3022,8.8182],[105.3054,8.8185],[105.3053,8.8222],[105.3084,8.8254]]]},"properties":{"ma_xa":"32206","ten_xa":"Tam Giang","sap_nhap":"Hiệp Tùng, Tam Giang Đông, Tam Giang","tru_so":"đang cập nhật","loai":"Xã","cap":2,"stt":31,"dtich_km2":205.2,"dan_so":23277,"matdo_km2":113.44,"ma_tinh":"96","ten_tinh":"Cà Mau"}},
{"type":"Feature","geometry":{"type":"Polygon","coordinates":[[[105.2166,8.7592],[105.2118,8.7647],[105.2083,8.7674],[105.2037,8.7695],[105.2007,8.7685],[105.1969,8.7656],[105.1939,8.7656],[105.1926,8.7668],[105.1886,8.7733],[105.187,8.7774],[105.1871,8.7806],[105.189,8.7882],[105.1893,8.7917],[105.1885,8.7953],[105.1844,8.7966],[105.1811,8.7945],[105.1737,8.7847],[105.1698,8.7823],[105.1622,8.7809],[105.1592,8.7794],[105.1497,8.7692],[105.1482,8.7669],[105.1462,8.7608],[105.1442,8.7593],[105.1325,8.7584],[105.1278,8.7587],[105.1212,8.7603],[105.1172,8.763],[105.1146,8.7665],[105.1109,8.7685],[105.104,8.7702],[105.0956,8.7734],[105.0775,8.7827],[105.0752,8.7855],[105.0722,8.7862],[105.069,8.7845],[105.064,8.7791],[105.0541,8.774],[105.0495,8.7726],[105.0386,8.7708],[105.0324,8.7679],[105.0278,8.7648],[105.0205,8.7626],[105.0105,8.7622],[105.0018,8.7598],[104.9957,8.7563],[104.9887,8.7535],[104.9792,8.7493],[104.9827,8.744],[104.984,8.739],[104.9864,8.7359],[104.9875,8.7329],[104.9855,8.7285],[104.9847,8.7226],[104.9828,8.7173],[104.9836,8.7133],[104.981,8.7096],[104.9811,8.7081],[104.9858,8.7035],[104.9828,8.7001],[104.9827,8.6981],[104.9808,8.6946],[104.9813,8.6926],[104.9858,8.6893],[104.9871,8.6867],[104.9958,8.6813],[104.9964,8.6792],[104.9947,8.6747],[104.9967,8.6716],[104.9953,8.6692],[104.9946,8.6648],[104.9959,8.6629],[105.0033,8.6642],[105.0041,8.6672],[105.001,8.6765],[105.0014,8.6794],[105.0037,8.6792],[105.0108,8.6763],[105.012,8.6721],[105.0139,8.6696],[105.0233,8.6701],[105.0249,8.6685],[105.0316,8.6691],[105.0343,8.6678],[105.0379,8.6679],[105.0411,8.6636],[105.0443,8.6625],[105.0465,8.6605],[105.0505,8.66],[105.057,8.6601],[105.0613,8.6575],[105.0643,8.6591],[105.0668,8.662],[105.0679,8.6653],[105.071,8.6678],[105.0741,8.6681],[105.0773,8.6706],[105.0827,8.6763],[105.085,8.6808],[105.0883,8.6833],[105.0903,8.6835],[105.0924,8.6859],[105.0934,8.689],[105.096,8.6909],[105.1019,8.6912],[105.107,8.6945],[105.1095,8.698],[105.1116,8.6996],[105.1161,8.7013],[105.1242,8.698],[105.1282,8.6984],[105.1333,8.6969],[105.1363,8.6945],[105.1369,8.6962],[105.1404,8.6975],[105.1438,8.6996],[105.1488,8.7071],[105.1528,8.7086],[105.1579,8.7125],[105.1605,8.7192],[105.1632,8.7208],[105.1656,8.7208],[105.1661,8.7234],[105.175,8.7368],[105.1765,8.7396],[105.1793,8.7424],[105.1817,8.7414],[105.1819,8.7444],[105.1849,8.7465],[105.1895,8.7478],[105.1925,8.7497],[105.195,8.7498],[105.1977,8.7518],[105.2019,8.7529],[105.2036,8.7554],[105.2096,8.7576],[105.2129,8.757],[105.2166,8.7592]]]},"properties":{"ma_xa":"32236","ten_xa":"Tân Ân","sap_nhap":"Tam Giang Tây, Tân Ân Tây","tru_so":"đang cập nhật","loai":"Xã","cap":2,"stt":18,"dtich_km2":218.3,"dan_so":23787,"matdo_km2":108.96,"ma_tinh":"96","ten_tinh":"Cà Mau"}},
{"type":"Feature","geometry":{"type":"Polygon","coordinates":[[[105.1399,9.0604],[105.1252,9.0667],[105.1199,9.0723],[105.1126,9.0762],[105.109,9.0795],[105.1069,9.0767],[105.0983,9.073],[105.0947,9.0738],[105.0912,9.0766],[105.0872,9.0749],[105.0888,9.0699],[105.0885,9.0681],[105.0933,9.0636],[105.0935,9.0616],[105.0915,9.0585],[105.0882,9.0564],[105.0823,9.0574],[105.0759,9.0556],[105.0725,9.0511],[105.07,9.046],[105.0707,9.0396],[105.0699,9.0376],[105.0675,9.0378],[105.0658,9.0362],[105.0653,9.0335],[105.0615,9.0306],[105.055,9.0296],[105.0542,9.0249],[105.0511,9.0204],[105.0423,9.0132],[105.0428,9.0043],[105.047,9.0055],[105.0507,8.9942],[105.051,8.9908],[105.0538,8.9911],[105.0526,8.9844],[105.0573,8.9843],[105.0582,8.9826],[105.0624,8.9795],[105.0595,8.9552],[105.063,8.9541],[105.0652,8.956],[105.0664,8.9542],[105.0702,8.9568],[105.0745,8.9568],[105.0757,8.9551],[105.0788,8.9412],[105.0802,8.9413],[105.0819,8.9377],[105.0823,8.9341],[105.0854,8.9329],[105.0867,8.9311],[105.0924,8.9309],[105.0952,8.9324],[105.0981,8.9312],[105.0985,8.937],[105.0994,8.9387],[105.0989,8.9446],[105.1023,8.9493],[105.1033,8.952],[105.1026,8.955],[105.1034,8.9575],[105.1056,8.9595],[105.1094,8.9683],[105.1084,8.9736],[105.1109,8.9797],[105.1097,8.9842],[105.112,8.9881],[105.1146,8.9901],[105.1166,8.9995],[105.1208,9.0043],[105.1188,9.007],[105.1196,9.0094],[105.1202,9.0161],[105.1222,9.0214],[105.1249,9.0262],[105.1399,9.0604]]]},"properties":{"ma_xa":"32137","ten_xa":"Tân Hưng","sap_nhap":"Tân Hưng, Đông Hưng (1 phần), Đông Thới (1 phần), Hòa Mỹ (1 phần)","tru_so":"đang cập nhật","loai":"Xã","cap":2,"stt":37,"dtich_km2":92.41,"dan_so":35222,"matdo_km2":381.15,"ma_tinh":"96","ten_tinh":"Cà Mau"}},
{"type":"Feature","geometry":{"type":"Polygon","coordinates":[[[105.2508,9.3246],[105.2482,9.3239],[105.2416,9.325],[105.2406,9.3277],[105.2351,9.3278],[105.2332,9.3301],[105.2305,9.3359],[105.2182,9.3358],[105.2102,9.3395],[105.2076,9.3427],[105.2036,9.3428],[105.1988,9.3441],[105.1973,9.3459],[105.1924,9.3453],[105.1893,9.3462],[105.1854,9.3456],[105.1842,9.3488],[105.1769,9.3492],[105.1763,9.3434],[105.1766,9.3396],[105.1787,9.3379],[105.1777,9.3363],[105.1781,9.333],[105.1796,9.332],[105.178,9.3278],[105.1782,9.3247],[105.176,9.3164],[105.1754,9.3116],[105.1739,9.3063],[105.177,9.2957],[105.1772,9.2929],[105.1781,9.2893],[105.1758,9.283],[105.1761,9.2788],[105.1751,9.275],[105.1767,9.2741],[105.1792,9.2696],[105.1782,9.2669],[105.1798,9.2641],[105.1857,9.2657],[105.1892,9.2655],[105.1919,9.2666],[105.2027,9.2674],[105.2033,9.265],[105.2034,9.2586],[105.2062,9.249],[105.2086,9.2448],[105.2127,9.2473],[105.2167,9.2422],[105.2201,9.2429],[105.2213,9.2457],[105.2234,9.247],[105.2255,9.2464],[105.2296,9.2475],[105.2367,9.2436],[105.2393,9.2472],[105.2455,9.2499],[105.2553,9.2428],[105.2576,9.248],[105.2577,9.2508],[105.2614,9.2529],[105.2661,9.2585],[105.2758,9.2635],[105.2804,9.2666],[105.2941,9.2796],[105.2796,9.2956],[105.2762,9.2989],[105.2686,9.3041],[105.2635,9.3082],[105.2572,9.3153],[105.2508,9.3246]]]},"properties":{"ma_xa":"32083","ten_xa":"Tân Lộc","sap_nhap":"Tân Lộc Bắc, Tân Lộc Đông, Tân Lộc","tru_so":"đang cập nhật","loai":"Xã","cap":2,"stt":26,"dtich_km2":96.8,"dan_so":35450,"matdo_km2":366.22,"ma_tinh":"96","ten_tinh":"Cà Mau"}},
{"type":"Feature","geometry":{"type":"Polygon","coordinates":[[[105.2791,9.1742],[105.2768,9.1797],[105.273,9.1828],[105.2672,9.1825],[105.2644,9.178],[105.2614,9.1785],[105.253,9.1987],[105.2469,9.2016],[105.244,9.2024],[105.2414,9.1998],[105.2398,9.2005],[105.2392,9.2068],[105.2399,9.2086],[105.2374,9.212],[105.2324,9.2137],[105.2328,9.2243],[105.2295,9.2259],[105.2265,9.2236],[105.2229,9.218],[105.2203,9.2183],[105.2151,9.2161],[105.2129,9.2137],[105.2098,9.2139],[105.2067,9.2109],[105.2008,9.2099],[105.1889,9.2054],[105.1829,9.2036],[105.181,9.2004],[105.1782,9.1985],[105.1495,9.1809],[105.1487,9.1778],[105.1548,9.1735],[105.158,9.1728],[105.1664,9.1753],[105.1978,9.1719],[105.2037,9.1702],[105.2139,9.1662],[105.222,9.1638],[105.2499,9.1618],[105.2567,9.1635],[105.2702,9.1683],[105.2791,9.1741],[105.2791,9.1742]]]},"properties":{"ma_xa":"32025","ten_xa":"Tân Thành","sap_nhap":"Phường 5 (thành phố Cà Mau), Tân Thành (phường), Tân Thành, Phường 7 (thành phố Cà Mau, 1 phần), Phường 6 (1 phần), Định Bình (1 phần), Tắc Vân (1 phần)","tru_so":"đang cập nhật","loai":"Phường","cap":2,"stt":3,"dtich_km2":48.42,"dan_so":83758,"matdo_km2":1729.82,"ma_tinh":"96","ten_tinh":"Cà Mau"}},
{"type":"Feature","geometry":{"type":"Polygon","coordinates":[[[105.393,9.067],[105.3903,9.0667],[105.3819,9.0617],[105.3786,9.0574],[105.376,9.0581],[105.374,9.0609],[105.3724,9.0611],[105.3667,9.0598],[105.3578,9.0627],[105.3567,9.0664],[105.3591,9.0694],[105.3559,9.0711],[105.3491,9.0707],[105.3431,9.0721],[105.3402,9.0719],[105.336,9.0664],[105.3259,9.0707],[105.3182,9.0718],[105.3172,9.0706],[105.3132,9.0691],[105.3144,9.065],[105.3059,9.0624],[105.3054,9.0679],[105.293,9.0662],[105.29,9.065],[105.2849,9.0661],[105.2792,9.0633],[105.2764,9.0614],[105.272,9.0601],[105.2701,9.0579],[105.2666,9.0564],[105.2645,9.0522],[105.2667,9.05],[105.2658,9.0469],[105.2601,9.0439],[105.2584,9.0414],[105.2577,9.0349],[105.2561,9.0307],[105.2536,9.0276],[105.2514,9.0198],[105.2501,9.0174],[105.2498,9.0131],[105.2504,9.0094],[105.2528,9.0071],[105.2531,9.0011],[105.2492,8.9969],[105.2485,8.995],[105.2485,8.9896],[105.2474,8.9848],[105.2446,8.983],[105.2429,8.9768],[105.246,8.9739],[105.248,8.9744],[105.251,8.9678],[105.2543,8.9679],[105.2544,8.9661],[105.2621,8.9663],[105.2616,8.9689],[105.2639,8.9712],[105.2698,8.9722],[105.2681,8.9781],[105.2709,8.9798],[105.2753,8.9792],[105.2806,8.9797],[105.2821,8.9789],[105.2925,8.9802],[105.2957,8.9801],[105.2973,8.9814],[105.3002,8.9812],[105.3049,8.978],[105.3115,8.9772],[105.3131,8.9795],[105.3213,8.9789],[105.3206,8.9709],[105.3231,8.9711],[105.3266,8.967],[105.3262,8.9605],[105.327,8.9575],[105.3301,8.9565],[105.3388,8.959],[105.339,8.9641],[105.3375,8.9664],[105.3387,8.9678],[105.343,8.9677],[105.3476,8.9733],[105.3514,8.9748],[105.3549,8.973],[105.3581,8.9736],[105.3618,8.9784],[105.3654,8.9786],[105.3669,8.9801],[105.3707,8.9809],[105.3752,8.981],[105.3766,8.9791],[105.3759,8.9771],[105.3773,8.9752],[105.3767,8.9718],[105.3803,8.9719],[105.381,8.9697],[105.3837,8.9685],[105.3833,8.9695],[105.3882,8.9763],[105.3893,8.979],[105.392,8.9886],[105.3916,8.9902],[105.3947,8.9937],[105.393,8.9957],[105.3949,8.9979],[105.3973,8.9984],[105.3985,9.0002],[105.3992,9.0048],[105.4011,9.0056],[105.406,9.0099],[105.4056,9.0128],[105.4121,9.0164],[105.4125,9.0184],[105.4166,9.0211],[105.4165,9.0221],[105.4171,9.0287],[105.4194,9.0356],[105.417,9.0391],[105.4125,9.0416],[105.4104,9.0443],[105.4109,9.049],[105.4097,9.0521],[105.4026,9.0583],[105.3982,9.0595],[105.3948,9.0622],[105.393,9.067]]]},"properties":{"ma_xa":"32167","ten_xa":"Tân Thuận","sap_nhap":"Tân Đức, Tân Thuận","tru_so":"đang cập nhật","loai":"Xã","cap":2,"stt":5,"dtich_km2":169.8,"dan_so":35473,"matdo_km2":208.91,"ma_tinh":"96","ten_tinh":"Cà Mau"}},
{"type":"Feature","geometry":{"type":"Polygon","coordinates":[[[105.3837,8.9685],[105.381,8.9697],[105.3803,8.9719],[105.3767,8.9718],[105.3773,8.9752],[105.3759,8.9771],[105.3766,8.9791],[105.3752,8.981],[105.3707,8.9809],[105.3669,8.9801],[105.3654,8.9786],[105.3618,8.9784],[105.3581,8.9736],[105.3549,8.973],[105.3514,8.9748],[105.3476,8.9733],[105.343,8.9677],[105.3387,8.9678],[105.3375,8.9664],[105.339,8.9641],[105.3388,8.959],[105.3301,8.9565],[105.327,8.9575],[105.3262,8.9605],[105.3266,8.967],[105.3231,8.9711],[105.3206,8.9709],[105.3213,8.9789],[105.3131,8.9795],[105.3115,8.9772],[105.3049,8.978],[105.3002,8.9812],[105.2973,8.9814],[105.2957,8.9801],[105.2925,8.9802],[105.2821,8.9789],[105.2806,8.9797],[105.2753,8.9792],[105.2709,8.9798],[105.2681,8.9781],[105.2698,8.9722],[105.2639,8.9712],[105.2616,8.9689],[105.2621,8.9663],[105.2544,8.9661],[105.2543,8.9679],[105.251,8.9678],[105.248,8.9744],[105.246,8.9739],[105.2447,8.971],[105.2483,8.9635],[105.2463,8.9624],[105.2447,8.9577],[105.2456,8.952],[105.2448,8.9467],[105.2457,8.9452],[105.2468,8.9373],[105.2464,8.935],[105.2481,8.9313],[105.2458,8.9265],[105.247,8.918],[105.2457,8.9163],[105.2454,8.9118],[105.2445,8.9095],[105.2416,8.9083],[105.2422,8.9029],[105.2458,8.902],[105.2483,8.898],[105.2485,8.8943],[105.2475,8.8896],[105.2411,8.8879],[105.2398,8.8847],[105.24,8.8819],[105.2421,8.8778],[105.2412,8.874],[105.2405,8.8669],[105.2422,8.8592],[105.2401,8.8553],[105.245,8.8523],[105.2462,8.8499],[105.2497,8.8465],[105.2512,8.8427],[105.2483,8.8363],[105.2478,8.8338],[105.2506,8.8284],[105.2541,8.8256],[105.2557,8.831],[105.2579,8.8337],[105.2627,8.8363],[105.2699,8.8353],[105.2724,8.8331],[105.2727,8.8313],[105.2789,8.828],[105.2823,8.8282],[105.2851,8.8311],[105.2878,8.8312],[105.2896,8.8292],[105.2945,8.828],[105.2996,8.8237],[105.3047,8.8256],[105.3084,8.8254],[105.3146,8.827],[105.3181,8.829],[105.3209,8.8333],[105.3254,8.8358],[105.3275,8.8379],[105.3298,8.8443],[105.3316,8.8475],[105.335,8.8516],[105.3396,8.8594],[105.3407,8.8626],[105.3455,8.8712],[105.3475,8.8733],[105.353,8.8843],[105.3556,8.891],[105.358,8.8937],[105.3578,8.8954],[105.3611,8.9039],[105.3604,8.907],[105.3626,8.9094],[105.3655,8.9155],[105.3672,8.9228],[105.3745,8.9338],[105.3737,8.9359],[105.3777,8.9391],[105.3798,8.9421],[105.3836,8.953],[105.386,8.957],[105.386,8.962],[105.384,8.9641],[105.3837,8.9685]]]},"properties":{"ma_xa":"32188","ten_xa":"Tân Tiến","sap_nhap":"Nguyễn Huân, Tân Tiến","tru_so":"đang cập nhật","loai":"Xã","cap":2,"stt":6,"dtich_km2":207.2,"dan_so":33994,"matdo_km2":164.06,"ma_tinh":"96","ten_tinh":"Cà Mau"}},
{"type":"Feature","geometry":{"type":"Polygon","coordinates":[[[105.2398,8.8847],[105.2344,8.8955],[105.2344,8.9],[105.2319,8.9045],[105.2322,8.9091],[105.2294,8.9106],[105.2242,8.911],[105.2201,8.912],[105.2159,8.9115],[105.2136,8.9168],[105.2139,8.9213],[105.2117,8.9252],[105.2079,8.9256],[105.2046,8.9277],[105.2002,8.9258],[105.1964,8.9275],[105.1904,8.9285],[105.1893,8.927],[105.1806,8.9271],[105.1751,8.9227],[105.1716,8.9211],[105.1635,8.9229],[105.1573,8.9233],[105.1568,8.9179],[105.1535,8.911],[105.1499,8.9077],[105.1577,8.8898],[105.1531,8.8881],[105.1535,8.8865],[105.1487,8.8845],[105.1468,8.8851],[105.1453,8.8831],[105.1396,8.8818],[105.139,8.8837],[105.1342,8.8838],[105.1305,8.8846],[105.1292,8.8824],[105.1289,8.8783],[105.1263,8.8779],[105.1266,8.8824],[105.124,8.8824],[105.1238,8.8774],[105.1179,8.8765],[105.1173,8.871],[105.1207,8.8712],[105.1194,8.8576],[105.1151,8.8529],[105.1093,8.8535],[105.109,8.8472],[105.157,8.8476],[105.2149,8.849],[105.2362,8.8494],[105.2462,8.8499],[105.245,8.8523],[105.2401,8.8553],[105.2422,8.8592],[105.2405,8.8669],[105.2412,8.874],[105.2421,8.8778],[105.24,8.8819],[105.2398,8.8847]]]},"properties":{"ma_xa":"32185","ten_xa":"Thanh Tùng","sap_nhap":"Ngọc Chánh, Thanh Tùng","tru_so":"đang cập nhật","loai":"Xã","cap":2,"stt":9,"dtich_km2":89.9,"dan_so":26573,"matdo_km2":295.58,"ma_tinh":"96","ten_tinh":"Cà Mau"}},
{"type":"Feature","geometry":{"type":"Polygon","coordinates":[[[105.1769,9.3492],[105.1775,9.351],[105.1758,9.3533],[105.1766,9.3553],[105.1746,9.3587],[105.1729,9.3665],[105.1666,9.368],[105.1608,9.3707],[105.161,9.378],[105.146,9.38],[105.128,9.397],[105.1186,9.4032],[105.099,9.3851],[105.0748,9.3719],[105.0731,9.3742],[105.0571,9.3658],[105.0669,9.3411],[105.0549,9.3357],[105.0441,9.3317],[105.0458,9.3269],[105.0525,9.3053],[105.0566,9.2959],[105.0652,9.2992],[105.0705,9.2999],[105.0793,9.2999],[105.0879,9.2974],[105.0937,9.2974],[105.0973,9.2954],[105.1031,9.2952],[105.1071,9.2963],[105.1106,9.2962],[105.1258,9.2975],[105.1281,9.3046],[105.1584,9.3025],[105.1607,9.3016],[105.1772,9.2929],[105.177,9.2957],[105.1739,9.3063],[105.1754,9.3116],[105.176,9.3164],[105.1782,9.3247],[105.178,9.3278],[105.1796,9.332],[105.1781,9.333],[105.1777,9.3363],[105.1787,9.3379],[105.1766,9.3396],[105.1763,9.3434],[105.1769,9.3492]]]},"properties":{"ma_xa":"32065","ten_xa":"Thới Bình","sap_nhap":"Thới Bình (thị trấn), Thới Bình","tru_so":"đang cập nhật","loai":"Xã","cap":2,"stt":24,"dtich_km2":121,"dan_so":38116,"matdo_km2":315.01,"ma_tinh":"96","ten_tinh":"Cà Mau"}},
{"type":"Feature","geometry":{"type":"Polygon","coordinates":[[[105.1738,9.0855],[105.173,9.0896],[105.1716,9.0908],[105.1676,9.0904],[105.1648,9.0911],[105.1622,9.0933],[105.1612,9.0964],[105.1651,9.1],[105.1641,9.1009],[105.1602,9.0999],[105.1572,9.1012],[105.155,9.0949],[105.1413,9.0639],[105.1399,9.0604],[105.1249,9.0262],[105.1222,9.0214],[105.1202,9.0161],[105.1196,9.0094],[105.1188,9.007],[105.1208,9.0043],[105.1166,8.9995],[105.1146,8.9901],[105.112,8.9881],[105.1097,8.9842],[105.1109,8.9797],[105.1084,8.9736],[105.1094,8.9683],[105.1056,8.9595],[105.1034,8.9575],[105.1026,8.955],[105.1033,8.952],[105.1023,8.9493],[105.1047,8.9476],[105.111,8.9448],[105.1123,8.9459],[105.1163,8.9434],[105.1203,8.9402],[105.1217,8.9425],[105.1281,8.9365],[105.1309,8.939],[105.1362,8.935],[105.1406,8.9387],[105.1532,8.9378],[105.1542,8.9375],[105.1576,8.9378],[105.16,8.9404],[105.1602,8.9424],[105.1587,8.946],[105.1558,8.9456],[105.1536,8.9469],[105.1529,8.9499],[105.1539,8.9571],[105.1554,8.9596],[105.1554,8.9629],[105.1534,8.968],[105.1547,8.9758],[105.1596,8.9848],[105.1596,8.9868],[105.1625,8.9893],[105.1624,8.9925],[105.1639,8.997],[105.1628,8.9994],[105.1603,9.001],[105.1599,9.0027],[105.1621,9.0104],[105.1645,9.012],[105.165,9.0163],[105.1609,9.0152],[105.1573,9.025],[105.1589,9.0289],[105.1627,9.0317],[105.1643,9.0357],[105.1686,9.0354],[105.1717,9.0379],[105.1706,9.0426],[105.1708,9.0457],[105.1739,9.0522],[105.1754,9.0583],[105.1785,9.0667],[105.1773,9.0687],[105.1782,9.0717],[105.1752,9.076],[105.1731,9.0757],[105.1714,9.0778],[105.1721,9.0825],[105.1738,9.0855]]]},"properties":{"ma_xa":"32161","ten_xa":"Trần Phán","sap_nhap":"Tân Trung, Trần Phán","tru_so":"đang cập nhật","loai":"Xã","cap":2,"stt":8,"dtich_km2":74.9,"dan_so":29949,"matdo_km2":399.85,"ma_tinh":"96","ten_tinh":"Cà Mau"}},
{"type":"Feature","geometry":{"type":"Polygon","coordinates":[[[104.9942,9.0834],[104.9862,9.0776],[104.9863,9.087],[104.984,9.0872],[104.9811,9.0852],[104.9803,9.0877],[104.9838,9.0882],[104.9843,9.0939],[104.9831,9.0949],[104.9833,9.0998],[104.9845,9.1025],[104.983,9.109],[104.9892,9.1102],[104.988,9.1159],[104.9858,9.1152],[104.9833,9.1222],[104.9805,9.1214],[104.978,9.1287],[104.9743,9.1286],[104.9694,9.1348],[104.9658,9.1406],[104.9671,9.1427],[104.9656,9.1462],[104.9695,9.1483],[104.9725,9.1491],[104.9702,9.1524],[104.9748,9.1546],[104.9833,9.1597],[104.974,9.1702],[104.9742,9.177],[104.9725,9.1772],[104.9601,9.1702],[104.9134,9.1438],[104.9134,9.1384],[104.9189,9.1375],[104.9188,9.1339],[104.9217,9.1277],[104.9173,9.1274],[104.9221,9.119],[104.91,9.1163],[104.9099,9.1136],[104.9122,9.1064],[104.9105,9.106],[104.9086,9.1032],[104.9107,9.0976],[104.9124,9.0946],[104.9149,9.095],[104.9176,9.0827],[104.9141,9.0817],[104.916,9.072],[104.9172,9.0692],[104.916,9.0666],[104.919,9.0593],[104.9229,9.0599],[104.9269,9.0588],[104.9265,9.054],[104.9268,9.0423],[104.9251,9.0234],[104.9194,9.0157],[104.9176,9.0105],[104.9263,9.0091],[104.9319,9.0057],[104.9421,8.9953],[104.9459,8.9946],[104.9516,8.9946],[104.9567,8.9957],[104.9608,8.9978],[104.9642,8.998],[104.9671,8.9971],[104.9709,9.004],[104.9691,9.0092],[104.9689,9.0142],[104.9643,9.0185],[104.9618,9.0174],[104.9594,9.0185],[104.9607,9.0215],[104.9603,9.0283],[104.9609,9.0314],[104.9658,9.0414],[104.9698,9.0422],[104.9703,9.0449],[104.9735,9.0475],[104.9748,9.0507],[104.9868,9.0533],[104.9873,9.059],[104.9971,9.0592],[104.9996,9.06],[104.9993,9.0646],[104.9997,9.0725],[104.9942,9.0834]]]},"properties":{"ma_xa":"32095","ten_xa":"Trần Văn Thời","sap_nhap":"Trần Văn Thời (thị trấn), Khánh Lộc, Phong Lạc, Lợi An (1 phần), Trần Hợi (1 phần), Phong Điền (1 phần)","tru_so":"đang cập nhật","loai":"Xã","cap":2,"stt":23,"dtich_km2":128.72,"dan_so":59365,"matdo_km2":461.19,"ma_tinh":"96","ten_tinh":"Cà Mau"}},
{"type":"Feature","geometry":{"type":"Polygon","coordinates":[[[105.1769,9.3492],[105.1842,9.3488],[105.1854,9.3456],[105.1893,9.3462],[105.1924,9.3453],[105.1973,9.3459],[105.1988,9.3441],[105.2036,9.3428],[105.2076,9.3427],[105.2102,9.3395],[105.2182,9.3358],[105.2305,9.3359],[105.2332,9.3301],[105.2351,9.3278],[105.2406,9.3277],[105.2416,9.325],[105.2482,9.3239],[105.2508,9.3246],[105.2487,9.3289],[105.2487,9.3338],[105.2513,9.3403],[105.2535,9.3433],[105.2551,9.3438],[105.2844,9.374],[105.2968,9.3868],[105.2948,9.3881],[105.2779,9.3987],[105.275,9.3951],[105.2621,9.3992],[105.2521,9.4056],[105.2088,9.4329],[105.1898,9.445],[105.1487,9.4707],[105.137,9.4779],[105.0968,9.4386],[105.1197,9.4247],[105.1173,9.4216],[105.1183,9.4185],[105.1151,9.4147],[105.1089,9.4095],[105.1186,9.4032],[105.128,9.397],[105.146,9.38],[105.161,9.378],[105.1608,9.3707],[105.1666,9.368],[105.1729,9.3665],[105.1746,9.3587],[105.1766,9.3553],[105.1758,9.3533],[105.1775,9.351],[105.1769,9.3492]]]},"properties":{"ma_xa":"32071","ten_xa":"Trí Phải","sap_nhap":"Trí Lực, Tân Phú, Trí Phải","tru_so":"đang cập nhật","loai":"Xã","cap":2,"stt":25,"dtich_km2":166.6,"dan_so":49770,"matdo_km2":298.74,"ma_tinh":"96","ten_tinh":"Cà Mau"}},
{"type":"Feature","geometry":{"type":"Polygon","coordinates":[[[104.8813,9.4941],[104.8747,9.501],[104.8587,9.5138],[104.8539,9.5185],[104.849,9.5244],[104.8459,9.5293],[104.8387,9.5314],[104.8368,9.5308],[104.8353,9.5211],[104.8353,9.5153],[104.8347,9.5125],[104.8335,9.4875],[104.8335,9.4757],[104.8327,9.4638],[104.8326,9.4543],[104.832,9.4492],[104.832,9.4387],[104.8313,9.4318],[104.8315,9.4231],[104.8302,9.4051],[104.8305,9.4022],[104.8297,9.3863],[104.8299,9.3756],[104.835,9.3759],[104.8445,9.3751],[104.8506,9.3757],[104.8505,9.3626],[104.8534,9.3578],[104.8679,9.366],[104.89,9.3792],[104.8922,9.3817],[104.9158,9.3876],[104.9199,9.3884],[104.9443,9.3959],[104.9315,9.4085],[104.9502,9.4224],[104.9473,9.4244],[104.9382,9.4293],[104.9267,9.4422],[104.9204,9.4484],[104.9096,9.4629],[104.8966,9.4763],[104.8887,9.486],[104.8813,9.4941]]]},"properties":{"ma_xa":"32047","ten_xa":"U Minh","sap_nhap":"Khánh Tiến, Khánh Hòa, Khánh Thuận (1 phần), Khánh Lâm (1 phần)","tru_so":"đang cập nhật","loai":"Xã","cap":2,"stt":12,"dtich_km2":145,"dan_so":32991,"matdo_km2":227.52,"ma_tinh":"96","ten_tinh":"Cà Mau"}},
{"type":"Feature","geometry":{"type":"Polygon","coordinates":[[[105.7133,9.2572],[105.7107,9.2651],[105.706,9.2635],[105.7028,9.2606],[105.6977,9.2606],[105.6943,9.2573],[105.6923,9.2631],[105.6935,9.2643],[105.6914,9.2682],[105.692,9.2741],[105.6933,9.2758],[105.6898,9.2791],[105.6736,9.2734],[105.6753,9.2678],[105.671,9.2664],[105.6698,9.2637],[105.6671,9.2641],[105.6593,9.2603],[105.6565,9.2671],[105.6365,9.2601],[105.6446,9.2436],[105.6371,9.2331],[105.6296,9.2302],[105.6291,9.2291],[105.6232,9.2264],[105.6224,9.2191],[105.609,9.2142],[105.6013,9.2118],[105.5815,9.2067],[105.5773,9.2051],[105.5732,9.2044],[105.5733,9.2021],[105.5712,9.2012],[105.564,9.1997],[105.5818,9.1369],[105.5833,9.1351],[105.5902,9.1359],[105.5957,9.1378],[105.6118,9.146],[105.6154,9.1466],[105.6183,9.1487],[105.6215,9.1498],[105.6276,9.1541],[105.6299,9.1534],[105.6329,9.1552],[105.6424,9.1578],[105.6464,9.1606],[105.6521,9.1629],[105.6604,9.1669],[105.6683,9.1699],[105.6716,9.1704],[105.674,9.1739],[105.6799,9.1762],[105.6869,9.1804],[105.6887,9.1802],[105.693,9.183],[105.6981,9.1851],[105.6995,9.1849],[105.7112,9.1905],[105.7296,9.1974],[105.7228,9.2235],[105.7194,9.2233],[105.7106,9.2201],[105.7097,9.2229],[105.712,9.2237],[105.712,9.2268],[105.7152,9.2271],[105.7198,9.2287],[105.7177,9.2363],[105.7129,9.2347],[105.7106,9.2439],[105.716,9.2464],[105.7133,9.2572]]]},"properties":{"ma_xa":"31927","ten_xa":"Vĩnh Hậu","sap_nhap":"Vĩnh Thịnh, Vĩnh Hậu A, Vĩnh Hậu","tru_so":"đang cập nhật","loai":"Xã","cap":2,"stt":57,"dtich_km2":105.94,"dan_so":17948,"matdo_km2":169.42,"ma_tinh":"96","ten_tinh":"Cà Mau"}},
{"type":"Feature","geometry":{"type":"Polygon","coordinates":[[[105.3737,9.5962],[105.3706,9.5958],[105.3718,9.5915],[105.3716,9.5891],[105.3699,9.5877],[105.3675,9.5886],[105.3643,9.5921],[105.3535,9.5937],[105.3492,9.5936],[105.3464,9.5924],[105.345,9.5948],[105.3476,9.5978],[105.3474,9.6004],[105.3441,9.6019],[105.3415,9.6061],[105.3426,9.6108],[105.3416,9.6126],[105.339,9.6107],[105.339,9.6075],[105.3365,9.6048],[105.3327,9.6045],[105.3311,9.6032],[105.3301,9.6],[105.3271,9.5999],[105.3236,9.6039],[105.3184,9.605],[105.315,9.6068],[105.3095,9.6072],[105.3063,9.6112],[105.3051,9.6163],[105.3029,9.6206],[105.3039,9.627],[105.3028,9.629],[105.2975,9.6295],[105.296,9.6319],[105.2949,9.6374],[105.2922,9.6369],[105.2897,9.6294],[105.2863,9.6253],[105.2865,9.6216],[105.2886,9.6165],[105.2889,9.6137],[105.288,9.61],[105.2878,9.6047],[105.2865,9.5996],[105.2896,9.5967],[105.293,9.5902],[105.294,9.5861],[105.2967,9.583],[105.3008,9.581],[105.3049,9.5775],[105.3119,9.5731],[105.3121,9.5692],[105.3097,9.5667],[105.3079,9.5629],[105.3072,9.558],[105.308,9.556],[105.311,9.5561],[105.3169,9.5599],[105.3204,9.5604],[105.3239,9.5586],[105.3243,9.5565],[105.3228,9.5508],[105.3229,9.5439],[105.3265,9.5394],[105.3313,9.5403],[105.3359,9.5419],[105.3375,9.5436],[105.3408,9.5421],[105.3432,9.5383],[105.35,9.5352],[105.3502,9.5283],[105.3516,9.5277],[105.3557,9.5301],[105.358,9.5294],[105.3588,9.5235],[105.3585,9.521],[105.3652,9.5194],[105.3669,9.5165],[105.3693,9.5181],[105.3736,9.5183],[105.3758,9.5168],[105.3806,9.5204],[105.3849,9.5261],[105.3892,9.5271],[105.392,9.5304],[105.3953,9.5294],[105.4012,9.5349],[105.4054,9.5357],[105.4053,9.5389],[105.4036,9.5396],[105.4079,9.5456],[105.408,9.5501],[105.4093,9.5527],[105.4096,9.5568],[105.4123,9.5565],[105.4163,9.558],[105.4171,9.5614],[105.4199,9.5623],[105.4209,9.5687],[105.4263,9.5813],[105.4273,9.582],[105.4177,9.5928],[105.4168,9.5958],[105.4181,9.5986],[105.4167,9.6015],[105.4145,9.6013],[105.4127,9.5989],[105.4088,9.5976],[105.4004,9.5985],[105.3988,9.598],[105.3996,9.5939],[105.3969,9.5913],[105.3956,9.5882],[105.3896,9.5904],[105.3857,9.587],[105.3808,9.5856],[105.3785,9.5861],[105.3772,9.5883],[105.3772,9.5919],[105.3737,9.5962]]]},"properties":{"ma_xa":"31858","ten_xa":"Vĩnh Lộc","sap_nhap":"Vĩnh Lộc A, Vĩnh Lộc","tru_so":"đang cập nhật","loai":"Xã","cap":2,"stt":47,"dtich_km2":48.47,"dan_so":12047,"matdo_km2":248.55,"ma_tinh":"96","ten_tinh":"Cà Mau"}},
{"type":"Feature","geometry":{"type":"Polygon","coordinates":[[[105.7668,9.411],[105.7654,9.4098],[105.7622,9.4124],[105.757,9.4096],[105.755,9.4076],[105.752,9.4083],[105.7509,9.4064],[105.7478,9.4071],[105.7426,9.4022],[105.7369,9.4016],[105.7377,9.3982],[105.7373,9.3952],[105.7334,9.3952],[105.732,9.3939],[105.7282,9.3957],[105.7244,9.3931],[105.7236,9.3903],[105.7156,9.3914],[105.7145,9.3937],[105.7117,9.3939],[105.7097,9.3974],[105.7051,9.3965],[105.7079,9.3946],[105.7071,9.3909],[105.7066,9.3837],[105.7054,9.3779],[105.7015,9.3774],[105.6966,9.3792],[105.6914,9.3797],[105.6879,9.379],[105.6964,9.3672],[105.6984,9.3561],[105.6985,9.3524],[105.7001,9.3493],[105.7028,9.3486],[105.7049,9.3506],[105.7142,9.3448],[105.712,9.3414],[105.7087,9.34],[105.7078,9.3361],[105.7064,9.3337],[105.7037,9.3327],[105.7032,9.3247],[105.7054,9.3231],[105.7082,9.3145],[105.7095,9.3112],[105.7136,9.3124],[105.7193,9.3159],[105.7197,9.3133],[105.7237,9.3141],[105.7262,9.3184],[105.7308,9.3215],[105.734,9.3187],[105.735,9.3222],[105.7341,9.3272],[105.7323,9.3305],[105.7434,9.3333],[105.7458,9.3344],[105.7464,9.3374],[105.7512,9.3435],[105.749,9.3467],[105.7505,9.3494],[105.7495,9.352],[105.7533,9.3517],[105.7578,9.3538],[105.7583,9.3554],[105.7636,9.3568],[105.7622,9.3602],[105.7672,9.3604],[105.7687,9.3574],[105.7708,9.3601],[105.7787,9.3601],[105.7802,9.3629],[105.7769,9.3677],[105.7783,9.3715],[105.7765,9.3791],[105.7792,9.3817],[105.7832,9.3807],[105.7855,9.3827],[105.7845,9.3846],[105.7773,9.3936],[105.7838,9.4],[105.7864,9.4006],[105.7859,9.4029],[105.7816,9.4075],[105.7763,9.4049],[105.7719,9.4114],[105.769,9.4091],[105.7668,9.411]]]},"properties":{"ma_xa":"31900","ten_xa":"Vĩnh Lợi","sap_nhap":"Châu Hưng (thị trấn), Châu Hưng A","tru_so":"đang cập nhật","loai":"Xã","cap":2,"stt":62,"dtich_km2":31.98,"dan_so":17236,"matdo_km2":538.96,"ma_tinh":"96","ten_tinh":"Cà Mau"}},
{"type":"Feature","geometry":{"type":"Polygon","coordinates":[[[105.6527,9.3309],[105.6242,9.3628],[105.6194,9.3617],[105.6181,9.3626],[105.6113,9.3603],[105.6076,9.3614],[105.6066,9.3642],[105.6021,9.361],[105.5782,9.3595],[105.5762,9.3577],[105.5748,9.3495],[105.5607,9.3672],[105.5498,9.3803],[105.5456,9.3675],[105.5424,9.3528],[105.5391,9.3518],[105.5337,9.3518],[105.5321,9.3512],[105.5314,9.3452],[105.5299,9.3404],[105.5247,9.3422],[105.5259,9.3252],[105.5135,9.3248],[105.5075,9.3245],[105.5073,9.3124],[105.5078,9.3115],[105.5156,9.3102],[105.5175,9.3002],[105.5168,9.2999],[105.516,9.2916],[105.5146,9.288],[105.5198,9.2864],[105.5239,9.2876],[105.5243,9.2899],[105.5272,9.2898],[105.5272,9.2878],[105.5325,9.2883],[105.5339,9.2872],[105.5345,9.2836],[105.5386,9.282],[105.5422,9.2835],[105.5453,9.2837],[105.5453,9.2782],[105.543,9.2734],[105.5459,9.2691],[105.5462,9.2673],[105.5445,9.2638],[105.5469,9.2628],[105.5486,9.2595],[105.571,9.2654],[105.5884,9.2696],[105.6123,9.2758],[105.608,9.2769],[105.6056,9.2799],[105.6057,9.2839],[105.6067,9.2858],[105.6061,9.2913],[105.6071,9.2934],[105.6101,9.2942],[105.6091,9.2986],[105.6116,9.3008],[105.6129,9.2991],[105.6248,9.3086],[105.6535,9.33],[105.6527,9.3309]]]},"properties":{"ma_xa":"31918","ten_xa":"Vĩnh Mỹ","sap_nhap":"Minh Diệu, Vĩnh Bình, Vĩnh Mỹ B","tru_so":"đang cập nhật","loai":"Xã","cap":2,"stt":56,"dtich_km2":40.72,"dan_so":15558,"matdo_km2":382.07,"ma_tinh":"96","ten_tinh":"Cà Mau"}},
{"type":"Feature","geometry":{"type":"Polygon","coordinates":[[[105.477,9.4035],[105.4723,9.4068],[105.4685,9.4032],[105.46,9.4112],[105.4561,9.4135],[105.4551,9.4152],[105.4518,9.4169],[105.446,9.423],[105.4531,9.4297],[105.4466,9.4367],[105.4447,9.4349],[105.4362,9.4379],[105.4352,9.4393],[105.4263,9.4429],[105.428,9.4515],[105.4277,9.4583],[105.433,9.4633],[105.4207,9.4749],[105.4197,9.4759],[105.3898,9.4481],[105.387,9.4456],[105.3627,9.4228],[105.3652,9.4195],[105.3563,9.41],[105.3529,9.4134],[105.3436,9.4048],[105.3195,9.3822],[105.321,9.3793],[105.3262,9.379],[105.3263,9.3765],[105.3341,9.3836],[105.3367,9.3822],[105.3416,9.3809],[105.3471,9.3787],[105.3472,9.3768],[105.3546,9.3741],[105.3608,9.374],[105.3764,9.3682],[105.3791,9.3654],[105.3811,9.3617],[105.3801,9.3602],[105.3897,9.3569],[105.4019,9.3526],[105.4024,9.3527],[105.4209,9.3465],[105.4412,9.3474],[105.4534,9.3418],[105.4631,9.3425],[105.4603,9.3473],[105.4602,9.3511],[105.4612,9.3561],[105.4651,9.3581],[105.4653,9.3634],[105.4742,9.3967],[105.477,9.4035]]]},"properties":{"ma_xa":"31876","ten_xa":"Vĩnh Phước","sap_nhap":"Phước Long, Vĩnh Phú Tây","tru_so":"đang cập nhật","loai":"Xã","cap":2,"stt":59,"dtich_km2":75.5,"dan_so":20014,"matdo_km2":265.09,"ma_tinh":"96","ten_tinh":"Cà Mau"}},
{"type":"Feature","geometry":{"type":"Polygon","coordinates":[[[105.5787,9.4134],[105.5453,9.4506],[105.5437,9.4523],[105.5285,9.4392],[105.5271,9.4298],[105.5321,9.4313],[105.5346,9.4304],[105.5371,9.428],[105.5411,9.4258],[105.5408,9.4227],[105.5391,9.4221],[105.5389,9.4183],[105.5365,9.3947],[105.5286,9.3932],[105.5089,9.3971],[105.507,9.3825],[105.504,9.3799],[105.4807,9.4095],[105.477,9.4035],[105.4742,9.3967],[105.4653,9.3634],[105.4651,9.3581],[105.4612,9.3561],[105.4602,9.3511],[105.4603,9.3473],[105.4631,9.3425],[105.472,9.3425],[105.5087,9.3301],[105.5083,9.3271],[105.5135,9.3248],[105.5259,9.3252],[105.5247,9.3422],[105.5299,9.3404],[105.5314,9.3452],[105.5321,9.3512],[105.5337,9.3518],[105.5391,9.3518],[105.5424,9.3528],[105.5456,9.3675],[105.5498,9.3803],[105.5525,9.39],[105.5787,9.4134]]]},"properties":{"ma_xa":"31882","ten_xa":"Vĩnh Thanh","sap_nhap":"Hưng Phú, Vĩnh Thanh","tru_so":"đang cập nhật","loai":"Xã","cap":2,"stt":61,"dtich_km2":37.37,"dan_so":19291,"matdo_km2":516.22,"ma_tinh":"96","ten_tinh":"Cà Mau"}},
{"type":"Feature","geometry":{"type":"Polygon","coordinates":[[[105.8207,9.3015],[105.8194,9.3087],[105.8147,9.3315],[105.812,9.3393],[105.7923,9.3284],[105.7764,9.3199],[105.7733,9.3171],[105.7687,9.3163],[105.7643,9.3135],[105.7616,9.3104],[105.7553,9.307],[105.7528,9.3064],[105.749,9.3015],[105.7468,9.3004],[105.7437,9.2998],[105.7394,9.2957],[105.7386,9.2939],[105.7352,9.2923],[105.7248,9.2843],[105.7264,9.2822],[105.73,9.273],[105.7299,9.2698],[105.7281,9.2666],[105.7295,9.2634],[105.7318,9.2622],[105.735,9.2573],[105.7452,9.2607],[105.7447,9.2618],[105.7499,9.2636],[105.7583,9.2685],[105.76,9.2651],[105.7719,9.2701],[105.7706,9.282],[105.8207,9.3015]]]},"properties":{"ma_xa":"31834","ten_xa":"Vĩnh Trạch","sap_nhap":"Phường 5 (thành phố Bạc Liêu), Vĩnh Trạch","tru_so":"đang cập nhật","loai":"Phường","cap":2,"stt":41,"dtich_km2":10.22,"dan_so":23085,"matdo_km2":2258.81,"ma_tinh":"96","ten_tinh":"Cà Mau"}}
]}