{"type":"FeatureCollection", "features": [
{"type":"Feature","geometry":{"type":"Polygon","coordinates":[[[106.2163,22.6402],[106.2111,22.6458],[106.209,22.647],[106.2024,22.659],[106.1996,22.6616],[106.1983,22.6642],[106.1938,22.6642],[106.1916,22.6607],[106.185,22.6582],[106.1811,22.6596],[106.1782,22.6588],[106.1731,22.6556],[106.1663,22.6499],[106.1664,22.6535],[106.1637,22.6589],[106.1587,22.6585],[106.1566,22.6607],[106.1525,22.6599],[106.1507,22.6578],[106.1457,22.6557],[106.1435,22.6553],[106.1363,22.6502],[106.1337,22.6457],[106.1282,22.6419],[106.1268,22.6378],[106.1222,22.6381],[106.1234,22.6338],[106.1211,22.629],[106.1194,22.6281],[106.115,22.6236],[106.1167,22.6213],[106.1162,22.618],[106.1145,22.6158],[106.1154,22.6111],[106.1166,22.6093],[106.115,22.607],[106.1152,22.6002],[106.1113,22.5946],[106.1108,22.5901],[106.1096,22.5874],[106.1118,22.5847],[106.1096,22.5807],[106.1068,22.5789],[106.1105,22.5744],[106.1108,22.5687],[106.1085,22.5636],[106.1129,22.5593],[106.1119,22.5559],[106.1135,22.5529],[106.1127,22.5511],[106.1093,22.5486],[106.1046,22.5431],[106.1046,22.5399],[106.1008,22.5354],[106.0995,22.5327],[106.0958,22.5309],[106.095,22.5278],[106.1016,22.522],[106.1003,22.5189],[106.1019,22.5163],[106.1063,22.5159],[106.1125,22.5128],[106.118,22.512],[106.1222,22.513],[106.1248,22.5169],[106.13,22.5197],[106.134,22.5166],[106.138,22.516],[106.141,22.514],[106.1465,22.5161],[106.1515,22.5147],[106.1549,22.5173],[106.1598,22.5251],[106.16,22.5287],[106.1585,22.5303],[106.1583,22.533],[106.1612,22.5354],[106.1707,22.5378],[106.1731,22.5369],[106.1762,22.5392],[106.1778,22.5415],[106.1824,22.5447],[106.186,22.5449],[106.1933,22.5415],[106.1938,22.5437],[106.1969,22.546],[106.2016,22.5461],[106.2014,22.5491],[106.2034,22.5499],[106.2053,22.5532],[106.204,22.5561],[106.2068,22.5578],[106.2057,22.5623],[106.2027,22.5644],[106.2016,22.5668],[106.202,22.57],[106.1972,22.5773],[106.1978,22.5789],[106.2032,22.5818],[106.2038,22.5848],[106.206,22.5868],[106.21,22.5883],[106.2113,22.5907],[106.2142,22.5918],[106.2154,22.5944],[106.2184,22.5962],[106.2191,22.6011],[106.2205,22.6026],[106.2192,22.6056],[106.2173,22.6068],[106.2168,22.6102],[106.2151,22.6128],[106.2164,22.6148],[106.2167,22.6205],[106.2156,22.6234],[106.2179,22.6251],[106.2183,22.6272],[106.2114,22.63],[106.2102,22.6334],[106.2133,22.6368],[106.2162,22.6385],[106.2163,22.6402]]]},"properties":{"ma_xa":"01708","ten_xa":"Bạch Đằng","sap_nhap":"Thịnh Vượng, Bình Dương, Bạch Đằng","tru_so":"đang cập nhật","loai":"Xã","cap":2,"stt":33,"dtich_km2":141.61,"dan_so":4808,"matdo_km2":33.95,"ma_tinh":"04","ten_tinh":"Cao Bằng"}},
{"type":"Feature","geometry":{"type":"Polygon","coordinates":[[[105.6348,22.9983],[105.629,22.9995],[105.6227,22.9977],[105.6169,22.9974],[105.6135,22.9983],[105.6082,22.9986],[105.6056,22.9963],[105.6019,22.9992],[105.5997,22.9996],[105.5991,23.004],[105.5962,23.0075],[105.5909,23.0097],[105.5853,23.0082],[105.5827,23.0094],[105.5763,23.0052],[105.5755,23.0034],[105.571,23.001],[105.5703,22.9914],[105.5713,22.9881],[105.5702,22.9838],[105.5669,22.9828],[105.5645,22.9843],[105.5599,22.9828],[105.5552,22.9804],[105.5526,22.9781],[105.5427,22.9718],[105.5453,22.9693],[105.5533,22.9681],[105.5605,22.9614],[105.5683,22.9595],[105.5718,22.9552],[105.5725,22.9531],[105.5764,22.9476],[105.5758,22.9436],[105.5725,22.94],[105.5684,22.9374],[105.5674,22.9357],[105.5704,22.9341],[105.5769,22.935],[105.5813,22.9363],[105.5874,22.9363],[105.5861,22.9323],[105.583,22.9271],[105.5874,22.9256],[105.5913,22.9235],[105.5951,22.9204],[105.5996,22.9153],[105.6042,22.9145],[105.6063,22.9132],[105.6118,22.9128],[105.6122,22.9104],[105.615,22.9087],[105.6185,22.9092],[105.6208,22.9072],[105.626,22.9053],[105.6294,22.9084],[105.6293,22.9112],[105.6414,22.9142],[105.6446,22.9146],[105.6521,22.911],[105.6535,22.9085],[105.6583,22.9068],[105.6596,22.904],[105.6624,22.9025],[105.6639,22.9004],[105.6717,22.8986],[105.6721,22.8951],[105.6741,22.8926],[105.6763,22.8861],[105.6829,22.882],[105.6847,22.8797],[105.6903,22.8781],[105.6973,22.8788],[105.701,22.8776],[105.7028,22.8737],[105.7066,22.8694],[105.7074,22.8726],[105.7127,22.8768],[105.7206,22.8797],[105.7218,22.8813],[105.7229,22.8863],[105.7209,22.8887],[105.7217,22.8917],[105.7189,22.8929],[105.7156,22.8961],[105.708,22.8996],[105.7068,22.9007],[105.7059,22.9073],[105.7003,22.9083],[105.6942,22.9136],[105.6901,22.9138],[105.6859,22.9157],[105.6835,22.9192],[105.6836,22.9238],[105.6845,22.9277],[105.687,22.9289],[105.6901,22.9286],[105.6915,22.9326],[105.6939,22.9343],[105.6998,22.9358],[105.703,22.9353],[105.7035,22.9435],[105.7055,22.9463],[105.6919,22.9472],[105.6914,22.957],[105.6856,22.9588],[105.6816,22.9613],[105.6804,22.9661],[105.6777,22.9703],[105.6748,22.97],[105.6732,22.9629],[105.67,22.9601],[105.6668,22.9586],[105.6688,22.9544],[105.6637,22.9541],[105.6587,22.9493],[105.6517,22.9505],[105.6483,22.9522],[105.6479,22.9573],[105.6488,22.9612],[105.6473,22.9687],[105.6514,22.9729],[105.6531,22.9774],[105.6488,22.9775],[105.6446,22.9821],[105.6408,22.9846],[105.6418,22.9891],[105.6393,22.9904],[105.6384,22.9939],[105.6348,22.9983]]]},"properties":{"ma_xa":"01321","ten_xa":"Bảo Lạc","sap_nhap":"Bảo Lạc (thị trấn), Bảo Toàn, Hồng Trị","tru_so":"đang cập nhật","loai":"Xã","cap":2,"stt":11,"dtich_km2":118.7,"dan_so":10889,"matdo_km2":91.74,"ma_tinh":"04","ten_tinh":"Cao Bằng"}},
{"type":"Feature","geometry":{"type":"Polygon","coordinates":[[[105.6194,22.8422],[105.6171,22.844],[105.6137,22.8431],[105.6093,22.8406],[105.6052,22.8402],[105.5992,22.8414],[105.5962,22.8401],[105.5922,22.843],[105.5857,22.8432],[105.5833,22.8449],[105.5847,22.8487],[105.585,22.8567],[105.5834,22.8615],[105.5803,22.8667],[105.5793,22.871],[105.5774,22.8735],[105.5769,22.8809],[105.5711,22.8855],[105.5643,22.8896],[105.5603,22.8876],[105.5579,22.8885],[105.557,22.8936],[105.5549,22.8988],[105.5551,22.9027],[105.55,22.9056],[105.5476,22.9059],[105.5482,22.902],[105.5464,22.8994],[105.5431,22.8977],[105.542,22.894],[105.5347,22.8906],[105.5307,22.8912],[105.5293,22.8842],[105.5271,22.8811],[105.5191,22.8747],[105.5084,22.8708],[105.5026,22.8628],[105.4975,22.8597],[105.4905,22.858],[105.4873,22.853],[105.4875,22.8509],[105.4921,22.8463],[105.489,22.8447],[105.4857,22.841],[105.4825,22.84],[105.4785,22.8402],[105.4738,22.8386],[105.4706,22.8388],[105.4689,22.8376],[105.4681,22.8342],[105.47,22.833],[105.477,22.8242],[105.481,22.8199],[105.4769,22.8158],[105.4708,22.807],[105.4669,22.8037],[105.4607,22.8012],[105.4589,22.7984],[105.4576,22.792],[105.4558,22.7877],[105.452,22.7816],[105.4517,22.7755],[105.45,22.7711],[105.4476,22.7689],[105.4533,22.7694],[105.4572,22.7722],[105.4609,22.7734],[105.4651,22.7728],[105.4675,22.7745],[105.4719,22.7755],[105.4753,22.7777],[105.4984,22.7905],[105.4993,22.7873],[105.5035,22.7869],[105.5128,22.7818],[105.5179,22.7769],[105.5189,22.7748],[105.5266,22.7725],[105.5319,22.7719],[105.5355,22.7732],[105.5424,22.7715],[105.5423,22.7698],[105.5458,22.767],[105.553,22.7644],[105.5576,22.7596],[105.564,22.7593],[105.5682,22.7605],[105.572,22.7625],[105.5722,22.7649],[105.576,22.7677],[105.5756,22.7703],[105.5808,22.772],[105.5839,22.772],[105.5904,22.7695],[105.5929,22.7678],[105.5986,22.7678],[105.6004,22.7694],[105.6047,22.7713],[105.6091,22.7724],[105.6107,22.7742],[105.6111,22.7776],[105.6148,22.7811],[105.6129,22.7853],[105.6117,22.7905],[105.6133,22.7907],[105.6141,22.799],[105.6133,22.8088],[105.6151,22.8151],[105.6186,22.815],[105.6226,22.8161],[105.6258,22.8137],[105.6291,22.8165],[105.6285,22.818],[105.6299,22.8226],[105.6323,22.8253],[105.6278,22.8286],[105.6261,22.8338],[105.6246,22.834],[105.6235,22.8408],[105.6194,22.8422]]]},"properties":{"ma_xa":"01290","ten_xa":"Bảo Lâm","sap_nhap":"Pác Miầu (thị trấn), Mông Ân, Vĩnh Phong","tru_so":"đang cập nhật","loai":"Xã","cap":2,"stt":7,"dtich_km2":161.82,"dan_so":14198,"matdo_km2":87.74,"ma_tinh":"04","ten_tinh":"Cao Bằng"}},
{"type":"Feature","geometry":{"type":"Polygon","coordinates":[[[106.609,22.6024],[106.6065,22.6025],[106.6015,22.6011],[106.5957,22.6012],[106.5923,22.6062],[106.5888,22.6058],[106.5868,22.6082],[106.5894,22.6139],[106.5909,22.6145],[106.5941,22.6196],[106.5943,22.6222],[106.5902,22.6256],[106.5837,22.628],[106.5839,22.6304],[106.5875,22.6321],[106.588,22.6352],[106.5832,22.6406],[106.5862,22.6433],[106.5881,22.6431],[106.5934,22.6445],[106.5975,22.6478],[106.5995,22.6521],[106.6015,22.6544],[106.6082,22.656],[106.6051,22.6595],[106.6049,22.6641],[106.6032,22.6664],[106.6002,22.666],[106.5909,22.6694],[106.5895,22.6719],[106.5864,22.672],[106.5784,22.6751],[106.5738,22.6684],[106.5741,22.6614],[106.5716,22.6511],[106.5696,22.65],[106.565,22.6496],[106.5645,22.6474],[106.5589,22.6438],[106.5547,22.645],[106.5517,22.6479],[106.547,22.6488],[106.5438,22.647],[106.5429,22.645],[106.5388,22.6448],[106.5358,22.646],[106.5338,22.6493],[106.5298,22.6516],[106.5283,22.6553],[106.5258,22.6571],[106.5283,22.6593],[106.5277,22.6622],[106.5218,22.6661],[106.516,22.6667],[106.5136,22.6642],[106.5143,22.6595],[106.5137,22.6576],[106.5156,22.6509],[106.515,22.6487],[106.5117,22.6464],[106.5123,22.6443],[106.5021,22.6403],[106.4968,22.6435],[106.496,22.647],[106.494,22.65],[106.4891,22.6521],[106.4893,22.6558],[106.4853,22.6576],[106.4829,22.66],[106.4795,22.6594],[106.4775,22.6564],[106.4744,22.6555],[106.4756,22.6516],[106.4729,22.6488],[106.4744,22.6452],[106.4724,22.6443],[106.4717,22.6402],[106.47,22.6385],[106.4679,22.6359],[106.4704,22.6312],[106.4699,22.6288],[106.4654,22.6269],[106.4657,22.6244],[106.4706,22.6193],[106.4756,22.6162],[106.4773,22.6131],[106.4763,22.6114],[106.4816,22.605],[106.4849,22.6034],[106.4855,22.6015],[106.4819,22.595],[106.4825,22.5905],[106.481,22.5868],[106.477,22.584],[106.484,22.5817],[106.4841,22.5784],[106.4854,22.5765],[106.4893,22.5755],[106.4926,22.5762],[106.4932,22.578],[106.4992,22.5802],[106.5039,22.5795],[106.5059,22.5812],[106.5077,22.5802],[106.5117,22.5808],[106.5112,22.5824],[106.516,22.5849],[106.5168,22.5878],[106.5204,22.5873],[106.5203,22.5853],[106.5233,22.5831],[106.523,22.5796],[106.5263,22.5767],[106.522,22.5704],[106.5226,22.5659],[106.5259,22.565],[106.5277,22.562],[106.5295,22.5619],[106.5424,22.5581],[106.5461,22.5551],[106.5525,22.5588],[106.5506,22.5639],[106.557,22.5626],[106.5599,22.5658],[106.5669,22.5629],[106.5708,22.5649],[106.5745,22.5611],[106.5761,22.5613],[106.5773,22.5655],[106.5801,22.5669],[106.5878,22.5671],[106.5953,22.5648],[106.5978,22.5659],[106.6038,22.5631],[106.6013,22.5721],[106.601,22.5762],[106.603,22.5778],[106.6087,22.5803],[106.6096,22.5821],[106.6086,22.5863],[106.6045,22.588],[106.6047,22.5917],[106.607,22.5948],[106.606,22.5966],[106.6073,22.6004],[106.609,22.6024]]]},"properties":{"ma_xa":"01636","ten_xa":"Bế Văn Đàn","sap_nhap":"Hồng Quang, Cách Linh, Bế Văn Đàn","tru_so":"đang cập nhật","loai":"Xã","cap":2,"stt":42,"dtich_km2":118.31,"dan_so":10253,"matdo_km2":86.66,"ma_tinh":"04","ten_tinh":"Cao Bằng"}},
{"type":"Feature","geometry":{"type":"Polygon","coordinates":[[[105.8987,22.7684],[105.8969,22.7693],[105.8915,22.7687],[105.8873,22.7725],[105.8837,22.7739],[105.8797,22.7731],[105.8735,22.7757],[105.873,22.7781],[105.8706,22.782],[105.8705,22.784],[105.8669,22.7889],[105.8627,22.7901],[105.8512,22.795],[105.8514,22.7997],[105.8494,22.8021],[105.8461,22.7989],[105.845,22.7957],[105.8402,22.7948],[105.8377,22.7927],[105.8395,22.7873],[105.8289,22.7861],[105.8253,22.7846],[105.8254,22.7829],[105.8279,22.7797],[105.8326,22.7766],[105.8358,22.7682],[105.8389,22.7648],[105.8385,22.761],[105.8349,22.7595],[105.834,22.7577],[105.8293,22.7534],[105.8282,22.7497],[105.8236,22.7459],[105.8215,22.7462],[105.8153,22.7436],[105.8082,22.7354],[105.8056,22.7361],[105.804,22.7391],[105.794,22.7387],[105.7903,22.7376],[105.7863,22.7388],[105.782,22.7334],[105.7808,22.7351],[105.7755,22.739],[105.7707,22.741],[105.7673,22.7412],[105.7649,22.7401],[105.7592,22.7399],[105.7544,22.7405],[105.749,22.7364],[105.7491,22.7293],[105.7519,22.7267],[105.755,22.7283],[105.7578,22.7265],[105.7595,22.7206],[105.7558,22.7159],[105.7518,22.7127],[105.7523,22.71],[105.7563,22.7023],[105.7591,22.6988],[105.7624,22.6962],[105.7661,22.6962],[105.7679,22.694],[105.7723,22.6935],[105.7771,22.6921],[105.783,22.6899],[105.7857,22.6899],[105.7922,22.6867],[105.7952,22.6828],[105.7979,22.6807],[105.8036,22.6787],[105.8048,22.6711],[105.809,22.6657],[105.8136,22.6625],[105.818,22.6555],[105.8232,22.652],[105.8277,22.6528],[105.8315,22.6525],[105.8388,22.6533],[105.8397,22.6559],[105.8431,22.6601],[105.8429,22.6623],[105.8407,22.6662],[105.8403,22.6699],[105.8427,22.6757],[105.839,22.6792],[105.8389,22.6831],[105.8436,22.6837],[105.8465,22.6918],[105.8523,22.697],[105.8574,22.6982],[105.8604,22.701],[105.8666,22.7008],[105.8679,22.7015],[105.8699,22.7064],[105.8717,22.7082],[105.8689,22.7101],[105.8734,22.7131],[105.8756,22.7163],[105.8773,22.7157],[105.8793,22.7189],[105.8787,22.7218],[105.8847,22.7219],[105.8838,22.7259],[105.8861,22.7291],[105.886,22.7331],[105.8875,22.7343],[105.8864,22.738],[105.8844,22.7381],[105.8836,22.7412],[105.881,22.7414],[105.8807,22.7438],[105.8843,22.7454],[105.8858,22.748],[105.8852,22.7503],[105.8918,22.7496],[105.8943,22.7541],[105.8901,22.7614],[105.8947,22.7617],[105.8955,22.7666],[105.8987,22.7684]]]},"properties":{"ma_xa":"01738","ten_xa":"Ca Thành","sap_nhap":"Yên Lạc, Ca Thành","tru_so":"đang cập nhật","loai":"Xã","cap":2,"stt":17,"dtich_km2":109.85,"dan_so":4684,"matdo_km2":42.64,"ma_tinh":"04","ten_tinh":"Cao Bằng"}},
{"type":"Feature","geometry":{"type":"Polygon","coordinates":[[[105.9557,22.9404],[105.9488,22.9399],[105.9469,22.9382],[105.9446,22.9394],[105.9391,22.9384],[105.9347,22.9413],[105.9328,22.9405],[105.9284,22.9442],[105.9236,22.9457],[105.9225,22.9469],[105.9159,22.9439],[105.9094,22.9396],[105.9055,22.9399],[105.9026,22.9412],[105.8963,22.9386],[105.8923,22.9398],[105.8898,22.9393],[105.8878,22.9368],[105.8877,22.9324],[105.8855,22.929],[105.8827,22.9276],[105.8855,22.9241],[105.8872,22.92],[105.8853,22.9185],[105.8801,22.9186],[105.8779,22.9166],[105.8733,22.9197],[105.871,22.9223],[105.87,22.9262],[105.8652,22.9237],[105.8635,22.9214],[105.8605,22.9199],[105.85,22.9205],[105.8476,22.9246],[105.845,22.919],[105.8422,22.9182],[105.8437,22.9147],[105.8475,22.9136],[105.8464,22.9112],[105.8489,22.9057],[105.851,22.9038],[105.8518,22.9009],[105.8553,22.8987],[105.856,22.8958],[105.8602,22.8902],[105.8629,22.8817],[105.8662,22.8785],[105.866,22.8755],[105.8675,22.8732],[105.8631,22.8693],[105.8604,22.868],[105.8613,22.8653],[105.8609,22.859],[105.8618,22.8547],[105.8644,22.8535],[105.8644,22.8496],[105.8665,22.845],[105.8683,22.8432],[105.8742,22.8415],[105.8776,22.8388],[105.8784,22.8385],[105.8921,22.8433],[105.8955,22.8413],[105.9011,22.8403],[105.9032,22.837],[105.9059,22.837],[105.9072,22.8343],[105.9113,22.8342],[105.9141,22.8314],[105.918,22.833],[105.9207,22.8279],[105.9271,22.828],[105.9293,22.8291],[105.9304,22.8319],[105.9341,22.8315],[105.9353,22.8327],[105.935,22.8363],[105.9412,22.839],[105.9433,22.8363],[105.9482,22.8396],[105.9538,22.8401],[105.9583,22.8388],[105.9586,22.8369],[105.9624,22.8312],[105.9664,22.832],[105.9687,22.8311],[105.9737,22.8346],[105.9808,22.8344],[105.9852,22.8311],[105.9868,22.8282],[105.9897,22.8291],[105.9934,22.8239],[105.9975,22.8267],[106.0005,22.8337],[106.0005,22.8428],[106.0017,22.8445],[106.0046,22.8426],[106.0042,22.8448],[106.0054,22.8483],[106.0043,22.851],[106.0053,22.8538],[106.0046,22.8575],[106.0023,22.8625],[106.0039,22.8635],[106.0025,22.8671],[105.998,22.8701],[105.9983,22.8733],[105.9971,22.8759],[105.9937,22.8753],[105.9918,22.8767],[105.99,22.8815],[105.9873,22.8817],[105.9862,22.8846],[105.9872,22.8864],[105.9836,22.8888],[105.9842,22.8956],[105.9822,22.8982],[105.9769,22.8991],[105.9771,22.9027],[105.9751,22.9066],[105.9742,22.9119],[105.9757,22.915],[105.9726,22.9194],[105.9719,22.9227],[105.9684,22.9228],[105.9649,22.9205],[105.9568,22.9193],[105.9536,22.9282],[105.9561,22.9332],[105.9581,22.9353],[105.9557,22.9404]]]},"properties":{"ma_xa":"01366","ten_xa":"Cần Yên","sap_nhap":"Cần Nông, Lương Thông, Cần Yên","tru_so":"đang cập nhật","loai":"Xã","cap":2,"stt":25,"dtich_km2":144.64,"dan_so":10375,"matdo_km2":71.73,"ma_tinh":"04","ten_tinh":"Cao Bằng"}},
{"type":"Feature","geometry":{"type":"Polygon","coordinates":[[[106.2853,22.5737],[106.2762,22.575],[106.2698,22.5781],[106.2669,22.578],[106.2602,22.579],[106.2549,22.5824],[106.2553,22.5853],[106.2524,22.5896],[106.2483,22.5924],[106.2471,22.5963],[106.2443,22.5985],[106.2437,22.6018],[106.2405,22.6025],[106.2337,22.6051],[106.2304,22.6036],[106.2281,22.601],[106.2205,22.6026],[106.2191,22.6011],[106.2184,22.5962],[106.2154,22.5944],[106.2142,22.5918],[106.2113,22.5907],[106.21,22.5883],[106.206,22.5868],[106.2038,22.5848],[106.2032,22.5818],[106.1978,22.5789],[106.1972,22.5773],[106.202,22.57],[106.204,22.5698],[106.2073,22.5663],[106.2106,22.5639],[106.2128,22.5643],[106.2155,22.5623],[106.2179,22.5582],[106.2195,22.5536],[106.2223,22.5531],[106.2291,22.5548],[106.232,22.5542],[106.2342,22.5491],[106.2318,22.5455],[106.2285,22.5444],[106.2307,22.5403],[106.2288,22.5384],[106.2259,22.5375],[106.2289,22.5328],[106.2301,22.5322],[106.2313,22.5279],[106.2333,22.5279],[106.2355,22.5227],[106.2347,22.5215],[106.2367,22.5123],[106.2408,22.5083],[106.2415,22.5053],[106.2374,22.5016],[106.2378,22.499],[106.2354,22.4964],[106.2382,22.4904],[106.2377,22.486],[106.2345,22.4835],[106.2325,22.4807],[106.2316,22.4755],[106.2345,22.4723],[106.2348,22.4686],[106.238,22.4669],[106.2394,22.4616],[106.2467,22.4577],[106.2507,22.4577],[106.2525,22.4556],[106.2564,22.4542],[106.2602,22.4503],[106.2637,22.4518],[106.2704,22.4509],[106.273,22.4483],[106.2774,22.4474],[106.2815,22.4423],[106.2849,22.4368],[106.286,22.4321],[106.288,22.427],[106.2943,22.4254],[106.2985,22.4237],[106.3005,22.4204],[106.3035,22.4199],[106.3056,22.4168],[106.3091,22.4144],[106.311,22.4112],[106.3191,22.4075],[106.3259,22.4096],[106.3287,22.413],[106.3258,22.4154],[106.3265,22.4215],[106.3244,22.4255],[106.322,22.4252],[106.3193,22.4341],[106.3216,22.4369],[106.3222,22.4395],[106.3207,22.4411],[106.3217,22.4449],[106.321,22.4508],[106.3221,22.4538],[106.3265,22.4579],[106.3287,22.4643],[106.3285,22.4656],[106.3245,22.4683],[106.3241,22.4733],[106.3213,22.4764],[106.3189,22.4836],[106.3191,22.4872],[106.3148,22.494],[106.3123,22.4954],[106.3097,22.5016],[106.3082,22.5024],[106.3063,22.5076],[106.3001,22.506],[106.2958,22.5112],[106.2925,22.5118],[106.2948,22.5152],[106.296,22.5186],[106.2963,22.5224],[106.2946,22.5251],[106.2976,22.5271],[106.2961,22.5334],[106.299,22.5375],[106.3004,22.544],[106.2998,22.5468],[106.2955,22.5501],[106.2921,22.5483],[106.2897,22.5481],[106.2882,22.5526],[106.2864,22.5557],[106.2868,22.56],[106.2854,22.5625],[106.2883,22.566],[106.2853,22.5737]]]},"properties":{"ma_xa":"01789","ten_xa":"Canh Tân","sap_nhap":"Đức Thông, Canh Tân","tru_so":"đang cập nhật","loai":"Xã","cap":2,"stt":36,"dtich_km2":132.26,"dan_so":4513,"matdo_km2":34.12,"ma_tinh":"04","ten_tinh":"Cao Bằng"}},
{"type":"Feature","geometry":{"type":"Polygon","coordinates":[[[105.7888,23.0094],[105.7862,23.0121],[105.7831,23.0195],[105.7802,23.0229],[105.7702,23.0257],[105.769,23.0269],[105.7638,23.0272],[105.7622,23.029],[105.7584,23.0287],[105.7586,23.0319],[105.7506,23.0335],[105.7476,23.0347],[105.7404,23.032],[105.7373,23.0342],[105.7371,23.0368],[105.7311,23.0368],[105.7313,23.0388],[105.7284,23.0427],[105.7297,23.0442],[105.7299,23.0542],[105.7265,23.0533],[105.7222,23.0576],[105.7233,23.0596],[105.7221,23.0631],[105.719,23.0646],[105.7166,23.0644],[105.7138,23.0668],[105.7107,23.0715],[105.709,23.0696],[105.7118,23.0621],[105.707,23.0636],[105.7023,23.0638],[105.6976,23.0626],[105.6883,23.0627],[105.6807,23.0642],[105.6783,23.0624],[105.6793,23.0585],[105.6788,23.0526],[105.6759,23.0488],[105.6719,23.0473],[105.6715,23.0444],[105.669,23.0421],[105.6659,23.033],[105.6677,23.0272],[105.6651,23.0204],[105.665,23.0184],[105.6615,23.0169],[105.6576,23.0104],[105.6539,23.0092],[105.6527,23.0062],[105.6479,23.0028],[105.6475,23.0002],[105.6495,22.9983],[105.6494,22.9959],[105.643,22.9955],[105.6348,22.9983],[105.6384,22.9939],[105.6393,22.9904],[105.6418,22.9891],[105.6408,22.9846],[105.6446,22.9821],[105.6488,22.9775],[105.6531,22.9774],[105.6514,22.9729],[105.6473,22.9687],[105.6488,22.9612],[105.6479,22.9573],[105.6483,22.9522],[105.6517,22.9505],[105.6587,22.9493],[105.6637,22.9541],[105.6688,22.9544],[105.6668,22.9586],[105.67,22.9601],[105.6732,22.9629],[105.6748,22.97],[105.6777,22.9703],[105.6804,22.9661],[105.6816,22.9613],[105.6856,22.9588],[105.6914,22.957],[105.6919,22.9472],[105.7055,22.9463],[105.7112,22.9472],[105.7151,22.9484],[105.7185,22.9481],[105.7225,22.9503],[105.7258,22.9508],[105.7317,22.9545],[105.7357,22.9559],[105.7398,22.9507],[105.7404,22.9462],[105.7446,22.9465],[105.7487,22.9487],[105.7558,22.9508],[105.7597,22.9514],[105.7642,22.9505],[105.771,22.9533],[105.7735,22.9568],[105.7743,22.9598],[105.7766,22.9638],[105.7782,22.97],[105.7763,22.9748],[105.7805,22.9854],[105.7811,22.9891],[105.7796,23.0028],[105.7888,23.0094]]]},"properties":{"ma_xa":"01327","ten_xa":"Cô Ba","sap_nhap":"Thượng Hà, Cô Ba","tru_so":"đang cập nhật","loai":"Xã","cap":2,"stt":13,"dtich_km2":134.52,"dan_so":8397,"matdo_km2":62.42,"ma_tinh":"04","ten_tinh":"Cao Bằng"}},
{"type":"Feature","geometry":{"type":"Polygon","coordinates":[[[105.5647,23.1193],[105.5575,23.1178],[105.554,23.1146],[105.5544,23.1132],[105.5513,23.1107],[105.5432,23.1091],[105.5395,23.1092],[105.5381,23.1103],[105.5318,23.1114],[105.5289,23.1088],[105.5278,23.1036],[105.525,23.1002],[105.5245,23.0968],[105.5203,23.0879],[105.5178,23.0841],[105.5204,23.0793],[105.5198,23.0744],[105.5137,23.0697],[105.5131,23.0661],[105.5086,23.061],[105.5076,23.057],[105.5083,23.0516],[105.506,23.0508],[105.5044,23.0474],[105.5043,23.0435],[105.5024,23.0416],[105.4976,23.0392],[105.4967,23.0355],[105.4944,23.0326],[105.4946,23.0303],[105.493,23.0283],[105.4914,23.0225],[105.4917,23.0177],[105.4903,23.0132],[105.4876,23.009],[105.4897,23.0043],[105.4985,23.0028],[105.5019,22.9998],[105.5067,22.9977],[105.5094,22.9952],[105.5094,22.9898],[105.5124,22.9883],[105.515,22.9857],[105.5194,22.9769],[105.5222,22.9794],[105.5278,22.9795],[105.5302,22.9822],[105.5341,22.9838],[105.5384,22.987],[105.5397,22.9839],[105.5419,22.9829],[105.5424,22.9797],[105.5443,22.9757],[105.5427,22.9718],[105.5526,22.9781],[105.5552,22.9804],[105.5599,22.9828],[105.5645,22.9843],[105.5669,22.9828],[105.5702,22.9838],[105.5713,22.9881],[105.5703,22.9914],[105.571,23.001],[105.5755,23.0034],[105.5763,23.0052],[105.5827,23.0094],[105.5853,23.0082],[105.5909,23.0097],[105.5962,23.0075],[105.5991,23.004],[105.5997,22.9996],[105.6019,22.9992],[105.6056,22.9963],[105.6082,22.9986],[105.6135,22.9983],[105.6169,22.9974],[105.6227,22.9977],[105.629,22.9995],[105.6348,22.9983],[105.643,22.9955],[105.6494,22.9959],[105.6495,22.9983],[105.6475,23.0002],[105.6479,23.0028],[105.6527,23.0062],[105.6539,23.0092],[105.6576,23.0104],[105.6615,23.0169],[105.665,23.0184],[105.6651,23.0204],[105.6677,23.0272],[105.6659,23.033],[105.669,23.0421],[105.6715,23.0444],[105.6719,23.0473],[105.6759,23.0488],[105.6788,23.0526],[105.6793,23.0585],[105.6783,23.0624],[105.6752,23.0624],[105.6748,23.0655],[105.6671,23.0678],[105.6594,23.0749],[105.6542,23.0747],[105.6497,23.0774],[105.6489,23.0798],[105.6465,23.0811],[105.6418,23.0815],[105.6326,23.08],[105.6307,23.0784],[105.6299,23.0749],[105.6282,23.0748],[105.627,23.0713],[105.6245,23.0715],[105.6199,23.0687],[105.6172,23.0685],[105.6098,23.0724],[105.6076,23.0756],[105.6015,23.0771],[105.598,23.0761],[105.5944,23.0763],[105.5909,23.0725],[105.5901,23.0692],[105.586,23.07],[105.5835,23.0678],[105.5781,23.0694],[105.5705,23.0738],[105.5676,23.0772],[105.565,23.0823],[105.5659,23.0844],[105.5601,23.088],[105.562,23.0896],[105.5633,23.0934],[105.5631,23.0986],[105.5664,23.1013],[105.566,23.1034],[105.5637,23.1046],[105.5646,23.1075],[105.5635,23.1091],[105.5655,23.1123],[105.5611,23.116],[105.5647,23.1193]]]},"properties":{"ma_xa":"01324","ten_xa":"Cốc Pàng","sap_nhap":"Đức Hạnh, Cốc Pàng","tru_so":"đang cập nhật","loai":"Xã","cap":2,"stt":12,"dtich_km2":170.28,"dan_so":10134,"matdo_km2":59.51,"ma_tinh":"04","ten_tinh":"Cao Bằng"}},
{"type":"Feature","geometry":{"type":"Polygon","coordinates":[[[106.7331,22.8493],[106.7293,22.8511],[106.7235,22.8557],[106.7199,22.8569],[106.7161,22.861],[106.7152,22.8631],[106.71,22.8647],[106.7064,22.8684],[106.713,22.8712],[106.7164,22.8714],[106.7161,22.8792],[106.7132,22.8787],[106.7096,22.8821],[106.7062,22.8889],[106.7006,22.8883],[106.6952,22.8908],[106.6917,22.8917],[106.6866,22.8904],[106.6844,22.8882],[106.6818,22.8884],[106.6803,22.8866],[106.6768,22.8882],[106.6781,22.8906],[106.6755,22.8926],[106.6735,22.8912],[106.6694,22.893],[106.6652,22.8878],[106.6667,22.8861],[106.667,22.8815],[106.6655,22.8807],[106.6666,22.876],[106.6631,22.875],[106.6629,22.8733],[106.6588,22.8717],[106.6528,22.8658],[106.6487,22.8673],[106.6451,22.872],[106.6449,22.8746],[106.6421,22.8751],[106.6409,22.872],[106.6423,22.8696],[106.6391,22.8666],[106.6414,22.8621],[106.6392,22.8578],[106.6365,22.8561],[106.6317,22.8516],[106.6324,22.8504],[106.6292,22.8455],[106.6268,22.8438],[106.6237,22.8375],[106.6185,22.8344],[106.6156,22.8352],[106.6139,22.8373],[106.6103,22.8376],[106.6081,22.8394],[106.6053,22.8377],[106.6037,22.8346],[106.6013,22.8348],[106.6,22.8372],[106.5975,22.8371],[106.5964,22.8446],[106.5934,22.8441],[106.588,22.8466],[106.5857,22.8457],[106.5808,22.8503],[106.5741,22.8503],[106.5723,22.8526],[106.5684,22.854],[106.5663,22.8567],[106.5666,22.8512],[106.5687,22.8477],[106.5662,22.8467],[106.56,22.8407],[106.5603,22.8299],[106.5625,22.8272],[106.5628,22.8185],[106.5623,22.8131],[106.566,22.8143],[106.5699,22.8143],[106.5745,22.8135],[106.578,22.8146],[106.5814,22.8134],[106.5816,22.8112],[106.5866,22.8072],[106.5877,22.8043],[106.5901,22.803],[106.5911,22.8007],[106.5958,22.7978],[106.604,22.7875],[106.6078,22.7861],[106.6119,22.7855],[106.6158,22.7818],[106.6213,22.7803],[106.6306,22.7842],[106.636,22.7826],[106.6426,22.7824],[106.6471,22.785],[106.65,22.7844],[106.6548,22.7857],[106.6522,22.7922],[106.6546,22.7947],[106.6587,22.7947],[106.6634,22.7967],[106.667,22.7969],[106.6743,22.8014],[106.6799,22.8026],[106.6825,22.8013],[106.685,22.806],[106.6873,22.8081],[106.6948,22.8083],[106.696,22.8069],[106.6993,22.8076],[106.7038,22.8122],[106.7068,22.8179],[106.7099,22.8194],[106.7119,22.8233],[106.7143,22.8242],[106.7152,22.8268],[106.7174,22.8269],[106.7228,22.8302],[106.7223,22.8338],[106.7246,22.8371],[106.7246,22.8412],[106.7264,22.8421],[106.7267,22.847],[106.7331,22.8493]]]},"properties":{"ma_xa":"01501","ten_xa":"Đàm Thuỷ","sap_nhap":"Chí Viễn, Phong Châu, Đàm Thủy","tru_so":"đang cập nhật","loai":"Xã","cap":2,"stt":51,"dtich_km2":114.63,"dan_so":12281,"matdo_km2":107.14,"ma_tinh":"04","ten_tinh":"Cao Bằng"}},
{"type":"Feature","geometry":{"type":"Polygon","coordinates":[[[106.6421,22.8751],[106.6384,22.8754],[106.6366,22.877],[106.6398,22.8802],[106.6385,22.8855],[106.6354,22.8876],[106.6321,22.886],[106.6291,22.8871],[106.6307,22.8914],[106.624,22.8952],[106.6207,22.8965],[106.6155,22.9013],[106.6126,22.9064],[106.6126,22.9087],[106.61,22.9093],[106.6092,22.9131],[106.6108,22.9142],[106.6088,22.9173],[106.6083,22.9212],[106.6047,22.9217],[106.6051,22.9271],[106.6024,22.9273],[106.6018,22.93],[106.5969,22.9287],[106.5953,22.9297],[106.5931,22.9334],[106.5916,22.9338],[106.5846,22.9306],[106.5831,22.9271],[106.5806,22.9251],[106.5778,22.9267],[106.5719,22.9249],[106.5672,22.9193],[106.5637,22.9216],[106.5529,22.9247],[106.5513,22.9243],[106.5481,22.9265],[106.547,22.9291],[106.5433,22.9285],[106.5431,22.9338],[106.5404,22.9356],[106.5403,22.9383],[106.5419,22.9411],[106.5412,22.9425],[106.5354,22.9417],[106.5333,22.9422],[106.5293,22.9412],[106.5295,22.9438],[106.5268,22.9456],[106.5266,22.9482],[106.5211,22.9487],[106.5178,22.9468],[106.5128,22.9471],[106.5103,22.9439],[106.511,22.9419],[106.5074,22.9345],[106.5068,22.9316],[106.5046,22.9298],[106.5009,22.9303],[106.5,22.9288],[106.5016,22.9246],[106.5035,22.9234],[106.4989,22.9191],[106.5005,22.917],[106.5034,22.9164],[106.503,22.9142],[106.5003,22.9127],[106.5023,22.9105],[106.4983,22.9056],[106.4968,22.9054],[106.494,22.9079],[106.4906,22.9067],[106.4897,22.904],[106.4857,22.9023],[106.4877,22.8996],[106.4917,22.892],[106.4911,22.8901],[106.4882,22.8889],[106.4898,22.8861],[106.4902,22.8825],[106.4937,22.8792],[106.4982,22.8801],[106.499,22.8779],[106.4985,22.874],[106.4998,22.8721],[106.5028,22.8715],[106.5043,22.8727],[106.5115,22.8741],[106.5133,22.8757],[106.5157,22.8726],[106.5184,22.8707],[106.5197,22.8672],[106.5233,22.8675],[106.5239,22.8694],[106.5277,22.8682],[106.5328,22.863],[106.5334,22.8609],[106.5363,22.8619],[106.5396,22.861],[106.5421,22.8634],[106.5415,22.8668],[106.5464,22.8671],[106.5526,22.8635],[106.5511,22.8589],[106.5573,22.8552],[106.5616,22.857],[106.5663,22.8567],[106.5684,22.854],[106.5723,22.8526],[106.5741,22.8503],[106.5808,22.8503],[106.5857,22.8457],[106.588,22.8466],[106.5934,22.8441],[106.5964,22.8446],[106.5975,22.8371],[106.6,22.8372],[106.6013,22.8348],[106.6037,22.8346],[106.6053,22.8377],[106.6081,22.8394],[106.6103,22.8376],[106.6139,22.8373],[106.6156,22.8352],[106.6185,22.8344],[106.6237,22.8375],[106.6268,22.8438],[106.6292,22.8455],[106.6324,22.8504],[106.6317,22.8516],[106.6365,22.8561],[106.6392,22.8578],[106.6414,22.8621],[106.6391,22.8666],[106.6423,22.8696],[106.6409,22.872],[106.6421,22.8751]]]},"properties":{"ma_xa":"01489","ten_xa":"Đình Phong","sap_nhap":"Ngọc Côn, Ngọc Khê, Phong Nặm, Đình Phong","tru_so":"đang cập nhật","loai":"Xã","cap":2,"stt":52,"dtich_km2":113.77,"dan_so":10778,"matdo_km2":94.73,"ma_tinh":"04","ten_tinh":"Cao Bằng"}},
{"type":"Feature","geometry":{"type":"Polygon","coordinates":[[[106.5623,22.8131],[106.5566,22.8114],[106.5551,22.8095],[106.5504,22.8067],[106.5443,22.8044],[106.5392,22.8035],[106.5394,22.8012],[106.5375,22.7983],[106.5385,22.7953],[106.5407,22.7935],[106.5458,22.7943],[106.548,22.7914],[106.5444,22.7883],[106.5454,22.7837],[106.5441,22.7788],[106.5412,22.7771],[106.5401,22.775],[106.5438,22.7731],[106.5447,22.7706],[106.5434,22.7671],[106.5415,22.7667],[106.5391,22.7685],[106.5342,22.7673],[106.5304,22.77],[106.5268,22.7711],[106.5207,22.7746],[106.5164,22.7716],[106.5135,22.7723],[106.5129,22.7745],[106.5089,22.7779],[106.5038,22.7792],[106.5009,22.7816],[106.4995,22.7842],[106.4945,22.7869],[106.4893,22.7878],[106.4891,22.7846],[106.485,22.7848],[106.483,22.7883],[106.4832,22.7924],[106.4816,22.7962],[106.4828,22.7988],[106.4776,22.8029],[106.4767,22.8054],[106.473,22.8053],[106.4721,22.8084],[106.4689,22.8096],[106.4697,22.8126],[106.4686,22.8147],[106.4697,22.8175],[106.4696,22.8232],[106.4658,22.8245],[106.462,22.8236],[106.454,22.825],[106.4498,22.8224],[106.4431,22.8209],[106.437,22.8189],[106.4332,22.8217],[106.4276,22.8201],[106.4298,22.815],[106.4324,22.8135],[106.4317,22.8097],[106.4257,22.8097],[106.4225,22.8051],[106.4198,22.8065],[106.4184,22.8024],[106.4158,22.8006],[106.4124,22.8019],[106.4056,22.8062],[106.4023,22.8049],[106.3985,22.8047],[106.3975,22.7985],[106.3994,22.796],[106.4018,22.797],[106.4035,22.7953],[106.4036,22.7915],[106.4064,22.7935],[106.4104,22.7943],[106.4174,22.79],[106.4199,22.7867],[106.4234,22.7848],[106.4239,22.7824],[106.4292,22.7825],[106.4296,22.7855],[106.4364,22.793],[106.439,22.7909],[106.4462,22.7876],[106.4478,22.7815],[106.4502,22.7775],[106.4472,22.774],[106.4504,22.7724],[106.4534,22.7697],[106.4553,22.7663],[106.4547,22.7621],[106.4557,22.7593],[106.4617,22.7559],[106.4683,22.7493],[106.4678,22.7477],[106.4706,22.7459],[106.4778,22.7452],[106.4805,22.7461],[106.4822,22.7399],[106.4858,22.7385],[106.4878,22.7407],[106.4884,22.7434],[106.4916,22.7422],[106.4918,22.7395],[106.4945,22.7382],[106.496,22.7351],[106.5035,22.7329],[106.5119,22.7354],[106.5127,22.7338],[106.5197,22.7297],[106.5212,22.7255],[106.5249,22.721],[106.5253,22.7175],[106.5243,22.7154],[106.5235,22.7099],[106.5277,22.7058],[106.5311,22.7044],[106.5368,22.7041],[106.5383,22.7059],[106.5422,22.7068],[106.5455,22.7125],[106.5472,22.7144],[106.5529,22.7129],[106.5548,22.7162],[106.5549,22.7197],[106.5539,22.7226],[106.5584,22.7262],[106.5593,22.728],[106.5562,22.7316],[106.5577,22.7336],[106.5577,22.7395],[106.5628,22.7406],[106.5654,22.7387],[106.5676,22.7397],[106.5682,22.7422],[106.5729,22.7471],[106.5792,22.7495],[106.5823,22.7542],[106.5784,22.7578],[106.5779,22.762],[106.5822,22.7657],[106.5844,22.7654],[106.5934,22.7737],[106.5967,22.772],[106.6017,22.7724],[106.6056,22.776],[106.6075,22.7788],[106.6069,22.7813],[106.6078,22.7861],[106.604,22.7875],[106.5958,22.7978],[106.5911,22.8007],[106.5901,22.803],[106.5877,22.8043],[106.5866,22.8072],[106.5816,22.8112],[106.5814,22.8134],[106.578,22.8146],[106.5745,22.8135],[106.5699,22.8143],[106.566,22.8143],[106.5623,22.8131]]]},"properties":{"ma_xa":"01525","ten_xa":"Đoài Dương","sap_nhap":"Trung Phúc, Cao Thăng, Đoài Dương","tru_so":"đang cập nhật","loai":"Xã","cap":2,"stt":49,"dtich_km2":114.48,"dan_so":12536,"matdo_km2":109.5,"ma_tinh":"04","ten_tinh":"Cao Bằng"}},
{"type":"Feature","geometry":{"type":"Polygon","coordinates":[[[106.5529,22.7129],[106.5472,22.7144],[106.5455,22.7125],[106.5422,22.7068],[106.5383,22.7059],[106.5368,22.7041],[106.5311,22.7044],[106.5277,22.7058],[106.5235,22.7099],[106.5243,22.7154],[106.5253,22.7175],[106.5249,22.721],[106.5212,22.7255],[106.5197,22.7297],[106.5127,22.7338],[106.5119,22.7354],[106.5035,22.7329],[106.496,22.7351],[106.4945,22.7382],[106.4918,22.7395],[106.4916,22.7422],[106.4884,22.7434],[106.4878,22.7407],[106.4858,22.7385],[106.4822,22.7399],[106.4805,22.7461],[106.4778,22.7452],[106.4706,22.7459],[106.4678,22.7477],[106.4683,22.7493],[106.4617,22.7559],[106.4557,22.7593],[106.4547,22.7621],[106.4553,22.7663],[106.4534,22.7697],[106.4504,22.7724],[106.4472,22.774],[106.4502,22.7775],[106.4478,22.7815],[106.4462,22.7876],[106.439,22.7909],[106.4364,22.793],[106.4296,22.7855],[106.4292,22.7825],[106.4239,22.7824],[106.4176,22.7791],[106.4144,22.7722],[106.4138,22.7684],[106.4168,22.7644],[106.4205,22.763],[106.4239,22.7571],[106.4259,22.7556],[106.4277,22.7521],[106.423,22.7475],[106.4244,22.7442],[106.4278,22.7431],[106.4301,22.7411],[106.4299,22.7382],[106.4322,22.736],[106.4352,22.7362],[106.4381,22.7346],[106.4412,22.7295],[106.4443,22.73],[106.4484,22.7254],[106.4514,22.7257],[106.4539,22.7235],[106.4575,22.7165],[106.4523,22.7096],[106.4558,22.7062],[106.4553,22.7042],[106.4583,22.7012],[106.4631,22.6991],[106.4673,22.696],[106.4663,22.6927],[106.4698,22.6911],[106.4715,22.6876],[106.4744,22.6885],[106.4787,22.6862],[106.4738,22.6836],[106.476,22.6811],[106.4796,22.6816],[106.4827,22.6806],[106.4868,22.6753],[106.4896,22.6748],[106.4906,22.673],[106.494,22.6735],[106.4979,22.6709],[106.4982,22.6685],[106.5051,22.6641],[106.507,22.6616],[106.5116,22.6594],[106.5137,22.6576],[106.5143,22.6595],[106.5136,22.6642],[106.516,22.6667],[106.5218,22.6661],[106.5277,22.6622],[106.5283,22.6593],[106.5258,22.6571],[106.5283,22.6553],[106.5298,22.6516],[106.5338,22.6493],[106.5358,22.646],[106.5388,22.6448],[106.5429,22.645],[106.5438,22.647],[106.547,22.6488],[106.5517,22.6479],[106.5547,22.645],[106.5589,22.6438],[106.5645,22.6474],[106.565,22.6496],[106.5696,22.65],[106.5716,22.6511],[106.5741,22.6614],[106.5738,22.6684],[106.5784,22.6751],[106.5748,22.678],[106.5723,22.6825],[106.5747,22.6865],[106.5757,22.6949],[106.5738,22.6982],[106.5685,22.6995],[106.5693,22.7031],[106.5684,22.7047],[106.5649,22.7048],[106.5596,22.7075],[106.5543,22.7066],[106.5519,22.7075],[106.5529,22.7129]]]},"properties":{"ma_xa":"01594","ten_xa":"Độc Lập","sap_nhap":"Quảng Hưng, Cai Bộ, Độc Lập","tru_so":"đang cập nhật","loai":"Xã","cap":2,"stt":43,"dtich_km2":102.21,"dan_so":8400,"matdo_km2":82.18,"ma_tinh":"04","ten_tinh":"Cao Bằng"}},
{"type":"Feature","geometry":{"type":"Polygon","coordinates":[[[106.3854,22.4606],[106.3808,22.4601],[106.3754,22.4607],[106.3698,22.4596],[106.3595,22.464],[106.3578,22.4693],[106.3553,22.4746],[106.3489,22.4759],[106.3463,22.4795],[106.3425,22.4803],[106.3413,22.4766],[106.3376,22.4735],[106.3352,22.4702],[106.3376,22.4667],[106.336,22.4633],[106.3335,22.462],[106.3287,22.4643],[106.3265,22.4579],[106.3221,22.4538],[106.321,22.4508],[106.3217,22.4449],[106.3207,22.4411],[106.3222,22.4395],[106.3216,22.4369],[106.3193,22.4341],[106.322,22.4252],[106.3244,22.4255],[106.3265,22.4215],[106.3258,22.4154],[106.3287,22.413],[106.3314,22.4119],[106.3344,22.4092],[106.3323,22.4032],[106.3396,22.3969],[106.342,22.3929],[106.3447,22.3907],[106.3434,22.3862],[106.345,22.383],[106.3441,22.3785],[106.3412,22.3761],[106.3435,22.3729],[106.3461,22.3719],[106.3467,22.37],[106.3498,22.3688],[106.3524,22.3639],[106.3523,22.3626],[106.3586,22.36],[106.361,22.3573],[106.3631,22.3566],[106.3661,22.3583],[106.3713,22.3589],[106.3769,22.3589],[106.3794,22.36],[106.3801,22.3633],[106.3834,22.3634],[106.3918,22.3692],[106.3953,22.3735],[106.3968,22.3741],[106.3995,22.3716],[106.405,22.3693],[106.4119,22.3707],[106.4132,22.3689],[106.4196,22.3638],[106.422,22.3608],[106.4253,22.3591],[106.4298,22.3594],[106.4338,22.3636],[106.4363,22.3642],[106.4385,22.3625],[106.4407,22.3633],[106.4434,22.3592],[106.4473,22.359],[106.4524,22.3571],[106.4561,22.3587],[106.4593,22.3582],[106.4635,22.3598],[106.4663,22.3588],[106.469,22.3623],[106.4671,22.3639],[106.4669,22.3685],[106.4651,22.3725],[106.4624,22.3747],[106.4601,22.3809],[106.4601,22.3831],[106.4573,22.3854],[106.4639,22.393],[106.4686,22.3954],[106.4655,22.3969],[106.4625,22.3966],[106.4551,22.4021],[106.4526,22.4063],[106.4571,22.4079],[106.4604,22.41],[106.4618,22.4084],[106.4664,22.4089],[106.4712,22.4119],[106.4728,22.4168],[106.4754,22.4172],[106.4749,22.42],[106.4769,22.4216],[106.4664,22.4236],[106.4666,22.4263],[106.4634,22.4293],[106.4618,22.4319],[106.4586,22.4332],[106.4553,22.4331],[106.4518,22.4313],[106.4467,22.432],[106.4426,22.4344],[106.4392,22.4337],[106.4371,22.4369],[106.4375,22.4402],[106.4346,22.4415],[106.4318,22.4441],[106.424,22.4444],[106.424,22.4422],[106.4185,22.4394],[106.4141,22.4383],[106.4125,22.4343],[106.4131,22.4301],[106.4156,22.4288],[106.4149,22.4261],[106.4153,22.4222],[106.412,22.418],[106.4082,22.4174],[106.4072,22.415],[106.404,22.4123],[106.4045,22.4085],[106.4015,22.4063],[106.3975,22.4083],[106.3971,22.4126],[106.3948,22.4154],[106.3936,22.4187],[106.3974,22.4198],[106.3969,22.4222],[106.397,22.4289],[106.393,22.4393],[106.3917,22.4408],[106.3934,22.4434],[106.3925,22.4493],[106.3903,22.4497],[106.3866,22.4535],[106.3888,22.4579],[106.3854,22.4606]]]},"properties":{"ma_xa":"01786","ten_xa":"Đông Khê","sap_nhap":"Đông Khê (thị trấn), Đức Xuân, Trọng Con","tru_so":"đang cập nhật","loai":"Xã","cap":2,"stt":39,"dtich_km2":125.27,"dan_so":9099,"matdo_km2":72.64,"ma_tinh":"04","ten_tinh":"Cao Bằng"}},
{"type":"Feature","geometry":{"type":"Polygon","coordinates":[[[106.5583,22.4566],[106.5544,22.4554],[106.5475,22.4544],[106.5442,22.4552],[106.5407,22.4535],[106.5396,22.4558],[106.5343,22.4533],[106.5335,22.4555],[106.5285,22.4587],[106.5265,22.4585],[106.5223,22.4601],[106.5193,22.4624],[106.5197,22.4672],[106.5233,22.4709],[106.5298,22.4729],[106.5297,22.4763],[106.5275,22.4784],[106.5298,22.483],[106.5293,22.4867],[106.5237,22.4889],[106.5195,22.4868],[106.5172,22.4871],[106.5153,22.4922],[106.5158,22.4966],[106.5119,22.4987],[106.5087,22.4983],[106.506,22.4955],[106.5034,22.4971],[106.4959,22.4963],[106.4936,22.4936],[106.4906,22.495],[106.4888,22.4984],[106.4838,22.5054],[106.4828,22.5123],[106.4809,22.5151],[106.4757,22.5133],[106.4712,22.5088],[106.4692,22.5044],[106.4673,22.5043],[106.4646,22.5063],[106.4615,22.506],[106.4559,22.5028],[106.4516,22.5052],[106.4488,22.5052],[106.4471,22.5026],[106.4371,22.5011],[106.4388,22.4983],[106.4399,22.4918],[106.4431,22.4911],[106.4444,22.4885],[106.4419,22.4878],[106.4441,22.4829],[106.4485,22.4805],[106.4469,22.4767],[106.4422,22.4759],[106.4431,22.473],[106.4465,22.4713],[106.4477,22.4673],[106.4475,22.4641],[106.4495,22.463],[106.4541,22.4551],[106.4587,22.4523],[106.4595,22.4493],[106.4581,22.4484],[106.4584,22.4413],[106.4594,22.44],[106.4657,22.4368],[106.4618,22.4319],[106.4634,22.4293],[106.4666,22.4263],[106.4664,22.4236],[106.4769,22.4216],[106.4749,22.42],[106.4754,22.4172],[106.4728,22.4168],[106.4712,22.4119],[106.4664,22.4089],[106.4618,22.4084],[106.4604,22.41],[106.4571,22.4079],[106.4526,22.4063],[106.4551,22.4021],[106.4625,22.3966],[106.4655,22.3969],[106.4686,22.3954],[106.4639,22.393],[106.4573,22.3854],[106.4601,22.3831],[106.4601,22.3809],[106.4624,22.3747],[106.4651,22.3725],[106.4669,22.3685],[106.4671,22.3639],[106.469,22.3623],[106.4713,22.3622],[106.475,22.3638],[106.4765,22.3632],[106.4817,22.367],[106.4876,22.3681],[106.4897,22.3747],[106.4889,22.3768],[106.4855,22.3761],[106.4814,22.3768],[106.4828,22.3797],[106.4891,22.3825],[106.4909,22.3849],[106.4907,22.3875],[106.4837,22.3901],[106.4857,22.3928],[106.4882,22.3925],[106.4924,22.3939],[106.4943,22.3978],[106.4908,22.3983],[106.4899,22.4007],[106.4947,22.4025],[106.4967,22.4044],[106.503,22.4043],[106.5041,22.4052],[106.5084,22.4028],[106.5122,22.4023],[106.516,22.3985],[106.5204,22.3982],[106.5213,22.4011],[106.5255,22.4044],[106.5277,22.4046],[106.5295,22.4072],[106.5326,22.4085],[106.5301,22.4133],[106.5347,22.4157],[106.5354,22.4192],[106.5434,22.4197],[106.5458,22.4194],[106.5521,22.4213],[106.5539,22.4201],[106.5606,22.4225],[106.5639,22.4238],[106.5651,22.4272],[106.5678,22.4302],[106.5655,22.4325],[106.5661,22.4361],[106.5646,22.4375],[106.5675,22.4411],[106.5628,22.4478],[106.5591,22.4472],[106.5585,22.4499],[106.5601,22.4515],[106.5605,22.4564],[106.5583,22.4566]]]},"properties":{"ma_xa":"01822","ten_xa":"Đức Long","sap_nhap":"Đức Long (huyện Thạch An), Thụy Hùng, Lê Lợi","tru_so":"đang cập nhật","loai":"Xã","cap":2,"stt":40,"dtich_km2":106.93,"dan_so":5236,"matdo_km2":48.97,"ma_tinh":"04","ten_tinh":"Cao Bằng"}},
{"type":"Feature","geometry":{"type":"Polygon","coordinates":[[[106.7372,22.6632],[106.7333,22.6631],[106.7299,22.6653],[106.7275,22.6646],[106.7225,22.6678],[106.7172,22.6733],[106.7173,22.6752],[106.7143,22.6762],[106.7114,22.6806],[106.709,22.6814],[106.7085,22.6837],[106.7037,22.6847],[106.6968,22.6832],[106.6912,22.6842],[106.6879,22.6889],[106.687,22.6916],[106.6825,22.6975],[106.6799,22.6995],[106.6808,22.7022],[106.6833,22.7033],[106.6851,22.7067],[106.6817,22.7072],[106.6802,22.71],[106.6817,22.7119],[106.6801,22.7135],[106.6803,22.716],[106.6787,22.7187],[106.6749,22.7152],[106.6645,22.711],[106.6625,22.7118],[106.663,22.7147],[106.66,22.7148],[106.6546,22.7173],[106.6516,22.7157],[106.6481,22.7141],[106.6452,22.7085],[106.6449,22.702],[106.6465,22.7004],[106.6466,22.6957],[106.6481,22.693],[106.6527,22.6895],[106.6597,22.6884],[106.6562,22.6846],[106.6607,22.6778],[106.66,22.676],[106.6568,22.6748],[106.6526,22.6716],[106.6564,22.6677],[106.6605,22.6668],[106.6683,22.6683],[106.6749,22.6684],[106.678,22.6701],[106.6797,22.6675],[106.6794,22.664],[106.6811,22.66],[106.6848,22.661],[106.6843,22.6573],[106.6863,22.656],[106.6896,22.657],[106.6938,22.657],[106.6989,22.6542],[106.6993,22.6507],[106.694,22.6451],[106.688,22.6427],[106.6878,22.6384],[106.6862,22.6377],[106.6869,22.6335],[106.6845,22.6322],[106.6801,22.6333],[106.6786,22.6321],[106.6754,22.6331],[106.6662,22.6311],[106.6613,22.632],[106.6609,22.629],[106.6629,22.6274],[106.6568,22.625],[106.6529,22.6254],[106.6506,22.624],[106.6457,22.6254],[106.6461,22.6227],[106.6485,22.62],[106.6457,22.6165],[106.65,22.6113],[106.6541,22.6096],[106.6517,22.6079],[106.6528,22.6043],[106.6537,22.5984],[106.653,22.5947],[106.6538,22.5916],[106.6521,22.5882],[106.6561,22.5865],[106.6574,22.5844],[106.6559,22.5814],[106.6561,22.5768],[106.6574,22.5758],[106.6632,22.5755],[106.6719,22.5796],[106.6753,22.5786],[106.678,22.5823],[106.6851,22.58],[106.6886,22.5827],[106.6943,22.5839],[106.6996,22.5824],[106.7088,22.5779],[106.7111,22.5807],[106.716,22.5829],[106.7233,22.5879],[106.7219,22.5905],[106.7262,22.5937],[106.7283,22.5936],[106.7282,22.5984],[106.7309,22.6017],[106.7228,22.6074],[106.7196,22.6071],[106.7171,22.6088],[106.7147,22.6146],[106.7212,22.6179],[106.7234,22.6173],[106.7242,22.6222],[106.7265,22.6273],[106.7293,22.6305],[106.7291,22.6331],[106.7268,22.6356],[106.724,22.6362],[106.7223,22.6379],[106.7259,22.6419],[106.7256,22.645],[106.7309,22.6474],[106.7328,22.6509],[106.7304,22.6549],[106.7356,22.6567],[106.7372,22.6632]]]},"properties":{"ma_xa":"01558","ten_xa":"Hạ Lang","sap_nhap":"Thanh Nhật (thị trấn), Thống Nhất, Thị Hoa","tru_so":"đang cập nhật","loai":"Xã","cap":2,"stt":54,"dtich_km2":81.13,"dan_so":8091,"matdo_km2":99.73,"ma_tinh":"04","ten_tinh":"Cao Bằng"}},
{"type":"Feature","geometry":{"type":"Polygon","coordinates":[[[106.2283,22.885],[106.2254,22.8853],[106.2231,22.8884],[106.219,22.8912],[106.2152,22.891],[106.2123,22.8896],[106.2109,22.8917],[106.2113,22.8965],[106.21,22.8971],[106.2018,22.8948],[106.1961,22.8966],[106.1925,22.8994],[106.1923,22.9008],[106.1868,22.9027],[106.1834,22.9048],[106.1795,22.9051],[106.1774,22.9007],[106.1752,22.9005],[106.1671,22.9037],[106.1643,22.8998],[106.1589,22.8996],[106.1519,22.9022],[106.1477,22.8973],[106.1464,22.8945],[106.1464,22.8911],[106.1476,22.8864],[106.1449,22.8846],[106.1404,22.8795],[106.1434,22.8748],[106.1403,22.8712],[106.1399,22.8695],[106.1371,22.8681],[106.1368,22.863],[106.1349,22.8617],[106.1304,22.863],[106.1282,22.8651],[106.1239,22.8655],[106.1225,22.8681],[106.12,22.8689],[106.1187,22.871],[106.114,22.8713],[106.1122,22.874],[106.1074,22.879],[106.1056,22.8707],[106.1011,22.8716],[106.0989,22.8737],[106.0959,22.8744],[106.0918,22.874],[106.0895,22.8723],[106.0911,22.8681],[106.0886,22.8648],[106.0834,22.8656],[106.0787,22.8623],[106.0778,22.8592],[106.0755,22.8566],[106.0746,22.854],[106.0776,22.8495],[106.0781,22.8427],[106.0809,22.8412],[106.0804,22.8351],[106.0846,22.8341],[106.0876,22.8349],[106.089,22.8292],[106.0908,22.8268],[106.0941,22.8247],[106.0955,22.8205],[106.0983,22.822],[106.1015,22.8198],[106.1076,22.8176],[106.1124,22.8172],[106.1124,22.8149],[106.1165,22.8098],[106.1198,22.8088],[106.1228,22.8096],[106.1218,22.8134],[106.1269,22.8193],[106.1309,22.8202],[106.1324,22.8172],[106.1347,22.8168],[106.1373,22.8186],[106.1472,22.8159],[106.1518,22.817],[106.1589,22.8242],[106.1646,22.8236],[106.1652,22.8221],[106.1686,22.8221],[106.1704,22.8199],[106.1694,22.817],[106.1717,22.8119],[106.1757,22.8111],[106.1785,22.8082],[106.1799,22.8035],[106.1789,22.7978],[106.1831,22.7972],[106.1841,22.7998],[106.1883,22.7985],[106.1912,22.7965],[106.1952,22.7956],[106.1977,22.7918],[106.2002,22.7905],[106.2042,22.7935],[106.2046,22.7963],[106.2087,22.8004],[106.2129,22.8021],[106.213,22.8041],[106.2099,22.8083],[106.2105,22.8095],[106.2088,22.8193],[106.2104,22.8243],[106.2094,22.8263],[106.2109,22.8291],[106.2068,22.8311],[106.2077,22.8323],[106.2144,22.8356],[106.2141,22.8376],[106.212,22.8398],[106.2068,22.8402],[106.2067,22.8435],[106.2111,22.8434],[106.2172,22.846],[106.22,22.8465],[106.2199,22.8492],[106.2229,22.8523],[106.2193,22.8547],[106.218,22.8569],[106.2148,22.8573],[106.212,22.8559],[106.212,22.8599],[106.2145,22.8597],[106.2207,22.8631],[106.2197,22.8668],[106.2226,22.8671],[106.2242,22.8734],[106.2294,22.8776],[106.2282,22.88],[106.2292,22.8816],[106.2283,22.885]]]},"properties":{"ma_xa":"01438","ten_xa":"Hà Quảng","sap_nhap":"Hồng Sỹ, Ngọc Đào, Mã Ba","tru_so":"đang cập nhật","loai":"Xã","cap":2,"stt":28,"dtich_km2":112.25,"dan_so":10997,"matdo_km2":97.97,"ma_tinh":"04","ten_tinh":"Cao Bằng"}},
{"type":"Feature","geometry":{"type":"Polygon","coordinates":[[[106.3541,22.6965],[106.3486,22.6988],[106.3469,22.7002],[106.3465,22.6942],[106.348,22.6909],[106.3472,22.687],[106.3451,22.6847],[106.3468,22.6815],[106.3482,22.6742],[106.3506,22.6714],[106.35,22.6661],[106.3511,22.6623],[106.3555,22.6602],[106.3577,22.6565],[106.3576,22.6545],[106.3598,22.6517],[106.3598,22.6478],[106.3635,22.6455],[106.3658,22.6405],[106.3623,22.6365],[106.3631,22.633],[106.3626,22.6287],[106.3643,22.6253],[106.3673,22.6231],[106.3677,22.6185],[106.3668,22.6161],[106.3682,22.613],[106.3683,22.6057],[106.3668,22.6021],[106.3678,22.5987],[106.372,22.5929],[106.3737,22.59],[106.38,22.5864],[106.3826,22.5857],[106.3842,22.5816],[106.3879,22.5799],[106.39,22.5759],[106.3896,22.5738],[106.3955,22.5679],[106.3941,22.5659],[106.3973,22.5597],[106.3993,22.558],[106.403,22.5593],[106.4054,22.5527],[106.4094,22.5497],[106.4137,22.5509],[106.4143,22.5547],[106.4215,22.56],[106.4224,22.5645],[106.4249,22.5659],[106.4254,22.5692],[106.4295,22.5696],[106.4305,22.5713],[106.434,22.5689],[106.4378,22.5715],[106.4461,22.5687],[106.4496,22.5681],[106.4512,22.5667],[106.4537,22.5686],[106.4536,22.5714],[106.4559,22.5747],[106.4555,22.5765],[106.4627,22.5807],[106.466,22.5794],[106.4735,22.5833],[106.477,22.584],[106.481,22.5868],[106.4825,22.5905],[106.4819,22.595],[106.4855,22.6015],[106.4849,22.6034],[106.4816,22.605],[106.4763,22.6114],[106.4773,22.6131],[106.4756,22.6162],[106.4706,22.6193],[106.4657,22.6244],[106.4654,22.6269],[106.4699,22.6288],[106.4704,22.6312],[106.4679,22.6359],[106.47,22.6385],[106.4691,22.6412],[106.4649,22.6401],[106.4632,22.6432],[106.4596,22.6412],[106.4561,22.6444],[106.4566,22.6483],[106.4587,22.6487],[106.4609,22.6512],[106.4558,22.6527],[106.4534,22.6523],[106.4502,22.6536],[106.4481,22.6575],[106.4521,22.6614],[106.4458,22.6617],[106.4437,22.6601],[106.4393,22.6612],[106.4379,22.6568],[106.4355,22.6521],[106.4344,22.6562],[106.4303,22.6567],[106.4273,22.6591],[106.4208,22.6676],[106.4261,22.6703],[106.427,22.672],[106.4209,22.6723],[106.4165,22.6737],[106.413,22.678],[106.4097,22.6771],[106.4073,22.6754],[106.4079,22.6727],[106.4061,22.669],[106.4034,22.6682],[106.3959,22.674],[106.3931,22.6749],[106.3875,22.6805],[106.3844,22.6845],[106.3731,22.6925],[106.3706,22.6935],[106.3667,22.6972],[106.3614,22.6963],[106.3591,22.6987],[106.3541,22.6965]]]},"properties":{"ma_xa":"01618","ten_xa":"Hạnh Phúc","sap_nhap":"Ngọc Động (huyện Quảng Hòa), Tự Do, Hạnh Phúc","tru_so":"đang cập nhật","loai":"Xã","cap":2,"stt":45,"dtich_km2":126.78,"dan_so":15009,"matdo_km2":118.39,"ma_tinh":"04","ten_tinh":"Cao Bằng"}},
{"type":"Feature","geometry":{"type":"Polygon","coordinates":[[[106.2672,22.783],[106.266,22.789],[106.2648,22.7916],[106.2611,22.7916],[106.2586,22.7943],[106.2578,22.7987],[106.2543,22.8001],[106.2505,22.8049],[106.247,22.8044],[106.2408,22.8053],[106.2327,22.8118],[106.2305,22.8104],[106.2304,22.8083],[106.2261,22.8074],[106.2245,22.8044],[106.2211,22.8022],[106.2187,22.8035],[106.218,22.8055],[106.2135,22.8094],[106.2105,22.8095],[106.2099,22.8083],[106.213,22.8041],[106.2129,22.8021],[106.2087,22.8004],[106.2046,22.7963],[106.2042,22.7935],[106.2002,22.7905],[106.1977,22.7918],[106.1952,22.7956],[106.1912,22.7965],[106.1883,22.7985],[106.1841,22.7998],[106.1831,22.7972],[106.1812,22.7918],[106.1816,22.7883],[106.1777,22.7724],[106.1732,22.7727],[106.1715,22.77],[106.1688,22.7693],[106.1694,22.7629],[106.1724,22.7596],[106.1694,22.7575],[106.1704,22.7535],[106.1673,22.7546],[106.1624,22.7533],[106.1593,22.7542],[106.1491,22.7508],[106.1479,22.749],[106.1417,22.7538],[106.1381,22.7498],[106.1404,22.747],[106.1413,22.7438],[106.1382,22.7423],[106.1332,22.7444],[106.1316,22.7471],[106.128,22.7443],[106.12,22.7458],[106.1143,22.7443],[106.1107,22.7444],[106.1073,22.7433],[106.1028,22.7408],[106.1001,22.7403],[106.0967,22.7413],[106.0949,22.7388],[106.0967,22.7377],[106.0979,22.7333],[106.0969,22.7279],[106.0996,22.7251],[106.1036,22.7244],[106.104,22.7216],[106.1067,22.7165],[106.1058,22.7135],[106.106,22.7068],[106.1079,22.7037],[106.1171,22.7024],[106.1203,22.6998],[106.1223,22.6995],[106.123,22.6958],[106.1268,22.6956],[106.1325,22.6975],[106.1366,22.6955],[106.1406,22.6969],[106.1425,22.6995],[106.1474,22.6992],[106.1493,22.6975],[106.1531,22.7003],[106.1526,22.7046],[106.1547,22.709],[106.1605,22.7119],[106.1621,22.7119],[106.1648,22.7093],[106.1706,22.7108],[106.1733,22.7109],[106.1855,22.7047],[106.1916,22.7034],[106.1933,22.7051],[106.1986,22.7146],[106.2009,22.7224],[106.1993,22.7251],[106.2,22.7282],[106.2023,22.7307],[106.2016,22.7334],[106.2064,22.7342],[106.2093,22.7389],[106.2108,22.7427],[106.2144,22.7457],[106.2164,22.7461],[106.2199,22.7488],[106.2254,22.7498],[106.226,22.7536],[106.2275,22.7556],[106.2281,22.7589],[106.2327,22.7639],[106.2371,22.7639],[106.2421,22.7649],[106.2457,22.7646],[106.2498,22.7673],[106.2523,22.7703],[106.2526,22.7758],[106.2566,22.7772],[106.2582,22.779],[106.2637,22.7806],[106.2672,22.783]]]},"properties":{"ma_xa":"01654","ten_xa":"Hòa An","sap_nhap":"Nước Hai (thị trấn), Đại Tiến, Hồng Việt","tru_so":"đang cập nhật","loai":"Xã","cap":2,"stt":32,"dtich_km2":97.03,"dan_so":20329,"matdo_km2":209.51,"ma_tinh":"04","ten_tinh":"Cao Bằng"}},
{"type":"Feature","geometry":{"type":"Polygon","coordinates":[[[105.7066,22.8694],[105.7028,22.8737],[105.701,22.8776],[105.6973,22.8788],[105.6903,22.8781],[105.6847,22.8797],[105.6829,22.882],[105.6763,22.8861],[105.6741,22.8926],[105.6721,22.8951],[105.6717,22.8986],[105.6639,22.9004],[105.6624,22.9025],[105.6596,22.904],[105.6583,22.9068],[105.6535,22.9085],[105.6521,22.911],[105.6446,22.9146],[105.6414,22.9142],[105.6293,22.9112],[105.6294,22.9084],[105.626,22.9053],[105.628,22.9026],[105.629,22.8954],[105.626,22.8859],[105.6282,22.8848],[105.629,22.8809],[105.6309,22.8768],[105.6353,22.8722],[105.6326,22.8674],[105.6329,22.8652],[105.6353,22.863],[105.6311,22.8604],[105.6259,22.8556],[105.623,22.8537],[105.6213,22.8504],[105.6217,22.8461],[105.6194,22.8422],[105.6235,22.8408],[105.6246,22.834],[105.6261,22.8338],[105.6278,22.8286],[105.6323,22.8253],[105.6299,22.8226],[105.6285,22.818],[105.6291,22.8165],[105.6258,22.8137],[105.6226,22.8161],[105.6186,22.815],[105.6151,22.8151],[105.6133,22.8088],[105.6141,22.799],[105.6133,22.7907],[105.6117,22.7905],[105.6129,22.7853],[105.6148,22.7811],[105.6185,22.78],[105.6215,22.7823],[105.6256,22.7841],[105.6302,22.7898],[105.6357,22.789],[105.6396,22.7931],[105.6523,22.7892],[105.6533,22.7885],[105.6661,22.79],[105.6696,22.7888],[105.6722,22.783],[105.6726,22.7787],[105.6753,22.776],[105.6785,22.7754],[105.6818,22.7715],[105.6874,22.7716],[105.693,22.7731],[105.6985,22.7724],[105.7029,22.7741],[105.7065,22.7724],[105.7088,22.7698],[105.715,22.7663],[105.7167,22.7661],[105.7199,22.7615],[105.7256,22.7771],[105.726,22.7794],[105.7227,22.7764],[105.7197,22.7793],[105.7226,22.7804],[105.7201,22.7825],[105.7223,22.785],[105.7215,22.7877],[105.7145,22.7872],[105.7113,22.7851],[105.709,22.7875],[105.709,22.7895],[105.7051,22.7925],[105.7117,22.7994],[105.7142,22.7986],[105.7176,22.8009],[105.7155,22.8052],[105.7193,22.8156],[105.7203,22.8209],[105.7219,22.8228],[105.7262,22.8237],[105.7344,22.8274],[105.7348,22.8287],[105.7416,22.8342],[105.7398,22.8391],[105.7349,22.8416],[105.7275,22.8432],[105.7237,22.8432],[105.722,22.8477],[105.7202,22.8488],[105.7189,22.8518],[105.7203,22.8599],[105.7188,22.8629],[105.7156,22.8658],[105.7066,22.8694]]]},"properties":{"ma_xa":"01351","ten_xa":"Hưng Đạo","sap_nhap":"Hưng Thịnh, Kim Cúc, Hưng Đạo (huyện Bảo Lạc)","tru_so":"đang cập nhật","loai":"Xã","cap":2,"stt":10,"dtich_km2":122.43,"dan_so":9354,"matdo_km2":76.4,"ma_tinh":"04","ten_tinh":"Cao Bằng"}},
{"type":"Feature","geometry":{"type":"Polygon","coordinates":[[[105.7983,22.8536],[105.7913,22.854],[105.7897,22.8524],[105.7853,22.852],[105.7824,22.8503],[105.7778,22.8522],[105.7737,22.8526],[105.7683,22.848],[105.7624,22.8531],[105.7603,22.8568],[105.7548,22.8552],[105.7497,22.8573],[105.7475,22.8617],[105.7438,22.8634],[105.7424,22.8629],[105.7363,22.8634],[105.7324,22.8617],[105.7296,22.8593],[105.726,22.8575],[105.723,22.8572],[105.7203,22.8599],[105.7189,22.8518],[105.7202,22.8488],[105.722,22.8477],[105.7237,22.8432],[105.7275,22.8432],[105.7349,22.8416],[105.7398,22.8391],[105.7416,22.8342],[105.7348,22.8287],[105.7344,22.8274],[105.7262,22.8237],[105.7219,22.8228],[105.7203,22.8209],[105.7193,22.8156],[105.7155,22.8052],[105.7176,22.8009],[105.7142,22.7986],[105.7117,22.7994],[105.7051,22.7925],[105.709,22.7895],[105.709,22.7875],[105.7113,22.7851],[105.7145,22.7872],[105.7215,22.7877],[105.7223,22.785],[105.7201,22.7825],[105.7226,22.7804],[105.7197,22.7793],[105.7227,22.7764],[105.726,22.7794],[105.7265,22.7753],[105.73,22.7703],[105.7333,22.7677],[105.7343,22.7626],[105.7327,22.7592],[105.7333,22.7539],[105.7307,22.7484],[105.7329,22.7447],[105.7331,22.7408],[105.7356,22.7391],[105.7404,22.7412],[105.7451,22.736],[105.7469,22.7295],[105.7491,22.7293],[105.749,22.7364],[105.7544,22.7405],[105.7592,22.7399],[105.7649,22.7401],[105.7673,22.7412],[105.7707,22.741],[105.7755,22.739],[105.7808,22.7351],[105.782,22.7334],[105.7863,22.7388],[105.7903,22.7376],[105.794,22.7387],[105.804,22.7391],[105.8056,22.7361],[105.8082,22.7354],[105.8153,22.7436],[105.8215,22.7462],[105.8236,22.7459],[105.8282,22.7497],[105.8293,22.7534],[105.834,22.7577],[105.8349,22.7595],[105.8385,22.761],[105.8389,22.7648],[105.8358,22.7682],[105.8326,22.7766],[105.8279,22.7797],[105.8254,22.7829],[105.8253,22.7846],[105.8289,22.7861],[105.8395,22.7873],[105.8377,22.7927],[105.8402,22.7948],[105.845,22.7957],[105.8461,22.7989],[105.8494,22.8021],[105.8505,22.8059],[105.8488,22.8043],[105.8456,22.8039],[105.8443,22.8069],[105.8411,22.8072],[105.8372,22.811],[105.8353,22.8078],[105.8328,22.8081],[105.8302,22.81],[105.8268,22.8087],[105.824,22.8108],[105.8225,22.8154],[105.8227,22.8186],[105.8186,22.8194],[105.8205,22.8226],[105.8196,22.8237],[105.819,22.8286],[105.8127,22.8273],[105.8106,22.8276],[105.8056,22.8314],[105.8067,22.8367],[105.8062,22.8389],[105.8006,22.8444],[105.7985,22.8475],[105.7966,22.848],[105.7956,22.8511],[105.7983,22.8536]]]},"properties":{"ma_xa":"01354","ten_xa":"Huy Giáp","sap_nhap":"Đình Phùng, Huy Giáp","tru_so":"đang cập nhật","loai":"Xã","cap":2,"stt":16,"dtich_km2":133.76,"dan_so":7373,"matdo_km2":55.12,"ma_tinh":"04","ten_tinh":"Cao Bằng"}},
{"type":"Feature","geometry":{"type":"Polygon","coordinates":[[[105.8375,22.9842],[105.8354,22.9893],[105.8291,22.9939],[105.8283,22.9957],[105.8252,22.9966],[105.8185,22.996],[105.8173,22.9905],[105.8118,22.9893],[105.8075,22.9902],[105.8039,22.9934],[105.7959,22.9994],[105.7938,23.0052],[105.7888,23.0094],[105.7796,23.0028],[105.7811,22.9891],[105.7805,22.9854],[105.7763,22.9748],[105.7782,22.97],[105.7766,22.9638],[105.7743,22.9598],[105.7735,22.9568],[105.771,22.9533],[105.7642,22.9505],[105.7597,22.9514],[105.7558,22.9508],[105.7487,22.9487],[105.7446,22.9465],[105.7404,22.9462],[105.7398,22.9507],[105.7357,22.9559],[105.7317,22.9545],[105.7258,22.9508],[105.7225,22.9503],[105.7185,22.9481],[105.7151,22.9484],[105.7112,22.9472],[105.7055,22.9463],[105.7035,22.9435],[105.703,22.9353],[105.6998,22.9358],[105.6939,22.9343],[105.6915,22.9326],[105.6901,22.9286],[105.687,22.9289],[105.6845,22.9277],[105.6836,22.9238],[105.6835,22.9192],[105.6859,22.9157],[105.6901,22.9138],[105.6942,22.9136],[105.7003,22.9083],[105.7059,22.9073],[105.7068,22.9007],[105.708,22.8996],[105.7156,22.8961],[105.7189,22.8929],[105.7217,22.8917],[105.7209,22.8887],[105.7229,22.8863],[105.7218,22.8813],[105.7206,22.8797],[105.7127,22.8768],[105.7074,22.8726],[105.7066,22.8694],[105.7156,22.8658],[105.7188,22.8629],[105.7203,22.8599],[105.723,22.8572],[105.726,22.8575],[105.7296,22.8593],[105.7324,22.8617],[105.7363,22.8634],[105.7424,22.8629],[105.7438,22.8634],[105.7475,22.8617],[105.7497,22.8573],[105.7548,22.8552],[105.7603,22.8568],[105.7624,22.8531],[105.7683,22.848],[105.7737,22.8526],[105.7778,22.8522],[105.7824,22.8503],[105.7853,22.852],[105.7897,22.8524],[105.7913,22.854],[105.7983,22.8536],[105.8009,22.8536],[105.8037,22.8562],[105.8017,22.8584],[105.8062,22.8622],[105.8101,22.8645],[105.8084,22.8691],[105.8045,22.8701],[105.8005,22.8695],[105.8001,22.8712],[105.7971,22.8732],[105.7931,22.8744],[105.7889,22.8775],[105.7868,22.8811],[105.7841,22.882],[105.7839,22.8854],[105.7807,22.8865],[105.7809,22.8897],[105.7777,22.8928],[105.7748,22.8941],[105.7737,22.9028],[105.7677,22.9147],[105.7685,22.9163],[105.7717,22.9179],[105.767,22.9227],[105.7669,22.9246],[105.7714,22.9248],[105.7738,22.9264],[105.7801,22.9278],[105.7831,22.9303],[105.7884,22.9305],[105.7964,22.9445],[105.7988,22.9436],[105.8078,22.9453],[105.8119,22.9485],[105.8091,22.954],[105.811,22.9563],[105.8163,22.9556],[105.8198,22.9585],[105.8193,22.9622],[105.8146,22.9667],[105.8129,22.9697],[105.8155,22.9719],[105.8141,22.9773],[105.8127,22.9783],[105.8157,22.981],[105.8189,22.9813],[105.8247,22.9799],[105.8315,22.981],[105.8375,22.9842]]]},"properties":{"ma_xa":"01336","ten_xa":"Khánh Xuân","sap_nhap":"Phan Thanh (huyện Bảo Lạc), Khánh Xuân","tru_so":"đang cập nhật","loai":"Xã","cap":2,"stt":14,"dtich_km2":109.96,"dan_so":6563,"matdo_km2":59.69,"ma_tinh":"04","ten_tinh":"Cao Bằng"}},
{"type":"Feature","geometry":{"type":"Polygon","coordinates":[[[106.372,22.5929],[106.3665,22.5925],[106.3625,22.5895],[106.3583,22.5956],[106.357,22.5965],[106.352,22.5971],[106.3491,22.5965],[106.351,22.5942],[106.3486,22.5911],[106.3473,22.5876],[106.3469,22.5835],[106.3445,22.5819],[106.3357,22.578],[106.3346,22.5728],[106.3288,22.5712],[106.3259,22.5713],[106.3249,22.5735],[106.3218,22.576],[106.3213,22.5807],[106.3197,22.5851],[106.3177,22.5873],[106.312,22.5857],[106.3107,22.5844],[106.3038,22.5842],[106.3009,22.5806],[106.2963,22.5803],[106.2927,22.5786],[106.2894,22.5784],[106.2853,22.5737],[106.2883,22.566],[106.2854,22.5625],[106.2868,22.56],[106.2864,22.5557],[106.2882,22.5526],[106.2897,22.5481],[106.2921,22.5483],[106.2955,22.5501],[106.2998,22.5468],[106.3004,22.544],[106.299,22.5375],[106.2961,22.5334],[106.2976,22.5271],[106.2946,22.5251],[106.2963,22.5224],[106.296,22.5186],[106.2948,22.5152],[106.2925,22.5118],[106.2958,22.5112],[106.3001,22.506],[106.3063,22.5076],[106.3082,22.5024],[106.3097,22.5016],[106.3123,22.4954],[106.3148,22.494],[106.3191,22.4872],[106.3189,22.4836],[106.3213,22.4764],[106.3241,22.4733],[106.3245,22.4683],[106.3285,22.4656],[106.3287,22.4643],[106.3335,22.462],[106.336,22.4633],[106.3376,22.4667],[106.3352,22.4702],[106.3376,22.4735],[106.3413,22.4766],[106.3425,22.4803],[106.3463,22.4795],[106.3489,22.4759],[106.3553,22.4746],[106.3578,22.4693],[106.3595,22.464],[106.3698,22.4596],[106.3754,22.4607],[106.3808,22.4601],[106.3854,22.4606],[106.3842,22.4645],[106.3805,22.4662],[106.3816,22.4697],[106.3792,22.4715],[106.3798,22.4735],[106.3774,22.4771],[106.3797,22.4806],[106.3755,22.483],[106.3748,22.4883],[106.3723,22.4908],[106.3717,22.4966],[106.3664,22.5],[106.3628,22.4993],[106.362,22.5038],[106.3652,22.5088],[106.3639,22.5123],[106.36,22.5151],[106.3597,22.5179],[106.3614,22.5207],[106.3623,22.5251],[106.3639,22.5252],[106.3668,22.5212],[106.3668,22.5191],[106.3702,22.5191],[106.3754,22.5165],[106.3823,22.5187],[106.3843,22.518],[106.3883,22.5146],[106.4002,22.515],[106.4038,22.5165],[106.4043,22.5217],[106.4021,22.5264],[106.4036,22.5281],[106.4041,22.5325],[106.4014,22.5341],[106.397,22.5341],[106.3926,22.5368],[106.3924,22.5426],[106.3916,22.5451],[106.3893,22.5471],[106.3921,22.55],[106.3931,22.5573],[106.3973,22.5597],[106.3941,22.5659],[106.3955,22.5679],[106.3896,22.5738],[106.39,22.5759],[106.3879,22.5799],[106.3842,22.5816],[106.3826,22.5857],[106.38,22.5864],[106.3737,22.59],[106.372,22.5929]]]},"properties":{"ma_xa":"01792","ten_xa":"Kim Đồng","sap_nhap":"Hồng Nam, Thái Cường, Kim Đồng","tru_so":"đang cập nhật","loai":"Xã","cap":2,"stt":37,"dtich_km2":112.06,"dan_so":6056,"matdo_km2":54.04,"ma_tinh":"04","ten_tinh":"Cao Bằng"}},
{"type":"Feature","geometry":{"type":"Polygon","coordinates":[[[106.1242,22.9883],[106.1206,22.9889],[106.1178,22.9853],[106.1144,22.9868],[106.1135,22.9884],[106.1092,22.9909],[106.1048,22.9876],[106.1,22.9868],[106.0963,22.9957],[106.0932,22.9966],[106.0913,22.9934],[106.0866,22.9974],[106.0858,23.0006],[106.0825,23.001],[106.0812,22.9989],[106.0752,22.9987],[106.0706,22.9945],[106.0662,22.9935],[106.0633,22.9918],[106.0583,22.9921],[106.0582,22.99],[106.0611,22.9871],[106.0635,22.9823],[106.0674,22.9815],[106.0721,22.9818],[106.0733,22.9801],[106.0739,22.9744],[106.0701,22.9705],[106.0677,22.9692],[106.0594,22.9689],[106.0601,22.966],[106.0594,22.9617],[106.0603,22.9605],[106.0563,22.9566],[106.0541,22.9556],[106.0503,22.9561],[106.0516,22.9517],[106.0505,22.9478],[106.0512,22.9451],[106.0575,22.9374],[106.0549,22.9302],[106.0616,22.9294],[106.0595,22.9245],[106.061,22.9224],[106.0596,22.9201],[106.0589,22.9156],[106.0626,22.9152],[106.0654,22.9127],[106.0658,22.9102],[106.0703,22.9074],[106.076,22.908],[106.0777,22.9089],[106.0786,22.9123],[106.0825,22.9133],[106.0857,22.9133],[106.0882,22.9103],[106.0895,22.9018],[106.0929,22.8971],[106.0978,22.8957],[106.0992,22.8873],[106.1033,22.8826],[106.1048,22.8793],[106.1074,22.879],[106.1122,22.874],[106.114,22.8713],[106.1187,22.871],[106.12,22.8689],[106.1225,22.8681],[106.1239,22.8655],[106.1282,22.8651],[106.1304,22.863],[106.1349,22.8617],[106.1368,22.863],[106.1371,22.8681],[106.1399,22.8695],[106.1403,22.8712],[106.1434,22.8748],[106.1404,22.8795],[106.1449,22.8846],[106.1476,22.8864],[106.1464,22.8911],[106.1464,22.8945],[106.1477,22.8973],[106.1519,22.9022],[106.1589,22.8996],[106.1643,22.8998],[106.1671,22.9037],[106.1752,22.9005],[106.1774,22.9007],[106.1795,22.9051],[106.1783,22.9112],[106.1749,22.9138],[106.1711,22.9153],[106.1701,22.9178],[106.1671,22.9168],[106.1634,22.9175],[106.1622,22.9255],[106.1654,22.9283],[106.1612,22.9313],[106.1594,22.9354],[106.1551,22.9368],[106.154,22.9355],[106.1477,22.9343],[106.1413,22.9373],[106.137,22.9384],[106.1281,22.9356],[106.1219,22.9388],[106.1201,22.9465],[106.1243,22.9476],[106.1252,22.9508],[106.1243,22.9534],[106.1294,22.9566],[106.1308,22.9588],[106.128,22.9597],[106.1258,22.9587],[106.1226,22.9593],[106.1206,22.9545],[106.1183,22.9543],[106.1142,22.9615],[106.1161,22.9628],[106.1168,22.966],[106.1206,22.9676],[106.1227,22.9695],[106.1273,22.9705],[106.1313,22.9733],[106.1297,22.9788],[106.1313,22.9808],[106.1306,22.9847],[106.1283,22.9859],[106.1251,22.9861],[106.1242,22.9883]]]},"properties":{"ma_xa":"01393","ten_xa":"Lũng Nặm","sap_nhap":"Thượng Thôn, Lũng Nặm","tru_so":"đang cập nhật","loai":"Xã","cap":2,"stt":29,"dtich_km2":97.59,"dan_so":7221,"matdo_km2":73.99,"ma_tinh":"04","ten_tinh":"Cao Bằng"}},
{"type":"Feature","geometry":{"type":"Polygon","coordinates":[[[105.4876,23.009],[105.4821,23.0089],[105.4741,23.0067],[105.4695,23.0078],[105.4662,23.0065],[105.4647,23.0038],[105.4618,23.0032],[105.459,23.0049],[105.455,23.0037],[105.4491,22.9991],[105.4462,22.9999],[105.442,22.9921],[105.4417,22.9897],[105.4396,22.9861],[105.4396,22.9815],[105.4417,22.9793],[105.4417,22.9742],[105.441,22.9713],[105.4431,22.9681],[105.4421,22.9646],[105.4389,22.9587],[105.4395,22.9543],[105.4388,22.9519],[105.4415,22.9474],[105.4418,22.9398],[105.4461,22.9359],[105.4484,22.932],[105.4515,22.9319],[105.453,22.9299],[105.4514,22.9281],[105.4548,22.9265],[105.46,22.9267],[105.4622,22.9241],[105.454,22.9201],[105.4588,22.9163],[105.4606,22.9166],[105.4649,22.9151],[105.4694,22.9118],[105.4734,22.9104],[105.475,22.9069],[105.4808,22.9031],[105.4884,22.9027],[105.4923,22.9058],[105.4954,22.906],[105.4985,22.905],[105.5025,22.9025],[105.5017,22.8971],[105.5042,22.8944],[105.5079,22.8952],[105.5098,22.8928],[105.5139,22.8913],[105.5244,22.8913],[105.5269,22.892],[105.5307,22.8912],[105.5347,22.8906],[105.542,22.894],[105.5431,22.8977],[105.5464,22.8994],[105.5482,22.902],[105.5476,22.9059],[105.55,22.9056],[105.5551,22.9027],[105.5549,22.8988],[105.557,22.8936],[105.5579,22.8885],[105.5603,22.8876],[105.5643,22.8896],[105.5711,22.8855],[105.5769,22.8809],[105.5774,22.8735],[105.5793,22.871],[105.5803,22.8667],[105.5834,22.8615],[105.585,22.8567],[105.5847,22.8487],[105.5833,22.8449],[105.5857,22.8432],[105.5922,22.843],[105.5962,22.8401],[105.5992,22.8414],[105.6052,22.8402],[105.6093,22.8406],[105.6137,22.8431],[105.6171,22.844],[105.6194,22.8422],[105.6217,22.8461],[105.6213,22.8504],[105.623,22.8537],[105.6259,22.8556],[105.6311,22.8604],[105.6353,22.863],[105.6329,22.8652],[105.6326,22.8674],[105.6353,22.8722],[105.6309,22.8768],[105.629,22.8809],[105.6282,22.8848],[105.626,22.8859],[105.629,22.8954],[105.628,22.9026],[105.626,22.9053],[105.6208,22.9072],[105.6185,22.9092],[105.615,22.9087],[105.6122,22.9104],[105.6118,22.9128],[105.6063,22.9132],[105.6042,22.9145],[105.5996,22.9153],[105.5951,22.9204],[105.5913,22.9235],[105.5874,22.9256],[105.583,22.9271],[105.5861,22.9323],[105.5874,22.9363],[105.5813,22.9363],[105.5769,22.935],[105.5704,22.9341],[105.5674,22.9357],[105.5684,22.9374],[105.5725,22.94],[105.5758,22.9436],[105.5764,22.9476],[105.5725,22.9531],[105.5718,22.9552],[105.5683,22.9595],[105.5605,22.9614],[105.5533,22.9681],[105.5453,22.9693],[105.5427,22.9718],[105.5443,22.9757],[105.5424,22.9797],[105.5419,22.9829],[105.5397,22.9839],[105.5384,22.987],[105.5341,22.9838],[105.5302,22.9822],[105.5278,22.9795],[105.5222,22.9794],[105.5194,22.9769],[105.515,22.9857],[105.5124,22.9883],[105.5094,22.9898],[105.5094,22.9952],[105.5067,22.9977],[105.5019,22.9998],[105.4985,23.0028],[105.4897,23.0043],[105.4876,23.009]]]},"properties":{"ma_xa":"01294","ten_xa":"Lý Bôn","sap_nhap":"Vĩnh Quang (huyện Bảo Lâm), Lý Bôn","tru_so":"đang cập nhật","loai":"Xã","cap":2,"stt":6,"dtich_km2":173.25,"dan_so":11807,"matdo_km2":68.15,"ma_tinh":"04","ten_tinh":"Cao Bằng"}},
{"type":"Feature","geometry":{"type":"Polygon","coordinates":[[[106.7619,22.7326],[106.7639,22.7326],[106.7683,22.7359],[106.7696,22.7379],[106.7648,22.7411],[106.7673,22.7448],[106.7748,22.7444],[106.7777,22.7476],[106.7768,22.7494],[106.779,22.7515],[106.7822,22.7514],[106.7841,22.7537],[106.7881,22.7539],[106.788,22.7589],[106.7893,22.762],[106.7856,22.7666],[106.794,22.7653],[106.7932,22.769],[106.7979,22.7707],[106.8006,22.7688],[106.8023,22.77],[106.8068,22.7692],[106.8179,22.7718],[106.8235,22.779],[106.8216,22.7835],[106.8234,22.7865],[106.8237,22.789],[106.8284,22.7926],[106.8318,22.7967],[106.8311,22.8005],[106.8373,22.8029],[106.8357,22.8057],[106.8324,22.8068],[106.8322,22.8086],[106.8292,22.8089],[106.8268,22.814],[106.8228,22.8133],[106.8221,22.8174],[106.8182,22.8201],[106.8142,22.8198],[106.8079,22.8211],[106.8028,22.8193],[106.7987,22.8193],[106.7958,22.8158],[106.7923,22.8149],[106.7889,22.8155],[106.7853,22.814],[106.7804,22.8158],[106.7746,22.8172],[106.7708,22.8159],[106.7703,22.814],[106.7668,22.8113],[106.7647,22.8117],[106.7657,22.8159],[106.7674,22.8191],[106.7676,22.8224],[106.769,22.8264],[106.7596,22.8303],[106.7532,22.8316],[106.7519,22.8357],[106.7445,22.839],[106.7428,22.8406],[106.7421,22.8441],[106.7385,22.8453],[106.7371,22.8481],[106.7331,22.8493],[106.7267,22.847],[106.7264,22.8421],[106.7246,22.8412],[106.7246,22.8371],[106.7223,22.8338],[106.7228,22.8302],[106.7174,22.8269],[106.7152,22.8268],[106.7143,22.8242],[106.7119,22.8233],[106.7099,22.8194],[106.7068,22.8179],[106.7038,22.8122],[106.7035,22.8085],[106.7071,22.8027],[106.7067,22.7952],[106.7021,22.7943],[106.7018,22.7921],[106.7042,22.7891],[106.7029,22.7853],[106.7014,22.7837],[106.7045,22.7801],[106.7051,22.7761],[106.7026,22.7697],[106.703,22.7671],[106.7062,22.7647],[106.7069,22.7626],[106.7103,22.7593],[106.7122,22.7605],[106.7171,22.7584],[106.7201,22.7553],[106.7235,22.7563],[106.7307,22.7524],[106.7338,22.7491],[106.7315,22.7466],[106.7342,22.7411],[106.7365,22.74],[106.738,22.7334],[106.7422,22.7316],[106.7446,22.7317],[106.7471,22.7276],[106.751,22.7316],[106.7582,22.7328],[106.7619,22.7326]]]},"properties":{"ma_xa":"01537","ten_xa":"Lý Quốc","sap_nhap":"Minh Long, Đồng Loan, Lý Quốc","tru_so":"đang cập nhật","loai":"Xã","cap":2,"stt":53,"dtich_km2":102.18,"dan_so":5966,"matdo_km2":58.39,"ma_tinh":"04","ten_tinh":"Cao Bằng"}},
{"type":"Feature","geometry":{"type":"Polygon","coordinates":[[[106.2394,22.4616],[106.238,22.4669],[106.2348,22.4686],[106.2345,22.4723],[106.2316,22.4755],[106.2325,22.4807],[106.2345,22.4835],[106.2377,22.486],[106.2382,22.4904],[106.2354,22.4964],[106.2378,22.499],[106.2374,22.5016],[106.2415,22.5053],[106.2408,22.5083],[106.2367,22.5123],[106.2347,22.5215],[106.2355,22.5227],[106.2333,22.5279],[106.2313,22.5279],[106.2301,22.5322],[106.2289,22.5328],[106.2259,22.5375],[106.2288,22.5384],[106.2307,22.5403],[106.2285,22.5444],[106.2318,22.5455],[106.2342,22.5491],[106.232,22.5542],[106.2291,22.5548],[106.2223,22.5531],[106.2195,22.5536],[106.2179,22.5582],[106.2155,22.5623],[106.2128,22.5643],[106.2106,22.5639],[106.2073,22.5663],[106.204,22.5698],[106.202,22.57],[106.2016,22.5668],[106.2027,22.5644],[106.2057,22.5623],[106.2068,22.5578],[106.204,22.5561],[106.2053,22.5532],[106.2034,22.5499],[106.2014,22.5491],[106.2016,22.5461],[106.1969,22.546],[106.1938,22.5437],[106.1933,22.5415],[106.186,22.5449],[106.1824,22.5447],[106.1778,22.5415],[106.1762,22.5392],[106.1731,22.5369],[106.1707,22.5378],[106.1612,22.5354],[106.1583,22.533],[106.1585,22.5303],[106.16,22.5287],[106.1598,22.5251],[106.1549,22.5173],[106.1515,22.5147],[106.1465,22.5161],[106.141,22.514],[106.138,22.516],[106.134,22.5166],[106.13,22.5197],[106.1248,22.5169],[106.1222,22.513],[106.118,22.512],[106.1195,22.5097],[106.1179,22.5067],[106.1187,22.4992],[106.1167,22.4954],[106.1167,22.4882],[106.1146,22.4827],[106.117,22.4784],[106.1197,22.472],[106.1122,22.466],[106.1095,22.4628],[106.1044,22.4525],[106.1002,22.4501],[106.0988,22.4482],[106.0945,22.4459],[106.0942,22.4412],[106.0981,22.4398],[106.1016,22.4357],[106.1008,22.431],[106.0994,22.4294],[106.1015,22.4263],[106.1022,22.4226],[106.1012,22.4179],[106.0992,22.4137],[106.1056,22.4092],[106.1063,22.404],[106.1059,22.401],[106.1125,22.3987],[106.1163,22.4019],[106.1219,22.4021],[106.1225,22.3994],[106.1276,22.4001],[106.1318,22.3993],[106.1344,22.3953],[106.1396,22.3943],[106.1414,22.395],[106.1449,22.399],[106.148,22.4012],[106.1531,22.3981],[106.1547,22.3962],[106.154,22.3931],[106.1522,22.3906],[106.1568,22.3876],[106.1586,22.3832],[106.1612,22.3815],[106.1648,22.3825],[106.1656,22.3843],[106.171,22.3852],[106.1748,22.3876],[106.1799,22.3861],[106.1843,22.3871],[106.1865,22.39],[106.1866,22.3945],[106.1876,22.3969],[106.1867,22.4002],[106.1888,22.4016],[106.1902,22.4049],[106.1937,22.4075],[106.1922,22.4117],[106.1933,22.4137],[106.1924,22.4158],[106.1958,22.4195],[106.1995,22.422],[106.1997,22.4274],[106.2017,22.4326],[106.207,22.4362],[106.2072,22.4388],[106.2112,22.4411],[106.2129,22.4474],[106.215,22.4505],[106.219,22.4525],[106.2216,22.4551],[106.2304,22.4545],[106.2322,22.4554],[106.2334,22.4585],[106.2394,22.4616]]]},"properties":{"ma_xa":"01795","ten_xa":"Minh Khai","sap_nhap":"Quang Trọng, Minh Khai","tru_so":"đang cập nhật","loai":"Xã","cap":2,"stt":35,"dtich_km2":173.4,"dan_so":4437,"matdo_km2":25.59,"ma_tinh":"04","ten_tinh":"Cao Bằng"}},
{"type":"Feature","geometry":{"type":"Polygon","coordinates":[[[106.0967,22.7413],[106.0922,22.7448],[106.089,22.7448],[106.0852,22.7473],[106.0826,22.7467],[106.0773,22.7476],[106.0735,22.7521],[106.0762,22.7558],[106.0713,22.7578],[106.0714,22.7602],[106.0685,22.7647],[106.0636,22.7651],[106.0598,22.764],[106.0583,22.7613],[106.0542,22.7582],[106.0501,22.7561],[106.0448,22.7497],[106.0421,22.7475],[106.0349,22.7385],[106.03,22.737],[106.0257,22.7383],[106.0209,22.7338],[106.0201,22.7299],[106.0168,22.7274],[106.0149,22.7236],[106.0152,22.7216],[106.0129,22.7183],[106.0151,22.7156],[106.0158,22.712],[106.0216,22.7048],[106.0215,22.7013],[106.0199,22.6968],[106.0173,22.6924],[106.0209,22.6872],[106.0203,22.6853],[106.0255,22.6829],[106.031,22.6832],[106.0313,22.681],[106.0395,22.68],[106.0427,22.6788],[106.0452,22.681],[106.0451,22.6846],[106.0494,22.6891],[106.0495,22.695],[106.0537,22.6947],[106.0548,22.6914],[106.0565,22.69],[106.0529,22.686],[106.05,22.6838],[106.052,22.6796],[106.0544,22.677],[106.0535,22.6748],[106.0543,22.6717],[106.0562,22.6696],[106.0614,22.6686],[106.0646,22.6657],[106.0637,22.6632],[106.0644,22.6606],[106.0635,22.655],[106.0613,22.6531],[106.0654,22.649],[106.0688,22.6467],[106.0738,22.6501],[106.0766,22.65],[106.0784,22.6516],[106.0822,22.6491],[106.0812,22.643],[106.0829,22.6388],[106.0842,22.6328],[106.0873,22.6332],[106.0929,22.6313],[106.0956,22.6321],[106.0981,22.6308],[106.1008,22.631],[106.109,22.6349],[106.1105,22.6338],[106.1145,22.6336],[106.1159,22.636],[106.121,22.636],[106.1222,22.6381],[106.1268,22.6378],[106.1282,22.6419],[106.1337,22.6457],[106.1363,22.6502],[106.1435,22.6553],[106.1457,22.6557],[106.1452,22.662],[106.1428,22.6668],[106.1435,22.6715],[106.1316,22.6761],[106.1269,22.6758],[106.1283,22.68],[106.1299,22.6807],[106.1301,22.6844],[106.1315,22.6879],[106.1283,22.6918],[106.1268,22.6956],[106.123,22.6958],[106.1223,22.6995],[106.1203,22.6998],[106.1171,22.7024],[106.1079,22.7037],[106.106,22.7068],[106.1058,22.7135],[106.1067,22.7165],[106.104,22.7216],[106.1036,22.7244],[106.0996,22.7251],[106.0969,22.7279],[106.0979,22.7333],[106.0967,22.7377],[106.0949,22.7388],[106.0967,22.7413]]]},"properties":{"ma_xa":"01747","ten_xa":"Minh Tâm","sap_nhap":"Trương Lương, Minh Tâm","tru_so":"đang cập nhật","loai":"Xã","cap":2,"stt":23,"dtich_km2":106.64,"dan_so":8182,"matdo_km2":76.73,"ma_tinh":"04","ten_tinh":"Cao Bằng"}},
{"type":"Feature","geometry":{"type":"Polygon","coordinates":[[[105.4462,22.9999],[105.4416,23.0039],[105.4349,23.0028],[105.4311,23.0015],[105.4287,22.9993],[105.4255,22.9991],[105.4185,23.0021],[105.4121,22.9951],[105.4052,22.9957],[105.3983,22.9916],[105.391,22.9926],[105.3867,22.9903],[105.3819,22.9898],[105.3747,22.9903],[105.3717,22.9857],[105.3665,22.9834],[105.3611,22.9796],[105.3616,22.9757],[105.3602,22.973],[105.3643,22.9681],[105.3647,22.9644],[105.3621,22.9616],[105.3614,22.9573],[105.3644,22.952],[105.3621,22.9484],[105.3634,22.9444],[105.3624,22.9421],[105.3662,22.9377],[105.3762,22.9347],[105.3797,22.9346],[105.3836,22.9285],[105.3869,22.9262],[105.3898,22.9227],[105.3898,22.9195],[105.3867,22.9177],[105.3798,22.9162],[105.3757,22.9138],[105.3806,22.9083],[105.3816,22.9009],[105.3812,22.8991],[105.3763,22.898],[105.3814,22.8925],[105.388,22.8902],[105.3925,22.8902],[105.3981,22.887],[105.4034,22.8902],[105.409,22.8899],[105.4105,22.8868],[105.41,22.8848],[105.4151,22.8818],[105.4194,22.8773],[105.4245,22.8763],[105.4321,22.8686],[105.4281,22.8436],[105.4448,22.837],[105.4477,22.8349],[105.4499,22.8311],[105.4529,22.8299],[105.4574,22.8294],[105.4601,22.8303],[105.4608,22.8345],[105.4634,22.8371],[105.4706,22.8388],[105.4738,22.8386],[105.4785,22.8402],[105.4825,22.84],[105.4857,22.841],[105.489,22.8447],[105.4921,22.8463],[105.4875,22.8509],[105.4873,22.853],[105.4905,22.858],[105.4975,22.8597],[105.5026,22.8628],[105.5084,22.8708],[105.5191,22.8747],[105.5271,22.8811],[105.5293,22.8842],[105.5307,22.8912],[105.5269,22.892],[105.5244,22.8913],[105.5139,22.8913],[105.5098,22.8928],[105.5079,22.8952],[105.5042,22.8944],[105.5017,22.8971],[105.5025,22.9025],[105.4985,22.905],[105.4954,22.906],[105.4923,22.9058],[105.4884,22.9027],[105.4808,22.9031],[105.475,22.9069],[105.4734,22.9104],[105.4694,22.9118],[105.4649,22.9151],[105.4606,22.9166],[105.4588,22.9163],[105.454,22.9201],[105.4622,22.9241],[105.46,22.9267],[105.4548,22.9265],[105.4514,22.9281],[105.453,22.9299],[105.4515,22.9319],[105.4484,22.932],[105.4461,22.9359],[105.4418,22.9398],[105.4415,22.9474],[105.4388,22.9519],[105.4395,22.9543],[105.4389,22.9587],[105.4421,22.9646],[105.4431,22.9681],[105.441,22.9713],[105.4417,22.9742],[105.4417,22.9793],[105.4396,22.9815],[105.4396,22.9861],[105.4417,22.9897],[105.442,22.9921],[105.4462,22.9999]]]},"properties":{"ma_xa":"01297","ten_xa":"Nam Quang","sap_nhap":"Nam Cao, Nam Quang","tru_so":"đang cập nhật","loai":"Xã","cap":2,"stt":5,"dtich_km2":148.16,"dan_so":10140,"matdo_km2":68.44,"ma_tinh":"04","ten_tinh":"Cao Bằng"}},
{"type":"Feature","geometry":{"type":"Polygon","coordinates":[[[106.0755,22.8566],[106.0727,22.8585],[106.0635,22.86],[106.0598,22.8569],[106.056,22.8598],[106.0565,22.8625],[106.0535,22.862],[106.0524,22.858],[106.0508,22.8566],[106.0502,22.8535],[106.0481,22.8521],[106.0503,22.8496],[106.0483,22.8474],[106.0434,22.8471],[106.0412,22.8425],[106.0354,22.8362],[106.0309,22.834],[106.0299,22.8244],[106.0311,22.8209],[106.0327,22.8203],[106.0344,22.8163],[106.0404,22.8152],[106.0436,22.8117],[106.0415,22.8092],[106.0379,22.8025],[106.0362,22.7975],[106.0343,22.7956],[106.0355,22.7915],[106.0391,22.7907],[106.0394,22.7865],[106.0431,22.7852],[106.0461,22.7786],[106.0526,22.7744],[106.0547,22.7723],[106.0557,22.7681],[106.0598,22.764],[106.0636,22.7651],[106.0685,22.7647],[106.0714,22.7602],[106.0713,22.7578],[106.0762,22.7558],[106.0735,22.7521],[106.0773,22.7476],[106.0826,22.7467],[106.0852,22.7473],[106.089,22.7448],[106.0922,22.7448],[106.0967,22.7413],[106.1001,22.7403],[106.1028,22.7408],[106.1073,22.7433],[106.1107,22.7444],[106.1143,22.7443],[106.12,22.7458],[106.128,22.7443],[106.1316,22.7471],[106.1332,22.7444],[106.1382,22.7423],[106.1413,22.7438],[106.1404,22.747],[106.1381,22.7498],[106.1417,22.7538],[106.1479,22.749],[106.1491,22.7508],[106.1593,22.7542],[106.1624,22.7533],[106.1673,22.7546],[106.1704,22.7535],[106.1694,22.7575],[106.1724,22.7596],[106.1694,22.7629],[106.1688,22.7693],[106.1715,22.77],[106.1732,22.7727],[106.1777,22.7724],[106.1816,22.7883],[106.1812,22.7918],[106.1831,22.7972],[106.1789,22.7978],[106.1799,22.8035],[106.1785,22.8082],[106.1757,22.8111],[106.1717,22.8119],[106.1694,22.817],[106.1704,22.8199],[106.1686,22.8221],[106.1652,22.8221],[106.1646,22.8236],[106.1589,22.8242],[106.1518,22.817],[106.1472,22.8159],[106.1373,22.8186],[106.1347,22.8168],[106.1324,22.8172],[106.1309,22.8202],[106.1269,22.8193],[106.1218,22.8134],[106.1228,22.8096],[106.1198,22.8088],[106.1165,22.8098],[106.1124,22.8149],[106.1124,22.8172],[106.1076,22.8176],[106.1015,22.8198],[106.0983,22.822],[106.0955,22.8205],[106.0941,22.8247],[106.0908,22.8268],[106.089,22.8292],[106.0876,22.8349],[106.0846,22.8341],[106.0804,22.8351],[106.0809,22.8412],[106.0781,22.8427],[106.0776,22.8495],[106.0746,22.854],[106.0755,22.8566]]]},"properties":{"ma_xa":"01660","ten_xa":"Nam Tuấn","sap_nhap":"Đức Long (huyện Hòa An), Dân Chủ, Nam Tuấn","tru_so":"đang cập nhật","loai":"Xã","cap":2,"stt":31,"dtich_km2":119.66,"dan_so":16310,"matdo_km2":136.3,"ma_tinh":"04","ten_tinh":"Cao Bằng"}},
{"type":"Feature","geometry":{"type":"Polygon","coordinates":[[[106.0613,22.6531],[106.0635,22.655],[106.0644,22.6606],[106.0637,22.6632],[106.0646,22.6657],[106.0614,22.6686],[106.0562,22.6696],[106.0543,22.6717],[106.0535,22.6748],[106.0544,22.677],[106.052,22.6796],[106.05,22.6838],[106.0529,22.686],[106.0565,22.69],[106.0548,22.6914],[106.0537,22.6947],[106.0495,22.695],[106.0494,22.6891],[106.0451,22.6846],[106.0452,22.681],[106.0427,22.6788],[106.0395,22.68],[106.0313,22.681],[106.031,22.6832],[106.0255,22.6829],[106.0203,22.6853],[106.0209,22.6872],[106.0173,22.6924],[106.0199,22.6968],[106.0215,22.7013],[106.0216,22.7048],[106.0158,22.712],[106.0151,22.7156],[106.0136,22.7136],[106.0103,22.7139],[106.0068,22.7121],[106.0042,22.7121],[106.0049,22.709],[106.0014,22.7031],[105.9937,22.7019],[105.9928,22.6965],[105.9902,22.6928],[105.9912,22.6896],[105.9878,22.6837],[105.9842,22.683],[105.9819,22.6889],[105.9757,22.6941],[105.9722,22.6943],[105.968,22.6919],[105.9619,22.6926],[105.9602,22.6945],[105.9561,22.6933],[105.9554,22.698],[105.9535,22.6993],[105.9506,22.6985],[105.9502,22.7026],[105.9476,22.7052],[105.9424,22.7047],[105.9389,22.703],[105.9354,22.7],[105.932,22.6945],[105.932,22.6932],[105.9251,22.6897],[105.9208,22.6893],[105.9175,22.6861],[105.916,22.6817],[105.9134,22.6806],[105.912,22.6766],[105.9127,22.6751],[105.9112,22.6716],[105.9069,22.6668],[105.9069,22.6642],[105.9113,22.6595],[105.9105,22.6565],[105.9108,22.6514],[105.9078,22.6473],[105.91,22.6443],[105.9103,22.639],[105.9123,22.6281],[105.9162,22.6282],[105.9224,22.6308],[105.9271,22.6354],[105.9284,22.6377],[105.9322,22.6389],[105.935,22.6387],[105.9389,22.64],[105.9421,22.6393],[105.9435,22.6372],[105.9499,22.6346],[105.9542,22.6314],[105.957,22.6319],[105.9616,22.6294],[105.9662,22.6287],[105.9667,22.6274],[105.9682,22.632],[105.9704,22.6334],[105.9761,22.6314],[105.9802,22.6363],[105.9829,22.6368],[105.9891,22.6358],[105.9919,22.6328],[105.9967,22.6324],[106.0011,22.6352],[106.0055,22.6341],[106.0099,22.6349],[106.0117,22.6337],[106.0172,22.635],[106.0226,22.6289],[106.0293,22.6313],[106.0321,22.6312],[106.0344,22.6295],[106.0405,22.6292],[106.0434,22.6318],[106.0474,22.6382],[106.0477,22.6418],[106.0496,22.6454],[106.0488,22.6474],[106.0532,22.6517],[106.0613,22.6531]]]},"properties":{"ma_xa":"01726","ten_xa":"Nguyên Bình","sap_nhap":"Nguyên Bình (thị trấn), Thể Dục, Vũ Minh","tru_so":"đang cập nhật","loai":"Xã","cap":2,"stt":22,"dtich_km2":99.73,"dan_so":9278,"matdo_km2":93.03,"ma_tinh":"04","ten_tinh":"Cao Bằng"}},
{"type":"Feature","geometry":{"type":"Polygon","coordinates":[[[106.2672,22.783],[106.2637,22.7806],[106.2582,22.779],[106.2566,22.7772],[106.2526,22.7758],[106.2523,22.7703],[106.2498,22.7673],[106.2457,22.7646],[106.2421,22.7649],[106.2371,22.7639],[106.2327,22.7639],[106.2281,22.7589],[106.2275,22.7556],[106.226,22.7536],[106.2254,22.7498],[106.2199,22.7488],[106.2164,22.7461],[106.2144,22.7457],[106.2108,22.7427],[106.2093,22.7389],[106.2064,22.7342],[106.2016,22.7334],[106.2023,22.7307],[106.209,22.7283],[106.2155,22.7239],[106.2209,22.7221],[106.2235,22.7198],[106.2242,22.7173],[106.2265,22.7145],[106.2301,22.7121],[106.2355,22.7128],[106.2409,22.7154],[106.2441,22.7132],[106.2458,22.7093],[106.2461,22.704],[106.25,22.7015],[106.2512,22.6987],[106.2587,22.6979],[106.257,22.6954],[106.2666,22.6814],[106.2721,22.6828],[106.274,22.6844],[106.2815,22.6795],[106.283,22.6675],[106.2851,22.6657],[106.2844,22.6615],[106.2898,22.6606],[106.2893,22.6588],[106.2839,22.653],[106.2815,22.6527],[106.2848,22.646],[106.2884,22.6474],[106.2914,22.6499],[106.2961,22.6488],[106.3007,22.6459],[106.3011,22.6447],[106.3073,22.6413],[106.311,22.6398],[106.3121,22.6375],[106.3151,22.6347],[106.3174,22.6296],[106.3172,22.6254],[106.3219,22.6161],[106.3275,22.6115],[106.3311,22.6097],[106.3329,22.6057],[106.3364,22.6075],[106.3389,22.6072],[106.3432,22.6029],[106.3423,22.599],[106.3436,22.5967],[106.3471,22.5958],[106.3491,22.5965],[106.352,22.5971],[106.357,22.5965],[106.3583,22.5956],[106.3625,22.5895],[106.3665,22.5925],[106.372,22.5929],[106.3678,22.5987],[106.3668,22.6021],[106.3683,22.6057],[106.3682,22.613],[106.3668,22.6161],[106.3677,22.6185],[106.3673,22.6231],[106.3643,22.6253],[106.3626,22.6287],[106.3631,22.633],[106.3623,22.6365],[106.3658,22.6405],[106.3635,22.6455],[106.3598,22.6478],[106.3598,22.6517],[106.3576,22.6545],[106.3577,22.6565],[106.3555,22.6602],[106.3511,22.6623],[106.35,22.6661],[106.3506,22.6714],[106.3482,22.6742],[106.3468,22.6815],[106.3451,22.6847],[106.3472,22.687],[106.348,22.6909],[106.3465,22.6942],[106.3469,22.7002],[106.3438,22.7012],[106.3412,22.7103],[106.3363,22.7149],[106.3336,22.7187],[106.3357,22.7202],[106.335,22.7232],[106.3327,22.7267],[106.3329,22.7291],[106.3295,22.7309],[106.3278,22.7334],[106.3219,22.7351],[106.3198,22.7375],[106.3196,22.7402],[106.3175,22.7402],[106.3158,22.7425],[106.3121,22.7428],[106.3092,22.746],[106.3007,22.7482],[106.2968,22.7508],[106.2942,22.7535],[106.2907,22.7545],[106.2865,22.7581],[106.2862,22.7599],[106.2822,22.7647],[106.2824,22.7694],[106.2854,22.7721],[106.2856,22.7751],[106.2846,22.7763],[106.2795,22.7779],[106.2765,22.7808],[106.2698,22.7814],[106.2672,22.783]]]},"properties":{"ma_xa":"01699","ten_xa":"Nguyễn Huệ","sap_nhap":"Quang Trung (huyện Hòa An), Ngũ Lão, Nguyễn Huệ","tru_so":"đang cập nhật","loai":"Xã","cap":2,"stt":34,"dtich_km2":146.8,"dan_so":9349,"matdo_km2":63.69,"ma_tinh":"04","ten_tinh":"Cao Bằng"}},
{"type":"Feature","geometry":{"type":"Polygon","coordinates":[[[106.2848,22.646],[106.2815,22.6527],[106.2839,22.653],[106.2893,22.6588],[106.2898,22.6606],[106.2844,22.6615],[106.2851,22.6657],[106.283,22.6675],[106.2815,22.6795],[106.274,22.6844],[106.2721,22.6828],[106.2666,22.6814],[106.257,22.6954],[106.2587,22.6979],[106.2512,22.6987],[106.25,22.7015],[106.2461,22.704],[106.2458,22.7093],[106.2441,22.7132],[106.2409,22.7154],[106.2355,22.7128],[106.2301,22.7121],[106.2265,22.7145],[106.2242,22.7173],[106.2235,22.7198],[106.2209,22.7221],[106.2155,22.7239],[106.209,22.7283],[106.2023,22.7307],[106.2,22.7282],[106.1993,22.7251],[106.2009,22.7224],[106.1986,22.7146],[106.1933,22.7051],[106.1916,22.7034],[106.1929,22.6998],[106.1974,22.6983],[106.1992,22.6962],[106.2027,22.694],[106.206,22.696],[106.216,22.6964],[106.2221,22.6944],[106.2242,22.6887],[106.2282,22.6882],[106.232,22.6905],[106.2345,22.6882],[106.2338,22.6835],[106.2351,22.6817],[106.2385,22.6809],[106.2417,22.6784],[106.247,22.6803],[106.2504,22.6789],[106.2449,22.6752],[106.2532,22.6728],[106.2575,22.6729],[106.261,22.6696],[106.2626,22.6662],[106.2606,22.6604],[106.2654,22.6557],[106.271,22.6542],[106.2754,22.6484],[106.2799,22.6451],[106.2848,22.646]]]},"properties":{"ma_xa":"01279","ten_xa":"Nùng Trí Cao","sap_nhap":"Ngọc Xuân, Sông Bằng, Vĩnh Quang (thành phố Cao Bằng)","tru_so":"đang cập nhật","loai":"Phường","cap":2,"stt":2,"dtich_km2":29.31,"dan_so":19507,"matdo_km2":665.54,"ma_tinh":"04","ten_tinh":"Cao Bằng"}},
{"type":"Feature","geometry":{"type":"Polygon","coordinates":[[[105.8388,22.6533],[105.8315,22.6525],[105.8277,22.6528],[105.8232,22.652],[105.818,22.6555],[105.8136,22.6625],[105.809,22.6657],[105.8048,22.6711],[105.8036,22.6787],[105.7979,22.6807],[105.7952,22.6828],[105.7922,22.6867],[105.7857,22.6899],[105.783,22.6899],[105.7771,22.6921],[105.7749,22.6893],[105.7731,22.6839],[105.7707,22.6834],[105.7678,22.6786],[105.7613,22.6742],[105.7595,22.6704],[105.7542,22.6682],[105.7531,22.6663],[105.7496,22.6647],[105.7481,22.6583],[105.7463,22.6568],[105.7446,22.6533],[105.7409,22.65],[105.7402,22.6432],[105.7369,22.6417],[105.7332,22.6416],[105.7286,22.6389],[105.7277,22.6364],[105.7292,22.6334],[105.7281,22.631],[105.7321,22.6314],[105.7391,22.6282],[105.7414,22.6234],[105.7416,22.6204],[105.745,22.6192],[105.7501,22.6136],[105.7508,22.6096],[105.753,22.6087],[105.7538,22.6057],[105.753,22.6034],[105.747,22.5994],[105.7462,22.5981],[105.7509,22.5894],[105.7548,22.5859],[105.758,22.5871],[105.7603,22.5859],[105.7629,22.5882],[105.766,22.5887],[105.7683,22.5852],[105.7711,22.5836],[105.7735,22.5803],[105.7778,22.577],[105.7773,22.5744],[105.7789,22.5724],[105.7757,22.5693],[105.774,22.5658],[105.7713,22.5664],[105.7704,22.5644],[105.7726,22.562],[105.7729,22.558],[105.7687,22.5568],[105.7739,22.5542],[105.776,22.5503],[105.7789,22.5487],[105.782,22.5488],[105.7832,22.551],[105.7874,22.5503],[105.7874,22.548],[105.7904,22.5466],[105.7931,22.5417],[105.7925,22.5399],[105.7963,22.5336],[105.8,22.5304],[105.8017,22.5258],[105.8043,22.5234],[105.806,22.529],[105.8058,22.5314],[105.8084,22.5346],[105.811,22.5433],[105.813,22.5437],[105.817,22.5479],[105.8179,22.5502],[105.8184,22.5556],[105.8212,22.5571],[105.8215,22.5593],[105.8274,22.5646],[105.8308,22.5668],[105.8402,22.5711],[105.8416,22.5733],[105.848,22.5743],[105.8498,22.5752],[105.8562,22.5751],[105.8582,22.5838],[105.8594,22.5827],[105.8649,22.583],[105.8663,22.5852],[105.8655,22.5871],[105.8672,22.5895],[105.8685,22.5935],[105.867,22.5971],[105.8693,22.6051],[105.8649,22.6103],[105.8652,22.6137],[105.8631,22.6154],[105.8626,22.6234],[105.8617,22.6243],[105.8577,22.6262],[105.8544,22.6304],[105.8535,22.6358],[105.8501,22.6381],[105.8488,22.6408],[105.8463,22.6426],[105.8458,22.6451],[105.8427,22.645],[105.8398,22.6483],[105.8402,22.6511],[105.8388,22.6533]]]},"properties":{"ma_xa":"01768","ten_xa":"Phan Thanh","sap_nhap":"Phan Thanh (huyện Nguyên Bình), Mai Long","tru_so":"đang cập nhật","loai":"Xã","cap":2,"stt":18,"dtich_km2":138.09,"dan_so":6647,"matdo_km2":48.14,"ma_tinh":"04","ten_tinh":"Cao Bằng"}},
{"type":"Feature","geometry":{"type":"Polygon","coordinates":[[[106.6038,22.5631],[106.5978,22.5659],[106.5953,22.5648],[106.5878,22.5671],[106.5801,22.5669],[106.5773,22.5655],[106.5761,22.5613],[106.5745,22.5611],[106.5708,22.5649],[106.5669,22.5629],[106.5599,22.5658],[106.557,22.5626],[106.5506,22.5639],[106.5525,22.5588],[106.5461,22.5551],[106.5424,22.5581],[106.5295,22.5619],[106.5277,22.562],[106.5259,22.565],[106.5226,22.5659],[106.522,22.5704],[106.5263,22.5767],[106.523,22.5796],[106.5233,22.5831],[106.5203,22.5853],[106.5204,22.5873],[106.5168,22.5878],[106.516,22.5849],[106.5112,22.5824],[106.5117,22.5808],[106.5077,22.5802],[106.5059,22.5812],[106.5039,22.5795],[106.4992,22.5802],[106.4932,22.578],[106.4926,22.5762],[106.4893,22.5755],[106.4854,22.5765],[106.4841,22.5784],[106.484,22.5817],[106.477,22.584],[106.4735,22.5833],[106.466,22.5794],[106.4627,22.5807],[106.4555,22.5765],[106.4559,22.5747],[106.4536,22.5714],[106.4537,22.5686],[106.4512,22.5667],[106.4492,22.5649],[106.4489,22.561],[106.4504,22.5541],[106.4493,22.5503],[106.4502,22.5483],[106.4534,22.5487],[106.458,22.5511],[106.4634,22.5506],[106.4674,22.5546],[106.4705,22.5538],[106.4719,22.5508],[106.4744,22.5497],[106.482,22.549],[106.4805,22.5453],[106.4765,22.5471],[106.4767,22.54],[106.4756,22.5383],[106.4761,22.5347],[106.4848,22.529],[106.4888,22.5242],[106.4924,22.5224],[106.4912,22.519],[106.4871,22.5192],[106.4809,22.5151],[106.4828,22.5123],[106.4838,22.5054],[106.4888,22.4984],[106.4906,22.495],[106.4936,22.4936],[106.4959,22.4963],[106.5034,22.4971],[106.506,22.4955],[106.5087,22.4983],[106.5119,22.4987],[106.5158,22.4966],[106.5153,22.4922],[106.5172,22.4871],[106.5195,22.4868],[106.5237,22.4889],[106.5293,22.4867],[106.5298,22.483],[106.5275,22.4784],[106.5297,22.4763],[106.5298,22.4729],[106.5233,22.4709],[106.5197,22.4672],[106.5193,22.4624],[106.5223,22.4601],[106.5265,22.4585],[106.5285,22.4587],[106.5335,22.4555],[106.5343,22.4533],[106.5396,22.4558],[106.5407,22.4535],[106.5442,22.4552],[106.5475,22.4544],[106.5544,22.4554],[106.5583,22.4566],[106.5571,22.4587],[106.5601,22.4611],[106.5589,22.4653],[106.5616,22.4668],[106.5638,22.4653],[106.5658,22.4675],[106.568,22.4732],[106.5728,22.4759],[106.5741,22.4709],[106.5782,22.4692],[106.5799,22.4736],[106.5824,22.4735],[106.5849,22.4771],[106.5841,22.4813],[106.5822,22.4829],[106.5832,22.4877],[106.582,22.4915],[106.5834,22.495],[106.5813,22.5013],[106.5813,22.5065],[106.5824,22.5111],[106.582,22.5198],[106.5871,22.5251],[106.5873,22.5279],[106.5895,22.5337],[106.5911,22.536],[106.5907,22.5397],[106.5917,22.546],[106.5904,22.5493],[106.5924,22.5509],[106.5996,22.5515],[106.6006,22.557],[106.6038,22.5631]]]},"properties":{"ma_xa":"01648","ten_xa":"Phục Hòa","sap_nhap":"Tà Lùng (thị trấn), Hòa Thuận (thị trấn), Mỹ Hưng, Đại Sơn","tru_so":"đang cập nhật","loai":"Xã","cap":2,"stt":41,"dtich_km2":122.7,"dan_so":14339,"matdo_km2":116.86,"ma_tinh":"04","ten_tinh":"Cao Bằng"}},
{"type":"Feature","geometry":{"type":"Polygon","coordinates":[[[106.2884,22.8684],[106.2816,22.8707],[106.2785,22.8696],[106.277,22.8725],[106.2745,22.8734],[106.2736,22.8755],[106.2701,22.8762],[106.2675,22.8749],[106.2636,22.8758],[106.2575,22.8792],[106.2644,22.8842],[106.2595,22.8847],[106.2568,22.8858],[106.2549,22.8886],[106.2512,22.8896],[106.2498,22.8929],[106.2463,22.8911],[106.2385,22.8917],[106.237,22.8904],[106.2282,22.8899],[106.2314,22.8868],[106.2283,22.885],[106.2292,22.8816],[106.2282,22.88],[106.2294,22.8776],[106.2242,22.8734],[106.2226,22.8671],[106.2197,22.8668],[106.2207,22.8631],[106.2145,22.8597],[106.212,22.8599],[106.212,22.8559],[106.2148,22.8573],[106.218,22.8569],[106.2193,22.8547],[106.2229,22.8523],[106.2199,22.8492],[106.22,22.8465],[106.2172,22.846],[106.2111,22.8434],[106.2067,22.8435],[106.2068,22.8402],[106.212,22.8398],[106.2141,22.8376],[106.2144,22.8356],[106.2077,22.8323],[106.2068,22.8311],[106.2109,22.8291],[106.2094,22.8263],[106.2104,22.8243],[106.2088,22.8193],[106.2105,22.8095],[106.2135,22.8094],[106.218,22.8055],[106.2187,22.8035],[106.2211,22.8022],[106.2245,22.8044],[106.2261,22.8074],[106.2304,22.8083],[106.2305,22.8104],[106.2327,22.8118],[106.2408,22.8053],[106.247,22.8044],[106.2505,22.8049],[106.2543,22.8001],[106.2578,22.7987],[106.2586,22.7943],[106.2611,22.7916],[106.2648,22.7916],[106.266,22.789],[106.2672,22.783],[106.2698,22.7814],[106.2765,22.7808],[106.2795,22.7779],[106.2846,22.7763],[106.2856,22.7751],[106.2913,22.7757],[106.2965,22.7776],[106.3006,22.783],[106.2975,22.7873],[106.3013,22.7878],[106.3038,22.7924],[106.3014,22.7943],[106.3015,22.798],[106.3003,22.8029],[106.2968,22.8105],[106.3038,22.8094],[106.3056,22.8083],[106.3101,22.8081],[106.3132,22.8131],[106.3169,22.8154],[106.3151,22.8212],[106.3193,22.823],[106.3181,22.8257],[106.3181,22.8307],[106.319,22.8339],[106.3225,22.8335],[106.3217,22.8364],[106.3237,22.8379],[106.3206,22.8434],[106.3181,22.8456],[106.3176,22.8489],[106.3157,22.8526],[106.3102,22.8599],[106.3076,22.859],[106.3055,22.8606],[106.3072,22.8625],[106.3014,22.8672],[106.2964,22.8692],[106.2934,22.8696],[106.2884,22.8684]]]},"properties":{"ma_xa":"01456","ten_xa":"Quang Hán","sap_nhap":"Quang Vinh, Quang Hán","tru_so":"đang cập nhật","loai":"Xã","cap":2,"stt":46,"dtich_km2":93.61,"dan_so":6918,"matdo_km2":73.9,"ma_tinh":"04","ten_tinh":"Cao Bằng"}},
{"type":"Feature","geometry":{"type":"Polygon","coordinates":[[[105.4706,22.8388],[105.4634,22.8371],[105.4608,22.8345],[105.4601,22.8303],[105.4574,22.8294],[105.4529,22.8299],[105.4499,22.8311],[105.4477,22.8349],[105.4448,22.837],[105.4281,22.8436],[105.4321,22.8686],[105.4245,22.8763],[105.4194,22.8773],[105.4151,22.8818],[105.41,22.8848],[105.4105,22.8868],[105.409,22.8899],[105.4034,22.8902],[105.3981,22.887],[105.3925,22.8902],[105.388,22.8902],[105.3814,22.8925],[105.3763,22.898],[105.3812,22.8991],[105.3816,22.9009],[105.3806,22.9083],[105.3757,22.9138],[105.3798,22.9162],[105.3867,22.9177],[105.3898,22.9195],[105.3898,22.9227],[105.3869,22.9262],[105.3836,22.9285],[105.3797,22.9346],[105.3762,22.9347],[105.3662,22.9377],[105.3624,22.9421],[105.3619,22.9396],[105.3575,22.9359],[105.3551,22.9364],[105.3486,22.9352],[105.3458,22.9333],[105.34,22.9341],[105.3351,22.9333],[105.3327,22.9342],[105.3316,22.9323],[105.333,22.9295],[105.3287,22.9227],[105.3248,22.9208],[105.3223,22.9157],[105.3164,22.9149],[105.3124,22.9154],[105.3114,22.9129],[105.3074,22.9122],[105.3066,22.9107],[105.3081,22.9082],[105.3052,22.9042],[105.3049,22.8999],[105.3062,22.8975],[105.305,22.8956],[105.3057,22.8908],[105.3069,22.8893],[105.3045,22.886],[105.3036,22.8832],[105.3042,22.879],[105.2997,22.8752],[105.2912,22.8765],[105.2868,22.8787],[105.2839,22.8788],[105.2818,22.8771],[105.2769,22.8791],[105.2741,22.8787],[105.2675,22.8813],[105.2691,22.8772],[105.2665,22.867],[105.268,22.8653],[105.2737,22.8635],[105.2786,22.857],[105.28,22.8562],[105.2838,22.8554],[105.2956,22.8557],[105.3018,22.8541],[105.3082,22.8495],[105.3115,22.8511],[105.3162,22.8469],[105.3201,22.8445],[105.3234,22.8446],[105.3252,22.842],[105.3245,22.8392],[105.3254,22.8348],[105.3297,22.8322],[105.3384,22.8292],[105.342,22.8297],[105.3455,22.8253],[105.3505,22.8253],[105.3557,22.824],[105.357,22.8225],[105.3626,22.8248],[105.3648,22.8244],[105.3651,22.8213],[105.3676,22.8203],[105.3687,22.8161],[105.3686,22.8126],[105.3723,22.8117],[105.3745,22.8125],[105.3823,22.8124],[105.3841,22.8106],[105.387,22.8101],[105.3907,22.8064],[105.3914,22.8041],[105.3946,22.8018],[105.3945,22.7996],[105.3963,22.7967],[105.3992,22.7948],[105.4035,22.7955],[105.4095,22.7916],[105.4111,22.7891],[105.4144,22.7863],[105.4177,22.7852],[105.4225,22.7853],[105.4217,22.7804],[105.4237,22.779],[105.4249,22.776],[105.4295,22.7772],[105.4334,22.7751],[105.4377,22.7738],[105.4401,22.774],[105.4446,22.7715],[105.4473,22.7688],[105.4476,22.7689],[105.45,22.7711],[105.4517,22.7755],[105.452,22.7816],[105.4558,22.7877],[105.4576,22.792],[105.4589,22.7984],[105.4607,22.8012],[105.4669,22.8037],[105.4708,22.807],[105.4769,22.8158],[105.481,22.8199],[105.477,22.8242],[105.47,22.833],[105.4681,22.8342],[105.4689,22.8376],[105.4706,22.8388]]]},"properties":{"ma_xa":"01304","ten_xa":"Quảng Lâm","sap_nhap":"Thạch Lâm, Quảng Lâm","tru_so":"đang cập nhật","loai":"Xã","cap":2,"stt":4,"dtich_km2":172.93,"dan_so":15245,"matdo_km2":88.16,"ma_tinh":"04","ten_tinh":"Cao Bằng"}},
{"type":"Feature","geometry":{"type":"Polygon","coordinates":[[[106.7619,22.7326],[106.7582,22.7328],[106.751,22.7316],[106.7471,22.7276],[106.7446,22.7317],[106.7422,22.7316],[106.738,22.7334],[106.7365,22.74],[106.7342,22.7411],[106.7315,22.7466],[106.7338,22.7491],[106.7307,22.7524],[106.7235,22.7563],[106.7201,22.7553],[106.7171,22.7584],[106.7122,22.7605],[106.7103,22.7593],[106.7069,22.7626],[106.7062,22.7647],[106.703,22.7671],[106.7026,22.7697],[106.7051,22.7761],[106.7045,22.7801],[106.7014,22.7837],[106.7029,22.7853],[106.7042,22.7891],[106.7018,22.7921],[106.7021,22.7943],[106.7067,22.7952],[106.7071,22.8027],[106.7035,22.8085],[106.7038,22.8122],[106.6993,22.8076],[106.696,22.8069],[106.6948,22.8083],[106.6873,22.8081],[106.685,22.806],[106.6825,22.8013],[106.6799,22.8026],[106.6743,22.8014],[106.667,22.7969],[106.6634,22.7967],[106.6587,22.7947],[106.6546,22.7947],[106.6522,22.7922],[106.6548,22.7857],[106.65,22.7844],[106.6471,22.785],[106.6426,22.7824],[106.636,22.7826],[106.6306,22.7842],[106.6213,22.7803],[106.6158,22.7818],[106.6119,22.7855],[106.6078,22.7861],[106.6069,22.7813],[106.6075,22.7788],[106.6056,22.776],[106.6017,22.7724],[106.6041,22.7669],[106.6074,22.7657],[106.6073,22.7624],[106.6111,22.7595],[106.6142,22.7597],[106.6158,22.7575],[106.6191,22.7558],[106.6189,22.753],[106.6223,22.7498],[106.6227,22.7462],[106.6266,22.7432],[106.6303,22.7415],[106.6321,22.738],[106.6352,22.7362],[106.635,22.7328],[106.6366,22.7306],[106.642,22.7297],[106.6426,22.728],[106.6463,22.726],[106.6453,22.7215],[106.6465,22.7177],[106.6516,22.7157],[106.6546,22.7173],[106.66,22.7148],[106.663,22.7147],[106.6625,22.7118],[106.6645,22.711],[106.6749,22.7152],[106.6787,22.7187],[106.6803,22.716],[106.6801,22.7135],[106.6817,22.7119],[106.6802,22.71],[106.6817,22.7072],[106.6851,22.7067],[106.6833,22.7033],[106.6808,22.7022],[106.6799,22.6995],[106.6825,22.6975],[106.687,22.6916],[106.6879,22.6889],[106.6912,22.6842],[106.6968,22.6832],[106.7037,22.6847],[106.7085,22.6837],[106.709,22.6814],[106.7114,22.6806],[106.7143,22.6762],[106.7173,22.6752],[106.7172,22.6733],[106.7225,22.6678],[106.7275,22.6646],[106.7299,22.6653],[106.7333,22.6631],[106.7372,22.6632],[106.7413,22.6667],[106.7407,22.6699],[106.7487,22.6712],[106.7511,22.6738],[106.7545,22.6729],[106.7577,22.675],[106.7591,22.6835],[106.7606,22.6856],[106.7564,22.6884],[106.7527,22.6922],[106.7533,22.6967],[106.7595,22.6978],[106.7673,22.7024],[106.7657,22.7057],[106.7702,22.7071],[106.7776,22.7069],[106.7798,22.7083],[106.7784,22.7106],[106.773,22.7129],[106.77,22.7166],[106.7668,22.7173],[106.7646,22.7216],[106.7658,22.7238],[106.7645,22.7273],[106.7625,22.7295],[106.7619,22.7326]]]},"properties":{"ma_xa":"01552","ten_xa":"Quang Long","sap_nhap":"Đức Quang, Thắng Lợi, Quang Long","tru_so":"đang cập nhật","loai":"Xã","cap":2,"stt":56,"dtich_km2":130.15,"dan_so":5768,"matdo_km2":44.32,"ma_tinh":"04","ten_tinh":"Cao Bằng"}},
{"type":"Feature","geometry":{"type":"Polygon","coordinates":[[[106.416,22.8763],[106.4138,22.8759],[106.4087,22.8768],[106.4058,22.876],[106.4039,22.8808],[106.3985,22.8818],[106.3969,22.8806],[106.3924,22.8813],[106.3913,22.8839],[106.3881,22.8826],[106.386,22.8836],[106.3808,22.8824],[106.3783,22.8841],[106.3747,22.8842],[106.3703,22.882],[106.3683,22.8821],[106.3639,22.8791],[106.3641,22.8745],[106.3618,22.8717],[106.3634,22.8667],[106.3594,22.8636],[106.3574,22.8593],[106.3504,22.8559],[106.3454,22.856],[106.3446,22.8572],[106.3401,22.8553],[106.3369,22.8556],[106.3358,22.8525],[106.3376,22.8513],[106.3379,22.847],[106.3395,22.8413],[106.3422,22.8372],[106.3418,22.8332],[106.3447,22.8305],[106.3466,22.8268],[106.3445,22.8241],[106.3445,22.8207],[106.3466,22.8182],[106.3463,22.8151],[106.3479,22.8092],[106.3476,22.8064],[106.3511,22.8046],[106.3492,22.7984],[106.3508,22.793],[106.3557,22.7899],[106.36,22.7891],[106.3619,22.785],[106.3671,22.787],[106.3769,22.7856],[106.388,22.7863],[106.3942,22.7887],[106.3947,22.7908],[106.3989,22.7901],[106.4036,22.7915],[106.4035,22.7953],[106.4018,22.797],[106.3994,22.796],[106.3975,22.7985],[106.3985,22.8047],[106.4023,22.8049],[106.4056,22.8062],[106.4124,22.8019],[106.4158,22.8006],[106.4184,22.8024],[106.4198,22.8065],[106.4225,22.8051],[106.4257,22.8097],[106.4317,22.8097],[106.4324,22.8135],[106.4298,22.815],[106.4276,22.8201],[106.4332,22.8217],[106.437,22.8189],[106.4431,22.8209],[106.4498,22.8224],[106.454,22.825],[106.4515,22.8263],[106.4515,22.8288],[106.4494,22.832],[106.4454,22.834],[106.4458,22.838],[106.4395,22.8429],[106.4382,22.8431],[106.4361,22.8472],[106.4333,22.8489],[106.4333,22.8518],[106.4314,22.8547],[106.4333,22.8584],[106.429,22.8629],[106.4296,22.8642],[106.427,22.8707],[106.4232,22.871],[106.4217,22.8747],[106.416,22.8763]]]},"properties":{"ma_xa":"01465","ten_xa":"Quang Trung","sap_nhap":"Quang Trung (huyện Trùng Khánh), Tri Phương, Xuân Nội","tru_so":"đang cập nhật","loai":"Xã","cap":2,"stt":48,"dtich_km2":82.6,"dan_so":5975,"matdo_km2":72.34,"ma_tinh":"04","ten_tinh":"Cao Bằng"}},
{"type":"Feature","geometry":{"type":"Polygon","coordinates":[[[106.4239,22.7824],[106.4234,22.7848],[106.4199,22.7867],[106.4174,22.79],[106.4104,22.7943],[106.4064,22.7935],[106.4036,22.7915],[106.3989,22.7901],[106.3947,22.7908],[106.3942,22.7887],[106.388,22.7863],[106.3769,22.7856],[106.3671,22.787],[106.3619,22.785],[106.3589,22.7839],[106.3595,22.7817],[106.3571,22.7798],[106.3561,22.774],[106.3547,22.7712],[106.3561,22.7664],[106.3582,22.7624],[106.3619,22.7528],[106.363,22.7511],[106.3631,22.7461],[106.3596,22.7427],[106.3546,22.7429],[106.353,22.7384],[106.353,22.7326],[106.355,22.7299],[106.3535,22.726],[106.3573,22.7267],[106.3589,22.723],[106.3571,22.7167],[106.3547,22.7132],[106.3508,22.7124],[106.3505,22.7097],[106.3521,22.7063],[106.352,22.7032],[106.3538,22.7021],[106.3541,22.6965],[106.3591,22.6987],[106.3614,22.6963],[106.3667,22.6972],[106.3706,22.6935],[106.3731,22.6925],[106.3844,22.6845],[106.3875,22.6805],[106.3931,22.6749],[106.3959,22.674],[106.4034,22.6682],[106.4061,22.669],[106.4079,22.6727],[106.4073,22.6754],[106.4097,22.6771],[106.413,22.678],[106.4165,22.6737],[106.4209,22.6723],[106.427,22.672],[106.4261,22.6703],[106.4208,22.6676],[106.4273,22.6591],[106.4303,22.6567],[106.4344,22.6562],[106.4355,22.6521],[106.4379,22.6568],[106.4393,22.6612],[106.4437,22.6601],[106.4458,22.6617],[106.4521,22.6614],[106.4481,22.6575],[106.4502,22.6536],[106.4534,22.6523],[106.4558,22.6527],[106.4609,22.6512],[106.4587,22.6487],[106.4566,22.6483],[106.4561,22.6444],[106.4596,22.6412],[106.4632,22.6432],[106.4649,22.6401],[106.4691,22.6412],[106.47,22.6385],[106.4717,22.6402],[106.4724,22.6443],[106.4744,22.6452],[106.4729,22.6488],[106.4756,22.6516],[106.4744,22.6555],[106.4775,22.6564],[106.4795,22.6594],[106.4829,22.66],[106.4853,22.6576],[106.4893,22.6558],[106.4891,22.6521],[106.494,22.65],[106.496,22.647],[106.4968,22.6435],[106.5021,22.6403],[106.5123,22.6443],[106.5117,22.6464],[106.515,22.6487],[106.5156,22.6509],[106.5137,22.6576],[106.5116,22.6594],[106.507,22.6616],[106.5051,22.6641],[106.4982,22.6685],[106.4979,22.6709],[106.494,22.6735],[106.4906,22.673],[106.4896,22.6748],[106.4868,22.6753],[106.4827,22.6806],[106.4796,22.6816],[106.476,22.6811],[106.4738,22.6836],[106.4787,22.6862],[106.4744,22.6885],[106.4715,22.6876],[106.4698,22.6911],[106.4663,22.6927],[106.4673,22.696],[106.4631,22.6991],[106.4583,22.7012],[106.4553,22.7042],[106.4558,22.7062],[106.4523,22.7096],[106.4575,22.7165],[106.4539,22.7235],[106.4514,22.7257],[106.4484,22.7254],[106.4443,22.73],[106.4412,22.7295],[106.4381,22.7346],[106.4352,22.7362],[106.4322,22.736],[106.4299,22.7382],[106.4301,22.7411],[106.4278,22.7431],[106.4244,22.7442],[106.423,22.7475],[106.4277,22.7521],[106.4259,22.7556],[106.4239,22.7571],[106.4205,22.763],[106.4168,22.7644],[106.4138,22.7684],[106.4144,22.7722],[106.4176,22.7791],[106.4239,22.7824]]]},"properties":{"ma_xa":"01576","ten_xa":"Quảng Uyên","sap_nhap":"Quảng Uyên (thị trấn), Phi Hải, Phúc Sen, Chí Thảo","tru_so":"đang cập nhật","loai":"Xã","cap":2,"stt":44,"dtich_km2":128.05,"dan_so":16689,"matdo_km2":130.33,"ma_tinh":"04","ten_tinh":"Cao Bằng"}},
{"type":"Feature","geometry":{"type":"Polygon","coordinates":[[[105.726,22.7794],[105.7256,22.7771],[105.7199,22.7615],[105.7167,22.7661],[105.715,22.7663],[105.7088,22.7698],[105.7065,22.7724],[105.7029,22.7741],[105.6985,22.7724],[105.693,22.7731],[105.6874,22.7716],[105.6818,22.7715],[105.6785,22.7754],[105.6753,22.776],[105.6726,22.7787],[105.6722,22.783],[105.6696,22.7888],[105.6661,22.79],[105.6533,22.7885],[105.6523,22.7892],[105.6396,22.7931],[105.6357,22.789],[105.6391,22.7868],[105.6398,22.7813],[105.641,22.7797],[105.6417,22.7759],[105.6441,22.7733],[105.6465,22.7679],[105.6439,22.7655],[105.6432,22.7618],[105.6403,22.7609],[105.6402,22.7556],[105.6382,22.7527],[105.6396,22.748],[105.6343,22.7448],[105.6316,22.748],[105.6269,22.7504],[105.6226,22.7513],[105.6192,22.7474],[105.6174,22.7469],[105.6131,22.7423],[105.6102,22.7402],[105.6042,22.7424],[105.6006,22.7446],[105.5958,22.746],[105.5895,22.7364],[105.5918,22.7331],[105.591,22.7279],[105.5862,22.7266],[105.585,22.7255],[105.5842,22.7213],[105.5851,22.7201],[105.5805,22.7114],[105.5811,22.7095],[105.5754,22.7061],[105.5718,22.7011],[105.5751,22.6945],[105.5775,22.693],[105.5795,22.6858],[105.5829,22.6801],[105.5812,22.6753],[105.5823,22.6694],[105.5838,22.6679],[105.5882,22.6665],[105.5926,22.667],[105.5985,22.666],[105.6022,22.6676],[105.6026,22.6716],[105.6002,22.6757],[105.6012,22.6832],[105.6079,22.6872],[105.6096,22.6894],[105.6105,22.6937],[105.6186,22.6992],[105.6186,22.7016],[105.6217,22.7016],[105.6223,22.6997],[105.6316,22.6987],[105.6339,22.7007],[105.6371,22.6989],[105.645,22.6995],[105.6463,22.6984],[105.6487,22.704],[105.6541,22.7079],[105.6566,22.7115],[105.6559,22.7152],[105.6619,22.7186],[105.6635,22.723],[105.6653,22.7243],[105.6702,22.7233],[105.6722,22.7254],[105.6821,22.7201],[105.6876,22.718],[105.689,22.719],[105.6923,22.7183],[105.6933,22.7231],[105.6967,22.7291],[105.6986,22.7246],[105.7018,22.7205],[105.7056,22.7258],[105.7096,22.7273],[105.7105,22.7247],[105.7132,22.722],[105.7187,22.7227],[105.7195,22.7284],[105.7231,22.7289],[105.7241,22.7257],[105.7268,22.7241],[105.7298,22.7252],[105.7355,22.7309],[105.7361,22.7348],[105.7356,22.7391],[105.7331,22.7408],[105.7329,22.7447],[105.7307,22.7484],[105.7333,22.7539],[105.7327,22.7592],[105.7343,22.7626],[105.7333,22.7677],[105.73,22.7703],[105.7265,22.7753],[105.726,22.7794]]]},"properties":{"ma_xa":"01360","ten_xa":"Sơn Lộ","sap_nhap":"Sơn Lập, Sơn Lộ","tru_so":"đang cập nhật","loai":"Xã","cap":2,"stt":9,"dtich_km2":97.38,"dan_so":5578,"matdo_km2":57.28,"ma_tinh":"04","ten_tinh":"Cao Bằng"}},
{"type":"Feature","geometry":{"type":"Polygon","coordinates":[[[106.0613,22.6531],[106.0532,22.6517],[106.0488,22.6474],[106.0496,22.6454],[106.0477,22.6418],[106.0474,22.6382],[106.0434,22.6318],[106.0405,22.6292],[106.0344,22.6295],[106.0321,22.6312],[106.0293,22.6313],[106.0226,22.6289],[106.0172,22.635],[106.0117,22.6337],[106.0099,22.6349],[106.0055,22.6341],[106.0011,22.6352],[105.9967,22.6324],[105.9919,22.6328],[105.9891,22.6358],[105.9829,22.6368],[105.9802,22.6363],[105.9761,22.6314],[105.9704,22.6334],[105.9682,22.632],[105.9667,22.6274],[105.9779,22.6219],[105.9801,22.6218],[105.9836,22.6175],[105.9868,22.6148],[105.9878,22.6123],[105.9911,22.6096],[105.99,22.6079],[105.9896,22.6032],[105.9874,22.6009],[105.9898,22.5974],[105.9875,22.5944],[105.9838,22.5935],[105.9772,22.5936],[105.97,22.591],[105.9643,22.5911],[105.9577,22.5931],[105.95,22.5931],[105.9405,22.5906],[105.94,22.5878],[105.9368,22.583],[105.935,22.5775],[105.9323,22.5747],[105.9294,22.5733],[105.926,22.5698],[105.9211,22.5671],[105.9198,22.5615],[105.9186,22.5595],[105.9192,22.5562],[105.918,22.5538],[105.9196,22.5467],[105.9169,22.5429],[105.9176,22.5375],[105.9188,22.536],[105.9176,22.5331],[105.9195,22.5308],[105.9216,22.5248],[105.9243,22.5221],[105.9286,22.5235],[105.9296,22.5258],[105.9332,22.5282],[105.9389,22.5272],[105.947,22.5287],[105.9485,22.5265],[105.9529,22.5226],[105.9585,22.5247],[105.9611,22.528],[105.9659,22.5287],[105.9683,22.5325],[105.9689,22.5355],[105.9719,22.5371],[105.9772,22.5367],[105.9829,22.54],[105.9865,22.5446],[105.9908,22.5433],[105.9941,22.5456],[106.0002,22.547],[106.0031,22.5485],[106.0036,22.5527],[106.0073,22.5555],[106.0137,22.5567],[106.0189,22.56],[106.0227,22.5607],[106.0263,22.558],[106.0345,22.5612],[106.0379,22.562],[106.0425,22.5655],[106.0425,22.5677],[106.0463,22.5735],[106.0466,22.5769],[106.048,22.5782],[106.0535,22.5749],[106.058,22.5714],[106.0641,22.5704],[106.0666,22.5683],[106.0715,22.5729],[106.0757,22.5724],[106.0793,22.5738],[106.0827,22.5718],[106.0821,22.5667],[106.0793,22.5663],[106.0762,22.5631],[106.0739,22.5594],[106.0734,22.5546],[106.0783,22.5527],[106.0833,22.5525],[106.0865,22.5532],[106.0909,22.5481],[106.0952,22.5471],[106.0948,22.5438],[106.0934,22.5426],[106.092,22.5386],[106.093,22.5352],[106.0947,22.5334],[106.0975,22.5354],[106.1008,22.5354],[106.1046,22.5399],[106.1046,22.5431],[106.1093,22.5486],[106.1127,22.5511],[106.1135,22.5529],[106.1119,22.5559],[106.1129,22.5593],[106.1085,22.5636],[106.1108,22.5687],[106.1105,22.5744],[106.1068,22.5789],[106.1096,22.5807],[106.1118,22.5847],[106.1096,22.5874],[106.1108,22.5901],[106.1113,22.5946],[106.1152,22.6002],[106.115,22.607],[106.1166,22.6093],[106.1154,22.6111],[106.1145,22.6158],[106.1162,22.618],[106.1167,22.6213],[106.115,22.6236],[106.1194,22.6281],[106.1211,22.629],[106.1234,22.6338],[106.1222,22.6381],[106.121,22.636],[106.1159,22.636],[106.1145,22.6336],[106.1105,22.6338],[106.109,22.6349],[106.1008,22.631],[106.0981,22.6308],[106.0956,22.6321],[106.0929,22.6313],[106.0873,22.6332],[106.0842,22.6328],[106.0829,22.6388],[106.0812,22.643],[106.0822,22.6491],[106.0784,22.6516],[106.0766,22.65],[106.0738,22.6501],[106.0688,22.6467],[106.0654,22.649],[106.0613,22.6531]]]},"properties":{"ma_xa":"01774","ten_xa":"Tam Kim","sap_nhap":"Hưng Đạo (huyện Nguyên Bình), Hoa Thám, Tam Kim","tru_so":"đang cập nhật","loai":"Xã","cap":2,"stt":21,"dtich_km2":161.81,"dan_so":5864,"matdo_km2":36.24,"ma_tinh":"04","ten_tinh":"Cao Bằng"}},
{"type":"Feature","geometry":{"type":"Polygon","coordinates":[[[106.2606,22.6604],[106.2583,22.6597],[106.2546,22.6636],[106.2515,22.6626],[106.2506,22.6643],[106.2466,22.6622],[106.2422,22.662],[106.2384,22.6589],[106.2363,22.6543],[106.2335,22.6536],[106.2298,22.649],[106.2268,22.648],[106.2219,22.6477],[106.2209,22.6437],[106.2163,22.6402],[106.2162,22.6385],[106.2133,22.6368],[106.2102,22.6334],[106.2114,22.63],[106.2183,22.6272],[106.2179,22.6251],[106.2156,22.6234],[106.2167,22.6205],[106.2164,22.6148],[106.2151,22.6128],[106.2168,22.6102],[106.2173,22.6068],[106.2192,22.6056],[106.2205,22.6026],[106.2281,22.601],[106.2304,22.6036],[106.2337,22.6051],[106.2405,22.6025],[106.2437,22.6018],[106.2443,22.5985],[106.2471,22.5963],[106.2483,22.5924],[106.2524,22.5896],[106.2553,22.5853],[106.2549,22.5824],[106.2602,22.579],[106.2669,22.578],[106.2698,22.5781],[106.2762,22.575],[106.2853,22.5737],[106.2894,22.5784],[106.2927,22.5786],[106.2963,22.5803],[106.3009,22.5806],[106.3038,22.5842],[106.3107,22.5844],[106.312,22.5857],[106.3177,22.5873],[106.3197,22.5851],[106.3213,22.5807],[106.3218,22.576],[106.3249,22.5735],[106.3259,22.5713],[106.3288,22.5712],[106.3346,22.5728],[106.3357,22.578],[106.3445,22.5819],[106.3469,22.5835],[106.3473,22.5876],[106.3486,22.5911],[106.351,22.5942],[106.3491,22.5965],[106.3471,22.5958],[106.3436,22.5967],[106.3423,22.599],[106.3432,22.6029],[106.3389,22.6072],[106.3364,22.6075],[106.3329,22.6057],[106.3311,22.6097],[106.3275,22.6115],[106.3219,22.6161],[106.3172,22.6254],[106.3174,22.6296],[106.3151,22.6347],[106.3121,22.6375],[106.311,22.6398],[106.3073,22.6413],[106.3011,22.6447],[106.3007,22.6459],[106.2961,22.6488],[106.2914,22.6499],[106.2884,22.6474],[106.2848,22.646],[106.2799,22.6451],[106.2754,22.6484],[106.271,22.6542],[106.2654,22.6557],[106.2606,22.6604]]]},"properties":{"ma_xa":"01288","ten_xa":"Tân Giang","sap_nhap":"Tân Giang, Duyệt Trung, Hòa Chung, Chu Trinh, Lê Chung","tru_so":"đang cập nhật","loai":"Phường","cap":2,"stt":3,"dtich_km2":84.26,"dan_so":18204,"matdo_km2":216.05,"ma_tinh":"04","ten_tinh":"Cao Bằng"}},
{"type":"Feature","geometry":{"type":"Polygon","coordinates":[[[106.4512,22.5667],[106.4496,22.5681],[106.4461,22.5687],[106.4378,22.5715],[106.434,22.5689],[106.4305,22.5713],[106.4295,22.5696],[106.4254,22.5692],[106.4249,22.5659],[106.4224,22.5645],[106.4215,22.56],[106.4143,22.5547],[106.4137,22.5509],[106.4094,22.5497],[106.4054,22.5527],[106.403,22.5593],[106.3993,22.558],[106.3973,22.5597],[106.3931,22.5573],[106.3921,22.55],[106.3893,22.5471],[106.3916,22.5451],[106.3924,22.5426],[106.3926,22.5368],[106.397,22.5341],[106.4014,22.5341],[106.4041,22.5325],[106.4036,22.5281],[106.4021,22.5264],[106.4043,22.5217],[106.4038,22.5165],[106.4002,22.515],[106.3883,22.5146],[106.3843,22.518],[106.3823,22.5187],[106.3754,22.5165],[106.3702,22.5191],[106.3668,22.5191],[106.3668,22.5212],[106.3639,22.5252],[106.3623,22.5251],[106.3614,22.5207],[106.3597,22.5179],[106.36,22.5151],[106.3639,22.5123],[106.3652,22.5088],[106.362,22.5038],[106.3628,22.4993],[106.3664,22.5],[106.3717,22.4966],[106.3723,22.4908],[106.3748,22.4883],[106.3755,22.483],[106.3797,22.4806],[106.3774,22.4771],[106.3798,22.4735],[106.3792,22.4715],[106.3816,22.4697],[106.3805,22.4662],[106.3842,22.4645],[106.3854,22.4606],[106.3888,22.4579],[106.3866,22.4535],[106.3903,22.4497],[106.3925,22.4493],[106.3934,22.4434],[106.3917,22.4408],[106.393,22.4393],[106.397,22.4289],[106.3969,22.4222],[106.3974,22.4198],[106.3936,22.4187],[106.3948,22.4154],[106.3971,22.4126],[106.3975,22.4083],[106.4015,22.4063],[106.4045,22.4085],[106.404,22.4123],[106.4072,22.415],[106.4082,22.4174],[106.412,22.418],[106.4153,22.4222],[106.4149,22.4261],[106.4156,22.4288],[106.4131,22.4301],[106.4125,22.4343],[106.4141,22.4383],[106.4185,22.4394],[106.424,22.4422],[106.424,22.4444],[106.4318,22.4441],[106.4346,22.4415],[106.4375,22.4402],[106.4371,22.4369],[106.4392,22.4337],[106.4426,22.4344],[106.4467,22.432],[106.4518,22.4313],[106.4553,22.4331],[106.4586,22.4332],[106.4618,22.4319],[106.4657,22.4368],[106.4594,22.44],[106.4584,22.4413],[106.4581,22.4484],[106.4595,22.4493],[106.4587,22.4523],[106.4541,22.4551],[106.4495,22.463],[106.4475,22.4641],[106.4477,22.4673],[106.4465,22.4713],[106.4431,22.473],[106.4422,22.4759],[106.4469,22.4767],[106.4485,22.4805],[106.4441,22.4829],[106.4419,22.4878],[106.4444,22.4885],[106.4431,22.4911],[106.4399,22.4918],[106.4388,22.4983],[106.4371,22.5011],[106.4471,22.5026],[106.4488,22.5052],[106.4516,22.5052],[106.4559,22.5028],[106.4615,22.506],[106.4646,22.5063],[106.4673,22.5043],[106.4692,22.5044],[106.4712,22.5088],[106.4757,22.5133],[106.4809,22.5151],[106.4871,22.5192],[106.4912,22.519],[106.4924,22.5224],[106.4888,22.5242],[106.4848,22.529],[106.4761,22.5347],[106.4756,22.5383],[106.4767,22.54],[106.4765,22.5471],[106.4805,22.5453],[106.482,22.549],[106.4744,22.5497],[106.4719,22.5508],[106.4705,22.5538],[106.4674,22.5546],[106.4634,22.5506],[106.458,22.5511],[106.4534,22.5487],[106.4502,22.5483],[106.4493,22.5503],[106.4504,22.5541],[106.4489,22.561],[106.4492,22.5649],[106.4512,22.5667]]]},"properties":{"ma_xa":"01807","ten_xa":"Thạch An","sap_nhap":"Tiên Thành, Vân Trình, Lê Lai","tru_so":"đang cập nhật","loai":"Xã","cap":2,"stt":38,"dtich_km2":113.74,"dan_so":7589,"matdo_km2":66.72,"ma_tinh":"04","ten_tinh":"Cao Bằng"}},
{"type":"Feature","geometry":{"type":"Polygon","coordinates":[[[105.9667,22.6274],[105.9662,22.6287],[105.9616,22.6294],[105.957,22.6319],[105.9542,22.6314],[105.9499,22.6346],[105.9435,22.6372],[105.9421,22.6393],[105.9389,22.64],[105.935,22.6387],[105.9322,22.6389],[105.9284,22.6377],[105.9271,22.6354],[105.9224,22.6308],[105.9162,22.6282],[105.9123,22.6281],[105.9117,22.6263],[105.9045,22.6275],[105.8983,22.6344],[105.8951,22.6355],[105.8899,22.6346],[105.8809,22.6357],[105.8753,22.6319],[105.8734,22.6294],[105.8681,22.6278],[105.867,22.6238],[105.8617,22.6243],[105.8626,22.6234],[105.8631,22.6154],[105.8652,22.6137],[105.8649,22.6103],[105.8693,22.6051],[105.867,22.5971],[105.8685,22.5935],[105.8672,22.5895],[105.8655,22.5871],[105.8663,22.5852],[105.8649,22.583],[105.8594,22.5827],[105.8582,22.5838],[105.8562,22.5751],[105.8498,22.5752],[105.848,22.5743],[105.8416,22.5733],[105.8402,22.5711],[105.8308,22.5668],[105.8274,22.5646],[105.8215,22.5593],[105.8212,22.5571],[105.8184,22.5556],[105.8179,22.5502],[105.817,22.5479],[105.813,22.5437],[105.811,22.5433],[105.8084,22.5346],[105.8058,22.5314],[105.806,22.529],[105.8043,22.5234],[105.808,22.5235],[105.8098,22.5218],[105.8188,22.5213],[105.8213,22.5203],[105.8292,22.5239],[105.8307,22.5265],[105.8332,22.5266],[105.8323,22.5206],[105.8327,22.5166],[105.837,22.5163],[105.8417,22.5151],[105.8477,22.5182],[105.8503,22.5203],[105.8536,22.5202],[105.86,22.5214],[105.8649,22.5205],[105.8679,22.5178],[105.8756,22.5142],[105.8832,22.5135],[105.8943,22.5096],[105.8974,22.5076],[105.8982,22.5042],[105.9018,22.4997],[105.9038,22.4956],[105.9111,22.4963],[105.9137,22.498],[105.9143,22.5009],[105.9181,22.5045],[105.9222,22.5127],[105.9235,22.5132],[105.9243,22.5221],[105.9216,22.5248],[105.9195,22.5308],[105.9176,22.5331],[105.9188,22.536],[105.9176,22.5375],[105.9169,22.5429],[105.9196,22.5467],[105.918,22.5538],[105.9192,22.5562],[105.9186,22.5595],[105.9198,22.5615],[105.9211,22.5671],[105.926,22.5698],[105.9294,22.5733],[105.9323,22.5747],[105.935,22.5775],[105.9368,22.583],[105.94,22.5878],[105.9405,22.5906],[105.95,22.5931],[105.9577,22.5931],[105.9643,22.5911],[105.97,22.591],[105.9772,22.5936],[105.9838,22.5935],[105.9875,22.5944],[105.9898,22.5974],[105.9874,22.6009],[105.9896,22.6032],[105.99,22.6079],[105.9911,22.6096],[105.9878,22.6123],[105.9868,22.6148],[105.9836,22.6175],[105.9801,22.6218],[105.9779,22.6219],[105.9667,22.6274]]]},"properties":{"ma_xa":"01777","ten_xa":"Thành Công","sap_nhap":"Quang Thành, Thành Công","tru_so":"đang cập nhật","loai":"Xã","cap":2,"stt":19,"dtich_km2":140.63,"dan_so":5138,"matdo_km2":36.54,"ma_tinh":"04","ten_tinh":"Cao Bằng"}},
{"type":"Feature","geometry":{"type":"Polygon","coordinates":[[[105.9072,22.8343],[105.9059,22.837],[105.9032,22.837],[105.9011,22.8403],[105.8955,22.8413],[105.8921,22.8433],[105.8784,22.8385],[105.8776,22.8388],[105.8745,22.835],[105.8715,22.8339],[105.8703,22.8271],[105.8724,22.8261],[105.8734,22.8222],[105.8768,22.8197],[105.876,22.8174],[105.881,22.8154],[105.8789,22.8139],[105.8713,22.8146],[105.8652,22.8097],[105.8605,22.8128],[105.8578,22.809],[105.8569,22.8056],[105.8535,22.8043],[105.8505,22.8059],[105.8494,22.8021],[105.8514,22.7997],[105.8512,22.795],[105.8627,22.7901],[105.8669,22.7889],[105.8705,22.784],[105.8706,22.782],[105.873,22.7781],[105.8735,22.7757],[105.8797,22.7731],[105.8837,22.7739],[105.8873,22.7725],[105.8915,22.7687],[105.8969,22.7693],[105.8987,22.7684],[105.9003,22.7651],[105.8999,22.7615],[105.8975,22.7594],[105.9017,22.7556],[105.9037,22.7559],[105.9079,22.7595],[105.9096,22.757],[105.9144,22.7571],[105.9211,22.7508],[105.9267,22.7503],[105.9291,22.7475],[105.9336,22.7465],[105.932,22.7444],[105.9313,22.741],[105.9266,22.7365],[105.9222,22.735],[105.9249,22.729],[105.924,22.7269],[105.9187,22.725],[105.9152,22.72],[105.9183,22.7176],[105.9223,22.7168],[105.9253,22.7146],[105.9288,22.7139],[105.9392,22.7132],[105.9411,22.7161],[105.9465,22.7169],[105.9479,22.71],[105.9473,22.7072],[105.9507,22.704],[105.9502,22.7026],[105.9506,22.6985],[105.9535,22.6993],[105.9554,22.698],[105.9561,22.6933],[105.9602,22.6945],[105.9619,22.6926],[105.968,22.6919],[105.9722,22.6943],[105.9757,22.6941],[105.9819,22.6889],[105.9842,22.683],[105.9878,22.6837],[105.9912,22.6896],[105.9902,22.6928],[105.9928,22.6965],[105.9937,22.7019],[106.0014,22.7031],[106.0049,22.709],[106.0042,22.7121],[106.0068,22.7121],[106.0103,22.7139],[106.0136,22.7136],[106.0151,22.7156],[106.0129,22.7183],[106.0152,22.7216],[106.0149,22.7236],[106.0168,22.7274],[106.0201,22.7299],[106.0209,22.7338],[106.0195,22.7355],[106.0151,22.7317],[106.0074,22.734],[106.0044,22.733],[106,22.7392],[105.9978,22.7436],[105.986,22.7495],[105.9839,22.7491],[105.9814,22.751],[105.9728,22.7516],[105.9712,22.7541],[105.9749,22.7558],[105.9826,22.7577],[105.9868,22.7645],[105.981,22.7702],[105.9774,22.7711],[105.9768,22.7749],[105.972,22.7776],[105.9661,22.7762],[105.9632,22.7778],[105.961,22.7775],[105.959,22.7807],[105.9612,22.7836],[105.9639,22.7837],[105.9621,22.7875],[105.9642,22.7897],[105.9619,22.7935],[105.9612,22.7978],[105.9576,22.7957],[105.9527,22.7963],[105.9456,22.8014],[105.9427,22.8052],[105.9364,22.803],[105.9349,22.8041],[105.9318,22.8022],[105.9249,22.8078],[105.923,22.8134],[105.9199,22.8139],[105.9204,22.8175],[105.9124,22.8184],[105.9107,22.8179],[105.9076,22.8244],[105.9052,22.8248],[105.9045,22.8278],[105.9072,22.8343]]]},"properties":{"ma_xa":"01387","ten_xa":"Thanh Long","sap_nhap":"Ngọc Động (huyện Hà Quảng), Yên Sơn, Thanh Long","tru_so":"đang cập nhật","loai":"Xã","cap":2,"stt":24,"dtich_km2":118.62,"dan_so":6507,"matdo_km2":54.86,"ma_tinh":"04","ten_tinh":"Cao Bằng"}},
{"type":"Feature","geometry":{"type":"Polygon","coordinates":[[[106.0299,22.8244],[106.0242,22.8261],[106.0171,22.8305],[106.0154,22.8302],[106.0132,22.833],[106.0062,22.8387],[106.0035,22.8391],[106.0046,22.8426],[106.0017,22.8445],[106.0005,22.8428],[106.0005,22.8337],[105.9975,22.8267],[105.9934,22.8239],[105.9897,22.8291],[105.9868,22.8282],[105.9852,22.8311],[105.9808,22.8344],[105.9737,22.8346],[105.9687,22.8311],[105.9664,22.832],[105.9624,22.8312],[105.9586,22.8369],[105.9583,22.8388],[105.9538,22.8401],[105.9482,22.8396],[105.9433,22.8363],[105.9412,22.839],[105.935,22.8363],[105.9353,22.8327],[105.9341,22.8315],[105.9304,22.8319],[105.9293,22.8291],[105.9271,22.828],[105.9207,22.8279],[105.918,22.833],[105.9141,22.8314],[105.9113,22.8342],[105.9072,22.8343],[105.9045,22.8278],[105.9052,22.8248],[105.9076,22.8244],[105.9107,22.8179],[105.9124,22.8184],[105.9204,22.8175],[105.9199,22.8139],[105.923,22.8134],[105.9249,22.8078],[105.9318,22.8022],[105.9349,22.8041],[105.9364,22.803],[105.9427,22.8052],[105.9456,22.8014],[105.9527,22.7963],[105.9576,22.7957],[105.9612,22.7978],[105.9619,22.7935],[105.9642,22.7897],[105.9621,22.7875],[105.9639,22.7837],[105.9612,22.7836],[105.959,22.7807],[105.961,22.7775],[105.9632,22.7778],[105.9661,22.7762],[105.972,22.7776],[105.9768,22.7749],[105.9774,22.7711],[105.981,22.7702],[105.9868,22.7645],[105.9826,22.7577],[105.9749,22.7558],[105.9712,22.7541],[105.9728,22.7516],[105.9814,22.751],[105.9839,22.7491],[105.986,22.7495],[105.9978,22.7436],[106,22.7392],[106.0044,22.733],[106.0074,22.734],[106.0151,22.7317],[106.0195,22.7355],[106.0209,22.7338],[106.0257,22.7383],[106.03,22.737],[106.0349,22.7385],[106.0421,22.7475],[106.0448,22.7497],[106.0501,22.7561],[106.0542,22.7582],[106.0583,22.7613],[106.0598,22.764],[106.0557,22.7681],[106.0547,22.7723],[106.0526,22.7744],[106.0461,22.7786],[106.0431,22.7852],[106.0394,22.7865],[106.0391,22.7907],[106.0355,22.7915],[106.0343,22.7956],[106.0362,22.7975],[106.0379,22.8025],[106.0415,22.8092],[106.0436,22.8117],[106.0404,22.8152],[106.0344,22.8163],[106.0327,22.8203],[106.0311,22.8209],[106.0299,22.8244]]]},"properties":{"ma_xa":"01363","ten_xa":"Thông Nông","sap_nhap":"Thông Nông (thị trấn), Đa Thông, Lương Can","tru_so":"đang cập nhật","loai":"Xã","cap":2,"stt":26,"dtich_km2":94.29,"dan_so":9458,"matdo_km2":100.31,"ma_tinh":"04","ten_tinh":"Cao Bằng"}},
{"type":"Feature","geometry":{"type":"Polygon","coordinates":[[[106.1916,22.7034],[106.1855,22.7047],[106.1733,22.7109],[106.1706,22.7108],[106.1648,22.7093],[106.1621,22.7119],[106.1605,22.7119],[106.1547,22.709],[106.1526,22.7046],[106.1531,22.7003],[106.1493,22.6975],[106.1474,22.6992],[106.1425,22.6995],[106.1406,22.6969],[106.1366,22.6955],[106.1325,22.6975],[106.1268,22.6956],[106.1283,22.6918],[106.1315,22.6879],[106.1301,22.6844],[106.1299,22.6807],[106.1283,22.68],[106.1269,22.6758],[106.1316,22.6761],[106.1435,22.6715],[106.1428,22.6668],[106.1452,22.662],[106.1457,22.6557],[106.1507,22.6578],[106.1525,22.6599],[106.1566,22.6607],[106.1587,22.6585],[106.1637,22.6589],[106.1664,22.6535],[106.1663,22.6499],[106.1731,22.6556],[106.1782,22.6588],[106.1811,22.6596],[106.185,22.6582],[106.1916,22.6607],[106.1938,22.6642],[106.1983,22.6642],[106.1996,22.6616],[106.2024,22.659],[106.209,22.647],[106.2111,22.6458],[106.2163,22.6402],[106.2209,22.6437],[106.2219,22.6477],[106.2268,22.648],[106.2298,22.649],[106.2335,22.6536],[106.2363,22.6543],[106.2384,22.6589],[106.2422,22.662],[106.2466,22.6622],[106.2506,22.6643],[106.2515,22.6626],[106.2546,22.6636],[106.2583,22.6597],[106.2606,22.6604],[106.2626,22.6662],[106.261,22.6696],[106.2575,22.6729],[106.2532,22.6728],[106.2449,22.6752],[106.2504,22.6789],[106.247,22.6803],[106.2417,22.6784],[106.2385,22.6809],[106.2351,22.6817],[106.2338,22.6835],[106.2345,22.6882],[106.232,22.6905],[106.2282,22.6882],[106.2242,22.6887],[106.2221,22.6944],[106.216,22.6964],[106.206,22.696],[106.2027,22.694],[106.1992,22.6962],[106.1974,22.6983],[106.1929,22.6998],[106.1916,22.7034]]]},"properties":{"ma_xa":"01273","ten_xa":"Thục Phán","sap_nhap":"Sông Hiến, Đề Thám, Hợp Giang, Hưng Đạo (thành phố Cao Bằng), Hoàng Tung","tru_so":"đang cập nhật","loai":"Phường","cap":2,"stt":1,"dtich_km2":55.44,"dan_so":41157,"matdo_km2":742.37,"ma_tinh":"04","ten_tinh":"Cao Bằng"}},
{"type":"Feature","geometry":{"type":"Polygon","coordinates":[[[105.9502,22.7026],[105.9507,22.704],[105.9473,22.7072],[105.9479,22.71],[105.9465,22.7169],[105.9411,22.7161],[105.9392,22.7132],[105.9288,22.7139],[105.9253,22.7146],[105.9223,22.7168],[105.9183,22.7176],[105.9152,22.72],[105.9187,22.725],[105.924,22.7269],[105.9249,22.729],[105.9222,22.735],[105.9266,22.7365],[105.9313,22.741],[105.932,22.7444],[105.9336,22.7465],[105.9291,22.7475],[105.9267,22.7503],[105.9211,22.7508],[105.9144,22.7571],[105.9096,22.757],[105.9079,22.7595],[105.9037,22.7559],[105.9017,22.7556],[105.8975,22.7594],[105.8999,22.7615],[105.9003,22.7651],[105.8987,22.7684],[105.8955,22.7666],[105.8947,22.7617],[105.8901,22.7614],[105.8943,22.7541],[105.8918,22.7496],[105.8852,22.7503],[105.8858,22.748],[105.8843,22.7454],[105.8807,22.7438],[105.881,22.7414],[105.8836,22.7412],[105.8844,22.7381],[105.8864,22.738],[105.8875,22.7343],[105.886,22.7331],[105.8861,22.7291],[105.8838,22.7259],[105.8847,22.7219],[105.8787,22.7218],[105.8793,22.7189],[105.8773,22.7157],[105.8756,22.7163],[105.8734,22.7131],[105.8689,22.7101],[105.8717,22.7082],[105.8699,22.7064],[105.8679,22.7015],[105.8666,22.7008],[105.8604,22.701],[105.8574,22.6982],[105.8523,22.697],[105.8465,22.6918],[105.8436,22.6837],[105.8389,22.6831],[105.839,22.6792],[105.8427,22.6757],[105.8403,22.6699],[105.8407,22.6662],[105.8429,22.6623],[105.8431,22.6601],[105.8397,22.6559],[105.8388,22.6533],[105.8402,22.6511],[105.8398,22.6483],[105.8427,22.645],[105.8458,22.6451],[105.8463,22.6426],[105.8488,22.6408],[105.8501,22.6381],[105.8535,22.6358],[105.8544,22.6304],[105.8577,22.6262],[105.8617,22.6243],[105.867,22.6238],[105.8681,22.6278],[105.8734,22.6294],[105.8753,22.6319],[105.8809,22.6357],[105.8899,22.6346],[105.8951,22.6355],[105.8983,22.6344],[105.9045,22.6275],[105.9117,22.6263],[105.9123,22.6281],[105.9103,22.639],[105.91,22.6443],[105.9078,22.6473],[105.9108,22.6514],[105.9105,22.6565],[105.9113,22.6595],[105.9069,22.6642],[105.9069,22.6668],[105.9112,22.6716],[105.9127,22.6751],[105.912,22.6766],[105.9134,22.6806],[105.916,22.6817],[105.9175,22.6861],[105.9208,22.6893],[105.9251,22.6897],[105.932,22.6932],[105.932,22.6945],[105.9354,22.7],[105.9389,22.703],[105.9424,22.7047],[105.9476,22.7052],[105.9502,22.7026]]]},"properties":{"ma_xa":"01729","ten_xa":"Tĩnh Túc","sap_nhap":"Tĩnh Túc (thị trấn), Triệu Nguyên, Vũ Nông","tru_so":"đang cập nhật","loai":"Xã","cap":2,"stt":20,"dtich_km2":86.79,"dan_so":5850,"matdo_km2":67.4,"ma_tinh":"04","ten_tinh":"Cao Bằng"}},
{"type":"Feature","geometry":{"type":"Polygon","coordinates":[[[106.2498,22.8929],[106.2494,22.8942],[106.2562,22.8975],[106.2592,22.897],[106.2592,22.8999],[106.2623,22.9025],[106.2614,22.9054],[106.2642,22.9084],[106.2647,22.9106],[106.2627,22.9153],[106.2591,22.9204],[106.2555,22.9225],[106.2523,22.9225],[106.2502,22.9258],[106.2485,22.9266],[106.2478,22.931],[106.2438,22.9348],[106.2411,22.9361],[106.2407,22.9385],[106.2423,22.941],[106.2394,22.9428],[106.2343,22.9431],[106.2338,22.9443],[106.2365,22.9482],[106.2355,22.9501],[106.2374,22.9518],[106.2359,22.9541],[106.2303,22.9576],[106.2238,22.9588],[106.224,22.965],[106.2198,22.9643],[106.2173,22.9676],[106.2158,22.9712],[106.2118,22.9708],[106.2111,22.9737],[106.2081,22.9758],[106.206,22.9791],[106.2065,22.9805],[106.202,22.9839],[106.2007,22.9867],[106.1981,22.9849],[106.1921,22.9853],[106.1898,22.9882],[106.1847,22.9893],[106.1838,22.9863],[106.1792,22.9839],[106.176,22.9851],[106.1735,22.9835],[106.1653,22.9856],[106.1628,22.9878],[106.1596,22.9888],[106.1564,22.9886],[106.1553,22.9912],[106.1528,22.9925],[106.1469,22.9939],[106.1457,22.9961],[106.1403,22.9951],[106.135,22.9969],[106.1317,22.9919],[106.1242,22.9883],[106.1251,22.9861],[106.1283,22.9859],[106.1306,22.9847],[106.1313,22.9808],[106.1297,22.9788],[106.1313,22.9733],[106.1273,22.9705],[106.1227,22.9695],[106.1206,22.9676],[106.1168,22.966],[106.1161,22.9628],[106.1142,22.9615],[106.1183,22.9543],[106.1206,22.9545],[106.1226,22.9593],[106.1258,22.9587],[106.128,22.9597],[106.1308,22.9588],[106.1294,22.9566],[106.1243,22.9534],[106.1252,22.9508],[106.1243,22.9476],[106.1201,22.9465],[106.1219,22.9388],[106.1281,22.9356],[106.137,22.9384],[106.1413,22.9373],[106.1477,22.9343],[106.154,22.9355],[106.1551,22.9368],[106.1594,22.9354],[106.1612,22.9313],[106.1654,22.9283],[106.1622,22.9255],[106.1634,22.9175],[106.1671,22.9168],[106.1701,22.9178],[106.1711,22.9153],[106.1749,22.9138],[106.1783,22.9112],[106.1795,22.9051],[106.1834,22.9048],[106.1868,22.9027],[106.1923,22.9008],[106.1925,22.8994],[106.1961,22.8966],[106.2018,22.8948],[106.21,22.8971],[106.2113,22.8965],[106.2109,22.8917],[106.2123,22.8896],[106.2152,22.891],[106.219,22.8912],[106.2231,22.8884],[106.2254,22.8853],[106.2283,22.885],[106.2314,22.8868],[106.2282,22.8899],[106.237,22.8904],[106.2385,22.8917],[106.2463,22.8911],[106.2498,22.8929]]]},"properties":{"ma_xa":"01414","ten_xa":"Tổng Cọt","sap_nhap":"Nội Thôn, Cải Viên, Tổng Cọt","tru_so":"đang cập nhật","loai":"Xã","cap":2,"stt":30,"dtich_km2":100.48,"dan_so":6854,"matdo_km2":68.21,"ma_tinh":"04","ten_tinh":"Cao Bằng"}},
{"type":"Feature","geometry":{"type":"Polygon","coordinates":[[[106.3446,22.8572],[106.3444,22.859],[106.3396,22.8637],[106.3354,22.8653],[106.3329,22.8686],[106.3308,22.8697],[106.3293,22.8723],[106.326,22.8745],[106.3239,22.8731],[106.3219,22.8678],[106.3205,22.8686],[106.3172,22.8659],[106.3148,22.8668],[106.3103,22.8641],[106.3086,22.8651],[106.3044,22.8708],[106.2996,22.874],[106.2961,22.874],[106.2944,22.8755],[106.2911,22.8755],[106.2914,22.8712],[106.2884,22.8684],[106.2934,22.8696],[106.2964,22.8692],[106.3014,22.8672],[106.3072,22.8625],[106.3055,22.8606],[106.3076,22.859],[106.3102,22.8599],[106.3157,22.8526],[106.3176,22.8489],[106.3181,22.8456],[106.3206,22.8434],[106.3237,22.8379],[106.3217,22.8364],[106.3225,22.8335],[106.319,22.8339],[106.3181,22.8307],[106.3181,22.8257],[106.3193,22.823],[106.3151,22.8212],[106.3169,22.8154],[106.3132,22.8131],[106.3101,22.8081],[106.3056,22.8083],[106.3038,22.8094],[106.2968,22.8105],[106.3003,22.8029],[106.3015,22.798],[106.3014,22.7943],[106.3038,22.7924],[106.3013,22.7878],[106.2975,22.7873],[106.3006,22.783],[106.2965,22.7776],[106.2913,22.7757],[106.2856,22.7751],[106.2854,22.7721],[106.2824,22.7694],[106.2822,22.7647],[106.2862,22.7599],[106.2865,22.7581],[106.2907,22.7545],[106.2942,22.7535],[106.2968,22.7508],[106.3007,22.7482],[106.3092,22.746],[106.3121,22.7428],[106.3158,22.7425],[106.3175,22.7402],[106.3196,22.7402],[106.3198,22.7375],[106.3219,22.7351],[106.3278,22.7334],[106.3295,22.7309],[106.3329,22.7291],[106.3327,22.7267],[106.335,22.7232],[106.3357,22.7202],[106.3336,22.7187],[106.3363,22.7149],[106.3412,22.7103],[106.3438,22.7012],[106.3469,22.7002],[106.3486,22.6988],[106.3541,22.6965],[106.3538,22.7021],[106.352,22.7032],[106.3521,22.7063],[106.3505,22.7097],[106.3508,22.7124],[106.3547,22.7132],[106.3571,22.7167],[106.3589,22.723],[106.3573,22.7267],[106.3535,22.726],[106.355,22.7299],[106.353,22.7326],[106.353,22.7384],[106.3546,22.7429],[106.3596,22.7427],[106.3631,22.7461],[106.363,22.7511],[106.3619,22.7528],[106.3582,22.7624],[106.3561,22.7664],[106.3547,22.7712],[106.3561,22.774],[106.3571,22.7798],[106.3595,22.7817],[106.3589,22.7839],[106.3619,22.785],[106.36,22.7891],[106.3557,22.7899],[106.3508,22.793],[106.3492,22.7984],[106.3511,22.8046],[106.3476,22.8064],[106.3479,22.8092],[106.3463,22.8151],[106.3466,22.8182],[106.3445,22.8207],[106.3445,22.8241],[106.3466,22.8268],[106.3447,22.8305],[106.3418,22.8332],[106.3422,22.8372],[106.3395,22.8413],[106.3379,22.847],[106.3376,22.8513],[106.3358,22.8525],[106.3369,22.8556],[106.3401,22.8553],[106.3446,22.8572]]]},"properties":{"ma_xa":"01447","ten_xa":"Trà Lĩnh","sap_nhap":"Trà Lĩnh (thị trấn), Cao Chương, Quốc Toản","tru_so":"đang cập nhật","loai":"Xã","cap":2,"stt":47,"dtich_km2":74.97,"dan_so":10805,"matdo_km2":144.12,"ma_tinh":"04","ten_tinh":"Cao Bằng"}},
{"type":"Feature","geometry":{"type":"Polygon","coordinates":[[[106.4857,22.9023],[106.4839,22.9041],[106.4808,22.9044],[106.4788,22.9092],[106.4743,22.9106],[106.4713,22.9055],[106.472,22.9015],[106.4699,22.9006],[106.4676,22.9019],[106.4642,22.9015],[106.4648,22.8977],[106.4611,22.8959],[106.4583,22.8998],[106.4553,22.9018],[106.4539,22.9042],[106.4471,22.9035],[106.447,22.9007],[106.4439,22.8976],[106.4448,22.8959],[106.4435,22.8927],[106.4378,22.889],[106.4328,22.8823],[106.4289,22.8872],[106.4274,22.8903],[106.4225,22.8927],[106.4192,22.8932],[106.412,22.8889],[106.4113,22.8844],[106.4154,22.8805],[106.416,22.8763],[106.4217,22.8747],[106.4232,22.871],[106.427,22.8707],[106.4296,22.8642],[106.429,22.8629],[106.4333,22.8584],[106.4314,22.8547],[106.4333,22.8518],[106.4333,22.8489],[106.4361,22.8472],[106.4382,22.8431],[106.4395,22.8429],[106.4458,22.838],[106.4454,22.834],[106.4494,22.832],[106.4515,22.8288],[106.4515,22.8263],[106.454,22.825],[106.462,22.8236],[106.4658,22.8245],[106.4696,22.8232],[106.4697,22.8175],[106.4686,22.8147],[106.4697,22.8126],[106.4689,22.8096],[106.4721,22.8084],[106.473,22.8053],[106.4767,22.8054],[106.4776,22.8029],[106.4828,22.7988],[106.4816,22.7962],[106.4832,22.7924],[106.483,22.7883],[106.485,22.7848],[106.4891,22.7846],[106.4893,22.7878],[106.4945,22.7869],[106.4995,22.7842],[106.5009,22.7816],[106.5038,22.7792],[106.5089,22.7779],[106.5129,22.7745],[106.5135,22.7723],[106.5164,22.7716],[106.5207,22.7746],[106.5268,22.7711],[106.5304,22.77],[106.5342,22.7673],[106.5391,22.7685],[106.5415,22.7667],[106.5434,22.7671],[106.5447,22.7706],[106.5438,22.7731],[106.5401,22.775],[106.5412,22.7771],[106.5441,22.7788],[106.5454,22.7837],[106.5444,22.7883],[106.548,22.7914],[106.5458,22.7943],[106.5407,22.7935],[106.5385,22.7953],[106.5375,22.7983],[106.5394,22.8012],[106.5392,22.8035],[106.5443,22.8044],[106.5504,22.8067],[106.5551,22.8095],[106.5566,22.8114],[106.5623,22.8131],[106.5628,22.8185],[106.5625,22.8272],[106.5603,22.8299],[106.56,22.8407],[106.5662,22.8467],[106.5687,22.8477],[106.5666,22.8512],[106.5663,22.8567],[106.5616,22.857],[106.5573,22.8552],[106.5511,22.8589],[106.5526,22.8635],[106.5464,22.8671],[106.5415,22.8668],[106.5421,22.8634],[106.5396,22.861],[106.5363,22.8619],[106.5334,22.8609],[106.5328,22.863],[106.5277,22.8682],[106.5239,22.8694],[106.5233,22.8675],[106.5197,22.8672],[106.5184,22.8707],[106.5157,22.8726],[106.5133,22.8757],[106.5115,22.8741],[106.5043,22.8727],[106.5028,22.8715],[106.4998,22.8721],[106.4985,22.874],[106.499,22.8779],[106.4982,22.8801],[106.4937,22.8792],[106.4902,22.8825],[106.4898,22.8861],[106.4882,22.8889],[106.4911,22.8901],[106.4917,22.892],[106.4877,22.8996],[106.4857,22.9023]]]},"properties":{"ma_xa":"01477","ten_xa":"Trùng Khánh","sap_nhap":"Trùng Khánh (thị trấn), Đức Hồng, Lăng Hiếu, Khâm Thành","tru_so":"đang cập nhật","loai":"Xã","cap":2,"stt":50,"dtich_km2":125.5,"dan_so":17849,"matdo_km2":142.22,"ma_tinh":"04","ten_tinh":"Cao Bằng"}},
{"type":"Feature","geometry":{"type":"Polygon","coordinates":[[[106.0583,22.9921],[106.0559,22.9908],[106.0542,22.9937],[106.0499,22.9942],[106.0479,22.9911],[106.0455,22.9921],[106.0431,22.9898],[106.0404,22.9906],[106.0389,22.994],[106.0356,22.9939],[106.0317,22.9917],[106.0284,22.9942],[106.0256,22.9924],[106.0226,22.9927],[106.0184,22.9911],[106.0123,22.9932],[106.0092,22.992],[106.0065,22.9928],[106.0007,22.9918],[106.0021,22.9842],[106.0013,22.9813],[106.0036,22.9806],[106.0068,22.9767],[106.0064,22.9707],[106.0085,22.9691],[106.0064,22.9652],[106.0056,22.9612],[106.0049,22.9535],[106.0016,22.9502],[106.0023,22.9475],[105.9991,22.9446],[105.9979,22.941],[105.9947,22.9424],[105.9936,22.9399],[105.9883,22.9409],[105.9845,22.9425],[105.9818,22.9465],[105.9745,22.9487],[105.9686,22.9492],[105.962,22.9508],[105.9568,22.9513],[105.9557,22.9404],[105.9581,22.9353],[105.9561,22.9332],[105.9536,22.9282],[105.9568,22.9193],[105.9649,22.9205],[105.9684,22.9228],[105.9719,22.9227],[105.9726,22.9194],[105.9757,22.915],[105.9742,22.9119],[105.9751,22.9066],[105.9771,22.9027],[105.9769,22.8991],[105.9822,22.8982],[105.9842,22.8956],[105.9836,22.8888],[105.9872,22.8864],[105.9862,22.8846],[105.9873,22.8817],[105.99,22.8815],[105.9918,22.8767],[105.9937,22.8753],[105.9971,22.8759],[105.9983,22.8733],[105.998,22.8701],[106.0025,22.8671],[106.0039,22.8635],[106.0023,22.8625],[106.0046,22.8575],[106.0053,22.8538],[106.0043,22.851],[106.0054,22.8483],[106.0042,22.8448],[106.0046,22.8426],[106.0035,22.8391],[106.0062,22.8387],[106.0132,22.833],[106.0154,22.8302],[106.0171,22.8305],[106.0242,22.8261],[106.0299,22.8244],[106.0309,22.834],[106.0354,22.8362],[106.0412,22.8425],[106.0434,22.8471],[106.0483,22.8474],[106.0503,22.8496],[106.0481,22.8521],[106.0502,22.8535],[106.0508,22.8566],[106.0524,22.858],[106.0535,22.862],[106.0565,22.8625],[106.056,22.8598],[106.0598,22.8569],[106.0635,22.86],[106.0727,22.8585],[106.0755,22.8566],[106.0778,22.8592],[106.0787,22.8623],[106.0834,22.8656],[106.0886,22.8648],[106.0911,22.8681],[106.0895,22.8723],[106.0918,22.874],[106.0959,22.8744],[106.0989,22.8737],[106.1011,22.8716],[106.1056,22.8707],[106.1074,22.879],[106.1048,22.8793],[106.1033,22.8826],[106.0992,22.8873],[106.0978,22.8957],[106.0929,22.8971],[106.0895,22.9018],[106.0882,22.9103],[106.0857,22.9133],[106.0825,22.9133],[106.0786,22.9123],[106.0777,22.9089],[106.076,22.908],[106.0703,22.9074],[106.0658,22.9102],[106.0654,22.9127],[106.0626,22.9152],[106.0589,22.9156],[106.0596,22.9201],[106.061,22.9224],[106.0595,22.9245],[106.0616,22.9294],[106.0549,22.9302],[106.0575,22.9374],[106.0512,22.9451],[106.0505,22.9478],[106.0516,22.9517],[106.0503,22.9561],[106.0541,22.9556],[106.0563,22.9566],[106.0603,22.9605],[106.0594,22.9617],[106.0601,22.966],[106.0594,22.9689],[106.0677,22.9692],[106.0701,22.9705],[106.0739,22.9744],[106.0733,22.9801],[106.0721,22.9818],[106.0674,22.9815],[106.0635,22.9823],[106.0611,22.9871],[106.0582,22.99],[106.0583,22.9921]]]},"properties":{"ma_xa":"01392","ten_xa":"Trường Hà","sap_nhap":"Xuân Hòa (thị trấn), Quý Quân, Sóc Hà, Trường Hà","tru_so":"đang cập nhật","loai":"Xã","cap":2,"stt":27,"dtich_km2":143.3,"dan_so":12736,"matdo_km2":88.88,"ma_tinh":"04","ten_tinh":"Cao Bằng"}},
{"type":"Feature","geometry":{"type":"Polygon","coordinates":[[[106.6017,22.7724],[106.5967,22.772],[106.5934,22.7737],[106.5844,22.7654],[106.5822,22.7657],[106.5779,22.762],[106.5784,22.7578],[106.5823,22.7542],[106.5792,22.7495],[106.5729,22.7471],[106.5682,22.7422],[106.5676,22.7397],[106.5654,22.7387],[106.5628,22.7406],[106.5577,22.7395],[106.5577,22.7336],[106.5562,22.7316],[106.5593,22.728],[106.5584,22.7262],[106.5539,22.7226],[106.5549,22.7197],[106.5548,22.7162],[106.5529,22.7129],[106.5519,22.7075],[106.5543,22.7066],[106.5596,22.7075],[106.5649,22.7048],[106.5684,22.7047],[106.5693,22.7031],[106.5685,22.6995],[106.5738,22.6982],[106.5757,22.6949],[106.5747,22.6865],[106.5723,22.6825],[106.5748,22.678],[106.5784,22.6751],[106.5864,22.672],[106.5895,22.6719],[106.5909,22.6694],[106.6002,22.666],[106.6032,22.6664],[106.6049,22.6641],[106.6051,22.6595],[106.6082,22.656],[106.6015,22.6544],[106.5995,22.6521],[106.5975,22.6478],[106.5934,22.6445],[106.5881,22.6431],[106.5862,22.6433],[106.5832,22.6406],[106.588,22.6352],[106.5875,22.6321],[106.5839,22.6304],[106.5837,22.628],[106.5902,22.6256],[106.5943,22.6222],[106.5941,22.6196],[106.5909,22.6145],[106.5894,22.6139],[106.5868,22.6082],[106.5888,22.6058],[106.5923,22.6062],[106.5957,22.6012],[106.6015,22.6011],[106.6065,22.6025],[106.609,22.6024],[106.6118,22.6041],[106.6168,22.6042],[106.6216,22.6053],[106.6253,22.6047],[106.6307,22.6052],[106.6327,22.6037],[106.634,22.6004],[106.6324,22.5975],[106.634,22.5943],[106.634,22.5914],[106.6367,22.5908],[106.6388,22.5888],[106.6401,22.5853],[106.6439,22.5848],[106.6473,22.5813],[106.6478,22.5774],[106.6534,22.5759],[106.6561,22.5768],[106.6559,22.5814],[106.6574,22.5844],[106.6561,22.5865],[106.6521,22.5882],[106.6538,22.5916],[106.653,22.5947],[106.6537,22.5984],[106.6528,22.6043],[106.6517,22.6079],[106.6541,22.6096],[106.65,22.6113],[106.6457,22.6165],[106.6485,22.62],[106.6461,22.6227],[106.6457,22.6254],[106.6506,22.624],[106.6529,22.6254],[106.6568,22.625],[106.6629,22.6274],[106.6609,22.629],[106.6613,22.632],[106.6662,22.6311],[106.6754,22.6331],[106.6786,22.6321],[106.6801,22.6333],[106.6845,22.6322],[106.6869,22.6335],[106.6862,22.6377],[106.6878,22.6384],[106.688,22.6427],[106.694,22.6451],[106.6993,22.6507],[106.6989,22.6542],[106.6938,22.657],[106.6896,22.657],[106.6863,22.656],[106.6843,22.6573],[106.6848,22.661],[106.6811,22.66],[106.6794,22.664],[106.6797,22.6675],[106.678,22.6701],[106.6749,22.6684],[106.6683,22.6683],[106.6605,22.6668],[106.6564,22.6677],[106.6526,22.6716],[106.6568,22.6748],[106.66,22.676],[106.6607,22.6778],[106.6562,22.6846],[106.6597,22.6884],[106.6527,22.6895],[106.6481,22.693],[106.6466,22.6957],[106.6465,22.7004],[106.6449,22.702],[106.6452,22.7085],[106.6481,22.7141],[106.6516,22.7157],[106.6465,22.7177],[106.6453,22.7215],[106.6463,22.726],[106.6426,22.728],[106.642,22.7297],[106.6366,22.7306],[106.635,22.7328],[106.6352,22.7362],[106.6321,22.738],[106.6303,22.7415],[106.6266,22.7432],[106.6227,22.7462],[106.6223,22.7498],[106.6189,22.753],[106.6191,22.7558],[106.6158,22.7575],[106.6142,22.7597],[106.6111,22.7595],[106.6073,22.7624],[106.6074,22.7657],[106.6041,22.7669],[106.6017,22.7724]]]},"properties":{"ma_xa":"01561","ten_xa":"Vinh Quý","sap_nhap":"Cô Ngân, An Lạc, Kim Loan, Vinh Quý","tru_so":"đang cập nhật","loai":"Xã","cap":2,"stt":55,"dtich_km2":143.05,"dan_so":6920,"matdo_km2":48.37,"ma_tinh":"04","ten_tinh":"Cao Bằng"}},
{"type":"Feature","geometry":{"type":"Polygon","coordinates":[[[105.87,22.9262],[105.8721,22.9334],[105.8701,22.9346],[105.8673,22.939],[105.8649,22.9404],[105.8597,22.9413],[105.8535,22.9452],[105.8532,22.9488],[105.8548,22.9497],[105.8519,22.9536],[105.8461,22.9571],[105.847,22.9614],[105.851,22.9602],[105.8513,22.9651],[105.8538,22.9655],[105.8555,22.9682],[105.855,22.97],[105.8516,22.9728],[105.8449,22.9695],[105.842,22.9694],[105.8385,22.9711],[105.8383,22.9733],[105.8432,22.9751],[105.8432,22.978],[105.8378,22.9808],[105.8375,22.9842],[105.8315,22.981],[105.8247,22.9799],[105.8189,22.9813],[105.8157,22.981],[105.8127,22.9783],[105.8141,22.9773],[105.8155,22.9719],[105.8129,22.9697],[105.8146,22.9667],[105.8193,22.9622],[105.8198,22.9585],[105.8163,22.9556],[105.811,22.9563],[105.8091,22.954],[105.8119,22.9485],[105.8078,22.9453],[105.7988,22.9436],[105.7964,22.9445],[105.7884,22.9305],[105.7831,22.9303],[105.7801,22.9278],[105.7738,22.9264],[105.7714,22.9248],[105.7669,22.9246],[105.767,22.9227],[105.7717,22.9179],[105.7685,22.9163],[105.7677,22.9147],[105.7737,22.9028],[105.7748,22.8941],[105.7777,22.8928],[105.7809,22.8897],[105.7807,22.8865],[105.7839,22.8854],[105.7841,22.882],[105.7868,22.8811],[105.7889,22.8775],[105.7931,22.8744],[105.7971,22.8732],[105.8001,22.8712],[105.8005,22.8695],[105.8045,22.8701],[105.8084,22.8691],[105.8101,22.8645],[105.8062,22.8622],[105.8017,22.8584],[105.8037,22.8562],[105.8009,22.8536],[105.7983,22.8536],[105.7956,22.8511],[105.7966,22.848],[105.7985,22.8475],[105.8006,22.8444],[105.8062,22.8389],[105.8067,22.8367],[105.8056,22.8314],[105.8106,22.8276],[105.8127,22.8273],[105.819,22.8286],[105.8196,22.8237],[105.8205,22.8226],[105.8186,22.8194],[105.8227,22.8186],[105.8225,22.8154],[105.824,22.8108],[105.8268,22.8087],[105.8302,22.81],[105.8328,22.8081],[105.8353,22.8078],[105.8372,22.811],[105.8411,22.8072],[105.8443,22.8069],[105.8456,22.8039],[105.8488,22.8043],[105.8505,22.8059],[105.8535,22.8043],[105.8569,22.8056],[105.8578,22.809],[105.8605,22.8128],[105.8652,22.8097],[105.8713,22.8146],[105.8789,22.8139],[105.881,22.8154],[105.876,22.8174],[105.8768,22.8197],[105.8734,22.8222],[105.8724,22.8261],[105.8703,22.8271],[105.8715,22.8339],[105.8745,22.835],[105.8776,22.8388],[105.8742,22.8415],[105.8683,22.8432],[105.8665,22.845],[105.8644,22.8496],[105.8644,22.8535],[105.8618,22.8547],[105.8609,22.859],[105.8613,22.8653],[105.8604,22.868],[105.8631,22.8693],[105.8675,22.8732],[105.866,22.8755],[105.8662,22.8785],[105.8629,22.8817],[105.8602,22.8902],[105.856,22.8958],[105.8553,22.8987],[105.8518,22.9009],[105.851,22.9038],[105.8489,22.9057],[105.8464,22.9112],[105.8475,22.9136],[105.8437,22.9147],[105.8422,22.9182],[105.845,22.919],[105.8476,22.9246],[105.85,22.9205],[105.8605,22.9199],[105.8635,22.9214],[105.8652,22.9237],[105.87,22.9262]]]},"properties":{"ma_xa":"01339","ten_xa":"Xuân Trường","sap_nhap":"Hồng An, Xuân Trường","tru_so":"đang cập nhật","loai":"Xã","cap":2,"stt":15,"dtich_km2":122.92,"dan_so":5669,"matdo_km2":46.12,"ma_tinh":"04","ten_tinh":"Cao Bằng"}},
{"type":"Feature","geometry":{"type":"Polygon","coordinates":[[[105.6357,22.789],[105.6302,22.7898],[105.6256,22.7841],[105.6215,22.7823],[105.6185,22.78],[105.6148,22.7811],[105.6111,22.7776],[105.6107,22.7742],[105.6091,22.7724],[105.6047,22.7713],[105.6004,22.7694],[105.5986,22.7678],[105.5929,22.7678],[105.5904,22.7695],[105.5839,22.772],[105.5808,22.772],[105.5756,22.7703],[105.576,22.7677],[105.5722,22.7649],[105.572,22.7625],[105.5682,22.7605],[105.564,22.7593],[105.5576,22.7596],[105.553,22.7644],[105.5458,22.767],[105.5423,22.7698],[105.5424,22.7715],[105.5355,22.7732],[105.5319,22.7719],[105.5266,22.7725],[105.5189,22.7748],[105.5179,22.7769],[105.5128,22.7818],[105.5035,22.7869],[105.4993,22.7873],[105.4984,22.7905],[105.4753,22.7777],[105.4719,22.7755],[105.4675,22.7745],[105.4651,22.7728],[105.4609,22.7734],[105.4572,22.7722],[105.4533,22.7694],[105.4476,22.7689],[105.4473,22.7688],[105.448,22.7629],[105.4494,22.7595],[105.4591,22.7584],[105.4639,22.7556],[105.4677,22.7561],[105.4704,22.7552],[105.4687,22.7495],[105.4737,22.7457],[105.4786,22.738],[105.477,22.7356],[105.4768,22.7326],[105.4751,22.7282],[105.4766,22.7242],[105.4753,22.7232],[105.4753,22.7189],[105.4799,22.7146],[105.4821,22.7094],[105.4845,22.7079],[105.4893,22.7084],[105.4917,22.7072],[105.4958,22.7031],[105.4986,22.7023],[105.5017,22.6992],[105.5032,22.695],[105.5006,22.6931],[105.4965,22.6923],[105.4945,22.691],[105.493,22.687],[105.494,22.6843],[105.4922,22.6818],[105.4927,22.6763],[105.4906,22.6701],[105.4951,22.6653],[105.4957,22.6606],[105.4976,22.6552],[105.5038,22.6506],[105.5063,22.646],[105.5097,22.6415],[105.5131,22.6388],[105.5139,22.6366],[105.5166,22.6364],[105.5196,22.6348],[105.5246,22.634],[105.5268,22.6349],[105.5312,22.6333],[105.5393,22.6339],[105.5412,22.6401],[105.5411,22.6495],[105.5449,22.6539],[105.5491,22.657],[105.5575,22.6574],[105.5577,22.6588],[105.5624,22.6603],[105.5629,22.6629],[105.5681,22.6652],[105.5735,22.6654],[105.5756,22.6642],[105.5792,22.6679],[105.5823,22.6694],[105.5812,22.6753],[105.5829,22.6801],[105.5795,22.6858],[105.5775,22.693],[105.5751,22.6945],[105.5718,22.7011],[105.5754,22.7061],[105.5811,22.7095],[105.5805,22.7114],[105.5851,22.7201],[105.5842,22.7213],[105.585,22.7255],[105.5862,22.7266],[105.591,22.7279],[105.5918,22.7331],[105.5895,22.7364],[105.5958,22.746],[105.6006,22.7446],[105.6042,22.7424],[105.6102,22.7402],[105.6131,22.7423],[105.6174,22.7469],[105.6192,22.7474],[105.6226,22.7513],[105.6269,22.7504],[105.6316,22.748],[105.6343,22.7448],[105.6396,22.748],[105.6382,22.7527],[105.6402,22.7556],[105.6403,22.7609],[105.6432,22.7618],[105.6439,22.7655],[105.6465,22.7679],[105.6441,22.7733],[105.6417,22.7759],[105.641,22.7797],[105.6398,22.7813],[105.6391,22.7868],[105.6357,22.789]]]},"properties":{"ma_xa":"01318","ten_xa":"Yên Thổ","sap_nhap":"Thái Học, Thái Sơn, Yên Thổ","tru_so":"đang cập nhật","loai":"Xã","cap":2,"stt":8,"dtich_km2":167.67,"dan_so":12810,"matdo_km2":76.4,"ma_tinh":"04","ten_tinh":"Cao Bằng"}}
]}