{"type":"FeatureCollection", "features": [
{"type":"Feature","geometry":{"type":"Polygon","coordinates":[[[106.4074,20.7283],[106.4027,20.729],[106.4007,20.7278],[106.3996,20.7248],[106.3976,20.7251],[106.3867,20.7152],[106.3824,20.7129],[106.3828,20.7117],[106.3756,20.711],[106.3702,20.7088],[106.3645,20.7049],[106.3645,20.7009],[106.3705,20.6859],[106.3683,20.6851],[106.3708,20.6824],[106.3701,20.6755],[106.3729,20.6744],[106.3717,20.672],[106.3738,20.6695],[106.3765,20.6681],[106.3781,20.6646],[106.3809,20.6672],[106.3851,20.6691],[106.3905,20.6736],[106.392,20.6762],[106.3975,20.68],[106.399,20.6787],[106.4012,20.6806],[106.4021,20.6831],[106.405,20.6851],[106.4055,20.6874],[106.4014,20.6877],[106.4005,20.6894],[106.4026,20.6938],[106.4069,20.6987],[106.4114,20.7048],[106.414,20.7065],[106.4123,20.7124],[106.416,20.713],[106.4153,20.7182],[106.4088,20.7226],[106.4074,20.7283]]]},"properties":{"ma_xa":"12499","ten_xa":"A Sào","sap_nhap":"An Đồng, An Hiệp, An Thái, An Khê","tru_so":"đang cập nhật","loai":"Xã","cap":2,"stt":70,"dtich_km2":20.46,"dan_so":27967,"matdo_km2":1366.91,"ma_tinh":"33","ten_tinh":"Hưng Yên"}},
{"type":"Feature","geometry":{"type":"Polygon","coordinates":[[[106.5218,20.3915],[106.5199,20.3934],[106.5088,20.398],[106.505,20.402],[106.5036,20.4018],[106.5004,20.3985],[106.4992,20.3994],[106.4963,20.3965],[106.497,20.3948],[106.4933,20.3892],[106.4967,20.388],[106.5015,20.3843],[106.5,20.3787],[106.5042,20.37],[106.5009,20.363],[106.4988,20.364],[106.4967,20.3623],[106.4976,20.3604],[106.4895,20.3557],[106.4942,20.3541],[106.5021,20.3547],[106.5055,20.3554],[106.5074,20.3571],[106.5099,20.3596],[106.5185,20.3637],[106.523,20.3647],[106.5329,20.3651],[106.5416,20.3673],[106.5445,20.3685],[106.5486,20.3717],[106.553,20.3763],[106.5534,20.3806],[106.5478,20.3819],[106.5418,20.3816],[106.5349,20.382],[106.5242,20.3793],[106.5186,20.386],[106.5218,20.3915]]]},"properties":{"ma_xa":"13021","ten_xa":"Ái Quốc","sap_nhap":"Tây Giang, Ái Quốc","tru_so":"đang cập nhật","loai":"Xã","cap":2,"stt":58,"dtich_km2":14.98,"dan_so":16704,"matdo_km2":1115.09,"ma_tinh":"33","ten_tinh":"Hưng Yên"}},
{"type":"Feature","geometry":{"type":"Polygon","coordinates":[[[106.1293,20.8421],[106.1234,20.8472],[106.1261,20.8496],[106.123,20.8517],[106.1215,20.8502],[106.1128,20.8527],[106.1106,20.8547],[106.108,20.855],[106.1061,20.853],[106.102,20.8531],[106.1013,20.8447],[106.1002,20.8417],[106.0972,20.8403],[106.0935,20.8404],[106.088,20.845],[106.0866,20.8438],[106.0815,20.8426],[106.0828,20.8339],[106.0847,20.8328],[106.0792,20.8304],[106.0804,20.8277],[106.078,20.8241],[106.0752,20.8244],[106.0746,20.8193],[106.0773,20.8108],[106.0751,20.8049],[106.0754,20.8026],[106.073,20.8019],[106.072,20.7992],[106.0739,20.8004],[106.083,20.801],[106.0866,20.8004],[106.0885,20.7964],[106.0918,20.7958],[106.1003,20.7963],[106.103,20.7984],[106.1063,20.8048],[106.1085,20.8078],[106.1154,20.806],[106.123,20.8186],[106.1248,20.8235],[106.1238,20.8282],[106.1254,20.8288],[106.1248,20.8321],[106.1289,20.8368],[106.1293,20.8421]]]},"properties":{"ma_xa":"12142","ten_xa":"Ân Thi","sap_nhap":"Ân Thi (thị trấn), Quang Vinh, Hoàng Hoa Thám","tru_so":"đang cập nhật","loai":"Xã","cap":2,"stt":19,"dtich_km2":24.39,"dan_so":30582,"matdo_km2":1253.87,"ma_tinh":"33","ten_tinh":"Hưng Yên"}},
{"type":"Feature","geometry":{"type":"Polygon","coordinates":[[[106.438,20.5666],[106.4355,20.5679],[106.433,20.5717],[106.4322,20.5787],[106.43,20.5792],[106.4253,20.5776],[106.4221,20.5784],[106.4185,20.5816],[106.4175,20.5837],[106.4184,20.5882],[106.4203,20.5907],[106.4189,20.5923],[106.4122,20.5911],[106.408,20.5914],[106.4052,20.593],[106.3974,20.6001],[106.3963,20.6033],[106.3899,20.6009],[106.3868,20.5971],[106.3872,20.5938],[106.3837,20.5909],[106.3814,20.5905],[106.3794,20.5932],[106.3771,20.5947],[106.3761,20.5913],[106.3793,20.5884],[106.3817,20.5889],[106.383,20.5856],[106.3853,20.5843],[106.3862,20.5813],[106.3846,20.5803],[106.3892,20.5775],[106.3861,20.5722],[106.3851,20.5672],[106.3797,20.5615],[106.3786,20.5626],[106.3755,20.5588],[106.3738,20.5583],[106.3744,20.5544],[106.382,20.5585],[106.3879,20.5587],[106.3984,20.5554],[106.407,20.553],[106.4086,20.5532],[106.415,20.5561],[106.4302,20.5569],[106.4339,20.5562],[106.4405,20.5614],[106.4413,20.5639],[106.438,20.5666]]]},"properties":{"ma_xa":"12694","ten_xa":"Bắc Đông Hưng","sap_nhap":"Đông Cường, Đông Xá, Đông Phương","tru_so":"đang cập nhật","loai":"Xã","cap":2,"stt":86,"dtich_km2":20.84,"dan_so":23729,"matdo_km2":1138.63,"ma_tinh":"33","ten_tinh":"Hưng Yên"}},
{"type":"Feature","geometry":{"type":"Polygon","coordinates":[[[106.4339,20.5562],[106.4302,20.5569],[106.415,20.5561],[106.4086,20.5532],[106.407,20.553],[106.3984,20.5554],[106.3879,20.5587],[106.382,20.5585],[106.3744,20.5544],[106.3731,20.5529],[106.372,20.5489],[106.3729,20.5475],[106.3747,20.5378],[106.3772,20.5342],[106.3776,20.5296],[106.3789,20.5274],[106.3742,20.5263],[106.3746,20.5238],[106.3729,20.5217],[106.3743,20.5201],[106.3824,20.5182],[106.3833,20.5135],[106.3898,20.5134],[106.39,20.5154],[106.396,20.5132],[106.3963,20.5157],[106.4029,20.5176],[106.4022,20.5194],[106.4079,20.5204],[106.4085,20.523],[106.4047,20.5327],[106.4055,20.5346],[106.4114,20.5365],[106.4186,20.5407],[106.423,20.5387],[106.4239,20.5395],[106.4294,20.5373],[106.4388,20.5414],[106.4399,20.5424],[106.4338,20.5495],[106.4331,20.5521],[106.4339,20.5562]]]},"properties":{"ma_xa":"12745","ten_xa":"Bắc Đông Quan","sap_nhap":"Hà Giang, Đông Kinh, Đông Vinh","tru_so":"đang cập nhật","loai":"Xã","cap":2,"stt":85,"dtich_km2":20.67,"dan_so":25263,"matdo_km2":1222.21,"ma_tinh":"33","ten_tinh":"Hưng Yên"}},
{"type":"Feature","geometry":{"type":"Polygon","coordinates":[[[106.5238,20.5387],[106.5191,20.5389],[106.5145,20.5429],[106.5081,20.5442],[106.4995,20.5437],[106.4974,20.5424],[106.4958,20.5391],[106.494,20.5334],[106.4888,20.5314],[106.4811,20.5319],[106.4788,20.532],[106.4769,20.5283],[106.4793,20.5257],[106.479,20.5239],[106.4654,20.5175],[106.4667,20.5111],[106.4608,20.5088],[106.4648,20.5031],[106.4684,20.5043],[106.4737,20.501],[106.4761,20.4963],[106.4788,20.488],[106.4791,20.48],[106.4829,20.4791],[106.4883,20.4788],[106.4899,20.4711],[106.4908,20.4701],[106.4959,20.4706],[106.4936,20.4772],[106.4936,20.4796],[106.4968,20.4813],[106.4908,20.4892],[106.4916,20.4911],[106.4898,20.4934],[106.4879,20.4932],[106.4862,20.4955],[106.4876,20.4987],[106.4925,20.4916],[106.4948,20.4898],[106.5,20.4954],[106.4996,20.4975],[106.4927,20.5007],[106.4918,20.5026],[106.4997,20.5023],[106.5014,20.503],[106.5034,20.5091],[106.5098,20.5096],[106.5154,20.5124],[106.5135,20.5181],[106.5164,20.5197],[106.5192,20.5226],[106.5199,20.5342],[106.5229,20.5361],[106.5238,20.5387]]]},"properties":{"ma_xa":"12916","ten_xa":"Bắc Thái Ninh","sap_nhap":"Thái Phúc, Dương Hồng Thủy","tru_so":"đang cập nhật","loai":"Xã","cap":2,"stt":50,"dtich_km2":23.12,"dan_so":17908,"matdo_km2":774.57,"ma_tinh":"33","ten_tinh":"Hưng Yên"}},
{"type":"Feature","geometry":{"type":"Polygon","coordinates":[[[106.5599,20.589],[106.5577,20.5932],[106.561,20.5951],[106.5626,20.5973],[106.5585,20.599],[106.5558,20.6118],[106.5502,20.6112],[106.547,20.6122],[106.5497,20.6202],[106.5414,20.62],[106.5415,20.6125],[106.5398,20.6082],[106.5313,20.6034],[106.5275,20.6024],[106.5192,20.6026],[106.5185,20.6072],[106.5151,20.6118],[106.5101,20.614],[106.5008,20.6155],[106.4963,20.616],[106.4962,20.6143],[106.4985,20.5977],[106.5001,20.5939],[106.5041,20.5935],[106.5064,20.5915],[106.5096,20.595],[106.514,20.594],[106.5149,20.5841],[106.517,20.577],[106.5191,20.5745],[106.5187,20.5723],[106.5274,20.577],[106.5287,20.5759],[106.5335,20.5794],[106.5294,20.5828],[106.5315,20.5878],[106.5343,20.5865],[106.5468,20.591],[106.55,20.5888],[106.5467,20.5864],[106.5458,20.5829],[106.5528,20.5824],[106.5561,20.5871],[106.5587,20.5863],[106.5599,20.589]]]},"properties":{"ma_xa":"12859","ten_xa":"Bắc Thụy Anh","sap_nhap":"Thụy Quỳnh, Thụy Văn, Thụy Việt","tru_so":"đang cập nhật","loai":"Xã","cap":2,"stt":47,"dtich_km2":17.38,"dan_so":19194,"matdo_km2":1104.37,"ma_tinh":"33","ten_tinh":"Hưng Yên"}},
{"type":"Feature","geometry":{"type":"Polygon","coordinates":[[[106.3598,20.5911],[106.3579,20.595],[106.3602,20.5966],[106.3544,20.6015],[106.3534,20.6014],[106.3451,20.5941],[106.3381,20.5909],[106.3363,20.5953],[106.3355,20.6007],[106.3339,20.6027],[106.3363,20.6065],[106.3358,20.6094],[106.3314,20.6094],[106.3269,20.6077],[106.3255,20.6095],[106.3279,20.6136],[106.3261,20.6152],[106.3206,20.6104],[106.3181,20.6131],[106.3146,20.6094],[106.3176,20.607],[106.318,20.6038],[106.3124,20.6014],[106.3147,20.5982],[106.3093,20.5958],[106.3058,20.5928],[106.3015,20.5927],[106.2997,20.5896],[106.2993,20.5856],[106.2977,20.5846],[106.2929,20.5855],[106.2902,20.5831],[106.2861,20.5858],[106.2832,20.584],[106.2815,20.5796],[106.2881,20.5747],[106.2893,20.5724],[106.2836,20.5659],[106.2793,20.5625],[106.2761,20.5579],[106.2767,20.555],[106.2804,20.554],[106.291,20.5471],[106.2929,20.5494],[106.2937,20.5564],[106.2956,20.5636],[106.2966,20.5695],[106.2991,20.5731],[106.3021,20.5679],[106.3029,20.5636],[106.3016,20.5583],[106.3026,20.5572],[106.3079,20.5587],[106.3154,20.5649],[106.318,20.5662],[106.3243,20.5668],[106.3259,20.566],[106.3271,20.5606],[106.3297,20.5602],[106.3376,20.5643],[106.3424,20.5669],[106.3455,20.5708],[106.3449,20.5729],[106.3471,20.5792],[106.3532,20.5821],[106.3555,20.5856],[106.3568,20.5905],[106.3598,20.5911]]]},"properties":{"ma_xa":"12700","ten_xa":"Bắc Tiên Hưng","sap_nhap":"Liên An Đô, Lô Giang, Mê Linh, Phú Lương","tru_so":"đang cập nhật","loai":"Xã","cap":2,"stt":82,"dtich_km2":28.03,"dan_so":40641,"matdo_km2":1449.91,"ma_tinh":"33","ten_tinh":"Hưng Yên"}},
{"type":"Feature","geometry":{"type":"Polygon","coordinates":[[[106.4781,20.3261],[106.4703,20.3299],[106.4698,20.3327],[106.4651,20.3447],[106.4665,20.3502],[106.4642,20.3509],[106.4603,20.3475],[106.4572,20.3485],[106.4544,20.3483],[106.452,20.3464],[106.4454,20.3448],[106.4434,20.3466],[106.442,20.3436],[106.4384,20.3435],[106.4391,20.3404],[106.4382,20.3389],[106.4332,20.3358],[106.4383,20.3332],[106.4391,20.3312],[106.438,20.3282],[106.4417,20.3278],[106.4427,20.3236],[106.4444,20.3227],[106.4404,20.3141],[106.4403,20.3124],[106.4423,20.3089],[106.4356,20.3091],[106.4338,20.3072],[106.4363,20.3038],[106.4384,20.2957],[106.4452,20.2925],[106.4545,20.2899],[106.4611,20.2891],[106.4683,20.2893],[106.4756,20.2909],[106.4815,20.2933],[106.4862,20.2963],[106.492,20.303],[106.484,20.308],[106.4772,20.3081],[106.4753,20.3107],[106.478,20.3207],[106.4781,20.3261]]]},"properties":{"ma_xa":"13186","ten_xa":"Bình Định","sap_nhap":"Hồng Tiến, Nam Bình, Bình Định","tru_so":"đang cập nhật","loai":"Xã","cap":2,"stt":95,"dtich_km2":24.47,"dan_so":22133,"matdo_km2":904.5,"ma_tinh":"33","ten_tinh":"Hưng Yên"}},
{"type":"Feature","geometry":{"type":"Polygon","coordinates":[[[106.4434,20.4593],[106.4356,20.4647],[106.4294,20.4648],[106.4205,20.4675],[106.4187,20.4686],[106.4199,20.4741],[106.4228,20.4754],[106.4223,20.4799],[106.4256,20.4804],[106.426,20.4839],[106.4273,20.4854],[106.433,20.4864],[106.4406,20.4894],[106.4383,20.494],[106.4357,20.4941],[106.4333,20.4931],[106.4288,20.4892],[106.4248,20.4866],[106.4198,20.4848],[106.4125,20.4833],[106.4057,20.4826],[106.4054,20.4783],[106.4029,20.4746],[106.4041,20.4707],[106.4087,20.4665],[106.4051,20.464],[106.4053,20.4621],[106.4035,20.4595],[106.4076,20.4597],[106.4122,20.4611],[106.4142,20.4577],[106.414,20.4515],[106.4144,20.4444],[106.4119,20.4361],[106.4148,20.4351],[106.4162,20.4325],[106.4156,20.4305],[106.4214,20.4286],[106.4256,20.4249],[106.4247,20.424],[106.4286,20.4215],[106.4309,20.4223],[106.4328,20.4245],[106.4368,20.4218],[106.4387,20.4223],[106.439,20.4269],[106.4385,20.4309],[106.44,20.4345],[106.4426,20.435],[106.4439,20.4397],[106.4394,20.4404],[106.4396,20.4454],[106.4441,20.45],[106.4439,20.453],[106.4419,20.4535],[106.4434,20.4593]]]},"properties":{"ma_xa":"13096","ten_xa":"Bình Nguyên","sap_nhap":"Thanh Tân, An Bình, Bình Nguyên","tru_so":"đang cập nhật","loai":"Xã","cap":2,"stt":97,"dtich_km2":17.21,"dan_so":19268,"matdo_km2":1119.58,"ma_tinh":"33","ten_tinh":"Hưng Yên"}},
{"type":"Feature","geometry":{"type":"Polygon","coordinates":[[[106.4544,20.3483],[106.4538,20.3505],[106.455,20.3552],[106.4579,20.3561],[106.4585,20.3577],[106.4563,20.3597],[106.4519,20.3607],[106.4498,20.3642],[106.4408,20.3609],[106.4342,20.3638],[106.4293,20.3637],[106.4274,20.3661],[106.4217,20.3688],[106.4214,20.3659],[106.423,20.3576],[106.4188,20.3572],[106.4195,20.3521],[106.4177,20.3515],[106.412,20.3533],[106.411,20.3567],[106.4051,20.3547],[106.403,20.3511],[106.4057,20.3466],[106.404,20.3443],[106.3983,20.3389],[106.4047,20.3342],[106.4083,20.3305],[106.4125,20.3246],[106.4154,20.3197],[106.4198,20.3134],[106.4293,20.3026],[106.4327,20.2993],[106.4384,20.2957],[106.4363,20.3038],[106.4338,20.3072],[106.4356,20.3091],[106.4423,20.3089],[106.4403,20.3124],[106.4404,20.3141],[106.4444,20.3227],[106.4427,20.3236],[106.4417,20.3278],[106.438,20.3282],[106.4391,20.3312],[106.4383,20.3332],[106.4332,20.3358],[106.4382,20.3389],[106.4391,20.3404],[106.4384,20.3435],[106.442,20.3436],[106.4434,20.3466],[106.4454,20.3448],[106.452,20.3464],[106.4544,20.3483]]]},"properties":{"ma_xa":"13183","ten_xa":"Bình Thanh","sap_nhap":"Minh Tân, Minh Quang (huyện Kiến Xương), Bình Thanh","tru_so":"đang cập nhật","loai":"Xã","cap":2,"stt":94,"dtich_km2":22.37,"dan_so":24517,"matdo_km2":1095.98,"ma_tinh":"33","ten_tinh":"Hưng Yên"}},
{"type":"Feature","geometry":{"type":"Polygon","coordinates":[[[105.9473,20.8403],[105.9433,20.8486],[105.9353,20.848],[105.9313,20.8502],[105.9231,20.8465],[105.9162,20.8416],[105.9129,20.8368],[105.911,20.8266],[105.9113,20.8192],[105.914,20.8102],[105.9184,20.7978],[105.9225,20.791],[105.9263,20.7871],[105.9312,20.7849],[105.9415,20.7826],[105.9524,20.7811],[105.9571,20.78],[105.9592,20.7843],[105.9625,20.7856],[105.9628,20.7909],[105.9646,20.7918],[105.9635,20.7951],[105.9617,20.7983],[105.9557,20.8041],[105.9501,20.7999],[105.9472,20.7962],[105.9423,20.7997],[105.9416,20.8119],[105.9332,20.8254],[105.932,20.8289],[105.9334,20.8299],[105.9367,20.8293],[105.9379,20.8313],[105.9381,20.8348],[105.9473,20.8403]]]},"properties":{"ma_xa":"12247","ten_xa":"Châu Ninh","sap_nhap":"Đại Tập, Tứ Dân, Tân Châu, Đông Ninh","tru_so":"đang cập nhật","loai":"Xã","cap":2,"stt":28,"dtich_km2":22.22,"dan_so":36218,"matdo_km2":1629.97,"ma_tinh":"33","ten_tinh":"Hưng Yên"}},
{"type":"Feature","geometry":{"type":"Polygon","coordinates":[[[106.0132,20.7958],[106.0123,20.7975],[106.009,20.7984],[106.0028,20.7984],[106.002,20.7949],[105.9927,20.7963],[105.9865,20.7962],[105.984,20.7938],[105.9766,20.7947],[105.9718,20.794],[105.9688,20.7958],[105.9635,20.7951],[105.9646,20.7918],[105.9628,20.7909],[105.9625,20.7856],[105.9592,20.7843],[105.9571,20.78],[105.9637,20.7775],[105.9673,20.7739],[105.9692,20.7687],[105.9671,20.7577],[105.9689,20.7571],[105.9771,20.7592],[105.9852,20.7595],[105.9883,20.7587],[106.0057,20.7575],[106.0083,20.7569],[106.0095,20.7621],[106.0149,20.7614],[106.0155,20.7668],[106.0171,20.7672],[106.0176,20.7716],[106.0162,20.7719],[106.0158,20.7777],[106.0131,20.7765],[106.0092,20.7821],[106.0113,20.7897],[106.0121,20.79],[106.0132,20.7958]]]},"properties":{"ma_xa":"12271","ten_xa":"Chí Minh","sap_nhap":"Thuần Hưng, Nguyễn Huệ, Chí Minh","tru_so":"đang cập nhật","loai":"Xã","cap":2,"stt":27,"dtich_km2":20.73,"dan_so":35259,"matdo_km2":1700.87,"ma_tinh":"33","ten_tinh":"Hưng Yên"}},
{"type":"Feature","geometry":{"type":"Polygon","coordinates":[[[106.1093,20.9998],[106.1022,20.9973],[106.0992,21.0006],[106.0938,21.0046],[106.0907,21.0063],[106.0879,21.0043],[106.0857,21.0056],[106.0836,21.0047],[106.082,20.9995],[106.0799,20.9957],[106.0768,20.9949],[106.0685,20.998],[106.0658,21.0011],[106.0596,21.0003],[106.057,21.0011],[106.0544,21.0045],[106.055,21.0068],[106.0489,21.0053],[106.05,21.0038],[106.0508,20.9995],[106.0491,20.9968],[106.0596,20.9918],[106.0615,20.9851],[106.0631,20.9731],[106.0658,20.973],[106.0688,20.9778],[106.0787,20.9744],[106.0783,20.9728],[106.0845,20.9707],[106.0866,20.9755],[106.0945,20.9712],[106.0938,20.969],[106.0975,20.9681],[106.0973,20.9649],[106.102,20.9648],[106.1018,20.9633],[106.1067,20.9626],[106.11,20.9612],[106.1101,20.9595],[106.1137,20.9581],[106.1175,20.9576],[106.1221,20.9591],[106.1282,20.9597],[106.1287,20.9575],[106.1351,20.9603],[106.1331,20.9655],[106.1336,20.9695],[106.1382,20.9751],[106.1303,20.9817],[106.1274,20.9835],[106.1272,20.9835],[106.1192,20.9848],[106.1149,20.9832],[106.1146,20.9875],[106.1159,20.9898],[106.1157,20.9959],[106.113,20.9965],[106.1093,20.9998]]]},"properties":{"ma_xa":"11995","ten_xa":"Đại Đồng","sap_nhap":"Việt Hưng, Lương Tài, Đại Đồng, Đình Dù (1 phần), Lạc Đạo (1 phần)","tru_so":"đang cập nhật","loai":"Xã","cap":2,"stt":35,"dtich_km2":25.68,"dan_so":32724,"matdo_km2":1274.3,"ma_tinh":"33","ten_tinh":"Hưng Yên"}},
{"type":"Feature","geometry":{"type":"Polygon","coordinates":[[[106.2805,20.6463],[106.2787,20.6484],[106.281,20.6495],[106.2806,20.6526],[106.2734,20.6502],[106.2708,20.652],[106.2611,20.6555],[106.2557,20.6588],[106.2521,20.6591],[106.253,20.6631],[106.2526,20.6684],[106.2492,20.6742],[106.2412,20.6695],[106.2378,20.6664],[106.232,20.6587],[106.2184,20.6557],[106.2165,20.6544],[106.2176,20.652],[106.2239,20.6454],[106.2247,20.642],[106.2281,20.64],[106.2303,20.6412],[106.2333,20.6371],[106.2359,20.6351],[106.2345,20.6333],[106.2367,20.6311],[106.2376,20.6267],[106.2422,20.6195],[106.2471,20.617],[106.2479,20.6179],[106.2566,20.6148],[106.257,20.6109],[106.2594,20.6115],[106.2646,20.6093],[106.266,20.6116],[106.2692,20.6088],[106.2706,20.6101],[106.2732,20.6159],[106.2803,20.6219],[106.2851,20.6234],[106.2874,20.6228],[106.2905,20.6263],[106.2891,20.629],[106.2929,20.6343],[106.2832,20.6386],[106.282,20.6375],[106.2783,20.6389],[106.2805,20.6463]]]},"properties":{"ma_xa":"12619","ten_xa":"Diên Hà","sap_nhap":"Quang Trung (huyện Hưng Hà), Văn Cẩm, Duyên Hải","tru_so":"đang cập nhật","loai":"Xã","cap":2,"stt":78,"dtich_km2":27.3,"dan_so":40167,"matdo_km2":1471.32,"ma_tinh":"33","ten_tinh":"Hưng Yên"}},
{"type":"Feature","geometry":{"type":"Polygon","coordinates":[[[106.1772,20.7221],[106.1749,20.7263],[106.1763,20.7268],[106.1705,20.7374],[106.1732,20.7405],[106.1723,20.7478],[106.1722,20.7556],[106.1645,20.7579],[106.165,20.7605],[106.1585,20.7593],[106.1573,20.764],[106.1583,20.7665],[106.1536,20.7717],[106.1484,20.7717],[106.1476,20.769],[106.1498,20.7644],[106.1483,20.7572],[106.1452,20.7557],[106.1473,20.7538],[106.1535,20.7515],[106.148,20.746],[106.1482,20.7418],[106.1444,20.7405],[106.1372,20.7411],[106.1357,20.7392],[106.126,20.7362],[106.1243,20.7342],[106.1181,20.7322],[106.1188,20.7217],[106.1312,20.7181],[106.136,20.7181],[106.1386,20.7155],[106.1387,20.7093],[106.1395,20.7053],[106.1449,20.7089],[106.1497,20.7102],[106.1521,20.708],[106.1575,20.7099],[106.1585,20.7077],[106.1656,20.7075],[106.1638,20.7129],[106.1643,20.7156],[106.1772,20.7221]]]},"properties":{"ma_xa":"12406","ten_xa":"Đoàn Đào","sap_nhap":"Phan Sào Nam, Minh Hoàng, Đoàn Đào","tru_so":"đang cập nhật","loai":"Xã","cap":2,"stt":12,"dtich_km2":22.39,"dan_so":22781,"matdo_km2":1017.46,"ma_tinh":"33","ten_tinh":"Hưng Yên"}},
{"type":"Feature","geometry":{"type":"Polygon","coordinates":[[[106.3901,20.6172],[106.4035,20.6206],[106.4031,20.6252],[106.4043,20.6268],[106.4075,20.6255],[106.4101,20.6302],[106.4095,20.6348],[106.4063,20.6338],[106.4046,20.637],[106.4003,20.6394],[106.3998,20.642],[106.4059,20.6426],[106.4089,20.6467],[106.4077,20.648],[106.407,20.6542],[106.392,20.6496],[106.3937,20.6514],[106.3929,20.6545],[106.3984,20.6548],[106.3993,20.6587],[106.3983,20.6617],[106.3992,20.6642],[106.4015,20.6639],[106.3996,20.6682],[106.4012,20.6697],[106.4005,20.6739],[106.4036,20.6732],[106.4062,20.6758],[106.4057,20.6779],[106.4099,20.6816],[106.4108,20.6838],[106.4055,20.6874],[106.405,20.6851],[106.4021,20.6831],[106.4012,20.6806],[106.399,20.6787],[106.3975,20.68],[106.392,20.6762],[106.3905,20.6736],[106.3851,20.6691],[106.3809,20.6672],[106.3781,20.6646],[106.3765,20.6681],[106.3738,20.6695],[106.3687,20.6681],[106.3662,20.6651],[106.3651,20.6618],[106.3657,20.6596],[106.3683,20.6569],[106.3731,20.6555],[106.3709,20.652],[106.3696,20.6481],[106.3731,20.6461],[106.3742,20.6443],[106.3701,20.6428],[106.3655,20.6435],[106.3642,20.6457],[106.3606,20.6437],[106.3623,20.6421],[106.3663,20.6413],[106.3637,20.6358],[106.3569,20.6354],[106.3614,20.6312],[106.3631,20.6318],[106.3696,20.6315],[106.3769,20.6323],[106.3819,20.6323],[106.384,20.6303],[106.384,20.6262],[106.3901,20.621],[106.3901,20.6172]]]},"properties":{"ma_xa":"12526","ten_xa":"Đồng Bằng","sap_nhap":"An Cầu, An Ấp, An Lễ, An Quý","tru_so":"đang cập nhật","loai":"Xã","cap":2,"stt":69,"dtich_km2":20.04,"dan_so":25000,"matdo_km2":1247.5,"ma_tinh":"33","ten_tinh":"Hưng Yên"}},
{"type":"Feature","geometry":{"type":"Polygon","coordinates":[[[106.5983,20.3907],[106.5957,20.3929],[106.5964,20.3967],[106.5938,20.399],[106.5965,20.4001],[106.6033,20.4097],[106.6106,20.4225],[106.6154,20.4325],[106.6191,20.4409],[106.6189,20.444],[106.6162,20.4505],[106.6095,20.4545],[106.6063,20.4539],[106.6093,20.4474],[106.605,20.4484],[106.603,20.4459],[106.6045,20.4421],[106.6044,20.4366],[106.608,20.4346],[106.608,20.4312],[106.6057,20.4314],[106.5942,20.4316],[106.5928,20.4284],[106.5901,20.4291],[106.588,20.4372],[106.565,20.4345],[106.5654,20.4311],[106.5641,20.4247],[106.5645,20.4183],[106.5629,20.4146],[106.567,20.4149],[106.5673,20.4097],[106.5647,20.4087],[106.5508,20.4081],[106.5288,20.4067],[106.5218,20.3915],[106.5186,20.386],[106.5242,20.3793],[106.5349,20.382],[106.5418,20.3816],[106.5478,20.3819],[106.5534,20.3806],[106.5583,20.3842],[106.5703,20.3837],[106.569,20.3789],[106.5688,20.3746],[106.5711,20.3716],[106.57,20.3686],[106.5732,20.3666],[106.577,20.3669],[106.5878,20.3702],[106.5922,20.3723],[106.5933,20.374],[106.5954,20.3841],[106.5983,20.3907]]]},"properties":{"ma_xa":"13003","ten_xa":"Đồng Châu","sap_nhap":"Đông Hoàng (huyện Tiền Hải), Đông Cơ, Đông Lâm, Đông Minh","tru_so":"đang cập nhật","loai":"Xã","cap":2,"stt":59,"dtich_km2":30.67,"dan_so":30501,"matdo_km2":994.49,"ma_tinh":"33","ten_tinh":"Hưng Yên"}},
{"type":"Feature","geometry":{"type":"Polygon","coordinates":[[[106.3761,20.5913],[106.3711,20.5908],[106.3698,20.5887],[106.3672,20.5908],[106.3635,20.5893],[106.3629,20.5908],[106.3598,20.5911],[106.3568,20.5905],[106.3555,20.5856],[106.3532,20.5821],[106.3471,20.5792],[106.3449,20.5729],[106.3455,20.5708],[106.3424,20.5669],[106.3376,20.5643],[106.3392,20.5611],[106.3363,20.5578],[106.334,20.5538],[106.3337,20.5497],[106.3362,20.5426],[106.3407,20.5421],[106.3458,20.5321],[106.3492,20.534],[106.3522,20.5332],[106.3574,20.5347],[106.356,20.5295],[106.359,20.5276],[106.3618,20.5306],[106.3662,20.5291],[106.3708,20.5287],[106.3776,20.5296],[106.3772,20.5342],[106.3747,20.5378],[106.3729,20.5475],[106.372,20.5489],[106.3731,20.5529],[106.3744,20.5544],[106.3738,20.5583],[106.3755,20.5588],[106.3786,20.5626],[106.3797,20.5615],[106.3851,20.5672],[106.3861,20.5722],[106.3892,20.5775],[106.3846,20.5803],[106.3862,20.5813],[106.3853,20.5843],[106.383,20.5856],[106.3817,20.5889],[106.3793,20.5884],[106.3761,20.5913]]]},"properties":{"ma_xa":"12688","ten_xa":"Đông Hưng","sap_nhap":"Đông Hưng (thị trấn), Nguyên Xá (huyện Đông Hưng), Đông La, Đông Các, Đông Sơn, Đông Hợp","tru_so":"đang cập nhật","loai":"Xã","cap":2,"stt":81,"dtich_km2":24.95,"dan_so":49134,"matdo_km2":1969.3,"ma_tinh":"33","ten_tinh":"Hưng Yên"}},
{"type":"Feature","geometry":{"type":"Polygon","coordinates":[[[106.4444,20.5382],[106.4399,20.5424],[106.4388,20.5414],[106.4294,20.5373],[106.4239,20.5395],[106.423,20.5387],[106.4186,20.5407],[106.4114,20.5365],[106.4055,20.5346],[106.4047,20.5327],[106.4085,20.523],[106.4079,20.5204],[106.4022,20.5194],[106.4029,20.5176],[106.3963,20.5157],[106.396,20.5132],[106.39,20.5154],[106.3898,20.5134],[106.3922,20.5124],[106.3938,20.5064],[106.391,20.506],[106.3927,20.4975],[106.3915,20.4969],[106.3932,20.4903],[106.3957,20.4901],[106.3955,20.4865],[106.404,20.4853],[106.4038,20.4827],[106.4057,20.4826],[106.4125,20.4833],[106.4198,20.4848],[106.4248,20.4866],[106.4288,20.4892],[106.4333,20.4931],[106.4357,20.4941],[106.4375,20.5016],[106.4377,20.5071],[106.4368,20.5136],[106.435,20.519],[106.4304,20.5247],[106.4442,20.5304],[106.441,20.5351],[106.4444,20.5382]]]},"properties":{"ma_xa":"12793","ten_xa":"Đông Quan","sap_nhap":"Đông Á, Đông Tân, Đông Quan","tru_so":"đang cập nhật","loai":"Xã","cap":2,"stt":87,"dtich_km2":23.62,"dan_so":25167,"matdo_km2":1065.5,"ma_tinh":"33","ten_tinh":"Hưng Yên"}},
{"type":"Feature","geometry":{"type":"MultiPolygon","coordinates":[[[[106.5995,20.4887],[106.598,20.4881],[106.5985,20.483],[106.6008,20.4831],[106.5995,20.4887]]],[[[106.5964,20.4911],[106.594,20.4906],[106.5948,20.4879],[106.5989,20.489],[106.5964,20.4911]]],[[[106.595,20.4956],[106.5911,20.4954],[106.5919,20.4934],[106.595,20.4956]]],[[[106.5998,20.4923],[106.5983,20.4965],[106.5965,20.4978],[106.5947,20.4949],[106.5922,20.4933],[106.5931,20.4915],[106.5978,20.4912],[106.5998,20.4923]]],[[[106.5964,20.4717],[106.5966,20.4742],[106.6002,20.4751],[106.6019,20.4795],[106.6008,20.4829],[106.5982,20.4829],[106.5975,20.4883],[106.5947,20.4876],[106.5938,20.4907],[106.5909,20.4939],[106.5905,20.4956],[106.5941,20.4962],[106.598,20.5004],[106.5948,20.5018],[106.5922,20.5056],[106.5901,20.5073],[106.5874,20.5116],[106.5851,20.5133],[106.5833,20.5175],[106.5846,20.5183],[106.5771,20.5184],[106.5673,20.5201],[106.5646,20.5149],[106.5664,20.5138],[106.5641,20.5077],[106.5652,20.507],[106.5636,20.5009],[106.5579,20.5036],[106.5487,20.5061],[106.5514,20.5146],[106.5502,20.5159],[106.5434,20.5105],[106.5418,20.5101],[106.5363,20.5061],[106.5368,20.5047],[106.5329,20.5018],[106.5308,20.4988],[106.5265,20.4987],[106.5224,20.5016],[106.5221,20.503],[106.5141,20.5026],[106.5108,20.503],[106.5083,20.4899],[106.5148,20.4904],[106.5161,20.4865],[106.5216,20.4881],[106.5239,20.4856],[106.5252,20.482],[106.5282,20.4822],[106.5298,20.4808],[106.5244,20.477],[106.5274,20.4693],[106.5347,20.4745],[106.5412,20.4683],[106.5473,20.4637],[106.5524,20.4673],[106.5637,20.4741],[106.5667,20.4753],[106.5775,20.4764],[106.5819,20.4758],[106.5964,20.4717]]]]},"properties":{"ma_xa":"12943","ten_xa":"Đông Thái Ninh","sap_nhap":"Mỹ Lộc, Tân Học, Thái Đô, Thái Xuyên","tru_so":"đang cập nhật","loai":"Xã","cap":2,"stt":52,"dtich_km2":31.08,"dan_so":27130,"matdo_km2":872.91,"ma_tinh":"33","ten_tinh":"Hưng Yên"}},
{"type":"Feature","geometry":{"type":"Polygon","coordinates":[[[106.6494,20.6195],[106.6389,20.6261],[106.6343,20.6279],[106.6289,20.6275],[106.6225,20.6251],[106.6147,20.6258],[106.6095,20.6283],[106.6057,20.6327],[106.6016,20.6394],[106.5941,20.6371],[106.5916,20.6352],[106.5877,20.6295],[106.5852,20.6271],[106.5742,20.6224],[106.571,20.6205],[106.5674,20.6196],[106.5654,20.6204],[106.5614,20.6253],[106.5589,20.6265],[106.5514,20.6276],[106.5458,20.6264],[106.5414,20.6219],[106.5414,20.62],[106.5497,20.6202],[106.547,20.6122],[106.5502,20.6112],[106.5558,20.6118],[106.5585,20.599],[106.5626,20.5973],[106.561,20.5951],[106.5577,20.5932],[106.5599,20.589],[106.562,20.59],[106.5638,20.594],[106.5666,20.5922],[106.5726,20.5917],[106.5738,20.5889],[106.579,20.5878],[106.5826,20.5858],[106.5838,20.5909],[106.5878,20.5928],[106.5939,20.5922],[106.5892,20.5887],[106.5922,20.5854],[106.5959,20.5863],[106.6021,20.5807],[106.6075,20.5764],[106.6101,20.5841],[106.6136,20.5838],[106.6183,20.5797],[106.6223,20.5791],[106.6357,20.5871],[106.6401,20.5908],[106.6392,20.5932],[106.6409,20.5952],[106.6447,20.5952],[106.6514,20.5991],[106.6544,20.6024],[106.6586,20.6042],[106.6595,20.6074],[106.6588,20.61],[106.6555,20.6104],[106.6522,20.6137],[106.6524,20.6157],[106.6494,20.6195]]]},"properties":{"ma_xa":"12862","ten_xa":"Đông Thụy Anh","sap_nhap":"Thụy Trường, Thụy Xuân, An Tân, Hồng Dũng","tru_so":"đang cập nhật","loai":"Xã","cap":2,"stt":46,"dtich_km2":34.9,"dan_so":38299,"matdo_km2":1097.39,"ma_tinh":"33","ten_tinh":"Hưng Yên"}},
{"type":"Feature","geometry":{"type":"Polygon","coordinates":[[[106.6057,20.4314],[106.6073,20.4348],[106.6022,20.4375],[106.6032,20.4397],[106.6021,20.4455],[106.6024,20.4477],[106.6057,20.4491],[106.6038,20.4534],[106.5978,20.4601],[106.6013,20.4596],[106.6022,20.4617],[106.6004,20.4669],[106.5964,20.4717],[106.5819,20.4758],[106.5775,20.4764],[106.5667,20.4753],[106.5637,20.4741],[106.5524,20.4673],[106.5473,20.4637],[106.5359,20.4553],[106.526,20.4476],[106.5185,20.4436],[106.5164,20.443],[106.5185,20.4399],[106.5224,20.438],[106.5242,20.4382],[106.5243,20.4336],[106.5285,20.4335],[106.5319,20.4311],[106.5317,20.4254],[106.5296,20.4233],[106.5299,20.4211],[106.5322,20.4193],[106.5331,20.4166],[106.5317,20.4126],[106.5288,20.4131],[106.5275,20.4102],[106.53,20.4094],[106.5288,20.4067],[106.5508,20.4081],[106.5647,20.4087],[106.5673,20.4097],[106.567,20.4149],[106.5629,20.4146],[106.5645,20.4183],[106.5641,20.4247],[106.5654,20.4311],[106.565,20.4345],[106.588,20.4372],[106.5901,20.4291],[106.5928,20.4284],[106.5942,20.4316],[106.6057,20.4314]]]},"properties":{"ma_xa":"12988","ten_xa":"Đông Tiền Hải","sap_nhap":"Đông Xuyên, Đông Quang, Đông Long, Đông Trà","tru_so":"đang cập nhật","loai":"Xã","cap":2,"stt":60,"dtich_km2":38.64,"dan_so":37027,"matdo_km2":958.26,"ma_tinh":"33","ten_tinh":"Hưng Yên"}},
{"type":"Feature","geometry":{"type":"Polygon","coordinates":[[[106.3376,20.5643],[106.3297,20.5602],[106.3271,20.5606],[106.3259,20.566],[106.3243,20.5668],[106.318,20.5662],[106.3154,20.5649],[106.3079,20.5587],[106.3026,20.5572],[106.3016,20.5583],[106.3029,20.5636],[106.3021,20.5679],[106.2991,20.5731],[106.2966,20.5695],[106.2956,20.5636],[106.2937,20.5564],[106.2929,20.5494],[106.291,20.5471],[106.2928,20.5418],[106.2944,20.5399],[106.2939,20.5362],[106.2949,20.532],[106.297,20.5326],[106.3005,20.5315],[106.3075,20.5355],[106.3091,20.541],[106.3136,20.542],[106.3173,20.5387],[106.3174,20.535],[106.3236,20.529],[106.3289,20.5303],[106.3309,20.5291],[106.3319,20.5262],[106.3367,20.5248],[106.3383,20.525],[106.3426,20.5298],[106.3458,20.5321],[106.3407,20.5421],[106.3362,20.5426],[106.3337,20.5497],[106.334,20.5538],[106.3363,20.5578],[106.3392,20.5611],[106.3376,20.5643]]]},"properties":{"ma_xa":"12736","ten_xa":"Đông Tiên Hưng","sap_nhap":"Phong Dương Tiến, Phú Châu","tru_so":"đang cập nhật","loai":"Xã","cap":2,"stt":83,"dtich_km2":16.32,"dan_so":23495,"matdo_km2":1439.64,"ma_tinh":"33","ten_tinh":"Hưng Yên"}},
{"type":"Feature","geometry":{"type":"Polygon","coordinates":[[[106.0057,20.7575],[105.9883,20.7587],[105.9852,20.7595],[105.9771,20.7592],[105.9689,20.7571],[105.9671,20.7577],[105.9669,20.7418],[105.9681,20.7336],[105.9642,20.7249],[105.9733,20.7006],[105.9782,20.6994],[105.9812,20.7],[105.9907,20.704],[106.0017,20.7038],[105.9988,20.7107],[106.0046,20.7134],[106.0028,20.7201],[106.0002,20.7212],[105.9975,20.7259],[105.9993,20.7299],[106.0051,20.7329],[106.0029,20.7367],[106.0052,20.7392],[106.0038,20.742],[106.0078,20.7438],[106.0022,20.7444],[106.002,20.7532],[106.0057,20.7575]]]},"properties":{"ma_xa":"12313","ten_xa":"Đức Hợp","sap_nhap":"Phú Thọ, Mai Động, Đức Hợp","tru_so":"đang cập nhật","loai":"Xã","cap":2,"stt":18,"dtich_km2":22.37,"dan_so":29424,"matdo_km2":1315.33,"ma_tinh":"33","ten_tinh":"Hưng Yên"}},
{"type":"Feature","geometry":{"type":"Polygon","coordinates":[[[106.1012,20.9295],[106.0923,20.9298],[106.0905,20.9324],[106.0858,20.9327],[106.0844,20.9317],[106.0777,20.9303],[106.0743,20.9316],[106.068,20.9323],[106.0673,20.9304],[106.0588,20.9332],[106.0586,20.9321],[106.0636,20.9305],[106.0657,20.9283],[106.0647,20.9258],[106.0662,20.9228],[106.0687,20.922],[106.0677,20.9192],[106.0708,20.9183],[106.0698,20.9153],[106.0739,20.9141],[106.0727,20.908],[106.0745,20.9075],[106.0728,20.9023],[106.0756,20.9009],[106.076,20.8967],[106.0786,20.8963],[106.0797,20.8901],[106.0841,20.8899],[106.0858,20.8864],[106.0836,20.8852],[106.0851,20.882],[106.087,20.8834],[106.0889,20.8793],[106.092,20.8772],[106.093,20.8735],[106.0954,20.8748],[106.1059,20.8831],[106.124,20.8968],[106.1267,20.8977],[106.1342,20.893],[106.1388,20.8939],[106.1382,20.8987],[106.137,20.9011],[106.1366,20.9043],[106.1423,20.9071],[106.1443,20.9103],[106.1433,20.912],[106.1377,20.9122],[106.1352,20.9154],[106.1318,20.9128],[106.1241,20.9142],[106.1236,20.9123],[106.1182,20.9102],[106.1158,20.9123],[106.1144,20.9102],[106.1118,20.912],[106.1085,20.9126],[106.1073,20.9097],[106.101,20.9071],[106.1009,20.9123],[106.1021,20.9148],[106.1006,20.922],[106.1019,20.9222],[106.103,20.926],[106.1012,20.9295]]]},"properties":{"ma_xa":"12133","ten_xa":"Đường Hào","sap_nhap":"Dị Sử, Phùng Chí Kiên, Xuân Dục, Hưng Long, Ngọc Lâm","tru_so":"đang cập nhật","loai":"Phường","cap":2,"stt":5,"dtich_km2":25.62,"dan_so":39028,"matdo_km2":1523.34,"ma_tinh":"33","ten_tinh":"Hưng Yên"}},
{"type":"Feature","geometry":{"type":"Polygon","coordinates":[[[106.0049,20.7037],[106.0046,20.7079],[106.0116,20.7077],[106.0274,20.7145],[106.0269,20.7097],[106.0307,20.7101],[106.0316,20.7162],[106.0363,20.7157],[106.0415,20.714],[106.0481,20.7095],[106.0499,20.7072],[106.0503,20.7115],[106.049,20.714],[106.0507,20.7157],[106.0553,20.7163],[106.0569,20.7134],[106.0602,20.712],[106.0612,20.7086],[106.063,20.7088],[106.0649,20.7061],[106.065,20.6979],[106.0669,20.6941],[106.0693,20.694],[106.0791,20.6953],[106.0803,20.6949],[106.0829,20.6994],[106.078,20.7008],[106.0769,20.7073],[106.0783,20.7117],[106.0785,20.7214],[106.0732,20.7221],[106.07,20.7242],[106.0666,20.7244],[106.0641,20.7259],[106.0642,20.7278],[106.0536,20.729],[106.0535,20.734],[106.0513,20.7392],[106.0516,20.7429],[106.0529,20.7447],[106.0559,20.7457],[106.0528,20.7481],[106.0438,20.7529],[106.0303,20.7578],[106.0274,20.7515],[106.0248,20.7508],[106.0229,20.748],[106.0212,20.7408],[106.0166,20.7406],[106.0097,20.742],[106.0078,20.7438],[106.0038,20.742],[106.0052,20.7392],[106.0029,20.7367],[106.0051,20.7329],[105.9993,20.7299],[105.9975,20.7259],[106.0002,20.7212],[106.0028,20.7201],[106.0046,20.7134],[105.9988,20.7107],[106.0017,20.7038],[106.0032,20.7036],[106.0049,20.7037]]]},"properties":{"ma_xa":"12322","ten_xa":"Hiệp Cường","sap_nhap":"Song Mai, Hùng An, Hiệp Cường, Ngọc Thanh (1 phần)","tru_so":"đang cập nhật","loai":"Xã","cap":2,"stt":17,"dtich_km2":28.37,"dan_so":32364,"matdo_km2":1140.78,"ma_tinh":"33","ten_tinh":"Hưng Yên"}},
{"type":"Feature","geometry":{"type":"Polygon","coordinates":[[[106.0135,20.9237],[106.0086,20.9272],[106.0061,20.9252],[106.0044,20.9259],[106.0007,20.924],[106.0007,20.9219],[105.9976,20.9206],[105.993,20.9211],[105.9904,20.9229],[105.9834,20.9212],[105.9827,20.9228],[105.9818,20.9223],[105.9828,20.9161],[105.9793,20.9154],[105.9732,20.9128],[105.966,20.9029],[105.9598,20.9044],[105.9525,20.9047],[105.9473,20.9036],[105.9448,20.9],[105.9434,20.8954],[105.9439,20.8929],[105.946,20.8908],[105.9461,20.8859],[105.9476,20.886],[105.9499,20.8793],[105.9545,20.8818],[105.9583,20.8788],[105.9624,20.8837],[105.9676,20.886],[105.9679,20.8881],[105.9663,20.8904],[105.9686,20.8929],[105.9736,20.8923],[105.9774,20.8949],[105.9806,20.8982],[105.9855,20.8958],[105.9921,20.8991],[105.9975,20.8967],[106.0026,20.8973],[106.0071,20.8963],[106.0074,20.8981],[106.0114,20.9004],[106.0138,20.8984],[106.0177,20.9012],[106.0173,20.9052],[106.0193,20.9057],[106.0218,20.9036],[106.0208,20.9091],[106.0224,20.9125],[106.0255,20.9144],[106.0224,20.9181],[106.0195,20.9176],[106.0172,20.9188],[106.0135,20.9237]]]},"properties":{"ma_xa":"12070","ten_xa":"Hoàn Long","sap_nhap":"Đông Tảo, Đồng Than, Hoàn Long","tru_so":"đang cập nhật","loai":"Xã","cap":2,"stt":31,"dtich_km2":19.6,"dan_so":32997,"matdo_km2":1683.52,"ma_tinh":"33","ten_tinh":"Hưng Yên"}},
{"type":"Feature","geometry":{"type":"Polygon","coordinates":[[[106.1395,20.7053],[106.1387,20.7093],[106.1386,20.7155],[106.136,20.7181],[106.1312,20.7181],[106.1188,20.7217],[106.1181,20.7322],[106.1064,20.7295],[106.1002,20.7275],[106.0983,20.728],[106.0948,20.7274],[106.0927,20.7246],[106.0884,20.7227],[106.0878,20.7254],[106.0827,20.7265],[106.0833,20.7215],[106.0785,20.7214],[106.0783,20.7117],[106.0769,20.7073],[106.078,20.7008],[106.0829,20.6994],[106.0803,20.6949],[106.0799,20.6941],[106.0823,20.6874],[106.0835,20.6863],[106.0877,20.6877],[106.0901,20.6872],[106.0912,20.6843],[106.0944,20.6826],[106.0914,20.6761],[106.0932,20.6723],[106.0958,20.6705],[106.1046,20.6707],[106.1094,20.6666],[106.1142,20.6633],[106.116,20.6646],[106.1183,20.6689],[106.1181,20.6759],[106.1257,20.6829],[106.1292,20.6846],[106.1318,20.6888],[106.1331,20.6888],[106.1351,20.6936],[106.1375,20.6963],[106.142,20.6939],[106.1395,20.7053]]]},"properties":{"ma_xa":"12337","ten_xa":"Hoàng Hoa Thám","sap_nhap":"Vương (thị trấn), Hưng Đạo, Nhật Tân, An Viên","tru_so":"đang cập nhật","loai":"Xã","cap":2,"stt":8,"dtich_km2":31.85,"dan_so":46868,"matdo_km2":1471.52,"ma_tinh":"33","ten_tinh":"Hưng Yên"}},
{"type":"Feature","geometry":{"type":"Polygon","coordinates":[[[106.0674,20.6438],[106.0676,20.6476],[106.063,20.648],[106.0621,20.6441],[106.058,20.6444],[106.0566,20.6409],[106.0536,20.6432],[106.0503,20.642],[106.0485,20.6437],[106.0408,20.6422],[106.0334,20.6381],[106.0364,20.6311],[106.0437,20.6223],[106.0542,20.6116],[106.0616,20.6063],[106.0652,20.6047],[106.0706,20.6034],[106.0769,20.6031],[106.0815,20.6047],[106.084,20.6064],[106.0883,20.611],[106.0921,20.6137],[106.0963,20.6156],[106.0958,20.6228],[106.0839,20.6239],[106.0838,20.6225],[106.078,20.6236],[106.0737,20.6255],[106.0696,20.6312],[106.0667,20.6327],[106.0636,20.6365],[106.0669,20.6382],[106.0674,20.6438]]]},"properties":{"ma_xa":"11980","ten_xa":"Hồng Châu","sap_nhap":"Hồng Châu, Quảng Châu, Hoàng Hanh","tru_so":"đang cập nhật","loai":"Phường","cap":2,"stt":3,"dtich_km2":15.41,"dan_so":18714,"matdo_km2":1214.41,"ma_tinh":"33","ten_tinh":"Hưng Yên"}},
{"type":"Feature","geometry":{"type":"Polygon","coordinates":[[[106.2454,20.5584],[106.2409,20.556],[106.2383,20.5566],[106.2373,20.5539],[106.2331,20.5539],[106.2311,20.5548],[106.2278,20.5543],[106.2248,20.5558],[106.2228,20.5534],[106.2133,20.5507],[106.2088,20.5514],[106.2067,20.5536],[106.2067,20.5561],[106.2036,20.5591],[106.202,20.5519],[106.2001,20.5492],[106.2008,20.544],[106.2029,20.5424],[106.2012,20.5374],[106.1977,20.5381],[106.1966,20.5365],[106.1939,20.5373],[106.1898,20.5402],[106.1868,20.539],[106.1856,20.5367],[106.181,20.5352],[106.1796,20.5304],[106.1773,20.5304],[106.1795,20.5198],[106.1847,20.5185],[106.1891,20.5215],[106.1917,20.5218],[106.1962,20.5199],[106.1997,20.517],[106.203,20.5164],[106.208,20.5167],[106.2123,20.5156],[106.2191,20.5121],[106.2279,20.5134],[106.2365,20.517],[106.2346,20.52],[106.2387,20.5308],[106.2428,20.5303],[106.2443,20.5337],[106.2501,20.5328],[106.2495,20.5381],[106.248,20.5405],[106.2455,20.5412],[106.2429,20.5438],[106.2443,20.5455],[106.2446,20.5503],[106.2465,20.5532],[106.249,20.5536],[106.2454,20.5584]]]},"properties":{"ma_xa":"12685","ten_xa":"Hồng Minh","sap_nhap":"Chí Hòa, Minh Hòa, Hồng Minh","tru_so":"đang cập nhật","loai":"Xã","cap":2,"stt":76,"dtich_km2":23.32,"dan_so":24579,"matdo_km2":1053.99,"ma_tinh":"33","ten_tinh":"Hưng Yên"}},
{"type":"Feature","geometry":{"type":"Polygon","coordinates":[[[106.1476,20.769],[106.1463,20.7719],[106.1431,20.7717],[106.1408,20.7771],[106.1383,20.7776],[106.1346,20.7737],[106.1305,20.7727],[106.1255,20.7729],[106.1224,20.7747],[106.1148,20.7744],[106.1141,20.778],[106.1106,20.7778],[106.1035,20.7741],[106.0973,20.7795],[106.0848,20.7667],[106.0838,20.7658],[106.0876,20.7617],[106.0907,20.7629],[106.0924,20.7622],[106.0931,20.7562],[106.0955,20.7519],[106.0982,20.7431],[106.0995,20.7417],[106.0983,20.728],[106.1002,20.7275],[106.1064,20.7295],[106.1181,20.7322],[106.1243,20.7342],[106.126,20.7362],[106.1357,20.7392],[106.1372,20.7411],[106.1444,20.7405],[106.1482,20.7418],[106.148,20.746],[106.1535,20.7515],[106.1473,20.7538],[106.1452,20.7557],[106.1483,20.7572],[106.1498,20.7644],[106.1476,20.769]]]},"properties":{"ma_xa":"12196","ten_xa":"Hồng Quang","sap_nhap":"Hồ Tùng Mậu, Tiền Phong, Hạ Lễ, Hồng Quang","tru_so":"đang cập nhật","loai":"Xã","cap":2,"stt":23,"dtich_km2":25.53,"dan_so":31590,"matdo_km2":1237.37,"ma_tinh":"33","ten_tinh":"Hưng Yên"}},
{"type":"Feature","geometry":{"type":"Polygon","coordinates":[[[106.3888,20.383],[106.3878,20.3813],[106.3837,20.3811],[106.3831,20.3799],[106.3845,20.3754],[106.3832,20.374],[106.3779,20.3816],[106.373,20.3908],[106.3702,20.392],[106.3655,20.3897],[106.363,20.3916],[106.359,20.3873],[106.3574,20.384],[106.3591,20.3803],[106.359,20.3769],[106.3621,20.3713],[106.3679,20.3699],[106.3706,20.3671],[106.3709,20.3585],[106.378,20.3507],[106.3811,20.3493],[106.3824,20.3446],[106.3889,20.3436],[106.3955,20.3405],[106.3983,20.3389],[106.404,20.3443],[106.4057,20.3466],[106.403,20.3511],[106.4051,20.3547],[106.411,20.3567],[106.4111,20.3592],[106.4095,20.3661],[106.4096,20.3723],[106.4091,20.3747],[106.4055,20.3821],[106.4045,20.3859],[106.3959,20.3844],[106.3915,20.3819],[106.3888,20.383]]]},"properties":{"ma_xa":"13159","ten_xa":"Hồng Vũ","sap_nhap":"Vũ Công, Hồng Vũ","tru_so":"đang cập nhật","loai":"Xã","cap":2,"stt":96,"dtich_km2":18.77,"dan_so":23172,"matdo_km2":1234.52,"ma_tinh":"33","ten_tinh":"Hưng Yên"}},
{"type":"Feature","geometry":{"type":"Polygon","coordinates":[[[106.2692,20.6088],[106.266,20.6116],[106.2646,20.6093],[106.2594,20.6115],[106.257,20.6109],[106.2566,20.6148],[106.2479,20.6179],[106.2471,20.617],[106.2401,20.6085],[106.2371,20.6094],[106.2344,20.6087],[106.2304,20.6104],[106.2269,20.6086],[106.2188,20.6084],[106.219,20.605],[106.2164,20.6027],[106.21,20.6011],[106.2049,20.6005],[106.1993,20.5974],[106.2004,20.5957],[106.1976,20.5881],[106.1991,20.5827],[106.1974,20.576],[106.202,20.5651],[106.2036,20.5591],[106.2067,20.5561],[106.2067,20.5536],[106.2088,20.5514],[106.2133,20.5507],[106.2228,20.5534],[106.2248,20.5558],[106.2278,20.5543],[106.2311,20.5548],[106.2331,20.5539],[106.2373,20.5539],[106.2383,20.5566],[106.2409,20.556],[106.2454,20.5584],[106.248,20.5594],[106.2494,20.5565],[106.252,20.5559],[106.2547,20.5587],[106.2571,20.5581],[106.2575,20.5553],[106.2655,20.5545],[106.2672,20.5575],[106.2631,20.5589],[106.2635,20.5605],[106.261,20.5655],[106.2622,20.5682],[106.2591,20.5745],[106.2606,20.5768],[106.2586,20.5789],[106.2609,20.5828],[106.2619,20.5885],[106.2638,20.589],[106.2641,20.595],[106.2615,20.5975],[106.2654,20.6024],[106.2649,20.6043],[106.2692,20.6088]]]},"properties":{"ma_xa":"12586","ten_xa":"Hưng Hà","sap_nhap":"Hòa Bình, Minh Khai, Thống Nhất (huyện Hưng Hà), Kim Trung, Hồng Lĩnh, Văn Lang, Hưng Hà (thị trấn)","tru_so":"đang cập nhật","loai":"Xã","cap":2,"stt":73,"dtich_km2":38.93,"dan_so":54891,"matdo_km2":1409.99,"ma_tinh":"33","ten_tinh":"Hưng Yên"}},
{"type":"Feature","geometry":{"type":"Polygon","coordinates":[[[106.6126,20.3263],[106.6088,20.3275],[106.6068,20.3243],[106.5981,20.3215],[106.5939,20.3214],[106.5898,20.3192],[106.5863,20.3197],[106.5754,20.3232],[106.5726,20.3265],[106.5635,20.336],[106.5523,20.3311],[106.5453,20.3459],[106.5426,20.351],[106.5336,20.3465],[106.5212,20.3432],[106.5253,20.3375],[106.5329,20.3238],[106.5402,20.31],[106.5389,20.3097],[106.5376,20.305],[106.5435,20.299],[106.5515,20.2922],[106.5554,20.2883],[106.5629,20.2798],[106.5658,20.277],[106.5765,20.2685],[106.5792,20.2709],[106.5819,20.2683],[106.5852,20.2633],[106.5918,20.249],[106.5947,20.249],[106.5978,20.2526],[106.6004,20.2577],[106.6032,20.2677],[106.6064,20.2764],[106.6102,20.297],[106.6116,20.2991],[106.6173,20.3243],[106.6169,20.3285],[106.6126,20.3263]]]},"properties":{"ma_xa":"13066","ten_xa":"Hưng Phú","sap_nhap":"Nam Phú, Nam Hưng, Nam Trung","tru_so":"đang cập nhật","loai":"Xã","cap":2,"stt":62,"dtich_km2":45.08,"dan_so":25802,"matdo_km2":572.36,"ma_tinh":"33","ten_tinh":"Hưng Yên"}},
{"type":"Feature","geometry":{"type":"Polygon","coordinates":[[[105.9956,20.8375],[105.9817,20.8369],[105.9808,20.841],[105.9755,20.8407],[105.9734,20.838],[105.9707,20.8398],[105.9614,20.8336],[105.9606,20.8348],[105.954,20.8324],[105.9473,20.8403],[105.9381,20.8348],[105.9379,20.8313],[105.9367,20.8293],[105.9334,20.8299],[105.932,20.8289],[105.9332,20.8254],[105.9416,20.8119],[105.9423,20.7997],[105.9472,20.7962],[105.9501,20.7999],[105.9557,20.8041],[105.9617,20.7983],[105.9635,20.7951],[105.9688,20.7958],[105.9718,20.794],[105.9766,20.7947],[105.984,20.7938],[105.9865,20.7962],[105.9927,20.7963],[106.002,20.7949],[106.0028,20.7984],[106.009,20.7984],[106.0063,20.8079],[106.0022,20.8073],[106.0008,20.8217],[105.9993,20.8219],[105.9995,20.8282],[105.9978,20.829],[105.9956,20.8375]]]},"properties":{"ma_xa":"12205","ten_xa":"Khoái Châu","sap_nhap":"Khoái Châu (thị trấn), Liên Khê, Phùng Hưng, Đông Kết","tru_so":"đang cập nhật","loai":"Xã","cap":2,"stt":24,"dtich_km2":29.35,"dan_so":48795,"matdo_km2":1662.52,"ma_tinh":"33","ten_tinh":"Hưng Yên"}},
{"type":"Feature","geometry":{"type":"Polygon","coordinates":[[[106.4709,20.4018],[106.4701,20.4004],[106.4659,20.4012],[106.4643,20.4033],[106.4621,20.4026],[106.4565,20.4078],[106.4525,20.4087],[106.4503,20.4103],[106.4466,20.4109],[106.438,20.4086],[106.4387,20.4061],[106.4336,20.4029],[106.4302,20.4064],[106.4287,20.4034],[106.4235,20.4013],[106.4205,20.3963],[106.4207,20.3942],[106.4147,20.3936],[106.4122,20.3997],[106.4103,20.4014],[106.4062,20.4022],[106.4016,20.4001],[106.3929,20.3994],[106.3939,20.3944],[106.3924,20.3923],[106.3893,20.3927],[106.3855,20.3916],[106.3847,20.3898],[106.3888,20.383],[106.3915,20.3819],[106.3959,20.3844],[106.4045,20.3859],[106.4055,20.3821],[106.4091,20.3747],[106.4096,20.3723],[106.4095,20.3661],[106.4111,20.3592],[106.411,20.3567],[106.412,20.3533],[106.4177,20.3515],[106.4195,20.3521],[106.4188,20.3572],[106.423,20.3576],[106.4214,20.3659],[106.4217,20.3688],[106.4274,20.3661],[106.4293,20.3637],[106.4342,20.3638],[106.4408,20.3609],[106.4498,20.3642],[106.4519,20.3607],[106.4563,20.3597],[106.4585,20.3577],[106.4579,20.3561],[106.455,20.3552],[106.4538,20.3505],[106.4544,20.3483],[106.4572,20.3485],[106.4603,20.3475],[106.4642,20.3509],[106.4665,20.3502],[106.4665,20.3535],[106.47,20.3567],[106.467,20.358],[106.4665,20.3598],[106.4686,20.3617],[106.4698,20.3686],[106.4662,20.3719],[106.4633,20.3771],[106.4668,20.3782],[106.4716,20.3772],[106.4759,20.3799],[106.4716,20.3841],[106.472,20.3862],[106.4747,20.388],[106.4775,20.3895],[106.4761,20.3923],[106.4743,20.3917],[106.4724,20.3961],[106.4742,20.3968],[106.4729,20.4009],[106.4709,20.4018]]]},"properties":{"ma_xa":"13075","ten_xa":"Kiến Xương","sap_nhap":"Bình Minh, Quang Trung (huyện Kiến Xương), Quang Minh, Quang Bình, Kiến Xương (thị trấn)","tru_so":"đang cập nhật","loai":"Xã","cap":2,"stt":91,"dtich_km2":36.73,"dan_so":47950,"matdo_km2":1305.47,"ma_tinh":"33","ten_tinh":"Hưng Yên"}},
{"type":"Feature","geometry":{"type":"Polygon","coordinates":[[[106.05,21.0038],[106.0417,21.0025],[106.0378,20.9986],[106.0309,20.9957],[106.0289,20.993],[106.0246,20.9958],[106.0228,20.9944],[106.0182,20.9974],[106.017,21.0017],[106.0141,21.0018],[106.011,20.9998],[106.011,20.9983],[106.0051,20.9983],[106.0047,21.0013],[106.0009,21.0012],[106,21],[105.9965,21.0003],[105.9969,20.9953],[106.0013,20.9911],[105.9997,20.985],[106.0017,20.9847],[106.0028,20.9821],[106.0083,20.9831],[106.0092,20.9811],[106.0133,20.9759],[106.0171,20.9741],[106.0185,20.9746],[106.0213,20.9716],[106.029,20.9697],[106.0306,20.9653],[106.0336,20.9646],[106.0326,20.961],[106.0357,20.9599],[106.0332,20.9568],[106.0368,20.9566],[106.0401,20.9565],[106.0425,20.9529],[106.0432,20.9571],[106.0448,20.9586],[106.0487,20.9563],[106.0538,20.96],[106.056,20.9629],[106.0703,20.9643],[106.0708,20.9667],[106.0683,20.9689],[106.069,20.9721],[106.0658,20.973],[106.0631,20.9731],[106.0615,20.9851],[106.0596,20.9918],[106.0491,20.9968],[106.0508,20.9995],[106.05,21.0038]]]},"properties":{"ma_xa":"11992","ten_xa":"Lạc Đạo","sap_nhap":"Chỉ Đạo, Minh Hải, Lạc Đạo (1 phần)","tru_so":"đang cập nhật","loai":"Xã","cap":2,"stt":34,"dtich_km2":22.22,"dan_so":42213,"matdo_km2":1899.77,"ma_tinh":"33","ten_tinh":"Hưng Yên"}},
{"type":"Feature","geometry":{"type":"Polygon","coordinates":[[[106.4762,20.4502],[106.4763,20.448],[106.4719,20.4454],[106.4677,20.444],[106.467,20.4476],[106.4649,20.4472],[106.4612,20.4545],[106.4575,20.4564],[106.4546,20.4602],[106.4514,20.4612],[106.4503,20.4595],[106.4467,20.4588],[106.4434,20.4593],[106.4419,20.4535],[106.4439,20.453],[106.4441,20.45],[106.4396,20.4454],[106.4394,20.4404],[106.4439,20.4397],[106.4426,20.435],[106.44,20.4345],[106.4385,20.4309],[106.439,20.4269],[106.4387,20.4223],[106.4368,20.4218],[106.4328,20.4245],[106.4309,20.4223],[106.4286,20.4215],[106.4247,20.424],[106.4236,20.4224],[106.4277,20.4191],[106.4263,20.4157],[106.4275,20.4145],[106.4318,20.4169],[106.4345,20.4152],[106.438,20.4086],[106.4466,20.4109],[106.4503,20.4103],[106.4525,20.4087],[106.4565,20.4078],[106.4621,20.4026],[106.4643,20.4033],[106.4659,20.4012],[106.4701,20.4004],[106.4709,20.4018],[106.469,20.4084],[106.4636,20.4126],[106.4674,20.4158],[106.4706,20.4175],[106.4754,20.4236],[106.4745,20.4278],[106.4764,20.4298],[106.4779,20.4343],[106.482,20.4384],[106.484,20.4382],[106.4868,20.4423],[106.4869,20.4441],[106.4898,20.4471],[106.4891,20.4482],[106.4832,20.4495],[106.4816,20.4514],[106.4762,20.4502]]]},"properties":{"ma_xa":"13120","ten_xa":"Lê Lợi","sap_nhap":"Thống Nhất (huyện Kiến Xương), Lê Lợi","tru_so":"đang cập nhật","loai":"Xã","cap":2,"stt":90,"dtich_km2":21.39,"dan_so":25505,"matdo_km2":1192.38,"ma_tinh":"33","ten_tinh":"Hưng Yên"}},
{"type":"Feature","geometry":{"type":"Polygon","coordinates":[[[106.1766,20.5832],[106.1742,20.5808],[106.1689,20.5823],[106.168,20.5807],[106.1643,20.5808],[106.159,20.5883],[106.1591,20.5896],[106.1532,20.5912],[106.1517,20.5954],[106.1483,20.5936],[106.148,20.5895],[106.144,20.5822],[106.1335,20.5735],[106.1363,20.5714],[106.1408,20.5698],[106.1536,20.5657],[106.1599,20.5627],[106.166,20.5584],[106.1686,20.5557],[106.1716,20.5501],[106.1731,20.5463],[106.1754,20.5356],[106.1773,20.5304],[106.1796,20.5304],[106.181,20.5352],[106.1856,20.5367],[106.1868,20.539],[106.1898,20.5402],[106.1939,20.5373],[106.1966,20.5365],[106.1977,20.5381],[106.2012,20.5374],[106.2029,20.5424],[106.2008,20.544],[106.2001,20.5492],[106.202,20.5519],[106.2036,20.5591],[106.202,20.5651],[106.1974,20.576],[106.1937,20.5753],[106.1917,20.5731],[106.189,20.572],[106.182,20.5716],[106.1789,20.5741],[106.177,20.5769],[106.1776,20.5791],[106.1766,20.5832]]]},"properties":{"ma_xa":"12676","ten_xa":"Lê Quý Đôn","sap_nhap":"Minh Tân (huyện Hưng Hà), Độc Lập, Hồng An","tru_so":"đang cập nhật","loai":"Xã","cap":2,"stt":75,"dtich_km2":21.72,"dan_so":23534,"matdo_km2":1083.52,"ma_tinh":"33","ten_tinh":"Hưng Yên"}},
{"type":"Feature","geometry":{"type":"Polygon","coordinates":[[[106.1824,20.6145],[106.1795,20.6153],[106.1782,20.6181],[106.1713,20.6182],[106.1673,20.6148],[106.1647,20.6145],[106.164,20.6118],[106.1592,20.6146],[106.1563,20.6186],[106.1536,20.6203],[106.1561,20.6222],[106.1541,20.6268],[106.1554,20.6331],[106.1526,20.6341],[106.1537,20.6363],[106.1505,20.6368],[106.1492,20.6491],[106.1527,20.6536],[106.147,20.6583],[106.1429,20.6596],[106.1361,20.6585],[106.1337,20.6564],[106.1298,20.6514],[106.1267,20.6485],[106.1217,20.6462],[106.1164,20.646],[106.1121,20.6443],[106.1103,20.6418],[106.1118,20.6386],[106.1214,20.635],[106.1269,20.6314],[106.129,20.6233],[106.1269,20.6225],[106.1217,20.6179],[106.1253,20.6146],[106.1288,20.605],[106.1298,20.5963],[106.1297,20.5848],[106.1307,20.579],[106.1335,20.5735],[106.144,20.5822],[106.148,20.5895],[106.1483,20.5936],[106.1517,20.5954],[106.1532,20.5912],[106.1591,20.5896],[106.159,20.5883],[106.1643,20.5808],[106.168,20.5807],[106.1689,20.5823],[106.1742,20.5808],[106.1766,20.5832],[106.1747,20.5842],[106.1754,20.5893],[106.1828,20.5912],[106.1851,20.5944],[106.1857,20.5977],[106.1846,20.6019],[106.1797,20.6053],[106.1833,20.608],[106.1824,20.6145]]]},"properties":{"ma_xa":"12613","ten_xa":"Long Hưng","sap_nhap":"Hưng Nhân (thị trấn), Thái Hưng (huyện Hưng Hà), Tân Lễ, Tiến Đức, Liên Hiệp","tru_so":"đang cập nhật","loai":"Xã","cap":2,"stt":80,"dtich_km2":33.67,"dan_so":48593,"matdo_km2":1443.21,"ma_tinh":"33","ten_tinh":"Hưng Yên"}},
{"type":"Feature","geometry":{"type":"Polygon","coordinates":[[[106.0848,20.7667],[106.0797,20.7699],[106.079,20.768],[106.0703,20.7712],[106.0673,20.7728],[106.0675,20.7751],[106.0653,20.7805],[106.0656,20.7841],[106.0629,20.7857],[106.0592,20.7853],[106.0522,20.7829],[106.0532,20.7795],[106.042,20.7731],[106.0375,20.7691],[106.0332,20.7719],[106.0296,20.7666],[106.0296,20.7586],[106.0303,20.7578],[106.0438,20.7529],[106.0528,20.7481],[106.0559,20.7457],[106.0529,20.7447],[106.0516,20.7429],[106.0513,20.7392],[106.0535,20.734],[106.0536,20.729],[106.0642,20.7278],[106.0641,20.7259],[106.0666,20.7244],[106.07,20.7242],[106.0732,20.7221],[106.0785,20.7214],[106.0833,20.7215],[106.0827,20.7265],[106.0878,20.7254],[106.0884,20.7227],[106.0927,20.7246],[106.0948,20.7274],[106.0983,20.728],[106.0995,20.7417],[106.0982,20.7431],[106.0955,20.7519],[106.0931,20.7562],[106.0924,20.7622],[106.0907,20.7629],[106.0876,20.7617],[106.0838,20.7658],[106.0848,20.7667]]]},"properties":{"ma_xa":"12280","ten_xa":"Lương Bằng","sap_nhap":"Lương Bằng (thị trấn), Phạm Ngũ Lão, Chính Nghĩa, Diên Hồng","tru_so":"đang cập nhật","loai":"Xã","cap":2,"stt":15,"dtich_km2":29.08,"dan_so":39420,"matdo_km2":1355.57,"ma_tinh":"33","ten_tinh":"Hưng Yên"}},
{"type":"Feature","geometry":{"type":"Polygon","coordinates":[[[105.9448,20.9],[105.9418,20.9004],[105.9414,20.9022],[105.9384,20.9023],[105.9306,20.9062],[105.9255,20.9103],[105.927,20.9149],[105.919,20.9161],[105.92,20.9181],[105.9153,20.9194],[105.9138,20.9157],[105.9119,20.914],[105.9029,20.9081],[105.8996,20.9053],[105.8962,20.9024],[105.8938,20.8989],[105.8947,20.894],[105.8986,20.8909],[105.9101,20.8861],[105.9185,20.8822],[105.925,20.8781],[105.9283,20.874],[105.9338,20.8685],[105.9409,20.8682],[105.9526,20.8687],[105.9482,20.8788],[105.9499,20.8793],[105.9476,20.886],[105.9461,20.8859],[105.946,20.8908],[105.9439,20.8929],[105.9434,20.8954],[105.9448,20.9]]]},"properties":{"ma_xa":"12049","ten_xa":"Mễ Sở","sap_nhap":"Bình Minh (huyện Khoái Châu), Thắng Lợi, Mễ Sở","tru_so":"đang cập nhật","loai":"Xã","cap":2,"stt":39,"dtich_km2":17.51,"dan_so":30138,"matdo_km2":1721.19,"ma_tinh":"33","ten_tinh":"Hưng Yên"}},
{"type":"Feature","geometry":{"type":"Polygon","coordinates":[[[106.3645,20.7049],[106.361,20.7021],[106.3546,20.7005],[106.3498,20.7009],[106.3448,20.7039],[106.3413,20.7102],[106.3387,20.7114],[106.3335,20.7107],[106.3306,20.7091],[106.3254,20.7033],[106.3191,20.6986],[106.31,20.6945],[106.3027,20.69],[106.3011,20.69],[106.303,20.6864],[106.3034,20.6785],[106.3038,20.673],[106.3023,20.6674],[106.3049,20.6659],[106.3063,20.6687],[106.3084,20.6665],[106.3098,20.6681],[106.3089,20.6721],[106.3113,20.6733],[106.3139,20.672],[106.3165,20.6753],[106.3224,20.6766],[106.325,20.6805],[106.3283,20.682],[106.3312,20.6815],[106.3358,20.6826],[106.3405,20.6803],[106.3449,20.6793],[106.3462,20.6813],[106.3498,20.6801],[106.3494,20.6781],[106.3464,20.6766],[106.343,20.6768],[106.3439,20.6737],[106.3475,20.6701],[106.3484,20.6673],[106.3533,20.6676],[106.3548,20.6616],[106.3564,20.666],[106.3587,20.6666],[106.3631,20.6649],[106.3651,20.6618],[106.3662,20.6651],[106.3687,20.6681],[106.3738,20.6695],[106.3717,20.672],[106.3729,20.6744],[106.3701,20.6755],[106.3708,20.6824],[106.3683,20.6851],[106.3705,20.6859],[106.3645,20.7009],[106.3645,20.7049]]]},"properties":{"ma_xa":"12511","ten_xa":"Minh Thọ","sap_nhap":"Quỳnh Hoa, Quỳnh Minh, Quỳnh Giao, Quỳnh Thọ","tru_so":"đang cập nhật","loai":"Xã","cap":2,"stt":65,"dtich_km2":22.11,"dan_so":24659,"matdo_km2":1115.29,"ma_tinh":"33","ten_tinh":"Hưng Yên"}},
{"type":"Feature","geometry":{"type":"Polygon","coordinates":[[[106.1137,20.9581],[106.1101,20.9595],[106.11,20.9612],[106.1067,20.9626],[106.1018,20.9633],[106.102,20.9648],[106.0973,20.9649],[106.0975,20.9681],[106.0938,20.969],[106.0945,20.9712],[106.0866,20.9755],[106.0845,20.9707],[106.0783,20.9728],[106.0787,20.9744],[106.0688,20.9778],[106.0658,20.973],[106.069,20.9721],[106.0683,20.9689],[106.0708,20.9667],[106.0703,20.9643],[106.056,20.9629],[106.0538,20.96],[106.0487,20.9563],[106.0448,20.9586],[106.0432,20.9571],[106.0425,20.9529],[106.0401,20.9565],[106.0368,20.9566],[106.0367,20.9523],[106.0322,20.9539],[106.031,20.9497],[106.033,20.946],[106.0322,20.9408],[106.0368,20.9393],[106.0413,20.9361],[106.0427,20.933],[106.047,20.932],[106.0489,20.9358],[106.0535,20.9344],[106.0531,20.9323],[106.0586,20.9321],[106.0588,20.9332],[106.0673,20.9304],[106.068,20.9323],[106.0743,20.9316],[106.0777,20.9303],[106.0844,20.9317],[106.0858,20.9327],[106.0905,20.9324],[106.0923,20.9298],[106.1012,20.9295],[106.1069,20.9321],[106.1069,20.9353],[106.103,20.9364],[106.1013,20.9389],[106.1025,20.9445],[106.1057,20.9438],[106.1068,20.9465],[106.1122,20.9478],[106.1109,20.9519],[106.1137,20.9581]]]},"properties":{"ma_xa":"12103","ten_xa":"Mỹ Hào","sap_nhap":"Bần Yên Nhân, Nhân Hòa, Phan Đình Phùng, Cẩm Xá","tru_so":"đang cập nhật","loai":"Phường","cap":2,"stt":4,"dtich_km2":28.36,"dan_so":57676,"matdo_km2":2033.71,"ma_tinh":"33","ten_tinh":"Hưng Yên"}},
{"type":"Feature","geometry":{"type":"Polygon","coordinates":[[[106.5983,20.3907],[106.5954,20.3841],[106.5933,20.374],[106.5922,20.3723],[106.5878,20.3702],[106.577,20.3669],[106.5732,20.3666],[106.57,20.3686],[106.5711,20.3716],[106.5688,20.3746],[106.569,20.3789],[106.5703,20.3837],[106.5583,20.3842],[106.5534,20.3806],[106.553,20.3763],[106.5486,20.3717],[106.5445,20.3685],[106.5416,20.3673],[106.5329,20.3651],[106.523,20.3647],[106.5185,20.3637],[106.5099,20.3596],[106.5074,20.3571],[106.5092,20.3557],[106.5111,20.3509],[106.5148,20.3455],[106.5185,20.3415],[106.5212,20.3432],[106.5336,20.3465],[106.5426,20.351],[106.5453,20.3459],[106.5523,20.3311],[106.5635,20.336],[106.5726,20.3265],[106.5754,20.3232],[106.5863,20.3197],[106.5898,20.3192],[106.5939,20.3214],[106.5981,20.3215],[106.6068,20.3243],[106.6088,20.3275],[106.6126,20.3263],[106.6182,20.3294],[106.6185,20.3344],[106.6176,20.3372],[106.6189,20.3424],[106.6192,20.3472],[106.6181,20.3543],[106.6186,20.3578],[106.6178,20.3636],[106.6155,20.374],[106.6134,20.3806],[106.6116,20.3838],[106.6076,20.3885],[106.6027,20.3904],[106.6003,20.3895],[106.5983,20.3907]]]},"properties":{"ma_xa":"13057","ten_xa":"Nam Cường","sap_nhap":"Nam Thịnh, Nam Tiến, Nam Chính, Nam Cường","tru_so":"đang cập nhật","loai":"Xã","cap":2,"stt":61,"dtich_km2":28.77,"dan_so":37759,"matdo_km2":1312.44,"ma_tinh":"33","ten_tinh":"Hưng Yên"}},
{"type":"Feature","geometry":{"type":"Polygon","coordinates":[[[106.3776,20.5296],[106.3708,20.5287],[106.3662,20.5291],[106.3618,20.5306],[106.359,20.5276],[106.356,20.5295],[106.3574,20.5347],[106.3522,20.5332],[106.3492,20.534],[106.3458,20.5321],[106.3426,20.5298],[106.3383,20.525],[106.3367,20.5248],[106.3402,20.514],[106.3424,20.5113],[106.3458,20.5109],[106.3466,20.5093],[106.3501,20.5107],[106.3527,20.5036],[106.3552,20.5038],[106.3562,20.5013],[106.36,20.501],[106.3643,20.5057],[106.3685,20.5034],[106.3683,20.5009],[106.3738,20.5021],[106.3768,20.4989],[106.3769,20.4905],[106.3776,20.4888],[106.3824,20.4881],[106.3981,20.4838],[106.4038,20.4827],[106.404,20.4853],[106.3955,20.4865],[106.3957,20.4901],[106.3932,20.4903],[106.3915,20.4969],[106.3927,20.4975],[106.391,20.506],[106.3938,20.5064],[106.3922,20.5124],[106.3898,20.5134],[106.3833,20.5135],[106.3824,20.5182],[106.3743,20.5201],[106.3729,20.5217],[106.3746,20.5238],[106.3742,20.5263],[106.3789,20.5274],[106.3776,20.5296]]]},"properties":{"ma_xa":"12775","ten_xa":"Nam Đông Hưng","sap_nhap":"Đông Hoàng (huyện Đông Hưng), Xuân Quang Động ","tru_so":"đang cập nhật","loai":"Xã","cap":2,"stt":84,"dtich_km2":16.25,"dan_so":25296,"matdo_km2":1556.68,"ma_tinh":"33","ten_tinh":"Hưng Yên"}},
{"type":"Feature","geometry":{"type":"Polygon","coordinates":[[[106.5108,20.503],[106.507,20.5022],[106.5014,20.503],[106.4997,20.5023],[106.4918,20.5026],[106.4927,20.5007],[106.4996,20.4975],[106.5,20.4954],[106.4948,20.4898],[106.4925,20.4916],[106.4876,20.4987],[106.4862,20.4955],[106.4879,20.4932],[106.4898,20.4934],[106.4916,20.4911],[106.4908,20.4892],[106.4968,20.4813],[106.4936,20.4796],[106.4936,20.4772],[106.4959,20.4706],[106.4908,20.4701],[106.4899,20.4711],[106.4883,20.4788],[106.4829,20.4791],[106.4791,20.48],[106.4776,20.4712],[106.4755,20.4663],[106.4697,20.4572],[106.469,20.4518],[106.4731,20.4499],[106.4762,20.4502],[106.4816,20.4514],[106.4868,20.4527],[106.4946,20.4531],[106.4991,20.4513],[106.5045,20.4461],[106.5083,20.444],[106.5124,20.4429],[106.5164,20.443],[106.5185,20.4436],[106.526,20.4476],[106.5359,20.4553],[106.5473,20.4637],[106.5412,20.4683],[106.5347,20.4745],[106.5274,20.4693],[106.5244,20.477],[106.5298,20.4808],[106.5282,20.4822],[106.5252,20.482],[106.5239,20.4856],[106.5216,20.4881],[106.5161,20.4865],[106.5148,20.4904],[106.5083,20.4899],[106.5108,20.503]]]},"properties":{"ma_xa":"12961","ten_xa":"Nam Thái Ninh","sap_nhap":"Thái Thọ, Thái Thịnh, Thuần Thành","tru_so":"đang cập nhật","loai":"Xã","cap":2,"stt":53,"dtich_km2":26.4,"dan_so":19959,"matdo_km2":756.02,"ma_tinh":"33","ten_tinh":"Hưng Yên"}},
{"type":"Feature","geometry":{"type":"Polygon","coordinates":[[[106.4846,20.5608],[106.4827,20.5615],[106.4766,20.5605],[106.4737,20.5643],[106.471,20.5656],[106.4699,20.5681],[106.4531,20.5715],[106.4489,20.5745],[106.4471,20.5738],[106.4455,20.5715],[106.438,20.5666],[106.4413,20.5639],[106.4405,20.5614],[106.4339,20.5562],[106.4331,20.5521],[106.4338,20.5495],[106.4399,20.5424],[106.4444,20.5382],[106.4501,20.536],[106.4546,20.5359],[106.4581,20.5369],[106.4639,20.5405],[106.4661,20.5407],[106.4687,20.5387],[106.472,20.5331],[106.4745,20.5321],[106.4788,20.532],[106.4811,20.5319],[106.4817,20.5338],[106.4781,20.5353],[106.4838,20.5385],[106.4855,20.5412],[106.4864,20.5449],[106.4883,20.5454],[106.4862,20.5523],[106.4859,20.558],[106.4846,20.5608]]]},"properties":{"ma_xa":"12904","ten_xa":"Nam Thụy Anh","sap_nhap":"Thụy Thanh, Thụy Phong, Thụy Duyên","tru_so":"đang cập nhật","loai":"Xã","cap":2,"stt":49,"dtich_km2":17.4,"dan_so":22260,"matdo_km2":1279.31,"ma_tinh":"33","ten_tinh":"Hưng Yên"}},
{"type":"Feature","geometry":{"type":"Polygon","coordinates":[[[106.5212,20.3432],[106.5185,20.3415],[106.5148,20.3455],[106.5111,20.3509],[106.5092,20.3557],[106.5074,20.3571],[106.5055,20.3554],[106.5021,20.3547],[106.4942,20.3541],[106.4907,20.3503],[106.4895,20.3409],[106.4847,20.3366],[106.4794,20.3288],[106.4781,20.3261],[106.478,20.3207],[106.4753,20.3107],[106.4772,20.3081],[106.484,20.308],[106.492,20.303],[106.4955,20.3069],[106.5005,20.309],[106.508,20.3086],[106.5143,20.3097],[106.5247,20.3157],[106.5277,20.3162],[106.5313,20.3139],[106.5376,20.305],[106.5389,20.3097],[106.5402,20.31],[106.5329,20.3238],[106.5253,20.3375],[106.5212,20.3432]]]},"properties":{"ma_xa":"13063","ten_xa":"Nam Tiền Hải","sap_nhap":"Nam Hồng, Nam Hà, Nam Hải","tru_so":"đang cập nhật","loai":"Xã","cap":2,"stt":63,"dtich_km2":22.62,"dan_so":30698,"matdo_km2":1357.12,"ma_tinh":"33","ten_tinh":"Hưng Yên"}},
{"type":"Feature","geometry":{"type":"Polygon","coordinates":[[[106.3367,20.5248],[106.3319,20.5262],[106.3309,20.5291],[106.3289,20.5303],[106.3236,20.529],[106.3174,20.535],[106.3173,20.5387],[106.3136,20.542],[106.3091,20.541],[106.3075,20.5355],[106.3005,20.5315],[106.297,20.5326],[106.2949,20.532],[106.2939,20.5362],[106.2944,20.5399],[106.2928,20.5418],[106.2898,20.5417],[106.2888,20.5391],[106.2805,20.5398],[106.2774,20.539],[106.2765,20.5344],[106.2741,20.5342],[106.2733,20.5279],[106.2746,20.5256],[106.2722,20.5236],[106.2704,20.5196],[106.2666,20.5167],[106.2654,20.512],[106.2628,20.51],[106.263,20.508],[106.2655,20.504],[106.2678,20.5018],[106.2724,20.5026],[106.2771,20.4969],[106.2817,20.4934],[106.2857,20.4926],[106.2877,20.4934],[106.2905,20.4974],[106.2907,20.4992],[106.2879,20.51],[106.29,20.5122],[106.2953,20.5127],[106.3004,20.5115],[106.3071,20.508],[106.3103,20.507],[106.3214,20.5059],[106.329,20.5076],[106.3342,20.5074],[106.3374,20.5063],[106.336,20.5077],[106.3424,20.5113],[106.3402,20.514],[106.3367,20.5248]]]},"properties":{"ma_xa":"12763","ten_xa":"Nam Tiên Hưng","sap_nhap":"Liên Hoa, Hồng Giang, Trọng Quan, Minh Phú","tru_so":"đang cập nhật","loai":"Xã","cap":2,"stt":88,"dtich_km2":23.94,"dan_so":30738,"matdo_km2":1283.96,"ma_tinh":"33","ten_tinh":"Hưng Yên"}},
{"type":"Feature","geometry":{"type":"Polygon","coordinates":[[[106.0654,20.795],[106.0647,20.796],[106.0602,20.7949],[106.0512,20.8147],[106.048,20.8135],[106.0451,20.8139],[106.0385,20.808],[106.0337,20.806],[106.0291,20.8026],[106.0303,20.8011],[106.0152,20.7943],[106.0132,20.7958],[106.0121,20.79],[106.0113,20.7897],[106.0092,20.7821],[106.0131,20.7765],[106.0158,20.7777],[106.0162,20.7719],[106.0176,20.7716],[106.0171,20.7672],[106.0155,20.7668],[106.0149,20.7614],[106.0095,20.7621],[106.0083,20.7569],[106.0057,20.7575],[106.002,20.7532],[106.0022,20.7444],[106.0078,20.7438],[106.0097,20.742],[106.0166,20.7406],[106.0212,20.7408],[106.0229,20.748],[106.0248,20.7508],[106.0274,20.7515],[106.0303,20.7578],[106.0296,20.7586],[106.0296,20.7666],[106.0332,20.7719],[106.0375,20.7691],[106.042,20.7731],[106.0532,20.7795],[106.0522,20.7829],[106.0592,20.7853],[106.0629,20.7857],[106.062,20.7923],[106.0654,20.795]]]},"properties":{"ma_xa":"12286","ten_xa":"Nghĩa Dân","sap_nhap":"Đồng Thanh (huyện Kim Động), Vĩnh Xá, Toàn Thắng, Nghĩa Dân","tru_so":"đang cập nhật","loai":"Xã","cap":2,"stt":16,"dtich_km2":23.29,"dan_so":34669,"matdo_km2":1488.58,"ma_tinh":"33","ten_tinh":"Hưng Yên"}},
{"type":"Feature","geometry":{"type":"Polygon","coordinates":[[[106.016,20.9319],[106.012,20.9344],[106.0091,20.9379],[106.0079,20.9441],[106.0057,20.9481],[105.9987,20.948],[105.997,20.953],[105.9907,20.9589],[105.9868,20.9635],[105.9818,20.9676],[105.9787,20.9685],[105.9738,20.9654],[105.9736,20.9606],[105.9694,20.9563],[105.9666,20.9562],[105.9617,20.956],[105.9531,20.9571],[105.948,20.9548],[105.9489,20.9536],[105.9479,20.9478],[105.9454,20.9382],[105.9429,20.9311],[105.9405,20.9303],[105.941,20.9257],[105.9423,20.9245],[105.9462,20.9262],[105.9456,20.9233],[105.9505,20.9255],[105.9509,20.9243],[105.964,20.9284],[105.9633,20.9348],[105.9647,20.9354],[105.9757,20.9363],[105.9802,20.9304],[105.9789,20.9296],[105.9819,20.926],[105.9827,20.9228],[105.9834,20.9212],[105.9904,20.9229],[105.993,20.9211],[105.9976,20.9206],[106.0007,20.9219],[106.0007,20.924],[106.0044,20.9259],[106.0061,20.9252],[106.0086,20.9272],[106.0135,20.9237],[106.0125,20.9253],[106.0156,20.929],[106.016,20.9319]]]},"properties":{"ma_xa":"12031","ten_xa":"Nghĩa Trụ","sap_nhap":"Long Hưng, Vĩnh Khúc, Nghĩa Trụ","tru_so":"đang cập nhật","loai":"Xã","cap":2,"stt":36,"dtich_km2":22.8,"dan_so":46561,"matdo_km2":2042.15,"ma_tinh":"33","ten_tinh":"Hưng Yên"}},
{"type":"Feature","geometry":{"type":"Polygon","coordinates":[[[106.3011,20.69],[106.2991,20.6912],[106.2933,20.6966],[106.2946,20.7029],[106.2937,20.7072],[106.2864,20.7112],[106.2831,20.709],[106.2835,20.7029],[106.2876,20.7],[106.2886,20.6947],[106.2853,20.6933],[106.2761,20.6928],[106.2711,20.6966],[106.2675,20.7029],[106.2652,20.7043],[106.2607,20.7036],[106.2517,20.699],[106.2494,20.6966],[106.2497,20.6942],[106.2519,20.6914],[106.255,20.6896],[106.2684,20.6874],[106.2692,20.6842],[106.2674,20.6808],[106.2635,20.6788],[106.2492,20.6742],[106.2526,20.6684],[106.253,20.6631],[106.2521,20.6591],[106.2557,20.6588],[106.2611,20.6555],[106.2708,20.652],[106.2734,20.6502],[106.2806,20.6526],[106.281,20.6495],[106.2787,20.6484],[106.2805,20.6463],[106.2819,20.6499],[106.2845,20.651],[106.2847,20.6554],[106.2823,20.6589],[106.2848,20.6602],[106.2882,20.6603],[106.2898,20.6578],[106.2934,20.6581],[106.2918,20.6637],[106.289,20.6664],[106.2849,20.6648],[106.2852,20.6683],[106.2842,20.6699],[106.2861,20.6723],[106.2841,20.6772],[106.2864,20.6776],[106.2909,20.6843],[106.2939,20.6824],[106.2945,20.6804],[106.2985,20.6782],[106.3034,20.6785],[106.303,20.6864],[106.3011,20.69]]]},"properties":{"ma_xa":"12517","ten_xa":"Ngọc Lâm","sap_nhap":"Quỳnh Hoàng, Quỳnh Lâm, Quỳnh Ngọc","tru_so":"đang cập nhật","loai":"Xã","cap":2,"stt":68,"dtich_km2":19.82,"dan_so":24482,"matdo_km2":1235.22,"ma_tinh":"33","ten_tinh":"Hưng Yên"}},
{"type":"Feature","geometry":{"type":"Polygon","coordinates":[[[106.2156,20.6423],[106.2066,20.6431],[106.2015,20.6444],[106.1894,20.6518],[106.18,20.6572],[106.1733,20.6578],[106.1713,20.6558],[106.1703,20.6529],[106.1697,20.6467],[106.1673,20.645],[106.1639,20.6449],[106.1602,20.6467],[106.1527,20.6536],[106.1492,20.6491],[106.1505,20.6368],[106.1537,20.6363],[106.1526,20.6341],[106.1554,20.6331],[106.1541,20.6268],[106.1561,20.6222],[106.1536,20.6203],[106.1563,20.6186],[106.1592,20.6146],[106.164,20.6118],[106.1647,20.6145],[106.1673,20.6148],[106.1713,20.6182],[106.1782,20.6181],[106.1795,20.6153],[106.1824,20.6145],[106.1877,20.6137],[106.1914,20.6158],[106.1958,20.6203],[106.2001,20.6186],[106.2024,20.616],[106.207,20.6207],[106.2066,20.6238],[106.2097,20.6261],[106.2105,20.629],[106.213,20.6302],[106.2135,20.6324],[106.2114,20.6364],[106.2156,20.6385],[106.2156,20.6423]]]},"properties":{"ma_xa":"12595","ten_xa":"Ngự Thiên","sap_nhap":"Tân Hòa (huyện Hưng Hà), Canh Tân, Cộng Hòa, Hòa Tiến","tru_so":"đang cập nhật","loai":"Xã","cap":2,"stt":79,"dtich_km2":22.41,"dan_so":31109,"matdo_km2":1388.17,"ma_tinh":"33","ten_tinh":"Hưng Yên"}},
{"type":"Feature","geometry":{"type":"Polygon","coordinates":[[[106.3034,20.6785],[106.2985,20.6782],[106.2945,20.6804],[106.2939,20.6824],[106.2909,20.6843],[106.2864,20.6776],[106.2841,20.6772],[106.2861,20.6723],[106.2842,20.6699],[106.2852,20.6683],[106.2849,20.6648],[106.289,20.6664],[106.2918,20.6637],[106.2934,20.6581],[106.2898,20.6578],[106.2882,20.6603],[106.2848,20.6602],[106.2823,20.6589],[106.2847,20.6554],[106.2845,20.651],[106.2819,20.6499],[106.2805,20.6463],[106.2783,20.6389],[106.282,20.6375],[106.2832,20.6386],[106.2929,20.6343],[106.2891,20.629],[106.2905,20.6263],[106.2922,20.6273],[106.2949,20.625],[106.2941,20.6223],[106.2974,20.6152],[106.3014,20.6131],[106.3021,20.6093],[106.307,20.6088],[106.312,20.6101],[106.3146,20.6094],[106.3181,20.6131],[106.3206,20.6104],[106.3261,20.6152],[106.3245,20.6181],[106.3221,20.6142],[106.3184,20.6163],[106.3159,20.6157],[106.3123,20.6178],[106.3146,20.6206],[106.3138,20.6229],[106.3118,20.6238],[106.3089,20.628],[106.3074,20.6338],[106.309,20.635],[106.3066,20.636],[106.304,20.6402],[106.3084,20.6424],[106.3075,20.6529],[106.3067,20.6566],[106.3078,20.6589],[106.3119,20.6617],[106.3084,20.6665],[106.3063,20.6687],[106.3049,20.6659],[106.3023,20.6674],[106.3038,20.673],[106.3034,20.6785]]]},"properties":{"ma_xa":"12532","ten_xa":"Nguyễn Du","sap_nhap":"Châu Sơn, Quỳnh Khê, Quỳnh Nguyên","tru_so":"đang cập nhật","loai":"Xã","cap":2,"stt":66,"dtich_km2":16.75,"dan_so":22374,"matdo_km2":1335.76,"ma_tinh":"33","ten_tinh":"Hưng Yên"}},
{"type":"Feature","geometry":{"type":"Polygon","coordinates":[[[106.1502,20.7836],[106.1473,20.7864],[106.1458,20.7895],[106.1421,20.7943],[106.1383,20.8011],[106.1317,20.8061],[106.134,20.8093],[106.1381,20.8098],[106.1406,20.8143],[106.1403,20.8186],[106.1374,20.8231],[106.1337,20.8254],[106.1306,20.8291],[106.1281,20.8297],[106.1254,20.8288],[106.1238,20.8282],[106.1248,20.8235],[106.123,20.8186],[106.1154,20.806],[106.1085,20.8078],[106.1063,20.8048],[106.103,20.7984],[106.1003,20.7963],[106.0918,20.7958],[106.0885,20.7964],[106.0866,20.8004],[106.083,20.801],[106.0739,20.8004],[106.072,20.7992],[106.0712,20.7976],[106.0654,20.795],[106.062,20.7923],[106.0629,20.7857],[106.0656,20.7841],[106.0653,20.7805],[106.0675,20.7751],[106.0673,20.7728],[106.0703,20.7712],[106.079,20.768],[106.0797,20.7699],[106.0848,20.7667],[106.0973,20.7795],[106.1035,20.7741],[106.1106,20.7778],[106.1141,20.778],[106.1148,20.7744],[106.1224,20.7747],[106.1255,20.7729],[106.1305,20.7727],[106.1346,20.7737],[106.1383,20.7776],[106.1408,20.7771],[106.1431,20.7717],[106.1463,20.7719],[106.1476,20.769],[106.1484,20.7717],[106.1536,20.7717],[106.1539,20.7747],[106.149,20.7792],[106.1502,20.7836]]]},"properties":{"ma_xa":"12184","ten_xa":"Nguyễn Trãi","sap_nhap":"Đặng Lễ, Cẩm Ninh, Đa Lộc, Nguyễn Trãi","tru_so":"đang cập nhật","loai":"Xã","cap":2,"stt":22,"dtich_km2":30.68,"dan_so":31648,"matdo_km2":1031.55,"ma_tinh":"33","ten_tinh":"Hưng Yên"}},
{"type":"Feature","geometry":{"type":"Polygon","coordinates":[[[106.0586,20.9321],[106.0531,20.9323],[106.0535,20.9344],[106.0489,20.9358],[106.047,20.932],[106.0427,20.933],[106.0413,20.9361],[106.0368,20.9393],[106.0322,20.9408],[106.033,20.946],[106.031,20.9497],[106.0322,20.9539],[106.0299,20.9511],[106.0271,20.953],[106.024,20.9444],[106.022,20.9411],[106.02,20.9415],[106.0164,20.9384],[106.0208,20.9349],[106.016,20.9319],[106.0156,20.929],[106.0125,20.9253],[106.0135,20.9237],[106.0172,20.9188],[106.0195,20.9176],[106.0224,20.9181],[106.0255,20.9144],[106.0224,20.9125],[106.0208,20.9091],[106.0218,20.9036],[106.025,20.9007],[106.0291,20.9008],[106.0294,20.8979],[106.0345,20.8979],[106.0363,20.9008],[106.0392,20.9013],[106.0442,20.9063],[106.0482,20.9067],[106.0499,20.9083],[106.0541,20.9059],[106.0535,20.9047],[106.062,20.9021],[106.0617,20.9003],[106.0673,20.8993],[106.0676,20.9003],[106.076,20.8967],[106.0756,20.9009],[106.0728,20.9023],[106.0745,20.9075],[106.0727,20.908],[106.0739,20.9141],[106.0698,20.9153],[106.0708,20.9183],[106.0677,20.9192],[106.0687,20.922],[106.0662,20.9228],[106.0647,20.9258],[106.0657,20.9283],[106.0636,20.9305],[106.0586,20.9321]]]},"properties":{"ma_xa":"12064","ten_xa":"Nguyễn Văn Linh","sap_nhap":"Ngọc Long, Liêu Xá, Nguyễn Văn Linh","tru_so":"đang cập nhật","loai":"Xã","cap":2,"stt":32,"dtich_km2":20.9,"dan_so":47867,"matdo_km2":2290.29,"ma_tinh":"33","ten_tinh":"Hưng Yên"}},
{"type":"Feature","geometry":{"type":"Polygon","coordinates":[[[105.9965,21.0003],[105.9914,21.001],[105.9872,20.9974],[105.9832,20.997],[105.9775,20.9995],[105.9715,20.9945],[105.9722,20.9897],[105.9688,20.9887],[105.9666,20.991],[105.9616,20.9892],[105.964,20.9845],[105.9623,20.9823],[105.963,20.9802],[105.9613,20.9759],[105.9625,20.9735],[105.9647,20.9725],[105.9652,20.9679],[105.964,20.9634],[105.9641,20.96],[105.9659,20.9598],[105.9666,20.9562],[105.9694,20.9563],[105.9736,20.9606],[105.9738,20.9654],[105.9787,20.9685],[105.9818,20.9676],[105.9868,20.9635],[105.9907,20.9589],[105.997,20.953],[105.9987,20.948],[106.0057,20.9481],[106.0079,20.9441],[106.0091,20.9379],[106.012,20.9344],[106.016,20.9319],[106.0208,20.9349],[106.0164,20.9384],[106.02,20.9415],[106.022,20.9411],[106.024,20.9444],[106.0271,20.953],[106.0299,20.9511],[106.0322,20.9539],[106.0367,20.9523],[106.0368,20.9566],[106.0332,20.9568],[106.0357,20.9599],[106.0326,20.961],[106.0336,20.9646],[106.0306,20.9653],[106.029,20.9697],[106.0213,20.9716],[106.0185,20.9746],[106.0171,20.9741],[106.0133,20.9759],[106.0092,20.9811],[106.0083,20.9831],[106.0028,20.9821],[106.0017,20.9847],[105.9997,20.985],[106.0013,20.9911],[105.9969,20.9953],[105.9965,21.0003]]]},"properties":{"ma_xa":"12004","ten_xa":"Như Quỳnh","sap_nhap":"Như Quỳnh (thị trấn), Tân Quang, Lạc Hồng, Trưng Trắc, Đình Dù (1 phần)","tru_so":"đang cập nhật","loai":"Xã","cap":2,"stt":33,"dtich_km2":27.32,"dan_so":77703,"matdo_km2":2844.18,"ma_tinh":"33","ten_tinh":"Hưng Yên"}},
{"type":"Feature","geometry":{"type":"Polygon","coordinates":[[[106.1388,20.8939],[106.1342,20.893],[106.1267,20.8977],[106.124,20.8968],[106.1059,20.8831],[106.0954,20.8748],[106.093,20.8735],[106.092,20.8772],[106.0889,20.8793],[106.087,20.8834],[106.0851,20.882],[106.075,20.8766],[106.0764,20.8743],[106.0759,20.871],[106.0737,20.8685],[106.0755,20.8584],[106.077,20.8569],[106.0809,20.8567],[106.0796,20.8544],[106.0817,20.851],[106.0832,20.8463],[106.0806,20.8452],[106.0815,20.8426],[106.0866,20.8438],[106.088,20.845],[106.0935,20.8404],[106.0972,20.8403],[106.1002,20.8417],[106.1013,20.8447],[106.102,20.8531],[106.1061,20.853],[106.108,20.855],[106.1106,20.8547],[106.1128,20.8527],[106.1215,20.8502],[106.123,20.8517],[106.1261,20.8496],[106.1234,20.8472],[106.1293,20.8421],[106.1292,20.8454],[106.1261,20.8478],[106.133,20.8505],[106.1368,20.8503],[106.1375,20.852],[106.1416,20.8577],[106.1422,20.8603],[106.1422,20.8694],[106.1437,20.8713],[106.1439,20.8782],[106.1466,20.8807],[106.1474,20.883],[106.1474,20.8881],[106.1454,20.8912],[106.1388,20.8939]]]},"properties":{"ma_xa":"12148","ten_xa":"Phạm Ngũ Lão","sap_nhap":"Bắc Sơn (huyện Ân Thi), Phù Ủng, Đào Dương, Bãi Sậy","tru_so":"đang cập nhật","loai":"Xã","cap":2,"stt":21,"dtich_km2":29.32,"dan_so":37053,"matdo_km2":1263.74,"ma_tinh":"33","ten_tinh":"Hưng Yên"}},
{"type":"Feature","geometry":{"type":"Polygon","coordinates":[[[106.0803,20.6949],[106.0791,20.6953],[106.0693,20.694],[106.0714,20.6906],[106.0697,20.6895],[106.0678,20.6856],[106.06,20.6838],[106.0578,20.6801],[106.0581,20.6753],[106.0592,20.6745],[106.0587,20.6692],[106.0526,20.6702],[106.0514,20.6617],[106.0496,20.6586],[106.0496,20.6546],[106.0469,20.6521],[106.0457,20.6561],[106.0427,20.6569],[106.0336,20.653],[106.0325,20.6452],[106.0334,20.6381],[106.0408,20.6422],[106.0485,20.6437],[106.0503,20.642],[106.0536,20.6432],[106.0566,20.6409],[106.058,20.6444],[106.0621,20.6441],[106.063,20.648],[106.0676,20.6476],[106.0674,20.6438],[106.0702,20.6437],[106.0708,20.6402],[106.0771,20.6428],[106.0833,20.6419],[106.0837,20.6458],[106.0909,20.6502],[106.0891,20.6538],[106.0908,20.6563],[106.0857,20.6636],[106.0824,20.6662],[106.092,20.6678],[106.0946,20.67],[106.0932,20.6723],[106.0914,20.6761],[106.0944,20.6826],[106.0912,20.6843],[106.0901,20.6872],[106.0877,20.6877],[106.0835,20.6863],[106.0823,20.6874],[106.0799,20.6941],[106.0803,20.6949]]]},"properties":{"ma_xa":"11953","ten_xa":"Phố Hiến","sap_nhap":"An Tảo, Lê Lợi, Hiến Nam, Minh Khai, Trung Nghĩa, Liên Phương","tru_so":"đang cập nhật","loai":"Phường","cap":2,"stt":1,"dtich_km2":21.5,"dan_so":68982,"matdo_km2":3208.47,"ma_tinh":"33","ten_tinh":"Hưng Yên"}},
{"type":"Feature","geometry":{"type":"Polygon","coordinates":[[[106.4398,20.6605],[106.4372,20.6617],[106.4301,20.6684],[106.4271,20.6702],[106.4257,20.6692],[106.4237,20.6728],[106.4197,20.677],[106.4108,20.6838],[106.4099,20.6816],[106.4057,20.6779],[106.4062,20.6758],[106.4036,20.6732],[106.4005,20.6739],[106.4012,20.6697],[106.3996,20.6682],[106.4015,20.6639],[106.3992,20.6642],[106.3983,20.6617],[106.3993,20.6587],[106.3984,20.6548],[106.3929,20.6545],[106.3937,20.6514],[106.392,20.6496],[106.407,20.6542],[106.4077,20.648],[106.4089,20.6467],[106.4059,20.6426],[106.3998,20.642],[106.4003,20.6394],[106.4046,20.637],[106.4063,20.6338],[106.4095,20.6348],[106.4101,20.6302],[106.4075,20.6255],[106.4043,20.6268],[106.4031,20.6252],[106.4035,20.6206],[106.3901,20.6172],[106.3914,20.6136],[106.3967,20.6088],[106.3976,20.6067],[106.4166,20.6238],[106.4189,20.6263],[106.4226,20.6282],[106.4291,20.6277],[106.4313,20.6243],[106.429,20.6224],[106.4232,20.622],[106.4228,20.619],[106.4256,20.6155],[106.43,20.6135],[106.4356,20.6134],[106.4338,20.6103],[106.4306,20.6116],[106.4277,20.6113],[106.4262,20.6097],[106.4281,20.6057],[106.4353,20.6083],[106.4371,20.6062],[106.4325,20.6038],[106.4331,20.6008],[106.4408,20.5995],[106.4432,20.6009],[106.4444,20.6088],[106.4475,20.6093],[106.4517,20.6049],[106.4567,20.6064],[106.4561,20.6082],[106.4591,20.6096],[106.458,20.6117],[106.4646,20.615],[106.4586,20.6179],[106.4513,20.6194],[106.4501,20.6207],[106.4513,20.6247],[106.4548,20.6317],[106.4552,20.6389],[106.4438,20.6522],[106.4445,20.6527],[106.4398,20.6605]]]},"properties":{"ma_xa":"12523","ten_xa":"Phụ Dực","sap_nhap":"An Bài (thị trấn), An Ninh (huyện Quỳnh Phụ), An Vũ, An Mỹ, An Thanh","tru_so":"đang cập nhật","loai":"Xã","cap":2,"stt":71,"dtich_km2":33.16,"dan_so":42522,"matdo_km2":1282.33,"ma_tinh":"33","ten_tinh":"Hưng Yên"}},
{"type":"Feature","geometry":{"type":"Polygon","coordinates":[[[105.9531,20.9677],[105.9502,20.9668],[105.9476,20.9693],[105.9398,20.9679],[105.9383,20.9701],[105.9363,20.9698],[105.9324,20.9736],[105.9302,20.9726],[105.9244,20.9746],[105.9148,20.9748],[105.9132,20.9708],[105.9086,20.9629],[105.9065,20.958],[105.9051,20.9508],[105.9031,20.9472],[105.91,20.9422],[105.9116,20.9388],[105.9148,20.9373],[105.915,20.9394],[105.9186,20.943],[105.9232,20.9461],[105.9261,20.9471],[105.9345,20.9454],[105.9388,20.9468],[105.9411,20.9491],[105.9479,20.9478],[105.9489,20.9536],[105.948,20.9548],[105.9531,20.9571],[105.9617,20.956],[105.9666,20.9562],[105.9659,20.9598],[105.9641,20.96],[105.964,20.9634],[105.9602,20.9636],[105.9568,20.9661],[105.9568,20.9679],[105.9531,20.9677]]]},"properties":{"ma_xa":"12025","ten_xa":"Phụng Công","sap_nhap":"Xuân Quan, Cửu Cao, Phụng Công","tru_so":"đang cập nhật","loai":"Xã","cap":2,"stt":37,"dtich_km2":14.62,"dan_so":31524,"matdo_km2":2156.22,"ma_tinh":"33","ten_tinh":"Hưng Yên"}},
{"type":"Feature","geometry":{"type":"Polygon","coordinates":[[[106.1873,20.7665],[106.1848,20.7632],[106.1813,20.7632],[106.1746,20.7718],[106.1763,20.7755],[106.1746,20.7778],[106.1724,20.7768],[106.1709,20.7794],[106.1655,20.7849],[106.1623,20.7843],[106.1597,20.7805],[106.1552,20.7802],[106.1502,20.7836],[106.149,20.7792],[106.1539,20.7747],[106.1536,20.7717],[106.1583,20.7665],[106.1573,20.764],[106.1585,20.7593],[106.165,20.7605],[106.1645,20.7579],[106.1722,20.7556],[106.1723,20.7478],[106.1732,20.7405],[106.1705,20.7374],[106.1763,20.7268],[106.1749,20.7263],[106.1772,20.7221],[106.1789,20.7217],[106.1813,20.7169],[106.1832,20.7147],[106.1861,20.7173],[106.1878,20.7147],[106.1957,20.7122],[106.1978,20.7103],[106.1995,20.7137],[106.2052,20.7181],[106.2069,20.7211],[106.2094,20.7213],[106.2086,20.7268],[106.2123,20.7293],[106.2114,20.7316],[106.214,20.7328],[106.2179,20.7322],[106.219,20.7363],[106.2187,20.7402],[106.2159,20.7494],[106.2149,20.7506],[106.2086,20.7518],[106.2035,20.752],[106.1992,20.755],[106.1968,20.7584],[106.1958,20.7614],[106.1926,20.7658],[106.1873,20.7665]]]},"properties":{"ma_xa":"12391","ten_xa":"Quang Hưng","sap_nhap":"Trần Cao (thị trấn), Minh Tân (huyện Phù Cừ), Tống Phan, Quang Hưng","tru_so":"đang cập nhật","loai":"Xã","cap":2,"stt":11,"dtich_km2":25.73,"dan_so":29462,"matdo_km2":1145.04,"ma_tinh":"33","ten_tinh":"Hưng Yên"}},
{"type":"Feature","geometry":{"type":"Polygon","coordinates":[[[106.414,20.4515],[106.4087,20.4516],[106.4031,20.4492],[106.4018,20.4434],[106.3929,20.4432],[106.3922,20.4371],[106.3937,20.4356],[106.3955,20.4308],[106.3979,20.4261],[106.3999,20.4249],[106.404,20.4244],[106.4067,20.4208],[106.4042,20.4148],[106.4025,20.414],[106.4005,20.4167],[106.3913,20.4128],[106.3933,20.4067],[106.3971,20.4072],[106.3972,20.4048],[106.3931,20.4027],[106.3929,20.3994],[106.4016,20.4001],[106.4062,20.4022],[106.4103,20.4014],[106.4122,20.3997],[106.4147,20.3936],[106.4207,20.3942],[106.4205,20.3963],[106.4235,20.4013],[106.4287,20.4034],[106.4302,20.4064],[106.4336,20.4029],[106.4387,20.4061],[106.438,20.4086],[106.4345,20.4152],[106.4318,20.4169],[106.4275,20.4145],[106.4263,20.4157],[106.4277,20.4191],[106.4236,20.4224],[106.4247,20.424],[106.4256,20.4249],[106.4214,20.4286],[106.4156,20.4305],[106.4162,20.4325],[106.4148,20.4351],[106.4119,20.4361],[106.4144,20.4444],[106.414,20.4515]]]},"properties":{"ma_xa":"13132","ten_xa":"Quang Lịch","sap_nhap":"Hòa Bình (huyện Kiến Xương), Vũ Lễ, Quang Lịch","tru_so":"đang cập nhật","loai":"Xã","cap":2,"stt":92,"dtich_km2":14.92,"dan_so":18832,"matdo_km2":1262.2,"ma_tinh":"33","ten_tinh":"Hưng Yên"}},
{"type":"Feature","geometry":{"type":"Polygon","coordinates":[[[106.3614,20.6312],[106.3624,20.6281],[106.3618,20.6241],[106.3574,20.6235],[106.3549,20.6245],[106.3503,20.6279],[106.3483,20.6312],[106.3454,20.6284],[106.3465,20.6264],[106.3414,20.6247],[106.3412,20.6219],[106.3424,20.619],[106.3395,20.617],[106.3335,20.6157],[106.3324,20.62],[106.3329,20.6252],[106.3246,20.6252],[106.319,20.6267],[106.3195,20.632],[106.3212,20.634],[106.3209,20.6367],[106.3185,20.6368],[106.312,20.6339],[106.309,20.635],[106.3074,20.6338],[106.3089,20.628],[106.3118,20.6238],[106.3138,20.6229],[106.3146,20.6206],[106.3123,20.6178],[106.3159,20.6157],[106.3184,20.6163],[106.3221,20.6142],[106.3245,20.6181],[106.3261,20.6152],[106.3279,20.6136],[106.3255,20.6095],[106.3269,20.6077],[106.3314,20.6094],[106.3358,20.6094],[106.3363,20.6065],[106.3339,20.6027],[106.3355,20.6007],[106.3363,20.5953],[106.3381,20.5909],[106.3451,20.5941],[106.3534,20.6014],[106.3544,20.6015],[106.3602,20.5966],[106.3579,20.595],[106.3598,20.5911],[106.3629,20.5908],[106.3635,20.5893],[106.3672,20.5908],[106.3698,20.5887],[106.3711,20.5908],[106.3761,20.5913],[106.3771,20.5947],[106.3794,20.5932],[106.3814,20.5905],[106.3837,20.5909],[106.3872,20.5938],[106.3868,20.5971],[106.3899,20.6009],[106.3963,20.6033],[106.3976,20.6067],[106.3967,20.6088],[106.3914,20.6136],[106.3901,20.6172],[106.3901,20.621],[106.384,20.6262],[106.384,20.6303],[106.3819,20.6323],[106.3769,20.6323],[106.3696,20.6315],[106.3631,20.6318],[106.3614,20.6312]]]},"properties":{"ma_xa":"12577","ten_xa":"Quỳnh An","sap_nhap":"Trang Bảo Xá, An Vinh, Đông Hải","tru_so":"đang cập nhật","loai":"Xã","cap":2,"stt":67,"dtich_km2":26,"dan_so":35570,"matdo_km2":1368.08,"ma_tinh":"33","ten_tinh":"Hưng Yên"}},
{"type":"Feature","geometry":{"type":"Polygon","coordinates":[[[106.3651,20.6618],[106.3631,20.6649],[106.3587,20.6666],[106.3564,20.666],[106.3548,20.6616],[106.3533,20.6676],[106.3484,20.6673],[106.3475,20.6701],[106.3439,20.6737],[106.343,20.6768],[106.3464,20.6766],[106.3494,20.6781],[106.3498,20.6801],[106.3462,20.6813],[106.3449,20.6793],[106.3405,20.6803],[106.3358,20.6826],[106.3312,20.6815],[106.3283,20.682],[106.325,20.6805],[106.3224,20.6766],[106.3165,20.6753],[106.3139,20.672],[106.3113,20.6733],[106.3089,20.6721],[106.3098,20.6681],[106.3084,20.6665],[106.3119,20.6617],[106.3078,20.6589],[106.3067,20.6566],[106.3075,20.6529],[106.3084,20.6424],[106.304,20.6402],[106.3066,20.636],[106.309,20.635],[106.312,20.6339],[106.3185,20.6368],[106.3209,20.6367],[106.3212,20.634],[106.3195,20.632],[106.319,20.6267],[106.3246,20.6252],[106.3329,20.6252],[106.3324,20.62],[106.3335,20.6157],[106.3395,20.617],[106.3424,20.619],[106.3412,20.6219],[106.3414,20.6247],[106.3465,20.6264],[106.3454,20.6284],[106.3483,20.6312],[106.3503,20.6279],[106.3549,20.6245],[106.3574,20.6235],[106.3618,20.6241],[106.3624,20.6281],[106.3614,20.6312],[106.3569,20.6354],[106.3637,20.6358],[106.3663,20.6413],[106.3623,20.6421],[106.3606,20.6437],[106.3642,20.6457],[106.3655,20.6435],[106.3701,20.6428],[106.3742,20.6443],[106.3731,20.6461],[106.3696,20.6481],[106.3709,20.652],[106.3731,20.6555],[106.3683,20.6569],[106.3657,20.6596],[106.3651,20.6618]]]},"properties":{"ma_xa":"12472","ten_xa":"Quỳnh Phụ","sap_nhap":"Quỳnh Côi (thị trấn), Quỳnh Hải, Quỳnh Hội, Quỳnh Hồng, Quỳnh Mỹ, Quỳnh Hưng","tru_so":"đang cập nhật","loai":"Xã","cap":2,"stt":64,"dtich_km2":31.98,"dan_so":51820,"matdo_km2":1620.39,"ma_tinh":"33","ten_tinh":"Hưng Yên"}},
{"type":"Feature","geometry":{"type":"Polygon","coordinates":[[[106.0693,20.694],[106.0669,20.6941],[106.065,20.6979],[106.0649,20.7061],[106.063,20.7088],[106.0612,20.7086],[106.0602,20.712],[106.0569,20.7134],[106.0553,20.7163],[106.0507,20.7157],[106.049,20.714],[106.0503,20.7115],[106.0499,20.7072],[106.0481,20.7095],[106.0415,20.714],[106.0363,20.7157],[106.0316,20.7162],[106.0307,20.7101],[106.0269,20.7097],[106.0274,20.7145],[106.0116,20.7077],[106.0046,20.7079],[106.0049,20.7037],[106.0128,20.7026],[106.024,20.6965],[106.028,20.6919],[106.0351,20.6805],[106.0363,20.678],[106.0375,20.6717],[106.0364,20.6631],[106.0352,20.658],[106.0336,20.653],[106.0427,20.6569],[106.0457,20.6561],[106.0469,20.6521],[106.0496,20.6546],[106.0496,20.6586],[106.0514,20.6617],[106.0526,20.6702],[106.0587,20.6692],[106.0592,20.6745],[106.0581,20.6753],[106.0578,20.6801],[106.06,20.6838],[106.0678,20.6856],[106.0697,20.6895],[106.0714,20.6906],[106.0693,20.694]]]},"properties":{"ma_xa":"11983","ten_xa":"Sơn Nam","sap_nhap":"Lam Sơn, Phú Cường, Hùng Cường, Bảo Khê, Ngọc Thanh (1 phần)","tru_so":"đang cập nhật","loai":"Phường","cap":2,"stt":2,"dtich_km2":23.62,"dan_so":30471,"matdo_km2":1290.05,"ma_tinh":"33","ten_tinh":"Hưng Yên"}},
{"type":"Feature","geometry":{"type":"Polygon","coordinates":[[[106.1094,20.6666],[106.1046,20.6707],[106.0958,20.6705],[106.0932,20.6723],[106.0946,20.67],[106.092,20.6678],[106.0824,20.6662],[106.0857,20.6636],[106.0908,20.6563],[106.0891,20.6538],[106.0909,20.6502],[106.0837,20.6458],[106.0833,20.6419],[106.0771,20.6428],[106.0708,20.6402],[106.0702,20.6437],[106.0674,20.6438],[106.0669,20.6382],[106.0636,20.6365],[106.0667,20.6327],[106.0696,20.6312],[106.0737,20.6255],[106.078,20.6236],[106.0838,20.6225],[106.0839,20.6239],[106.0958,20.6228],[106.0963,20.6156],[106.1035,20.6178],[106.1183,20.6171],[106.1217,20.6179],[106.1269,20.6225],[106.129,20.6233],[106.1269,20.6314],[106.1214,20.635],[106.1118,20.6386],[106.1085,20.6384],[106.1066,20.6396],[106.106,20.6424],[106.1064,20.6467],[106.1032,20.6473],[106.1023,20.6559],[106.1079,20.6611],[106.1094,20.6666]]]},"properties":{"ma_xa":"11977","ten_xa":"Tân Hưng","sap_nhap":"Thủ Sỹ, Phương Nam, Tân Hưng","tru_so":"đang cập nhật","loai":"Xã","cap":2,"stt":7,"dtich_km2":19.2,"dan_so":27118,"matdo_km2":1412.4,"ma_tinh":"33","ten_tinh":"Hưng Yên"}},
{"type":"Feature","geometry":{"type":"Polygon","coordinates":[[[106.2671,20.405],[106.2681,20.4094],[106.2705,20.4112],[106.2659,20.4148],[106.269,20.418],[106.2749,20.42],[106.2753,20.4237],[106.2778,20.4264],[106.2757,20.4285],[106.2759,20.4325],[106.2721,20.4348],[106.2742,20.4381],[106.2652,20.4387],[106.2593,20.436],[106.2563,20.4362],[106.2549,20.4349],[106.2494,20.436],[106.2486,20.4303],[106.2466,20.4301],[106.245,20.4361],[106.2438,20.4375],[106.2396,20.4378],[106.2323,20.4424],[106.2299,20.4424],[106.219,20.4438],[106.2099,20.4297],[106.2098,20.4249],[106.2111,20.4217],[106.2152,20.4162],[106.2191,20.4122],[106.2266,20.4079],[106.2336,20.4059],[106.2459,20.4051],[106.2584,20.4064],[106.2613,20.4064],[106.2671,20.405]]]},"properties":{"ma_xa":"13246","ten_xa":"Tân Thuận","sap_nhap":"Tân Lập (huyện Vũ Thư), Tự Tân, Bách Thuận","tru_so":"đang cập nhật","loai":"Xã","cap":2,"stt":101,"dtich_km2":22.11,"dan_so":29462,"matdo_km2":1332.52,"ma_tinh":"33","ten_tinh":"Hưng Yên"}},
{"type":"Feature","geometry":{"type":"Polygon","coordinates":[[[106.4444,20.6088],[106.4432,20.6009],[106.4408,20.5995],[106.4331,20.6008],[106.4325,20.6038],[106.4371,20.6062],[106.4353,20.6083],[106.4281,20.6057],[106.4262,20.6097],[106.4277,20.6113],[106.4306,20.6116],[106.4338,20.6103],[106.4356,20.6134],[106.43,20.6135],[106.4256,20.6155],[106.4228,20.619],[106.4232,20.622],[106.429,20.6224],[106.4313,20.6243],[106.4291,20.6277],[106.4226,20.6282],[106.4189,20.6263],[106.4166,20.6238],[106.3976,20.6067],[106.3963,20.6033],[106.3974,20.6001],[106.4052,20.593],[106.408,20.5914],[106.4122,20.5911],[106.4189,20.5923],[106.4203,20.5907],[106.4184,20.5882],[106.4175,20.5837],[106.4185,20.5816],[106.4221,20.5784],[106.4253,20.5776],[106.43,20.5792],[106.4322,20.5787],[106.433,20.5717],[106.4355,20.5679],[106.438,20.5666],[106.4455,20.5715],[106.4471,20.5738],[106.4545,20.5829],[106.4565,20.5823],[106.4581,20.5871],[106.455,20.5886],[106.4504,20.5936],[106.4536,20.5953],[106.4514,20.5968],[106.4496,20.6002],[106.447,20.6025],[106.4458,20.6073],[106.4444,20.6088]]]},"properties":{"ma_xa":"12583","ten_xa":"Tân Tiến","sap_nhap":"Đồng Tiến (huyện Quỳnh Phụ), An Dục, An Tràng","tru_so":"đang cập nhật","loai":"Xã","cap":2,"stt":72,"dtich_km2":19.66,"dan_so":23123,"matdo_km2":1176.14,"ma_tinh":"33","ten_tinh":"Hưng Yên"}},
{"type":"Feature","geometry":{"type":"Polygon","coordinates":[[[106.4788,20.532],[106.4745,20.5321],[106.472,20.5331],[106.4687,20.5387],[106.4661,20.5407],[106.4639,20.5405],[106.4581,20.5369],[106.4546,20.5359],[106.4501,20.536],[106.4444,20.5382],[106.441,20.5351],[106.4442,20.5304],[106.4304,20.5247],[106.435,20.519],[106.4368,20.5136],[106.4377,20.5071],[106.4375,20.5016],[106.4357,20.4941],[106.4383,20.494],[106.4406,20.4894],[106.4441,20.4863],[106.4499,20.4861],[106.4533,20.4922],[106.4558,20.4942],[106.4648,20.5031],[106.4608,20.5088],[106.4667,20.5111],[106.4654,20.5175],[106.479,20.5239],[106.4793,20.5257],[106.4769,20.5283],[106.4788,20.532]]]},"properties":{"ma_xa":"12919","ten_xa":"Tây Thái Ninh","sap_nhap":"Sơn Hà, Thái Giang","tru_so":"đang cập nhật","loai":"Xã","cap":2,"stt":54,"dtich_km2":16.56,"dan_so":17388,"matdo_km2":1050,"ma_tinh":"33","ten_tinh":"Hưng Yên"}},
{"type":"Feature","geometry":{"type":"Polygon","coordinates":[[[106.4859,20.6038],[106.4813,20.5989],[106.4724,20.598],[106.4704,20.5994],[106.4695,20.6072],[106.4678,20.6112],[106.4646,20.615],[106.458,20.6117],[106.4591,20.6096],[106.4561,20.6082],[106.4567,20.6064],[106.4517,20.6049],[106.4475,20.6093],[106.4444,20.6088],[106.4458,20.6073],[106.447,20.6025],[106.4496,20.6002],[106.4514,20.5968],[106.4536,20.5953],[106.4504,20.5936],[106.455,20.5886],[106.4581,20.5871],[106.4565,20.5823],[106.4545,20.5829],[106.4471,20.5738],[106.4489,20.5745],[106.4531,20.5715],[106.4699,20.5681],[106.471,20.5656],[106.4737,20.5643],[106.4766,20.5605],[106.4827,20.5615],[106.4846,20.5608],[106.4872,20.5624],[106.4873,20.5655],[106.4864,20.5729],[106.4891,20.5731],[106.4929,20.576],[106.4898,20.5836],[106.4874,20.5858],[106.4886,20.5974],[106.4882,20.6009],[106.4859,20.6038]]]},"properties":{"ma_xa":"12850","ten_xa":"Tây Thụy Anh","sap_nhap":"Thụy Chính, Thụy Dân, Thụy Ninh","tru_so":"đang cập nhật","loai":"Xã","cap":2,"stt":55,"dtich_km2":16.68,"dan_so":16565,"matdo_km2":993.11,"ma_tinh":"33","ten_tinh":"Hưng Yên"}},
{"type":"Feature","geometry":{"type":"Polygon","coordinates":[[[106.4942,20.3541],[106.4895,20.3557],[106.4976,20.3604],[106.4967,20.3623],[106.4988,20.364],[106.5009,20.363],[106.5042,20.37],[106.5,20.3787],[106.5015,20.3843],[106.4967,20.388],[106.4933,20.3892],[106.4912,20.3871],[106.4883,20.3884],[106.4861,20.3865],[106.4788,20.3852],[106.4747,20.388],[106.472,20.3862],[106.4716,20.3841],[106.4759,20.3799],[106.4716,20.3772],[106.4668,20.3782],[106.4633,20.3771],[106.4662,20.3719],[106.4698,20.3686],[106.4686,20.3617],[106.4665,20.3598],[106.467,20.358],[106.47,20.3567],[106.4665,20.3535],[106.4665,20.3502],[106.4651,20.3447],[106.4698,20.3327],[106.4703,20.3299],[106.4781,20.3261],[106.4794,20.3288],[106.4847,20.3366],[106.4895,20.3409],[106.4907,20.3503],[106.4942,20.3541]]]},"properties":{"ma_xa":"13039","ten_xa":"Tây Tiền Hải","sap_nhap":"Phương Công, Vân Trường, Bắc Hải","tru_so":"đang cập nhật","loai":"Xã","cap":2,"stt":57,"dtich_km2":17.56,"dan_so":25235,"matdo_km2":1437.07,"ma_tinh":"33","ten_tinh":"Hưng Yên"}},
{"type":"Feature","geometry":{"type":"Polygon","coordinates":[[[106.3374,20.5063],[106.3342,20.5074],[106.329,20.5076],[106.3214,20.5059],[106.3103,20.507],[106.3071,20.508],[106.3004,20.5115],[106.2953,20.5127],[106.29,20.5122],[106.2879,20.51],[106.2907,20.4992],[106.2905,20.4974],[106.2877,20.4934],[106.288,20.4883],[106.2855,20.4849],[106.2862,20.4834],[106.2898,20.4833],[106.2903,20.4811],[106.2941,20.4785],[106.2978,20.4726],[106.2918,20.4674],[106.289,20.467],[106.2885,20.4642],[106.2916,20.4615],[106.2971,20.4589],[106.2968,20.4554],[106.2983,20.4548],[106.297,20.4504],[106.2988,20.4491],[106.3003,20.4484],[106.3094,20.4594],[106.3111,20.4583],[106.3166,20.4613],[106.3185,20.4693],[106.32,20.4694],[106.3231,20.4627],[106.3265,20.4612],[106.3294,20.4626],[106.3325,20.462],[106.3308,20.4547],[106.3286,20.4532],[106.3322,20.4488],[106.3351,20.4496],[106.3385,20.4487],[106.3411,20.4507],[106.3437,20.4465],[106.3523,20.4525],[106.3482,20.4553],[106.3427,20.4602],[106.339,20.4658],[106.3354,20.4732],[106.3336,20.4783],[106.3335,20.4854],[106.3351,20.4964],[106.336,20.499],[106.3389,20.5024],[106.3394,20.5045],[106.3374,20.5063]]]},"properties":{"ma_xa":"13225","ten_xa":"Thái Bình","sap_nhap":"Lê Hồng Phong, Bồ Xuyên, Tiền Phong, Tân Hòa (huyện Vũ Thư), Phúc Thành, Tân Phong, Tân Bình","tru_so":"đang cập nhật","loai":"Phường","cap":2,"stt":40,"dtich_km2":28.03,"dan_so":67922,"matdo_km2":2423.19,"ma_tinh":"33","ten_tinh":"Hưng Yên"}},
{"type":"Feature","geometry":{"type":"Polygon","coordinates":[[[106.5811,20.5578],[106.5804,20.559],[106.5722,20.5563],[106.5653,20.5528],[106.5615,20.5487],[106.5594,20.543],[106.5572,20.5409],[106.547,20.5382],[106.5426,20.5352],[106.5365,20.5338],[106.5338,20.5347],[106.5318,20.5375],[106.5314,20.5433],[106.5282,20.547],[106.5251,20.5462],[106.5238,20.5387],[106.5229,20.5361],[106.5199,20.5342],[106.5192,20.5226],[106.5164,20.5197],[106.5135,20.5181],[106.5154,20.5124],[106.5098,20.5096],[106.5034,20.5091],[106.5014,20.503],[106.507,20.5022],[106.5108,20.503],[106.5141,20.5026],[106.5221,20.503],[106.5224,20.5016],[106.5265,20.4987],[106.5308,20.4988],[106.5329,20.5018],[106.5368,20.5047],[106.5363,20.5061],[106.5418,20.5101],[106.5434,20.5105],[106.5502,20.5159],[106.5514,20.5146],[106.5487,20.5061],[106.5579,20.5036],[106.5636,20.5009],[106.5652,20.507],[106.5641,20.5077],[106.5664,20.5138],[106.5646,20.5149],[106.5673,20.5201],[106.5771,20.5184],[106.5846,20.5183],[106.5848,20.5205],[106.5829,20.522],[106.5877,20.5321],[106.5849,20.5376],[106.5894,20.5388],[106.5898,20.5405],[106.5849,20.5507],[106.5848,20.5518],[106.5811,20.5578]]]},"properties":{"ma_xa":"12922","ten_xa":"Thái Ninh","sap_nhap":"Thái Hưng (huyện Thái Thụy), Thái Thượng, Hòa An, Thái Nguyên","tru_so":"đang cập nhật","loai":"Xã","cap":2,"stt":51,"dtich_km2":27.57,"dan_so":31269,"matdo_km2":1134.17,"ma_tinh":"33","ten_tinh":"Hưng Yên"}},
{"type":"Feature","geometry":{"type":"Polygon","coordinates":[[[106.6075,20.5764],[106.6021,20.5807],[106.5959,20.5863],[106.5922,20.5854],[106.5892,20.5887],[106.5939,20.5922],[106.5878,20.5928],[106.5838,20.5909],[106.5826,20.5858],[106.579,20.5878],[106.5738,20.5889],[106.5726,20.5917],[106.5666,20.5922],[106.5638,20.594],[106.562,20.59],[106.5599,20.589],[106.5587,20.5863],[106.5561,20.5871],[106.5528,20.5824],[106.5458,20.5829],[106.5467,20.5864],[106.55,20.5888],[106.5468,20.591],[106.5343,20.5865],[106.5315,20.5878],[106.5294,20.5828],[106.5335,20.5794],[106.5287,20.5759],[106.5274,20.577],[106.5187,20.5723],[106.5234,20.5609],[106.5247,20.5595],[106.5215,20.5567],[106.5159,20.5582],[106.5138,20.5576],[106.5065,20.553],[106.5081,20.5442],[106.5145,20.5429],[106.5191,20.5389],[106.5238,20.5387],[106.5251,20.5462],[106.5282,20.547],[106.5314,20.5433],[106.5318,20.5375],[106.5338,20.5347],[106.5365,20.5338],[106.5426,20.5352],[106.547,20.5382],[106.5572,20.5409],[106.5594,20.543],[106.5615,20.5487],[106.5653,20.5528],[106.5722,20.5563],[106.5804,20.559],[106.5811,20.5578],[106.5862,20.5538],[106.5895,20.5541],[106.5915,20.5584],[106.594,20.5601],[106.5959,20.5638],[106.5959,20.5661],[106.599,20.5669],[106.6049,20.571],[106.6075,20.5764]]]},"properties":{"ma_xa":"12826","ten_xa":"Thái Thụy","sap_nhap":"Diêm Điền (thị trấn), Thụy Hải, Thụy Trình, Thụy Bình, Thụy Liên","tru_so":"đang cập nhật","loai":"Xã","cap":2,"stt":45,"dtich_km2":35.5,"dan_so":51837,"matdo_km2":1460.2,"ma_tinh":"33","ten_tinh":"Hưng Yên"}},
{"type":"Feature","geometry":{"type":"Polygon","coordinates":[[[106.3146,20.6094],[106.312,20.6101],[106.307,20.6088],[106.3021,20.6093],[106.3014,20.6131],[106.2974,20.6152],[106.2941,20.6223],[106.2949,20.625],[106.2922,20.6273],[106.2905,20.6263],[106.2874,20.6228],[106.2851,20.6234],[106.2803,20.6219],[106.2732,20.6159],[106.2706,20.6101],[106.2692,20.6088],[106.2649,20.6043],[106.2654,20.6024],[106.2615,20.5975],[106.2641,20.595],[106.2638,20.589],[106.2619,20.5885],[106.2609,20.5828],[106.2586,20.5789],[106.2606,20.5768],[106.2591,20.5745],[106.2622,20.5682],[106.2644,20.5656],[106.2709,20.566],[106.2735,20.5677],[106.2762,20.5745],[106.2794,20.579],[106.2815,20.5796],[106.2832,20.584],[106.2861,20.5858],[106.2902,20.5831],[106.2929,20.5855],[106.2977,20.5846],[106.2993,20.5856],[106.2997,20.5896],[106.3015,20.5927],[106.3058,20.5928],[106.3093,20.5958],[106.3147,20.5982],[106.3124,20.6014],[106.318,20.6038],[106.3176,20.607],[106.3146,20.6094]]]},"properties":{"ma_xa":"12631","ten_xa":"Thần Khê","sap_nhap":"Bắc Sơn (huyện Hưng Hà), Đông Đô, Tây Đô, Chi Lăng","tru_so":"đang cập nhật","loai":"Xã","cap":2,"stt":77,"dtich_km2":20.39,"dan_so":29648,"matdo_km2":1454.05,"ma_tinh":"33","ten_tinh":"Hưng Yên"}},
{"type":"Feature","geometry":{"type":"Polygon","coordinates":[[[106.2678,20.5018],[106.263,20.501],[106.2602,20.5017],[106.2508,20.5063],[106.2495,20.5078],[106.2503,20.5133],[106.2483,20.5153],[106.2419,20.5166],[106.241,20.51],[106.2387,20.5047],[106.2377,20.4999],[106.2357,20.5004],[106.2331,20.4934],[106.2349,20.4925],[106.2327,20.4885],[106.2376,20.4852],[106.2389,20.4818],[106.2431,20.4784],[106.2451,20.4734],[106.247,20.4704],[106.2484,20.4682],[106.254,20.4654],[106.2595,20.4715],[106.2639,20.4734],[106.2669,20.4736],[106.2665,20.4683],[106.2686,20.4681],[106.2723,20.4708],[106.276,20.4691],[106.2791,20.466],[106.2794,20.4627],[106.2886,20.4615],[106.2885,20.4642],[106.289,20.467],[106.2918,20.4674],[106.2978,20.4726],[106.2941,20.4785],[106.2903,20.4811],[106.2898,20.4833],[106.2862,20.4834],[106.2855,20.4849],[106.288,20.4883],[106.2877,20.4934],[106.2857,20.4926],[106.2817,20.4934],[106.2771,20.4969],[106.2724,20.5026],[106.2678,20.5018]]]},"properties":{"ma_xa":"13222","ten_xa":"Thư Trì","sap_nhap":"Song Lãng, Hiệp Hòa, Minh Lãng","tru_so":"đang cập nhật","loai":"Xã","cap":2,"stt":100,"dtich_km2":20.97,"dan_so":27178,"matdo_km2":1296.04,"ma_tinh":"33","ten_tinh":"Hưng Yên"}},
{"type":"Feature","geometry":{"type":"Polygon","coordinates":[[[106.3702,20.392],[106.3682,20.3979],[106.366,20.4008],[106.3634,20.3998],[106.3577,20.4061],[106.3658,20.4076],[106.367,20.4099],[106.3679,20.4143],[106.367,20.4174],[106.3641,20.4213],[106.363,20.4252],[106.3632,20.4277],[106.3598,20.4269],[106.354,20.423],[106.3505,20.4222],[106.3463,20.4198],[106.3476,20.4169],[106.3352,20.4094],[106.3381,20.4061],[106.3351,20.4021],[106.3326,20.4005],[106.3284,20.4],[106.3223,20.4011],[106.3172,20.3968],[106.3176,20.392],[106.3163,20.3903],[106.3165,20.3869],[106.3206,20.388],[106.3231,20.3838],[106.3268,20.384],[106.3272,20.3779],[106.3281,20.3752],[106.3324,20.3732],[106.3359,20.3761],[106.3386,20.3771],[106.3417,20.3766],[106.3434,20.3748],[106.3493,20.3625],[106.3554,20.3543],[106.3634,20.3487],[106.3708,20.3456],[106.3756,20.3444],[106.3824,20.3446],[106.3811,20.3493],[106.378,20.3507],[106.3709,20.3585],[106.3706,20.3671],[106.3679,20.3699],[106.3621,20.3713],[106.359,20.3769],[106.3591,20.3803],[106.3574,20.384],[106.359,20.3873],[106.363,20.3916],[106.3655,20.3897],[106.3702,20.392]]]},"properties":{"ma_xa":"13264","ten_xa":"Thư Vũ","sap_nhap":"Việt Thuận, Vũ Hội, Vũ Vinh, Vũ Vân","tru_so":"đang cập nhật","loai":"Xã","cap":2,"stt":102,"dtich_km2":24.99,"dan_so":35540,"matdo_km2":1422.17,"ma_tinh":"33","ten_tinh":"Hưng Yên"}},
{"type":"Feature","geometry":{"type":"Polygon","coordinates":[[[106.152,20.9338],[106.1515,20.9356],[106.1525,20.9419],[106.1506,20.9447],[106.1549,20.9461],[106.1574,20.9479],[106.1581,20.9517],[106.1543,20.9548],[106.1533,20.9568],[106.1509,20.9563],[106.1497,20.9584],[106.1455,20.9582],[106.1391,20.9606],[106.1351,20.9603],[106.1287,20.9575],[106.1282,20.9597],[106.1221,20.9591],[106.1175,20.9576],[106.1137,20.9581],[106.1109,20.9519],[106.1122,20.9478],[106.1068,20.9465],[106.1057,20.9438],[106.1025,20.9445],[106.1013,20.9389],[106.103,20.9364],[106.1069,20.9353],[106.1069,20.9321],[106.1012,20.9295],[106.103,20.926],[106.1019,20.9222],[106.1006,20.922],[106.1021,20.9148],[106.1009,20.9123],[106.101,20.9071],[106.1073,20.9097],[106.1085,20.9126],[106.1118,20.912],[106.1144,20.9102],[106.1158,20.9123],[106.1182,20.9102],[106.1236,20.9123],[106.1241,20.9142],[106.1318,20.9128],[106.1352,20.9154],[106.1377,20.9122],[106.1433,20.912],[106.1466,20.913],[106.1529,20.9167],[106.1553,20.9173],[106.1541,20.9205],[106.1542,20.9239],[106.1499,20.9245],[106.1482,20.9291],[106.1498,20.9329],[106.152,20.9338]]]},"properties":{"ma_xa":"12127","ten_xa":"Thượng Hồng","sap_nhap":"Bạch Sam, Minh Đức, Dương Quang, Hòa Phong","tru_so":"đang cập nhật","loai":"Phường","cap":2,"stt":6,"dtich_km2":25.41,"dan_so":37153,"matdo_km2":1462.14,"ma_tinh":"33","ten_tinh":"Hưng Yên"}},
{"type":"Feature","geometry":{"type":"Polygon","coordinates":[[[106.5187,20.5723],[106.5191,20.5745],[106.517,20.577],[106.5149,20.5841],[106.514,20.594],[106.5096,20.595],[106.5064,20.5915],[106.5041,20.5935],[106.5001,20.5939],[106.4985,20.5977],[106.4962,20.6143],[106.4963,20.616],[106.4921,20.6157],[106.4897,20.6096],[106.4859,20.6038],[106.4882,20.6009],[106.4886,20.5974],[106.4874,20.5858],[106.4898,20.5836],[106.4929,20.576],[106.4891,20.5731],[106.4864,20.5729],[106.4873,20.5655],[106.4872,20.5624],[106.4846,20.5608],[106.4859,20.558],[106.4862,20.5523],[106.4883,20.5454],[106.4864,20.5449],[106.4855,20.5412],[106.4838,20.5385],[106.4781,20.5353],[106.4817,20.5338],[106.4811,20.5319],[106.4888,20.5314],[106.494,20.5334],[106.4958,20.5391],[106.4974,20.5424],[106.4995,20.5437],[106.5081,20.5442],[106.5065,20.553],[106.5138,20.5576],[106.5159,20.5582],[106.5215,20.5567],[106.5247,20.5595],[106.5234,20.5609],[106.5187,20.5723]]]},"properties":{"ma_xa":"12865","ten_xa":"Thụy Anh","sap_nhap":"Thụy Sơn, Dương Phúc, Thụy Hưng","tru_so":"đang cập nhật","loai":"Xã","cap":2,"stt":48,"dtich_km2":20.07,"dan_so":23489,"matdo_km2":1170.35,"ma_tinh":"33","ten_tinh":"Hưng Yên"}},
{"type":"Feature","geometry":{"type":"Polygon","coordinates":[[[106.5164,20.443],[106.5124,20.4429],[106.5083,20.444],[106.5045,20.4461],[106.4991,20.4513],[106.4946,20.4531],[106.4868,20.4527],[106.4816,20.4514],[106.4832,20.4495],[106.4891,20.4482],[106.4898,20.4471],[106.4869,20.4441],[106.4868,20.4423],[106.484,20.4382],[106.482,20.4384],[106.4779,20.4343],[106.4764,20.4298],[106.4745,20.4278],[106.4754,20.4236],[106.4706,20.4175],[106.4674,20.4158],[106.4636,20.4126],[106.469,20.4084],[106.4709,20.4018],[106.4729,20.4009],[106.4742,20.3968],[106.4724,20.3961],[106.4743,20.3917],[106.4761,20.3923],[106.4775,20.3895],[106.4747,20.388],[106.4788,20.3852],[106.4861,20.3865],[106.4883,20.3884],[106.4912,20.3871],[106.4933,20.3892],[106.497,20.3948],[106.4963,20.3965],[106.4992,20.3994],[106.5004,20.3985],[106.5036,20.4018],[106.505,20.402],[106.5088,20.398],[106.5199,20.3934],[106.5218,20.3915],[106.5288,20.4067],[106.53,20.4094],[106.5275,20.4102],[106.5288,20.4131],[106.5317,20.4126],[106.5331,20.4166],[106.5322,20.4193],[106.5299,20.4211],[106.5296,20.4233],[106.5317,20.4254],[106.5319,20.4311],[106.5285,20.4335],[106.5243,20.4336],[106.5242,20.4382],[106.5224,20.438],[106.5185,20.4399],[106.5164,20.443]]]},"properties":{"ma_xa":"12970","ten_xa":"Tiền Hải","sap_nhap":"Tiền Hải (thị trấn), An Ninh (huyện Tiền Hải), Tây Ninh, Tây Lương, Vũ Lăng","tru_so":"đang cập nhật","loai":"Xã","cap":2,"stt":56,"dtich_km2":32.99,"dan_so":42707,"matdo_km2":1294.54,"ma_tinh":"33","ten_tinh":"Hưng Yên"}},
{"type":"Feature","geometry":{"type":"Polygon","coordinates":[[[106.1656,20.7075],[106.1585,20.7077],[106.1575,20.7099],[106.1521,20.708],[106.1497,20.7102],[106.1449,20.7089],[106.1395,20.7053],[106.142,20.6939],[106.1457,20.6861],[106.1469,20.6761],[106.1509,20.6747],[106.1545,20.6776],[106.1555,20.6745],[106.1594,20.6737],[106.1597,20.67],[106.1635,20.669],[106.1637,20.6587],[106.1703,20.6529],[106.1713,20.6558],[106.1733,20.6578],[106.18,20.6572],[106.1894,20.6518],[106.1909,20.655],[106.1891,20.6583],[106.192,20.6581],[106.1962,20.6638],[106.1988,20.6641],[106.1985,20.6731],[106.1971,20.6766],[106.1952,20.6786],[106.1934,20.6776],[106.1905,20.6853],[106.1852,20.6852],[106.1852,20.6891],[106.1769,20.6884],[106.1776,20.6919],[106.1759,20.695],[106.1704,20.7001],[106.1694,20.7046],[106.1656,20.7075]]]},"properties":{"ma_xa":"12361","ten_xa":"Tiên Hoa","sap_nhap":"Lệ Xá, Trung Dũng, Cương Chính","tru_so":"đang cập nhật","loai":"Xã","cap":2,"stt":10,"dtich_km2":21.65,"dan_so":26152,"matdo_km2":1207.94,"ma_tinh":"33","ten_tinh":"Hưng Yên"}},
{"type":"Feature","geometry":{"type":"Polygon","coordinates":[[[106.291,20.5471],[106.2804,20.554],[106.2767,20.555],[106.2761,20.5579],[106.2793,20.5625],[106.2836,20.5659],[106.2893,20.5724],[106.2881,20.5747],[106.2815,20.5796],[106.2794,20.579],[106.2762,20.5745],[106.2735,20.5677],[106.2709,20.566],[106.2644,20.5656],[106.2622,20.5682],[106.261,20.5655],[106.2635,20.5605],[106.2631,20.5589],[106.2672,20.5575],[106.2655,20.5545],[106.2575,20.5553],[106.2571,20.5581],[106.2547,20.5587],[106.252,20.5559],[106.2494,20.5565],[106.248,20.5594],[106.2454,20.5584],[106.249,20.5536],[106.2465,20.5532],[106.2446,20.5503],[106.2443,20.5455],[106.2429,20.5438],[106.2455,20.5412],[106.248,20.5405],[106.2495,20.5381],[106.2501,20.5328],[106.2443,20.5337],[106.2428,20.5303],[106.2387,20.5308],[106.2346,20.52],[106.2365,20.517],[106.2419,20.5166],[106.2483,20.5153],[106.2503,20.5133],[106.2495,20.5078],[106.2508,20.5063],[106.2602,20.5017],[106.263,20.501],[106.2678,20.5018],[106.2655,20.504],[106.263,20.508],[106.2628,20.51],[106.2654,20.512],[106.2666,20.5167],[106.2704,20.5196],[106.2722,20.5236],[106.2746,20.5256],[106.2733,20.5279],[106.2741,20.5342],[106.2765,20.5344],[106.2774,20.539],[106.2805,20.5398],[106.2888,20.5391],[106.2898,20.5417],[106.2928,20.5418],[106.291,20.5471]]]},"properties":{"ma_xa":"12754","ten_xa":"Tiên Hưng","sap_nhap":"Minh Tân (huyện Đông Hưng), Hồng Bạch, Thăng Long, Hồng Việt","tru_so":"đang cập nhật","loai":"Xã","cap":2,"stt":89,"dtich_km2":22.41,"dan_so":26172,"matdo_km2":1167.87,"ma_tinh":"33","ten_tinh":"Hưng Yên"}},
{"type":"Feature","geometry":{"type":"Polygon","coordinates":[[[106.2247,20.642],[106.2216,20.6411],[106.2156,20.6423],[106.2156,20.6385],[106.2114,20.6364],[106.2135,20.6324],[106.213,20.6302],[106.2105,20.629],[106.2097,20.6261],[106.2066,20.6238],[106.207,20.6207],[106.2024,20.616],[106.2001,20.6186],[106.1958,20.6203],[106.1914,20.6158],[106.1877,20.6137],[106.1824,20.6145],[106.1833,20.608],[106.1797,20.6053],[106.1846,20.6019],[106.1857,20.5977],[106.1851,20.5944],[106.1828,20.5912],[106.1754,20.5893],[106.1747,20.5842],[106.1766,20.5832],[106.1776,20.5791],[106.177,20.5769],[106.1789,20.5741],[106.182,20.5716],[106.189,20.572],[106.1917,20.5731],[106.1937,20.5753],[106.1974,20.576],[106.1991,20.5827],[106.1976,20.5881],[106.2004,20.5957],[106.1993,20.5974],[106.2049,20.6005],[106.21,20.6011],[106.2164,20.6027],[106.219,20.605],[106.2188,20.6084],[106.2269,20.6086],[106.2304,20.6104],[106.2344,20.6087],[106.2371,20.6094],[106.2401,20.6085],[106.2471,20.617],[106.2422,20.6195],[106.2376,20.6267],[106.2367,20.6311],[106.2345,20.6333],[106.2359,20.6351],[106.2333,20.6371],[106.2303,20.6412],[106.2281,20.64],[106.2247,20.642]]]},"properties":{"ma_xa":"12634","ten_xa":"Tiên La","sap_nhap":"Tân Tiến (huyện Hưng Hà), Thái Phương, Đoan Hùng, Phúc Khánh","tru_so":"đang cập nhật","loai":"Xã","cap":2,"stt":74,"dtich_km2":22.54,"dan_so":32805,"matdo_km2":1455.41,"ma_tinh":"33","ten_tinh":"Hưng Yên"}},
{"type":"Feature","geometry":{"type":"Polygon","coordinates":[[[106.1703,20.6529],[106.1637,20.6587],[106.1635,20.669],[106.1597,20.67],[106.1594,20.6737],[106.1555,20.6745],[106.1545,20.6776],[106.1509,20.6747],[106.1469,20.6761],[106.1457,20.6861],[106.142,20.6939],[106.1375,20.6963],[106.1351,20.6936],[106.1331,20.6888],[106.1318,20.6888],[106.1292,20.6846],[106.1257,20.6829],[106.1181,20.6759],[106.1183,20.6689],[106.116,20.6646],[106.1142,20.6633],[106.1094,20.6666],[106.1079,20.6611],[106.1023,20.6559],[106.1032,20.6473],[106.1064,20.6467],[106.106,20.6424],[106.1066,20.6396],[106.1085,20.6384],[106.1118,20.6386],[106.1103,20.6418],[106.1121,20.6443],[106.1164,20.646],[106.1217,20.6462],[106.1267,20.6485],[106.1298,20.6514],[106.1337,20.6564],[106.1361,20.6585],[106.1429,20.6596],[106.147,20.6583],[106.1527,20.6536],[106.1602,20.6467],[106.1639,20.6449],[106.1673,20.645],[106.1697,20.6467],[106.1703,20.6529]]]},"properties":{"ma_xa":"12364","ten_xa":"Tiên Lữ","sap_nhap":"Thiện Phiến, Hải Thắng, Thụy Lôi","tru_so":"đang cập nhật","loai":"Xã","cap":2,"stt":9,"dtich_km2":19.51,"dan_so":27405,"matdo_km2":1404.66,"ma_tinh":"33","ten_tinh":"Hưng Yên"}},
{"type":"Feature","geometry":{"type":"Polygon","coordinates":[[[106.2279,20.7049],[106.2246,20.7127],[106.2244,20.7165],[106.2208,20.7213],[106.2193,20.7244],[106.2134,20.728],[106.2123,20.7293],[106.2086,20.7268],[106.2094,20.7213],[106.2069,20.7211],[106.2052,20.7181],[106.1995,20.7137],[106.1978,20.7103],[106.1957,20.7122],[106.1878,20.7147],[106.1861,20.7173],[106.1832,20.7147],[106.1813,20.7169],[106.1789,20.7217],[106.1772,20.7221],[106.1643,20.7156],[106.1638,20.7129],[106.1656,20.7075],[106.1694,20.7046],[106.1704,20.7001],[106.1759,20.695],[106.1776,20.6919],[106.1769,20.6884],[106.1852,20.6891],[106.1852,20.6852],[106.1905,20.6853],[106.1934,20.6776],[106.1952,20.6786],[106.1971,20.6766],[106.1985,20.6731],[106.1988,20.6641],[106.2038,20.6649],[106.2039,20.6663],[106.2101,20.6668],[106.2131,20.6689],[106.2141,20.6669],[106.218,20.6675],[106.2178,20.6695],[106.2214,20.6709],[106.2246,20.6731],[106.2262,20.6758],[106.2192,20.6802],[106.2207,20.6815],[106.2181,20.6862],[106.2164,20.6852],[106.2132,20.6904],[106.2164,20.6917],[106.2175,20.69],[106.2294,20.6983],[106.2271,20.6997],[106.2249,20.704],[106.2279,20.7049]]]},"properties":{"ma_xa":"12424","ten_xa":"Tiên Tiến","sap_nhap":"Đình Cao, Nhật Quang, Tiên Tiến","tru_so":"đang cập nhật","loai":"Xã","cap":2,"stt":13,"dtich_km2":25.8,"dan_so":28936,"matdo_km2":1121.55,"ma_tinh":"33","ten_tinh":"Hưng Yên"}},
{"type":"Feature","geometry":{"type":"Polygon","coordinates":[[[106.2692,20.6842],[106.2645,20.6844],[106.2611,20.6853],[106.2579,20.6878],[106.2544,20.6879],[106.2515,20.6863],[106.2487,20.6872],[106.2465,20.69],[106.2466,20.6928],[106.2445,20.6952],[106.2338,20.7029],[106.2279,20.7049],[106.2249,20.704],[106.2271,20.6997],[106.2294,20.6983],[106.2175,20.69],[106.2164,20.6917],[106.2132,20.6904],[106.2164,20.6852],[106.2181,20.6862],[106.2207,20.6815],[106.2192,20.6802],[106.2262,20.6758],[106.2246,20.6731],[106.2214,20.6709],[106.2178,20.6695],[106.218,20.6675],[106.2141,20.6669],[106.2131,20.6689],[106.2101,20.6668],[106.2039,20.6663],[106.2038,20.6649],[106.1988,20.6641],[106.1962,20.6638],[106.192,20.6581],[106.1891,20.6583],[106.1909,20.655],[106.1894,20.6518],[106.2015,20.6444],[106.2066,20.6431],[106.2156,20.6423],[106.2216,20.6411],[106.2247,20.642],[106.2239,20.6454],[106.2176,20.652],[106.2165,20.6544],[106.2184,20.6557],[106.232,20.6587],[106.2378,20.6664],[106.2412,20.6695],[106.2492,20.6742],[106.2635,20.6788],[106.2674,20.6808],[106.2692,20.6842]]]},"properties":{"ma_xa":"12427","ten_xa":"Tống Trân","sap_nhap":"Tam Đa, Nguyên Hòa, Tống Trân","tru_so":"đang cập nhật","loai":"Xã","cap":2,"stt":14,"dtich_km2":20.73,"dan_so":19937,"matdo_km2":961.75,"ma_tinh":"33","ten_tinh":"Hưng Yên"}},
{"type":"Feature","geometry":{"type":"Polygon","coordinates":[[[106.4791,20.48],[106.4788,20.488],[106.4761,20.4963],[106.4737,20.501],[106.4684,20.5043],[106.4648,20.5031],[106.4558,20.4942],[106.4533,20.4922],[106.4499,20.4861],[106.4441,20.4863],[106.4406,20.4894],[106.433,20.4864],[106.4273,20.4854],[106.426,20.4839],[106.4256,20.4804],[106.4223,20.4799],[106.4228,20.4754],[106.4199,20.4741],[106.4187,20.4686],[106.4205,20.4675],[106.4294,20.4648],[106.4356,20.4647],[106.4434,20.4593],[106.4467,20.4588],[106.4503,20.4595],[106.4514,20.4612],[106.4546,20.4602],[106.4575,20.4564],[106.4612,20.4545],[106.4649,20.4472],[106.467,20.4476],[106.4677,20.444],[106.4719,20.4454],[106.4763,20.448],[106.4762,20.4502],[106.4731,20.4499],[106.469,20.4518],[106.4697,20.4572],[106.4755,20.4663],[106.4776,20.4712],[106.4791,20.48]]]},"properties":{"ma_xa":"13093","ten_xa":"Trà Giang","sap_nhap":"Hồng Thái, Quốc Tuấn, Trà Giang","tru_so":"đang cập nhật","loai":"Xã","cap":2,"stt":98,"dtich_km2":21.31,"dan_so":19144,"matdo_km2":898.36,"ma_tinh":"33","ten_tinh":"Hưng Yên"}},
{"type":"Feature","geometry":{"type":"Polygon","coordinates":[[[106.3776,20.4888],[106.3769,20.4905],[106.3768,20.4989],[106.3738,20.5021],[106.3683,20.5009],[106.3685,20.5034],[106.3643,20.5057],[106.36,20.501],[106.3562,20.5013],[106.3552,20.5038],[106.3527,20.5036],[106.3501,20.5107],[106.3466,20.5093],[106.3458,20.5109],[106.3424,20.5113],[106.336,20.5077],[106.3374,20.5063],[106.3394,20.5045],[106.3389,20.5024],[106.336,20.499],[106.3351,20.4964],[106.3335,20.4854],[106.3336,20.4783],[106.3354,20.4732],[106.339,20.4658],[106.3427,20.4602],[106.3482,20.4553],[106.3523,20.4525],[106.3566,20.4501],[106.3615,20.4495],[106.3633,20.4516],[106.3634,20.4582],[106.3671,20.4651],[106.3696,20.4709],[106.3749,20.4853],[106.3776,20.4888]]]},"properties":{"ma_xa":"12817","ten_xa":"Trà Lý","sap_nhap":"Hoàng Diệu, Đông Mỹ, Đông Hoà, Đông Thọ, Đông Dương","tru_so":"đang cập nhật","loai":"Phường","cap":2,"stt":43,"dtich_km2":20.94,"dan_so":43929,"matdo_km2":2097.85,"ma_tinh":"33","ten_tinh":"Hưng Yên"}},
{"type":"Feature","geometry":{"type":"Polygon","coordinates":[[[106.3437,20.4465],[106.3411,20.4507],[106.3385,20.4487],[106.3351,20.4496],[106.3322,20.4488],[106.3286,20.4532],[106.3308,20.4547],[106.3325,20.462],[106.3294,20.4626],[106.3265,20.4612],[106.3231,20.4627],[106.32,20.4694],[106.3185,20.4693],[106.3166,20.4613],[106.3111,20.4583],[106.3094,20.4594],[106.3003,20.4484],[106.2988,20.4491],[106.2959,20.4447],[106.3008,20.4406],[106.3008,20.4388],[106.3046,20.438],[106.3092,20.4428],[106.3116,20.4416],[106.313,20.4448],[106.317,20.4425],[106.3162,20.4391],[106.3222,20.4411],[106.3237,20.4347],[106.3249,20.4323],[106.3269,20.4333],[106.3289,20.4292],[106.3315,20.4331],[106.3349,20.4349],[106.334,20.4364],[106.3397,20.4407],[106.3385,20.4429],[106.3437,20.4465]]]},"properties":{"ma_xa":"12452","ten_xa":"Trần Hưng Đạo","sap_nhap":"Trần Hưng Đạo, Đề Thám, Quang Trung, Phú Xuân","tru_so":"đang cập nhật","loai":"Phường","cap":2,"stt":42,"dtich_km2":9.32,"dan_so":45657,"matdo_km2":4898.82,"ma_tinh":"33","ten_tinh":"Hưng Yên"}},
{"type":"Feature","geometry":{"type":"Polygon","coordinates":[[[106.4038,20.4827],[106.3981,20.4838],[106.3824,20.4881],[106.3776,20.4888],[106.3749,20.4853],[106.3696,20.4709],[106.3671,20.4651],[106.3634,20.4582],[106.3633,20.4516],[106.3615,20.4495],[106.3566,20.4501],[106.3523,20.4525],[106.3437,20.4465],[106.3385,20.4429],[106.3397,20.4407],[106.334,20.4364],[106.3349,20.4349],[106.3315,20.4331],[106.3289,20.4292],[106.327,20.4275],[106.3291,20.4232],[106.3313,20.4203],[106.3338,20.4207],[106.3352,20.4156],[106.3339,20.4146],[106.3352,20.4094],[106.3476,20.4169],[106.3463,20.4198],[106.3505,20.4222],[106.354,20.423],[106.3598,20.4269],[106.3632,20.4277],[106.3649,20.43],[106.367,20.4267],[106.3694,20.4277],[106.3706,20.4256],[106.3955,20.4308],[106.3937,20.4356],[106.3922,20.4371],[106.3929,20.4432],[106.4018,20.4434],[106.4031,20.4492],[106.4087,20.4516],[106.414,20.4515],[106.4142,20.4577],[106.4122,20.4611],[106.4076,20.4597],[106.4035,20.4595],[106.4053,20.4621],[106.4051,20.464],[106.4087,20.4665],[106.4041,20.4707],[106.4029,20.4746],[106.4054,20.4783],[106.4057,20.4826],[106.4038,20.4827]]]},"properties":{"ma_xa":"12454","ten_xa":"Trần Lãm","sap_nhap":"Trần Lãm, Kỳ Bá, Vũ Đông, Vũ Lạc, Vũ Chính, Tây Sơn","tru_so":"đang cập nhật","loai":"Phường","cap":2,"stt":41,"dtich_km2":34.63,"dan_so":92136,"matdo_km2":2660.58,"ma_tinh":"33","ten_tinh":"Hưng Yên"}},
{"type":"Feature","geometry":{"type":"Polygon","coordinates":[[[106.0157,20.8544],[106.0154,20.8557],[106.0111,20.8578],[106.0082,20.8638],[106.0073,20.867],[106.0007,20.8661],[106.0005,20.8671],[105.9795,20.8646],[105.9783,20.8659],[105.981,20.8688],[105.9766,20.8698],[105.9786,20.8752],[105.9625,20.8763],[105.9637,20.8811],[105.9624,20.8837],[105.9583,20.8788],[105.9545,20.8818],[105.9499,20.8793],[105.9482,20.8788],[105.9526,20.8687],[105.9409,20.8682],[105.9338,20.8685],[105.9358,20.8651],[105.9361,20.8592],[105.9356,20.8562],[105.9336,20.8526],[105.9313,20.8502],[105.9353,20.848],[105.9433,20.8486],[105.9473,20.8403],[105.954,20.8324],[105.9606,20.8348],[105.9614,20.8336],[105.9707,20.8398],[105.9734,20.838],[105.9755,20.8407],[105.9808,20.841],[105.9817,20.8369],[105.9956,20.8375],[105.998,20.8393],[106.0005,20.8453],[106.0048,20.8443],[106.0069,20.8447],[106.0134,20.8501],[106.0157,20.8544]]]},"properties":{"ma_xa":"12223","ten_xa":"Triệu Việt Vương","sap_nhap":"Phạm Hồng Thái, Tân Dân, Ông Đình, An Vĩ","tru_so":"đang cập nhật","loai":"Xã","cap":2,"stt":25,"dtich_km2":27.15,"dan_so":44554,"matdo_km2":1641.03,"ma_tinh":"33","ten_tinh":"Hưng Yên"}},
{"type":"Feature","geometry":{"type":"Polygon","coordinates":[[[105.9479,20.9478],[105.9411,20.9491],[105.9388,20.9468],[105.9345,20.9454],[105.9261,20.9471],[105.9232,20.9461],[105.9186,20.943],[105.915,20.9394],[105.9148,20.9373],[105.9087,20.9269],[105.9146,20.9218],[105.9153,20.9194],[105.92,20.9181],[105.919,20.9161],[105.927,20.9149],[105.9255,20.9103],[105.9306,20.9062],[105.9384,20.9023],[105.9414,20.9022],[105.9418,20.9004],[105.9448,20.9],[105.9473,20.9036],[105.9525,20.9047],[105.9598,20.9044],[105.966,20.9029],[105.9732,20.9128],[105.9793,20.9154],[105.9828,20.9161],[105.9818,20.9223],[105.9827,20.9228],[105.9819,20.926],[105.9789,20.9296],[105.9802,20.9304],[105.9757,20.9363],[105.9647,20.9354],[105.9633,20.9348],[105.964,20.9284],[105.9509,20.9243],[105.9505,20.9255],[105.9456,20.9233],[105.9462,20.9262],[105.9423,20.9245],[105.941,20.9257],[105.9405,20.9303],[105.9429,20.9311],[105.9454,20.9382],[105.9479,20.9478]]]},"properties":{"ma_xa":"12019","ten_xa":"Văn Giang","sap_nhap":"Tân Tiến (huyện Văn Giang), Liên Nghĩa, Văn Giang (thị trấn)","tru_so":"đang cập nhật","loai":"Xã","cap":2,"stt":38,"dtich_km2":22.96,"dan_so":40599,"matdo_km2":1768.25,"ma_tinh":"33","ten_tinh":"Hưng Yên"}},
{"type":"Feature","geometry":{"type":"Polygon","coordinates":[[[106.2365,20.517],[106.2279,20.5134],[106.2191,20.5121],[106.2123,20.5156],[106.208,20.5167],[106.203,20.5164],[106.1997,20.517],[106.1962,20.5199],[106.1917,20.5218],[106.1891,20.5215],[106.1847,20.5185],[106.1795,20.5198],[106.1796,20.5125],[106.1783,20.5003],[106.1796,20.4927],[106.1835,20.4848],[106.189,20.48],[106.1918,20.4793],[106.2011,20.4801],[106.2076,20.4796],[106.2141,20.4777],[106.2186,20.4758],[106.2226,20.472],[106.2255,20.4648],[106.2258,20.4623],[106.2236,20.4525],[106.2274,20.4518],[106.2308,20.4548],[106.2408,20.4559],[106.2446,20.4613],[106.2445,20.4636],[106.2416,20.4649],[106.247,20.4704],[106.2451,20.4734],[106.2431,20.4784],[106.2389,20.4818],[106.2376,20.4852],[106.2327,20.4885],[106.2349,20.4925],[106.2331,20.4934],[106.2357,20.5004],[106.2377,20.4999],[106.2387,20.5047],[106.241,20.51],[106.2419,20.5166],[106.2365,20.517]]]},"properties":{"ma_xa":"13219","ten_xa":"Vạn Xuân","sap_nhap":"Đồng Thanh (huyện Vũ Thư), Hồng Lý, Việt Hùng, Xuân Hòa","tru_so":"đang cập nhật","loai":"Xã","cap":2,"stt":104,"dtich_km2":30.36,"dan_so":36551,"matdo_km2":1203.92,"ma_tinh":"33","ten_tinh":"Hưng Yên"}},
{"type":"Feature","geometry":{"type":"Polygon","coordinates":[[[106.0167,20.8542],[106.0157,20.8544],[106.0134,20.8501],[106.0069,20.8447],[106.0048,20.8443],[106.0005,20.8453],[105.998,20.8393],[105.9956,20.8375],[105.9978,20.829],[105.9995,20.8282],[105.9993,20.8219],[106.0008,20.8217],[106.0022,20.8073],[106.0063,20.8079],[106.009,20.7984],[106.0123,20.7975],[106.0132,20.7958],[106.0152,20.7943],[106.0303,20.8011],[106.0291,20.8026],[106.0337,20.806],[106.0385,20.808],[106.0361,20.8106],[106.0383,20.8127],[106.0337,20.8222],[106.0387,20.8244],[106.0406,20.8272],[106.039,20.8302],[106.0419,20.8311],[106.0387,20.8362],[106.036,20.8387],[106.0398,20.8405],[106.0379,20.8434],[106.0325,20.8419],[106.0306,20.844],[106.0266,20.843],[106.0259,20.8453],[106.0276,20.8467],[106.0249,20.8497],[106.0222,20.8477],[106.0198,20.8497],[106.0167,20.8542]]]},"properties":{"ma_xa":"12238","ten_xa":"Việt Tiến","sap_nhap":"Đồng Tiến (huyện Khoái Châu), Dân Tiến, Việt Hòa","tru_so":"đang cập nhật","loai":"Xã","cap":2,"stt":26,"dtich_km2":20.18,"dan_so":35161,"matdo_km2":1742.37,"ma_tinh":"33","ten_tinh":"Hưng Yên"}},
{"type":"Feature","geometry":{"type":"Polygon","coordinates":[[[106.0218,20.9036],[106.0193,20.9057],[106.0173,20.9052],[106.0177,20.9012],[106.0138,20.8984],[106.0114,20.9004],[106.0074,20.8981],[106.0071,20.8963],[106.0026,20.8973],[105.9975,20.8967],[105.9921,20.8991],[105.9855,20.8958],[105.9806,20.8982],[105.9774,20.8949],[105.9736,20.8923],[105.9686,20.8929],[105.9663,20.8904],[105.9679,20.8881],[105.9676,20.886],[105.9624,20.8837],[105.9637,20.8811],[105.9625,20.8763],[105.9786,20.8752],[105.9766,20.8698],[105.981,20.8688],[105.9783,20.8659],[105.9795,20.8646],[106.0005,20.8671],[106.0007,20.8661],[106.0073,20.867],[106.0082,20.8638],[106.0111,20.8578],[106.0154,20.8557],[106.0157,20.8544],[106.0167,20.8542],[106.024,20.8601],[106.0276,20.8623],[106.0284,20.8655],[106.0269,20.8671],[106.0257,20.871],[106.0256,20.876],[106.0295,20.8795],[106.0291,20.8828],[106.0322,20.8847],[106.0308,20.8865],[106.0339,20.8885],[106.0319,20.8898],[106.0353,20.8952],[106.0345,20.8979],[106.0294,20.8979],[106.0291,20.9008],[106.025,20.9007],[106.0218,20.9036]]]},"properties":{"ma_xa":"12091","ten_xa":"Việt Yên","sap_nhap":"Yên Phú, Thanh Long, Việt Yên","tru_so":"đang cập nhật","loai":"Xã","cap":2,"stt":30,"dtich_km2":23.99,"dan_so":43502,"matdo_km2":1813.34,"ma_tinh":"33","ten_tinh":"Hưng Yên"}},
{"type":"Feature","geometry":{"type":"Polygon","coordinates":[[[106.3289,20.4292],[106.3269,20.4333],[106.3249,20.4323],[106.3237,20.4347],[106.3222,20.4411],[106.3162,20.4391],[106.317,20.4425],[106.313,20.4448],[106.3116,20.4416],[106.3092,20.4428],[106.3046,20.438],[106.3008,20.4388],[106.2968,20.436],[106.2957,20.4301],[106.2991,20.4284],[106.2976,20.4256],[106.2868,20.4172],[106.286,20.4139],[106.2787,20.4092],[106.2772,20.4064],[106.2744,20.4035],[106.2776,20.4033],[106.281,20.4018],[106.2851,20.3957],[106.2866,20.3896],[106.2892,20.3895],[106.3013,20.3863],[106.3028,20.3884],[106.3103,20.3861],[106.3133,20.387],[106.3163,20.3903],[106.3176,20.392],[106.3172,20.3968],[106.3223,20.4011],[106.3284,20.4],[106.3326,20.4005],[106.3351,20.4021],[106.3381,20.4061],[106.3352,20.4094],[106.3339,20.4146],[106.3352,20.4156],[106.3338,20.4207],[106.3313,20.4203],[106.3291,20.4232],[106.327,20.4275],[106.3289,20.4292]]]},"properties":{"ma_xa":"12466","ten_xa":"Vũ Phúc","sap_nhap":"Phú Khánh, Nguyên Xá (huyện Vũ Thư), Song An, Trung An, Vũ Phúc","tru_so":"đang cập nhật","loai":"Phường","cap":2,"stt":44,"dtich_km2":23.99,"dan_so":41428,"matdo_km2":1726.89,"ma_tinh":"33","ten_tinh":"Hưng Yên"}},
{"type":"Feature","geometry":{"type":"Polygon","coordinates":[[[106.3929,20.3994],[106.3931,20.4027],[106.3972,20.4048],[106.3971,20.4072],[106.3933,20.4067],[106.3913,20.4128],[106.4005,20.4167],[106.4025,20.414],[106.4042,20.4148],[106.4067,20.4208],[106.404,20.4244],[106.3999,20.4249],[106.3979,20.4261],[106.3955,20.4308],[106.3706,20.4256],[106.3694,20.4277],[106.367,20.4267],[106.3649,20.43],[106.3632,20.4277],[106.363,20.4252],[106.3641,20.4213],[106.367,20.4174],[106.3679,20.4143],[106.367,20.4099],[106.3658,20.4076],[106.3577,20.4061],[106.3634,20.3998],[106.366,20.4008],[106.3682,20.3979],[106.3702,20.392],[106.373,20.3908],[106.3779,20.3816],[106.3832,20.374],[106.3845,20.3754],[106.3831,20.3799],[106.3837,20.3811],[106.3878,20.3813],[106.3888,20.383],[106.3847,20.3898],[106.3855,20.3916],[106.3893,20.3927],[106.3924,20.3923],[106.3939,20.3944],[106.3929,20.3994]]]},"properties":{"ma_xa":"13141","ten_xa":"Vũ Quý","sap_nhap":"Vũ An, Vũ Ninh, Vũ Trung, Vũ Quý","tru_so":"đang cập nhật","loai":"Xã","cap":2,"stt":93,"dtich_km2":15.09,"dan_so":27127,"matdo_km2":1797.68,"ma_tinh":"33","ten_tinh":"Hưng Yên"}},
{"type":"Feature","geometry":{"type":"Polygon","coordinates":[[[106.2885,20.4642],[106.2886,20.4615],[106.2794,20.4627],[106.2791,20.466],[106.276,20.4691],[106.2723,20.4708],[106.2686,20.4681],[106.2665,20.4683],[106.2669,20.4736],[106.2639,20.4734],[106.2595,20.4715],[106.254,20.4654],[106.2484,20.4682],[106.247,20.4704],[106.2416,20.4649],[106.2445,20.4636],[106.2446,20.4613],[106.2408,20.4559],[106.2308,20.4548],[106.2274,20.4518],[106.2236,20.4525],[106.2204,20.4457],[106.219,20.4438],[106.2299,20.4424],[106.2323,20.4424],[106.2396,20.4378],[106.2438,20.4375],[106.245,20.4361],[106.2466,20.4301],[106.2486,20.4303],[106.2494,20.436],[106.2549,20.4349],[106.2563,20.4362],[106.2593,20.436],[106.2652,20.4387],[106.2742,20.4381],[106.2721,20.4348],[106.2759,20.4325],[106.2757,20.4285],[106.2778,20.4264],[106.2753,20.4237],[106.2749,20.42],[106.269,20.418],[106.2659,20.4148],[106.2705,20.4112],[106.2681,20.4094],[106.2671,20.405],[106.2744,20.4035],[106.2772,20.4064],[106.2787,20.4092],[106.286,20.4139],[106.2868,20.4172],[106.2976,20.4256],[106.2991,20.4284],[106.2957,20.4301],[106.2968,20.436],[106.3008,20.4388],[106.3008,20.4406],[106.2959,20.4447],[106.2988,20.4491],[106.297,20.4504],[106.2983,20.4548],[106.2968,20.4554],[106.2971,20.4589],[106.2916,20.4615],[106.2885,20.4642]]]},"properties":{"ma_xa":"13192","ten_xa":"Vũ Thư","sap_nhap":"Hòa Bình, Minh Khai, Minh Quang (huyện Vũ Thư), Tam Quang, Dũng Nghĩa, Vũ Thư (thị trấn)","tru_so":"đang cập nhật","loai":"Xã","cap":2,"stt":99,"dtich_km2":29.07,"dan_so":43920,"matdo_km2":1510.84,"ma_tinh":"33","ten_tinh":"Hưng Yên"}},
{"type":"Feature","geometry":{"type":"Polygon","coordinates":[[[106.3324,20.3732],[106.3281,20.3752],[106.3272,20.3779],[106.3268,20.384],[106.3231,20.3838],[106.3206,20.388],[106.3165,20.3869],[106.3163,20.3903],[106.3133,20.387],[106.3103,20.3861],[106.3028,20.3884],[106.3013,20.3863],[106.2892,20.3895],[106.2866,20.3896],[106.2862,20.3849],[106.285,20.3815],[106.2824,20.3781],[106.2793,20.3756],[106.2662,20.3669],[106.2583,20.3606],[106.2558,20.358],[106.2538,20.3544],[106.2523,20.3486],[106.2522,20.3438],[106.2545,20.3361],[106.2562,20.3329],[106.259,20.3297],[106.265,20.3267],[106.2705,20.3267],[106.2784,20.3297],[106.2849,20.3332],[106.2962,20.3409],[106.2993,20.3434],[106.3061,20.3507],[106.3133,20.3562],[106.3191,20.3596],[106.3227,20.3623],[106.3324,20.3732]]]},"properties":{"ma_xa":"13279","ten_xa":"Vũ Tiên","sap_nhap":"Vũ Đoài, Duy Nhất, Hồng Phong, Vũ Tiến","tru_so":"đang cập nhật","loai":"Xã","cap":2,"stt":103,"dtich_km2":32.68,"dan_so":37469,"matdo_km2":1146.54,"ma_tinh":"33","ten_tinh":"Hưng Yên"}},
{"type":"Feature","geometry":{"type":"Polygon","coordinates":[[[106.0815,20.8426],[106.0806,20.8452],[106.0832,20.8463],[106.0817,20.851],[106.0796,20.8544],[106.0809,20.8567],[106.077,20.8569],[106.0755,20.8584],[106.0708,20.8571],[106.0699,20.8532],[106.0661,20.8472],[106.0631,20.8441],[106.0586,20.8433],[106.0562,20.8447],[106.0544,20.8473],[106.0523,20.8435],[106.0498,20.8418],[106.0387,20.8362],[106.0419,20.8311],[106.039,20.8302],[106.0406,20.8272],[106.0387,20.8244],[106.0337,20.8222],[106.0383,20.8127],[106.0361,20.8106],[106.0385,20.808],[106.0451,20.8139],[106.048,20.8135],[106.0512,20.8147],[106.0602,20.7949],[106.0647,20.796],[106.0654,20.795],[106.0712,20.7976],[106.072,20.7992],[106.073,20.8019],[106.0754,20.8026],[106.0751,20.8049],[106.0773,20.8108],[106.0746,20.8193],[106.0752,20.8244],[106.078,20.8241],[106.0804,20.8277],[106.0792,20.8304],[106.0847,20.8328],[106.0828,20.8339],[106.0815,20.8426]]]},"properties":{"ma_xa":"12166","ten_xa":"Xuân Trúc","sap_nhap":"Vân Du, Quảng Lãng, Xuân Trúc","tru_so":"đang cập nhật","loai":"Xã","cap":2,"stt":20,"dtich_km2":20.04,"dan_so":25770,"matdo_km2":1285.93,"ma_tinh":"33","ten_tinh":"Hưng Yên"}},
{"type":"Feature","geometry":{"type":"Polygon","coordinates":[[[106.076,20.8967],[106.0676,20.9003],[106.0673,20.8993],[106.0617,20.9003],[106.062,20.9021],[106.0535,20.9047],[106.0541,20.9059],[106.0499,20.9083],[106.0482,20.9067],[106.0442,20.9063],[106.0392,20.9013],[106.0363,20.9008],[106.0345,20.8979],[106.0353,20.8952],[106.0319,20.8898],[106.0339,20.8885],[106.0308,20.8865],[106.0322,20.8847],[106.0291,20.8828],[106.0295,20.8795],[106.0256,20.876],[106.0257,20.871],[106.0269,20.8671],[106.0284,20.8655],[106.0276,20.8623],[106.024,20.8601],[106.0167,20.8542],[106.0198,20.8497],[106.0222,20.8477],[106.0249,20.8497],[106.0276,20.8467],[106.0259,20.8453],[106.0266,20.843],[106.0306,20.844],[106.0325,20.8419],[106.0379,20.8434],[106.0398,20.8405],[106.036,20.8387],[106.0387,20.8362],[106.0498,20.8418],[106.0523,20.8435],[106.0544,20.8473],[106.0562,20.8447],[106.0586,20.8433],[106.0631,20.8441],[106.0661,20.8472],[106.0699,20.8532],[106.0708,20.8571],[106.0755,20.8584],[106.0737,20.8685],[106.0759,20.871],[106.0764,20.8743],[106.075,20.8766],[106.0851,20.882],[106.0836,20.8852],[106.0858,20.8864],[106.0841,20.8899],[106.0797,20.8901],[106.0786,20.8963],[106.076,20.8967]]]},"properties":{"ma_xa":"12073","ten_xa":"Yên Mỹ","sap_nhap":"Yên Mỹ (thị trấn), Tân Lập (huyện Yên Mỹ), Trung Hòa, Tân Minh","tru_so":"đang cập nhật","loai":"Xã","cap":2,"stt":29,"dtich_km2":33.12,"dan_so":75876,"matdo_km2":2290.94,"ma_tinh":"33","ten_tinh":"Hưng Yên"}}
]}