{"type":"FeatureCollection", "features": [
{"type":"Feature","geometry":{"type":"Polygon","coordinates":[[[106.5581,21.1944],[106.5553,21.1947],[106.5479,21.1924],[106.5471,21.1912],[106.5422,21.1925],[106.5414,21.1963],[106.5365,21.2047],[106.5337,21.2153],[106.5304,21.218],[106.53,21.2222],[106.521,21.2231],[106.5194,21.2245],[106.5152,21.224],[106.5123,21.2216],[106.5081,21.2217],[106.5019,21.2241],[106.4996,21.2171],[106.5006,21.2137],[106.498,21.2112],[106.4992,21.2092],[106.5003,21.2038],[106.5014,21.2023],[106.4941,21.1988],[106.4966,21.1848],[106.4927,21.1834],[106.4895,21.1804],[106.4903,21.1786],[106.4864,21.1728],[106.4886,21.1701],[106.4889,21.1669],[106.4859,21.1623],[106.4829,21.1602],[106.4808,21.1506],[106.4794,21.1502],[106.4786,21.1451],[106.4837,21.1452],[106.4845,21.1376],[106.4819,21.1338],[106.4844,21.1308],[106.4817,21.1289],[106.4772,21.1238],[106.4752,21.1228],[106.4728,21.1191],[106.4661,21.1169],[106.4601,21.1158],[106.4576,21.1197],[106.4563,21.1176],[106.4519,21.1189],[106.4478,21.1176],[106.4461,21.1185],[106.4405,21.1157],[106.4414,21.1134],[106.4457,21.1116],[106.4467,21.108],[106.4459,21.1063],[106.45,21.1056],[106.4525,21.1095],[106.4556,21.1094],[106.4595,21.1057],[106.4609,21.1066],[106.4668,21.1011],[106.4692,21.0975],[106.4726,21.097],[106.4729,21.0939],[106.4755,21.0923],[106.4791,21.0985],[106.4822,21.0982],[106.4849,21.1013],[106.4892,21.1015],[106.4916,21.103],[106.4954,21.102],[106.4937,21.0986],[106.4953,21.0973],[106.4943,21.0917],[106.493,21.0891],[106.4956,21.0879],[106.5052,21.0895],[106.5066,21.0933],[106.5087,21.0934],[106.5097,21.0973],[106.512,21.0952],[106.5147,21.0976],[106.5178,21.0951],[106.5205,21.1032],[106.5228,21.1023],[106.5262,21.106],[106.5273,21.1095],[106.5356,21.1172],[106.5383,21.1151],[106.5419,21.1147],[106.5453,21.119],[106.5487,21.1189],[106.5514,21.1176],[106.5542,21.1135],[106.5551,21.122],[106.5584,21.1238],[106.5625,21.1236],[106.5636,21.1245],[106.5635,21.1289],[106.5617,21.1323],[106.5639,21.135],[106.5687,21.1363],[106.5684,21.141],[106.5665,21.1483],[106.5695,21.151],[106.5684,21.1536],[106.5718,21.1627],[106.5735,21.1637],[106.577,21.1722],[106.5811,21.1785],[106.5843,21.1777],[106.5887,21.1783],[106.5888,21.1816],[106.5906,21.1836],[106.5874,21.189],[106.5847,21.1892],[106.5827,21.1916],[106.5792,21.1925],[106.5738,21.1903],[106.5685,21.1897],[106.5647,21.1901],[106.5638,21.1916],[106.5581,21.1944]]]},"properties":{"ma_xa":"07090","ten_xa":"An Sinh","sap_nhap":"Bình Dương, An Sinh, Việt Dân, Đức Chính (1 phần)","tru_so":"đang cập nhật","loai":"Phường","cap":2,"stt":1,"dtich_km2":106.42,"dan_so":24956,"matdo_km2":234.5,"ma_tinh":"22","ten_tinh":"Quảng Ninh"}},
{"type":"Feature","geometry":{"type":"Polygon","coordinates":[[[107.2524,21.3664],[107.2485,21.3673],[107.2431,21.3657],[107.2404,21.364],[107.2376,21.3697],[107.2353,21.3707],[107.2355,21.3735],[107.2279,21.3774],[107.2282,21.3798],[107.2259,21.3814],[107.2225,21.3854],[107.2186,21.3868],[107.2166,21.389],[107.2115,21.3877],[107.2094,21.3862],[107.2038,21.3787],[107.2031,21.3762],[107.2038,21.3733],[107.203,21.3698],[107.203,21.3643],[107.2011,21.3614],[107.2024,21.355],[107.2006,21.3517],[107.1976,21.3487],[107.197,21.3462],[107.2001,21.3364],[107.1996,21.3342],[107.1929,21.3331],[107.1891,21.3303],[107.185,21.3256],[107.1833,21.3219],[107.1802,21.3189],[107.178,21.3182],[107.1813,21.3092],[107.1821,21.3004],[107.184,21.2967],[107.1844,21.2937],[107.1749,21.2873],[107.1734,21.2852],[107.1672,21.2818],[107.1659,21.2793],[107.167,21.2733],[107.1661,21.2688],[107.1611,21.2678],[107.1616,21.2637],[107.1604,21.2564],[107.1627,21.2507],[107.1646,21.2509],[107.1695,21.2492],[107.1723,21.2448],[107.1712,21.2426],[107.1744,21.2372],[107.1713,21.2338],[107.1734,21.2297],[107.176,21.228],[107.1772,21.2242],[107.1811,21.223],[107.1843,21.218],[107.1886,21.2196],[107.1902,21.2171],[107.1936,21.2153],[107.1971,21.2106],[107.2,21.2093],[107.2035,21.2059],[107.2064,21.2054],[107.2109,21.2013],[107.2099,21.1978],[107.2039,21.194],[107.199,21.19],[107.1959,21.1867],[107.194,21.1827],[107.1947,21.1816],[107.1909,21.1792],[107.1884,21.1731],[107.1864,21.1724],[107.1803,21.1684],[107.1803,21.1659],[107.1784,21.1644],[107.1779,21.161],[107.1794,21.159],[107.1795,21.1542],[107.1775,21.1531],[107.1744,21.1448],[107.1781,21.1421],[107.1816,21.1419],[107.1844,21.1403],[107.1852,21.1354],[107.1882,21.1325],[107.1944,21.1351],[107.1984,21.1346],[107.2028,21.1315],[107.206,21.1317],[107.2083,21.1302],[107.2098,21.1322],[107.2129,21.1335],[107.2176,21.1385],[107.2226,21.1388],[107.2275,21.138],[107.2302,21.1387],[107.2333,21.1424],[107.2327,21.1443],[107.2336,21.1511],[107.2347,21.1538],[107.2374,21.1558],[107.2397,21.1605],[107.242,21.1618],[107.2454,21.1617],[107.2485,21.1649],[107.2519,21.1666],[107.2592,21.1685],[107.2614,21.1705],[107.2667,21.1719],[107.2757,21.1785],[107.281,21.1799],[107.2865,21.1772],[107.2923,21.1791],[107.2937,21.182],[107.3013,21.1863],[107.3038,21.1861],[107.3083,21.1829],[107.3096,21.1809],[107.3169,21.1762],[107.3187,21.1724],[107.3234,21.1721],[107.329,21.1761],[107.3327,21.1747],[107.3367,21.1775],[107.337,21.1814],[107.3343,21.1863],[107.3349,21.1891],[107.3413,21.1943],[107.3437,21.1992],[107.3488,21.2021],[107.3488,21.2064],[107.3507,21.2113],[107.3541,21.2164],[107.3578,21.22],[107.3611,21.2207],[107.3558,21.2221],[107.3509,21.2253],[107.3503,21.2279],[107.3484,21.2296],[107.3487,21.2335],[107.3514,21.2383],[107.3533,21.2404],[107.3481,21.2455],[107.347,21.2476],[107.3458,21.2565],[107.3439,21.2599],[107.3441,21.2632],[107.3415,21.2665],[107.3392,21.2713],[107.3382,21.2798],[107.3395,21.2818],[107.339,21.2844],[107.3407,21.2873],[107.3403,21.2937],[107.3345,21.298],[107.3353,21.2998],[107.3322,21.307],[107.3266,21.3073],[107.3233,21.3056],[107.3219,21.3081],[107.3182,21.3107],[107.317,21.3129],[107.3145,21.3127],[107.3129,21.3154],[107.3079,21.3173],[107.3051,21.3161],[107.3012,21.3163],[107.2985,21.3179],[107.2993,21.3204],[107.2906,21.322],[107.2872,21.3209],[107.2812,21.3247],[107.2789,21.3244],[107.2738,21.3259],[107.2698,21.3282],[107.2635,21.328],[107.2549,21.3298],[107.2519,21.3342],[107.2536,21.3367],[107.2528,21.3412],[107.2574,21.3476],[107.2623,21.3532],[107.2579,21.3584],[107.2551,21.3637],[107.2524,21.3664]]]},"properties":{"ma_xa":"06970","ten_xa":"Ba Chẽ","sap_nhap":"Ba Chẽ (thị trấn), Thanh Sơn, Nam Sơn, Đồn Đạc, Hải Lạng (1 phần)","tru_so":"đang cập nhật","loai":"Xã","cap":2,"stt":37,"dtich_km2":332.68,"dan_so":17504,"matdo_km2":52.62,"ma_tinh":"22","ten_tinh":"Quảng Ninh"}},
{"type":"Feature","geometry":{"type":"Polygon","coordinates":[[[107.066,20.9602],[107.0631,20.963],[107.0549,20.966],[107.0538,20.9676],[107.0574,20.971],[107.0477,20.9798],[107.0413,20.9823],[107.0419,20.9844],[107.0373,20.9886],[107.0341,20.9904],[107.0341,20.9736],[107.0292,20.9727],[107.0268,20.9754],[107.0233,20.9763],[107.0125,20.9716],[107.0057,20.9722],[106.9973,20.9712],[106.9955,20.9684],[106.9929,20.9665],[106.991,20.9622],[106.9818,20.9546],[106.9863,20.9567],[106.9909,20.9525],[106.9951,20.9545],[106.9981,20.9522],[107.0011,20.952],[107.0075,20.9541],[107.0124,20.9504],[107.0179,20.9503],[107.0202,20.948],[107.0262,20.9469],[107.029,20.9419],[107.0358,20.9409],[107.0526,20.947],[107.0553,20.9488],[107.0615,20.9483],[107.0631,20.9555],[107.066,20.9602]]]},"properties":{"ma_xa":"06673","ten_xa":"Bãi Cháy","sap_nhap":"Hùng Thắng, Bãi Cháy","tru_so":"đang cập nhật","loai":"Phường","cap":2,"stt":17,"dtich_km2":25.39,"dan_so":42108,"matdo_km2":1658.45,"ma_tinh":"22","ten_tinh":"Quảng Ninh"}},
{"type":"Feature","geometry":{"type":"Polygon","coordinates":[[[106.6769,21.1701],[106.671,21.1701],[106.666,21.1718],[106.6621,21.1722],[106.6559,21.1745],[106.6536,21.1736],[106.648,21.176],[106.6463,21.1791],[106.6436,21.1793],[106.6401,21.1813],[106.6383,21.1777],[106.6401,21.1762],[106.6409,21.1732],[106.6394,21.1687],[106.6375,21.1677],[106.6336,21.1717],[106.6246,21.1708],[106.6193,21.172],[106.6173,21.1711],[106.6118,21.171],[106.6088,21.1726],[106.6078,21.1776],[106.6061,21.1795],[106.6032,21.1801],[106.601,21.1792],[106.5949,21.1791],[106.5887,21.1783],[106.5843,21.1777],[106.5811,21.1785],[106.577,21.1722],[106.5735,21.1637],[106.5718,21.1627],[106.5684,21.1536],[106.5695,21.151],[106.5665,21.1483],[106.5684,21.141],[106.5687,21.1363],[106.5639,21.135],[106.5617,21.1323],[106.5635,21.1289],[106.5636,21.1245],[106.5625,21.1236],[106.5584,21.1238],[106.5551,21.122],[106.5542,21.1135],[106.5514,21.1176],[106.5487,21.1189],[106.5453,21.119],[106.5419,21.1147],[106.5383,21.1151],[106.539,21.1145],[106.5273,21.1039],[106.5246,21.1023],[106.5229,21.0983],[106.525,21.0934],[106.5276,21.0938],[106.5342,21.0971],[106.5344,21.095],[106.5375,21.0946],[106.5383,21.0906],[106.5459,21.0896],[106.551,21.0924],[106.5545,21.0915],[106.5572,21.0923],[106.5596,21.0974],[106.5637,21.0947],[106.5662,21.0945],[106.5702,21.0956],[106.572,21.0942],[106.5724,21.0886],[106.5748,21.0859],[106.574,21.0843],[106.5751,21.0816],[106.5769,21.0806],[106.5799,21.0822],[106.5842,21.0813],[106.5888,21.0842],[106.5905,21.09],[106.6013,21.0926],[106.6088,21.0919],[106.6112,21.0907],[106.6153,21.0909],[106.6289,21.0887],[106.6337,21.0886],[106.639,21.0888],[106.6418,21.0918],[106.6468,21.0917],[106.6512,21.0905],[106.6585,21.0929],[106.6638,21.0927],[106.6656,21.0909],[106.6689,21.0903],[106.6726,21.0872],[106.6785,21.0907],[106.6906,21.091],[106.6982,21.0904],[106.7025,21.0868],[106.7057,21.0877],[106.7085,21.0904],[106.7055,21.0919],[106.7069,21.0937],[106.7057,21.0956],[106.7021,21.0978],[106.6994,21.1033],[106.6934,21.1052],[106.6937,21.1143],[106.6942,21.1175],[106.6901,21.1179],[106.6926,21.1224],[106.6959,21.1261],[106.695,21.1282],[106.6978,21.1301],[106.6975,21.1326],[106.7008,21.1332],[106.6998,21.1365],[106.7001,21.1416],[106.7028,21.1449],[106.7053,21.1497],[106.708,21.1649],[106.7069,21.1682],[106.7029,21.1669],[106.7001,21.1677],[106.6972,21.1701],[106.6904,21.1678],[106.6856,21.1682],[106.6819,21.1665],[106.6801,21.1699],[106.6769,21.1701]]]},"properties":{"ma_xa":"07081","ten_xa":"Bình Khê","sap_nhap":"Tràng An, Bình Khê, Tràng Lương","tru_so":"đang cập nhật","loai":"Phường","cap":2,"stt":3,"dtich_km2":138.74,"dan_so":21845,"matdo_km2":157.45,"ma_tinh":"22","ten_tinh":"Quảng Ninh"}},
{"type":"Feature","geometry":{"type":"Polygon","coordinates":[[[107.3829,21.5958],[107.3769,21.5984],[107.3733,21.5993],[107.3682,21.6019],[107.3641,21.5991],[107.3619,21.6007],[107.3617,21.5985],[107.3586,21.595],[107.3526,21.5948],[107.3478,21.596],[107.3432,21.5912],[107.3398,21.5889],[107.3307,21.588],[107.3275,21.5927],[107.3248,21.5927],[107.3225,21.5943],[107.3172,21.5933],[107.3136,21.5903],[107.3109,21.5921],[107.3096,21.5959],[107.3062,21.5956],[107.2991,21.5937],[107.2955,21.5934],[107.2932,21.5905],[107.2903,21.5852],[107.2905,21.5826],[107.287,21.5805],[107.2841,21.5773],[107.2838,21.5713],[107.2847,21.5701],[107.2825,21.567],[107.2779,21.5632],[107.2737,21.5623],[107.2736,21.5606],[107.2785,21.5546],[107.2797,21.551],[107.2842,21.5466],[107.2813,21.5447],[107.2799,21.5423],[107.2801,21.5396],[107.284,21.5354],[107.2837,21.5327],[107.2849,21.5306],[107.2919,21.5234],[107.2927,21.521],[107.2968,21.5171],[107.3012,21.5157],[107.3032,21.5168],[107.3115,21.516],[107.3142,21.5171],[107.3169,21.5156],[107.3159,21.5136],[107.3164,21.5079],[107.3213,21.5048],[107.324,21.5045],[107.3292,21.499],[107.3342,21.4973],[107.3376,21.4916],[107.3399,21.4905],[107.3398,21.4853],[107.3429,21.4841],[107.3397,21.4766],[107.3406,21.4729],[107.3387,21.4688],[107.3406,21.467],[107.3441,21.4682],[107.3498,21.4675],[107.352,21.4655],[107.3544,21.4651],[107.3565,21.4629],[107.3603,21.4621],[107.3622,21.4605],[107.3611,21.4578],[107.3618,21.4541],[107.3634,21.4507],[107.3615,21.4462],[107.3652,21.4455],[107.372,21.4379],[107.3769,21.439],[107.3875,21.4374],[107.3854,21.4419],[107.3856,21.4441],[107.3838,21.4456],[107.3825,21.4501],[107.3833,21.4556],[107.3897,21.4599],[107.391,21.4622],[107.395,21.4647],[107.3975,21.4673],[107.4041,21.4673],[107.4084,21.4678],[107.4095,21.4691],[107.4144,21.4672],[107.4174,21.464],[107.4211,21.4659],[107.4227,21.4686],[107.4267,21.4666],[107.4293,21.463],[107.4368,21.4647],[107.4399,21.4589],[107.4404,21.4554],[107.4398,21.4506],[107.4416,21.4478],[107.4548,21.445],[107.4626,21.447],[107.4696,21.4448],[107.4742,21.4467],[107.4793,21.4543],[107.4817,21.4555],[107.4821,21.46],[107.4888,21.4609],[107.492,21.4583],[107.4957,21.4603],[107.5016,21.4619],[107.5013,21.4629],[107.5024,21.4715],[107.5045,21.4719],[107.5107,21.4758],[107.5126,21.4788],[107.5158,21.4794],[107.5185,21.4786],[107.5204,21.4798],[107.524,21.4859],[107.5218,21.4969],[107.5219,21.4997],[107.525,21.5036],[107.5218,21.5072],[107.5211,21.5092],[107.5183,21.5102],[107.5144,21.5074],[107.5113,21.5083],[107.5081,21.5119],[107.5041,21.5116],[107.4968,21.5146],[107.4947,21.5164],[107.4881,21.5204],[107.4878,21.5172],[107.4819,21.5139],[107.4807,21.5112],[107.473,21.5138],[107.4686,21.5147],[107.4644,21.5134],[107.4577,21.5138],[107.4534,21.5112],[107.4529,21.5056],[107.4496,21.5025],[107.4489,21.499],[107.4403,21.513],[107.4383,21.515],[107.4342,21.5224],[107.4317,21.5235],[107.4278,21.5305],[107.4243,21.5327],[107.4219,21.5373],[107.4171,21.539],[107.4111,21.5377],[107.408,21.542],[107.4074,21.5444],[107.4045,21.5457],[107.4028,21.5485],[107.3966,21.5539],[107.3939,21.5573],[107.3949,21.562],[107.3928,21.565],[107.3895,21.5718],[107.387,21.5723],[107.3833,21.5759],[107.3819,21.5761],[107.3813,21.5846],[107.3815,21.5878],[107.3807,21.5924],[107.3829,21.5958]]]},"properties":{"ma_xa":"06838","ten_xa":"Bình Liêu","sap_nhap":"Bình Liêu (thị trấn), Húc Động, Vô Ngại (1 phần)","tru_so":"đang cập nhật","loai":"Xã","cap":2,"stt":45,"dtich_km2":225.29,"dan_so":16220,"matdo_km2":72,"ma_tinh":"22","ten_tinh":"Quảng Ninh"}},
{"type":"Feature","geometry":{"type":"MultiPolygon","coordinates":[[[[107.6796,21.2606],[107.6743,21.26],[107.6741,21.257],[107.6796,21.2606]]],[[[107.6488,21.2719],[107.6456,21.272],[107.6417,21.2697],[107.6437,21.267],[107.6482,21.2674],[107.6488,21.2719]]],[[[107.6654,21.2836],[107.6637,21.2843],[107.6618,21.2815],[107.6593,21.2811],[107.6519,21.2766],[107.6504,21.275],[107.6515,21.2695],[107.6601,21.274],[107.662,21.2768],[107.6665,21.2778],[107.6695,21.2811],[107.6654,21.2836]]],[[[107.7898,21.2972],[107.7839,21.2967],[107.7784,21.2953],[107.7726,21.2963],[107.7664,21.296],[107.7577,21.2921],[107.754,21.2914],[107.7507,21.2875],[107.7512,21.2841],[107.7532,21.2829],[107.7672,21.2891],[107.769,21.2909],[107.7722,21.2914],[107.776,21.2943],[107.7789,21.2933],[107.7899,21.2931],[107.7935,21.2941],[107.795,21.2962],[107.7898,21.2972]]],[[[107.6994,21.2985],[107.693,21.298],[107.6897,21.2959],[107.6828,21.2944],[107.6823,21.2919],[107.6789,21.2886],[107.673,21.2901],[107.6688,21.2835],[107.6706,21.2814],[107.6739,21.2805],[107.6715,21.278],[107.6643,21.2749],[107.6597,21.2719],[107.6634,21.2714],[107.6716,21.2764],[107.6736,21.2796],[107.6857,21.2854],[107.6862,21.2892],[107.6908,21.292],[107.6924,21.2905],[107.695,21.2929],[107.6976,21.293],[107.6997,21.2949],[107.6977,21.2965],[107.6994,21.2985]]],[[[107.8163,21.3573],[107.8135,21.3573],[107.8066,21.356],[107.8029,21.3528],[107.7986,21.3524],[107.7831,21.3435],[107.7824,21.342],[107.777,21.3397],[107.7711,21.3364],[107.7681,21.3338],[107.7655,21.3327],[107.7565,21.3308],[107.7456,21.3258],[107.7391,21.3213],[107.7363,21.3203],[107.7336,21.3179],[107.7307,21.3168],[107.7278,21.3142],[107.7229,21.3121],[107.7209,21.3099],[107.7167,21.3079],[107.7123,21.3068],[107.7116,21.3054],[107.7069,21.3039],[107.7061,21.3012],[107.7122,21.3037],[107.7163,21.3034],[107.7199,21.3053],[107.7201,21.3067],[107.7236,21.3093],[107.7289,21.3118],[107.734,21.3094],[107.7326,21.3059],[107.734,21.3037],[107.7397,21.3067],[107.7469,21.3069],[107.7503,21.3122],[107.7532,21.3143],[107.7549,21.3142],[107.7585,21.3173],[107.7622,21.3173],[107.7652,21.3187],[107.7685,21.3221],[107.7726,21.324],[107.7783,21.3228],[107.7796,21.325],[107.7831,21.3277],[107.7923,21.3302],[107.7948,21.3324],[107.7967,21.3322],[107.7981,21.3354],[107.8013,21.3384],[107.803,21.3413],[107.8064,21.3451],[107.8086,21.3459],[107.8111,21.345],[107.8176,21.3509],[107.8202,21.3518],[107.818,21.357],[107.8163,21.3573]]]]},"properties":{"ma_xa":"06967","ten_xa":"Cái Chiên","sap_nhap":"Cái Chiên","tru_so":"đang cập nhật","loai":"Xã","cap":2,"stt":54,"dtich_km2":25.9,"dan_so":752,"matdo_km2":29.03,"ma_tinh":"22","ten_tinh":"Quảng Ninh"}},
{"type":"Feature","geometry":{"type":"Polygon","coordinates":[[[107.2977,20.9969],[107.2975,20.9996],[107.2999,21.0109],[107.3026,21.0117],[107.3034,21.0174],[107.3107,21.0326],[107.3037,21.0353],[107.3058,21.0449],[107.3018,21.0484],[107.299,21.0477],[107.2958,21.0424],[107.2832,21.0413],[107.2803,21.0391],[107.2766,21.0381],[107.2738,21.0353],[107.2787,21.0239],[107.2756,21.0229],[107.272,21.0206],[107.2712,21.0163],[107.2684,21.0121],[107.2689,21.0103],[107.2666,21.0086],[107.2657,21.0005],[107.2663,20.9964],[107.2748,20.9958],[107.2943,20.9969],[107.293,20.9926],[107.2941,20.9914],[107.2974,20.9922],[107.3023,20.9909],[107.3041,20.9947],[107.2977,20.9969]]]},"properties":{"ma_xa":"06793","ten_xa":"Cẩm Phả","sap_nhap":"Cẩm Trung, Cẩm Thành, Cẩm Bình, Cẩm Tây, Cẩm Đông","tru_so":"đang cập nhật","loai":"Phường","cap":2,"stt":28,"dtich_km2":17.52,"dan_so":61506,"matdo_km2":3510.62,"ma_tinh":"22","ten_tinh":"Quảng Ninh"}},
{"type":"Feature","geometry":{"type":"MultiPolygon","coordinates":[[[[107.0738,20.9798],[107.0714,20.9801],[107.0693,20.9772],[107.0717,20.9744],[107.0738,20.9781],[107.0738,20.9798]]],[[[107.1784,21.0267],[107.1737,21.031],[107.1714,21.0321],[107.1666,21.0313],[107.1615,21.0315],[107.1551,21.0333],[107.1446,21.0292],[107.1402,21.0284],[107.1358,21.0297],[107.1328,21.0292],[107.1301,21.0238],[107.1282,21.0184],[107.1225,21.0145],[107.1163,21.0138],[107.1082,21.0122],[107.1033,21.0092],[107.0945,20.9989],[107.0864,20.9926],[107.088,20.9918],[107.0834,20.9873],[107.072,20.9653],[107.074,20.9628],[107.0772,20.9635],[107.0808,20.9664],[107.085,20.9622],[107.0873,20.9587],[107.0882,20.961],[107.0922,20.9653],[107.0918,20.9721],[107.0925,20.9751],[107.0947,20.9781],[107.107,20.9682],[107.1086,20.9717],[107.113,20.9741],[107.1133,20.9812],[107.1148,20.9824],[107.1205,20.9816],[107.1204,20.9842],[107.1231,20.9842],[107.124,20.9906],[107.1277,20.9889],[107.1375,20.9901],[107.1381,20.9942],[107.1443,20.9983],[107.1495,21.0001],[107.1593,20.9978],[107.1675,20.9985],[107.1777,20.9982],[107.1761,21.0001],[107.1757,21.0033],[107.1731,21.0127],[107.1739,21.0173],[107.1727,21.0191],[107.1759,21.0247],[107.1784,21.0267]]]]},"properties":{"ma_xa":"06658","ten_xa":"Cao Xanh","sap_nhap":"Hà Khánh, Cao Xanh","tru_so":"đang cập nhật","loai":"Phường","cap":2,"stt":20,"dtich_km2":38.89,"dan_so":32809,"matdo_km2":843.64,"ma_tinh":"22","ten_tinh":"Quảng Ninh"}},
{"type":"Feature","geometry":{"type":"MultiPolygon","coordinates":[[[[107.786,20.9777],[107.7863,20.9737],[107.7893,20.9735],[107.786,20.9777]]],[[[107.8024,20.9847],[107.8019,20.9867],[107.7992,20.987],[107.7995,20.9836],[107.8024,20.9847]]],[[[107.8108,20.9859],[107.8087,20.9858],[107.807,20.9811],[107.8035,20.9806],[107.8055,20.9772],[107.8105,20.9797],[107.8116,20.9838],[107.8108,20.9859]]],[[[107.7495,21.0239],[107.7446,21.0223],[107.7408,21.0197],[107.7343,21.0121],[107.7343,21.0097],[107.7318,21.0037],[107.7337,21.003],[107.7385,20.999],[107.7378,20.9958],[107.7347,20.992],[107.7416,20.9905],[107.7507,20.9855],[107.7565,20.9812],[107.7592,20.9785],[107.7616,20.9744],[107.7629,20.9704],[107.7608,20.9648],[107.759,20.9654],[107.7551,20.9638],[107.7512,20.9593],[107.7485,20.9583],[107.7469,20.9553],[107.7477,20.9536],[107.7433,20.9504],[107.7425,20.9468],[107.74,20.9467],[107.7385,20.9444],[107.7469,20.9467],[107.7467,20.9493],[107.7495,20.9536],[107.7496,20.955],[107.7564,20.9569],[107.7602,20.956],[107.7632,20.958],[107.7634,20.9603],[107.769,20.9623],[107.7711,20.966],[107.7762,20.9676],[107.7794,20.97],[107.7757,20.9763],[107.7776,20.9805],[107.7765,20.9838],[107.7738,20.9815],[107.7713,20.9837],[107.7696,20.9883],[107.7653,20.9853],[107.7654,20.982],[107.7621,20.9808],[107.7612,20.9839],[107.7625,20.986],[107.761,20.9885],[107.7632,20.9959],[107.7657,20.9984],[107.7681,20.9984],[107.7716,20.9945],[107.7737,20.9935],[107.7756,20.9896],[107.7808,20.9889],[107.7817,20.9874],[107.7796,20.9821],[107.7834,20.9824],[107.7845,20.9862],[107.7873,20.989],[107.7854,20.9912],[107.7812,20.9911],[107.7751,20.9957],[107.7646,21.0071],[107.7605,21.0123],[107.7532,21.0132],[107.7498,21.0163],[107.7475,21.02],[107.7495,21.0239]]],[[[107.8236,21.0341],[107.8245,21.0371],[107.8216,21.0388],[107.8191,21.0376],[107.8208,21.0317],[107.8236,21.0341]]],[[[107.8612,21.0389],[107.8599,21.0418],[107.8566,21.0447],[107.854,21.0452],[107.8518,21.0422],[107.8485,21.0394],[107.8441,21.0396],[107.8392,21.0434],[107.8346,21.042],[107.8366,21.0401],[107.8354,21.0376],[107.8321,21.0374],[107.8312,21.0349],[107.8325,21.033],[107.8277,21.03],[107.8251,21.0305],[107.8226,21.029],[107.8218,21.0265],[107.8188,21.0229],[107.8183,21.0177],[107.8145,21.0153],[107.8168,21.0121],[107.8126,21.0073],[107.8077,21.006],[107.8088,21.0028],[107.8077,20.9991],[107.8119,20.9992],[107.8042,20.9939],[107.8051,20.9915],[107.8107,20.9885],[107.8116,20.985],[107.8141,20.9833],[107.8172,20.9827],[107.8204,20.9836],[107.8208,20.9851],[107.8181,20.9876],[107.818,20.9895],[107.8217,20.9948],[107.8257,20.9964],[107.828,20.9994],[107.8316,21.0007],[107.8347,20.9995],[107.833,21.0067],[107.8353,21.0094],[107.8399,21.0121],[107.8413,21.0164],[107.845,21.0194],[107.8512,21.0222],[107.8529,21.0246],[107.8584,21.0275],[107.8624,21.0276],[107.8628,21.0301],[107.8588,21.0323],[107.858,21.0347],[107.8612,21.0389]]],[[[107.7777,21.0443],[107.7789,21.0496],[107.7767,21.0513],[107.7749,21.0494],[107.774,21.046],[107.7687,21.044],[107.7655,21.0452],[107.7644,21.0425],[107.7645,21.0369],[107.762,21.0346],[107.7626,21.0328],[107.7685,21.035],[107.7723,21.0343],[107.7744,21.0361],[107.7777,21.0363],[107.7805,21.0382],[107.7808,21.0408],[107.7777,21.0443]]],[[[107.7556,21.052],[107.7538,21.0486],[107.7569,21.0472],[107.7567,21.0513],[107.7556,21.052]]],[[[107.8662,21.0556],[107.8649,21.0611],[107.8632,21.0608],[107.8632,21.0575],[107.8611,21.0532],[107.8649,21.0538],[107.8662,21.0556]]],[[[107.7744,21.0751],[107.7726,21.0721],[107.7697,21.0701],[107.7717,21.0666],[107.7752,21.0686],[107.7758,21.0716],[107.7744,21.0751]]],[[[107.8202,21.1135],[107.8189,21.1155],[107.8162,21.1163],[107.8144,21.1137],[107.8118,21.1136],[107.8114,21.1082],[107.8045,21.105],[107.8079,21.1042],[107.8153,21.1092],[107.821,21.1101],[107.8202,21.1135]]],[[[107.852,21.135],[107.8495,21.1387],[107.8463,21.14],[107.8479,21.1344],[107.852,21.135]]],[[[107.8663,21.1476],[107.8646,21.1467],[107.8655,21.1428],[107.869,21.139],[107.8713,21.1414],[107.8704,21.1461],[107.8663,21.1476]]],[[[107.8629,21.1606],[107.8589,21.16],[107.8537,21.1569],[107.8519,21.1523],[107.8559,21.1529],[107.8614,21.1557],[107.8643,21.1596],[107.8629,21.1606]]],[[[107.8667,21.164],[107.8631,21.1609],[107.8672,21.1606],[107.8667,21.164]]],[[[108.0195,21.1935],[108.0167,21.1964],[108.0154,21.196],[108.0116,21.1919],[108.0138,21.1898],[108.0195,21.1885],[108.0217,21.1918],[108.0195,21.1935]]],[[[107.9731,21.2491],[107.9686,21.2488],[107.9648,21.2466],[107.9605,21.247],[107.9603,21.2454],[107.9571,21.2448],[107.952,21.2406],[107.9476,21.2386],[107.9481,21.2349],[107.9512,21.2331],[107.9553,21.2337],[107.9569,21.2303],[107.9599,21.2309],[107.9632,21.2299],[107.9671,21.2321],[107.9699,21.2298],[107.9752,21.2306],[107.979,21.2343],[107.9792,21.2406],[107.9751,21.2459],[107.9757,21.2484],[107.9731,21.2491]]]]},"properties":{"ma_xa":"07192","ten_xa":"Cô Tô","sap_nhap":"Cô Tô (thị trấn), Đồng Tiến, Thanh Lân","tru_so":"đang cập nhật","loai":"Đặc khu","cap":2,"stt":53,"dtich_km2":53.68,"dan_so":7151,"matdo_km2":133.22,"ma_tinh":"22","ten_tinh":"Quảng Ninh"}},
{"type":"Feature","geometry":{"type":"Polygon","coordinates":[[[107.3706,21.0603],[107.3666,21.0617],[107.3609,21.0623],[107.3549,21.0585],[107.3545,21.0558],[107.3505,21.0515],[107.3489,21.0459],[107.3451,21.0462],[107.344,21.0449],[107.3362,21.0434],[107.3353,21.0408],[107.3297,21.0414],[107.3274,21.0449],[107.3176,21.0468],[107.3159,21.0456],[107.3073,21.0471],[107.3027,21.0495],[107.3018,21.0484],[107.3058,21.0449],[107.3037,21.0353],[107.3107,21.0326],[107.3034,21.0174],[107.3026,21.0117],[107.2999,21.0109],[107.2975,20.9996],[107.2977,20.9969],[107.3034,20.9979],[107.3086,20.9944],[107.3133,20.9938],[107.3217,20.9912],[107.3306,20.9905],[107.3307,20.9918],[107.3368,20.9923],[107.3377,20.9887],[107.3402,20.9893],[107.3417,20.9919],[107.3413,20.9946],[107.3482,20.996],[107.3501,20.9978],[107.3534,20.999],[107.3564,21.0012],[107.3579,21.0042],[107.3615,21.0086],[107.3636,21.0086],[107.3685,21.0148],[107.3657,21.0171],[107.3699,21.0219],[107.3724,21.0266],[107.3709,21.0304],[107.3725,21.0314],[107.3688,21.0366],[107.3683,21.0393],[107.3694,21.047],[107.3714,21.0544],[107.3706,21.0603]]]},"properties":{"ma_xa":"06781","ten_xa":"Cửa Ông","sap_nhap":"Cẩm Phú, Cẩm Thịnh, Cẩm Sơn, Cửa Ông","tru_so":"đang cập nhật","loai":"Phường","cap":2,"stt":29,"dtich_km2":41.07,"dan_so":66504,"matdo_km2":1619.28,"ma_tinh":"22","ten_tinh":"Quảng Ninh"}},
{"type":"Feature","geometry":{"type":"MultiPolygon","coordinates":[[[[107.5994,21.2324],[107.5946,21.2326],[107.5935,21.23],[107.5899,21.2296],[107.5835,21.2263],[107.5807,21.2264],[107.5797,21.2236],[107.5847,21.2238],[107.5866,21.2254],[107.5896,21.2255],[107.5933,21.2268],[107.5949,21.2286],[107.5994,21.2305],[107.5994,21.2324]]],[[[107.6401,21.2417],[107.6379,21.2416],[107.6309,21.238],[107.6282,21.2374],[107.628,21.2342],[107.6321,21.2329],[107.634,21.2335],[107.6346,21.237],[107.6371,21.2383],[107.6401,21.2417]]],[[[107.6395,21.261],[107.6307,21.2587],[107.6326,21.257],[107.6299,21.2554],[107.6228,21.2543],[107.6199,21.2552],[107.6191,21.2535],[107.6222,21.2513],[107.6165,21.2509],[107.615,21.2481],[107.6129,21.2493],[107.6059,21.2472],[107.6048,21.2446],[107.6015,21.243],[107.5997,21.2434],[107.5933,21.2403],[107.5915,21.237],[107.5961,21.2368],[107.6045,21.2409],[107.606,21.2392],[107.6053,21.2371],[107.6101,21.2355],[107.6091,21.233],[107.6147,21.2336],[107.614,21.2371],[107.6184,21.2408],[107.6224,21.2431],[107.6246,21.2457],[107.6304,21.2475],[107.6342,21.251],[107.6266,21.2494],[107.6246,21.2481],[107.6225,21.2502],[107.63,21.2529],[107.6365,21.2571],[107.6418,21.2591],[107.6395,21.261]]],[[[107.5714,21.2763],[107.5686,21.2774],[107.5674,21.2759],[107.5636,21.2762],[107.5495,21.2722],[107.5432,21.269],[107.5389,21.2675],[107.5356,21.2644],[107.5355,21.2619],[107.5413,21.2575],[107.5457,21.2561],[107.5492,21.2595],[107.5575,21.2613],[107.5561,21.2583],[107.5532,21.2583],[107.5519,21.255],[107.5601,21.2539],[107.5594,21.2559],[107.5631,21.2562],[107.5653,21.2592],[107.5727,21.2591],[107.5776,21.2597],[107.5762,21.262],[107.583,21.2618],[107.586,21.2609],[107.5872,21.2625],[107.5858,21.2658],[107.5834,21.2673],[107.5813,21.2669],[107.5796,21.2694],[107.5755,21.271],[107.5734,21.2728],[107.5714,21.2763]]],[[[107.5351,21.2817],[107.5351,21.2839],[107.5313,21.2854],[107.5292,21.285],[107.5273,21.2822],[107.5231,21.2794],[107.5227,21.276],[107.5265,21.2678],[107.5293,21.2647],[107.5339,21.2657],[107.5407,21.2711],[107.5465,21.2743],[107.5493,21.2767],[107.5558,21.2787],[107.5563,21.2817],[107.5532,21.2839],[107.552,21.2822],[107.5483,21.2804],[107.5439,21.2821],[107.5368,21.2829],[107.5351,21.2817]]],[[[107.5086,21.2816],[107.5074,21.2851],[107.5042,21.286],[107.5027,21.2849],[107.5077,21.2807],[107.5086,21.2816]]],[[[107.5228,21.2846],[107.5151,21.2868],[107.5112,21.287],[107.5114,21.2849],[107.5184,21.282],[107.5208,21.2822],[107.5228,21.2846]]],[[[107.5769,21.2901],[107.5733,21.2902],[107.5738,21.2856],[107.5785,21.284],[107.5814,21.2863],[107.5769,21.2901]]],[[[107.5881,21.2987],[107.5871,21.2939],[107.5891,21.2916],[107.5929,21.2915],[107.5926,21.2934],[107.5881,21.2987]]],[[[107.6202,21.3242],[107.6174,21.3257],[107.617,21.3216],[107.6177,21.3209],[107.6209,21.3219],[107.6202,21.3242]]],[[[107.6226,21.4181],[107.6198,21.4183],[107.6147,21.4199],[107.6114,21.4198],[107.6111,21.4173],[107.5996,21.4106],[107.6003,21.4067],[107.5988,21.4031],[107.6011,21.4015],[107.5981,21.3984],[107.6029,21.3963],[107.6016,21.3934],[107.6022,21.3887],[107.6049,21.3872],[107.6071,21.3837],[107.6077,21.3811],[107.6097,21.3805],[107.6057,21.3756],[107.6002,21.3727],[107.603,21.369],[107.6057,21.3681],[107.6074,21.3603],[107.6011,21.3581],[107.5983,21.3565],[107.5922,21.3572],[107.5892,21.3589],[107.5833,21.3546],[107.578,21.3528],[107.5738,21.3525],[107.5739,21.3505],[107.5679,21.3492],[107.568,21.3457],[107.5657,21.3442],[107.562,21.3448],[107.5533,21.3438],[107.5508,21.3425],[107.5504,21.3401],[107.553,21.3381],[107.5525,21.3352],[107.5442,21.3361],[107.5413,21.3365],[107.5365,21.336],[107.5365,21.3312],[107.5382,21.3301],[107.5439,21.3239],[107.5466,21.322],[107.5475,21.3188],[107.5469,21.3156],[107.5501,21.3093],[107.5546,21.3034],[107.5567,21.2994],[107.5583,21.2944],[107.5648,21.2872],[107.569,21.2867],[107.5703,21.2896],[107.57,21.2933],[107.5667,21.3021],[107.5651,21.3141],[107.5698,21.3127],[107.571,21.3105],[107.5681,21.3067],[107.5696,21.3013],[107.5731,21.2921],[107.5746,21.2923],[107.5815,21.3013],[107.5812,21.2961],[107.58,21.2943],[107.5761,21.2921],[107.5828,21.2866],[107.5876,21.2891],[107.5878,21.2908],[107.5854,21.2943],[107.5857,21.2989],[107.5876,21.3009],[107.59,21.2992],[107.5904,21.2965],[107.5929,21.2949],[107.5956,21.2907],[107.5999,21.2899],[107.6043,21.2908],[107.6064,21.2923],[107.6066,21.2959],[107.6092,21.296],[107.6087,21.3],[107.6034,21.3044],[107.6004,21.3046],[107.5978,21.3068],[107.599,21.3088],[107.602,21.3092],[107.6021,21.3124],[107.5992,21.3144],[107.6014,21.3167],[107.6044,21.315],[107.6035,21.3126],[107.606,21.3092],[107.6064,21.3064],[107.6102,21.3019],[107.6139,21.3007],[107.6191,21.3067],[107.6179,21.31],[107.6212,21.3121],[107.6228,21.315],[107.6231,21.3189],[107.6209,21.3208],[107.6176,21.3205],[107.6167,21.3218],[107.6168,21.3234],[107.6156,21.3248],[107.6161,21.326],[107.6158,21.3332],[107.6188,21.3339],[107.6204,21.3323],[107.6196,21.3295],[107.6205,21.3265],[107.6279,21.3225],[107.6292,21.3265],[107.6327,21.3334],[107.636,21.3341],[107.6364,21.3357],[107.6404,21.3373],[107.6419,21.3419],[107.6464,21.3436],[107.6526,21.3438],[107.6527,21.3459],[107.6505,21.3494],[107.648,21.3503],[107.6476,21.3529],[107.6504,21.3551],[107.6494,21.3572],[107.648,21.366],[107.6421,21.3733],[107.6398,21.3779],[107.6399,21.3809],[107.6369,21.3882],[107.6295,21.3978],[107.6268,21.4003],[107.6281,21.4036],[107.6303,21.4035],[107.6308,21.4065],[107.6327,21.4086],[107.6368,21.4106],[107.6334,21.4144],[107.6265,21.4173],[107.6226,21.4181]]]]},"properties":{"ma_xa":"06895","ten_xa":"Đầm Hà","sap_nhap":"Đầm Hà (thị trấn), Tân Bình, Đại Bình, Tân Lập, Đầm Hà","tru_so":"đang cập nhật","loai":"Xã","cap":2,"stt":39,"dtich_km2":142.43,"dan_so":25947,"matdo_km2":182.17,"ma_tinh":"22","ten_tinh":"Quảng Ninh"}},
{"type":"Feature","geometry":{"type":"Polygon","coordinates":[[[107.2737,21.5623],[107.2666,21.5655],[107.2657,21.564],[107.2609,21.5645],[107.2533,21.5601],[107.2524,21.5585],[107.2486,21.5578],[107.2469,21.5532],[107.2466,21.5486],[107.2375,21.5523],[107.2358,21.5522],[107.2326,21.5545],[107.2276,21.5516],[107.2254,21.5512],[107.2212,21.5535],[107.2167,21.5521],[107.2133,21.5464],[107.2076,21.5451],[107.2046,21.5408],[107.2086,21.5363],[107.2111,21.531],[107.2165,21.5316],[107.218,21.529],[107.2217,21.5263],[107.2229,21.5194],[107.2256,21.5191],[107.2311,21.5215],[107.2342,21.5186],[107.2338,21.5138],[107.2366,21.5107],[107.2387,21.5058],[107.2359,21.5026],[107.2372,21.4992],[107.2369,21.4969],[107.2397,21.4911],[107.242,21.4896],[107.2461,21.484],[107.245,21.4782],[107.2399,21.4734],[107.2423,21.4694],[107.2425,21.466],[107.2406,21.4653],[107.2385,21.4591],[107.2407,21.4572],[107.2405,21.453],[107.2418,21.4508],[107.2407,21.4476],[107.2447,21.4451],[107.2453,21.4396],[107.2417,21.4345],[107.2478,21.4301],[107.2476,21.4259],[107.2485,21.4238],[107.2534,21.4232],[107.2576,21.417],[107.2561,21.4146],[107.257,21.4088],[107.2588,21.4077],[107.2576,21.4046],[107.2646,21.4],[107.2609,21.392],[107.2616,21.3878],[107.2599,21.3853],[107.257,21.3835],[107.2598,21.3804],[107.2587,21.3767],[107.2564,21.3733],[107.2543,21.3683],[107.2524,21.3664],[107.2551,21.3637],[107.2579,21.3584],[107.2623,21.3532],[107.2574,21.3476],[107.2528,21.3412],[107.2536,21.3367],[107.2519,21.3342],[107.2549,21.3298],[107.2635,21.328],[107.2698,21.3282],[107.2738,21.3259],[107.2789,21.3244],[107.2812,21.3247],[107.2872,21.3209],[107.2906,21.322],[107.2993,21.3204],[107.3017,21.3229],[107.301,21.3252],[107.3023,21.3309],[107.2975,21.3325],[107.2937,21.3323],[107.292,21.3364],[107.2955,21.3403],[107.2954,21.3425],[107.2986,21.3438],[107.3016,21.3468],[107.3043,21.3477],[107.3063,21.3498],[107.3069,21.3525],[107.3112,21.3541],[107.314,21.356],[107.3129,21.3575],[107.3161,21.3603],[107.3193,21.3612],[107.3208,21.3644],[107.3265,21.3658],[107.3246,21.3679],[107.3257,21.3708],[107.3254,21.3732],[107.328,21.3761],[107.3351,21.3779],[107.3373,21.3808],[107.3377,21.384],[107.3397,21.3843],[107.3444,21.3874],[107.3452,21.3915],[107.3386,21.3977],[107.3393,21.3998],[107.3362,21.4021],[107.3378,21.4062],[107.3406,21.4095],[107.3402,21.4127],[107.3442,21.4177],[107.3437,21.4216],[107.3415,21.4219],[107.3398,21.4248],[107.3415,21.4283],[107.34,21.43],[107.3407,21.4325],[107.3349,21.4418],[107.3349,21.4447],[107.3316,21.4455],[107.3307,21.4477],[107.3322,21.4514],[107.331,21.4542],[107.3328,21.4561],[107.3346,21.4614],[107.339,21.4627],[107.341,21.4644],[107.3406,21.467],[107.3387,21.4688],[107.3406,21.4729],[107.3397,21.4766],[107.3429,21.4841],[107.3398,21.4853],[107.3399,21.4905],[107.3376,21.4916],[107.3342,21.4973],[107.3292,21.499],[107.324,21.5045],[107.3213,21.5048],[107.3164,21.5079],[107.3159,21.5136],[107.3169,21.5156],[107.3142,21.5171],[107.3115,21.516],[107.3032,21.5168],[107.3012,21.5157],[107.2968,21.5171],[107.2927,21.521],[107.2919,21.5234],[107.2849,21.5306],[107.2837,21.5327],[107.284,21.5354],[107.2801,21.5396],[107.2799,21.5423],[107.2813,21.5447],[107.2842,21.5466],[107.2797,21.551],[107.2785,21.5546],[107.2736,21.5606],[107.2737,21.5623]]]},"properties":{"ma_xa":"06874","ten_xa":"Điền Xá","sap_nhap":"Hà Lâu, Điền Xá, Yên Than (1 phần)","tru_so":"đang cập nhật","loai":"Xã","cap":2,"stt":32,"dtich_km2":240.49,"dan_so":6956,"matdo_km2":28.92,"ma_tinh":"22","ten_tinh":"Quảng Ninh"}},
{"type":"Feature","geometry":{"type":"Polygon","coordinates":[[[106.8885,21.0134],[106.8924,21.017],[106.8984,21.0251],[106.8972,21.0299],[106.8996,21.0331],[106.8997,21.0359],[106.8939,21.0342],[106.887,21.0298],[106.8846,21.0288],[106.8808,21.0287],[106.8787,21.0269],[106.8786,21.0248],[106.8749,21.0228],[106.8717,21.0236],[106.8679,21.0292],[106.8636,21.0335],[106.8612,21.0306],[106.8545,21.0327],[106.8511,21.0364],[106.8446,21.0357],[106.8395,21.0345],[106.8368,21.0312],[106.8344,21.0257],[106.8329,21.0201],[106.8311,21.019],[106.8299,21.0143],[106.8282,21.0152],[106.8235,21.0125],[106.8217,21.0135],[106.8195,21.0114],[106.8154,21.0136],[106.8132,21.0123],[106.8094,21.0127],[106.8071,21.0143],[106.7998,21.0168],[106.7975,21.0111],[106.7995,21.0044],[106.7987,21.0019],[106.793,20.9977],[106.7927,20.9959],[106.7943,20.9916],[106.7944,20.9871],[106.7978,20.9913],[106.801,20.999],[106.802,20.9998],[106.8065,20.9987],[106.8101,20.9985],[106.8159,20.9955],[106.8204,20.9962],[106.8205,20.9926],[106.8231,20.9933],[106.8301,20.99],[106.8333,20.9891],[106.8369,20.9865],[106.8384,20.9826],[106.8422,20.9783],[106.8439,20.9745],[106.8436,20.9664],[106.8461,20.9674],[106.8474,20.9652],[106.85,20.9642],[106.8536,20.9602],[106.8597,20.9619],[106.8633,20.9622],[106.8671,20.9634],[106.8769,20.965],[106.8832,20.9649],[106.8895,20.9668],[106.8881,20.9743],[106.887,20.9774],[106.8888,20.9827],[106.8887,20.985],[106.8909,20.992],[106.8936,20.9946],[106.8935,20.9979],[106.8891,21.0033],[106.8891,21.0064],[106.8862,21.0096],[106.8885,21.0134]]]},"properties":{"ma_xa":"07135","ten_xa":"Đông Mai","sap_nhap":"Minh Thành, Đông Mai","tru_so":"đang cập nhật","loai":"Phường","cap":2,"stt":9,"dtich_km2":50.61,"dan_so":21649,"matdo_km2":427.76,"ma_tinh":"22","ten_tinh":"Quảng Ninh"}},
{"type":"Feature","geometry":{"type":"Polygon","coordinates":[[[107.4696,21.4448],[107.4626,21.447],[107.4548,21.445],[107.4416,21.4478],[107.4398,21.4506],[107.4404,21.4554],[107.4399,21.4589],[107.4368,21.4647],[107.4293,21.463],[107.4267,21.4666],[107.4227,21.4686],[107.4211,21.4659],[107.4174,21.464],[107.4144,21.4672],[107.4095,21.4691],[107.4084,21.4678],[107.4041,21.4673],[107.3975,21.4673],[107.395,21.4647],[107.391,21.4622],[107.3897,21.4599],[107.3833,21.4556],[107.3825,21.4501],[107.3838,21.4456],[107.3856,21.4441],[107.3854,21.4419],[107.3875,21.4374],[107.3925,21.4351],[107.3962,21.438],[107.4003,21.4368],[107.4031,21.4369],[107.406,21.4339],[107.4114,21.4324],[107.4148,21.4298],[107.4182,21.431],[107.4217,21.4286],[107.4203,21.4261],[107.4246,21.42],[107.4266,21.4181],[107.4265,21.4158],[107.4207,21.4073],[107.4227,21.4055],[107.4219,21.4025],[107.4245,21.4001],[107.4282,21.3987],[107.4315,21.3928],[107.4343,21.3896],[107.4351,21.3861],[107.4297,21.3827],[107.4282,21.3809],[107.4286,21.3777],[107.4249,21.376],[107.425,21.3741],[107.4219,21.3739],[107.4226,21.3711],[107.4212,21.3689],[107.4235,21.3643],[107.4264,21.3619],[107.4256,21.3589],[107.4278,21.3564],[107.4267,21.3527],[107.429,21.35],[107.4338,21.347],[107.4419,21.3435],[107.4418,21.3415],[107.4438,21.3367],[107.4401,21.3334],[107.4396,21.3314],[107.4406,21.3273],[107.4427,21.3246],[107.4469,21.3242],[107.4478,21.3216],[107.4501,21.3201],[107.4538,21.3112],[107.4517,21.3093],[107.455,21.3064],[107.4611,21.3078],[107.4642,21.305],[107.4675,21.3063],[107.4702,21.3041],[107.472,21.3012],[107.4757,21.2993],[107.4773,21.2968],[107.4804,21.2941],[107.4895,21.2883],[107.4913,21.2922],[107.4899,21.2956],[107.4825,21.3018],[107.4913,21.2999],[107.4924,21.2953],[107.4994,21.2924],[107.5031,21.2927],[107.5079,21.2946],[107.4989,21.2969],[107.4991,21.2978],[107.5092,21.2964],[107.5119,21.2948],[107.5133,21.296],[107.5127,21.3008],[107.5136,21.3052],[107.5158,21.305],[107.5168,21.2987],[107.5162,21.2953],[107.5196,21.2924],[107.5269,21.2916],[107.5297,21.292],[107.5285,21.2964],[107.5296,21.2971],[107.5326,21.2921],[107.5363,21.2901],[107.543,21.29],[107.5474,21.2906],[107.5444,21.2952],[107.55,21.2935],[107.547,21.3004],[107.5423,21.3043],[107.538,21.3051],[107.5376,21.3062],[107.532,21.307],[107.5324,21.3165],[107.5278,21.3169],[107.5261,21.3204],[107.5286,21.3215],[107.5327,21.3205],[107.534,21.3216],[107.5351,21.3153],[107.5346,21.313],[107.5361,21.3104],[107.5438,21.3094],[107.5446,21.3119],[107.5436,21.3186],[107.5398,21.325],[107.5343,21.3316],[107.5331,21.3358],[107.5294,21.3386],[107.5263,21.3392],[107.5245,21.3419],[107.5234,21.3459],[107.5233,21.3503],[107.5219,21.3525],[107.5253,21.3553],[107.5249,21.3585],[107.5216,21.3588],[107.5196,21.3609],[107.5161,21.3612],[107.513,21.3643],[107.5063,21.3724],[107.5085,21.3761],[107.5041,21.3806],[107.5019,21.3807],[107.4958,21.3769],[107.4939,21.3775],[107.4872,21.3756],[107.4842,21.3845],[107.4809,21.3826],[107.4756,21.3863],[107.4765,21.3884],[107.4796,21.3911],[107.4752,21.3944],[107.4731,21.3946],[107.4712,21.4003],[107.4715,21.4035],[107.4734,21.4062],[107.4734,21.4086],[107.4754,21.4116],[107.4732,21.4179],[107.4746,21.4189],[107.4753,21.4239],[107.4752,21.4285],[107.4719,21.4334],[107.4668,21.4367],[107.4688,21.4406],[107.4696,21.4448]]]},"properties":{"ma_xa":"06877","ten_xa":"Đông Ngũ","sap_nhap":"Đông Hải, Đại Dực (1 phần), Đông Ngũ (1 phần)","tru_so":"đang cập nhật","loai":"Xã","cap":2,"stt":33,"dtich_km2":142.8,"dan_so":18063,"matdo_km2":126.49,"ma_tinh":"22","ten_tinh":"Quảng Ninh"}},
{"type":"Feature","geometry":{"type":"Polygon","coordinates":[[[106.5383,21.0906],[106.5375,21.0946],[106.5344,21.095],[106.5342,21.0971],[106.5276,21.0938],[106.525,21.0934],[106.5229,21.0983],[106.5246,21.1023],[106.5273,21.1039],[106.539,21.1145],[106.5383,21.1151],[106.5356,21.1172],[106.5273,21.1095],[106.5262,21.106],[106.5228,21.1023],[106.5205,21.1032],[106.5178,21.0951],[106.5147,21.0976],[106.512,21.0952],[106.5097,21.0973],[106.5087,21.0934],[106.5066,21.0933],[106.5052,21.0895],[106.4956,21.0879],[106.493,21.0891],[106.4943,21.0917],[106.4953,21.0973],[106.4937,21.0986],[106.4954,21.102],[106.4916,21.103],[106.4892,21.1015],[106.4849,21.1013],[106.4822,21.0982],[106.4791,21.0985],[106.4755,21.0923],[106.4729,21.0939],[106.4726,21.097],[106.4692,21.0975],[106.4668,21.1011],[106.4609,21.1066],[106.4595,21.1057],[106.4556,21.1094],[106.4525,21.1095],[106.45,21.1056],[106.4459,21.1063],[106.4467,21.108],[106.4457,21.1116],[106.4414,21.1134],[106.4421,21.1105],[106.4389,21.107],[106.4444,21.0999],[106.4504,21.0959],[106.4501,21.0932],[106.4462,21.0906],[106.445,21.0886],[106.4435,21.0826],[106.4407,21.0801],[106.4417,21.0773],[106.4456,21.0759],[106.4469,21.0712],[106.4489,21.0695],[106.4529,21.0699],[106.4553,21.0684],[106.4549,21.0656],[106.4592,21.0651],[106.467,21.0667],[106.4746,21.0695],[106.4769,21.0696],[106.4858,21.0683],[106.4913,21.0657],[106.4959,21.062],[106.4996,21.0573],[106.5034,21.0565],[106.5094,21.0588],[106.513,21.0583],[106.5159,21.06],[106.5178,21.0587],[106.5167,21.0553],[106.5194,21.0531],[106.5172,21.0518],[106.515,21.0473],[106.5173,21.0463],[106.5206,21.048],[106.524,21.0462],[106.5241,21.0496],[106.5261,21.0502],[106.5279,21.0482],[106.5329,21.0476],[106.5363,21.0494],[106.5376,21.0522],[106.5362,21.0556],[106.5386,21.0598],[106.5404,21.0681],[106.5417,21.0692],[106.5458,21.0676],[106.5474,21.0695],[106.5453,21.0723],[106.5403,21.0725],[106.5358,21.0692],[106.5346,21.0707],[106.534,21.0754],[106.5367,21.0785],[106.5344,21.0825],[106.5357,21.0856],[106.535,21.0889],[106.5383,21.0906]]]},"properties":{"ma_xa":"07093","ten_xa":"Đông Triều","sap_nhap":"Thủy An, Hưng Đạo, Hồng Phong, Nguyễn Huệ, Đức Chính (1 phần)","tru_so":"đang cập nhật","loai":"Phường","cap":2,"stt":2,"dtich_km2":40.42,"dan_so":43712,"matdo_km2":1081.44,"ma_tinh":"22","ten_tinh":"Quảng Ninh"}},
{"type":"Feature","geometry":{"type":"MultiPolygon","coordinates":[[[[107.6514,21.3768],[107.6486,21.3797],[107.6475,21.3796],[107.6461,21.3747],[107.6514,21.3768]]],[[[107.6774,21.3932],[107.6798,21.3983],[107.6788,21.4051],[107.6755,21.4042],[107.6723,21.3993],[107.6722,21.3978],[107.6774,21.3932]]],[[[107.7114,21.4595],[107.7048,21.4609],[107.6991,21.4667],[107.701,21.4694],[107.7049,21.4697],[107.7074,21.4722],[107.7068,21.4752],[107.7081,21.4803],[107.7046,21.4836],[107.7053,21.4884],[107.7046,21.4915],[107.7077,21.4953],[107.7081,21.4982],[107.7049,21.5088],[107.7002,21.5115],[107.6962,21.5157],[107.6908,21.5101],[107.6889,21.5091],[107.6853,21.5101],[107.6857,21.5159],[107.6877,21.5221],[107.6838,21.5232],[107.6758,21.5214],[107.6738,21.522],[107.6757,21.5256],[107.672,21.5288],[107.6693,21.5298],[107.6635,21.5356],[107.6659,21.538],[107.6623,21.5437],[107.6623,21.5481],[107.6604,21.551],[107.6598,21.5547],[107.6577,21.5584],[107.6558,21.5583],[107.6531,21.561],[107.6516,21.5652],[107.6467,21.5699],[107.6402,21.5727],[107.6391,21.5744],[107.6387,21.5784],[107.6373,21.581],[107.6383,21.5849],[107.6441,21.5892],[107.6484,21.588],[107.6554,21.5876],[107.6579,21.5852],[107.6627,21.5895],[107.6658,21.5901],[107.669,21.5932],[107.6643,21.6013],[107.663,21.6025],[107.6623,21.6073],[107.6605,21.6101],[107.652,21.6071],[107.6305,21.6071],[107.6219,21.6088],[107.6121,21.6081],[107.6031,21.6035],[107.6021,21.6025],[107.6037,21.5977],[107.606,21.5969],[107.6111,21.58],[107.6112,21.5663],[107.6116,21.5627],[107.6087,21.5597],[107.6056,21.5589],[107.6019,21.5599],[107.5993,21.5618],[107.5949,21.5601],[107.5984,21.5554],[107.6019,21.5521],[107.6014,21.5503],[107.5982,21.548],[107.597,21.5426],[107.5946,21.5419],[107.5938,21.5364],[107.5965,21.5333],[107.5968,21.5289],[107.5961,21.526],[107.5928,21.5239],[107.5891,21.5227],[107.587,21.5205],[107.5817,21.5178],[107.5765,21.5179],[107.5754,21.5169],[107.5706,21.5168],[107.5653,21.5186],[107.5633,21.5203],[107.557,21.521],[107.5544,21.5259],[107.5446,21.5283],[107.5426,21.5255],[107.5404,21.5264],[107.5373,21.5252],[107.5313,21.5259],[107.529,21.5288],[107.5232,21.5279],[107.516,21.5193],[107.5179,21.5156],[107.5183,21.5102],[107.5211,21.5092],[107.5218,21.5072],[107.525,21.5036],[107.5219,21.4997],[107.5218,21.4969],[107.5325,21.4976],[107.5369,21.4984],[107.5438,21.4976],[107.5445,21.4964],[107.5501,21.494],[107.5508,21.4914],[107.5541,21.489],[107.5577,21.4881],[107.561,21.4852],[107.5642,21.4859],[107.571,21.4851],[107.5733,21.483],[107.5806,21.479],[107.5825,21.4751],[107.585,21.4727],[107.5897,21.4711],[107.5947,21.4664],[107.5965,21.4633],[107.6035,21.4619],[107.6061,21.4595],[107.6092,21.458],[107.6106,21.4553],[107.6162,21.4506],[107.6151,21.4473],[107.6128,21.4453],[107.613,21.442],[107.6115,21.4396],[107.6128,21.4363],[107.6154,21.4351],[107.6145,21.432],[107.6171,21.4267],[107.6188,21.4247],[107.6209,21.4196],[107.6226,21.4181],[107.6265,21.4173],[107.6334,21.4144],[107.6368,21.4106],[107.6327,21.4086],[107.6308,21.4065],[107.6303,21.4035],[107.6281,21.4036],[107.6268,21.4003],[107.6295,21.3978],[107.6369,21.3882],[107.6399,21.3809],[107.6406,21.3812],[107.6447,21.3752],[107.6457,21.3752],[107.6472,21.3791],[107.6471,21.38],[107.6484,21.38],[107.6518,21.3773],[107.6508,21.3757],[107.6486,21.374],[107.6503,21.3725],[107.6602,21.368],[107.6634,21.3675],[107.6666,21.3687],[107.669,21.3711],[107.6695,21.3736],[107.6665,21.3749],[107.6644,21.3769],[107.6631,21.3802],[107.6661,21.3799],[107.6651,21.3764],[107.6687,21.3746],[107.6715,21.3753],[107.6755,21.3795],[107.6752,21.3843],[107.6744,21.385],[107.6741,21.3904],[107.6695,21.3924],[107.668,21.394],[107.6623,21.3952],[107.6643,21.3997],[107.6671,21.3983],[107.6685,21.3958],[107.6709,21.3992],[107.6717,21.4024],[107.6757,21.408],[107.6715,21.4159],[107.672,21.4162],[107.6722,21.4188],[107.6694,21.4199],[107.6696,21.4273],[107.6711,21.4281],[107.6708,21.431],[107.6684,21.4309],[107.668,21.434],[107.6699,21.4382],[107.6751,21.4462],[107.6813,21.447],[107.6851,21.4463],[107.687,21.4439],[107.6912,21.4426],[107.6948,21.4382],[107.6982,21.4387],[107.7014,21.4404],[107.7087,21.4371],[107.7128,21.4387],[107.7155,21.4364],[107.7202,21.4366],[107.7262,21.4341],[107.7411,21.4413],[107.7359,21.4438],[107.7333,21.4412],[107.7288,21.4403],[107.7261,21.4418],[107.7234,21.441],[107.7198,21.4422],[107.7144,21.4424],[107.7112,21.4455],[107.7095,21.445],[107.7054,21.449],[107.7064,21.4519],[107.7098,21.4561],[107.7114,21.4595]]]]},"properties":{"ma_xa":"06946","ten_xa":"Đường Hoa","sap_nhap":"Quảng Sơn, Đường Hoa, Quảng Long (1 phần)","tru_so":"đang cập nhật","loai":"Xã","cap":2,"stt":41,"dtich_km2":220.38,"dan_so":17201,"matdo_km2":78.05,"ma_tinh":"22","ten_tinh":"Quảng Ninh"}},
{"type":"Feature","geometry":{"type":"MultiPolygon","coordinates":[[[[106.9093,20.8394],[106.9117,20.8449],[106.9176,20.8538],[106.9147,20.8551],[106.9121,20.85],[106.9089,20.8411],[106.9093,20.8394]]],[[[106.8788,20.8633],[106.8817,20.865],[106.8835,20.8693],[106.8816,20.872],[106.8792,20.8716],[106.8767,20.8694],[106.8762,20.8649],[106.8788,20.8633]]],[[[106.8999,20.8458],[106.8993,20.8504],[106.8976,20.8521],[106.8992,20.8546],[106.8968,20.8624],[106.8946,20.8665],[106.8941,20.8704],[106.8926,20.8732],[106.8905,20.8745],[106.8855,20.8734],[106.8851,20.8685],[106.8827,20.864],[106.8761,20.8551],[106.8755,20.8499],[106.8764,20.8476],[106.8792,20.8457],[106.884,20.8444],[106.8871,20.8423],[106.8921,20.8423],[106.8999,20.8458]]],[[[106.87,20.8747],[106.8688,20.8784],[106.8654,20.8739],[106.8664,20.8719],[106.8695,20.8729],[106.87,20.8747]]],[[[106.8782,20.8924],[106.8807,20.8932],[106.8808,20.8955],[106.8824,20.8977],[106.8816,20.9],[106.8789,20.8977],[106.8764,20.8939],[106.8782,20.8924]]],[[[106.9382,20.9299],[106.9345,20.9346],[106.9251,20.941],[106.9217,20.945],[106.9249,20.954],[106.9236,20.9591],[106.92,20.9629],[106.9157,20.9642],[106.9039,20.9657],[106.8945,20.9696],[106.8881,20.9743],[106.8895,20.9668],[106.8832,20.9649],[106.8769,20.965],[106.8671,20.9634],[106.8633,20.9622],[106.8638,20.9573],[106.8613,20.9559],[106.8632,20.9518],[106.8571,20.9476],[106.8581,20.9457],[106.8554,20.9397],[106.8608,20.9381],[106.8641,20.9342],[106.8611,20.9309],[106.8616,20.9252],[106.8522,20.9242],[106.8479,20.9204],[106.8408,20.9225],[106.8389,20.925],[106.8399,20.9278],[106.8338,20.9305],[106.8296,20.9314],[106.8244,20.9245],[106.83,20.9214],[106.8328,20.9147],[106.8366,20.9098],[106.8447,20.9057],[106.8471,20.9039],[106.8488,20.8984],[106.8458,20.8913],[106.8456,20.8859],[106.847,20.882],[106.85,20.8776],[106.8519,20.872],[106.8543,20.8683],[106.8571,20.8702],[106.8606,20.8709],[106.8662,20.8753],[106.8693,20.8839],[106.8716,20.8871],[106.8724,20.8923],[106.8758,20.8944],[106.8775,20.8976],[106.8809,20.9003],[106.8846,20.9047],[106.8876,20.9055],[106.8936,20.9047],[106.8935,20.9023],[106.896,20.9005],[106.9002,20.9008],[106.9064,20.9074],[106.9093,20.9072],[106.9136,20.9092],[106.9175,20.9088],[106.9197,20.9117],[106.9288,20.9102],[106.9331,20.9085],[106.9395,20.9097],[106.9453,20.9081],[106.948,20.9097],[106.9487,20.9136],[106.946,20.9159],[106.9452,20.9187],[106.9405,20.9221],[106.9384,20.9251],[106.9354,20.9274],[106.9382,20.9299]]]]},"properties":{"ma_xa":"07168","ten_xa":"Hà An","sap_nhap":"Tân An, Hà An, Hoàng Tân, Liên Hòa (1 phần)","tru_so":"đang cập nhật","loai":"Phường","cap":2,"stt":12,"dtich_km2":100.18,"dan_so":21314,"matdo_km2":212.76,"ma_tinh":"22","ten_tinh":"Quảng Ninh"}},
{"type":"Feature","geometry":{"type":"Polygon","coordinates":[[[107.1342,20.9547],[107.1328,20.9572],[107.1342,20.9586],[107.1348,20.9624],[107.1338,20.9635],[107.1351,20.9715],[107.1313,20.9737],[107.1315,20.9781],[107.1328,20.9799],[107.131,20.9821],[107.1305,20.9869],[107.1277,20.9889],[107.124,20.9906],[107.1231,20.9842],[107.1204,20.9842],[107.1205,20.9816],[107.1148,20.9824],[107.1133,20.9812],[107.113,20.9741],[107.1086,20.9717],[107.107,20.9682],[107.0947,20.9781],[107.0925,20.9751],[107.0918,20.9721],[107.0922,20.9653],[107.0882,20.961],[107.0873,20.9587],[107.0919,20.9581],[107.0976,20.9585],[107.1052,20.9581],[107.1128,20.9547],[107.1129,20.9517],[107.1178,20.9487],[107.1228,20.9493],[107.1272,20.9522],[107.1329,20.9532],[107.1342,20.9547]]]},"properties":{"ma_xa":"06676","ten_xa":"Hà Lầm","sap_nhap":"Cao Thắng, Hà Trung, Hà Lầm","tru_so":"đang cập nhật","loai":"Phường","cap":2,"stt":19,"dtich_km2":11.99,"dan_so":47747,"matdo_km2":3982.24,"ma_tinh":"22","ten_tinh":"Quảng Ninh"}},
{"type":"Feature","geometry":{"type":"MultiPolygon","coordinates":[[[[107.1484,20.7618],[107.1488,20.7591],[107.1508,20.7547],[107.1526,20.756],[107.1484,20.7618]]],[[[107.1277,20.7668],[107.1309,20.7606],[107.1333,20.7612],[107.1334,20.7637],[107.1277,20.7668]]],[[[107.1425,20.7655],[107.1388,20.766],[107.1391,20.7619],[107.1348,20.7609],[107.1314,20.7561],[107.1294,20.7557],[107.1291,20.7521],[107.1269,20.7522],[107.1261,20.7491],[107.1286,20.7476],[107.1294,20.7435],[107.1317,20.7395],[107.1334,20.7384],[107.137,20.7401],[107.1383,20.743],[107.1411,20.7443],[107.14,20.7469],[107.1415,20.7499],[107.1432,20.7499],[107.1427,20.7547],[107.1411,20.7586],[107.1444,20.7584],[107.1454,20.7623],[107.1425,20.7655]]],[[[107.1248,20.8072],[107.1226,20.8058],[107.1228,20.8032],[107.1262,20.8016],[107.1232,20.7995],[107.1227,20.8024],[107.12,20.8021],[107.1182,20.8056],[107.1148,20.8072],[107.1146,20.8042],[107.1182,20.7982],[107.1186,20.793],[107.116,20.7904],[107.1187,20.7813],[107.1215,20.7759],[107.1239,20.7747],[107.123,20.7719],[107.1313,20.773],[107.129,20.777],[107.1323,20.781],[107.1287,20.7811],[107.1294,20.7845],[107.132,20.7835],[107.133,20.7859],[107.1317,20.7879],[107.137,20.791],[107.1351,20.7926],[107.1353,20.7984],[107.131,20.797],[107.1306,20.7939],[107.1256,20.7962],[107.1291,20.7986],[107.1281,20.8009],[107.1294,20.8028],[107.127,20.804],[107.1248,20.8072]]],[[[107.1858,20.8098],[107.1859,20.8051],[107.1883,20.8063],[107.1884,20.81],[107.1858,20.8098]]],[[[107.1178,20.8107],[107.1175,20.8079],[107.122,20.8056],[107.1239,20.8084],[107.1197,20.8086],[107.1178,20.8107]]],[[[107.1671,20.8205],[107.1675,20.8168],[107.1717,20.8161],[107.1719,20.819],[107.169,20.8209],[107.1671,20.8205]]],[[[107.0797,20.8389],[107.0735,20.8388],[107.0727,20.8366],[107.0755,20.8338],[107.0782,20.8345],[107.0806,20.8328],[107.082,20.8302],[107.0858,20.8305],[107.0836,20.8359],[107.0797,20.8389]]],[[[107.2072,20.8406],[107.2036,20.8404],[107.2042,20.8383],[107.2067,20.8363],[107.2127,20.8344],[107.213,20.8368],[107.2086,20.8408],[107.2072,20.8406]]],[[[107.117,20.841],[107.1131,20.8393],[107.1183,20.8377],[107.116,20.8352],[107.1201,20.833],[107.1217,20.8351],[107.1258,20.8347],[107.1237,20.8382],[107.1203,20.838],[107.117,20.841]]],[[[107.1642,20.8426],[107.16,20.8399],[107.1615,20.8368],[107.1642,20.8426]]],[[[107.1681,20.8437],[107.1688,20.8408],[107.1659,20.8349],[107.1636,20.8325],[107.1638,20.8276],[107.17,20.832],[107.1708,20.8368],[107.1726,20.8398],[107.1716,20.8424],[107.1681,20.8437]]],[[[107.158,20.8392],[107.1575,20.8411],[107.1589,20.8434],[107.1572,20.8446],[107.1551,20.8428],[107.1537,20.839],[107.158,20.8392]]],[[[107.0988,20.8457],[107.0962,20.8441],[107.0991,20.8418],[107.0992,20.8371],[107.0954,20.8339],[107.1014,20.8293],[107.1055,20.8287],[107.1057,20.8316],[107.1092,20.8331],[107.1093,20.8355],[107.1063,20.8359],[107.1047,20.8325],[107.1027,20.8325],[107.1028,20.8381],[107.105,20.8405],[107.1014,20.8452],[107.0988,20.8457]]],[[[107.2528,20.8515],[107.2498,20.8512],[107.2494,20.8488],[107.246,20.8466],[107.2514,20.843],[107.2533,20.8438],[107.2528,20.8465],[107.2554,20.8499],[107.2528,20.8515]]],[[[107.277,20.8513],[107.274,20.8508],[107.2702,20.8457],[107.2737,20.8455],[107.2753,20.8476],[107.2776,20.8461],[107.2814,20.8482],[107.2791,20.8513],[107.277,20.8513]]],[[[107.176,20.8527],[107.1725,20.8527],[107.1738,20.8456],[107.175,20.8458],[107.1791,20.8416],[107.1817,20.8441],[107.1836,20.8416],[107.1843,20.8483],[107.1817,20.8479],[107.1759,20.8506],[107.176,20.8527]]],[[[107.281,20.8541],[107.2794,20.8536],[107.2813,20.85],[107.2842,20.849],[107.2827,20.8447],[107.2789,20.8456],[107.2743,20.8438],[107.27,20.8439],[107.2705,20.841],[107.2764,20.8392],[107.2769,20.8375],[107.2815,20.8387],[107.2842,20.8418],[107.2869,20.839],[107.2912,20.8421],[107.2946,20.8459],[107.2928,20.8479],[107.2907,20.8471],[107.288,20.8436],[107.2848,20.8438],[107.2852,20.8481],[107.2867,20.8493],[107.2859,20.8519],[107.281,20.8541]]],[[[107.0462,20.8578],[107.0439,20.8578],[107.0448,20.8531],[107.0502,20.8555],[107.0462,20.8578]]],[[[107.1002,20.8577],[107.0988,20.8586],[107.0958,20.8574],[107.097,20.8534],[107.0929,20.8539],[107.0881,20.8513],[107.0915,20.8458],[107.0895,20.8453],[107.0852,20.8462],[107.0836,20.8433],[107.086,20.8377],[107.0918,20.8356],[107.0913,20.8392],[107.0935,20.8421],[107.0924,20.8441],[107.0971,20.8459],[107.0979,20.8495],[107.1002,20.8495],[107.0973,20.855],[107.1002,20.8577]]],[[[107.2881,20.8582],[107.2846,20.8582],[107.2847,20.8543],[107.2879,20.8563],[107.2881,20.8582]]],[[[107.0885,20.8591],[107.0847,20.8617],[107.0837,20.86],[107.0885,20.8591]]],[[[107.0659,20.8655],[107.064,20.8645],[107.065,20.8619],[107.0678,20.8614],[107.072,20.8628],[107.068,20.8656],[107.0659,20.8655]]],[[[107.2242,20.8658],[107.2282,20.8608],[107.2319,20.8622],[107.2281,20.8654],[107.2242,20.8658]]],[[[107.2684,20.8665],[107.2677,20.863],[107.2656,20.861],[107.2692,20.86],[107.2744,20.8598],[107.2733,20.8645],[107.2684,20.8665]]],[[[107.2197,20.8647],[107.22,20.8625],[107.2177,20.8591],[107.2193,20.8575],[107.223,20.8579],[107.2237,20.8612],[107.2197,20.8647]]],[[[107.2659,20.8722],[107.2632,20.87],[107.2675,20.8693],[107.2659,20.8722]]],[[[107.1469,20.8722],[107.1429,20.8728],[107.1418,20.8703],[107.144,20.8695],[107.1459,20.8709],[107.1486,20.8671],[107.1485,20.8645],[107.1525,20.866],[107.1481,20.8701],[107.1469,20.8722]]],[[[107.2624,20.8728],[107.2607,20.8738],[107.2584,20.8712],[107.2617,20.8699],[107.2624,20.8728]]],[[[107.1185,20.8737],[107.1157,20.8725],[107.1171,20.8699],[107.1194,20.8696],[107.1185,20.8737]]],[[[107.0432,20.8755],[107.04,20.8766],[107.0384,20.8721],[107.0381,20.8687],[107.0427,20.8695],[107.0423,20.866],[107.0451,20.8653],[107.0474,20.868],[107.0442,20.8715],[107.0459,20.8726],[107.0451,20.8756],[107.0432,20.8755]]],[[[107.0206,20.8727],[107.0166,20.8758],[107.0165,20.8708],[107.0206,20.8727]]],[[[107.0608,20.8757],[107.0576,20.8757],[107.0606,20.8682],[107.0631,20.8689],[107.0663,20.8682],[107.0655,20.8727],[107.0602,20.8733],[107.0608,20.8757]]],[[[107.015,20.8756],[107.0088,20.8763],[107.0068,20.8712],[107.0077,20.8656],[107.0113,20.866],[107.0117,20.8695],[107.0133,20.8718],[107.0127,20.8745],[107.015,20.8756]]],[[[107.1867,20.8777],[107.1846,20.8751],[107.1868,20.8706],[107.1883,20.872],[107.1862,20.8752],[107.1867,20.8777]]],[[[107.1376,20.8776],[107.1368,20.8724],[107.1394,20.8733],[107.1415,20.8756],[107.1376,20.8776]]],[[[107.1729,20.8782],[107.1712,20.8812],[107.1692,20.8789],[107.1694,20.876],[107.1729,20.8782]]],[[[107.2184,20.881],[107.2165,20.881],[107.2161,20.8779],[107.2142,20.8747],[107.2181,20.8721],[107.2196,20.8758],[107.2198,20.8794],[107.2184,20.881]]],[[[107.0368,20.882],[107.0305,20.8826],[107.0299,20.8773],[107.0365,20.8785],[107.0368,20.882]]],[[[107.1933,20.8866],[107.1909,20.8822],[107.1892,20.8854],[107.1863,20.8836],[107.1866,20.8808],[107.192,20.8756],[107.1985,20.8721],[107.2002,20.8728],[107.2029,20.8708],[107.2047,20.8719],[107.2053,20.8644],[107.2077,20.8665],[107.2071,20.8697],[107.2094,20.8714],[107.2127,20.8708],[107.2136,20.8724],[107.2083,20.8773],[107.202,20.8789],[107.2002,20.8831],[107.1988,20.8827],[107.1933,20.8866]]],[[[107.2003,20.8881],[107.1991,20.8852],[107.2029,20.8844],[107.2032,20.887],[107.2003,20.8881]]],[[[107.0079,20.8955],[107.0059,20.8944],[107.0065,20.8907],[107.0018,20.8914],[107.0016,20.8871],[107.0043,20.8866],[107.0052,20.8837],[107.0087,20.8883],[107.0125,20.8843],[107.0121,20.8888],[107.0079,20.8955]]],[[[107.1565,20.8929],[107.1568,20.8908],[107.1615,20.8914],[107.1621,20.8942],[107.1581,20.8942],[107.1565,20.8929]]],[[[107.013,20.9021],[107.0133,20.8993],[107.0115,20.8962],[107.0133,20.8954],[107.0145,20.8993],[107.013,20.9021]]],[[[107.1663,20.9033],[107.1642,20.9031],[107.1633,20.9007],[107.1659,20.8999],[107.1663,20.9033]]],[[[107.012,20.9079],[107.0089,20.9052],[107.0135,20.9038],[107.012,20.9079]]],[[[107.153,20.9129],[107.1487,20.9116],[107.1516,20.9091],[107.153,20.9129]]],[[[107.0178,20.9136],[107.016,20.9126],[107.0169,20.909],[107.0154,20.9068],[107.0187,20.9053],[107.0197,20.9012],[107.0246,20.9042],[107.0228,20.9062],[107.0218,20.9097],[107.0225,20.912],[107.0178,20.9136]]],[[[107.1001,20.9389],[107.0996,20.935],[107.0957,20.9331],[107.099,20.9297],[107.1016,20.93],[107.1013,20.9335],[107.1029,20.9347],[107.1001,20.9389]]],[[[107.2905,20.9449],[107.2897,20.9422],[107.2957,20.9402],[107.2943,20.9431],[107.2905,20.9449]]],[[[107.3037,20.9494],[107.3072,20.9514],[107.3065,20.9535],[107.3035,20.953],[107.3037,20.9494]]],[[[107.1342,20.9547],[107.1329,20.9532],[107.1272,20.9522],[107.1228,20.9493],[107.1178,20.9487],[107.1129,20.9517],[107.1128,20.9547],[107.1052,20.9581],[107.0976,20.9585],[107.0919,20.9581],[107.0941,20.9563],[107.0956,20.9533],[107.0994,20.9513],[107.0974,20.9473],[107.1036,20.9436],[107.1065,20.9411],[107.1117,20.9385],[107.1227,20.9361],[107.1275,20.9357],[107.13,20.9365],[107.1317,20.9389],[107.1359,20.9381],[107.1367,20.9469],[107.1356,20.9474],[107.1342,20.9547]]],[[[107.2146,20.9664],[107.2136,20.9645],[107.2101,20.9638],[107.2084,20.9623],[107.2081,20.9594],[107.2062,20.9586],[107.2046,20.9545],[107.2053,20.9494],[107.2087,20.9498],[107.2125,20.9524],[107.2122,20.9541],[107.2145,20.9562],[107.2151,20.9586],[107.2184,20.9602],[107.218,20.9628],[107.2198,20.9653],[107.2146,20.9664]]],[[[107.3074,20.9708],[107.3039,20.9691],[107.3009,20.9655],[107.3021,20.9629],[107.3058,20.959],[107.3099,20.9597],[107.3128,20.9627],[107.3103,20.965],[107.3097,20.9682],[107.3074,20.9708]]],[[[107.2288,20.9747],[107.2272,20.9748],[107.2251,20.9724],[107.2274,20.9703],[107.2328,20.9722],[107.2309,20.9746],[107.2288,20.9747]]],[[[107.2965,20.9801],[107.2923,20.9803],[107.2934,20.9782],[107.2965,20.9801]]],[[[107.2651,20.9826],[107.2661,20.9792],[107.2701,20.9793],[107.2651,20.9826]]],[[[107.3216,20.9822],[107.3186,20.9836],[107.3179,20.9809],[107.3199,20.9795],[107.3216,20.9822]]],[[[107.279,20.987],[107.2754,20.9868],[107.2747,20.9833],[107.2782,20.984],[107.279,20.987]]],[[[107.2836,20.9895],[107.2856,20.9859],[107.2842,20.9847],[107.2886,20.982],[107.2939,20.985],[107.2909,20.9863],[107.2873,20.9862],[107.2852,20.9904],[107.2836,20.9895]]],[[[107.3086,20.9923],[107.3064,20.9922],[107.305,20.9901],[107.3091,20.9898],[107.3086,20.9923]]]]},"properties":{"ma_xa":"06688","ten_xa":"Hạ Long","sap_nhap":"Hồng Hà, Hồng Hải","tru_so":"đang cập nhật","loai":"Phường","cap":2,"stt":22,"dtich_km2":6.08,"dan_so":52905,"matdo_km2":8701.48,"ma_tinh":"22","ten_tinh":"Quảng Ninh"}},
{"type":"Feature","geometry":{"type":"Polygon","coordinates":[[[107.1359,20.9381],[107.1403,20.9404],[107.1403,20.9429],[107.144,20.9417],[107.1421,20.9365],[107.1429,20.9337],[107.1451,20.9318],[107.1581,20.9277],[107.1623,20.9283],[107.1641,20.9313],[107.1646,20.9349],[107.1617,20.9367],[107.1576,20.9346],[107.1546,20.9341],[107.1508,20.9357],[107.152,20.9381],[107.1565,20.9381],[107.165,20.9392],[107.1783,20.936],[107.1825,20.9373],[107.1889,20.9358],[107.1938,20.9352],[107.199,20.9364],[107.1988,20.9383],[107.1925,20.9409],[107.1914,20.9452],[107.1918,20.9484],[107.1855,20.9549],[107.169,20.9655],[107.1702,20.9676],[107.1702,20.9766],[107.1777,20.9982],[107.1675,20.9985],[107.1593,20.9978],[107.1495,21.0001],[107.1443,20.9983],[107.1381,20.9942],[107.1375,20.9901],[107.1277,20.9889],[107.1305,20.9869],[107.131,20.9821],[107.1328,20.9799],[107.1315,20.9781],[107.1313,20.9737],[107.1351,20.9715],[107.1338,20.9635],[107.1348,20.9624],[107.1342,20.9586],[107.1328,20.9572],[107.1342,20.9547],[107.1356,20.9474],[107.1367,20.9469],[107.1359,20.9381]]]},"properties":{"ma_xa":"06652","ten_xa":"Hà Tu","sap_nhap":"Hà Phong, Hà Tu","tru_so":"đang cập nhật","loai":"Phường","cap":2,"stt":18,"dtich_km2":37.6,"dan_so":29643,"matdo_km2":788.38,"ma_tinh":"22","ten_tinh":"Quảng Ninh"}},
{"type":"Feature","geometry":{"type":"Polygon","coordinates":[[[107.3864,21.1824],[107.3812,21.1824],[107.3707,21.1848],[107.3657,21.1924],[107.3682,21.2087],[107.3714,21.2153],[107.3717,21.2197],[107.371,21.2228],[107.3611,21.2207],[107.3578,21.22],[107.3541,21.2164],[107.3507,21.2113],[107.3488,21.2064],[107.3488,21.2021],[107.3437,21.1992],[107.3413,21.1943],[107.3349,21.1891],[107.3343,21.1863],[107.337,21.1814],[107.3367,21.1775],[107.3327,21.1747],[107.329,21.1761],[107.3234,21.1721],[107.3246,21.1633],[107.3261,21.1621],[107.3238,21.1588],[107.3248,21.1568],[107.323,21.1543],[107.3232,21.1516],[107.3215,21.1507],[107.3194,21.1434],[107.3195,21.1366],[107.3147,21.1304],[107.3121,21.1254],[107.3138,21.1233],[107.3122,21.1183],[107.3121,21.1155],[107.3139,21.1126],[107.3217,21.1106],[107.3253,21.1061],[107.3284,21.1001],[107.3308,21.0989],[107.3321,21.0962],[107.3358,21.0969],[107.3379,21.0992],[107.3418,21.0994],[107.3486,21.0939],[107.3515,21.093],[107.3503,21.0906],[107.35,21.0856],[107.3516,21.085],[107.3544,21.0867],[107.3586,21.0869],[107.3621,21.0849],[107.3693,21.0828],[107.3709,21.0807],[107.3784,21.0843],[107.3801,21.0871],[107.3754,21.0915],[107.3792,21.0945],[107.3823,21.0982],[107.3863,21.1045],[107.391,21.1155],[107.395,21.12],[107.4006,21.1237],[107.4156,21.1369],[107.4168,21.1413],[107.4143,21.1476],[107.4112,21.1515],[107.4103,21.1571],[107.4107,21.1621],[107.4122,21.167],[107.4122,21.1828],[107.4088,21.1827],[107.4037,21.1843],[107.3983,21.1827],[107.3957,21.1844],[107.3921,21.1826],[107.3874,21.1816],[107.3864,21.1824]]]},"properties":{"ma_xa":"06799","ten_xa":"Hải Hòa","sap_nhap":"Hải Lạng (1 phần), Hải Hòa (1 phần)","tru_so":"đang cập nhật","loai":"Xã","cap":2,"stt":30,"dtich_km2":95.87,"dan_so":5731,"matdo_km2":59.78,"ma_tinh":"22","ten_tinh":"Quảng Ninh"}},
{"type":"Feature","geometry":{"type":"MultiPolygon","coordinates":[[[[107.4215,21.2841],[107.4175,21.2851],[107.4162,21.2907],[107.4166,21.2927],[107.4077,21.297],[107.404,21.3029],[107.4005,21.307],[107.3979,21.3079],[107.3939,21.3117],[107.398,21.3152],[107.3927,21.319],[107.3917,21.3227],[107.3866,21.3259],[107.38,21.3316],[107.3785,21.3335],[107.3731,21.3343],[107.3658,21.3395],[107.3612,21.3386],[107.3565,21.3395],[107.3529,21.3416],[107.3518,21.3445],[107.3479,21.3454],[107.3453,21.3438],[107.3363,21.3415],[107.3367,21.339],[107.3352,21.3336],[107.3327,21.3309],[107.3265,21.3294],[107.3244,21.3276],[107.3264,21.3251],[107.325,21.3213],[107.3205,21.3196],[107.3188,21.3178],[107.3191,21.3157],[107.317,21.3129],[107.3182,21.3107],[107.3219,21.3081],[107.3233,21.3056],[107.3266,21.3073],[107.3322,21.307],[107.3353,21.2998],[107.3345,21.298],[107.3403,21.2937],[107.3407,21.2873],[107.339,21.2844],[107.3395,21.2818],[107.3382,21.2798],[107.3392,21.2713],[107.3415,21.2665],[107.3441,21.2632],[107.3439,21.2599],[107.3458,21.2565],[107.347,21.2476],[107.3481,21.2455],[107.3533,21.2404],[107.3514,21.2383],[107.3487,21.2335],[107.3484,21.2296],[107.3503,21.2279],[107.3509,21.2253],[107.3558,21.2221],[107.3611,21.2207],[107.371,21.2228],[107.3717,21.2197],[107.3714,21.2153],[107.3682,21.2087],[107.3657,21.1924],[107.3707,21.1848],[107.3812,21.1824],[107.3864,21.1824],[107.392,21.1847],[107.403,21.1949],[107.4098,21.1971],[107.4129,21.1994],[107.4246,21.2104],[107.4304,21.219],[107.4422,21.2271],[107.4454,21.2344],[107.4458,21.2433],[107.4441,21.2529],[107.4444,21.2567],[107.4351,21.2538],[107.4344,21.2584],[107.4331,21.259],[107.4283,21.2567],[107.4208,21.2681],[107.4216,21.2687],[107.4226,21.2744],[107.4282,21.2776],[107.4255,21.2812],[107.4215,21.2841]]],[[[107.4331,21.2746],[107.4313,21.2728],[107.4327,21.2708],[107.4358,21.2723],[107.4331,21.2746]]]]},"properties":{"ma_xa":"06886","ten_xa":"Hải Lạng","sap_nhap":"Đồng Rui, Hải Lạng (1 phần), Hải Hòa (1 phần)","tru_so":"đang cập nhật","loai":"Xã","cap":2,"stt":34,"dtich_km2":131.03,"dan_so":9827,"matdo_km2":75,"ma_tinh":"22","ten_tinh":"Quảng Ninh"}},
{"type":"Feature","geometry":{"type":"MultiPolygon","coordinates":[[[[107.838,21.4943],[107.8357,21.496],[107.8352,21.4985],[107.8319,21.5007],[107.8299,21.4982],[107.8317,21.4926],[107.8345,21.4908],[107.8325,21.4822],[107.8343,21.4772],[107.8369,21.4763],[107.8401,21.4789],[107.8406,21.4827],[107.8424,21.4826],[107.8459,21.4905],[107.8433,21.4908],[107.8401,21.4918],[107.838,21.4943]]],[[[107.8025,21.4963],[107.803,21.4983],[107.8018,21.5017],[107.7994,21.4998],[107.8025,21.4963]]],[[[107.8233,21.5069],[107.8191,21.5112],[107.817,21.5099],[107.8145,21.5102],[107.8113,21.5089],[107.8086,21.5049],[107.808,21.5014],[107.8096,21.4985],[107.8098,21.494],[107.8119,21.4895],[107.8106,21.4879],[107.8164,21.4831],[107.8191,21.4844],[107.8209,21.4944],[107.8212,21.4989],[107.8226,21.503],[107.8218,21.5059],[107.8233,21.5069]]],[[[107.7882,21.5098],[107.7895,21.5075],[107.7928,21.5057],[107.7961,21.502],[107.7981,21.5039],[107.795,21.5078],[107.7942,21.5104],[107.7913,21.5123],[107.7891,21.5122],[107.7882,21.5098]]],[[[107.8633,21.5302],[107.8655,21.5327],[107.8578,21.5382],[107.8562,21.5458],[107.8529,21.5477],[107.8527,21.5504],[107.8504,21.5522],[107.8503,21.554],[107.8468,21.5563],[107.8462,21.5592],[107.8476,21.5612],[107.8458,21.5647],[107.8488,21.5695],[107.8495,21.575],[107.8491,21.5817],[107.8445,21.5835],[107.8412,21.5825],[107.8344,21.582],[107.8324,21.5807],[107.8324,21.5769],[107.8308,21.5764],[107.8289,21.5733],[107.8289,21.5685],[107.8273,21.5627],[107.8273,21.5567],[107.8235,21.5552],[107.8223,21.5534],[107.8165,21.5534],[107.811,21.5518],[107.8077,21.5528],[107.8066,21.5554],[107.8045,21.5565],[107.8018,21.562],[107.796,21.5655],[107.7943,21.5692],[107.7917,21.5703],[107.7883,21.5733],[107.7869,21.5761],[107.7829,21.577],[107.7809,21.5752],[107.7761,21.5758],[107.7729,21.5751],[107.7695,21.5784],[107.7599,21.575],[107.759,21.5731],[107.7514,21.579],[107.7461,21.5807],[107.7433,21.5799],[107.7375,21.5799],[107.7334,21.5783],[107.7317,21.5736],[107.7338,21.5701],[107.7342,21.5658],[107.7333,21.5638],[107.7349,21.5593],[107.7335,21.5566],[107.7378,21.5538],[107.7416,21.5535],[107.7439,21.5513],[107.7443,21.5474],[107.7492,21.5455],[107.7489,21.5431],[107.751,21.5393],[107.7496,21.538],[107.7517,21.5349],[107.7501,21.5304],[107.7532,21.5205],[107.752,21.5182],[107.7552,21.511],[107.7567,21.5081],[107.7611,21.5101],[107.7646,21.5093],[107.7703,21.5123],[107.7744,21.5129],[107.7791,21.5099],[107.7826,21.5066],[107.7883,21.5057],[107.7863,21.5109],[107.7896,21.5134],[107.7943,21.5114],[107.7971,21.5085],[107.8029,21.505],[107.8036,21.4985],[107.8052,21.4984],[107.8043,21.503],[107.8071,21.505],[107.8112,21.5094],[107.8137,21.5104],[107.8168,21.5103],[107.8163,21.5136],[107.8199,21.5139],[107.8195,21.5179],[107.822,21.521],[107.8236,21.5187],[107.8219,21.5147],[107.826,21.515],[107.8288,21.5195],[107.8296,21.5239],[107.8332,21.5224],[107.8352,21.5273],[107.8381,21.5233],[107.8372,21.5209],[107.833,21.5194],[107.8313,21.5172],[107.8294,21.5114],[107.8294,21.5082],[107.8307,21.5059],[107.8296,21.5027],[107.832,21.502],[107.8367,21.4981],[107.8364,21.4971],[107.8406,21.4919],[107.8431,21.4911],[107.8471,21.4919],[107.8477,21.497],[107.8489,21.4996],[107.8488,21.5035],[107.8475,21.5076],[107.849,21.5089],[107.8486,21.5127],[107.853,21.5201],[107.8537,21.5233],[107.8558,21.5245],[107.8586,21.524],[107.8609,21.5295],[107.8633,21.5302]]]]},"properties":{"ma_xa":"06733","ten_xa":"Hải Ninh","sap_nhap":"Quảng Nghĩa, Hải Tiến","tru_so":"đang cập nhật","loai":"Xã","cap":2,"stt":47,"dtich_km2":93.18,"dan_so":10427,"matdo_km2":111.9,"ma_tinh":"22","ten_tinh":"Quảng Ninh"}},
{"type":"Feature","geometry":{"type":"Polygon","coordinates":[[[107.9427,21.5634],[107.9428,21.5697],[107.9355,21.5749],[107.9298,21.5772],[107.9283,21.5808],[107.9236,21.5861],[107.9251,21.5881],[107.9225,21.5893],[107.9151,21.5861],[107.9123,21.5885],[107.9096,21.5883],[107.9054,21.5912],[107.9031,21.5904],[107.9031,21.5874],[107.8998,21.5877],[107.8995,21.593],[107.896,21.5967],[107.8929,21.5969],[107.8903,21.6],[107.8933,21.6023],[107.8918,21.6067],[107.8843,21.607],[107.8828,21.6109],[107.8838,21.6122],[107.8884,21.613],[107.891,21.616],[107.8897,21.6183],[107.8866,21.6193],[107.8856,21.6211],[107.8885,21.6252],[107.8838,21.6292],[107.8796,21.6295],[107.878,21.6318],[107.8788,21.636],[107.8778,21.6403],[107.8712,21.6425],[107.8718,21.6464],[107.8676,21.6496],[107.8634,21.6489],[107.86,21.6501],[107.8602,21.6531],[107.8571,21.6552],[107.8525,21.6507],[107.8478,21.6502],[107.8455,21.649],[107.8452,21.6433],[107.8424,21.6413],[107.8393,21.6431],[107.8343,21.6434],[107.833,21.6443],[107.8308,21.6497],[107.8278,21.6529],[107.825,21.654],[107.8214,21.6539],[107.8149,21.6586],[107.8111,21.6575],[107.804,21.6581],[107.8037,21.6558],[107.7965,21.6538],[107.7922,21.6557],[107.7903,21.6546],[107.7877,21.6564],[107.783,21.6553],[107.7807,21.6536],[107.7804,21.6488],[107.7789,21.6481],[107.774,21.6484],[107.7704,21.6447],[107.7647,21.6431],[107.7548,21.6422],[107.7528,21.6431],[107.7489,21.6411],[107.7477,21.6389],[107.7493,21.6334],[107.7466,21.626],[107.7421,21.6218],[107.7426,21.6178],[107.7385,21.6136],[107.7409,21.6106],[107.7409,21.6064],[107.738,21.6007],[107.739,21.5975],[107.741,21.5946],[107.7352,21.5901],[107.7329,21.5848],[107.7334,21.5783],[107.7375,21.5799],[107.7433,21.5799],[107.7461,21.5807],[107.7514,21.579],[107.759,21.5731],[107.7599,21.575],[107.7695,21.5784],[107.7729,21.5751],[107.7761,21.5758],[107.7809,21.5752],[107.7829,21.577],[107.7869,21.5761],[107.7883,21.5733],[107.7917,21.5703],[107.7943,21.5692],[107.796,21.5655],[107.8018,21.562],[107.8045,21.5565],[107.8066,21.5554],[107.8077,21.5528],[107.811,21.5518],[107.8165,21.5534],[107.8223,21.5534],[107.8235,21.5552],[107.8273,21.5567],[107.8273,21.5627],[107.8289,21.5685],[107.8289,21.5733],[107.8308,21.5764],[107.8324,21.5769],[107.8324,21.5807],[107.8344,21.582],[107.8412,21.5825],[107.8445,21.5835],[107.8491,21.5817],[107.8587,21.5814],[107.8599,21.5835],[107.8641,21.5849],[107.8677,21.5841],[107.8722,21.5788],[107.8747,21.5767],[107.8817,21.5767],[107.8874,21.5753],[107.8905,21.5762],[107.8921,21.5785],[107.8963,21.5794],[107.8989,21.5787],[107.9023,21.5818],[107.9053,21.5833],[107.9092,21.5819],[107.9103,21.5797],[107.913,21.5794],[107.9157,21.5764],[107.9192,21.5738],[107.9235,21.5736],[107.9271,21.5711],[107.9324,21.5714],[107.9353,21.5706],[107.9388,21.5664],[107.9427,21.5634]]]},"properties":{"ma_xa":"06724","ten_xa":"Hải Sơn","sap_nhap":"Bắc Sơn, Hải Sơn","tru_so":"đang cập nhật","loai":"Xã","cap":2,"stt":46,"dtich_km2":132.04,"dan_so":4567,"matdo_km2":34.59,"ma_tinh":"22","ten_tinh":"Quảng Ninh"}},
{"type":"Feature","geometry":{"type":"Polygon","coordinates":[[[106.85,20.9642],[106.8474,20.9652],[106.8461,20.9674],[106.8436,20.9664],[106.8439,20.9745],[106.8422,20.9783],[106.8384,20.9826],[106.8369,20.9865],[106.8333,20.9891],[106.8301,20.99],[106.8231,20.9933],[106.8205,20.9926],[106.8204,20.9962],[106.8159,20.9955],[106.8101,20.9985],[106.8065,20.9987],[106.802,20.9998],[106.801,20.999],[106.7978,20.9913],[106.7944,20.9871],[106.7904,20.9821],[106.7877,20.9799],[106.7821,20.9778],[106.7761,20.977],[106.774,20.9761],[106.7685,20.9713],[106.7699,20.9596],[106.7704,20.9501],[106.7752,20.9486],[106.78,20.9491],[106.7838,20.9424],[106.7859,20.9419],[106.7862,20.9463],[106.7922,20.9501],[106.7975,20.9492],[106.8015,20.9454],[106.8049,20.944],[106.808,20.9467],[106.8136,20.9486],[106.8153,20.9436],[106.8182,20.942],[106.8223,20.9427],[106.8248,20.9409],[106.8291,20.9417],[106.8296,20.9454],[106.8351,20.9466],[106.8385,20.9484],[106.8402,20.9517],[106.8438,20.9523],[106.8469,20.9554],[106.8499,20.9553],[106.85,20.9642]]]},"properties":{"ma_xa":"07147","ten_xa":"Hiệp Hòa","sap_nhap":"Cộng Hòa, Sông Khoai, Hiệp Hòa","tru_so":"đang cập nhật","loai":"Phường","cap":2,"stt":10,"dtich_km2":35.83,"dan_so":33381,"matdo_km2":931.65,"ma_tinh":"22","ten_tinh":"Quảng Ninh"}},
{"type":"Feature","geometry":{"type":"Polygon","coordinates":[[[106.7085,21.0904],[106.7057,21.0877],[106.7025,21.0868],[106.6982,21.0904],[106.6906,21.091],[106.6785,21.0907],[106.6726,21.0872],[106.6689,21.0903],[106.6656,21.0909],[106.6638,21.0927],[106.6585,21.0929],[106.6512,21.0905],[106.6468,21.0917],[106.6418,21.0918],[106.639,21.0888],[106.6337,21.0886],[106.6337,21.0818],[106.6354,21.0801],[106.6355,21.0767],[106.6339,21.0734],[106.6354,21.0684],[106.6332,21.0631],[106.6336,21.0582],[106.6304,21.0463],[106.6288,21.0437],[106.6245,21.0435],[106.6222,21.0375],[106.6142,21.0382],[106.6103,21.0393],[106.6077,21.0324],[106.6091,21.0299],[106.6092,21.024],[106.6114,21.0205],[106.6165,21.0185],[106.6236,21.0124],[106.6288,21.0114],[106.6379,21.0122],[106.6419,21.0146],[106.6443,21.0178],[106.6475,21.0193],[106.6523,21.0194],[106.6565,21.0178],[106.6583,21.0234],[106.6646,21.0257],[106.6679,21.0242],[106.6699,21.0251],[106.6741,21.024],[106.6738,21.0265],[106.6758,21.033],[106.6804,21.0324],[106.6844,21.0359],[106.6882,21.0351],[106.6928,21.0328],[106.6942,21.0311],[106.7013,21.0312],[106.7053,21.0352],[106.7073,21.035],[106.7097,21.038],[106.7072,21.0427],[106.7074,21.0457],[106.7052,21.0478],[106.7071,21.0508],[106.7078,21.0544],[106.7041,21.0558],[106.7052,21.0602],[106.7071,21.062],[106.7101,21.0608],[106.7109,21.0627],[106.71,21.0679],[106.7122,21.0691],[106.7131,21.0755],[106.7163,21.0769],[106.7156,21.0808],[106.7185,21.0841],[106.7102,21.0898],[106.7085,21.0904]]]},"properties":{"ma_xa":"07114","ten_xa":"Hoàng Quế","sap_nhap":"Yên Đức, Hoàng Quế, Hồng Thái Tây, Hồng Thái Đông","tru_so":"đang cập nhật","loai":"Phường","cap":2,"stt":5,"dtich_km2":63.83,"dan_so":31988,"matdo_km2":501.14,"ma_tinh":"22","ten_tinh":"Quảng Ninh"}},
{"type":"Feature","geometry":{"type":"Polygon","coordinates":[[[107.0499,20.9944],[107.0521,20.9978],[107.0573,21.0023],[107.0585,21.0048],[107.0597,21.0115],[107.0576,21.0147],[107.0572,21.0181],[107.0617,21.0262],[107.0625,21.0288],[107.0612,21.0352],[107.061,21.0421],[107.0585,21.0473],[107.0565,21.0459],[107.0507,21.0478],[107.0469,21.053],[107.0521,21.0611],[107.0507,21.0644],[107.0531,21.0659],[107.0507,21.0684],[107.0439,21.072],[107.0421,21.0757],[107.0423,21.0795],[107.0362,21.0847],[107.0322,21.0868],[107.0237,21.0867],[107.0204,21.0879],[107.0147,21.0881],[107.013,21.0862],[107.0091,21.0855],[107.0059,21.0871],[107.0015,21.0847],[106.9943,21.0909],[106.9887,21.0918],[106.9857,21.0907],[106.9849,21.082],[106.974,21.0781],[106.9704,21.0783],[106.9596,21.0824],[106.9567,21.0924],[106.9557,21.0939],[106.9509,21.0919],[106.949,21.0897],[106.9455,21.0883],[106.942,21.0848],[106.9388,21.0838],[106.9366,21.081],[106.9372,21.0761],[106.9336,21.0754],[106.929,21.0706],[106.9223,21.0695],[106.9176,21.0616],[106.9109,21.06],[106.9097,21.0542],[106.9064,21.0525],[106.9031,21.049],[106.9065,21.0448],[106.9105,21.0436],[106.9102,21.0414],[106.9123,21.0391],[106.9128,21.0357],[106.9157,21.0335],[106.9185,21.0297],[106.9154,21.0289],[106.9164,21.0241],[106.9211,21.0218],[106.9241,21.018],[106.9241,21.0159],[106.926,21.0142],[106.9319,21.0131],[106.9352,21.0143],[106.9369,21.0131],[106.9412,21.0148],[106.9482,21.017],[106.9551,21.016],[106.96,21.0164],[106.9633,21.0186],[106.9643,21.0216],[106.9688,21.0266],[106.9736,21.0223],[106.9777,21.0218],[106.9835,21.0144],[106.9997,21.0114],[107.0026,21.0069],[107.0063,21.0034],[107.0083,21.0004],[107.0057,20.9982],[107.0094,20.9936],[107.0117,20.9918],[107.018,20.9907],[107.0295,20.9914],[107.0341,20.9904],[107.0373,20.9886],[107.0419,20.9844],[107.0438,20.9874],[107.0424,20.9943],[107.0499,20.9944]]]},"properties":{"ma_xa":"07030","ten_xa":"Hoành Bồ","sap_nhap":"Hoành Bồ, Sơn Dương, Lê Lợi, Đồng Lâm (1 phần)","tru_so":"đang cập nhật","loai":"Phường","cap":2,"stt":23,"dtich_km2":175.94,"dan_so":28534,"matdo_km2":162.18,"ma_tinh":"22","ten_tinh":"Quảng Ninh"}},
{"type":"Feature","geometry":{"type":"Polygon","coordinates":[[[107.6031,21.6035],[107.5939,21.6048],[107.5906,21.6065],[107.5867,21.6105],[107.5852,21.6107],[107.5821,21.617],[107.5775,21.6183],[107.5717,21.616],[107.5693,21.6121],[107.5602,21.6131],[107.5516,21.6043],[107.5503,21.6008],[107.5481,21.5987],[107.5465,21.5936],[107.5432,21.5895],[107.5391,21.5912],[107.5373,21.5943],[107.5332,21.5932],[107.5296,21.5905],[107.5232,21.5904],[107.5185,21.5939],[107.5143,21.5947],[107.5048,21.5975],[107.4999,21.5951],[107.4924,21.5969],[107.4872,21.6008],[107.491,21.6039],[107.4934,21.6045],[107.4947,21.6074],[107.4943,21.6097],[107.4978,21.6144],[107.4954,21.6197],[107.4928,21.6225],[107.4927,21.6251],[107.4879,21.6245],[107.4853,21.6273],[107.4842,21.6311],[107.4845,21.6392],[107.4858,21.6433],[107.4834,21.6459],[107.4841,21.6481],[107.4814,21.6515],[107.4806,21.6546],[107.4823,21.6573],[107.4799,21.659],[107.4755,21.6602],[107.4742,21.6622],[107.4709,21.663],[107.4687,21.662],[107.4653,21.6638],[107.4602,21.6632],[107.4533,21.6587],[107.4484,21.6565],[107.4454,21.6565],[107.4446,21.6546],[107.4396,21.6538],[107.439,21.6515],[107.4343,21.6501],[107.4365,21.6455],[107.4416,21.6381],[107.4434,21.633],[107.4434,21.6304],[107.4506,21.6257],[107.4508,21.6235],[107.456,21.6235],[107.4622,21.6197],[107.4663,21.614],[107.4666,21.6114],[107.465,21.6065],[107.4666,21.6042],[107.4657,21.5969],[107.4679,21.5961],[107.4684,21.5928],[107.472,21.5914],[107.4762,21.5868],[107.4764,21.5845],[107.4783,21.5819],[107.4781,21.5802],[107.4801,21.577],[107.479,21.5749],[107.4798,21.5726],[107.4834,21.5705],[107.4832,21.5672],[107.4856,21.5618],[107.4851,21.5586],[107.4907,21.5513],[107.4875,21.5451],[107.4892,21.5437],[107.4916,21.5382],[107.4883,21.5304],[107.4877,21.5246],[107.4881,21.5204],[107.4947,21.5164],[107.4968,21.5146],[107.5041,21.5116],[107.5081,21.5119],[107.5113,21.5083],[107.5144,21.5074],[107.5183,21.5102],[107.5179,21.5156],[107.516,21.5193],[107.5232,21.5279],[107.529,21.5288],[107.5313,21.5259],[107.5373,21.5252],[107.5404,21.5264],[107.5426,21.5255],[107.5446,21.5283],[107.5544,21.5259],[107.557,21.521],[107.5633,21.5203],[107.5653,21.5186],[107.5706,21.5168],[107.5754,21.5169],[107.5765,21.5179],[107.5817,21.5178],[107.587,21.5205],[107.5891,21.5227],[107.5928,21.5239],[107.5961,21.526],[107.5968,21.5289],[107.5965,21.5333],[107.5938,21.5364],[107.5946,21.5419],[107.597,21.5426],[107.5982,21.548],[107.6014,21.5503],[107.6019,21.5521],[107.5984,21.5554],[107.5949,21.5601],[107.5993,21.5618],[107.6019,21.5599],[107.6056,21.5589],[107.6087,21.5597],[107.6116,21.5627],[107.6112,21.5663],[107.6111,21.58],[107.606,21.5969],[107.6037,21.5977],[107.6021,21.6025],[107.6031,21.6035]]]},"properties":{"ma_xa":"06841","ten_xa":"Hoành Mô","sap_nhap":"Đồng Văn, Hoành Mô","tru_so":"đang cập nhật","loai":"Xã","cap":2,"stt":43,"dtich_km2":137.91,"dan_so":9014,"matdo_km2":65.36,"ma_tinh":"22","ten_tinh":"Quảng Ninh"}},
{"type":"Feature","geometry":{"type":"Polygon","coordinates":[[[107.0873,20.9587],[107.085,20.9622],[107.0808,20.9664],[107.0772,20.9635],[107.074,20.9628],[107.072,20.9653],[107.071,20.9614],[107.0675,20.9595],[107.066,20.9602],[107.0631,20.9555],[107.0615,20.9483],[107.0709,20.9476],[107.0752,20.9455],[107.0784,20.945],[107.0811,20.946],[107.0844,20.9495],[107.0909,20.9488],[107.0974,20.9473],[107.0994,20.9513],[107.0956,20.9533],[107.0941,20.9563],[107.0919,20.9581],[107.0873,20.9587]]]},"properties":{"ma_xa":"06685","ten_xa":"Hồng Gai","sap_nhap":"Bạch Đằng, Trần Hưng Đạo, Hồng Gai","tru_so":"đang cập nhật","loai":"Phường","cap":2,"stt":21,"dtich_km2":5,"dan_so":51333,"matdo_km2":10266.6,"ma_tinh":"22","ten_tinh":"Quảng Ninh"}},
{"type":"Feature","geometry":{"type":"Polygon","coordinates":[[[107.2038,21.3787],[107.1994,21.3776],[107.1933,21.379],[107.1908,21.3761],[107.1852,21.3752],[107.1821,21.3714],[107.1769,21.369],[107.1753,21.3666],[107.1707,21.3635],[107.1678,21.3632],[107.1657,21.3648],[107.1594,21.3671],[107.1583,21.3685],[107.1528,21.3672],[107.1469,21.3643],[107.1418,21.3665],[107.1433,21.3695],[107.1345,21.3713],[107.1322,21.3699],[107.1268,21.3692],[107.1115,21.3761],[107.1055,21.3753],[107.1023,21.377],[107.0971,21.374],[107.0959,21.3695],[107.0948,21.3617],[107.0955,21.36],[107.0921,21.3564],[107.088,21.355],[107.0852,21.3551],[107.0828,21.353],[107.0817,21.3501],[107.0774,21.3459],[107.0737,21.3477],[107.0691,21.3465],[107.0649,21.3478],[107.0626,21.3476],[107.0592,21.3452],[107.0573,21.3399],[107.0534,21.336],[107.0514,21.3329],[107.0522,21.3302],[107.0464,21.3291],[107.0437,21.3276],[107.0401,21.3279],[107.0393,21.3264],[107.0318,21.3253],[107.0333,21.322],[107.0327,21.3163],[107.0333,21.315],[107.0382,21.3156],[107.0391,21.3137],[107.0426,21.3108],[107.0445,21.3114],[107.0496,21.3081],[107.0514,21.3059],[107.0548,21.3045],[107.0583,21.3045],[107.0602,21.3028],[107.0617,21.2989],[107.0618,21.2942],[107.0627,21.2907],[107.0657,21.2895],[107.068,21.2904],[107.0748,21.2857],[107.0796,21.2838],[107.0812,21.2842],[107.08,21.2769],[107.0818,21.2739],[107.0799,21.2713],[107.0773,21.2723],[107.0711,21.2723],[107.0713,21.267],[107.0745,21.2667],[107.0795,21.2591],[107.0795,21.2572],[107.0819,21.2546],[107.0852,21.2524],[107.0858,21.2499],[107.0846,21.2462],[107.0881,21.2404],[107.0881,21.2355],[107.0905,21.2302],[107.0945,21.2306],[107.0955,21.2264],[107.0947,21.224],[107.098,21.2218],[107.0962,21.2154],[107.1013,21.2098],[107.0991,21.204],[107.0983,21.1963],[107.0987,21.193],[107.1004,21.1904],[107.0986,21.1885],[107.0989,21.1858],[107.0931,21.1786],[107.0946,21.1739],[107.0978,21.1733],[107.0949,21.1697],[107.0954,21.1657],[107.0934,21.1611],[107.0944,21.1582],[107.0985,21.1533],[107.1,21.1497],[107.0997,21.1465],[107.1029,21.1416],[107.1061,21.1394],[107.1074,21.1372],[107.1108,21.1352],[107.1174,21.1334],[107.12,21.1341],[107.1237,21.1367],[107.127,21.1416],[107.1304,21.1428],[107.1309,21.145],[107.1343,21.1457],[107.1399,21.1442],[107.1438,21.1423],[107.155,21.1409],[107.158,21.1445],[107.1609,21.1433],[107.1669,21.1462],[107.1725,21.146],[107.1744,21.1448],[107.1775,21.1531],[107.1795,21.1542],[107.1794,21.159],[107.1779,21.161],[107.1784,21.1644],[107.1803,21.1659],[107.1803,21.1684],[107.1864,21.1724],[107.1884,21.1731],[107.1909,21.1792],[107.1947,21.1816],[107.194,21.1827],[107.1959,21.1867],[107.199,21.19],[107.2039,21.194],[107.2099,21.1978],[107.2109,21.2013],[107.2064,21.2054],[107.2035,21.2059],[107.2,21.2093],[107.1971,21.2106],[107.1936,21.2153],[107.1902,21.2171],[107.1886,21.2196],[107.1843,21.218],[107.1811,21.223],[107.1772,21.2242],[107.176,21.228],[107.1734,21.2297],[107.1713,21.2338],[107.1744,21.2372],[107.1712,21.2426],[107.1723,21.2448],[107.1695,21.2492],[107.1646,21.2509],[107.1627,21.2507],[107.1604,21.2564],[107.1616,21.2637],[107.1611,21.2678],[107.1661,21.2688],[107.167,21.2733],[107.1659,21.2793],[107.1672,21.2818],[107.1734,21.2852],[107.1749,21.2873],[107.1844,21.2937],[107.184,21.2967],[107.1821,21.3004],[107.1813,21.3092],[107.178,21.3182],[107.1802,21.3189],[107.1833,21.3219],[107.185,21.3256],[107.1891,21.3303],[107.1929,21.3331],[107.1996,21.3342],[107.2001,21.3364],[107.197,21.3462],[107.1976,21.3487],[107.2006,21.3517],[107.2024,21.355],[107.2011,21.3614],[107.203,21.3643],[107.203,21.3698],[107.2038,21.3733],[107.2031,21.3762],[107.2038,21.3787]]]},"properties":{"ma_xa":"06979","ten_xa":"Kỳ Thượng","sap_nhap":"Thanh Lâm, Đạp Thanh, Kỳ Thượng","tru_so":"đang cập nhật","loai":"Xã","cap":2,"stt":36,"dtich_km2":273.5,"dan_so":5918,"matdo_km2":21.64,"ma_tinh":"22","ten_tinh":"Quảng Ninh"}},
{"type":"Feature","geometry":{"type":"Polygon","coordinates":[[[106.8543,20.8683],[106.8519,20.872],[106.85,20.8776],[106.847,20.882],[106.8456,20.8859],[106.8458,20.8913],[106.8488,20.8984],[106.8471,20.9039],[106.8447,20.9057],[106.8366,20.9098],[106.8328,20.9147],[106.83,20.9214],[106.8244,20.9245],[106.8237,20.9216],[106.8217,20.9217],[106.8206,20.9186],[106.8235,20.9171],[106.8234,20.9131],[106.8245,20.9104],[106.8192,20.9101],[106.8181,20.9072],[106.8147,20.9045],[106.8108,20.9003],[106.8146,20.8957],[106.8137,20.8924],[106.8172,20.8915],[106.8225,20.8949],[106.829,20.8864],[106.8087,20.8801],[106.8101,20.8758],[106.8084,20.8746],[106.8038,20.877],[106.7977,20.8791],[106.7898,20.8679],[106.7876,20.8675],[106.7729,20.8578],[106.7682,20.857],[106.7663,20.8556],[106.7636,20.8517],[106.7662,20.8484],[106.7752,20.8417],[106.7851,20.8353],[106.7939,20.8318],[106.7988,20.8315],[106.8114,20.8326],[106.8185,20.8318],[106.8246,20.8299],[106.8359,20.8144],[106.8494,20.8221],[106.849,20.8282],[106.8535,20.8292],[106.8549,20.8336],[106.8569,20.8355],[106.8615,20.837],[106.866,20.8354],[106.8669,20.8337],[106.8703,20.8323],[106.8681,20.8389],[106.868,20.8457],[106.866,20.8476],[106.8643,20.8516],[106.8666,20.852],[106.8644,20.8563],[106.8621,20.8586],[106.8575,20.8606],[106.8543,20.8632],[106.8523,20.867],[106.8543,20.8683]]]},"properties":{"ma_xa":"07180","ten_xa":"Liên Hòa","sap_nhap":"Phong Hải, Liên Vị, Tiền Phong, Liên Hòa (1 phần)","tru_so":"đang cập nhật","loai":"Phường","cap":2,"stt":14,"dtich_km2":71.44,"dan_so":32847,"matdo_km2":459.78,"ma_tinh":"22","ten_tinh":"Quảng Ninh"}},
{"type":"Feature","geometry":{"type":"Polygon","coordinates":[[[107.4881,21.5204],[107.4877,21.5246],[107.4883,21.5304],[107.4916,21.5382],[107.4892,21.5437],[107.4875,21.5451],[107.4907,21.5513],[107.4851,21.5586],[107.4856,21.5618],[107.4832,21.5672],[107.4834,21.5705],[107.4798,21.5726],[107.479,21.5749],[107.4801,21.577],[107.4781,21.5802],[107.4783,21.5819],[107.4764,21.5845],[107.4762,21.5868],[107.472,21.5914],[107.4684,21.5928],[107.4679,21.5961],[107.4657,21.5969],[107.4666,21.6042],[107.465,21.6065],[107.4666,21.6114],[107.4663,21.614],[107.4622,21.6197],[107.456,21.6235],[107.4508,21.6235],[107.4506,21.6257],[107.4434,21.6304],[107.4434,21.633],[107.4416,21.6381],[107.4365,21.6455],[107.4343,21.6501],[107.4301,21.6494],[107.428,21.6467],[107.4218,21.6424],[107.4176,21.6407],[107.4159,21.6364],[107.4175,21.633],[107.4079,21.6259],[107.4082,21.6226],[107.3998,21.6198],[107.3957,21.6177],[107.3947,21.616],[107.398,21.6102],[107.3946,21.6089],[107.3925,21.6064],[107.3917,21.6036],[107.3858,21.5998],[107.3829,21.5958],[107.3807,21.5924],[107.3815,21.5878],[107.3813,21.5846],[107.3819,21.5761],[107.3833,21.5759],[107.387,21.5723],[107.3895,21.5718],[107.3928,21.565],[107.3949,21.562],[107.3939,21.5573],[107.3966,21.5539],[107.4028,21.5485],[107.4045,21.5457],[107.4074,21.5444],[107.408,21.542],[107.4111,21.5377],[107.4171,21.539],[107.4219,21.5373],[107.4243,21.5327],[107.4278,21.5305],[107.4317,21.5235],[107.4342,21.5224],[107.4383,21.515],[107.4403,21.513],[107.4489,21.499],[107.4496,21.5025],[107.4529,21.5056],[107.4534,21.5112],[107.4577,21.5138],[107.4644,21.5134],[107.4686,21.5147],[107.473,21.5138],[107.4807,21.5112],[107.4819,21.5139],[107.4878,21.5172],[107.4881,21.5204]]]},"properties":{"ma_xa":"06856","ten_xa":"Lục Hồn","sap_nhap":"Đồng Tâm, Lục Hồn","tru_so":"đang cập nhật","loai":"Xã","cap":2,"stt":44,"dtich_km2":107.13,"dan_so":9974,"matdo_km2":93.1,"ma_tinh":"22","ten_tinh":"Quảng Ninh"}},
{"type":"Feature","geometry":{"type":"Polygon","coordinates":[[[107.1029,21.1416],[107.0997,21.1465],[107.1,21.1497],[107.0985,21.1533],[107.0944,21.1582],[107.0934,21.1611],[107.0954,21.1657],[107.0949,21.1697],[107.0978,21.1733],[107.0946,21.1739],[107.0931,21.1786],[107.0989,21.1858],[107.0986,21.1885],[107.1004,21.1904],[107.0987,21.193],[107.0983,21.1963],[107.0991,21.204],[107.1013,21.2098],[107.0962,21.2154],[107.098,21.2218],[107.0947,21.224],[107.0955,21.2264],[107.0945,21.2306],[107.0905,21.2302],[107.0881,21.2355],[107.0881,21.2404],[107.0846,21.2462],[107.0858,21.2499],[107.0852,21.2524],[107.0819,21.2546],[107.0795,21.2572],[107.0795,21.2591],[107.0745,21.2667],[107.0713,21.267],[107.0711,21.2723],[107.0773,21.2723],[107.0799,21.2713],[107.0818,21.2739],[107.08,21.2769],[107.0812,21.2842],[107.0796,21.2838],[107.0748,21.2857],[107.068,21.2904],[107.0657,21.2895],[107.0627,21.2907],[107.0618,21.2942],[107.0617,21.2989],[107.0602,21.3028],[107.0583,21.3045],[107.0548,21.3045],[107.0514,21.3059],[107.0496,21.3081],[107.0445,21.3114],[107.0426,21.3108],[107.0391,21.3137],[107.0382,21.3156],[107.0333,21.315],[107.0297,21.309],[107.026,21.3076],[107.0232,21.3028],[107.02,21.299],[107.0174,21.2996],[107.0131,21.2976],[107.0111,21.295],[107.0065,21.2958],[107.0038,21.2933],[106.9992,21.2948],[106.9923,21.2927],[106.991,21.2938],[106.9841,21.2924],[106.9794,21.2884],[106.9723,21.2839],[106.9741,21.2821],[106.975,21.2776],[106.9741,21.2756],[106.9756,21.2708],[106.9788,21.2681],[106.9823,21.2676],[106.9837,21.2655],[106.986,21.2568],[106.9843,21.2563],[106.9811,21.249],[106.9816,21.2438],[106.9773,21.2396],[106.9783,21.2349],[106.9761,21.2298],[106.9784,21.2263],[106.9723,21.2242],[106.9691,21.2242],[106.9664,21.2192],[106.9656,21.2153],[106.9616,21.2094],[106.9584,21.2084],[106.9562,21.2064],[106.9555,21.2004],[106.9549,21.1898],[106.9479,21.1876],[106.9461,21.1845],[106.9461,21.1799],[106.9428,21.1736],[106.9408,21.1721],[106.9383,21.1725],[106.936,21.169],[106.9377,21.1681],[106.9368,21.1627],[106.9387,21.1562],[106.9438,21.1552],[106.9456,21.1508],[106.9478,21.1541],[106.9502,21.1555],[106.9555,21.1558],[106.9608,21.1554],[106.9653,21.1581],[106.9663,21.1602],[106.9699,21.1625],[106.9754,21.1599],[106.9776,21.1612],[106.9826,21.1602],[106.9859,21.1584],[106.991,21.16],[106.993,21.1588],[106.9928,21.1537],[106.9937,21.1523],[106.9937,21.1477],[106.9965,21.1438],[106.9973,21.1396],[107.0011,21.1367],[107.0097,21.1248],[107.0141,21.1265],[107.0166,21.1267],[107.0227,21.133],[107.0275,21.1326],[107.0313,21.1314],[107.0343,21.1294],[107.0402,21.1345],[107.0418,21.1351],[107.042,21.139],[107.0439,21.1422],[107.0469,21.1439],[107.0495,21.1429],[107.0537,21.1431],[107.0564,21.1424],[107.0581,21.1377],[107.0643,21.1355],[107.0684,21.1424],[107.0701,21.1439],[107.0735,21.1434],[107.0762,21.1447],[107.0789,21.1435],[107.0823,21.1407],[107.0872,21.1407],[107.0907,21.1433],[107.1011,21.1423],[107.1029,21.1416]]]},"properties":{"ma_xa":"06985","ten_xa":"Lương Minh","sap_nhap":"Đồng Sơn, Lương Minh","tru_so":"đang cập nhật","loai":"Xã","cap":2,"stt":35,"dtich_km2":225.28,"dan_so":5608,"matdo_km2":24.89,"ma_tinh":"22","ten_tinh":"Quảng Ninh"}},
{"type":"Feature","geometry":{"type":"Polygon","coordinates":[[[106.6337,21.0886],[106.6289,21.0887],[106.6153,21.0909],[106.6112,21.0907],[106.6088,21.0919],[106.6013,21.0926],[106.5905,21.09],[106.5888,21.0842],[106.5842,21.0813],[106.5799,21.0822],[106.5769,21.0806],[106.5751,21.0816],[106.574,21.0843],[106.5748,21.0859],[106.5724,21.0886],[106.572,21.0942],[106.5702,21.0956],[106.5662,21.0945],[106.5637,21.0947],[106.5596,21.0974],[106.5572,21.0923],[106.5545,21.0915],[106.551,21.0924],[106.5459,21.0896],[106.5383,21.0906],[106.535,21.0889],[106.5357,21.0856],[106.5344,21.0825],[106.5367,21.0785],[106.534,21.0754],[106.5346,21.0707],[106.5358,21.0692],[106.5403,21.0725],[106.5453,21.0723],[106.5474,21.0695],[106.5458,21.0676],[106.5417,21.0692],[106.5404,21.0681],[106.5386,21.0598],[106.5362,21.0556],[106.5376,21.0522],[106.5431,21.0541],[106.5481,21.0543],[106.5529,21.0528],[106.5563,21.0533],[106.5598,21.056],[106.5626,21.0559],[106.5684,21.0531],[106.5727,21.0565],[106.5761,21.057],[106.5867,21.0492],[106.5934,21.0431],[106.5955,21.0404],[106.6022,21.0382],[106.6077,21.0324],[106.6103,21.0393],[106.6142,21.0382],[106.6222,21.0375],[106.6245,21.0435],[106.6288,21.0437],[106.6304,21.0463],[106.6336,21.0582],[106.6332,21.0631],[106.6354,21.0684],[106.6339,21.0734],[106.6355,21.0767],[106.6354,21.0801],[106.6337,21.0818],[106.6337,21.0886]]]},"properties":{"ma_xa":"07069","ten_xa":"Mạo Khê","sap_nhap":"Xuân Sơn, Kim Sơn, Yên Thọ, Mạo Khê","tru_so":"đang cập nhật","loai":"Phường","cap":2,"stt":4,"dtich_km2":46.55,"dan_so":72012,"matdo_km2":1546.98,"ma_tinh":"22","ten_tinh":"Quảng Ninh"}},
{"type":"Feature","geometry":{"type":"MultiPolygon","coordinates":[[[[108.0288,21.4969],[108.0271,21.4998],[108.0203,21.4973],[108.0232,21.4948],[108.025,21.4948],[108.0288,21.4969]]],[[[108.0363,21.5063],[108.0334,21.5096],[108.0276,21.5091],[108.0261,21.5073],[108.0246,21.5002],[108.0252,21.4999],[108.0366,21.5034],[108.0363,21.5063]]],[[[108.0386,21.513],[108.0363,21.5106],[108.0379,21.5049],[108.0392,21.5035],[108.0437,21.506],[108.045,21.5094],[108.0385,21.5117],[108.0386,21.513]]],[[[108.04,21.5168],[108.0397,21.5187],[108.0371,21.5195],[108.0325,21.517],[108.0283,21.5169],[108.0286,21.5139],[108.0375,21.5156],[108.04,21.5168]]],[[[108.0455,21.5346],[108.0438,21.536],[108.0384,21.5315],[108.0397,21.5279],[108.0414,21.5259],[108.0466,21.5246],[108.0491,21.5278],[108.0466,21.5305],[108.0478,21.5325],[108.0455,21.5346]]],[[[107.9662,21.4921],[107.9733,21.4893],[107.9747,21.486],[107.9725,21.4837],[107.9726,21.4816],[107.9753,21.4792],[107.977,21.4756],[107.9783,21.4704],[107.978,21.4654],[107.9826,21.4685],[107.9831,21.4735],[107.9861,21.4769],[107.9879,21.4761],[107.9875,21.4694],[107.9862,21.4648],[107.9818,21.4622],[107.9771,21.4581],[107.9755,21.4547],[107.9725,21.4513],[107.9689,21.4492],[107.9675,21.442],[107.9686,21.4412],[107.9668,21.4367],[107.9673,21.4339],[107.9693,21.4334],[107.9732,21.4375],[107.9782,21.4378],[107.9838,21.4471],[107.9908,21.4556],[107.9969,21.4615],[108.0075,21.469],[108.0197,21.4757],[108.031,21.4799],[108.0411,21.4824],[108.0521,21.4843],[108.0637,21.4845],[108.0684,21.4826],[108.0725,21.4822],[108.0869,21.4836],[108.0889,21.4851],[108.0858,21.487],[108.081,21.4866],[108.0786,21.4889],[108.0755,21.4899],[108.0692,21.4942],[108.0648,21.4957],[108.0575,21.4948],[108.0521,21.4953],[108.0469,21.495],[108.0421,21.493],[108.0334,21.4878],[108.0286,21.4864],[108.0204,21.4872],[108.0204,21.4892],[108.0157,21.4905],[108.0116,21.4893],[108.0114,21.4911],[108.0137,21.4933],[108.0138,21.4954],[108.0241,21.4992],[108.0252,21.5054],[108.0223,21.5084],[108.017,21.5102],[108.0185,21.5119],[108.0133,21.5158],[108.0121,21.5203],[108.0153,21.5195],[108.018,21.517],[108.0269,21.5162],[108.0285,21.5184],[108.0321,21.518],[108.0376,21.5222],[108.0357,21.525],[108.0374,21.5315],[108.0436,21.5364],[108.0476,21.5378],[108.0418,21.542],[108.0374,21.5442],[108.0349,21.5471],[108.0238,21.5485],[108.0152,21.547],[108.0094,21.5465],[108.0081,21.5479],[108.004,21.5485],[108.0019,21.5475],[107.993,21.5465],[107.9857,21.5438],[107.979,21.5448],[107.9772,21.5412],[107.9747,21.5397],[107.9713,21.5408],[107.9681,21.5367],[107.9655,21.5362],[107.9665,21.5344],[107.966,21.5295],[107.963,21.5215],[107.9669,21.5159],[107.9703,21.5093],[107.9696,21.5059],[107.9665,21.5068],[107.9642,21.5059],[107.9639,21.5006],[107.9662,21.4921]]]]},"properties":{"ma_xa":"06712","ten_xa":"Móng Cái 1","sap_nhap":"Trần Phú, Hải Hòa, Bình Ngọc, Trà Cổ, Hải Xuân","tru_so":"đang cập nhật","loai":"Phường","cap":2,"stt":49,"dtich_km2":82.47,"dan_so":46588,"matdo_km2":564.91,"ma_tinh":"22","ten_tinh":"Quảng Ninh"}},
{"type":"Feature","geometry":{"type":"MultiPolygon","coordinates":[[[[107.9383,21.4253],[107.9391,21.4274],[107.9355,21.4306],[107.9323,21.4316],[107.9296,21.4295],[107.9299,21.4262],[107.9285,21.4253],[107.9239,21.4258],[107.9215,21.4228],[107.9229,21.4216],[107.9221,21.418],[107.927,21.4145],[107.9349,21.4144],[107.9376,21.4154],[107.9427,21.4189],[107.9437,21.4227],[107.9428,21.4251],[107.9383,21.4253]]],[[[107.9284,21.4293],[107.9314,21.4323],[107.9286,21.433],[107.9263,21.4313],[107.9157,21.4275],[107.9161,21.4241],[107.9179,21.4219],[107.9205,21.4219],[107.9233,21.4259],[107.9287,21.4254],[107.9284,21.4293]]],[[[107.9164,21.438],[107.914,21.4404],[107.911,21.4326],[107.9102,21.4243],[107.9132,21.4245],[107.9144,21.4277],[107.9263,21.4315],[107.929,21.4337],[107.9285,21.4359],[107.9253,21.4391],[107.9183,21.4402],[107.9164,21.438]]],[[[107.9363,21.461],[107.9334,21.4612],[107.9342,21.4574],[107.9366,21.4569],[107.9363,21.461]]],[[[107.9262,21.4647],[107.9223,21.463],[107.9217,21.4602],[107.9161,21.4591],[107.915,21.454],[107.9154,21.4482],[107.9177,21.4456],[107.9239,21.4437],[107.9265,21.4441],[107.9298,21.4396],[107.9369,21.4369],[107.9433,21.4377],[107.9448,21.441],[107.9416,21.4441],[107.9404,21.4474],[107.9344,21.4552],[107.9315,21.4601],[107.9262,21.4647]]],[[[107.9216,21.4626],[107.919,21.4668],[107.9172,21.4598],[107.9211,21.4604],[107.9216,21.4626]]],[[[107.9165,21.4613],[107.9185,21.4668],[107.9149,21.4709],[107.9123,21.4674],[107.912,21.4651],[107.9137,21.46],[107.9165,21.4613]]],[[[107.9609,21.47],[107.9635,21.4725],[107.9617,21.4748],[107.9583,21.4715],[107.9609,21.47]]],[[[107.9714,21.4734],[107.9677,21.474],[107.9681,21.469],[107.9653,21.4638],[107.9673,21.4627],[107.9689,21.4651],[107.9689,21.4691],[107.9706,21.4691],[107.9714,21.4734]]],[[[107.9309,21.4902],[107.9327,21.4924],[107.9341,21.4971],[107.9298,21.4941],[107.9288,21.4899],[107.9309,21.4902]]],[[[107.9655,21.5362],[107.9605,21.5376],[107.9562,21.5365],[107.9527,21.5387],[107.9511,21.5368],[107.9522,21.5349],[107.951,21.533],[107.9484,21.5321],[107.9469,21.5294],[107.9487,21.5277],[107.9452,21.5252],[107.9398,21.5188],[107.9352,21.5153],[107.9352,21.5131],[107.9325,21.5068],[107.932,21.5008],[107.9336,21.4993],[107.9343,21.4975],[107.9335,21.4936],[107.9375,21.4936],[107.9368,21.4915],[107.9339,21.4895],[107.9319,21.4866],[107.9347,21.4841],[107.9302,21.4824],[107.9294,21.4791],[107.9243,21.4771],[107.9227,21.4745],[107.9178,21.4714],[107.918,21.4684],[107.922,21.4634],[107.9257,21.4653],[107.9325,21.4602],[107.9332,21.4617],[107.9373,21.4611],[107.9382,21.4578],[107.9372,21.4568],[107.9387,21.4521],[107.946,21.4552],[107.9444,21.4611],[107.9481,21.4576],[107.9478,21.4551],[107.942,21.4506],[107.9473,21.4456],[107.9502,21.4445],[107.9521,21.4458],[107.9521,21.4484],[107.954,21.4512],[107.959,21.4637],[107.9585,21.4662],[107.9555,21.4707],[107.9616,21.4754],[107.9653,21.4734],[107.9659,21.4766],[107.9626,21.4819],[107.9624,21.4889],[107.9669,21.4795],[107.9688,21.4842],[107.9715,21.4841],[107.9731,21.4873],[107.9662,21.4921],[107.9639,21.5006],[107.9642,21.5059],[107.9665,21.5068],[107.9696,21.5059],[107.9703,21.5093],[107.9669,21.5159],[107.963,21.5215],[107.966,21.5295],[107.9665,21.5344],[107.9655,21.5362]]]]},"properties":{"ma_xa":"06709","ten_xa":"Móng Cái 2","sap_nhap":"Ninh Dương, Ka Long, Vạn Ninh","tru_so":"đang cập nhật","loai":"Phường","cap":2,"stt":50,"dtich_km2":72.97,"dan_so":29189,"matdo_km2":400.01,"ma_tinh":"22","ten_tinh":"Quảng Ninh"}},
{"type":"Feature","geometry":{"type":"MultiPolygon","coordinates":[[[[107.8829,21.5044],[107.8799,21.5041],[107.8817,21.5003],[107.8837,21.5009],[107.8829,21.5044]]],[[[107.9427,21.5634],[107.9388,21.5664],[107.9353,21.5706],[107.9324,21.5714],[107.9271,21.5711],[107.9235,21.5736],[107.9192,21.5738],[107.9157,21.5764],[107.913,21.5794],[107.9103,21.5797],[107.9092,21.5819],[107.9053,21.5833],[107.9023,21.5818],[107.8989,21.5787],[107.8963,21.5794],[107.8921,21.5785],[107.8905,21.5762],[107.8874,21.5753],[107.8817,21.5767],[107.8747,21.5767],[107.8722,21.5788],[107.8677,21.5841],[107.8641,21.5849],[107.8599,21.5835],[107.8587,21.5814],[107.8491,21.5817],[107.8495,21.575],[107.8488,21.5695],[107.8458,21.5647],[107.8476,21.5612],[107.8462,21.5592],[107.8468,21.5563],[107.8503,21.554],[107.8504,21.5522],[107.8527,21.5504],[107.8529,21.5477],[107.8562,21.5458],[107.8578,21.5382],[107.8655,21.5327],[107.8633,21.5302],[107.8609,21.5283],[107.8595,21.5244],[107.8585,21.5234],[107.8557,21.5235],[107.8546,21.5219],[107.8555,21.5192],[107.8612,21.5173],[107.8551,21.5161],[107.8541,21.514],[107.8551,21.5094],[107.8599,21.4996],[107.8669,21.4937],[107.8717,21.4922],[107.8755,21.4941],[107.8806,21.499],[107.8794,21.5036],[107.8797,21.5055],[107.8829,21.5062],[107.8866,21.5049],[107.8918,21.5087],[107.8929,21.5109],[107.8922,21.5155],[107.8945,21.521],[107.8921,21.5235],[107.893,21.5297],[107.8964,21.5284],[107.8972,21.5234],[107.8972,21.5176],[107.9024,21.5137],[107.903,21.5082],[107.9045,21.5067],[107.907,21.5092],[107.9109,21.5194],[107.9138,21.5206],[107.911,21.5146],[107.9117,21.5111],[107.9103,21.5076],[107.9143,21.5058],[107.9163,21.5029],[107.9125,21.5021],[107.9067,21.499],[107.9097,21.4965],[107.9081,21.4926],[107.9099,21.49],[107.9153,21.4917],[107.916,21.487],[107.9223,21.4873],[107.926,21.4898],[107.9282,21.4945],[107.9318,21.4969],[107.9336,21.4993],[107.932,21.5008],[107.9325,21.5068],[107.9352,21.5131],[107.9352,21.5153],[107.9398,21.5188],[107.9452,21.5252],[107.9487,21.5277],[107.9469,21.5294],[107.9484,21.5321],[107.951,21.533],[107.9522,21.5349],[107.9511,21.5368],[107.9527,21.5387],[107.9497,21.5453],[107.945,21.5586],[107.9427,21.5634]]],[[[107.9103,21.5025],[107.9152,21.5028],[107.9144,21.5048],[107.9116,21.5058],[107.9103,21.5025]]]]},"properties":{"ma_xa":"06736","ten_xa":"Móng Cái 3","sap_nhap":"Hải Yên, Hải Đông","tru_so":"đang cập nhật","loai":"Phường","cap":2,"stt":51,"dtich_km2":90.03,"dan_so":22565,"matdo_km2":250.64,"ma_tinh":"22","ten_tinh":"Quảng Ninh"}},
{"type":"Feature","geometry":{"type":"Polygon","coordinates":[[[107.3234,21.1721],[107.3187,21.1724],[107.3169,21.1762],[107.3096,21.1809],[107.3083,21.1829],[107.3038,21.1861],[107.3013,21.1863],[107.2937,21.182],[107.2923,21.1791],[107.2865,21.1772],[107.281,21.1799],[107.2757,21.1785],[107.2667,21.1719],[107.2614,21.1705],[107.2592,21.1685],[107.2519,21.1666],[107.2485,21.1649],[107.2454,21.1617],[107.242,21.1618],[107.2397,21.1605],[107.2374,21.1558],[107.2347,21.1538],[107.2336,21.1511],[107.2327,21.1443],[107.2333,21.1424],[107.2365,21.1413],[107.2421,21.141],[107.2436,21.1387],[107.2417,21.1301],[107.2418,21.1264],[107.2449,21.1233],[107.2475,21.1219],[107.2497,21.1168],[107.254,21.1141],[107.2583,21.1149],[107.2627,21.1097],[107.2702,21.1052],[107.268,21.1024],[107.2679,21.1001],[107.2653,21.0982],[107.265,21.0958],[107.2616,21.0949],[107.2562,21.0946],[107.2536,21.0963],[107.2493,21.0959],[107.2479,21.094],[107.2437,21.0922],[107.2402,21.0944],[107.2315,21.0945],[107.2283,21.0922],[107.2284,21.0873],[107.2263,21.0862],[107.2226,21.0865],[107.2182,21.0851],[107.2161,21.0769],[107.2134,21.0737],[107.213,21.0686],[107.2087,21.0671],[107.2068,21.0646],[107.2069,21.0627],[107.2041,21.061],[107.2051,21.0582],[107.204,21.0565],[107.2081,21.054],[107.2068,21.0501],[107.2068,21.0468],[107.202,21.0447],[107.2029,21.0414],[107.201,21.039],[107.1998,21.0348],[107.1973,21.0332],[107.2005,21.0341],[107.2084,21.0344],[107.2213,21.0296],[107.2334,21.0343],[107.2458,21.0332],[107.2476,21.0288],[107.2437,21.0189],[107.2491,21.0204],[107.2512,21.0221],[107.2554,21.0236],[107.2644,21.0252],[107.2659,21.0222],[107.272,21.0206],[107.2756,21.0229],[107.2787,21.0239],[107.2738,21.0353],[107.2766,21.0381],[107.2803,21.0391],[107.2832,21.0413],[107.2958,21.0424],[107.299,21.0477],[107.3018,21.0484],[107.3027,21.0495],[107.3073,21.0471],[107.3159,21.0456],[107.3176,21.0468],[107.3274,21.0449],[107.3297,21.0414],[107.3353,21.0408],[107.3362,21.0434],[107.344,21.0449],[107.3451,21.0462],[107.3489,21.0459],[107.3505,21.0515],[107.3545,21.0558],[107.3549,21.0585],[107.3609,21.0623],[107.3666,21.0617],[107.3706,21.0603],[107.3655,21.0752],[107.3667,21.0772],[107.3669,21.0774],[107.3709,21.0807],[107.3693,21.0828],[107.3621,21.0849],[107.3586,21.0869],[107.3544,21.0867],[107.3516,21.085],[107.35,21.0856],[107.3503,21.0906],[107.3515,21.093],[107.3486,21.0939],[107.3418,21.0994],[107.3379,21.0992],[107.3358,21.0969],[107.3321,21.0962],[107.3308,21.0989],[107.3284,21.1001],[107.3253,21.1061],[107.3217,21.1106],[107.3139,21.1126],[107.3121,21.1155],[107.3122,21.1183],[107.3138,21.1233],[107.3121,21.1254],[107.3147,21.1304],[107.3195,21.1366],[107.3194,21.1434],[107.3215,21.1507],[107.3232,21.1516],[107.323,21.1543],[107.3248,21.1568],[107.3238,21.1588],[107.3261,21.1621],[107.3246,21.1633],[107.3234,21.1721]]]},"properties":{"ma_xa":"06760","ten_xa":"Mông Dương","sap_nhap":"Mông Dương, Dương Huy","tru_so":"đang cập nhật","loai":"Phường","cap":2,"stt":26,"dtich_km2":167.16,"dan_so":18953,"matdo_km2":113.38,"ma_tinh":"22","ten_tinh":"Quảng Ninh"}},
{"type":"Feature","geometry":{"type":"Polygon","coordinates":[[[106.8244,20.9245],[106.819,20.9248],[106.8145,20.9263],[106.8105,20.9288],[106.8076,20.9316],[106.8038,20.9335],[106.7969,20.9337],[106.7899,20.9331],[106.78,20.9333],[106.7709,20.9352],[106.7709,20.9167],[106.7694,20.9092],[106.7664,20.9037],[106.7612,20.8966],[106.7575,20.8923],[106.7543,20.8876],[106.7532,20.8845],[106.7531,20.8784],[106.7566,20.8655],[106.7611,20.8556],[106.7636,20.8517],[106.7663,20.8556],[106.7682,20.857],[106.7729,20.8578],[106.7876,20.8675],[106.7898,20.8679],[106.7977,20.8791],[106.8038,20.877],[106.8084,20.8746],[106.8101,20.8758],[106.8087,20.8801],[106.829,20.8864],[106.8225,20.8949],[106.8172,20.8915],[106.8137,20.8924],[106.8146,20.8957],[106.8108,20.9003],[106.8147,20.9045],[106.8181,20.9072],[106.8192,20.9101],[106.8245,20.9104],[106.8234,20.9131],[106.8235,20.9171],[106.8206,20.9186],[106.8217,20.9217],[106.8237,20.9216],[106.8244,20.9245]]]},"properties":{"ma_xa":"07183","ten_xa":"Phong Cốc","sap_nhap":"Nam Hòa, Yên Hải, Phong Cốc, Cẩm La","tru_so":"đang cập nhật","loai":"Phường","cap":2,"stt":13,"dtich_km2":42.17,"dan_so":27356,"matdo_km2":648.71,"ma_tinh":"22","ten_tinh":"Quảng Ninh"}},
{"type":"Feature","geometry":{"type":"Polygon","coordinates":[[[107.7334,21.5783],[107.7329,21.5848],[107.7352,21.5901],[107.741,21.5946],[107.739,21.5975],[107.738,21.6007],[107.7409,21.6064],[107.7409,21.6106],[107.7385,21.6136],[107.7426,21.6178],[107.7421,21.6218],[107.7466,21.626],[107.7493,21.6334],[107.7477,21.6389],[107.7489,21.6411],[107.7428,21.6397],[107.7343,21.6324],[107.7292,21.6301],[107.7223,21.6292],[107.7185,21.6259],[107.7162,21.6215],[107.7127,21.6209],[107.7067,21.6189],[107.7027,21.6164],[107.6982,21.6155],[107.6951,21.6163],[107.6921,21.6143],[107.6905,21.6147],[107.6879,21.6113],[107.6851,21.6119],[107.6819,21.6107],[107.6786,21.6109],[107.6757,21.609],[107.6695,21.6133],[107.6642,21.6132],[107.6605,21.6101],[107.6623,21.6073],[107.663,21.6025],[107.6643,21.6013],[107.669,21.5932],[107.6658,21.5901],[107.6627,21.5895],[107.6579,21.5852],[107.6554,21.5876],[107.6484,21.588],[107.6441,21.5892],[107.6383,21.5849],[107.6373,21.581],[107.6387,21.5784],[107.6391,21.5744],[107.6402,21.5727],[107.6467,21.5699],[107.6516,21.5652],[107.6531,21.561],[107.6558,21.5583],[107.6577,21.5584],[107.6598,21.5547],[107.6604,21.551],[107.6623,21.5481],[107.6623,21.5437],[107.6659,21.538],[107.6635,21.5356],[107.6693,21.5298],[107.672,21.5288],[107.6757,21.5256],[107.6738,21.522],[107.6758,21.5214],[107.6838,21.5232],[107.6877,21.5221],[107.6857,21.5159],[107.6853,21.5101],[107.6889,21.5091],[107.6908,21.5101],[107.6962,21.5157],[107.7002,21.5115],[107.7049,21.5088],[107.7081,21.4982],[107.7077,21.4953],[107.7046,21.4915],[107.7053,21.4884],[107.7046,21.4836],[107.7081,21.4803],[107.7068,21.4752],[107.7074,21.4722],[107.7049,21.4697],[107.701,21.4694],[107.6991,21.4667],[107.7048,21.4609],[107.7114,21.4595],[107.7175,21.4585],[107.7178,21.4568],[107.7219,21.4586],[107.7259,21.456],[107.7275,21.4589],[107.7299,21.4579],[107.7319,21.4611],[107.7326,21.4659],[107.731,21.4674],[107.7366,21.4732],[107.7447,21.4748],[107.7508,21.472],[107.7523,21.4723],[107.7569,21.4686],[107.7619,21.4697],[107.7609,21.474],[107.7581,21.4772],[107.7594,21.4798],[107.7621,21.4787],[107.7662,21.4827],[107.7664,21.4903],[107.7646,21.4938],[107.7668,21.4977],[107.764,21.5037],[107.7648,21.5081],[107.759,21.5055],[107.757,21.5066],[107.7552,21.511],[107.752,21.5182],[107.7532,21.5205],[107.7501,21.5304],[107.7517,21.5349],[107.7496,21.538],[107.751,21.5393],[107.7489,21.5431],[107.7492,21.5455],[107.7443,21.5474],[107.7439,21.5513],[107.7416,21.5535],[107.7378,21.5538],[107.7335,21.5566],[107.7349,21.5593],[107.7333,21.5638],[107.7342,21.5658],[107.7338,21.5701],[107.7317,21.5736],[107.7334,21.5783]]]},"properties":{"ma_xa":"06931","ten_xa":"Quảng Đức","sap_nhap":"Quảng Thành, Quảng Thịnh, Quảng Đức","tru_so":"đang cập nhật","loai":"Xã","cap":2,"stt":42,"dtich_km2":131.48,"dan_so":11682,"matdo_km2":88.85,"ma_tinh":"22","ten_tinh":"Quảng Ninh"}},
{"type":"Feature","geometry":{"type":"MultiPolygon","coordinates":[[[[107.7275,21.3504],[107.7239,21.3504],[107.7233,21.3476],[107.7251,21.3461],[107.7275,21.3504]]],[[[107.7548,21.3719],[107.7465,21.3707],[107.7428,21.3686],[107.7446,21.3659],[107.744,21.3627],[107.7525,21.3614],[107.7561,21.362],[107.7584,21.3652],[107.7616,21.3652],[107.7609,21.3684],[107.7588,21.3708],[107.7548,21.3719]]],[[[107.7624,21.3869],[107.763,21.3832],[107.7664,21.3835],[107.7654,21.3857],[107.7624,21.3869]]],[[[107.679,21.3918],[107.6782,21.391],[107.6812,21.3846],[107.6824,21.3808],[107.685,21.3809],[107.6873,21.3839],[107.6849,21.3878],[107.679,21.3918]]],[[[107.6927,21.3983],[107.6902,21.3927],[107.6885,21.3915],[107.6876,21.388],[107.6917,21.3863],[107.6953,21.3887],[107.6956,21.3918],[107.6927,21.3983]]],[[[107.7263,21.4038],[107.7229,21.4034],[107.7221,21.3997],[107.7256,21.3967],[107.7263,21.4038]]],[[[107.7039,21.4077],[107.6986,21.4078],[107.7019,21.4049],[107.7039,21.4077]]],[[[107.7834,21.503],[107.7812,21.5007],[107.7851,21.4983],[107.7847,21.5028],[107.7834,21.503]]],[[[107.672,21.4162],[107.6764,21.4088],[107.6771,21.4055],[107.6795,21.405],[107.6807,21.397],[107.6796,21.3926],[107.6823,21.392],[107.6865,21.3887],[107.6868,21.3915],[107.6899,21.3935],[107.6905,21.3987],[107.6938,21.3989],[107.6942,21.4055],[107.6974,21.4081],[107.704,21.4086],[107.705,21.4055],[107.7021,21.4044],[107.6987,21.4064],[107.6965,21.406],[107.6955,21.4033],[107.6972,21.3957],[107.6999,21.3967],[107.7007,21.393],[107.7039,21.3889],[107.7076,21.3871],[107.7141,21.3883],[107.7155,21.3895],[107.7185,21.3982],[107.7177,21.4013],[107.7183,21.4053],[107.7222,21.404],[107.7236,21.4072],[107.7263,21.4102],[107.7303,21.4073],[107.7276,21.4029],[107.7298,21.3978],[107.7344,21.3969],[107.7378,21.3991],[107.7394,21.3982],[107.7456,21.4002],[107.7472,21.3994],[107.7511,21.4019],[107.7535,21.402],[107.7549,21.4046],[107.754,21.4079],[107.7558,21.4113],[107.7588,21.4145],[107.7585,21.4176],[107.7605,21.4189],[107.7608,21.4217],[107.7628,21.4231],[107.7606,21.428],[107.7626,21.4335],[107.7602,21.4351],[107.7619,21.4372],[107.764,21.4365],[107.765,21.442],[107.7671,21.4417],[107.7672,21.4458],[107.7708,21.4468],[107.7716,21.4439],[107.7733,21.4432],[107.7779,21.4467],[107.7811,21.4475],[107.7819,21.4512],[107.7774,21.4517],[107.7769,21.4545],[107.7818,21.4538],[107.7852,21.4554],[107.788,21.4584],[107.7888,21.4623],[107.7916,21.4688],[107.7915,21.471],[107.7894,21.4729],[107.7929,21.4745],[107.7951,21.4724],[107.7985,21.4742],[107.8001,21.4784],[107.8002,21.4836],[107.7984,21.4854],[107.7985,21.4889],[107.793,21.4921],[107.7882,21.4928],[107.7911,21.4963],[107.7881,21.4978],[107.7854,21.4968],[107.7814,21.4992],[107.7802,21.5048],[107.7744,21.5107],[107.7724,21.5114],[107.769,21.5104],[107.7648,21.5081],[107.764,21.5037],[107.7668,21.4977],[107.7646,21.4938],[107.7664,21.4903],[107.7662,21.4827],[107.7621,21.4787],[107.7594,21.4798],[107.7581,21.4772],[107.7609,21.474],[107.7619,21.4697],[107.7569,21.4686],[107.7523,21.4723],[107.7508,21.472],[107.7447,21.4748],[107.7366,21.4732],[107.731,21.4674],[107.7326,21.4659],[107.7319,21.4611],[107.7299,21.4579],[107.7275,21.4589],[107.7259,21.456],[107.7219,21.4586],[107.7178,21.4568],[107.7175,21.4585],[107.7114,21.4595],[107.7098,21.4561],[107.7064,21.4519],[107.7054,21.449],[107.7095,21.445],[107.7112,21.4455],[107.7144,21.4424],[107.7198,21.4422],[107.7234,21.441],[107.7261,21.4418],[107.7288,21.4403],[107.7333,21.4412],[107.7359,21.4438],[107.7411,21.4413],[107.7262,21.4341],[107.7202,21.4366],[107.7155,21.4364],[107.7128,21.4387],[107.7087,21.4371],[107.7014,21.4404],[107.6982,21.4387],[107.6948,21.4382],[107.6912,21.4426],[107.687,21.4439],[107.6851,21.4463],[107.6813,21.447],[107.6751,21.4462],[107.6699,21.4382],[107.668,21.434],[107.6684,21.4309],[107.6708,21.431],[107.6711,21.4281],[107.6696,21.4273],[107.6694,21.4199],[107.6722,21.4188],[107.672,21.4162]]]]},"properties":{"ma_xa":"06922","ten_xa":"Quảng Hà","sap_nhap":"Quảng Hà (thị trấn), Quảng Minh, Quảng Chính, Quảng Phong, Quảng Long (1 phần)","tru_so":"đang cập nhật","loai":"Xã","cap":2,"stt":40,"dtich_km2":134.37,"dan_so":40988,"matdo_km2":305.04,"ma_tinh":"22","ten_tinh":"Quảng Ninh"}},
{"type":"Feature","geometry":{"type":"Polygon","coordinates":[[[107.272,21.0206],[107.2659,21.0222],[107.2644,21.0252],[107.2554,21.0236],[107.2512,21.0221],[107.2491,21.0204],[107.2437,21.0189],[107.2476,21.0288],[107.2458,21.0332],[107.2334,21.0343],[107.2213,21.0296],[107.2084,21.0344],[107.2005,21.0341],[107.1973,21.0332],[107.1932,21.0332],[107.1887,21.0307],[107.1878,21.0267],[107.1843,21.0255],[107.1824,21.0285],[107.1784,21.0267],[107.1759,21.0247],[107.1727,21.0191],[107.1739,21.0173],[107.1731,21.0127],[107.1757,21.0033],[107.1761,21.0001],[107.1777,20.9982],[107.1702,20.9766],[107.1702,20.9676],[107.169,20.9655],[107.1855,20.9549],[107.1918,20.9484],[107.1952,20.9475],[107.1985,20.9536],[107.201,20.9547],[107.2016,20.9615],[107.2036,20.9641],[107.2085,20.9646],[107.213,20.9674],[107.2143,20.9702],[107.2176,20.9719],[107.2181,20.974],[107.2219,20.9742],[107.2255,20.9815],[107.2295,20.9828],[107.2296,20.9859],[107.2257,20.985],[107.2218,20.9863],[107.2235,20.9883],[107.2298,20.9891],[107.2327,20.9881],[107.2326,20.9851],[107.2347,20.9829],[107.2376,20.9851],[107.2354,20.9882],[107.2329,20.9892],[107.2327,20.9916],[107.2391,20.986],[107.2415,20.9825],[107.2439,20.9843],[107.2415,20.987],[107.2413,20.9905],[107.2426,20.992],[107.2462,20.9928],[107.2481,20.992],[107.2514,20.993],[107.25,20.997],[107.2592,20.9971],[107.2663,20.9964],[107.2657,21.0005],[107.2666,21.0086],[107.2689,21.0103],[107.2684,21.0121],[107.2712,21.0163],[107.272,21.0206]]]},"properties":{"ma_xa":"06778","ten_xa":"Quang Hanh","sap_nhap":"Cẩm Thạch, Cẩm Thủy, Quang Hanh","tru_so":"đang cập nhật","loai":"Phường","cap":2,"stt":27,"dtich_km2":62.63,"dan_so":52750,"matdo_km2":842.25,"ma_tinh":"22","ten_tinh":"Quảng Ninh"}},
{"type":"Feature","geometry":{"type":"Polygon","coordinates":[[[106.936,21.169],[106.9327,21.1691],[106.9298,21.1718],[106.9267,21.1733],[106.9233,21.1768],[106.923,21.179],[106.9164,21.1845],[106.9042,21.1828],[106.9016,21.1807],[106.8944,21.18],[106.8925,21.1791],[106.8879,21.1824],[106.8847,21.1835],[106.8802,21.1823],[106.8769,21.179],[106.874,21.1741],[106.8708,21.1737],[106.8683,21.1756],[106.8644,21.1755],[106.8614,21.1763],[106.8579,21.1813],[106.8581,21.1862],[106.8573,21.1877],[106.8533,21.1889],[106.8493,21.1884],[106.8479,21.1868],[106.8409,21.1861],[106.8371,21.187],[106.8338,21.1866],[106.8274,21.1879],[106.8256,21.1824],[106.827,21.1794],[106.8273,21.1754],[106.8261,21.1741],[106.8261,21.1649],[106.8295,21.1573],[106.8335,21.1529],[106.8349,21.1509],[106.8395,21.1487],[106.8406,21.1446],[106.8408,21.1386],[106.8442,21.136],[106.8447,21.131],[106.8461,21.1284],[106.8438,21.125],[106.8425,21.1196],[106.8408,21.1167],[106.8438,21.1133],[106.8386,21.1122],[106.8333,21.1094],[106.8352,21.0985],[106.839,21.0958],[106.84,21.0937],[106.8362,21.0907],[106.8359,21.0851],[106.8326,21.0818],[106.8298,21.0779],[106.8288,21.0747],[106.8313,21.0715],[106.8341,21.0708],[106.8366,21.0684],[106.8413,21.0665],[106.8438,21.0612],[106.849,21.0582],[106.847,21.0563],[106.8466,21.0532],[106.8432,21.0512],[106.8429,21.0479],[106.8446,21.0442],[106.8439,21.0366],[106.8446,21.0357],[106.8511,21.0364],[106.8545,21.0327],[106.8612,21.0306],[106.8636,21.0335],[106.8679,21.0292],[106.8717,21.0236],[106.8749,21.0228],[106.8786,21.0248],[106.8787,21.0269],[106.8808,21.0287],[106.8846,21.0288],[106.887,21.0298],[106.8939,21.0342],[106.8997,21.0359],[106.8996,21.0331],[106.8972,21.0299],[106.8984,21.0251],[106.8924,21.017],[106.8885,21.0134],[106.898,21.0131],[106.901,21.0144],[106.9047,21.0144],[106.907,21.0162],[106.9132,21.0161],[106.9157,21.0154],[106.9201,21.0169],[106.9241,21.0159],[106.9241,21.018],[106.9211,21.0218],[106.9164,21.0241],[106.9154,21.0289],[106.9185,21.0297],[106.9157,21.0335],[106.9128,21.0357],[106.9123,21.0391],[106.9102,21.0414],[106.9105,21.0436],[106.9065,21.0448],[106.9031,21.049],[106.9064,21.0525],[106.9097,21.0542],[106.9109,21.06],[106.9176,21.0616],[106.9223,21.0695],[106.929,21.0706],[106.9336,21.0754],[106.9372,21.0761],[106.9366,21.081],[106.9388,21.0838],[106.942,21.0848],[106.9455,21.0883],[106.949,21.0897],[106.9509,21.0919],[106.9557,21.0939],[106.9534,21.0978],[106.9517,21.0978],[106.9465,21.1023],[106.9457,21.1053],[106.9412,21.1074],[106.9368,21.1109],[106.9367,21.1143],[106.9352,21.1162],[106.9316,21.1174],[106.9279,21.1176],[106.9241,21.1197],[106.9172,21.1221],[106.9148,21.1259],[106.9124,21.1277],[106.9184,21.1294],[106.9256,21.1329],[106.9318,21.1343],[106.9358,21.1382],[106.9369,21.1407],[106.9461,21.144],[106.9481,21.1466],[106.9463,21.1479],[106.9456,21.1508],[106.9438,21.1552],[106.9387,21.1562],[106.9368,21.1627],[106.9377,21.1681],[106.936,21.169]]]},"properties":{"ma_xa":"07054","ten_xa":"Quảng La","sap_nhap":"Bằng Cả, Dân Chủ, Tân Dân, Quảng La","tru_so":"đang cập nhật","loai":"Xã","cap":2,"stt":24,"dtich_km2":165.67,"dan_so":9183,"matdo_km2":55.43,"ma_tinh":"22","ten_tinh":"Quảng Ninh"}},
{"type":"Feature","geometry":{"type":"Polygon","coordinates":[[[107.6226,21.4181],[107.6209,21.4196],[107.6188,21.4247],[107.6171,21.4267],[107.6145,21.432],[107.6154,21.4351],[107.6128,21.4363],[107.6115,21.4396],[107.613,21.442],[107.6128,21.4453],[107.6151,21.4473],[107.6162,21.4506],[107.6106,21.4553],[107.6092,21.458],[107.6061,21.4595],[107.6035,21.4619],[107.5965,21.4633],[107.5947,21.4664],[107.5897,21.4711],[107.585,21.4727],[107.5825,21.4751],[107.5806,21.479],[107.5733,21.483],[107.571,21.4851],[107.5642,21.4859],[107.561,21.4852],[107.5577,21.4881],[107.5541,21.489],[107.5508,21.4914],[107.5501,21.494],[107.5445,21.4964],[107.5438,21.4976],[107.5369,21.4984],[107.5325,21.4976],[107.5218,21.4969],[107.524,21.4859],[107.5204,21.4798],[107.5185,21.4786],[107.5158,21.4794],[107.5126,21.4788],[107.5107,21.4758],[107.5045,21.4719],[107.5024,21.4715],[107.5013,21.4629],[107.5016,21.4619],[107.4957,21.4603],[107.492,21.4583],[107.4888,21.4609],[107.4821,21.46],[107.4817,21.4555],[107.4793,21.4543],[107.4742,21.4467],[107.4696,21.4448],[107.4688,21.4406],[107.4668,21.4367],[107.4719,21.4334],[107.4752,21.4285],[107.4753,21.4239],[107.4746,21.4189],[107.4732,21.4179],[107.4754,21.4116],[107.4734,21.4086],[107.4734,21.4062],[107.4715,21.4035],[107.4712,21.4003],[107.4731,21.3946],[107.4752,21.3944],[107.4796,21.3911],[107.4765,21.3884],[107.4756,21.3863],[107.4809,21.3826],[107.4842,21.3845],[107.4872,21.3756],[107.4939,21.3775],[107.4958,21.3769],[107.5019,21.3807],[107.5041,21.3806],[107.5085,21.3761],[107.5063,21.3724],[107.513,21.3643],[107.5161,21.3612],[107.5196,21.3609],[107.5216,21.3588],[107.5249,21.3585],[107.5253,21.3553],[107.5219,21.3525],[107.5233,21.3503],[107.5234,21.3459],[107.5245,21.3419],[107.5263,21.3392],[107.5294,21.3386],[107.5331,21.3358],[107.5353,21.3347],[107.5374,21.3372],[107.5442,21.3361],[107.5525,21.3352],[107.553,21.3381],[107.5504,21.3401],[107.5508,21.3425],[107.5533,21.3438],[107.562,21.3448],[107.5657,21.3442],[107.568,21.3457],[107.5679,21.3492],[107.5739,21.3505],[107.5738,21.3525],[107.578,21.3528],[107.5833,21.3546],[107.5892,21.3589],[107.5922,21.3572],[107.5983,21.3565],[107.6011,21.3581],[107.6074,21.3603],[107.6057,21.3681],[107.603,21.369],[107.6002,21.3727],[107.6057,21.3756],[107.6097,21.3805],[107.6077,21.3811],[107.6071,21.3837],[107.6049,21.3872],[107.6022,21.3887],[107.6016,21.3934],[107.6029,21.3963],[107.5981,21.3984],[107.6011,21.4015],[107.5988,21.4031],[107.6003,21.4067],[107.5996,21.4106],[107.6111,21.4173],[107.6114,21.4198],[107.6147,21.4199],[107.6198,21.4183],[107.6226,21.4181]]]},"properties":{"ma_xa":"06913","ten_xa":"Quảng Tân","sap_nhap":"Quảng An, Dực Yên, Quảng Lâm, Quảng Tân","tru_so":"đang cập nhật","loai":"Xã","cap":2,"stt":38,"dtich_km2":184.81,"dan_so":18049,"matdo_km2":97.66,"ma_tinh":"22","ten_tinh":"Quảng Ninh"}},
{"type":"Feature","geometry":{"type":"Polygon","coordinates":[[[106.8633,20.9622],[106.8597,20.9619],[106.8536,20.9602],[106.85,20.9642],[106.8499,20.9553],[106.8469,20.9554],[106.8438,20.9523],[106.8402,20.9517],[106.8385,20.9484],[106.8351,20.9466],[106.8296,20.9454],[106.8291,20.9417],[106.8248,20.9409],[106.8223,20.9427],[106.8182,20.942],[106.8153,20.9436],[106.8136,20.9486],[106.808,20.9467],[106.8049,20.944],[106.8015,20.9454],[106.7975,20.9492],[106.7922,20.9501],[106.7862,20.9463],[106.7859,20.9419],[106.7838,20.9424],[106.78,20.9491],[106.7752,20.9486],[106.7704,20.9501],[106.7705,20.942],[106.7709,20.9352],[106.78,20.9333],[106.7899,20.9331],[106.7969,20.9337],[106.8038,20.9335],[106.8076,20.9316],[106.8105,20.9288],[106.8145,20.9263],[106.819,20.9248],[106.8244,20.9245],[106.8296,20.9314],[106.8338,20.9305],[106.8399,20.9278],[106.8389,20.925],[106.8408,20.9225],[106.8479,20.9204],[106.8522,20.9242],[106.8616,20.9252],[106.8611,20.9309],[106.8641,20.9342],[106.8608,20.9381],[106.8554,20.9397],[106.8581,20.9457],[106.8571,20.9476],[106.8632,20.9518],[106.8613,20.9559],[106.8638,20.9573],[106.8633,20.9622]]]},"properties":{"ma_xa":"07132","ten_xa":"Quảng Yên","sap_nhap":"Yên Giang, Quảng Yên, Tiền An","tru_so":"đang cập nhật","loai":"Phường","cap":2,"stt":11,"dtich_km2":20.69,"dan_so":31353,"matdo_km2":1515.37,"ma_tinh":"22","ten_tinh":"Quảng Ninh"}},
{"type":"Feature","geometry":{"type":"Polygon","coordinates":[[[107.1029,21.1416],[107.1011,21.1423],[107.0907,21.1433],[107.0872,21.1407],[107.0823,21.1407],[107.0789,21.1435],[107.0762,21.1447],[107.0735,21.1434],[107.0701,21.1439],[107.0684,21.1424],[107.0643,21.1355],[107.0581,21.1377],[107.0564,21.1424],[107.0537,21.1431],[107.0495,21.1429],[107.0469,21.1439],[107.0439,21.1422],[107.042,21.139],[107.0418,21.1351],[107.0402,21.1345],[107.0343,21.1294],[107.0313,21.1314],[107.0275,21.1326],[107.0227,21.133],[107.0166,21.1267],[107.0141,21.1265],[107.0097,21.1248],[107.0011,21.1367],[106.9973,21.1396],[106.9965,21.1438],[106.9937,21.1477],[106.9937,21.1523],[106.9928,21.1537],[106.993,21.1588],[106.991,21.16],[106.9859,21.1584],[106.9826,21.1602],[106.9776,21.1612],[106.9754,21.1599],[106.9699,21.1625],[106.9663,21.1602],[106.9653,21.1581],[106.9608,21.1554],[106.9555,21.1558],[106.9502,21.1555],[106.9478,21.1541],[106.9456,21.1508],[106.9463,21.1479],[106.9481,21.1466],[106.9461,21.144],[106.9369,21.1407],[106.9358,21.1382],[106.9318,21.1343],[106.9256,21.1329],[106.9184,21.1294],[106.9124,21.1277],[106.9148,21.1259],[106.9172,21.1221],[106.9241,21.1197],[106.9279,21.1176],[106.9316,21.1174],[106.9352,21.1162],[106.9367,21.1143],[106.9368,21.1109],[106.9412,21.1074],[106.9457,21.1053],[106.9465,21.1023],[106.9517,21.0978],[106.9534,21.0978],[106.9557,21.0939],[106.9567,21.0924],[106.9596,21.0824],[106.9704,21.0783],[106.974,21.0781],[106.9849,21.082],[106.9857,21.0907],[106.9887,21.0918],[106.9943,21.0909],[107.0015,21.0847],[107.0059,21.0871],[107.0091,21.0855],[107.013,21.0862],[107.0147,21.0881],[107.0204,21.0879],[107.0237,21.0867],[107.0322,21.0868],[107.0362,21.0847],[107.0423,21.0795],[107.0421,21.0757],[107.0439,21.072],[107.0507,21.0684],[107.0531,21.0659],[107.0507,21.0644],[107.0521,21.0611],[107.0469,21.053],[107.0507,21.0478],[107.0565,21.0459],[107.0585,21.0473],[107.061,21.0421],[107.0612,21.0352],[107.0625,21.0288],[107.0617,21.0262],[107.0572,21.0181],[107.0576,21.0147],[107.0597,21.0115],[107.0585,21.0048],[107.0573,21.0023],[107.0521,20.9978],[107.0499,20.9944],[107.055,20.9929],[107.0598,20.9943],[107.0621,20.9968],[107.0667,20.9975],[107.0682,20.9986],[107.0752,20.9984],[107.0864,20.9926],[107.0945,20.9989],[107.1033,21.0092],[107.1082,21.0122],[107.1163,21.0138],[107.1225,21.0145],[107.1282,21.0184],[107.1301,21.0238],[107.1328,21.0292],[107.1358,21.0297],[107.1402,21.0284],[107.1446,21.0292],[107.1551,21.0333],[107.1615,21.0315],[107.1666,21.0313],[107.1714,21.0321],[107.1737,21.031],[107.1784,21.0267],[107.1824,21.0285],[107.1843,21.0255],[107.1878,21.0267],[107.1887,21.0307],[107.1932,21.0332],[107.1973,21.0332],[107.1998,21.0348],[107.201,21.039],[107.2029,21.0414],[107.202,21.0447],[107.2068,21.0468],[107.2068,21.0501],[107.2081,21.054],[107.204,21.0565],[107.2051,21.0582],[107.2041,21.061],[107.2069,21.0627],[107.2068,21.0646],[107.2087,21.0671],[107.213,21.0686],[107.2134,21.0737],[107.2161,21.0769],[107.2182,21.0851],[107.2226,21.0865],[107.2263,21.0862],[107.2284,21.0873],[107.2283,21.0922],[107.2315,21.0945],[107.2402,21.0944],[107.2437,21.0922],[107.2479,21.094],[107.2493,21.0959],[107.2536,21.0963],[107.2562,21.0946],[107.2616,21.0949],[107.265,21.0958],[107.2653,21.0982],[107.2679,21.1001],[107.268,21.1024],[107.2702,21.1052],[107.2627,21.1097],[107.2583,21.1149],[107.254,21.1141],[107.2497,21.1168],[107.2475,21.1219],[107.2449,21.1233],[107.2418,21.1264],[107.2417,21.1301],[107.2436,21.1387],[107.2421,21.141],[107.2365,21.1413],[107.2333,21.1424],[107.2302,21.1387],[107.2275,21.138],[107.2226,21.1388],[107.2176,21.1385],[107.2129,21.1335],[107.2098,21.1322],[107.2083,21.1302],[107.206,21.1317],[107.2028,21.1315],[107.1984,21.1346],[107.1944,21.1351],[107.1882,21.1325],[107.1852,21.1354],[107.1844,21.1403],[107.1816,21.1419],[107.1781,21.1421],[107.1744,21.1448],[107.1725,21.146],[107.1669,21.1462],[107.1609,21.1433],[107.158,21.1445],[107.155,21.1409],[107.1438,21.1423],[107.1399,21.1442],[107.1343,21.1457],[107.1309,21.145],[107.1304,21.1428],[107.127,21.1416],[107.1237,21.1367],[107.12,21.1341],[107.1174,21.1334],[107.1108,21.1352],[107.1074,21.1372],[107.1061,21.1394],[107.1029,21.1416]]]},"properties":{"ma_xa":"07060","ten_xa":"Thống Nhất","sap_nhap":"Vũ Oai, Hòa Bình, Thống Nhất, Đồng Lâm (1 phần)","tru_so":"đang cập nhật","loai":"Xã","cap":2,"stt":25,"dtich_km2":276.12,"dan_so":17310,"matdo_km2":62.69,"ma_tinh":"22","ten_tinh":"Quảng Ninh"}},
{"type":"Feature","geometry":{"type":"MultiPolygon","coordinates":[[[[107.4316,21.2786],[107.4411,21.2811],[107.4283,21.2824],[107.4265,21.2813],[107.4287,21.2789],[107.4316,21.2786]]],[[[107.4363,21.284],[107.4331,21.2843],[107.4291,21.2866],[107.4262,21.2859],[107.4277,21.2832],[107.4318,21.2822],[107.4362,21.2827],[107.4363,21.284]]],[[[107.3875,21.4374],[107.3769,21.439],[107.372,21.4379],[107.3652,21.4455],[107.3615,21.4462],[107.3634,21.4507],[107.3618,21.4541],[107.3611,21.4578],[107.3622,21.4605],[107.3603,21.4621],[107.3565,21.4629],[107.3544,21.4651],[107.352,21.4655],[107.3498,21.4675],[107.3441,21.4682],[107.3406,21.467],[107.341,21.4644],[107.339,21.4627],[107.3346,21.4614],[107.3328,21.4561],[107.331,21.4542],[107.3322,21.4514],[107.3307,21.4477],[107.3316,21.4455],[107.3349,21.4447],[107.3349,21.4418],[107.3407,21.4325],[107.34,21.43],[107.3415,21.4283],[107.3398,21.4248],[107.3415,21.4219],[107.3437,21.4216],[107.3442,21.4177],[107.3402,21.4127],[107.3406,21.4095],[107.3378,21.4062],[107.3362,21.4021],[107.3393,21.3998],[107.3386,21.3977],[107.3452,21.3915],[107.3444,21.3874],[107.3397,21.3843],[107.3377,21.384],[107.3373,21.3808],[107.3351,21.3779],[107.328,21.3761],[107.3254,21.3732],[107.3257,21.3708],[107.3246,21.3679],[107.3265,21.3658],[107.3208,21.3644],[107.3193,21.3612],[107.3161,21.3603],[107.3129,21.3575],[107.314,21.356],[107.3112,21.3541],[107.3069,21.3525],[107.3063,21.3498],[107.3043,21.3477],[107.3016,21.3468],[107.2986,21.3438],[107.2954,21.3425],[107.2955,21.3403],[107.292,21.3364],[107.2937,21.3323],[107.2975,21.3325],[107.3023,21.3309],[107.301,21.3252],[107.3017,21.3229],[107.2993,21.3204],[107.2985,21.3179],[107.3012,21.3163],[107.3051,21.3161],[107.3079,21.3173],[107.3129,21.3154],[107.3145,21.3127],[107.317,21.3129],[107.3191,21.3157],[107.3188,21.3178],[107.3205,21.3196],[107.325,21.3213],[107.3264,21.3251],[107.3244,21.3276],[107.3265,21.3294],[107.3327,21.3309],[107.3352,21.3336],[107.3367,21.339],[107.3363,21.3415],[107.3453,21.3438],[107.3479,21.3454],[107.3518,21.3445],[107.3529,21.3416],[107.3565,21.3395],[107.3612,21.3386],[107.3658,21.3395],[107.3731,21.3343],[107.3785,21.3335],[107.38,21.3316],[107.3866,21.3259],[107.3917,21.3227],[107.3927,21.319],[107.398,21.3152],[107.3939,21.3117],[107.3979,21.3079],[107.4005,21.307],[107.404,21.3029],[107.4077,21.297],[107.4166,21.2927],[107.4162,21.2907],[107.4175,21.2851],[107.4215,21.2841],[107.4255,21.286],[107.4223,21.2897],[107.4245,21.2906],[107.426,21.2886],[107.4377,21.2838],[107.4413,21.2838],[107.4471,21.2812],[107.4515,21.2824],[107.4534,21.2845],[107.4527,21.289],[107.4509,21.2902],[107.4484,21.2943],[107.4508,21.3001],[107.4534,21.2988],[107.4652,21.2965],[107.4672,21.2974],[107.4658,21.3024],[107.4642,21.305],[107.4611,21.3078],[107.455,21.3064],[107.4517,21.3093],[107.4538,21.3112],[107.4501,21.3201],[107.4478,21.3216],[107.4469,21.3242],[107.4427,21.3246],[107.4406,21.3273],[107.4396,21.3314],[107.4401,21.3334],[107.4438,21.3367],[107.4418,21.3415],[107.4419,21.3435],[107.4338,21.347],[107.429,21.35],[107.4267,21.3527],[107.4278,21.3564],[107.4256,21.3589],[107.4264,21.3619],[107.4235,21.3643],[107.4212,21.3689],[107.4226,21.3711],[107.4219,21.3739],[107.425,21.3741],[107.4249,21.376],[107.4286,21.3777],[107.4282,21.3809],[107.4297,21.3827],[107.4351,21.3861],[107.4343,21.3896],[107.4315,21.3928],[107.4282,21.3987],[107.4245,21.4001],[107.4219,21.4025],[107.4227,21.4055],[107.4207,21.4073],[107.4265,21.4158],[107.4266,21.4181],[107.4246,21.42],[107.4203,21.4261],[107.4217,21.4286],[107.4182,21.431],[107.4148,21.4298],[107.4114,21.4324],[107.406,21.4339],[107.4031,21.4369],[107.4003,21.4368],[107.3962,21.438],[107.3925,21.4351],[107.3875,21.4374]]]]},"properties":{"ma_xa":"06862","ten_xa":"Tiên Yên","sap_nhap":"Tiên Yên (thị trấn), Phong Dụ, Tiên Lãng, Yên Than (1 phần), Đại Dực (1 phần), Đông Ngũ (1 phần), Vô Ngại (1 phần)","tru_so":"đang cập nhật","loai":"Xã","cap":2,"stt":31,"dtich_km2":137.87,"dan_so":22164,"matdo_km2":160.76,"ma_tinh":"22","ten_tinh":"Quảng Ninh"}},
{"type":"Feature","geometry":{"type":"MultiPolygon","coordinates":[[[[106.9665,20.8803],[106.9631,20.8807],[106.9646,20.8772],[106.9665,20.8803]]],[[[106.9941,20.8879],[106.9908,20.8908],[106.9898,20.8885],[106.9832,20.8851],[106.9825,20.8892],[106.9789,20.8887],[106.9806,20.8859],[106.981,20.8814],[106.9858,20.8782],[106.9847,20.8758],[106.9806,20.8741],[106.9808,20.871],[106.9881,20.8713],[106.9914,20.8699],[106.9939,20.8718],[106.9969,20.8725],[106.9949,20.8776],[106.9922,20.8776],[106.9883,20.8761],[106.9862,20.8789],[106.9892,20.8824],[106.9893,20.8878],[106.9932,20.8853],[106.9941,20.8879]]],[[[106.9548,20.8906],[106.9562,20.8845],[106.9578,20.8864],[106.9548,20.8906]]],[[[106.9995,20.8899],[106.9963,20.8899],[106.9961,20.8868],[106.9982,20.8864],[106.9995,20.8899]]],[[[106.9676,20.8918],[106.9664,20.896],[106.9637,20.8878],[106.964,20.8846],[106.968,20.8859],[106.9676,20.8918]]],[[[106.9719,20.9028],[106.9668,20.9031],[106.9677,20.8982],[106.9719,20.9028]]],[[[106.9706,20.9357],[106.9692,20.9385],[106.9692,20.9418],[106.9657,20.9441],[106.9621,20.9433],[106.9606,20.9406],[106.9592,20.933],[106.9606,20.9258],[106.963,20.9235],[106.968,20.9214],[106.9705,20.9195],[106.9711,20.9169],[106.9735,20.9172],[106.979,20.9139],[106.9849,20.9139],[106.9825,20.9203],[106.9782,20.9232],[106.9779,20.9258],[106.9809,20.9286],[106.9824,20.9278],[106.9816,20.9234],[106.9849,20.9213],[106.9865,20.9171],[106.9899,20.9167],[106.9899,20.9223],[106.9913,20.9223],[106.9916,20.9164],[106.9937,20.9168],[106.9937,20.9215],[106.9959,20.9224],[106.9934,20.9263],[106.995,20.9291],[106.9983,20.9297],[106.9987,20.9333],[106.9972,20.9352],[106.9972,20.9378],[106.991,20.942],[106.9891,20.941],[106.9819,20.9426],[106.9777,20.9419],[106.9762,20.9401],[106.9709,20.9382],[106.9706,20.9357]]],[[[106.9241,21.0159],[106.9201,21.0169],[106.9157,21.0154],[106.9132,21.0161],[106.907,21.0162],[106.9047,21.0144],[106.901,21.0144],[106.898,21.0131],[106.8885,21.0134],[106.8862,21.0096],[106.8891,21.0064],[106.8891,21.0033],[106.8935,20.9979],[106.8936,20.9946],[106.8909,20.992],[106.8887,20.985],[106.8888,20.9827],[106.887,20.9774],[106.8881,20.9743],[106.8945,20.9696],[106.9039,20.9657],[106.9157,20.9642],[106.92,20.9629],[106.9236,20.9591],[106.9249,20.954],[106.9217,20.945],[106.9251,20.941],[106.9345,20.9346],[106.9382,20.9299],[106.9403,20.9319],[106.9444,20.9277],[106.9488,20.9247],[106.953,20.9233],[106.9544,20.924],[106.9554,20.9353],[106.9546,20.9379],[106.9568,20.9386],[106.9604,20.9445],[106.9592,20.9494],[106.9542,20.9506],[106.9539,20.9599],[106.9553,20.9624],[106.9548,20.9718],[106.9521,20.9763],[106.9501,20.9781],[106.9392,20.9797],[106.9406,20.9816],[106.9411,20.9875],[106.9399,20.99],[106.9368,20.991],[106.9449,21.0002],[106.9459,21.0091],[106.9412,21.0148],[106.9369,21.0131],[106.9352,21.0143],[106.9319,21.0131],[106.926,21.0142],[106.9241,21.0159]]]]},"properties":{"ma_xa":"06706","ten_xa":"Tuần Châu","sap_nhap":"Đại Yên, Tuần Châu, Hà Khẩu (1 phần)","tru_so":"đang cập nhật","loai":"Phường","cap":2,"stt":15,"dtich_km2":62.08,"dan_so":14904,"matdo_km2":240.08,"ma_tinh":"22","ten_tinh":"Quảng Ninh"}},
{"type":"Feature","geometry":{"type":"Polygon","coordinates":[[[106.7713,21.0807],[106.7657,21.0776],[106.7632,21.0782],[106.7549,21.0765],[106.7523,21.0771],[106.747,21.08],[106.744,21.0829],[106.7422,21.0801],[106.7432,21.077],[106.7473,21.0709],[106.7474,21.069],[106.7496,21.0648],[106.7469,21.0632],[106.7459,21.059],[106.7447,21.0585],[106.7477,21.0535],[106.7446,21.0525],[106.7441,21.0467],[106.7468,21.0444],[106.7463,21.0415],[106.741,21.0391],[106.7401,21.0349],[106.7411,21.0297],[106.7402,21.0259],[106.7359,21.0225],[106.735,21.0189],[106.7368,21.0155],[106.7356,21.007],[106.7342,21.0041],[106.7347,21.0015],[106.7299,20.9982],[106.7404,20.998],[106.744,20.9972],[106.7514,20.9939],[106.7589,20.9891],[106.7632,20.9844],[106.7675,20.9769],[106.7685,20.9713],[106.774,20.9761],[106.7761,20.977],[106.7821,20.9778],[106.7877,20.9799],[106.7904,20.9821],[106.7944,20.9871],[106.7943,20.9916],[106.7927,20.9959],[106.793,20.9977],[106.7987,21.0019],[106.7995,21.0044],[106.7975,21.0111],[106.7998,21.0168],[106.7958,21.0195],[106.7947,21.0231],[106.7896,21.0265],[106.7866,21.026],[106.7849,21.0316],[106.7849,21.0348],[106.7813,21.0437],[106.7771,21.043],[106.7757,21.0465],[106.7813,21.076],[106.7795,21.0754],[106.7764,21.0767],[106.7713,21.0807]]]},"properties":{"ma_xa":"06811","ten_xa":"Uông Bí","sap_nhap":"Quang Trung, Thanh Sơn, Yên Thanh, Trưng Vương (1 phần)","tru_so":"đang cập nhật","loai":"Phường","cap":2,"stt":8,"dtich_km2":49.81,"dan_so":59866,"matdo_km2":1201.89,"ma_tinh":"22","ten_tinh":"Quảng Ninh"}},
{"type":"Feature","geometry":{"type":"MultiPolygon","coordinates":[[[[107.4655,20.7267],[107.4699,20.7306],[107.47,20.7355],[107.472,20.7406],[107.4663,20.7374],[107.463,20.7321],[107.455,20.7265],[107.4538,20.7237],[107.4485,20.7231],[107.4465,20.7183],[107.4507,20.7166],[107.4538,20.7167],[107.459,20.7191],[107.4655,20.7267]]],[[[107.396,20.7566],[107.395,20.7587],[107.392,20.7569],[107.3909,20.7542],[107.3878,20.753],[107.3879,20.7503],[107.3864,20.7458],[107.395,20.7485],[107.3961,20.7517],[107.3991,20.7521],[107.3988,20.7572],[107.396,20.7566]]],[[[107.489,20.7715],[107.4853,20.7707],[107.4823,20.7715],[107.4798,20.7706],[107.4777,20.767],[107.4738,20.7652],[107.4725,20.762],[107.4751,20.7592],[107.4805,20.7571],[107.4823,20.7578],[107.4875,20.763],[107.4899,20.7684],[107.489,20.7715]]],[[[107.4071,20.8096],[107.4038,20.8081],[107.3997,20.8012],[107.399,20.7944],[107.4005,20.7929],[107.3993,20.7864],[107.4007,20.7834],[107.3999,20.78],[107.4028,20.7784],[107.4073,20.7779],[107.4094,20.7693],[107.4126,20.7737],[107.4161,20.7743],[107.4159,20.7784],[107.4179,20.7872],[107.4225,20.7978],[107.4205,20.799],[107.419,20.8028],[107.4102,20.8071],[107.4085,20.8067],[107.4071,20.8096]]],[[[107.389,20.8475],[107.3855,20.8472],[107.3882,20.8443],[107.389,20.8475]]],[[[107.36,20.8448],[107.3581,20.8454],[107.3559,20.8407],[107.3565,20.8366],[107.3599,20.8319],[107.3621,20.8321],[107.3624,20.8366],[107.3601,20.8403],[107.36,20.8448]]],[[[107.3508,20.8251],[107.3483,20.828],[107.3472,20.8327],[107.3467,20.8396],[107.3452,20.8413],[107.3399,20.8516],[107.3349,20.8543],[107.3333,20.8499],[107.3346,20.8495],[107.3362,20.844],[107.3378,20.8422],[107.3375,20.8399],[107.3388,20.8355],[107.3419,20.8319],[107.3424,20.8297],[107.3404,20.8267],[107.3419,20.8188],[107.3431,20.8155],[107.3422,20.8132],[107.3439,20.8041],[107.3466,20.8034],[107.3493,20.8077],[107.3569,20.8075],[107.3677,20.8061],[107.3711,20.8039],[107.372,20.8019],[107.3773,20.7981],[107.3794,20.7939],[107.3836,20.795],[107.3843,20.7981],[107.3817,20.7998],[107.3801,20.809],[107.3805,20.8115],[107.3795,20.8148],[107.3817,20.8195],[107.3802,20.8213],[107.38,20.8239],[107.383,20.8267],[107.3834,20.8284],[107.3805,20.8296],[107.3787,20.8239],[107.3758,20.824],[107.3742,20.8256],[107.3715,20.824],[107.3684,20.8246],[107.3625,20.8279],[107.3617,20.8298],[107.3585,20.8304],[107.3573,20.8347],[107.3545,20.837],[107.3519,20.8367],[107.351,20.8315],[107.3516,20.8272],[107.3508,20.8251]]],[[[107.3465,20.851],[107.3437,20.8552],[107.3425,20.8551],[107.3424,20.8496],[107.3439,20.8469],[107.3465,20.851]]],[[[107.4138,20.8488],[107.4153,20.8499],[107.4145,20.8558],[107.411,20.8526],[107.4108,20.8504],[107.4138,20.8488]]],[[[107.468,20.8645],[107.468,20.8673],[107.4646,20.8714],[107.4636,20.8749],[107.4599,20.8748],[107.4591,20.873],[107.4623,20.8706],[107.4647,20.8662],[107.468,20.8645]]],[[[107.3356,20.894],[107.3315,20.8957],[107.329,20.8938],[107.3291,20.89],[107.3307,20.8851],[107.3295,20.8791],[107.3315,20.8759],[107.3357,20.8718],[107.3373,20.872],[107.3379,20.8758],[107.3374,20.8814],[107.3394,20.8876],[107.3407,20.8877],[107.3419,20.88],[107.3443,20.8748],[107.3451,20.87],[107.3495,20.8619],[107.3529,20.8614],[107.3565,20.8592],[107.3571,20.8624],[107.362,20.8614],[107.3665,20.8583],[107.3699,20.8594],[107.3722,20.8589],[107.3759,20.8627],[107.3802,20.8637],[107.3801,20.8654],[107.3832,20.8674],[107.388,20.8644],[107.391,20.8642],[107.3898,20.8685],[107.3822,20.8728],[107.3756,20.8741],[107.3749,20.8776],[107.3772,20.8781],[107.3872,20.877],[107.3897,20.8784],[107.3934,20.8761],[107.3949,20.8791],[107.3927,20.8817],[107.3934,20.8849],[107.3886,20.8829],[107.3861,20.8858],[107.3872,20.8906],[107.3835,20.89],[107.3817,20.8853],[107.3786,20.8857],[107.3798,20.8884],[107.378,20.89],[107.3726,20.8915],[107.3697,20.8898],[107.364,20.8897],[107.3613,20.8879],[107.3574,20.8902],[107.3538,20.8913],[107.3526,20.8892],[107.3501,20.8883],[107.3509,20.8859],[107.3479,20.8842],[107.3455,20.8878],[107.3392,20.8907],[107.3374,20.894],[107.3356,20.894]]],[[[107.4651,20.8971],[107.4642,20.8953],[107.4666,20.8935],[107.4682,20.8903],[107.4699,20.8912],[107.4669,20.8971],[107.4651,20.8971]]],[[[107.3425,20.8958],[107.3411,20.9003],[107.3391,20.8999],[107.343,20.8915],[107.3476,20.8874],[107.3507,20.8892],[107.3497,20.8918],[107.3527,20.8918],[107.3542,20.8949],[107.3528,20.8962],[107.3479,20.8942],[107.3485,20.8986],[107.3459,20.8988],[107.3425,20.8958]]],[[[107.3733,20.9001],[107.3702,20.9021],[107.3638,20.9009],[107.3655,20.8984],[107.3697,20.8989],[107.3741,20.8972],[107.3733,20.9001]]],[[[107.4465,20.9024],[107.4456,20.905],[107.4425,20.9054],[107.4373,20.9023],[107.4307,20.8989],[107.424,20.8965],[107.4215,20.8929],[107.4179,20.8941],[107.4178,20.8919],[107.422,20.8897],[107.4237,20.8914],[107.4287,20.884],[107.4324,20.8846],[107.4348,20.8872],[107.4394,20.8876],[107.4443,20.8927],[107.447,20.892],[107.4495,20.8959],[107.4524,20.898],[107.4522,20.8999],[107.4459,20.9003],[107.4465,20.9024]]],[[[107.2972,20.9043],[107.2923,20.9075],[107.2921,20.905],[107.2944,20.9032],[107.2986,20.8934],[107.3025,20.8904],[107.3052,20.8861],[107.3079,20.8849],[107.3101,20.8808],[107.3166,20.8752],[107.3218,20.8717],[107.3244,20.8732],[107.3241,20.8762],[107.3213,20.8781],[107.3194,20.8809],[107.316,20.8836],[107.311,20.8905],[107.3088,20.8946],[107.3036,20.9002],[107.301,20.901],[107.2972,20.9043]]],[[[107.3123,20.9144],[107.3084,20.9125],[107.3098,20.911],[107.3063,20.9079],[107.3086,20.9068],[107.3091,20.9025],[107.3102,20.9008],[107.3081,20.8977],[107.3158,20.8854],[107.3185,20.8837],[107.3209,20.8843],[107.324,20.883],[107.3235,20.8863],[107.3213,20.8876],[107.3194,20.8905],[107.3202,20.8925],[107.3187,20.8965],[107.3194,20.9009],[107.3123,20.9144]]],[[[107.3728,20.9164],[107.3696,20.9173],[107.368,20.9163],[107.3642,20.9164],[107.3641,20.914],[107.3706,20.9133],[107.3728,20.9164]]],[[[107.3074,20.9201],[107.3068,20.9174],[107.3102,20.9149],[107.3108,20.9181],[107.3074,20.9201]]],[[[107.3185,20.9282],[107.3147,20.9272],[107.3105,20.9231],[107.3149,20.9231],[107.3187,20.9221],[107.321,20.9199],[107.326,20.9182],[107.332,20.9177],[107.3401,20.9139],[107.349,20.9146],[107.3492,20.9164],[107.3458,20.9188],[107.3441,20.9214],[107.3331,20.9242],[107.3197,20.9282],[107.3185,20.9282]]],[[[107.3943,20.9429],[107.3912,20.9407],[107.392,20.9379],[107.3953,20.9368],[107.3943,20.9429]]],[[[107.3337,20.9494],[107.3281,20.9495],[107.3284,20.948],[107.3337,20.9494]]],[[[107.391,20.9489],[107.3895,20.9464],[107.3853,20.9467],[107.3831,20.9449],[107.382,20.9416],[107.3821,20.9385],[107.3855,20.9412],[107.3886,20.9413],[107.3919,20.944],[107.3927,20.9479],[107.391,20.9489]]],[[[107.3834,20.9591],[107.384,20.9617],[107.3865,20.965],[107.3855,20.9659],[107.3824,20.9617],[107.38,20.9607],[107.3769,20.9611],[107.3747,20.9599],[107.3713,20.956],[107.367,20.9484],[107.357,20.9439],[107.352,20.9412],[107.3482,20.9421],[107.3474,20.9383],[107.3426,20.9354],[107.3439,20.9395],[107.3403,20.9392],[107.339,20.9403],[107.3399,20.9434],[107.338,20.9441],[107.3278,20.9432],[107.3214,20.9404],[107.3167,20.94],[107.3178,20.938],[107.315,20.9368],[107.3139,20.9392],[107.3168,20.9415],[107.3135,20.9427],[107.311,20.9404],[107.3103,20.9367],[107.3116,20.9345],[107.3179,20.9314],[107.326,20.9291],[107.331,20.9284],[107.3358,20.9286],[107.3369,20.9262],[107.3435,20.9251],[107.3494,20.925],[107.3528,20.9258],[107.3616,20.9295],[107.3654,20.9317],[107.369,20.9346],[107.3727,20.9403],[107.3766,20.9425],[107.3799,20.9456],[107.3843,20.9507],[107.3853,20.9549],[107.3892,20.9592],[107.3902,20.9619],[107.3834,20.9591]]],[[[107.4351,20.9653],[107.4325,20.9662],[107.4293,20.963],[107.4314,20.9619],[107.4351,20.9653]]],[[[107.558,20.9686],[107.5559,20.9687],[107.5508,20.9637],[107.5485,20.9587],[107.5444,20.9532],[107.5365,20.9438],[107.5342,20.9388],[107.5343,20.9343],[107.5324,20.9288],[107.5305,20.926],[107.5268,20.9244],[107.5242,20.9205],[107.5217,20.9189],[107.5193,20.9149],[107.5128,20.914],[107.5102,20.9122],[107.5051,20.9116],[107.504,20.9094],[107.4995,20.9069],[107.4951,20.9067],[107.491,20.9017],[107.4868,20.9023],[107.4828,20.9016],[107.4799,20.8996],[107.4776,20.8953],[107.4824,20.8958],[107.4857,20.8968],[107.4906,20.8965],[107.4965,20.8948],[107.5005,20.8965],[107.5028,20.8938],[107.5078,20.8976],[107.5098,20.9004],[107.514,20.9041],[107.513,20.8987],[107.5141,20.8937],[107.5119,20.8896],[107.4943,20.8865],[107.4888,20.8882],[107.4851,20.8881],[107.4824,20.889],[107.4792,20.8889],[107.4761,20.887],[107.4747,20.8841],[107.4757,20.8805],[107.4779,20.8791],[107.4839,20.8775],[107.489,20.8748],[107.4897,20.8726],[107.4881,20.8691],[107.4884,20.8635],[107.4838,20.863],[107.4822,20.8584],[107.4841,20.8513],[107.4839,20.8495],[107.4808,20.8442],[107.4793,20.8388],[107.4768,20.8356],[107.4757,20.8322],[107.4736,20.8318],[107.4728,20.8281],[107.4708,20.8235],[107.4718,20.8199],[107.4692,20.819],[107.4715,20.8142],[107.4755,20.8171],[107.4769,20.8164],[107.4798,20.8187],[107.4842,20.8288],[107.4845,20.8316],[107.4905,20.8413],[107.4921,20.8448],[107.4934,20.8533],[107.4927,20.8585],[107.4961,20.8645],[107.5035,20.8727],[107.5051,20.8756],[107.5153,20.8808],[107.5184,20.8832],[107.5187,20.8868],[107.5202,20.8905],[107.5211,20.8969],[107.5248,20.9029],[107.527,20.905],[107.5322,20.9079],[107.5349,20.9118],[107.5376,20.9132],[107.5389,20.9167],[107.5439,20.922],[107.5515,20.926],[107.5571,20.9314],[107.5606,20.9335],[107.5581,20.9353],[107.5576,20.9391],[107.559,20.9417],[107.5543,20.9423],[107.5521,20.9457],[107.5521,20.95],[107.5535,20.9566],[107.5556,20.9605],[107.5594,20.9639],[107.5602,20.9672],[107.558,20.9686]]],[[[107.4517,20.9691],[107.4497,20.9693],[107.4442,20.9657],[107.4411,20.9624],[107.4386,20.9616],[107.4341,20.9579],[107.4335,20.9564],[107.4275,20.9497],[107.4267,20.9464],[107.422,20.9436],[107.4167,20.9329],[107.4159,20.93],[107.4131,20.925],[107.4092,20.9234],[107.4054,20.9198],[107.3948,20.9162],[107.3899,20.9165],[107.3854,20.916],[107.3801,20.9133],[107.3751,20.9125],[107.3687,20.9092],[107.3656,20.909],[107.3581,20.9074],[107.3521,20.9056],[107.3447,20.9059],[107.3525,20.9025],[107.3547,20.9006],[107.3586,20.9016],[107.3654,20.9018],[107.3728,20.9034],[107.3781,20.9051],[107.3854,20.9066],[107.3909,20.91],[107.3952,20.9112],[107.4002,20.9157],[107.4026,20.9154],[107.4032,20.9133],[107.4065,20.9146],[107.414,20.9191],[107.4196,20.9198],[107.4223,20.9221],[107.4222,20.9249],[107.4251,20.926],[107.4303,20.9298],[107.4327,20.9332],[107.4371,20.9369],[107.4409,20.9382],[107.4427,20.9411],[107.4475,20.9448],[107.449,20.9494],[107.4512,20.9534],[107.4505,20.9568],[107.4531,20.961],[107.4531,20.9644],[107.4545,20.9666],[107.4538,20.9692],[107.4517,20.9691]]],[[[107.4764,20.9774],[107.4704,20.9751],[107.4676,20.9687],[107.4669,20.9654],[107.4638,20.9653],[107.4648,20.9612],[107.462,20.9613],[107.4611,20.9578],[107.4581,20.9551],[107.458,20.9488],[107.4569,20.9463],[107.4539,20.9447],[107.4508,20.9404],[107.447,20.9366],[107.4446,20.9355],[107.4431,20.9329],[107.4457,20.9321],[107.4494,20.9335],[107.4533,20.9386],[107.4579,20.9408],[107.461,20.9452],[107.4647,20.9466],[107.472,20.9535],[107.4747,20.9588],[107.4764,20.9603],[107.4791,20.9661],[107.4808,20.9666],[107.4802,20.9752],[107.4764,20.9774]]],[[[107.4066,20.9779],[107.4031,20.9799],[107.4017,20.9777],[107.4049,20.9762],[107.4066,20.9779]]],[[[107.4422,20.9796],[107.4404,20.9777],[107.4415,20.9759],[107.4442,20.9763],[107.4422,20.9796]]],[[[107.4724,20.9829],[107.4701,20.9801],[107.473,20.9782],[107.4748,20.9812],[107.4724,20.9829]]],[[[107.3825,21.0072],[107.3793,21.0046],[107.3833,21.002],[107.3847,21.0044],[107.3825,21.0072]]],[[[107.4583,21.0169],[107.4544,21.0131],[107.4562,21.0112],[107.4598,21.0148],[107.4583,21.0169]]],[[[107.4523,21.0241],[107.4482,21.0221],[107.4497,21.0192],[107.4523,21.0241]]],[[[107.4459,21.0266],[107.4444,21.0279],[107.4422,21.0256],[107.4442,21.0244],[107.444,21.0215],[107.4406,21.0196],[107.4408,21.0171],[107.4355,21.0151],[107.4338,21.0118],[107.4376,21.011],[107.441,21.0113],[107.4407,21.0134],[107.4434,21.0147],[107.4439,21.0185],[107.4466,21.0241],[107.4459,21.0266]]],[[[107.5403,21.0345],[107.5416,21.0312],[107.5407,21.0283],[107.5381,21.0303],[107.5385,21.0249],[107.5438,21.0273],[107.5449,21.0298],[107.544,21.0323],[107.5403,21.0345]]],[[[107.4239,21.035],[107.4233,21.0312],[107.4285,21.034],[107.4239,21.035]]],[[[107.5003,21.0392],[107.4967,21.0389],[107.498,21.0364],[107.5003,21.0392]]],[[[107.4893,21.0406],[107.4872,21.0377],[107.49,21.0369],[107.4893,21.0406]]],[[[107.4989,21.0426],[107.4941,21.042],[107.4952,21.0397],[107.4989,21.0426]]],[[[107.5464,21.041],[107.5421,21.0392],[107.542,21.0352],[107.5453,21.033],[107.5467,21.0336],[107.5455,21.0372],[107.5464,21.041]]],[[[107.5589,21.0345],[107.5596,21.0404],[107.5589,21.0427],[107.5558,21.0426],[107.557,21.0388],[107.5548,21.0333],[107.554,21.0292],[107.5557,21.0286],[107.5566,21.033],[107.5589,21.0345]]],[[[107.5531,21.0406],[107.5523,21.0443],[107.5508,21.0447],[107.55,21.0408],[107.5503,21.0363],[107.552,21.0324],[107.55,21.0289],[107.5456,21.0249],[107.5445,21.0221],[107.5424,21.02],[107.5403,21.0151],[107.5381,21.0123],[107.5351,21.0102],[107.5338,21.0156],[107.5334,21.0213],[107.5359,21.0252],[107.5368,21.0292],[107.5357,21.0324],[107.5367,21.035],[107.5351,21.0403],[107.5322,21.0367],[107.5279,21.0295],[107.5257,21.029],[107.5223,21.0229],[107.5195,21.0236],[107.5146,21.0158],[107.5156,21.0126],[107.5129,21.0072],[107.5107,21.0062],[107.5105,21.0011],[107.508,21.0019],[107.5077,21.0091],[107.5101,21.0109],[107.511,21.0168],[107.5078,21.0159],[107.5053,21.0118],[107.5033,21.0103],[107.4985,21.003],[107.4978,21.0007],[107.4942,20.9961],[107.4914,20.9942],[107.49,20.9879],[107.4858,20.9882],[107.4866,20.9815],[107.4821,20.983],[107.4796,20.9856],[107.478,20.9824],[107.4797,20.9817],[107.4826,20.974],[107.4856,20.9758],[107.4874,20.98],[107.4919,20.9799],[107.4923,20.9763],[107.4891,20.9739],[107.4891,20.9669],[107.4876,20.9574],[107.4859,20.9605],[107.483,20.959],[107.4818,20.9544],[107.4783,20.9497],[107.4755,20.9481],[107.4747,20.9459],[107.4715,20.946],[107.4702,20.944],[107.4658,20.9418],[107.4645,20.939],[107.462,20.939],[107.4565,20.936],[107.4526,20.9319],[107.4453,20.9284],[107.4414,20.9245],[107.4391,20.9242],[107.4375,20.9218],[107.4331,20.921],[107.4345,20.9175],[107.4325,20.9164],[107.4213,20.9156],[107.4193,20.9149],[107.4184,20.9118],[107.4161,20.9087],[107.4126,20.9074],[107.4066,20.9036],[107.3998,20.902],[107.3983,20.9026],[107.3944,20.9012],[107.3952,20.8984],[107.3952,20.8906],[107.3982,20.8911],[107.4011,20.8933],[107.4065,20.8935],[107.4068,20.8968],[107.4094,20.9002],[107.4168,20.9036],[107.423,20.9047],[107.4281,20.9065],[107.4334,20.9103],[107.4364,20.9106],[107.443,20.9126],[107.4461,20.9129],[107.453,20.9163],[107.4585,20.9168],[107.4604,20.9139],[107.4607,20.9113],[107.4538,20.9093],[107.4502,20.9065],[107.4539,20.906],[107.4585,20.9077],[107.4596,20.9058],[107.4621,20.9058],[107.4663,20.9077],[107.4672,20.9092],[107.473,20.9102],[107.476,20.9131],[107.4798,20.9122],[107.482,20.9107],[107.4833,20.9162],[107.4864,20.9143],[107.4902,20.9137],[107.4918,20.9149],[107.4975,20.9167],[107.4993,20.9164],[107.5051,20.9183],[107.5088,20.9219],[107.5121,20.9197],[107.5152,20.9209],[107.5183,20.9246],[107.5185,20.9263],[107.5227,20.9307],[107.5218,20.9351],[107.5266,20.9402],[107.5268,20.9457],[107.5285,20.9473],[107.5284,20.95],[107.5301,20.9533],[107.5322,20.9546],[107.5314,20.9577],[107.5343,20.9608],[107.5343,20.9654],[107.5371,20.9691],[107.5347,20.9712],[107.539,20.9749],[107.5388,20.9781],[107.5414,20.9806],[107.5442,20.982],[107.5456,20.9852],[107.5505,20.9842],[107.5517,20.9861],[107.5479,20.9879],[107.5494,20.9922],[107.5517,20.9944],[107.5479,20.9951],[107.5447,21.0009],[107.5429,21.0014],[107.5452,21.0099],[107.5443,21.0121],[107.5453,21.0147],[107.545,21.0192],[107.5476,21.022],[107.5522,21.0245],[107.551,21.0277],[107.5542,21.032],[107.5559,21.0398],[107.5531,21.0406]]],[[[107.444,21.0495],[107.4398,21.0439],[107.4447,21.0454],[107.4457,21.0478],[107.444,21.0495]]],[[[107.5279,21.0484],[107.5262,21.052],[107.5229,21.0486],[107.5279,21.0484]]],[[[107.3727,21.0343],[107.3745,21.0369],[107.3743,21.0414],[107.3767,21.045],[107.3771,21.0523],[107.3743,21.0557],[107.3725,21.0543],[107.3707,21.0508],[107.3705,21.0439],[107.3689,21.0402],[107.3688,21.0375],[107.3709,21.0345],[107.3727,21.0343]]],[[[107.541,21.0566],[107.5377,21.0575],[107.5378,21.054],[107.5406,21.0541],[107.541,21.0566]]],[[[107.4922,21.0669],[107.4883,21.0655],[107.4878,21.0627],[107.4923,21.0639],[107.4922,21.0669]]],[[[107.5163,21.0664],[107.5126,21.0657],[107.5134,21.0628],[107.5155,21.0618],[107.5173,21.0647],[107.5163,21.0664]]],[[[107.5731,21.0682],[107.5704,21.0669],[107.5718,21.0631],[107.5756,21.0624],[107.5747,21.0667],[107.5731,21.0682]]],[[[107.4457,21.0657],[107.4463,21.0685],[107.4417,21.0666],[107.4418,21.0642],[107.4457,21.0657]]],[[[107.557,21.0699],[107.5483,21.0594],[107.5556,21.0559],[107.5502,21.0532],[107.5534,21.052],[107.5559,21.0498],[107.5575,21.0504],[107.5593,21.0551],[107.5565,21.0577],[107.5572,21.0618],[107.5564,21.0638],[107.557,21.0699]]],[[[107.5268,21.0724],[107.5274,21.0702],[107.5254,21.0653],[107.5234,21.0648],[107.5204,21.0619],[107.5188,21.0565],[107.516,21.0569],[107.5079,21.054],[107.5081,21.0515],[107.5038,21.0514],[107.5016,21.0489],[107.4992,21.0481],[107.4996,21.0442],[107.5026,21.0411],[107.505,21.0426],[107.5053,21.0452],[107.5081,21.0462],[107.5093,21.0505],[107.5136,21.0487],[107.5145,21.0462],[107.5228,21.0508],[107.5246,21.0558],[107.5297,21.0545],[107.5285,21.0589],[107.5312,21.0581],[107.535,21.0595],[107.5365,21.0614],[107.535,21.0655],[107.5304,21.0659],[107.5297,21.0689],[107.5304,21.0718],[107.5268,21.0724]]],[[[107.5089,21.0754],[107.5046,21.0747],[107.5043,21.0726],[107.5006,21.0735],[107.4976,21.0721],[107.4989,21.0685],[107.5033,21.0672],[107.507,21.0707],[107.5111,21.0714],[107.5154,21.0699],[107.515,21.0734],[107.5089,21.0754]]],[[[107.5768,21.0829],[107.5739,21.0826],[107.572,21.08],[107.5745,21.0761],[107.576,21.0772],[107.5768,21.0829]]],[[[107.493,21.0899],[107.4929,21.0866],[107.4958,21.0882],[107.493,21.0899]]],[[[107.5852,21.0906],[107.5822,21.0906],[107.5814,21.0858],[107.5835,21.0841],[107.5851,21.088],[107.5852,21.0906]]],[[[107.5878,21.1015],[107.5844,21.0991],[107.5849,21.0967],[107.5878,21.0981],[107.5878,21.1015]]],[[[107.6197,21.0975],[107.622,21.1027],[107.6223,21.1058],[107.6239,21.1082],[107.6287,21.1178],[107.6299,21.1188],[107.6316,21.1246],[107.6289,21.1241],[107.6275,21.1211],[107.6206,21.1146],[107.6161,21.107],[107.617,21.1052],[107.613,21.1012],[107.6114,21.0978],[107.6096,21.0978],[107.606,21.0925],[107.6026,21.0888],[107.5991,21.0875],[107.598,21.0847],[107.5926,21.0775],[107.59,21.076],[107.5878,21.0721],[107.5861,21.0631],[107.5863,21.0583],[107.5874,21.0566],[107.5867,21.0496],[107.5845,21.0475],[107.5837,21.0396],[107.5894,21.0424],[107.5917,21.0413],[107.5908,21.0383],[107.586,21.0319],[107.5835,21.0315],[107.5809,21.0266],[107.578,21.0289],[107.5735,21.0208],[107.5718,21.0144],[107.5718,21.0096],[107.5702,21.0058],[107.5672,21.0024],[107.5652,20.9989],[107.5673,20.9963],[107.5671,20.9939],[107.5694,20.9932],[107.5723,20.995],[107.573,20.9922],[107.575,20.9905],[107.5735,20.9869],[107.5697,20.9833],[107.5648,20.9836],[107.5633,20.98],[107.5627,20.9706],[107.5655,20.9701],[107.5699,20.9722],[107.5754,20.977],[107.577,20.9796],[107.5781,20.987],[107.5813,20.9921],[107.583,21.0003],[107.5852,21.0023],[107.5847,21.006],[107.5871,21.0114],[107.5867,21.0153],[107.5883,21.0228],[107.5909,21.0271],[107.5972,21.0304],[107.6,21.039],[107.5999,21.0466],[107.5993,21.0486],[107.6036,21.0532],[107.608,21.0601],[107.6107,21.0675],[107.6105,21.0733],[107.6145,21.0815],[107.6157,21.0831],[107.6158,21.089],[107.6197,21.0975]]],[[[107.5803,21.1205],[107.5777,21.1188],[107.5708,21.1173],[107.567,21.1149],[107.5659,21.1125],[107.5631,21.1115],[107.559,21.1132],[107.5556,21.1138],[107.5563,21.1188],[107.5537,21.1179],[107.5501,21.1149],[107.5459,21.1076],[107.5464,21.1055],[107.5449,21.1021],[107.5453,21.0995],[107.544,21.0979],[107.5398,21.0975],[107.5404,21.0957],[107.5368,21.0949],[107.5386,21.0924],[107.5396,21.0888],[107.5333,21.0885],[107.5308,21.0878],[107.5281,21.0829],[107.5293,21.0798],[107.5264,21.0777],[107.5315,21.0766],[107.5344,21.0774],[107.5367,21.0764],[107.5359,21.0729],[107.5363,21.0694],[107.5393,21.0646],[107.5432,21.0674],[107.5459,21.0683],[107.5459,21.071],[107.5493,21.0708],[107.5512,21.073],[107.5582,21.0742],[107.5604,21.0762],[107.5603,21.0784],[107.5627,21.0821],[107.5605,21.0845],[107.5581,21.0853],[107.5555,21.0839],[107.5432,21.086],[107.5431,21.0878],[107.551,21.0869],[107.5585,21.0878],[107.5633,21.0843],[107.5663,21.0839],[107.567,21.0822],[107.5708,21.084],[107.571,21.0881],[107.5769,21.0989],[107.5786,21.1033],[107.5752,21.1046],[107.5748,21.1062],[107.5812,21.1099],[107.5796,21.1134],[107.5807,21.1182],[107.5803,21.1205]]],[[[107.5818,21.1338],[107.5829,21.1361],[107.5804,21.1388],[107.5768,21.1379],[107.572,21.1338],[107.5688,21.135],[107.5689,21.1372],[107.5665,21.138],[107.5615,21.1347],[107.5622,21.132],[107.5597,21.1296],[107.5561,21.1279],[107.5559,21.1225],[107.5571,21.1206],[107.5603,21.1191],[107.5644,21.1183],[107.5719,21.125],[107.5772,21.1272],[107.5785,21.1307],[107.5818,21.1338]]],[[[107.6437,21.1323],[107.6454,21.1335],[107.6506,21.1408],[107.6455,21.1397],[107.6437,21.1372],[107.6427,21.1331],[107.6437,21.1323]]],[[[107.5899,21.1517],[107.5846,21.1526],[107.5809,21.1484],[107.5822,21.1444],[107.5846,21.1432],[107.5858,21.1451],[107.5861,21.1495],[107.5899,21.1517]]],[[[107.6794,21.2153],[107.6773,21.2152],[107.6735,21.2104],[107.6702,21.2083],[107.6697,21.2043],[107.6654,21.1955],[107.6623,21.1901],[107.6628,21.1858],[107.6591,21.1786],[107.6579,21.173],[107.6589,21.1658],[107.6578,21.1602],[107.6563,21.1584],[107.6558,21.1532],[107.6543,21.1482],[107.655,21.1466],[107.6541,21.1409],[107.6561,21.1386],[107.6594,21.1397],[107.664,21.1436],[107.6654,21.1459],[107.6657,21.1506],[107.6639,21.1578],[107.6637,21.1612],[107.6665,21.172],[107.6684,21.1775],[107.6718,21.1835],[107.6721,21.19],[107.6738,21.197],[107.675,21.2046],[107.6808,21.2107],[107.6822,21.2139],[107.6794,21.2153]]],[[[107.6907,21.2259],[107.6947,21.2306],[107.6957,21.2329],[107.6941,21.2346],[107.6916,21.2329],[107.6897,21.2298],[107.6895,21.2275],[107.6866,21.2259],[107.6849,21.2224],[107.6907,21.2259]]],[[[107.3667,21.0772],[107.3666,21.0723],[107.3701,21.0677],[107.3754,21.0637],[107.3796,21.0586],[107.3809,21.0551],[107.3789,21.0457],[107.3796,21.0404],[107.3807,21.0392],[107.3894,21.0391],[107.3933,21.0394],[107.4045,21.0475],[107.4062,21.0506],[107.41,21.0524],[107.4175,21.059],[107.4219,21.0596],[107.4248,21.059],[107.4272,21.0601],[107.4289,21.0635],[107.4246,21.0673],[107.4258,21.0697],[107.4333,21.0712],[107.4363,21.0696],[107.441,21.0724],[107.4398,21.0775],[107.4428,21.0806],[107.4468,21.081],[107.4498,21.0789],[107.4549,21.082],[107.4576,21.0845],[107.4606,21.0888],[107.4725,21.0961],[107.4839,21.1043],[107.4864,21.1101],[107.5016,21.1196],[107.5106,21.1259],[107.5311,21.1381],[107.5354,21.1417],[107.5455,21.1494],[107.5569,21.1571],[107.5836,21.1822],[107.5913,21.1901],[107.5937,21.1941],[107.5964,21.201],[107.603,21.2052],[107.6062,21.21],[107.6087,21.2164],[107.6082,21.2202],[107.6037,21.2204],[107.5948,21.2192],[107.5922,21.2177],[107.5894,21.2143],[107.5825,21.2087],[107.5796,21.207],[107.5632,21.2035],[107.551,21.1991],[107.5441,21.1984],[107.54,21.1991],[107.5363,21.2011],[107.5323,21.2076],[107.5303,21.2138],[107.5248,21.2242],[107.5143,21.2339],[107.5011,21.2446],[107.4908,21.2541],[107.483,21.2606],[107.4797,21.2645],[107.4732,21.2711],[107.466,21.2739],[107.4604,21.2754],[107.4559,21.2755],[107.4544,21.2745],[107.4519,21.2629],[107.451,21.2473],[107.4496,21.2408],[107.4498,21.2328],[107.4542,21.2245],[107.4603,21.2173],[107.4623,21.2112],[107.4614,21.2089],[107.4559,21.2087],[107.4551,21.2057],[107.458,21.2033],[107.4636,21.2021],[107.466,21.1976],[107.4718,21.1952],[107.4734,21.1918],[107.4746,21.1849],[107.4733,21.1816],[107.4689,21.1816],[107.465,21.1861],[107.4625,21.1862],[107.4604,21.1843],[107.4577,21.1847],[107.4533,21.1869],[107.4422,21.1855],[107.4415,21.1842],[107.4426,21.1807],[107.4461,21.1795],[107.4485,21.1752],[107.4486,21.1727],[107.4452,21.1648],[107.4396,21.1652],[107.4332,21.1738],[107.428,21.1755],[107.4233,21.1738],[107.4209,21.1717],[107.4184,21.1679],[107.4183,21.1651],[107.4217,21.1597],[107.4248,21.1565],[107.4276,21.1568],[107.4302,21.1605],[107.4326,21.1593],[107.4339,21.1554],[107.4378,21.154],[107.4378,21.15],[107.4356,21.1483],[107.4273,21.1474],[107.422,21.1431],[107.4188,21.1372],[107.413,21.1251],[107.4063,21.1178],[107.3968,21.1033],[107.3919,21.0985],[107.3841,21.0962],[107.3805,21.0934],[107.3835,21.0881],[107.381,21.084],[107.376,21.0809],[107.3669,21.0774],[107.3667,21.0772]]]]},"properties":{"ma_xa":"06994","ten_xa":"Vân Đồn","sap_nhap":"Cái Rồng (thị trấn), Bản Sen, Bình Dân, Đài Xuyên, Đoàn Kết, Đông Xá, Hạ Long, Minh Châu, Ngọc Vừng, Quan Lạn, Thắng Lợi, Vạn Yên","tru_so":"đang cập nhật","loai":"Đặc khu","cap":2,"stt":52,"dtich_km2":583.92,"dan_so":53904,"matdo_km2":92.31,"ma_tinh":"22","ten_tinh":"Quảng Ninh"}},
{"type":"Feature","geometry":{"type":"Polygon","coordinates":[[[106.8335,21.1529],[106.8283,21.1544],[106.8238,21.1549],[106.8193,21.1566],[106.8123,21.154],[106.8081,21.1549],[106.8045,21.1547],[106.7973,21.1503],[106.7944,21.1491],[106.7916,21.1493],[106.7847,21.1515],[106.774,21.1519],[106.7692,21.1526],[106.7725,21.1365],[106.773,21.1287],[106.7766,21.1255],[106.7773,21.1218],[106.783,21.1208],[106.7845,21.1166],[106.7846,21.1133],[106.7885,21.1099],[106.7889,21.1081],[106.787,21.1051],[106.7835,21.1049],[106.7842,21.0957],[106.783,21.0929],[106.7722,21.0839],[106.7713,21.0807],[106.7764,21.0767],[106.7795,21.0754],[106.7813,21.076],[106.7757,21.0465],[106.7771,21.043],[106.7813,21.0437],[106.7849,21.0348],[106.7849,21.0316],[106.7866,21.026],[106.7896,21.0265],[106.7947,21.0231],[106.7958,21.0195],[106.7998,21.0168],[106.8071,21.0143],[106.8094,21.0127],[106.8132,21.0123],[106.8154,21.0136],[106.8195,21.0114],[106.8217,21.0135],[106.8235,21.0125],[106.8282,21.0152],[106.8299,21.0143],[106.8311,21.019],[106.8329,21.0201],[106.8344,21.0257],[106.8368,21.0312],[106.8395,21.0345],[106.8446,21.0357],[106.8439,21.0366],[106.8446,21.0442],[106.8429,21.0479],[106.8432,21.0512],[106.8466,21.0532],[106.847,21.0563],[106.849,21.0582],[106.8438,21.0612],[106.8413,21.0665],[106.8366,21.0684],[106.8341,21.0708],[106.8313,21.0715],[106.8288,21.0747],[106.8298,21.0779],[106.8326,21.0818],[106.8359,21.0851],[106.8362,21.0907],[106.84,21.0937],[106.839,21.0958],[106.8352,21.0985],[106.8333,21.1094],[106.8386,21.1122],[106.8438,21.1133],[106.8408,21.1167],[106.8425,21.1196],[106.8438,21.125],[106.8461,21.1284],[106.8447,21.131],[106.8442,21.136],[106.8408,21.1386],[106.8406,21.1446],[106.8395,21.1487],[106.8349,21.1509],[106.8335,21.1529]]]},"properties":{"ma_xa":"06820","ten_xa":"Vàng Danh","sap_nhap":"Bắc Sơn, Nam Khê, Vàng Danh, Trưng Vương (1 phần)","tru_so":"đang cập nhật","loai":"Phường","cap":2,"stt":7,"dtich_km2":93.77,"dan_so":36864,"matdo_km2":393.13,"ma_tinh":"22","ten_tinh":"Quảng Ninh"}},
{"type":"Feature","geometry":{"type":"Polygon","coordinates":[[[107.0341,20.9904],[107.0295,20.9914],[107.018,20.9907],[107.0117,20.9918],[107.0094,20.9936],[107.0057,20.9982],[107.0083,21.0004],[107.0063,21.0034],[107.0026,21.0069],[106.9997,21.0114],[106.9835,21.0144],[106.9777,21.0218],[106.9736,21.0223],[106.9688,21.0266],[106.9643,21.0216],[106.9633,21.0186],[106.96,21.0164],[106.9551,21.016],[106.9482,21.017],[106.9412,21.0148],[106.9459,21.0091],[106.9449,21.0002],[106.9368,20.991],[106.9399,20.99],[106.9411,20.9875],[106.9406,20.9816],[106.9392,20.9797],[106.9501,20.9781],[106.9521,20.9763],[106.9548,20.9718],[106.9553,20.9624],[106.9539,20.9599],[106.9542,20.9506],[106.9592,20.9494],[106.9626,20.9493],[106.9641,20.9475],[106.9648,20.9468],[106.9685,20.9487],[106.9739,20.9486],[106.9738,20.9501],[106.9784,20.9499],[106.9794,20.9532],[106.9818,20.9546],[106.991,20.9622],[106.9929,20.9665],[106.9955,20.9684],[106.9973,20.9712],[107.0057,20.9722],[107.0125,20.9716],[107.0233,20.9763],[107.0268,20.9754],[107.0292,20.9727],[107.0341,20.9736],[107.0341,20.9904]]]},"properties":{"ma_xa":"06661","ten_xa":"Việt Hưng","sap_nhap":"Giếng Đáy, Việt Hưng, Hà Khẩu (1 phần)","tru_so":"đang cập nhật","loai":"Phường","cap":2,"stt":16,"dtich_km2":41.39,"dan_so":51787,"matdo_km2":1251.2,"ma_tinh":"22","ten_tinh":"Quảng Ninh"}},
{"type":"Feature","geometry":{"type":"Polygon","coordinates":[[[107.9934,21.3987],[107.9891,21.398],[107.9782,21.3972],[107.9727,21.3978],[107.9676,21.3972],[107.9655,21.3963],[107.9619,21.3967],[107.9565,21.3955],[107.951,21.393],[107.9476,21.3933],[107.9405,21.392],[107.9345,21.3902],[107.9314,21.3881],[107.9298,21.3884],[107.9174,21.3842],[107.9063,21.3826],[107.9057,21.3814],[107.8943,21.382],[107.8861,21.3836],[107.8816,21.3825],[107.8721,21.3818],[107.8695,21.3787],[107.8644,21.3794],[107.8577,21.3777],[107.8494,21.3749],[107.8399,21.3728],[107.8387,21.3703],[107.8321,21.3667],[107.8362,21.3642],[107.8416,21.3661],[107.8454,21.3703],[107.8489,21.3713],[107.8541,21.3688],[107.856,21.3723],[107.8584,21.3697],[107.8628,21.3697],[107.8683,21.3742],[107.8703,21.3731],[107.8736,21.3739],[107.8758,21.3728],[107.879,21.3749],[107.8833,21.3753],[107.8872,21.3743],[107.8903,21.3704],[107.8885,21.3659],[107.883,21.3679],[107.8785,21.3665],[107.8767,21.3622],[107.8682,21.3604],[107.8683,21.3568],[107.8608,21.3534],[107.8567,21.3508],[107.8523,21.3496],[107.8481,21.3475],[107.8461,21.3499],[107.8479,21.351],[107.8495,21.3543],[107.8525,21.3535],[107.8529,21.3558],[107.85,21.3579],[107.8487,21.3562],[107.849,21.3534],[107.8455,21.352],[107.842,21.3445],[107.8439,21.3428],[107.844,21.3406],[107.8462,21.3394],[107.8484,21.3401],[107.8609,21.3482],[107.8796,21.3567],[107.8912,21.3587],[107.8981,21.3584],[107.9039,21.3601],[107.91,21.357],[107.9173,21.3609],[107.9231,21.3624],[107.9292,21.362],[107.9299,21.3587],[107.9374,21.3562],[107.9433,21.3555],[107.9483,21.3567],[107.9515,21.3589],[107.9524,21.3627],[107.957,21.3687],[107.9673,21.3778],[107.9719,21.3799],[107.9757,21.3806],[107.9775,21.3829],[107.9843,21.3866],[107.9862,21.3887],[107.9913,21.391],[107.9934,21.3911],[107.9957,21.3892],[107.9994,21.3897],[107.9996,21.3943],[108.0055,21.3968],[108.0034,21.3984],[107.9996,21.397],[107.9934,21.3987]]]},"properties":{"ma_xa":"06757","ten_xa":"Vĩnh Thực","sap_nhap":"Vĩnh Trung, Vĩnh Thực","tru_so":"đang cập nhật","loai":"Xã","cap":2,"stt":48,"dtich_km2":49.11,"dan_so":5407,"matdo_km2":110.1,"ma_tinh":"22","ten_tinh":"Quảng Ninh"}},
{"type":"Feature","geometry":{"type":"Polygon","coordinates":[[[106.7692,21.1526],[106.7672,21.156],[106.7604,21.1564],[106.7573,21.1552],[106.7522,21.1565],[106.7444,21.1557],[106.7428,21.1573],[106.7389,21.1585],[106.7335,21.1615],[106.7242,21.1591],[106.7215,21.1595],[106.7178,21.1619],[106.7148,21.1608],[106.7085,21.1661],[106.7069,21.1682],[106.708,21.1649],[106.7053,21.1497],[106.7028,21.1449],[106.7001,21.1416],[106.6998,21.1365],[106.7008,21.1332],[106.6975,21.1326],[106.6978,21.1301],[106.695,21.1282],[106.6959,21.1261],[106.6926,21.1224],[106.6901,21.1179],[106.6942,21.1175],[106.6937,21.1143],[106.6934,21.1052],[106.6994,21.1033],[106.7021,21.0978],[106.7057,21.0956],[106.7069,21.0937],[106.7055,21.0919],[106.7085,21.0904],[106.7102,21.0898],[106.7185,21.0841],[106.7156,21.0808],[106.7163,21.0769],[106.7131,21.0755],[106.7122,21.0691],[106.71,21.0679],[106.7109,21.0627],[106.7101,21.0608],[106.7071,21.062],[106.7052,21.0602],[106.7041,21.0558],[106.7078,21.0544],[106.7071,21.0508],[106.7052,21.0478],[106.7074,21.0457],[106.7072,21.0427],[106.7097,21.038],[106.7073,21.035],[106.7053,21.0352],[106.7013,21.0312],[106.6942,21.0311],[106.6928,21.0328],[106.6882,21.0351],[106.6844,21.0359],[106.6804,21.0324],[106.6758,21.033],[106.6738,21.0265],[106.6741,21.024],[106.6699,21.0251],[106.6679,21.0242],[106.6646,21.0257],[106.6583,21.0234],[106.6565,21.0178],[106.6766,21.0101],[106.6861,21.0054],[106.6934,21.0036],[106.7067,20.9997],[106.7216,20.9971],[106.7256,20.9968],[106.7299,20.9982],[106.7347,21.0015],[106.7342,21.0041],[106.7356,21.007],[106.7368,21.0155],[106.735,21.0189],[106.7359,21.0225],[106.7402,21.0259],[106.7411,21.0297],[106.7401,21.0349],[106.741,21.0391],[106.7463,21.0415],[106.7468,21.0444],[106.7441,21.0467],[106.7446,21.0525],[106.7477,21.0535],[106.7447,21.0585],[106.7459,21.059],[106.7469,21.0632],[106.7496,21.0648],[106.7474,21.069],[106.7473,21.0709],[106.7432,21.077],[106.7422,21.0801],[106.744,21.0829],[106.747,21.08],[106.7523,21.0771],[106.7549,21.0765],[106.7632,21.0782],[106.7657,21.0776],[106.7713,21.0807],[106.7722,21.0839],[106.783,21.0929],[106.7842,21.0957],[106.7835,21.1049],[106.787,21.1051],[106.7889,21.1081],[106.7885,21.1099],[106.7846,21.1133],[106.7845,21.1166],[106.783,21.1208],[106.7773,21.1218],[106.7766,21.1255],[106.773,21.1287],[106.7725,21.1365],[106.7692,21.1526]]]},"properties":{"ma_xa":"06832","ten_xa":"Yên Tử","sap_nhap":"Phương Đông, Phương Nam, Thượng Yên Công","tru_so":"đang cập nhật","loai":"Phường","cap":2,"stt":6,"dtich_km2":113.23,"dan_so":38932,"matdo_km2":343.83,"ma_tinh":"22","ten_tinh":"Quảng Ninh"}}
]}