{"type":"FeatureCollection", "features": [
{"type":"Feature","geometry":{"type":"Polygon","coordinates":[[[106.8148,16.5569],[106.8088,16.5562],[106.8072,16.5544],[106.8011,16.5558],[106.7947,16.5549],[106.7938,16.5562],[106.7889,16.5561],[106.7859,16.5536],[106.78,16.5542],[106.7782,16.5564],[106.7741,16.5572],[106.771,16.5598],[106.7644,16.5621],[106.762,16.5607],[106.7596,16.5614],[106.7595,16.5559],[106.7621,16.5513],[106.7618,16.5495],[106.764,16.5453],[106.7639,16.5422],[106.7602,16.5404],[106.7561,16.5373],[106.7524,16.5373],[106.7512,16.5349],[106.7498,16.5276],[106.7467,16.5246],[106.7423,16.5268],[106.7322,16.5243],[106.73,16.5221],[106.7261,16.5136],[106.721,16.5111],[106.7176,16.5076],[106.7288,16.4893],[106.732,16.4787],[106.7363,16.475],[106.7375,16.4728],[106.737,16.4673],[106.7386,16.4631],[106.7433,16.4577],[106.7487,16.4534],[106.7472,16.4521],[106.743,16.4536],[106.7385,16.4524],[106.7351,16.4542],[106.7313,16.4585],[106.725,16.4623],[106.7219,16.4635],[106.7147,16.4581],[106.7065,16.4472],[106.7086,16.4446],[106.7089,16.4401],[106.7053,16.4352],[106.7105,16.4337],[106.7152,16.4332],[106.7201,16.4303],[106.7258,16.4252],[106.7297,16.4269],[106.73,16.4292],[106.7243,16.433],[106.7241,16.4347],[106.7263,16.4367],[106.7327,16.4399],[106.7352,16.439],[106.7362,16.4366],[106.7341,16.4253],[106.736,16.4207],[106.7383,16.4171],[106.7383,16.412],[106.74,16.4108],[106.7461,16.4172],[106.7453,16.4213],[106.7465,16.4242],[106.7572,16.4238],[106.7635,16.4252],[106.7718,16.4315],[106.7728,16.4385],[106.7753,16.4428],[106.7731,16.4474],[106.7728,16.4533],[106.7754,16.459],[106.774,16.4632],[106.7709,16.4659],[106.771,16.4678],[106.7754,16.4701],[106.7828,16.4709],[106.7859,16.4732],[106.7925,16.4733],[106.8021,16.4635],[106.8053,16.4706],[106.8056,16.4755],[106.8067,16.4779],[106.8105,16.482],[106.8142,16.4872],[106.8152,16.4929],[106.8167,16.4948],[106.8188,16.5009],[106.8192,16.5036],[106.8213,16.5078],[106.8231,16.5092],[106.8234,16.5127],[106.8258,16.5144],[106.828,16.5236],[106.8227,16.5292],[106.8245,16.533],[106.8283,16.5365],[106.8306,16.5409],[106.8299,16.5462],[106.8308,16.5489],[106.8148,16.5569]]]},"properties":{"ma_xa":"19483","ten_xa":"A Dơi","sap_nhap":"Ba Tầng, Xy, A Dơi","tru_so":"đang cập nhật","loai":"Xã","cap":2,"stt":60,"dtich_km2":112.41,"dan_so":11058,"matdo_km2":98.37,"ma_tinh":"44","ten_tinh":"Quảng Trị"}},
{"type":"Feature","geometry":{"type":"Polygon","coordinates":[[[107.1894,16.7884],[107.1868,16.7877],[107.1884,16.7846],[107.1871,16.7827],[107.1839,16.7817],[107.1797,16.7867],[107.1789,16.7927],[107.1814,16.7938],[107.1779,16.8003],[107.18,16.8065],[107.1837,16.8032],[107.1882,16.8011],[107.1914,16.8012],[107.1892,16.8075],[107.1844,16.8113],[107.1813,16.8099],[107.1794,16.8116],[107.1767,16.8093],[107.1758,16.8072],[107.1717,16.807],[107.1652,16.809],[107.166,16.813],[107.1619,16.8131],[107.1551,16.8109],[107.1518,16.808],[107.1487,16.8082],[107.1467,16.8069],[107.1477,16.8032],[107.1436,16.803],[107.1391,16.7993],[107.1335,16.798],[107.1317,16.7949],[107.1283,16.7925],[107.1264,16.7896],[107.1261,16.786],[107.1239,16.7816],[107.12,16.7777],[107.1143,16.7759],[107.1082,16.7726],[107.1046,16.7774],[107.099,16.776],[107.0969,16.778],[107.0934,16.7783],[107.0917,16.7814],[107.0893,16.7787],[107.0867,16.7797],[107.0818,16.7775],[107.0804,16.7738],[107.0787,16.7745],[107.0744,16.7736],[107.0715,16.7719],[107.0732,16.7702],[107.0721,16.7666],[107.0668,16.7648],[107.0653,16.7632],[107.0633,16.7621],[107.063,16.7542],[107.0589,16.7515],[107.0548,16.752],[107.0529,16.7469],[107.0494,16.7465],[107.0457,16.7436],[107.044,16.7454],[107.0406,16.7438],[107.0354,16.7456],[107.0335,16.7478],[107.0314,16.7469],[107.03,16.7517],[107.0273,16.7503],[107.0236,16.75],[107.0121,16.7505],[107.0148,16.7465],[107.0131,16.7431],[107.0127,16.7385],[107.0097,16.7374],[107.0038,16.7367],[107.0038,16.733],[107.0025,16.7289],[107.0046,16.7277],[107.0031,16.7249],[107.0028,16.7219],[107.0054,16.7193],[107.0028,16.7164],[107.0063,16.7105],[107.0051,16.7074],[107.0061,16.7052],[107.0044,16.7003],[107.0005,16.698],[107.0034,16.6959],[107.006,16.6971],[107.0101,16.6945],[107.0154,16.6936],[107.0164,16.6909],[107.0195,16.688],[107.0237,16.6865],[107.0302,16.6858],[107.0354,16.6843],[107.0421,16.6886],[107.0434,16.6881],[107.0475,16.6894],[107.053,16.6866],[107.0575,16.6853],[107.0582,16.6882],[107.057,16.691],[107.0617,16.6921],[107.0631,16.6938],[107.0621,16.6973],[107.0655,16.6998],[107.0656,16.7016],[107.068,16.7035],[107.0723,16.7037],[107.0743,16.702],[107.0764,16.704],[107.0784,16.7025],[107.0821,16.7039],[107.0852,16.7069],[107.0844,16.7102],[107.0873,16.7109],[107.0924,16.7154],[107.0927,16.7186],[107.1113,16.7179],[107.1119,16.7197],[107.1168,16.7219],[107.1191,16.7243],[107.123,16.7244],[107.1286,16.7312],[107.1291,16.7337],[107.1329,16.733],[107.1354,16.7337],[107.1394,16.7335],[107.1401,16.7361],[107.1429,16.7389],[107.1432,16.743],[107.1449,16.7472],[107.1512,16.7523],[107.1556,16.7538],[107.1548,16.7569],[107.1591,16.7608],[107.1609,16.7638],[107.1533,16.7756],[107.1565,16.7787],[107.1602,16.7808],[107.1622,16.7789],[107.1641,16.7815],[107.1688,16.7755],[107.1729,16.7735],[107.1765,16.7759],[107.1796,16.7762],[107.1856,16.7739],[107.1858,16.7771],[107.1925,16.7792],[107.1974,16.7793],[107.1969,16.7833],[107.1914,16.7827],[107.1894,16.7884]]]},"properties":{"ma_xa":"19669","ten_xa":"Ái Tử","sap_nhap":"Triệu Ái, Triệu Giang, Triệu Long","tru_so":"đang cập nhật","loai":"Xã","cap":2,"stt":69,"dtich_km2":116.74,"dan_so":19061,"matdo_km2":163.28,"ma_tinh":"44","ten_tinh":"Quảng Trị"}},
{"type":"Feature","geometry":{"type":"Polygon","coordinates":[[[106.44,17.7689],[106.4397,17.7731],[106.4374,17.7767],[106.4359,17.7763],[106.4267,17.7927],[106.4249,17.7969],[106.4171,17.795],[106.4173,17.7781],[106.4143,17.7746],[106.4101,17.7748],[106.4099,17.7721],[106.4047,17.7681],[106.4045,17.763],[106.3971,17.7659],[106.3943,17.7645],[106.3913,17.7542],[106.3871,17.7568],[106.3785,17.7569],[106.3708,17.7588],[106.3626,17.7619],[106.3576,17.7591],[106.3491,17.7604],[106.3538,17.7551],[106.361,17.7533],[106.372,17.7499],[106.3765,17.749],[106.3872,17.7447],[106.3919,17.7455],[106.3983,17.7487],[106.4083,17.7461],[106.4177,17.7422],[106.4213,17.7448],[106.4241,17.745],[106.4239,17.7489],[106.4255,17.7513],[106.4282,17.7512],[106.4311,17.7528],[106.43,17.7591],[106.4349,17.7591],[106.439,17.7617],[106.4407,17.7651],[106.44,17.7689]]]},"properties":{"ma_xa":"19009","ten_xa":"Ba Đồn","sap_nhap":"Quảng Phong, Quảng Long, Ba Đồn, Quảng Hải","tru_so":"đang cập nhật","loai":"Phường","cap":2,"stt":6,"dtich_km2":20.45,"dan_so":28805,"matdo_km2":1408.56,"ma_tinh":"44","ten_tinh":"Quảng Trị"}},
{"type":"Feature","geometry":{"type":"Polygon","coordinates":[[[107.0005,16.698],[106.9969,16.6989],[106.992,16.698],[106.9895,16.694],[106.9845,16.6925],[106.9823,16.6899],[106.9762,16.6909],[106.9713,16.6953],[106.967,16.695],[106.9635,16.6929],[106.9609,16.6935],[106.9557,16.6913],[106.9492,16.6915],[106.9469,16.6886],[106.9443,16.6897],[106.9378,16.6892],[106.9332,16.6864],[106.9267,16.6854],[106.9265,16.6823],[106.9249,16.6798],[106.9324,16.6746],[106.9316,16.6705],[106.9324,16.6662],[106.9306,16.6642],[106.9272,16.655],[106.9276,16.6501],[106.9218,16.6492],[106.9196,16.6473],[106.9158,16.6473],[106.9122,16.6456],[106.9084,16.6451],[106.9048,16.6437],[106.9033,16.6404],[106.9039,16.6358],[106.9023,16.6245],[106.9052,16.6219],[106.9098,16.6212],[106.9156,16.6121],[106.9153,16.6099],[106.9195,16.6071],[106.9299,16.6041],[106.9317,16.6057],[106.9346,16.6042],[106.9387,16.6047],[106.9439,16.6074],[106.9556,16.6062],[106.9565,16.6081],[106.9601,16.6107],[106.9614,16.6156],[106.9674,16.6173],[106.9699,16.6166],[106.9713,16.6144],[106.9828,16.6088],[106.9842,16.6092],[106.9882,16.6063],[106.992,16.6069],[106.9937,16.6036],[106.9971,16.5999],[107.001,16.599],[107.0051,16.597],[107.0098,16.5912],[107.0098,16.5889],[107.0139,16.5883],[107.0157,16.587],[107.017,16.5829],[107.019,16.5801],[107.0182,16.5753],[107.0239,16.5735],[107.0269,16.5707],[107.0296,16.5698],[107.0325,16.5712],[107.0341,16.5741],[107.0367,16.5763],[107.0399,16.5764],[107.0408,16.5745],[107.0432,16.5737],[107.0464,16.5758],[107.0502,16.5751],[107.0551,16.5717],[107.0568,16.5683],[107.0559,16.5659],[107.0581,16.5617],[107.0577,16.5563],[107.0604,16.5528],[107.0586,16.5493],[107.0612,16.5458],[107.0678,16.5439],[107.0719,16.5435],[107.0745,16.5424],[107.077,16.5463],[107.0793,16.5457],[107.0834,16.5464],[107.0882,16.5462],[107.0921,16.5506],[107.0974,16.5504],[107.1018,16.5527],[107.1094,16.5507],[107.1135,16.5507],[107.115,16.5525],[107.1216,16.552],[107.1224,16.5555],[107.1245,16.5579],[107.1232,16.5607],[107.1282,16.5657],[107.1371,16.5686],[107.1408,16.5719],[107.1398,16.5739],[107.1344,16.578],[107.1282,16.578],[107.1274,16.5797],[107.1192,16.5836],[107.1154,16.5845],[107.1132,16.586],[107.112,16.5886],[107.1101,16.5889],[107.1095,16.5915],[107.1074,16.5951],[107.1111,16.5981],[107.1111,16.6001],[107.1082,16.6016],[107.1049,16.6017],[107.1014,16.605],[107.0939,16.608],[107.0935,16.613],[107.0922,16.6179],[107.0899,16.619],[107.079,16.6284],[107.077,16.6311],[107.078,16.6327],[107.0757,16.6347],[107.0723,16.6418],[107.0745,16.6448],[107.0744,16.6465],[107.0706,16.6461],[107.0672,16.6475],[107.0651,16.6461],[107.0624,16.6464],[107.0587,16.6518],[107.0561,16.6516],[107.0572,16.6573],[107.0555,16.6624],[107.0566,16.6629],[107.0581,16.6695],[107.0612,16.6762],[107.0587,16.6776],[107.0562,16.6836],[107.0575,16.6853],[107.053,16.6866],[107.0475,16.6894],[107.0434,16.6881],[107.0421,16.6886],[107.0354,16.6843],[107.0302,16.6858],[107.0237,16.6865],[107.0195,16.688],[107.0164,16.6909],[107.0154,16.6936],[107.0101,16.6945],[107.006,16.6971],[107.0034,16.6959],[107.0005,16.698]]]},"properties":{"ma_xa":"19567","ten_xa":"Ba Lòng","sap_nhap":"Triệu Nguyên, Ba Lòng","tru_so":"đang cập nhật","loai":"Xã","cap":2,"stt":64,"dtich_km2":210.58,"dan_so":5151,"matdo_km2":24.46,"ma_tinh":"44","ten_tinh":"Quảng Trị"}},
{"type":"Feature","geometry":{"type":"Polygon","coordinates":[[[106.4177,17.7422],[106.4237,17.7394],[106.4328,17.7327],[106.4342,17.7281],[106.4355,17.7174],[106.4393,17.7141],[106.4496,17.7108],[106.4602,17.709],[106.4809,17.7044],[106.4868,17.7038],[106.4892,17.7042],[106.4896,17.7078],[106.4879,17.7141],[106.4865,17.717],[106.4767,17.7325],[106.4718,17.7419],[106.4668,17.7524],[106.4614,17.766],[106.4575,17.777],[106.4417,17.7706],[106.44,17.7689],[106.4407,17.7651],[106.439,17.7617],[106.4349,17.7591],[106.43,17.7591],[106.4311,17.7528],[106.4282,17.7512],[106.4255,17.7513],[106.4239,17.7489],[106.4241,17.745],[106.4213,17.7448],[106.4177,17.7422]]]},"properties":{"ma_xa":"19066","ten_xa":"Bắc Gianh","sap_nhap":"Quảng Phúc, Quảng Thọ, Quảng Thuận","tru_so":"đang cập nhật","loai":"Phường","cap":2,"stt":7,"dtich_km2":31.14,"dan_so":32800,"matdo_km2":1053.31,"ma_tinh":"44","ten_tinh":"Quảng Trị"}},
{"type":"Feature","geometry":{"type":"Polygon","coordinates":[[[106.4892,17.7042],[106.4868,17.7038],[106.4809,17.7044],[106.4602,17.709],[106.4496,17.7108],[106.4393,17.7141],[106.4355,17.7174],[106.4235,17.7254],[106.4204,17.7266],[106.4129,17.7247],[106.4083,17.7224],[106.4015,17.7201],[106.3978,17.7178],[106.391,17.7118],[106.3901,17.7078],[106.394,17.6981],[106.4016,17.6919],[106.4036,17.6877],[106.3958,17.6869],[106.3874,17.6852],[106.3839,17.6827],[106.3786,17.6824],[106.3773,17.6815],[106.3702,17.6806],[106.3665,17.6808],[106.3622,17.6786],[106.3599,17.6758],[106.3545,17.6776],[106.3536,17.6808],[106.3516,17.6841],[106.3503,17.6813],[106.347,17.6778],[106.3465,17.6725],[106.3391,17.6711],[106.3418,17.6669],[106.3419,17.6624],[106.3371,17.6583],[106.3354,17.6546],[106.3379,17.6518],[106.3393,17.6481],[106.3436,17.6469],[106.3459,17.6446],[106.3469,17.6411],[106.351,17.6398],[106.3533,17.6431],[106.3559,17.6413],[106.3581,17.6422],[106.3577,17.6447],[106.3624,17.6459],[106.362,17.648],[106.3639,17.6496],[106.3713,17.65],[106.3754,17.6464],[106.3778,17.646],[106.3802,17.6484],[106.3885,17.6498],[106.3921,17.6487],[106.3951,17.6523],[106.3963,17.6584],[106.3982,17.6607],[106.4008,17.6613],[106.4014,17.6634],[106.4043,17.6638],[106.4101,17.6611],[106.4116,17.6614],[106.4155,17.6586],[106.4197,17.6543],[106.4241,17.6536],[106.4302,17.6534],[106.4333,17.6548],[106.4357,17.6575],[106.4421,17.6582],[106.4437,17.656],[106.4433,17.6539],[106.4459,17.6527],[106.4533,17.654],[106.4631,17.6527],[106.4679,17.6526],[106.4689,17.6515],[106.4749,17.6521],[106.4776,17.6507],[106.4823,17.6518],[106.4851,17.6491],[106.4937,17.649],[106.4974,17.6471],[106.5045,17.6497],[106.5043,17.6518],[106.5107,17.6575],[106.5147,17.6542],[106.5191,17.655],[106.516,17.6605],[106.5139,17.6614],[106.5091,17.6692],[106.5033,17.6798],[106.4992,17.6889],[106.4958,17.7021],[106.4936,17.7035],[106.4901,17.7028],[106.4892,17.7042]]]},"properties":{"ma_xa":"19126","ten_xa":"Bắc Trạch","sap_nhap":"Thanh Trạch, Hạ Mỹ, Liên Trạch, Bắc Trạch","tru_so":"đang cập nhật","loai":"Xã","cap":2,"stt":26,"dtich_km2":97.61,"dan_so":36861,"matdo_km2":377.64,"ma_tinh":"44","ten_tinh":"Quảng Trị"}},
{"type":"Feature","geometry":{"type":"Polygon","coordinates":[[[107.1482,16.9567],[107.142,16.9648],[107.1355,16.9745],[107.1283,16.9841],[107.122,16.9943],[107.1167,17.004],[107.1147,17.0085],[107.1136,17.0134],[107.1104,17.0124],[107.1082,17.0132],[107.1069,17.0109],[107.1056,17.0032],[107.1031,17.0005],[107.0983,16.9986],[107.0965,16.9967],[107.0939,16.9917],[107.0917,16.9903],[107.0874,16.9901],[107.0856,16.9912],[107.0832,16.9963],[107.0761,16.9997],[107.0732,17.0048],[107.0686,17.0054],[107.0642,17.0089],[107.0605,17.0103],[107.058,17.01],[107.0548,17.008],[107.0509,17.0033],[107.05,17.0013],[107.0492,16.995],[107.0501,16.9927],[107.054,16.989],[107.0549,16.9862],[107.0548,16.9818],[107.0536,16.98],[107.0467,16.9752],[107.0433,16.9741],[107.0348,16.9724],[107.0299,16.9726],[107.0217,16.9753],[107.0114,16.9799],[107.0076,16.9794],[106.9975,16.9756],[106.9938,16.972],[106.9891,16.9719],[106.9822,16.9671],[106.9794,16.967],[106.9773,16.9631],[106.973,16.9623],[106.9717,16.9598],[106.9727,16.9566],[106.9697,16.9501],[106.9696,16.9467],[106.9757,16.9466],[106.9863,16.9504],[106.9896,16.9475],[106.999,16.9464],[107.003,16.9446],[107.0043,16.9443],[107.01,16.9458],[107.0169,16.9454],[107.0195,16.9471],[107.0213,16.9503],[107.0262,16.9469],[107.0276,16.9407],[107.0307,16.9391],[107.0365,16.9406],[107.0367,16.9422],[107.0417,16.9434],[107.0485,16.9503],[107.0526,16.9528],[107.0562,16.9533],[107.0599,16.9681],[107.062,16.9681],[107.0708,16.9633],[107.076,16.9674],[107.0801,16.9669],[107.0853,16.9697],[107.0857,16.9746],[107.0839,16.9819],[107.0869,16.9864],[107.0913,16.9874],[107.0955,16.9838],[107.1004,16.9841],[107.1032,16.9859],[107.1043,16.983],[107.1101,16.9833],[107.1144,16.9817],[107.1185,16.9737],[107.1232,16.9724],[107.1229,16.9666],[107.1262,16.9657],[107.1307,16.9614],[107.1382,16.9495],[107.1398,16.9457],[107.1434,16.9509],[107.1464,16.9515],[107.1482,16.9567]]]},"properties":{"ma_xa":"19501","ten_xa":"Bến Hải","sap_nhap":"Trung Hải, Trung Giang, Trung Sơn","tru_so":"đang cập nhật","loai":"Xã","cap":2,"stt":53,"dtich_km2":54.77,"dan_so":16052,"matdo_km2":293.08,"ma_tinh":"44","ten_tinh":"Quảng Trị"}},
{"type":"Feature","geometry":{"type":"Polygon","coordinates":[[[106.9427,17.0449],[106.9388,17.0449],[106.9355,17.0463],[106.9283,17.0402],[106.9255,17.0354],[106.9202,17.0357],[106.9137,17.0316],[106.9099,17.0304],[106.907,17.0304],[106.9041,17.0332],[106.9,17.0384],[106.9046,17.0433],[106.9105,17.0508],[106.9135,17.0528],[106.9185,17.0512],[106.9264,17.0542],[106.9276,17.0605],[106.9256,17.0603],[106.9226,17.0574],[106.9197,17.0572],[106.9199,17.0603],[106.9183,17.0623],[106.9041,17.0646],[106.8975,17.0668],[106.8958,17.0722],[106.8877,17.0721],[106.886,17.0744],[106.8798,17.0749],[106.8753,17.0766],[106.8729,17.0788],[106.8677,17.0812],[106.8611,17.0771],[106.8577,17.071],[106.8645,17.0652],[106.8659,17.0628],[106.8706,17.0603],[106.8749,17.0552],[106.8729,17.0514],[106.8685,17.0477],[106.8684,17.0443],[106.8649,17.0414],[106.8622,17.0407],[106.8623,17.037],[106.8589,17.0359],[106.853,17.0351],[106.8499,17.0325],[106.8443,17.0347],[106.8371,17.0352],[106.8363,17.037],[106.8309,17.0386],[106.8293,17.0424],[106.8218,17.0434],[106.8193,17.0383],[106.8139,17.0345],[106.8114,17.0348],[106.8095,17.0319],[106.8118,17.0294],[106.8063,17.0217],[106.8036,17.0205],[106.8034,17.0175],[106.8093,17.0022],[106.808,16.9989],[106.8058,16.9972],[106.8051,16.993],[106.8004,16.9913],[106.7915,16.986],[106.7861,16.9871],[106.7845,16.9868],[106.7812,16.9821],[106.7815,16.9785],[106.7798,16.9779],[106.779,16.975],[106.7815,16.969],[106.7808,16.9668],[106.7779,16.9642],[106.7732,16.9627],[106.7728,16.9591],[106.7764,16.9558],[106.7744,16.9544],[106.7746,16.9508],[106.7764,16.9461],[106.771,16.9428],[106.7701,16.9396],[106.7723,16.9332],[106.7709,16.9293],[106.7631,16.9273],[106.7589,16.9286],[106.7558,16.9249],[106.7498,16.9253],[106.7465,16.9223],[106.7435,16.921],[106.7412,16.9223],[106.7383,16.9262],[106.7356,16.9263],[106.7333,16.9278],[106.7307,16.9273],[106.7289,16.9293],[106.7233,16.9301],[106.7218,16.9322],[106.7219,16.9351],[106.7172,16.9407],[106.7115,16.9434],[106.708,16.9416],[106.7024,16.9411],[106.7005,16.9395],[106.6965,16.9341],[106.6979,16.9283],[106.6954,16.9248],[106.6929,16.9235],[106.6914,16.9207],[106.6871,16.9194],[106.6854,16.9121],[106.6807,16.9083],[106.6874,16.9026],[106.6928,16.9012],[106.6962,16.902],[106.6979,16.9004],[106.7056,16.8988],[106.7067,16.9005],[106.7118,16.9008],[106.7127,16.899],[106.7156,16.8972],[106.7198,16.8967],[106.7277,16.8971],[106.7302,16.8964],[106.738,16.8969],[106.7384,16.8996],[106.7468,16.8988],[106.7482,16.9],[106.7513,16.8994],[106.753,16.9004],[106.7563,16.8993],[106.7563,16.897],[106.7613,16.897],[106.7619,16.8954],[106.7674,16.8967],[106.7789,16.8959],[106.7833,16.8945],[106.7854,16.8931],[106.788,16.8949],[106.7933,16.8919],[106.7968,16.8914],[106.7994,16.8927],[106.8002,16.8951],[106.8052,16.8942],[106.8053,16.8906],[106.8085,16.889],[106.811,16.894],[106.8182,16.8936],[106.8181,16.8964],[106.8202,16.8966],[106.8216,16.8987],[106.8242,16.898],[106.8271,16.8988],[106.8297,16.898],[106.8306,16.9006],[106.8351,16.8994],[106.8372,16.9026],[106.8448,16.9046],[106.8511,16.9037],[106.8529,16.9054],[106.8593,16.9067],[106.861,16.9063],[106.8628,16.9089],[106.8679,16.912],[106.8706,16.9116],[106.8728,16.9092],[106.8757,16.9081],[106.8758,16.9065],[106.8794,16.9051],[106.8816,16.9065],[106.8847,16.906],[106.8886,16.9113],[106.8915,16.9116],[106.8934,16.9097],[106.8981,16.9078],[106.8996,16.9101],[106.8988,16.9151],[106.9056,16.9148],[106.9067,16.9185],[106.9111,16.9187],[106.915,16.92],[106.915,16.9225],[106.9165,16.9241],[106.9204,16.9234],[106.9255,16.9255],[106.9284,16.9236],[106.9307,16.9238],[106.933,16.9268],[106.935,16.9246],[106.9404,16.9233],[106.9409,16.926],[106.9429,16.9276],[106.9459,16.9336],[106.9496,16.9369],[106.9464,16.9374],[106.9446,16.9397],[106.9466,16.9411],[106.947,16.9439],[106.9427,16.9439],[106.946,16.947],[106.9462,16.9489],[106.9492,16.9506],[106.9485,16.9525],[106.9514,16.9548],[106.95,16.9581],[106.9457,16.9556],[106.9437,16.9535],[106.9349,16.9514],[106.9323,16.9534],[106.9324,16.9562],[106.9294,16.9588],[106.9291,16.9611],[106.924,16.9679],[106.9195,16.9685],[106.9181,16.9723],[106.9204,16.9736],[106.9205,16.9765],[106.9226,16.9778],[106.9219,16.9801],[106.9254,16.9813],[106.9295,16.9839],[106.9313,16.9871],[106.9296,16.9931],[106.9328,16.9976],[106.9362,16.998],[106.9349,17.002],[106.9349,17.0051],[106.9369,17.0055],[106.9356,17.0088],[106.9366,17.0122],[106.9393,17.0141],[106.9368,17.0156],[106.9317,17.0132],[106.9303,17.0103],[106.9283,17.0099],[106.9231,17.0056],[106.9241,17.0033],[106.9216,16.997],[106.921,17.0052],[106.9239,17.0105],[106.9235,17.0141],[106.9254,17.0204],[106.9294,17.0252],[106.9316,17.0329],[106.936,17.0358],[106.9375,17.0383],[106.9397,17.0375],[106.9422,17.0394],[106.9427,17.0449]]]},"properties":{"ma_xa":"19366","ten_xa":"Bến Quan","sap_nhap":"Bến Quan (thị trấn), Vĩnh Ô, Vĩnh Hà, Vĩnh Khê","tru_so":"đang cập nhật","loai":"Xã","cap":2,"stt":49,"dtich_km2":278.99,"dan_so":9447,"matdo_km2":33.86,"ma_tinh":"44","ten_tinh":"Quảng Trị"}},
{"type":"Feature","geometry":{"type":"Polygon","coordinates":[[[106.4357,17.6575],[106.4333,17.6548],[106.4302,17.6534],[106.4241,17.6536],[106.4197,17.6543],[106.4155,17.6586],[106.4116,17.6614],[106.4101,17.6611],[106.4043,17.6638],[106.4014,17.6634],[106.4008,17.6613],[106.3982,17.6607],[106.3963,17.6584],[106.3951,17.6523],[106.3921,17.6487],[106.3885,17.6498],[106.3802,17.6484],[106.3778,17.646],[106.3754,17.6464],[106.3713,17.65],[106.3639,17.6496],[106.362,17.648],[106.3624,17.6459],[106.3577,17.6447],[106.3581,17.6422],[106.3559,17.6413],[106.3533,17.6431],[106.351,17.6398],[106.3469,17.6411],[106.3454,17.6397],[106.3391,17.6418],[106.3344,17.6345],[106.3395,17.629],[106.3383,17.6253],[106.3386,17.6203],[106.3437,17.6199],[106.3428,17.6177],[106.3355,17.6125],[106.335,17.6087],[106.3365,17.6055],[106.3329,17.6026],[106.3306,17.599],[106.331,17.5968],[106.3341,17.5941],[106.3359,17.591],[106.3326,17.589],[106.3308,17.5825],[106.3281,17.5789],[106.3246,17.5783],[106.3233,17.5741],[106.3204,17.5725],[106.3182,17.5693],[106.323,17.5663],[106.3242,17.5638],[106.3269,17.5634],[106.3302,17.5593],[106.3339,17.5583],[106.3389,17.5581],[106.3407,17.5557],[106.3412,17.5473],[106.3425,17.542],[106.3414,17.5374],[106.3429,17.5311],[106.3442,17.529],[106.3402,17.5196],[106.3403,17.518],[106.3431,17.5139],[106.3477,17.5126],[106.353,17.5141],[106.3563,17.5159],[106.3622,17.5149],[106.3664,17.5147],[106.3696,17.5101],[106.3777,17.5051],[106.3798,17.5047],[106.383,17.5018],[106.3837,17.4984],[106.3824,17.4961],[106.3825,17.492],[106.3793,17.4905],[106.3768,17.484],[106.3741,17.4793],[106.3764,17.4746],[106.3749,17.4718],[106.3754,17.4645],[106.3817,17.4583],[106.3851,17.4587],[106.3877,17.4568],[106.3876,17.4535],[106.3946,17.4503],[106.3974,17.4476],[106.3979,17.4449],[106.4028,17.4407],[106.4041,17.4348],[106.4075,17.4292],[106.4106,17.428],[106.4108,17.4263],[106.4154,17.4216],[106.417,17.4209],[106.4194,17.4153],[106.4219,17.4142],[106.4219,17.4107],[106.4208,17.4094],[106.4224,17.4036],[106.4244,17.4004],[106.4275,17.3973],[106.429,17.3916],[106.434,17.3864],[106.4385,17.3892],[106.4459,17.3901],[106.448,17.3918],[106.454,17.3924],[106.4611,17.3851],[106.4619,17.3823],[106.469,17.3844],[106.4792,17.3817],[106.4832,17.3821],[106.4924,17.3848],[106.4874,17.3931],[106.484,17.3967],[106.4836,17.4042],[106.4889,17.4064],[106.4906,17.4081],[106.4906,17.4109],[106.488,17.4141],[106.4888,17.4158],[106.4875,17.4226],[106.481,17.4263],[106.4773,17.432],[106.4747,17.4334],[106.4711,17.4373],[106.4704,17.4397],[106.4721,17.4426],[106.471,17.4524],[106.4713,17.457],[106.469,17.4619],[106.4661,17.4649],[106.4592,17.4695],[106.4527,17.4756],[106.4494,17.4805],[106.4503,17.4825],[106.4484,17.4858],[106.4479,17.489],[106.4438,17.4938],[106.4432,17.5051],[106.4404,17.5087],[106.4368,17.5179],[106.4369,17.5202],[106.4349,17.5249],[106.433,17.531],[106.4306,17.5342],[106.4335,17.5401],[106.436,17.5425],[106.435,17.5463],[106.4355,17.5493],[106.4348,17.5526],[106.4365,17.5548],[106.4428,17.5557],[106.4469,17.5596],[106.4471,17.5613],[106.4526,17.5699],[106.4523,17.5771],[106.4536,17.5793],[106.458,17.5834],[106.4618,17.584],[106.4719,17.588],[106.4752,17.5888],[106.4777,17.5873],[106.4822,17.5882],[106.4857,17.59],[106.487,17.5889],[106.4902,17.5894],[106.4927,17.5929],[106.4984,17.597],[106.5001,17.599],[106.4957,17.6019],[106.4926,17.6083],[106.4884,17.6094],[106.486,17.611],[106.4865,17.6187],[106.4904,17.6191],[106.4907,17.6145],[106.4938,17.6136],[106.4963,17.6155],[106.4961,17.6241],[106.4932,17.6254],[106.4902,17.6248],[106.4874,17.6257],[106.4817,17.6245],[106.478,17.6264],[106.4741,17.6238],[106.4676,17.6262],[106.4641,17.6296],[106.459,17.629],[106.4576,17.6313],[106.4588,17.6337],[106.4543,17.6358],[106.4521,17.635],[106.4518,17.6312],[106.4481,17.6351],[106.446,17.6339],[106.4456,17.631],[106.4421,17.6299],[106.4407,17.6281],[106.4351,17.6326],[106.4321,17.6336],[106.4342,17.6375],[106.4341,17.6496],[106.4363,17.6535],[106.4357,17.6575]]]},"properties":{"ma_xa":"19141","ten_xa":"Bố Trạch","sap_nhap":"Hưng Trạch, Cự Nẫm, Vạn Trạch, Phú Định","tru_so":"đang cập nhật","loai":"Xã","cap":2,"stt":29,"dtich_km2":299.42,"dan_so":33230,"matdo_km2":110.98,"ma_tinh":"44","ten_tinh":"Quảng Trị"}},
{"type":"Feature","geometry":{"type":"Polygon","coordinates":[[[106.7968,17.3119],[106.7906,17.3036],[106.7853,17.2918],[106.7838,17.2916],[106.7785,17.2951],[106.7733,17.2974],[106.7706,17.3017],[106.7684,17.3034],[106.767,17.3059],[106.7632,17.309],[106.7628,17.3103],[106.7565,17.314],[106.7415,17.3249],[106.7356,17.3298],[106.7263,17.3188],[106.7245,17.3183],[106.7235,17.3144],[106.7198,17.31],[106.7219,17.3063],[106.7188,17.304],[106.7173,17.299],[106.718,17.2945],[106.7148,17.2923],[106.7155,17.2875],[106.7323,17.2761],[106.7353,17.2759],[106.7411,17.276],[106.7465,17.2788],[106.7527,17.2717],[106.7559,17.2654],[106.7609,17.2644],[106.7774,17.257],[106.7907,17.2489],[106.7952,17.2484],[106.7971,17.2514],[106.8041,17.246],[106.8063,17.2425],[106.8099,17.2398],[106.8129,17.2365],[106.8117,17.235],[106.8167,17.2303],[106.8139,17.2286],[106.8212,17.2261],[106.8238,17.2277],[106.8278,17.2249],[106.8302,17.2247],[106.8364,17.2195],[106.8363,17.2183],[106.8451,17.2259],[106.854,17.2409],[106.8785,17.2241],[106.8807,17.2293],[106.8832,17.2317],[106.8854,17.2378],[106.8877,17.2421],[106.877,17.2503],[106.8647,17.2589],[106.8534,17.2679],[106.8507,17.2694],[106.8465,17.2732],[106.8419,17.276],[106.8377,17.2794],[106.8282,17.2863],[106.8187,17.2939],[106.7968,17.3119]]]},"properties":{"ma_xa":"19255","ten_xa":"Cam Hồng","sap_nhap":"Cam Thủy (huyện Lệ Thủy), Thanh Thủy, Hồng Thủy, Ngư Thủy Bắc","tru_so":"đang cập nhật","loai":"Xã","cap":2,"stt":36,"dtich_km2":87.89,"dan_so":26663,"matdo_km2":303.37,"ma_tinh":"44","ten_tinh":"Quảng Trị"}},
{"type":"Feature","geometry":{"type":"Polygon","coordinates":[[[107.0121,16.7505],[107.0096,16.7509],[107.0141,16.7546],[107.0134,16.7573],[107.0141,16.7602],[107.0135,16.7652],[107.0115,16.7654],[107.0119,16.7703],[107.0138,16.772],[107.0148,16.776],[107.015,16.7817],[107.0126,16.7837],[107.0133,16.7856],[107.016,16.7866],[107.0159,16.7894],[107.0133,16.7929],[107.0164,16.7952],[107.0153,16.7987],[107.0123,16.7996],[107.0114,16.802],[107.0119,16.8069],[107.0143,16.8126],[107.0122,16.8159],[107.0138,16.8184],[107.0115,16.8198],[107.0081,16.8185],[107.0048,16.8199],[107.0035,16.8225],[107.0005,16.8237],[106.9986,16.8216],[107.0008,16.8178],[106.9999,16.8154],[106.9974,16.8141],[106.9937,16.8146],[106.9883,16.8124],[106.9839,16.8129],[106.9793,16.8126],[106.9762,16.8108],[106.9704,16.8116],[106.9663,16.8136],[106.9585,16.8134],[106.954,16.8121],[106.9475,16.8084],[106.9477,16.8052],[106.9465,16.8031],[106.9392,16.8],[106.936,16.7954],[106.9344,16.7946],[106.9311,16.7969],[106.9287,16.7949],[106.929,16.7911],[106.9248,16.7887],[106.9179,16.7919],[106.912,16.7895],[106.9073,16.7906],[106.9055,16.7863],[106.8988,16.7864],[106.8976,16.7833],[106.8945,16.7853],[106.8916,16.7856],[106.8875,16.7876],[106.8841,16.786],[106.8814,16.7899],[106.8788,16.7898],[106.8753,16.7881],[106.8692,16.7889],[106.8647,16.7832],[106.8619,16.7814],[106.8571,16.7763],[106.856,16.7733],[106.8582,16.7687],[106.8624,16.7677],[106.8658,16.7683],[106.8688,16.7634],[106.8738,16.7595],[106.8751,16.7551],[106.8779,16.7549],[106.8795,16.7514],[106.8783,16.7482],[106.8819,16.7395],[106.8854,16.7383],[106.8864,16.7341],[106.8898,16.7251],[106.8939,16.7238],[106.8961,16.7194],[106.8984,16.718],[106.8976,16.7108],[106.8989,16.7064],[106.9034,16.7039],[106.9043,16.6985],[106.9072,16.6953],[106.9147,16.6892],[106.9152,16.6864],[106.9192,16.6855],[106.9235,16.686],[106.9267,16.6854],[106.9332,16.6864],[106.9378,16.6892],[106.9443,16.6897],[106.9469,16.6886],[106.9492,16.6915],[106.9557,16.6913],[106.9609,16.6935],[106.9635,16.6929],[106.967,16.695],[106.9713,16.6953],[106.9762,16.6909],[106.9823,16.6899],[106.9845,16.6925],[106.9895,16.694],[106.992,16.698],[106.9969,16.6989],[107.0005,16.698],[107.0044,16.7003],[107.0061,16.7052],[107.0051,16.7074],[107.0063,16.7105],[107.0028,16.7164],[107.0054,16.7193],[107.0028,16.7219],[107.0031,16.7249],[107.0046,16.7277],[107.0025,16.7289],[107.0038,16.733],[107.0038,16.7367],[107.0097,16.7374],[107.0127,16.7385],[107.0131,16.7431],[107.0148,16.7465],[107.0121,16.7505]]]},"properties":{"ma_xa":"19597","ten_xa":"Cam Lộ","sap_nhap":"Cam Lộ (thị trấn), Cam Thành, Cam Chính, Cam Nghĩa","tru_so":"đang cập nhật","loai":"Xã","cap":2,"stt":66,"dtich_km2":166.85,"dan_so":30111,"matdo_km2":180.47,"ma_tinh":"44","ten_tinh":"Quảng Trị"}},
{"type":"Feature","geometry":{"type":"Polygon","coordinates":[[[107.3321,17.163],[107.3314,17.159],[107.3331,17.1548],[107.336,17.1517],[107.3407,17.1516],[107.3431,17.1503],[107.3441,17.1531],[107.3483,17.1566],[107.3462,17.1617],[107.3413,17.1663],[107.3339,17.1656],[107.3321,17.163]]]},"properties":{"ma_xa":"19742","ten_xa":"Cồn Cỏ","sap_nhap":"Cồn Cỏ","tru_so":"đang cập nhật","loai":"Đặc khu","cap":2,"stt":78,"dtich_km2":2.3,"dan_so":139,"matdo_km2":60.43,"ma_tinh":"44","ten_tinh":"Quảng Trị"}},
{"type":"Feature","geometry":{"type":"Polygon","coordinates":[[[106.9717,16.9598],[106.9702,16.9643],[106.9674,16.9651],[106.9675,16.9679],[106.9643,16.9676],[106.9644,16.9645],[106.9605,16.9649],[106.9613,16.9671],[106.9584,16.9689],[106.9562,16.9664],[106.9489,16.962],[106.95,16.9581],[106.9514,16.9548],[106.9485,16.9525],[106.9492,16.9506],[106.9462,16.9489],[106.946,16.947],[106.9427,16.9439],[106.947,16.9439],[106.9466,16.9411],[106.9446,16.9397],[106.9464,16.9374],[106.9496,16.9369],[106.9459,16.9336],[106.9429,16.9276],[106.9409,16.926],[106.9404,16.9233],[106.935,16.9246],[106.933,16.9268],[106.9307,16.9238],[106.9284,16.9236],[106.9255,16.9255],[106.9204,16.9234],[106.9165,16.9241],[106.915,16.9225],[106.915,16.92],[106.9111,16.9187],[106.9067,16.9185],[106.9056,16.9148],[106.8988,16.9151],[106.8996,16.9101],[106.8981,16.9078],[106.8934,16.9097],[106.8915,16.9116],[106.8886,16.9113],[106.8847,16.906],[106.8816,16.9065],[106.8794,16.9051],[106.8758,16.9065],[106.8757,16.9081],[106.8728,16.9092],[106.8706,16.9116],[106.8679,16.912],[106.8628,16.9089],[106.861,16.9063],[106.8593,16.9067],[106.8529,16.9054],[106.8511,16.9037],[106.8448,16.9046],[106.8372,16.9026],[106.8351,16.8994],[106.8306,16.9006],[106.8297,16.898],[106.8271,16.8988],[106.8242,16.898],[106.8216,16.8987],[106.8202,16.8966],[106.8181,16.8964],[106.8182,16.8936],[106.811,16.894],[106.8085,16.889],[106.8053,16.8906],[106.8052,16.8942],[106.8002,16.8951],[106.7994,16.8927],[106.7968,16.8914],[106.7933,16.8919],[106.788,16.8949],[106.7854,16.8931],[106.7833,16.8945],[106.7789,16.8959],[106.7674,16.8967],[106.7619,16.8954],[106.7613,16.897],[106.7563,16.897],[106.7563,16.8993],[106.753,16.9004],[106.7513,16.8994],[106.7482,16.9],[106.7468,16.8988],[106.7384,16.8996],[106.738,16.8969],[106.7302,16.8964],[106.7277,16.8971],[106.7198,16.8967],[106.7156,16.8972],[106.7127,16.899],[106.7118,16.9008],[106.7067,16.9005],[106.7056,16.8988],[106.6979,16.9004],[106.6962,16.902],[106.6928,16.9012],[106.6874,16.9026],[106.6867,16.9003],[106.6897,16.8969],[106.6897,16.894],[106.6929,16.8891],[106.6921,16.8853],[106.6932,16.884],[106.6944,16.8844],[106.6996,16.8824],[106.7021,16.8805],[106.7044,16.8807],[106.7072,16.8793],[106.7088,16.8804],[106.7137,16.8807],[106.7189,16.8827],[106.7232,16.8795],[106.7303,16.8778],[106.7333,16.8782],[106.7353,16.8799],[106.7415,16.8777],[106.7449,16.8775],[106.7479,16.8746],[106.7568,16.8734],[106.7555,16.8706],[106.7599,16.8646],[106.7627,16.8623],[106.7627,16.8606],[106.7655,16.8565],[106.768,16.8544],[106.7706,16.8536],[106.7704,16.8505],[106.7745,16.8455],[106.7768,16.8413],[106.7764,16.8374],[106.778,16.8344],[106.7809,16.8323],[106.7799,16.8301],[106.7805,16.8248],[106.7826,16.8225],[106.7869,16.8266],[106.7851,16.8331],[106.7873,16.8334],[106.7892,16.8293],[106.7895,16.8263],[106.7875,16.823],[106.7901,16.8204],[106.7925,16.8243],[106.7949,16.8216],[106.7971,16.8226],[106.799,16.8215],[106.8063,16.8242],[106.8108,16.8229],[106.8139,16.8179],[106.8173,16.8186],[106.8186,16.8152],[106.8207,16.8182],[106.8225,16.8178],[106.8236,16.8151],[106.8283,16.815],[106.8305,16.8109],[106.8342,16.8097],[106.8366,16.8112],[106.8388,16.8147],[106.8371,16.8184],[106.8386,16.8198],[106.8422,16.8178],[106.8489,16.8181],[106.8512,16.816],[106.8566,16.816],[106.8613,16.8182],[106.8645,16.8175],[106.8763,16.8221],[106.8785,16.824],[106.8825,16.823],[106.8855,16.8248],[106.8882,16.8244],[106.8898,16.8262],[106.893,16.8257],[106.8968,16.8278],[106.9002,16.828],[106.9017,16.8296],[106.9045,16.8299],[106.909,16.8324],[106.9096,16.8347],[106.9066,16.8351],[106.901,16.8389],[106.9007,16.8424],[106.8988,16.8423],[106.8973,16.8464],[106.8961,16.8476],[106.897,16.8518],[106.8992,16.8538],[106.9021,16.8546],[106.9051,16.8522],[106.9093,16.8538],[106.9092,16.8583],[106.9099,16.8615],[106.9078,16.8631],[106.9068,16.868],[106.9153,16.8727],[106.9176,16.8745],[106.9228,16.8733],[106.9254,16.8763],[106.9254,16.8789],[106.9276,16.8813],[106.9314,16.8821],[106.9386,16.8814],[106.9403,16.8789],[106.9413,16.874],[106.9412,16.8676],[106.9386,16.8647],[106.9385,16.8614],[106.9397,16.8568],[106.9433,16.8539],[106.9502,16.8572],[106.9552,16.855],[106.9603,16.8587],[106.9649,16.8584],[106.9659,16.8571],[106.9693,16.8584],[106.9714,16.8614],[106.9735,16.8606],[106.9764,16.8613],[106.9859,16.8605],[106.9889,16.8608],[106.9924,16.8594],[107.0003,16.8578],[107.0034,16.8597],[107.0073,16.8599],[107.0117,16.8571],[107.0151,16.8576],[107.017,16.8596],[107.0203,16.8696],[107.0245,16.8707],[107.0277,16.8755],[107.0349,16.8756],[107.0348,16.8776],[107.0369,16.8794],[107.036,16.8838],[107.0374,16.8844],[107.0447,16.8848],[107.0515,16.8834],[107.0618,16.8771],[107.0647,16.8805],[107.0667,16.8792],[107.0686,16.8809],[107.0668,16.887],[107.0692,16.8875],[107.0659,16.8916],[107.0622,16.8933],[107.0618,16.8953],[107.0634,16.9001],[107.0599,16.9025],[107.0599,16.9062],[107.057,16.9077],[107.0542,16.9076],[107.0491,16.9139],[107.0438,16.9171],[107.0429,16.919],[107.0396,16.92],[107.0388,16.9263],[107.0265,16.927],[107.0236,16.9291],[107.0171,16.9303],[107.0135,16.9297],[107.0108,16.928],[107.0061,16.9316],[107.0035,16.9328],[107.0011,16.936],[107.0008,16.9402],[107.003,16.9446],[106.999,16.9464],[106.9896,16.9475],[106.9863,16.9504],[106.9757,16.9466],[106.9696,16.9467],[106.9697,16.9501],[106.9727,16.9566],[106.9717,16.9598]]]},"properties":{"ma_xa":"19537","ten_xa":"Cồn Tiên","sap_nhap":"Hải Thái, Linh Trường, Gio An, Gio Sơn","tru_so":"đang cập nhật","loai":"Xã","cap":2,"stt":50,"dtich_km2":268.58,"dan_so":20907,"matdo_km2":77.84,"ma_tinh":"44","ten_tinh":"Quảng Trị"}},
{"type":"Feature","geometry":{"type":"Polygon","coordinates":[[[107.1082,17.0132],[107.1088,17.016],[107.1119,17.0178],[107.1107,17.0224],[107.1114,17.0252],[107.1136,17.0255],[107.1109,17.0294],[107.1097,17.0367],[107.1107,17.0411],[107.1134,17.0437],[107.1161,17.0445],[107.114,17.0505],[107.1138,17.0547],[107.1147,17.0576],[107.1136,17.0598],[107.1138,17.0629],[107.1124,17.0668],[107.1122,17.0714],[107.114,17.0743],[107.117,17.075],[107.1154,17.0775],[107.1147,17.0819],[107.1167,17.0856],[107.113,17.0858],[107.1098,17.0894],[107.1017,17.0958],[107.0995,17.0965],[107.0951,17.1004],[107.084,17.1047],[107.08,17.1068],[107.0775,17.1035],[107.0762,17.098],[107.0771,17.0945],[107.0749,17.0892],[107.0713,17.0882],[107.0734,17.0841],[107.0711,17.0815],[107.0713,17.0789],[107.0698,17.0722],[107.0711,17.0679],[107.0697,17.066],[107.0733,17.0608],[107.0687,17.0562],[107.0662,17.0548],[107.0646,17.0519],[107.0604,17.048],[107.0607,17.0419],[107.0597,17.0405],[107.0549,17.0433],[107.0539,17.0298],[107.0513,17.0235],[107.0452,17.0258],[107.0432,17.0234],[107.0396,17.0271],[107.0372,17.023],[107.0419,17.0196],[107.0475,17.0168],[107.0471,17.0149],[107.0431,17.0108],[107.0425,17.0073],[107.0458,17.0045],[107.0509,17.0033],[107.0548,17.008],[107.058,17.01],[107.0605,17.0103],[107.0642,17.0089],[107.0686,17.0054],[107.0732,17.0048],[107.0761,16.9997],[107.0832,16.9963],[107.0856,16.9912],[107.0874,16.9901],[107.0917,16.9903],[107.0939,16.9917],[107.0965,16.9967],[107.0983,16.9986],[107.1031,17.0005],[107.1056,17.0032],[107.1069,17.0109],[107.1082,17.0132]]]},"properties":{"ma_xa":"19414","ten_xa":"Cửa Tùng","sap_nhap":"Cửa Tùng (thị trấn), Vĩnh Giang, Hiền Thành, Kim Thạch","tru_so":"đang cập nhật","loai":"Xã","cap":2,"stt":46,"dtich_km2":59.83,"dan_so":29398,"matdo_km2":491.36,"ma_tinh":"44","ten_tinh":"Quảng Trị"}},
{"type":"Feature","geometry":{"type":"Polygon","coordinates":[[[107.1906,16.904],[107.1919,16.9106],[107.1829,16.9182],[107.1724,16.9283],[107.1664,16.9349],[107.1578,16.9459],[107.1482,16.9567],[107.1464,16.9515],[107.1434,16.9509],[107.1398,16.9457],[107.1435,16.93],[107.129,16.9287],[107.1268,16.9274],[107.1093,16.9196],[107.1053,16.9193],[107.1004,16.918],[107.0974,16.9152],[107.0986,16.9098],[107.1003,16.906],[107.1066,16.8987],[107.1132,16.89],[107.124,16.873],[107.1258,16.869],[107.1267,16.8581],[107.1292,16.8573],[107.1307,16.8603],[107.1345,16.8628],[107.1414,16.8652],[107.1481,16.8669],[107.1506,16.87],[107.1531,16.8773],[107.1554,16.88],[107.1651,16.8882],[107.1714,16.8921],[107.1823,16.9],[107.1906,16.904]]]},"properties":{"ma_xa":"19496","ten_xa":"Cửa Việt","sap_nhap":"Cửa Việt (thị trấn), Gio Mai, Gio Hải","tru_so":"đang cập nhật","loai":"Xã","cap":2,"stt":51,"dtich_km2":50.83,"dan_so":27143,"matdo_km2":534,"ma_tinh":"44","ten_tinh":"Quảng Trị"}},
{"type":"Feature","geometry":{"type":"Polygon","coordinates":[[[106.9023,16.6245],[106.897,16.6281],[106.8919,16.6287],[106.8882,16.6327],[106.89,16.6351],[106.8897,16.6381],[106.8935,16.6445],[106.8931,16.6488],[106.8893,16.6502],[106.8863,16.6589],[106.8853,16.6687],[106.8856,16.6709],[106.8823,16.676],[106.8782,16.6773],[106.8731,16.683],[106.8713,16.6879],[106.8676,16.6894],[106.8648,16.6888],[106.8598,16.6906],[106.8569,16.6929],[106.8496,16.692],[106.847,16.691],[106.8448,16.6937],[106.8412,16.695],[106.8396,16.6981],[106.8229,16.7042],[106.8159,16.7065],[106.8114,16.7054],[106.8058,16.7071],[106.8015,16.6937],[106.8015,16.6763],[106.7974,16.6765],[106.7919,16.6736],[106.7871,16.6726],[106.7763,16.6715],[106.7701,16.6731],[106.7833,16.6448],[106.7815,16.6396],[106.778,16.6337],[106.776,16.6323],[106.7739,16.6269],[106.7702,16.623],[106.7692,16.6197],[106.785,16.6246],[106.7874,16.6242],[106.7921,16.6205],[106.7975,16.6182],[106.8008,16.6136],[106.8021,16.6106],[106.8053,16.6081],[106.8107,16.6075],[106.8152,16.6057],[106.818,16.6023],[106.8181,16.599],[106.8208,16.5981],[106.8208,16.5924],[106.8225,16.5905],[106.8233,16.5867],[106.823,16.5795],[106.8213,16.5741],[106.8225,16.5717],[106.8239,16.5637],[106.826,16.56],[106.8228,16.5586],[106.8193,16.5587],[106.8148,16.5569],[106.8308,16.5489],[106.8376,16.5485],[106.8446,16.5471],[106.8506,16.5436],[106.8541,16.5431],[106.8589,16.5403],[106.8617,16.5407],[106.8645,16.5363],[106.8683,16.5331],[106.8701,16.5339],[106.8741,16.5329],[106.8776,16.5285],[106.8798,16.5243],[106.8864,16.522],[106.8908,16.5112],[106.8873,16.5095],[106.8876,16.5041],[106.8892,16.5031],[106.886,16.4933],[106.8865,16.4909],[106.8836,16.488],[106.879,16.4849],[106.8778,16.4821],[106.8789,16.4778],[106.8766,16.4757],[106.8767,16.4713],[106.8777,16.4694],[106.8809,16.4694],[106.8845,16.4678],[106.8903,16.4692],[106.9041,16.469],[106.9078,16.4666],[106.9098,16.4673],[106.9162,16.463],[106.9204,16.4609],[106.9274,16.4605],[106.9325,16.4541],[106.9365,16.452],[106.9387,16.4521],[106.9413,16.4505],[106.9439,16.4527],[106.949,16.4533],[106.9523,16.4573],[106.9547,16.4657],[106.9595,16.4706],[106.9577,16.4747],[106.9583,16.4785],[106.9604,16.4834],[106.9607,16.4917],[106.9699,16.5061],[106.9701,16.5097],[106.9691,16.5155],[106.972,16.5189],[106.9726,16.5228],[106.9804,16.5288],[106.9809,16.5323],[106.9871,16.5339],[106.9909,16.5363],[106.9927,16.5404],[106.9946,16.5396],[107.0015,16.544],[107.0028,16.5424],[107.009,16.5399],[107.0133,16.5426],[107.0165,16.5436],[107.0187,16.5417],[107.0252,16.5402],[107.0262,16.5381],[107.0332,16.534],[107.0376,16.5345],[107.0428,16.531],[107.0447,16.5312],[107.0478,16.5285],[107.05,16.5255],[107.0527,16.5237],[107.0555,16.5242],[107.0579,16.5291],[107.0596,16.5303],[107.0602,16.5332],[107.0624,16.5369],[107.0601,16.5423],[107.0612,16.5458],[107.0586,16.5493],[107.0604,16.5528],[107.0577,16.5563],[107.0581,16.5617],[107.0559,16.5659],[107.0568,16.5683],[107.0551,16.5717],[107.0502,16.5751],[107.0464,16.5758],[107.0432,16.5737],[107.0408,16.5745],[107.0399,16.5764],[107.0367,16.5763],[107.0341,16.5741],[107.0325,16.5712],[107.0296,16.5698],[107.0269,16.5707],[107.0239,16.5735],[107.0182,16.5753],[107.019,16.5801],[107.017,16.5829],[107.0157,16.587],[107.0139,16.5883],[107.0098,16.5889],[107.0098,16.5912],[107.0051,16.597],[107.001,16.599],[106.9971,16.5999],[106.9937,16.6036],[106.992,16.6069],[106.9882,16.6063],[106.9842,16.6092],[106.9828,16.6088],[106.9713,16.6144],[106.9699,16.6166],[106.9674,16.6173],[106.9614,16.6156],[106.9601,16.6107],[106.9565,16.6081],[106.9556,16.6062],[106.9439,16.6074],[106.9387,16.6047],[106.9346,16.6042],[106.9317,16.6057],[106.9299,16.6041],[106.9195,16.6071],[106.9153,16.6099],[106.9156,16.6121],[106.9098,16.6212],[106.9052,16.6219],[106.9023,16.6245]]]},"properties":{"ma_xa":"19564","ten_xa":"Đakrông","sap_nhap":"Ba Nang, Tà Long, Đakrông","tru_so":"đang cập nhật","loai":"Xã","cap":2,"stt":63,"dtich_km2":359.29,"dan_so":14627,"matdo_km2":40.71,"ma_tinh":"44","ten_tinh":"Quảng Trị"}},
{"type":"Feature","geometry":{"type":"Polygon","coordinates":[[[105.7645,17.891],[105.7604,17.8914],[105.7571,17.8929],[105.7548,17.8952],[105.7515,17.8957],[105.7515,17.9005],[105.7483,17.9012],[105.7473,17.9049],[105.7437,17.908],[105.7417,17.9085],[105.7394,17.9067],[105.7363,17.9081],[105.7302,17.9083],[105.7302,17.9113],[105.7277,17.9143],[105.727,17.9168],[105.7243,17.9182],[105.7219,17.9179],[105.7159,17.9127],[105.7122,17.9142],[105.708,17.9121],[105.7056,17.9123],[105.7032,17.9164],[105.7048,17.9184],[105.7002,17.9226],[105.6934,17.9219],[105.6846,17.925],[105.6797,17.9288],[105.678,17.9319],[105.6797,17.9421],[105.6788,17.9449],[105.673,17.9443],[105.6699,17.9448],[105.6666,17.9475],[105.6566,17.9539],[105.6539,17.9535],[105.6459,17.9552],[105.6424,17.9581],[105.6424,17.9618],[105.6391,17.9586],[105.6354,17.9598],[105.6335,17.9566],[105.6285,17.952],[105.6279,17.9449],[105.6229,17.9419],[105.6245,17.9395],[105.6241,17.9347],[105.6226,17.9292],[105.6237,17.924],[105.6224,17.9188],[105.6194,17.9156],[105.617,17.9043],[105.6104,17.8998],[105.6081,17.8954],[105.6091,17.8902],[105.612,17.8893],[105.6108,17.8868],[105.6117,17.8845],[105.614,17.8832],[105.6159,17.88],[105.618,17.8799],[105.621,17.8774],[105.6275,17.876],[105.6282,17.8702],[105.6303,17.8701],[105.6364,17.8656],[105.6358,17.863],[105.6398,17.8579],[105.6449,17.8591],[105.6516,17.8552],[105.6578,17.8544],[105.662,17.8559],[105.6659,17.851],[105.6707,17.8492],[105.6727,17.8466],[105.6745,17.8464],[105.6746,17.8416],[105.6778,17.8349],[105.683,17.8346],[105.6832,17.8271],[105.6844,17.8223],[105.6843,17.8188],[105.6827,17.815],[105.6799,17.8132],[105.681,17.8111],[105.6775,17.8055],[105.6752,17.7949],[105.6817,17.7889],[105.6891,17.7846],[105.6884,17.7811],[105.692,17.7763],[105.6918,17.7739],[105.693,17.7705],[105.6958,17.7678],[105.6984,17.7669],[105.6993,17.7638],[105.7024,17.7606],[105.7058,17.7587],[105.7084,17.7597],[105.7126,17.7559],[105.7145,17.7576],[105.7185,17.7564],[105.7222,17.7498],[105.7254,17.7472],[105.7303,17.7451],[105.7305,17.74],[105.7282,17.7369],[105.728,17.7319],[105.7289,17.7236],[105.7309,17.7211],[105.7334,17.7213],[105.7369,17.7196],[105.7412,17.7209],[105.7435,17.7226],[105.7439,17.7158],[105.7457,17.7067],[105.7474,17.7016],[105.747,17.699],[105.7484,17.6893],[105.7503,17.6783],[105.751,17.6684],[105.761,17.6666],[105.7631,17.6673],[105.7638,17.6701],[105.7672,17.6734],[105.7706,17.674],[105.7781,17.6742],[105.7816,17.6762],[105.7822,17.6791],[105.7813,17.6836],[105.7795,17.6884],[105.782,17.6951],[105.7819,17.6993],[105.7833,17.6998],[105.7858,17.7043],[105.7894,17.7068],[105.7884,17.7097],[105.7952,17.7179],[105.7977,17.7223],[105.7994,17.7216],[105.8021,17.7227],[105.804,17.7256],[105.8072,17.7268],[105.8086,17.7254],[105.8135,17.7271],[105.8171,17.7365],[105.8173,17.7396],[105.8164,17.7441],[105.818,17.7457],[105.819,17.75],[105.821,17.7528],[105.8199,17.7632],[105.8181,17.7662],[105.8179,17.7717],[105.8198,17.7746],[105.8254,17.7758],[105.8312,17.7819],[105.8353,17.7897],[105.8372,17.7925],[105.8376,17.7976],[105.8392,17.8037],[105.8328,17.8025],[105.8307,17.8162],[105.8341,17.8178],[105.8372,17.8226],[105.8348,17.8231],[105.8339,17.8281],[105.8352,17.8338],[105.8337,17.8354],[105.8318,17.8406],[105.8287,17.8426],[105.8268,17.8458],[105.8196,17.8504],[105.8183,17.8526],[105.8191,17.8547],[105.8182,17.8638],[105.8157,17.8702],[105.814,17.8713],[105.8115,17.8697],[105.8033,17.8683],[105.7985,17.8703],[105.7947,17.8694],[105.7933,17.8715],[105.7955,17.8741],[105.7962,17.8766],[105.795,17.8793],[105.7976,17.8819],[105.7953,17.8841],[105.7916,17.8841],[105.7841,17.8884],[105.7742,17.8889],[105.7693,17.8851],[105.7663,17.8871],[105.7645,17.891]]]},"properties":{"ma_xa":"18904","ten_xa":"Dân Hóa","sap_nhap":"Trọng Hóa, Dân Hóa","tru_so":"đang cập nhật","loai":"Xã","cap":2,"stt":8,"dtich_km2":365,"dan_so":9532,"matdo_km2":26.12,"ma_tinh":"44","ten_tinh":"Quảng Trị"}},
{"type":"Feature","geometry":{"type":"Polygon","coordinates":[[[107.3059,16.715],[107.2966,16.7219],[107.293,16.723],[107.2942,16.728],[107.2915,16.7315],[107.2881,16.7403],[107.2831,16.737],[107.2822,16.7383],[107.2746,16.7341],[107.267,16.7307],[107.2589,16.7344],[107.2598,16.731],[107.2577,16.7282],[107.2524,16.7297],[107.253,16.7256],[107.2492,16.7282],[107.2457,16.7253],[107.2439,16.7201],[107.2453,16.7157],[107.2427,16.713],[107.2458,16.7077],[107.2462,16.7027],[107.2488,16.7024],[107.2392,16.6925],[107.247,16.6873],[107.2459,16.6802],[107.2416,16.6771],[107.2417,16.674],[107.245,16.6713],[107.2415,16.6683],[107.2384,16.6684],[107.2379,16.6667],[107.2344,16.6665],[107.2323,16.6646],[107.2284,16.6646],[107.225,16.6603],[107.2202,16.6584],[107.2187,16.6561],[107.2144,16.6545],[107.2113,16.6512],[107.2116,16.6472],[107.2094,16.6449],[107.2076,16.6395],[107.2051,16.6371],[107.2019,16.6381],[107.1954,16.638],[107.1944,16.6399],[107.1909,16.6419],[107.1887,16.6399],[107.1855,16.6393],[107.1815,16.6329],[107.1789,16.632],[107.178,16.6297],[107.1804,16.6251],[107.1789,16.6227],[107.1819,16.6204],[107.186,16.6181],[107.1893,16.619],[107.1902,16.6206],[107.1937,16.621],[107.2021,16.6211],[107.2051,16.618],[107.2091,16.6202],[107.2147,16.618],[107.2138,16.6168],[107.214,16.6091],[107.2149,16.6072],[107.2209,16.6092],[107.2266,16.6103],[107.23,16.6146],[107.2332,16.6156],[107.237,16.6179],[107.2399,16.6179],[107.242,16.6209],[107.2441,16.6289],[107.2493,16.6317],[107.2528,16.6303],[107.2558,16.633],[107.2601,16.6346],[107.2707,16.6375],[107.2792,16.641],[107.2894,16.6463],[107.2926,16.6506],[107.296,16.6532],[107.2923,16.6562],[107.3004,16.6665],[107.2995,16.6718],[107.3008,16.674],[107.302,16.6792],[107.3005,16.6807],[107.2961,16.6827],[107.2935,16.6864],[107.2925,16.6903],[107.2938,16.6943],[107.296,16.6985],[107.2954,16.7006],[107.3025,16.6967],[107.3091,16.6945],[107.3112,16.6981],[107.3063,16.7013],[107.3071,16.7025],[107.3112,16.6997],[107.3182,16.7008],[107.3214,16.6985],[107.3259,16.7021],[107.3244,16.705],[107.3208,16.7055],[107.3208,16.7076],[107.3184,16.7089],[107.32,16.7112],[107.3177,16.7127],[107.3174,16.7158],[107.3139,16.7123],[107.3102,16.7128],[107.3092,16.7146],[107.3059,16.715]]]},"properties":{"ma_xa":"19681","ten_xa":"Diên Sanh","sap_nhap":"Diên Sanh (thị trấn), Hải Trường, Hải Định","tru_so":"đang cập nhật","loai":"Xã","cap":2,"stt":73,"dtich_km2":87.97,"dan_so":25133,"matdo_km2":285.7,"ma_tinh":"44","ten_tinh":"Quảng Trị"}},
{"type":"Feature","geometry":{"type":"Polygon","coordinates":[[[107.0653,16.7632],[107.0627,16.7638],[107.0588,16.7667],[107.0577,16.7696],[107.0607,16.7766],[107.0614,16.7805],[107.0634,16.7824],[107.0662,16.7877],[107.0715,16.7878],[107.0738,16.7899],[107.0746,16.7922],[107.0791,16.7943],[107.0852,16.7989],[107.086,16.8081],[107.087,16.8103],[107.0925,16.8113],[107.0935,16.8085],[107.0952,16.8082],[107.0959,16.8116],[107.1081,16.8171],[107.1014,16.823],[107.1,16.8257],[107.1043,16.8299],[107.1064,16.8335],[107.1105,16.8367],[107.1151,16.8353],[107.1209,16.8364],[107.1236,16.8385],[107.1257,16.8422],[107.1249,16.8469],[107.1207,16.8446],[107.1175,16.8453],[107.1153,16.8516],[107.113,16.8515],[107.112,16.8495],[107.109,16.8515],[107.108,16.8571],[107.1117,16.8584],[107.1103,16.861],[107.1044,16.8617],[107.1031,16.8602],[107.1038,16.85],[107.0892,16.8412],[107.0888,16.8382],[107.084,16.8352],[107.0815,16.8349],[107.0784,16.8323],[107.0754,16.8334],[107.0721,16.8316],[107.0676,16.8309],[107.0642,16.8316],[107.0601,16.83],[107.0615,16.8282],[107.0613,16.8237],[107.058,16.8227],[107.0601,16.8169],[107.0614,16.8152],[107.0538,16.808],[107.0482,16.8062],[107.0483,16.7975],[107.0563,16.7968],[107.0531,16.791],[107.0557,16.7854],[107.05,16.7851],[107.0441,16.784],[107.0407,16.7808],[107.0389,16.7762],[107.0366,16.7751],[107.0344,16.771],[107.0336,16.7658],[107.0285,16.7566],[107.03,16.7517],[107.0314,16.7469],[107.0335,16.7478],[107.0354,16.7456],[107.0406,16.7438],[107.044,16.7454],[107.0457,16.7436],[107.0494,16.7465],[107.0529,16.7469],[107.0548,16.752],[107.0589,16.7515],[107.063,16.7542],[107.0633,16.7621],[107.0653,16.7632]]]},"properties":{"ma_xa":"19333","ten_xa":"Đông Hà","sap_nhap":"Phường 1 (thành phố Đông Hà), Phường 3 (thành phố Đông Hà), Phường 4, Đông Giang, Đông Thanh","tru_so":"đang cập nhật","loai":"Phường","cap":2,"stt":42,"dtich_km2":38.05,"dan_so":50915,"matdo_km2":1338.11,"ma_tinh":"44","ten_tinh":"Quảng Trị"}},
{"type":"Feature","geometry":{"type":"Polygon","coordinates":[[[106.6868,17.416],[106.6808,17.423],[106.6626,17.4428],[106.6562,17.4502],[106.649,17.4591],[106.6376,17.4751],[106.6328,17.4842],[106.6285,17.4853],[106.6282,17.4927],[106.6222,17.5013],[106.617,17.4981],[106.6174,17.4956],[106.6132,17.4943],[106.6141,17.4921],[106.6124,17.4906],[106.6073,17.4887],[106.6072,17.4856],[106.6088,17.4835],[106.6089,17.4791],[106.6,17.4788],[106.5975,17.4751],[106.5982,17.4729],[106.5947,17.4687],[106.5873,17.4607],[106.5915,17.4585],[106.5934,17.4606],[106.5977,17.4581],[106.5992,17.4564],[106.5971,17.4547],[106.5987,17.4512],[106.5971,17.4498],[106.6029,17.4451],[106.6032,17.4423],[106.6048,17.4411],[106.6063,17.4379],[106.6083,17.4367],[106.6085,17.4339],[106.607,17.4318],[106.6104,17.4303],[106.6133,17.4267],[106.6179,17.4278],[106.6192,17.4253],[106.6219,17.4256],[106.6241,17.4273],[106.6235,17.432],[106.6246,17.434],[106.6291,17.4361],[106.6376,17.4359],[106.6392,17.4308],[106.6473,17.4177],[106.6502,17.4217],[106.6522,17.4222],[106.6539,17.4196],[106.6581,17.417],[106.6657,17.4206],[106.6745,17.4114],[106.6824,17.4115],[106.6843,17.4145],[106.6868,17.416]]]},"properties":{"ma_xa":"18880","ten_xa":"Đồng Hới","sap_nhap":"Đức Ninh Đông, Đồng Hải, Đồng Phú, Phú Hải, Hải Thành, Nam Lý, Bảo Ninh, Đức Ninh","tru_so":"đang cập nhật","loai":"Phường","cap":2,"stt":1,"dtich_km2":41.35,"dan_so":84196,"matdo_km2":2036.18,"ma_tinh":"44","ten_tinh":"Quảng Trị"}},
{"type":"Feature","geometry":{"type":"Polygon","coordinates":[[[106.0158,18.0344],[106.0118,18.037],[106.0074,18.0426],[106.0021,18.0458],[105.9996,18.0488],[105.9948,18.051],[105.9918,18.0502],[105.9917,18.0462],[105.9926,18.0406],[105.9925,18.0369],[105.9891,18.0342],[105.988,18.03],[105.9857,18.0266],[105.9817,18.0276],[105.973,18.0221],[105.9703,18.0219],[105.9689,18.0178],[105.9667,18.016],[105.9657,18.0117],[105.9632,18.0105],[105.9611,18.0121],[105.9582,18.0117],[105.9531,18.0175],[105.9508,18.017],[105.9445,18.0227],[105.9406,18.0248],[105.9373,18.0249],[105.9324,18.0272],[105.9299,18.0302],[105.9267,18.0308],[105.9215,18.0286],[105.9209,18.0253],[105.9179,18.0224],[105.9149,18.0177],[105.9112,18.015],[105.9133,18.0104],[105.9127,18.0072],[105.9137,18.0058],[105.9092,17.9981],[105.9062,17.9995],[105.8985,18.0053],[105.8958,18.0051],[105.8952,18.0024],[105.8912,17.9963],[105.8888,17.9948],[105.8873,17.9921],[105.8886,17.9881],[105.8914,17.9882],[105.8945,17.9933],[105.8987,17.9947],[105.8997,17.994],[105.8982,17.987],[105.8962,17.9842],[105.8915,17.9815],[105.8856,17.9753],[105.8846,17.9725],[105.8852,17.9682],[105.8815,17.9649],[105.8813,17.9618],[105.8765,17.9576],[105.878,17.9495],[105.8834,17.9411],[105.8873,17.9395],[105.8894,17.9361],[105.8925,17.9384],[105.8932,17.9431],[105.8947,17.9455],[105.8991,17.9475],[105.8997,17.9419],[105.8986,17.9381],[105.9002,17.9361],[105.9062,17.9355],[105.9095,17.9322],[105.9166,17.9321],[105.9195,17.9296],[105.9215,17.9262],[105.927,17.9253],[105.9303,17.9178],[105.9292,17.9143],[105.925,17.9123],[105.9258,17.908],[105.9326,17.9029],[105.9387,17.8997],[105.9413,17.8966],[105.9444,17.8945],[105.9482,17.8942],[105.9504,17.895],[105.957,17.8935],[105.9615,17.8931],[105.9637,17.8942],[105.9644,17.8977],[105.9681,17.8971],[105.9727,17.895],[105.9778,17.8955],[105.983,17.8894],[105.9833,17.8861],[105.9867,17.8846],[105.9909,17.8796],[105.9916,17.8772],[105.9943,17.8727],[105.9963,17.8724],[105.9995,17.87],[106.0016,17.8647],[106.0062,17.861],[106.0076,17.8612],[106.0163,17.8537],[106.0205,17.8513],[106.0236,17.8476],[106.018,17.8384],[106.0199,17.8336],[106.0222,17.8305],[106.0301,17.8268],[106.0329,17.8218],[106.0444,17.8136],[106.0498,17.8124],[106.0518,17.8137],[106.056,17.8135],[106.0584,17.8171],[106.0589,17.8195],[106.0531,17.8223],[106.0518,17.8245],[106.0566,17.8289],[106.0597,17.8297],[106.0608,17.8355],[106.0628,17.8388],[106.0659,17.8416],[106.0676,17.8406],[106.0723,17.845],[106.0755,17.8462],[106.0759,17.8506],[106.0717,17.8572],[106.0719,17.8597],[106.0703,17.8646],[106.0657,17.8667],[106.0616,17.8701],[106.0627,17.8784],[106.0621,17.8817],[106.0603,17.882],[106.0596,17.8851],[106.0628,17.8876],[106.0633,17.8897],[106.0656,17.8911],[106.0686,17.8975],[106.0684,17.9028],[106.0691,17.9047],[106.0637,17.9078],[106.0582,17.9087],[106.0589,17.9122],[106.0613,17.9169],[106.0579,17.9251],[106.0604,17.9297],[106.0619,17.9307],[106.0632,17.936],[106.0646,17.9376],[106.0594,17.9393],[106.0545,17.9439],[106.0488,17.9448],[106.047,17.9491],[106.0476,17.9543],[106.0494,17.9582],[106.0493,17.9622],[106.0477,17.9645],[106.0505,17.9673],[106.053,17.9684],[106.0548,17.9722],[106.0568,17.9725],[106.0592,17.9753],[106.0597,17.9781],[106.0618,17.9817],[106.0617,17.9839],[106.0634,17.9866],[106.0665,17.9883],[106.0677,17.9916],[106.0713,17.9952],[106.0697,17.9981],[106.0664,17.9996],[106.0644,18.0016],[106.0596,18.008],[106.0531,18.0197],[106.0496,18.0204],[106.0492,18.0259],[106.0452,18.0273],[106.0442,18.0262],[106.0397,18.0272],[106.0339,18.0241],[106.0305,18.0244],[106.0276,18.0226],[106.0206,18.025],[106.0165,18.0288],[106.0158,18.0344]]]},"properties":{"ma_xa":"18949","ten_xa":"Đồng Lê","sap_nhap":"Đồng Lê (thị trấn), Kim Hóa, Lê Hóa, Thuận Hóa, Sơn Hóa","tru_so":"đang cập nhật","loai":"Xã","cap":2,"stt":15,"dtich_km2":291.93,"dan_so":24533,"matdo_km2":84.04,"ma_tinh":"44","ten_tinh":"Quảng Trị"}},
{"type":"Feature","geometry":{"type":"Polygon","coordinates":[[[106.5623,17.4951],[106.5593,17.4935],[106.5553,17.4936],[106.5514,17.4899],[106.5472,17.4882],[106.5435,17.4884],[106.5403,17.4861],[106.544,17.4826],[106.5366,17.4792],[106.5325,17.4726],[106.5245,17.4702],[106.5226,17.466],[106.5206,17.4635],[106.5228,17.4601],[106.5245,17.4556],[106.524,17.451],[106.5272,17.4491],[106.5278,17.447],[106.5269,17.443],[106.5225,17.4405],[106.5179,17.4413],[106.5139,17.4349],[106.5106,17.4322],[106.5095,17.4301],[106.5073,17.4299],[106.5078,17.427],[106.506,17.426],[106.5092,17.4223],[106.5117,17.4216],[106.5061,17.4146],[106.5063,17.4099],[106.5053,17.4066],[106.5032,17.4057],[106.5009,17.4028],[106.4977,17.4014],[106.4983,17.3965],[106.4954,17.3933],[106.494,17.3861],[106.4924,17.3848],[106.4941,17.3808],[106.4962,17.3799],[106.4994,17.3769],[106.5035,17.3699],[106.5062,17.3693],[106.5112,17.3656],[106.5164,17.3679],[106.5183,17.3698],[106.5226,17.3702],[106.5266,17.3721],[106.5274,17.3757],[106.529,17.3766],[106.5325,17.3811],[106.5333,17.3836],[106.5376,17.3849],[106.5432,17.3881],[106.5487,17.3935],[106.5507,17.3939],[106.5553,17.3997],[106.5556,17.403],[106.5592,17.4043],[106.5635,17.4074],[106.5664,17.4077],[106.5721,17.4059],[106.5755,17.4025],[106.5839,17.403],[106.5868,17.407],[106.5863,17.4081],[106.592,17.4186],[106.5954,17.4181],[106.5948,17.4209],[106.597,17.4218],[106.598,17.4247],[106.606,17.4256],[106.6123,17.4235],[106.6192,17.4253],[106.6179,17.4278],[106.6133,17.4267],[106.6104,17.4303],[106.607,17.4318],[106.6085,17.4339],[106.6083,17.4367],[106.6063,17.4379],[106.6048,17.4411],[106.6032,17.4423],[106.6029,17.4451],[106.5971,17.4498],[106.5987,17.4512],[106.5971,17.4547],[106.5992,17.4564],[106.5977,17.4581],[106.5934,17.4606],[106.5915,17.4585],[106.5873,17.4607],[106.5861,17.4652],[106.5812,17.471],[106.5757,17.4751],[106.5714,17.4756],[106.5643,17.4719],[106.5622,17.478],[106.5629,17.481],[106.5617,17.4849],[106.5663,17.4864],[106.5623,17.4951]]]},"properties":{"ma_xa":"18871","ten_xa":"Đồng Sơn","sap_nhap":"Bắc Nghĩa, Đồng Sơn, Nghĩa Ninh, Thuận Đức","tru_so":"đang cập nhật","loai":"Phường","cap":2,"stt":3,"dtich_km2":88.03,"dan_so":32396,"matdo_km2":368.01,"ma_tinh":"44","ten_tinh":"Quảng Trị"}},
{"type":"Feature","geometry":{"type":"Polygon","coordinates":[[[106.6222,17.5013],[106.6158,17.5099],[106.6138,17.5121],[106.6052,17.5244],[106.6002,17.53],[106.5942,17.5206],[106.5898,17.5179],[106.5891,17.5216],[106.587,17.5241],[106.5786,17.5134],[106.5778,17.5106],[106.5749,17.5095],[106.569,17.506],[106.5632,17.4972],[106.5623,17.4951],[106.5663,17.4864],[106.5617,17.4849],[106.5629,17.481],[106.5622,17.478],[106.5643,17.4719],[106.5714,17.4756],[106.5757,17.4751],[106.5812,17.471],[106.5861,17.4652],[106.5873,17.4607],[106.5947,17.4687],[106.5982,17.4729],[106.5975,17.4751],[106.6,17.4788],[106.6089,17.4791],[106.6088,17.4835],[106.6072,17.4856],[106.6073,17.4887],[106.6124,17.4906],[106.6141,17.4921],[106.6132,17.4943],[106.6174,17.4956],[106.617,17.4981],[106.6222,17.5013]]]},"properties":{"ma_xa":"18859","ten_xa":"Đồng Thuận","sap_nhap":"Bắc Lý, Lộc Ninh, Quang Phú","tru_so":"đang cập nhật","loai":"Phường","cap":2,"stt":2,"dtich_km2":26.49,"dan_so":38521,"matdo_km2":1454.17,"ma_tinh":"44","ten_tinh":"Quảng Trị"}},
{"type":"Feature","geometry":{"type":"Polygon","coordinates":[[[106.5191,17.655],[106.5147,17.6542],[106.5107,17.6575],[106.5043,17.6518],[106.5045,17.6497],[106.4974,17.6471],[106.4937,17.649],[106.4851,17.6491],[106.4823,17.6518],[106.4776,17.6507],[106.4749,17.6521],[106.4689,17.6515],[106.4679,17.6526],[106.4631,17.6527],[106.4533,17.654],[106.4459,17.6527],[106.4433,17.6539],[106.4437,17.656],[106.4421,17.6582],[106.4357,17.6575],[106.4363,17.6535],[106.4341,17.6496],[106.4342,17.6375],[106.4321,17.6336],[106.4351,17.6326],[106.4407,17.6281],[106.4421,17.6299],[106.4456,17.631],[106.446,17.6339],[106.4481,17.6351],[106.4518,17.6312],[106.4521,17.635],[106.4543,17.6358],[106.4588,17.6337],[106.4576,17.6313],[106.459,17.629],[106.4641,17.6296],[106.4676,17.6262],[106.4741,17.6238],[106.478,17.6264],[106.4817,17.6245],[106.4874,17.6257],[106.4902,17.6248],[106.4932,17.6254],[106.5011,17.6275],[106.5009,17.6222],[106.5052,17.6191],[106.5108,17.6211],[106.5139,17.6204],[106.5139,17.6111],[106.5152,17.6098],[106.5207,17.6075],[106.5249,17.6034],[106.5269,17.6035],[106.5324,17.6066],[106.5335,17.6061],[106.5382,17.609],[106.5384,17.6137],[106.5448,17.6133],[106.5491,17.6142],[106.5469,17.6197],[106.5449,17.6224],[106.5409,17.6228],[106.5328,17.6329],[106.5266,17.6418],[106.5216,17.6501],[106.5191,17.655]]]},"properties":{"ma_xa":"19159","ten_xa":"Đông Trạch","sap_nhap":"Hải Phú (huyện Bố Trạch), Sơn Lộc, Đức Trạch, Đồng Trạch","tru_so":"đang cập nhật","loai":"Xã","cap":2,"stt":27,"dtich_km2":35.72,"dan_so":34174,"matdo_km2":956.72,"ma_tinh":"44","ten_tinh":"Quảng Trị"}},
{"type":"Feature","geometry":{"type":"Polygon","coordinates":[[[107.1398,16.9457],[107.1382,16.9495],[107.1307,16.9614],[107.1262,16.9657],[107.1229,16.9666],[107.1232,16.9724],[107.1185,16.9737],[107.1144,16.9817],[107.1101,16.9833],[107.1043,16.983],[107.1032,16.9859],[107.1004,16.9841],[107.0955,16.9838],[107.0913,16.9874],[107.0869,16.9864],[107.0839,16.9819],[107.0857,16.9746],[107.0853,16.9697],[107.0801,16.9669],[107.076,16.9674],[107.0708,16.9633],[107.062,16.9681],[107.0599,16.9681],[107.0562,16.9533],[107.0526,16.9528],[107.0485,16.9503],[107.0417,16.9434],[107.0367,16.9422],[107.0365,16.9406],[107.0307,16.9391],[107.0276,16.9407],[107.0262,16.9469],[107.0213,16.9503],[107.0195,16.9471],[107.0169,16.9454],[107.01,16.9458],[107.0043,16.9443],[107.003,16.9446],[107.0008,16.9402],[107.0011,16.936],[107.0035,16.9328],[107.0061,16.9316],[107.0108,16.928],[107.0135,16.9297],[107.0171,16.9303],[107.0236,16.9291],[107.0265,16.927],[107.0388,16.9263],[107.0396,16.92],[107.0429,16.919],[107.0438,16.9171],[107.0491,16.9139],[107.0542,16.9076],[107.057,16.9077],[107.0599,16.9062],[107.0599,16.9025],[107.0634,16.9001],[107.0618,16.8953],[107.0622,16.8933],[107.0659,16.8916],[107.0692,16.8875],[107.0668,16.887],[107.0686,16.8809],[107.0667,16.8792],[107.0647,16.8805],[107.0618,16.8771],[107.0653,16.8761],[107.0679,16.8737],[107.0711,16.8748],[107.0742,16.8697],[107.0785,16.8703],[107.0813,16.8697],[107.0825,16.8719],[107.0853,16.8725],[107.0902,16.8696],[107.0976,16.8689],[107.0995,16.8655],[107.1015,16.8647],[107.0989,16.8604],[107.1001,16.8584],[107.1031,16.8602],[107.1044,16.8617],[107.1103,16.861],[107.1117,16.8584],[107.108,16.8571],[107.109,16.8515],[107.112,16.8495],[107.113,16.8515],[107.1153,16.8516],[107.1175,16.8453],[107.1207,16.8446],[107.1249,16.8469],[107.1255,16.8499],[107.1292,16.8573],[107.1267,16.8581],[107.1258,16.869],[107.124,16.873],[107.1132,16.89],[107.1066,16.8987],[107.1003,16.906],[107.0986,16.9098],[107.0974,16.9152],[107.1004,16.918],[107.1053,16.9193],[107.1093,16.9196],[107.1268,16.9274],[107.129,16.9287],[107.1435,16.93],[107.1398,16.9457]]]},"properties":{"ma_xa":"19495","ten_xa":"Gio Linh","sap_nhap":"Gio Linh (thị trấn), Gio Quang, Gio Mỹ, Phong Bình","tru_so":"đang cập nhật","loai":"Xã","cap":2,"stt":52,"dtich_km2":96.7,"dan_so":31738,"matdo_km2":328.21,"ma_tinh":"44","ten_tinh":"Quảng Trị"}},
{"type":"Feature","geometry":{"type":"Polygon","coordinates":[[[107.2457,16.7253],[107.238,16.7328],[107.2325,16.7377],[107.2323,16.7393],[107.2288,16.7431],[107.2235,16.7462],[107.2224,16.7481],[107.2178,16.7471],[107.2154,16.7481],[107.2147,16.7519],[107.2125,16.7537],[107.2107,16.752],[107.2106,16.7463],[107.2062,16.7457],[107.1987,16.7478],[107.1966,16.7396],[107.1919,16.7412],[107.1909,16.7333],[107.1925,16.7273],[107.1907,16.7261],[107.1922,16.7236],[107.1907,16.7176],[107.189,16.717],[107.1895,16.7137],[107.187,16.7099],[107.1842,16.7095],[107.1787,16.7045],[107.18,16.7005],[107.1827,16.6995],[107.1852,16.6941],[107.1846,16.6892],[107.1858,16.6874],[107.184,16.6839],[107.1847,16.6798],[107.1795,16.6778],[107.1817,16.675],[107.1807,16.6692],[107.1778,16.6657],[107.1781,16.663],[107.1758,16.6585],[107.1753,16.6557],[107.1706,16.6528],[107.169,16.6496],[107.1674,16.6441],[107.1685,16.6402],[107.1653,16.639],[107.1594,16.6409],[107.1568,16.6405],[107.1533,16.6414],[107.1465,16.6373],[107.1426,16.6356],[107.1385,16.6377],[107.1356,16.6361],[107.133,16.6372],[107.1273,16.6354],[107.1264,16.6344],[107.1208,16.6373],[107.1147,16.6365],[107.1121,16.637],[107.1084,16.6321],[107.1044,16.6319],[107.0991,16.6357],[107.0952,16.6331],[107.0928,16.6336],[107.0906,16.6324],[107.0879,16.6328],[107.085,16.6287],[107.079,16.6284],[107.0899,16.619],[107.0922,16.6179],[107.0935,16.613],[107.0939,16.608],[107.1014,16.605],[107.1049,16.6017],[107.1082,16.6016],[107.1111,16.6001],[107.1111,16.5981],[107.1074,16.5951],[107.1095,16.5915],[107.1101,16.5889],[107.112,16.5886],[107.1132,16.586],[107.1154,16.5845],[107.1192,16.5836],[107.1274,16.5797],[107.1282,16.578],[107.1344,16.578],[107.1398,16.5739],[107.1408,16.5719],[107.1409,16.5743],[107.1437,16.5769],[107.143,16.579],[107.1452,16.5831],[107.1511,16.5845],[107.1532,16.5862],[107.1555,16.5898],[107.1583,16.5897],[107.1604,16.5912],[107.1642,16.5917],[107.1678,16.5949],[107.1709,16.596],[107.1725,16.6037],[107.1771,16.6095],[107.1782,16.6117],[107.181,16.6117],[107.182,16.6149],[107.181,16.6185],[107.1819,16.6204],[107.1789,16.6227],[107.1804,16.6251],[107.178,16.6297],[107.1789,16.632],[107.1815,16.6329],[107.1855,16.6393],[107.1887,16.6399],[107.1909,16.6419],[107.1944,16.6399],[107.1954,16.638],[107.2019,16.6381],[107.2051,16.6371],[107.2076,16.6395],[107.2094,16.6449],[107.2116,16.6472],[107.2113,16.6512],[107.2144,16.6545],[107.2187,16.6561],[107.2202,16.6584],[107.225,16.6603],[107.2284,16.6646],[107.2323,16.6646],[107.2344,16.6665],[107.2379,16.6667],[107.2384,16.6684],[107.2415,16.6683],[107.245,16.6713],[107.2417,16.674],[107.2416,16.6771],[107.2459,16.6802],[107.247,16.6873],[107.2392,16.6925],[107.2488,16.7024],[107.2462,16.7027],[107.2458,16.7077],[107.2427,16.713],[107.2453,16.7157],[107.2439,16.7201],[107.2457,16.7253]]]},"properties":{"ma_xa":"19702","ten_xa":"Hải Lăng","sap_nhap":"Hải Phú (huyện Hải Lăng), Hải Lâm, Hải Thượng","tru_so":"đang cập nhật","loai":"Xã","cap":2,"stt":75,"dtich_km2":116.89,"dan_so":16589,"matdo_km2":141.92,"ma_tinh":"44","ten_tinh":"Quảng Trị"}},
{"type":"Feature","geometry":{"type":"Polygon","coordinates":[[[107.1031,16.8602],[107.1001,16.8584],[107.0989,16.8604],[107.1015,16.8647],[107.0995,16.8655],[107.0976,16.8689],[107.0902,16.8696],[107.0853,16.8725],[107.0825,16.8719],[107.0813,16.8697],[107.0785,16.8703],[107.0742,16.8697],[107.0711,16.8748],[107.0679,16.8737],[107.0653,16.8761],[107.0618,16.8771],[107.0515,16.8834],[107.0447,16.8848],[107.0374,16.8844],[107.036,16.8838],[107.0369,16.8794],[107.0348,16.8776],[107.0349,16.8756],[107.0277,16.8755],[107.0245,16.8707],[107.0203,16.8696],[107.017,16.8596],[107.0151,16.8576],[107.0117,16.8571],[107.0073,16.8599],[107.0034,16.8597],[107.0003,16.8578],[106.9924,16.8594],[106.9889,16.8608],[106.9859,16.8605],[106.9764,16.8613],[106.9735,16.8606],[106.9714,16.8614],[106.9693,16.8584],[106.9659,16.8571],[106.9649,16.8584],[106.9603,16.8587],[106.9552,16.855],[106.9502,16.8572],[106.9433,16.8539],[106.9397,16.8568],[106.9385,16.8614],[106.9386,16.8647],[106.9412,16.8676],[106.9413,16.874],[106.9403,16.8789],[106.9386,16.8814],[106.9314,16.8821],[106.9276,16.8813],[106.9254,16.8789],[106.9254,16.8763],[106.9228,16.8733],[106.9176,16.8745],[106.9153,16.8727],[106.9068,16.868],[106.9078,16.8631],[106.9099,16.8615],[106.9092,16.8583],[106.9093,16.8538],[106.9051,16.8522],[106.9021,16.8546],[106.8992,16.8538],[106.897,16.8518],[106.8961,16.8476],[106.8973,16.8464],[106.8988,16.8423],[106.9007,16.8424],[106.901,16.8389],[106.9066,16.8351],[106.9096,16.8347],[106.909,16.8324],[106.9045,16.8299],[106.9017,16.8296],[106.9002,16.828],[106.8968,16.8278],[106.893,16.8257],[106.8898,16.8262],[106.8882,16.8244],[106.8855,16.8248],[106.8825,16.823],[106.8785,16.824],[106.8763,16.8221],[106.8645,16.8175],[106.8613,16.8182],[106.8566,16.816],[106.8512,16.816],[106.8489,16.8181],[106.8422,16.8178],[106.8386,16.8198],[106.8371,16.8184],[106.8388,16.8147],[106.8366,16.8112],[106.8342,16.8097],[106.8305,16.8109],[106.8298,16.8084],[106.8326,16.8072],[106.8367,16.8006],[106.8359,16.7972],[106.8376,16.7966],[106.8421,16.7886],[106.8418,16.7852],[106.8437,16.7819],[106.8536,16.7803],[106.856,16.7733],[106.8571,16.7763],[106.8619,16.7814],[106.8647,16.7832],[106.8692,16.7889],[106.8753,16.7881],[106.8788,16.7898],[106.8814,16.7899],[106.8841,16.786],[106.8875,16.7876],[106.8916,16.7856],[106.8945,16.7853],[106.8976,16.7833],[106.8988,16.7864],[106.9055,16.7863],[106.9073,16.7906],[106.912,16.7895],[106.9179,16.7919],[106.9248,16.7887],[106.929,16.7911],[106.9287,16.7949],[106.9311,16.7969],[106.9344,16.7946],[106.936,16.7954],[106.9392,16.8],[106.9465,16.8031],[106.9477,16.8052],[106.9475,16.8084],[106.954,16.8121],[106.9585,16.8134],[106.9663,16.8136],[106.9704,16.8116],[106.9762,16.8108],[106.9793,16.8126],[106.9839,16.8129],[106.9883,16.8124],[106.9937,16.8146],[106.9974,16.8141],[106.9999,16.8154],[107.0008,16.8178],[106.9986,16.8216],[107.0005,16.8237],[107.0035,16.8225],[107.0048,16.8199],[107.0081,16.8185],[107.0115,16.8198],[107.0138,16.8184],[107.0122,16.8159],[107.0143,16.8126],[107.0119,16.8069],[107.0114,16.802],[107.0123,16.7996],[107.0153,16.7987],[107.0164,16.7952],[107.0133,16.7929],[107.0159,16.7894],[107.016,16.7866],[107.0133,16.7856],[107.0126,16.7837],[107.015,16.7817],[107.0148,16.776],[107.0138,16.772],[107.0119,16.7703],[107.0115,16.7654],[107.0135,16.7652],[107.0141,16.7602],[107.0134,16.7573],[107.0141,16.7546],[107.0096,16.7509],[107.0121,16.7505],[107.0236,16.75],[107.0273,16.7503],[107.03,16.7517],[107.0285,16.7566],[107.0336,16.7658],[107.0344,16.771],[107.0366,16.7751],[107.0389,16.7762],[107.0407,16.7808],[107.0441,16.784],[107.05,16.7851],[107.0557,16.7854],[107.0531,16.791],[107.0563,16.7968],[107.0483,16.7975],[107.0482,16.8062],[107.0538,16.808],[107.0614,16.8152],[107.0601,16.8169],[107.058,16.8227],[107.0613,16.8237],[107.0615,16.8282],[107.0601,16.83],[107.0642,16.8316],[107.0676,16.8309],[107.0721,16.8316],[107.0754,16.8334],[107.0784,16.8323],[107.0815,16.8349],[107.084,16.8352],[107.0888,16.8382],[107.0892,16.8412],[107.1038,16.85],[107.1031,16.8602]]]},"properties":{"ma_xa":"19603","ten_xa":"Hiếu Giang","sap_nhap":"Cam Thủy (huyện Cam Lộ), Cam Hiếu, Cam Tuyền, Thanh An","tru_so":"đang cập nhật","loai":"Xã","cap":2,"stt":67,"dtich_km2":177.36,"dan_so":29661,"matdo_km2":167.24,"ma_tinh":"44","ten_tinh":"Quảng Trị"}},
{"type":"Feature","geometry":{"type":"Polygon","coordinates":[[[106.4565,17.8781],[106.4538,17.8782],[106.4519,17.8764],[106.4487,17.8758],[106.4424,17.8792],[106.4398,17.8785],[106.4364,17.8756],[106.4325,17.8766],[106.4294,17.8798],[106.4277,17.8837],[106.4271,17.8874],[106.4249,17.8909],[106.423,17.8919],[106.4201,17.8913],[106.418,17.8895],[106.4136,17.8898],[106.4123,17.893],[106.4107,17.893],[106.4068,17.8903],[106.4054,17.8931],[106.4027,17.8935],[106.3997,17.8962],[106.4006,17.8973],[106.4001,17.9018],[106.4019,17.9084],[106.3991,17.9134],[106.3983,17.9196],[106.396,17.9175],[106.3962,17.9141],[106.3951,17.9122],[106.3922,17.911],[106.3903,17.9064],[106.3912,17.9045],[106.3874,17.8997],[106.3844,17.8998],[106.3825,17.8974],[106.3822,17.895],[106.3773,17.891],[106.3715,17.8889],[106.3656,17.8923],[106.3616,17.892],[106.3598,17.8903],[106.3555,17.8911],[106.3527,17.8926],[106.3519,17.895],[106.3488,17.8949],[106.3448,17.8962],[106.3419,17.8986],[106.3383,17.8997],[106.3343,17.8989],[106.3281,17.9027],[106.3248,17.9032],[106.3187,17.9025],[106.3206,17.8971],[106.3188,17.8944],[106.3221,17.8887],[106.3216,17.8845],[106.3242,17.8823],[106.3287,17.8816],[106.3308,17.8772],[106.3311,17.8738],[106.3337,17.8716],[106.3348,17.8661],[106.3364,17.8638],[106.3415,17.8615],[106.3466,17.8616],[106.3502,17.861],[106.3517,17.859],[106.3575,17.8581],[106.3632,17.8565],[106.3686,17.8464],[106.3716,17.8466],[106.3757,17.854],[106.3807,17.856],[106.3835,17.8538],[106.3844,17.8507],[106.3875,17.8484],[106.3895,17.8491],[106.3928,17.8478],[106.3964,17.8487],[106.4038,17.8585],[106.4066,17.8598],[106.4114,17.8605],[106.4162,17.8596],[106.4214,17.8602],[106.4235,17.8589],[106.4299,17.8569],[106.436,17.8581],[106.4355,17.8548],[106.4392,17.8547],[106.4426,17.8537],[106.443,17.8562],[106.4464,17.8559],[106.4479,17.8612],[106.4525,17.8719],[106.4565,17.8781]]]},"properties":{"ma_xa":"19033","ten_xa":"Hòa Trạch","sap_nhap":"Quảng Châu, Quảng Tùng, Cảnh Dương","tru_so":"đang cập nhật","loai":"Xã","cap":2,"stt":22,"dtich_km2":52.67,"dan_so":29901,"matdo_km2":567.7,"ma_tinh":"44","ten_tinh":"Quảng Trị"}},
{"type":"Feature","geometry":{"type":"Polygon","coordinates":[[[106.5491,17.6142],[106.5448,17.6133],[106.5384,17.6137],[106.5382,17.609],[106.5335,17.6061],[106.5324,17.6066],[106.5269,17.6035],[106.5249,17.6034],[106.5207,17.6075],[106.5152,17.6098],[106.5139,17.6111],[106.5139,17.6204],[106.5108,17.6211],[106.5052,17.6191],[106.5009,17.6222],[106.5011,17.6275],[106.4932,17.6254],[106.4961,17.6241],[106.4963,17.6155],[106.4938,17.6136],[106.4907,17.6145],[106.4904,17.6191],[106.4865,17.6187],[106.486,17.611],[106.4884,17.6094],[106.4926,17.6083],[106.4957,17.6019],[106.5001,17.599],[106.4984,17.597],[106.4927,17.5929],[106.4902,17.5894],[106.487,17.5889],[106.4857,17.59],[106.4822,17.5882],[106.4777,17.5873],[106.4752,17.5888],[106.4719,17.588],[106.4618,17.584],[106.458,17.5834],[106.4536,17.5793],[106.4523,17.5771],[106.4526,17.5699],[106.4471,17.5613],[106.4469,17.5596],[106.4428,17.5557],[106.4365,17.5548],[106.4348,17.5526],[106.4355,17.5493],[106.435,17.5463],[106.436,17.5425],[106.438,17.5413],[106.4447,17.5421],[106.4533,17.5352],[106.4618,17.5341],[106.4619,17.5314],[106.4643,17.5304],[106.4698,17.5313],[106.4714,17.5298],[106.4752,17.5294],[106.4759,17.5308],[106.4835,17.5275],[106.4863,17.5291],[106.4883,17.5316],[106.4927,17.5328],[106.4916,17.5294],[106.4894,17.5277],[106.4909,17.5223],[106.4952,17.5193],[106.4975,17.514],[106.5039,17.5142],[106.5047,17.5153],[106.5058,17.5219],[106.5037,17.5234],[106.5089,17.5283],[106.5105,17.5305],[106.5145,17.5338],[106.5153,17.5329],[106.5191,17.5343],[106.5248,17.5313],[106.5286,17.5319],[106.5349,17.5387],[106.538,17.5393],[106.5446,17.5448],[106.5461,17.5468],[106.5509,17.5508],[106.5528,17.5516],[106.5548,17.5501],[106.5539,17.5442],[106.556,17.5425],[106.5589,17.5453],[106.562,17.5453],[106.5634,17.5439],[106.5691,17.5413],[106.5706,17.542],[106.5723,17.5484],[106.5735,17.5502],[106.5786,17.5517],[106.5738,17.5604],[106.5733,17.5621],[106.5771,17.5645],[106.5738,17.5693],[106.5652,17.5837],[106.5571,17.5994],[106.5535,17.6052],[106.5491,17.6142]]]},"properties":{"ma_xa":"19111","ten_xa":"Hoàn Lão","sap_nhap":"Hoàn Lão (thị trấn), Trung Trạch, Đại Trạch, Tây Trạch, Hòa Trạch","tru_so":"đang cập nhật","loai":"Xã","cap":2,"stt":28,"dtich_km2":99.03,"dan_so":43554,"matdo_km2":439.81,"ma_tinh":"44","ten_tinh":"Quảng Trị"}},
{"type":"Feature","geometry":{"type":"Polygon","coordinates":[[[106.8305,16.8109],[106.8283,16.815],[106.8236,16.8151],[106.8225,16.8178],[106.8207,16.8182],[106.8186,16.8152],[106.8173,16.8186],[106.8139,16.8179],[106.8108,16.8229],[106.8063,16.8242],[106.799,16.8215],[106.7971,16.8226],[106.7949,16.8216],[106.7925,16.8243],[106.7901,16.8204],[106.7875,16.823],[106.7895,16.8263],[106.7892,16.8293],[106.7873,16.8334],[106.7851,16.8331],[106.7869,16.8266],[106.7826,16.8225],[106.7805,16.8248],[106.7799,16.8301],[106.7809,16.8323],[106.778,16.8344],[106.7722,16.8307],[106.7682,16.8273],[106.7638,16.8214],[106.7619,16.8201],[106.7594,16.8106],[106.757,16.8079],[106.7571,16.804],[106.7534,16.8001],[106.7489,16.7984],[106.7431,16.7981],[106.7412,16.7961],[106.738,16.7951],[106.7333,16.7917],[106.731,16.7885],[106.728,16.7862],[106.7245,16.7792],[106.7224,16.7774],[106.7193,16.7764],[106.7144,16.7762],[106.7121,16.7734],[106.7122,16.7704],[106.7155,16.7652],[106.7239,16.7578],[106.7263,16.7566],[106.7344,16.7562],[106.7399,16.7577],[106.743,16.7576],[106.7467,16.7536],[106.7477,16.7536],[106.7529,16.7477],[106.759,16.7462],[106.7631,16.7442],[106.7663,16.7454],[106.7746,16.7404],[106.7889,16.7351],[106.7906,16.7352],[106.7961,16.7312],[106.7963,16.7279],[106.8001,16.7279],[106.8021,16.7255],[106.8011,16.7232],[106.8019,16.721],[106.8046,16.7202],[106.8057,16.7153],[106.8041,16.7117],[106.8058,16.7071],[106.8114,16.7054],[106.8159,16.7065],[106.8229,16.7042],[106.8396,16.6981],[106.8412,16.695],[106.8448,16.6937],[106.847,16.691],[106.8496,16.692],[106.8569,16.6929],[106.8598,16.6906],[106.8648,16.6888],[106.8676,16.6894],[106.8713,16.6879],[106.8731,16.683],[106.8782,16.6773],[106.8823,16.676],[106.8856,16.6709],[106.8853,16.6687],[106.8863,16.6589],[106.8893,16.6502],[106.8931,16.6488],[106.8935,16.6445],[106.8897,16.6381],[106.89,16.6351],[106.8882,16.6327],[106.8919,16.6287],[106.897,16.6281],[106.9023,16.6245],[106.9039,16.6358],[106.9033,16.6404],[106.9048,16.6437],[106.9084,16.6451],[106.9122,16.6456],[106.9158,16.6473],[106.9196,16.6473],[106.9218,16.6492],[106.9276,16.6501],[106.9272,16.655],[106.9306,16.6642],[106.9324,16.6662],[106.9316,16.6705],[106.9324,16.6746],[106.9249,16.6798],[106.9265,16.6823],[106.9267,16.6854],[106.9235,16.686],[106.9192,16.6855],[106.9152,16.6864],[106.9147,16.6892],[106.9072,16.6953],[106.9043,16.6985],[106.9034,16.7039],[106.8989,16.7064],[106.8976,16.7108],[106.8984,16.718],[106.8961,16.7194],[106.8939,16.7238],[106.8898,16.7251],[106.8864,16.7341],[106.8854,16.7383],[106.8819,16.7395],[106.8783,16.7482],[106.8795,16.7514],[106.8779,16.7549],[106.8751,16.7551],[106.8738,16.7595],[106.8688,16.7634],[106.8658,16.7683],[106.8624,16.7677],[106.8582,16.7687],[106.856,16.7733],[106.8536,16.7803],[106.8437,16.7819],[106.8418,16.7852],[106.8421,16.7886],[106.8376,16.7966],[106.8359,16.7972],[106.8367,16.8006],[106.8326,16.8072],[106.8298,16.8084],[106.8305,16.8109]]]},"properties":{"ma_xa":"19555","ten_xa":"Hướng Hiệp","sap_nhap":"Krông Klang (thị trấn), Mò Ó, Hướng Hiệp","tru_so":"đang cập nhật","loai":"Xã","cap":2,"stt":65,"dtich_km2":185.61,"dan_so":13454,"matdo_km2":72.49,"ma_tinh":"44","ten_tinh":"Quảng Trị"}},
{"type":"Feature","geometry":{"type":"Polygon","coordinates":[[[106.7024,16.9411],[106.7004,16.9447],[106.6961,16.9478],[106.6932,16.9556],[106.6847,16.9557],[106.681,16.9519],[106.6779,16.9516],[106.6694,16.9472],[106.6681,16.9476],[106.6648,16.945],[106.6619,16.9378],[106.6606,16.9366],[106.6551,16.9368],[106.6507,16.9359],[106.6447,16.9394],[106.6429,16.9383],[106.64,16.9395],[106.6293,16.9412],[106.6266,16.939],[106.6229,16.9384],[106.6202,16.9395],[106.6159,16.9385],[106.614,16.9393],[106.6073,16.9391],[106.6049,16.9407],[106.5996,16.9473],[106.6001,16.9565],[106.5934,16.9588],[106.5931,16.9631],[106.5897,16.9697],[106.587,16.9716],[106.5873,16.9776],[106.594,16.9815],[106.5939,16.9845],[106.5923,16.9875],[106.586,16.99],[106.5798,16.9891],[106.5686,16.9891],[106.5626,16.9877],[106.5618,16.9907],[106.5598,16.9925],[106.5521,16.994],[106.5499,16.9976],[106.5475,16.926],[106.5424,16.9265],[106.5372,16.9242],[106.5329,16.925],[106.5313,16.9263],[106.5274,16.9253],[106.5247,16.9257],[106.5246,16.9212],[106.5194,16.922],[106.5187,16.917],[106.5164,16.9143],[106.5164,16.9067],[106.5189,16.9049],[106.519,16.902],[106.5168,16.897],[106.5186,16.8896],[106.5278,16.8858],[106.5314,16.8831],[106.5389,16.8731],[106.5475,16.8688],[106.5512,16.8678],[106.5514,16.8387],[106.5516,16.7988],[106.5544,16.8005],[106.5599,16.8025],[106.5685,16.7958],[106.5794,16.8105],[106.5856,16.8123],[106.5887,16.8122],[106.5998,16.807],[106.6108,16.8084],[106.6097,16.8137],[106.6125,16.822],[106.6135,16.8233],[106.6138,16.8278],[106.618,16.8303],[106.6201,16.833],[106.6205,16.8357],[106.6268,16.8416],[106.6291,16.8427],[106.6316,16.8458],[106.6333,16.8494],[106.6338,16.8531],[106.6329,16.8556],[106.6345,16.8579],[106.6404,16.8599],[106.6489,16.8651],[106.6526,16.8689],[106.6559,16.8684],[106.6654,16.871],[106.6692,16.8705],[106.672,16.8716],[106.6769,16.8754],[106.6799,16.8753],[106.6855,16.8812],[106.6866,16.8833],[106.6906,16.8831],[106.6932,16.884],[106.6921,16.8853],[106.6929,16.8891],[106.6897,16.894],[106.6897,16.8969],[106.6867,16.9003],[106.6874,16.9026],[106.6807,16.9083],[106.6854,16.9121],[106.6871,16.9194],[106.6914,16.9207],[106.6929,16.9235],[106.6954,16.9248],[106.6979,16.9283],[106.6965,16.9341],[106.7005,16.9395],[106.7024,16.9411]]]},"properties":{"ma_xa":"19435","ten_xa":"Hướng Lập","sap_nhap":"Hướng Việt, Hướng Lập","tru_so":"đang cập nhật","loai":"Xã","cap":2,"stt":54,"dtich_km2":219.64,"dan_so":3539,"matdo_km2":16.11,"ma_tinh":"44","ten_tinh":"Quảng Trị"}},
{"type":"Feature","geometry":{"type":"Polygon","coordinates":[[[106.778,16.8344],[106.7764,16.8374],[106.7768,16.8413],[106.7745,16.8455],[106.7704,16.8505],[106.7706,16.8536],[106.768,16.8544],[106.7655,16.8565],[106.7627,16.8606],[106.7627,16.8623],[106.7599,16.8646],[106.7555,16.8706],[106.7568,16.8734],[106.7479,16.8746],[106.7449,16.8775],[106.7415,16.8777],[106.7353,16.8799],[106.7333,16.8782],[106.7303,16.8778],[106.7232,16.8795],[106.7189,16.8827],[106.7137,16.8807],[106.7088,16.8804],[106.7072,16.8793],[106.7044,16.8807],[106.7021,16.8805],[106.6996,16.8824],[106.6944,16.8844],[106.6932,16.884],[106.6906,16.8831],[106.6866,16.8833],[106.6855,16.8812],[106.6799,16.8753],[106.6769,16.8754],[106.672,16.8716],[106.6692,16.8705],[106.6654,16.871],[106.6559,16.8684],[106.6526,16.8689],[106.6489,16.8651],[106.6404,16.8599],[106.6345,16.8579],[106.6329,16.8556],[106.6338,16.8531],[106.6333,16.8494],[106.6316,16.8458],[106.6291,16.8427],[106.6268,16.8416],[106.6205,16.8357],[106.6201,16.833],[106.618,16.8303],[106.6138,16.8278],[106.6135,16.8233],[106.6125,16.822],[106.6097,16.8137],[106.6108,16.8084],[106.5998,16.807],[106.5887,16.8122],[106.5856,16.8123],[106.5794,16.8105],[106.5685,16.7958],[106.5599,16.8025],[106.5544,16.8005],[106.5516,16.7988],[106.5517,16.7791],[106.5522,16.6943],[106.5554,16.6859],[106.5574,16.6834],[106.5568,16.6788],[106.5582,16.6769],[106.5581,16.674],[106.5612,16.6686],[106.5653,16.6658],[106.5652,16.6626],[106.5668,16.6614],[106.5668,16.6545],[106.5677,16.653],[106.5669,16.6497],[106.5637,16.6459],[106.5653,16.6413],[106.568,16.6418],[106.5847,16.642],[106.5999,16.6515],[106.6177,16.6537],[106.6192,16.6559],[106.6173,16.6585],[106.6076,16.6643],[106.6039,16.6639],[106.5989,16.6644],[106.5985,16.6717],[106.5961,16.6756],[106.6001,16.6794],[106.6032,16.6792],[106.6068,16.6815],[106.6103,16.6798],[106.6151,16.6787],[106.6176,16.6791],[106.6207,16.6824],[106.6259,16.6867],[106.6266,16.6886],[106.6301,16.6899],[106.6306,16.6924],[106.6331,16.6937],[106.6336,16.697],[106.6371,16.6947],[106.6422,16.6967],[106.6458,16.6962],[106.6482,16.6979],[106.6536,16.6993],[106.659,16.6954],[106.6591,16.6932],[106.661,16.69],[106.6653,16.6898],[106.6676,16.6869],[106.6734,16.6829],[106.6769,16.6791],[106.68,16.6776],[106.6854,16.679],[106.6871,16.6773],[106.6894,16.6786],[106.6996,16.6786],[106.7085,16.6831],[106.7203,16.6863],[106.7248,16.6887],[106.7339,16.6886],[106.7352,16.6868],[106.7377,16.6878],[106.7398,16.6868],[106.741,16.6841],[106.7452,16.6828],[106.7471,16.6836],[106.7537,16.6788],[106.7564,16.676],[106.7603,16.6736],[106.7656,16.6721],[106.7701,16.6731],[106.7763,16.6715],[106.7871,16.6726],[106.7919,16.6736],[106.7974,16.6765],[106.8015,16.6763],[106.8015,16.6937],[106.8058,16.7071],[106.8041,16.7117],[106.8057,16.7153],[106.8046,16.7202],[106.8019,16.721],[106.8011,16.7232],[106.8021,16.7255],[106.8001,16.7279],[106.7963,16.7279],[106.7961,16.7312],[106.7906,16.7352],[106.7889,16.7351],[106.7746,16.7404],[106.7663,16.7454],[106.7631,16.7442],[106.759,16.7462],[106.7529,16.7477],[106.7477,16.7536],[106.7467,16.7536],[106.743,16.7576],[106.7399,16.7577],[106.7344,16.7562],[106.7263,16.7566],[106.7239,16.7578],[106.7155,16.7652],[106.7122,16.7704],[106.7121,16.7734],[106.7144,16.7762],[106.7193,16.7764],[106.7224,16.7774],[106.7245,16.7792],[106.728,16.7862],[106.731,16.7885],[106.7333,16.7917],[106.738,16.7951],[106.7412,16.7961],[106.7431,16.7981],[106.7489,16.7984],[106.7534,16.8001],[106.7571,16.804],[106.757,16.8079],[106.7594,16.8106],[106.7619,16.8201],[106.7638,16.8214],[106.7682,16.8273],[106.7722,16.8307],[106.778,16.8344]]]},"properties":{"ma_xa":"19441","ten_xa":"Hướng Phùng","sap_nhap":"Hướng Sơn, Hướng Linh, Hướng Phùng","tru_so":"đang cập nhật","loai":"Xã","cap":2,"stt":55,"dtich_km2":447.59,"dan_so":12029,"matdo_km2":26.88,"ma_tinh":"44","ten_tinh":"Quảng Trị"}},
{"type":"Feature","geometry":{"type":"Polygon","coordinates":[[[106.7701,16.6731],[106.7656,16.6721],[106.7603,16.6736],[106.7564,16.676],[106.7537,16.6788],[106.7471,16.6836],[106.7452,16.6828],[106.741,16.6841],[106.7398,16.6868],[106.7377,16.6878],[106.7352,16.6868],[106.7339,16.6886],[106.7248,16.6887],[106.7203,16.6863],[106.7085,16.6831],[106.6996,16.6786],[106.6894,16.6786],[106.6871,16.6773],[106.6854,16.679],[106.68,16.6776],[106.6769,16.6791],[106.6734,16.6829],[106.6676,16.6869],[106.6653,16.6898],[106.661,16.69],[106.6591,16.6932],[106.659,16.6954],[106.6536,16.6993],[106.6508,16.6931],[106.6508,16.6886],[106.649,16.6747],[106.6492,16.6713],[106.6518,16.6705],[106.6574,16.6656],[106.6592,16.6627],[106.6634,16.6623],[106.6685,16.6596],[106.6749,16.655],[106.6757,16.6533],[106.6827,16.6494],[106.6862,16.6488],[106.6874,16.6472],[106.6972,16.6426],[106.6977,16.6415],[106.7053,16.6405],[106.7083,16.6437],[106.7147,16.6396],[106.7192,16.6395],[106.7219,16.6361],[106.7266,16.6331],[106.7293,16.6274],[106.7262,16.6271],[106.7187,16.6226],[106.7207,16.6144],[106.7228,16.613],[106.7225,16.6107],[106.7257,16.6085],[106.7287,16.6085],[106.7283,16.5993],[106.7224,16.5888],[106.7318,16.5822],[106.7392,16.5755],[106.7407,16.5727],[106.7404,16.5688],[106.7491,16.5442],[106.7497,16.5413],[106.7524,16.5373],[106.7561,16.5373],[106.7602,16.5404],[106.7639,16.5422],[106.764,16.5453],[106.7618,16.5495],[106.7621,16.5513],[106.7595,16.5559],[106.7596,16.5614],[106.762,16.5607],[106.7644,16.5621],[106.771,16.5598],[106.7741,16.5572],[106.7782,16.5564],[106.78,16.5542],[106.7859,16.5536],[106.7889,16.5561],[106.7938,16.5562],[106.7947,16.5549],[106.8011,16.5558],[106.8072,16.5544],[106.8088,16.5562],[106.8148,16.5569],[106.8193,16.5587],[106.8228,16.5586],[106.826,16.56],[106.8239,16.5637],[106.8225,16.5717],[106.8213,16.5741],[106.823,16.5795],[106.8233,16.5867],[106.8225,16.5905],[106.8208,16.5924],[106.8208,16.5981],[106.8181,16.599],[106.818,16.6023],[106.8152,16.6057],[106.8107,16.6075],[106.8053,16.6081],[106.8021,16.6106],[106.8008,16.6136],[106.7975,16.6182],[106.7921,16.6205],[106.7874,16.6242],[106.785,16.6246],[106.7692,16.6197],[106.7702,16.623],[106.7739,16.6269],[106.776,16.6323],[106.778,16.6337],[106.7815,16.6396],[106.7833,16.6448],[106.7701,16.6731]]]},"properties":{"ma_xa":"19429","ten_xa":"Khe Sanh","sap_nhap":"Khe Sanh (thị trấn), Tân Hợp, Húc, Hướng Tân","tru_so":"đang cập nhật","loai":"Xã","cap":2,"stt":56,"dtich_km2":134.81,"dan_so":27615,"matdo_km2":204.84,"ma_tinh":"44","ten_tinh":"Quảng Trị"}},
{"type":"Feature","geometry":{"type":"Polygon","coordinates":[[[105.9431,17.7792],[105.9386,17.7796],[105.9357,17.7832],[105.9392,17.7894],[105.9375,17.7922],[105.9345,17.7931],[105.9328,17.7959],[105.9304,17.7933],[105.9253,17.7943],[105.9236,17.7958],[105.9208,17.7961],[105.9173,17.7977],[105.9185,17.805],[105.9139,17.8178],[105.909,17.8148],[105.9049,17.8153],[105.9037,17.8203],[105.9008,17.8248],[105.9007,17.8269],[105.898,17.8319],[105.8976,17.8339],[105.8949,17.8373],[105.8961,17.8394],[105.8939,17.8468],[105.8949,17.8565],[105.8965,17.8597],[105.9014,17.8619],[105.899,17.8659],[105.9004,17.874],[105.8981,17.877],[105.8996,17.8802],[105.8931,17.8795],[105.8905,17.8825],[105.8876,17.8837],[105.8828,17.8813],[105.8768,17.8836],[105.8768,17.8817],[105.8787,17.8763],[105.8804,17.8732],[105.8796,17.8704],[105.8724,17.8693],[105.8703,17.872],[105.8688,17.8712],[105.8695,17.8676],[105.8716,17.8647],[105.8708,17.8625],[105.8606,17.8597],[105.8576,17.8584],[105.858,17.8532],[105.8625,17.8503],[105.8603,17.8468],[105.8628,17.8436],[105.8611,17.8338],[105.8641,17.8314],[105.8566,17.8298],[105.8526,17.8279],[105.8497,17.8324],[105.8474,17.832],[105.8431,17.8275],[105.8372,17.8226],[105.8341,17.8178],[105.8307,17.8162],[105.8328,17.8025],[105.8392,17.8037],[105.8376,17.7976],[105.8372,17.7925],[105.8353,17.7897],[105.8312,17.7819],[105.8254,17.7758],[105.8198,17.7746],[105.8179,17.7717],[105.8181,17.7662],[105.8199,17.7632],[105.821,17.7528],[105.819,17.75],[105.818,17.7457],[105.8164,17.7441],[105.8173,17.7396],[105.8171,17.7365],[105.8135,17.7271],[105.8086,17.7254],[105.8072,17.7268],[105.804,17.7256],[105.8021,17.7227],[105.7994,17.7216],[105.7977,17.7223],[105.7952,17.7179],[105.7884,17.7097],[105.7894,17.7068],[105.7858,17.7043],[105.7833,17.6998],[105.7819,17.6993],[105.782,17.6951],[105.7795,17.6884],[105.7813,17.6836],[105.7822,17.6791],[105.7816,17.6762],[105.7817,17.6738],[105.7837,17.6706],[105.7917,17.6701],[105.794,17.6664],[105.7949,17.663],[105.7976,17.6621],[105.799,17.658],[105.801,17.6575],[105.8045,17.6604],[105.8061,17.6588],[105.806,17.6553],[105.8106,17.6507],[105.8111,17.6489],[105.8169,17.6444],[105.8192,17.6447],[105.8225,17.6502],[105.8233,17.6532],[105.8293,17.6543],[105.8289,17.6501],[105.8313,17.647],[105.8306,17.6416],[105.8324,17.6398],[105.8315,17.6375],[105.8323,17.6341],[105.8342,17.6331],[105.8362,17.63],[105.8397,17.6317],[105.8407,17.6351],[105.8447,17.6314],[105.8465,17.6315],[105.8499,17.6343],[105.8541,17.635],[105.8554,17.6383],[105.8537,17.6423],[105.8571,17.6458],[105.862,17.6446],[105.8651,17.6409],[105.8673,17.6396],[105.869,17.6362],[105.8675,17.6335],[105.8704,17.6326],[105.8739,17.6294],[105.8814,17.6338],[105.8818,17.6373],[105.8839,17.6396],[105.8852,17.6456],[105.8853,17.6491],[105.8878,17.6507],[105.8879,17.6524],[105.8849,17.6548],[105.8837,17.657],[105.8851,17.6591],[105.883,17.6614],[105.8829,17.6663],[105.8872,17.6718],[105.8872,17.6756],[105.8855,17.6811],[105.8841,17.6824],[105.882,17.687],[105.8823,17.6907],[105.8846,17.6916],[105.887,17.6947],[105.8944,17.6988],[105.9064,17.698],[105.9067,17.7066],[105.9035,17.7105],[105.9014,17.7107],[105.8984,17.7166],[105.8958,17.72],[105.9039,17.7259],[105.9069,17.7339],[105.9094,17.7368],[105.913,17.7372],[105.9179,17.7321],[105.9209,17.7367],[105.925,17.7393],[105.9272,17.7415],[105.9301,17.7428],[105.9307,17.7468],[105.9303,17.7512],[105.9282,17.7529],[105.921,17.7549],[105.9181,17.7553],[105.9149,17.758],[105.9181,17.7603],[105.9215,17.7649],[105.9293,17.7688],[105.9296,17.7726],[105.9363,17.7759],[105.9421,17.7781],[105.9431,17.7792]]]},"properties":{"ma_xa":"18922","ten_xa":"Kim Điền","sap_nhap":"Hóa Sơn, Hóa Hợp","tru_so":"đang cập nhật","loai":"Xã","cap":2,"stt":9,"dtich_km2":229.42,"dan_so":6165,"matdo_km2":26.87,"ma_tinh":"44","ten_tinh":"Quảng Trị"}},
{"type":"Feature","geometry":{"type":"Polygon","coordinates":[[[106.6543,17.2461],[106.6527,17.2469],[106.6461,17.2374],[106.6427,17.2421],[106.641,17.243],[106.6371,17.2478],[106.6364,17.253],[106.6353,17.2518],[106.6268,17.247],[106.6251,17.2455],[106.6116,17.2382],[106.6138,17.2323],[106.613,17.2282],[106.6109,17.2241],[106.615,17.2194],[106.6171,17.2157],[106.6164,17.2112],[106.6146,17.2066],[106.6127,17.2056],[106.6062,17.2061],[106.6027,17.2038],[106.5997,17.2038],[106.6056,17.1961],[106.6059,17.1942],[106.6025,17.1897],[106.6044,17.185],[106.6032,17.1815],[106.5997,17.1794],[106.5967,17.1791],[106.5971,17.1762],[106.592,17.1711],[106.5921,17.1671],[106.5942,17.1649],[106.5935,17.1594],[106.5912,17.157],[106.592,17.1546],[106.5911,17.152],[106.5887,17.1513],[106.587,17.1527],[106.5844,17.1522],[106.5814,17.1537],[106.5793,17.1535],[106.5755,17.156],[106.5705,17.1538],[106.5657,17.154],[106.562,17.1507],[106.5563,17.1477],[106.548,17.1479],[106.5435,17.1455],[106.5407,17.1451],[106.5388,17.1424],[106.5336,17.1421],[106.5298,17.1379],[106.5298,17.1318],[106.5278,17.1268],[106.5276,17.1224],[106.5264,17.1184],[106.522,17.1167],[106.513,17.1212],[106.5106,17.1218],[106.5076,17.1204],[106.5053,17.1208],[106.4975,17.1196],[106.4951,17.1169],[106.4983,17.1129],[106.4972,17.109],[106.498,17.1023],[106.4961,17.1012],[106.4963,17.0981],[106.494,17.0948],[106.4929,17.0912],[106.4886,17.0908],[106.4858,17.0887],[106.483,17.0892],[106.4762,17.0867],[106.4701,17.0835],[106.4653,17.0798],[106.4623,17.0788],[106.4564,17.0787],[106.4471,17.0794],[106.4451,17.0772],[106.4404,17.0758],[106.4371,17.0714],[106.431,17.0706],[106.4279,17.0716],[106.4261,17.0737],[106.4222,17.0738],[106.4176,17.0782],[106.416,17.0778],[106.4139,17.0744],[106.4142,17.0716],[106.4126,17.0675],[106.4075,17.0633],[106.4056,17.0591],[106.4031,17.0559],[106.4022,17.0515],[106.4061,17.0464],[106.4106,17.0427],[106.4117,17.0404],[106.419,17.0345],[106.4239,17.0322],[106.4236,17.0283],[106.4276,17.0184],[106.4269,17.0122],[106.4282,17.01],[106.4274,17.0063],[106.4298,17.0046],[106.4336,17.0034],[106.4381,16.9961],[106.4405,16.9948],[106.4473,16.9964],[106.4504,16.998],[106.4558,16.9988],[106.457,17.0007],[106.4607,17.0008],[106.4627,16.999],[106.4625,16.9922],[106.4634,16.9895],[106.4687,16.9858],[106.4714,16.9832],[106.4769,16.9836],[106.4782,16.9814],[106.4807,16.9825],[106.4873,16.983],[106.4914,16.9809],[106.4945,16.9779],[106.4987,16.9799],[106.5033,16.9774],[106.5056,16.9736],[106.51,16.9732],[106.5143,16.9714],[106.5166,16.9719],[106.5231,16.9754],[106.5253,16.976],[106.5292,16.9785],[106.5313,16.9783],[106.5331,16.9821],[106.5348,16.9891],[106.5381,16.9937],[106.543,16.9949],[106.5434,16.9987],[106.546,17.0083],[106.5481,17.0096],[106.5502,17.0077],[106.5499,16.9976],[106.5521,16.994],[106.5598,16.9925],[106.5618,16.9907],[106.5626,16.9877],[106.5686,16.9891],[106.5798,16.9891],[106.586,16.99],[106.5923,16.9875],[106.5939,16.9845],[106.594,16.9815],[106.5873,16.9776],[106.587,16.9716],[106.5897,16.9697],[106.5931,16.9631],[106.5934,16.9588],[106.6001,16.9565],[106.5996,16.9473],[106.6049,16.9407],[106.6073,16.9391],[106.614,16.9393],[106.6159,16.9385],[106.6202,16.9395],[106.6229,16.9384],[106.6266,16.939],[106.6293,16.9412],[106.64,16.9395],[106.6429,16.9383],[106.6447,16.9394],[106.6507,16.9359],[106.6551,16.9368],[106.6606,16.9366],[106.6619,16.9378],[106.6648,16.945],[106.6681,16.9476],[106.6694,16.9472],[106.6779,16.9516],[106.681,16.9519],[106.6847,16.9557],[106.6932,16.9556],[106.6961,16.9478],[106.7004,16.9447],[106.7024,16.9411],[106.708,16.9416],[106.7115,16.9434],[106.7172,16.9407],[106.7219,16.9351],[106.7218,16.9322],[106.7233,16.9301],[106.7289,16.9293],[106.7307,16.9273],[106.7333,16.9278],[106.7356,16.9263],[106.7383,16.9262],[106.7412,16.9223],[106.7435,16.921],[106.7465,16.9223],[106.7498,16.9253],[106.7558,16.9249],[106.7589,16.9286],[106.7631,16.9273],[106.7709,16.9293],[106.7723,16.9332],[106.7701,16.9396],[106.771,16.9428],[106.7764,16.9461],[106.7746,16.9508],[106.7744,16.9544],[106.7764,16.9558],[106.7728,16.9591],[106.7732,16.9627],[106.7779,16.9642],[106.7808,16.9668],[106.7815,16.969],[106.779,16.975],[106.7798,16.9779],[106.7815,16.9785],[106.7812,16.9821],[106.7845,16.9868],[106.7861,16.9871],[106.7915,16.986],[106.8004,16.9913],[106.8051,16.993],[106.8058,16.9972],[106.808,16.9989],[106.8093,17.0022],[106.8034,17.0175],[106.8036,17.0205],[106.8063,17.0217],[106.8118,17.0294],[106.8095,17.0319],[106.8114,17.0348],[106.8139,17.0345],[106.8193,17.0383],[106.8218,17.0434],[106.8293,17.0424],[106.8309,17.0386],[106.8363,17.037],[106.8371,17.0352],[106.8443,17.0347],[106.8499,17.0325],[106.853,17.0351],[106.8589,17.0359],[106.8623,17.037],[106.8622,17.0407],[106.8649,17.0414],[106.8684,17.0443],[106.8685,17.0477],[106.8729,17.0514],[106.8749,17.0552],[106.8706,17.0603],[106.8659,17.0628],[106.8645,17.0652],[106.8577,17.071],[106.8611,17.0771],[106.8509,17.0807],[106.8299,17.1066],[106.8191,17.1129],[106.8091,17.1165],[106.8025,17.1171],[106.7926,17.1214],[106.787,17.1233],[106.785,17.1212],[106.7832,17.1146],[106.7792,17.114],[106.7779,17.1129],[106.7751,17.1151],[106.7715,17.1194],[106.7699,17.1147],[106.7634,17.1182],[106.7541,17.1207],[106.755,17.1228],[106.7582,17.1245],[106.7547,17.1317],[106.7554,17.1367],[106.759,17.1423],[106.7554,17.1507],[106.7491,17.1544],[106.7432,17.1618],[106.7396,17.1693],[106.7383,17.1746],[106.7325,17.1728],[106.7325,17.1676],[106.7311,17.1642],[106.7261,17.1671],[106.7209,17.1688],[106.7183,17.1688],[106.7159,17.1647],[106.711,17.1597],[106.7073,17.1573],[106.6982,17.1561],[106.6935,17.1572],[106.6927,17.159],[106.6863,17.16],[106.6839,17.158],[106.6812,17.1602],[106.6841,17.1647],[106.682,17.1674],[106.6813,17.1701],[106.6833,17.1726],[106.6823,17.176],[106.6794,17.1782],[106.6783,17.1814],[106.6757,17.1828],[106.6758,17.1859],[106.6737,17.1882],[106.6726,17.1906],[106.6739,17.1921],[106.671,17.1961],[106.6681,17.1981],[106.6781,17.2064],[106.6758,17.2076],[106.6751,17.2102],[106.6715,17.2097],[106.6713,17.2146],[106.6729,17.2153],[106.67,17.2218],[106.6642,17.2257],[106.6634,17.2271],[106.6581,17.2292],[106.6533,17.2336],[106.6501,17.234],[106.6505,17.2394],[106.6543,17.2461]]]},"properties":{"ma_xa":"19318","ten_xa":"Kim Ngân","sap_nhap":"Kim Thủy, Ngân Thủy, Lâm Thủy","tru_so":"đang cập nhật","loai":"Xã","cap":2,"stt":41,"dtich_km2":881.06,"dan_so":9776,"matdo_km2":11.1,"ma_tinh":"44","ten_tinh":"Quảng Trị"}},
{"type":"Feature","geometry":{"type":"Polygon","coordinates":[[[106.056,17.8135],[106.0518,17.8137],[106.0498,17.8124],[106.0444,17.8136],[106.0329,17.8218],[106.0295,17.8167],[106.0267,17.8149],[106.0253,17.8126],[106.022,17.8133],[106.0204,17.8123],[106.0107,17.8185],[106.0074,17.818],[106.0018,17.8186],[105.9994,17.8174],[105.9981,17.8151],[105.9976,17.8104],[105.9958,17.8087],[105.9948,17.8042],[105.9975,17.7958],[105.9974,17.7931],[105.994,17.7857],[105.9873,17.7804],[105.9834,17.7753],[105.9768,17.7734],[105.9732,17.7701],[105.9636,17.7692],[105.9596,17.7712],[105.9565,17.7717],[105.9532,17.7746],[105.9487,17.7757],[105.9431,17.7792],[105.9421,17.7781],[105.9363,17.7759],[105.9296,17.7726],[105.9293,17.7688],[105.9215,17.7649],[105.9181,17.7603],[105.9149,17.758],[105.9181,17.7553],[105.921,17.7549],[105.9282,17.7529],[105.9303,17.7512],[105.9307,17.7468],[105.9301,17.7428],[105.9272,17.7415],[105.925,17.7393],[105.9209,17.7367],[105.9179,17.7321],[105.913,17.7372],[105.9094,17.7368],[105.9069,17.7339],[105.9039,17.7259],[105.8958,17.72],[105.8984,17.7166],[105.9014,17.7107],[105.9035,17.7105],[105.9067,17.7066],[105.9064,17.698],[105.8944,17.6988],[105.887,17.6947],[105.8846,17.6916],[105.8823,17.6907],[105.882,17.687],[105.8841,17.6824],[105.8855,17.6811],[105.8872,17.6756],[105.8872,17.6718],[105.8829,17.6663],[105.883,17.6614],[105.8851,17.6591],[105.8837,17.657],[105.8849,17.6548],[105.8879,17.6524],[105.8878,17.6507],[105.8853,17.6491],[105.8852,17.6456],[105.8839,17.6396],[105.8818,17.6373],[105.8814,17.6338],[105.8739,17.6294],[105.8704,17.6326],[105.8675,17.6335],[105.869,17.6362],[105.8673,17.6396],[105.8651,17.6409],[105.862,17.6446],[105.8571,17.6458],[105.8537,17.6423],[105.8554,17.6383],[105.8541,17.635],[105.8552,17.6342],[105.854,17.6288],[105.8524,17.6265],[105.852,17.6233],[105.8534,17.6203],[105.8565,17.621],[105.8583,17.6237],[105.8768,17.6032],[105.9655,17.5033],[105.9689,17.5051],[105.972,17.5092],[105.9765,17.5086],[105.978,17.5104],[105.9852,17.511],[105.9911,17.5141],[105.9933,17.516],[105.9972,17.5178],[106.0002,17.5209],[106.0036,17.523],[106.0039,17.5249],[106.0092,17.5282],[106.0197,17.5299],[106.0198,17.5334],[106.0237,17.5352],[106.0247,17.537],[106.0306,17.5423],[106.034,17.5443],[106.0331,17.5498],[106.0364,17.5501],[106.0393,17.5536],[106.0413,17.5626],[106.04,17.5656],[106.0414,17.5679],[106.0387,17.5709],[106.0394,17.5783],[106.0379,17.5807],[106.0352,17.5815],[106.0298,17.5806],[106.0298,17.5833],[106.0281,17.5867],[106.0288,17.5878],[106.0257,17.5945],[106.0232,17.597],[106.0243,17.6005],[106.0239,17.6056],[106.0191,17.6089],[106.0174,17.6112],[106.0177,17.6145],[106.016,17.615],[106.0155,17.6179],[106.0172,17.6208],[106.0235,17.6239],[106.0255,17.6237],[106.0285,17.6272],[106.0361,17.6302],[106.0385,17.6321],[106.0396,17.6346],[106.0432,17.6362],[106.0523,17.6376],[106.054,17.6388],[106.0578,17.6435],[106.0597,17.647],[106.0657,17.653],[106.07,17.6507],[106.0784,17.6471],[106.0875,17.6455],[106.089,17.6477],[106.0922,17.6493],[106.0947,17.6536],[106.0974,17.6536],[106.1034,17.6553],[106.1043,17.6591],[106.1073,17.6627],[106.1167,17.6623],[106.1185,17.665],[106.1206,17.6658],[106.1225,17.6686],[106.1133,17.6756],[106.1082,17.6788],[106.1065,17.6822],[106.1025,17.684],[106.0955,17.6859],[106.0926,17.6905],[106.0901,17.6904],[106.0837,17.6921],[106.0817,17.6942],[106.0792,17.6942],[106.0781,17.7001],[106.082,17.7042],[106.083,17.709],[106.0934,17.71],[106.0986,17.7108],[106.0998,17.7122],[106.1095,17.715],[106.111,17.7186],[106.1154,17.7221],[106.1124,17.725],[106.1142,17.7295],[106.1127,17.7384],[106.1139,17.7481],[106.1066,17.7501],[106.102,17.7503],[106.101,17.7628],[106.102,17.7667],[106.0994,17.7695],[106.1013,17.7726],[106.1009,17.7765],[106.1053,17.7781],[106.107,17.7804],[106.1102,17.7809],[106.1115,17.7867],[106.1084,17.7872],[106.1074,17.7889],[106.108,17.7917],[106.104,17.7922],[106.1011,17.7942],[106.0962,17.7948],[106.0936,17.796],[106.089,17.8007],[106.083,17.8038],[106.0817,17.8034],[106.0771,17.8057],[106.0726,17.8066],[106.0664,17.809],[106.059,17.8108],[106.056,17.8135]]]},"properties":{"ma_xa":"18943","ten_xa":"Kim Phú","sap_nhap":"Thượng Hóa, Trung Hóa, Minh Hóa, Tân Hóa","tru_so":"đang cập nhật","loai":"Xã","cap":2,"stt":10,"dtich_km2":552.57,"dan_so":19054,"matdo_km2":34.48,"ma_tinh":"44","ten_tinh":"Quảng Trị"}},
{"type":"Feature","geometry":{"type":"Polygon","coordinates":[[[107.1483,16.3864],[107.153,16.3896],[107.1492,16.3958],[107.1441,16.4003],[107.1422,16.403],[107.1411,16.4075],[107.1436,16.4125],[107.1407,16.4152],[107.1415,16.4179],[107.1449,16.4198],[107.1461,16.423],[107.1447,16.4251],[107.1446,16.4287],[107.147,16.4331],[107.1487,16.4344],[107.1473,16.4376],[107.142,16.4374],[107.1374,16.4403],[107.1388,16.443],[107.135,16.445],[107.1296,16.4493],[107.1296,16.4465],[107.126,16.4424],[107.1222,16.443],[107.1174,16.4419],[107.1105,16.4413],[107.1091,16.4421],[107.1061,16.4402],[107.1009,16.4426],[107.0957,16.4465],[107.093,16.4463],[107.0892,16.4488],[107.0854,16.4417],[107.0815,16.4399],[107.0813,16.4381],[107.0774,16.4369],[107.0743,16.4331],[107.0687,16.4328],[107.0585,16.4313],[107.0545,16.4359],[107.053,16.436],[107.0506,16.433],[107.0505,16.426],[107.047,16.4251],[107.0475,16.4218],[107.047,16.4169],[107.048,16.4162],[107.045,16.4124],[107.044,16.4083],[107.0402,16.4032],[107.0426,16.3954],[107.0421,16.392],[107.0361,16.3921],[107.032,16.3933],[107.0289,16.3917],[107.0266,16.395],[107.0211,16.3976],[107.0165,16.3943],[107.0143,16.3902],[107.0112,16.3897],[107.007,16.3901],[107.0032,16.388],[107.0006,16.3888],[106.9986,16.3878],[106.9879,16.3914],[106.9828,16.3915],[106.9798,16.3932],[106.9659,16.4063],[106.9669,16.4033],[106.9628,16.4006],[106.9621,16.3964],[106.9593,16.3933],[106.9587,16.3911],[106.9609,16.3855],[106.9576,16.3839],[106.9565,16.381],[106.9523,16.3795],[106.9505,16.3755],[106.9514,16.3708],[106.9491,16.368],[106.9503,16.3639],[106.9545,16.3619],[106.9599,16.362],[106.9647,16.3608],[106.9636,16.3572],[106.9635,16.356],[106.9664,16.3507],[106.9674,16.3476],[106.967,16.341],[106.9655,16.3375],[106.9678,16.3366],[106.966,16.3262],[106.9673,16.3229],[106.9653,16.3194],[106.9659,16.3145],[106.9677,16.3097],[106.9665,16.3053],[106.9708,16.3018],[106.9775,16.3039],[106.9825,16.3045],[106.9878,16.3063],[106.9911,16.3089],[106.9954,16.3077],[107.0005,16.312],[107.0074,16.3134],[107.0158,16.308],[107.0152,16.3031],[107.0206,16.3028],[107.0236,16.3065],[107.0249,16.3098],[107.028,16.3113],[107.0306,16.3087],[107.0367,16.3056],[107.043,16.301],[107.048,16.3],[107.0519,16.3066],[107.056,16.3063],[107.0601,16.3051],[107.0664,16.3048],[107.0717,16.3038],[107.0746,16.3082],[107.0812,16.3124],[107.0826,16.3151],[107.0817,16.3204],[107.0778,16.3222],[107.0749,16.325],[107.0711,16.3262],[107.0686,16.3286],[107.063,16.3324],[107.0631,16.3409],[107.0617,16.3424],[107.062,16.3475],[107.0565,16.3478],[107.0533,16.3461],[107.0514,16.3496],[107.0442,16.349],[107.0409,16.3503],[107.039,16.357],[107.0348,16.3577],[107.0348,16.362],[107.0357,16.3654],[107.038,16.3702],[107.044,16.3771],[107.045,16.3798],[107.0491,16.3825],[107.0525,16.3814],[107.0549,16.382],[107.0582,16.3845],[107.0594,16.3872],[107.0578,16.3886],[107.059,16.3967],[107.0563,16.4004],[107.0592,16.4022],[107.0579,16.4055],[107.0615,16.4111],[107.0644,16.4105],[107.0678,16.4057],[107.072,16.4028],[107.0751,16.4024],[107.079,16.4005],[107.0811,16.4005],[107.0833,16.4026],[107.0891,16.4025],[107.0909,16.4041],[107.0963,16.401],[107.1002,16.3961],[107.1051,16.393],[107.1099,16.3862],[107.1137,16.3854],[107.1238,16.3858],[107.1282,16.3821],[107.1294,16.3841],[107.1354,16.3877],[107.14,16.3896],[107.1442,16.3881],[107.1464,16.3861],[107.1483,16.3864]]]},"properties":{"ma_xa":"19594","ten_xa":"La Lay","sap_nhap":"A Bung, A Ngo","tru_so":"đang cập nhật","loai":"Xã","cap":2,"stt":61,"dtich_km2":156.21,"dan_so":8121,"matdo_km2":51.99,"ma_tinh":"44","ten_tinh":"Quảng Trị"}},
{"type":"Feature","geometry":{"type":"Polygon","coordinates":[[[106.6874,16.6472],[106.6862,16.6488],[106.6827,16.6494],[106.6757,16.6533],[106.6749,16.655],[106.6685,16.6596],[106.6634,16.6623],[106.6592,16.6627],[106.6574,16.6656],[106.6518,16.6705],[106.6492,16.6713],[106.649,16.6747],[106.6508,16.6886],[106.6508,16.6931],[106.6536,16.6993],[106.6482,16.6979],[106.6458,16.6962],[106.6422,16.6967],[106.6371,16.6947],[106.6336,16.697],[106.6331,16.6937],[106.6306,16.6924],[106.6301,16.6899],[106.6266,16.6886],[106.6259,16.6867],[106.6207,16.6824],[106.6176,16.6791],[106.6151,16.6787],[106.6103,16.6798],[106.6068,16.6815],[106.6032,16.6792],[106.6001,16.6794],[106.5961,16.6756],[106.5985,16.6717],[106.5989,16.6644],[106.6039,16.6639],[106.6076,16.6643],[106.6173,16.6585],[106.6192,16.6559],[106.6177,16.6537],[106.5999,16.6515],[106.5847,16.642],[106.568,16.6418],[106.5653,16.6413],[106.5694,16.6403],[106.5767,16.6339],[106.577,16.6322],[106.5803,16.6309],[106.5878,16.6263],[106.5897,16.624],[106.5902,16.619],[106.5894,16.6159],[106.585,16.6142],[106.582,16.6102],[106.5819,16.6073],[106.5849,16.6021],[106.5874,16.6008],[106.5906,16.6019],[106.5967,16.6058],[106.6061,16.6071],[106.6169,16.6058],[106.6258,16.6019],[106.6268,16.6011],[106.6243,16.5967],[106.6245,16.5879],[106.6255,16.5847],[106.6286,16.5819],[106.6316,16.5844],[106.6304,16.5877],[106.6314,16.5906],[106.6339,16.5915],[106.6401,16.5918],[106.6447,16.5939],[106.6493,16.5927],[106.6531,16.5847],[106.6552,16.5824],[106.6578,16.5814],[106.6631,16.5842],[106.6666,16.5844],[106.6666,16.587],[106.6698,16.5883],[106.6719,16.5889],[106.6714,16.5937],[106.6736,16.5966],[106.6775,16.5978],[106.6748,16.6022],[106.6721,16.6042],[106.6708,16.6089],[106.6691,16.6101],[106.6684,16.6128],[106.6685,16.6184],[106.6705,16.6208],[106.6752,16.6235],[106.6771,16.6293],[106.6787,16.6368],[106.6736,16.6435],[106.6772,16.6448],[106.684,16.6457],[106.6874,16.6472]]]},"properties":{"ma_xa":"19432","ten_xa":"Lao Bảo","sap_nhap":"Tân Thành (huyện Hướng Hóa), Tân Long, Lao Bảo (thị trấn)","tru_so":"đang cập nhật","loai":"Xã","cap":2,"stt":58,"dtich_km2":83.04,"dan_so":23459,"matdo_km2":282.5,"ma_tinh":"44","ten_tinh":"Quảng Trị"}},
{"type":"Feature","geometry":{"type":"Polygon","coordinates":[[[106.7353,17.2759],[106.7323,17.2761],[106.7155,17.2875],[106.7148,17.2923],[106.7124,17.2807],[106.706,17.2797],[106.7017,17.28],[106.6984,17.2778],[106.6962,17.2743],[106.6939,17.275],[106.6894,17.2703],[106.6874,17.263],[106.6832,17.2655],[106.6822,17.2648],[106.6851,17.2608],[106.6811,17.2577],[106.6752,17.2473],[106.6739,17.2414],[106.6681,17.2446],[106.6682,17.2472],[106.6672,17.2526],[106.663,17.2516],[106.6645,17.2486],[106.6623,17.2473],[106.6596,17.2477],[106.6591,17.245],[106.6543,17.2461],[106.6505,17.2394],[106.6501,17.234],[106.6533,17.2336],[106.6581,17.2292],[106.6634,17.2271],[106.6642,17.2257],[106.67,17.2218],[106.6729,17.2153],[106.6713,17.2146],[106.6715,17.2097],[106.6751,17.2102],[106.6758,17.2076],[106.6781,17.2064],[106.6681,17.1981],[106.671,17.1961],[106.6739,17.1921],[106.6726,17.1906],[106.6737,17.1882],[106.6797,17.1841],[106.6835,17.1823],[106.688,17.1842],[106.6932,17.1821],[106.6956,17.1835],[106.6953,17.1855],[106.6976,17.1866],[106.6984,17.1912],[106.7002,17.1948],[106.7005,17.1981],[106.6991,17.1991],[106.7029,17.2026],[106.7012,17.2038],[106.7027,17.2061],[106.7016,17.2098],[106.6989,17.2122],[106.7003,17.2137],[106.7061,17.2156],[106.7111,17.2153],[106.7155,17.2182],[106.7236,17.2208],[106.7254,17.2183],[106.7277,17.2195],[106.7322,17.2221],[106.7283,17.2313],[106.7294,17.2318],[106.7293,17.237],[106.7335,17.2409],[106.7294,17.252],[106.7287,17.2588],[106.7305,17.2583],[106.7347,17.2687],[106.7343,17.2732],[106.7353,17.2759]]]},"properties":{"ma_xa":"19246","ten_xa":"Lệ Ninh","sap_nhap":"Nông trường Lệ Ninh (thị trấn), Sơn Thủy, Hoa Thủy","tru_so":"đang cập nhật","loai":"Xã","cap":2,"stt":40,"dtich_km2":56.32,"dan_so":23449,"matdo_km2":416.35,"ma_tinh":"44","ten_tinh":"Quảng Trị"}},
{"type":"Feature","geometry":{"type":"Polygon","coordinates":[[[106.8212,17.2261],[106.8139,17.2286],[106.8167,17.2303],[106.8117,17.235],[106.8129,17.2365],[106.8099,17.2398],[106.8063,17.2425],[106.8041,17.246],[106.7971,17.2514],[106.7952,17.2484],[106.7907,17.2489],[106.7774,17.257],[106.7609,17.2644],[106.7559,17.2654],[106.7527,17.2717],[106.7465,17.2788],[106.7411,17.276],[106.7353,17.2759],[106.7343,17.2732],[106.7347,17.2687],[106.7305,17.2583],[106.7287,17.2588],[106.7294,17.252],[106.7335,17.2409],[106.7293,17.237],[106.7294,17.2318],[106.7283,17.2313],[106.7322,17.2221],[106.7277,17.2195],[106.7598,17.1983],[106.764,17.2066],[106.7704,17.2032],[106.7796,17.2056],[106.7815,17.2012],[106.7872,17.2052],[106.787,17.202],[106.7911,17.2013],[106.7914,17.2],[106.7895,17.1918],[106.7915,17.1915],[106.7925,17.1889],[106.7971,17.1884],[106.8028,17.197],[106.8057,17.1995],[106.8121,17.2025],[106.8123,17.2063],[106.8092,17.208],[106.8092,17.2101],[106.8134,17.2154],[106.8175,17.2152],[106.8179,17.2197],[106.8164,17.2198],[106.8212,17.2261]]]},"properties":{"ma_xa":"19249","ten_xa":"Lệ Thủy","sap_nhap":"Kiến Giang (thị trấn), Liên Thủy, Xuân Thủy, An Thủy, Phong Thủy, Lộc Thủy","tru_so":"đang cập nhật","loai":"Xã","cap":2,"stt":35,"dtich_km2":55.93,"dan_so":49460,"matdo_km2":884.32,"ma_tinh":"44","ten_tinh":"Quảng Trị"}},
{"type":"Feature","geometry":{"type":"Polygon","coordinates":[[[106.7176,16.5076],[106.712,16.5087],[106.7015,16.5123],[106.6827,16.5203],[106.6842,16.528],[106.6868,16.5356],[106.6841,16.543],[106.6853,16.5472],[106.6874,16.5493],[106.688,16.5524],[106.6905,16.556],[106.6913,16.5589],[106.6888,16.5653],[106.6894,16.5673],[106.6872,16.5719],[106.6836,16.5741],[106.682,16.5762],[106.6803,16.5809],[106.6786,16.582],[106.6754,16.5807],[106.6742,16.5837],[106.6718,16.5841],[106.6698,16.5883],[106.6666,16.587],[106.6666,16.5844],[106.6671,16.583],[106.6634,16.5792],[106.662,16.5741],[106.6627,16.5716],[106.6655,16.5685],[106.6726,16.562],[106.6714,16.559],[106.6651,16.5576],[106.6606,16.5547],[106.655,16.5474],[106.6475,16.5405],[106.6481,16.5359],[106.6471,16.5221],[106.6527,16.5193],[106.6534,16.5173],[106.6522,16.513],[106.6548,16.5095],[106.6612,16.5057],[106.6644,16.5048],[106.6654,16.5029],[106.6636,16.5012],[106.6634,16.4965],[106.6596,16.4928],[106.66,16.4911],[106.6632,16.4883],[106.6641,16.4863],[106.6614,16.482],[106.6608,16.4733],[106.6625,16.4723],[106.6685,16.476],[106.6718,16.4768],[106.674,16.4756],[106.6747,16.4731],[106.6735,16.4637],[106.674,16.4584],[106.6758,16.4523],[106.6778,16.4514],[106.6834,16.458],[106.6885,16.4544],[106.6928,16.4501],[106.6928,16.4481],[106.6879,16.4457],[106.6864,16.4423],[106.6874,16.4393],[106.6903,16.4387],[106.6954,16.4399],[106.7013,16.4361],[106.7053,16.4352],[106.7089,16.4401],[106.7086,16.4446],[106.7065,16.4472],[106.7147,16.4581],[106.7219,16.4635],[106.725,16.4623],[106.7313,16.4585],[106.7351,16.4542],[106.7385,16.4524],[106.743,16.4536],[106.7472,16.4521],[106.7487,16.4534],[106.7433,16.4577],[106.7386,16.4631],[106.737,16.4673],[106.7375,16.4728],[106.7363,16.475],[106.732,16.4787],[106.7288,16.4893],[106.7176,16.5076]]]},"properties":{"ma_xa":"19489","ten_xa":"Lìa","sap_nhap":"Thanh, Thuận, Lìa","tru_so":"đang cập nhật","loai":"Xã","cap":2,"stt":59,"dtich_km2":71.69,"dan_so":14375,"matdo_km2":200.52,"ma_tinh":"44","ten_tinh":"Quảng Trị"}},
{"type":"Feature","geometry":{"type":"Polygon","coordinates":[[[106.0329,17.8218],[106.0301,17.8268],[106.0222,17.8305],[106.0199,17.8336],[106.018,17.8384],[106.0236,17.8476],[106.0205,17.8513],[106.0163,17.8537],[106.0076,17.8612],[106.0062,17.861],[106.0016,17.8647],[105.9995,17.87],[105.9963,17.8724],[105.9943,17.8727],[105.9916,17.8772],[105.9909,17.8796],[105.9867,17.8846],[105.9833,17.8861],[105.983,17.8894],[105.9778,17.8955],[105.9727,17.895],[105.9681,17.8971],[105.9644,17.8977],[105.9637,17.8942],[105.9615,17.8931],[105.957,17.8935],[105.9504,17.895],[105.9482,17.8942],[105.9444,17.8945],[105.9413,17.8966],[105.9387,17.8997],[105.9326,17.9029],[105.9258,17.908],[105.925,17.9123],[105.9292,17.9143],[105.9303,17.9178],[105.927,17.9253],[105.9215,17.9262],[105.9195,17.9296],[105.9166,17.9321],[105.9095,17.9322],[105.9062,17.9355],[105.9002,17.9361],[105.8986,17.9381],[105.8997,17.9419],[105.8991,17.9475],[105.8947,17.9455],[105.8932,17.9431],[105.8925,17.9384],[105.8894,17.9361],[105.8859,17.9325],[105.8882,17.9294],[105.8852,17.9257],[105.8847,17.9226],[105.8863,17.9187],[105.8882,17.9191],[105.89,17.915],[105.8885,17.908],[105.8898,17.9054],[105.89,17.9019],[105.892,17.8992],[105.8923,17.8914],[105.8896,17.8886],[105.8876,17.8837],[105.8905,17.8825],[105.8931,17.8795],[105.8996,17.8802],[105.8981,17.877],[105.9004,17.874],[105.899,17.8659],[105.9014,17.8619],[105.8965,17.8597],[105.8949,17.8565],[105.8939,17.8468],[105.8961,17.8394],[105.8949,17.8373],[105.8976,17.8339],[105.898,17.8319],[105.9007,17.8269],[105.9008,17.8248],[105.9037,17.8203],[105.9049,17.8153],[105.909,17.8148],[105.9139,17.8178],[105.9185,17.805],[105.9173,17.7977],[105.9208,17.7961],[105.9236,17.7958],[105.9253,17.7943],[105.9304,17.7933],[105.9328,17.7959],[105.9345,17.7931],[105.9375,17.7922],[105.9392,17.7894],[105.9357,17.7832],[105.9386,17.7796],[105.9431,17.7792],[105.9487,17.7757],[105.9532,17.7746],[105.9565,17.7717],[105.9596,17.7712],[105.9636,17.7692],[105.9732,17.7701],[105.9768,17.7734],[105.9834,17.7753],[105.9873,17.7804],[105.994,17.7857],[105.9974,17.7931],[105.9975,17.7958],[105.9948,17.8042],[105.9958,17.8087],[105.9976,17.8104],[105.9981,17.8151],[105.9994,17.8174],[106.0018,17.8186],[106.0074,17.818],[106.0107,17.8185],[106.0204,17.8123],[106.022,17.8133],[106.0253,17.8126],[106.0267,17.8149],[106.0295,17.8167],[106.0329,17.8218]]]},"properties":{"ma_xa":"18901","ten_xa":"Minh Hóa","sap_nhap":"Quy Đạt (thị trấn), Xuân Hóa, Yên Hóa, Hồng Hóa","tru_so":"đang cập nhật","loai":"Xã","cap":2,"stt":11,"dtich_km2":156.97,"dan_so":21481,"matdo_km2":136.85,"ma_tinh":"44","ten_tinh":"Quảng Trị"}},
{"type":"Feature","geometry":{"type":"Polygon","coordinates":[[[107.3883,16.742],[107.3886,16.7423],[107.3895,16.7429],[107.3799,16.7498],[107.3635,16.7608],[107.3532,16.7684],[107.3495,16.767],[107.3494,16.7694],[107.3459,16.7727],[107.3452,16.7747],[107.3338,16.7831],[107.3095,16.8024],[107.308,16.8016],[107.3036,16.7984],[107.3001,16.7978],[107.2934,16.7924],[107.2955,16.7909],[107.2971,16.7924],[107.3061,16.7817],[107.3085,16.7811],[107.3116,16.7781],[107.3172,16.7679],[107.3415,16.7607],[107.3445,16.755],[107.3445,16.7536],[107.3385,16.749],[107.3263,16.7416],[107.3166,16.7294],[107.3059,16.715],[107.3092,16.7146],[107.3102,16.7128],[107.3139,16.7123],[107.3174,16.7158],[107.3177,16.7127],[107.32,16.7112],[107.3184,16.7089],[107.3208,16.7076],[107.3208,16.7055],[107.3244,16.705],[107.3259,16.7021],[107.3277,16.6978],[107.3276,16.6958],[107.3297,16.6945],[107.3319,16.6972],[107.3319,16.6994],[107.3344,16.7029],[107.3399,16.7054],[107.3454,16.7012],[107.3476,16.6954],[107.3486,16.6948],[107.3531,16.6984],[107.3581,16.6986],[107.3586,16.7032],[107.3546,16.7058],[107.3527,16.7079],[107.3558,16.7098],[107.3582,16.7142],[107.3631,16.7216],[107.3693,16.7332],[107.3833,16.7407],[107.3844,16.74],[107.3883,16.742]]]},"properties":{"ma_xa":"19741","ten_xa":"Mỹ Thủy","sap_nhap":"Hải Dương, Hải An, Hải Khê","tru_so":"đang cập nhật","loai":"Xã","cap":2,"stt":74,"dtich_km2":43.82,"dan_so":17171,"matdo_km2":391.85,"ma_tinh":"44","ten_tinh":"Quảng Trị"}},
{"type":"Feature","geometry":{"type":"Polygon","coordinates":[[[106.3491,17.7604],[106.3448,17.7618],[106.3337,17.7665],[106.3264,17.7702],[106.322,17.7704],[106.3181,17.7681],[106.3108,17.7611],[106.3087,17.7602],[106.3032,17.7607],[106.3025,17.7586],[106.2978,17.7573],[106.2959,17.753],[106.2966,17.75],[106.2992,17.7483],[106.2971,17.7446],[106.2915,17.7456],[106.2864,17.748],[106.2808,17.7494],[106.2802,17.7477],[106.2748,17.7431],[106.2671,17.7446],[106.2648,17.7425],[106.2596,17.7423],[106.2607,17.7399],[106.2569,17.7387],[106.2552,17.7372],[106.2556,17.7332],[106.2537,17.7309],[106.2534,17.7276],[106.2568,17.7262],[106.2572,17.7246],[106.251,17.7224],[106.25,17.7202],[106.2463,17.7192],[106.2442,17.7175],[106.2437,17.7115],[106.2417,17.7111],[106.2373,17.712],[106.2355,17.7096],[106.236,17.707],[106.241,17.7034],[106.2457,17.7035],[106.2467,17.7054],[106.2499,17.7064],[106.2512,17.7035],[106.2532,17.7064],[106.2567,17.7038],[106.2582,17.705],[106.2637,17.7032],[106.2682,17.7028],[106.272,17.7035],[106.276,17.7034],[106.2796,17.7023],[106.2799,17.698],[106.2853,17.6982],[106.2893,17.6993],[106.2901,17.7016],[106.2929,17.7021],[106.2953,17.7007],[106.2976,17.6968],[106.3011,17.6963],[106.306,17.6976],[106.31,17.6937],[106.3139,17.6943],[106.3154,17.6934],[106.3194,17.6955],[106.3248,17.6958],[106.3337,17.6989],[106.3353,17.7006],[106.338,17.7003],[106.3437,17.7011],[106.3436,17.697],[106.3445,17.6955],[106.3521,17.6933],[106.3582,17.6943],[106.3608,17.6987],[106.3594,17.7025],[106.3601,17.704],[106.3634,17.7051],[106.3721,17.7036],[106.3742,17.708],[106.3686,17.7103],[106.3698,17.7136],[106.3685,17.7185],[106.3716,17.7208],[106.3705,17.7229],[106.3664,17.7234],[106.364,17.7222],[106.3624,17.7254],[106.359,17.7268],[106.3577,17.731],[106.3624,17.7333],[106.361,17.7423],[106.3642,17.7414],[106.3708,17.7471],[106.372,17.7499],[106.361,17.7533],[106.3538,17.7551],[106.3491,17.7604]]]},"properties":{"ma_xa":"19075","ten_xa":"Nam Ba Đồn","sap_nhap":"Quảng Tân, Quảng Trung, Quảng Tiên, Quảng Sơn, Quảng Thủy","tru_so":"đang cập nhật","loai":"Xã","cap":2,"stt":5,"dtich_km2":76.3,"dan_so":27643,"matdo_km2":362.29,"ma_tinh":"44","ten_tinh":"Quảng Trị"}},
{"type":"Feature","geometry":{"type":"Polygon","coordinates":[[[107.2678,16.8376],[107.2518,16.8512],[107.239,16.8629],[107.2357,16.8654],[107.2285,16.8719],[107.2199,16.8804],[107.2084,16.893],[107.2029,16.9004],[107.2,16.9061],[107.1969,16.9063],[107.1957,16.9047],[107.1906,16.904],[107.1823,16.9],[107.1714,16.8921],[107.1651,16.8882],[107.1554,16.88],[107.1531,16.8773],[107.1506,16.87],[107.1481,16.8669],[107.1533,16.8643],[107.1514,16.8606],[107.1517,16.8529],[107.1571,16.8455],[107.1582,16.8402],[107.1613,16.836],[107.1634,16.8352],[107.1687,16.8387],[107.1736,16.8387],[107.1757,16.8414],[107.1783,16.8394],[107.1835,16.8412],[107.1893,16.8365],[107.1974,16.8347],[107.1949,16.8314],[107.1909,16.8314],[107.1911,16.8287],[107.1947,16.8282],[107.1979,16.83],[107.2006,16.8276],[107.2013,16.824],[107.2061,16.819],[107.2059,16.8176],[107.2097,16.8153],[107.2085,16.8115],[107.2098,16.8099],[107.2155,16.8137],[107.2177,16.8118],[107.2177,16.8006],[107.2283,16.7989],[107.2306,16.7982],[107.2319,16.8011],[107.2371,16.8058],[107.2518,16.8151],[107.2634,16.823],[107.2606,16.8315],[107.2678,16.8376]]]},"properties":{"ma_xa":"19639","ten_xa":"Nam Cửa Việt","sap_nhap":"Triệu Trạch, Triệu Phước, Triệu Tân","tru_so":"đang cập nhật","loai":"Xã","cap":2,"stt":72,"dtich_km2":74.12,"dan_so":26619,"matdo_km2":359.13,"ma_tinh":"44","ten_tinh":"Quảng Trị"}},
{"type":"Feature","geometry":{"type":"Polygon","coordinates":[[[107.1257,16.8422],[107.1236,16.8385],[107.1209,16.8364],[107.1151,16.8353],[107.1105,16.8367],[107.1064,16.8335],[107.1043,16.8299],[107.1,16.8257],[107.1014,16.823],[107.1081,16.8171],[107.0959,16.8116],[107.0952,16.8082],[107.0935,16.8085],[107.0925,16.8113],[107.087,16.8103],[107.086,16.8081],[107.0852,16.7989],[107.0791,16.7943],[107.0746,16.7922],[107.0738,16.7899],[107.0715,16.7878],[107.0662,16.7877],[107.0634,16.7824],[107.0614,16.7805],[107.0607,16.7766],[107.0577,16.7696],[107.0588,16.7667],[107.0627,16.7638],[107.0653,16.7632],[107.0668,16.7648],[107.0721,16.7666],[107.0732,16.7702],[107.0715,16.7719],[107.0744,16.7736],[107.0787,16.7745],[107.0804,16.7738],[107.0818,16.7775],[107.0867,16.7797],[107.0893,16.7787],[107.0917,16.7814],[107.0934,16.7783],[107.0969,16.778],[107.099,16.776],[107.1046,16.7774],[107.1082,16.7726],[107.1143,16.7759],[107.12,16.7777],[107.1239,16.7816],[107.1261,16.786],[107.1264,16.7896],[107.1283,16.7925],[107.1317,16.7949],[107.1335,16.798],[107.1391,16.7993],[107.1436,16.803],[107.1477,16.8032],[107.1467,16.8069],[107.1439,16.8092],[107.139,16.8208],[107.1361,16.823],[107.1296,16.8291],[107.128,16.8326],[107.128,16.836],[107.1257,16.8422]]]},"properties":{"ma_xa":"19351","ten_xa":"Nam Đông Hà","sap_nhap":"Phường 2 (thành phố Đông Hà), Phường 5, Đông Lễ, Đông Lương","tru_so":"đang cập nhật","loai":"Phường","cap":2,"stt":43,"dtich_km2":35.04,"dan_so":61204,"matdo_km2":1746.69,"ma_tinh":"44","ten_tinh":"Quảng Trị"}},
{"type":"Feature","geometry":{"type":"Polygon","coordinates":[[[106.4177,17.7422],[106.4083,17.7461],[106.3983,17.7487],[106.3919,17.7455],[106.3872,17.7447],[106.3765,17.749],[106.372,17.7499],[106.3708,17.7471],[106.3642,17.7414],[106.361,17.7423],[106.3624,17.7333],[106.3577,17.731],[106.359,17.7268],[106.3624,17.7254],[106.364,17.7222],[106.3664,17.7234],[106.3705,17.7229],[106.3716,17.7208],[106.3685,17.7185],[106.3698,17.7136],[106.3686,17.7103],[106.3742,17.708],[106.3721,17.7036],[106.3634,17.7051],[106.3601,17.704],[106.3594,17.7025],[106.3608,17.6987],[106.3582,17.6943],[106.3521,17.6933],[106.353,17.6909],[106.3513,17.6874],[106.3516,17.6841],[106.3536,17.6808],[106.3545,17.6776],[106.3599,17.6758],[106.3622,17.6786],[106.3665,17.6808],[106.3702,17.6806],[106.3773,17.6815],[106.3786,17.6824],[106.3839,17.6827],[106.3874,17.6852],[106.3958,17.6869],[106.4036,17.6877],[106.4016,17.6919],[106.394,17.6981],[106.3901,17.7078],[106.391,17.7118],[106.3978,17.7178],[106.4015,17.7201],[106.4083,17.7224],[106.4129,17.7247],[106.4204,17.7266],[106.4235,17.7254],[106.4355,17.7174],[106.4342,17.7281],[106.4328,17.7327],[106.4237,17.7394],[106.4177,17.7422]]]},"properties":{"ma_xa":"19093","ten_xa":"Nam Gianh","sap_nhap":"Quảng Hòa, Quảng Lộc, Quảng Văn, Quảng Minh","tru_so":"đang cập nhật","loai":"Xã","cap":2,"stt":4,"dtich_km2":34.43,"dan_so":36527,"matdo_km2":1060.91,"ma_tinh":"44","ten_tinh":"Quảng Trị"}},
{"type":"Feature","geometry":{"type":"Polygon","coordinates":[[[107.3486,16.6948],[107.3476,16.6954],[107.3454,16.7012],[107.3399,16.7054],[107.3344,16.7029],[107.3319,16.6994],[107.3319,16.6972],[107.3297,16.6945],[107.3276,16.6958],[107.3277,16.6978],[107.3259,16.7021],[107.3214,16.6985],[107.3182,16.7008],[107.3112,16.6997],[107.3071,16.7025],[107.3063,16.7013],[107.3112,16.6981],[107.3091,16.6945],[107.3025,16.6967],[107.2954,16.7006],[107.296,16.6985],[107.2938,16.6943],[107.2925,16.6903],[107.2935,16.6864],[107.2961,16.6827],[107.3005,16.6807],[107.302,16.6792],[107.3008,16.674],[107.2995,16.6718],[107.3004,16.6665],[107.2923,16.6562],[107.296,16.6532],[107.2926,16.6506],[107.2894,16.6463],[107.2792,16.641],[107.2707,16.6375],[107.2601,16.6346],[107.2558,16.633],[107.2528,16.6303],[107.2493,16.6317],[107.2441,16.6289],[107.242,16.6209],[107.2399,16.6179],[107.237,16.6179],[107.2332,16.6156],[107.23,16.6146],[107.2266,16.6103],[107.2209,16.6092],[107.2149,16.6072],[107.214,16.6091],[107.2138,16.6168],[107.2147,16.618],[107.2091,16.6202],[107.2051,16.618],[107.2021,16.6211],[107.1937,16.621],[107.1902,16.6206],[107.1893,16.619],[107.186,16.6181],[107.1819,16.6204],[107.181,16.6185],[107.182,16.6149],[107.181,16.6117],[107.1782,16.6117],[107.1771,16.6095],[107.1725,16.6037],[107.1709,16.596],[107.1678,16.5949],[107.1642,16.5917],[107.1604,16.5912],[107.1583,16.5897],[107.1555,16.5898],[107.1532,16.5862],[107.1511,16.5845],[107.1452,16.5831],[107.143,16.579],[107.1437,16.5769],[107.1409,16.5743],[107.1408,16.5719],[107.1445,16.5715],[107.1504,16.5741],[107.1542,16.5751],[107.1571,16.5731],[107.162,16.5757],[107.1631,16.5755],[107.1694,16.5787],[107.1739,16.5786],[107.1786,16.5765],[107.1842,16.5805],[107.1873,16.5791],[107.1936,16.5802],[107.1954,16.5819],[107.1979,16.5814],[107.2026,16.5827],[107.2063,16.5788],[107.2116,16.5785],[107.214,16.5799],[107.217,16.5781],[107.2221,16.5791],[107.2223,16.5801],[107.2285,16.5795],[107.2302,16.5818],[107.2338,16.5815],[107.237,16.5827],[107.2391,16.5822],[107.2448,16.5875],[107.2481,16.5849],[107.2471,16.582],[107.2509,16.577],[107.2533,16.5771],[107.2554,16.5738],[107.2646,16.5715],[107.268,16.5677],[107.2725,16.568],[107.2773,16.5727],[107.2796,16.5719],[107.2827,16.575],[107.287,16.5753],[107.2903,16.5799],[107.297,16.5819],[107.3004,16.5858],[107.3027,16.5868],[107.3031,16.5839],[107.3097,16.582],[107.3136,16.5794],[107.3191,16.5831],[107.323,16.5837],[107.3241,16.5859],[107.3266,16.5863],[107.326,16.5893],[107.324,16.5919],[107.3245,16.5972],[107.3271,16.5991],[107.334,16.5996],[107.3248,16.605],[107.3286,16.608],[107.3235,16.6139],[107.3222,16.6182],[107.3193,16.6212],[107.3132,16.6232],[107.3104,16.625],[107.3119,16.6298],[107.3155,16.6373],[107.3116,16.6354],[107.3087,16.6362],[107.307,16.6385],[107.3069,16.6407],[107.3146,16.6483],[107.3172,16.6518],[107.3213,16.6529],[107.3232,16.6517],[107.3252,16.6484],[107.3254,16.6425],[107.3289,16.6428],[107.3302,16.6448],[107.3287,16.65],[107.3236,16.657],[107.3222,16.6565],[107.3193,16.6591],[107.3182,16.662],[107.3236,16.6654],[107.3286,16.6653],[107.3314,16.6679],[107.3284,16.6691],[107.3246,16.6686],[107.3259,16.6715],[107.3312,16.6736],[107.3336,16.6755],[107.3339,16.679],[107.3368,16.6841],[107.3418,16.6874],[107.3438,16.691],[107.3476,16.6923],[107.3486,16.6948]]]},"properties":{"ma_xa":"19735","ten_xa":"Nam Hải Lăng","sap_nhap":"Hải Sơn, Hải Phong, Hải Chánh","tru_so":"đang cập nhật","loai":"Xã","cap":2,"stt":77,"dtich_km2":114.84,"dan_so":25536,"matdo_km2":222.36,"ma_tinh":"44","ten_tinh":"Quảng Trị"}},
{"type":"Feature","geometry":{"type":"Polygon","coordinates":[[[106.6002,17.53],[106.5897,17.5441],[106.5842,17.5542],[106.5827,17.5535],[106.5814,17.5582],[106.5771,17.5645],[106.5733,17.5621],[106.5738,17.5604],[106.5786,17.5517],[106.5735,17.5502],[106.5723,17.5484],[106.5706,17.542],[106.5691,17.5413],[106.5634,17.5439],[106.562,17.5453],[106.5589,17.5453],[106.556,17.5425],[106.5539,17.5442],[106.5548,17.5501],[106.5528,17.5516],[106.5509,17.5508],[106.5461,17.5468],[106.5446,17.5448],[106.538,17.5393],[106.5349,17.5387],[106.5286,17.5319],[106.5248,17.5313],[106.5191,17.5343],[106.5153,17.5329],[106.5145,17.5338],[106.5105,17.5305],[106.5089,17.5283],[106.5037,17.5234],[106.5058,17.5219],[106.5047,17.5153],[106.5039,17.5142],[106.4975,17.514],[106.4952,17.5193],[106.4909,17.5223],[106.4894,17.5277],[106.4916,17.5294],[106.4927,17.5328],[106.4883,17.5316],[106.4863,17.5291],[106.4835,17.5275],[106.4759,17.5308],[106.4752,17.5294],[106.4714,17.5298],[106.4698,17.5313],[106.4643,17.5304],[106.4619,17.5314],[106.4618,17.5341],[106.4533,17.5352],[106.4447,17.5421],[106.438,17.5413],[106.436,17.5425],[106.4335,17.5401],[106.4306,17.5342],[106.433,17.531],[106.4349,17.5249],[106.4369,17.5202],[106.4368,17.5179],[106.4404,17.5087],[106.4432,17.5051],[106.4438,17.4938],[106.4479,17.489],[106.4484,17.4858],[106.4503,17.4825],[106.4494,17.4805],[106.4527,17.4756],[106.4592,17.4695],[106.4661,17.4649],[106.469,17.4619],[106.4713,17.457],[106.471,17.4524],[106.4721,17.4426],[106.4704,17.4397],[106.4711,17.4373],[106.4747,17.4334],[106.4773,17.432],[106.481,17.4263],[106.4875,17.4226],[106.4888,17.4158],[106.488,17.4141],[106.4906,17.4109],[106.4906,17.4081],[106.4889,17.4064],[106.4836,17.4042],[106.484,17.3967],[106.4874,17.3931],[106.4924,17.3848],[106.494,17.3861],[106.4954,17.3933],[106.4983,17.3965],[106.4977,17.4014],[106.5009,17.4028],[106.5032,17.4057],[106.5053,17.4066],[106.5063,17.4099],[106.5061,17.4146],[106.5117,17.4216],[106.5092,17.4223],[106.506,17.426],[106.5078,17.427],[106.5073,17.4299],[106.5095,17.4301],[106.5106,17.4322],[106.5139,17.4349],[106.5179,17.4413],[106.5225,17.4405],[106.5269,17.443],[106.5278,17.447],[106.5272,17.4491],[106.524,17.451],[106.5245,17.4556],[106.5228,17.4601],[106.5206,17.4635],[106.5226,17.466],[106.5245,17.4702],[106.5325,17.4726],[106.5366,17.4792],[106.544,17.4826],[106.5403,17.4861],[106.5435,17.4884],[106.5472,17.4882],[106.5514,17.4899],[106.5553,17.4936],[106.5593,17.4935],[106.5623,17.4951],[106.5632,17.4972],[106.569,17.506],[106.5749,17.5095],[106.5778,17.5106],[106.5786,17.5134],[106.587,17.5241],[106.5891,17.5216],[106.5898,17.5179],[106.5942,17.5206],[106.6002,17.53]]]},"properties":{"ma_xa":"19198","ten_xa":"Nam Trạch","sap_nhap":"Nông trường Việt Trung (thị trấn), Nhân Trạch, Lý Nam","tru_so":"đang cập nhật","loai":"Xã","cap":2,"stt":30,"dtich_km2":129.83,"dan_so":32594,"matdo_km2":251.05,"ma_tinh":"44","ten_tinh":"Quảng Trị"}},
{"type":"Feature","geometry":{"type":"Polygon","coordinates":[[[106.7968,17.3119],[106.794,17.3146],[106.7847,17.322],[106.7693,17.3353],[106.7667,17.338],[106.7578,17.3457],[106.7457,17.3567],[106.7231,17.3784],[106.7214,17.3806],[106.7105,17.3911],[106.6998,17.4021],[106.6868,17.416],[106.6843,17.4145],[106.6824,17.4115],[106.6745,17.4114],[106.6802,17.405],[106.6861,17.3999],[106.6846,17.3961],[106.685,17.3928],[106.6978,17.3788],[106.6787,17.3715],[106.6731,17.3686],[106.6702,17.3678],[106.6666,17.3722],[106.664,17.3765],[106.6604,17.3736],[106.655,17.3716],[106.6525,17.3688],[106.6469,17.3665],[106.6478,17.3604],[106.6496,17.3551],[106.644,17.3543],[106.6446,17.3515],[106.6427,17.348],[106.6496,17.3458],[106.6541,17.3458],[106.6585,17.3474],[106.6612,17.3415],[106.66,17.3382],[106.6652,17.3357],[106.6663,17.334],[106.6678,17.3282],[106.6676,17.3257],[106.6705,17.323],[106.6815,17.323],[106.6835,17.3215],[106.6828,17.3186],[106.6837,17.3144],[106.6926,17.3128],[106.6967,17.3124],[106.6982,17.3089],[106.6966,17.307],[106.6959,17.3034],[106.701,17.3019],[106.7068,17.2981],[106.7161,17.2943],[106.7148,17.2923],[106.718,17.2945],[106.7173,17.299],[106.7188,17.304],[106.7219,17.3063],[106.7198,17.31],[106.7235,17.3144],[106.7245,17.3183],[106.7263,17.3188],[106.7356,17.3298],[106.7415,17.3249],[106.7565,17.314],[106.7628,17.3103],[106.7632,17.309],[106.767,17.3059],[106.7684,17.3034],[106.7706,17.3017],[106.7733,17.2974],[106.7785,17.2951],[106.7838,17.2916],[106.7853,17.2918],[106.7906,17.3036],[106.7968,17.3119]]]},"properties":{"ma_xa":"19225","ten_xa":"Ninh Châu","sap_nhap":"Tân Ninh, Gia Ninh, Duy Ninh, Hải Ninh","tru_so":"đang cập nhật","loai":"Xã","cap":2,"stt":32,"dtich_km2":86.03,"dan_so":30098,"matdo_km2":349.85,"ma_tinh":"44","ten_tinh":"Quảng Trị"}},
{"type":"Feature","geometry":{"type":"Polygon","coordinates":[[[106.2355,17.7096],[106.2298,17.7115],[106.2223,17.7129],[106.2211,17.7164],[106.2158,17.7189],[106.2139,17.7174],[106.2105,17.7169],[106.2079,17.719],[106.2037,17.7196],[106.2009,17.7178],[106.1865,17.7187],[106.1832,17.7185],[106.1784,17.7206],[106.1748,17.7214],[106.162,17.7222],[106.1594,17.7242],[106.1547,17.7249],[106.1506,17.728],[106.1481,17.727],[106.144,17.7267],[106.1391,17.724],[106.1353,17.7232],[106.1327,17.7239],[106.1208,17.7238],[106.1154,17.7221],[106.111,17.7186],[106.1095,17.715],[106.0998,17.7122],[106.0986,17.7108],[106.0934,17.71],[106.083,17.709],[106.082,17.7042],[106.0781,17.7001],[106.0792,17.6942],[106.0817,17.6942],[106.0837,17.6921],[106.0901,17.6904],[106.0926,17.6905],[106.0955,17.6859],[106.1025,17.684],[106.1065,17.6822],[106.1082,17.6788],[106.1133,17.6756],[106.1225,17.6686],[106.1206,17.6658],[106.1185,17.665],[106.1167,17.6623],[106.1073,17.6627],[106.1043,17.6591],[106.1034,17.6553],[106.0974,17.6536],[106.0947,17.6536],[106.0922,17.6493],[106.089,17.6477],[106.0922,17.6473],[106.0937,17.6458],[106.0919,17.6402],[106.091,17.6315],[106.0894,17.6285],[106.0949,17.6231],[106.1001,17.6196],[106.1009,17.6177],[106.1134,17.6149],[106.1153,17.6138],[106.1192,17.6145],[106.1225,17.6176],[106.1254,17.6182],[106.1268,17.6207],[106.1311,17.6202],[106.1358,17.6179],[106.1384,17.618],[106.1421,17.6208],[106.1472,17.6277],[106.1481,17.6334],[106.154,17.634],[106.1588,17.6365],[106.1655,17.6372],[106.1717,17.6408],[106.1765,17.6401],[106.1783,17.6427],[106.1809,17.6436],[106.1858,17.64],[106.1898,17.6456],[106.1939,17.6425],[106.1954,17.638],[106.1934,17.6353],[106.2,17.628],[106.2067,17.6234],[106.2098,17.6257],[106.2109,17.6279],[106.2201,17.6264],[106.2256,17.6247],[106.2258,17.6233],[106.2289,17.622],[106.2322,17.6222],[106.2347,17.6239],[106.239,17.6221],[106.2434,17.626],[106.2487,17.6289],[106.2515,17.6242],[106.2514,17.6221],[106.2548,17.6201],[106.2514,17.6174],[106.249,17.6143],[106.2469,17.6133],[106.2451,17.6095],[106.2448,17.6068],[106.242,17.6043],[106.2392,17.6002],[106.2361,17.5982],[106.2358,17.5956],[106.2333,17.5926],[106.2333,17.5872],[106.2344,17.5853],[106.2344,17.5798],[106.2356,17.5766],[106.2361,17.5692],[106.2358,17.5661],[106.2375,17.564],[106.2413,17.5633],[106.2391,17.5591],[106.2339,17.5455],[106.2338,17.54],[106.2291,17.5346],[106.2294,17.532],[106.2253,17.5296],[106.2228,17.5273],[106.2168,17.5276],[106.2146,17.5251],[106.2127,17.5204],[106.2138,17.5164],[106.2123,17.5113],[106.2105,17.5102],[106.2076,17.5051],[106.2092,17.5048],[106.211,17.5077],[106.2135,17.5069],[106.2168,17.5104],[106.219,17.5111],[106.22,17.514],[106.2267,17.5157],[106.2272,17.5175],[106.2318,17.5192],[106.2362,17.5186],[106.2426,17.5212],[106.2462,17.5205],[106.2486,17.5215],[106.2521,17.5257],[106.2561,17.5323],[106.2573,17.5316],[106.2603,17.5345],[106.2616,17.5343],[106.2652,17.5394],[106.2685,17.538],[106.2718,17.5383],[106.2775,17.5375],[106.2811,17.5396],[106.2846,17.5389],[106.2875,17.5406],[106.2884,17.5438],[106.293,17.5469],[106.295,17.5415],[106.2979,17.5384],[106.298,17.5352],[106.3037,17.5288],[106.3057,17.5237],[106.3078,17.5204],[106.309,17.5168],[106.3096,17.5115],[106.3114,17.5071],[106.3145,17.5062],[106.3174,17.509],[106.3224,17.5121],[106.3247,17.5104],[106.3259,17.5075],[106.3288,17.5103],[106.3352,17.5134],[106.3403,17.518],[106.3402,17.5196],[106.3442,17.529],[106.3429,17.5311],[106.3414,17.5374],[106.3425,17.542],[106.3412,17.5473],[106.3407,17.5557],[106.3389,17.5581],[106.3339,17.5583],[106.3302,17.5593],[106.3269,17.5634],[106.3242,17.5638],[106.323,17.5663],[106.3182,17.5693],[106.3204,17.5725],[106.3233,17.5741],[106.3246,17.5783],[106.3281,17.5789],[106.3308,17.5825],[106.3326,17.589],[106.3359,17.591],[106.3341,17.5941],[106.331,17.5968],[106.3306,17.599],[106.3329,17.6026],[106.3365,17.6055],[106.335,17.6087],[106.3355,17.6125],[106.3428,17.6177],[106.3437,17.6199],[106.3386,17.6203],[106.3383,17.6253],[106.3395,17.629],[106.3344,17.6345],[106.3391,17.6418],[106.3454,17.6397],[106.3469,17.6411],[106.3459,17.6446],[106.3436,17.6469],[106.3393,17.6481],[106.3379,17.6518],[106.3354,17.6546],[106.3371,17.6583],[106.3419,17.6624],[106.3418,17.6669],[106.3391,17.6711],[106.3465,17.6725],[106.347,17.6778],[106.3503,17.6813],[106.3516,17.6841],[106.3513,17.6874],[106.353,17.6909],[106.3521,17.6933],[106.3445,17.6955],[106.3436,17.697],[106.3437,17.7011],[106.338,17.7003],[106.3353,17.7006],[106.3337,17.6989],[106.3248,17.6958],[106.3194,17.6955],[106.3154,17.6934],[106.3139,17.6943],[106.31,17.6937],[106.306,17.6976],[106.3011,17.6963],[106.2976,17.6968],[106.2953,17.7007],[106.2929,17.7021],[106.2901,17.7016],[106.2893,17.6993],[106.2853,17.6982],[106.2799,17.698],[106.2796,17.7023],[106.276,17.7034],[106.272,17.7035],[106.2682,17.7028],[106.2637,17.7032],[106.2582,17.705],[106.2567,17.7038],[106.2532,17.7064],[106.2512,17.7035],[106.2499,17.7064],[106.2467,17.7054],[106.2457,17.7035],[106.241,17.7034],[106.236,17.707],[106.2355,17.7096]]]},"properties":{"ma_xa":"19138","ten_xa":"Phong Nha","sap_nhap":"Phong Nha (thị trấn), Lâm Trạch, Xuân Trạch, Phúc Trạch","tru_so":"đang cập nhật","loai":"Xã","cap":2,"stt":25,"dtich_km2":358.1,"dan_so":39254,"matdo_km2":109.62,"ma_tinh":"44","ten_tinh":"Quảng Trị"}},
{"type":"Feature","geometry":{"type":"MultiPolygon","coordinates":[[[[106.4968,17.9094],[106.4971,17.912],[106.4955,17.9145],[106.4925,17.9122],[106.4968,17.9094]]],[[[106.5268,17.9381],[106.5278,17.9344],[106.5268,17.9322],[106.5295,17.9313],[106.534,17.9314],[106.533,17.9359],[106.5268,17.9381]]],[[[106.4004,17.9817],[106.3962,17.9812],[106.387,17.9824],[106.3815,17.9859],[106.3754,17.9853],[106.3686,17.9882],[106.3642,17.9888],[106.3605,17.991],[106.3567,17.9907],[106.3517,17.9891],[106.3465,17.9897],[106.3418,17.9917],[106.3379,17.9911],[106.3377,17.9879],[106.3361,17.9855],[106.3286,17.9799],[106.3278,17.9736],[106.3257,17.9692],[106.3251,17.9654],[106.323,17.9625],[106.3178,17.9636],[106.3123,17.9633],[106.3108,17.9623],[106.3054,17.9628],[106.3043,17.9594],[106.2999,17.9544],[106.2977,17.9537],[106.2976,17.9501],[106.2962,17.9453],[106.2938,17.9436],[106.2874,17.9428],[106.281,17.9336],[106.2816,17.9308],[106.2855,17.9287],[106.2867,17.9257],[106.2853,17.9241],[106.2857,17.9195],[106.2802,17.9158],[106.2805,17.912],[106.2776,17.9056],[106.2755,17.9033],[106.2721,17.9019],[106.2709,17.8998],[106.2711,17.8936],[106.2682,17.892],[106.2679,17.8877],[106.267,17.8852],[106.2692,17.883],[106.2702,17.8781],[106.2731,17.8776],[106.2791,17.8777],[106.2825,17.8787],[106.2881,17.8776],[106.2905,17.8806],[106.2935,17.8866],[106.2969,17.887],[106.2956,17.8927],[106.2959,17.8946],[106.3034,17.8972],[106.3055,17.8941],[106.3156,17.8933],[106.3188,17.8944],[106.3206,17.8971],[106.3187,17.9025],[106.3248,17.9032],[106.3281,17.9027],[106.3343,17.8989],[106.3383,17.8997],[106.3419,17.8986],[106.3448,17.8962],[106.3488,17.8949],[106.3519,17.895],[106.3527,17.8926],[106.3555,17.8911],[106.3598,17.8903],[106.3616,17.892],[106.3656,17.8923],[106.3715,17.8889],[106.3773,17.891],[106.3822,17.895],[106.3825,17.8974],[106.3844,17.8998],[106.3874,17.8997],[106.3912,17.9045],[106.3903,17.9064],[106.3922,17.911],[106.3951,17.9122],[106.3962,17.9141],[106.396,17.9175],[106.3983,17.9196],[106.3991,17.9134],[106.4019,17.9084],[106.4001,17.9018],[106.4006,17.8973],[106.3997,17.8962],[106.4027,17.8935],[106.4054,17.8931],[106.4068,17.8903],[106.4107,17.893],[106.4123,17.893],[106.4136,17.8898],[106.418,17.8895],[106.4201,17.8913],[106.423,17.8919],[106.4249,17.8909],[106.4271,17.8874],[106.4277,17.8837],[106.4294,17.8798],[106.4325,17.8766],[106.4364,17.8756],[106.4398,17.8785],[106.4424,17.8792],[106.4487,17.8758],[106.4519,17.8764],[106.4538,17.8782],[106.4565,17.8781],[106.4602,17.8794],[106.4632,17.889],[106.4647,17.8917],[106.4687,17.895],[106.4699,17.9023],[106.4725,17.907],[106.4775,17.9113],[106.4813,17.9155],[106.4834,17.9209],[106.4863,17.9224],[106.4895,17.9215],[106.4936,17.9228],[106.4972,17.9213],[106.5024,17.9239],[106.502,17.9256],[106.5043,17.9304],[106.5082,17.9356],[106.511,17.9382],[106.5161,17.9414],[106.5188,17.9386],[106.5212,17.9409],[106.5241,17.9401],[106.5243,17.9429],[106.5211,17.9441],[106.5179,17.942],[106.5114,17.9426],[106.5073,17.9477],[106.5053,17.9526],[106.5054,17.9585],[106.5107,17.9599],[106.5058,17.9614],[106.4955,17.9606],[106.4915,17.9594],[106.4893,17.9578],[106.4786,17.9534],[106.4757,17.9553],[106.4711,17.9562],[106.4649,17.9559],[106.4591,17.9544],[106.4502,17.9495],[106.4447,17.9517],[106.4441,17.9557],[106.4441,17.9689],[106.4388,17.9698],[106.4355,17.9728],[106.4302,17.9711],[106.4267,17.9708],[106.4228,17.9695],[106.4173,17.9747],[106.41,17.9726],[106.4026,17.9783],[106.4004,17.9817]]]]},"properties":{"ma_xa":"19021","ten_xa":"Phú Trạch","sap_nhap":"Quảng Đông, Quảng Phú, Quảng Kim, Quảng Hợp","tru_so":"đang cập nhật","loai":"Xã","cap":2,"stt":23,"dtich_km2":197.41,"dan_so":30850,"matdo_km2":156.27,"ma_tinh":"44","ten_tinh":"Quảng Trị"}},
{"type":"Feature","geometry":{"type":"Polygon","coordinates":[[[106.6745,17.4114],[106.6657,17.4206],[106.6581,17.417],[106.6539,17.4196],[106.6522,17.4222],[106.6502,17.4217],[106.6473,17.4177],[106.6392,17.4308],[106.6376,17.4359],[106.6291,17.4361],[106.6246,17.434],[106.6235,17.432],[106.6241,17.4273],[106.6219,17.4256],[106.6192,17.4253],[106.6123,17.4235],[106.606,17.4256],[106.598,17.4247],[106.597,17.4218],[106.5948,17.4209],[106.5954,17.4181],[106.592,17.4186],[106.5863,17.4081],[106.5868,17.407],[106.5839,17.403],[106.5755,17.4025],[106.5721,17.4059],[106.5664,17.4077],[106.5635,17.4074],[106.5592,17.4043],[106.5556,17.403],[106.5553,17.3997],[106.5507,17.3939],[106.5487,17.3935],[106.5432,17.3881],[106.5376,17.3849],[106.5333,17.3836],[106.5325,17.3811],[106.529,17.3766],[106.5274,17.3757],[106.5266,17.3721],[106.5318,17.3686],[106.5402,17.3652],[106.5449,17.3653],[106.5483,17.3624],[106.5542,17.3631],[106.5594,17.3614],[106.5626,17.3629],[106.564,17.3619],[106.5676,17.3629],[106.5713,17.3611],[106.5745,17.3616],[106.5763,17.3633],[106.5794,17.3636],[106.5806,17.3604],[106.5834,17.3573],[106.5841,17.3538],[106.5871,17.3525],[106.5881,17.3489],[106.59,17.3466],[106.5923,17.3473],[106.5959,17.3452],[106.6029,17.3453],[106.6045,17.3463],[106.6076,17.3454],[106.6131,17.3446],[106.614,17.3459],[106.6206,17.3474],[106.6221,17.3467],[106.6262,17.3483],[106.6261,17.3506],[106.6305,17.3512],[106.631,17.3476],[106.6324,17.3453],[106.6357,17.3459],[106.6408,17.3486],[106.6427,17.348],[106.6446,17.3515],[106.644,17.3543],[106.6496,17.3551],[106.6478,17.3604],[106.6469,17.3665],[106.6525,17.3688],[106.655,17.3716],[106.6604,17.3736],[106.664,17.3765],[106.6666,17.3722],[106.6702,17.3678],[106.6731,17.3686],[106.6787,17.3715],[106.6978,17.3788],[106.685,17.3928],[106.6846,17.3961],[106.6861,17.3999],[106.6802,17.405],[106.6745,17.4114]]]},"properties":{"ma_xa":"19207","ten_xa":"Quảng Ninh","sap_nhap":"Quán Hàu (thị trấn), Vĩnh Ninh, Võ Ninh, Hàm Ninh","tru_so":"đang cập nhật","loai":"Xã","cap":2,"stt":31,"dtich_km2":100.27,"dan_so":36210,"matdo_km2":361.12,"ma_tinh":"44","ten_tinh":"Quảng Trị"}},
{"type":"Feature","geometry":{"type":"Polygon","coordinates":[[[106.4464,17.8559],[106.443,17.8562],[106.4426,17.8537],[106.4392,17.8547],[106.4355,17.8548],[106.436,17.8581],[106.4299,17.8569],[106.4235,17.8589],[106.4214,17.8602],[106.4162,17.8596],[106.4114,17.8605],[106.4066,17.8598],[106.4076,17.8524],[106.4089,17.8492],[106.414,17.8483],[106.4186,17.8488],[106.4185,17.844],[106.4156,17.8208],[106.411,17.8227],[106.4016,17.8248],[106.4012,17.8207],[106.4011,17.81],[106.3946,17.8075],[106.3929,17.8054],[106.3853,17.8065],[106.3821,17.8042],[106.3816,17.7982],[106.3799,17.7965],[106.3757,17.7948],[106.3725,17.7973],[106.3652,17.7951],[106.3614,17.7946],[106.3573,17.7929],[106.3549,17.7909],[106.3511,17.7893],[106.3475,17.7926],[106.3436,17.7943],[106.3412,17.7922],[106.3386,17.7918],[106.3354,17.7886],[106.3357,17.7867],[106.3458,17.7824],[106.3491,17.7799],[106.3479,17.7776],[106.351,17.776],[106.354,17.7757],[106.3594,17.7734],[106.3651,17.7741],[106.3666,17.7724],[106.3692,17.7727],[106.3716,17.7706],[106.3748,17.7711],[106.3781,17.7747],[106.3807,17.7734],[106.3818,17.7693],[106.3887,17.7695],[106.3898,17.7679],[106.3959,17.7679],[106.3971,17.7659],[106.4045,17.763],[106.4047,17.7681],[106.4099,17.7721],[106.4101,17.7748],[106.4143,17.7746],[106.4173,17.7781],[106.4171,17.795],[106.4249,17.7969],[106.4267,17.7927],[106.4359,17.7763],[106.4374,17.7767],[106.4397,17.7731],[106.44,17.7689],[106.4417,17.7706],[106.4575,17.777],[106.4526,17.793],[106.4482,17.8103],[106.4462,17.8202],[106.4443,17.8371],[106.4448,17.8486],[106.4464,17.8559]]]},"properties":{"ma_xa":"19057","ten_xa":"Quảng Trạch","sap_nhap":"Quảng Phương, Quảng Xuân, Quảng Hưng","tru_so":"đang cập nhật","loai":"Xã","cap":2,"stt":21,"dtich_km2":56.64,"dan_so":31422,"matdo_km2":554.77,"ma_tinh":"44","ten_tinh":"Quảng Trị"}},
{"type":"Feature","geometry":{"type":"Polygon","coordinates":[[[107.1987,16.7478],[107.1978,16.7519],[107.2025,16.7546],[107.2039,16.7564],[107.2029,16.7586],[107.1991,16.76],[107.1945,16.758],[107.1863,16.7576],[107.1826,16.759],[107.1802,16.7581],[107.1785,16.7548],[107.1762,16.7531],[107.1762,16.7502],[107.1774,16.7466],[107.1775,16.7436],[107.1759,16.736],[107.1739,16.7333],[107.166,16.7325],[107.1634,16.7331],[107.161,16.7309],[107.1613,16.7289],[107.1588,16.7273],[107.1602,16.7226],[107.1658,16.7259],[107.1655,16.7292],[107.1675,16.7306],[107.1702,16.7266],[107.1684,16.7223],[107.1673,16.715],[107.1648,16.7094],[107.1593,16.7067],[107.1517,16.7053],[107.1489,16.7042],[107.1474,16.7016],[107.1448,16.7003],[107.139,16.7014],[107.137,16.7012],[107.1277,16.6935],[107.118,16.6877],[107.1171,16.6852],[107.1186,16.6825],[107.1192,16.6777],[107.1178,16.6714],[107.1132,16.6643],[107.1119,16.6635],[107.1039,16.6653],[107.1028,16.6605],[107.1006,16.6598],[107.0941,16.6645],[107.0914,16.6627],[107.0904,16.6581],[107.0888,16.6549],[107.0869,16.6544],[107.0818,16.6557],[107.0787,16.6523],[107.0695,16.6521],[107.0676,16.65],[107.0672,16.6475],[107.0706,16.6461],[107.0744,16.6465],[107.0745,16.6448],[107.0723,16.6418],[107.0757,16.6347],[107.078,16.6327],[107.077,16.6311],[107.079,16.6284],[107.085,16.6287],[107.0879,16.6328],[107.0906,16.6324],[107.0928,16.6336],[107.0952,16.6331],[107.0991,16.6357],[107.1044,16.6319],[107.1084,16.6321],[107.1121,16.637],[107.1147,16.6365],[107.1208,16.6373],[107.1264,16.6344],[107.1273,16.6354],[107.133,16.6372],[107.1356,16.6361],[107.1385,16.6377],[107.1426,16.6356],[107.1465,16.6373],[107.1533,16.6414],[107.1568,16.6405],[107.1594,16.6409],[107.1653,16.639],[107.1685,16.6402],[107.1674,16.6441],[107.169,16.6496],[107.1706,16.6528],[107.1753,16.6557],[107.1758,16.6585],[107.1781,16.663],[107.1778,16.6657],[107.1807,16.6692],[107.1817,16.675],[107.1795,16.6778],[107.1847,16.6798],[107.184,16.6839],[107.1858,16.6874],[107.1846,16.6892],[107.1852,16.6941],[107.1827,16.6995],[107.18,16.7005],[107.1787,16.7045],[107.1842,16.7095],[107.187,16.7099],[107.1895,16.7137],[107.189,16.717],[107.1907,16.7176],[107.1922,16.7236],[107.1907,16.7261],[107.1925,16.7273],[107.1909,16.7333],[107.1919,16.7412],[107.1966,16.7396],[107.1987,16.7478]]]},"properties":{"ma_xa":"19360","ten_xa":"Quảng Trị","sap_nhap":"Phường 1 (thị xã Quảng Trị), Phường 2 (thị xã Quảng Trị), Phường 3 (thị xã Quảng Trị), An Đôn, Hải Lệ","tru_so":"đang cập nhật","loai":"Phường","cap":2,"stt":44,"dtich_km2":72.82,"dan_so":29705,"matdo_km2":407.92,"ma_tinh":"44","ten_tinh":"Quảng Trị"}},
{"type":"Feature","geometry":{"type":"Polygon","coordinates":[[[106.9901,17.1643],[106.9911,17.1655],[106.9867,17.1681],[106.9784,17.1747],[106.9697,17.1813],[106.9634,17.1851],[106.9548,17.1912],[106.9476,17.1969],[106.9392,17.2027],[106.9132,17.2223],[106.9014,17.2319],[106.8877,17.2421],[106.8854,17.2378],[106.8832,17.2317],[106.8807,17.2293],[106.8785,17.2241],[106.854,17.2409],[106.8451,17.2259],[106.8363,17.2183],[106.8437,17.2122],[106.8427,17.2099],[106.8457,17.2054],[106.8488,17.2074],[106.8549,17.2061],[106.8575,17.2037],[106.8614,17.202],[106.8608,17.1991],[106.8664,17.1978],[106.8723,17.1923],[106.8746,17.1908],[106.8785,17.1867],[106.8784,17.1811],[106.8836,17.1782],[106.885,17.1766],[106.8842,17.1738],[106.882,17.1723],[106.8844,17.1698],[106.8822,17.168],[106.8817,17.1634],[106.8823,17.1601],[106.8893,17.1562],[106.8978,17.1404],[106.8977,17.1382],[106.8952,17.1361],[106.8908,17.1292],[106.8884,17.1272],[106.8917,17.1215],[106.8903,17.1165],[106.8918,17.1133],[106.8906,17.1114],[106.892,17.1087],[106.8912,17.1055],[106.8873,17.1002],[106.89,17.0998],[106.8913,17.0978],[106.8941,17.0964],[106.8919,17.0909],[106.8933,17.0894],[106.9,17.0932],[106.9009,17.0953],[106.9047,17.0948],[106.9058,17.0964],[106.9139,17.1021],[106.9208,17.106],[106.9239,17.1085],[106.9272,17.1085],[106.949,17.1198],[106.9537,17.1199],[106.9539,17.1239],[106.9576,17.128],[106.9619,17.1307],[106.9674,17.1373],[106.969,17.1379],[106.9714,17.1435],[106.9845,17.1555],[106.9868,17.1607],[106.9901,17.1643]]]},"properties":{"ma_xa":"19288","ten_xa":"Sen Ngư","sap_nhap":"Hưng Thủy, Sen Thủy, Ngư Thủy","tru_so":"đang cập nhật","loai":"Xã","cap":2,"stt":37,"dtich_km2":120.84,"dan_so":21158,"matdo_km2":175.09,"ma_tinh":"44","ten_tinh":"Quảng Trị"}},
{"type":"Feature","geometry":{"type":"Polygon","coordinates":[[[107.0555,16.5242],[107.0527,16.5237],[107.05,16.5255],[107.0478,16.5285],[107.0447,16.5312],[107.0428,16.531],[107.0376,16.5345],[107.0332,16.534],[107.0262,16.5381],[107.0252,16.5402],[107.0187,16.5417],[107.0165,16.5436],[107.0133,16.5426],[107.009,16.5399],[107.0028,16.5424],[107.0015,16.544],[106.9946,16.5396],[106.9927,16.5404],[106.9909,16.5363],[106.9871,16.5339],[106.9809,16.5323],[106.9804,16.5288],[106.9726,16.5228],[106.972,16.5189],[106.9691,16.5155],[106.9701,16.5097],[106.9699,16.5061],[106.9607,16.4917],[106.9604,16.4834],[106.9583,16.4785],[106.9577,16.4747],[106.9595,16.4706],[106.9547,16.4657],[106.9523,16.4573],[106.949,16.4533],[106.9439,16.4527],[106.9413,16.4505],[106.9387,16.4521],[106.9365,16.452],[106.9325,16.4541],[106.9274,16.4605],[106.9204,16.4609],[106.9162,16.463],[106.9098,16.4673],[106.9078,16.4666],[106.9041,16.469],[106.8903,16.4692],[106.8845,16.4678],[106.886,16.4627],[106.8851,16.4576],[106.8868,16.4537],[106.8886,16.4519],[106.8867,16.4488],[106.8844,16.4484],[106.8792,16.4446],[106.8763,16.4391],[106.8733,16.4358],[106.8717,16.4359],[106.8718,16.4288],[106.8738,16.4261],[106.8775,16.4255],[106.8845,16.422],[106.8877,16.4214],[106.8916,16.4267],[106.8952,16.4256],[106.9001,16.426],[106.8995,16.4224],[106.8963,16.42],[106.8953,16.416],[106.8953,16.4126],[106.8921,16.411],[106.8914,16.4088],[106.8961,16.4018],[106.8958,16.3995],[106.8976,16.392],[106.8994,16.3901],[106.9043,16.388],[106.9072,16.3852],[106.9075,16.3834],[106.9132,16.3812],[106.9181,16.3737],[106.9227,16.3702],[106.9281,16.3704],[106.9316,16.3658],[106.9384,16.3655],[106.947,16.3615],[106.9526,16.3584],[106.9579,16.3581],[106.9618,16.3588],[106.9636,16.3572],[106.9647,16.3608],[106.9599,16.362],[106.9545,16.3619],[106.9503,16.3639],[106.9491,16.368],[106.9514,16.3708],[106.9505,16.3755],[106.9523,16.3795],[106.9565,16.381],[106.9576,16.3839],[106.9609,16.3855],[106.9587,16.3911],[106.9593,16.3933],[106.9621,16.3964],[106.9628,16.4006],[106.9669,16.4033],[106.9659,16.4063],[106.9798,16.3932],[106.9828,16.3915],[106.9879,16.3914],[106.9986,16.3878],[107.0006,16.3888],[107.0032,16.388],[107.007,16.3901],[107.0112,16.3897],[107.0143,16.3902],[107.0165,16.3943],[107.0211,16.3976],[107.0266,16.395],[107.0289,16.3917],[107.032,16.3933],[107.0361,16.3921],[107.0421,16.392],[107.0426,16.3954],[107.0402,16.4032],[107.044,16.4083],[107.045,16.4124],[107.048,16.4162],[107.047,16.4169],[107.0475,16.4218],[107.047,16.4251],[107.0505,16.426],[107.0506,16.433],[107.053,16.436],[107.0545,16.4359],[107.0585,16.4313],[107.0687,16.4328],[107.0743,16.4331],[107.0774,16.4369],[107.0813,16.4381],[107.0815,16.4399],[107.0854,16.4417],[107.0892,16.4488],[107.093,16.4463],[107.0957,16.4465],[107.1009,16.4426],[107.1061,16.4402],[107.1091,16.4421],[107.1105,16.4413],[107.1174,16.4419],[107.1222,16.443],[107.126,16.4424],[107.1296,16.4465],[107.1296,16.4493],[107.1316,16.4498],[107.1354,16.4537],[107.1356,16.459],[107.1338,16.4617],[107.1319,16.4691],[107.1298,16.4704],[107.1299,16.4753],[107.1262,16.4768],[107.1255,16.4813],[107.1215,16.485],[107.1197,16.4879],[107.1145,16.4885],[107.1126,16.4908],[107.106,16.4952],[107.102,16.4949],[107.0986,16.4911],[107.0968,16.498],[107.095,16.5001],[107.0944,16.5044],[107.0911,16.5042],[107.0883,16.5028],[107.0819,16.5031],[107.0805,16.5079],[107.0758,16.5089],[107.0743,16.511],[107.0707,16.51],[107.0677,16.5105],[107.0647,16.514],[107.0579,16.5195],[107.0572,16.5224],[107.0555,16.5242]]]},"properties":{"ma_xa":"19588","ten_xa":"Tà Rụt","sap_nhap":"A Vao, Húc Nghì, Tà Rụt","tru_so":"đang cập nhật","loai":"Xã","cap":2,"stt":62,"dtich_km2":273.15,"dan_so":10639,"matdo_km2":38.95,"ma_tinh":"44","ten_tinh":"Quảng Trị"}},
{"type":"Feature","geometry":{"type":"Polygon","coordinates":[[[106.3436,17.7943],[106.3487,17.8004],[106.3449,17.8023],[106.3431,17.8014],[106.3377,17.8067],[106.3303,17.8033],[106.3287,17.8047],[106.3307,17.8081],[106.3301,17.8132],[106.3288,17.8144],[106.3243,17.8147],[106.3199,17.807],[106.3123,17.8098],[106.3098,17.8097],[106.3042,17.8113],[106.3006,17.8108],[106.2967,17.808],[106.2956,17.8094],[106.2963,17.815],[106.2976,17.818],[106.2946,17.8187],[106.2915,17.8206],[106.2848,17.8193],[106.2819,17.8194],[106.2806,17.816],[106.2832,17.8148],[106.2845,17.8094],[106.2826,17.8082],[106.2778,17.8078],[106.2773,17.8034],[106.2749,17.7993],[106.274,17.7944],[106.2726,17.7944],[106.2717,17.7884],[106.277,17.7881],[106.2834,17.7858],[106.2923,17.7793],[106.2942,17.7753],[106.2941,17.7722],[106.2953,17.7648],[106.2971,17.7618],[106.3032,17.7607],[106.3087,17.7602],[106.3108,17.7611],[106.3181,17.7681],[106.322,17.7704],[106.3264,17.7702],[106.3337,17.7665],[106.3448,17.7618],[106.3491,17.7604],[106.3576,17.7591],[106.3626,17.7619],[106.3708,17.7588],[106.3785,17.7569],[106.3871,17.7568],[106.3913,17.7542],[106.3943,17.7645],[106.3971,17.7659],[106.3959,17.7679],[106.3898,17.7679],[106.3887,17.7695],[106.3818,17.7693],[106.3807,17.7734],[106.3781,17.7747],[106.3748,17.7711],[106.3716,17.7706],[106.3692,17.7727],[106.3666,17.7724],[106.3651,17.7741],[106.3594,17.7734],[106.354,17.7757],[106.351,17.776],[106.3479,17.7776],[106.3491,17.7799],[106.3458,17.7824],[106.3357,17.7867],[106.3354,17.7886],[106.3386,17.7918],[106.3412,17.7922],[106.3436,17.7943]]]},"properties":{"ma_xa":"19051","ten_xa":"Tân Gianh","sap_nhap":"Phù Cảnh, Liên Trường, Quảng Thanh","tru_so":"đang cập nhật","loai":"Xã","cap":2,"stt":19,"dtich_km2":41.05,"dan_so":22395,"matdo_km2":545.55,"ma_tinh":"44","ten_tinh":"Quảng Trị"}},
{"type":"Feature","geometry":{"type":"Polygon","coordinates":[[[106.7524,16.5373],[106.7497,16.5413],[106.7491,16.5442],[106.7404,16.5688],[106.7407,16.5727],[106.7392,16.5755],[106.7318,16.5822],[106.7224,16.5888],[106.7283,16.5993],[106.7287,16.6085],[106.7257,16.6085],[106.7225,16.6107],[106.7228,16.613],[106.7207,16.6144],[106.7187,16.6226],[106.7262,16.6271],[106.7293,16.6274],[106.7266,16.6331],[106.7219,16.6361],[106.7192,16.6395],[106.7147,16.6396],[106.7083,16.6437],[106.7053,16.6405],[106.6977,16.6415],[106.6972,16.6426],[106.6874,16.6472],[106.684,16.6457],[106.6772,16.6448],[106.6736,16.6435],[106.6787,16.6368],[106.6771,16.6293],[106.6752,16.6235],[106.6705,16.6208],[106.6685,16.6184],[106.6684,16.6128],[106.6691,16.6101],[106.6708,16.6089],[106.6721,16.6042],[106.6748,16.6022],[106.6775,16.5978],[106.6736,16.5966],[106.6714,16.5937],[106.6719,16.5889],[106.6698,16.5883],[106.6718,16.5841],[106.6742,16.5837],[106.6754,16.5807],[106.6786,16.582],[106.6803,16.5809],[106.682,16.5762],[106.6836,16.5741],[106.6872,16.5719],[106.6894,16.5673],[106.6888,16.5653],[106.6913,16.5589],[106.6905,16.556],[106.688,16.5524],[106.6874,16.5493],[106.6853,16.5472],[106.6841,16.543],[106.6868,16.5356],[106.6842,16.528],[106.6827,16.5203],[106.7015,16.5123],[106.712,16.5087],[106.7176,16.5076],[106.721,16.5111],[106.7261,16.5136],[106.73,16.5221],[106.7322,16.5243],[106.7423,16.5268],[106.7467,16.5246],[106.7498,16.5276],[106.7512,16.5349],[106.7524,16.5373]]]},"properties":{"ma_xa":"19462","ten_xa":"Tân Lập","sap_nhap":"Tân Liên, Hướng Lộc, Tân Lập","tru_so":"đang cập nhật","loai":"Xã","cap":2,"stt":57,"dtich_km2":83.18,"dan_so":14418,"matdo_km2":173.33,"ma_tinh":"44","ten_tinh":"Quảng Trị"}},
{"type":"Feature","geometry":{"type":"Polygon","coordinates":[[[106.8363,17.2183],[106.8364,17.2195],[106.8302,17.2247],[106.8278,17.2249],[106.8238,17.2277],[106.8212,17.2261],[106.8164,17.2198],[106.8179,17.2197],[106.8175,17.2152],[106.8134,17.2154],[106.8092,17.2101],[106.8092,17.208],[106.8123,17.2063],[106.8121,17.2025],[106.8057,17.1995],[106.8028,17.197],[106.7971,17.1884],[106.7989,17.1817],[106.7984,17.1762],[106.7966,17.1709],[106.7967,17.169],[106.8041,17.1611],[106.8079,17.1622],[106.8101,17.1616],[106.8164,17.1551],[106.8194,17.154],[106.8199,17.152],[106.8268,17.1458],[106.8309,17.1429],[106.8347,17.1367],[106.8338,17.1338],[106.8336,17.1286],[106.8305,17.1271],[106.8313,17.123],[106.8276,17.1187],[106.8287,17.1155],[106.827,17.114],[106.8299,17.1066],[106.8509,17.0807],[106.8611,17.0771],[106.8677,17.0812],[106.883,17.0824],[106.8884,17.0899],[106.8919,17.0909],[106.8941,17.0964],[106.8913,17.0978],[106.89,17.0998],[106.8873,17.1002],[106.8912,17.1055],[106.892,17.1087],[106.8906,17.1114],[106.8918,17.1133],[106.8903,17.1165],[106.8917,17.1215],[106.8884,17.1272],[106.8908,17.1292],[106.8952,17.1361],[106.8977,17.1382],[106.8978,17.1404],[106.8893,17.1562],[106.8823,17.1601],[106.8817,17.1634],[106.8822,17.168],[106.8844,17.1698],[106.882,17.1723],[106.8842,17.1738],[106.885,17.1766],[106.8836,17.1782],[106.8784,17.1811],[106.8785,17.1867],[106.8746,17.1908],[106.8723,17.1923],[106.8664,17.1978],[106.8608,17.1991],[106.8614,17.202],[106.8575,17.2037],[106.8549,17.2061],[106.8488,17.2074],[106.8457,17.2054],[106.8427,17.2099],[106.8437,17.2122],[106.8363,17.2183]]]},"properties":{"ma_xa":"19291","ten_xa":"Tân Mỹ","sap_nhap":"Tân Thủy, Dương Thủy, Mỹ Thủy, Thái Thủy","tru_so":"đang cập nhật","loai":"Xã","cap":2,"stt":38,"dtich_km2":102.57,"dan_so":24644,"matdo_km2":240.27,"ma_tinh":"44","ten_tinh":"Quảng Trị"}},
{"type":"Feature","geometry":{"type":"Polygon","coordinates":[[[105.8894,17.9361],[105.8873,17.9395],[105.8834,17.9411],[105.878,17.9495],[105.8765,17.9576],[105.8697,17.9544],[105.8676,17.9518],[105.8636,17.9511],[105.8594,17.9517],[105.8567,17.9502],[105.8552,17.9484],[105.8548,17.9394],[105.8459,17.9398],[105.8393,17.9396],[105.837,17.9345],[105.8373,17.9315],[105.8415,17.9303],[105.844,17.9262],[105.845,17.9222],[105.8445,17.9202],[105.8479,17.919],[105.8514,17.9148],[105.8445,17.9108],[105.8431,17.9064],[105.8383,17.9057],[105.8341,17.909],[105.8319,17.9142],[105.8301,17.9157],[105.8289,17.9188],[105.8243,17.9183],[105.8188,17.9209],[105.8158,17.9186],[105.8127,17.921],[105.8095,17.9215],[105.8048,17.9198],[105.8017,17.9203],[105.7943,17.9201],[105.7875,17.9145],[105.7851,17.9103],[105.7828,17.9079],[105.7835,17.9042],[105.7827,17.8976],[105.7786,17.895],[105.7712,17.8949],[105.7645,17.891],[105.7663,17.8871],[105.7693,17.8851],[105.7742,17.8889],[105.7841,17.8884],[105.7916,17.8841],[105.7953,17.8841],[105.7976,17.8819],[105.795,17.8793],[105.7962,17.8766],[105.7955,17.8741],[105.7933,17.8715],[105.7947,17.8694],[105.7985,17.8703],[105.8033,17.8683],[105.8115,17.8697],[105.814,17.8713],[105.8157,17.8702],[105.8182,17.8638],[105.8191,17.8547],[105.8183,17.8526],[105.8196,17.8504],[105.8268,17.8458],[105.8287,17.8426],[105.8318,17.8406],[105.8337,17.8354],[105.8352,17.8338],[105.8339,17.8281],[105.8348,17.8231],[105.8372,17.8226],[105.8431,17.8275],[105.8474,17.832],[105.8497,17.8324],[105.8526,17.8279],[105.8566,17.8298],[105.8641,17.8314],[105.8611,17.8338],[105.8628,17.8436],[105.8603,17.8468],[105.8625,17.8503],[105.858,17.8532],[105.8576,17.8584],[105.8606,17.8597],[105.8708,17.8625],[105.8716,17.8647],[105.8695,17.8676],[105.8688,17.8712],[105.8703,17.872],[105.8724,17.8693],[105.8796,17.8704],[105.8804,17.8732],[105.8787,17.8763],[105.8768,17.8817],[105.8768,17.8836],[105.8828,17.8813],[105.8876,17.8837],[105.8896,17.8886],[105.8923,17.8914],[105.892,17.8992],[105.89,17.9019],[105.8898,17.9054],[105.8885,17.908],[105.89,17.915],[105.8882,17.9191],[105.8863,17.9187],[105.8847,17.9226],[105.8852,17.9257],[105.8882,17.9294],[105.8859,17.9325],[105.8894,17.9361]]]},"properties":{"ma_xa":"18919","ten_xa":"Tân Thành","sap_nhap":"Tân Thành","tru_so":"đang cập nhật","loai":"Xã","cap":2,"stt":12,"dtich_km2":89.77,"dan_so":5513,"matdo_km2":61.41,"ma_tinh":"44","ten_tinh":"Quảng Trị"}},
{"type":"Feature","geometry":{"type":"Polygon","coordinates":[[[106.089,17.6477],[106.0875,17.6455],[106.0784,17.6471],[106.07,17.6507],[106.0657,17.653],[106.0597,17.647],[106.0578,17.6435],[106.054,17.6388],[106.0523,17.6376],[106.0432,17.6362],[106.0396,17.6346],[106.0385,17.6321],[106.0361,17.6302],[106.0285,17.6272],[106.0255,17.6237],[106.0235,17.6239],[106.0172,17.6208],[106.0155,17.6179],[106.016,17.615],[106.0177,17.6145],[106.0174,17.6112],[106.0191,17.6089],[106.0239,17.6056],[106.0243,17.6005],[106.0232,17.597],[106.0257,17.5945],[106.0288,17.5878],[106.0281,17.5867],[106.0298,17.5833],[106.0298,17.5806],[106.0352,17.5815],[106.0379,17.5807],[106.0394,17.5783],[106.0387,17.5709],[106.0414,17.5679],[106.04,17.5656],[106.0413,17.5626],[106.0393,17.5536],[106.0364,17.5501],[106.0331,17.5498],[106.034,17.5443],[106.0306,17.5423],[106.0247,17.537],[106.0237,17.5352],[106.0198,17.5334],[106.0197,17.5299],[106.0092,17.5282],[106.0039,17.5249],[106.0036,17.523],[106.0002,17.5209],[105.9972,17.5178],[105.9933,17.516],[105.9911,17.5141],[105.9852,17.511],[105.978,17.5104],[105.9765,17.5086],[105.972,17.5092],[105.9689,17.5051],[105.9655,17.5033],[106.0018,17.4624],[106.0802,17.374],[106.094,17.3588],[106.101,17.3564],[106.1047,17.3524],[106.1069,17.353],[106.1132,17.3477],[106.1159,17.3472],[106.1204,17.3446],[106.124,17.3395],[106.1277,17.3398],[106.1357,17.3339],[106.1361,17.3292],[106.1405,17.327],[106.1427,17.3269],[106.1447,17.325],[106.1423,17.3213],[106.1457,17.3182],[106.1434,17.3163],[106.1457,17.3114],[106.1483,17.3118],[106.1558,17.3082],[106.158,17.3056],[106.1615,17.3049],[106.1648,17.3025],[106.1636,17.2998],[106.1669,17.2972],[106.1713,17.2982],[106.1757,17.2943],[106.1786,17.2934],[106.1832,17.2892],[106.1841,17.2874],[106.1878,17.2841],[106.1896,17.2798],[106.1955,17.2775],[106.1987,17.2743],[106.2021,17.2723],[106.208,17.2712],[106.2139,17.2663],[106.2215,17.2611],[106.2244,17.2603],[106.2263,17.2568],[106.2292,17.2558],[106.232,17.2516],[106.2406,17.2496],[106.2452,17.2501],[106.2472,17.2486],[106.2483,17.2452],[106.2514,17.2445],[106.2513,17.2507],[106.2542,17.2533],[106.2621,17.2535],[106.2642,17.2561],[106.2666,17.2571],[106.269,17.2598],[106.2757,17.2618],[106.2796,17.2689],[106.281,17.2772],[106.2784,17.2795],[106.2749,17.2873],[106.2756,17.2897],[106.2753,17.2959],[106.2805,17.2955],[106.2841,17.2966],[106.2887,17.2961],[106.291,17.297],[106.2969,17.2954],[106.3009,17.2936],[106.3039,17.2952],[106.3075,17.2976],[106.3107,17.2976],[106.3112,17.2992],[106.3149,17.3026],[106.3151,17.3039],[106.3121,17.3067],[106.3096,17.3065],[106.3014,17.3172],[106.2949,17.3196],[106.2937,17.322],[106.2913,17.3211],[106.2881,17.3272],[106.2892,17.3318],[106.2877,17.3326],[106.2877,17.3373],[106.2925,17.3477],[106.2973,17.3464],[106.3018,17.3477],[106.3046,17.3498],[106.3092,17.3484],[106.3112,17.3491],[106.3152,17.3527],[106.3157,17.3581],[106.3149,17.3605],[106.3162,17.3649],[106.3188,17.3682],[106.3233,17.3694],[106.3272,17.3717],[106.3332,17.374],[106.3346,17.3799],[106.3337,17.3831],[106.3357,17.3858],[106.3353,17.389],[106.3372,17.3898],[106.3409,17.388],[106.3444,17.3874],[106.3476,17.388],[106.3472,17.3803],[106.3523,17.3787],[106.3567,17.3799],[106.3585,17.3833],[106.3653,17.3875],[106.3674,17.3906],[106.3653,17.3956],[106.3658,17.4009],[106.3649,17.4042],[106.3657,17.4064],[106.3658,17.4142],[106.3684,17.4151],[106.3703,17.4193],[106.3749,17.4238],[106.3788,17.4247],[106.3837,17.4278],[106.3838,17.4296],[106.3869,17.4314],[106.4007,17.4331],[106.4041,17.4348],[106.4028,17.4407],[106.3979,17.4449],[106.3974,17.4476],[106.3946,17.4503],[106.3876,17.4535],[106.3877,17.4568],[106.3851,17.4587],[106.3817,17.4583],[106.3754,17.4645],[106.3749,17.4718],[106.3764,17.4746],[106.3741,17.4793],[106.3768,17.484],[106.3793,17.4905],[106.3825,17.492],[106.3824,17.4961],[106.3837,17.4984],[106.383,17.5018],[106.3798,17.5047],[106.3777,17.5051],[106.3696,17.5101],[106.3664,17.5147],[106.3622,17.5149],[106.3563,17.5159],[106.353,17.5141],[106.3477,17.5126],[106.3431,17.5139],[106.3403,17.518],[106.3352,17.5134],[106.3288,17.5103],[106.3259,17.5075],[106.3247,17.5104],[106.3224,17.5121],[106.3174,17.509],[106.3145,17.5062],[106.3114,17.5071],[106.3096,17.5115],[106.309,17.5168],[106.3078,17.5204],[106.3057,17.5237],[106.3037,17.5288],[106.298,17.5352],[106.2979,17.5384],[106.295,17.5415],[106.293,17.5469],[106.2884,17.5438],[106.2875,17.5406],[106.2846,17.5389],[106.2811,17.5396],[106.2775,17.5375],[106.2718,17.5383],[106.2685,17.538],[106.2652,17.5394],[106.2616,17.5343],[106.2603,17.5345],[106.2573,17.5316],[106.2561,17.5323],[106.2521,17.5257],[106.2486,17.5215],[106.2462,17.5205],[106.2426,17.5212],[106.2362,17.5186],[106.2318,17.5192],[106.2272,17.5175],[106.2267,17.5157],[106.22,17.514],[106.219,17.5111],[106.2168,17.5104],[106.2135,17.5069],[106.211,17.5077],[106.2092,17.5048],[106.2076,17.5051],[106.2105,17.5102],[106.2123,17.5113],[106.2138,17.5164],[106.2127,17.5204],[106.2146,17.5251],[106.2168,17.5276],[106.2228,17.5273],[106.2253,17.5296],[106.2294,17.532],[106.2291,17.5346],[106.2338,17.54],[106.2339,17.5455],[106.2391,17.5591],[106.2413,17.5633],[106.2375,17.564],[106.2358,17.5661],[106.2361,17.5692],[106.2356,17.5766],[106.2344,17.5798],[106.2344,17.5853],[106.2333,17.5872],[106.2333,17.5926],[106.2358,17.5956],[106.2361,17.5982],[106.2392,17.6002],[106.242,17.6043],[106.2448,17.6068],[106.2451,17.6095],[106.2469,17.6133],[106.249,17.6143],[106.2514,17.6174],[106.2548,17.6201],[106.2514,17.6221],[106.2515,17.6242],[106.2487,17.6289],[106.2434,17.626],[106.239,17.6221],[106.2347,17.6239],[106.2322,17.6222],[106.2289,17.622],[106.2258,17.6233],[106.2256,17.6247],[106.2201,17.6264],[106.2109,17.6279],[106.2098,17.6257],[106.2067,17.6234],[106.2,17.628],[106.1934,17.6353],[106.1954,17.638],[106.1939,17.6425],[106.1898,17.6456],[106.1858,17.64],[106.1809,17.6436],[106.1783,17.6427],[106.1765,17.6401],[106.1717,17.6408],[106.1655,17.6372],[106.1588,17.6365],[106.154,17.634],[106.1481,17.6334],[106.1472,17.6277],[106.1421,17.6208],[106.1384,17.618],[106.1358,17.6179],[106.1311,17.6202],[106.1268,17.6207],[106.1254,17.6182],[106.1225,17.6176],[106.1192,17.6145],[106.1153,17.6138],[106.1134,17.6149],[106.1009,17.6177],[106.1001,17.6196],[106.0949,17.6231],[106.0894,17.6285],[106.091,17.6315],[106.0919,17.6402],[106.0937,17.6458],[106.0922,17.6473],[106.089,17.6477]]]},"properties":{"ma_xa":"19147","ten_xa":"Thượng Trạch","sap_nhap":"Tân Trạch, Thượng Trạch","tru_so":"đang cập nhật","loai":"Xã","cap":2,"stt":24,"dtich_km2":1095.78,"dan_so":3615,"matdo_km2":3.3,"ma_tinh":"44","ten_tinh":"Quảng Trị"}},
{"type":"Feature","geometry":{"type":"Polygon","coordinates":[[[107.2098,16.8099],[107.2085,16.8115],[107.2097,16.8153],[107.2059,16.8176],[107.2061,16.819],[107.2013,16.824],[107.2006,16.8276],[107.1979,16.83],[107.1947,16.8282],[107.1911,16.8287],[107.1909,16.8314],[107.1949,16.8314],[107.1974,16.8347],[107.1893,16.8365],[107.1835,16.8412],[107.1783,16.8394],[107.1757,16.8414],[107.1736,16.8387],[107.1687,16.8387],[107.1634,16.8352],[107.1613,16.836],[107.1582,16.8402],[107.1571,16.8455],[107.1517,16.8529],[107.1514,16.8606],[107.1533,16.8643],[107.1481,16.8669],[107.1414,16.8652],[107.1345,16.8628],[107.1307,16.8603],[107.1292,16.8573],[107.1255,16.8499],[107.1249,16.8469],[107.1257,16.8422],[107.128,16.836],[107.128,16.8326],[107.1296,16.8291],[107.1361,16.823],[107.139,16.8208],[107.1439,16.8092],[107.1467,16.8069],[107.1487,16.8082],[107.1518,16.808],[107.1551,16.8109],[107.1619,16.8131],[107.166,16.813],[107.1652,16.809],[107.1717,16.807],[107.1758,16.8072],[107.1767,16.8093],[107.1794,16.8116],[107.1813,16.8099],[107.1844,16.8113],[107.1892,16.8075],[107.1914,16.8012],[107.1882,16.8011],[107.1837,16.8032],[107.18,16.8065],[107.1779,16.8003],[107.1814,16.7938],[107.1789,16.7927],[107.1797,16.7867],[107.1839,16.7817],[107.1871,16.7827],[107.1884,16.7846],[107.1868,16.7877],[107.1894,16.7884],[107.192,16.7882],[107.193,16.7916],[107.1956,16.7936],[107.1971,16.7929],[107.208,16.7934],[107.2074,16.8004],[107.2113,16.7989],[107.2111,16.8072],[107.2098,16.8099]]]},"properties":{"ma_xa":"19645","ten_xa":"Triệu Bình","sap_nhap":"Triệu Độ, Triệu Thuận, Triệu Hòa, Triệu Đại","tru_so":"đang cập nhật","loai":"Xã","cap":2,"stt":70,"dtich_km2":37.2,"dan_so":27169,"matdo_km2":730.35,"ma_tinh":"44","ten_tinh":"Quảng Trị"}},
{"type":"Feature","geometry":{"type":"Polygon","coordinates":[[[107.308,16.8016],[107.3081,16.8034],[107.2954,16.814],[107.2865,16.8221],[107.2678,16.8376],[107.2606,16.8315],[107.2634,16.823],[107.2518,16.8151],[107.2371,16.8058],[107.2319,16.8011],[107.2306,16.7982],[107.2283,16.7989],[107.2177,16.8006],[107.2177,16.8118],[107.2155,16.8137],[107.2098,16.8099],[107.2111,16.8072],[107.2113,16.7989],[107.214,16.7973],[107.2137,16.7922],[107.2149,16.7904],[107.2136,16.7882],[107.218,16.7833],[107.2166,16.78],[107.2114,16.781],[107.2109,16.7767],[107.2064,16.7743],[107.2088,16.7707],[107.2041,16.7706],[107.2034,16.7677],[107.2002,16.7622],[107.2009,16.761],[107.2076,16.7613],[107.2122,16.7661],[107.2129,16.7684],[107.2158,16.7692],[107.2183,16.7656],[107.2204,16.765],[107.2226,16.7667],[107.2257,16.7655],[107.2271,16.7623],[107.2319,16.7616],[107.2343,16.7633],[107.2386,16.7631],[107.2425,16.7615],[107.2454,16.7638],[107.2501,16.7634],[107.2515,16.7664],[107.2577,16.7684],[107.2631,16.771],[107.2622,16.7724],[107.2583,16.7734],[107.2601,16.778],[107.2648,16.7774],[107.2663,16.7747],[107.2699,16.7777],[107.268,16.7815],[107.2832,16.7988],[107.2934,16.7924],[107.3001,16.7978],[107.3036,16.7984],[107.308,16.8016]]]},"properties":{"ma_xa":"19654","ten_xa":"Triệu Cơ","sap_nhap":"Triệu Trung, Triệu Tài, Triệu Cơ","tru_so":"đang cập nhật","loai":"Xã","cap":2,"stt":71,"dtich_km2":44.54,"dan_so":21976,"matdo_km2":493.4,"ma_tinh":"44","ten_tinh":"Quảng Trị"}},
{"type":"Feature","geometry":{"type":"Polygon","coordinates":[[[107.2002,16.7622],[107.2034,16.7677],[107.2041,16.7706],[107.2088,16.7707],[107.2064,16.7743],[107.2109,16.7767],[107.2114,16.781],[107.2166,16.78],[107.218,16.7833],[107.2136,16.7882],[107.2149,16.7904],[107.2137,16.7922],[107.214,16.7973],[107.2113,16.7989],[107.2074,16.8004],[107.208,16.7934],[107.1971,16.7929],[107.1956,16.7936],[107.193,16.7916],[107.192,16.7882],[107.1894,16.7884],[107.1914,16.7827],[107.1969,16.7833],[107.1974,16.7793],[107.1925,16.7792],[107.1858,16.7771],[107.1856,16.7739],[107.1796,16.7762],[107.1765,16.7759],[107.1729,16.7735],[107.1688,16.7755],[107.1641,16.7815],[107.1622,16.7789],[107.1602,16.7808],[107.1565,16.7787],[107.1533,16.7756],[107.1609,16.7638],[107.1591,16.7608],[107.1548,16.7569],[107.1556,16.7538],[107.1512,16.7523],[107.1449,16.7472],[107.1432,16.743],[107.1429,16.7389],[107.1401,16.7361],[107.1394,16.7335],[107.1354,16.7337],[107.1329,16.733],[107.1291,16.7337],[107.1286,16.7312],[107.123,16.7244],[107.1191,16.7243],[107.1168,16.7219],[107.1119,16.7197],[107.1113,16.7179],[107.0927,16.7186],[107.0924,16.7154],[107.0873,16.7109],[107.0844,16.7102],[107.0852,16.7069],[107.0821,16.7039],[107.0784,16.7025],[107.0764,16.704],[107.0743,16.702],[107.0723,16.7037],[107.068,16.7035],[107.0656,16.7016],[107.0655,16.6998],[107.0621,16.6973],[107.0631,16.6938],[107.0617,16.6921],[107.057,16.691],[107.0582,16.6882],[107.0575,16.6853],[107.0562,16.6836],[107.0587,16.6776],[107.0612,16.6762],[107.0581,16.6695],[107.0566,16.6629],[107.0555,16.6624],[107.0572,16.6573],[107.0561,16.6516],[107.0587,16.6518],[107.0624,16.6464],[107.0651,16.6461],[107.0672,16.6475],[107.0676,16.65],[107.0695,16.6521],[107.0787,16.6523],[107.0818,16.6557],[107.0869,16.6544],[107.0888,16.6549],[107.0904,16.6581],[107.0914,16.6627],[107.0941,16.6645],[107.1006,16.6598],[107.1028,16.6605],[107.1039,16.6653],[107.1119,16.6635],[107.1132,16.6643],[107.1178,16.6714],[107.1192,16.6777],[107.1186,16.6825],[107.1171,16.6852],[107.118,16.6877],[107.1277,16.6935],[107.137,16.7012],[107.139,16.7014],[107.1448,16.7003],[107.1474,16.7016],[107.1489,16.7042],[107.1517,16.7053],[107.1593,16.7067],[107.1648,16.7094],[107.1673,16.715],[107.1684,16.7223],[107.1702,16.7266],[107.1675,16.7306],[107.1655,16.7292],[107.1658,16.7259],[107.1602,16.7226],[107.1588,16.7273],[107.1613,16.7289],[107.161,16.7309],[107.1634,16.7331],[107.166,16.7325],[107.1739,16.7333],[107.1759,16.736],[107.1775,16.7436],[107.1774,16.7466],[107.1762,16.7502],[107.1762,16.7531],[107.1785,16.7548],[107.1802,16.7581],[107.1826,16.759],[107.1863,16.7576],[107.1945,16.758],[107.2002,16.7622]]]},"properties":{"ma_xa":"19624","ten_xa":"Triệu Phong","sap_nhap":"Ái Tử (thị trấn), Triệu Thành, Triệu Thượng","tru_so":"đang cập nhật","loai":"Xã","cap":2,"stt":68,"dtich_km2":80.79,"dan_so":23534,"matdo_km2":291.3,"ma_tinh":"44","ten_tinh":"Quảng Trị"}},
{"type":"Feature","geometry":{"type":"Polygon","coordinates":[[[106.3188,17.8944],[106.3156,17.8933],[106.3055,17.8941],[106.3034,17.8972],[106.2959,17.8946],[106.2956,17.8927],[106.2969,17.887],[106.2935,17.8866],[106.2905,17.8806],[106.2881,17.8776],[106.2825,17.8787],[106.2791,17.8777],[106.2731,17.8776],[106.2742,17.8746],[106.2729,17.8714],[106.27,17.87],[106.2697,17.8681],[106.2716,17.865],[106.2699,17.8637],[106.27,17.8609],[106.2668,17.8614],[106.2637,17.8593],[106.2611,17.8519],[106.2658,17.8498],[106.2721,17.8525],[106.2731,17.8501],[106.279,17.847],[106.281,17.8444],[106.2879,17.8444],[106.2881,17.8407],[106.2845,17.84],[106.2823,17.8377],[106.2845,17.8341],[106.2835,17.8312],[106.2844,17.829],[106.2814,17.8246],[106.2819,17.8194],[106.2848,17.8193],[106.2915,17.8206],[106.2946,17.8187],[106.2976,17.818],[106.2963,17.815],[106.2956,17.8094],[106.2967,17.808],[106.3006,17.8108],[106.3042,17.8113],[106.3098,17.8097],[106.3123,17.8098],[106.3199,17.807],[106.3243,17.8147],[106.3288,17.8144],[106.3301,17.8132],[106.3307,17.8081],[106.3287,17.8047],[106.3303,17.8033],[106.3377,17.8067],[106.3431,17.8014],[106.3449,17.8023],[106.3487,17.8004],[106.3436,17.7943],[106.3475,17.7926],[106.3511,17.7893],[106.3549,17.7909],[106.3573,17.7929],[106.3614,17.7946],[106.3652,17.7951],[106.3725,17.7973],[106.3757,17.7948],[106.3799,17.7965],[106.3816,17.7982],[106.3821,17.8042],[106.3853,17.8065],[106.3929,17.8054],[106.3946,17.8075],[106.4011,17.81],[106.4012,17.8207],[106.4016,17.8248],[106.411,17.8227],[106.4156,17.8208],[106.4185,17.844],[106.4186,17.8488],[106.414,17.8483],[106.4089,17.8492],[106.4076,17.8524],[106.4066,17.8598],[106.4038,17.8585],[106.3964,17.8487],[106.3928,17.8478],[106.3895,17.8491],[106.3875,17.8484],[106.3844,17.8507],[106.3835,17.8538],[106.3807,17.856],[106.3757,17.854],[106.3716,17.8466],[106.3686,17.8464],[106.3632,17.8565],[106.3575,17.8581],[106.3517,17.859],[106.3502,17.861],[106.3466,17.8616],[106.3415,17.8615],[106.3364,17.8638],[106.3348,17.8661],[106.3337,17.8716],[106.3311,17.8738],[106.3308,17.8772],[106.3287,17.8816],[106.3242,17.8823],[106.3216,17.8845],[106.3221,17.8887],[106.3188,17.8944]]]},"properties":{"ma_xa":"19030","ten_xa":"Trung Thuần","sap_nhap":"Quảng Lưu, Quảng Thạch, Quảng Tiến","tru_so":"đang cập nhật","loai":"Xã","cap":2,"stt":20,"dtich_km2":98.83,"dan_so":16331,"matdo_km2":165.24,"ma_tinh":"44","ten_tinh":"Quảng Trị"}},
{"type":"Feature","geometry":{"type":"Polygon","coordinates":[[[106.6427,17.348],[106.6408,17.3486],[106.6357,17.3459],[106.6324,17.3453],[106.631,17.3476],[106.6305,17.3512],[106.6261,17.3506],[106.6262,17.3483],[106.6221,17.3467],[106.6206,17.3474],[106.614,17.3459],[106.6131,17.3446],[106.6076,17.3454],[106.6106,17.3402],[106.6098,17.3357],[106.6126,17.3301],[106.6164,17.3251],[106.6222,17.3192],[106.6242,17.3158],[106.6242,17.3129],[106.6262,17.3112],[106.6287,17.2998],[106.632,17.295],[106.632,17.2914],[106.6341,17.285],[106.6368,17.283],[106.6397,17.2764],[106.6428,17.2732],[106.6412,17.2715],[106.6406,17.2673],[106.6414,17.2641],[106.6456,17.2582],[106.6427,17.2549],[106.6396,17.2549],[106.6364,17.253],[106.6371,17.2478],[106.641,17.243],[106.6427,17.2421],[106.6461,17.2374],[106.6527,17.2469],[106.6543,17.2461],[106.6591,17.245],[106.6596,17.2477],[106.6623,17.2473],[106.6645,17.2486],[106.663,17.2516],[106.6672,17.2526],[106.6682,17.2472],[106.6681,17.2446],[106.6739,17.2414],[106.6752,17.2473],[106.6811,17.2577],[106.6851,17.2608],[106.6822,17.2648],[106.6832,17.2655],[106.6874,17.263],[106.6894,17.2703],[106.6939,17.275],[106.6962,17.2743],[106.6984,17.2778],[106.7017,17.28],[106.706,17.2797],[106.7124,17.2807],[106.7148,17.2923],[106.7161,17.2943],[106.7068,17.2981],[106.701,17.3019],[106.6959,17.3034],[106.6966,17.307],[106.6982,17.3089],[106.6967,17.3124],[106.6926,17.3128],[106.6837,17.3144],[106.6828,17.3186],[106.6835,17.3215],[106.6815,17.323],[106.6705,17.323],[106.6676,17.3257],[106.6678,17.3282],[106.6663,17.334],[106.6652,17.3357],[106.66,17.3382],[106.6612,17.3415],[106.6585,17.3474],[106.6541,17.3458],[106.6496,17.3458],[106.6427,17.348]]]},"properties":{"ma_xa":"19237","ten_xa":"Trường Ninh","sap_nhap":"Vạn Ninh, An Ninh, Xuân Ninh, Hiền Ninh","tru_so":"đang cập nhật","loai":"Xã","cap":2,"stt":33,"dtich_km2":71.92,"dan_so":35614,"matdo_km2":495.19,"ma_tinh":"44","ten_tinh":"Quảng Trị"}},
{"type":"Feature","geometry":{"type":"Polygon","coordinates":[[[106.7277,17.2195],[106.7254,17.2183],[106.7236,17.2208],[106.7155,17.2182],[106.7111,17.2153],[106.7061,17.2156],[106.7003,17.2137],[106.6989,17.2122],[106.7016,17.2098],[106.7027,17.2061],[106.7012,17.2038],[106.7029,17.2026],[106.6991,17.1991],[106.7005,17.1981],[106.7002,17.1948],[106.6984,17.1912],[106.6976,17.1866],[106.6953,17.1855],[106.6956,17.1835],[106.6932,17.1821],[106.688,17.1842],[106.6835,17.1823],[106.6797,17.1841],[106.6737,17.1882],[106.6758,17.1859],[106.6757,17.1828],[106.6783,17.1814],[106.6794,17.1782],[106.6823,17.176],[106.6833,17.1726],[106.6813,17.1701],[106.682,17.1674],[106.6841,17.1647],[106.6812,17.1602],[106.6839,17.158],[106.6863,17.16],[106.6927,17.159],[106.6935,17.1572],[106.6982,17.1561],[106.7073,17.1573],[106.711,17.1597],[106.7159,17.1647],[106.7183,17.1688],[106.7209,17.1688],[106.7261,17.1671],[106.7311,17.1642],[106.7325,17.1676],[106.7325,17.1728],[106.7383,17.1746],[106.7396,17.1693],[106.7432,17.1618],[106.7491,17.1544],[106.7554,17.1507],[106.759,17.1423],[106.7554,17.1367],[106.7547,17.1317],[106.7582,17.1245],[106.755,17.1228],[106.7541,17.1207],[106.7634,17.1182],[106.7699,17.1147],[106.7715,17.1194],[106.7751,17.1151],[106.7779,17.1129],[106.7792,17.114],[106.7832,17.1146],[106.785,17.1212],[106.787,17.1233],[106.7926,17.1214],[106.8025,17.1171],[106.8091,17.1165],[106.8191,17.1129],[106.8299,17.1066],[106.827,17.114],[106.8287,17.1155],[106.8276,17.1187],[106.8313,17.123],[106.8305,17.1271],[106.8336,17.1286],[106.8338,17.1338],[106.8347,17.1367],[106.8309,17.1429],[106.8268,17.1458],[106.8199,17.152],[106.8194,17.154],[106.8164,17.1551],[106.8101,17.1616],[106.8079,17.1622],[106.8041,17.1611],[106.7967,17.169],[106.7966,17.1709],[106.7984,17.1762],[106.7989,17.1817],[106.7971,17.1884],[106.7925,17.1889],[106.7915,17.1915],[106.7895,17.1918],[106.7914,17.2],[106.7911,17.2013],[106.787,17.202],[106.7872,17.2052],[106.7815,17.2012],[106.7796,17.2056],[106.7704,17.2032],[106.764,17.2066],[106.7598,17.1983],[106.7277,17.2195]]]},"properties":{"ma_xa":"19309","ten_xa":"Trường Phú","sap_nhap":"Trường Thủy, Mai Thủy, Phú Thủy","tru_so":"đang cập nhật","loai":"Xã","cap":2,"stt":39,"dtich_km2":97.18,"dan_so":21206,"matdo_km2":218.21,"ma_tinh":"44","ten_tinh":"Quảng Trị"}},
{"type":"Feature","geometry":{"type":"Polygon","coordinates":[[[106.4924,17.3848],[106.4832,17.3821],[106.4792,17.3817],[106.469,17.3844],[106.4619,17.3823],[106.4611,17.3851],[106.454,17.3924],[106.448,17.3918],[106.4459,17.3901],[106.4385,17.3892],[106.434,17.3864],[106.429,17.3916],[106.4275,17.3973],[106.4244,17.4004],[106.4224,17.4036],[106.4208,17.4094],[106.4219,17.4107],[106.4219,17.4142],[106.4194,17.4153],[106.417,17.4209],[106.4154,17.4216],[106.4108,17.4263],[106.4106,17.428],[106.4075,17.4292],[106.4041,17.4348],[106.4007,17.4331],[106.3869,17.4314],[106.3838,17.4296],[106.3837,17.4278],[106.3788,17.4247],[106.3749,17.4238],[106.3703,17.4193],[106.3684,17.4151],[106.3658,17.4142],[106.3657,17.4064],[106.3649,17.4042],[106.3658,17.4009],[106.3653,17.3956],[106.3674,17.3906],[106.3653,17.3875],[106.3585,17.3833],[106.3567,17.3799],[106.3523,17.3787],[106.3472,17.3803],[106.3476,17.388],[106.3444,17.3874],[106.3409,17.388],[106.3372,17.3898],[106.3353,17.389],[106.3357,17.3858],[106.3337,17.3831],[106.3346,17.3799],[106.3332,17.374],[106.3272,17.3717],[106.3233,17.3694],[106.3188,17.3682],[106.3162,17.3649],[106.3149,17.3605],[106.3157,17.3581],[106.3152,17.3527],[106.3112,17.3491],[106.3092,17.3484],[106.3046,17.3498],[106.3018,17.3477],[106.2973,17.3464],[106.2925,17.3477],[106.2877,17.3373],[106.2877,17.3326],[106.2892,17.3318],[106.2881,17.3272],[106.2913,17.3211],[106.2937,17.322],[106.2949,17.3196],[106.3014,17.3172],[106.3096,17.3065],[106.3121,17.3067],[106.3151,17.3039],[106.3149,17.3026],[106.3112,17.2992],[106.3107,17.2976],[106.3075,17.2976],[106.3039,17.2952],[106.3061,17.2899],[106.3054,17.2878],[106.3072,17.284],[106.307,17.2788],[106.3081,17.2774],[106.3073,17.2723],[106.3085,17.2708],[106.3068,17.2688],[106.3062,17.2655],[106.307,17.2591],[106.3087,17.2576],[106.3114,17.2516],[106.3142,17.2535],[106.3186,17.249],[106.3178,17.2451],[106.3151,17.2429],[106.309,17.2426],[106.3087,17.2389],[106.3135,17.2394],[106.3156,17.2366],[106.3178,17.2355],[106.3208,17.2377],[106.3243,17.2381],[106.3247,17.2365],[106.3295,17.2348],[106.3334,17.2355],[106.3345,17.2333],[106.3337,17.2262],[106.3316,17.2265],[106.3289,17.2248],[106.3285,17.2217],[106.326,17.2199],[106.3261,17.2171],[106.3248,17.2157],[106.3207,17.2184],[106.3179,17.2185],[106.3145,17.2199],[106.3122,17.2173],[106.3085,17.2161],[106.307,17.2124],[106.3028,17.2089],[106.3057,17.2069],[106.3132,17.2044],[106.3154,17.2047],[106.3186,17.202],[106.326,17.1995],[106.3256,17.1975],[106.3211,17.1916],[106.3256,17.1885],[106.3247,17.1862],[106.3271,17.1828],[106.328,17.1801],[106.3314,17.1784],[106.3322,17.1763],[106.3357,17.1711],[106.3397,17.1671],[106.3435,17.1669],[106.347,17.1645],[106.3483,17.1621],[106.3539,17.1602],[106.3562,17.1586],[106.3538,17.1541],[106.3505,17.152],[106.3486,17.1474],[106.3526,17.1472],[106.3531,17.1453],[106.3557,17.1434],[106.3565,17.1346],[106.36,17.1323],[106.3647,17.131],[106.3705,17.1244],[106.372,17.1205],[106.3733,17.111],[106.3774,17.1076],[106.3796,17.1072],[106.3845,17.1041],[106.39,17.104],[106.3914,17.1033],[106.3929,17.0994],[106.3964,17.0968],[106.3983,17.0968],[106.3996,17.0939],[106.4077,17.0888],[106.4076,17.0869],[106.4102,17.0836],[106.4097,17.0816],[106.4176,17.0782],[106.4222,17.0738],[106.4261,17.0737],[106.4279,17.0716],[106.431,17.0706],[106.4371,17.0714],[106.4404,17.0758],[106.4451,17.0772],[106.4471,17.0794],[106.4564,17.0787],[106.4623,17.0788],[106.4653,17.0798],[106.4701,17.0835],[106.4762,17.0867],[106.483,17.0892],[106.4858,17.0887],[106.4886,17.0908],[106.4929,17.0912],[106.494,17.0948],[106.4963,17.0981],[106.4961,17.1012],[106.498,17.1023],[106.4972,17.109],[106.4983,17.1129],[106.4951,17.1169],[106.4975,17.1196],[106.5053,17.1208],[106.5076,17.1204],[106.5106,17.1218],[106.513,17.1212],[106.522,17.1167],[106.5264,17.1184],[106.5276,17.1224],[106.5278,17.1268],[106.5298,17.1318],[106.5298,17.1379],[106.5336,17.1421],[106.5388,17.1424],[106.5407,17.1451],[106.5435,17.1455],[106.548,17.1479],[106.5563,17.1477],[106.562,17.1507],[106.5657,17.154],[106.5705,17.1538],[106.5755,17.156],[106.5793,17.1535],[106.5814,17.1537],[106.5844,17.1522],[106.587,17.1527],[106.5887,17.1513],[106.5911,17.152],[106.592,17.1546],[106.5912,17.157],[106.5935,17.1594],[106.5942,17.1649],[106.5921,17.1671],[106.592,17.1711],[106.5971,17.1762],[106.5967,17.1791],[106.5997,17.1794],[106.6032,17.1815],[106.6044,17.185],[106.6025,17.1897],[106.6059,17.1942],[106.6056,17.1961],[106.5997,17.2038],[106.6027,17.2038],[106.6062,17.2061],[106.6127,17.2056],[106.6146,17.2066],[106.6164,17.2112],[106.6171,17.2157],[106.615,17.2194],[106.6109,17.2241],[106.613,17.2282],[106.6138,17.2323],[106.6116,17.2382],[106.6251,17.2455],[106.6268,17.247],[106.6353,17.2518],[106.6364,17.253],[106.6396,17.2549],[106.6427,17.2549],[106.6456,17.2582],[106.6414,17.2641],[106.6406,17.2673],[106.6412,17.2715],[106.6428,17.2732],[106.6397,17.2764],[106.6368,17.283],[106.6341,17.285],[106.632,17.2914],[106.632,17.295],[106.6287,17.2998],[106.6262,17.3112],[106.6242,17.3129],[106.6242,17.3158],[106.6222,17.3192],[106.6164,17.3251],[106.6126,17.3301],[106.6098,17.3357],[106.6106,17.3402],[106.6076,17.3454],[106.6045,17.3463],[106.6029,17.3453],[106.5959,17.3452],[106.5923,17.3473],[106.59,17.3466],[106.5881,17.3489],[106.5871,17.3525],[106.5841,17.3538],[106.5834,17.3573],[106.5806,17.3604],[106.5794,17.3636],[106.5763,17.3633],[106.5745,17.3616],[106.5713,17.3611],[106.5676,17.3629],[106.564,17.3619],[106.5626,17.3629],[106.5594,17.3614],[106.5542,17.3631],[106.5483,17.3624],[106.5449,17.3653],[106.5402,17.3652],[106.5318,17.3686],[106.5266,17.3721],[106.5226,17.3702],[106.5183,17.3698],[106.5164,17.3679],[106.5112,17.3656],[106.5062,17.3693],[106.5035,17.3699],[106.4994,17.3769],[106.4962,17.3799],[106.4941,17.3808],[106.4924,17.3848]]]},"properties":{"ma_xa":"19204","ten_xa":"Trường Sơn","sap_nhap":"Trường Xuân, Trường Sơn","tru_so":"đang cập nhật","loai":"Xã","cap":2,"stt":34,"dtich_km2":935.96,"dan_so":8484,"matdo_km2":9.06,"ma_tinh":"44","ten_tinh":"Quảng Trị"}},
{"type":"Feature","geometry":{"type":"Polygon","coordinates":[[[106.2802,17.9158],[106.2777,17.9167],[106.2752,17.9196],[106.2687,17.92],[106.2642,17.9138],[106.2625,17.9156],[106.2598,17.916],[106.2589,17.9184],[106.2566,17.9198],[106.2525,17.9204],[106.2482,17.9257],[106.2421,17.9276],[106.2407,17.9304],[106.2349,17.9279],[106.2291,17.9293],[106.2226,17.9297],[106.2207,17.9275],[106.2182,17.928],[106.2125,17.9261],[106.2071,17.9254],[106.2028,17.9189],[106.2,17.9164],[106.1952,17.9181],[106.1937,17.9221],[106.1895,17.9235],[106.1877,17.9208],[106.1833,17.921],[106.1778,17.9189],[106.1792,17.9177],[106.1799,17.914],[106.1853,17.9088],[106.1883,17.9029],[106.1886,17.9002],[106.1943,17.8968],[106.1945,17.8949],[106.198,17.8902],[106.1996,17.8847],[106.2035,17.8816],[106.2041,17.8769],[106.2035,17.8734],[106.1987,17.8769],[106.192,17.8761],[106.1915,17.8786],[106.187,17.8824],[106.1855,17.8811],[106.1804,17.8805],[106.1768,17.8817],[106.1697,17.8821],[106.1696,17.8793],[106.1714,17.8766],[106.1682,17.8673],[106.1668,17.8666],[106.1635,17.8618],[106.1638,17.8576],[106.1659,17.8559],[106.1643,17.8517],[106.1608,17.847],[106.1612,17.8441],[106.1596,17.8431],[106.1568,17.845],[106.1533,17.8396],[106.1534,17.8363],[106.1481,17.8311],[106.148,17.828],[106.1421,17.8226],[106.1423,17.8206],[106.1451,17.8197],[106.1457,17.8116],[106.1525,17.8079],[106.1568,17.8077],[106.1603,17.8063],[106.1668,17.805],[106.1718,17.8022],[106.1759,17.8012],[106.1789,17.7995],[106.1828,17.8043],[106.182,17.8063],[106.1839,17.8092],[106.1823,17.8124],[106.1833,17.8157],[106.1918,17.8127],[106.1988,17.8115],[106.2043,17.8088],[106.2117,17.8028],[106.2154,17.8016],[106.2236,17.8017],[106.2203,17.8088],[106.2179,17.8109],[106.2197,17.8129],[106.2229,17.8112],[106.2251,17.8121],[106.2294,17.8207],[106.2333,17.8229],[106.2375,17.8309],[106.2373,17.8324],[106.2395,17.8359],[106.242,17.845],[106.2382,17.8473],[106.2342,17.8483],[106.2328,17.8506],[106.2384,17.8518],[106.2419,17.8544],[106.2462,17.8537],[106.2535,17.856],[106.2559,17.855],[106.256,17.852],[106.2611,17.8519],[106.2637,17.8593],[106.2668,17.8614],[106.27,17.8609],[106.2699,17.8637],[106.2716,17.865],[106.2697,17.8681],[106.27,17.87],[106.2729,17.8714],[106.2742,17.8746],[106.2731,17.8776],[106.2702,17.8781],[106.2692,17.883],[106.267,17.8852],[106.2679,17.8877],[106.2682,17.892],[106.2711,17.8936],[106.2709,17.8998],[106.2721,17.9019],[106.2755,17.9033],[106.2776,17.9056],[106.2805,17.912],[106.2802,17.9158]]]},"properties":{"ma_xa":"18991","ten_xa":"Tuyên Bình","sap_nhap":"Phong Hóa, Ngư Hóa, Mai Hóa","tru_so":"đang cập nhật","loai":"Xã","cap":2,"stt":17,"dtich_km2":119.19,"dan_so":15619,"matdo_km2":131.04,"ma_tinh":"44","ten_tinh":"Quảng Trị"}},
{"type":"Feature","geometry":{"type":"Polygon","coordinates":[[[106.2611,17.8519],[106.256,17.852],[106.2559,17.855],[106.2535,17.856],[106.2462,17.8537],[106.2419,17.8544],[106.2384,17.8518],[106.2328,17.8506],[106.2342,17.8483],[106.2382,17.8473],[106.242,17.845],[106.2395,17.8359],[106.2373,17.8324],[106.2375,17.8309],[106.2333,17.8229],[106.2294,17.8207],[106.2251,17.8121],[106.2229,17.8112],[106.2197,17.8129],[106.2179,17.8109],[106.2203,17.8088],[106.2236,17.8017],[106.2154,17.8016],[106.2117,17.8028],[106.2043,17.8088],[106.1988,17.8115],[106.1918,17.8127],[106.1833,17.8157],[106.1823,17.8124],[106.1839,17.8092],[106.182,17.8063],[106.1828,17.8043],[106.1789,17.7995],[106.1759,17.8012],[106.1718,17.8022],[106.1668,17.805],[106.1603,17.8063],[106.1568,17.8077],[106.1525,17.8079],[106.1457,17.8116],[106.1431,17.8097],[106.1422,17.8073],[106.1387,17.8065],[106.1373,17.7998],[106.1372,17.7964],[106.1387,17.7936],[106.1351,17.7912],[106.1313,17.7907],[106.1219,17.7913],[106.1192,17.7906],[106.1151,17.7916],[106.111,17.7908],[106.108,17.7917],[106.1074,17.7889],[106.1084,17.7872],[106.1115,17.7867],[106.1102,17.7809],[106.107,17.7804],[106.1053,17.7781],[106.1009,17.7765],[106.1013,17.7726],[106.0994,17.7695],[106.102,17.7667],[106.101,17.7628],[106.102,17.7503],[106.1066,17.7501],[106.1139,17.7481],[106.1127,17.7384],[106.1142,17.7295],[106.1124,17.725],[106.1154,17.7221],[106.1208,17.7238],[106.1327,17.7239],[106.1353,17.7232],[106.1391,17.724],[106.144,17.7267],[106.1481,17.727],[106.1506,17.728],[106.1547,17.7249],[106.1594,17.7242],[106.162,17.7222],[106.1748,17.7214],[106.1784,17.7206],[106.1832,17.7185],[106.1865,17.7187],[106.2009,17.7178],[106.2037,17.7196],[106.2079,17.719],[106.2105,17.7169],[106.2139,17.7174],[106.2158,17.7189],[106.2211,17.7164],[106.2223,17.7129],[106.2298,17.7115],[106.2355,17.7096],[106.2373,17.712],[106.2417,17.7111],[106.2437,17.7115],[106.2442,17.7175],[106.2463,17.7192],[106.25,17.7202],[106.251,17.7224],[106.2572,17.7246],[106.2568,17.7262],[106.2534,17.7276],[106.2537,17.7309],[106.2556,17.7332],[106.2552,17.7372],[106.2569,17.7387],[106.2607,17.7399],[106.2596,17.7423],[106.2648,17.7425],[106.2671,17.7446],[106.2748,17.7431],[106.2802,17.7477],[106.2808,17.7494],[106.2864,17.748],[106.2915,17.7456],[106.2971,17.7446],[106.2992,17.7483],[106.2966,17.75],[106.2959,17.753],[106.2978,17.7573],[106.3025,17.7586],[106.3032,17.7607],[106.2971,17.7618],[106.2953,17.7648],[106.2941,17.7722],[106.2942,17.7753],[106.2923,17.7793],[106.2834,17.7858],[106.277,17.7881],[106.2717,17.7884],[106.2726,17.7944],[106.274,17.7944],[106.2749,17.7993],[106.2773,17.8034],[106.2778,17.8078],[106.2826,17.8082],[106.2845,17.8094],[106.2832,17.8148],[106.2806,17.816],[106.2819,17.8194],[106.2814,17.8246],[106.2844,17.829],[106.2835,17.8312],[106.2845,17.8341],[106.2823,17.8377],[106.2845,17.84],[106.2881,17.8407],[106.2879,17.8444],[106.281,17.8444],[106.279,17.847],[106.2731,17.8501],[106.2721,17.8525],[106.2658,17.8498],[106.2611,17.8519]]]},"properties":{"ma_xa":"18997","ten_xa":"Tuyên Hóa","sap_nhap":"Tiến Hóa, Châu Hóa, Cao Quảng, Văn Hóa","tru_so":"đang cập nhật","loai":"Xã","cap":2,"stt":18,"dtich_km2":194.92,"dan_so":21452,"matdo_km2":110.06,"ma_tinh":"44","ten_tinh":"Quảng Trị"}},
{"type":"Feature","geometry":{"type":"Polygon","coordinates":[[[105.829,18.0317],[105.8202,18.0343],[105.8188,18.0371],[105.8158,18.0362],[105.8078,18.0318],[105.8107,18.0273],[105.8097,18.0259],[105.802,18.0258],[105.7971,18.0238],[105.7901,18.0255],[105.7872,18.0248],[105.7833,18.0217],[105.7818,18.019],[105.7788,18.0172],[105.7757,18.0172],[105.77,18.0235],[105.7647,18.0247],[105.7605,18.0247],[105.754,18.0283],[105.7505,18.0338],[105.7423,18.0354],[105.7399,18.0372],[105.7359,18.0355],[105.731,18.0344],[105.7299,18.0332],[105.7285,18.0291],[105.7248,18.026],[105.7239,18.0234],[105.7206,18.0214],[105.7198,18.0184],[105.72,18.015],[105.7212,18.0128],[105.7205,18.0098],[105.7214,18.0081],[105.7203,18.0057],[105.7149,18.0043],[105.7126,18.0018],[105.7131,17.9987],[105.7107,17.9962],[105.7078,17.995],[105.7047,17.9923],[105.6435,17.9925],[105.6435,17.9836],[105.6428,17.979],[105.6438,17.9755],[105.6421,17.9719],[105.6431,17.9645],[105.6424,17.9618],[105.6424,17.9581],[105.6459,17.9552],[105.6539,17.9535],[105.6566,17.9539],[105.6666,17.9475],[105.6699,17.9448],[105.673,17.9443],[105.6788,17.9449],[105.6797,17.9421],[105.678,17.9319],[105.6797,17.9288],[105.6846,17.925],[105.6934,17.9219],[105.7002,17.9226],[105.7048,17.9184],[105.7032,17.9164],[105.7056,17.9123],[105.708,17.9121],[105.7122,17.9142],[105.7159,17.9127],[105.7219,17.9179],[105.7243,17.9182],[105.727,17.9168],[105.7277,17.9143],[105.7302,17.9113],[105.7302,17.9083],[105.7363,17.9081],[105.7394,17.9067],[105.7417,17.9085],[105.7437,17.908],[105.7473,17.9049],[105.7483,17.9012],[105.7515,17.9005],[105.7515,17.8957],[105.7548,17.8952],[105.7571,17.8929],[105.7604,17.8914],[105.7645,17.891],[105.7712,17.8949],[105.7786,17.895],[105.7827,17.8976],[105.7835,17.9042],[105.7828,17.9079],[105.7851,17.9103],[105.7875,17.9145],[105.7943,17.9201],[105.8017,17.9203],[105.8048,17.9198],[105.8095,17.9215],[105.8127,17.921],[105.8158,17.9186],[105.8188,17.9209],[105.8243,17.9183],[105.8289,17.9188],[105.8301,17.9157],[105.8319,17.9142],[105.8341,17.909],[105.8383,17.9057],[105.8431,17.9064],[105.8445,17.9108],[105.8514,17.9148],[105.8479,17.919],[105.8445,17.9202],[105.845,17.9222],[105.844,17.9262],[105.8415,17.9303],[105.8373,17.9315],[105.837,17.9345],[105.8393,17.9396],[105.8459,17.9398],[105.8548,17.9394],[105.8552,17.9484],[105.8567,17.9502],[105.8547,17.9533],[105.8526,17.9526],[105.8491,17.9565],[105.8448,17.9566],[105.8434,17.9627],[105.84,17.9676],[105.84,17.9726],[105.8431,17.9713],[105.8493,17.9704],[105.8537,17.9743],[105.8564,17.9804],[105.8545,17.9869],[105.8578,17.9906],[105.8548,17.9929],[105.8566,17.9957],[105.8589,17.9964],[105.8564,17.9998],[105.8493,18.0033],[105.8489,18.0053],[105.8499,18.0109],[105.8488,18.0134],[105.8498,18.0161],[105.8501,18.023],[105.8464,18.0221],[105.8378,18.0242],[105.8367,18.0268],[105.831,18.0292],[105.829,18.0317]]]},"properties":{"ma_xa":"18958","ten_xa":"Tuyên Lâm","sap_nhap":"Lâm Hóa, Thanh Hóa","tru_so":"đang cập nhật","loai":"Xã","cap":2,"stt":13,"dtich_km2":235.2,"dan_so":8401,"matdo_km2":35.72,"ma_tinh":"44","ten_tinh":"Quảng Trị"}},
{"type":"Feature","geometry":{"type":"Polygon","coordinates":[[[106.1638,17.9171],[106.1578,17.9166],[106.1525,17.9176],[106.151,17.9188],[106.1442,17.9183],[106.1388,17.9193],[106.1381,17.9215],[106.1311,17.9204],[106.127,17.9234],[106.1206,17.9257],[106.1173,17.9279],[106.1147,17.927],[106.1092,17.9279],[106.1062,17.9275],[106.091,17.9329],[106.0859,17.9319],[106.0844,17.9325],[106.0764,17.9328],[106.0741,17.9358],[106.0646,17.9376],[106.0632,17.936],[106.0619,17.9307],[106.0604,17.9297],[106.0579,17.9251],[106.0613,17.9169],[106.0589,17.9122],[106.0582,17.9087],[106.0637,17.9078],[106.0691,17.9047],[106.0684,17.9028],[106.0686,17.8975],[106.0656,17.8911],[106.0633,17.8897],[106.0628,17.8876],[106.0596,17.8851],[106.0603,17.882],[106.0621,17.8817],[106.0627,17.8784],[106.0616,17.8701],[106.0657,17.8667],[106.0703,17.8646],[106.0719,17.8597],[106.0717,17.8572],[106.0759,17.8506],[106.0755,17.8462],[106.0723,17.845],[106.0676,17.8406],[106.0659,17.8416],[106.0628,17.8388],[106.0608,17.8355],[106.0597,17.8297],[106.0566,17.8289],[106.0518,17.8245],[106.0531,17.8223],[106.0589,17.8195],[106.0584,17.8171],[106.056,17.8135],[106.059,17.8108],[106.0664,17.809],[106.0726,17.8066],[106.0771,17.8057],[106.0817,17.8034],[106.083,17.8038],[106.089,17.8007],[106.0936,17.796],[106.0962,17.7948],[106.1011,17.7942],[106.104,17.7922],[106.108,17.7917],[106.111,17.7908],[106.1151,17.7916],[106.1192,17.7906],[106.1219,17.7913],[106.1313,17.7907],[106.1351,17.7912],[106.1387,17.7936],[106.1372,17.7964],[106.1373,17.7998],[106.1387,17.8065],[106.1422,17.8073],[106.1431,17.8097],[106.1457,17.8116],[106.1451,17.8197],[106.1423,17.8206],[106.1421,17.8226],[106.148,17.828],[106.1481,17.8311],[106.1534,17.8363],[106.1533,17.8396],[106.1568,17.845],[106.1596,17.8431],[106.1612,17.8441],[106.1608,17.847],[106.1643,17.8517],[106.1659,17.8559],[106.1638,17.8576],[106.1635,17.8618],[106.1668,17.8666],[106.1682,17.8673],[106.1714,17.8766],[106.1696,17.8793],[106.1697,17.8821],[106.1768,17.8817],[106.1804,17.8805],[106.1855,17.8811],[106.187,17.8824],[106.1915,17.8786],[106.192,17.8761],[106.1987,17.8769],[106.2035,17.8734],[106.2041,17.8769],[106.2035,17.8816],[106.1996,17.8847],[106.198,17.8902],[106.1945,17.8949],[106.1943,17.8968],[106.1886,17.9002],[106.1883,17.9029],[106.1853,17.9088],[106.1799,17.914],[106.1792,17.9177],[106.1778,17.9189],[106.1768,17.9171],[106.1719,17.9144],[106.1675,17.915],[106.1638,17.9171]]]},"properties":{"ma_xa":"18985","ten_xa":"Tuyên Phú","sap_nhap":"Đồng Hóa, Thạch Hóa, Đức Hóa","tru_so":"đang cập nhật","loai":"Xã","cap":2,"stt":16,"dtich_km2":155.38,"dan_so":18800,"matdo_km2":120.99,"ma_tinh":"44","ten_tinh":"Quảng Trị"}},
{"type":"Feature","geometry":{"type":"Polygon","coordinates":[[[105.9311,18.0894],[105.9286,18.087],[105.9251,18.0856],[105.918,18.0811],[105.9134,18.087],[105.9102,18.0887],[105.904,18.0898],[105.895,18.0901],[105.8912,18.0864],[105.8872,18.0854],[105.8822,18.0822],[105.8811,18.0768],[105.878,18.0741],[105.8756,18.0733],[105.8751,18.0693],[105.8695,18.0665],[105.8527,18.0677],[105.8497,18.0665],[105.8486,18.064],[105.8444,18.0642],[105.8425,18.0655],[105.8387,18.0632],[105.8318,18.0653],[105.826,18.0629],[105.813,18.0526],[105.8194,18.0512],[105.8241,18.048],[105.8279,18.0473],[105.8352,18.0413],[105.8334,18.0367],[105.829,18.0317],[105.831,18.0292],[105.8367,18.0268],[105.8378,18.0242],[105.8464,18.0221],[105.8501,18.023],[105.8498,18.0161],[105.8488,18.0134],[105.8499,18.0109],[105.8489,18.0053],[105.8493,18.0033],[105.8564,17.9998],[105.8589,17.9964],[105.8566,17.9957],[105.8548,17.9929],[105.8578,17.9906],[105.8545,17.9869],[105.8564,17.9804],[105.8537,17.9743],[105.8493,17.9704],[105.8431,17.9713],[105.84,17.9726],[105.84,17.9676],[105.8434,17.9627],[105.8448,17.9566],[105.8491,17.9565],[105.8526,17.9526],[105.8547,17.9533],[105.8567,17.9502],[105.8594,17.9517],[105.8636,17.9511],[105.8676,17.9518],[105.8697,17.9544],[105.8765,17.9576],[105.8813,17.9618],[105.8815,17.9649],[105.8852,17.9682],[105.8846,17.9725],[105.8856,17.9753],[105.8915,17.9815],[105.8962,17.9842],[105.8982,17.987],[105.8997,17.994],[105.8987,17.9947],[105.8945,17.9933],[105.8914,17.9882],[105.8886,17.9881],[105.8873,17.9921],[105.8888,17.9948],[105.8912,17.9963],[105.8952,18.0024],[105.8958,18.0051],[105.8985,18.0053],[105.9062,17.9995],[105.9092,17.9981],[105.9137,18.0058],[105.9127,18.0072],[105.9133,18.0104],[105.9112,18.015],[105.9149,18.0177],[105.9179,18.0224],[105.9209,18.0253],[105.9215,18.0286],[105.9267,18.0308],[105.9299,18.0302],[105.9324,18.0272],[105.9373,18.0249],[105.9406,18.0248],[105.9445,18.0227],[105.9508,18.017],[105.9531,18.0175],[105.9582,18.0117],[105.9611,18.0121],[105.9632,18.0105],[105.9657,18.0117],[105.9667,18.016],[105.9689,18.0178],[105.9703,18.0219],[105.973,18.0221],[105.9817,18.0276],[105.9857,18.0266],[105.988,18.03],[105.9891,18.0342],[105.9925,18.0369],[105.9926,18.0406],[105.9917,18.0462],[105.9918,18.0502],[105.9948,18.051],[105.9948,18.0538],[105.992,18.0584],[105.9897,18.0606],[105.9868,18.0616],[105.9863,18.0637],[105.983,18.0644],[105.9771,18.0631],[105.9747,18.0619],[105.968,18.0549],[105.9637,18.057],[105.9624,18.0595],[105.9571,18.0589],[105.9529,18.0576],[105.95,18.0588],[105.9504,18.066],[105.9472,18.0691],[105.9451,18.0742],[105.9428,18.0753],[105.939,18.0792],[105.9377,18.0822],[105.9358,18.0832],[105.9344,18.0881],[105.9311,18.0894]]]},"properties":{"ma_xa":"18952","ten_xa":"Tuyên Sơn","sap_nhap":"Thanh Thạch, Hương Hóa","tru_so":"đang cập nhật","loai":"Xã","cap":2,"stt":14,"dtich_km2":132.14,"dan_so":6738,"matdo_km2":50.99,"ma_tinh":"44","ten_tinh":"Quảng Trị"}},
{"type":"Feature","geometry":{"type":"Polygon","coordinates":[[[107.3059,16.715],[107.3166,16.7294],[107.3263,16.7416],[107.3385,16.749],[107.3445,16.7536],[107.3445,16.755],[107.3415,16.7607],[107.3172,16.7679],[107.3116,16.7781],[107.3085,16.7811],[107.3061,16.7817],[107.2971,16.7924],[107.2955,16.7909],[107.2934,16.7924],[107.2832,16.7988],[107.268,16.7815],[107.2699,16.7777],[107.2663,16.7747],[107.2648,16.7774],[107.2601,16.778],[107.2583,16.7734],[107.2622,16.7724],[107.2631,16.771],[107.2577,16.7684],[107.2515,16.7664],[107.2501,16.7634],[107.2454,16.7638],[107.2425,16.7615],[107.2386,16.7631],[107.2343,16.7633],[107.2319,16.7616],[107.2271,16.7623],[107.2257,16.7655],[107.2226,16.7667],[107.2204,16.765],[107.2183,16.7656],[107.2158,16.7692],[107.2129,16.7684],[107.2122,16.7661],[107.2076,16.7613],[107.2009,16.761],[107.2002,16.7622],[107.1945,16.758],[107.1991,16.76],[107.2029,16.7586],[107.2039,16.7564],[107.2025,16.7546],[107.1978,16.7519],[107.1987,16.7478],[107.2062,16.7457],[107.2106,16.7463],[107.2107,16.752],[107.2125,16.7537],[107.2147,16.7519],[107.2154,16.7481],[107.2178,16.7471],[107.2224,16.7481],[107.2235,16.7462],[107.2288,16.7431],[107.2323,16.7393],[107.2325,16.7377],[107.238,16.7328],[107.2457,16.7253],[107.2492,16.7282],[107.253,16.7256],[107.2524,16.7297],[107.2577,16.7282],[107.2598,16.731],[107.2589,16.7344],[107.267,16.7307],[107.2746,16.7341],[107.2822,16.7383],[107.2831,16.737],[107.2881,16.7403],[107.2915,16.7315],[107.2942,16.728],[107.293,16.723],[107.2966,16.7219],[107.3059,16.715]]]},"properties":{"ma_xa":"19699","ten_xa":"Vĩnh Định","sap_nhap":"Hải Quy, Hải Hưng, Hải Bình","tru_so":"đang cập nhật","loai":"Xã","cap":2,"stt":76,"dtich_km2":63.85,"dan_so":26737,"matdo_km2":418.75,"ma_tinh":"44","ten_tinh":"Quảng Trị"}},
{"type":"Feature","geometry":{"type":"Polygon","coordinates":[[[107.08,17.1068],[107.0704,17.1123],[107.0646,17.1162],[107.0593,17.1188],[107.0527,17.1233],[107.0485,17.125],[107.0478,17.1263],[107.0377,17.1325],[107.0199,17.1453],[107.0132,17.1491],[107.0008,17.1581],[106.9976,17.161],[106.9912,17.1654],[106.9901,17.1643],[106.9868,17.1607],[106.9845,17.1555],[106.9714,17.1435],[106.969,17.1379],[106.9726,17.137],[106.9784,17.1314],[106.9855,17.1268],[106.9857,17.1232],[106.9886,17.1152],[106.9879,17.1083],[106.9824,17.1003],[106.9797,17.0984],[106.9971,17.075],[106.9973,17.0775],[107.0008,17.0799],[107.0018,17.0828],[107.0057,17.0815],[107.0121,17.0819],[107.0167,17.0816],[107.015,17.0756],[107.0193,17.0765],[107.0206,17.0735],[107.0244,17.0699],[107.0247,17.0663],[107.0226,17.0651],[107.0307,17.0547],[107.034,17.057],[107.0319,17.0514],[107.0284,17.0466],[107.0282,17.0418],[107.0256,17.0365],[107.0277,17.034],[107.0311,17.0278],[107.0335,17.025],[107.0372,17.023],[107.0396,17.0271],[107.0432,17.0234],[107.0452,17.0258],[107.0513,17.0235],[107.0539,17.0298],[107.0549,17.0433],[107.0597,17.0405],[107.0607,17.0419],[107.0604,17.048],[107.0646,17.0519],[107.0662,17.0548],[107.0687,17.0562],[107.0733,17.0608],[107.0697,17.066],[107.0711,17.0679],[107.0698,17.0722],[107.0713,17.0789],[107.0711,17.0815],[107.0734,17.0841],[107.0713,17.0882],[107.0749,17.0892],[107.0771,17.0945],[107.0762,17.098],[107.0775,17.1035],[107.08,17.1068]]]},"properties":{"ma_xa":"19372","ten_xa":"Vĩnh Hoàng","sap_nhap":"Vĩnh Thái, Trung Nam, Vĩnh Hòa, Vĩnh Tú","tru_so":"đang cập nhật","loai":"Xã","cap":2,"stt":47,"dtich_km2":87.06,"dan_so":19021,"matdo_km2":218.48,"ma_tinh":"44","ten_tinh":"Quảng Trị"}},
{"type":"Feature","geometry":{"type":"Polygon","coordinates":[[[107.0256,17.0365],[107.0282,17.0418],[107.0284,17.0466],[107.0319,17.0514],[107.034,17.057],[107.0307,17.0547],[107.0226,17.0651],[107.0247,17.0663],[107.0244,17.0699],[107.0206,17.0735],[107.0193,17.0765],[107.015,17.0756],[107.0167,17.0816],[107.0121,17.0819],[107.0057,17.0815],[107.0018,17.0828],[107.0008,17.0799],[106.9973,17.0775],[106.9971,17.075],[106.9797,17.0984],[106.9824,17.1003],[106.9879,17.1083],[106.9886,17.1152],[106.9857,17.1232],[106.9855,17.1268],[106.9784,17.1314],[106.9726,17.137],[106.969,17.1379],[106.9674,17.1373],[106.9619,17.1307],[106.9576,17.128],[106.9539,17.1239],[106.9537,17.1199],[106.949,17.1198],[106.9272,17.1085],[106.9239,17.1085],[106.9208,17.106],[106.9139,17.1021],[106.9058,17.0964],[106.9047,17.0948],[106.9009,17.0953],[106.9,17.0932],[106.8933,17.0894],[106.8919,17.0909],[106.8884,17.0899],[106.883,17.0824],[106.8677,17.0812],[106.8729,17.0788],[106.8753,17.0766],[106.8798,17.0749],[106.886,17.0744],[106.8877,17.0721],[106.8958,17.0722],[106.8975,17.0668],[106.9041,17.0646],[106.9183,17.0623],[106.9199,17.0603],[106.9197,17.0572],[106.9226,17.0574],[106.9256,17.0603],[106.9276,17.0605],[106.9264,17.0542],[106.9185,17.0512],[106.9135,17.0528],[106.9105,17.0508],[106.9046,17.0433],[106.9,17.0384],[106.9041,17.0332],[106.907,17.0304],[106.9099,17.0304],[106.9137,17.0316],[106.9202,17.0357],[106.9255,17.0354],[106.9283,17.0402],[106.9355,17.0463],[106.9388,17.0449],[106.9427,17.0449],[106.952,17.0478],[106.9573,17.0517],[106.9593,17.0519],[106.9634,17.0505],[106.9658,17.0508],[106.9697,17.0538],[106.9719,17.0537],[106.9766,17.0491],[106.9828,17.0469],[106.9875,17.0438],[106.9955,17.0467],[107.0042,17.0435],[107.01,17.0451],[107.0127,17.044],[107.0183,17.04],[107.0256,17.0365]]]},"properties":{"ma_xa":"19363","ten_xa":"Vĩnh Linh","sap_nhap":"Hồ Xá (thị trấn), Vĩnh Long, Vĩnh Chấp","tru_so":"đang cập nhật","loai":"Xã","cap":2,"stt":45,"dtich_km2":90.37,"dan_so":27527,"matdo_km2":304.6,"ma_tinh":"44","ten_tinh":"Quảng Trị"}},
{"type":"Feature","geometry":{"type":"Polygon","coordinates":[[[107.0256,17.0365],[107.0183,17.04],[107.0127,17.044],[107.01,17.0451],[107.0042,17.0435],[106.9955,17.0467],[106.9875,17.0438],[106.9828,17.0469],[106.9766,17.0491],[106.9719,17.0537],[106.9697,17.0538],[106.9658,17.0508],[106.9634,17.0505],[106.9593,17.0519],[106.9573,17.0517],[106.952,17.0478],[106.9427,17.0449],[106.9422,17.0394],[106.9397,17.0375],[106.9375,17.0383],[106.936,17.0358],[106.9316,17.0329],[106.9294,17.0252],[106.9254,17.0204],[106.9235,17.0141],[106.9239,17.0105],[106.921,17.0052],[106.9216,16.997],[106.9241,17.0033],[106.9231,17.0056],[106.9283,17.0099],[106.9303,17.0103],[106.9317,17.0132],[106.9368,17.0156],[106.9393,17.0141],[106.9366,17.0122],[106.9356,17.0088],[106.9369,17.0055],[106.9349,17.0051],[106.9349,17.002],[106.9362,16.998],[106.9328,16.9976],[106.9296,16.9931],[106.9313,16.9871],[106.9295,16.9839],[106.9254,16.9813],[106.9219,16.9801],[106.9226,16.9778],[106.9205,16.9765],[106.9204,16.9736],[106.9181,16.9723],[106.9195,16.9685],[106.924,16.9679],[106.9291,16.9611],[106.9294,16.9588],[106.9324,16.9562],[106.9323,16.9534],[106.9349,16.9514],[106.9437,16.9535],[106.9457,16.9556],[106.95,16.9581],[106.9489,16.962],[106.9562,16.9664],[106.9584,16.9689],[106.9613,16.9671],[106.9605,16.9649],[106.9644,16.9645],[106.9643,16.9676],[106.9675,16.9679],[106.9674,16.9651],[106.9702,16.9643],[106.9717,16.9598],[106.973,16.9623],[106.9773,16.9631],[106.9794,16.967],[106.9822,16.9671],[106.9891,16.9719],[106.9938,16.972],[106.9975,16.9756],[107.0076,16.9794],[107.0114,16.9799],[107.0217,16.9753],[107.0299,16.9726],[107.0348,16.9724],[107.0433,16.9741],[107.0467,16.9752],[107.0536,16.98],[107.0548,16.9818],[107.0549,16.9862],[107.054,16.989],[107.0501,16.9927],[107.0492,16.995],[107.05,17.0013],[107.0509,17.0033],[107.0458,17.0045],[107.0425,17.0073],[107.0431,17.0108],[107.0471,17.0149],[107.0475,17.0168],[107.0419,17.0196],[107.0372,17.023],[107.0335,17.025],[107.0311,17.0278],[107.0277,17.034],[107.0256,17.0365]]]},"properties":{"ma_xa":"19405","ten_xa":"Vĩnh Thủy","sap_nhap":"Vĩnh Lâm, Vĩnh Sơn, Vĩnh Thủy","tru_so":"đang cập nhật","loai":"Xã","cap":2,"stt":48,"dtich_km2":103.74,"dan_so":20747,"matdo_km2":199.99,"ma_tinh":"44","ten_tinh":"Quảng Trị"}}
]}