{"type":"FeatureCollection", "features": [
{"type":"Feature","geometry":{"type":"Polygon","coordinates":[[[108.1696,13.7701],[108.1602,13.7664],[108.1571,13.7682],[108.1519,13.77],[108.1485,13.7691],[108.1429,13.7699],[108.1394,13.7715],[108.1352,13.7708],[108.1288,13.7715],[108.1243,13.7708],[108.1209,13.7715],[108.1204,13.7693],[108.1184,13.7688],[108.1173,13.7735],[108.1129,13.77],[108.1092,13.7717],[108.1076,13.7698],[108.1049,13.7706],[108.1017,13.764],[108.0985,13.7625],[108.0982,13.7571],[108.0951,13.7523],[108.0933,13.7519],[108.0974,13.7495],[108.1003,13.7466],[108.0985,13.7446],[108.101,13.7425],[108.1033,13.7371],[108.1012,13.7357],[108.1006,13.7284],[108.1017,13.726],[108.1006,13.7244],[108.1027,13.7209],[108.1045,13.7156],[108.1042,13.7102],[108.1075,13.7075],[108.1095,13.7036],[108.1086,13.6998],[108.1101,13.6962],[108.1121,13.6947],[108.1124,13.6925],[108.1098,13.6905],[108.111,13.6867],[108.1093,13.6863],[108.1125,13.6811],[108.1159,13.6795],[108.1179,13.6806],[108.122,13.6806],[108.1289,13.6785],[108.1283,13.6745],[108.1292,13.6717],[108.1324,13.669],[108.131,13.6658],[108.1343,13.6633],[108.1364,13.6601],[108.1395,13.6605],[108.1416,13.6559],[108.1469,13.6556],[108.1507,13.6563],[108.1518,13.6597],[108.1554,13.6602],[108.157,13.6593],[108.1561,13.6567],[108.1591,13.6542],[108.157,13.6459],[108.1536,13.6442],[108.1496,13.6411],[108.1498,13.6368],[108.1511,13.6338],[108.155,13.6317],[108.1581,13.6326],[108.162,13.6311],[108.1682,13.634],[108.1741,13.6341],[108.1761,13.6363],[108.1789,13.6363],[108.1821,13.6382],[108.1799,13.6444],[108.1846,13.6475],[108.1837,13.6492],[108.1861,13.6535],[108.1887,13.6614],[108.1902,13.6635],[108.1959,13.6749],[108.1951,13.6766],[108.1913,13.6788],[108.1881,13.6793],[108.1828,13.6817],[108.1834,13.6865],[108.1827,13.6926],[108.1833,13.6972],[108.1837,13.7145],[108.1859,13.725],[108.1862,13.7294],[108.1879,13.7408],[108.1901,13.7502],[108.1834,13.7504],[108.1808,13.7493],[108.1718,13.7522],[108.1691,13.7547],[108.1691,13.7564],[108.1735,13.7581],[108.1743,13.7623],[108.1768,13.7646],[108.1751,13.7698],[108.1696,13.7701]]]},"properties":{"ma_xa":"23954","ten_xa":"Al Bá","sap_nhap":"Ayun (huyện Chư Sê), Kông Htok, Al Bá","tru_so":"đang cập nhật","loai":"Xã","cap":2,"stt":78,"dtich_km2":109.06,"dan_so":17420,"matdo_km2":159.73,"ma_tinh":"52","ten_tinh":"Gia Lai"}},
{"type":"Feature","geometry":{"type":"Polygon","coordinates":[[[108.6235,14.0173],[108.6196,14.0191],[108.6191,14.0161],[108.6162,14.014],[108.611,14.0135],[108.6088,14.0124],[108.6073,14.0097],[108.5995,14.0161],[108.5971,14.0192],[108.5949,14.0169],[108.5924,14.013],[108.5926,14.009],[108.5904,14.0072],[108.5885,14.0009],[108.5874,13.9996],[108.5841,13.9994],[108.5827,14.0047],[108.5802,14.0097],[108.58,14.0137],[108.575,14.012],[108.5687,14.0061],[108.5659,14.0082],[108.5617,14.0091],[108.5572,14.0083],[108.5543,14.0058],[108.5563,14.0064],[108.5633,14.0046],[108.5689,14.0042],[108.5698,14.0003],[108.5721,13.9987],[108.5757,13.9984],[108.5766,13.9956],[108.5756,13.994],[108.5768,13.9913],[108.5761,13.9879],[108.5769,13.986],[108.576,13.9834],[108.578,13.981],[108.5774,13.9787],[108.5752,13.9772],[108.5744,13.9723],[108.5708,13.9691],[108.5635,13.9679],[108.5621,13.9664],[108.5666,13.9592],[108.5707,13.9584],[108.5709,13.9544],[108.572,13.9509],[108.5795,13.9478],[108.5822,13.9451],[108.5857,13.9437],[108.5872,13.9404],[108.5852,13.9362],[108.5853,13.9337],[108.5879,13.9306],[108.5847,13.9275],[108.5847,13.9248],[108.5884,13.9236],[108.588,13.9201],[108.5892,13.9153],[108.5952,13.9165],[108.6022,13.9187],[108.6182,13.9235],[108.6238,13.9228],[108.6263,13.9257],[108.6264,13.9307],[108.6305,13.936],[108.6416,13.9438],[108.6461,13.9439],[108.6494,13.947],[108.6509,13.9524],[108.6535,13.9597],[108.6537,13.963],[108.6613,13.9704],[108.6609,13.9754],[108.6617,13.9805],[108.6573,13.9837],[108.6544,13.9836],[108.6531,13.9853],[108.6487,13.9845],[108.6457,13.9819],[108.6431,13.9816],[108.6411,13.9829],[108.6366,13.9831],[108.6323,13.9822],[108.6301,13.9837],[108.6352,13.9972],[108.6346,13.9999],[108.6322,13.9989],[108.6296,14.0032],[108.6312,14.0038],[108.6365,14.0084],[108.6348,14.0169],[108.6342,14.0176],[108.6281,14.0168],[108.6235,14.0173]]]},"properties":{"ma_xa":"23614","ten_xa":"An Bình","sap_nhap":"An Bình, Tân An, Cư An","tru_so":"đang cập nhật","loai":"Phường","cap":2,"stt":83,"dtich_km2":73.13,"dan_so":30851,"matdo_km2":421.87,"ma_tinh":"52","ten_tinh":"Gia Lai"}},
{"type":"Feature","geometry":{"type":"Polygon","coordinates":[[[108.9796,14.4816],[108.9738,14.4817],[108.9708,14.4834],[108.9697,14.4856],[108.9672,14.486],[108.9638,14.492],[108.961,14.4932],[108.9582,14.4897],[108.9507,14.4898],[108.9485,14.4973],[108.9464,14.5002],[108.9518,14.5066],[108.9548,14.5091],[108.9541,14.5115],[108.955,14.5165],[108.9571,14.5213],[108.9564,14.5246],[108.9581,14.5272],[108.9574,14.5294],[108.9591,14.5321],[108.9581,14.534],[108.9578,14.5383],[108.9537,14.5386],[108.9505,14.542],[108.9491,14.5458],[108.9493,14.5485],[108.9481,14.5506],[108.9422,14.5487],[108.9402,14.5495],[108.9403,14.5456],[108.9392,14.5434],[108.9396,14.5408],[108.937,14.5377],[108.9357,14.5343],[108.9353,14.5308],[108.9329,14.5323],[108.9288,14.5287],[108.9257,14.5275],[108.9269,14.5257],[108.9224,14.5227],[108.9225,14.5207],[108.9199,14.5183],[108.9098,14.5175],[108.9021,14.5182],[108.9011,14.5174],[108.898,14.5196],[108.894,14.5201],[108.8905,14.5181],[108.8862,14.5131],[108.8845,14.5101],[108.8827,14.5103],[108.8789,14.5069],[108.8752,14.5045],[108.8718,14.5043],[108.8686,14.5018],[108.8682,14.5],[108.8722,14.4979],[108.8754,14.4999],[108.8807,14.5003],[108.8846,14.4901],[108.8876,14.4877],[108.8903,14.487],[108.8864,14.4737],[108.8862,14.4704],[108.8873,14.468],[108.8869,14.4611],[108.8913,14.4568],[108.8934,14.4539],[108.8938,14.4509],[108.8919,14.446],[108.8938,14.4399],[108.8956,14.4392],[108.9005,14.4344],[108.9014,14.4363],[108.909,14.4366],[108.9116,14.4355],[108.9176,14.4385],[108.9211,14.4385],[108.9262,14.4344],[108.9301,14.4334],[108.9355,14.4293],[108.94,14.4202],[108.9425,14.4187],[108.9485,14.4218],[108.9512,14.4258],[108.9541,14.424],[108.9575,14.4247],[108.9596,14.4183],[108.9579,14.4155],[108.9598,14.4127],[108.9641,14.4155],[108.9624,14.4171],[108.9625,14.4228],[108.9639,14.4249],[108.9669,14.4231],[108.9756,14.4213],[108.9775,14.4205],[108.9822,14.4164],[108.9868,14.4144],[108.9931,14.4147],[108.9931,14.4175],[108.9952,14.4179],[108.9975,14.4206],[108.99,14.4245],[108.9913,14.4255],[108.9906,14.4291],[108.988,14.4288],[108.9799,14.4263],[108.979,14.4286],[108.9753,14.4288],[108.9742,14.4335],[108.9693,14.4357],[108.9693,14.4393],[108.9682,14.4418],[108.9709,14.4452],[108.9724,14.4524],[108.9736,14.4549],[108.9737,14.459],[108.9762,14.4632],[108.9826,14.4655],[108.9832,14.4666],[108.9818,14.4713],[108.9795,14.4727],[108.9806,14.4763],[108.9796,14.4816]]]},"properties":{"ma_xa":"21697","ten_xa":"Ân Hảo","sap_nhap":"Ân Hảo Tây, Ân Hảo Đông, Ân Mỹ","tru_so":"đang cập nhật","loai":"Xã","cap":2,"stt":46,"dtich_km2":95.46,"dan_so":22390,"matdo_km2":234.55,"ma_tinh":"52","ten_tinh":"Gia Lai"}},
{"type":"Feature","geometry":{"type":"Polygon","coordinates":[[[108.9402,14.5495],[108.9408,14.5544],[108.9399,14.5581],[108.9407,14.565],[108.9389,14.568],[108.9441,14.5736],[108.9445,14.5778],[108.9425,14.5798],[108.9428,14.5833],[108.9449,14.5861],[108.9448,14.5878],[108.9503,14.5986],[108.9494,14.6029],[108.9487,14.6055],[108.9497,14.6079],[108.9467,14.6086],[108.9477,14.6075],[108.9473,14.6035],[108.9458,14.6003],[108.9458,14.5972],[108.9426,14.5955],[108.9388,14.5916],[108.939,14.59],[108.9346,14.5884],[108.9333,14.5867],[108.9288,14.5854],[108.9203,14.5851],[108.9167,14.5885],[108.9134,14.5878],[108.912,14.5825],[108.9098,14.5793],[108.9041,14.5735],[108.9012,14.5718],[108.8992,14.5718],[108.8957,14.57],[108.8944,14.5658],[108.8959,14.5632],[108.8968,14.558],[108.8965,14.5556],[108.8893,14.5563],[108.8888,14.5586],[108.8861,14.5597],[108.8871,14.5621],[108.8851,14.5639],[108.8823,14.5615],[108.8788,14.5613],[108.8758,14.5592],[108.8714,14.5581],[108.869,14.56],[108.8645,14.5593],[108.8606,14.5601],[108.855,14.5586],[108.8531,14.5573],[108.8484,14.5599],[108.8434,14.5594],[108.8394,14.561],[108.8323,14.5576],[108.8311,14.5534],[108.8262,14.5497],[108.8263,14.5479],[108.8237,14.5455],[108.8189,14.5461],[108.8148,14.5422],[108.8125,14.5429],[108.8078,14.5426],[108.8051,14.5395],[108.802,14.5404],[108.7984,14.5453],[108.7949,14.5455],[108.7928,14.5423],[108.7885,14.5405],[108.7845,14.5437],[108.7808,14.5443],[108.775,14.5418],[108.7688,14.542],[108.7674,14.5392],[108.7626,14.5337],[108.7613,14.5306],[108.7531,14.5345],[108.7509,14.5332],[108.7535,14.5316],[108.7553,14.5278],[108.7575,14.5264],[108.7598,14.5272],[108.7625,14.5225],[108.7656,14.5207],[108.7648,14.5173],[108.7667,14.514],[108.7722,14.5128],[108.7724,14.5091],[108.7689,14.5061],[108.768,14.5021],[108.7692,14.4957],[108.7742,14.4914],[108.7762,14.4908],[108.7777,14.4881],[108.7804,14.4903],[108.7836,14.4895],[108.789,14.4854],[108.7892,14.4825],[108.7949,14.4804],[108.799,14.483],[108.8018,14.4799],[108.8052,14.4788],[108.8078,14.4767],[108.8079,14.4731],[108.8094,14.4723],[108.8128,14.4756],[108.8145,14.4799],[108.8154,14.4855],[108.817,14.4888],[108.8194,14.4869],[108.8212,14.4884],[108.8246,14.4888],[108.8275,14.4902],[108.8328,14.4922],[108.8342,14.4901],[108.8345,14.4867],[108.8374,14.4859],[108.8398,14.4835],[108.841,14.4804],[108.8482,14.4802],[108.851,14.4794],[108.851,14.4828],[108.8521,14.4871],[108.8527,14.4936],[108.8551,14.4942],[108.8616,14.4929],[108.8637,14.4884],[108.8626,14.4829],[108.8639,14.4762],[108.863,14.4738],[108.8689,14.4692],[108.8749,14.4703],[108.8752,14.4724],[108.8813,14.4718],[108.8862,14.4704],[108.8864,14.4737],[108.8903,14.487],[108.8876,14.4877],[108.8846,14.4901],[108.8807,14.5003],[108.8754,14.4999],[108.8722,14.4979],[108.8682,14.5],[108.8686,14.5018],[108.8718,14.5043],[108.8752,14.5045],[108.8789,14.5069],[108.8827,14.5103],[108.8845,14.5101],[108.8862,14.5131],[108.8905,14.5181],[108.894,14.5201],[108.898,14.5196],[108.9011,14.5174],[108.9021,14.5182],[108.9098,14.5175],[108.9199,14.5183],[108.9225,14.5207],[108.9224,14.5227],[108.9269,14.5257],[108.9257,14.5275],[108.9288,14.5287],[108.9329,14.5323],[108.9353,14.5308],[108.9357,14.5343],[108.937,14.5377],[108.9396,14.5408],[108.9392,14.5434],[108.9403,14.5456],[108.9402,14.5495]]]},"properties":{"ma_xa":"21628","ten_xa":"An Hòa","sap_nhap":"An Hòa, An Quang, An Nghĩa (1 phần)","tru_so":"đang cập nhật","loai":"Xã","cap":2,"stt":54,"dtich_km2":101.48,"dan_so":14182,"matdo_km2":139.75,"ma_tinh":"52","ten_tinh":"Gia Lai"}},
{"type":"Feature","geometry":{"type":"Polygon","coordinates":[[[108.6958,13.9481],[108.7014,13.9485],[108.7009,13.9525],[108.7024,13.9603],[108.7037,13.9616],[108.7029,13.9646],[108.7035,13.969],[108.7021,13.9713],[108.7031,13.9739],[108.7008,13.9785],[108.6981,13.9795],[108.695,13.9874],[108.7033,13.9915],[108.7066,13.9947],[108.7048,13.9974],[108.7063,13.9995],[108.7116,14.0029],[108.7149,14.0069],[108.7144,14.0094],[108.7112,14.0132],[108.7092,14.0204],[108.7096,14.0269],[108.7092,14.0305],[108.707,14.0364],[108.7046,14.0361],[108.7018,14.0314],[108.6987,14.03],[108.6961,14.031],[108.6939,14.0301],[108.6918,14.0238],[108.6885,14.0228],[108.6839,14.0172],[108.681,14.0164],[108.681,14.0189],[108.6764,14.0241],[108.6688,14.0252],[108.6627,14.0298],[108.6615,14.0327],[108.6555,14.0309],[108.6525,14.0272],[108.6499,14.027],[108.648,14.0285],[108.6426,14.0291],[108.6418,14.0273],[108.6378,14.0261],[108.6316,14.0212],[108.6279,14.0207],[108.6235,14.0173],[108.6281,14.0168],[108.6342,14.0176],[108.6348,14.0169],[108.6365,14.0084],[108.6312,14.0038],[108.6296,14.0032],[108.6322,13.9989],[108.6346,13.9999],[108.6352,13.9972],[108.6301,13.9837],[108.6323,13.9822],[108.6366,13.9831],[108.6411,13.9829],[108.6431,13.9816],[108.6457,13.9819],[108.6487,13.9845],[108.6531,13.9853],[108.6544,13.9836],[108.6573,13.9837],[108.6617,13.9805],[108.6609,13.9754],[108.6613,13.9704],[108.6537,13.963],[108.6535,13.9597],[108.6509,13.9524],[108.6494,13.947],[108.6461,13.9439],[108.6494,13.9416],[108.6518,13.9418],[108.6584,13.9391],[108.6651,13.9443],[108.671,13.9465],[108.671,13.9481],[108.6752,13.9522],[108.677,13.9515],[108.6811,13.9552],[108.687,13.957],[108.6906,13.9596],[108.6921,13.9662],[108.6938,13.9645],[108.6943,13.9604],[108.6956,13.9593],[108.6965,13.95],[108.6958,13.9481]]]},"properties":{"ma_xa":"23617","ten_xa":"An Khê","sap_nhap":"Ngô Mây, Tây Sơn (thị xã An Khê), An Phú, An Phước, An Tân, Thành An","tru_so":"đang cập nhật","loai":"Phường","cap":2,"stt":82,"dtich_km2":57.44,"dan_so":50495,"matdo_km2":879.09,"ma_tinh":"52","ten_tinh":"Gia Lai"}},
{"type":"Feature","geometry":{"type":"Polygon","coordinates":[[[108.9732,14.6729],[108.9733,14.6759],[108.9706,14.6782],[108.9681,14.6814],[108.9594,14.6862],[108.9582,14.6835],[108.9545,14.6811],[108.9545,14.6836],[108.9499,14.6851],[108.9504,14.6873],[108.9469,14.6874],[108.9424,14.6896],[108.9397,14.6954],[108.9369,14.6957],[108.9331,14.6975],[108.9285,14.6987],[108.9277,14.7027],[108.9253,14.7],[108.9251,14.6982],[108.9216,14.6981],[108.9178,14.695],[108.9141,14.6942],[108.9068,14.6913],[108.9064,14.6885],[108.9033,14.6865],[108.8975,14.687],[108.8934,14.6859],[108.8942,14.681],[108.8937,14.6752],[108.8913,14.675],[108.8869,14.6733],[108.8863,14.6658],[108.8852,14.6628],[108.8875,14.6606],[108.8879,14.6574],[108.8901,14.6555],[108.8893,14.6509],[108.8926,14.6471],[108.8903,14.6453],[108.8888,14.6397],[108.8866,14.637],[108.8878,14.634],[108.8867,14.6321],[108.8894,14.626],[108.8889,14.6235],[108.8848,14.6211],[108.8853,14.618],[108.8841,14.6158],[108.8798,14.614],[108.8757,14.6135],[108.8722,14.6141],[108.8688,14.6127],[108.8657,14.615],[108.8582,14.6039],[108.8605,14.5997],[108.8627,14.5978],[108.8632,14.5937],[108.8615,14.59],[108.8644,14.5843],[108.8686,14.5795],[108.8649,14.5742],[108.8646,14.5719],[108.8617,14.5706],[108.8605,14.5678],[108.8581,14.5666],[108.857,14.5613],[108.855,14.5586],[108.8606,14.5601],[108.8645,14.5593],[108.869,14.56],[108.8714,14.5581],[108.8758,14.5592],[108.8788,14.5613],[108.8823,14.5615],[108.8851,14.5639],[108.8871,14.5621],[108.8861,14.5597],[108.8888,14.5586],[108.8893,14.5563],[108.8965,14.5556],[108.8968,14.558],[108.8959,14.5632],[108.8944,14.5658],[108.8957,14.57],[108.8992,14.5718],[108.9012,14.5718],[108.9041,14.5735],[108.9098,14.5793],[108.912,14.5825],[108.9134,14.5878],[108.9167,14.5885],[108.9203,14.5851],[108.9288,14.5854],[108.9333,14.5867],[108.9346,14.5884],[108.939,14.59],[108.9388,14.5916],[108.9426,14.5955],[108.9458,14.5972],[108.9458,14.6003],[108.9473,14.6035],[108.9477,14.6075],[108.9467,14.6086],[108.9498,14.6101],[108.9513,14.6145],[108.954,14.6173],[108.953,14.6191],[108.9517,14.6248],[108.9536,14.6329],[108.9512,14.6369],[108.9506,14.6401],[108.953,14.6432],[108.9563,14.6441],[108.9571,14.6494],[108.9543,14.653],[108.9612,14.656],[108.9627,14.6597],[108.9673,14.6655],[108.9682,14.6688],[108.9717,14.67],[108.9732,14.6729]]]},"properties":{"ma_xa":"21609","ten_xa":"An Lão","sap_nhap":"An Lão (thị trấn), An Tân, An Hưng","tru_so":"đang cập nhật","loai":"Xã","cap":2,"stt":55,"dtich_km2":103.87,"dan_so":10703,"matdo_km2":103.04,"ma_tinh":"52","ten_tinh":"Gia Lai"}},
{"type":"Feature","geometry":{"type":"Polygon","coordinates":[[[109.182,14.211],[109.177,14.2124],[109.1758,14.2154],[109.1723,14.2163],[109.1689,14.2127],[109.1666,14.2127],[109.1675,14.2096],[109.1675,14.2053],[109.1666,14.203],[109.163,14.2049],[109.1605,14.2033],[109.1563,14.2031],[109.1551,14.1994],[109.1526,14.1956],[109.1488,14.1953],[109.1446,14.1911],[109.1422,14.1925],[109.138,14.1932],[109.1348,14.1929],[109.1316,14.1949],[109.1268,14.192],[109.1246,14.1886],[109.1242,14.1848],[109.1252,14.1821],[109.1228,14.1775],[109.1235,14.1706],[109.1224,14.166],[109.1169,14.1686],[109.1149,14.1686],[109.114,14.163],[109.1119,14.1584],[109.1073,14.1557],[109.1102,14.1518],[109.1096,14.1479],[109.1114,14.1465],[109.1124,14.1437],[109.1117,14.1388],[109.1094,14.1365],[109.1113,14.1326],[109.1129,14.132],[109.1156,14.1275],[109.1249,14.1272],[109.1274,14.1255],[109.1428,14.1301],[109.1443,14.1323],[109.1483,14.1316],[109.1494,14.1341],[109.1519,14.1363],[109.1482,14.1393],[109.1486,14.143],[109.1534,14.1453],[109.1554,14.1446],[109.1583,14.1457],[109.1607,14.151],[109.1642,14.1538],[109.17,14.1567],[109.176,14.1575],[109.1848,14.1419],[109.1901,14.1355],[109.1946,14.1321],[109.203,14.1275],[109.2053,14.1268],[109.2086,14.1276],[109.2118,14.1252],[109.2209,14.1265],[109.2251,14.1309],[109.2251,14.1334],[109.2275,14.1356],[109.2273,14.1391],[109.2236,14.1372],[109.2211,14.1384],[109.2106,14.1529],[109.1997,14.1706],[109.1949,14.1793],[109.1882,14.193],[109.1833,14.2052],[109.182,14.211]]]},"properties":{"ma_xa":"21769","ten_xa":"An Lương","sap_nhap":"Mỹ Chánh, Mỹ Thành, Mỹ Cát","tru_so":"đang cập nhật","loai":"Xã","cap":2,"stt":27,"dtich_km2":66.57,"dan_so":37958,"matdo_km2":570.2,"ma_tinh":"52","ten_tinh":"Gia Lai"}},
{"type":"Feature","geometry":{"type":"Polygon","coordinates":[[[109.0477,13.9452],[109.0392,13.9578],[109.0357,13.9571],[109.0328,13.9586],[109.0316,13.961],[109.0232,13.963],[109.0204,13.961],[109.0259,13.9585],[109.0253,13.9533],[109.0225,13.944],[109.0219,13.9414],[109.0239,13.9375],[109.0221,13.934],[109.0233,13.9314],[109.0297,13.9303],[109.0287,13.9252],[109.0268,13.9199],[109.0234,13.92],[109.0221,13.9175],[109.0246,13.9175],[109.0308,13.9138],[109.0311,13.9117],[109.0335,13.9085],[109.0362,13.9033],[109.04,13.8991],[109.0475,13.9015],[109.0487,13.9031],[109.0549,13.9051],[109.0655,13.8996],[109.069,13.899],[109.0716,13.895],[109.0748,13.8933],[109.0775,13.8933],[109.0832,13.8954],[109.0869,13.895],[109.0891,13.8949],[109.0919,13.8982],[109.0865,13.9031],[109.0848,13.908],[109.0891,13.9126],[109.0896,13.9163],[109.0909,13.9176],[109.0947,13.9184],[109.093,13.9215],[109.0942,13.9264],[109.0995,13.9316],[109.1033,13.9316],[109.1063,13.9335],[109.103,13.9356],[109.1013,13.9382],[109.0969,13.9402],[109.0915,13.9392],[109.0908,13.9357],[109.0866,13.9366],[109.0861,13.9378],[109.0654,13.936],[109.0641,13.9345],[109.056,13.9333],[109.0537,13.9376],[109.05,13.9358],[109.0449,13.9412],[109.046,13.9442],[109.0477,13.9452]]]},"properties":{"ma_xa":"21910","ten_xa":"An Nhơn","sap_nhap":"Đập Đá, Nhơn Mỹ, Nhơn Hậu","tru_so":"đang cập nhật","loai":"Phường","cap":2,"stt":7,"dtich_km2":34.62,"dan_so":49408,"matdo_km2":1427.15,"ma_tinh":"52","ten_tinh":"Gia Lai"}},
{"type":"Feature","geometry":{"type":"Polygon","coordinates":[[[109.1634,13.9523],[109.1601,13.9503],[109.1557,13.9512],[109.1556,13.9452],[109.1517,13.9472],[109.1502,13.9455],[109.1462,13.9447],[109.146,13.9414],[109.1441,13.9414],[109.1386,13.9437],[109.1363,13.9439],[109.134,13.9403],[109.1303,13.9385],[109.1238,13.9395],[109.1239,13.9427],[109.1207,13.9447],[109.1174,13.9445],[109.1088,13.9455],[109.1047,13.9468],[109.1024,13.9466],[109.1031,13.9528],[109.1002,13.9549],[109.0981,13.9548],[109.0983,13.9586],[109.097,13.96],[109.0896,13.9608],[109.0875,13.9595],[109.0853,13.9599],[109.0854,13.9579],[109.082,13.9528],[109.0795,13.9536],[109.0773,13.9527],[109.0718,13.9546],[109.0685,13.952],[109.0709,13.9505],[109.0742,13.9441],[109.0692,13.9433],[109.0643,13.9469],[109.0616,13.9469],[109.0593,13.9423],[109.0571,13.9398],[109.0535,13.9397],[109.0523,13.9382],[109.0477,13.9452],[109.046,13.9442],[109.0449,13.9412],[109.05,13.9358],[109.0537,13.9376],[109.056,13.9333],[109.0641,13.9345],[109.0654,13.936],[109.0861,13.9378],[109.0866,13.9366],[109.0908,13.9357],[109.0915,13.9392],[109.0969,13.9402],[109.1013,13.9382],[109.103,13.9356],[109.1063,13.9335],[109.1108,13.9299],[109.1132,13.9297],[109.1161,13.9312],[109.115,13.9213],[109.1194,13.921],[109.1192,13.9169],[109.1238,13.9169],[109.1247,13.9142],[109.1289,13.916],[109.1314,13.9158],[109.1343,13.9187],[109.137,13.9202],[109.1405,13.9206],[109.1438,13.9165],[109.1484,13.9172],[109.1513,13.9173],[109.1564,13.9195],[109.1617,13.9195],[109.1648,13.9217],[109.169,13.921],[109.1692,13.9181],[109.1782,13.9162],[109.1792,13.9197],[109.184,13.919],[109.1881,13.9202],[109.1873,13.9229],[109.1883,13.9259],[109.1843,13.9264],[109.1828,13.9294],[109.1776,13.9309],[109.1743,13.9298],[109.1738,13.932],[109.1751,13.9372],[109.1769,13.9376],[109.1773,13.9406],[109.1759,13.9466],[109.1742,13.9481],[109.1709,13.9459],[109.1684,13.9498],[109.1652,13.9499],[109.1634,13.9523]]]},"properties":{"ma_xa":"21925","ten_xa":"An Nhơn Bắc","sap_nhap":"Nhơn Thành, Nhơn Phong, Nhơn Hạnh","tru_so":"đang cập nhật","loai":"Phường","cap":2,"stt":10,"dtich_km2":31.95,"dan_so":38484,"matdo_km2":1204.51,"ma_tinh":"52","ten_tinh":"Gia Lai"}},
{"type":"Feature","geometry":{"type":"Polygon","coordinates":[[[109.1484,13.9172],[109.1438,13.9165],[109.1405,13.9206],[109.137,13.9202],[109.1343,13.9187],[109.1314,13.9158],[109.1289,13.916],[109.1247,13.9142],[109.1238,13.9169],[109.1192,13.9169],[109.1194,13.921],[109.115,13.9213],[109.1161,13.9312],[109.1132,13.9297],[109.1108,13.9299],[109.1063,13.9335],[109.1033,13.9316],[109.0995,13.9316],[109.0942,13.9264],[109.093,13.9215],[109.0947,13.9184],[109.0909,13.9176],[109.0896,13.9163],[109.0891,13.9126],[109.0848,13.908],[109.0865,13.9031],[109.0919,13.8982],[109.0891,13.8949],[109.0869,13.895],[109.0905,13.8935],[109.0933,13.891],[109.0971,13.8927],[109.1014,13.8932],[109.103,13.8945],[109.109,13.8908],[109.1154,13.8954],[109.1201,13.8948],[109.1237,13.8957],[109.1235,13.8936],[109.1259,13.8943],[109.1264,13.9001],[109.1219,13.901],[109.121,13.904],[109.1238,13.9073],[109.1262,13.9062],[109.1334,13.9066],[109.136,13.9053],[109.1382,13.9074],[109.145,13.9071],[109.1483,13.908],[109.1486,13.9103],[109.1516,13.9105],[109.154,13.913],[109.1496,13.9149],[109.1484,13.9172]]]},"properties":{"ma_xa":"21934","ten_xa":"An Nhơn Đông","sap_nhap":"Nhơn Hưng, Nhơn An","tru_so":"đang cập nhật","loai":"Phường","cap":2,"stt":8,"dtich_km2":17.21,"dan_so":26443,"matdo_km2":1536.49,"ma_tinh":"52","ten_tinh":"Gia Lai"}},
{"type":"Feature","geometry":{"type":"Polygon","coordinates":[[[109.0552,13.7869],[109.0577,13.7891],[109.0622,13.7899],[109.0639,13.7917],[109.0628,13.7953],[109.0643,13.7974],[109.068,13.7991],[109.0701,13.7991],[109.0683,13.8054],[109.0725,13.8102],[109.0731,13.8124],[109.0708,13.8194],[109.0739,13.8259],[109.0775,13.8267],[109.0826,13.8237],[109.0856,13.8243],[109.0894,13.8236],[109.0901,13.8261],[109.0925,13.8281],[109.0968,13.8288],[109.104,13.8288],[109.1074,13.831],[109.1078,13.8346],[109.1062,13.8386],[109.1082,13.8423],[109.1109,13.8426],[109.1134,13.8458],[109.1161,13.8463],[109.121,13.8519],[109.1225,13.8509],[109.1249,13.8555],[109.1252,13.8591],[109.1276,13.8599],[109.1298,13.8622],[109.1294,13.8659],[109.1334,13.8686],[109.136,13.8713],[109.1358,13.8728],[109.132,13.875],[109.127,13.8749],[109.1228,13.8749],[109.1184,13.8772],[109.1147,13.8745],[109.1115,13.8751],[109.1057,13.8806],[109.102,13.8806],[109.0966,13.8769],[109.0915,13.8812],[109.0868,13.8808],[109.0856,13.8838],[109.082,13.8815],[109.0825,13.8786],[109.0798,13.8774],[109.0782,13.8797],[109.078,13.8823],[109.0763,13.8853],[109.0745,13.8855],[109.0709,13.8826],[109.068,13.8819],[109.0722,13.8811],[109.0763,13.8767],[109.0734,13.8751],[109.0731,13.8734],[109.0678,13.8737],[109.0636,13.8749],[109.0603,13.8748],[109.0585,13.8711],[109.0581,13.8677],[109.051,13.8643],[109.0474,13.8621],[109.0448,13.8626],[109.0435,13.8612],[109.0444,13.8583],[109.0406,13.858],[109.039,13.8506],[109.0386,13.8451],[109.0371,13.8441],[109.038,13.8383],[109.0374,13.8346],[109.0343,13.8339],[109.0315,13.8309],[109.0266,13.8309],[109.0244,13.827],[109.0292,13.8234],[109.0292,13.8224],[109.0381,13.8154],[109.0376,13.8134],[109.0416,13.8103],[109.0421,13.8077],[109.0438,13.8056],[109.0424,13.8014],[109.0474,13.7936],[109.0505,13.7875],[109.0552,13.7869]]]},"properties":{"ma_xa":"21943","ten_xa":"An Nhơn Nam","sap_nhap":"Nhơn Hòa, Nhơn Thọ","tru_so":"đang cập nhật","loai":"Phường","cap":2,"stt":9,"dtich_km2":60.05,"dan_so":31651,"matdo_km2":527.08,"ma_tinh":"52","ten_tinh":"Gia Lai"}},
{"type":"Feature","geometry":{"type":"Polygon","coordinates":[[[109.068,13.8819],[109.0606,13.8825],[109.0583,13.8846],[109.0538,13.8862],[109.0497,13.8899],[109.0455,13.8916],[109.0395,13.8914],[109.0372,13.8923],[109.0366,13.8895],[109.0254,13.888],[109.0198,13.885],[109.0178,13.8854],[109.0148,13.8837],[109.0136,13.8801],[109.013,13.8738],[109.014,13.8705],[109.0122,13.8662],[109.0096,13.8628],[109.008,13.8533],[109.0086,13.8477],[109.007,13.8427],[109.0042,13.8425],[109.0027,13.8406],[108.9959,13.8383],[108.9928,13.8347],[108.9902,13.8337],[108.9912,13.8291],[108.9907,13.8275],[108.9807,13.8257],[108.9787,13.8222],[108.9754,13.8241],[108.9732,13.8237],[108.9709,13.8215],[108.9669,13.8195],[108.963,13.8196],[108.9589,13.826],[108.951,13.8283],[108.9516,13.8222],[108.953,13.8205],[108.9572,13.8181],[108.9562,13.8148],[108.9576,13.8128],[108.9596,13.8075],[108.9631,13.8055],[108.9647,13.8064],[108.971,13.8027],[108.9739,13.8031],[108.9722,13.7976],[108.9727,13.7959],[108.9759,13.7953],[108.9801,13.7917],[108.9849,13.7853],[108.9889,13.7821],[108.9931,13.7807],[108.9983,13.7818],[108.9992,13.779],[108.9985,13.774],[108.9996,13.7687],[109.0018,13.765],[109.0035,13.7602],[109.0061,13.7574],[109.0068,13.7541],[109.0088,13.7531],[109.0137,13.7543],[109.0164,13.7572],[109.0194,13.758],[109.0272,13.7575],[109.0294,13.759],[109.0294,13.7614],[109.0312,13.7649],[109.033,13.7722],[109.0296,13.7787],[109.0283,13.78],[109.0297,13.786],[109.0331,13.7895],[109.0351,13.7895],[109.0403,13.7932],[109.0456,13.7926],[109.0474,13.7936],[109.0424,13.8014],[109.0438,13.8056],[109.0421,13.8077],[109.0416,13.8103],[109.0376,13.8134],[109.0381,13.8154],[109.0292,13.8224],[109.0292,13.8234],[109.0244,13.827],[109.0266,13.8309],[109.0315,13.8309],[109.0343,13.8339],[109.0374,13.8346],[109.038,13.8383],[109.0371,13.8441],[109.0386,13.8451],[109.039,13.8506],[109.0406,13.858],[109.0444,13.8583],[109.0435,13.8612],[109.0448,13.8626],[109.0474,13.8621],[109.051,13.8643],[109.0581,13.8677],[109.0585,13.8711],[109.0603,13.8748],[109.0636,13.8749],[109.0678,13.8737],[109.0731,13.8734],[109.0734,13.8751],[109.0763,13.8767],[109.0722,13.8811],[109.068,13.8819]]]},"properties":{"ma_xa":"21940","ten_xa":"An Nhơn Tây","sap_nhap":"Nhơn Lộc, Nhơn Tân","tru_so":"đang cập nhật","loai":"Xã","cap":2,"stt":11,"dtich_km2":75.5,"dan_so":20178,"matdo_km2":267.26,"ma_tinh":"52","ten_tinh":"Gia Lai"}},
{"type":"Feature","geometry":{"type":"Polygon","coordinates":[[[108.0315,13.9716],[108.0318,13.9682],[108.0373,13.9654],[108.0391,13.9621],[108.0405,13.9619],[108.0421,13.9589],[108.0416,13.9558],[108.0425,13.9468],[108.0399,13.9414],[108.0401,13.9388],[108.0418,13.9379],[108.0413,13.9353],[108.0467,13.9368],[108.0463,13.9392],[108.0477,13.9429],[108.0524,13.9452],[108.06,13.9471],[108.0645,13.9493],[108.0668,13.9481],[108.0729,13.9494],[108.0782,13.9536],[108.0799,13.9561],[108.0792,13.9619],[108.0828,13.9608],[108.0864,13.9614],[108.0904,13.9639],[108.0936,13.9692],[108.0893,13.9736],[108.0904,13.9767],[108.0978,13.9794],[108.0989,13.9811],[108.0966,13.9891],[108.0965,13.993],[108.0904,13.9979],[108.0892,14.0043],[108.0838,14.0038],[108.0826,14.0029],[108.0782,14.0028],[108.0742,14.0007],[108.0726,14.0024],[108.0682,14.0041],[108.0646,14.0067],[108.0628,14.0056],[108.0627,14.0007],[108.0634,13.9971],[108.0589,13.9949],[108.0562,13.9965],[108.0493,13.9986],[108.0472,13.9973],[108.0469,13.9932],[108.0481,13.9915],[108.0549,13.9902],[108.0506,13.9881],[108.0469,13.9871],[108.0422,13.9874],[108.0373,13.9842],[108.0355,13.9848],[108.0327,13.9825],[108.0348,13.9802],[108.0324,13.978],[108.0338,13.9766],[108.0316,13.9734],[108.0315,13.9716]]]},"properties":{"ma_xa":"23602","ten_xa":"An Phú","sap_nhap":"Thắng Lợi, Chư Á, An Phú","tru_so":"đang cập nhật","loai":"Phường","cap":2,"stt":62,"dtich_km2":32.49,"dan_so":40684,"matdo_km2":1252.2,"ma_tinh":"52","ten_tinh":"Gia Lai"}},
{"type":"Feature","geometry":{"type":"Polygon","coordinates":[[[108.7312,14.5918],[108.729,14.5938],[108.7242,14.5954],[108.7192,14.5985],[108.7164,14.6019],[108.713,14.6023],[108.7072,14.6068],[108.7059,14.6097],[108.708,14.6131],[108.7055,14.6149],[108.7009,14.6128],[108.7027,14.6088],[108.7028,14.6062],[108.6981,14.5994],[108.6982,14.597],[108.6947,14.5945],[108.6911,14.5937],[108.6878,14.5918],[108.6831,14.5959],[108.68,14.5967],[108.6775,14.5923],[108.6752,14.5905],[108.6767,14.5888],[108.6772,14.5845],[108.6717,14.5799],[108.6675,14.58],[108.6634,14.5775],[108.6598,14.5768],[108.6577,14.5737],[108.6524,14.5694],[108.6454,14.568],[108.6404,14.5648],[108.6445,14.5592],[108.6445,14.5573],[108.6422,14.5542],[108.6432,14.5506],[108.6399,14.5494],[108.6339,14.5512],[108.6326,14.5524],[108.6295,14.552],[108.6278,14.5505],[108.6272,14.5477],[108.6285,14.5451],[108.628,14.543],[108.6284,14.5367],[108.6298,14.5342],[108.6301,14.5306],[108.6339,14.5276],[108.6347,14.5243],[108.6323,14.5232],[108.6297,14.5183],[108.6304,14.5161],[108.6325,14.5144],[108.6327,14.511],[108.6367,14.5065],[108.6356,14.5034],[108.6324,14.502],[108.6321,14.4958],[108.6351,14.4935],[108.6349,14.4916],[108.6373,14.4895],[108.6395,14.4855],[108.6389,14.4807],[108.6425,14.4763],[108.6433,14.4737],[108.6407,14.4713],[108.6406,14.4662],[108.6395,14.4641],[108.6406,14.4622],[108.6397,14.4596],[108.6403,14.4531],[108.6384,14.4512],[108.6403,14.449],[108.6412,14.4444],[108.6436,14.4432],[108.6456,14.4398],[108.6495,14.4396],[108.653,14.4416],[108.655,14.4398],[108.6579,14.4413],[108.6653,14.4426],[108.6685,14.4396],[108.6732,14.442],[108.6757,14.4489],[108.6789,14.45],[108.6818,14.4411],[108.6891,14.4327],[108.6937,14.4318],[108.6961,14.4282],[108.7035,14.4255],[108.7078,14.4282],[108.7109,14.4273],[108.7129,14.4286],[108.7147,14.4266],[108.7202,14.424],[108.7207,14.4219],[108.7234,14.4194],[108.7249,14.4167],[108.7243,14.4138],[108.7212,14.4113],[108.7217,14.4086],[108.7239,14.4054],[108.7229,14.402],[108.7226,14.3961],[108.7367,14.3986],[108.7428,14.3979],[108.7466,14.3919],[108.7498,14.391],[108.7506,14.3896],[108.7582,14.3888],[108.7607,14.3862],[108.7595,14.381],[108.761,14.3755],[108.7636,14.3746],[108.7648,14.3711],[108.7723,14.373],[108.7733,14.3725],[108.7728,14.3678],[108.774,14.3639],[108.7776,14.3686],[108.7784,14.372],[108.7799,14.3726],[108.7803,14.3805],[108.7776,14.386],[108.7775,14.3892],[108.7792,14.3901],[108.7821,14.3888],[108.7857,14.3931],[108.7848,14.3969],[108.7826,14.3988],[108.7819,14.4051],[108.7828,14.4064],[108.7821,14.4114],[108.7842,14.4196],[108.7862,14.4213],[108.7861,14.4242],[108.7848,14.4289],[108.7868,14.4331],[108.7842,14.4372],[108.7845,14.4405],[108.7819,14.4432],[108.7838,14.4479],[108.7845,14.4525],[108.7829,14.4585],[108.7814,14.4611],[108.7781,14.4621],[108.7769,14.4635],[108.7776,14.4674],[108.7756,14.4717],[108.7779,14.4753],[108.7763,14.4796],[108.7765,14.4818],[108.7831,14.4871],[108.7836,14.4895],[108.7804,14.4903],[108.7777,14.4881],[108.7762,14.4908],[108.7742,14.4914],[108.7692,14.4957],[108.768,14.5021],[108.7689,14.5061],[108.7724,14.5091],[108.7722,14.5128],[108.7667,14.514],[108.7648,14.5173],[108.7656,14.5207],[108.7625,14.5225],[108.7598,14.5272],[108.7575,14.5264],[108.7553,14.5278],[108.7535,14.5316],[108.7509,14.5332],[108.7513,14.5362],[108.749,14.5375],[108.7449,14.5364],[108.7433,14.5397],[108.7438,14.5409],[108.7408,14.5451],[108.74,14.5494],[108.7375,14.5546],[108.737,14.5603],[108.7357,14.5657],[108.7377,14.5721],[108.7357,14.5772],[108.7364,14.5823],[108.7327,14.5836],[108.7333,14.5855],[108.7301,14.5892],[108.7312,14.5918]]]},"properties":{"ma_xa":"21622","ten_xa":"An Toàn","sap_nhap":"An Toàn, An Nghĩa (1 phần)","tru_so":"đang cập nhật","loai":"Xã","cap":2,"stt":57,"dtich_km2":295.34,"dan_so":1790,"matdo_km2":6.06,"ma_tinh":"52","ten_tinh":"Gia Lai"}},
{"type":"Feature","geometry":{"type":"Polygon","coordinates":[[[108.9124,14.3617],[108.9092,14.3615],[108.9023,14.3587],[108.8993,14.3593],[108.8976,14.3576],[108.8948,14.3582],[108.8924,14.3559],[108.8885,14.359],[108.8894,14.3633],[108.8851,14.365],[108.8864,14.3672],[108.8862,14.373],[108.8841,14.3746],[108.885,14.3788],[108.8823,14.38],[108.8789,14.3846],[108.8774,14.3892],[108.875,14.3878],[108.8715,14.3894],[108.8711,14.3913],[108.8672,14.3909],[108.8642,14.3926],[108.8644,14.3966],[108.8635,14.3988],[108.8572,14.397],[108.8524,14.3992],[108.8489,14.4035],[108.8486,14.4076],[108.8471,14.413],[108.8485,14.4143],[108.8474,14.42],[108.8461,14.4217],[108.8474,14.4244],[108.8426,14.4303],[108.8459,14.4348],[108.8451,14.4367],[108.8456,14.4407],[108.8429,14.4454],[108.8437,14.4464],[108.8416,14.4509],[108.843,14.453],[108.84,14.459],[108.8404,14.464],[108.8363,14.4714],[108.8322,14.4772],[108.8299,14.4839],[108.8303,14.4853],[108.8275,14.4902],[108.8246,14.4888],[108.8212,14.4884],[108.8194,14.4869],[108.817,14.4888],[108.8154,14.4855],[108.8145,14.4799],[108.8128,14.4756],[108.8094,14.4723],[108.8079,14.4731],[108.8078,14.4767],[108.8052,14.4788],[108.8018,14.4799],[108.799,14.483],[108.7949,14.4804],[108.7892,14.4825],[108.789,14.4854],[108.7836,14.4895],[108.7831,14.4871],[108.7765,14.4818],[108.7763,14.4796],[108.7779,14.4753],[108.7756,14.4717],[108.7776,14.4674],[108.7769,14.4635],[108.7781,14.4621],[108.7814,14.4611],[108.7829,14.4585],[108.7845,14.4525],[108.7838,14.4479],[108.7819,14.4432],[108.7845,14.4405],[108.7842,14.4372],[108.7868,14.4331],[108.7848,14.4289],[108.7861,14.4242],[108.7862,14.4213],[108.7842,14.4196],[108.7821,14.4114],[108.7828,14.4064],[108.7819,14.4051],[108.7826,14.3988],[108.7848,14.3969],[108.7857,14.3931],[108.7821,14.3888],[108.7792,14.3901],[108.7775,14.3892],[108.7776,14.386],[108.7803,14.3805],[108.7799,14.3726],[108.7784,14.372],[108.7776,14.3686],[108.774,14.3639],[108.7752,14.3623],[108.7764,14.3549],[108.7785,14.352],[108.7795,14.3478],[108.7835,14.3482],[108.7862,14.346],[108.7861,14.3473],[108.7942,14.3528],[108.8029,14.3518],[108.8047,14.3532],[108.8115,14.3529],[108.8157,14.3502],[108.8192,14.3498],[108.8264,14.3534],[108.8323,14.3531],[108.8377,14.3541],[108.8445,14.3501],[108.8445,14.347],[108.8466,14.3451],[108.8496,14.3449],[108.8545,14.3356],[108.8524,14.3333],[108.8522,14.3279],[108.8504,14.3257],[108.8509,14.3238],[108.8542,14.3227],[108.8538,14.3168],[108.8608,14.3119],[108.8625,14.3097],[108.8644,14.3101],[108.8682,14.3089],[108.8694,14.3067],[108.8722,14.306],[108.873,14.3039],[108.8783,14.3021],[108.8842,14.3017],[108.8847,14.2968],[108.889,14.2953],[108.8912,14.2934],[108.8956,14.2933],[108.8989,14.2918],[108.9022,14.2919],[108.9028,14.2891],[108.8994,14.2814],[108.9017,14.2777],[108.9042,14.2763],[108.9071,14.2788],[108.9086,14.2782],[108.9113,14.2703],[108.914,14.2688],[108.9147,14.2658],[108.9185,14.2609],[108.9185,14.2546],[108.9269,14.2526],[108.9286,14.2509],[108.9287,14.2479],[108.9306,14.2443],[108.9333,14.2429],[108.9353,14.2391],[108.9365,14.2342],[108.939,14.2319],[108.9438,14.2318],[108.947,14.2279],[108.95,14.2221],[108.9519,14.2223],[108.9558,14.2165],[108.9604,14.2172],[108.9646,14.2161],[108.9703,14.2166],[108.971,14.2216],[108.9753,14.225],[108.9781,14.2264],[108.9765,14.2301],[108.9783,14.2345],[108.9815,14.2379],[108.9784,14.2432],[108.9759,14.2498],[108.9763,14.253],[108.9694,14.2545],[108.9655,14.2576],[108.9634,14.2604],[108.9668,14.2669],[108.9664,14.2741],[108.9693,14.278],[108.9691,14.2846],[108.968,14.2892],[108.9701,14.2906],[108.9728,14.2951],[108.9722,14.299],[108.9697,14.2994],[108.9673,14.3017],[108.967,14.3048],[108.9615,14.3063],[108.9612,14.3089],[108.9669,14.3175],[108.9696,14.3156],[108.9716,14.3203],[108.9701,14.3228],[108.9713,14.3302],[108.9662,14.3312],[108.9629,14.3292],[108.9595,14.3329],[108.9567,14.3323],[108.9576,14.3292],[108.9557,14.3268],[108.9505,14.3274],[108.9478,14.3238],[108.9444,14.3249],[108.942,14.3274],[108.9414,14.3296],[108.9378,14.3328],[108.9356,14.3324],[108.9256,14.3344],[108.9233,14.3359],[108.921,14.3344],[108.916,14.3342],[108.9149,14.3362],[108.9124,14.3356],[108.911,14.3382],[108.9076,14.3406],[108.9075,14.342],[108.9131,14.3437],[108.9141,14.346],[108.9163,14.347],[108.9207,14.3505],[108.9217,14.3525],[108.9201,14.3556],[108.9124,14.3617]]]},"properties":{"ma_xa":"21715","ten_xa":"Ân Tường","sap_nhap":"Ân Tường Tây, Ân Hữu, Đak Mang","tru_so":"đang cập nhật","loai":"Xã","cap":2,"stt":43,"dtich_km2":227.45,"dan_so":18582,"matdo_km2":81.7,"ma_tinh":"52","ten_tinh":"Gia Lai"}},
{"type":"Feature","geometry":{"type":"Polygon","coordinates":[[[108.8934,14.6859],[108.8922,14.6862],[108.8893,14.6823],[108.8835,14.6847],[108.8796,14.6852],[108.8744,14.688],[108.8726,14.6909],[108.8655,14.6931],[108.8634,14.6953],[108.8604,14.6927],[108.8563,14.6911],[108.8529,14.6913],[108.8518,14.6893],[108.8518,14.6841],[108.8467,14.682],[108.8455,14.6842],[108.8462,14.6869],[108.8417,14.6931],[108.8388,14.6944],[108.8352,14.6912],[108.8342,14.6879],[108.8316,14.6845],[108.8306,14.6813],[108.8286,14.6784],[108.8255,14.6758],[108.8223,14.6767],[108.8209,14.6752],[108.8152,14.6726],[108.8129,14.6704],[108.8099,14.6712],[108.8073,14.6693],[108.802,14.6708],[108.7987,14.6687],[108.7921,14.6697],[108.7885,14.6695],[108.7868,14.6709],[108.783,14.6702],[108.7805,14.6708],[108.7772,14.6743],[108.7725,14.6776],[108.7689,14.6779],[108.7673,14.6746],[108.7639,14.6748],[108.7628,14.6708],[108.7595,14.6671],[108.7612,14.6632],[108.7622,14.6555],[108.7638,14.6542],[108.7647,14.6476],[108.7638,14.6461],[108.7655,14.6424],[108.7643,14.6377],[108.7661,14.6324],[108.7666,14.6277],[108.7652,14.6221],[108.7617,14.6202],[108.761,14.6161],[108.7619,14.6094],[108.7617,14.6054],[108.7634,14.6027],[108.7635,14.5998],[108.7607,14.5992],[108.7571,14.5933],[108.7536,14.5932],[108.7488,14.592],[108.7451,14.5925],[108.7441,14.5945],[108.7406,14.5947],[108.7406,14.591],[108.7379,14.5888],[108.7337,14.5897],[108.7312,14.5918],[108.7301,14.5892],[108.7333,14.5855],[108.7327,14.5836],[108.7364,14.5823],[108.7357,14.5772],[108.7377,14.5721],[108.7357,14.5657],[108.737,14.5603],[108.7375,14.5546],[108.74,14.5494],[108.7408,14.5451],[108.7438,14.5409],[108.7433,14.5397],[108.7449,14.5364],[108.749,14.5375],[108.7513,14.5362],[108.7509,14.5332],[108.7531,14.5345],[108.7613,14.5306],[108.7626,14.5337],[108.7674,14.5392],[108.7688,14.542],[108.775,14.5418],[108.7808,14.5443],[108.7845,14.5437],[108.7885,14.5405],[108.7928,14.5423],[108.7949,14.5455],[108.7984,14.5453],[108.802,14.5404],[108.8051,14.5395],[108.8078,14.5426],[108.8125,14.5429],[108.8148,14.5422],[108.8189,14.5461],[108.8237,14.5455],[108.8263,14.5479],[108.8262,14.5497],[108.8311,14.5534],[108.8323,14.5576],[108.8394,14.561],[108.8434,14.5594],[108.8484,14.5599],[108.8531,14.5573],[108.855,14.5586],[108.857,14.5613],[108.8581,14.5666],[108.8605,14.5678],[108.8617,14.5706],[108.8646,14.5719],[108.8649,14.5742],[108.8686,14.5795],[108.8644,14.5843],[108.8615,14.59],[108.8632,14.5937],[108.8627,14.5978],[108.8605,14.5997],[108.8582,14.6039],[108.8657,14.615],[108.8688,14.6127],[108.8722,14.6141],[108.8757,14.6135],[108.8798,14.614],[108.8841,14.6158],[108.8853,14.618],[108.8848,14.6211],[108.8889,14.6235],[108.8894,14.626],[108.8867,14.6321],[108.8878,14.634],[108.8866,14.637],[108.8888,14.6397],[108.8903,14.6453],[108.8926,14.6471],[108.8893,14.6509],[108.8901,14.6555],[108.8879,14.6574],[108.8875,14.6606],[108.8852,14.6628],[108.8863,14.6658],[108.8869,14.6733],[108.8913,14.675],[108.8937,14.6752],[108.8942,14.681],[108.8934,14.6859]]]},"properties":{"ma_xa":"21616","ten_xa":"An Vinh","sap_nhap":"An Trung (huyện An Lão), An Dũng, An Vinh","tru_so":"đang cập nhật","loai":"Xã","cap":2,"stt":56,"dtich_km2":196.19,"dan_so":6522,"matdo_km2":33.24,"ma_tinh":"52","ten_tinh":"Gia Lai"}},
{"type":"Feature","geometry":{"type":"Polygon","coordinates":[[[108.3238,14.2342],[108.3196,14.2352],[108.3174,14.2348],[108.3095,14.2392],[108.309,14.235],[108.3067,14.2312],[108.2972,14.2297],[108.2923,14.2313],[108.2903,14.234],[108.2817,14.2389],[108.2772,14.2367],[108.2756,14.2328],[108.2701,14.2316],[108.2691,14.2307],[108.2683,14.2253],[108.2696,14.2238],[108.2678,14.2194],[108.2642,14.2137],[108.2604,14.2103],[108.2593,14.2056],[108.2613,14.2025],[108.2648,14.2017],[108.2654,14.1998],[108.2644,14.1965],[108.2653,14.1938],[108.2621,14.1905],[108.2629,14.1877],[108.2608,14.1867],[108.2612,14.1838],[108.26,14.1812],[108.2618,14.1802],[108.2639,14.1749],[108.2668,14.1723],[108.2679,14.1677],[108.2661,14.164],[108.2658,14.1575],[108.265,14.1566],[108.2605,14.1586],[108.2558,14.1593],[108.2532,14.1566],[108.2525,14.1535],[108.2501,14.1529],[108.249,14.1503],[108.2507,14.1497],[108.2547,14.1509],[108.2586,14.1495],[108.2631,14.1451],[108.2612,14.1407],[108.2608,14.1373],[108.2628,14.1366],[108.2636,14.1343],[108.2618,14.1303],[108.2619,14.1273],[108.2641,14.1255],[108.2652,14.123],[108.2645,14.118],[108.2614,14.1192],[108.2579,14.1161],[108.2621,14.1099],[108.2628,14.1045],[108.2609,14.099],[108.2561,14.0958],[108.2535,14.0898],[108.2556,14.0865],[108.2593,14.083],[108.2599,14.0806],[108.2625,14.0781],[108.2626,14.0752],[108.2667,14.0734],[108.2719,14.0718],[108.2747,14.0683],[108.2826,14.0651],[108.2829,14.0611],[108.2866,14.0608],[108.2944,14.0559],[108.3069,14.0552],[108.3061,14.0581],[108.3092,14.0593],[108.3125,14.0623],[108.3161,14.0625],[108.3154,14.0672],[108.3204,14.068],[108.3196,14.0724],[108.3228,14.0721],[108.3264,14.0737],[108.3293,14.0723],[108.3311,14.0685],[108.3347,14.0685],[108.3363,14.0709],[108.3404,14.0709],[108.3393,14.0667],[108.3394,14.0623],[108.3422,14.0595],[108.3443,14.0543],[108.3474,14.0562],[108.3489,14.0496],[108.3507,14.047],[108.3536,14.0464],[108.358,14.0472],[108.359,14.0503],[108.3624,14.0522],[108.3639,14.0516],[108.367,14.0527],[108.3666,14.0566],[108.3706,14.0561],[108.3717,14.059],[108.3704,14.0603],[108.3698,14.064],[108.3683,14.0669],[108.3681,14.075],[108.3658,14.0787],[108.366,14.0872],[108.3668,14.0892],[108.3662,14.094],[108.3681,14.097],[108.3687,14.1003],[108.3701,14.1008],[108.3711,14.1045],[108.3673,14.1114],[108.3648,14.1141],[108.3603,14.1158],[108.3595,14.124],[108.3569,14.1307],[108.3564,14.1362],[108.3579,14.1376],[108.3565,14.1424],[108.3579,14.1487],[108.3571,14.1531],[108.3621,14.1563],[108.3582,14.1606],[108.3595,14.1639],[108.3655,14.164],[108.369,14.1654],[108.3688,14.1681],[108.3737,14.1717],[108.3704,14.174],[108.3704,14.1783],[108.3682,14.1825],[108.3669,14.1937],[108.3646,14.1936],[108.363,14.1973],[108.3634,14.1995],[108.3613,14.2079],[108.3569,14.2061],[108.3533,14.2099],[108.3495,14.2084],[108.3473,14.2097],[108.346,14.214],[108.3439,14.2169],[108.3399,14.2203],[108.3369,14.229],[108.3342,14.2301],[108.327,14.2301],[108.3239,14.232],[108.3238,14.2342]]]},"properties":{"ma_xa":"23798","ten_xa":"Ayun","sap_nhap":"Đak Jơ Ta, Ayun (huyện Mang Yang)","tru_so":"đang cập nhật","loai":"Xã","cap":2,"stt":120,"dtich_km2":202.24,"dan_so":12692,"matdo_km2":62.76,"ma_tinh":"52","ten_tinh":"Gia Lai"}},
{"type":"Feature","geometry":{"type":"Polygon","coordinates":[[[108.4313,13.4394],[108.4287,13.439],[108.425,13.4399],[108.4234,13.4317],[108.4205,13.4294],[108.4184,13.4257],[108.4165,13.425],[108.4155,13.4202],[108.4118,13.4205],[108.4076,13.4118],[108.4074,13.4093],[108.4138,13.4114],[108.4165,13.4087],[108.4158,13.4028],[108.4164,13.4008],[108.4188,13.3987],[108.4217,13.3996],[108.4261,13.3983],[108.4285,13.3948],[108.4301,13.3954],[108.432,13.392],[108.4345,13.3928],[108.4364,13.39],[108.4435,13.389],[108.4443,13.3879],[108.4443,13.3827],[108.4482,13.3807],[108.4499,13.3828],[108.4473,13.3859],[108.4507,13.3865],[108.4578,13.3822],[108.4559,13.3876],[108.4541,13.3905],[108.4543,13.3973],[108.4597,13.4022],[108.4595,13.4054],[108.4544,13.4136],[108.4555,13.4175],[108.4547,13.4188],[108.4487,13.4191],[108.4467,13.4252],[108.443,13.4249],[108.4427,13.4213],[108.4408,13.4195],[108.4354,13.4209],[108.4344,13.4248],[108.4378,13.4265],[108.4374,13.4289],[108.432,13.4291],[108.43,13.4309],[108.4312,13.4357],[108.4313,13.4394]]]},"properties":{"ma_xa":"24044","ten_xa":"Ayun Pa","sap_nhap":"Đoàn Kết, Sông Bờ, Cheo Reo, Hòa Bình","tru_so":"đang cập nhật","loai":"Phường","cap":2,"stt":98,"dtich_km2":17.61,"dan_so":26820,"matdo_km2":1523,"ma_tinh":"52","ten_tinh":"Gia Lai"}},
{"type":"Feature","geometry":{"type":"Polygon","coordinates":[[[107.9628,13.8341],[107.9641,13.8392],[107.9659,13.8428],[107.9641,13.8445],[107.9654,13.8477],[107.9691,13.8529],[107.9702,13.8568],[107.9743,13.8588],[107.972,13.8625],[107.9704,13.8627],[107.9687,13.8666],[107.9631,13.8653],[107.9581,13.8629],[107.954,13.866],[107.9508,13.8654],[107.9485,13.8635],[107.9441,13.8667],[107.9417,13.8703],[107.9388,13.8679],[107.9325,13.8645],[107.9259,13.8632],[107.9231,13.8636],[107.9175,13.8616],[107.9154,13.8648],[107.9147,13.8682],[107.9037,13.8684],[107.8961,13.8692],[107.895,13.8725],[107.8962,13.8757],[107.8926,13.8762],[107.8913,13.8746],[107.8887,13.8751],[107.8858,13.8723],[107.8829,13.8735],[107.876,13.8727],[107.8702,13.8764],[107.8692,13.8783],[107.8647,13.8787],[107.8611,13.8771],[107.8578,13.8787],[107.8493,13.8779],[107.8405,13.8782],[107.8401,13.8752],[107.8374,13.8641],[107.839,13.8627],[107.8397,13.8584],[107.8357,13.8562],[107.8334,13.8564],[107.8328,13.8539],[107.8244,13.8523],[107.8241,13.8447],[107.8226,13.8411],[107.8211,13.8401],[107.8228,13.835],[107.8246,13.8341],[107.8245,13.8309],[107.8258,13.8298],[107.8246,13.8265],[107.8259,13.8211],[107.8257,13.8154],[107.8276,13.8155],[107.827,13.8114],[107.8329,13.8103],[107.8314,13.8067],[107.8289,13.8033],[107.8264,13.802],[107.8267,13.7994],[107.8324,13.7983],[107.8359,13.796],[107.839,13.796],[107.8455,13.7944],[107.8579,13.7879],[107.8599,13.7898],[107.8651,13.7897],[107.869,13.7925],[107.9015,13.7886],[107.8972,13.7778],[107.9001,13.7753],[107.9046,13.7801],[107.908,13.7858],[107.9141,13.789],[107.9159,13.7928],[107.9159,13.7989],[107.9189,13.8036],[107.9232,13.8062],[107.9273,13.8116],[107.9277,13.8146],[107.9295,13.818],[107.9298,13.8203],[107.9322,13.822],[107.9349,13.8216],[107.9381,13.8238],[107.9392,13.8228],[107.9476,13.8228],[107.9503,13.8217],[107.9534,13.8224],[107.9535,13.8246],[107.9576,13.8303],[107.9607,13.8314],[107.9628,13.8341]]]},"properties":{"ma_xa":"23896","ten_xa":"Bàu Cạn","sap_nhap":"Thăng Hưng, Bình Giáo, Bàu Cạn","tru_so":"đang cập nhật","loai":"Xã","cap":2,"stt":70,"dtich_km2":114.25,"dan_so":22266,"matdo_km2":194.89,"ma_tinh":"52","ten_tinh":"Gia Lai"}},
{"type":"Feature","geometry":{"type":"Polygon","coordinates":[[[108.0852,14.1448],[108.0836,14.1432],[108.0794,14.1441],[108.076,14.1474],[108.0748,14.1512],[108.0729,14.1531],[108.0678,14.1558],[108.0656,14.1607],[108.0607,14.1661],[108.0604,14.1717],[108.0584,14.1734],[108.0554,14.1781],[108.0513,14.1716],[108.0487,14.1656],[108.0459,14.1652],[108.0444,14.162],[108.0387,14.1569],[108.0382,14.1531],[108.0387,14.1496],[108.0361,14.149],[108.03,14.1463],[108.0297,14.1449],[108.026,14.144],[108.0169,14.1439],[108.0102,14.1449],[108.0061,14.144],[108.0059,14.1413],[108.0028,14.1367],[108.0004,14.1311],[107.9998,14.1269],[108.0008,14.1223],[108.0021,14.1211],[108.0025,14.1151],[108.0035,14.1134],[107.9998,14.1092],[107.9999,14.1047],[107.9982,14.1013],[107.9966,14.1004],[107.9935,14.102],[107.9889,14.1012],[107.9867,14.0996],[107.9842,14.0955],[107.9794,14.0954],[107.9784,14.0944],[107.9743,14.0942],[107.97,14.0907],[107.9681,14.0883],[107.9598,14.0917],[107.9576,14.0938],[107.9526,14.0933],[107.9524,14.0904],[107.9498,14.0886],[107.9448,14.087],[107.9418,14.0878],[107.9393,14.0897],[107.9374,14.0879],[107.9384,14.0851],[107.9395,14.0852],[107.944,14.0808],[107.9465,14.0801],[107.9507,14.0753],[107.9551,14.0734],[107.9587,14.0744],[107.9585,14.0709],[107.9618,14.0673],[107.963,14.0596],[107.9642,14.0557],[107.9628,14.0536],[107.9648,14.0521],[107.9665,14.0536],[107.9695,14.0528],[107.975,14.0533],[107.9796,14.0515],[107.9839,14.0523],[107.9853,14.0542],[107.9854,14.0618],[107.9874,14.0637],[107.9899,14.0635],[107.9912,14.0617],[107.9959,14.0625],[107.9997,14.0622],[108.0018,14.0575],[107.9983,14.0575],[107.9964,14.0549],[107.9907,14.0532],[107.9895,14.0498],[107.9914,14.0463],[107.9912,14.0409],[107.9953,14.0355],[107.9974,14.0344],[107.997,14.0282],[108.0001,14.026],[108.0037,14.0257],[108.007,14.022],[108.0088,14.0146],[108.0116,14.0128],[108.013,14.0092],[108.0154,14.0068],[108.0183,14.0086],[108.0207,14.0082],[108.0253,14.0101],[108.0285,14.0081],[108.0302,14.0059],[108.0299,14.0105],[108.0344,14.013],[108.0329,14.0167],[108.0279,14.0179],[108.0278,14.022],[108.0331,14.0215],[108.0357,14.026],[108.0385,14.027],[108.0471,14.0278],[108.0467,14.0324],[108.0489,14.0335],[108.0529,14.0329],[108.0521,14.0299],[108.0562,14.0255],[108.0574,14.0202],[108.0568,14.0154],[108.0583,14.0097],[108.0603,14.007],[108.0628,14.0056],[108.0646,14.0067],[108.0682,14.0041],[108.0726,14.0024],[108.0742,14.0007],[108.0782,14.0028],[108.0759,14.0085],[108.075,14.0151],[108.0754,14.0177],[108.079,14.0168],[108.0832,14.0208],[108.0787,14.0217],[108.075,14.0242],[108.0763,14.0279],[108.0785,14.0281],[108.0812,14.0301],[108.083,14.0293],[108.0861,14.0317],[108.0898,14.0333],[108.0893,14.0372],[108.0876,14.0395],[108.0895,14.0419],[108.0866,14.0456],[108.0877,14.0476],[108.0855,14.0488],[108.0857,14.0526],[108.0841,14.0529],[108.0839,14.0578],[108.0817,14.0648],[108.0854,14.0694],[108.0951,14.078],[108.1014,14.0856],[108.1035,14.0865],[108.1075,14.0909],[108.1098,14.0968],[108.1039,14.1027],[108.1027,14.1025],[108.0973,14.11],[108.0919,14.1169],[108.0888,14.1252],[108.0873,14.1301],[108.0861,14.1369],[108.0865,14.1381],[108.0848,14.1428],[108.0852,14.1448]]]},"properties":{"ma_xa":"23590","ten_xa":"Biển Hồ","sap_nhap":"Nghĩa Hưng, Chư Đang Ya, Hà Bầu, Biển Hồ","tru_so":"đang cập nhật","loai":"Xã","cap":2,"stt":63,"dtich_km2":170.44,"dan_so":40983,"matdo_km2":240.45,"ma_tinh":"52","ten_tinh":"Gia Lai"}},
{"type":"Feature","geometry":{"type":"Polygon","coordinates":[[[109.0225,13.944],[109.0192,13.946],[109.0154,13.9463],[109.015,13.9432],[109.0132,13.9432],[109.0111,13.9405],[109.0108,13.9379],[109.0122,13.9319],[109.0109,13.9301],[109.0053,13.9273],[109.0051,13.9311],[108.9983,13.9327],[108.9987,13.9362],[109.0014,13.9373],[109.0016,13.9416],[108.9983,13.9425],[108.9953,13.9414],[108.9882,13.9402],[108.9816,13.941],[108.9817,13.9365],[108.9754,13.9351],[108.9716,13.9366],[108.9663,13.9352],[108.9649,13.9403],[108.9632,13.9419],[108.9555,13.9436],[108.9491,13.9496],[108.9468,13.9506],[108.9476,13.953],[108.9446,13.9536],[108.9437,13.9556],[108.943,13.9612],[108.9408,13.9619],[108.9383,13.9646],[108.9374,13.9707],[108.9331,13.9727],[108.9276,13.9715],[108.9247,13.9732],[108.921,13.9727],[108.9182,13.9763],[108.9161,13.9805],[108.9164,13.9828],[108.9145,13.9847],[108.9117,13.9905],[108.9064,13.9882],[108.9045,13.9894],[108.9007,13.9882],[108.896,13.9922],[108.8924,13.9941],[108.8911,13.996],[108.8851,13.9999],[108.8832,13.9985],[108.8786,13.9989],[108.8781,13.9964],[108.8753,13.9947],[108.8766,13.9879],[108.8759,13.9844],[108.8787,13.9826],[108.8768,13.98],[108.8765,13.9767],[108.8744,13.9737],[108.872,13.9728],[108.8659,13.9525],[108.86,13.9485],[108.8625,13.9453],[108.8706,13.9409],[108.8746,13.9399],[108.8785,13.9367],[108.8812,13.9367],[108.8835,13.9352],[108.8867,13.9305],[108.897,13.923],[108.8995,13.922],[108.9025,13.9182],[108.9071,13.9152],[108.9134,13.9149],[108.9115,13.9218],[108.9126,13.9241],[108.9139,13.9303],[108.9209,13.93],[108.9286,13.9289],[108.9268,13.9244],[108.9348,13.9206],[108.9412,13.922],[108.9449,13.9217],[108.9448,13.9143],[108.9422,13.9082],[108.9493,13.9074],[108.9556,13.9084],[108.9636,13.9077],[108.9787,13.9083],[108.9829,13.9077],[108.9891,13.9085],[108.9937,13.9066],[108.9969,13.9063],[109.0029,13.9064],[109.0078,13.9072],[109.0136,13.9103],[109.014,13.9125],[109.0205,13.9155],[109.0221,13.9175],[109.0234,13.92],[109.0268,13.9199],[109.0287,13.9252],[109.0297,13.9303],[109.0233,13.9314],[109.0221,13.934],[109.0239,13.9375],[109.0219,13.9414],[109.0225,13.944]]]},"properties":{"ma_xa":"21829","ten_xa":"Bình An","sap_nhap":"Tây Vinh, Tây Bình, Bình Hòa, Bình Thành","tru_so":"đang cập nhật","loai":"Xã","cap":2,"stt":41,"dtich_km2":80.97,"dan_so":34118,"matdo_km2":421.37,"ma_tinh":"52","ten_tinh":"Gia Lai"}},
{"type":"Feature","geometry":{"type":"Polygon","coordinates":[[[109.0869,13.895],[109.0832,13.8954],[109.0775,13.8933],[109.0748,13.8933],[109.0716,13.895],[109.069,13.899],[109.0655,13.8996],[109.0549,13.9051],[109.0487,13.9031],[109.0475,13.9015],[109.04,13.8991],[109.0362,13.9033],[109.0335,13.9085],[109.0311,13.9117],[109.0308,13.9138],[109.0246,13.9175],[109.0221,13.9175],[109.0205,13.9155],[109.014,13.9125],[109.0136,13.9103],[109.0078,13.9072],[109.0029,13.9064],[108.9969,13.9063],[108.9971,13.9041],[109.0011,13.9008],[109.0054,13.9003],[109.0065,13.8984],[109.0039,13.8928],[109.0059,13.8907],[109.0059,13.888],[109.0078,13.8841],[109.0101,13.8825],[109.0148,13.8837],[109.0178,13.8854],[109.0198,13.885],[109.0254,13.888],[109.0366,13.8895],[109.0372,13.8923],[109.0395,13.8914],[109.0455,13.8916],[109.0497,13.8899],[109.0538,13.8862],[109.0583,13.8846],[109.0606,13.8825],[109.068,13.8819],[109.0709,13.8826],[109.0745,13.8855],[109.0763,13.8853],[109.078,13.8823],[109.0782,13.8797],[109.0798,13.8774],[109.0825,13.8786],[109.082,13.8815],[109.0856,13.8838],[109.0868,13.8808],[109.0915,13.8812],[109.0966,13.8769],[109.102,13.8806],[109.1057,13.8806],[109.1115,13.8751],[109.1147,13.8745],[109.1184,13.8772],[109.1228,13.8749],[109.127,13.8749],[109.126,13.8762],[109.1266,13.8802],[109.1287,13.8851],[109.1218,13.8873],[109.1209,13.889],[109.121,13.8939],[109.1235,13.8936],[109.1237,13.8957],[109.1201,13.8948],[109.1154,13.8954],[109.109,13.8908],[109.103,13.8945],[109.1014,13.8932],[109.0971,13.8927],[109.0933,13.891],[109.0905,13.8935],[109.0869,13.895]]]},"properties":{"ma_xa":"21907","ten_xa":"Bình Định","sap_nhap":"Bình Định, Nhơn Khánh, Nhơn Phúc","tru_so":"đang cập nhật","loai":"Phường","cap":2,"stt":6,"dtich_km2":25.16,"dan_so":42768,"matdo_km2":1699.84,"ma_tinh":"52","ten_tinh":"Gia Lai"}},
{"type":"Feature","geometry":{"type":"Polygon","coordinates":[[[109.1142,14.2137],[109.1158,14.2157],[109.1148,14.2174],[109.116,14.2208],[109.1153,14.2271],[109.1179,14.231],[109.1189,14.2348],[109.1179,14.2381],[109.1197,14.2404],[109.1224,14.2467],[109.1279,14.2462],[109.1303,14.2443],[109.1344,14.2452],[109.1362,14.249],[109.1421,14.2549],[109.142,14.2599],[109.1411,14.263],[109.1403,14.2726],[109.1416,14.2739],[109.1408,14.2767],[109.1366,14.2857],[109.1334,14.2875],[109.1333,14.291],[109.1148,14.3169],[109.0963,14.3167],[109.0876,14.3161],[109.0822,14.3075],[109.0764,14.305],[109.077,14.3021],[109.0787,14.3007],[109.0755,14.2971],[109.0761,14.2917],[109.0743,14.2899],[109.0742,14.2859],[109.0707,14.2835],[109.0701,14.2786],[109.0665,14.2765],[109.0663,14.2743],[109.0623,14.2725],[109.0607,14.2697],[109.056,14.2672],[109.0525,14.2669],[109.05,14.2654],[109.0474,14.2656],[109.046,14.2639],[109.0473,14.2616],[109.0478,14.2562],[109.049,14.2542],[109.055,14.2553],[109.0623,14.2558],[109.0659,14.2544],[109.0681,14.251],[109.0724,14.2473],[109.0735,14.244],[109.0766,14.2413],[109.0772,14.2374],[109.0818,14.2361],[109.0828,14.2331],[109.0852,14.2303],[109.0877,14.2302],[109.0894,14.2262],[109.0938,14.2223],[109.0984,14.2215],[109.1032,14.2195],[109.1071,14.2195],[109.1142,14.2137]]]},"properties":{"ma_xa":"21733","ten_xa":"Bình Dương","sap_nhap":"Bình Dương (thị trấn), Mỹ Lợi, Mỹ Phong","tru_so":"đang cập nhật","loai":"Xã","cap":2,"stt":28,"dtich_km2":65.81,"dan_so":27314,"matdo_km2":415.04,"ma_tinh":"52","ten_tinh":"Gia Lai"}},
{"type":"Feature","geometry":{"type":"Polygon","coordinates":[[[108.9283,14.0338],[108.9258,14.0306],[108.9239,14.0329],[108.9214,14.0333],[108.9187,14.0379],[108.9148,14.0533],[108.9111,14.0594],[108.9096,14.06],[108.9074,14.0632],[108.907,14.067],[108.9021,14.0806],[108.8969,14.0837],[108.8952,14.0862],[108.8975,14.0925],[108.8957,14.0944],[108.897,14.0972],[108.8958,14.1013],[108.8916,14.1116],[108.8953,14.1156],[108.8958,14.1178],[108.9001,14.1183],[108.901,14.1193],[108.8982,14.1264],[108.899,14.1315],[108.8962,14.1339],[108.8945,14.132],[108.8913,14.1319],[108.889,14.1333],[108.8822,14.1347],[108.8799,14.1325],[108.8779,14.1323],[108.8753,14.1302],[108.8718,14.1264],[108.8684,14.1257],[108.8662,14.1221],[108.8622,14.1212],[108.8623,14.1191],[108.8582,14.1165],[108.8601,14.1124],[108.8615,14.1117],[108.8633,14.1068],[108.8624,14.1024],[108.8601,14.0994],[108.8631,14.0934],[108.8618,14.0907],[108.8554,14.0875],[108.8563,14.0838],[108.8596,14.0828],[108.861,14.0811],[108.8641,14.0804],[108.8635,14.0759],[108.8643,14.0737],[108.8575,14.0697],[108.8569,14.068],[108.858,14.0628],[108.8657,14.0606],[108.8646,14.0558],[108.8625,14.0565],[108.8652,14.0526],[108.8653,14.0507],[108.8689,14.0433],[108.8687,14.0396],[108.8652,14.0372],[108.8668,14.0328],[108.8655,14.0275],[108.8662,14.0234],[108.8649,14.0187],[108.866,14.0173],[108.8643,14.0148],[108.8658,14.0125],[108.8648,14.009],[108.8658,14.0071],[108.8715,14.0035],[108.8716,14.0023],[108.8786,13.9989],[108.8832,13.9985],[108.8851,13.9999],[108.8911,13.996],[108.8924,13.9941],[108.896,13.9922],[108.9007,13.9882],[108.9045,13.9894],[108.9064,13.9882],[108.9117,13.9905],[108.9145,13.9847],[108.9164,13.9828],[108.9161,13.9805],[108.9182,13.9763],[108.921,13.9727],[108.9247,13.9732],[108.9276,13.9715],[108.9331,13.9727],[108.9374,13.9707],[108.9383,13.9646],[108.9408,13.9619],[108.943,13.9612],[108.9437,13.9556],[108.9446,13.9536],[108.9476,13.953],[108.9468,13.9506],[108.9491,13.9496],[108.9555,13.9436],[108.9632,13.9419],[108.9649,13.9403],[108.9663,13.9352],[108.9716,13.9366],[108.9754,13.9351],[108.9817,13.9365],[108.9816,13.941],[108.9882,13.9402],[108.9953,13.9414],[108.9983,13.9425],[109.0016,13.9416],[109.0014,13.9373],[108.9987,13.9362],[108.9983,13.9327],[109.0051,13.9311],[109.0053,13.9273],[109.0109,13.9301],[109.0122,13.9319],[109.0108,13.9379],[109.0111,13.9405],[109.0132,13.9432],[109.015,13.9432],[109.0154,13.9463],[109.0192,13.946],[109.0225,13.944],[109.0253,13.9533],[109.0259,13.9585],[109.0204,13.961],[109.0186,13.9633],[109.0179,13.9663],[109.0159,13.9665],[109.0144,13.97],[109.0197,13.974],[109.0189,13.9757],[109.0231,13.9784],[109.0216,13.981],[109.0218,13.984],[109.0241,13.9853],[109.0233,13.9893],[109.0265,13.9897],[109.0276,13.9934],[109.0295,13.9947],[109.0294,13.9976],[109.0254,13.9986],[109.0221,13.9994],[109.0215,14.0038],[109.0195,14.0062],[109.0113,14.0108],[109.0093,14.0104],[109.0013,14.013],[108.9991,14.0089],[108.9936,14.0063],[108.9919,14.0086],[108.9836,14.0127],[108.9775,14.0143],[108.9639,14.0148],[108.9616,14.0169],[108.9587,14.017],[108.9574,14.0191],[108.9564,14.0246],[108.9542,14.028],[108.9503,14.0274],[108.9474,14.0284],[108.9436,14.0335],[108.9394,14.0353],[108.9374,14.035],[108.9347,14.037],[108.9283,14.0338]]]},"properties":{"ma_xa":"21817","ten_xa":"Bình Hiệp","sap_nhap":"Bình Thuận, Bình Tân, Tây An","tru_so":"đang cập nhật","loai":"Xã","cap":2,"stt":40,"dtich_km2":161.23,"dan_so":22441,"matdo_km2":139.19,"ma_tinh":"52","ten_tinh":"Gia Lai"}},
{"type":"Feature","geometry":{"type":"Polygon","coordinates":[[[108.8662,14.0234],[108.8644,14.0243],[108.8591,14.023],[108.8567,14.0215],[108.8446,14.0172],[108.84,14.019],[108.8344,14.0175],[108.8315,14.0186],[108.8253,14.0252],[108.8234,14.0243],[108.8234,14.0182],[108.8216,14.0167],[108.8187,14.0181],[108.8187,14.0197],[108.8138,14.0229],[108.8131,14.0281],[108.8074,14.0255],[108.8052,14.0234],[108.7969,14.0207],[108.7915,14.026],[108.7906,14.0298],[108.7916,14.0312],[108.7893,14.034],[108.7893,14.0362],[108.7849,14.0404],[108.7841,14.0433],[108.7668,14.0487],[108.7564,14.0454],[108.755,14.0456],[108.7536,14.0426],[108.7577,14.0366],[108.7573,14.0282],[108.7579,14.0259],[108.756,14.0206],[108.7522,14.0188],[108.7539,14.0132],[108.7566,14.0082],[108.7576,14.0023],[108.7601,13.9982],[108.7639,13.9939],[108.7599,13.9872],[108.7521,13.9818],[108.7524,13.9779],[108.7569,13.9695],[108.7559,13.9629],[108.7534,13.9581],[108.7522,13.9574],[108.7542,13.9512],[108.7561,13.9482],[108.7552,13.9463],[108.7499,13.9476],[108.7478,13.9374],[108.7442,13.9352],[108.7444,13.927],[108.7461,13.9217],[108.7499,13.9234],[108.7518,13.9192],[108.7534,13.9187],[108.7698,13.9209],[108.7878,13.9104],[108.7923,13.9084],[108.7986,13.909],[108.8036,13.9081],[108.807,13.9109],[108.8104,13.9122],[108.8175,13.9135],[108.8231,13.9117],[108.8281,13.9136],[108.8264,13.9158],[108.8384,13.9229],[108.8487,13.9266],[108.8513,13.9254],[108.855,13.9278],[108.8573,13.9326],[108.8596,13.9359],[108.8626,13.9419],[108.86,13.9485],[108.8659,13.9525],[108.872,13.9728],[108.8744,13.9737],[108.8765,13.9767],[108.8768,13.98],[108.8787,13.9826],[108.8759,13.9844],[108.8766,13.9879],[108.8753,13.9947],[108.8781,13.9964],[108.8786,13.9989],[108.8716,14.0023],[108.8715,14.0035],[108.8658,14.0071],[108.8648,14.009],[108.8658,14.0125],[108.8643,14.0148],[108.866,14.0173],[108.8649,14.0187],[108.8662,14.0234]]]},"properties":{"ma_xa":"21820","ten_xa":"Bình Khê","sap_nhap":"Tây Giang, Tây Thuận","tru_so":"đang cập nhật","loai":"Xã","cap":2,"stt":38,"dtich_km2":151.83,"dan_so":21680,"matdo_km2":142.79,"ma_tinh":"52","ten_tinh":"Gia Lai"}},
{"type":"Feature","geometry":{"type":"Polygon","coordinates":[[[108.8342,13.7571],[108.8374,13.7585],[108.8393,13.7635],[108.842,13.7664],[108.8457,13.7662],[108.8496,13.7682],[108.8527,13.7708],[108.8557,13.7744],[108.8547,13.7792],[108.8609,13.7862],[108.8614,13.7888],[108.8655,13.7935],[108.8701,13.7935],[108.8709,13.7976],[108.8748,13.8033],[108.8742,13.8054],[108.875,13.8089],[108.8786,13.8084],[108.8813,13.8121],[108.8826,13.8165],[108.8878,13.8139],[108.8913,13.8162],[108.8969,13.817],[108.899,13.8196],[108.8996,13.8236],[108.8982,13.8288],[108.8993,13.8311],[108.9023,13.8337],[108.9032,13.8369],[108.9035,13.8391],[108.9069,13.8415],[108.907,13.8459],[108.9081,13.8481],[108.9061,13.855],[108.9036,13.8591],[108.904,13.8616],[108.9021,13.8677],[108.9035,13.8696],[108.9091,13.8726],[108.9104,13.8686],[108.9158,13.8645],[108.9165,13.867],[108.9204,13.8713],[108.9224,13.8764],[108.9245,13.8785],[108.93,13.8805],[108.9313,13.883],[108.9277,13.8927],[108.9257,13.8943],[108.9246,13.8976],[108.9248,13.9001],[108.923,13.904],[108.9158,13.9028],[108.9132,13.9064],[108.9049,13.9059],[108.9043,13.9014],[108.902,13.8998],[108.8978,13.901],[108.895,13.9006],[108.8937,13.8987],[108.8886,13.9031],[108.8872,13.9053],[108.8875,13.9081],[108.8935,13.9106],[108.9011,13.9151],[108.9025,13.9182],[108.8995,13.922],[108.897,13.923],[108.8867,13.9305],[108.8835,13.9352],[108.8812,13.9367],[108.8785,13.9367],[108.8746,13.9399],[108.8706,13.9409],[108.8625,13.9453],[108.86,13.9485],[108.8626,13.9419],[108.8596,13.9359],[108.8573,13.9326],[108.855,13.9278],[108.8513,13.9254],[108.8487,13.9266],[108.8384,13.9229],[108.8264,13.9158],[108.8281,13.9136],[108.8231,13.9117],[108.8175,13.9135],[108.8104,13.9122],[108.807,13.9109],[108.8036,13.9081],[108.7986,13.909],[108.7923,13.9084],[108.7878,13.9104],[108.7698,13.9209],[108.7534,13.9187],[108.7518,13.9192],[108.7499,13.9234],[108.7461,13.9217],[108.7453,13.9175],[108.7424,13.9165],[108.7417,13.9153],[108.7449,13.906],[108.7462,13.9057],[108.7485,13.9013],[108.7543,13.9006],[108.7584,13.8985],[108.7611,13.8936],[108.7639,13.8929],[108.7659,13.8801],[108.768,13.876],[108.7687,13.8719],[108.7724,13.8658],[108.7809,13.8571],[108.7866,13.8527],[108.7883,13.8546],[108.7914,13.8537],[108.797,13.8456],[108.7944,13.8451],[108.7928,13.8423],[108.7933,13.8376],[108.7943,13.8345],[108.7949,13.8287],[108.796,13.8278],[108.7967,13.8215],[108.7958,13.8175],[108.7967,13.8136],[108.8006,13.8112],[108.8009,13.8079],[108.803,13.8054],[108.8096,13.8025],[108.813,13.8041],[108.8147,13.8035],[108.8181,13.8001],[108.8214,13.8005],[108.8239,13.7942],[108.8258,13.7943],[108.8281,13.7913],[108.8282,13.7854],[108.8277,13.7818],[108.8248,13.7784],[108.8245,13.774],[108.8274,13.7663],[108.8277,13.7621],[108.8289,13.7597],[108.8324,13.7597],[108.8342,13.7571]]]},"properties":{"ma_xa":"21835","ten_xa":"Bình Phú","sap_nhap":"Vĩnh An, Bình Tường, Tây Phú","tru_so":"đang cập nhật","loai":"Xã","cap":2,"stt":39,"dtich_km2":200.46,"dan_so":23319,"matdo_km2":116.33,"ma_tinh":"52","ten_tinh":"Gia Lai"}},
{"type":"Feature","geometry":{"type":"Polygon","coordinates":[[[108.1224,13.8614],[108.1141,13.8623],[108.1105,13.8612],[108.1063,13.8627],[108.1047,13.8625],[108.1018,13.8593],[108.0967,13.8607],[108.0937,13.8595],[108.0883,13.8597],[108.0868,13.8612],[108.0793,13.8608],[108.0757,13.8599],[108.07,13.8569],[108.0583,13.854],[108.0567,13.8516],[108.0544,13.8542],[108.0516,13.8548],[108.0472,13.8526],[108.0434,13.8547],[108.0403,13.8549],[108.04,13.8571],[108.0336,13.8551],[108.0302,13.8548],[108.0293,13.8525],[108.0203,13.8566],[108.0151,13.8572],[108.0102,13.8538],[108.0081,13.8497],[108.0031,13.8545],[107.9985,13.8564],[107.9981,13.8342],[107.999,13.8298],[108.0058,13.8314],[108.006,13.8262],[108.0104,13.8235],[108.0106,13.8206],[108.0136,13.8163],[108.0139,13.8071],[108.0185,13.8071],[108.0161,13.7978],[108.0085,13.7981],[108.0051,13.7969],[108.0077,13.7956],[108.0098,13.793],[108.0141,13.7909],[108.0176,13.7877],[108.0225,13.7863],[108.0248,13.7823],[108.0284,13.7804],[108.0279,13.7782],[108.0297,13.7737],[108.0286,13.7723],[108.0303,13.7669],[108.0321,13.7635],[108.0324,13.7607],[108.0346,13.754],[108.0389,13.751],[108.043,13.7493],[108.046,13.7507],[108.0472,13.7475],[108.0529,13.7482],[108.0529,13.7511],[108.0544,13.7522],[108.0593,13.751],[108.0657,13.7504],[108.0672,13.7513],[108.0711,13.7498],[108.0739,13.7519],[108.0732,13.757],[108.072,13.7597],[108.0788,13.7599],[108.0854,13.7636],[108.0877,13.7575],[108.0933,13.7519],[108.0951,13.7523],[108.0982,13.7571],[108.0985,13.7625],[108.1017,13.764],[108.1049,13.7706],[108.1076,13.7698],[108.1092,13.7717],[108.1129,13.77],[108.1173,13.7735],[108.1184,13.7688],[108.1204,13.7693],[108.1209,13.7715],[108.1243,13.7708],[108.1288,13.7715],[108.1352,13.7708],[108.1394,13.7715],[108.1429,13.7699],[108.1485,13.7691],[108.1519,13.77],[108.1571,13.7682],[108.1602,13.7664],[108.1696,13.7701],[108.1652,13.7721],[108.1671,13.7769],[108.1696,13.7786],[108.171,13.7774],[108.1758,13.7784],[108.176,13.7807],[108.1741,13.7854],[108.1719,13.7867],[108.168,13.7867],[108.1666,13.7857],[108.1617,13.7875],[108.1606,13.7896],[108.1644,13.7973],[108.1659,13.8015],[108.1654,13.804],[108.1676,13.8066],[108.1643,13.8081],[108.1625,13.8117],[108.1657,13.8151],[108.1743,13.8268],[108.1739,13.8318],[108.1755,13.8344],[108.1726,13.8364],[108.1669,13.8369],[108.1643,13.844],[108.1618,13.8456],[108.1612,13.8478],[108.157,13.8508],[108.1527,13.8482],[108.1488,13.848],[108.145,13.8446],[108.1358,13.8458],[108.1282,13.849],[108.1262,13.8544],[108.1248,13.8554],[108.1224,13.8614]]]},"properties":{"ma_xa":"23947","ten_xa":"Bờ Ngoong","sap_nhap":"Bar Măih, Ia Tiêm, Chư Pơng, Bờ Ngoong","tru_so":"đang cập nhật","loai":"Xã","cap":2,"stt":76,"dtich_km2":172.11,"dan_so":31436,"matdo_km2":182.65,"ma_tinh":"52","ten_tinh":"Gia Lai"}},
{"type":"Feature","geometry":{"type":"Polygon","coordinates":[[[109.0409,14.4305],[109.0385,14.4299],[109.0325,14.4335],[109.0306,14.4362],[109.0264,14.4376],[109.0221,14.4413],[109.0132,14.4401],[109.0109,14.4433],[109.004,14.4474],[109.0006,14.4479],[108.9969,14.4469],[108.993,14.4488],[108.9905,14.4486],[108.986,14.4518],[108.9845,14.4557],[108.9816,14.4598],[108.9826,14.4655],[108.9762,14.4632],[108.9737,14.459],[108.9736,14.4549],[108.9724,14.4524],[108.9709,14.4452],[108.9682,14.4418],[108.9693,14.4393],[108.9693,14.4357],[108.9742,14.4335],[108.9753,14.4288],[108.979,14.4286],[108.9799,14.4263],[108.988,14.4288],[108.9906,14.4291],[108.9913,14.4255],[108.99,14.4245],[108.9975,14.4206],[108.9952,14.4179],[108.9931,14.4175],[108.9931,14.4147],[108.9984,14.4137],[109.0024,14.4112],[108.9955,14.408],[108.994,14.4056],[108.9905,14.4034],[108.9833,14.4031],[108.9822,14.4023],[108.981,14.3968],[108.975,14.3964],[108.9732,14.3944],[108.9739,14.3925],[108.9784,14.3906],[108.9827,14.3878],[108.9848,14.3884],[108.9896,14.3876],[108.9901,14.3852],[108.995,14.3797],[108.9978,14.375],[108.9999,14.3766],[109.0056,14.3766],[109.0082,14.3742],[109.0088,14.372],[109.0135,14.3691],[109.0157,14.369],[109.0208,14.3657],[109.0237,14.3627],[109.0266,14.3558],[109.0302,14.3577],[109.0332,14.3568],[109.0359,14.3586],[109.0431,14.3579],[109.0441,14.3612],[109.0468,14.3652],[109.0496,14.3651],[109.0556,14.3616],[109.0584,14.3611],[109.0619,14.3623],[109.0666,14.3663],[109.0695,14.3673],[109.0727,14.37],[109.0779,14.3733],[109.0753,14.3784],[109.0828,14.3822],[109.0862,14.3857],[109.0859,14.3933],[109.0836,14.3981],[109.0874,14.4005],[109.0891,14.4047],[109.092,14.4071],[109.0908,14.4093],[109.0881,14.4111],[109.0866,14.4181],[109.0841,14.4196],[109.0814,14.4196],[109.0737,14.4227],[109.0721,14.4241],[109.0695,14.4209],[109.0633,14.4209],[109.0602,14.4192],[109.0565,14.4214],[109.0531,14.4213],[109.0486,14.4226],[109.0465,14.4246],[109.045,14.428],[109.0409,14.4305]]]},"properties":{"ma_xa":"21640","ten_xa":"Bồng Sơn","sap_nhap":"Hoài Đức, Bồng Sơn","tru_so":"đang cập nhật","loai":"Phường","cap":2,"stt":12,"dtich_km2":81.11,"dan_so":41435,"matdo_km2":510.85,"ma_tinh":"52","ten_tinh":"Gia Lai"}},
{"type":"Feature","geometry":{"type":"Polygon","coordinates":[[[108.9032,13.8369],[108.9023,13.8337],[108.8993,13.8311],[108.8982,13.8288],[108.8996,13.8236],[108.899,13.8196],[108.8969,13.817],[108.8913,13.8162],[108.8878,13.8139],[108.8826,13.8165],[108.8813,13.8121],[108.8786,13.8084],[108.875,13.8089],[108.8742,13.8054],[108.8748,13.8033],[108.8709,13.7976],[108.8701,13.7935],[108.8655,13.7935],[108.8614,13.7888],[108.8609,13.7862],[108.8547,13.7792],[108.8557,13.7744],[108.8527,13.7708],[108.8496,13.7682],[108.8457,13.7662],[108.842,13.7664],[108.8393,13.7635],[108.8374,13.7585],[108.8342,13.7571],[108.8335,13.7541],[108.8346,13.7506],[108.8329,13.7483],[108.8333,13.7429],[108.8354,13.7413],[108.8356,13.7378],[108.8338,13.7361],[108.8344,13.734],[108.8332,13.7314],[108.8333,13.7286],[108.8301,13.7248],[108.8266,13.7223],[108.8309,13.7161],[108.8327,13.7094],[108.8316,13.7043],[108.8239,13.6998],[108.8176,13.6995],[108.8158,13.6982],[108.814,13.6947],[108.8167,13.6917],[108.8187,13.6856],[108.8182,13.681],[108.8202,13.6777],[108.8215,13.6724],[108.8202,13.6684],[108.8213,13.6635],[108.8193,13.6611],[108.8194,13.658],[108.8215,13.6499],[108.8234,13.6488],[108.8253,13.6436],[108.8253,13.6403],[108.8285,13.6369],[108.8295,13.6331],[108.8286,13.6317],[108.8316,13.6262],[108.8344,13.624],[108.8341,13.6204],[108.8374,13.6145],[108.8394,13.6136],[108.8413,13.6098],[108.8384,13.604],[108.8386,13.6015],[108.8402,13.5985],[108.8425,13.5976],[108.8462,13.5938],[108.8505,13.5844],[108.852,13.5741],[108.8502,13.5705],[108.8504,13.5687],[108.8514,13.5678],[108.8533,13.5603],[108.8559,13.5583],[108.8561,13.5539],[108.8575,13.5522],[108.858,13.5482],[108.86,13.5445],[108.8648,13.5434],[108.8678,13.5395],[108.8663,13.538],[108.8673,13.5349],[108.8892,13.5371],[108.8917,13.5368],[108.8935,13.5382],[108.8942,13.541],[108.8963,13.5412],[108.9033,13.5381],[108.9062,13.5392],[108.9088,13.5416],[108.912,13.5402],[108.9144,13.5413],[108.9184,13.5401],[108.9224,13.5402],[108.924,13.5369],[108.9327,13.5319],[108.936,13.5326],[108.9366,13.5311],[108.9411,13.5284],[108.944,13.529],[108.9416,13.5417],[108.9412,13.5539],[108.9395,13.5596],[108.9397,13.5672],[108.9364,13.568],[108.9338,13.5709],[108.9305,13.5698],[108.9286,13.5757],[108.9313,13.5847],[108.9261,13.5849],[108.9248,13.5893],[108.925,13.5921],[108.9216,13.6055],[108.9184,13.6093],[108.9203,13.6117],[108.9203,13.615],[108.9228,13.6192],[108.9265,13.6198],[108.9281,13.6271],[108.9297,13.6294],[108.9326,13.6311],[108.9336,13.6407],[108.9371,13.6424],[108.9382,13.6474],[108.9371,13.6497],[108.9393,13.6546],[108.9387,13.6589],[108.9433,13.659],[108.945,13.6602],[108.9489,13.6591],[108.9505,13.663],[108.9535,13.6642],[108.9539,13.6683],[108.9581,13.6704],[108.9581,13.6731],[108.9594,13.6775],[108.9623,13.6779],[108.9651,13.6836],[108.9683,13.683],[108.9734,13.6847],[108.9744,13.6899],[108.9728,13.6939],[108.9723,13.7003],[108.9723,13.7067],[108.9708,13.7091],[108.9722,13.7133],[108.9713,13.716],[108.9731,13.7248],[108.9751,13.7271],[108.9755,13.731],[108.9743,13.7372],[108.9697,13.7391],[108.9688,13.7426],[108.9709,13.7494],[108.9736,13.7554],[108.9737,13.7597],[108.9761,13.765],[108.9772,13.7703],[108.9762,13.7772],[108.9764,13.7824],[108.9784,13.7892],[108.9801,13.7917],[108.9759,13.7953],[108.9727,13.7959],[108.9722,13.7976],[108.9739,13.8031],[108.971,13.8027],[108.9647,13.8064],[108.9631,13.8055],[108.9596,13.8075],[108.9576,13.8128],[108.9562,13.8148],[108.9572,13.8181],[108.953,13.8205],[108.9516,13.8222],[108.951,13.8283],[108.9497,13.8306],[108.9399,13.8297],[108.9364,13.8278],[108.929,13.8285],[108.9246,13.8294],[108.9221,13.8315],[108.9158,13.8325],[108.9112,13.8342],[108.9059,13.8338],[108.9032,13.8369]]]},"properties":{"ma_xa":"21997","ten_xa":"Canh Liên","sap_nhap":"Canh Liên (1 phần)","tru_so":"đang cập nhật","loai":"Xã","cap":2,"stt":49,"dtich_km2":331.67,"dan_so":2357,"matdo_km2":7.11,"ma_tinh":"52","ten_tinh":"Gia Lai"}},
{"type":"Feature","geometry":{"type":"Polygon","coordinates":[[[109.0552,13.7869],[109.0505,13.7875],[109.0474,13.7936],[109.0456,13.7926],[109.0403,13.7932],[109.0351,13.7895],[109.0331,13.7895],[109.0297,13.786],[109.0283,13.78],[109.0296,13.7787],[109.033,13.7722],[109.0312,13.7649],[109.0294,13.7614],[109.0294,13.759],[109.0272,13.7575],[109.0194,13.758],[109.0164,13.7572],[109.0137,13.7543],[109.0088,13.7531],[109.0068,13.7541],[109.0061,13.7574],[109.0035,13.7602],[109.0018,13.765],[108.9996,13.7687],[108.9985,13.774],[108.9992,13.779],[108.9983,13.7818],[108.9931,13.7807],[108.9889,13.7821],[108.9849,13.7853],[108.9801,13.7917],[108.9784,13.7892],[108.9764,13.7824],[108.9762,13.7772],[108.9772,13.7703],[108.9761,13.765],[108.9737,13.7597],[108.9736,13.7554],[108.9709,13.7494],[108.9688,13.7426],[108.9697,13.7391],[108.9743,13.7372],[108.9755,13.731],[108.9751,13.7271],[108.9731,13.7248],[108.9713,13.716],[108.9722,13.7133],[108.9708,13.7091],[108.9723,13.7067],[108.9723,13.7003],[108.9728,13.6939],[108.9744,13.6899],[108.9734,13.6847],[108.9683,13.683],[108.9651,13.6836],[108.9623,13.6779],[108.9594,13.6775],[108.9581,13.6731],[108.9581,13.6704],[108.9621,13.6679],[108.9647,13.6596],[108.9666,13.6571],[108.9697,13.6503],[108.9741,13.6487],[108.9792,13.6501],[108.9837,13.6445],[108.9864,13.6441],[108.99,13.6464],[108.9971,13.644],[109,13.6457],[109.0027,13.6458],[109.0039,13.648],[109.0086,13.6442],[109.0085,13.6394],[109.007,13.6368],[109.0023,13.6341],[109.0027,13.6317],[109.0068,13.6296],[109.0101,13.6315],[109.0106,13.6331],[109.0156,13.6349],[109.0183,13.6349],[109.0221,13.6301],[109.0236,13.6258],[109.0234,13.6201],[109.0222,13.6176],[109.0241,13.6148],[109.0242,13.611],[109.0252,13.609],[109.0272,13.599],[109.0306,13.5995],[109.0357,13.5955],[109.0417,13.5944],[109.0448,13.5932],[109.0467,13.591],[109.0468,13.5845],[109.0483,13.5831],[109.053,13.5693],[109.0843,13.5671],[109.0886,13.5722],[109.0918,13.5715],[109.0959,13.5741],[109.0967,13.5775],[109.0991,13.5783],[109.1003,13.5834],[109.1061,13.5846],[109.1114,13.5875],[109.1146,13.5847],[109.1163,13.5844],[109.1183,13.587],[109.1138,13.5913],[109.1135,13.5965],[109.1153,13.6003],[109.1181,13.6036],[109.1153,13.6083],[109.1009,13.6217],[109.099,13.627],[109.0988,13.6307],[109.0969,13.6357],[109.0986,13.6421],[109.1034,13.6474],[109.1022,13.6507],[109.1035,13.6536],[109.1052,13.6548],[109.1053,13.6598],[109.1021,13.6617],[109.1012,13.664],[109.0978,13.666],[109.094,13.6706],[109.0943,13.6732],[109.0929,13.6782],[109.0945,13.6786],[109.0965,13.6839],[109.0965,13.6869],[109.0943,13.688],[109.0932,13.691],[109.0914,13.6906],[109.0899,13.6944],[109.0925,13.6965],[109.0925,13.6998],[109.0966,13.7073],[109.0963,13.7103],[109.0985,13.7124],[109.0988,13.7157],[109.1014,13.7168],[109.1028,13.7192],[109.1069,13.7219],[109.1104,13.7231],[109.116,13.7229],[109.1165,13.724],[109.1144,13.7319],[109.1149,13.735],[109.1105,13.7448],[109.1117,13.7474],[109.1104,13.7495],[109.1067,13.7528],[109.1011,13.7517],[109.0942,13.7572],[109.0906,13.7585],[109.0814,13.7554],[109.0761,13.757],[109.074,13.7559],[109.0671,13.7549],[109.0634,13.7568],[109.0632,13.7608],[109.0612,13.7626],[109.0615,13.7673],[109.059,13.7697],[109.0576,13.7742],[109.0586,13.7785],[109.0562,13.7805],[109.0549,13.7847],[109.0552,13.7869]]]},"properties":{"ma_xa":"22006","ten_xa":"Canh Vinh","sap_nhap":"Canh Vinh, Canh Hiển, Canh Liên (1 phần), Canh Hiệp (1 phần)","tru_so":"đang cập nhật","loai":"Xã","cap":2,"stt":48,"dtich_km2":258.72,"dan_so":16832,"matdo_km2":65.06,"ma_tinh":"52","ten_tinh":"Gia Lai"}},
{"type":"Feature","geometry":{"type":"Polygon","coordinates":[[[109.2093,14.0974],[109.196,14.0969],[109.195,14.0955],[109.1863,14.0958],[109.1854,14.0899],[109.1823,14.0899],[109.1821,14.0869],[109.1763,14.0883],[109.1731,14.0841],[109.169,14.0824],[109.1669,14.079],[109.1614,14.0763],[109.1615,14.0718],[109.1559,14.0691],[109.1513,14.066],[109.1458,14.0654],[109.1395,14.0629],[109.1314,14.0609],[109.1281,14.0579],[109.1228,14.0571],[109.1208,14.0545],[109.1194,14.0519],[109.1161,14.0505],[109.1159,14.0463],[109.1237,14.0428],[109.1283,14.0445],[109.1313,14.0444],[109.1371,14.0455],[109.1387,14.0445],[109.1429,14.0374],[109.1454,14.0379],[109.1483,14.0353],[109.152,14.0386],[109.1581,14.0349],[109.1617,14.036],[109.1681,14.0347],[109.1714,14.032],[109.1734,14.0308],[109.179,14.0306],[109.1822,14.0338],[109.1842,14.0331],[109.1919,14.0347],[109.1945,14.0362],[109.1966,14.0349],[109.1978,14.0315],[109.2033,14.0284],[109.2063,14.0245],[109.2067,14.0172],[109.2091,14.0158],[109.2097,14.0133],[109.2136,14.0101],[109.2173,13.9997],[109.2204,13.9999],[109.2221,13.998],[109.2213,13.994],[109.2223,13.9925],[109.2204,13.9844],[109.2179,13.9808],[109.2181,13.9764],[109.2196,13.9727],[109.2186,13.9657],[109.2149,13.9636],[109.2124,13.9647],[109.2044,13.9635],[109.2026,13.9651],[109.1992,13.9628],[109.1954,13.9574],[109.1932,13.9568],[109.1943,13.9521],[109.193,13.9472],[109.1977,13.9458],[109.1991,13.9442],[109.2078,13.9427],[109.2115,13.9407],[109.214,13.9377],[109.2146,13.935],[109.2176,13.9318],[109.2206,13.9344],[109.2316,13.9326],[109.2337,13.9302],[109.2345,13.9275],[109.2398,13.9268],[109.25,13.927],[109.2448,13.9384],[109.243,13.9441],[109.2421,13.9498],[109.2423,13.9548],[109.2441,13.9571],[109.2497,13.9598],[109.2541,13.9596],[109.2583,13.9653],[109.2555,13.9649],[109.251,13.9736],[109.2493,13.9796],[109.2493,13.9831],[109.2513,13.9856],[109.2547,13.9845],[109.257,13.9892],[109.256,13.9923],[109.2519,13.9951],[109.2473,14.0061],[109.2469,14.0099],[109.2496,14.0107],[109.2509,14.014],[109.2538,14.0162],[109.252,14.0198],[109.2523,14.022],[109.2482,14.0244],[109.2393,14.0387],[109.2259,14.0617],[109.2201,14.0725],[109.2128,14.0883],[109.2093,14.0974]]]},"properties":{"ma_xa":"21880","ten_xa":"Cát Tiến","sap_nhap":"Cát Tiến (thị trấn), Cát Thành, Cát Hải","tru_so":"đang cập nhật","loai":"Xã","cap":2,"stt":22,"dtich_km2":103.36,"dan_so":33523,"matdo_km2":324.33,"ma_tinh":"52","ten_tinh":"Gia Lai"}},
{"type":"Feature","geometry":{"type":"Polygon","coordinates":[[[108.4637,13.8316],[108.4618,13.832],[108.4553,13.8312],[108.4546,13.8338],[108.4505,13.8329],[108.4472,13.8333],[108.4443,13.8319],[108.4429,13.8333],[108.4398,13.8318],[108.4359,13.833],[108.4331,13.8314],[108.4289,13.8326],[108.428,13.8308],[108.4231,13.8316],[108.419,13.8313],[108.4147,13.8291],[108.4093,13.8288],[108.4007,13.83],[108.3982,13.8297],[108.39,13.8344],[108.3859,13.8318],[108.3793,13.8338],[108.3766,13.8369],[108.3735,13.8362],[108.3688,13.8338],[108.3669,13.8342],[108.3646,13.8331],[108.3646,13.8308],[108.3678,13.828],[108.3683,13.8246],[108.3699,13.8237],[108.3678,13.8125],[108.3664,13.8102],[108.3675,13.8056],[108.3673,13.8024],[108.3628,13.8011],[108.3625,13.7944],[108.3641,13.7911],[108.362,13.7892],[108.3613,13.7869],[108.3637,13.7841],[108.3607,13.7811],[108.3598,13.7781],[108.3543,13.7754],[108.353,13.7719],[108.3535,13.7621],[108.3547,13.7563],[108.3578,13.7496],[108.3603,13.7393],[108.3633,13.7351],[108.366,13.7335],[108.3671,13.7289],[108.3689,13.7288],[108.3697,13.7237],[108.3721,13.7204],[108.3728,13.7175],[108.3703,13.7149],[108.3759,13.7095],[108.3778,13.7091],[108.3781,13.7034],[108.3761,13.6991],[108.3758,13.6965],[108.3785,13.6941],[108.384,13.6931],[108.3962,13.6933],[108.4093,13.6865],[108.4164,13.6824],[108.4238,13.6795],[108.4338,13.6723],[108.4381,13.6719],[108.4405,13.6691],[108.4458,13.6672],[108.451,13.6638],[108.4539,13.6651],[108.4573,13.6617],[108.4597,13.6611],[108.4617,13.6622],[108.4639,13.6654],[108.4691,13.6655],[108.4656,13.6704],[108.4674,13.6724],[108.4666,13.6765],[108.4625,13.6825],[108.4623,13.6875],[108.4645,13.6904],[108.4649,13.6941],[108.4675,13.7016],[108.4649,13.7066],[108.4655,13.7105],[108.4831,13.7162],[108.4931,13.7172],[108.4938,13.7218],[108.4953,13.7222],[108.497,13.7288],[108.4909,13.7322],[108.491,13.7352],[108.4923,13.7381],[108.4963,13.743],[108.4992,13.7442],[108.5009,13.7464],[108.4979,13.7489],[108.4966,13.7474],[108.4925,13.7494],[108.4915,13.7484],[108.483,13.7488],[108.4791,13.7476],[108.4782,13.7523],[108.4765,13.7536],[108.4753,13.76],[108.4725,13.762],[108.472,13.7656],[108.4643,13.7716],[108.4638,13.7741],[108.4666,13.7774],[108.4644,13.7798],[108.4626,13.7833],[108.4584,13.7815],[108.4583,13.7858],[108.46,13.7891],[108.4591,13.7956],[108.4609,13.7964],[108.4617,13.7998],[108.4677,13.8048],[108.4663,13.8104],[108.4686,13.8117],[108.4686,13.8149],[108.4708,13.8201],[108.4695,13.8222],[108.4643,13.8273],[108.4637,13.8316]]]},"properties":{"ma_xa":"23851","ten_xa":"Chơ Long","sap_nhap":"Đăk Pơ Pho, Chơ GLong","tru_so":"đang cập nhật","loai":"Xã","cap":2,"stt":97,"dtich_km2":195.07,"dan_so":7739,"matdo_km2":39.67,"ma_tinh":"52","ten_tinh":"Gia Lai"}},
{"type":"Feature","geometry":{"type":"Polygon","coordinates":[[[108.2826,13.6619],[108.2809,13.663],[108.276,13.664],[108.2755,13.6599],[108.2779,13.6504],[108.2767,13.6487],[108.2773,13.6429],[108.269,13.6373],[108.2678,13.6344],[108.2681,13.6321],[108.2668,13.6244],[108.2544,13.6092],[108.2508,13.6028],[108.244,13.5953],[108.2428,13.5921],[108.2358,13.5858],[108.2353,13.5826],[108.2332,13.5814],[108.2321,13.5791],[108.2326,13.5726],[108.2353,13.5683],[108.2363,13.5627],[108.2357,13.5491],[108.2346,13.5461],[108.2331,13.5454],[108.2341,13.539],[108.2329,13.5354],[108.2336,13.5314],[108.2324,13.5286],[108.2343,13.5211],[108.2329,13.5137],[108.2341,13.512],[108.2336,13.5068],[108.2348,13.5028],[108.2331,13.4993],[108.2335,13.4939],[108.2349,13.4885],[108.2337,13.4843],[108.2356,13.4778],[108.233,13.4766],[108.2319,13.4745],[108.2364,13.4776],[108.2425,13.4782],[108.2451,13.4792],[108.2535,13.4805],[108.2542,13.4824],[108.2571,13.4833],[108.259,13.487],[108.2623,13.4867],[108.2643,13.4898],[108.2668,13.4909],[108.2716,13.4981],[108.2737,13.4987],[108.2758,13.5029],[108.2814,13.5062],[108.2854,13.5051],[108.2862,13.5095],[108.2882,13.5125],[108.2914,13.5123],[108.2946,13.5101],[108.2969,13.5131],[108.3013,13.5154],[108.3024,13.5176],[108.2998,13.5189],[108.2981,13.5218],[108.3001,13.5337],[108.3031,13.5387],[108.3072,13.5393],[108.3127,13.5417],[108.3142,13.5467],[108.315,13.5538],[108.3198,13.5619],[108.3196,13.5685],[108.3189,13.5722],[108.323,13.5793],[108.3255,13.5796],[108.3278,13.5815],[108.3279,13.5835],[108.3352,13.5852],[108.3378,13.5844],[108.3399,13.5883],[108.3398,13.5943],[108.3411,13.596],[108.3408,13.6029],[108.3424,13.6061],[108.3418,13.6085],[108.3368,13.6119],[108.3337,13.6126],[108.3325,13.6142],[108.3268,13.6172],[108.3249,13.6169],[108.3144,13.6299],[108.3098,13.6338],[108.3045,13.6397],[108.2963,13.6442],[108.2939,13.6468],[108.2921,13.6465],[108.2888,13.6484],[108.2865,13.6518],[108.2871,13.655],[108.2852,13.6562],[108.2855,13.6586],[108.2826,13.6619]]]},"properties":{"ma_xa":"24049","ten_xa":"Chư A Thai","sap_nhap":"Ayun Hạ, Ia Ake, Chư A Thai","tru_so":"đang cập nhật","loai":"Xã","cap":2,"stt":102,"dtich_km2":133.92,"dan_so":21654,"matdo_km2":161.69,"ma_tinh":"52","ten_tinh":"Gia Lai"}},
{"type":"Feature","geometry":{"type":"Polygon","coordinates":[[[108.5055,13.8881],[108.5066,13.892],[108.5051,13.895],[108.5032,13.8965],[108.5012,13.9002],[108.4986,13.909],[108.4997,13.9105],[108.4996,13.914],[108.4948,13.9177],[108.4942,13.9196],[108.4891,13.9229],[108.4822,13.9235],[108.4794,13.9246],[108.4779,13.9273],[108.4728,13.9298],[108.472,13.9358],[108.4653,13.943],[108.4637,13.9463],[108.4573,13.9473],[108.4562,13.9529],[108.4526,13.9603],[108.4471,13.9593],[108.444,13.9615],[108.4416,13.9616],[108.4403,13.9586],[108.4371,13.9572],[108.4334,13.9589],[108.4307,13.9591],[108.4285,13.9694],[108.4262,13.9675],[108.4234,13.9671],[108.4201,13.9702],[108.4164,13.9692],[108.4142,13.9656],[108.4108,13.9584],[108.4062,13.9564],[108.4039,13.9503],[108.4024,13.9507],[108.3974,13.9497],[108.3944,13.9502],[108.3897,13.9408],[108.389,13.9371],[108.3836,13.9331],[108.3822,13.9317],[108.3805,13.9277],[108.3765,13.9268],[108.3766,13.9208],[108.3745,13.9188],[108.3747,13.9154],[108.3729,13.9064],[108.3705,13.9007],[108.3669,13.8991],[108.3656,13.8974],[108.3661,13.8934],[108.3678,13.8887],[108.3664,13.8864],[108.3684,13.8818],[108.3694,13.8775],[108.3675,13.8734],[108.3691,13.8704],[108.3696,13.8667],[108.3676,13.8625],[108.3691,13.8606],[108.3698,13.8553],[108.3719,13.8507],[108.3637,13.8475],[108.366,13.8438],[108.3648,13.8399],[108.3669,13.8342],[108.3688,13.8338],[108.3735,13.8362],[108.3766,13.8369],[108.3793,13.8338],[108.3859,13.8318],[108.39,13.8344],[108.3982,13.8297],[108.4007,13.83],[108.4093,13.8288],[108.4147,13.8291],[108.419,13.8313],[108.4231,13.8316],[108.428,13.8308],[108.4289,13.8326],[108.4331,13.8314],[108.4359,13.833],[108.4398,13.8318],[108.4429,13.8333],[108.4443,13.8319],[108.4472,13.8333],[108.4505,13.8329],[108.4546,13.8338],[108.4553,13.8312],[108.4618,13.832],[108.4637,13.8316],[108.4671,13.8311],[108.4782,13.8342],[108.48,13.8318],[108.4837,13.8336],[108.4893,13.8319],[108.4915,13.8329],[108.4966,13.8323],[108.4985,13.8337],[108.5051,13.8318],[108.5069,13.8334],[108.5112,13.8306],[108.5132,13.8285],[108.5131,13.8257],[108.5145,13.8245],[108.5126,13.822],[108.5151,13.8187],[108.5148,13.8174],[108.51,13.8102],[108.5152,13.8101],[108.5186,13.8184],[108.5235,13.8205],[108.5264,13.821],[108.5302,13.8218],[108.5315,13.8255],[108.5303,13.8291],[108.5271,13.832],[108.5277,13.8352],[108.523,13.841],[108.5242,13.8418],[108.5267,13.8471],[108.5258,13.8502],[108.5275,13.853],[108.5269,13.8588],[108.5292,13.8731],[108.5281,13.8755],[108.522,13.88],[108.5172,13.8803],[108.5138,13.8814],[108.5107,13.8814],[108.5071,13.8828],[108.5055,13.8881]]]},"properties":{"ma_xa":"23830","ten_xa":"Chư Krey","sap_nhap":"An Trung (huyện Kông Chro), Chư Krey","tru_so":"đang cập nhật","loai":"Xã","cap":2,"stt":94,"dtich_km2":195.59,"dan_so":9468,"matdo_km2":48.41,"ma_tinh":"52","ten_tinh":"Gia Lai"}},
{"type":"Feature","geometry":{"type":"Polygon","coordinates":[[[108.0459,14.1652],[108.0425,14.1701],[108.0376,14.1664],[108.0349,14.1656],[108.0273,14.1673],[108.0175,14.1668],[108.0085,14.1648],[108.0054,14.1723],[108.0021,14.1729],[108.0013,14.1752],[107.9971,14.1756],[107.9973,14.1801],[107.9956,14.1831],[107.9885,14.1798],[107.9859,14.1775],[107.9818,14.1776],[107.9791,14.1767],[107.9748,14.1781],[107.9721,14.181],[107.9692,14.1816],[107.966,14.1835],[107.9626,14.1881],[107.9582,14.1891],[107.9567,14.1878],[107.9533,14.1883],[107.9518,14.1871],[107.9481,14.1898],[107.9439,14.1897],[107.94,14.1927],[107.9352,14.1931],[107.9396,14.1903],[107.94,14.1861],[107.9375,14.1809],[107.9344,14.1778],[107.935,14.175],[107.9311,14.1666],[107.9268,14.1618],[107.9275,14.1589],[107.9272,14.1526],[107.9249,14.1467],[107.9269,14.1456],[107.9266,14.1423],[107.9278,14.1389],[107.9258,14.1339],[107.9235,14.1312],[107.9235,14.1277],[107.9184,14.1275],[107.915,14.1309],[107.9142,14.1293],[107.9097,14.1277],[107.9047,14.129],[107.8979,14.1249],[107.8915,14.1166],[107.8887,14.1144],[107.8863,14.1064],[107.8853,14.1053],[107.8878,14.1054],[107.8893,14.1008],[107.8932,14.1001],[107.8955,14.0989],[107.8988,14.1022],[107.8999,14.1006],[107.9053,14.1016],[107.9063,14.0989],[107.9098,14.0983],[107.9127,14.0951],[107.9158,14.0948],[107.9185,14.0933],[107.9206,14.0944],[107.9281,14.0909],[107.9272,14.0893],[107.9281,14.0864],[107.9311,14.0837],[107.9333,14.0835],[107.9373,14.0803],[107.9384,14.0851],[107.9374,14.0879],[107.9393,14.0897],[107.9418,14.0878],[107.9448,14.087],[107.9498,14.0886],[107.9524,14.0904],[107.9526,14.0933],[107.9576,14.0938],[107.9598,14.0917],[107.9681,14.0883],[107.97,14.0907],[107.9743,14.0942],[107.9784,14.0944],[107.9794,14.0954],[107.9842,14.0955],[107.9867,14.0996],[107.9889,14.1012],[107.9935,14.102],[107.9966,14.1004],[107.9982,14.1013],[107.9999,14.1047],[107.9998,14.1092],[108.0035,14.1134],[108.0025,14.1151],[108.0021,14.1211],[108.0008,14.1223],[107.9998,14.1269],[108.0004,14.1311],[108.0028,14.1367],[108.0059,14.1413],[108.0061,14.144],[108.0102,14.1449],[108.0169,14.1439],[108.026,14.144],[108.0297,14.1449],[108.03,14.1463],[108.0361,14.149],[108.0387,14.1496],[108.0382,14.1531],[108.0387,14.1569],[108.0444,14.162],[108.0459,14.1652]]]},"properties":{"ma_xa":"23722","ten_xa":"Chư Păh","sap_nhap":"Phú Hòa (thị trấn), Nghĩa Hòa, Hòa Phú","tru_so":"đang cập nhật","loai":"Xã","cap":2,"stt":66,"dtich_km2":103.58,"dan_so":19446,"matdo_km2":187.74,"ma_tinh":"52","ten_tinh":"Gia Lai"}},
{"type":"Feature","geometry":{"type":"Polygon","coordinates":[[[107.9237,13.7226],[107.9241,13.7241],[107.9298,13.7296],[107.9346,13.7318],[107.9354,13.7335],[107.9382,13.7332],[107.9424,13.7354],[107.9451,13.738],[107.9503,13.7378],[107.9546,13.7452],[107.9559,13.749],[107.9536,13.7509],[107.9566,13.7526],[107.9589,13.7568],[107.9609,13.7589],[107.9544,13.7631],[107.9553,13.7688],[107.9588,13.7686],[107.9654,13.7824],[107.9684,13.7914],[107.9671,13.7947],[107.9675,13.7978],[107.9716,13.8043],[107.9773,13.8091],[107.9827,13.8203],[107.9807,13.8262],[107.9849,13.8274],[107.983,13.8306],[107.9806,13.8322],[107.9746,13.8316],[107.9693,13.8323],[107.9676,13.835],[107.9628,13.8341],[107.9607,13.8314],[107.9576,13.8303],[107.9535,13.8246],[107.9534,13.8224],[107.9503,13.8217],[107.9476,13.8228],[107.9392,13.8228],[107.9381,13.8238],[107.9349,13.8216],[107.9322,13.822],[107.9298,13.8203],[107.9295,13.818],[107.9277,13.8146],[107.9273,13.8116],[107.9232,13.8062],[107.9189,13.8036],[107.9159,13.7989],[107.9159,13.7928],[107.9141,13.789],[107.908,13.7858],[107.9046,13.7801],[107.9001,13.7753],[107.8972,13.7778],[107.9015,13.7886],[107.869,13.7925],[107.8651,13.7897],[107.8599,13.7898],[107.8579,13.7879],[107.8455,13.7944],[107.839,13.796],[107.8359,13.796],[107.8324,13.7983],[107.8267,13.7994],[107.8267,13.7948],[107.823,13.7919],[107.8259,13.7894],[107.8257,13.7863],[107.8216,13.7805],[107.8227,13.7779],[107.8231,13.7714],[107.8249,13.7695],[107.8303,13.7691],[107.8271,13.7665],[107.8302,13.7627],[107.8263,13.7609],[107.8253,13.7635],[107.8214,13.7615],[107.8161,13.7628],[107.8149,13.7649],[107.8122,13.7636],[107.8132,13.7618],[107.8118,13.759],[107.8114,13.7541],[107.8088,13.7539],[107.8069,13.7507],[107.8091,13.7484],[107.8149,13.7475],[107.8163,13.7442],[107.8213,13.7466],[107.824,13.7408],[107.8272,13.7387],[107.8303,13.7343],[107.8287,13.7315],[107.8367,13.7275],[107.8383,13.7314],[107.8368,13.734],[107.8381,13.736],[107.841,13.7342],[107.8438,13.7349],[107.8458,13.7339],[107.8486,13.7363],[107.8493,13.7383],[107.852,13.7375],[107.8557,13.7398],[107.858,13.7383],[107.8608,13.7396],[107.8623,13.7418],[107.8682,13.7449],[107.8676,13.7474],[107.8717,13.7481],[107.8713,13.7438],[107.8763,13.7342],[107.8734,13.7328],[107.8765,13.7274],[107.8753,13.7166],[107.8754,13.7137],[107.8784,13.7126],[107.8823,13.7096],[107.8843,13.7126],[107.8848,13.718],[107.8889,13.7176],[107.8905,13.7159],[107.8958,13.717],[107.8961,13.718],[107.9036,13.717],[107.9089,13.7177],[107.912,13.7167],[107.9237,13.7226]]]},"properties":{"ma_xa":"23887","ten_xa":"Chư Prông","sap_nhap":"Chư Prông (thị trấn), Ia Phìn, Ia Kly, Ia Drang","tru_so":"đang cập nhật","loai":"Xã","cap":2,"stt":69,"dtich_km2":124.77,"dan_so":33892,"matdo_km2":271.64,"ma_tinh":"52","ten_tinh":"Gia Lai"}},
{"type":"Feature","geometry":{"type":"Polygon","coordinates":[[[108.2329,13.5354],[108.2278,13.5332],[108.2248,13.5357],[108.2213,13.5358],[108.2163,13.5328],[108.2127,13.5327],[108.2095,13.5336],[108.2053,13.5406],[108.2039,13.5394],[108.2002,13.5414],[108.1997,13.5429],[108.1931,13.5434],[108.187,13.5525],[108.1871,13.5544],[108.1835,13.554],[108.1775,13.5554],[108.1725,13.5553],[108.172,13.5534],[108.1692,13.5536],[108.168,13.5514],[108.1685,13.5473],[108.1643,13.5464],[108.1628,13.5441],[108.1592,13.5419],[108.1547,13.5442],[108.1507,13.5423],[108.1474,13.5427],[108.1459,13.5463],[108.1411,13.5488],[108.1385,13.5518],[108.1388,13.5532],[108.1358,13.5584],[108.1338,13.5598],[108.1322,13.5656],[108.1295,13.5718],[108.1271,13.5718],[108.125,13.5742],[108.1225,13.5744],[108.1171,13.5768],[108.1104,13.5754],[108.1058,13.5757],[108.1027,13.5751],[108.0969,13.5751],[108.0954,13.576],[108.0837,13.5769],[108.0802,13.5745],[108.0796,13.5711],[108.076,13.5732],[108.0741,13.5722],[108.0731,13.5694],[108.0706,13.5696],[108.0696,13.5728],[108.066,13.5755],[108.0617,13.5773],[108.0567,13.5778],[108.0505,13.5766],[108.0484,13.5774],[108.0435,13.5765],[108.0476,13.5717],[108.0486,13.5683],[108.0471,13.5634],[108.045,13.5615],[108.0472,13.5545],[108.0467,13.5526],[108.0482,13.5495],[108.0474,13.5466],[108.044,13.5431],[108.0433,13.5387],[108.0418,13.5365],[108.0379,13.5389],[108.0361,13.5365],[108.0366,13.5321],[108.0378,13.5287],[108.0353,13.5272],[108.0373,13.5231],[108.0368,13.5198],[108.0309,13.5163],[108.0273,13.5155],[108.0286,13.5125],[108.0268,13.5113],[108.0273,13.5062],[108.0238,13.5034],[108.0202,13.5042],[108.0191,13.5023],[108.0198,13.5009],[108.0249,13.5017],[108.0282,13.5012],[108.0307,13.5025],[108.0361,13.5036],[108.0352,13.5074],[108.0383,13.5076],[108.0417,13.5045],[108.046,13.5019],[108.0504,13.5053],[108.0495,13.5085],[108.0536,13.5107],[108.0552,13.5096],[108.0588,13.51],[108.0604,13.5114],[108.0623,13.5096],[108.0673,13.5083],[108.0688,13.5062],[108.0721,13.5056],[108.0774,13.5033],[108.0794,13.5009],[108.083,13.4991],[108.0847,13.4997],[108.09,13.498],[108.0924,13.4964],[108.0974,13.4968],[108.099,13.4934],[108.1021,13.4916],[108.1036,13.4886],[108.1089,13.487],[108.1174,13.4857],[108.1208,13.4859],[108.122,13.4841],[108.1301,13.4841],[108.1387,13.4785],[108.1443,13.4738],[108.1449,13.4711],[108.1471,13.471],[108.1514,13.4679],[108.154,13.463],[108.1576,13.4606],[108.1613,13.4598],[108.1697,13.4599],[108.1709,13.4584],[108.1783,13.4597],[108.1788,13.4584],[108.1899,13.4574],[108.1916,13.4547],[108.1942,13.4534],[108.197,13.4538],[108.2021,13.4518],[108.2072,13.4548],[108.2127,13.4591],[108.2134,13.4615],[108.218,13.4618],[108.2233,13.4663],[108.2228,13.4695],[108.2272,13.4722],[108.2288,13.4747],[108.2319,13.4745],[108.233,13.4766],[108.2356,13.4778],[108.2337,13.4843],[108.2349,13.4885],[108.2335,13.4939],[108.2331,13.4993],[108.2348,13.5028],[108.2336,13.5068],[108.2341,13.512],[108.2329,13.5137],[108.2343,13.5211],[108.2324,13.5286],[108.2336,13.5314],[108.2329,13.5354]]]},"properties":{"ma_xa":"23942","ten_xa":"Chư Pưh","sap_nhap":"Nhơn Hòa (thị trấn), Chư Don, Ia Phang","tru_so":"đang cập nhật","loai":"Xã","cap":2,"stt":79,"dtich_km2":184.44,"dan_so":33374,"matdo_km2":180.95,"ma_tinh":"52","ten_tinh":"Gia Lai"}},
{"type":"Feature","geometry":{"type":"Polygon","coordinates":[[[108.0933,13.7519],[108.0877,13.7575],[108.0854,13.7636],[108.0788,13.7599],[108.072,13.7597],[108.0732,13.757],[108.0739,13.7519],[108.0711,13.7498],[108.0672,13.7513],[108.0657,13.7504],[108.0593,13.751],[108.0544,13.7522],[108.0529,13.7511],[108.0529,13.7482],[108.0472,13.7475],[108.046,13.7507],[108.043,13.7493],[108.0389,13.751],[108.0346,13.754],[108.0324,13.7607],[108.0321,13.7635],[108.0303,13.7669],[108.0286,13.7723],[108.0297,13.7737],[108.0279,13.7782],[108.0284,13.7804],[108.0248,13.7823],[108.0225,13.7863],[108.0176,13.7877],[108.0141,13.7909],[108.0098,13.793],[108.0077,13.7956],[108.0051,13.7969],[108.0037,13.796],[108.0136,13.7819],[108.0107,13.7799],[108.0049,13.7783],[108.0024,13.776],[107.9983,13.7748],[107.9977,13.7694],[107.9946,13.7641],[107.9981,13.7582],[108.0018,13.7552],[108.0044,13.7511],[108.0077,13.75],[108.0083,13.7482],[108.0093,13.7388],[108.0088,13.7335],[108.006,13.73],[108.0057,13.7272],[108.0067,13.7217],[108.0039,13.7175],[108.0037,13.7103],[108.0066,13.7104],[108.0089,13.7068],[108.0131,13.706],[108.0198,13.7064],[108.0226,13.7085],[108.0251,13.7065],[108.0289,13.7084],[108.0318,13.7047],[108.0343,13.7063],[108.0353,13.7039],[108.0431,13.6987],[108.0502,13.7029],[108.053,13.7014],[108.054,13.6992],[108.0569,13.6976],[108.0606,13.6909],[108.061,13.6838],[108.0593,13.6813],[108.0583,13.6778],[108.0603,13.671],[108.0587,13.6664],[108.0597,13.6639],[108.0592,13.6598],[108.0619,13.6563],[108.0645,13.655],[108.0652,13.6525],[108.0671,13.6509],[108.0703,13.6447],[108.0732,13.6412],[108.0755,13.6364],[108.0783,13.6359],[108.0794,13.6343],[108.0864,13.6327],[108.0879,13.6303],[108.0902,13.6301],[108.0929,13.6262],[108.0929,13.6242],[108.095,13.6209],[108.0973,13.6219],[108.1022,13.6192],[108.1043,13.617],[108.1065,13.6173],[108.1078,13.6229],[108.1063,13.6256],[108.1051,13.6327],[108.1011,13.6371],[108.1026,13.6427],[108.1058,13.6443],[108.1094,13.6382],[108.1105,13.6352],[108.1141,13.636],[108.1161,13.6379],[108.1191,13.639],[108.1209,13.6381],[108.1231,13.64],[108.129,13.6404],[108.1339,13.6415],[108.139,13.6414],[108.1374,13.6465],[108.1385,13.6482],[108.1413,13.6468],[108.1453,13.6483],[108.1496,13.6411],[108.1536,13.6442],[108.157,13.6459],[108.1591,13.6542],[108.1561,13.6567],[108.157,13.6593],[108.1554,13.6602],[108.1518,13.6597],[108.1507,13.6563],[108.1469,13.6556],[108.1416,13.6559],[108.1395,13.6605],[108.1364,13.6601],[108.1343,13.6633],[108.131,13.6658],[108.1324,13.669],[108.1292,13.6717],[108.1283,13.6745],[108.1289,13.6785],[108.122,13.6806],[108.1179,13.6806],[108.1159,13.6795],[108.1125,13.6811],[108.1093,13.6863],[108.111,13.6867],[108.1098,13.6905],[108.1124,13.6925],[108.1121,13.6947],[108.1101,13.6962],[108.1086,13.6998],[108.1095,13.7036],[108.1075,13.7075],[108.1042,13.7102],[108.1045,13.7156],[108.1027,13.7209],[108.1006,13.7244],[108.1017,13.726],[108.1006,13.7284],[108.1012,13.7357],[108.1033,13.7371],[108.101,13.7425],[108.0985,13.7446],[108.1003,13.7466],[108.0974,13.7495],[108.0933,13.7519]]]},"properties":{"ma_xa":"23941","ten_xa":"Chư Sê","sap_nhap":"Chư Sê (thị trấn), Dun, Ia Blang, Ia Pal, Ia Glai","tru_so":"đang cập nhật","loai":"Xã","cap":2,"stt":75,"dtich_km2":124.93,"dan_so":68975,"matdo_km2":552.11,"ma_tinh":"52","ten_tinh":"Gia Lai"}},
{"type":"Feature","geometry":{"type":"Polygon","coordinates":[[[108.6994,14.11],[108.699,14.1138],[108.6929,14.1148],[108.6923,14.1185],[108.6934,14.1208],[108.6869,14.1286],[108.6821,14.1278],[108.6824,14.1254],[108.68,14.1244],[108.6805,14.1218],[108.6745,14.1203],[108.6735,14.116],[108.6684,14.1134],[108.6665,14.1102],[108.6634,14.1092],[108.6603,14.1051],[108.6587,14.1],[108.6597,14.0935],[108.658,14.0928],[108.6576,14.0881],[108.6547,14.086],[108.6521,14.0812],[108.6493,14.0795],[108.6474,14.0768],[108.6502,14.0729],[108.6533,14.0652],[108.6519,14.06],[108.6548,14.0558],[108.6556,14.0502],[108.6568,14.0482],[108.6585,14.0423],[108.6606,14.0377],[108.6615,14.0327],[108.6627,14.0298],[108.6688,14.0252],[108.6764,14.0241],[108.681,14.0189],[108.681,14.0164],[108.6839,14.0172],[108.6885,14.0228],[108.6918,14.0238],[108.6939,14.0301],[108.6961,14.031],[108.6987,14.03],[108.7018,14.0314],[108.7046,14.0361],[108.707,14.0364],[108.7092,14.0305],[108.7096,14.0269],[108.7092,14.0204],[108.7112,14.0132],[108.7144,14.0094],[108.7149,14.0069],[108.7116,14.0029],[108.7063,13.9995],[108.7048,13.9974],[108.7066,13.9947],[108.7033,13.9915],[108.695,13.9874],[108.6981,13.9795],[108.7008,13.9785],[108.7031,13.9739],[108.7021,13.9713],[108.7035,13.969],[108.7029,13.9646],[108.7037,13.9616],[108.7024,13.9603],[108.7009,13.9525],[108.7014,13.9485],[108.6958,13.9481],[108.6996,13.9438],[108.7039,13.9449],[108.7069,13.9415],[108.7126,13.9404],[108.7126,13.9365],[108.7223,13.9311],[108.7273,13.9328],[108.7304,13.9305],[108.7364,13.9239],[108.738,13.92],[108.7424,13.9165],[108.7453,13.9175],[108.7461,13.9217],[108.7444,13.927],[108.7442,13.9352],[108.7478,13.9374],[108.7499,13.9476],[108.7552,13.9463],[108.7561,13.9482],[108.7542,13.9512],[108.7522,13.9574],[108.7534,13.9581],[108.7559,13.9629],[108.7569,13.9695],[108.7524,13.9779],[108.7521,13.9818],[108.7599,13.9872],[108.7639,13.9939],[108.7601,13.9982],[108.7576,14.0023],[108.7566,14.0082],[108.7539,14.0132],[108.7522,14.0188],[108.756,14.0206],[108.7579,14.0259],[108.7573,14.0282],[108.7577,14.0366],[108.7536,14.0426],[108.755,14.0456],[108.7336,14.0529],[108.722,14.0659],[108.7204,14.0728],[108.7151,14.0898],[108.714,14.0949],[108.7104,14.098],[108.707,14.1033],[108.7055,14.103],[108.7009,14.1061],[108.6994,14.11]]]},"properties":{"ma_xa":"23629","ten_xa":"Cửu An","sap_nhap":"Tú An, Xuân An, Song An, Cửu An","tru_so":"đang cập nhật","loai":"Xã","cap":2,"stt":84,"dtich_km2":132.96,"dan_so":19874,"matdo_km2":149.47,"ma_tinh":"52","ten_tinh":"Gia Lai"}},
{"type":"Feature","geometry":{"type":"Polygon","coordinates":[[[108.1603,14.0222],[108.158,14.021],[108.1533,14.0202],[108.1511,14.022],[108.1476,14.022],[108.1438,14.0206],[108.135,14.0223],[108.1324,14.0143],[108.1298,14.0115],[108.1349,14.0081],[108.1284,14.0009],[108.13,13.9978],[108.1263,13.9957],[108.1202,13.9993],[108.1142,13.9988],[108.1054,13.9951],[108.0965,13.993],[108.0966,13.9891],[108.0989,13.9811],[108.1005,13.9764],[108.1002,13.9708],[108.1008,13.9697],[108.0996,13.9652],[108.1014,13.9626],[108.1016,13.959],[108.1039,13.9543],[108.1016,13.9459],[108.1027,13.9424],[108.1064,13.9414],[108.1067,13.9389],[108.1097,13.9383],[108.1106,13.9362],[108.1109,13.93],[108.1163,13.9305],[108.1206,13.9269],[108.1213,13.924],[108.1242,13.9215],[108.1247,13.9166],[108.1223,13.914],[108.1177,13.9111],[108.1158,13.9091],[108.1206,13.9077],[108.126,13.9048],[108.13,13.9131],[108.1398,13.9073],[108.1478,13.9032],[108.1526,13.9026],[108.1532,13.9076],[108.1595,13.9129],[108.1611,13.9162],[108.1615,13.9191],[108.1651,13.9266],[108.1657,13.9388],[108.1709,13.9418],[108.1746,13.9468],[108.1731,13.9477],[108.1754,13.9525],[108.1779,13.9526],[108.1711,13.9665],[108.1595,13.9889],[108.1613,13.9895],[108.1582,13.9936],[108.1558,14.0187],[108.1599,14.0209],[108.1603,14.0222]]]},"properties":{"ma_xa":"23677","ten_xa":"Đak Đoa","sap_nhap":"Đak Đoa (thị trấn), Tân Bình, Glar","tru_so":"đang cập nhật","loai":"Xã","cap":2,"stt":111,"dtich_km2":83.37,"dan_so":37049,"matdo_km2":444.39,"ma_tinh":"52","ten_tinh":"Gia Lai"}},
{"type":"Feature","geometry":{"type":"Polygon","coordinates":[[[108.4445,14.0678],[108.4393,14.064],[108.4388,14.0625],[108.4354,14.0592],[108.4341,14.0554],[108.4305,14.0383],[108.4339,14.0284],[108.4233,14.0286],[108.4206,14.0242],[108.4214,14.0153],[108.4201,14.0126],[108.423,14.0075],[108.4224,14.0048],[108.4201,14.0043],[108.4177,14.0015],[108.416,13.9964],[108.4161,13.9907],[108.4146,13.9823],[108.4164,13.9692],[108.4201,13.9702],[108.4234,13.9671],[108.4262,13.9675],[108.4285,13.9694],[108.4307,13.9591],[108.4334,13.9589],[108.4371,13.9572],[108.4403,13.9586],[108.4416,13.9616],[108.444,13.9615],[108.4471,13.9593],[108.4526,13.9603],[108.4562,13.9529],[108.4573,13.9473],[108.4637,13.9463],[108.4653,13.943],[108.472,13.9358],[108.4728,13.9298],[108.4779,13.9273],[108.4794,13.9246],[108.4822,13.9235],[108.4891,13.9229],[108.4942,13.9196],[108.4948,13.9177],[108.4996,13.914],[108.4997,13.9105],[108.4986,13.909],[108.5012,13.9002],[108.5032,13.8965],[108.5051,13.895],[108.5066,13.892],[108.5055,13.8881],[108.5098,13.8852],[108.5156,13.8878],[108.5206,13.8921],[108.5217,13.8962],[108.5169,13.9002],[108.5166,13.9024],[108.52,13.9062],[108.5247,13.9061],[108.5305,13.9037],[108.5408,13.9049],[108.545,13.9045],[108.5478,13.9026],[108.5491,13.897],[108.548,13.8937],[108.5459,13.8913],[108.5447,13.8873],[108.5456,13.8855],[108.5505,13.8812],[108.5536,13.8811],[108.5547,13.8833],[108.5541,13.8868],[108.5566,13.8907],[108.5607,13.8919],[108.5685,13.885],[108.5712,13.8842],[108.5764,13.8858],[108.5783,13.8905],[108.5824,13.8897],[108.5849,13.8884],[108.5894,13.8901],[108.5928,13.8897],[108.5944,13.8872],[108.5976,13.8878],[108.6017,13.8852],[108.604,13.8792],[108.6068,13.8795],[108.6086,13.8818],[108.6188,13.8803],[108.6197,13.8845],[108.6153,13.8848],[108.6137,13.886],[108.6156,13.8895],[108.6165,13.8949],[108.6142,13.8982],[108.6146,13.901],[108.6124,13.902],[108.6113,13.9058],[108.6086,13.9079],[108.6083,13.9102],[108.6054,13.9115],[108.6028,13.9158],[108.6022,13.9187],[108.5952,13.9165],[108.5892,13.9153],[108.588,13.9201],[108.5884,13.9236],[108.5847,13.9248],[108.5847,13.9275],[108.5879,13.9306],[108.5853,13.9337],[108.5852,13.9362],[108.5872,13.9404],[108.5857,13.9437],[108.5822,13.9451],[108.5795,13.9478],[108.572,13.9509],[108.5709,13.9544],[108.5707,13.9584],[108.5666,13.9592],[108.5621,13.9664],[108.5635,13.9679],[108.5708,13.9691],[108.5744,13.9723],[108.5752,13.9772],[108.5774,13.9787],[108.578,13.981],[108.576,13.9834],[108.5769,13.986],[108.5761,13.9879],[108.5768,13.9913],[108.5756,13.994],[108.5766,13.9956],[108.5757,13.9984],[108.5721,13.9987],[108.5698,14.0003],[108.5689,14.0042],[108.5633,14.0046],[108.5563,14.0064],[108.5543,14.0058],[108.5527,14.0087],[108.5491,14.0112],[108.5449,14.0118],[108.5416,14.0113],[108.5399,14.013],[108.5339,14.0132],[108.531,14.0108],[108.5279,14.012],[108.5233,14.0112],[108.5197,14.0133],[108.5183,14.018],[108.5151,14.0215],[108.5133,14.0223],[108.5114,14.0253],[108.5021,14.0292],[108.4971,14.0339],[108.4933,14.0341],[108.49,14.0365],[108.4869,14.043],[108.4816,14.0415],[108.4792,14.0424],[108.4776,14.0463],[108.4739,14.0495],[108.4722,14.0524],[108.472,14.0549],[108.4678,14.0583],[108.4653,14.0584],[108.4629,14.0557],[108.4563,14.0569],[108.4536,14.0602],[108.4529,14.0634],[108.4505,14.0642],[108.4457,14.0636],[108.4445,14.0678]]]},"properties":{"ma_xa":"23995","ten_xa":"Đak Pơ","sap_nhap":"Đak Pơ (thị trấn), Hà Tam, An Thành, Yang Bắc","tru_so":"đang cập nhật","loai":"Xã","cap":2,"stt":85,"dtich_km2":223.33,"dan_so":18580,"matdo_km2":83.2,"ma_tinh":"52","ten_tinh":"Gia Lai"}},
{"type":"Feature","geometry":{"type":"Polygon","coordinates":[[[108.5305,14.5603],[108.5288,14.5587],[108.5289,14.5564],[108.5242,14.5561],[108.5228,14.5528],[108.518,14.5503],[108.5167,14.5514],[108.5121,14.5511],[108.5116,14.5461],[108.5076,14.5449],[108.5041,14.5468],[108.4959,14.5427],[108.494,14.5445],[108.4867,14.5463],[108.4827,14.5493],[108.4653,14.5511],[108.461,14.5538],[108.4586,14.5517],[108.4524,14.5562],[108.4443,14.5566],[108.4433,14.5555],[108.4377,14.5568],[108.4363,14.5587],[108.431,14.56],[108.4271,14.56],[108.4253,14.5609],[108.4233,14.566],[108.4169,14.5713],[108.4149,14.5736],[108.4123,14.5825],[108.4131,14.5845],[108.4106,14.5874],[108.4085,14.5922],[108.4069,14.5915],[108.4035,14.595],[108.403,14.5983],[108.4,14.5993],[108.3971,14.6035],[108.3944,14.6031],[108.3938,14.6002],[108.3885,14.6016],[108.3874,14.5984],[108.384,14.5971],[108.3826,14.5986],[108.3755,14.6006],[108.3748,14.5983],[108.3713,14.5961],[108.3675,14.5877],[108.367,14.5844],[108.3628,14.5817],[108.3584,14.5811],[108.3569,14.5787],[108.3576,14.5757],[108.357,14.5705],[108.3595,14.566],[108.3592,14.5636],[108.362,14.5613],[108.3678,14.5582],[108.3704,14.5532],[108.3749,14.5467],[108.3745,14.5409],[108.3719,14.5392],[108.3695,14.5342],[108.3711,14.5313],[108.3737,14.5303],[108.3759,14.5311],[108.378,14.5287],[108.3833,14.5265],[108.3835,14.521],[108.3813,14.5143],[108.3814,14.5116],[108.3768,14.511],[108.3706,14.5055],[108.3695,14.5033],[108.3658,14.5008],[108.3655,14.4981],[108.3633,14.4963],[108.3634,14.4942],[108.3592,14.4949],[108.3569,14.4921],[108.3532,14.4945],[108.3488,14.4929],[108.3457,14.4876],[108.3464,14.4865],[108.3434,14.4811],[108.3391,14.4776],[108.3351,14.4707],[108.3333,14.4701],[108.3317,14.4675],[108.3317,14.4615],[108.3287,14.4585],[108.3265,14.4585],[108.3241,14.4542],[108.3231,14.4423],[108.3181,14.4379],[108.3163,14.4347],[108.3125,14.4328],[108.3076,14.4233],[108.302,14.4199],[108.2985,14.4198],[108.2958,14.4146],[108.2941,14.41],[108.2916,14.4073],[108.2921,14.4043],[108.2963,14.3993],[108.2966,14.392],[108.2986,14.3866],[108.2972,14.3855],[108.2996,14.3825],[108.3047,14.3798],[108.3101,14.3709],[108.3071,14.3674],[108.3093,14.3607],[108.3087,14.3594],[108.3093,14.3541],[108.3123,14.3516],[108.3123,14.3465],[108.3111,14.3374],[108.3084,14.3342],[108.3116,14.3299],[108.3121,14.3265],[108.3144,14.3248],[108.3147,14.3148],[108.3126,14.311],[108.3109,14.3054],[108.3122,14.2977],[108.3151,14.2945],[108.3145,14.2896],[108.3191,14.2882],[108.3218,14.2821],[108.3227,14.2763],[108.3217,14.2751],[108.3227,14.2704],[108.3217,14.2662],[108.3193,14.2635],[108.3202,14.2605],[108.3198,14.2553],[108.318,14.2527],[108.3199,14.251],[108.3179,14.2494],[108.3176,14.2452],[108.3193,14.2409],[108.3238,14.2342],[108.3269,14.2355],[108.327,14.2393],[108.3324,14.2418],[108.3356,14.2419],[108.3367,14.2443],[108.3391,14.2429],[108.342,14.2439],[108.3398,14.2481],[108.3421,14.2516],[108.3416,14.2562],[108.3432,14.2584],[108.3502,14.2586],[108.3551,14.2569],[108.3568,14.2612],[108.3602,14.2645],[108.3635,14.2642],[108.3706,14.2721],[108.3678,14.2731],[108.3665,14.2784],[108.3696,14.2811],[108.3695,14.2839],[108.3714,14.2854],[108.3707,14.2873],[108.3743,14.2911],[108.3734,14.2948],[108.3754,14.2978],[108.3807,14.3032],[108.3816,14.3088],[108.3834,14.3155],[108.3827,14.3189],[108.382,14.3271],[108.386,14.3294],[108.3865,14.3321],[108.385,14.3368],[108.3844,14.3413],[108.386,14.3477],[108.3897,14.3492],[108.3948,14.3542],[108.3948,14.3572],[108.3971,14.3617],[108.3972,14.365],[108.3991,14.3664],[108.4007,14.371],[108.4025,14.3689],[108.4077,14.3688],[108.4092,14.3679],[108.4124,14.3686],[108.4171,14.3682],[108.42,14.3668],[108.4249,14.3679],[108.4276,14.3704],[108.4322,14.3683],[108.4355,14.3693],[108.4498,14.3688],[108.4506,14.3729],[108.4562,14.373],[108.4572,14.3751],[108.4595,14.3743],[108.4635,14.3768],[108.4694,14.3732],[108.4747,14.3741],[108.4764,14.3765],[108.4796,14.3779],[108.481,14.3761],[108.4864,14.3764],[108.4864,14.3773],[108.4914,14.3789],[108.4953,14.3815],[108.4986,14.3822],[108.5014,14.3864],[108.5009,14.3927],[108.4993,14.4032],[108.5051,14.4067],[108.5106,14.4119],[108.5131,14.4119],[108.5176,14.4146],[108.5186,14.4161],[108.5176,14.4213],[108.5218,14.4251],[108.5205,14.4279],[108.5202,14.4367],[108.5228,14.4401],[108.5199,14.4431],[108.5217,14.4447],[108.5255,14.4458],[108.5265,14.4487],[108.5236,14.4498],[108.5231,14.455],[108.5238,14.457],[108.5215,14.4613],[108.5248,14.4626],[108.5256,14.4693],[108.5289,14.4722],[108.5262,14.475],[108.5244,14.4782],[108.519,14.4819],[108.5153,14.4878],[108.5135,14.4919],[108.5108,14.4934],[108.5076,14.4937],[108.5062,14.4959],[108.5055,14.5014],[108.5072,14.5049],[108.5101,14.5079],[108.5183,14.5118],[108.523,14.51],[108.5268,14.5105],[108.5302,14.5154],[108.5329,14.5167],[108.5373,14.5156],[108.5383,14.519],[108.5337,14.5249],[108.5331,14.5267],[108.5352,14.5302],[108.5337,14.5314],[108.5329,14.5364],[108.5307,14.5407],[108.5314,14.5441],[108.5278,14.5482],[108.5306,14.5526],[108.5317,14.5581],[108.5305,14.5603]]]},"properties":{"ma_xa":"23644","ten_xa":"Đak Rong","sap_nhap":"Kon Pne, Đak Rong","tru_so":"đang cập nhật","loai":"Xã","cap":2,"stt":91,"dtich_km2":516.25,"dan_so":6277,"matdo_km2":12.16,"ma_tinh":"52","ten_tinh":"Gia Lai"}},
{"type":"Feature","geometry":{"type":"Polygon","coordinates":[[[108.2966,14.392],[108.2921,14.3899],[108.2855,14.3888],[108.2806,14.3893],[108.2783,14.3876],[108.2742,14.3864],[108.2702,14.3885],[108.2641,14.3876],[108.2602,14.3905],[108.2518,14.3909],[108.2486,14.3934],[108.2473,14.3961],[108.2424,14.3956],[108.2396,14.3929],[108.2325,14.3898],[108.2322,14.388],[108.2285,14.3815],[108.2283,14.3782],[108.226,14.3755],[108.2262,14.3735],[108.2284,14.3711],[108.2277,14.3688],[108.2257,14.3681],[108.2239,14.3653],[108.2203,14.3622],[108.2168,14.3614],[108.2157,14.3596],[108.2163,14.3554],[108.2116,14.3525],[108.209,14.3535],[108.2064,14.3529],[108.2053,14.3495],[108.2027,14.3465],[108.2009,14.3468],[108.1984,14.3418],[108.1955,14.3382],[108.1944,14.3347],[108.1954,14.3317],[108.1938,14.3254],[108.195,14.3228],[108.1997,14.3197],[108.2039,14.3241],[108.2049,14.3266],[108.2116,14.3218],[108.2105,14.3194],[108.2076,14.3166],[108.2062,14.3138],[108.2063,14.3022],[108.2076,14.299],[108.2063,14.2971],[108.2065,14.2914],[108.2055,14.2864],[108.2025,14.2851],[108.202,14.2817],[108.2052,14.2788],[108.2094,14.2737],[108.2121,14.273],[108.2132,14.2689],[108.2117,14.2678],[108.2122,14.2651],[108.211,14.2606],[108.2063,14.2592],[108.2067,14.2542],[108.2026,14.247],[108.2021,14.2435],[108.1986,14.2398],[108.196,14.2339],[108.1944,14.2232],[108.1932,14.2208],[108.1941,14.2181],[108.1928,14.2163],[108.1881,14.2156],[108.1852,14.2139],[108.1807,14.2159],[108.1788,14.2199],[108.1759,14.223],[108.1711,14.2254],[108.1669,14.2259],[108.1623,14.2333],[108.1605,14.2318],[108.151,14.2275],[108.1474,14.2277],[108.1453,14.2302],[108.1415,14.2278],[108.1378,14.2288],[108.1341,14.2275],[108.1315,14.2236],[108.1294,14.223],[108.1257,14.2252],[108.1221,14.2235],[108.1212,14.2205],[108.1163,14.2183],[108.1152,14.2138],[108.1117,14.2102],[108.11,14.21],[108.1095,14.206],[108.1074,14.2038],[108.1079,14.2003],[108.1039,14.1985],[108.1028,14.1947],[108.0988,14.1959],[108.0964,14.1907],[108.0922,14.1867],[108.0923,14.1843],[108.0885,14.1835],[108.085,14.1811],[108.0846,14.179],[108.0818,14.1765],[108.0784,14.1752],[108.0799,14.1653],[108.0822,14.1567],[108.0867,14.1557],[108.0894,14.1537],[108.0904,14.1509],[108.0926,14.1524],[108.0925,14.1545],[108.0959,14.1592],[108.0998,14.1629],[108.1043,14.1628],[108.1066,14.1588],[108.1093,14.1567],[108.1165,14.1563],[108.1172,14.1604],[108.1211,14.1562],[108.128,14.1542],[108.1343,14.1575],[108.1361,14.1574],[108.1428,14.1536],[108.1463,14.1529],[108.1485,14.1537],[108.1506,14.1571],[108.1551,14.1586],[108.158,14.1612],[108.1639,14.1596],[108.1687,14.1607],[108.1721,14.1586],[108.176,14.1586],[108.1814,14.1572],[108.1854,14.1599],[108.1868,14.1599],[108.19,14.157],[108.1941,14.1576],[108.1965,14.156],[108.1997,14.1575],[108.2027,14.1571],[108.2127,14.1572],[108.2183,14.1438],[108.2288,14.1343],[108.2333,14.1373],[108.2396,14.1394],[108.2413,14.142],[108.2433,14.1429],[108.2446,14.1466],[108.2468,14.1495],[108.249,14.1503],[108.2501,14.1529],[108.2525,14.1535],[108.2532,14.1566],[108.2558,14.1593],[108.2605,14.1586],[108.265,14.1566],[108.2658,14.1575],[108.2661,14.164],[108.2679,14.1677],[108.2668,14.1723],[108.2639,14.1749],[108.2618,14.1802],[108.26,14.1812],[108.2612,14.1838],[108.2608,14.1867],[108.2629,14.1877],[108.2621,14.1905],[108.2653,14.1938],[108.2644,14.1965],[108.2654,14.1998],[108.2648,14.2017],[108.2613,14.2025],[108.2593,14.2056],[108.2604,14.2103],[108.2642,14.2137],[108.2678,14.2194],[108.2696,14.2238],[108.2683,14.2253],[108.2691,14.2307],[108.2701,14.2316],[108.2756,14.2328],[108.2772,14.2367],[108.2817,14.2389],[108.2903,14.234],[108.2923,14.2313],[108.2972,14.2297],[108.3067,14.2312],[108.309,14.235],[108.3095,14.2392],[108.3174,14.2348],[108.3196,14.2352],[108.3238,14.2342],[108.3193,14.2409],[108.3176,14.2452],[108.3179,14.2494],[108.3199,14.251],[108.318,14.2527],[108.3198,14.2553],[108.3202,14.2605],[108.3193,14.2635],[108.3217,14.2662],[108.3227,14.2704],[108.3217,14.2751],[108.3227,14.2763],[108.3218,14.2821],[108.3191,14.2882],[108.3145,14.2896],[108.3151,14.2945],[108.3122,14.2977],[108.3109,14.3054],[108.3126,14.311],[108.3147,14.3148],[108.3144,14.3248],[108.3121,14.3265],[108.3116,14.3299],[108.3084,14.3342],[108.3111,14.3374],[108.3123,14.3465],[108.3123,14.3516],[108.3093,14.3541],[108.3087,14.3594],[108.3093,14.3607],[108.3071,14.3674],[108.3101,14.3709],[108.3047,14.3798],[108.2996,14.3825],[108.2972,14.3855],[108.2986,14.3866],[108.2966,14.392]]]},"properties":{"ma_xa":"23683","ten_xa":"Đak Sơmei","sap_nhap":"Hà Đông, Đak Sơmei","tru_so":"đang cập nhật","loai":"Xã","cap":2,"stt":115,"dtich_km2":344.24,"dan_so":14910,"matdo_km2":43.31,"ma_tinh":"52","ten_tinh":"Gia Lai"}},
{"type":"Feature","geometry":{"type":"Polygon","coordinates":[[[108.7967,13.8215],[108.7951,13.8227],[108.7924,13.8221],[108.7923,13.8185],[108.7886,13.8175],[108.7858,13.8107],[108.7829,13.8097],[108.7812,13.8066],[108.7781,13.8054],[108.779,13.8027],[108.7754,13.8014],[108.7744,13.7972],[108.7721,13.7944],[108.7685,13.7932],[108.7675,13.7918],[108.7682,13.7851],[108.767,13.7824],[108.7668,13.7792],[108.7681,13.7785],[108.7683,13.7746],[108.7667,13.7722],[108.7643,13.7738],[108.7627,13.7711],[108.7563,13.7679],[108.7536,13.7687],[108.7496,13.7675],[108.7502,13.763],[108.7488,13.7575],[108.7412,13.7592],[108.7391,13.7589],[108.7344,13.7561],[108.7316,13.7555],[108.7315,13.7536],[108.7251,13.7493],[108.7204,13.7421],[108.7185,13.7401],[108.721,13.7328],[108.7227,13.7298],[108.7226,13.725],[108.7213,13.7207],[108.7215,13.7176],[108.7165,13.7114],[108.7161,13.7066],[108.7104,13.7028],[108.7083,13.6987],[108.7054,13.6988],[108.7027,13.697],[108.6977,13.6899],[108.6964,13.6822],[108.6981,13.6789],[108.6981,13.6676],[108.7,13.6621],[108.6991,13.6573],[108.6974,13.656],[108.6966,13.6493],[108.698,13.6447],[108.6982,13.6414],[108.6948,13.6373],[108.6953,13.634],[108.6925,13.6296],[108.693,13.6258],[108.6926,13.6206],[108.6901,13.6131],[108.6877,13.6112],[108.6853,13.6051],[108.6835,13.6047],[108.68,13.6061],[108.6788,13.6029],[108.6786,13.5973],[108.6734,13.5922],[108.6695,13.5866],[108.6673,13.5855],[108.695,13.5834],[108.6962,13.5832],[108.7104,13.5772],[108.7252,13.577],[108.7416,13.5569],[108.745,13.5549],[108.7475,13.555],[108.7476,13.5643],[108.7487,13.5663],[108.7531,13.565],[108.7576,13.5627],[108.7684,13.5619],[108.7736,13.5695],[108.7804,13.5688],[108.7805,13.5717],[108.7823,13.5731],[108.7846,13.5772],[108.7892,13.578],[108.7903,13.5774],[108.7961,13.5777],[108.8144,13.577],[108.8159,13.5734],[108.8188,13.571],[108.8218,13.5728],[108.8254,13.5689],[108.8268,13.5651],[108.8345,13.5663],[108.8373,13.5645],[108.8444,13.5642],[108.8486,13.5667],[108.8504,13.5687],[108.8502,13.5705],[108.852,13.5741],[108.8505,13.5844],[108.8462,13.5938],[108.8425,13.5976],[108.8402,13.5985],[108.8386,13.6015],[108.8384,13.604],[108.8413,13.6098],[108.8394,13.6136],[108.8374,13.6145],[108.8341,13.6204],[108.8344,13.624],[108.8316,13.6262],[108.8286,13.6317],[108.8295,13.6331],[108.8285,13.6369],[108.8253,13.6403],[108.8253,13.6436],[108.8234,13.6488],[108.8215,13.6499],[108.8194,13.658],[108.8193,13.6611],[108.8213,13.6635],[108.8202,13.6684],[108.8215,13.6724],[108.8202,13.6777],[108.8182,13.681],[108.8187,13.6856],[108.8167,13.6917],[108.814,13.6947],[108.8158,13.6982],[108.8176,13.6995],[108.8239,13.6998],[108.8316,13.7043],[108.8327,13.7094],[108.8309,13.7161],[108.8266,13.7223],[108.8301,13.7248],[108.8333,13.7286],[108.8332,13.7314],[108.8344,13.734],[108.8338,13.7361],[108.8356,13.7378],[108.8354,13.7413],[108.8333,13.7429],[108.8329,13.7483],[108.8346,13.7506],[108.8335,13.7541],[108.8342,13.7571],[108.8324,13.7597],[108.8289,13.7597],[108.8277,13.7621],[108.8274,13.7663],[108.8245,13.774],[108.8248,13.7784],[108.8277,13.7818],[108.8282,13.7854],[108.8281,13.7913],[108.8258,13.7943],[108.8239,13.7942],[108.8214,13.8005],[108.8181,13.8001],[108.8147,13.8035],[108.813,13.8041],[108.8096,13.8025],[108.803,13.8054],[108.8009,13.8079],[108.8006,13.8112],[108.7967,13.8136],[108.7958,13.8175],[108.7967,13.8215]]]},"properties":{"ma_xa":"23842","ten_xa":"Đăk Song","sap_nhap":"Đăk Pling, Đăk Song","tru_so":"đang cập nhật","loai":"Xã","cap":2,"stt":96,"dtich_km2":327.49,"dan_so":4764,"matdo_km2":14.55,"ma_tinh":"52","ten_tinh":"Gia Lai"}},
{"type":"Feature","geometry":{"type":"Polygon","coordinates":[[[109.2118,14.1252],[109.2086,14.1276],[109.2053,14.1268],[109.203,14.1275],[109.1946,14.1321],[109.1901,14.1355],[109.1848,14.1419],[109.176,14.1575],[109.17,14.1567],[109.1642,14.1538],[109.1607,14.151],[109.1583,14.1457],[109.1554,14.1446],[109.1534,14.1453],[109.1486,14.143],[109.1482,14.1393],[109.1519,14.1363],[109.1494,14.1341],[109.1483,14.1316],[109.1443,14.1323],[109.1428,14.1301],[109.1274,14.1255],[109.1249,14.1272],[109.1156,14.1275],[109.1142,14.124],[109.1087,14.1189],[109.1056,14.1213],[109.103,14.1208],[109.1033,14.1182],[109.0994,14.1138],[109.1003,14.1112],[109.0949,14.1106],[109.0917,14.1122],[109.0895,14.1109],[109.0894,14.1085],[109.0861,14.1015],[109.0848,14.0961],[109.0824,14.0931],[109.0755,14.0905],[109.0736,14.0919],[109.0699,14.091],[109.0664,14.0885],[109.0629,14.088],[109.0615,14.0861],[109.0626,14.0836],[109.0604,14.0808],[109.0613,14.0796],[109.0597,14.0756],[109.0601,14.0706],[109.0669,14.0655],[109.0709,14.0636],[109.0735,14.0643],[109.0751,14.0629],[109.083,14.0617],[109.0893,14.057],[109.0949,14.0566],[109.1025,14.0617],[109.1037,14.0635],[109.1093,14.0609],[109.1094,14.0591],[109.1192,14.0561],[109.1208,14.0545],[109.1228,14.0571],[109.1281,14.0579],[109.1314,14.0609],[109.1395,14.0629],[109.1458,14.0654],[109.1513,14.066],[109.1559,14.0691],[109.1615,14.0718],[109.1614,14.0763],[109.1669,14.079],[109.169,14.0824],[109.1731,14.0841],[109.1763,14.0883],[109.1821,14.0869],[109.1823,14.0899],[109.1854,14.0899],[109.1863,14.0958],[109.195,14.0955],[109.196,14.0969],[109.2093,14.0974],[109.2063,14.1066],[109.2054,14.1112],[109.2052,14.1158],[109.2058,14.1204],[109.2074,14.1244],[109.2118,14.1252]]]},"properties":{"ma_xa":"21859","ten_xa":"Đề Gi","sap_nhap":"Cát Khánh (thị trấn), Cát Minh, Cát Tài","tru_so":"đang cập nhật","loai":"Xã","cap":2,"stt":23,"dtich_km2":94.97,"dan_so":45550,"matdo_km2":479.63,"ma_tinh":"52","ten_tinh":"Gia Lai"}},
{"type":"Feature","geometry":{"type":"Polygon","coordinates":[[[108.0036,13.9659],[108.0025,13.9712],[108.0033,13.9745],[108.001,13.9751],[107.9988,13.9791],[107.9972,13.9801],[107.9966,13.9833],[107.9952,13.9844],[107.9972,13.9876],[107.9965,13.9902],[107.9943,13.9919],[107.9918,13.9964],[107.9889,13.9954],[107.9888,13.9918],[107.9831,13.9782],[107.9825,13.9719],[107.9811,13.97],[107.9811,13.9669],[107.976,13.968],[107.9737,13.9661],[107.9697,13.9656],[107.968,13.9643],[107.9656,13.9651],[107.9629,13.9629],[107.957,13.9631],[107.953,13.961],[107.9519,13.9587],[107.9572,13.9535],[107.9536,13.9478],[107.9519,13.9471],[107.9487,13.948],[107.9462,13.9471],[107.94,13.9389],[107.9412,13.9357],[107.94,13.9321],[107.9412,13.9285],[107.9472,13.9236],[107.951,13.9251],[107.9566,13.9285],[107.9635,13.9269],[107.9691,13.9275],[107.9739,13.927],[107.9789,13.9294],[107.9832,13.9302],[107.985,13.9295],[107.9882,13.931],[107.9896,13.9333],[107.992,13.9329],[107.9947,13.9348],[107.9943,13.9392],[107.9967,13.9409],[108.0007,13.9418],[108.0018,13.9445],[108.0003,13.9475],[108.0018,13.9496],[107.9965,13.953],[107.9915,13.9617],[107.9983,13.9632],[108.002,13.9627],[108.0036,13.9659]]]},"properties":{"ma_xa":"23563","ten_xa":"Diên Hồng","sap_nhap":"Yên Đỗ, Ia Kring, Diên Hồng, Diên Phú","tru_so":"đang cập nhật","loai":"Phường","cap":2,"stt":61,"dtich_km2":26.71,"dan_so":63378,"matdo_km2":2372.82,"ma_tinh":"52","ten_tinh":"Gia Lai"}},
{"type":"Feature","geometry":{"type":"Polygon","coordinates":[[[107.7661,13.7189],[107.7697,13.7225],[107.7681,13.7247],[107.7704,13.728],[107.7703,13.7318],[107.7729,13.7327],[107.7758,13.7365],[107.7783,13.7418],[107.7781,13.7443],[107.7758,13.7492],[107.773,13.7498],[107.7699,13.754],[107.7669,13.7613],[107.7662,13.7647],[107.762,13.7687],[107.7576,13.7704],[107.7555,13.774],[107.7565,13.7808],[107.7553,13.7832],[107.7554,13.7871],[107.7525,13.7899],[107.7464,13.7923],[107.7464,13.7974],[107.7395,13.7956],[107.7367,13.7955],[107.7369,13.8016],[107.7397,13.8063],[107.7407,13.8144],[107.7383,13.8173],[107.7322,13.8167],[107.7255,13.8188],[107.7202,13.8185],[107.7094,13.8129],[107.7031,13.814],[107.7011,13.8178],[107.694,13.8153],[107.6929,13.8167],[107.6894,13.8144],[107.6808,13.8148],[107.6803,13.8136],[107.6765,13.813],[107.678,13.8083],[107.6708,13.8075],[107.6679,13.8079],[107.6586,13.8111],[107.6528,13.8095],[107.6582,13.7998],[107.6598,13.7981],[107.659,13.7958],[107.6578,13.791],[107.6588,13.7886],[107.664,13.7911],[107.6667,13.7911],[107.6688,13.7871],[107.6731,13.7892],[107.6749,13.7889],[107.6731,13.7846],[107.6774,13.783],[107.6803,13.7864],[107.6855,13.7836],[107.6843,13.7775],[107.6842,13.7744],[107.6798,13.7668],[107.6786,13.7631],[107.6765,13.7606],[107.6772,13.7555],[107.6759,13.749],[107.6696,13.7465],[107.6699,13.7422],[107.6681,13.7376],[107.67,13.734],[107.6705,13.73],[107.6697,13.7278],[107.6727,13.7202],[107.6766,13.7165],[107.6765,13.7132],[107.6777,13.712],[107.6747,13.7085],[107.6721,13.7078],[107.6708,13.7044],[107.6704,13.6997],[107.6717,13.6977],[107.6714,13.6943],[107.667,13.6912],[107.664,13.6829],[107.6628,13.6809],[107.6687,13.684],[107.6743,13.6857],[107.6796,13.6902],[107.6804,13.6927],[107.6839,13.6943],[107.6886,13.6951],[107.6902,13.6974],[107.6939,13.7002],[107.6958,13.7036],[107.7008,13.7028],[107.7015,13.7065],[107.7056,13.7065],[107.7095,13.7052],[107.716,13.7056],[107.7203,13.7032],[107.7235,13.7025],[107.7273,13.6998],[107.7288,13.7015],[107.732,13.6982],[107.7324,13.6947],[107.7342,13.6924],[107.737,13.6962],[107.7412,13.6998],[107.7468,13.6964],[107.7489,13.693],[107.7533,13.6924],[107.7585,13.6975],[107.7605,13.7026],[107.7639,13.7081],[107.7675,13.7072],[107.7669,13.7121],[107.7675,13.7142],[107.7661,13.7189]]]},"properties":{"ma_xa":"23857","ten_xa":"Đức Cơ","sap_nhap":"Chư Ty (thị trấn), Ia Kriêng","tru_so":"đang cập nhật","loai":"Xã","cap":2,"stt":124,"dtich_km2":124.66,"dan_so":23575,"matdo_km2":189.11,"ma_tinh":"52","ten_tinh":"Gia Lai"}},
{"type":"Feature","geometry":{"type":"Polygon","coordinates":[[[107.94,13.9389],[107.9364,13.9391],[107.9308,13.9446],[107.9273,13.9445],[107.9224,13.9479],[107.9199,13.9476],[107.9129,13.9512],[107.907,13.9512],[107.9054,13.9503],[107.8981,13.9551],[107.8971,13.9583],[107.898,13.9613],[107.9003,13.9651],[107.8963,13.9728],[107.8916,13.9696],[107.8894,13.967],[107.8844,13.9664],[107.8796,13.9629],[107.8726,13.9607],[107.8689,13.9577],[107.8674,13.9544],[107.8589,13.9529],[107.8557,13.9475],[107.856,13.9414],[107.848,13.9395],[107.8477,13.9378],[107.8438,13.9377],[107.8381,13.9353],[107.8351,13.9372],[107.8327,13.9398],[107.8297,13.9366],[107.8245,13.9367],[107.8194,13.9391],[107.8178,13.938],[107.8153,13.9412],[107.8095,13.9423],[107.8112,13.9359],[107.8071,13.9331],[107.8077,13.9281],[107.8047,13.9259],[107.8032,13.923],[107.7979,13.9221],[107.8014,13.9182],[107.8025,13.9141],[107.8021,13.9094],[107.8,13.9082],[107.7993,13.9054],[107.7962,13.9049],[107.7967,13.9029],[107.8012,13.9012],[107.8021,13.8986],[107.8002,13.8957],[107.799,13.892],[107.8,13.8875],[107.7969,13.8825],[107.7971,13.8778],[107.8044,13.878],[107.8053,13.8793],[107.8086,13.8778],[107.8115,13.8787],[107.8134,13.878],[107.8173,13.8797],[107.8205,13.8765],[107.8191,13.8748],[107.8185,13.8708],[107.8204,13.8672],[107.8237,13.8646],[107.8246,13.8624],[107.8238,13.8549],[107.8244,13.8523],[107.8328,13.8539],[107.8334,13.8564],[107.8357,13.8562],[107.8397,13.8584],[107.839,13.8627],[107.8374,13.8641],[107.8401,13.8752],[107.8405,13.8782],[107.8493,13.8779],[107.8578,13.8787],[107.8611,13.8771],[107.8647,13.8787],[107.8692,13.8783],[107.8702,13.8764],[107.876,13.8727],[107.8829,13.8735],[107.8858,13.8723],[107.8887,13.8751],[107.8913,13.8746],[107.8926,13.8762],[107.8962,13.8757],[107.895,13.8725],[107.8961,13.8692],[107.9037,13.8684],[107.9147,13.8682],[107.9154,13.8648],[107.9175,13.8616],[107.9231,13.8636],[107.9259,13.8632],[107.9325,13.8645],[107.9388,13.8679],[107.9417,13.8703],[107.9441,13.8667],[107.9485,13.8635],[107.9508,13.8654],[107.954,13.866],[107.9581,13.8629],[107.9631,13.8653],[107.9687,13.8666],[107.9704,13.8627],[107.972,13.8625],[107.9743,13.8588],[107.9702,13.8568],[107.9691,13.8529],[107.9654,13.8477],[107.9641,13.8445],[107.9659,13.8428],[107.9641,13.8392],[107.9628,13.8341],[107.9653,13.8357],[107.9751,13.8437],[107.9797,13.8483],[107.9816,13.8488],[107.9848,13.8521],[107.9866,13.8567],[107.9901,13.8617],[107.9892,13.8655],[107.9915,13.8664],[107.9943,13.8696],[107.9961,13.87],[108,13.8728],[108.0004,13.8761],[108.0051,13.8777],[108.0113,13.8808],[108.0124,13.8807],[108.0125,13.8825],[108.0104,13.8867],[108.0121,13.8923],[108.0126,13.8992],[108.0115,13.901],[108.0074,13.9034],[108.0053,13.9077],[108.003,13.9104],[107.9984,13.9115],[107.9961,13.9128],[108.0002,13.9147],[108.0052,13.9154],[108.0053,13.9208],[108.0061,13.9248],[108.0015,13.9271],[107.9995,13.929],[107.9954,13.9307],[107.992,13.9329],[107.9896,13.9333],[107.9882,13.931],[107.985,13.9295],[107.9832,13.9302],[107.9789,13.9294],[107.9739,13.927],[107.9691,13.9275],[107.9635,13.9269],[107.9566,13.9285],[107.951,13.9251],[107.9472,13.9236],[107.9412,13.9285],[107.94,13.9321],[107.9412,13.9357],[107.94,13.9389]]]},"properties":{"ma_xa":"23611","ten_xa":"Gào","sap_nhap":"Ia Kênh, Ia Pếch, Gào","tru_so":"đang cập nhật","loai":"Xã","cap":2,"stt":64,"dtich_km2":182.47,"dan_so":15957,"matdo_km2":87.45,"ma_tinh":"52","ten_tinh":"Gia Lai"}},
{"type":"Feature","geometry":{"type":"Polygon","coordinates":[[[109.0629,14.088],[109.0588,14.0918],[109.0545,14.0935],[109.0523,14.0956],[109.0493,14.0956],[109.0459,14.0916],[109.046,14.0957],[109.0439,14.0959],[109.0412,14.0918],[109.0358,14.0927],[109.0306,14.0891],[109.0262,14.0879],[109.0282,14.0844],[109.0257,14.0817],[109.0207,14.0855],[109.0147,14.0865],[109.0114,14.0863],[109.0114,14.0886],[109.0159,14.0895],[109.0151,14.0925],[109.0099,14.0958],[109.0057,14.0969],[109.0017,14.0989],[109.0008,14.097],[109.0017,14.0942],[109.0008,14.0912],[109.0026,14.0903],[109.0045,14.0856],[109.0108,14.0797],[109.0124,14.0759],[109.0099,14.0744],[109.0082,14.0702],[109.0052,14.0698],[109.0033,14.0675],[108.9994,14.0647],[108.9917,14.0568],[108.9869,14.0561],[108.9866,14.0478],[108.9713,14.0478],[108.9682,14.0471],[108.9679,14.0437],[108.9638,14.0435],[108.9614,14.0464],[108.9569,14.0467],[108.9544,14.0409],[108.951,14.0474],[108.947,14.046],[108.9418,14.0463],[108.9331,14.0449],[108.9277,14.0406],[108.9283,14.0338],[108.9347,14.037],[108.9374,14.035],[108.9394,14.0353],[108.9436,14.0335],[108.9474,14.0284],[108.9503,14.0274],[108.9542,14.028],[108.9564,14.0246],[108.9574,14.0191],[108.9587,14.017],[108.9616,14.0169],[108.9639,14.0148],[108.9775,14.0143],[108.9836,14.0127],[108.9919,14.0086],[108.9936,14.0063],[108.9991,14.0089],[109.0013,14.013],[109.0093,14.0104],[109.0113,14.0108],[109.0195,14.0062],[109.0215,14.0038],[109.0221,13.9994],[109.0254,13.9986],[109.0267,14.0035],[109.0299,14.0036],[109.0309,14.0057],[109.034,14.0055],[109.0381,14.0034],[109.0398,14.0075],[109.0367,14.009],[109.0349,14.0115],[109.0394,14.0196],[109.0386,14.0206],[109.0418,14.026],[109.049,14.0265],[109.0528,14.0279],[109.0566,14.028],[109.0563,14.0299],[109.062,14.0299],[109.0634,14.0326],[109.0659,14.0333],[109.0671,14.036],[109.0722,14.0375],[109.0749,14.0406],[109.0785,14.0426],[109.0825,14.0421],[109.0866,14.0427],[109.0888,14.0451],[109.0886,14.0468],[109.0907,14.0503],[109.0894,14.052],[109.0893,14.057],[109.083,14.0617],[109.0751,14.0629],[109.0735,14.0643],[109.0709,14.0636],[109.0669,14.0655],[109.0601,14.0706],[109.0597,14.0756],[109.0613,14.0796],[109.0604,14.0808],[109.0626,14.0836],[109.0615,14.0861],[109.0629,14.088]]]},"properties":{"ma_xa":"21871","ten_xa":"Hòa Hội","sap_nhap":"Cát Hanh, Cát Hiệp","tru_so":"đang cập nhật","loai":"Xã","cap":2,"stt":24,"dtich_km2":87.06,"dan_so":26133,"matdo_km2":300.17,"ma_tinh":"52","ten_tinh":"Gia Lai"}},
{"type":"Feature","geometry":{"type":"Polygon","coordinates":[[[109.0266,14.3558],[109.0237,14.3627],[109.0208,14.3657],[109.0157,14.369],[109.0135,14.3691],[109.0088,14.372],[109.0082,14.3742],[109.0056,14.3766],[108.9999,14.3766],[108.9978,14.375],[108.995,14.3797],[108.9901,14.3852],[108.9896,14.3876],[108.9848,14.3884],[108.9827,14.3878],[108.9784,14.3906],[108.9794,14.3877],[108.9771,14.3851],[108.9739,14.3849],[108.9718,14.3809],[108.9713,14.375],[108.9696,14.3742],[108.9667,14.3757],[108.9617,14.381],[108.9601,14.3843],[108.9555,14.3854],[108.9499,14.3832],[108.9478,14.379],[108.9462,14.3783],[108.9416,14.3794],[108.939,14.3823],[108.9296,14.3814],[108.9271,14.3781],[108.9227,14.3759],[108.9212,14.37],[108.9196,14.3682],[108.9188,14.365],[108.914,14.364],[108.9124,14.3617],[108.9201,14.3556],[108.9217,14.3525],[108.9207,14.3505],[108.9163,14.347],[108.9141,14.346],[108.9131,14.3437],[108.9075,14.342],[108.9076,14.3406],[108.911,14.3382],[108.9124,14.3356],[108.9149,14.3362],[108.916,14.3342],[108.921,14.3344],[108.9233,14.3359],[108.9256,14.3344],[108.9356,14.3324],[108.9378,14.3328],[108.9414,14.3296],[108.942,14.3274],[108.9444,14.3249],[108.9478,14.3238],[108.9505,14.3274],[108.9557,14.3268],[108.9576,14.3292],[108.9567,14.3323],[108.9595,14.3329],[108.9629,14.3292],[108.9662,14.3312],[108.9713,14.3302],[108.9701,14.3228],[108.9716,14.3203],[108.9696,14.3156],[108.9669,14.3175],[108.9612,14.3089],[108.9615,14.3063],[108.967,14.3048],[108.9673,14.3017],[108.9697,14.2994],[108.9722,14.299],[108.9728,14.2951],[108.9701,14.2906],[108.968,14.2892],[108.9691,14.2846],[108.9693,14.278],[108.9664,14.2741],[108.9668,14.2669],[108.9634,14.2604],[108.9655,14.2576],[108.9694,14.2545],[108.9763,14.253],[108.9759,14.2498],[108.9784,14.2432],[108.9815,14.2379],[108.9875,14.2378],[108.9921,14.2386],[108.9963,14.2382],[109.0012,14.2409],[109.0033,14.2432],[109.0088,14.2434],[109.0133,14.2505],[109.0151,14.256],[109.0142,14.2586],[109.0163,14.2602],[109.0207,14.2596],[109.0236,14.2631],[109.0238,14.2665],[109.0264,14.2693],[109.0241,14.2743],[109.022,14.2763],[109.0218,14.2788],[109.0187,14.2821],[109.0157,14.2828],[109.0161,14.2865],[109.0155,14.2918],[109.0184,14.296],[109.0191,14.3018],[109.0173,14.3036],[109.0181,14.3106],[109.0158,14.3158],[109.0143,14.321],[109.0212,14.3286],[109.0263,14.3313],[109.0312,14.3328],[109.0294,14.337],[109.0322,14.3424],[109.0291,14.3451],[109.0271,14.3492],[109.0278,14.3541],[109.0266,14.3558]]]},"properties":{"ma_xa":"21688","ten_xa":"Hoài Ân","sap_nhap":"Tăng Bạt Hổ (thị trấn), Ân Phong, Ân Đức, Ân Tường Đông","tru_so":"đang cập nhật","loai":"Xã","cap":2,"stt":42,"dtich_km2":115.72,"dan_so":35037,"matdo_km2":302.77,"ma_tinh":"52","ten_tinh":"Gia Lai"}},
{"type":"Feature","geometry":{"type":"Polygon","coordinates":[[[109.0889,14.5094],[109.0869,14.5122],[109.0792,14.5289],[109.0738,14.5418],[109.0685,14.5582],[109.0681,14.5602],[109.0621,14.5566],[109.0609,14.5536],[109.0583,14.5512],[109.0557,14.5465],[109.0572,14.5438],[109.0592,14.543],[109.0613,14.5388],[109.0609,14.5338],[109.0578,14.533],[109.0562,14.5343],[109.0561,14.5369],[109.0524,14.5395],[109.0495,14.5391],[109.047,14.537],[109.0428,14.536],[109.0419,14.5345],[109.0442,14.5313],[109.0475,14.5284],[109.0429,14.5222],[109.0405,14.5207],[109.0357,14.5202],[109.0329,14.5192],[109.0329,14.5147],[109.0293,14.5157],[109.0272,14.5186],[109.0229,14.518],[109.0188,14.5142],[109.0185,14.5165],[109.0163,14.5177],[109.0145,14.5146],[109.0113,14.5151],[109.0089,14.5117],[109.0092,14.5083],[109.0077,14.506],[109.0077,14.5029],[109.0036,14.4993],[109.0084,14.4989],[109.0118,14.4977],[109.0116,14.4953],[109.0125,14.4904],[109.0119,14.4845],[109.0174,14.485],[109.0241,14.4833],[109.0301,14.4838],[109.0341,14.4824],[109.0343,14.4847],[109.0384,14.4842],[109.0377,14.481],[109.0378,14.4759],[109.039,14.4699],[109.0447,14.4693],[109.0475,14.47],[109.0532,14.4731],[109.055,14.4776],[109.0583,14.4812],[109.0627,14.483],[109.0663,14.4851],[109.0648,14.4881],[109.0658,14.4939],[109.0684,14.5],[109.0719,14.5031],[109.0736,14.5011],[109.0762,14.5064],[109.0889,14.5094]]]},"properties":{"ma_xa":"21664","ten_xa":"Hoài Nhơn","sap_nhap":"Hoài Thanh, Tam Quan Nam, Hoài Thanh Tây","tru_so":"đang cập nhật","loai":"Phường","cap":2,"stt":13,"dtich_km2":40.32,"dan_so":43167,"matdo_km2":1070.61,"ma_tinh":"52","ten_tinh":"Gia Lai"}},
{"type":"Feature","geometry":{"type":"Polygon","coordinates":[[[109.0171,14.6664],[109.0141,14.6666],[109.0084,14.6704],[109.0042,14.6683],[109.0017,14.6684],[108.9976,14.67],[108.9941,14.6743],[108.9882,14.672],[108.9832,14.6715],[108.9811,14.6722],[108.978,14.6706],[108.976,14.6726],[108.9732,14.6729],[108.9717,14.67],[108.9682,14.6688],[108.9673,14.6655],[108.9627,14.6597],[108.9612,14.656],[108.9543,14.653],[108.9571,14.6494],[108.9563,14.6441],[108.953,14.6432],[108.9506,14.6401],[108.9512,14.6369],[108.9536,14.6329],[108.9517,14.6248],[108.953,14.6191],[108.954,14.6173],[108.9578,14.6143],[108.9599,14.609],[108.9639,14.6058],[108.9668,14.6057],[108.969,14.6033],[108.9736,14.6026],[108.983,14.5936],[108.9862,14.5934],[108.9886,14.5919],[108.9908,14.5887],[108.9944,14.589],[109.006,14.5863],[109.0091,14.5837],[109.0117,14.5835],[109.0139,14.5808],[109.0161,14.5812],[109.0178,14.5793],[109.0228,14.5776],[109.0287,14.5782],[109.0321,14.5772],[109.0392,14.5807],[109.0403,14.5787],[109.0447,14.5772],[109.0448,14.5732],[109.0484,14.5716],[109.0494,14.5689],[109.0484,14.5548],[109.05,14.5542],[109.0547,14.5559],[109.0589,14.5582],[109.0621,14.5566],[109.0681,14.5602],[109.067,14.5649],[109.067,14.5688],[109.0682,14.573],[109.0724,14.5784],[109.0759,14.577],[109.0789,14.5789],[109.0825,14.5778],[109.0821,14.5782],[109.0819,14.5784],[109.0794,14.581],[109.0738,14.5823],[109.0715,14.5839],[109.0667,14.5905],[109.0619,14.592],[109.0596,14.592],[109.0555,14.5983],[109.0542,14.6029],[109.0482,14.6039],[109.0485,14.6083],[109.0451,14.6092],[109.0442,14.6115],[109.0463,14.6152],[109.0457,14.6198],[109.0424,14.623],[109.0425,14.6248],[109.0452,14.6256],[109.0458,14.6302],[109.043,14.636],[109.04,14.6383],[109.0368,14.6453],[109.0344,14.6483],[109.0317,14.6488],[109.031,14.6465],[109.027,14.6474],[109.0276,14.6508],[109.0247,14.6522],[109.0231,14.6571],[109.0203,14.6574],[109.0177,14.6602],[109.0166,14.6644],[109.0171,14.6664]]]},"properties":{"ma_xa":"21655","ten_xa":"Hoài Nhơn Bắc","sap_nhap":"Tam Quan Bắc, Hoài Sơn, Hoài Châu Bắc","tru_so":"đang cập nhật","loai":"Phường","cap":2,"stt":18,"dtich_km2":89.45,"dan_so":44581,"matdo_km2":498.39,"ma_tinh":"52","ten_tinh":"Gia Lai"}},
{"type":"Feature","geometry":{"type":"Polygon","coordinates":[[[109.127,14.3953],[109.1237,14.4009],[109.1212,14.4065],[109.1162,14.4193],[109.1155,14.4255],[109.1171,14.4289],[109.1193,14.4296],[109.1183,14.4348],[109.1191,14.4373],[109.1223,14.4375],[109.123,14.442],[109.1245,14.4453],[109.1221,14.4463],[109.1156,14.4589],[109.108,14.4715],[109.0992,14.4874],[109.0916,14.502],[109.0894,14.5051],[109.0889,14.5094],[109.0762,14.5064],[109.0736,14.5011],[109.0719,14.5031],[109.0684,14.5],[109.0658,14.4939],[109.0648,14.4881],[109.0663,14.4851],[109.0627,14.483],[109.0632,14.4787],[109.0624,14.4762],[109.0634,14.4742],[109.0586,14.471],[109.0547,14.4667],[109.0536,14.4593],[109.0497,14.4512],[109.0479,14.4426],[109.0483,14.4396],[109.0473,14.4375],[109.0409,14.4305],[109.045,14.428],[109.0465,14.4246],[109.0486,14.4226],[109.0531,14.4213],[109.0565,14.4214],[109.0602,14.4192],[109.0633,14.4209],[109.0695,14.4209],[109.0721,14.4241],[109.0737,14.4227],[109.0814,14.4196],[109.0841,14.4196],[109.0866,14.4181],[109.0881,14.4111],[109.0908,14.4093],[109.092,14.4071],[109.0953,14.4018],[109.096,14.3985],[109.1034,14.3969],[109.1067,14.3934],[109.1094,14.3893],[109.1177,14.3894],[109.12,14.3915],[109.1265,14.3938],[109.127,14.3953]]]},"properties":{"ma_xa":"21670","ten_xa":"Hoài Nhơn Đông","sap_nhap":"Hoài Hương, Hoài Hải, Hoài Mỹ","tru_so":"đang cập nhật","loai":"Phường","cap":2,"stt":15,"dtich_km2":64.36,"dan_so":44634,"matdo_km2":693.51,"ma_tinh":"52","ten_tinh":"Gia Lai"}},
{"type":"Feature","geometry":{"type":"Polygon","coordinates":[[[109.0036,14.4993],[109.0003,14.4984],[108.9982,14.4948],[108.9949,14.4928],[108.9923,14.4923],[108.99,14.4886],[108.9873,14.4874],[108.9853,14.4848],[108.9815,14.484],[108.9796,14.4816],[108.9806,14.4763],[108.9795,14.4727],[108.9818,14.4713],[108.9832,14.4666],[108.9826,14.4655],[108.9816,14.4598],[108.9845,14.4557],[108.986,14.4518],[108.9905,14.4486],[108.993,14.4488],[108.9969,14.4469],[109.0006,14.4479],[109.004,14.4474],[109.0109,14.4433],[109.0132,14.4401],[109.0221,14.4413],[109.0264,14.4376],[109.0306,14.4362],[109.0325,14.4335],[109.0385,14.4299],[109.0409,14.4305],[109.0473,14.4375],[109.0483,14.4396],[109.0479,14.4426],[109.0497,14.4512],[109.0536,14.4593],[109.0547,14.4667],[109.0586,14.471],[109.0634,14.4742],[109.0624,14.4762],[109.0632,14.4787],[109.0627,14.483],[109.0583,14.4812],[109.055,14.4776],[109.0532,14.4731],[109.0475,14.47],[109.0447,14.4693],[109.039,14.4699],[109.0378,14.4759],[109.0377,14.481],[109.0384,14.4842],[109.0343,14.4847],[109.0341,14.4824],[109.0301,14.4838],[109.0241,14.4833],[109.0174,14.485],[109.0119,14.4845],[109.0125,14.4904],[109.0116,14.4953],[109.0118,14.4977],[109.0084,14.4989],[109.0036,14.4993]]]},"properties":{"ma_xa":"21673","ten_xa":"Hoài Nhơn Nam","sap_nhap":"Hoài Tân, Hoài Xuân","tru_so":"đang cập nhật","loai":"Phường","cap":2,"stt":17,"dtich_km2":37.67,"dan_so":32707,"matdo_km2":868.25,"ma_tinh":"52","ten_tinh":"Gia Lai"}},
{"type":"Feature","geometry":{"type":"Polygon","coordinates":[[[109.0428,14.536],[109.039,14.5368],[109.04,14.5423],[109.0346,14.5437],[109.0322,14.545],[109.0332,14.5475],[109.0307,14.5482],[109.0334,14.5511],[109.0345,14.5542],[109.0294,14.555],[109.0251,14.5526],[109.0239,14.5544],[109.0175,14.5552],[109.0171,14.5566],[109.0136,14.5577],[109.0131,14.5596],[109.0065,14.5611],[109.0011,14.5638],[108.9967,14.5644],[108.9973,14.5669],[108.9928,14.5694],[108.9905,14.5728],[108.9861,14.5768],[108.9802,14.5753],[108.9783,14.5765],[108.977,14.5792],[108.9745,14.5798],[108.9716,14.583],[108.9673,14.5836],[108.964,14.5891],[108.9617,14.5903],[108.961,14.5948],[108.9564,14.5978],[108.9544,14.6023],[108.9525,14.6013],[108.9494,14.6029],[108.9503,14.5986],[108.9448,14.5878],[108.9449,14.5861],[108.9428,14.5833],[108.9425,14.5798],[108.9445,14.5778],[108.9441,14.5736],[108.9389,14.568],[108.9407,14.565],[108.9399,14.5581],[108.9408,14.5544],[108.9402,14.5495],[108.9422,14.5487],[108.9481,14.5506],[108.9493,14.5485],[108.9491,14.5458],[108.9505,14.542],[108.9537,14.5386],[108.9578,14.5383],[108.9581,14.534],[108.9591,14.5321],[108.9574,14.5294],[108.9581,14.5272],[108.9564,14.5246],[108.9571,14.5213],[108.955,14.5165],[108.9541,14.5115],[108.9548,14.5091],[108.9518,14.5066],[108.9464,14.5002],[108.9485,14.4973],[108.9507,14.4898],[108.9582,14.4897],[108.961,14.4932],[108.9638,14.492],[108.9672,14.486],[108.9697,14.4856],[108.9708,14.4834],[108.9738,14.4817],[108.9796,14.4816],[108.9815,14.484],[108.9853,14.4848],[108.9873,14.4874],[108.99,14.4886],[108.9923,14.4923],[108.9949,14.4928],[108.9982,14.4948],[109.0003,14.4984],[109.0036,14.4993],[109.0077,14.5029],[109.0077,14.506],[109.0092,14.5083],[109.0089,14.5117],[109.0113,14.5151],[109.0145,14.5146],[109.0163,14.5177],[109.0185,14.5165],[109.0188,14.5142],[109.0229,14.518],[109.0272,14.5186],[109.0293,14.5157],[109.0329,14.5147],[109.0329,14.5192],[109.0357,14.5202],[109.0405,14.5207],[109.0429,14.5222],[109.0475,14.5284],[109.0442,14.5313],[109.0419,14.5345],[109.0428,14.536]]]},"properties":{"ma_xa":"21661","ten_xa":"Hoài Nhơn Tây","sap_nhap":"Hoài Hảo, Hoài Phú","tru_so":"đang cập nhật","loai":"Phường","cap":2,"stt":16,"dtich_km2":78.15,"dan_so":25572,"matdo_km2":327.22,"ma_tinh":"52","ten_tinh":"Gia Lai"}},
{"type":"Feature","geometry":{"type":"Polygon","coordinates":[[[108.0315,13.9716],[108.0286,13.9717],[108.0236,13.9703],[108.0211,13.9703],[108.0209,13.9656],[108.0097,13.9668],[108.0085,13.969],[108.0106,13.9716],[108.0093,13.9741],[108.0069,13.9737],[108.0054,13.9677],[108.0036,13.9659],[108.002,13.9627],[107.9983,13.9632],[107.9915,13.9617],[107.9965,13.953],[108.0018,13.9496],[108.0003,13.9475],[108.0018,13.9445],[108.0007,13.9418],[107.9967,13.9409],[107.9943,13.9392],[107.9947,13.9348],[107.992,13.9329],[107.9954,13.9307],[107.9995,13.929],[108.0015,13.9271],[108.0061,13.9248],[108.0053,13.9208],[108.0052,13.9154],[108.0002,13.9147],[107.9961,13.9128],[107.9984,13.9115],[108.003,13.9104],[108.0053,13.9077],[108.0074,13.9034],[108.0115,13.901],[108.0126,13.8992],[108.0121,13.8923],[108.0104,13.8867],[108.0125,13.8825],[108.0124,13.8807],[108.0181,13.8821],[108.0194,13.8874],[108.0182,13.8896],[108.0189,13.8924],[108.0229,13.8962],[108.0293,13.8977],[108.0287,13.9017],[108.0302,13.904],[108.0291,13.9101],[108.0308,13.9115],[108.0366,13.912],[108.0413,13.9165],[108.0446,13.9181],[108.0482,13.9221],[108.0483,13.924],[108.045,13.9318],[108.0467,13.9368],[108.0413,13.9353],[108.0418,13.9379],[108.0401,13.9388],[108.0399,13.9414],[108.0425,13.9468],[108.0416,13.9558],[108.0421,13.9589],[108.0405,13.9619],[108.0391,13.9621],[108.0373,13.9654],[108.0318,13.9682],[108.0315,13.9716]]]},"properties":{"ma_xa":"23586","ten_xa":"Hội Phú","sap_nhap":"Trà Bá, Chi Lăng, Hội Phú","tru_so":"đang cập nhật","loai":"Phường","cap":2,"stt":59,"dtich_km2":34.86,"dan_so":46358,"matdo_km2":1329.83,"ma_tinh":"52","ten_tinh":"Gia Lai"}},
{"type":"Feature","geometry":{"type":"Polygon","coordinates":[[[108.9703,14.2166],[108.9646,14.2161],[108.9604,14.2172],[108.9558,14.2165],[108.9519,14.2223],[108.95,14.2221],[108.946,14.2194],[108.9424,14.2117],[108.9389,14.2104],[108.9385,14.2057],[108.9359,14.2046],[108.9326,14.198],[108.9267,14.1947],[108.9226,14.1959],[108.9188,14.194],[108.9151,14.1936],[108.9072,14.1941],[108.8999,14.1913],[108.9003,14.1896],[108.899,14.1818],[108.8957,14.1806],[108.894,14.1771],[108.892,14.1752],[108.8915,14.1697],[108.8887,14.1667],[108.8883,14.1625],[108.8846,14.1593],[108.884,14.1556],[108.8811,14.1583],[108.8807,14.1604],[108.878,14.1615],[108.8745,14.166],[108.8725,14.1634],[108.8688,14.1605],[108.8725,14.1577],[108.873,14.1534],[108.8724,14.1485],[108.873,14.1473],[108.8689,14.1429],[108.8684,14.1403],[108.8698,14.1366],[108.874,14.1366],[108.8751,14.1353],[108.8753,14.1302],[108.8779,14.1323],[108.8799,14.1325],[108.8822,14.1347],[108.889,14.1333],[108.8913,14.1319],[108.8945,14.132],[108.8962,14.1339],[108.899,14.1315],[108.8982,14.1264],[108.901,14.1193],[108.9001,14.1183],[108.8958,14.1178],[108.8953,14.1156],[108.8916,14.1116],[108.8958,14.1013],[108.897,14.0972],[108.8957,14.0944],[108.8975,14.0925],[108.8952,14.0862],[108.8969,14.0837],[108.9021,14.0806],[108.907,14.067],[108.9074,14.0632],[108.9096,14.06],[108.9111,14.0594],[108.9148,14.0533],[108.9187,14.0379],[108.9214,14.0333],[108.9239,14.0329],[108.9258,14.0306],[108.9283,14.0338],[108.9277,14.0406],[108.9331,14.0449],[108.9418,14.0463],[108.947,14.046],[108.951,14.0474],[108.9544,14.0409],[108.9569,14.0467],[108.9614,14.0464],[108.9638,14.0435],[108.9679,14.0437],[108.9682,14.0471],[108.9713,14.0478],[108.9866,14.0478],[108.9869,14.0561],[108.9917,14.0568],[108.9994,14.0647],[109.0033,14.0675],[109.0052,14.0698],[109.0082,14.0702],[109.0099,14.0744],[109.0124,14.0759],[109.0108,14.0797],[109.0045,14.0856],[109.0026,14.0903],[109.0008,14.0912],[109.0017,14.0942],[109.0008,14.097],[109.0017,14.0989],[109.0013,14.1066],[109.0003,14.1108],[108.9977,14.1148],[108.9964,14.1192],[108.9979,14.1228],[108.9938,14.1312],[108.99,14.1359],[108.9909,14.1415],[108.9882,14.145],[108.988,14.1485],[108.9866,14.153],[108.9905,14.1567],[108.9899,14.1607],[108.9884,14.164],[108.9823,14.1725],[108.981,14.1755],[108.9777,14.1758],[108.9746,14.1781],[108.9708,14.1797],[108.9679,14.1837],[108.9655,14.1858],[108.9644,14.1899],[108.9661,14.1954],[108.9645,14.198],[108.9672,14.2006],[108.9705,14.209],[108.9718,14.2145],[108.9703,14.2166]]]},"properties":{"ma_xa":"21868","ten_xa":"Hội Sơn","sap_nhap":"Cát Lâm, Cát Sơn","tru_so":"đang cập nhật","loai":"Xã","cap":2,"stt":25,"dtich_km2":182.34,"dan_so":14314,"matdo_km2":78.5,"ma_tinh":"52","ten_tinh":"Gia Lai"}},
{"type":"Feature","geometry":{"type":"Polygon","coordinates":[[[108.4355,14.1688],[108.4315,14.1688],[108.4275,14.1697],[108.4225,14.1682],[108.4209,14.1693],[108.4177,14.1684],[108.4149,14.1645],[108.4134,14.1638],[108.4087,14.1644],[108.4071,14.1671],[108.4048,14.1684],[108.4023,14.1665],[108.4015,14.1626],[108.3999,14.1611],[108.3933,14.1589],[108.3935,14.1552],[108.3872,14.1554],[108.3861,14.1592],[108.3841,14.1604],[108.3839,14.1633],[108.381,14.1642],[108.3796,14.166],[108.3822,14.1675],[108.3791,14.1698],[108.3787,14.1719],[108.3737,14.1717],[108.3688,14.1681],[108.369,14.1654],[108.3655,14.164],[108.3595,14.1639],[108.3582,14.1606],[108.3621,14.1563],[108.3571,14.1531],[108.3579,14.1487],[108.3565,14.1424],[108.3579,14.1376],[108.3564,14.1362],[108.3569,14.1307],[108.3595,14.124],[108.3603,14.1158],[108.3648,14.1141],[108.3673,14.1114],[108.3711,14.1045],[108.3701,14.1008],[108.3687,14.1003],[108.3681,14.097],[108.3662,14.094],[108.3668,14.0892],[108.366,14.0872],[108.3658,14.0787],[108.3681,14.075],[108.3683,14.0669],[108.3698,14.064],[108.3704,14.0603],[108.3717,14.059],[108.3706,14.0561],[108.3666,14.0566],[108.367,14.0527],[108.3639,14.0516],[108.3624,14.0522],[108.359,14.0503],[108.358,14.0472],[108.3536,14.0464],[108.3507,14.047],[108.3489,14.0496],[108.3474,14.0562],[108.3443,14.0543],[108.3422,14.0595],[108.3394,14.0623],[108.3393,14.0667],[108.3404,14.0709],[108.3363,14.0709],[108.3347,14.0685],[108.3311,14.0685],[108.3293,14.0723],[108.3264,14.0737],[108.3228,14.0721],[108.3196,14.0724],[108.3204,14.068],[108.3154,14.0672],[108.3161,14.0625],[108.3125,14.0623],[108.3092,14.0593],[108.3061,14.0581],[108.3069,14.0552],[108.3071,14.0539],[108.3108,14.0509],[108.3125,14.0471],[108.3153,14.045],[108.3201,14.0358],[108.3202,14.0317],[108.3189,14.0285],[108.3169,14.027],[108.3153,14.0193],[108.3156,14.0094],[108.3139,14.0078],[108.3124,14.004],[108.3136,14.0012],[108.3158,13.9991],[108.3186,13.995],[108.3209,13.9933],[108.3233,13.9893],[108.3252,13.9825],[108.3281,13.9808],[108.3312,13.9756],[108.3347,13.9767],[108.3377,13.9788],[108.3388,13.9767],[108.3437,13.9746],[108.3454,13.976],[108.3527,13.9775],[108.3544,13.981],[108.3576,13.9841],[108.3618,13.985],[108.3641,13.9876],[108.3686,13.9908],[108.3711,13.989],[108.3666,13.9783],[108.3693,13.9724],[108.3719,13.9709],[108.3727,13.9686],[108.3711,13.9634],[108.3738,13.9604],[108.3749,13.9561],[108.3796,13.9472],[108.3818,13.9379],[108.3836,13.9331],[108.389,13.9371],[108.3897,13.9408],[108.3944,13.9502],[108.3974,13.9497],[108.4024,13.9507],[108.4039,13.9503],[108.4062,13.9564],[108.4108,13.9584],[108.4142,13.9656],[108.4164,13.9692],[108.4146,13.9823],[108.4161,13.9907],[108.416,13.9964],[108.4177,14.0015],[108.4201,14.0043],[108.4224,14.0048],[108.423,14.0075],[108.4201,14.0126],[108.4214,14.0153],[108.4206,14.0242],[108.4233,14.0286],[108.4339,14.0284],[108.4305,14.0383],[108.4341,14.0554],[108.4354,14.0592],[108.4388,14.0625],[108.4393,14.064],[108.4445,14.0678],[108.446,14.0729],[108.4521,14.0782],[108.4555,14.0793],[108.4576,14.0841],[108.4611,14.0873],[108.4637,14.0919],[108.4628,14.0941],[108.4609,14.1021],[108.4611,14.1053],[108.4602,14.109],[108.4614,14.1118],[108.4615,14.1159],[108.4603,14.1191],[108.4584,14.1194],[108.4546,14.1254],[108.453,14.1288],[108.4502,14.135],[108.4461,14.1365],[108.446,14.1382],[108.4427,14.1455],[108.4441,14.1477],[108.4422,14.1553],[108.4406,14.1584],[108.4387,14.1645],[108.4348,14.1667],[108.4355,14.1688]]]},"properties":{"ma_xa":"23799","ten_xa":"Hra","sap_nhap":"Đak Ta Ley, Hra","tru_so":"đang cập nhật","loai":"Xã","cap":2,"stt":119,"dtich_km2":230.89,"dan_so":14355,"matdo_km2":62.17,"ma_tinh":"52","ten_tinh":"Gia Lai"}},
{"type":"Feature","geometry":{"type":"Polygon","coordinates":[[[108.1526,13.9026],[108.1478,13.9032],[108.1398,13.9073],[108.13,13.9131],[108.126,13.9048],[108.1206,13.9077],[108.1158,13.9091],[108.1177,13.9111],[108.1223,13.914],[108.1247,13.9166],[108.1242,13.9215],[108.1213,13.924],[108.1206,13.9269],[108.1163,13.9305],[108.1109,13.93],[108.1106,13.9362],[108.1097,13.9383],[108.1067,13.9389],[108.1064,13.9414],[108.1027,13.9424],[108.1016,13.9459],[108.1039,13.9543],[108.1016,13.959],[108.1014,13.9626],[108.0996,13.9652],[108.1008,13.9697],[108.1002,13.9708],[108.1005,13.9764],[108.0989,13.9811],[108.0978,13.9794],[108.0904,13.9767],[108.0893,13.9736],[108.0936,13.9692],[108.0904,13.9639],[108.0864,13.9614],[108.0828,13.9608],[108.0792,13.9619],[108.0799,13.9561],[108.0782,13.9536],[108.0729,13.9494],[108.0668,13.9481],[108.0645,13.9493],[108.06,13.9471],[108.0524,13.9452],[108.0477,13.9429],[108.0463,13.9392],[108.0467,13.9368],[108.045,13.9318],[108.0483,13.924],[108.0482,13.9221],[108.0446,13.9181],[108.0413,13.9165],[108.0366,13.912],[108.0308,13.9115],[108.0291,13.9101],[108.0302,13.904],[108.0287,13.9017],[108.0293,13.8977],[108.0229,13.8962],[108.0189,13.8924],[108.0182,13.8896],[108.0194,13.8874],[108.0181,13.8821],[108.0124,13.8807],[108.0078,13.874],[108.0056,13.8715],[107.9993,13.8668],[107.9987,13.8651],[107.9985,13.8564],[108.0031,13.8545],[108.0081,13.8497],[108.0102,13.8538],[108.0151,13.8572],[108.0203,13.8566],[108.0293,13.8525],[108.0302,13.8548],[108.0336,13.8551],[108.04,13.8571],[108.0403,13.8549],[108.0434,13.8547],[108.0472,13.8526],[108.0516,13.8548],[108.0544,13.8542],[108.0567,13.8516],[108.0583,13.854],[108.07,13.8569],[108.0757,13.8599],[108.0793,13.8608],[108.0868,13.8612],[108.0883,13.8597],[108.0937,13.8595],[108.0967,13.8607],[108.1018,13.8593],[108.1047,13.8625],[108.1063,13.8627],[108.1105,13.8612],[108.1141,13.8623],[108.1224,13.8614],[108.126,13.8659],[108.1285,13.8668],[108.134,13.8672],[108.1375,13.8748],[108.1476,13.892],[108.1522,13.8994],[108.1526,13.9026]]]},"properties":{"ma_xa":"23710","ten_xa":"Ia Băng","sap_nhap":"Ia Băng (huyện Đak Đoa), Adơk, Ia Pết","tru_so":"đang cập nhật","loai":"Xã","cap":2,"stt":113,"dtich_km2":116.24,"dan_so":31035,"matdo_km2":266.99,"ma_tinh":"52","ten_tinh":"Gia Lai"}},
{"type":"Feature","geometry":{"type":"Polygon","coordinates":[[[107.9237,13.7226],[107.912,13.7167],[107.9089,13.7177],[107.9036,13.717],[107.8961,13.718],[107.8958,13.717],[107.8905,13.7159],[107.8889,13.7176],[107.8848,13.718],[107.8843,13.7126],[107.8823,13.7096],[107.8784,13.7126],[107.8754,13.7137],[107.8753,13.7166],[107.8765,13.7274],[107.8734,13.7328],[107.8763,13.7342],[107.8713,13.7438],[107.8717,13.7481],[107.8676,13.7474],[107.8682,13.7449],[107.8623,13.7418],[107.8608,13.7396],[107.858,13.7383],[107.8557,13.7398],[107.852,13.7375],[107.8493,13.7383],[107.8486,13.7363],[107.8458,13.7339],[107.8438,13.7349],[107.841,13.7342],[107.8381,13.736],[107.8368,13.734],[107.8383,13.7314],[107.8367,13.7275],[107.8287,13.7315],[107.8303,13.7343],[107.8272,13.7387],[107.824,13.7408],[107.8213,13.7466],[107.8163,13.7442],[107.8149,13.7475],[107.8091,13.7484],[107.8066,13.7468],[107.8061,13.7436],[107.8016,13.7414],[107.797,13.7359],[107.7944,13.734],[107.7854,13.7319],[107.7802,13.7275],[107.7783,13.7234],[107.7735,13.7222],[107.7703,13.7201],[107.7696,13.7183],[107.7661,13.7189],[107.7675,13.7142],[107.7669,13.7121],[107.7675,13.7072],[107.7639,13.7081],[107.7605,13.7026],[107.7585,13.6975],[107.7533,13.6924],[107.7536,13.6899],[107.7591,13.6872],[107.7644,13.6876],[107.7677,13.6805],[107.7728,13.6776],[107.7762,13.6772],[107.7798,13.6751],[107.7749,13.6739],[107.7741,13.6705],[107.7722,13.6695],[107.7721,13.6652],[107.7674,13.6614],[107.7682,13.6581],[107.7661,13.6531],[107.7736,13.6439],[107.7848,13.6343],[107.7878,13.6351],[107.7941,13.6335],[107.7928,13.6304],[107.7939,13.6271],[107.7963,13.6242],[107.7959,13.621],[107.7935,13.6197],[107.7943,13.6169],[107.7971,13.6153],[107.7937,13.611],[107.7967,13.6051],[107.7957,13.6029],[107.7951,13.5984],[107.7961,13.5944],[107.7938,13.594],[107.7992,13.5934],[107.8052,13.5965],[107.8073,13.597],[107.8104,13.6018],[107.8129,13.6017],[107.8129,13.6036],[107.8149,13.607],[107.8173,13.6069],[107.82,13.6127],[107.8267,13.6154],[107.8292,13.6141],[107.8314,13.6151],[107.8336,13.6129],[107.8397,13.6119],[107.8425,13.6095],[107.8521,13.6173],[107.8535,13.6217],[107.8562,13.6251],[107.861,13.626],[107.8625,13.6245],[107.8671,13.6254],[107.8712,13.6211],[107.8731,13.6234],[107.8725,13.6251],[107.8738,13.6293],[107.8759,13.6302],[107.877,13.6342],[107.8807,13.6366],[107.8832,13.6393],[107.8894,13.6398],[107.89,13.645],[107.8948,13.6464],[107.8974,13.646],[107.9021,13.6478],[107.9048,13.6517],[107.907,13.6566],[107.9094,13.6579],[107.9106,13.6609],[107.9097,13.6665],[107.9118,13.6686],[107.9115,13.6725],[107.9175,13.6799],[107.9196,13.6801],[107.9241,13.6832],[107.9287,13.6831],[107.9367,13.6803],[107.9388,13.6778],[107.9416,13.6799],[107.941,13.687],[107.9428,13.6897],[107.9419,13.693],[107.9398,13.6939],[107.9377,13.6968],[107.9373,13.704],[107.9394,13.7109],[107.9342,13.7149],[107.9352,13.7159],[107.9278,13.7196],[107.9272,13.7211],[107.9237,13.7226]]]},"properties":{"ma_xa":"23911","ten_xa":"Ia Boòng","sap_nhap":"Ia O (huyện Chư Prông), Ia Me, Ia Boòng","tru_so":"đang cập nhật","loai":"Xã","cap":2,"stt":71,"dtich_km2":196.07,"dan_so":18840,"matdo_km2":96.09,"ma_tinh":"52","ten_tinh":"Gia Lai"}},
{"type":"Feature","geometry":{"type":"Polygon","coordinates":[[[107.6974,13.9114],[107.6938,13.9126],[107.6904,13.9187],[107.6876,13.921],[107.6847,13.9288],[107.6846,13.9332],[107.6805,13.9324],[107.6749,13.9335],[107.6718,13.9318],[107.6679,13.9341],[107.6653,13.9335],[107.6566,13.9342],[107.6536,13.9319],[107.6494,13.9319],[107.6422,13.9309],[107.636,13.938],[107.631,13.9393],[107.628,13.9378],[107.6213,13.9312],[107.6188,13.9264],[107.6154,13.9269],[107.6132,13.9225],[107.6059,13.9279],[107.6009,13.9255],[107.5989,13.9222],[107.5986,13.9187],[107.597,13.9151],[107.5955,13.9163],[107.5887,13.9169],[107.5869,13.9158],[107.5814,13.9162],[107.5813,13.914],[107.5739,13.9108],[107.5704,13.9066],[107.5648,13.9014],[107.5626,13.8965],[107.5559,13.8955],[107.5552,13.893],[107.5502,13.8952],[107.5489,13.8994],[107.5449,13.9016],[107.5404,13.9028],[107.5387,13.9059],[107.5387,13.9097],[107.5376,13.9116],[107.5338,13.9125],[107.532,13.9161],[107.5323,13.9193],[107.5259,13.9247],[107.5205,13.9245],[107.5165,13.9234],[107.513,13.9205],[107.5124,13.9183],[107.5061,13.9159],[107.5058,13.9121],[107.5035,13.9101],[107.5012,13.9096],[107.498,13.9108],[107.4943,13.9083],[107.4958,13.9062],[107.4944,13.9034],[107.4942,13.899],[107.4901,13.8968],[107.4893,13.895],[107.4865,13.8955],[107.4819,13.8916],[107.4808,13.8891],[107.4789,13.8896],[107.474,13.8889],[107.4718,13.8878],[107.4693,13.8891],[107.4629,13.8833],[107.4581,13.8797],[107.4562,13.877],[107.4545,13.8727],[107.4544,13.8703],[107.4563,13.867],[107.4601,13.8653],[107.4672,13.8591],[107.4696,13.8591],[107.472,13.8572],[107.4749,13.858],[107.4741,13.8617],[107.4754,13.8627],[107.4881,13.8597],[107.4895,13.8604],[107.4923,13.8555],[107.4938,13.8548],[107.4974,13.8562],[107.4985,13.8542],[107.501,13.8534],[107.5049,13.8501],[107.5075,13.8506],[107.511,13.8484],[107.515,13.8478],[107.5198,13.8449],[107.522,13.8445],[107.5254,13.8413],[107.5311,13.8422],[107.5331,13.8459],[107.5372,13.8489],[107.54,13.8501],[107.5453,13.8497],[107.5539,13.8535],[107.5579,13.8522],[107.5607,13.8522],[107.5618,13.8505],[107.5695,13.8486],[107.5705,13.8455],[107.5752,13.8427],[107.5798,13.8408],[107.5828,13.8435],[107.587,13.843],[107.5905,13.8442],[107.5969,13.8431],[107.5987,13.8415],[107.6002,13.8435],[107.6061,13.845],[107.6139,13.8461],[107.6175,13.8459],[107.6277,13.847],[107.6331,13.8463],[107.6342,13.8497],[107.6465,13.8529],[107.6522,13.8507],[107.6566,13.852],[107.657,13.8533],[107.6609,13.8546],[107.6647,13.8611],[107.6686,13.8629],[107.6672,13.8671],[107.6648,13.8694],[107.6721,13.875],[107.6749,13.8749],[107.6762,13.8793],[107.6801,13.8846],[107.6818,13.8881],[107.6819,13.8915],[107.683,13.8957],[107.6854,13.8962],[107.69,13.9016],[107.6941,13.9083],[107.6972,13.909],[107.6974,13.9114]]]},"properties":{"ma_xa":"23788","ten_xa":"Ia Chia","sap_nhap":"Ia Chia","tru_so":"đang cập nhật","loai":"Xã","cap":2,"stt":133,"dtich_km2":172.86,"dan_so":9065,"matdo_km2":52.44,"ma_tinh":"52","ten_tinh":"Gia Lai"}},
{"type":"Feature","geometry":{"type":"Polygon","coordinates":[[[107.7388,13.8981],[107.7356,13.8994],[107.7338,13.9023],[107.7352,13.9084],[107.7368,13.9119],[107.7363,13.9147],[107.724,13.9199],[107.7213,13.9206],[107.7161,13.9206],[107.7101,13.9223],[107.7066,13.9213],[107.7036,13.9179],[107.6997,13.9166],[107.6974,13.9114],[107.6972,13.909],[107.6941,13.9083],[107.69,13.9016],[107.6854,13.8962],[107.683,13.8957],[107.6819,13.8915],[107.6818,13.8881],[107.6801,13.8846],[107.6762,13.8793],[107.6749,13.8749],[107.6721,13.875],[107.6648,13.8694],[107.6672,13.8671],[107.6686,13.8629],[107.6647,13.8611],[107.6609,13.8546],[107.657,13.8533],[107.6566,13.852],[107.6522,13.8507],[107.6465,13.8529],[107.6342,13.8497],[107.6331,13.8463],[107.6277,13.847],[107.6175,13.8459],[107.6139,13.8461],[107.6061,13.845],[107.6002,13.8435],[107.5987,13.8415],[107.6007,13.8397],[107.5996,13.8356],[107.6001,13.8296],[107.6038,13.8251],[107.6059,13.8235],[107.6062,13.8194],[107.6102,13.8167],[107.6103,13.8125],[107.6089,13.8102],[107.6101,13.8078],[107.6127,13.806],[107.6132,13.8041],[107.6158,13.8029],[107.6175,13.8001],[107.6172,13.7978],[107.6199,13.7951],[107.6231,13.7935],[107.627,13.7875],[107.6377,13.7943],[107.6448,13.799],[107.6484,13.7995],[107.659,13.7958],[107.6598,13.7981],[107.6582,13.7998],[107.6528,13.8095],[107.6586,13.8111],[107.6679,13.8079],[107.6708,13.8075],[107.678,13.8083],[107.6765,13.813],[107.6803,13.8136],[107.6808,13.8148],[107.6894,13.8144],[107.6929,13.8167],[107.694,13.8153],[107.7011,13.8178],[107.705,13.8207],[107.7039,13.8239],[107.7009,13.8257],[107.6965,13.8317],[107.6973,13.8332],[107.7036,13.8362],[107.706,13.8386],[107.7085,13.8397],[107.7139,13.8395],[107.7224,13.8427],[107.7286,13.8441],[107.7308,13.8435],[107.7327,13.8456],[107.7346,13.8455],[107.7368,13.8481],[107.7349,13.8531],[107.7335,13.8542],[107.7343,13.8602],[107.7308,13.864],[107.7281,13.8683],[107.7237,13.8719],[107.7271,13.8765],[107.7286,13.8775],[107.7314,13.8837],[107.7361,13.887],[107.7353,13.8897],[107.7381,13.8934],[107.7388,13.8981]]]},"properties":{"ma_xa":"23869","ten_xa":"Ia Dơk","sap_nhap":"Ia Kla, Ia Dơk","tru_so":"đang cập nhật","loai":"Xã","cap":2,"stt":125,"dtich_km2":100.53,"dan_so":17829,"matdo_km2":177.35,"ma_tinh":"52","ten_tinh":"Gia Lai"}},
{"type":"Feature","geometry":{"type":"Polygon","coordinates":[[[107.5987,13.8415],[107.5969,13.8431],[107.5905,13.8442],[107.587,13.843],[107.5828,13.8435],[107.5798,13.8408],[107.5752,13.8427],[107.5705,13.8455],[107.5695,13.8486],[107.5618,13.8505],[107.5607,13.8522],[107.5579,13.8522],[107.5539,13.8535],[107.5453,13.8497],[107.54,13.8501],[107.5372,13.8489],[107.5331,13.8459],[107.5311,13.8422],[107.5254,13.8413],[107.522,13.8445],[107.5198,13.8449],[107.515,13.8478],[107.511,13.8484],[107.5075,13.8506],[107.5049,13.8501],[107.501,13.8534],[107.4985,13.8542],[107.4974,13.8562],[107.4938,13.8548],[107.4923,13.8555],[107.4895,13.8604],[107.4881,13.8597],[107.4754,13.8627],[107.4741,13.8617],[107.4749,13.858],[107.472,13.8572],[107.4732,13.8556],[107.4718,13.849],[107.4688,13.844],[107.4666,13.842],[107.4655,13.838],[107.4588,13.8334],[107.4559,13.8292],[107.455,13.8267],[107.4557,13.8231],[107.4595,13.8194],[107.4614,13.8162],[107.4592,13.8072],[107.4556,13.8034],[107.4514,13.7953],[107.4547,13.7913],[107.4599,13.7882],[107.4634,13.7853],[107.4735,13.7779],[107.4857,13.7764],[107.498,13.7678],[107.4999,13.7691],[107.5047,13.7664],[107.512,13.7673],[107.5144,13.767],[107.5193,13.7683],[107.5221,13.7673],[107.5246,13.7635],[107.5304,13.7642],[107.5335,13.7631],[107.5371,13.7638],[107.5406,13.763],[107.5445,13.7603],[107.5485,13.7603],[107.5512,13.7572],[107.5546,13.7561],[107.5574,13.7574],[107.5712,13.761],[107.5752,13.7635],[107.5822,13.7713],[107.5843,13.7726],[107.5923,13.7754],[107.5954,13.7757],[107.6056,13.7748],[107.6093,13.7758],[107.6192,13.7823],[107.6214,13.783],[107.627,13.7875],[107.6231,13.7935],[107.6199,13.7951],[107.6172,13.7978],[107.6175,13.8001],[107.6158,13.8029],[107.6132,13.8041],[107.6127,13.806],[107.6101,13.8078],[107.6089,13.8102],[107.6103,13.8125],[107.6102,13.8167],[107.6062,13.8194],[107.6059,13.8235],[107.6038,13.8251],[107.6001,13.8296],[107.5996,13.8356],[107.6007,13.8397],[107.5987,13.8415]]]},"properties":{"ma_xa":"23872","ten_xa":"Ia Dom","sap_nhap":"Ia Dom","tru_so":"đang cập nhật","loai":"Xã","cap":2,"stt":132,"dtich_km2":145.43,"dan_so":9157,"matdo_km2":62.97,"ma_tinh":"52","ten_tinh":"Gia Lai"}},
{"type":"Feature","geometry":{"type":"Polygon","coordinates":[[[108.7601,13.1153],[108.7601,13.1215],[108.7588,13.124],[108.754,13.1282],[108.7496,13.129],[108.744,13.1256],[108.7353,13.122],[108.7319,13.1213],[108.7253,13.1225],[108.7234,13.1266],[108.726,13.131],[108.7304,13.1355],[108.7358,13.139],[108.7432,13.142],[108.7459,13.144],[108.7474,13.1472],[108.7465,13.1487],[108.7426,13.1502],[108.7384,13.1501],[108.7307,13.1471],[108.7215,13.145],[108.7171,13.1447],[108.7115,13.1461],[108.7101,13.1484],[108.7076,13.1589],[108.7058,13.1622],[108.701,13.1638],[108.6935,13.1628],[108.6877,13.1634],[108.6793,13.1676],[108.6687,13.1764],[108.6613,13.18],[108.6597,13.1796],[108.6554,13.1751],[108.6545,13.1729],[108.6517,13.1715],[108.6478,13.1729],[108.6449,13.1725],[108.6407,13.1775],[108.6384,13.1775],[108.6374,13.1742],[108.636,13.1736],[108.6317,13.1692],[108.6268,13.1669],[108.6163,13.1602],[108.6126,13.1571],[108.6058,13.153],[108.5945,13.1354],[108.5814,13.1345],[108.575,13.1295],[108.5692,13.1298],[108.5514,13.1283],[108.5341,13.1197],[108.5329,13.1188],[108.5291,13.121],[108.5291,13.1243],[108.5269,13.1249],[108.5245,13.1224],[108.5233,13.1237],[108.5151,13.1241],[108.5113,13.1219],[108.513,13.1173],[108.5108,13.1111],[108.4992,13.1133],[108.492,13.1108],[108.4905,13.1087],[108.4931,13.1062],[108.4922,13.1022],[108.4884,13.0988],[108.4954,13.0956],[108.4991,13.09],[108.5005,13.0843],[108.5031,13.0838],[108.5055,13.0817],[108.5093,13.0801],[108.513,13.0758],[108.5149,13.0716],[108.5181,13.0733],[108.5193,13.0713],[108.5174,13.0678],[108.5212,13.0634],[108.5166,13.0605],[108.5166,13.0581],[108.5148,13.0551],[108.5112,13.046],[108.5136,13.0421],[108.5137,13.0402],[108.5108,13.0374],[108.5131,13.0344],[108.5157,13.0326],[108.5184,13.0339],[108.5227,13.0328],[108.5295,13.0345],[108.5332,13.0329],[108.5361,13.0326],[108.5465,13.0283],[108.5686,13.0196],[108.5723,13.0234],[108.574,13.0237],[108.5778,13.0283],[108.585,13.0291],[108.5874,13.0287],[108.592,13.0296],[108.594,13.0264],[108.599,13.0221],[108.6006,13.0179],[108.6041,13.0197],[108.6058,13.0195],[108.6098,13.0135],[108.6123,13.012],[108.6143,13.0076],[108.6182,13.0102],[108.6267,13.0076],[108.6296,13.01],[108.6453,13.0108],[108.6457,13.0078],[108.6517,13.0017],[108.6578,12.9992],[108.6638,13.0033],[108.6676,13.0013],[108.6703,13.0019],[108.6738,12.999],[108.6754,12.996],[108.6796,12.9971],[108.6819,12.999],[108.6817,13.0012],[108.686,13.004],[108.6894,13.009],[108.6929,13.0167],[108.7138,13.0176],[108.7313,13.0232],[108.7453,13.029],[108.7565,13.0327],[108.7507,13.0918],[108.7563,13.1016],[108.757,13.1074],[108.7601,13.1153]]]},"properties":{"ma_xa":"24100","ten_xa":"Ia Dreh","sap_nhap":"Ia Rmok, Krông Năng, Ia Dreh","tru_so":"đang cập nhật","loai":"Xã","cap":2,"stt":108,"dtich_km2":379.69,"dan_so":16643,"matdo_km2":43.83,"ma_tinh":"52","ten_tinh":"Gia Lai"}},
{"type":"Feature","geometry":{"type":"Polygon","coordinates":[[[107.864,14.0789],[107.8514,14.078],[107.8483,14.0754],[107.841,14.0762],[107.8404,14.0784],[107.8349,14.077],[107.8277,14.073],[107.8236,14.0749],[107.8203,14.074],[107.8162,14.0754],[107.8143,14.0784],[107.8103,14.0777],[107.8087,14.0756],[107.8057,14.0746],[107.8029,14.0761],[107.7973,14.0746],[107.793,14.075],[107.788,14.0795],[107.7834,14.0822],[107.7823,14.0802],[107.7802,14.0803],[107.7749,14.0844],[107.7729,14.0816],[107.7663,14.0831],[107.7617,14.0786],[107.7564,14.0763],[107.7492,14.0762],[107.7456,14.0749],[107.7417,14.0721],[107.7359,14.0717],[107.733,14.0667],[107.7295,14.059],[107.7277,14.0567],[107.7291,14.0544],[107.7258,14.0496],[107.7235,14.0495],[107.7189,14.0477],[107.7141,14.0474],[107.7124,14.0462],[107.7113,14.0428],[107.7061,14.043],[107.7067,14.0406],[107.7039,14.0368],[107.7046,14.0339],[107.6984,14.0327],[107.699,14.0304],[107.697,14.0273],[107.6987,14.025],[107.7002,14.0187],[107.7003,14.0147],[107.7015,14.0136],[107.7013,14.0103],[107.7046,14.0056],[107.7073,14.0007],[107.7097,13.9991],[107.7087,13.9964],[107.7106,13.9937],[107.7078,13.986],[107.7025,13.9821],[107.6987,13.9763],[107.6944,13.9762],[107.6912,13.9725],[107.6975,13.9715],[107.6979,13.9684],[107.7016,13.9693],[107.7029,13.9669],[107.7063,13.9681],[107.7117,13.9666],[107.7187,13.9657],[107.7178,13.9622],[107.7213,13.963],[107.7251,13.9626],[107.729,13.9612],[107.7298,13.9579],[107.7331,13.9587],[107.7347,13.9626],[107.7403,13.9655],[107.7424,13.9616],[107.7472,13.9594],[107.7489,13.9577],[107.7516,13.9527],[107.7506,13.9468],[107.7569,13.9424],[107.7592,13.9458],[107.7612,13.9443],[107.7654,13.9466],[107.768,13.9464],[107.7714,13.9483],[107.7718,13.9511],[107.7754,13.9508],[107.7768,13.9486],[107.7798,13.9484],[107.7828,13.9505],[107.7856,13.9504],[107.7927,13.9461],[107.7978,13.9474],[107.8026,13.9471],[107.809,13.9444],[107.8095,13.9423],[107.8153,13.9412],[107.8178,13.938],[107.8194,13.9391],[107.8245,13.9367],[107.8297,13.9366],[107.8327,13.9398],[107.8351,13.9372],[107.8381,13.9353],[107.8438,13.9377],[107.8477,13.9378],[107.848,13.9395],[107.856,13.9414],[107.8557,13.9475],[107.8589,13.9529],[107.8674,13.9544],[107.8689,13.9577],[107.8726,13.9607],[107.8796,13.9629],[107.8844,13.9664],[107.8894,13.967],[107.8916,13.9696],[107.8963,13.9728],[107.8969,13.976],[107.8952,13.9836],[107.8889,13.9854],[107.8863,13.9831],[107.883,13.9828],[107.8785,13.9814],[107.8733,13.9831],[107.8657,13.984],[107.8633,13.9858],[107.8608,13.9827],[107.8531,13.9862],[107.8521,13.9885],[107.8447,13.988],[107.8452,13.9936],[107.847,13.998],[107.8499,14.0031],[107.8561,14.0076],[107.8563,14.0108],[107.8553,14.0146],[107.8541,14.0231],[107.8547,14.0258],[107.8565,14.0277],[107.8585,14.0319],[107.8585,14.0364],[107.8597,14.0387],[107.8624,14.0398],[107.8655,14.0396],[107.873,14.0349],[107.873,14.032],[107.879,14.0377],[107.8782,14.046],[107.879,14.0477],[107.8752,14.0491],[107.8736,14.0536],[107.8695,14.0572],[107.8673,14.0576],[107.8655,14.0598],[107.8665,14.0622],[107.8704,14.0652],[107.87,14.0675],[107.8711,14.0722],[107.8647,14.0761],[107.864,14.0789]]]},"properties":{"ma_xa":"23764","ten_xa":"Ia Grai","sap_nhap":"Ia Kha (thị trấn), Ia Bă, Ia Grăng","tru_so":"đang cập nhật","loai":"Xã","cap":2,"stt":121,"dtich_km2":239.84,"dan_so":24625,"matdo_km2":102.67,"ma_tinh":"52","ten_tinh":"Gia Lai"}},
{"type":"Feature","geometry":{"type":"Polygon","coordinates":[[[108.4144,13.4599],[108.4078,13.4604],[108.4055,13.4576],[108.4034,13.4593],[108.4052,13.4626],[108.4015,13.4658],[108.3993,13.4653],[108.3994,13.4618],[108.396,13.4626],[108.3948,13.4693],[108.389,13.4714],[108.3857,13.476],[108.3867,13.4796],[108.3912,13.4807],[108.3929,13.4844],[108.3904,13.4865],[108.387,13.4816],[108.3776,13.4803],[108.3757,13.4837],[108.3731,13.4822],[108.3659,13.4818],[108.3668,13.4796],[108.3613,13.4807],[108.3575,13.4794],[108.3594,13.475],[108.3557,13.4722],[108.352,13.4715],[108.3521,13.4693],[108.3454,13.4625],[108.34,13.4599],[108.336,13.4601],[108.3317,13.463],[108.3295,13.4578],[108.3262,13.4527],[108.3228,13.4502],[108.3209,13.4471],[108.3213,13.4446],[108.3186,13.4419],[108.3188,13.4377],[108.3141,13.4358],[108.3125,13.4334],[108.3084,13.4305],[108.3081,13.4268],[108.2992,13.4212],[108.2957,13.4169],[108.2942,13.4137],[108.291,13.4135],[108.2894,13.4117],[108.2862,13.4111],[108.2809,13.4069],[108.2792,13.4095],[108.276,13.4083],[108.2752,13.4056],[108.2699,13.4024],[108.2673,13.4025],[108.2655,13.3962],[108.2675,13.3921],[108.2693,13.3911],[108.2717,13.3865],[108.2701,13.3852],[108.27,13.3816],[108.2676,13.3767],[108.2636,13.3722],[108.2817,13.3605],[108.287,13.3548],[108.2874,13.3521],[108.2896,13.3513],[108.2921,13.352],[108.2965,13.3506],[108.3126,13.3427],[108.3106,13.3502],[108.3118,13.3542],[108.316,13.3549],[108.3175,13.3583],[108.3216,13.359],[108.3229,13.3634],[108.3219,13.3682],[108.3204,13.3713],[108.3217,13.3742],[108.3216,13.3795],[108.3227,13.3842],[108.3248,13.3902],[108.3247,13.3936],[108.3261,13.3952],[108.3296,13.3955],[108.333,13.3983],[108.3359,13.4079],[108.3375,13.4115],[108.3429,13.414],[108.3475,13.4154],[108.3497,13.413],[108.3521,13.4124],[108.3558,13.4134],[108.3623,13.4131],[108.3654,13.4143],[108.3664,13.4103],[108.3711,13.4107],[108.3741,13.4122],[108.3734,13.4159],[108.3824,13.4182],[108.3861,13.4147],[108.3923,13.4156],[108.3914,13.4178],[108.3968,13.4164],[108.398,13.4172],[108.3968,13.421],[108.3998,13.4216],[108.401,13.4197],[108.4034,13.4221],[108.4068,13.4185],[108.4118,13.4205],[108.4155,13.4202],[108.4165,13.425],[108.4184,13.4257],[108.4205,13.4294],[108.4234,13.4317],[108.425,13.4399],[108.4287,13.439],[108.4313,13.4394],[108.4331,13.4429],[108.4365,13.4423],[108.4368,13.4463],[108.4324,13.4479],[108.4306,13.447],[108.43,13.4427],[108.4267,13.444],[108.4269,13.4484],[108.4247,13.4525],[108.4246,13.4577],[108.4206,13.4578],[108.4185,13.4552],[108.416,13.4562],[108.4144,13.4599]]]},"properties":{"ma_xa":"24061","ten_xa":"Ia Hiao","sap_nhap":"Chrôh Pơnan, Ia Peng, Ia Hiao","tru_so":"đang cập nhật","loai":"Xã","cap":2,"stt":103,"dtich_km2":108.38,"dan_so":21352,"matdo_km2":197.01,"ma_tinh":"52","ten_tinh":"Gia Lai"}},
{"type":"Feature","geometry":{"type":"Polygon","coordinates":[[[108.3152,13.6764],[108.3054,13.6744],[108.2943,13.6785],[108.2805,13.692],[108.2757,13.6972],[108.2635,13.704],[108.2515,13.7066],[108.2392,13.697],[108.2386,13.6949],[108.2334,13.684],[108.2192,13.6862],[108.2056,13.6844],[108.1857,13.6825],[108.1828,13.6817],[108.1881,13.6793],[108.1913,13.6788],[108.1951,13.6766],[108.1959,13.6749],[108.1902,13.6635],[108.1887,13.6614],[108.1861,13.6535],[108.1837,13.6492],[108.1846,13.6475],[108.1799,13.6444],[108.1821,13.6382],[108.1789,13.6363],[108.1761,13.6363],[108.1741,13.6341],[108.1682,13.634],[108.162,13.6311],[108.1581,13.6326],[108.155,13.6317],[108.1511,13.6338],[108.1498,13.6368],[108.1496,13.6411],[108.1453,13.6483],[108.1413,13.6468],[108.1385,13.6482],[108.1374,13.6465],[108.139,13.6414],[108.1339,13.6415],[108.129,13.6404],[108.1231,13.64],[108.1209,13.6381],[108.1191,13.639],[108.1161,13.6379],[108.1141,13.636],[108.1105,13.6352],[108.1094,13.6382],[108.1058,13.6443],[108.1026,13.6427],[108.1011,13.6371],[108.1051,13.6327],[108.1063,13.6256],[108.1078,13.6229],[108.1065,13.6173],[108.1043,13.617],[108.1022,13.6192],[108.0973,13.6219],[108.095,13.6209],[108.0929,13.6242],[108.0887,13.6243],[108.073,13.6268],[108.0705,13.6242],[108.0675,13.6231],[108.0694,13.6191],[108.0666,13.6128],[108.0657,13.6072],[108.0627,13.6034],[108.0617,13.6007],[108.0622,13.5967],[108.0564,13.595],[108.0467,13.5898],[108.0458,13.5873],[108.0431,13.5841],[108.0419,13.5811],[108.0435,13.5765],[108.0484,13.5774],[108.0505,13.5766],[108.0567,13.5778],[108.0617,13.5773],[108.066,13.5755],[108.0696,13.5728],[108.0706,13.5696],[108.0731,13.5694],[108.0741,13.5722],[108.076,13.5732],[108.0796,13.5711],[108.0802,13.5745],[108.0837,13.5769],[108.0954,13.576],[108.0969,13.5751],[108.1027,13.5751],[108.1058,13.5757],[108.1104,13.5754],[108.1171,13.5768],[108.1225,13.5744],[108.125,13.5742],[108.1271,13.5718],[108.1295,13.5718],[108.1322,13.5656],[108.1338,13.5598],[108.1358,13.5584],[108.1388,13.5532],[108.1385,13.5518],[108.1411,13.5488],[108.1459,13.5463],[108.1474,13.5427],[108.1507,13.5423],[108.1547,13.5442],[108.1592,13.5419],[108.1628,13.5441],[108.1643,13.5464],[108.1685,13.5473],[108.168,13.5514],[108.1692,13.5536],[108.172,13.5534],[108.1725,13.5553],[108.1775,13.5554],[108.1835,13.554],[108.1871,13.5544],[108.187,13.5525],[108.1931,13.5434],[108.1997,13.5429],[108.2002,13.5414],[108.2039,13.5394],[108.2053,13.5406],[108.2095,13.5336],[108.2127,13.5327],[108.2163,13.5328],[108.2213,13.5358],[108.2248,13.5357],[108.2278,13.5332],[108.2329,13.5354],[108.2341,13.539],[108.2331,13.5454],[108.2346,13.5461],[108.2357,13.5491],[108.2363,13.5627],[108.2353,13.5683],[108.2326,13.5726],[108.2321,13.5791],[108.2332,13.5814],[108.2353,13.5826],[108.2358,13.5858],[108.2428,13.5921],[108.244,13.5953],[108.2508,13.6028],[108.2544,13.6092],[108.2668,13.6244],[108.2681,13.6321],[108.2678,13.6344],[108.269,13.6373],[108.2773,13.6429],[108.2767,13.6487],[108.2779,13.6504],[108.2755,13.6599],[108.276,13.664],[108.2809,13.663],[108.2826,13.6619],[108.2854,13.6639],[108.2898,13.6642],[108.3011,13.6615],[108.3083,13.6658],[108.3118,13.67],[108.3167,13.6712],[108.3152,13.6764]]]},"properties":{"ma_xa":"23971","ten_xa":"Ia Hrú","sap_nhap":"Ia Dreng, Ia Rong, HBông, Ia Hrú","tru_so":"đang cập nhật","loai":"Xã","cap":2,"stt":81,"dtich_km2":241.8,"dan_so":37165,"matdo_km2":153.7,"ma_tinh":"52","ten_tinh":"Gia Lai"}},
{"type":"Feature","geometry":{"type":"Polygon","coordinates":[[[107.864,14.0789],[107.8647,14.0761],[107.8711,14.0722],[107.87,14.0675],[107.8704,14.0652],[107.8665,14.0622],[107.8655,14.0598],[107.8673,14.0576],[107.8695,14.0572],[107.8736,14.0536],[107.8752,14.0491],[107.879,14.0477],[107.8782,14.046],[107.879,14.0377],[107.873,14.032],[107.873,14.0349],[107.8655,14.0396],[107.8624,14.0398],[107.8597,14.0387],[107.8585,14.0364],[107.8585,14.0319],[107.8565,14.0277],[107.8547,14.0258],[107.8541,14.0231],[107.8553,14.0146],[107.8563,14.0108],[107.8561,14.0076],[107.8499,14.0031],[107.847,13.998],[107.8452,13.9936],[107.8447,13.988],[107.8521,13.9885],[107.8531,13.9862],[107.8608,13.9827],[107.8633,13.9858],[107.8657,13.984],[107.8733,13.9831],[107.8785,13.9814],[107.883,13.9828],[107.8863,13.9831],[107.8889,13.9854],[107.8952,13.9836],[107.8969,13.976],[107.8963,13.9728],[107.9003,13.9651],[107.898,13.9613],[107.8971,13.9583],[107.8981,13.9551],[107.9054,13.9503],[107.907,13.9512],[107.9129,13.9512],[107.9199,13.9476],[107.9224,13.9479],[107.9273,13.9445],[107.9308,13.9446],[107.9364,13.9391],[107.94,13.9389],[107.9462,13.9471],[107.9487,13.948],[107.9519,13.9471],[107.9536,13.9478],[107.9572,13.9535],[107.9519,13.9587],[107.953,13.961],[107.957,13.9631],[107.9629,13.9629],[107.9656,13.9651],[107.968,13.9643],[107.9697,13.9656],[107.9737,13.9661],[107.976,13.968],[107.9811,13.9669],[107.9811,13.97],[107.9825,13.9719],[107.9831,13.9782],[107.9888,13.9918],[107.9889,13.9954],[107.9855,13.998],[107.9856,14.0038],[107.9831,14.0035],[107.982,14.0112],[107.9765,14.0115],[107.9713,14.0106],[107.9693,14.0115],[107.9645,14.0093],[107.961,14.0097],[107.9596,14.0183],[107.9638,14.0198],[107.9636,14.0221],[107.961,14.0233],[107.9648,14.0294],[107.9631,14.0392],[107.9776,14.0419],[107.9839,14.04],[107.9834,14.0459],[107.9853,14.0502],[107.9839,14.0523],[107.9796,14.0515],[107.975,14.0533],[107.9695,14.0528],[107.9665,14.0536],[107.9648,14.0521],[107.9628,14.0536],[107.9642,14.0557],[107.963,14.0596],[107.9618,14.0673],[107.9585,14.0709],[107.9587,14.0744],[107.9551,14.0734],[107.9507,14.0753],[107.9465,14.0801],[107.944,14.0808],[107.9395,14.0852],[107.9384,14.0851],[107.9373,14.0803],[107.9333,14.0835],[107.9311,14.0837],[107.9281,14.0864],[107.9272,14.0893],[107.9281,14.0909],[107.9206,14.0944],[107.9185,14.0933],[107.9158,14.0948],[107.9127,14.0951],[107.9098,14.0983],[107.9063,14.0989],[107.9053,14.1016],[107.8999,14.1006],[107.8988,14.1022],[107.8955,14.0989],[107.8932,14.1001],[107.8893,14.1008],[107.8878,14.1054],[107.8853,14.1053],[107.8802,14.0966],[107.8808,14.0953],[107.878,14.0912],[107.8766,14.0915],[107.8746,14.0873],[107.876,14.0828],[107.8705,14.0817],[107.864,14.0789]]]},"properties":{"ma_xa":"23767","ten_xa":"Ia Hrung","sap_nhap":"Ia Sao (huyện Ia Grai), Ia Yok, Ia Dêr, Ia Hrung","tru_so":"đang cập nhật","loai":"Xã","cap":2,"stt":123,"dtich_km2":169.15,"dan_so":37219,"matdo_km2":220.04,"ma_tinh":"52","ten_tinh":"Gia Lai"}},
{"type":"Feature","geometry":{"type":"Polygon","coordinates":[[[108.0818,14.3343],[108.0786,14.3324],[108.0785,14.329],[108.0815,14.3266],[108.0866,14.3249],[108.0883,14.3228],[108.0873,14.3174],[108.0882,14.3152],[108.0848,14.3133],[108.081,14.3136],[108.0818,14.3106],[108.0775,14.309],[108.0737,14.3066],[108.0722,14.3038],[108.0734,14.3009],[108.0706,14.299],[108.072,14.2942],[108.0705,14.2933],[108.0677,14.289],[108.0669,14.2855],[108.0685,14.2838],[108.066,14.2812],[108.0666,14.2777],[108.0625,14.2751],[108.0623,14.2723],[108.0597,14.2705],[108.0573,14.2654],[108.055,14.2664],[108.0529,14.2695],[108.0494,14.2732],[108.0456,14.2731],[108.0431,14.277],[108.0401,14.2774],[108.037,14.2746],[108.0347,14.274],[108.0341,14.269],[108.031,14.2665],[108.0276,14.2604],[108.0245,14.2564],[108.0257,14.2546],[108.0248,14.252],[108.0201,14.2483],[108.0169,14.2494],[108.0168,14.2447],[108.015,14.241],[108.0116,14.2408],[108.01,14.2396],[108.0072,14.2399],[108.0018,14.2444],[107.9981,14.2443],[107.9922,14.2455],[107.9887,14.244],[107.9866,14.2452],[107.9818,14.2447],[107.977,14.2394],[107.9739,14.2381],[107.9678,14.2324],[107.9613,14.2275],[107.9549,14.2313],[107.953,14.2363],[107.9492,14.2426],[107.9467,14.2429],[107.9489,14.2375],[107.9471,14.2326],[107.9441,14.2288],[107.9473,14.2204],[107.9468,14.2153],[107.9476,14.2129],[107.9448,14.2111],[107.9403,14.206],[107.9396,14.2026],[107.9377,14.2028],[107.9379,14.1982],[107.9349,14.195],[107.9352,14.1931],[107.94,14.1927],[107.9439,14.1897],[107.9481,14.1898],[107.9518,14.1871],[107.9533,14.1883],[107.9567,14.1878],[107.9582,14.1891],[107.9626,14.1881],[107.966,14.1835],[107.9692,14.1816],[107.9721,14.181],[107.9748,14.1781],[107.9791,14.1767],[107.9818,14.1776],[107.9859,14.1775],[107.9885,14.1798],[107.9956,14.1831],[107.9973,14.1801],[107.9971,14.1756],[108.0013,14.1752],[108.0021,14.1729],[108.0054,14.1723],[108.0085,14.1648],[108.0175,14.1668],[108.0273,14.1673],[108.0349,14.1656],[108.0376,14.1664],[108.0425,14.1701],[108.0459,14.1652],[108.0487,14.1656],[108.0513,14.1716],[108.0554,14.1781],[108.0584,14.1734],[108.0604,14.1717],[108.0607,14.1661],[108.0656,14.1607],[108.0678,14.1558],[108.0729,14.1531],[108.0748,14.1512],[108.076,14.1474],[108.0794,14.1441],[108.0836,14.1432],[108.0852,14.1448],[108.0896,14.1459],[108.0914,14.1487],[108.0904,14.1509],[108.0894,14.1537],[108.0867,14.1557],[108.0822,14.1567],[108.0799,14.1653],[108.0784,14.1752],[108.0818,14.1765],[108.0846,14.179],[108.085,14.1811],[108.0885,14.1835],[108.0923,14.1843],[108.0922,14.1867],[108.0964,14.1907],[108.0988,14.1959],[108.1028,14.1947],[108.1039,14.1985],[108.1079,14.2003],[108.1074,14.2038],[108.1095,14.206],[108.11,14.21],[108.1117,14.2102],[108.1152,14.2138],[108.1163,14.2183],[108.1212,14.2205],[108.1221,14.2235],[108.1257,14.2252],[108.1294,14.223],[108.1315,14.2236],[108.1341,14.2275],[108.1378,14.2288],[108.1415,14.2278],[108.1453,14.2302],[108.1474,14.2277],[108.151,14.2275],[108.1605,14.2318],[108.1623,14.2333],[108.1669,14.2259],[108.1711,14.2254],[108.1759,14.223],[108.1788,14.2199],[108.1807,14.2159],[108.1852,14.2139],[108.1881,14.2156],[108.1928,14.2163],[108.1941,14.2181],[108.1932,14.2208],[108.1944,14.2232],[108.196,14.2339],[108.1986,14.2398],[108.2021,14.2435],[108.2026,14.247],[108.2067,14.2542],[108.2063,14.2592],[108.211,14.2606],[108.2122,14.2651],[108.2117,14.2678],[108.2132,14.2689],[108.2121,14.273],[108.2094,14.2737],[108.2052,14.2788],[108.202,14.2817],[108.2025,14.2851],[108.2055,14.2864],[108.2065,14.2914],[108.2063,14.2971],[108.2076,14.299],[108.2063,14.3022],[108.2062,14.3138],[108.2076,14.3166],[108.2105,14.3194],[108.2116,14.3218],[108.2049,14.3266],[108.2039,14.3241],[108.1997,14.3197],[108.195,14.3228],[108.1938,14.3254],[108.1954,14.3317],[108.1944,14.3347],[108.1955,14.3382],[108.1984,14.3418],[108.2009,14.3468],[108.2027,14.3465],[108.2053,14.3495],[108.2064,14.3529],[108.209,14.3535],[108.2116,14.3525],[108.2163,14.3554],[108.2157,14.3596],[108.2168,14.3614],[108.2203,14.3622],[108.2239,14.3653],[108.2257,14.3681],[108.2277,14.3688],[108.2284,14.3711],[108.2262,14.3735],[108.226,14.3755],[108.2283,14.3782],[108.2285,14.3815],[108.2322,14.388],[108.2325,14.3898],[108.2296,14.3923],[108.2255,14.3911],[108.221,14.3916],[108.2178,14.3891],[108.2137,14.3872],[108.2089,14.3869],[108.2071,14.3836],[108.2044,14.3803],[108.205,14.3779],[108.2007,14.3753],[108.1983,14.3727],[108.1928,14.3739],[108.19,14.3689],[108.1771,14.3678],[108.1727,14.3669],[108.17,14.3681],[108.1662,14.3644],[108.1641,14.3646],[108.1625,14.3618],[108.1604,14.3628],[108.1583,14.3585],[108.158,14.3561],[108.1559,14.3535],[108.1519,14.3536],[108.1513,14.3514],[108.1536,14.3487],[108.1484,14.3488],[108.1459,14.3478],[108.1435,14.3522],[108.145,14.3547],[108.1496,14.3595],[108.1477,14.3603],[108.1421,14.3595],[108.1395,14.3601],[108.1395,14.357],[108.133,14.3561],[108.1272,14.3566],[108.1249,14.3577],[108.1195,14.3623],[108.1148,14.3632],[108.1127,14.3609],[108.112,14.3581],[108.1086,14.3531],[108.111,14.3501],[108.1124,14.3459],[108.1107,14.3446],[108.1049,14.3438],[108.1039,14.3422],[108.1048,14.3389],[108.1004,14.3351],[108.0818,14.3343]]]},"properties":{"ma_xa":"23728","ten_xa":"Ia Khươl","sap_nhap":"Đăk Tơ Ver, Hà Tây, Ia Khươl","tru_so":"đang cập nhật","loai":"Xã","cap":2,"stt":67,"dtich_km2":351.97,"dan_so":17151,"matdo_km2":48.73,"ma_tinh":"52","ten_tinh":"Gia Lai"}},
{"type":"Feature","geometry":{"type":"Polygon","coordinates":[[[108.0929,13.6242],[108.0929,13.6262],[108.0902,13.6301],[108.0879,13.6303],[108.0864,13.6327],[108.0794,13.6343],[108.0783,13.6359],[108.0755,13.6364],[108.0732,13.6412],[108.0703,13.6447],[108.0671,13.6509],[108.0652,13.6525],[108.0645,13.655],[108.0619,13.6563],[108.0592,13.6598],[108.0597,13.6639],[108.0587,13.6664],[108.0603,13.671],[108.0583,13.6778],[108.0593,13.6813],[108.061,13.6838],[108.0606,13.6909],[108.0569,13.6976],[108.054,13.6992],[108.053,13.7014],[108.0502,13.7029],[108.0431,13.6987],[108.0353,13.7039],[108.0343,13.7063],[108.0318,13.7047],[108.0289,13.7084],[108.0251,13.7065],[108.0226,13.7085],[108.0198,13.7064],[108.0131,13.706],[108.0089,13.7068],[108.0066,13.7104],[108.0037,13.7103],[108.0039,13.7082],[108.008,13.7004],[108.0093,13.6938],[108.0084,13.6933],[108.009,13.6877],[108.0088,13.6837],[108.0078,13.6826],[108.0114,13.6785],[108.0158,13.67],[108.0165,13.6624],[108.018,13.6603],[108.0162,13.657],[108.017,13.6544],[108.0125,13.6491],[108.0123,13.6462],[108.0133,13.6399],[108.0108,13.6374],[108.0061,13.6352],[108.0026,13.6355],[107.9999,13.6341],[107.998,13.6301],[107.9926,13.6251],[107.9886,13.6243],[107.9865,13.6248],[107.9823,13.6234],[107.9769,13.6226],[107.9772,13.6184],[107.9755,13.6151],[107.9733,13.6143],[107.9729,13.6116],[107.9713,13.6099],[107.9719,13.6037],[107.9731,13.5983],[107.9721,13.5952],[107.9672,13.596],[107.9636,13.5945],[107.9612,13.5912],[107.9564,13.5935],[107.9506,13.5935],[107.946,13.5915],[107.9446,13.5873],[107.9459,13.5856],[107.9446,13.5819],[107.9422,13.5807],[107.9416,13.5745],[107.9426,13.5697],[107.9366,13.5657],[107.9342,13.5603],[107.9343,13.5573],[107.9324,13.5544],[107.9291,13.5521],[107.9278,13.5488],[107.928,13.5454],[107.9267,13.5442],[107.925,13.5381],[107.9217,13.5368],[107.9188,13.5312],[107.9221,13.5291],[107.921,13.5271],[107.9232,13.5236],[107.9219,13.5228],[107.9221,13.5186],[107.9194,13.5156],[107.92,13.5108],[107.9247,13.509],[107.9319,13.5084],[107.9363,13.5062],[107.9373,13.5042],[107.9357,13.5022],[107.9359,13.4996],[107.9333,13.4953],[107.9433,13.4847],[107.9451,13.4811],[107.9482,13.4802],[107.9501,13.485],[107.95,13.4879],[107.9525,13.49],[107.9538,13.4954],[107.9553,13.496],[107.9635,13.494],[107.9671,13.4973],[107.9719,13.4968],[107.9785,13.4994],[107.9807,13.5023],[107.9876,13.5039],[107.9933,13.5005],[108.0004,13.504],[108.0045,13.5047],[108.0151,13.5026],[108.0191,13.5023],[108.0202,13.5042],[108.0238,13.5034],[108.0273,13.5062],[108.0268,13.5113],[108.0286,13.5125],[108.0273,13.5155],[108.0309,13.5163],[108.0368,13.5198],[108.0373,13.5231],[108.0353,13.5272],[108.0378,13.5287],[108.0366,13.5321],[108.0361,13.5365],[108.0379,13.5389],[108.0418,13.5365],[108.0433,13.5387],[108.044,13.5431],[108.0474,13.5466],[108.0482,13.5495],[108.0467,13.5526],[108.0472,13.5545],[108.045,13.5615],[108.0471,13.5634],[108.0486,13.5683],[108.0476,13.5717],[108.0435,13.5765],[108.0419,13.5811],[108.0431,13.5841],[108.0458,13.5873],[108.0467,13.5898],[108.0564,13.595],[108.0622,13.5967],[108.0617,13.6007],[108.0627,13.6034],[108.0657,13.6072],[108.0666,13.6128],[108.0694,13.6191],[108.0675,13.6231],[108.0705,13.6242],[108.073,13.6268],[108.0887,13.6243],[108.0929,13.6242]]]},"properties":{"ma_xa":"23977","ten_xa":"Ia Ko","sap_nhap":"Ia Hlốp, Ia Hla, Ia Ko","tru_so":"đang cập nhật","loai":"Xã","cap":2,"stt":77,"dtich_km2":210.72,"dan_so":24935,"matdo_km2":118.33,"ma_tinh":"52","ten_tinh":"Gia Lai"}},
{"type":"Feature","geometry":{"type":"Polygon","coordinates":[[[107.7388,14.1228],[107.7311,14.1225],[107.727,14.1238],[107.7228,14.1273],[107.7206,14.1266],[107.7148,14.1279],[107.7115,14.1273],[107.707,14.1278],[107.704,14.1291],[107.7005,14.1286],[107.698,14.1305],[107.6947,14.1291],[107.6907,14.1294],[107.6892,14.131],[107.6866,14.1299],[107.682,14.1337],[107.6793,14.1342],[107.6751,14.1383],[107.668,14.1404],[107.6651,14.138],[107.6645,14.136],[107.6617,14.1325],[107.661,14.1279],[107.6612,14.124],[107.659,14.1176],[107.6575,14.1086],[107.6577,14.1034],[107.6551,14.102],[107.6512,14.1019],[107.6492,14.1007],[107.6482,14.0981],[107.6503,14.0947],[107.6541,14.0911],[107.6567,14.0876],[107.6574,14.0839],[107.6562,14.0817],[107.6526,14.0786],[107.6506,14.0747],[107.6508,14.0685],[107.6488,14.0654],[107.6434,14.0636],[107.6394,14.0601],[107.6353,14.0548],[107.6301,14.0542],[107.6258,14.0556],[107.6204,14.0612],[107.6165,14.0641],[107.6149,14.064],[107.6131,14.0611],[107.6124,14.0539],[107.6111,14.0525],[107.6049,14.0498],[107.6014,14.0459],[107.6002,14.04],[107.6004,14.0319],[107.5993,14.029],[107.5958,14.0265],[107.584,14.0213],[107.5793,14.0197],[107.5745,14.0193],[107.57,14.0206],[107.5622,14.0247],[107.5571,14.0261],[107.5498,14.025],[107.5467,14.0219],[107.5442,14.0137],[107.546,14.0126],[107.5481,14.0138],[107.5545,14.0134],[107.5575,14.0094],[107.5588,14.0091],[107.5632,14.011],[107.5682,14.0058],[107.5689,14.0035],[107.573,14.0048],[107.5772,14],[107.5804,13.9993],[107.5826,13.9945],[107.5858,13.9943],[107.5874,13.9924],[107.5916,13.991],[107.5948,13.9915],[107.5956,13.9889],[107.5987,13.9868],[107.6054,13.9781],[107.6068,13.9744],[107.6051,13.969],[107.6091,13.9638],[107.6105,13.9562],[107.6119,13.9531],[107.6108,13.9469],[107.6123,13.945],[107.6129,13.9419],[107.618,13.939],[107.6215,13.9336],[107.6213,13.9312],[107.628,13.9378],[107.631,13.9393],[107.636,13.938],[107.6422,13.9309],[107.6494,13.9319],[107.6536,13.9319],[107.6566,13.9342],[107.6653,13.9335],[107.6679,13.9341],[107.6718,13.9318],[107.6749,13.9335],[107.6805,13.9324],[107.6846,13.9332],[107.6847,13.9288],[107.6876,13.921],[107.6904,13.9187],[107.6938,13.9126],[107.6974,13.9114],[107.6997,13.9166],[107.7036,13.9179],[107.7066,13.9213],[107.7101,13.9223],[107.7161,13.9206],[107.7213,13.9206],[107.724,13.9199],[107.7363,13.9147],[107.7368,13.9119],[107.7352,13.9084],[107.7338,13.9023],[107.7356,13.8994],[107.7388,13.8981],[107.7421,13.8976],[107.7457,13.8958],[107.7492,13.891],[107.7544,13.8887],[107.7594,13.8899],[107.7613,13.8877],[107.7669,13.8876],[107.7688,13.8884],[107.7771,13.8864],[107.782,13.8869],[107.7832,13.8838],[107.7854,13.8812],[107.7971,13.8778],[107.7969,13.8825],[107.8,13.8875],[107.799,13.892],[107.8002,13.8957],[107.8021,13.8986],[107.8012,13.9012],[107.7967,13.9029],[107.7962,13.9049],[107.7993,13.9054],[107.8,13.9082],[107.8021,13.9094],[107.8025,13.9141],[107.8014,13.9182],[107.7979,13.9221],[107.8032,13.923],[107.8047,13.9259],[107.8077,13.9281],[107.8071,13.9331],[107.8112,13.9359],[107.8095,13.9423],[107.809,13.9444],[107.8026,13.9471],[107.7978,13.9474],[107.7927,13.9461],[107.7856,13.9504],[107.7828,13.9505],[107.7798,13.9484],[107.7768,13.9486],[107.7754,13.9508],[107.7718,13.9511],[107.7714,13.9483],[107.768,13.9464],[107.7654,13.9466],[107.7612,13.9443],[107.7592,13.9458],[107.7569,13.9424],[107.7506,13.9468],[107.7516,13.9527],[107.7489,13.9577],[107.7472,13.9594],[107.7424,13.9616],[107.7403,13.9655],[107.7347,13.9626],[107.7331,13.9587],[107.7298,13.9579],[107.729,13.9612],[107.7251,13.9626],[107.7213,13.963],[107.7178,13.9622],[107.7187,13.9657],[107.7117,13.9666],[107.7063,13.9681],[107.7029,13.9669],[107.7016,13.9693],[107.6979,13.9684],[107.6975,13.9715],[107.6912,13.9725],[107.6944,13.9762],[107.6987,13.9763],[107.7025,13.9821],[107.7078,13.986],[107.7106,13.9937],[107.7087,13.9964],[107.7097,13.9991],[107.7073,14.0007],[107.7046,14.0056],[107.7013,14.0103],[107.7015,14.0136],[107.7003,14.0147],[107.7002,14.0187],[107.6987,14.025],[107.697,14.0273],[107.699,14.0304],[107.6984,14.0327],[107.7046,14.0339],[107.7039,14.0368],[107.7067,14.0406],[107.7061,14.043],[107.7113,14.0428],[107.7124,14.0462],[107.7141,14.0474],[107.7189,14.0477],[107.7235,14.0495],[107.7258,14.0496],[107.7291,14.0544],[107.7277,14.0567],[107.7295,14.059],[107.733,14.0667],[107.7359,14.0717],[107.7417,14.0721],[107.7456,14.0749],[107.7492,14.0762],[107.7484,14.0775],[107.7509,14.084],[107.7498,14.0955],[107.7487,14.1003],[107.7464,14.1009],[107.7463,14.1038],[107.7435,14.1054],[107.734,14.1079],[107.7336,14.1113],[107.7345,14.1146],[107.7363,14.1164],[107.7354,14.1181],[107.7364,14.121],[107.7388,14.1228]]]},"properties":{"ma_xa":"23776","ten_xa":"Ia Krái","sap_nhap":"Ia Tô, Ia Khai, Ia Krái","tru_so":"đang cập nhật","loai":"Xã","cap":2,"stt":122,"dtich_km2":307.83,"dan_so":28889,"matdo_km2":93.85,"ma_tinh":"52","ten_tinh":"Gia Lai"}},
{"type":"Feature","geometry":{"type":"Polygon","coordinates":[[[107.7971,13.8778],[107.7854,13.8812],[107.7832,13.8838],[107.782,13.8869],[107.7771,13.8864],[107.7688,13.8884],[107.7669,13.8876],[107.7613,13.8877],[107.7594,13.8899],[107.7544,13.8887],[107.7492,13.891],[107.7457,13.8958],[107.7421,13.8976],[107.7388,13.8981],[107.7381,13.8934],[107.7353,13.8897],[107.7361,13.887],[107.7314,13.8837],[107.7286,13.8775],[107.7271,13.8765],[107.7237,13.8719],[107.7281,13.8683],[107.7308,13.864],[107.7343,13.8602],[107.7335,13.8542],[107.7349,13.8531],[107.7368,13.8481],[107.7346,13.8455],[107.7327,13.8456],[107.7308,13.8435],[107.7286,13.8441],[107.7224,13.8427],[107.7139,13.8395],[107.7085,13.8397],[107.706,13.8386],[107.7036,13.8362],[107.6973,13.8332],[107.6965,13.8317],[107.7009,13.8257],[107.7039,13.8239],[107.705,13.8207],[107.7011,13.8178],[107.7031,13.814],[107.7094,13.8129],[107.7202,13.8185],[107.7255,13.8188],[107.7322,13.8167],[107.7383,13.8173],[107.7407,13.8144],[107.7397,13.8063],[107.7369,13.8016],[107.7367,13.7955],[107.7395,13.7956],[107.7464,13.7974],[107.7464,13.7923],[107.7525,13.7899],[107.7554,13.7871],[107.7553,13.7832],[107.7565,13.7808],[107.7555,13.774],[107.7576,13.7704],[107.762,13.7687],[107.7662,13.7647],[107.7669,13.7613],[107.7699,13.754],[107.773,13.7498],[107.7758,13.7492],[107.7781,13.7443],[107.7783,13.7418],[107.7758,13.7365],[107.7729,13.7327],[107.7703,13.7318],[107.7704,13.728],[107.7681,13.7247],[107.7697,13.7225],[107.7661,13.7189],[107.7696,13.7183],[107.7703,13.7201],[107.7735,13.7222],[107.7783,13.7234],[107.7802,13.7275],[107.7854,13.7319],[107.7944,13.734],[107.797,13.7359],[107.8016,13.7414],[107.8061,13.7436],[107.8066,13.7468],[107.8091,13.7484],[107.8069,13.7507],[107.8088,13.7539],[107.8114,13.7541],[107.8118,13.759],[107.8132,13.7618],[107.8122,13.7636],[107.8149,13.7649],[107.8161,13.7628],[107.8214,13.7615],[107.8253,13.7635],[107.8263,13.7609],[107.8302,13.7627],[107.8271,13.7665],[107.8303,13.7691],[107.8249,13.7695],[107.8231,13.7714],[107.8227,13.7779],[107.8216,13.7805],[107.8257,13.7863],[107.8259,13.7894],[107.823,13.7919],[107.8267,13.7948],[107.8267,13.7994],[107.8264,13.802],[107.8289,13.8033],[107.8314,13.8067],[107.8329,13.8103],[107.827,13.8114],[107.8276,13.8155],[107.8257,13.8154],[107.8259,13.8211],[107.8246,13.8265],[107.8258,13.8298],[107.8245,13.8309],[107.8246,13.8341],[107.8228,13.835],[107.8211,13.8401],[107.8226,13.8411],[107.8241,13.8447],[107.8244,13.8523],[107.8238,13.8549],[107.8246,13.8624],[107.8237,13.8646],[107.8204,13.8672],[107.8185,13.8708],[107.8191,13.8748],[107.8205,13.8765],[107.8173,13.8797],[107.8134,13.878],[107.8115,13.8787],[107.8086,13.8778],[107.8053,13.8793],[107.8044,13.878],[107.7971,13.8778]]]},"properties":{"ma_xa":"23866","ten_xa":"Ia Krêl","sap_nhap":"Ia Lang, Ia Din, Ia Krêl","tru_so":"đang cập nhật","loai":"Xã","cap":2,"stt":126,"dtich_km2":146.92,"dan_so":22944,"matdo_km2":156.17,"ma_tinh":"52","ten_tinh":"Gia Lai"}},
{"type":"Feature","geometry":{"type":"Polygon","coordinates":[[[107.9188,13.5312],[107.9165,13.5419],[107.9162,13.55],[107.9153,13.5539],[107.914,13.5551],[107.9116,13.5529],[107.9094,13.5491],[107.9036,13.5469],[107.9019,13.5436],[107.9001,13.5429],[107.8889,13.5451],[107.8872,13.5416],[107.8811,13.5363],[107.8776,13.5342],[107.8759,13.5367],[107.8742,13.5356],[107.8697,13.5356],[107.8696,13.5342],[107.8619,13.5289],[107.8584,13.5282],[107.8536,13.5229],[107.8501,13.5222],[107.85,13.5167],[107.8475,13.5165],[107.8423,13.5185],[107.8399,13.5133],[107.8316,13.5152],[107.8303,13.5163],[107.8189,13.5182],[107.8065,13.5214],[107.8008,13.5213],[107.8007,13.5251],[107.796,13.5287],[107.7976,13.5265],[107.7975,13.5188],[107.7991,13.5181],[107.8018,13.5061],[107.8035,13.5057],[107.8037,13.5017],[107.8014,13.496],[107.7988,13.4946],[107.7985,13.4902],[107.8009,13.4888],[107.8029,13.4855],[107.8022,13.4773],[107.7996,13.4735],[107.7995,13.4715],[107.8013,13.4677],[107.8003,13.4642],[107.8007,13.456],[107.8064,13.4574],[107.8108,13.4564],[107.8113,13.4478],[107.8089,13.4436],[107.811,13.4406],[107.8104,13.4378],[107.8131,13.4332],[107.8106,13.4323],[107.806,13.4288],[107.8036,13.4297],[107.8006,13.427],[107.8003,13.4231],[107.8015,13.4216],[107.801,13.4171],[107.7984,13.4156],[107.8,13.4108],[107.796,13.4081],[107.7957,13.4026],[107.7987,13.4015],[107.8013,13.3938],[107.8051,13.3944],[107.8138,13.394],[107.8158,13.3928],[107.8196,13.3925],[107.8318,13.3967],[107.8389,13.4005],[107.851,13.3896],[107.8756,13.3941],[107.8791,13.3926],[107.8794,13.3907],[107.8827,13.3903],[107.8831,13.3879],[107.8855,13.3883],[107.8865,13.3847],[107.8982,13.3872],[107.9012,13.3886],[107.9075,13.3888],[107.9083,13.388],[107.9139,13.3881],[107.9189,13.386],[107.9229,13.3852],[107.9241,13.3922],[107.9231,13.3949],[107.9235,13.3985],[107.9259,13.3999],[107.9259,13.4025],[107.9335,13.4329],[107.9306,13.4386],[107.9288,13.4386],[107.9254,13.4443],[107.9229,13.4516],[107.9267,13.4554],[107.9311,13.4546],[107.9316,13.4582],[107.935,13.4578],[107.9354,13.4602],[107.9413,13.4606],[107.9445,13.4646],[107.9479,13.4651],[107.9495,13.4677],[107.9494,13.4735],[107.9482,13.4802],[107.9451,13.4811],[107.9433,13.4847],[107.9333,13.4953],[107.9359,13.4996],[107.9357,13.5022],[107.9373,13.5042],[107.9363,13.5062],[107.9319,13.5084],[107.9247,13.509],[107.92,13.5108],[107.9194,13.5156],[107.9221,13.5186],[107.9219,13.5228],[107.9232,13.5236],[107.921,13.5271],[107.9221,13.5291],[107.9188,13.5312]]]},"properties":{"ma_xa":"23935","ten_xa":"Ia Lâu","sap_nhap":"Ia Piơr, Ia Lâu","tru_so":"đang cập nhật","loai":"Xã","cap":2,"stt":72,"dtich_km2":215.02,"dan_so":23105,"matdo_km2":107.46,"ma_tinh":"52","ten_tinh":"Gia Lai"}},
{"type":"Feature","geometry":{"type":"Polygon","coordinates":[[[108.2021,13.4518],[108.197,13.4538],[108.1942,13.4534],[108.1916,13.4547],[108.1899,13.4574],[108.1788,13.4584],[108.1783,13.4597],[108.1709,13.4584],[108.1697,13.4599],[108.1613,13.4598],[108.1576,13.4606],[108.154,13.463],[108.1514,13.4679],[108.1471,13.471],[108.1449,13.4711],[108.1443,13.4738],[108.1387,13.4785],[108.1301,13.4841],[108.122,13.4841],[108.1208,13.4859],[108.1174,13.4857],[108.1089,13.487],[108.1036,13.4886],[108.1021,13.4916],[108.099,13.4934],[108.0974,13.4968],[108.0924,13.4964],[108.09,13.498],[108.0847,13.4997],[108.083,13.4991],[108.0794,13.5009],[108.0774,13.5033],[108.0721,13.5056],[108.0688,13.5062],[108.0673,13.5083],[108.0623,13.5096],[108.0604,13.5114],[108.0588,13.51],[108.0552,13.5096],[108.0536,13.5107],[108.0495,13.5085],[108.0504,13.5053],[108.046,13.5019],[108.0417,13.5045],[108.0383,13.5076],[108.0352,13.5074],[108.0361,13.5036],[108.0307,13.5025],[108.0282,13.5012],[108.0249,13.5017],[108.0198,13.5009],[108.0191,13.5023],[108.0151,13.5026],[108.0045,13.5047],[108.0004,13.504],[107.9933,13.5005],[107.9876,13.5039],[107.9807,13.5023],[107.9785,13.4994],[107.9719,13.4968],[107.9671,13.4973],[107.9635,13.494],[107.9553,13.496],[107.9538,13.4954],[107.9525,13.49],[107.95,13.4879],[107.9501,13.485],[107.9482,13.4802],[107.9494,13.4735],[107.9495,13.4677],[107.9479,13.4651],[107.9445,13.4646],[107.9413,13.4606],[107.9354,13.4602],[107.935,13.4578],[107.9316,13.4582],[107.9311,13.4546],[107.9267,13.4554],[107.9229,13.4516],[107.9254,13.4443],[107.9288,13.4386],[107.9306,13.4386],[107.9335,13.4329],[107.9259,13.4025],[107.9259,13.3999],[107.9235,13.3985],[107.9231,13.3949],[107.9241,13.3922],[107.9229,13.3852],[107.9327,13.3757],[107.9374,13.376],[107.9406,13.3739],[107.9428,13.3736],[107.9439,13.3761],[107.9435,13.3791],[107.9453,13.3807],[107.9474,13.3798],[107.9494,13.381],[107.9492,13.3849],[107.9522,13.3858],[107.9545,13.3849],[107.9578,13.381],[107.9636,13.3799],[107.9663,13.3805],[107.9703,13.3829],[107.9735,13.3815],[107.9757,13.3836],[107.9809,13.3838],[107.9815,13.3856],[107.9799,13.3887],[107.9804,13.3912],[107.9826,13.3928],[107.9893,13.3921],[107.9928,13.3888],[107.9963,13.3906],[107.9984,13.3897],[107.9995,13.3871],[108.0053,13.3839],[108.0078,13.3814],[108.0122,13.3825],[108.0146,13.3862],[108.0208,13.3866],[108.0256,13.3917],[108.0271,13.3954],[108.0302,13.395],[108.0332,13.3957],[108.0354,13.3998],[108.0355,13.4024],[108.0385,13.4022],[108.0395,13.4003],[108.0456,13.4011],[108.0459,13.4041],[108.0474,13.4071],[108.0538,13.4123],[108.0566,13.4114],[108.0555,13.4082],[108.0662,13.4088],[108.0684,13.4098],[108.0702,13.407],[108.0704,13.4028],[108.073,13.3994],[108.077,13.4041],[108.0798,13.4043],[108.082,13.4021],[108.0841,13.4047],[108.0885,13.4073],[108.0896,13.4091],[108.0939,13.4076],[108.0985,13.41],[108.1065,13.4116],[108.11,13.4155],[108.112,13.4166],[108.1164,13.4154],[108.1207,13.4119],[108.1262,13.4092],[108.1296,13.4114],[108.1321,13.409],[108.1351,13.4093],[108.1369,13.4071],[108.1404,13.4068],[108.1417,13.4087],[108.1447,13.4071],[108.1447,13.4042],[108.1471,13.4048],[108.1496,13.4015],[108.1555,13.3997],[108.1575,13.4016],[108.1609,13.4013],[108.1649,13.3942],[108.1739,13.3915],[108.1746,13.3877],[108.1767,13.3879],[108.1772,13.3845],[108.18,13.3843],[108.1824,13.3819],[108.186,13.3809],[108.1883,13.3822],[108.1903,13.3804],[108.1933,13.3806],[108.1998,13.3777],[108.2027,13.3733],[108.2052,13.3731],[108.2092,13.3766],[108.2087,13.386],[108.2208,13.3875],[108.2242,13.3916],[108.224,13.4024],[108.2223,13.4079],[108.2253,13.4098],[108.2207,13.415],[108.2206,13.4196],[108.2238,13.4233],[108.2208,13.4286],[108.2202,13.4322],[108.2183,13.432],[108.2173,13.4423],[108.2154,13.4485],[108.2113,13.4476],[108.2072,13.4494],[108.2042,13.4497],[108.2021,13.4518]]]},"properties":{"ma_xa":"23986","ten_xa":"Ia Le","sap_nhap":"Ia Blứ, Ia Le","tru_so":"đang cập nhật","loai":"Xã","cap":2,"stt":80,"dtich_km2":316.88,"dan_so":24289,"matdo_km2":76.65,"ma_tinh":"52","ten_tinh":"Gia Lai"}},
{"type":"Feature","geometry":{"type":"Polygon","coordinates":[[[107.8633,14.2746],[107.8608,14.2733],[107.8528,14.2758],[107.8504,14.2722],[107.8445,14.2711],[107.8408,14.2689],[107.8385,14.266],[107.8384,14.2622],[107.8407,14.2555],[107.8399,14.249],[107.8372,14.235],[107.8346,14.2319],[107.8285,14.2329],[107.8266,14.2272],[107.8235,14.2243],[107.8213,14.2245],[107.82,14.2214],[107.8211,14.2186],[107.8176,14.2137],[107.815,14.2143],[107.8132,14.2132],[107.808,14.2125],[107.8054,14.2141],[107.7991,14.2197],[107.7946,14.2217],[107.7911,14.2208],[107.7886,14.2213],[107.7869,14.2246],[107.7846,14.2256],[107.7827,14.2247],[107.7807,14.2193],[107.7783,14.216],[107.7748,14.2187],[107.7728,14.2183],[107.7715,14.2156],[107.7688,14.214],[107.7642,14.2136],[107.7629,14.2124],[107.7634,14.2054],[107.7629,14.2029],[107.7601,14.2018],[107.7575,14.2025],[107.7487,14.2064],[107.7426,14.2073],[107.7383,14.2091],[107.7316,14.2134],[107.7291,14.2143],[107.7217,14.2154],[107.7158,14.2136],[107.7129,14.214],[107.7071,14.217],[107.7003,14.2155],[107.6955,14.2171],[107.692,14.2202],[107.6877,14.221],[107.6866,14.2146],[107.6832,14.206],[107.6801,14.2038],[107.678,14.1999],[107.6786,14.1949],[107.6784,14.1902],[107.6772,14.1876],[107.6737,14.1829],[107.672,14.1788],[107.6689,14.1753],[107.6639,14.1723],[107.6595,14.168],[107.6581,14.1652],[107.6582,14.1617],[107.66,14.1575],[107.6592,14.1535],[107.6608,14.1461],[107.6651,14.138],[107.668,14.1404],[107.6751,14.1383],[107.6793,14.1342],[107.682,14.1337],[107.6866,14.1299],[107.6892,14.131],[107.6907,14.1294],[107.6947,14.1291],[107.698,14.1305],[107.7005,14.1286],[107.704,14.1291],[107.707,14.1278],[107.7115,14.1273],[107.7148,14.1279],[107.7206,14.1266],[107.7228,14.1273],[107.727,14.1238],[107.7311,14.1225],[107.7388,14.1228],[107.7369,14.1252],[107.7398,14.1326],[107.7391,14.1341],[107.7431,14.1371],[107.75,14.1373],[107.7508,14.1391],[107.7573,14.1388],[107.758,14.1415],[107.766,14.1411],[107.7687,14.1397],[107.7731,14.1403],[107.7749,14.142],[107.7782,14.1414],[107.7835,14.143],[107.7849,14.1395],[107.7879,14.1404],[107.7918,14.1428],[107.7952,14.1457],[107.7993,14.1431],[107.8051,14.1478],[107.8078,14.1433],[107.8098,14.1459],[107.8135,14.1473],[107.8225,14.146],[107.828,14.1471],[107.8303,14.1463],[107.8338,14.1499],[107.8339,14.1523],[107.8389,14.1534],[107.8399,14.1486],[107.8422,14.1481],[107.8455,14.1497],[107.848,14.1537],[107.8524,14.1525],[107.857,14.1535],[107.8617,14.1521],[107.8647,14.1586],[107.8647,14.1623],[107.8676,14.1645],[107.8682,14.1675],[107.8754,14.1702],[107.8761,14.1748],[107.8806,14.1758],[107.8819,14.1883],[107.8778,14.1885],[107.8784,14.1911],[107.8728,14.194],[107.8729,14.2005],[107.8707,14.202],[107.8667,14.2025],[107.8634,14.204],[107.862,14.207],[107.862,14.2108],[107.8648,14.2131],[107.8688,14.214],[107.8749,14.2163],[107.8787,14.22],[107.8818,14.2249],[107.8842,14.2265],[107.8839,14.229],[107.8806,14.2309],[107.8831,14.2327],[107.8824,14.2381],[107.883,14.2406],[107.8809,14.2414],[107.8799,14.2449],[107.883,14.2456],[107.8842,14.244],[107.8864,14.2494],[107.8851,14.2547],[107.8904,14.2525],[107.893,14.2489],[107.8955,14.2497],[107.8939,14.2536],[107.894,14.2566],[107.892,14.2597],[107.8934,14.2621],[107.8898,14.2637],[107.889,14.2607],[107.8836,14.2583],[107.8809,14.259],[107.8768,14.2522],[107.8765,14.2483],[107.8747,14.2485],[107.8724,14.2519],[107.8726,14.2534],[107.8698,14.2554],[107.8705,14.2582],[107.8651,14.2686],[107.8633,14.2746]]]},"properties":{"ma_xa":"23734","ten_xa":"Ia Ly","sap_nhap":"Ia Ly (thị trấn), Ia Mơ Nông, Ia Kreng","tru_so":"đang cập nhật","loai":"Xã","cap":2,"stt":65,"dtich_km2":210.56,"dan_so":13847,"matdo_km2":65.76,"ma_tinh":"52","ten_tinh":"Gia Lai"}},
{"type":"Feature","geometry":{"type":"Polygon","coordinates":[[[107.796,13.5287],[107.7903,13.5325],[107.7875,13.5328],[107.7852,13.5348],[107.7816,13.5363],[107.783,13.5411],[107.787,13.5446],[107.7905,13.5461],[107.7891,13.5483],[107.7895,13.5507],[107.7869,13.5542],[107.7875,13.5569],[107.7849,13.5597],[107.7888,13.5604],[107.7867,13.566],[107.7924,13.575],[107.7953,13.5743],[107.7981,13.5775],[107.8031,13.578],[107.8075,13.5853],[107.8083,13.5884],[107.8075,13.5953],[107.8102,13.5939],[107.8129,13.6017],[107.8104,13.6018],[107.8073,13.597],[107.8052,13.5965],[107.7992,13.5934],[107.7938,13.594],[107.7954,13.5914],[107.7875,13.5891],[107.7842,13.5875],[107.7814,13.5837],[107.7742,13.5797],[107.771,13.5806],[107.7658,13.5768],[107.7625,13.5732],[107.7588,13.5738],[107.7592,13.5712],[107.7563,13.5692],[107.758,13.565],[107.7544,13.5642],[107.7258,13.5688],[107.6999,13.5573],[107.6988,13.5604],[107.6958,13.5607],[107.693,13.5621],[107.6885,13.5589],[107.6875,13.5605],[107.6844,13.5615],[107.6842,13.5642],[107.6815,13.5658],[107.68,13.5646],[107.6743,13.5642],[107.6735,13.5707],[107.6708,13.5703],[107.6639,13.5749],[107.6622,13.5742],[107.6604,13.5711],[107.661,13.5672],[107.6639,13.5648],[107.6626,13.5596],[107.6641,13.5563],[107.6631,13.5526],[107.6568,13.5469],[107.6515,13.5458],[107.6499,13.5439],[107.6498,13.5412],[107.6468,13.5397],[107.6422,13.5434],[107.6393,13.5428],[107.6356,13.5436],[107.6332,13.5455],[107.6301,13.5455],[107.6225,13.5492],[107.6149,13.5482],[107.6109,13.5489],[107.6084,13.5479],[107.6177,13.5287],[107.6201,13.499],[107.6257,13.4243],[107.6296,13.374],[107.6313,13.3599],[107.6268,13.3506],[107.6067,13.3045],[107.6147,13.3078],[107.6155,13.3112],[107.6208,13.3128],[107.6257,13.3153],[107.6282,13.3142],[107.6301,13.3164],[107.6303,13.3203],[107.6336,13.322],[107.6378,13.3218],[107.6398,13.3241],[107.6399,13.3282],[107.6414,13.3289],[107.6471,13.3256],[107.6497,13.3263],[107.6505,13.3336],[107.6497,13.3422],[107.6544,13.3427],[107.6573,13.3466],[107.6625,13.3502],[107.6656,13.3509],[107.6705,13.3495],[107.6726,13.3519],[107.6742,13.3566],[107.6756,13.358],[107.6836,13.362],[107.6857,13.3641],[107.6897,13.3626],[107.6904,13.3665],[107.6928,13.3704],[107.6961,13.3728],[107.7041,13.375],[107.7077,13.373],[107.7093,13.3703],[107.7119,13.3705],[107.7124,13.373],[107.7175,13.3741],[107.7194,13.3707],[107.7213,13.3693],[107.7248,13.3694],[107.7299,13.3661],[107.7358,13.3674],[107.7382,13.3667],[107.7401,13.3644],[107.7455,13.3646],[107.7479,13.3634],[107.7514,13.3656],[107.7515,13.3693],[107.7557,13.3688],[107.7593,13.3697],[107.7622,13.3721],[107.7633,13.3711],[107.762,13.3678],[107.7644,13.3649],[107.766,13.3658],[107.7678,13.3692],[107.7743,13.3702],[107.7756,13.3726],[107.7789,13.3734],[107.7812,13.3752],[107.786,13.3758],[107.7875,13.3782],[107.7921,13.3819],[107.7957,13.3825],[107.7979,13.3808],[107.7998,13.3824],[107.7978,13.3863],[107.7976,13.3885],[107.8009,13.3909],[107.8013,13.3938],[107.7987,13.4015],[107.7957,13.4026],[107.796,13.4081],[107.8,13.4108],[107.7984,13.4156],[107.801,13.4171],[107.8015,13.4216],[107.8003,13.4231],[107.8006,13.427],[107.8036,13.4297],[107.806,13.4288],[107.8106,13.4323],[107.8131,13.4332],[107.8104,13.4378],[107.811,13.4406],[107.8089,13.4436],[107.8113,13.4478],[107.8108,13.4564],[107.8064,13.4574],[107.8007,13.456],[107.8003,13.4642],[107.8013,13.4677],[107.7995,13.4715],[107.7996,13.4735],[107.8022,13.4773],[107.8029,13.4855],[107.8009,13.4888],[107.7985,13.4902],[107.7988,13.4946],[107.8014,13.496],[107.8037,13.5017],[107.8035,13.5057],[107.8018,13.5061],[107.7991,13.5181],[107.7975,13.5188],[107.7976,13.5265],[107.796,13.5287]]]},"properties":{"ma_xa":"23938","ten_xa":"Ia Mơ","sap_nhap":"Ia Mơ","tru_so":"đang cập nhật","loai":"Xã","cap":2,"stt":129,"dtich_km2":435.6,"dan_so":3380,"matdo_km2":7.76,"ma_tinh":"52","ten_tinh":"Gia Lai"}},
{"type":"Feature","geometry":{"type":"Polygon","coordinates":[[[107.5655,13.6678],[107.5704,13.6722],[107.5728,13.6716],[107.5813,13.6719],[107.5858,13.6703],[107.5903,13.67],[107.591,13.6664],[107.5966,13.6653],[107.5977,13.6611],[107.6033,13.6584],[107.6057,13.6621],[107.6083,13.6637],[107.6118,13.6682],[107.6145,13.6706],[107.6159,13.6752],[107.6186,13.677],[107.6195,13.6841],[107.6225,13.6837],[107.6268,13.6889],[107.6244,13.6917],[107.6241,13.6962],[107.6218,13.6968],[107.62,13.6996],[107.6207,13.7021],[107.6157,13.7061],[107.6124,13.7097],[107.6142,13.713],[107.614,13.7174],[107.6126,13.7199],[107.6145,13.7246],[107.6142,13.7263],[107.6103,13.7284],[107.6071,13.7324],[107.6066,13.7361],[107.6078,13.7409],[107.6078,13.7449],[107.6066,13.7464],[107.6078,13.755],[107.6114,13.7585],[107.6141,13.7581],[107.6168,13.7622],[107.619,13.7682],[107.6244,13.7714],[107.6261,13.7742],[107.6275,13.7795],[107.6305,13.7858],[107.6334,13.787],[107.635,13.7903],[107.6384,13.7925],[107.6377,13.7943],[107.627,13.7875],[107.6214,13.783],[107.6192,13.7823],[107.6093,13.7758],[107.6056,13.7748],[107.5954,13.7757],[107.5923,13.7754],[107.5843,13.7726],[107.5822,13.7713],[107.5752,13.7635],[107.5712,13.761],[107.5574,13.7574],[107.5546,13.7561],[107.5512,13.7572],[107.5485,13.7603],[107.5445,13.7603],[107.5406,13.763],[107.5371,13.7638],[107.5335,13.7631],[107.5304,13.7642],[107.5246,13.7635],[107.5221,13.7673],[107.5193,13.7683],[107.5144,13.767],[107.512,13.7673],[107.5047,13.7664],[107.4999,13.7691],[107.498,13.7678],[107.5065,13.7637],[107.5123,13.7604],[107.533,13.7447],[107.551,13.6921],[107.5655,13.6678]]]},"properties":{"ma_xa":"23884","ten_xa":"Ia Nan","sap_nhap":"Ia Nan","tru_so":"đang cập nhật","loai":"Xã","cap":2,"stt":131,"dtich_km2":90.31,"dan_so":8663,"matdo_km2":95.93,"ma_tinh":"52","ten_tinh":"Gia Lai"}},
{"type":"Feature","geometry":{"type":"Polygon","coordinates":[[[107.6213,13.9312],[107.6215,13.9336],[107.618,13.939],[107.6129,13.9419],[107.6123,13.945],[107.6108,13.9469],[107.6119,13.9531],[107.6105,13.9562],[107.6091,13.9638],[107.6051,13.969],[107.6068,13.9744],[107.6054,13.9781],[107.5987,13.9868],[107.5956,13.9889],[107.5948,13.9915],[107.5916,13.991],[107.5874,13.9924],[107.5858,13.9943],[107.5826,13.9945],[107.5804,13.9993],[107.5772,14],[107.573,14.0048],[107.5689,14.0035],[107.5682,14.0058],[107.5632,14.011],[107.5588,14.0091],[107.5575,14.0094],[107.5545,14.0134],[107.5481,14.0138],[107.546,14.0126],[107.5442,14.0137],[107.5426,14.0124],[107.5306,14.0138],[107.526,14.0129],[107.523,14.0107],[107.5222,14.0085],[107.5229,13.999],[107.5264,13.9849],[107.5256,13.9824],[107.5234,13.982],[107.5142,13.984],[107.5114,13.9836],[107.5049,13.9732],[107.5018,13.9708],[107.4981,13.9697],[107.4881,13.9617],[107.4824,13.9599],[107.4779,13.9594],[107.4747,13.9574],[107.4687,13.952],[107.4699,13.9457],[107.4706,13.9374],[107.4688,13.9334],[107.4652,13.9325],[107.4615,13.9297],[107.4612,13.9262],[107.4578,13.9237],[107.4578,13.9218],[107.4654,13.9223],[107.4725,13.921],[107.4735,13.9202],[107.4729,13.9154],[107.4697,13.9094],[107.4713,13.9072],[107.4704,13.904],[107.4708,13.8956],[107.4706,13.8909],[107.4693,13.8891],[107.4718,13.8878],[107.474,13.8889],[107.4789,13.8896],[107.4808,13.8891],[107.4819,13.8916],[107.4865,13.8955],[107.4893,13.895],[107.4901,13.8968],[107.4942,13.899],[107.4944,13.9034],[107.4958,13.9062],[107.4943,13.9083],[107.498,13.9108],[107.5012,13.9096],[107.5035,13.9101],[107.5058,13.9121],[107.5061,13.9159],[107.5124,13.9183],[107.513,13.9205],[107.5165,13.9234],[107.5205,13.9245],[107.5259,13.9247],[107.5323,13.9193],[107.532,13.9161],[107.5338,13.9125],[107.5376,13.9116],[107.5387,13.9097],[107.5387,13.9059],[107.5404,13.9028],[107.5449,13.9016],[107.5489,13.8994],[107.5502,13.8952],[107.5552,13.893],[107.5559,13.8955],[107.5626,13.8965],[107.5648,13.9014],[107.5704,13.9066],[107.5739,13.9108],[107.5813,13.914],[107.5814,13.9162],[107.5869,13.9158],[107.5887,13.9169],[107.5955,13.9163],[107.597,13.9151],[107.5986,13.9187],[107.5989,13.9222],[107.6009,13.9255],[107.6059,13.9279],[107.6132,13.9225],[107.6154,13.9269],[107.6188,13.9264],[107.6213,13.9312]]]},"properties":{"ma_xa":"23782","ten_xa":"Ia O","sap_nhap":"Ia O","tru_so":"đang cập nhật","loai":"Xã","cap":2,"stt":134,"dtich_km2":137.39,"dan_so":11301,"matdo_km2":82.25,"ma_tinh":"52","ten_tinh":"Gia Lai"}},
{"type":"Feature","geometry":{"type":"Polygon","coordinates":[[[108.4801,13.6131],[108.4779,13.6121],[108.4736,13.6189],[108.4725,13.6184],[108.4704,13.6117],[108.4704,13.6091],[108.4655,13.6068],[108.4645,13.6037],[108.4647,13.5998],[108.4632,13.5964],[108.4656,13.5903],[108.465,13.5865],[108.4604,13.5845],[108.4573,13.5849],[108.4571,13.5826],[108.455,13.5812],[108.4539,13.5741],[108.4522,13.5731],[108.4539,13.5695],[108.4415,13.5627],[108.4365,13.5627],[108.4332,13.5641],[108.4321,13.5618],[108.4289,13.5613],[108.4263,13.5626],[108.4241,13.561],[108.4228,13.5637],[108.4208,13.5643],[108.4189,13.5625],[108.4178,13.5589],[108.4152,13.5601],[108.412,13.559],[108.4091,13.5596],[108.4066,13.5619],[108.4019,13.5616],[108.4012,13.5586],[108.396,13.5544],[108.3953,13.5472],[108.3928,13.5449],[108.3921,13.5409],[108.3954,13.5404],[108.4145,13.5334],[108.4187,13.5303],[108.4262,13.5257],[108.4239,13.5228],[108.4241,13.5195],[108.4226,13.5165],[108.4224,13.5125],[108.4194,13.5082],[108.4203,13.5043],[108.4181,13.5034],[108.4188,13.5001],[108.417,13.4976],[108.4171,13.4953],[108.4153,13.4925],[108.4166,13.4903],[108.4143,13.486],[108.4149,13.4822],[108.4162,13.4804],[108.4138,13.4746],[108.4163,13.4725],[108.4151,13.4694],[108.4159,13.4667],[108.4121,13.4639],[108.4144,13.4599],[108.416,13.4562],[108.4185,13.4552],[108.4206,13.4578],[108.4246,13.4577],[108.4247,13.4525],[108.4269,13.4484],[108.4267,13.444],[108.43,13.4427],[108.4306,13.447],[108.4324,13.4479],[108.4368,13.4463],[108.4365,13.4423],[108.4331,13.4429],[108.4313,13.4394],[108.4312,13.4357],[108.43,13.4309],[108.432,13.4291],[108.4374,13.4289],[108.4378,13.4265],[108.4344,13.4248],[108.4354,13.4209],[108.4408,13.4195],[108.4427,13.4213],[108.443,13.4249],[108.4467,13.4252],[108.4487,13.4191],[108.4547,13.4188],[108.4555,13.4175],[108.4544,13.4136],[108.4595,13.4054],[108.4639,13.4101],[108.4646,13.4125],[108.4616,13.4182],[108.4602,13.4258],[108.4606,13.4282],[108.466,13.437],[108.466,13.4425],[108.4691,13.451],[108.4712,13.4534],[108.473,13.457],[108.4723,13.4599],[108.4684,13.4671],[108.4667,13.4681],[108.4563,13.4695],[108.4531,13.4723],[108.4526,13.4777],[108.4572,13.485],[108.4627,13.4882],[108.4644,13.4905],[108.4638,13.4928],[108.4644,13.499],[108.4656,13.5013],[108.4684,13.5101],[108.4756,13.5266],[108.4755,13.5303],[108.4735,13.5322],[108.4632,13.5364],[108.4642,13.5412],[108.4668,13.5424],[108.4674,13.5469],[108.4694,13.5506],[108.4727,13.5533],[108.4782,13.5556],[108.4828,13.5592],[108.4848,13.5629],[108.4892,13.5637],[108.4905,13.5667],[108.4884,13.5692],[108.4826,13.5704],[108.4813,13.5723],[108.4817,13.5776],[108.484,13.581],[108.4885,13.5848],[108.4915,13.5865],[108.4917,13.5895],[108.4894,13.5944],[108.4896,13.5958],[108.4936,13.6029],[108.4985,13.6093],[108.4966,13.6121],[108.4924,13.6123],[108.4902,13.6146],[108.4862,13.6156],[108.4801,13.6131]]]},"properties":{"ma_xa":"24022","ten_xa":"Ia Pa","sap_nhap":"Ia Mrơn, Kim Tân, Ia Trôk","tru_so":"đang cập nhật","loai":"Xã","cap":2,"stt":105,"dtich_km2":103.19,"dan_so":31021,"matdo_km2":300.62,"ma_tinh":"52","ten_tinh":"Gia Lai"}},
{"type":"Feature","geometry":{"type":"Polygon","coordinates":[[[107.9315,14.2419],[107.9281,14.2461],[107.9268,14.2497],[107.9232,14.2528],[107.9207,14.2573],[107.9176,14.258],[107.9158,14.2617],[107.9105,14.2614],[107.9049,14.2646],[107.8958,14.2732],[107.8923,14.2731],[107.8912,14.2742],[107.8871,14.2718],[107.8807,14.2737],[107.8786,14.2749],[107.877,14.28],[107.8745,14.2795],[107.873,14.2757],[107.8678,14.277],[107.8633,14.2746],[107.8651,14.2686],[107.8705,14.2582],[107.8698,14.2554],[107.8726,14.2534],[107.8724,14.2519],[107.8747,14.2485],[107.8765,14.2483],[107.8768,14.2522],[107.8809,14.259],[107.8836,14.2583],[107.889,14.2607],[107.8898,14.2637],[107.8934,14.2621],[107.892,14.2597],[107.894,14.2566],[107.8939,14.2536],[107.8955,14.2497],[107.893,14.2489],[107.8904,14.2525],[107.8851,14.2547],[107.8864,14.2494],[107.8842,14.244],[107.883,14.2456],[107.8799,14.2449],[107.8809,14.2414],[107.883,14.2406],[107.8824,14.2381],[107.8831,14.2327],[107.8806,14.2309],[107.8839,14.229],[107.8842,14.2265],[107.8818,14.2249],[107.8787,14.22],[107.8749,14.2163],[107.8688,14.214],[107.8648,14.2131],[107.862,14.2108],[107.862,14.207],[107.8634,14.204],[107.8667,14.2025],[107.8707,14.202],[107.8729,14.2005],[107.8728,14.194],[107.8784,14.1911],[107.8778,14.1885],[107.8819,14.1883],[107.8806,14.1758],[107.8761,14.1748],[107.8754,14.1702],[107.8682,14.1675],[107.8676,14.1645],[107.8647,14.1623],[107.8647,14.1586],[107.8617,14.1521],[107.857,14.1535],[107.8524,14.1525],[107.848,14.1537],[107.8455,14.1497],[107.8422,14.1481],[107.8399,14.1486],[107.8389,14.1534],[107.8339,14.1523],[107.8338,14.1499],[107.8303,14.1463],[107.828,14.1471],[107.8225,14.146],[107.8135,14.1473],[107.8098,14.1459],[107.8078,14.1433],[107.8051,14.1478],[107.7993,14.1431],[107.7952,14.1457],[107.7918,14.1428],[107.7879,14.1404],[107.7849,14.1395],[107.7835,14.143],[107.7782,14.1414],[107.7749,14.142],[107.7731,14.1403],[107.7687,14.1397],[107.766,14.1411],[107.758,14.1415],[107.7573,14.1388],[107.7508,14.1391],[107.75,14.1373],[107.7431,14.1371],[107.7391,14.1341],[107.7398,14.1326],[107.7369,14.1252],[107.7388,14.1228],[107.7364,14.121],[107.7354,14.1181],[107.7363,14.1164],[107.7345,14.1146],[107.7336,14.1113],[107.734,14.1079],[107.7435,14.1054],[107.7463,14.1038],[107.7464,14.1009],[107.7487,14.1003],[107.7498,14.0955],[107.7509,14.084],[107.7484,14.0775],[107.7492,14.0762],[107.7564,14.0763],[107.7617,14.0786],[107.7663,14.0831],[107.7729,14.0816],[107.7749,14.0844],[107.7802,14.0803],[107.7823,14.0802],[107.7834,14.0822],[107.788,14.0795],[107.793,14.075],[107.7973,14.0746],[107.8029,14.0761],[107.8057,14.0746],[107.8087,14.0756],[107.8103,14.0777],[107.8143,14.0784],[107.8162,14.0754],[107.8203,14.074],[107.8236,14.0749],[107.8277,14.073],[107.8349,14.077],[107.8404,14.0784],[107.841,14.0762],[107.8483,14.0754],[107.8514,14.078],[107.864,14.0789],[107.8705,14.0817],[107.876,14.0828],[107.8746,14.0873],[107.8766,14.0915],[107.878,14.0912],[107.8808,14.0953],[107.8802,14.0966],[107.8853,14.1053],[107.8863,14.1064],[107.8887,14.1144],[107.8915,14.1166],[107.8979,14.1249],[107.9047,14.129],[107.9097,14.1277],[107.9142,14.1293],[107.915,14.1309],[107.9184,14.1275],[107.9235,14.1277],[107.9235,14.1312],[107.9258,14.1339],[107.9278,14.1389],[107.9266,14.1423],[107.9269,14.1456],[107.9249,14.1467],[107.9272,14.1526],[107.9275,14.1589],[107.9268,14.1618],[107.9311,14.1666],[107.935,14.175],[107.9344,14.1778],[107.9375,14.1809],[107.94,14.1861],[107.9396,14.1903],[107.9352,14.1931],[107.9349,14.195],[107.9379,14.1982],[107.9377,14.2028],[107.9396,14.2026],[107.9403,14.206],[107.9448,14.2111],[107.9476,14.2129],[107.9468,14.2153],[107.9473,14.2204],[107.9441,14.2288],[107.9471,14.2326],[107.9489,14.2375],[107.9467,14.2429],[107.9437,14.2393],[107.9387,14.2392],[107.9315,14.2419]]]},"properties":{"ma_xa":"23749","ten_xa":"Ia Phí","sap_nhap":"Ia Ka, Ia Nhin, Ia Phí","tru_so":"đang cập nhật","loai":"Xã","cap":2,"stt":68,"dtich_km2":212.03,"dan_so":23325,"matdo_km2":110.01,"ma_tinh":"52","ten_tinh":"Gia Lai"}},
{"type":"Feature","geometry":{"type":"Polygon","coordinates":[[[108.0078,13.6826],[108.005,13.6841],[108.0008,13.6843],[107.9949,13.6824],[107.9929,13.6805],[107.9885,13.6796],[107.9876,13.6818],[107.9773,13.6797],[107.9766,13.683],[107.9731,13.6826],[107.9718,13.6807],[107.9658,13.6832],[107.9619,13.6811],[107.9528,13.6781],[107.9498,13.6791],[107.9443,13.6778],[107.9409,13.6786],[107.9388,13.6778],[107.9367,13.6803],[107.9287,13.6831],[107.9241,13.6832],[107.9196,13.6801],[107.9175,13.6799],[107.9115,13.6725],[107.9118,13.6686],[107.9097,13.6665],[107.9106,13.6609],[107.9094,13.6579],[107.907,13.6566],[107.9048,13.6517],[107.9021,13.6478],[107.8974,13.646],[107.8948,13.6464],[107.89,13.645],[107.8894,13.6398],[107.8832,13.6393],[107.8807,13.6366],[107.877,13.6342],[107.8759,13.6302],[107.8738,13.6293],[107.8725,13.6251],[107.8731,13.6234],[107.8712,13.6211],[107.8671,13.6254],[107.8625,13.6245],[107.861,13.626],[107.8562,13.6251],[107.8535,13.6217],[107.8521,13.6173],[107.8425,13.6095],[107.8397,13.6119],[107.8336,13.6129],[107.8314,13.6151],[107.8292,13.6141],[107.8267,13.6154],[107.82,13.6127],[107.8173,13.6069],[107.8149,13.607],[107.8129,13.6036],[107.8129,13.6017],[107.8102,13.5939],[107.8075,13.5953],[107.8083,13.5884],[107.8075,13.5853],[107.8031,13.578],[107.7981,13.5775],[107.7953,13.5743],[107.7924,13.575],[107.7867,13.566],[107.7888,13.5604],[107.7849,13.5597],[107.7875,13.5569],[107.7869,13.5542],[107.7895,13.5507],[107.7891,13.5483],[107.7905,13.5461],[107.787,13.5446],[107.783,13.5411],[107.7816,13.5363],[107.7852,13.5348],[107.7875,13.5328],[107.7903,13.5325],[107.796,13.5287],[107.8007,13.5251],[107.8008,13.5213],[107.8065,13.5214],[107.8189,13.5182],[107.8303,13.5163],[107.8316,13.5152],[107.8399,13.5133],[107.8423,13.5185],[107.8475,13.5165],[107.85,13.5167],[107.8501,13.5222],[107.8536,13.5229],[107.8584,13.5282],[107.8619,13.5289],[107.8696,13.5342],[107.8697,13.5356],[107.8742,13.5356],[107.8759,13.5367],[107.8776,13.5342],[107.8811,13.5363],[107.8872,13.5416],[107.8889,13.5451],[107.9001,13.5429],[107.9019,13.5436],[107.9036,13.5469],[107.9094,13.5491],[107.9116,13.5529],[107.914,13.5551],[107.9153,13.5539],[107.9162,13.55],[107.9165,13.5419],[107.9188,13.5312],[107.9217,13.5368],[107.925,13.5381],[107.9267,13.5442],[107.928,13.5454],[107.9278,13.5488],[107.9291,13.5521],[107.9324,13.5544],[107.9343,13.5573],[107.9342,13.5603],[107.9366,13.5657],[107.9426,13.5697],[107.9416,13.5745],[107.9422,13.5807],[107.9446,13.5819],[107.9459,13.5856],[107.9446,13.5873],[107.946,13.5915],[107.9506,13.5935],[107.9564,13.5935],[107.9612,13.5912],[107.9636,13.5945],[107.9672,13.596],[107.9721,13.5952],[107.9731,13.5983],[107.9719,13.6037],[107.9713,13.6099],[107.9729,13.6116],[107.9733,13.6143],[107.9755,13.6151],[107.9772,13.6184],[107.9769,13.6226],[107.9823,13.6234],[107.9865,13.6248],[107.9886,13.6243],[107.9926,13.6251],[107.998,13.6301],[107.9999,13.6341],[108.0026,13.6355],[108.0061,13.6352],[108.0108,13.6374],[108.0133,13.6399],[108.0123,13.6462],[108.0125,13.6491],[108.017,13.6544],[108.0162,13.657],[108.018,13.6603],[108.0165,13.6624],[108.0158,13.67],[108.0114,13.6785],[108.0078,13.6826]]]},"properties":{"ma_xa":"23926","ten_xa":"Ia Pia","sap_nhap":"Ia Ga, Ia Vê, Ia Pia","tru_so":"đang cập nhật","loai":"Xã","cap":2,"stt":73,"dtich_km2":238.59,"dan_so":20326,"matdo_km2":85.19,"ma_tinh":"52","ten_tinh":"Gia Lai"}},
{"type":"Feature","geometry":{"type":"Polygon","coordinates":[[[107.6628,13.6809],[107.664,13.6829],[107.667,13.6912],[107.6714,13.6943],[107.6717,13.6977],[107.6704,13.6997],[107.6708,13.7044],[107.6721,13.7078],[107.6747,13.7085],[107.6777,13.712],[107.6765,13.7132],[107.6766,13.7165],[107.6727,13.7202],[107.6697,13.7278],[107.6705,13.73],[107.67,13.734],[107.6681,13.7376],[107.6699,13.7422],[107.6696,13.7465],[107.6759,13.749],[107.6772,13.7555],[107.6765,13.7606],[107.6786,13.7631],[107.6798,13.7668],[107.6842,13.7744],[107.6843,13.7775],[107.6855,13.7836],[107.6803,13.7864],[107.6774,13.783],[107.6731,13.7846],[107.6749,13.7889],[107.6731,13.7892],[107.6688,13.7871],[107.6667,13.7911],[107.664,13.7911],[107.6588,13.7886],[107.6578,13.791],[107.659,13.7958],[107.6484,13.7995],[107.6448,13.799],[107.6377,13.7943],[107.6384,13.7925],[107.635,13.7903],[107.6334,13.787],[107.6305,13.7858],[107.6275,13.7795],[107.6261,13.7742],[107.6244,13.7714],[107.619,13.7682],[107.6168,13.7622],[107.6141,13.7581],[107.6114,13.7585],[107.6078,13.755],[107.6066,13.7464],[107.6078,13.7449],[107.6078,13.7409],[107.6066,13.7361],[107.6071,13.7324],[107.6103,13.7284],[107.6142,13.7263],[107.6145,13.7246],[107.6126,13.7199],[107.614,13.7174],[107.6142,13.713],[107.6124,13.7097],[107.6157,13.7061],[107.6207,13.7021],[107.62,13.6996],[107.6218,13.6968],[107.6241,13.6962],[107.6244,13.6917],[107.6268,13.6889],[107.6225,13.6837],[107.6195,13.6841],[107.6186,13.677],[107.6159,13.6752],[107.6145,13.6706],[107.6118,13.6682],[107.6083,13.6637],[107.6057,13.6621],[107.6033,13.6584],[107.5977,13.6611],[107.5966,13.6653],[107.591,13.6664],[107.5903,13.67],[107.5858,13.6703],[107.5813,13.6719],[107.5728,13.6716],[107.5704,13.6722],[107.5655,13.6678],[107.5676,13.6641],[107.572,13.6229],[107.5735,13.6183],[107.5747,13.6229],[107.5775,13.6258],[107.5889,13.6268],[107.5928,13.6262],[107.5956,13.6283],[107.5978,13.6279],[107.5965,13.624],[107.5998,13.6216],[107.6038,13.6223],[107.6062,13.6252],[107.6128,13.6263],[107.6142,13.6279],[107.6167,13.6278],[107.6165,13.6343],[107.6192,13.6346],[107.6236,13.6393],[107.6268,13.6405],[107.6303,13.6434],[107.6313,13.6458],[107.6309,13.6505],[107.6346,13.6557],[107.6367,13.6561],[107.6378,13.6603],[107.6398,13.6612],[107.6411,13.6588],[107.6432,13.659],[107.6487,13.6621],[107.6508,13.6639],[107.6528,13.6679],[107.6577,13.6684],[107.6631,13.6713],[107.6636,13.6782],[107.6628,13.6809]]]},"properties":{"ma_xa":"23881","ten_xa":"Ia Pnôn","sap_nhap":"Ia Pnôn","tru_so":"đang cập nhật","loai":"Xã","cap":2,"stt":130,"dtich_km2":114.01,"dan_so":5922,"matdo_km2":51.94,"ma_tinh":"52","ten_tinh":"Gia Lai"}},
{"type":"Feature","geometry":{"type":"Polygon","coordinates":[[[107.7533,13.6924],[107.7489,13.693],[107.7468,13.6964],[107.7412,13.6998],[107.737,13.6962],[107.7342,13.6924],[107.7324,13.6947],[107.732,13.6982],[107.7288,13.7015],[107.7273,13.6998],[107.7235,13.7025],[107.7203,13.7032],[107.716,13.7056],[107.7095,13.7052],[107.7056,13.7065],[107.7015,13.7065],[107.7008,13.7028],[107.6958,13.7036],[107.6939,13.7002],[107.6902,13.6974],[107.6886,13.6951],[107.6839,13.6943],[107.6804,13.6927],[107.6796,13.6902],[107.6743,13.6857],[107.6687,13.684],[107.6628,13.6809],[107.6636,13.6782],[107.6631,13.6713],[107.6577,13.6684],[107.6528,13.6679],[107.6508,13.6639],[107.6487,13.6621],[107.6432,13.659],[107.6411,13.6588],[107.6398,13.6612],[107.6378,13.6603],[107.6367,13.6561],[107.6346,13.6557],[107.6309,13.6505],[107.6313,13.6458],[107.6303,13.6434],[107.6268,13.6405],[107.6236,13.6393],[107.6192,13.6346],[107.6165,13.6343],[107.6167,13.6278],[107.6142,13.6279],[107.6128,13.6263],[107.6062,13.6252],[107.6038,13.6223],[107.5998,13.6216],[107.5965,13.624],[107.5978,13.6279],[107.5956,13.6283],[107.5928,13.6262],[107.5889,13.6268],[107.5775,13.6258],[107.5747,13.6229],[107.5735,13.6183],[107.5851,13.5966],[107.6084,13.5479],[107.6109,13.5489],[107.6149,13.5482],[107.6225,13.5492],[107.6301,13.5455],[107.6332,13.5455],[107.6356,13.5436],[107.6393,13.5428],[107.6422,13.5434],[107.6468,13.5397],[107.6498,13.5412],[107.6499,13.5439],[107.6515,13.5458],[107.6568,13.5469],[107.6631,13.5526],[107.6641,13.5563],[107.6626,13.5596],[107.6639,13.5648],[107.661,13.5672],[107.6604,13.5711],[107.6622,13.5742],[107.6639,13.5749],[107.6708,13.5703],[107.6735,13.5707],[107.6743,13.5642],[107.68,13.5646],[107.6815,13.5658],[107.6842,13.5642],[107.6844,13.5615],[107.6875,13.5605],[107.6885,13.5589],[107.693,13.5621],[107.6958,13.5607],[107.6988,13.5604],[107.6999,13.5573],[107.7258,13.5688],[107.7544,13.5642],[107.758,13.565],[107.7563,13.5692],[107.7592,13.5712],[107.7588,13.5738],[107.7625,13.5732],[107.7658,13.5768],[107.771,13.5806],[107.7742,13.5797],[107.7814,13.5837],[107.7842,13.5875],[107.7875,13.5891],[107.7954,13.5914],[107.7938,13.594],[107.7961,13.5944],[107.7951,13.5984],[107.7957,13.6029],[107.7967,13.6051],[107.7937,13.611],[107.7971,13.6153],[107.7943,13.6169],[107.7935,13.6197],[107.7959,13.621],[107.7963,13.6242],[107.7939,13.6271],[107.7928,13.6304],[107.7941,13.6335],[107.7878,13.6351],[107.7848,13.6343],[107.7736,13.6439],[107.7661,13.6531],[107.7682,13.6581],[107.7674,13.6614],[107.7721,13.6652],[107.7722,13.6695],[107.7741,13.6705],[107.7749,13.6739],[107.7798,13.6751],[107.7762,13.6772],[107.7728,13.6776],[107.7677,13.6805],[107.7644,13.6876],[107.7591,13.6872],[107.7536,13.6899],[107.7533,13.6924]]]},"properties":{"ma_xa":"23917","ten_xa":"Ia Púch","sap_nhap":"Ia Púch","tru_so":"đang cập nhật","loai":"Xã","cap":2,"stt":128,"dtich_km2":267.3,"dan_so":4185,"matdo_km2":15.66,"ma_tinh":"52","ten_tinh":"Gia Lai"}},
{"type":"Feature","geometry":{"type":"Polygon","coordinates":[[[108.4118,13.4205],[108.4068,13.4185],[108.4034,13.4221],[108.401,13.4197],[108.3998,13.4216],[108.3968,13.421],[108.398,13.4172],[108.3968,13.4164],[108.3914,13.4178],[108.3923,13.4156],[108.3861,13.4147],[108.3824,13.4182],[108.3734,13.4159],[108.3741,13.4122],[108.3711,13.4107],[108.3664,13.4103],[108.3654,13.4143],[108.3623,13.4131],[108.3558,13.4134],[108.3521,13.4124],[108.3497,13.413],[108.3475,13.4154],[108.3429,13.414],[108.3375,13.4115],[108.3359,13.4079],[108.333,13.3983],[108.3296,13.3955],[108.3261,13.3952],[108.3247,13.3936],[108.3248,13.3902],[108.3227,13.3842],[108.3216,13.3795],[108.3217,13.3742],[108.3204,13.3713],[108.3219,13.3682],[108.3229,13.3634],[108.3216,13.359],[108.3175,13.3583],[108.316,13.3549],[108.3118,13.3542],[108.3106,13.3502],[108.3126,13.3427],[108.3209,13.3455],[108.3244,13.3429],[108.3284,13.3429],[108.3309,13.34],[108.3374,13.3376],[108.3387,13.3384],[108.3442,13.3381],[108.3474,13.3389],[108.3452,13.334],[108.3464,13.3322],[108.3501,13.3315],[108.3536,13.3291],[108.354,13.3263],[108.3529,13.3235],[108.3548,13.3214],[108.3555,13.316],[108.3568,13.3146],[108.3614,13.3154],[108.3644,13.3106],[108.3667,13.3104],[108.3726,13.3024],[108.3693,13.3014],[108.3706,13.2979],[108.3697,13.2935],[108.3712,13.2919],[108.3731,13.2819],[108.373,13.2778],[108.3744,13.2755],[108.3738,13.2728],[108.3719,13.2705],[108.3722,13.2676],[108.3765,13.2672],[108.3811,13.2631],[108.3824,13.2609],[108.3868,13.2575],[108.3968,13.2555],[108.3993,13.256],[108.4052,13.2605],[108.4095,13.256],[108.4147,13.2621],[108.4145,13.2733],[108.419,13.2762],[108.4191,13.2796],[108.4207,13.2824],[108.4218,13.287],[108.4243,13.2916],[108.4235,13.2951],[108.4223,13.3043],[108.4222,13.3155],[108.4264,13.3185],[108.4305,13.3193],[108.4347,13.3179],[108.437,13.3182],[108.437,13.3214],[108.4347,13.324],[108.4336,13.3282],[108.4353,13.3326],[108.4343,13.3344],[108.4341,13.3403],[108.4358,13.3423],[108.436,13.3463],[108.4383,13.3528],[108.437,13.355],[108.4385,13.3606],[108.4389,13.3653],[108.4397,13.3813],[108.4443,13.3827],[108.4443,13.3879],[108.4435,13.389],[108.4364,13.39],[108.4345,13.3928],[108.432,13.392],[108.4301,13.3954],[108.4285,13.3948],[108.4261,13.3983],[108.4217,13.3996],[108.4188,13.3987],[108.4164,13.4008],[108.4158,13.4028],[108.4165,13.4087],[108.4138,13.4114],[108.4074,13.4093],[108.4076,13.4118],[108.4118,13.4205]]]},"properties":{"ma_xa":"24065","ten_xa":"Ia Rbol","sap_nhap":"Chư Băh, Ia Rbol","tru_so":"đang cập nhật","loai":"Xã","cap":2,"stt":99,"dtich_km2":154.97,"dan_so":10220,"matdo_km2":65.95,"ma_tinh":"52","ten_tinh":"Gia Lai"}},
{"type":"Feature","geometry":{"type":"Polygon","coordinates":[[[108.8069,13.4004],[108.8077,13.402],[108.805,13.407],[108.807,13.4108],[108.8056,13.4141],[108.8048,13.4186],[108.805,13.4221],[108.8063,13.4238],[108.8044,13.4299],[108.8044,13.4324],[108.806,13.4342],[108.8057,13.4368],[108.804,13.4379],[108.8011,13.4426],[108.8002,13.4468],[108.7963,13.4474],[108.7953,13.4499],[108.7962,13.4519],[108.79,13.4532],[108.7925,13.4584],[108.7923,13.4626],[108.7945,13.4627],[108.7957,13.4648],[108.7943,13.4666],[108.7951,13.472],[108.793,13.4739],[108.7906,13.4714],[108.7892,13.4683],[108.7828,13.4673],[108.7796,13.466],[108.7771,13.4668],[108.7726,13.4666],[108.7701,13.4648],[108.7656,13.4644],[108.7632,13.4633],[108.7604,13.4645],[108.7575,13.4595],[108.755,13.4606],[108.7521,13.4638],[108.7481,13.4589],[108.7437,13.457],[108.7391,13.4575],[108.7376,13.4586],[108.7348,13.458],[108.7286,13.4615],[108.7272,13.4636],[108.724,13.4629],[108.7212,13.4643],[108.7165,13.4631],[108.7135,13.4638],[108.7113,13.4607],[108.7085,13.4608],[108.7037,13.4637],[108.699,13.465],[108.6972,13.4679],[108.6954,13.4677],[108.6921,13.4651],[108.687,13.4651],[108.6843,13.4607],[108.6781,13.4586],[108.6758,13.4566],[108.6725,13.4514],[108.673,13.4497],[108.6688,13.4428],[108.6642,13.4424],[108.6612,13.4403],[108.6552,13.4399],[108.6529,13.4356],[108.6534,13.4313],[108.6505,13.4288],[108.646,13.432],[108.6438,13.4309],[108.6423,13.4269],[108.6394,13.4242],[108.637,13.4243],[108.6345,13.4261],[108.6328,13.4249],[108.6333,13.4226],[108.6318,13.4191],[108.6267,13.4188],[108.6238,13.42],[108.6212,13.4189],[108.6171,13.4243],[108.6151,13.4234],[108.6096,13.4179],[108.6061,13.4186],[108.6006,13.4184],[108.6009,13.4202],[108.5985,13.4221],[108.5932,13.4225],[108.5934,13.4191],[108.5903,13.4172],[108.5876,13.4191],[108.5839,13.4202],[108.5778,13.4171],[108.5787,13.4145],[108.5768,13.4094],[108.5765,13.4057],[108.573,13.3994],[108.5655,13.3944],[108.5635,13.3937],[108.5606,13.3887],[108.5581,13.3863],[108.5563,13.3869],[108.5531,13.382],[108.5478,13.3811],[108.5471,13.3787],[108.5404,13.3777],[108.5401,13.3752],[108.5363,13.3705],[108.5356,13.3684],[108.5304,13.366],[108.5268,13.3655],[108.5244,13.3624],[108.5228,13.3569],[108.5203,13.3513],[108.5219,13.3486],[108.5247,13.3482],[108.5288,13.3494],[108.5311,13.3491],[108.5372,13.3467],[108.5431,13.3457],[108.551,13.3433],[108.5569,13.34],[108.5619,13.338],[108.5643,13.338],[108.568,13.3398],[108.5716,13.3393],[108.5772,13.3356],[108.5813,13.334],[108.5932,13.3268],[108.5968,13.3227],[108.5997,13.3163],[108.5998,13.3125],[108.5969,13.3056],[108.5933,13.3019],[108.5909,13.2984],[108.5912,13.2952],[108.5948,13.2932],[108.6029,13.2909],[108.6092,13.2968],[108.612,13.2978],[108.6155,13.2978],[108.6202,13.2959],[108.6221,13.2939],[108.6239,13.2857],[108.6236,13.2813],[108.6204,13.277],[108.6163,13.2665],[108.6136,13.2554],[108.6137,13.2482],[108.6165,13.2439],[108.6191,13.2379],[108.6229,13.2391],[108.6279,13.2358],[108.635,13.2281],[108.6366,13.227],[108.6424,13.2261],[108.6444,13.225],[108.6474,13.2215],[108.6499,13.217],[108.6522,13.2146],[108.6623,13.209],[108.6629,13.2106],[108.6606,13.2144],[108.6582,13.2161],[108.6578,13.2194],[108.6624,13.2172],[108.6648,13.2191],[108.6699,13.2218],[108.6698,13.2241],[108.6741,13.2265],[108.6762,13.2318],[108.6901,13.2319],[108.6902,13.2303],[108.6944,13.2303],[108.7006,13.2333],[108.7036,13.2363],[108.7033,13.2397],[108.6999,13.2465],[108.6993,13.2511],[108.695,13.2556],[108.6948,13.2603],[108.6926,13.2634],[108.6916,13.2688],[108.7006,13.2736],[108.7124,13.2717],[108.7154,13.2698],[108.7178,13.27],[108.7261,13.2776],[108.7346,13.2879],[108.7417,13.2996],[108.7424,13.3027],[108.7455,13.3041],[108.7473,13.3032],[108.7549,13.3042],[108.7575,13.3088],[108.7654,13.315],[108.7746,13.3273],[108.7851,13.3331],[108.785,13.338],[108.7838,13.3452],[108.7822,13.3455],[108.7821,13.3503],[108.7833,13.3594],[108.7891,13.3629],[108.7915,13.3654],[108.7927,13.3715],[108.795,13.3756],[108.7948,13.3798],[108.7926,13.3844],[108.7923,13.3868],[108.7955,13.3878],[108.7999,13.394],[108.8069,13.4004]]]},"properties":{"ma_xa":"24112","ten_xa":"Ia Rsai","sap_nhap":"Chư RCăm, Chư Gu, Ia Rsai","tru_so":"đang cập nhật","loai":"Xã","cap":2,"stt":109,"dtich_km2":473.69,"dan_so":22578,"matdo_km2":47.66,"ma_tinh":"52","ten_tinh":"Gia Lai"}},
{"type":"Feature","geometry":{"type":"Polygon","coordinates":[[[108.4578,13.3822],[108.4507,13.3865],[108.4473,13.3859],[108.4499,13.3828],[108.4482,13.3807],[108.4443,13.3827],[108.4397,13.3813],[108.4389,13.3653],[108.4385,13.3606],[108.437,13.355],[108.4383,13.3528],[108.436,13.3463],[108.4358,13.3423],[108.4341,13.3403],[108.4343,13.3344],[108.4353,13.3326],[108.4336,13.3282],[108.4347,13.324],[108.437,13.3214],[108.437,13.3182],[108.4347,13.3179],[108.4305,13.3193],[108.4264,13.3185],[108.4222,13.3155],[108.4223,13.3043],[108.4235,13.2951],[108.4243,13.2916],[108.4218,13.287],[108.4207,13.2824],[108.4191,13.2796],[108.419,13.2762],[108.4145,13.2733],[108.4147,13.2621],[108.4095,13.256],[108.4107,13.2478],[108.4138,13.2464],[108.4174,13.2435],[108.4208,13.2417],[108.4214,13.2397],[108.4179,13.2376],[108.4175,13.2333],[108.4203,13.2307],[108.4201,13.2282],[108.4221,13.2265],[108.4187,13.2248],[108.4163,13.2214],[108.4182,13.2171],[108.4176,13.2147],[108.4226,13.2075],[108.4224,13.2022],[108.4234,13.1983],[108.4257,13.1963],[108.4271,13.192],[108.4291,13.1905],[108.4311,13.1868],[108.4352,13.1833],[108.4378,13.1799],[108.4369,13.1875],[108.4554,13.1931],[108.4551,13.1997],[108.4589,13.216],[108.4562,13.2189],[108.4553,13.2217],[108.4575,13.2267],[108.4622,13.2281],[108.4671,13.2327],[108.4681,13.2371],[108.4666,13.2381],[108.4653,13.2414],[108.4603,13.2478],[108.4631,13.2502],[108.4642,13.2577],[108.4634,13.2623],[108.461,13.2644],[108.4577,13.2729],[108.4551,13.2743],[108.4539,13.2774],[108.457,13.2803],[108.4557,13.2841],[108.4578,13.2853],[108.4637,13.2923],[108.4634,13.2944],[108.467,13.2969],[108.469,13.2963],[108.4708,13.2989],[108.4736,13.2984],[108.4752,13.2998],[108.4827,13.3012],[108.4841,13.3059],[108.4823,13.3095],[108.4853,13.3102],[108.4886,13.3199],[108.4936,13.3299],[108.4979,13.3346],[108.5023,13.3482],[108.5032,13.3494],[108.5074,13.3471],[108.5144,13.3528],[108.5168,13.356],[108.5208,13.358],[108.5244,13.3624],[108.5243,13.3664],[108.523,13.3679],[108.5189,13.3663],[108.516,13.3606],[108.5124,13.3615],[108.5105,13.3676],[108.5078,13.3725],[108.5015,13.3735],[108.4985,13.379],[108.4963,13.3813],[108.4935,13.3828],[108.4861,13.3834],[108.4835,13.3804],[108.4847,13.3785],[108.4912,13.3774],[108.4938,13.3752],[108.4946,13.3692],[108.4908,13.3641],[108.4858,13.3629],[108.4834,13.3643],[108.4714,13.3684],[108.4653,13.3724],[108.4591,13.3788],[108.4578,13.3822]]]},"properties":{"ma_xa":"24073","ten_xa":"Ia Sao","sap_nhap":"Ia Sao (thị xã Ayun Pa), Ia Rtô","tru_so":"đang cập nhật","loai":"Xã","cap":2,"stt":100,"dtich_km2":114.6,"dan_so":8397,"matdo_km2":73.27,"ma_tinh":"52","ten_tinh":"Gia Lai"}},
{"type":"Feature","geometry":{"type":"Polygon","coordinates":[[[108.0124,13.8807],[108.0113,13.8808],[108.0051,13.8777],[108.0004,13.8761],[108,13.8728],[107.9961,13.87],[107.9943,13.8696],[107.9915,13.8664],[107.9892,13.8655],[107.9901,13.8617],[107.9866,13.8567],[107.9848,13.8521],[107.9816,13.8488],[107.9797,13.8483],[107.9751,13.8437],[107.9653,13.8357],[107.9628,13.8341],[107.9676,13.835],[107.9693,13.8323],[107.9746,13.8316],[107.9806,13.8322],[107.983,13.8306],[107.9849,13.8274],[107.9807,13.8262],[107.9827,13.8203],[107.9773,13.8091],[107.9716,13.8043],[107.9675,13.7978],[107.9671,13.7947],[107.9684,13.7914],[107.9654,13.7824],[107.9588,13.7686],[107.9553,13.7688],[107.9544,13.7631],[107.9609,13.7589],[107.9589,13.7568],[107.9566,13.7526],[107.9536,13.7509],[107.9559,13.749],[107.9546,13.7452],[107.9503,13.7378],[107.9451,13.738],[107.9424,13.7354],[107.9382,13.7332],[107.9354,13.7335],[107.9346,13.7318],[107.9298,13.7296],[107.9241,13.7241],[107.9237,13.7226],[107.9272,13.7211],[107.9278,13.7196],[107.9352,13.7159],[107.9342,13.7149],[107.9394,13.7109],[107.9373,13.704],[107.9377,13.6968],[107.9398,13.6939],[107.9419,13.693],[107.9428,13.6897],[107.941,13.687],[107.9416,13.6799],[107.9388,13.6778],[107.9409,13.6786],[107.9443,13.6778],[107.9498,13.6791],[107.9528,13.6781],[107.9619,13.6811],[107.9658,13.6832],[107.9718,13.6807],[107.9731,13.6826],[107.9766,13.683],[107.9773,13.6797],[107.9876,13.6818],[107.9885,13.6796],[107.9929,13.6805],[107.9949,13.6824],[108.0008,13.6843],[108.005,13.6841],[108.0078,13.6826],[108.0088,13.6837],[108.009,13.6877],[108.0084,13.6933],[108.0093,13.6938],[108.008,13.7004],[108.0039,13.7082],[108.0037,13.7103],[108.0039,13.7175],[108.0067,13.7217],[108.0057,13.7272],[108.006,13.73],[108.0088,13.7335],[108.0093,13.7388],[108.0083,13.7482],[108.0077,13.75],[108.0044,13.7511],[108.0018,13.7552],[107.9981,13.7582],[107.9946,13.7641],[107.9977,13.7694],[107.9983,13.7748],[108.0024,13.776],[108.0049,13.7783],[108.0107,13.7799],[108.0136,13.7819],[108.0037,13.796],[108.0051,13.7969],[108.0085,13.7981],[108.0161,13.7978],[108.0185,13.8071],[108.0139,13.8071],[108.0136,13.8163],[108.0106,13.8206],[108.0104,13.8235],[108.006,13.8262],[108.0058,13.8314],[107.999,13.8298],[107.9981,13.8342],[107.9985,13.8564],[107.9987,13.8651],[107.9993,13.8668],[108.0056,13.8715],[108.0078,13.874],[108.0124,13.8807]]]},"properties":{"ma_xa":"23908","ten_xa":"Ia Tôr","sap_nhap":"Ia Băng (huyện Chư Prông), Ia Bang, Ia Tôr","tru_so":"đang cập nhật","loai":"Xã","cap":2,"stt":74,"dtich_km2":102.31,"dan_so":17449,"matdo_km2":170.55,"ma_tinh":"52","ten_tinh":"Gia Lai"}},
{"type":"Feature","geometry":{"type":"Polygon","coordinates":[[[108.6673,13.5855],[108.6566,13.5898],[108.6554,13.5941],[108.6395,13.609],[108.6307,13.6081],[108.6174,13.6083],[108.6019,13.6117],[108.5761,13.6159],[108.5751,13.6163],[108.5729,13.622],[108.5683,13.6274],[108.5537,13.6302],[108.5447,13.6258],[108.5377,13.6254],[108.5222,13.6125],[108.5205,13.6154],[108.5168,13.6133],[108.5123,13.6126],[108.5008,13.6115],[108.4985,13.6093],[108.4936,13.6029],[108.4896,13.5958],[108.4894,13.5944],[108.4917,13.5895],[108.4915,13.5865],[108.4885,13.5848],[108.484,13.581],[108.4817,13.5776],[108.4813,13.5723],[108.4826,13.5704],[108.4884,13.5692],[108.4905,13.5667],[108.4892,13.5637],[108.4848,13.5629],[108.4828,13.5592],[108.4782,13.5556],[108.4727,13.5533],[108.4694,13.5506],[108.4674,13.5469],[108.4668,13.5424],[108.4642,13.5412],[108.4632,13.5364],[108.4735,13.5322],[108.4755,13.5303],[108.4756,13.5266],[108.4684,13.5101],[108.4656,13.5013],[108.4644,13.499],[108.4638,13.4928],[108.4644,13.4905],[108.4627,13.4882],[108.4572,13.485],[108.4526,13.4777],[108.4531,13.4723],[108.4563,13.4695],[108.4667,13.4681],[108.4684,13.4671],[108.4723,13.4599],[108.473,13.457],[108.4712,13.4534],[108.4691,13.451],[108.466,13.4425],[108.466,13.437],[108.4606,13.4282],[108.4602,13.4258],[108.4616,13.4182],[108.4646,13.4125],[108.4639,13.4101],[108.4595,13.4054],[108.4597,13.4022],[108.4543,13.3973],[108.4541,13.3905],[108.4559,13.3876],[108.4578,13.3822],[108.4591,13.3788],[108.4653,13.3724],[108.4714,13.3684],[108.4834,13.3643],[108.4858,13.3629],[108.4908,13.3641],[108.4946,13.3692],[108.4938,13.3752],[108.4912,13.3774],[108.4847,13.3785],[108.4835,13.3804],[108.4861,13.3834],[108.4935,13.3828],[108.4963,13.3813],[108.4985,13.379],[108.5015,13.3735],[108.5078,13.3725],[108.5105,13.3676],[108.5124,13.3615],[108.516,13.3606],[108.5189,13.3663],[108.523,13.3679],[108.5243,13.3664],[108.5244,13.3624],[108.5268,13.3655],[108.5304,13.366],[108.5356,13.3684],[108.5363,13.3705],[108.5401,13.3752],[108.5404,13.3777],[108.5471,13.3787],[108.5478,13.3811],[108.5531,13.382],[108.5563,13.3869],[108.5581,13.3863],[108.5606,13.3887],[108.5635,13.3937],[108.5655,13.3944],[108.573,13.3994],[108.5765,13.4057],[108.5768,13.4094],[108.5787,13.4145],[108.5778,13.4171],[108.5839,13.4202],[108.5876,13.4191],[108.5903,13.4172],[108.5934,13.4191],[108.5932,13.4225],[108.5985,13.4221],[108.6009,13.4202],[108.6006,13.4184],[108.6061,13.4186],[108.6096,13.4179],[108.6151,13.4234],[108.6171,13.4243],[108.6212,13.4189],[108.6238,13.42],[108.6267,13.4188],[108.6318,13.4191],[108.6333,13.4226],[108.6328,13.4249],[108.6345,13.4261],[108.637,13.4243],[108.6394,13.4242],[108.6423,13.4269],[108.6438,13.4309],[108.646,13.432],[108.6505,13.4288],[108.6534,13.4313],[108.6529,13.4356],[108.6552,13.4399],[108.6612,13.4403],[108.6642,13.4424],[108.6688,13.4428],[108.673,13.4497],[108.6725,13.4514],[108.6758,13.4566],[108.6781,13.4586],[108.6843,13.4607],[108.687,13.4651],[108.6921,13.4651],[108.6954,13.4677],[108.6972,13.4679],[108.699,13.465],[108.7037,13.4637],[108.7085,13.4608],[108.7113,13.4607],[108.7135,13.4638],[108.7131,13.4691],[108.7149,13.4706],[108.7154,13.4734],[108.7125,13.476],[108.711,13.4759],[108.7073,13.4829],[108.7039,13.4848],[108.7038,13.4883],[108.7086,13.4934],[108.7088,13.4991],[108.7129,13.5009],[108.7128,13.508],[108.7137,13.5167],[108.7147,13.5184],[108.7187,13.5182],[108.7235,13.5194],[108.7274,13.5195],[108.7274,13.5235],[108.73,13.5248],[108.7331,13.5288],[108.7348,13.537],[108.7322,13.5396],[108.7347,13.5441],[108.7358,13.5488],[108.7396,13.5515],[108.7391,13.5568],[108.7416,13.5569],[108.7252,13.577],[108.7104,13.5772],[108.6962,13.5832],[108.695,13.5834],[108.6673,13.5855]]]},"properties":{"ma_xa":"24028","ten_xa":"Ia Tul","sap_nhap":"Chư Mố, Ia Broăi, Ia Kdăm, Ia Tul","tru_so":"đang cập nhật","loai":"Xã","cap":2,"stt":106,"dtich_km2":587.51,"dan_so":20304,"matdo_km2":34.56,"ma_tinh":"52","ten_tinh":"Gia Lai"}},
{"type":"Feature","geometry":{"type":"Polygon","coordinates":[[[108.6742,14.1833],[108.6772,14.1885],[108.6798,14.1889],[108.6817,14.1926],[108.6803,14.1963],[108.6804,14.2025],[108.678,14.2033],[108.6748,14.2096],[108.6773,14.2166],[108.6756,14.2243],[108.6704,14.2249],[108.6701,14.2298],[108.6681,14.2321],[108.6649,14.2341],[108.6674,14.2396],[108.6676,14.244],[108.6648,14.2456],[108.6654,14.2516],[108.6617,14.2491],[108.6591,14.2499],[108.6526,14.249],[108.6437,14.2438],[108.6396,14.2433],[108.6352,14.2418],[108.628,14.2416],[108.625,14.2423],[108.6222,14.241],[108.621,14.2389],[108.6171,14.2387],[108.6135,14.2374],[108.6078,14.2391],[108.6042,14.2385],[108.6004,14.2347],[108.5985,14.2364],[108.5961,14.2343],[108.5929,14.2337],[108.5939,14.237],[108.5883,14.2419],[108.5849,14.2429],[108.5813,14.2412],[108.5748,14.2428],[108.5735,14.2454],[108.5696,14.2467],[108.5653,14.2502],[108.5566,14.2521],[108.5532,14.2493],[108.5524,14.2462],[108.5482,14.2455],[108.5451,14.246],[108.5442,14.2426],[108.5402,14.2431],[108.5382,14.2442],[108.5313,14.2418],[108.5297,14.2392],[108.5265,14.2387],[108.5213,14.2326],[108.5195,14.2385],[108.5212,14.2413],[108.5148,14.2436],[108.5123,14.2454],[108.5093,14.2451],[108.5115,14.2403],[108.5107,14.2367],[108.5082,14.2368],[108.5059,14.2354],[108.4993,14.2387],[108.4962,14.2423],[108.4961,14.2458],[108.494,14.2467],[108.493,14.2427],[108.4883,14.2413],[108.4879,14.2377],[108.4834,14.2364],[108.4841,14.2333],[108.479,14.2322],[108.4756,14.2298],[108.4737,14.2265],[108.4699,14.2235],[108.4683,14.2211],[108.468,14.2175],[108.4623,14.2156],[108.4561,14.2122],[108.4534,14.2118],[108.4465,14.2134],[108.4392,14.2121],[108.4378,14.2077],[108.4403,14.2012],[108.4402,14.1957],[108.4418,14.1919],[108.4451,14.1876],[108.4475,14.1865],[108.4462,14.1835],[108.443,14.1794],[108.4428,14.1777],[108.4393,14.1748],[108.4361,14.1711],[108.4355,14.1688],[108.4348,14.1667],[108.4387,14.1645],[108.4406,14.1584],[108.4422,14.1553],[108.4441,14.1477],[108.4427,14.1455],[108.446,14.1382],[108.4461,14.1365],[108.4502,14.135],[108.453,14.1288],[108.4584,14.1302],[108.4604,14.13],[108.4625,14.1271],[108.4642,14.123],[108.467,14.122],[108.4721,14.1221],[108.4728,14.1195],[108.4766,14.1153],[108.4797,14.1155],[108.481,14.1137],[108.4835,14.1138],[108.4847,14.1165],[108.4904,14.1188],[108.4945,14.1158],[108.4987,14.115],[108.5011,14.112],[108.5052,14.1153],[108.5073,14.1144],[108.5116,14.1175],[108.5148,14.1191],[108.5226,14.1201],[108.5251,14.1186],[108.5301,14.1175],[108.5315,14.1161],[108.5369,14.1206],[108.5419,14.1229],[108.5446,14.1229],[108.552,14.1216],[108.5559,14.1244],[108.5578,14.1276],[108.5607,14.1284],[108.5616,14.1349],[108.5615,14.1425],[108.5628,14.1445],[108.5655,14.1452],[108.5691,14.1503],[108.5695,14.1523],[108.5725,14.1519],[108.5765,14.1495],[108.5762,14.145],[108.5804,14.1423],[108.5776,14.1351],[108.5802,14.1327],[108.5843,14.1326],[108.5871,14.1343],[108.5873,14.1291],[108.5903,14.1271],[108.594,14.1278],[108.6002,14.1269],[108.6041,14.1248],[108.6076,14.1242],[108.6082,14.126],[108.6125,14.1255],[108.6158,14.1274],[108.6167,14.1328],[108.6211,14.1395],[108.6235,14.1495],[108.6292,14.1497],[108.6306,14.1512],[108.631,14.1545],[108.6349,14.1552],[108.6381,14.1581],[108.6408,14.1577],[108.6432,14.1603],[108.648,14.162],[108.6458,14.1654],[108.6504,14.1655],[108.6509,14.1679],[108.6549,14.172],[108.6569,14.1709],[108.6611,14.1728],[108.6633,14.1747],[108.6682,14.1774],[108.672,14.1818],[108.6742,14.1833]]]},"properties":{"ma_xa":"23638","ten_xa":"Kbang","sap_nhap":"Kbang (thị trấn), Lơ Ku, Đak Smar","tru_so":"đang cập nhật","loai":"Xã","cap":2,"stt":87,"dtich_km2":288.83,"dan_so":25281,"matdo_km2":87.53,"ma_tinh":"52","ten_tinh":"Gia Lai"}},
{"type":"Feature","geometry":{"type":"Polygon","coordinates":[[[108.2267,13.9452],[108.2279,13.946],[108.2267,13.9522],[108.2269,13.955],[108.2255,13.9587],[108.2291,13.9584],[108.2328,13.9568],[108.2342,13.9613],[108.2331,13.9664],[108.2284,13.9691],[108.2261,13.9712],[108.2256,13.9735],[108.2272,13.9819],[108.2251,13.9864],[108.2236,13.9919],[108.2236,13.9964],[108.2226,13.999],[108.2193,14.0025],[108.219,14.0063],[108.2201,14.0096],[108.2199,14.0132],[108.224,14.0145],[108.2219,14.0195],[108.2192,14.0203],[108.2165,14.0241],[108.2152,14.028],[108.2127,14.0286],[108.2128,14.033],[108.2148,14.0405],[108.2134,14.0422],[108.2123,14.0493],[108.2103,14.0556],[108.2127,14.0591],[108.2127,14.0631],[108.2156,14.067],[108.2155,14.0743],[108.2124,14.0751],[108.2067,14.073],[108.2063,14.075],[108.2035,14.0787],[108.2037,14.0812],[108.2021,14.079],[108.2028,14.0766],[108.2005,14.0748],[108.2,14.072],[108.1972,14.0733],[108.1918,14.0718],[108.1881,14.0727],[108.1797,14.0732],[108.1767,14.0705],[108.1772,14.0687],[108.1753,14.0656],[108.1753,14.0623],[108.1741,14.0565],[108.1699,14.0396],[108.1645,14.0397],[108.163,14.0337],[108.1638,14.031],[108.162,14.0296],[108.1603,14.0222],[108.1599,14.0209],[108.1558,14.0187],[108.1582,13.9936],[108.1613,13.9895],[108.1595,13.9889],[108.1711,13.9665],[108.1779,13.9526],[108.1754,13.9525],[108.1731,13.9477],[108.1746,13.9468],[108.1709,13.9418],[108.1657,13.9388],[108.1651,13.9266],[108.1615,13.9191],[108.1611,13.9162],[108.1595,13.9129],[108.1532,13.9076],[108.1526,13.9026],[108.1522,13.8994],[108.1476,13.892],[108.1375,13.8748],[108.134,13.8672],[108.1285,13.8668],[108.126,13.8659],[108.1224,13.8614],[108.1248,13.8554],[108.1262,13.8544],[108.1282,13.849],[108.1358,13.8458],[108.145,13.8446],[108.1488,13.848],[108.1527,13.8482],[108.157,13.8508],[108.1612,13.8478],[108.1618,13.8456],[108.1643,13.844],[108.1669,13.8369],[108.1726,13.8364],[108.1755,13.8344],[108.1798,13.8366],[108.1781,13.84],[108.18,13.8434],[108.1872,13.8396],[108.189,13.8458],[108.1859,13.8481],[108.1893,13.8512],[108.1925,13.8489],[108.1967,13.8486],[108.2041,13.8505],[108.2067,13.8528],[108.2079,13.8555],[108.211,13.8571],[108.2126,13.8552],[108.2156,13.8548],[108.2172,13.8563],[108.2189,13.8603],[108.2239,13.8636],[108.2239,13.8669],[108.2194,13.8686],[108.2193,13.8704],[108.2244,13.8702],[108.2269,13.8721],[108.2287,13.8753],[108.2308,13.881],[108.2331,13.884],[108.2336,13.8886],[108.2379,13.8894],[108.2399,13.8912],[108.243,13.8917],[108.245,13.8941],[108.2444,13.8975],[108.2369,13.9053],[108.2348,13.9051],[108.2323,13.908],[108.2372,13.9133],[108.2361,13.917],[108.2318,13.9175],[108.2279,13.9125],[108.2239,13.9127],[108.2229,13.9162],[108.2268,13.9177],[108.2304,13.9176],[108.2312,13.9192],[108.226,13.9227],[108.2258,13.9274],[108.2291,13.9289],[108.2328,13.9285],[108.2308,13.9374],[108.2314,13.9401],[108.2347,13.9411],[108.2332,13.9438],[108.2291,13.9422],[108.2231,13.9436],[108.224,13.9461],[108.2267,13.9452]]]},"properties":{"ma_xa":"23714","ten_xa":"KDang","sap_nhap":"Hnol, Trang, KDang","tru_so":"đang cập nhật","loai":"Xã","cap":2,"stt":114,"dtich_km2":178.88,"dan_so":22686,"matdo_km2":126.82,"ma_tinh":"52","ten_tinh":"Gia Lai"}},
{"type":"Feature","geometry":{"type":"Polygon","coordinates":[[[108.95,14.2221],[108.947,14.2279],[108.9438,14.2318],[108.939,14.2319],[108.9365,14.2342],[108.9353,14.2391],[108.9333,14.2429],[108.9306,14.2443],[108.9287,14.2479],[108.9286,14.2509],[108.9269,14.2526],[108.9185,14.2546],[108.9185,14.2609],[108.9147,14.2658],[108.914,14.2688],[108.9113,14.2703],[108.9086,14.2782],[108.9071,14.2788],[108.9042,14.2763],[108.9017,14.2777],[108.8994,14.2814],[108.9028,14.2891],[108.9022,14.2919],[108.8989,14.2918],[108.8956,14.2933],[108.8912,14.2934],[108.889,14.2953],[108.8847,14.2968],[108.8842,14.3017],[108.8783,14.3021],[108.873,14.3039],[108.8722,14.306],[108.8694,14.3067],[108.8682,14.3089],[108.8644,14.3101],[108.8625,14.3097],[108.8608,14.3119],[108.8538,14.3168],[108.8542,14.3227],[108.8509,14.3238],[108.8504,14.3257],[108.8522,14.3279],[108.8524,14.3333],[108.8545,14.3356],[108.8496,14.3449],[108.8466,14.3451],[108.8445,14.347],[108.8445,14.3501],[108.8377,14.3541],[108.8323,14.3531],[108.8264,14.3534],[108.8192,14.3498],[108.8157,14.3502],[108.8115,14.3529],[108.8047,14.3532],[108.8029,14.3518],[108.7942,14.3528],[108.7861,14.3473],[108.7862,14.346],[108.7896,14.3462],[108.7928,14.3445],[108.7938,14.3396],[108.7951,14.3376],[108.7949,14.3346],[108.7978,14.3299],[108.8004,14.3291],[108.8026,14.3251],[108.8051,14.3243],[108.8053,14.3189],[108.8037,14.3134],[108.8038,14.3103],[108.8028,14.3062],[108.8011,14.3037],[108.8032,14.3009],[108.8026,14.2942],[108.8041,14.2924],[108.8065,14.287],[108.808,14.2858],[108.805,14.2759],[108.8068,14.2719],[108.8058,14.269],[108.8063,14.2655],[108.8104,14.2605],[108.8097,14.2569],[108.8106,14.2541],[108.811,14.2483],[108.8118,14.2463],[108.8099,14.245],[108.8111,14.2413],[108.8132,14.2411],[108.818,14.2378],[108.8157,14.2355],[108.8174,14.2335],[108.8153,14.2312],[108.8153,14.2288],[108.8147,14.2263],[108.8194,14.2228],[108.8228,14.2194],[108.826,14.2131],[108.8247,14.2082],[108.826,14.2054],[108.8286,14.2035],[108.8291,14.2005],[108.8254,14.1997],[108.8253,14.192],[108.8292,14.1897],[108.829,14.1867],[108.8316,14.1849],[108.8364,14.1802],[108.8403,14.1828],[108.8422,14.1794],[108.84,14.1758],[108.8406,14.1729],[108.8391,14.1717],[108.8399,14.167],[108.838,14.1645],[108.8383,14.1623],[108.841,14.1592],[108.8483,14.1543],[108.8523,14.1529],[108.8531,14.1514],[108.8569,14.149],[108.8579,14.1444],[108.8617,14.1431],[108.8632,14.1453],[108.8689,14.1429],[108.873,14.1473],[108.8724,14.1485],[108.873,14.1534],[108.8725,14.1577],[108.8688,14.1605],[108.8725,14.1634],[108.8745,14.166],[108.878,14.1615],[108.8807,14.1604],[108.8811,14.1583],[108.884,14.1556],[108.8846,14.1593],[108.8883,14.1625],[108.8887,14.1667],[108.8915,14.1697],[108.892,14.1752],[108.894,14.1771],[108.8957,14.1806],[108.899,14.1818],[108.9003,14.1896],[108.8999,14.1913],[108.9072,14.1941],[108.9151,14.1936],[108.9188,14.194],[108.9226,14.1959],[108.9267,14.1947],[108.9326,14.198],[108.9359,14.2046],[108.9385,14.2057],[108.9389,14.2104],[108.9424,14.2117],[108.946,14.2194],[108.95,14.2221]]]},"properties":{"ma_xa":"21727","ten_xa":"Kim Sơn","sap_nhap":"Ân Nghĩa, Bok Tới","tru_so":"đang cập nhật","loai":"Xã","cap":2,"stt":44,"dtich_km2":202.7,"dan_so":14008,"matdo_km2":69.11,"ma_tinh":"52","ten_tinh":"Gia Lai"}},
{"type":"Feature","geometry":{"type":"Polygon","coordinates":[[[108.3669,13.8342],[108.3648,13.8399],[108.366,13.8438],[108.3637,13.8475],[108.3719,13.8507],[108.3698,13.8553],[108.3691,13.8606],[108.3676,13.8625],[108.3696,13.8667],[108.3691,13.8704],[108.3667,13.8691],[108.3627,13.8636],[108.36,13.8633],[108.3576,13.8648],[108.3486,13.8622],[108.3373,13.8625],[108.3349,13.8642],[108.3317,13.8642],[108.3255,13.8624],[108.3265,13.8593],[108.324,13.8585],[108.3231,13.8547],[108.3209,13.8545],[108.3169,13.8504],[108.3129,13.8484],[108.3113,13.8465],[108.3109,13.8438],[108.3091,13.8397],[108.3053,13.8376],[108.3032,13.8343],[108.2991,13.8336],[108.2961,13.8368],[108.2931,13.8358],[108.2924,13.8329],[108.2894,13.8314],[108.2843,13.8335],[108.2731,13.8297],[108.2684,13.8334],[108.266,13.8311],[108.2619,13.8317],[108.2603,13.8356],[108.2574,13.836],[108.2584,13.8318],[108.2583,13.8281],[108.2541,13.8225],[108.2552,13.8203],[108.2543,13.817],[108.256,13.8149],[108.2529,13.8138],[108.2536,13.8099],[108.2523,13.8077],[108.2553,13.807],[108.2565,13.8035],[108.259,13.8049],[108.2595,13.8009],[108.2562,13.7975],[108.255,13.795],[108.2513,13.7968],[108.2533,13.7913],[108.2504,13.7886],[108.2468,13.7873],[108.248,13.7842],[108.2474,13.7808],[108.2449,13.7746],[108.2447,13.7718],[108.2463,13.7708],[108.2461,13.7677],[108.2442,13.7659],[108.2441,13.7619],[108.2396,13.763],[108.2383,13.758],[108.2347,13.7582],[108.1997,13.7562],[108.1901,13.7502],[108.1879,13.7408],[108.1862,13.7294],[108.1859,13.725],[108.1837,13.7145],[108.1833,13.6972],[108.1827,13.6926],[108.1834,13.6865],[108.1828,13.6817],[108.1857,13.6825],[108.2056,13.6844],[108.2192,13.6862],[108.2334,13.684],[108.2386,13.6949],[108.2392,13.697],[108.2515,13.7066],[108.2635,13.704],[108.2757,13.6972],[108.2805,13.692],[108.2943,13.6785],[108.3054,13.6744],[108.3152,13.6764],[108.3216,13.6764],[108.323,13.6777],[108.3275,13.6766],[108.3294,13.6786],[108.332,13.6789],[108.3354,13.6751],[108.3382,13.6744],[108.3421,13.6763],[108.3428,13.6798],[108.3466,13.6802],[108.3465,13.6819],[108.3508,13.6829],[108.3545,13.6879],[108.3589,13.6899],[108.3627,13.6908],[108.3693,13.6911],[108.3702,13.6925],[108.3734,13.6921],[108.3785,13.6941],[108.3758,13.6965],[108.3761,13.6991],[108.3781,13.7034],[108.3778,13.7091],[108.3759,13.7095],[108.3703,13.7149],[108.3728,13.7175],[108.3721,13.7204],[108.3697,13.7237],[108.3689,13.7288],[108.3671,13.7289],[108.366,13.7335],[108.3633,13.7351],[108.3603,13.7393],[108.3578,13.7496],[108.3547,13.7563],[108.3535,13.7621],[108.353,13.7719],[108.3543,13.7754],[108.3598,13.7781],[108.3607,13.7811],[108.3637,13.7841],[108.3613,13.7869],[108.362,13.7892],[108.3641,13.7911],[108.3625,13.7944],[108.3628,13.8011],[108.3673,13.8024],[108.3675,13.8056],[108.3664,13.8102],[108.3678,13.8125],[108.3699,13.8237],[108.3683,13.8246],[108.3678,13.828],[108.3646,13.8308],[108.3646,13.8331],[108.3669,13.8342]]]},"properties":{"ma_xa":"23818","ten_xa":"Kon Chiêng","sap_nhap":"Đak Trôi, Kon Chiêng","tru_so":"đang cập nhật","loai":"Xã","cap":2,"stt":118,"dtich_km2":273.51,"dan_so":9971,"matdo_km2":36.46,"ma_tinh":"52","ten_tinh":"Gia Lai"}},
{"type":"Feature","geometry":{"type":"Polygon","coordinates":[[[108.176,14.1586],[108.1721,14.1586],[108.1687,14.1607],[108.1639,14.1596],[108.158,14.1612],[108.1551,14.1586],[108.1506,14.1571],[108.1485,14.1537],[108.1463,14.1529],[108.1428,14.1536],[108.1361,14.1574],[108.1343,14.1575],[108.128,14.1542],[108.1211,14.1562],[108.1172,14.1604],[108.1165,14.1563],[108.1093,14.1567],[108.1066,14.1588],[108.1043,14.1628],[108.0998,14.1629],[108.0959,14.1592],[108.0925,14.1545],[108.0926,14.1524],[108.0904,14.1509],[108.0914,14.1487],[108.0896,14.1459],[108.0852,14.1448],[108.0848,14.1428],[108.0865,14.1381],[108.0861,14.1369],[108.0873,14.1301],[108.0888,14.1252],[108.0919,14.1169],[108.0973,14.11],[108.1027,14.1025],[108.1039,14.1027],[108.1098,14.0968],[108.1075,14.0909],[108.1035,14.0865],[108.1014,14.0856],[108.0951,14.078],[108.0854,14.0694],[108.0817,14.0648],[108.0839,14.0578],[108.0841,14.0529],[108.0857,14.0526],[108.0855,14.0488],[108.0877,14.0476],[108.0866,14.0456],[108.0895,14.0419],[108.0876,14.0395],[108.0893,14.0372],[108.0898,14.0333],[108.0861,14.0317],[108.083,14.0293],[108.0812,14.0301],[108.0785,14.0281],[108.0763,14.0279],[108.075,14.0242],[108.0787,14.0217],[108.0832,14.0208],[108.079,14.0168],[108.0754,14.0177],[108.075,14.0151],[108.0759,14.0085],[108.0782,14.0028],[108.0826,14.0029],[108.0838,14.0038],[108.0892,14.0043],[108.0904,13.9979],[108.0965,13.993],[108.1054,13.9951],[108.1142,13.9988],[108.1202,13.9993],[108.1263,13.9957],[108.13,13.9978],[108.1284,14.0009],[108.1349,14.0081],[108.1298,14.0115],[108.1324,14.0143],[108.135,14.0223],[108.1438,14.0206],[108.1476,14.022],[108.1511,14.022],[108.1533,14.0202],[108.158,14.021],[108.1603,14.0222],[108.162,14.0296],[108.1638,14.031],[108.163,14.0337],[108.1645,14.0397],[108.1699,14.0396],[108.1741,14.0565],[108.1753,14.0623],[108.1753,14.0656],[108.1772,14.0687],[108.1767,14.0705],[108.1797,14.0732],[108.1881,14.0727],[108.1918,14.0718],[108.1972,14.0733],[108.2,14.072],[108.2005,14.0748],[108.2028,14.0766],[108.2021,14.079],[108.2037,14.0812],[108.2011,14.0838],[108.2009,14.0866],[108.1944,14.0915],[108.1915,14.0957],[108.1895,14.1005],[108.1913,14.1029],[108.1909,14.1052],[108.1923,14.1093],[108.1912,14.1113],[108.1924,14.1161],[108.1873,14.1174],[108.1871,14.1195],[108.1819,14.1215],[108.1804,14.1255],[108.1735,14.1245],[108.1721,14.13],[108.1688,14.1333],[108.1668,14.1375],[108.1662,14.1409],[108.1672,14.1431],[108.1712,14.1441],[108.1694,14.1491],[108.1666,14.1512],[108.1694,14.1585],[108.1733,14.158],[108.176,14.1586]]]},"properties":{"ma_xa":"23701","ten_xa":"Kon Gang","sap_nhap":"Đak Krong, Hneng, Nam Yang, Kon Gang","tru_so":"đang cập nhật","loai":"Xã","cap":2,"stt":112,"dtich_km2":145.84,"dan_so":22529,"matdo_km2":154.48,"ma_tinh":"52","ten_tinh":"Gia Lai"}},
{"type":"Feature","geometry":{"type":"Polygon","coordinates":[[[108.6742,14.1833],[108.672,14.1818],[108.6682,14.1774],[108.6633,14.1747],[108.6611,14.1728],[108.6569,14.1709],[108.6549,14.172],[108.6509,14.1679],[108.6504,14.1655],[108.6458,14.1654],[108.648,14.162],[108.6432,14.1603],[108.6408,14.1577],[108.6381,14.1581],[108.6349,14.1552],[108.631,14.1545],[108.6306,14.1512],[108.6292,14.1497],[108.6235,14.1495],[108.6211,14.1395],[108.6167,14.1328],[108.6158,14.1274],[108.6125,14.1255],[108.6082,14.126],[108.6076,14.1242],[108.6041,14.1248],[108.6002,14.1269],[108.594,14.1278],[108.5903,14.1271],[108.5873,14.1291],[108.5871,14.1343],[108.5843,14.1326],[108.5802,14.1327],[108.5776,14.1351],[108.5804,14.1423],[108.5762,14.145],[108.5765,14.1495],[108.5725,14.1519],[108.5695,14.1523],[108.5691,14.1503],[108.5655,14.1452],[108.5628,14.1445],[108.5615,14.1425],[108.5616,14.1349],[108.5607,14.1284],[108.5578,14.1276],[108.5559,14.1244],[108.552,14.1216],[108.5522,14.1194],[108.5543,14.1179],[108.5536,14.1122],[108.5575,14.1096],[108.5604,14.1019],[108.5616,14.1006],[108.5684,14.1028],[108.5694,14.0996],[108.5714,14.0971],[108.5771,14.0949],[108.5773,14.0927],[108.582,14.0943],[108.5847,14.0917],[108.5932,14.0897],[108.5946,14.0869],[108.5913,14.0871],[108.5882,14.0808],[108.5864,14.0789],[108.5872,14.0752],[108.5856,14.0742],[108.5851,14.0678],[108.5823,14.0626],[108.585,14.0595],[108.5875,14.0525],[108.5866,14.0512],[108.5892,14.048],[108.5899,14.0431],[108.5886,14.0418],[108.5902,14.039],[108.5892,14.0354],[108.5903,14.0332],[108.5877,14.0309],[108.5874,14.0282],[108.5888,14.0246],[108.5868,14.02],[108.588,14.0181],[108.5934,14.0165],[108.5949,14.0169],[108.5971,14.0192],[108.5995,14.0161],[108.6073,14.0097],[108.6088,14.0124],[108.611,14.0135],[108.6162,14.014],[108.6191,14.0161],[108.6196,14.0191],[108.6235,14.0173],[108.6279,14.0207],[108.6316,14.0212],[108.6378,14.0261],[108.6418,14.0273],[108.6426,14.0291],[108.648,14.0285],[108.6499,14.027],[108.6525,14.0272],[108.6555,14.0309],[108.6615,14.0327],[108.6606,14.0377],[108.6585,14.0423],[108.6568,14.0482],[108.6556,14.0502],[108.6548,14.0558],[108.6519,14.06],[108.6533,14.0652],[108.6502,14.0729],[108.6474,14.0768],[108.6493,14.0795],[108.6521,14.0812],[108.6547,14.086],[108.6576,14.0881],[108.658,14.0928],[108.6597,14.0935],[108.6587,14.1],[108.6603,14.1051],[108.6634,14.1092],[108.6665,14.1102],[108.6684,14.1134],[108.6735,14.116],[108.6745,14.1203],[108.6805,14.1218],[108.68,14.1244],[108.6824,14.1254],[108.6821,14.1278],[108.6869,14.1286],[108.6847,14.1313],[108.6833,14.141],[108.6768,14.1501],[108.678,14.1517],[108.6791,14.1575],[108.679,14.1604],[108.6774,14.161],[108.6697,14.1603],[108.6651,14.165],[108.6671,14.1665],[108.6727,14.1744],[108.6769,14.1775],[108.6765,14.1802],[108.6744,14.181],[108.6742,14.1833]]]},"properties":{"ma_xa":"23674","ten_xa":"Kông Bơ La","sap_nhap":"Đông, Nghĩa An, Kông Bơ La","tru_so":"đang cập nhật","loai":"Xã","cap":2,"stt":88,"dtich_km2":133.42,"dan_so":17468,"matdo_km2":130.92,"ma_tinh":"52","ten_tinh":"Gia Lai"}},
{"type":"Feature","geometry":{"type":"Polygon","coordinates":[[[108.5264,13.821],[108.5235,13.8205],[108.5186,13.8184],[108.5152,13.8101],[108.51,13.8102],[108.5148,13.8174],[108.5151,13.8187],[108.5126,13.822],[108.5145,13.8245],[108.5131,13.8257],[108.5132,13.8285],[108.5112,13.8306],[108.5069,13.8334],[108.5051,13.8318],[108.4985,13.8337],[108.4966,13.8323],[108.4915,13.8329],[108.4893,13.8319],[108.4837,13.8336],[108.48,13.8318],[108.4782,13.8342],[108.4671,13.8311],[108.4637,13.8316],[108.4643,13.8273],[108.4695,13.8222],[108.4708,13.8201],[108.4686,13.8149],[108.4686,13.8117],[108.4663,13.8104],[108.4677,13.8048],[108.4617,13.7998],[108.4609,13.7964],[108.4591,13.7956],[108.46,13.7891],[108.4583,13.7858],[108.4584,13.7815],[108.4626,13.7833],[108.4644,13.7798],[108.4666,13.7774],[108.4638,13.7741],[108.4643,13.7716],[108.472,13.7656],[108.4725,13.762],[108.4753,13.76],[108.4765,13.7536],[108.4782,13.7523],[108.4791,13.7476],[108.483,13.7488],[108.4915,13.7484],[108.4925,13.7494],[108.4966,13.7474],[108.4979,13.7489],[108.5009,13.7464],[108.4992,13.7442],[108.4963,13.743],[108.4923,13.7381],[108.491,13.7352],[108.4909,13.7322],[108.497,13.7288],[108.4953,13.7222],[108.4938,13.7218],[108.4931,13.7172],[108.4831,13.7162],[108.4655,13.7105],[108.4649,13.7066],[108.4675,13.7016],[108.4649,13.6941],[108.4645,13.6904],[108.4623,13.6875],[108.4625,13.6825],[108.4666,13.6765],[108.4674,13.6724],[108.4656,13.6704],[108.4691,13.6655],[108.4662,13.661],[108.4625,13.658],[108.4589,13.6497],[108.4627,13.6497],[108.4623,13.6403],[108.464,13.6369],[108.4671,13.6345],[108.4675,13.6315],[108.4663,13.6293],[108.4702,13.6253],[108.4718,13.6261],[108.4765,13.6181],[108.4791,13.6155],[108.4801,13.6131],[108.4862,13.6156],[108.4902,13.6146],[108.4924,13.6123],[108.4966,13.6121],[108.4985,13.6093],[108.5008,13.6115],[108.5123,13.6126],[108.5168,13.6133],[108.5205,13.6154],[108.5222,13.6125],[108.5377,13.6254],[108.5447,13.6258],[108.5537,13.6302],[108.5524,13.6331],[108.5535,13.6366],[108.5551,13.6379],[108.5537,13.6417],[108.5548,13.6444],[108.5548,13.6483],[108.5504,13.6516],[108.5527,13.6553],[108.553,13.663],[108.5613,13.67],[108.5649,13.6747],[108.5651,13.6787],[108.5641,13.6821],[108.567,13.6873],[108.5666,13.6906],[108.5621,13.696],[108.5577,13.7047],[108.557,13.7079],[108.5575,13.7113],[108.5599,13.7135],[108.5609,13.7191],[108.5605,13.7228],[108.5569,13.7286],[108.5534,13.732],[108.5446,13.7431],[108.5418,13.748],[108.5376,13.7504],[108.5373,13.7573],[108.5295,13.7663],[108.5327,13.7663],[108.5399,13.7685],[108.5424,13.7671],[108.5451,13.7684],[108.5466,13.7725],[108.551,13.7733],[108.5561,13.7724],[108.5575,13.7736],[108.5549,13.7794],[108.5537,13.7785],[108.5507,13.7843],[108.549,13.7851],[108.5456,13.7893],[108.5439,13.7903],[108.5416,13.7962],[108.538,13.7991],[108.5361,13.8028],[108.5364,13.8076],[108.538,13.8132],[108.5385,13.8184],[108.5334,13.8204],[108.5313,13.8197],[108.5264,13.821]]]},"properties":{"ma_xa":"23824","ten_xa":"Kông Chro","sap_nhap":"Kông Chro (thị trấn), Yang Trung, Yang Nam","tru_so":"đang cập nhật","loai":"Xã","cap":2,"stt":92,"dtich_km2":200.79,"dan_so":20936,"matdo_km2":104.27,"ma_tinh":"52","ten_tinh":"Gia Lai"}},
{"type":"Feature","geometry":{"type":"Polygon","coordinates":[[[108.4864,14.3764],[108.481,14.3761],[108.4796,14.3779],[108.4764,14.3765],[108.4747,14.3741],[108.4694,14.3732],[108.4635,14.3768],[108.4595,14.3743],[108.4572,14.3751],[108.4562,14.373],[108.4506,14.3729],[108.4498,14.3688],[108.4355,14.3693],[108.4322,14.3683],[108.4276,14.3704],[108.4249,14.3679],[108.42,14.3668],[108.4171,14.3682],[108.4124,14.3686],[108.4092,14.3679],[108.4077,14.3688],[108.4025,14.3689],[108.4007,14.371],[108.3991,14.3664],[108.3972,14.365],[108.3971,14.3617],[108.3948,14.3572],[108.3948,14.3542],[108.3897,14.3492],[108.386,14.3477],[108.3844,14.3413],[108.385,14.3368],[108.3865,14.3321],[108.386,14.3294],[108.382,14.3271],[108.3827,14.3189],[108.3834,14.3155],[108.3816,14.3088],[108.3807,14.3032],[108.3754,14.2978],[108.3734,14.2948],[108.3743,14.2911],[108.3707,14.2873],[108.3714,14.2854],[108.3695,14.2839],[108.3696,14.2811],[108.3665,14.2784],[108.3678,14.2731],[108.3706,14.2721],[108.3635,14.2642],[108.3602,14.2645],[108.3568,14.2612],[108.3551,14.2569],[108.3502,14.2586],[108.3432,14.2584],[108.3416,14.2562],[108.3421,14.2516],[108.3398,14.2481],[108.342,14.2439],[108.3391,14.2429],[108.3367,14.2443],[108.3356,14.2419],[108.3324,14.2418],[108.327,14.2393],[108.3269,14.2355],[108.3238,14.2342],[108.3239,14.232],[108.327,14.2301],[108.3342,14.2301],[108.3369,14.229],[108.3399,14.2203],[108.3439,14.2169],[108.346,14.214],[108.3473,14.2097],[108.3495,14.2084],[108.3533,14.2099],[108.3569,14.2061],[108.3613,14.2079],[108.3634,14.1995],[108.363,14.1973],[108.3646,14.1936],[108.3669,14.1937],[108.3682,14.1825],[108.3704,14.1783],[108.3704,14.174],[108.3737,14.1717],[108.3787,14.1719],[108.3791,14.1698],[108.3822,14.1675],[108.3796,14.166],[108.381,14.1642],[108.3839,14.1633],[108.3841,14.1604],[108.3861,14.1592],[108.3872,14.1554],[108.3935,14.1552],[108.3933,14.1589],[108.3999,14.1611],[108.4015,14.1626],[108.4023,14.1665],[108.4048,14.1684],[108.4071,14.1671],[108.4087,14.1644],[108.4134,14.1638],[108.4149,14.1645],[108.4177,14.1684],[108.4209,14.1693],[108.4225,14.1682],[108.4275,14.1697],[108.4315,14.1688],[108.4355,14.1688],[108.4361,14.1711],[108.4393,14.1748],[108.4428,14.1777],[108.443,14.1794],[108.4462,14.1835],[108.4475,14.1865],[108.4451,14.1876],[108.4418,14.1919],[108.4402,14.1957],[108.4403,14.2012],[108.4378,14.2077],[108.4392,14.2121],[108.4465,14.2134],[108.4534,14.2118],[108.4561,14.2122],[108.4623,14.2156],[108.468,14.2175],[108.4683,14.2211],[108.4699,14.2235],[108.4737,14.2265],[108.4756,14.2298],[108.479,14.2322],[108.4841,14.2333],[108.4834,14.2364],[108.4879,14.2377],[108.4883,14.2413],[108.493,14.2427],[108.494,14.2467],[108.4961,14.2458],[108.4962,14.2423],[108.4993,14.2387],[108.5059,14.2354],[108.5082,14.2368],[108.5107,14.2367],[108.5115,14.2403],[108.5093,14.2451],[108.5123,14.2454],[108.5148,14.2436],[108.5156,14.2451],[108.5139,14.249],[108.5141,14.2532],[108.5154,14.257],[108.5143,14.2607],[108.5145,14.2634],[108.5117,14.2653],[108.513,14.2729],[108.5122,14.2768],[108.514,14.2829],[108.5124,14.2847],[108.5118,14.2924],[108.5124,14.2982],[108.5192,14.2985],[108.5215,14.3007],[108.5272,14.3015],[108.5281,14.3041],[108.5317,14.3036],[108.5371,14.309],[108.536,14.3155],[108.5387,14.3157],[108.5408,14.3175],[108.5386,14.3235],[108.5364,14.3265],[108.5334,14.3265],[108.5279,14.3323],[108.5281,14.3365],[108.5243,14.3404],[108.5198,14.3428],[108.5162,14.3411],[108.5132,14.3446],[108.5091,14.3449],[108.5087,14.3477],[108.5036,14.3488],[108.5014,14.3522],[108.5007,14.3555],[108.498,14.361],[108.4989,14.3649],[108.4965,14.3672],[108.4943,14.3715],[108.4899,14.3715],[108.4918,14.374],[108.4864,14.3764]]]},"properties":{"ma_xa":"23650","ten_xa":"Krong","sap_nhap":"Krong","tru_so":"đang cập nhật","loai":"Xã","cap":2,"stt":135,"dtich_km2":311.58,"dan_so":6046,"matdo_km2":19.4,"ma_tinh":"52","ten_tinh":"Gia Lai"}},
{"type":"Feature","geometry":{"type":"Polygon","coordinates":[[[108.3124,14.004],[108.3083,14.0063],[108.3064,14.0059],[108.3044,14.0008],[108.3045,13.9987],[108.302,13.9953],[108.2981,13.9941],[108.2951,13.9923],[108.2929,13.9943],[108.2895,13.9946],[108.2869,13.9881],[108.2885,13.9819],[108.286,13.9818],[108.2853,13.9846],[108.2824,13.9867],[108.2805,13.9852],[108.2794,13.9804],[108.2771,13.9801],[108.2766,13.9829],[108.274,13.9853],[108.2717,13.9841],[108.2721,13.981],[108.2683,13.9821],[108.2666,13.9805],[108.2698,13.9772],[108.2713,13.9729],[108.2707,13.9711],[108.2669,13.9716],[108.2596,13.971],[108.2561,13.9691],[108.2549,13.9667],[108.2496,13.9638],[108.2492,13.9625],[108.2507,13.9569],[108.2489,13.9538],[108.2431,13.9584],[108.241,13.9617],[108.2395,13.9587],[108.2361,13.9554],[108.2355,13.9504],[108.2345,13.9481],[108.2318,13.9473],[108.2281,13.9446],[108.2267,13.9452],[108.224,13.9461],[108.2231,13.9436],[108.2291,13.9422],[108.2332,13.9438],[108.2347,13.9411],[108.2314,13.9401],[108.2308,13.9374],[108.2328,13.9285],[108.2291,13.9289],[108.2258,13.9274],[108.226,13.9227],[108.2312,13.9192],[108.2304,13.9176],[108.2268,13.9177],[108.2229,13.9162],[108.2239,13.9127],[108.2279,13.9125],[108.2318,13.9175],[108.2361,13.917],[108.2372,13.9133],[108.2323,13.908],[108.2348,13.9051],[108.2369,13.9053],[108.2444,13.8975],[108.245,13.8941],[108.243,13.8917],[108.2399,13.8912],[108.2379,13.8894],[108.2336,13.8886],[108.2331,13.884],[108.2308,13.881],[108.2287,13.8753],[108.2269,13.8721],[108.2244,13.8702],[108.2193,13.8704],[108.2194,13.8686],[108.2239,13.8669],[108.2239,13.8636],[108.2189,13.8603],[108.2172,13.8563],[108.2156,13.8548],[108.2126,13.8552],[108.211,13.8571],[108.2079,13.8555],[108.2067,13.8528],[108.2041,13.8505],[108.1967,13.8486],[108.1925,13.8489],[108.1893,13.8512],[108.1859,13.8481],[108.189,13.8458],[108.1872,13.8396],[108.18,13.8434],[108.1781,13.84],[108.1798,13.8366],[108.1755,13.8344],[108.1739,13.8318],[108.1743,13.8268],[108.1657,13.8151],[108.1625,13.8117],[108.1643,13.8081],[108.1676,13.8066],[108.1654,13.804],[108.1659,13.8015],[108.1644,13.7973],[108.1606,13.7896],[108.1617,13.7875],[108.1666,13.7857],[108.168,13.7867],[108.1719,13.7867],[108.1741,13.7854],[108.176,13.7807],[108.1758,13.7784],[108.171,13.7774],[108.1696,13.7786],[108.1671,13.7769],[108.1652,13.7721],[108.1696,13.7701],[108.1751,13.7698],[108.1768,13.7646],[108.1743,13.7623],[108.1735,13.7581],[108.1691,13.7564],[108.1691,13.7547],[108.1718,13.7522],[108.1808,13.7493],[108.1834,13.7504],[108.1901,13.7502],[108.1997,13.7562],[108.2347,13.7582],[108.2383,13.758],[108.2396,13.763],[108.2441,13.7619],[108.2442,13.7659],[108.2461,13.7677],[108.2463,13.7708],[108.2447,13.7718],[108.2449,13.7746],[108.2474,13.7808],[108.248,13.7842],[108.2468,13.7873],[108.2504,13.7886],[108.2533,13.7913],[108.2513,13.7968],[108.255,13.795],[108.2562,13.7975],[108.2595,13.8009],[108.259,13.8049],[108.2565,13.8035],[108.2553,13.807],[108.2523,13.8077],[108.2536,13.8099],[108.2529,13.8138],[108.256,13.8149],[108.2543,13.817],[108.2552,13.8203],[108.2541,13.8225],[108.2583,13.8281],[108.2584,13.8318],[108.2574,13.836],[108.2603,13.8356],[108.2619,13.8317],[108.266,13.8311],[108.2684,13.8334],[108.2731,13.8297],[108.2843,13.8335],[108.2894,13.8314],[108.2924,13.8329],[108.2931,13.8358],[108.2961,13.8368],[108.2991,13.8336],[108.3032,13.8343],[108.3053,13.8376],[108.3091,13.8397],[108.3109,13.8438],[108.3113,13.8465],[108.3129,13.8484],[108.3169,13.8504],[108.3209,13.8545],[108.3231,13.8547],[108.324,13.8585],[108.3265,13.8593],[108.3255,13.8624],[108.3317,13.8642],[108.3349,13.8642],[108.3373,13.8625],[108.3486,13.8622],[108.3576,13.8648],[108.36,13.8633],[108.3627,13.8636],[108.3667,13.8691],[108.3691,13.8704],[108.3675,13.8734],[108.3694,13.8775],[108.3684,13.8818],[108.3664,13.8864],[108.3678,13.8887],[108.3661,13.8934],[108.3656,13.8974],[108.3669,13.8991],[108.3705,13.9007],[108.3729,13.9064],[108.3747,13.9154],[108.3745,13.9188],[108.3766,13.9208],[108.3765,13.9268],[108.3805,13.9277],[108.3822,13.9317],[108.3836,13.9331],[108.3818,13.9379],[108.3796,13.9472],[108.3749,13.9561],[108.3738,13.9604],[108.3711,13.9634],[108.3727,13.9686],[108.3719,13.9709],[108.3693,13.9724],[108.3666,13.9783],[108.3711,13.989],[108.3686,13.9908],[108.3641,13.9876],[108.3618,13.985],[108.3576,13.9841],[108.3544,13.981],[108.3527,13.9775],[108.3454,13.976],[108.3437,13.9746],[108.3388,13.9767],[108.3377,13.9788],[108.3347,13.9767],[108.3312,13.9756],[108.3281,13.9808],[108.3252,13.9825],[108.3233,13.9893],[108.3209,13.9933],[108.3186,13.995],[108.3158,13.9991],[108.3136,14.0012],[108.3124,14.004]]]},"properties":{"ma_xa":"23812","ten_xa":"Lơ Pang","sap_nhap":"Đê Ar, Kon Thụp, Lơ Pang","tru_so":"đang cập nhật","loai":"Xã","cap":2,"stt":117,"dtich_km2":316.16,"dan_so":17666,"matdo_km2":55.88,"ma_tinh":"52","ten_tinh":"Gia Lai"}},
{"type":"Feature","geometry":{"type":"Polygon","coordinates":[[[108.249,14.1503],[108.2468,14.1495],[108.2446,14.1466],[108.2433,14.1429],[108.2413,14.142],[108.2396,14.1394],[108.2333,14.1373],[108.2288,14.1343],[108.2183,14.1438],[108.2127,14.1572],[108.2027,14.1571],[108.1997,14.1575],[108.1965,14.156],[108.1941,14.1576],[108.19,14.157],[108.1868,14.1599],[108.1854,14.1599],[108.1814,14.1572],[108.176,14.1586],[108.1733,14.158],[108.1694,14.1585],[108.1666,14.1512],[108.1694,14.1491],[108.1712,14.1441],[108.1672,14.1431],[108.1662,14.1409],[108.1668,14.1375],[108.1688,14.1333],[108.1721,14.13],[108.1735,14.1245],[108.1804,14.1255],[108.1819,14.1215],[108.1871,14.1195],[108.1873,14.1174],[108.1924,14.1161],[108.1912,14.1113],[108.1923,14.1093],[108.1909,14.1052],[108.1913,14.1029],[108.1895,14.1005],[108.1915,14.0957],[108.1944,14.0915],[108.2009,14.0866],[108.2011,14.0838],[108.2037,14.0812],[108.2035,14.0787],[108.2063,14.075],[108.2067,14.073],[108.2124,14.0751],[108.2155,14.0743],[108.2156,14.067],[108.2127,14.0631],[108.2127,14.0591],[108.2103,14.0556],[108.2123,14.0493],[108.2134,14.0422],[108.2148,14.0405],[108.2128,14.033],[108.2127,14.0286],[108.2152,14.028],[108.2165,14.0241],[108.2192,14.0203],[108.2219,14.0195],[108.224,14.0145],[108.2199,14.0132],[108.2201,14.0096],[108.219,14.0063],[108.2193,14.0025],[108.2226,13.999],[108.2236,13.9964],[108.2236,13.9919],[108.2251,13.9864],[108.2272,13.9819],[108.2256,13.9735],[108.2261,13.9712],[108.2284,13.9691],[108.2331,13.9664],[108.2342,13.9613],[108.2328,13.9568],[108.2291,13.9584],[108.2255,13.9587],[108.2269,13.955],[108.2267,13.9522],[108.2279,13.946],[108.2267,13.9452],[108.2281,13.9446],[108.2318,13.9473],[108.2345,13.9481],[108.2355,13.9504],[108.2361,13.9554],[108.2395,13.9587],[108.241,13.9617],[108.2431,13.9584],[108.2489,13.9538],[108.2507,13.9569],[108.2492,13.9625],[108.2496,13.9638],[108.2549,13.9667],[108.2561,13.9691],[108.2596,13.971],[108.2669,13.9716],[108.2707,13.9711],[108.2713,13.9729],[108.2698,13.9772],[108.2666,13.9805],[108.2683,13.9821],[108.2721,13.981],[108.2717,13.9841],[108.274,13.9853],[108.2766,13.9829],[108.2771,13.9801],[108.2794,13.9804],[108.2805,13.9852],[108.2824,13.9867],[108.2853,13.9846],[108.286,13.9818],[108.2885,13.9819],[108.2869,13.9881],[108.2895,13.9946],[108.2929,13.9943],[108.2951,13.9923],[108.2981,13.9941],[108.302,13.9953],[108.3045,13.9987],[108.3044,14.0008],[108.3064,14.0059],[108.3083,14.0063],[108.3124,14.004],[108.3139,14.0078],[108.3156,14.0094],[108.3153,14.0193],[108.3169,14.027],[108.3189,14.0285],[108.3202,14.0317],[108.3201,14.0358],[108.3153,14.045],[108.3125,14.0471],[108.3108,14.0509],[108.3071,14.0539],[108.3069,14.0552],[108.2944,14.0559],[108.2866,14.0608],[108.2829,14.0611],[108.2826,14.0651],[108.2747,14.0683],[108.2719,14.0718],[108.2667,14.0734],[108.2626,14.0752],[108.2625,14.0781],[108.2599,14.0806],[108.2593,14.083],[108.2556,14.0865],[108.2535,14.0898],[108.2561,14.0958],[108.2609,14.099],[108.2628,14.1045],[108.2621,14.1099],[108.2579,14.1161],[108.2614,14.1192],[108.2645,14.118],[108.2652,14.123],[108.2641,14.1255],[108.2619,14.1273],[108.2618,14.1303],[108.2636,14.1343],[108.2628,14.1366],[108.2608,14.1373],[108.2612,14.1407],[108.2631,14.1451],[108.2586,14.1495],[108.2547,14.1509],[108.2507,14.1497],[108.249,14.1503]]]},"properties":{"ma_xa":"23794","ten_xa":"Mang Yang","sap_nhap":"Kon Dơng (thị trấn), Đăk Yă, Đak Djrăng, Hải Yang","tru_so":"đang cập nhật","loai":"Xã","cap":2,"stt":116,"dtich_km2":173.59,"dan_so":30302,"matdo_km2":174.56,"ma_tinh":"52","ten_tinh":"Gia Lai"}},
{"type":"Feature","geometry":{"type":"Polygon","coordinates":[[[109.25,13.927],[109.2398,13.9268],[109.2345,13.9275],[109.2337,13.9302],[109.2316,13.9326],[109.2206,13.9344],[109.2176,13.9318],[109.2146,13.935],[109.214,13.9377],[109.2115,13.9407],[109.2078,13.9427],[109.1991,13.9442],[109.1977,13.9458],[109.193,13.9472],[109.1943,13.9521],[109.1932,13.9568],[109.1954,13.9574],[109.1992,13.9628],[109.2026,13.9651],[109.2044,13.9635],[109.2124,13.9647],[109.2149,13.9636],[109.2186,13.9657],[109.2196,13.9727],[109.2181,13.9764],[109.2179,13.9808],[109.2204,13.9844],[109.2223,13.9925],[109.2213,13.994],[109.2221,13.998],[109.2204,13.9999],[109.2173,13.9997],[109.2136,14.0101],[109.2097,14.0133],[109.2091,14.0158],[109.2067,14.0172],[109.2063,14.0245],[109.2033,14.0284],[109.1978,14.0315],[109.1966,14.0349],[109.1945,14.0362],[109.1919,14.0347],[109.1842,14.0331],[109.1822,14.0338],[109.179,14.0306],[109.1734,14.0308],[109.1714,14.032],[109.1706,14.0296],[109.1722,14.0239],[109.1715,14.0221],[109.1711,14.0155],[109.1652,14.0115],[109.1612,14.0022],[109.1571,13.9985],[109.1573,13.9956],[109.16,13.9948],[109.1638,13.9909],[109.1669,13.9903],[109.1673,13.9883],[109.1641,13.9834],[109.1632,13.9808],[109.1643,13.9771],[109.1656,13.9653],[109.1655,13.9626],[109.163,13.9619],[109.1663,13.9577],[109.1664,13.9533],[109.1634,13.9523],[109.1652,13.9499],[109.1684,13.9498],[109.1709,13.9459],[109.1742,13.9481],[109.1759,13.9466],[109.1773,13.9406],[109.1769,13.9376],[109.1833,13.9357],[109.1872,13.9334],[109.196,13.9304],[109.1963,13.927],[109.1985,13.9254],[109.204,13.9255],[109.2052,13.9231],[109.2106,13.9199],[109.2126,13.9206],[109.2123,13.924],[109.2163,13.9231],[109.2201,13.9256],[109.2201,13.9272],[109.2265,13.9277],[109.2262,13.9263],[109.2327,13.9228],[109.2331,13.9205],[109.2355,13.9188],[109.2326,13.9141],[109.2351,13.9117],[109.2381,13.9071],[109.2401,13.9057],[109.2452,13.905],[109.2468,13.9036],[109.2594,13.9009],[109.2596,13.9016],[109.2664,13.9013],[109.2591,13.9113],[109.2536,13.9203],[109.25,13.927]]]},"properties":{"ma_xa":"21901","ten_xa":"Ngô Mây","sap_nhap":"Cát Hưng, Cát Thắng, Cát Chánh","tru_so":"đang cập nhật","loai":"Xã","cap":2,"stt":21,"dtich_km2":61.42,"dan_so":25651,"matdo_km2":417.63,"ma_tinh":"52","ten_tinh":"Gia Lai"}},
{"type":"Feature","geometry":{"type":"Polygon","coordinates":[[[109.344,13.6347],[109.3411,13.6353],[109.338,13.6343],[109.3389,13.6298],[109.3376,13.6271],[109.3405,13.6223],[109.3407,13.6203],[109.345,13.6158],[109.3476,13.6117],[109.3516,13.6103],[109.3535,13.612],[109.3557,13.6119],[109.3608,13.605],[109.3625,13.6057],[109.3634,13.6094],[109.3621,13.6131],[109.3589,13.6158],[109.3558,13.6204],[109.3518,13.6195],[109.35,13.6249],[109.344,13.6347]]]},"properties":{"ma_xa":"21607","ten_xa":"Nhơn Châu","sap_nhap":"Nhơn Châu","tru_so":"đang cập nhật","loai":"Xã","cap":2,"stt":127,"dtich_km2":3.62,"dan_so":2350,"matdo_km2":649.17,"ma_tinh":"52","ten_tinh":"Gia Lai"}},
{"type":"Feature","geometry":{"type":"Polygon","coordinates":[[[109.1208,14.0545],[109.1192,14.0561],[109.1094,14.0591],[109.1093,14.0609],[109.1037,14.0635],[109.1025,14.0617],[109.0949,14.0566],[109.0893,14.057],[109.0894,14.052],[109.0907,14.0503],[109.0886,14.0468],[109.0888,14.0451],[109.0866,14.0427],[109.0825,14.0421],[109.0785,14.0426],[109.0749,14.0406],[109.0722,14.0375],[109.0671,14.036],[109.0659,14.0333],[109.0634,14.0326],[109.062,14.0299],[109.0563,14.0299],[109.0566,14.028],[109.0528,14.0279],[109.049,14.0265],[109.0418,14.026],[109.0386,14.0206],[109.0394,14.0196],[109.0349,14.0115],[109.0367,14.009],[109.0398,14.0075],[109.0381,14.0034],[109.034,14.0055],[109.0309,14.0057],[109.0299,14.0036],[109.0267,14.0035],[109.0254,13.9986],[109.0294,13.9976],[109.0295,13.9947],[109.0276,13.9934],[109.0265,13.9897],[109.0233,13.9893],[109.0241,13.9853],[109.0218,13.984],[109.0216,13.981],[109.0231,13.9784],[109.0189,13.9757],[109.0197,13.974],[109.0144,13.97],[109.0159,13.9665],[109.0179,13.9663],[109.0186,13.9633],[109.0204,13.961],[109.0232,13.963],[109.0316,13.961],[109.0328,13.9586],[109.0357,13.9571],[109.0392,13.9578],[109.0477,13.9452],[109.0523,13.9382],[109.0535,13.9397],[109.0571,13.9398],[109.0593,13.9423],[109.0616,13.9469],[109.0643,13.9469],[109.0692,13.9433],[109.0742,13.9441],[109.0709,13.9505],[109.0685,13.952],[109.0718,13.9546],[109.0773,13.9527],[109.0795,13.9536],[109.082,13.9528],[109.0854,13.9579],[109.0853,13.9599],[109.0813,13.9602],[109.0836,13.9665],[109.0826,13.9686],[109.0841,13.9717],[109.0838,13.9739],[109.0879,13.9802],[109.0847,13.9849],[109.0824,13.986],[109.084,13.9897],[109.0857,13.9917],[109.0897,13.9921],[109.0907,13.9897],[109.0935,13.9928],[109.0978,13.9949],[109.0994,13.9993],[109.1013,14.001],[109.1048,14.0018],[109.1067,14.004],[109.1128,14.0086],[109.1167,14.0102],[109.1194,14.015],[109.1211,14.0156],[109.1249,14.0145],[109.1321,14.0171],[109.1314,14.0198],[109.1342,14.0219],[109.1392,14.0288],[109.1339,14.0348],[109.1338,14.0366],[109.1358,14.0388],[109.1352,14.0425],[109.1387,14.0445],[109.1371,14.0455],[109.1313,14.0444],[109.1283,14.0445],[109.1237,14.0428],[109.1159,14.0463],[109.1161,14.0505],[109.1194,14.0519],[109.1208,14.0545]]]},"properties":{"ma_xa":"21853","ten_xa":"Phù Cát","sap_nhap":"Ngô Mây (thị trấn), Cát Trinh, Cát Tân","tru_so":"đang cập nhật","loai":"Xã","cap":2,"stt":19,"dtich_km2":83.96,"dan_so":51436,"matdo_km2":612.63,"ma_tinh":"52","ten_tinh":"Gia Lai"}},
{"type":"Feature","geometry":{"type":"Polygon","coordinates":[[[109.1316,14.1949],[109.1314,14.1972],[109.1285,14.1989],[109.1248,14.208],[109.1218,14.2085],[109.1142,14.2137],[109.1109,14.213],[109.1091,14.211],[109.1046,14.2097],[109.0984,14.2104],[109.096,14.2087],[109.0899,14.2124],[109.0874,14.2105],[109.0864,14.208],[109.0786,14.2076],[109.075,14.2063],[109.0713,14.2097],[109.0645,14.2119],[109.0622,14.2121],[109.0569,14.211],[109.0558,14.2097],[109.0563,14.2049],[109.0538,14.2025],[109.052,14.1968],[109.0521,14.1932],[109.0485,14.1912],[109.0473,14.1924],[109.0431,14.1929],[109.0401,14.1917],[109.0393,14.1586],[109.0392,14.1529],[109.0459,14.1522],[109.0474,14.1553],[109.0523,14.1543],[109.0549,14.1496],[109.0526,14.1468],[109.0585,14.1425],[109.0606,14.1437],[109.0652,14.1419],[109.0712,14.1373],[109.0708,14.1402],[109.0719,14.1465],[109.0732,14.1486],[109.0737,14.1534],[109.0752,14.1554],[109.0757,14.1584],[109.0782,14.1621],[109.0814,14.1619],[109.0848,14.1664],[109.087,14.165],[109.0858,14.1628],[109.0901,14.1574],[109.0901,14.1549],[109.0921,14.1545],[109.0975,14.1515],[109.1012,14.1541],[109.1024,14.1523],[109.1092,14.1491],[109.1096,14.1479],[109.1102,14.1518],[109.1073,14.1557],[109.1119,14.1584],[109.114,14.163],[109.1149,14.1686],[109.1169,14.1686],[109.1224,14.166],[109.1235,14.1706],[109.1228,14.1775],[109.1252,14.1821],[109.1242,14.1848],[109.1246,14.1886],[109.1268,14.192],[109.1316,14.1949]]]},"properties":{"ma_xa":"21730","ten_xa":"Phù Mỹ","sap_nhap":"Phù Mỹ (thị trấn), Mỹ Quang, Mỹ Chánh Tây","tru_so":"đang cập nhật","loai":"Xã","cap":2,"stt":26,"dtich_km2":54.47,"dan_so":28496,"matdo_km2":523.15,"ma_tinh":"52","ten_tinh":"Gia Lai"}},
{"type":"Feature","geometry":{"type":"Polygon","coordinates":[[[109.127,14.3953],[109.1265,14.3938],[109.12,14.3915],[109.1177,14.3894],[109.1094,14.3893],[109.1067,14.3934],[109.1034,14.3969],[109.096,14.3985],[109.0953,14.4018],[109.092,14.4071],[109.0891,14.4047],[109.0874,14.4005],[109.0836,14.3981],[109.0859,14.3933],[109.0862,14.3857],[109.0828,14.3822],[109.0753,14.3784],[109.0779,14.3733],[109.0727,14.37],[109.0695,14.3673],[109.0666,14.3663],[109.0619,14.3623],[109.0584,14.3611],[109.0556,14.3616],[109.0496,14.3651],[109.0468,14.3652],[109.0441,14.3612],[109.0431,14.3579],[109.0359,14.3586],[109.0332,14.3568],[109.0302,14.3577],[109.0266,14.3558],[109.0278,14.3541],[109.0271,14.3492],[109.0291,14.3451],[109.0322,14.3424],[109.0294,14.337],[109.0312,14.3328],[109.0263,14.3313],[109.0212,14.3286],[109.0143,14.321],[109.0158,14.3158],[109.0181,14.3106],[109.0173,14.3036],[109.0191,14.3018],[109.0184,14.296],[109.0155,14.2918],[109.0161,14.2865],[109.0157,14.2828],[109.0187,14.2821],[109.0218,14.2788],[109.022,14.2763],[109.0241,14.2743],[109.0264,14.2693],[109.0289,14.2671],[109.0318,14.2691],[109.0352,14.2669],[109.0388,14.2669],[109.0397,14.265],[109.046,14.2639],[109.0474,14.2656],[109.05,14.2654],[109.0525,14.2669],[109.056,14.2672],[109.0607,14.2697],[109.0623,14.2725],[109.0663,14.2743],[109.0665,14.2765],[109.0701,14.2786],[109.0707,14.2835],[109.0742,14.2859],[109.0743,14.2899],[109.0761,14.2917],[109.0755,14.2971],[109.0787,14.3007],[109.077,14.3021],[109.0764,14.305],[109.0822,14.3075],[109.0876,14.3161],[109.0963,14.3167],[109.1148,14.3169],[109.1057,14.3305],[109.1097,14.3321],[109.1137,14.3348],[109.1202,14.3381],[109.1188,14.341],[109.116,14.3434],[109.1159,14.3451],[109.1209,14.3502],[109.1337,14.3513],[109.1291,14.3594],[109.1241,14.3695],[109.1209,14.3794],[109.1238,14.3848],[109.123,14.3889],[109.1257,14.3902],[109.1275,14.3936],[109.127,14.3953]]]},"properties":{"ma_xa":"21739","ten_xa":"Phù Mỹ Bắc","sap_nhap":"Mỹ Đức, Mỹ Châu, Mỹ Lộc","tru_so":"đang cập nhật","loai":"Xã","cap":2,"stt":32,"dtich_km2":100.98,"dan_so":28766,"matdo_km2":284.87,"ma_tinh":"52","ten_tinh":"Gia Lai"}},
{"type":"Feature","geometry":{"type":"Polygon","coordinates":[[[109.182,14.211],[109.1814,14.2195],[109.182,14.2235],[109.1839,14.2272],[109.1872,14.2296],[109.1902,14.2296],[109.1911,14.2278],[109.1938,14.2268],[109.1981,14.2325],[109.1945,14.2438],[109.1946,14.2484],[109.1923,14.2511],[109.1891,14.2531],[109.1801,14.2678],[109.1785,14.273],[109.1786,14.2751],[109.1805,14.2781],[109.1847,14.2788],[109.186,14.2818],[109.1828,14.2818],[109.1729,14.294],[109.1663,14.303],[109.1528,14.3218],[109.1382,14.3436],[109.1337,14.3513],[109.1209,14.3502],[109.1159,14.3451],[109.116,14.3434],[109.1188,14.341],[109.1202,14.3381],[109.1137,14.3348],[109.1097,14.3321],[109.1057,14.3305],[109.1148,14.3169],[109.1333,14.291],[109.1334,14.2875],[109.1366,14.2857],[109.1408,14.2767],[109.1416,14.2739],[109.1403,14.2726],[109.1411,14.263],[109.142,14.2599],[109.1421,14.2549],[109.1362,14.249],[109.1344,14.2452],[109.1303,14.2443],[109.1279,14.2462],[109.1224,14.2467],[109.1197,14.2404],[109.1179,14.2381],[109.1189,14.2348],[109.1179,14.231],[109.1153,14.2271],[109.116,14.2208],[109.1148,14.2174],[109.1158,14.2157],[109.1142,14.2137],[109.1218,14.2085],[109.1248,14.208],[109.1285,14.1989],[109.1314,14.1972],[109.1316,14.1949],[109.1348,14.1929],[109.138,14.1932],[109.1422,14.1925],[109.1446,14.1911],[109.1488,14.1953],[109.1526,14.1956],[109.1551,14.1994],[109.1563,14.2031],[109.1605,14.2033],[109.163,14.2049],[109.1666,14.203],[109.1675,14.2053],[109.1675,14.2096],[109.1666,14.2127],[109.1689,14.2127],[109.1723,14.2163],[109.1758,14.2154],[109.177,14.2124],[109.182,14.211]]]},"properties":{"ma_xa":"21751","ten_xa":"Phù Mỹ Đông","sap_nhap":"Mỹ An, Mỹ Thọ, Mỹ Thắng","tru_so":"đang cập nhật","loai":"Xã","cap":2,"stt":29,"dtich_km2":85.62,"dan_so":43428,"matdo_km2":507.22,"ma_tinh":"52","ten_tinh":"Gia Lai"}},
{"type":"Feature","geometry":{"type":"Polygon","coordinates":[[[109.0393,14.1586],[109.0375,14.1578],[109.0332,14.1601],[109.028,14.1606],[109.0269,14.163],[109.0258,14.169],[109.0131,14.1697],[109.0078,14.1659],[108.9999,14.167],[108.9961,14.1663],[108.9935,14.1675],[108.9884,14.164],[108.9899,14.1607],[108.9905,14.1567],[108.9866,14.153],[108.988,14.1485],[108.9882,14.145],[108.9909,14.1415],[108.99,14.1359],[108.9938,14.1312],[108.9979,14.1228],[108.9964,14.1192],[108.9977,14.1148],[109.0003,14.1108],[109.0013,14.1066],[109.0017,14.0989],[109.0057,14.0969],[109.0099,14.0958],[109.0151,14.0925],[109.0159,14.0895],[109.0114,14.0886],[109.0114,14.0863],[109.0147,14.0865],[109.0207,14.0855],[109.0257,14.0817],[109.0282,14.0844],[109.0262,14.0879],[109.0306,14.0891],[109.0358,14.0927],[109.0412,14.0918],[109.0439,14.0959],[109.046,14.0957],[109.0459,14.0916],[109.0493,14.0956],[109.0523,14.0956],[109.0545,14.0935],[109.0588,14.0918],[109.0629,14.088],[109.0664,14.0885],[109.0699,14.091],[109.0736,14.0919],[109.0755,14.0905],[109.0824,14.0931],[109.0848,14.0961],[109.0861,14.1015],[109.0894,14.1085],[109.0895,14.1109],[109.0917,14.1122],[109.0949,14.1106],[109.1003,14.1112],[109.0994,14.1138],[109.1033,14.1182],[109.103,14.1208],[109.1056,14.1213],[109.1087,14.1189],[109.1142,14.124],[109.1156,14.1275],[109.1129,14.132],[109.1113,14.1326],[109.1094,14.1365],[109.1117,14.1388],[109.1124,14.1437],[109.1114,14.1465],[109.1096,14.1479],[109.1092,14.1491],[109.1024,14.1523],[109.1012,14.1541],[109.0975,14.1515],[109.0921,14.1545],[109.0901,14.1549],[109.0901,14.1574],[109.0858,14.1628],[109.087,14.165],[109.0848,14.1664],[109.0814,14.1619],[109.0782,14.1621],[109.0757,14.1584],[109.0752,14.1554],[109.0737,14.1534],[109.0732,14.1486],[109.0719,14.1465],[109.0708,14.1402],[109.0712,14.1373],[109.0652,14.1419],[109.0606,14.1437],[109.0585,14.1425],[109.0526,14.1468],[109.0549,14.1496],[109.0523,14.1543],[109.0474,14.1553],[109.0459,14.1522],[109.0392,14.1529],[109.0393,14.1586]]]},"properties":{"ma_xa":"21775","ten_xa":"Phù Mỹ Nam","sap_nhap":"Mỹ Tài, Mỹ Hiệp","tru_so":"đang cập nhật","loai":"Xã","cap":2,"stt":31,"dtich_km2":85.1,"dan_so":27185,"matdo_km2":319.45,"ma_tinh":"52","ten_tinh":"Gia Lai"}},
{"type":"Feature","geometry":{"type":"Polygon","coordinates":[[[109.046,14.2639],[109.0397,14.265],[109.0388,14.2669],[109.0352,14.2669],[109.0318,14.2691],[109.0289,14.2671],[109.0264,14.2693],[109.0238,14.2665],[109.0236,14.2631],[109.0207,14.2596],[109.0163,14.2602],[109.0142,14.2586],[109.0151,14.256],[109.0133,14.2505],[109.0088,14.2434],[109.0033,14.2432],[109.0012,14.2409],[108.9963,14.2382],[108.9921,14.2386],[108.9875,14.2378],[108.9815,14.2379],[108.9783,14.2345],[108.9765,14.2301],[108.9781,14.2264],[108.9753,14.225],[108.971,14.2216],[108.9703,14.2166],[108.9718,14.2145],[108.9705,14.209],[108.9672,14.2006],[108.9645,14.198],[108.9661,14.1954],[108.9644,14.1899],[108.9655,14.1858],[108.9679,14.1837],[108.9708,14.1797],[108.9746,14.1781],[108.9777,14.1758],[108.981,14.1755],[108.9823,14.1725],[108.9884,14.164],[108.9935,14.1675],[108.9961,14.1663],[108.9999,14.167],[109.0078,14.1659],[109.0131,14.1697],[109.0258,14.169],[109.0269,14.163],[109.028,14.1606],[109.0332,14.1601],[109.0375,14.1578],[109.0393,14.1586],[109.0401,14.1917],[109.0431,14.1929],[109.0473,14.1924],[109.0485,14.1912],[109.0521,14.1932],[109.052,14.1968],[109.0538,14.2025],[109.0563,14.2049],[109.0558,14.2097],[109.0569,14.211],[109.0622,14.2121],[109.0645,14.2119],[109.0713,14.2097],[109.075,14.2063],[109.0786,14.2076],[109.0864,14.208],[109.0874,14.2105],[109.0899,14.2124],[109.096,14.2087],[109.0984,14.2104],[109.1046,14.2097],[109.1091,14.211],[109.1109,14.213],[109.1142,14.2137],[109.1071,14.2195],[109.1032,14.2195],[109.0984,14.2215],[109.0938,14.2223],[109.0894,14.2262],[109.0877,14.2302],[109.0852,14.2303],[109.0828,14.2331],[109.0818,14.2361],[109.0772,14.2374],[109.0766,14.2413],[109.0735,14.244],[109.0724,14.2473],[109.0681,14.251],[109.0659,14.2544],[109.0623,14.2558],[109.055,14.2553],[109.049,14.2542],[109.0478,14.2562],[109.0473,14.2616],[109.046,14.2639]]]},"properties":{"ma_xa":"21757","ten_xa":"Phù Mỹ Tây","sap_nhap":"Mỹ Trinh, Mỹ Hòa","tru_so":"đang cập nhật","loai":"Xã","cap":2,"stt":30,"dtich_km2":97.53,"dan_so":18543,"matdo_km2":190.13,"ma_tinh":"52","ten_tinh":"Gia Lai"}},
{"type":"Feature","geometry":{"type":"Polygon","coordinates":[[[108.396,13.5544],[108.3959,13.5641],[108.393,13.5654],[108.3912,13.5681],[108.3877,13.5699],[108.3876,13.576],[108.3889,13.5767],[108.3894,13.5832],[108.387,13.5842],[108.3862,13.5877],[108.3864,13.5912],[108.3883,13.5928],[108.3865,13.5956],[108.387,13.5983],[108.3841,13.6008],[108.3752,13.6021],[108.3716,13.6044],[108.3683,13.6049],[108.3664,13.6066],[108.3636,13.6067],[108.3594,13.6093],[108.3568,13.6087],[108.3537,13.6096],[108.3471,13.6095],[108.3448,13.6078],[108.3418,13.6085],[108.3424,13.6061],[108.3408,13.6029],[108.3411,13.596],[108.3398,13.5943],[108.3399,13.5883],[108.3378,13.5844],[108.3352,13.5852],[108.3279,13.5835],[108.3278,13.5815],[108.3255,13.5796],[108.323,13.5793],[108.3189,13.5722],[108.3196,13.5685],[108.3198,13.5619],[108.315,13.5538],[108.3142,13.5467],[108.3127,13.5417],[108.3072,13.5393],[108.3031,13.5387],[108.3001,13.5337],[108.2981,13.5218],[108.2998,13.5189],[108.3024,13.5176],[108.3013,13.5154],[108.2969,13.5131],[108.2946,13.5101],[108.2914,13.5123],[108.2882,13.5125],[108.2862,13.5095],[108.2854,13.5051],[108.2814,13.5062],[108.2758,13.5029],[108.2737,13.4987],[108.2716,13.4981],[108.2668,13.4909],[108.2643,13.4898],[108.2623,13.4867],[108.259,13.487],[108.2571,13.4833],[108.2542,13.4824],[108.2535,13.4805],[108.2451,13.4792],[108.2425,13.4782],[108.2364,13.4776],[108.2319,13.4745],[108.2288,13.4747],[108.2272,13.4722],[108.2228,13.4695],[108.2233,13.4663],[108.218,13.4618],[108.2134,13.4615],[108.2127,13.4591],[108.2072,13.4548],[108.2021,13.4518],[108.2042,13.4497],[108.2072,13.4494],[108.2113,13.4476],[108.2154,13.4485],[108.2173,13.4423],[108.2183,13.432],[108.2202,13.4322],[108.2208,13.4286],[108.2238,13.4233],[108.2206,13.4196],[108.2207,13.415],[108.2253,13.4098],[108.2223,13.4079],[108.224,13.4024],[108.2242,13.3916],[108.2208,13.3875],[108.2087,13.386],[108.2092,13.3766],[108.2131,13.3682],[108.2203,13.3725],[108.2224,13.371],[108.2275,13.3701],[108.2314,13.3716],[108.2353,13.3713],[108.2368,13.3721],[108.2395,13.3708],[108.2422,13.368],[108.247,13.3695],[108.249,13.3682],[108.253,13.3696],[108.2597,13.3693],[108.2636,13.3722],[108.2676,13.3767],[108.27,13.3816],[108.2701,13.3852],[108.2717,13.3865],[108.2693,13.3911],[108.2675,13.3921],[108.2655,13.3962],[108.2673,13.4025],[108.2699,13.4024],[108.2752,13.4056],[108.276,13.4083],[108.2792,13.4095],[108.2809,13.4069],[108.2862,13.4111],[108.2894,13.4117],[108.291,13.4135],[108.2942,13.4137],[108.2957,13.4169],[108.2992,13.4212],[108.3081,13.4268],[108.3084,13.4305],[108.3125,13.4334],[108.3141,13.4358],[108.3188,13.4377],[108.3186,13.4419],[108.3213,13.4446],[108.3209,13.4471],[108.3228,13.4502],[108.3262,13.4527],[108.3295,13.4578],[108.3317,13.463],[108.336,13.4601],[108.34,13.4599],[108.3454,13.4625],[108.3521,13.4693],[108.352,13.4715],[108.3557,13.4722],[108.3594,13.475],[108.3575,13.4794],[108.3613,13.4807],[108.3668,13.4796],[108.3659,13.4818],[108.3731,13.4822],[108.3757,13.4837],[108.3776,13.4803],[108.387,13.4816],[108.3904,13.4865],[108.3929,13.4844],[108.3912,13.4807],[108.3867,13.4796],[108.3857,13.476],[108.389,13.4714],[108.3948,13.4693],[108.396,13.4626],[108.3994,13.4618],[108.3993,13.4653],[108.4015,13.4658],[108.4052,13.4626],[108.4034,13.4593],[108.4055,13.4576],[108.4078,13.4604],[108.4144,13.4599],[108.4121,13.4639],[108.4159,13.4667],[108.4151,13.4694],[108.4163,13.4725],[108.4138,13.4746],[108.4162,13.4804],[108.4149,13.4822],[108.4143,13.486],[108.4166,13.4903],[108.4153,13.4925],[108.4171,13.4953],[108.417,13.4976],[108.4188,13.5001],[108.4181,13.5034],[108.4203,13.5043],[108.4194,13.5082],[108.4224,13.5125],[108.4226,13.5165],[108.4241,13.5195],[108.4239,13.5228],[108.4262,13.5257],[108.4187,13.5303],[108.4145,13.5334],[108.3954,13.5404],[108.3921,13.5409],[108.3928,13.5449],[108.3953,13.5472],[108.396,13.5544]]]},"properties":{"ma_xa":"24043","ten_xa":"Phú Thiện","sap_nhap":"Phú Thiện (thị trấn), Ia Sol, Ia Piar, Ia Yeng","tru_so":"đang cập nhật","loai":"Xã","cap":2,"stt":101,"dtich_km2":262.87,"dan_so":49393,"matdo_km2":187.9,"ma_tinh":"52","ten_tinh":"Gia Lai"}},
{"type":"Feature","geometry":{"type":"Polygon","coordinates":[[[108.8406,13.1673],[108.8385,13.1704],[108.8427,13.1736],[108.8445,13.1767],[108.8437,13.1798],[108.8456,13.1826],[108.8482,13.1795],[108.8498,13.1818],[108.8497,13.1862],[108.8484,13.19],[108.8495,13.1915],[108.8531,13.1921],[108.8551,13.1942],[108.8539,13.1962],[108.8484,13.2011],[108.8475,13.2044],[108.8505,13.2076],[108.8517,13.2103],[108.8501,13.2177],[108.8536,13.218],[108.8567,13.2236],[108.8598,13.2237],[108.862,13.2255],[108.8647,13.2253],[108.8704,13.2466],[108.8708,13.254],[108.8704,13.2576],[108.8681,13.2612],[108.8698,13.267],[108.8713,13.2681],[108.8717,13.2777],[108.8731,13.2797],[108.8718,13.2829],[108.8682,13.2886],[108.8667,13.289],[108.863,13.2872],[108.86,13.2879],[108.8592,13.2899],[108.8559,13.2925],[108.8522,13.2973],[108.8472,13.3067],[108.846,13.3105],[108.8438,13.3138],[108.8437,13.3157],[108.8404,13.3187],[108.8408,13.3224],[108.8395,13.3251],[108.8364,13.3285],[108.8276,13.3365],[108.8273,13.3401],[108.8247,13.3438],[108.8217,13.3439],[108.8208,13.3458],[108.8179,13.3475],[108.8169,13.3497],[108.8147,13.3507],[108.8147,13.3535],[108.8102,13.3548],[108.8084,13.3573],[108.8102,13.3603],[108.8065,13.3668],[108.8063,13.3698],[108.8071,13.3762],[108.8052,13.3803],[108.805,13.3895],[108.8043,13.3909],[108.8077,13.3933],[108.8069,13.4004],[108.7999,13.394],[108.7955,13.3878],[108.7923,13.3868],[108.7926,13.3844],[108.7948,13.3798],[108.795,13.3756],[108.7927,13.3715],[108.7915,13.3654],[108.7891,13.3629],[108.7833,13.3594],[108.7821,13.3503],[108.7822,13.3455],[108.7838,13.3452],[108.785,13.338],[108.7851,13.3331],[108.7746,13.3273],[108.7654,13.315],[108.7575,13.3088],[108.7549,13.3042],[108.7473,13.3032],[108.7455,13.3041],[108.7424,13.3027],[108.7417,13.2996],[108.7346,13.2879],[108.7261,13.2776],[108.7178,13.27],[108.7154,13.2698],[108.7124,13.2717],[108.7006,13.2736],[108.6916,13.2688],[108.6926,13.2634],[108.6948,13.2603],[108.695,13.2556],[108.6993,13.2511],[108.6999,13.2465],[108.7033,13.2397],[108.7036,13.2363],[108.7006,13.2333],[108.6944,13.2303],[108.6902,13.2303],[108.6901,13.2319],[108.6762,13.2318],[108.6741,13.2265],[108.6698,13.2241],[108.6699,13.2218],[108.6648,13.2191],[108.6624,13.2172],[108.6578,13.2194],[108.6582,13.2161],[108.6606,13.2144],[108.6629,13.2106],[108.6623,13.209],[108.6651,13.2066],[108.666,13.2037],[108.6646,13.2006],[108.6579,13.1948],[108.6546,13.1913],[108.6536,13.1889],[108.6554,13.1854],[108.6613,13.18],[108.6687,13.1764],[108.6793,13.1676],[108.6877,13.1634],[108.6935,13.1628],[108.701,13.1638],[108.7058,13.1622],[108.7076,13.1589],[108.7101,13.1484],[108.7115,13.1461],[108.7171,13.1447],[108.7215,13.145],[108.7307,13.1471],[108.7384,13.1501],[108.7426,13.1502],[108.7465,13.1487],[108.7474,13.1472],[108.7459,13.144],[108.7432,13.142],[108.7358,13.139],[108.7304,13.1355],[108.726,13.131],[108.7234,13.1266],[108.7253,13.1225],[108.7319,13.1213],[108.7353,13.122],[108.744,13.1256],[108.7496,13.129],[108.754,13.1282],[108.7588,13.124],[108.7601,13.1215],[108.7601,13.1153],[108.7643,13.1174],[108.7675,13.1169],[108.7692,13.119],[108.769,13.121],[108.7666,13.1231],[108.7615,13.124],[108.7605,13.1252],[108.7616,13.1337],[108.7642,13.1351],[108.7671,13.1344],[108.7732,13.1357],[108.7776,13.138],[108.7757,13.1443],[108.7783,13.147],[108.7808,13.1464],[108.7827,13.1424],[108.7869,13.1415],[108.7902,13.147],[108.7914,13.1468],[108.7931,13.1417],[108.7961,13.1414],[108.7978,13.1521],[108.8026,13.1519],[108.8039,13.1506],[108.803,13.1478],[108.8055,13.1463],[108.8072,13.1525],[108.8107,13.1551],[108.8125,13.1579],[108.8151,13.1591],[108.8211,13.1561],[108.8224,13.1535],[108.8246,13.1547],[108.8245,13.1572],[108.8255,13.1621],[108.8298,13.1651],[108.8338,13.1626],[108.8372,13.1615],[108.8424,13.1645],[108.8406,13.1673]]]},"properties":{"ma_xa":"24076","ten_xa":"Phú Túc","sap_nhap":"Phú Túc (thị trấn), Phú Cần, Chư Ngọc, Ia Mlah, Đất Bằng","tru_so":"đang cập nhật","loai":"Xã","cap":2,"stt":107,"dtich_km2":357.97,"dan_so":37241,"matdo_km2":104.03,"ma_tinh":"52","ten_tinh":"Gia Lai"}},
{"type":"Feature","geometry":{"type":"Polygon","coordinates":[[[108.0628,14.0056],[108.0603,14.007],[108.0583,14.0097],[108.0568,14.0154],[108.0574,14.0202],[108.0562,14.0255],[108.0521,14.0299],[108.0529,14.0329],[108.0489,14.0335],[108.0467,14.0324],[108.0471,14.0278],[108.0385,14.027],[108.0357,14.026],[108.0331,14.0215],[108.0278,14.022],[108.0279,14.0179],[108.0329,14.0167],[108.0344,14.013],[108.0299,14.0105],[108.0302,14.0059],[108.0271,14.0014],[108.0151,14.0022],[108.014,14.0017],[108.009,14.0026],[108.005,13.998],[108.0043,13.9962],[107.9979,13.9907],[107.9965,13.9902],[107.9972,13.9876],[107.9952,13.9844],[107.9966,13.9833],[107.9972,13.9801],[107.9988,13.9791],[108.001,13.9751],[108.0033,13.9745],[108.0025,13.9712],[108.0036,13.9659],[108.0054,13.9677],[108.0069,13.9737],[108.0093,13.9741],[108.0106,13.9716],[108.0085,13.969],[108.0097,13.9668],[108.0209,13.9656],[108.0211,13.9703],[108.0236,13.9703],[108.0286,13.9717],[108.0315,13.9716],[108.0316,13.9734],[108.0338,13.9766],[108.0324,13.978],[108.0348,13.9802],[108.0327,13.9825],[108.0355,13.9848],[108.0373,13.9842],[108.0422,13.9874],[108.0469,13.9871],[108.0506,13.9881],[108.0549,13.9902],[108.0481,13.9915],[108.0469,13.9932],[108.0472,13.9973],[108.0493,13.9986],[108.0562,13.9965],[108.0589,13.9949],[108.0634,13.9971],[108.0627,14.0007],[108.0628,14.0056]]]},"properties":{"ma_xa":"23575","ten_xa":"Pleiku","sap_nhap":"Tây Sơn (thành phố Pleiku), Hội Thương, Hoa Lư, Phù Đổng, Trà Đa","tru_so":"đang cập nhật","loai":"Phường","cap":2,"stt":58,"dtich_km2":25,"dan_so":79466,"matdo_km2":3178.64,"ma_tinh":"52","ten_tinh":"Gia Lai"}},
{"type":"Feature","geometry":{"type":"Polygon","coordinates":[[[108.4691,13.6655],[108.4639,13.6654],[108.4617,13.6622],[108.4597,13.6611],[108.4573,13.6617],[108.4539,13.6651],[108.451,13.6638],[108.4458,13.6672],[108.4405,13.6691],[108.4381,13.6719],[108.4338,13.6723],[108.4238,13.6795],[108.4164,13.6824],[108.4093,13.6865],[108.3962,13.6933],[108.384,13.6931],[108.3785,13.6941],[108.3734,13.6921],[108.3702,13.6925],[108.3693,13.6911],[108.3627,13.6908],[108.3589,13.6899],[108.3545,13.6879],[108.3508,13.6829],[108.3465,13.6819],[108.3466,13.6802],[108.3428,13.6798],[108.3421,13.6763],[108.3382,13.6744],[108.3354,13.6751],[108.332,13.6789],[108.3294,13.6786],[108.3275,13.6766],[108.323,13.6777],[108.3216,13.6764],[108.3152,13.6764],[108.3167,13.6712],[108.3118,13.67],[108.3083,13.6658],[108.3011,13.6615],[108.2898,13.6642],[108.2854,13.6639],[108.2826,13.6619],[108.2855,13.6586],[108.2852,13.6562],[108.2871,13.655],[108.2865,13.6518],[108.2888,13.6484],[108.2921,13.6465],[108.2939,13.6468],[108.2963,13.6442],[108.3045,13.6397],[108.3098,13.6338],[108.3144,13.6299],[108.3249,13.6169],[108.3268,13.6172],[108.3325,13.6142],[108.3337,13.6126],[108.3368,13.6119],[108.3418,13.6085],[108.3448,13.6078],[108.3471,13.6095],[108.3537,13.6096],[108.3568,13.6087],[108.3594,13.6093],[108.3636,13.6067],[108.3664,13.6066],[108.3683,13.6049],[108.3716,13.6044],[108.3752,13.6021],[108.3841,13.6008],[108.387,13.5983],[108.3865,13.5956],[108.3883,13.5928],[108.3864,13.5912],[108.3862,13.5877],[108.387,13.5842],[108.3894,13.5832],[108.3889,13.5767],[108.3876,13.576],[108.3877,13.5699],[108.3912,13.5681],[108.393,13.5654],[108.3959,13.5641],[108.396,13.5544],[108.4012,13.5586],[108.4019,13.5616],[108.4066,13.5619],[108.4091,13.5596],[108.412,13.559],[108.4152,13.5601],[108.4178,13.5589],[108.4189,13.5625],[108.4208,13.5643],[108.4228,13.5637],[108.4241,13.561],[108.4263,13.5626],[108.4289,13.5613],[108.4321,13.5618],[108.4332,13.5641],[108.4365,13.5627],[108.4415,13.5627],[108.4539,13.5695],[108.4522,13.5731],[108.4539,13.5741],[108.455,13.5812],[108.4571,13.5826],[108.4573,13.5849],[108.4604,13.5845],[108.465,13.5865],[108.4656,13.5903],[108.4632,13.5964],[108.4647,13.5998],[108.4645,13.6037],[108.4655,13.6068],[108.4704,13.6091],[108.4704,13.6117],[108.4725,13.6184],[108.4736,13.6189],[108.4779,13.6121],[108.4801,13.6131],[108.4791,13.6155],[108.4765,13.6181],[108.4718,13.6261],[108.4702,13.6253],[108.4663,13.6293],[108.4675,13.6315],[108.4671,13.6345],[108.464,13.6369],[108.4623,13.6403],[108.4627,13.6497],[108.4589,13.6497],[108.4625,13.658],[108.4662,13.661],[108.4691,13.6655]]]},"properties":{"ma_xa":"24013","ten_xa":"Pờ Tó","sap_nhap":"Chư Răng, Pờ Tó","tru_so":"đang cập nhật","loai":"Xã","cap":2,"stt":104,"dtich_km2":177.9,"dan_so":14378,"matdo_km2":80.82,"ma_tinh":"52","ten_tinh":"Gia Lai"}},
{"type":"Feature","geometry":{"type":"Polygon","coordinates":[[[109.2605,13.7572],[109.2604,13.7607],[109.2643,13.7651],[109.267,13.7667],[109.2672,13.7773],[109.2695,13.781],[109.2686,13.7826],[109.2642,13.7847],[109.2623,13.7899],[109.2627,13.7958],[109.2395,13.7969],[109.2287,13.8022],[109.2251,13.8015],[109.2217,13.8032],[109.2163,13.8004],[109.2126,13.7956],[109.2046,13.7869],[109.1966,13.7829],[109.1962,13.7815],[109.198,13.78],[109.2006,13.7799],[109.2044,13.7815],[109.2071,13.7805],[109.2105,13.7767],[109.2156,13.7734],[109.2205,13.7719],[109.2205,13.7684],[109.2196,13.7665],[109.2206,13.7611],[109.2231,13.7608],[109.2311,13.7674],[109.2399,13.7714],[109.2467,13.7704],[109.251,13.7679],[109.2518,13.7629],[109.2505,13.7615],[109.2529,13.7595],[109.2587,13.7582],[109.2605,13.7572]]]},"properties":{"ma_xa":"21583","ten_xa":"Quy Nhơn","sap_nhap":"Đống Đa (thành phố Quy Nhơn), Hải Cảng, Thị Nại, Trần Phú","tru_so":"đang cập nhật","loai":"Phường","cap":2,"stt":1,"dtich_km2":21.78,"dan_so":129326,"matdo_km2":5937.83,"ma_tinh":"52","ten_tinh":"Gia Lai"}},
{"type":"Feature","geometry":{"type":"Polygon","coordinates":[[[109.2046,13.7869],[109.1935,13.79],[109.1894,13.7933],[109.187,13.8017],[109.1855,13.8047],[109.1821,13.808],[109.1805,13.8121],[109.1798,13.8178],[109.1778,13.8187],[109.1796,13.8178],[109.1785,13.815],[109.1722,13.8155],[109.172,13.8112],[109.1702,13.8091],[109.1663,13.8093],[109.1639,13.8065],[109.1607,13.8053],[109.158,13.8054],[109.1575,13.8034],[109.1432,13.7975],[109.1353,13.795],[109.1314,13.7912],[109.133,13.7898],[109.1334,13.7857],[109.1329,13.7803],[109.1345,13.7746],[109.1379,13.7714],[109.1426,13.7728],[109.1507,13.7733],[109.1558,13.7722],[109.1629,13.773],[109.1657,13.7747],[109.1698,13.7731],[109.1755,13.7757],[109.1781,13.77],[109.1819,13.7661],[109.1898,13.7658],[109.1919,13.77],[109.198,13.7777],[109.1958,13.7798],[109.1962,13.7815],[109.1966,13.7829],[109.2046,13.7869]]]},"properties":{"ma_xa":"21553","ten_xa":"Quy Nhơn Bắc","sap_nhap":"Trần Quang Diệu, Nhơn Phú","tru_so":"đang cập nhật","loai":"Phường","cap":2,"stt":5,"dtich_km2":23.7,"dan_so":45746,"matdo_km2":1930.21,"ma_tinh":"52","ten_tinh":"Gia Lai"}},
{"type":"Feature","geometry":{"type":"Polygon","coordinates":[[[109.2605,13.7572],[109.2657,13.7578],[109.2675,13.7571],[109.2741,13.7611],[109.2781,13.7623],[109.2825,13.7616],[109.2866,13.7546],[109.2884,13.7539],[109.2897,13.7641],[109.2932,13.7672],[109.2913,13.7696],[109.2933,13.7726],[109.2927,13.7791],[109.2941,13.7805],[109.2913,13.7856],[109.2916,13.7885],[109.289,13.7911],[109.2891,13.7939],[109.2867,13.7977],[109.2856,13.8015],[109.2863,13.8092],[109.288,13.8109],[109.2894,13.8167],[109.2941,13.8214],[109.296,13.8213],[109.2991,13.829],[109.2978,13.8308],[109.298,13.8336],[109.2961,13.8364],[109.2986,13.8393],[109.2992,13.8417],[109.2974,13.8452],[109.2939,13.848],[109.2925,13.8532],[109.2949,13.8558],[109.2932,13.8617],[109.2937,13.8647],[109.2924,13.8671],[109.292,13.8728],[109.2949,13.8781],[109.298,13.8769],[109.2966,13.8843],[109.2928,13.8859],[109.2909,13.8881],[109.2888,13.8868],[109.2839,13.8869],[109.2769,13.8904],[109.2695,13.8975],[109.2664,13.9013],[109.2596,13.9016],[109.2594,13.9009],[109.2568,13.8932],[109.2489,13.8935],[109.2483,13.8911],[109.2462,13.8893],[109.2473,13.8846],[109.2477,13.8768],[109.2496,13.8716],[109.2477,13.8641],[109.2518,13.8541],[109.2531,13.8482],[109.2518,13.8404],[109.2487,13.8349],[109.2396,13.8175],[109.2297,13.819],[109.2238,13.8183],[109.2198,13.8125],[109.2164,13.8113],[109.2146,13.8121],[109.214,13.8161],[109.2068,13.8167],[109.2054,13.8163],[109.2014,13.8126],[109.1991,13.8173],[109.1912,13.8175],[109.1896,13.8185],[109.1854,13.8234],[109.1792,13.825],[109.1764,13.8281],[109.1755,13.8224],[109.178,13.8211],[109.1778,13.8187],[109.1798,13.8178],[109.1805,13.8121],[109.1821,13.808],[109.1855,13.8047],[109.187,13.8017],[109.1894,13.7933],[109.1935,13.79],[109.2046,13.7869],[109.2126,13.7956],[109.2163,13.8004],[109.2217,13.8032],[109.2251,13.8015],[109.2287,13.8022],[109.2395,13.7969],[109.2627,13.7958],[109.2623,13.7899],[109.2642,13.7847],[109.2686,13.7826],[109.2695,13.781],[109.2672,13.7773],[109.267,13.7667],[109.2643,13.7651],[109.2604,13.7607],[109.2605,13.7572]]]},"properties":{"ma_xa":"21601","ten_xa":"Quy Nhơn Đông","sap_nhap":"Nhơn Bình, Nhơn Hội, Nhơn Lý, Nhơn Hải","tru_so":"đang cập nhật","loai":"Phường","cap":2,"stt":2,"dtich_km2":81.97,"dan_so":47067,"matdo_km2":574.2,"ma_tinh":"52","ten_tinh":"Gia Lai"}},
{"type":"Feature","geometry":{"type":"MultiPolygon","coordinates":[[[[109.253,13.6836],[109.2505,13.6803],[109.2519,13.6786],[109.2558,13.6797],[109.253,13.6836]]],[[[109.2231,13.7608],[109.2206,13.7611],[109.2196,13.7665],[109.2205,13.7684],[109.2205,13.7719],[109.2156,13.7734],[109.2105,13.7767],[109.2071,13.7805],[109.2044,13.7815],[109.2006,13.7799],[109.198,13.78],[109.1962,13.7815],[109.1958,13.7798],[109.198,13.7777],[109.1919,13.77],[109.1898,13.7658],[109.1819,13.7661],[109.1819,13.76],[109.1838,13.7552],[109.187,13.7533],[109.1917,13.7487],[109.1924,13.7442],[109.1905,13.7397],[109.184,13.7359],[109.1837,13.7294],[109.1865,13.7238],[109.1898,13.7148],[109.1932,13.712],[109.1924,13.7079],[109.1933,13.7061],[109.1926,13.7026],[109.193,13.6969],[109.1904,13.6936],[109.1971,13.6945],[109.2033,13.6936],[109.205,13.6889],[109.205,13.6859],[109.2082,13.6807],[109.2124,13.679],[109.2158,13.6814],[109.2183,13.6816],[109.2212,13.6796],[109.2267,13.6781],[109.229,13.6761],[109.2306,13.673],[109.2338,13.6709],[109.2337,13.6812],[109.2295,13.6875],[109.2277,13.689],[109.2228,13.7035],[109.2216,13.709],[109.2215,13.7126],[109.2178,13.7146],[109.2184,13.7276],[109.2195,13.7336],[109.2177,13.7399],[109.2143,13.7456],[109.2176,13.7536],[109.2206,13.7582],[109.2231,13.7608]]]]},"properties":{"ma_xa":"21592","ten_xa":"Quy Nhơn Nam","sap_nhap":"Ngô Mây (thành phố Quy Nhơn), Nguyễn Văn Cừ, Quang Trung, Ghềnh Ráng","tru_so":"đang cập nhật","loai":"Phường","cap":2,"stt":4,"dtich_km2":36.36,"dan_so":73296,"matdo_km2":2015.84,"ma_tinh":"52","ten_tinh":"Gia Lai"}},
{"type":"Feature","geometry":{"type":"Polygon","coordinates":[[[109.1819,13.7661],[109.1781,13.77],[109.1755,13.7757],[109.1698,13.7731],[109.1657,13.7747],[109.1629,13.773],[109.1558,13.7722],[109.1507,13.7733],[109.1426,13.7728],[109.1379,13.7714],[109.1345,13.7746],[109.1338,13.7717],[109.1346,13.7698],[109.1343,13.7657],[109.1349,13.7555],[109.136,13.7543],[109.1297,13.7435],[109.1266,13.7449],[109.1235,13.7544],[109.1209,13.7544],[109.1208,13.7573],[109.117,13.7566],[109.1141,13.7498],[109.1117,13.7474],[109.1105,13.7448],[109.1149,13.735],[109.1144,13.7319],[109.1165,13.724],[109.116,13.7229],[109.1104,13.7231],[109.1069,13.7219],[109.1028,13.7192],[109.1014,13.7168],[109.0988,13.7157],[109.0985,13.7124],[109.0963,13.7103],[109.0966,13.7073],[109.0925,13.6998],[109.0925,13.6965],[109.0899,13.6944],[109.0914,13.6906],[109.0932,13.691],[109.0943,13.688],[109.0965,13.6869],[109.0965,13.6839],[109.0945,13.6786],[109.0929,13.6782],[109.0943,13.6732],[109.094,13.6706],[109.0978,13.666],[109.1012,13.664],[109.1021,13.6617],[109.1053,13.6598],[109.1052,13.6548],[109.1035,13.6536],[109.1022,13.6507],[109.1034,13.6474],[109.0986,13.6421],[109.0969,13.6357],[109.0988,13.6307],[109.099,13.627],[109.1009,13.6217],[109.1153,13.6083],[109.1159,13.6115],[109.1152,13.6145],[109.1188,13.6187],[109.1264,13.6202],[109.1272,13.6233],[109.1267,13.6266],[109.1237,13.6294],[109.1212,13.6342],[109.1188,13.635],[109.1197,13.6408],[109.1223,13.6442],[109.1242,13.6446],[109.1365,13.6364],[109.14,13.6352],[109.1406,13.6336],[109.1449,13.6304],[109.1466,13.6325],[109.1497,13.6321],[109.1527,13.634],[109.1534,13.6362],[109.1526,13.6392],[109.1541,13.6461],[109.1511,13.6552],[109.1535,13.6573],[109.1532,13.6594],[109.1553,13.6634],[109.1548,13.6644],[109.157,13.6689],[109.1561,13.6756],[109.1564,13.6777],[109.1629,13.6764],[109.1676,13.6787],[109.1694,13.6831],[109.1773,13.6823],[109.183,13.6837],[109.1839,13.6862],[109.187,13.6905],[109.1904,13.6936],[109.193,13.6969],[109.1926,13.7026],[109.1933,13.7061],[109.1924,13.7079],[109.1932,13.712],[109.1898,13.7148],[109.1865,13.7238],[109.1837,13.7294],[109.184,13.7359],[109.1905,13.7397],[109.1924,13.7442],[109.1917,13.7487],[109.187,13.7533],[109.1838,13.7552],[109.1819,13.76],[109.1819,13.7661]]]},"properties":{"ma_xa":"21589","ten_xa":"Quy Nhơn Tây","sap_nhap":"Bùi Thị Xuân, Phước Mỹ","tru_so":"đang cập nhật","loai":"Phường","cap":2,"stt":3,"dtich_km2":118.63,"dan_so":24859,"matdo_km2":209.55,"ma_tinh":"52","ten_tinh":"Gia Lai"}},
{"type":"Feature","geometry":{"type":"Polygon","coordinates":[[[108.6285,14.5451],[108.6219,14.5422],[108.6188,14.5437],[108.6174,14.5361],[108.6131,14.5324],[108.6118,14.5347],[108.6084,14.5336],[108.6048,14.5358],[108.6023,14.5389],[108.6001,14.5431],[108.5961,14.5467],[108.5965,14.5522],[108.5975,14.5557],[108.5958,14.5566],[108.5965,14.5625],[108.5922,14.5661],[108.5878,14.5665],[108.583,14.5684],[108.5808,14.5711],[108.5771,14.5708],[108.5729,14.5735],[108.5731,14.5766],[108.5699,14.5795],[108.5664,14.5799],[108.564,14.5833],[108.5601,14.586],[108.559,14.5853],[108.5546,14.5859],[108.5508,14.5854],[108.5495,14.5881],[108.5472,14.5894],[108.543,14.5875],[108.5404,14.5837],[108.5358,14.5826],[108.5317,14.578],[108.5308,14.5727],[108.5309,14.5661],[108.5292,14.5624],[108.5305,14.5603],[108.5317,14.5581],[108.5306,14.5526],[108.5278,14.5482],[108.5314,14.5441],[108.5307,14.5407],[108.5329,14.5364],[108.5337,14.5314],[108.5352,14.5302],[108.5331,14.5267],[108.5337,14.5249],[108.5383,14.519],[108.5373,14.5156],[108.5329,14.5167],[108.5302,14.5154],[108.5268,14.5105],[108.523,14.51],[108.5183,14.5118],[108.5101,14.5079],[108.5072,14.5049],[108.5055,14.5014],[108.5062,14.4959],[108.5076,14.4937],[108.5108,14.4934],[108.5135,14.4919],[108.5153,14.4878],[108.519,14.4819],[108.5244,14.4782],[108.5262,14.475],[108.5289,14.4722],[108.5256,14.4693],[108.5248,14.4626],[108.5215,14.4613],[108.5238,14.457],[108.5231,14.455],[108.5236,14.4498],[108.5265,14.4487],[108.5255,14.4458],[108.5217,14.4447],[108.5199,14.4431],[108.5228,14.4401],[108.5202,14.4367],[108.5205,14.4279],[108.5218,14.4251],[108.5176,14.4213],[108.5186,14.4161],[108.5176,14.4146],[108.5131,14.4119],[108.5106,14.4119],[108.5051,14.4067],[108.4993,14.4032],[108.5009,14.3927],[108.5014,14.3864],[108.4986,14.3822],[108.4953,14.3815],[108.4914,14.3789],[108.4864,14.3773],[108.4864,14.3764],[108.4918,14.374],[108.4899,14.3715],[108.4943,14.3715],[108.4965,14.3672],[108.4989,14.3649],[108.498,14.361],[108.5007,14.3555],[108.5014,14.3522],[108.5036,14.3488],[108.5087,14.3477],[108.5091,14.3449],[108.5132,14.3446],[108.5162,14.3411],[108.5198,14.3428],[108.5243,14.3404],[108.5281,14.3365],[108.5279,14.3323],[108.5334,14.3265],[108.5364,14.3265],[108.5386,14.3235],[108.5408,14.3175],[108.5387,14.3157],[108.536,14.3155],[108.5371,14.309],[108.5317,14.3036],[108.5281,14.3041],[108.5272,14.3015],[108.5215,14.3007],[108.5192,14.2985],[108.5124,14.2982],[108.5118,14.2924],[108.5124,14.2847],[108.514,14.2829],[108.5122,14.2768],[108.513,14.2729],[108.5117,14.2653],[108.5145,14.2634],[108.5143,14.2607],[108.5154,14.257],[108.5141,14.2532],[108.5139,14.249],[108.5156,14.2451],[108.5148,14.2436],[108.5212,14.2413],[108.5195,14.2385],[108.5213,14.2326],[108.5265,14.2387],[108.5297,14.2392],[108.5313,14.2418],[108.5382,14.2442],[108.5402,14.2431],[108.5442,14.2426],[108.5451,14.246],[108.5482,14.2455],[108.5524,14.2462],[108.5532,14.2493],[108.5566,14.2521],[108.5653,14.2502],[108.5696,14.2467],[108.5735,14.2454],[108.5748,14.2428],[108.5813,14.2412],[108.5849,14.2429],[108.5883,14.2419],[108.5939,14.237],[108.5929,14.2337],[108.5961,14.2343],[108.5985,14.2364],[108.6004,14.2347],[108.6042,14.2385],[108.6078,14.2391],[108.6135,14.2374],[108.6171,14.2387],[108.621,14.2389],[108.6222,14.241],[108.625,14.2423],[108.628,14.2416],[108.6352,14.2418],[108.6396,14.2433],[108.6437,14.2438],[108.6526,14.249],[108.6591,14.2499],[108.6617,14.2491],[108.6654,14.2516],[108.66,14.2538],[108.657,14.2567],[108.6553,14.2605],[108.6558,14.2653],[108.6543,14.2662],[108.6537,14.2693],[108.655,14.2718],[108.6551,14.2752],[108.6594,14.2757],[108.6605,14.2808],[108.6572,14.2833],[108.6559,14.2874],[108.6563,14.2899],[108.6537,14.2928],[108.6467,14.2972],[108.646,14.3068],[108.6438,14.3088],[108.6429,14.3126],[108.6457,14.3167],[108.6478,14.3181],[108.6478,14.3201],[108.6407,14.3284],[108.6405,14.331],[108.6362,14.3395],[108.6339,14.3482],[108.6323,14.3501],[108.6282,14.3519],[108.6244,14.3574],[108.6287,14.364],[108.6304,14.3657],[108.6316,14.3692],[108.6341,14.3725],[108.6309,14.3771],[108.6254,14.3863],[108.6292,14.3886],[108.6195,14.4077],[108.6177,14.4102],[108.6132,14.4123],[108.6186,14.4151],[108.6197,14.4167],[108.6159,14.4224],[108.611,14.4253],[108.613,14.428],[108.6092,14.4348],[108.6131,14.4372],[108.6135,14.4386],[108.607,14.4491],[108.6044,14.4553],[108.6015,14.4597],[108.6055,14.4582],[108.6104,14.4547],[108.6128,14.4566],[108.6169,14.4565],[108.6175,14.4537],[108.6201,14.4501],[108.6263,14.4495],[108.6321,14.447],[108.6384,14.4512],[108.6403,14.4531],[108.6397,14.4596],[108.6406,14.4622],[108.6395,14.4641],[108.6406,14.4662],[108.6407,14.4713],[108.6433,14.4737],[108.6425,14.4763],[108.6389,14.4807],[108.6395,14.4855],[108.6373,14.4895],[108.6349,14.4916],[108.6351,14.4935],[108.6321,14.4958],[108.6324,14.502],[108.6356,14.5034],[108.6367,14.5065],[108.6327,14.511],[108.6325,14.5144],[108.6304,14.5161],[108.6297,14.5183],[108.6323,14.5232],[108.6347,14.5243],[108.6339,14.5276],[108.6301,14.5306],[108.6298,14.5342],[108.6284,14.5367],[108.628,14.543],[108.6285,14.5451]]]},"properties":{"ma_xa":"23647","ten_xa":"Sơn Lang","sap_nhap":"Sơ Pai, Sơn Lang","tru_so":"đang cập nhật","loai":"Xã","cap":2,"stt":90,"dtich_km2":451.01,"dan_so":11106,"matdo_km2":24.62,"ma_tinh":"52","ten_tinh":"Gia Lai"}},
{"type":"Feature","geometry":{"type":"Polygon","coordinates":[[[108.7744,13.7972],[108.7707,13.7992],[108.7668,13.7924],[108.764,13.7917],[108.755,13.7917],[108.7518,13.7891],[108.7489,13.791],[108.7467,13.7989],[108.7434,13.8049],[108.7381,13.8024],[108.7363,13.7991],[108.7337,13.801],[108.7322,13.7992],[108.7298,13.8006],[108.7312,13.8105],[108.7273,13.8114],[108.7274,13.8136],[108.7259,13.8174],[108.7192,13.8257],[108.7198,13.8302],[108.7132,13.8334],[108.711,13.8374],[108.7075,13.84],[108.7036,13.8404],[108.6962,13.8437],[108.6914,13.8402],[108.6864,13.8379],[108.6846,13.8361],[108.6824,13.8376],[108.6759,13.8364],[108.6735,13.8322],[108.674,13.8277],[108.671,13.8267],[108.6714,13.8235],[108.6689,13.8211],[108.6642,13.8203],[108.6618,13.8207],[108.6613,13.8166],[108.6628,13.8155],[108.6623,13.812],[108.6576,13.807],[108.6572,13.799],[108.6538,13.7987],[108.6515,13.7943],[108.6489,13.7927],[108.6479,13.7905],[108.6518,13.7864],[108.6513,13.7825],[108.6488,13.7803],[108.646,13.7729],[108.6446,13.773],[108.6432,13.7688],[108.6399,13.7681],[108.6378,13.7691],[108.6338,13.7679],[108.6287,13.769],[108.6275,13.7722],[108.623,13.7716],[108.6158,13.7724],[108.6139,13.7741],[108.6106,13.7751],[108.6067,13.7687],[108.6046,13.7674],[108.6024,13.768],[108.6009,13.7655],[108.5987,13.7646],[108.5982,13.7617],[108.5952,13.7605],[108.5942,13.7573],[108.5948,13.7544],[108.5896,13.7491],[108.5855,13.7502],[108.5819,13.7474],[108.5817,13.7406],[108.5788,13.7376],[108.5775,13.7336],[108.5788,13.7296],[108.5786,13.7276],[108.5761,13.7253],[108.5727,13.72],[108.5682,13.7158],[108.5599,13.7135],[108.5575,13.7113],[108.557,13.7079],[108.5577,13.7047],[108.5621,13.696],[108.5666,13.6906],[108.567,13.6873],[108.5641,13.6821],[108.5651,13.6787],[108.5649,13.6747],[108.5613,13.67],[108.553,13.663],[108.5527,13.6553],[108.5504,13.6516],[108.5548,13.6483],[108.5548,13.6444],[108.5537,13.6417],[108.5551,13.6379],[108.5535,13.6366],[108.5524,13.6331],[108.5537,13.6302],[108.5683,13.6274],[108.5729,13.622],[108.5751,13.6163],[108.5761,13.6159],[108.6019,13.6117],[108.6174,13.6083],[108.6307,13.6081],[108.6395,13.609],[108.6554,13.5941],[108.6566,13.5898],[108.6673,13.5855],[108.6695,13.5866],[108.6734,13.5922],[108.6786,13.5973],[108.6788,13.6029],[108.68,13.6061],[108.6835,13.6047],[108.6853,13.6051],[108.6877,13.6112],[108.6901,13.6131],[108.6926,13.6206],[108.693,13.6258],[108.6925,13.6296],[108.6953,13.634],[108.6948,13.6373],[108.6982,13.6414],[108.698,13.6447],[108.6966,13.6493],[108.6974,13.656],[108.6991,13.6573],[108.7,13.6621],[108.6981,13.6676],[108.6981,13.6789],[108.6964,13.6822],[108.6977,13.6899],[108.7027,13.697],[108.7054,13.6988],[108.7083,13.6987],[108.7104,13.7028],[108.7161,13.7066],[108.7165,13.7114],[108.7215,13.7176],[108.7213,13.7207],[108.7226,13.725],[108.7227,13.7298],[108.721,13.7328],[108.7185,13.7401],[108.7204,13.7421],[108.7251,13.7493],[108.7315,13.7536],[108.7316,13.7555],[108.7344,13.7561],[108.7391,13.7589],[108.7412,13.7592],[108.7488,13.7575],[108.7502,13.763],[108.7496,13.7675],[108.7536,13.7687],[108.7563,13.7679],[108.7627,13.7711],[108.7643,13.7738],[108.7667,13.7722],[108.7683,13.7746],[108.7681,13.7785],[108.7668,13.7792],[108.767,13.7824],[108.7682,13.7851],[108.7675,13.7918],[108.7685,13.7932],[108.7721,13.7944],[108.7744,13.7972]]]},"properties":{"ma_xa":"23839","ten_xa":"SRó","sap_nhap":"Đăk Kơ Ning, SRó","tru_so":"đang cập nhật","loai":"Xã","cap":2,"stt":95,"dtich_km2":343.88,"dan_so":8219,"matdo_km2":23.9,"ma_tinh":"52","ten_tinh":"Gia Lai"}},
{"type":"Feature","geometry":{"type":"Polygon","coordinates":[[[109.0621,14.5566],[109.0589,14.5582],[109.0547,14.5559],[109.05,14.5542],[109.0484,14.5548],[109.0494,14.5689],[109.0484,14.5716],[109.0448,14.5732],[109.0447,14.5772],[109.0403,14.5787],[109.0392,14.5807],[109.0321,14.5772],[109.0287,14.5782],[109.0228,14.5776],[109.0178,14.5793],[109.0161,14.5812],[109.0139,14.5808],[109.0117,14.5835],[109.0091,14.5837],[109.006,14.5863],[108.9944,14.589],[108.9908,14.5887],[108.9886,14.5919],[108.9862,14.5934],[108.983,14.5936],[108.9736,14.6026],[108.969,14.6033],[108.9668,14.6057],[108.9639,14.6058],[108.9599,14.609],[108.9578,14.6143],[108.954,14.6173],[108.9513,14.6145],[108.9498,14.6101],[108.9467,14.6086],[108.9497,14.6079],[108.9487,14.6055],[108.9494,14.6029],[108.9525,14.6013],[108.9544,14.6023],[108.9564,14.5978],[108.961,14.5948],[108.9617,14.5903],[108.964,14.5891],[108.9673,14.5836],[108.9716,14.583],[108.9745,14.5798],[108.977,14.5792],[108.9783,14.5765],[108.9802,14.5753],[108.9861,14.5768],[108.9905,14.5728],[108.9928,14.5694],[108.9973,14.5669],[108.9967,14.5644],[109.0011,14.5638],[109.0065,14.5611],[109.0131,14.5596],[109.0136,14.5577],[109.0171,14.5566],[109.0175,14.5552],[109.0239,14.5544],[109.0251,14.5526],[109.0294,14.555],[109.0345,14.5542],[109.0334,14.5511],[109.0307,14.5482],[109.0332,14.5475],[109.0322,14.545],[109.0346,14.5437],[109.04,14.5423],[109.039,14.5368],[109.0428,14.536],[109.047,14.537],[109.0495,14.5391],[109.0524,14.5395],[109.0561,14.5369],[109.0562,14.5343],[109.0578,14.533],[109.0609,14.5338],[109.0613,14.5388],[109.0592,14.543],[109.0572,14.5438],[109.0557,14.5465],[109.0583,14.5512],[109.0609,14.5536],[109.0621,14.5566]]]},"properties":{"ma_xa":"21637","ten_xa":"Tam Quan","sap_nhap":"Tam Quan, Hoài Châu","tru_so":"đang cập nhật","loai":"Phường","cap":2,"stt":14,"dtich_km2":29.82,"dan_so":24858,"matdo_km2":833.6,"ma_tinh":"52","ten_tinh":"Gia Lai"}},
{"type":"Feature","geometry":{"type":"Polygon","coordinates":[[[108.9969,13.9063],[108.9937,13.9066],[108.9891,13.9085],[108.9829,13.9077],[108.9787,13.9083],[108.9636,13.9077],[108.9556,13.9084],[108.9493,13.9074],[108.9422,13.9082],[108.9448,13.9143],[108.9449,13.9217],[108.9412,13.922],[108.9348,13.9206],[108.9268,13.9244],[108.9286,13.9289],[108.9209,13.93],[108.9139,13.9303],[108.9126,13.9241],[108.9115,13.9218],[108.9134,13.9149],[108.9071,13.9152],[108.9025,13.9182],[108.9011,13.9151],[108.8935,13.9106],[108.8875,13.9081],[108.8872,13.9053],[108.8886,13.9031],[108.8937,13.8987],[108.895,13.9006],[108.8978,13.901],[108.902,13.8998],[108.9043,13.9014],[108.9049,13.9059],[108.9132,13.9064],[108.9158,13.9028],[108.923,13.904],[108.9248,13.9001],[108.9246,13.8976],[108.9257,13.8943],[108.9277,13.8927],[108.9313,13.883],[108.93,13.8805],[108.9245,13.8785],[108.9224,13.8764],[108.9204,13.8713],[108.9165,13.867],[108.9158,13.8645],[108.9104,13.8686],[108.9091,13.8726],[108.9035,13.8696],[108.9021,13.8677],[108.904,13.8616],[108.9036,13.8591],[108.9061,13.855],[108.9081,13.8481],[108.907,13.8459],[108.9069,13.8415],[108.9035,13.8391],[108.9032,13.8369],[108.9059,13.8338],[108.9112,13.8342],[108.9158,13.8325],[108.9221,13.8315],[108.9246,13.8294],[108.929,13.8285],[108.9364,13.8278],[108.9399,13.8297],[108.9497,13.8306],[108.951,13.8283],[108.9589,13.826],[108.963,13.8196],[108.9669,13.8195],[108.9709,13.8215],[108.9732,13.8237],[108.9754,13.8241],[108.9787,13.8222],[108.9807,13.8257],[108.9907,13.8275],[108.9912,13.8291],[108.9902,13.8337],[108.9928,13.8347],[108.9959,13.8383],[109.0027,13.8406],[109.0042,13.8425],[109.007,13.8427],[109.0086,13.8477],[109.008,13.8533],[109.0096,13.8628],[109.0122,13.8662],[109.014,13.8705],[109.013,13.8738],[109.0136,13.8801],[109.0148,13.8837],[109.0101,13.8825],[109.0078,13.8841],[109.0059,13.888],[109.0059,13.8907],[109.0039,13.8928],[109.0065,13.8984],[109.0054,13.9003],[109.0011,13.9008],[108.9971,13.9041],[108.9969,13.9063]]]},"properties":{"ma_xa":"21808","ten_xa":"Tây Sơn","sap_nhap":"Phú Phong (thị trấn), Tây Xuân, Bình Nghi","tru_so":"đang cập nhật","loai":"Xã","cap":2,"stt":37,"dtich_km2":97.7,"dan_so":48945,"matdo_km2":500.97,"ma_tinh":"52","ten_tinh":"Gia Lai"}},
{"type":"Feature","geometry":{"type":"Polygon","coordinates":[[[108.0302,14.0059],[108.0285,14.0081],[108.0253,14.0101],[108.0207,14.0082],[108.0183,14.0086],[108.0154,14.0068],[108.013,14.0092],[108.0116,14.0128],[108.0088,14.0146],[108.007,14.022],[108.0037,14.0257],[108.0001,14.026],[107.997,14.0282],[107.9974,14.0344],[107.9953,14.0355],[107.9912,14.0409],[107.9914,14.0463],[107.9895,14.0498],[107.9907,14.0532],[107.9964,14.0549],[107.9983,14.0575],[108.0018,14.0575],[107.9997,14.0622],[107.9959,14.0625],[107.9912,14.0617],[107.9899,14.0635],[107.9874,14.0637],[107.9854,14.0618],[107.9853,14.0542],[107.9839,14.0523],[107.9853,14.0502],[107.9834,14.0459],[107.9839,14.04],[107.9776,14.0419],[107.9631,14.0392],[107.9648,14.0294],[107.961,14.0233],[107.9636,14.0221],[107.9638,14.0198],[107.9596,14.0183],[107.961,14.0097],[107.9645,14.0093],[107.9693,14.0115],[107.9713,14.0106],[107.9765,14.0115],[107.982,14.0112],[107.9831,14.0035],[107.9856,14.0038],[107.9855,13.998],[107.9889,13.9954],[107.9918,13.9964],[107.9943,13.9919],[107.9965,13.9902],[107.9979,13.9907],[108.0043,13.9962],[108.005,13.998],[108.009,14.0026],[108.014,14.0017],[108.0151,14.0022],[108.0271,14.0014],[108.0302,14.0059]]]},"properties":{"ma_xa":"23584","ten_xa":"Thống Nhất","sap_nhap":"Đống Đa (thành phố Pleiku), Yên Thế, Thống Nhất","tru_so":"đang cập nhật","loai":"Phường","cap":2,"stt":60,"dtich_km2":22.92,"dan_so":48721,"matdo_km2":2125.7,"ma_tinh":"52","ten_tinh":"Gia Lai"}},
{"type":"Feature","geometry":{"type":"Polygon","coordinates":[[[108.552,14.1216],[108.5446,14.1229],[108.5419,14.1229],[108.5369,14.1206],[108.5315,14.1161],[108.5301,14.1175],[108.5251,14.1186],[108.5226,14.1201],[108.5148,14.1191],[108.5116,14.1175],[108.5073,14.1144],[108.5052,14.1153],[108.5011,14.112],[108.4987,14.115],[108.4945,14.1158],[108.4904,14.1188],[108.4847,14.1165],[108.4835,14.1138],[108.481,14.1137],[108.4797,14.1155],[108.4766,14.1153],[108.4728,14.1195],[108.4721,14.1221],[108.467,14.122],[108.4642,14.123],[108.4625,14.1271],[108.4604,14.13],[108.4584,14.1302],[108.453,14.1288],[108.4546,14.1254],[108.4584,14.1194],[108.4603,14.1191],[108.4615,14.1159],[108.4614,14.1118],[108.4602,14.109],[108.4611,14.1053],[108.4609,14.1021],[108.4628,14.0941],[108.4637,14.0919],[108.4611,14.0873],[108.4576,14.0841],[108.4555,14.0793],[108.4521,14.0782],[108.446,14.0729],[108.4445,14.0678],[108.4457,14.0636],[108.4505,14.0642],[108.4529,14.0634],[108.4536,14.0602],[108.4563,14.0569],[108.4629,14.0557],[108.4653,14.0584],[108.4678,14.0583],[108.472,14.0549],[108.4722,14.0524],[108.4739,14.0495],[108.4776,14.0463],[108.4792,14.0424],[108.4816,14.0415],[108.4869,14.043],[108.49,14.0365],[108.4933,14.0341],[108.4971,14.0339],[108.5021,14.0292],[108.5114,14.0253],[108.5133,14.0223],[108.5151,14.0215],[108.5183,14.018],[108.5197,14.0133],[108.5233,14.0112],[108.5279,14.012],[108.531,14.0108],[108.5339,14.0132],[108.5399,14.013],[108.5416,14.0113],[108.5449,14.0118],[108.5491,14.0112],[108.5527,14.0087],[108.5543,14.0058],[108.5572,14.0083],[108.5617,14.0091],[108.5659,14.0082],[108.5687,14.0061],[108.575,14.012],[108.58,14.0137],[108.5802,14.0097],[108.5827,14.0047],[108.5841,13.9994],[108.5874,13.9996],[108.5885,14.0009],[108.5904,14.0072],[108.5926,14.009],[108.5924,14.013],[108.5949,14.0169],[108.5934,14.0165],[108.588,14.0181],[108.5868,14.02],[108.5888,14.0246],[108.5874,14.0282],[108.5877,14.0309],[108.5903,14.0332],[108.5892,14.0354],[108.5902,14.039],[108.5886,14.0418],[108.5899,14.0431],[108.5892,14.048],[108.5866,14.0512],[108.5875,14.0525],[108.585,14.0595],[108.5823,14.0626],[108.5851,14.0678],[108.5856,14.0742],[108.5872,14.0752],[108.5864,14.0789],[108.5882,14.0808],[108.5913,14.0871],[108.5946,14.0869],[108.5932,14.0897],[108.5847,14.0917],[108.582,14.0943],[108.5773,14.0927],[108.5771,14.0949],[108.5714,14.0971],[108.5694,14.0996],[108.5684,14.1028],[108.5616,14.1006],[108.5604,14.1019],[108.5575,14.1096],[108.5536,14.1122],[108.5543,14.1179],[108.5522,14.1194],[108.552,14.1216]]]},"properties":{"ma_xa":"23668","ten_xa":"Tơ Tung","sap_nhap":"Kông Lơng Khơng, Tơ Tung","tru_so":"đang cập nhật","loai":"Xã","cap":2,"stt":89,"dtich_km2":141.35,"dan_so":10952,"matdo_km2":77.48,"ma_tinh":"52","ten_tinh":"Gia Lai"}},
{"type":"Feature","geometry":{"type":"Polygon","coordinates":[[[109.1803,13.859],[109.1798,13.853],[109.1777,13.8504],[109.1788,13.8473],[109.1732,13.8474],[109.1669,13.8505],[109.1659,13.8536],[109.166,13.8594],[109.164,13.8607],[109.1592,13.8594],[109.1572,13.8597],[109.1553,13.8559],[109.1504,13.8554],[109.1485,13.859],[109.1445,13.8603],[109.1394,13.8604],[109.1349,13.865],[109.1362,13.8663],[109.1334,13.8686],[109.1294,13.8659],[109.1298,13.8622],[109.1276,13.8599],[109.1252,13.8591],[109.1249,13.8555],[109.1225,13.8509],[109.121,13.8519],[109.1161,13.8463],[109.1176,13.8438],[109.1214,13.8423],[109.1258,13.8392],[109.1284,13.8386],[109.1283,13.8349],[109.1312,13.8332],[109.1337,13.8338],[109.1387,13.8324],[109.1393,13.8275],[109.1417,13.8235],[109.143,13.8191],[109.1418,13.8143],[109.1438,13.8078],[109.141,13.8034],[109.1424,13.8014],[109.1432,13.7975],[109.1575,13.8034],[109.158,13.8054],[109.1607,13.8053],[109.1639,13.8065],[109.1663,13.8093],[109.1702,13.8091],[109.172,13.8112],[109.1722,13.8155],[109.1785,13.815],[109.1796,13.8178],[109.1778,13.8187],[109.178,13.8211],[109.1755,13.8224],[109.1764,13.8281],[109.1792,13.825],[109.1854,13.8234],[109.1896,13.8185],[109.1912,13.8175],[109.1991,13.8173],[109.2014,13.8126],[109.2054,13.8163],[109.2068,13.8167],[109.214,13.8161],[109.2146,13.8121],[109.2164,13.8113],[109.2198,13.8125],[109.2238,13.8183],[109.2297,13.819],[109.2396,13.8175],[109.2487,13.8349],[109.2269,13.8492],[109.22,13.8522],[109.2186,13.8543],[109.2165,13.854],[109.2159,13.8565],[109.2127,13.8567],[109.2108,13.8518],[109.1929,13.8497],[109.1938,13.8464],[109.1912,13.8465],[109.1877,13.8454],[109.1861,13.8499],[109.1833,13.8523],[109.1816,13.8577],[109.1803,13.859]]]},"properties":{"ma_xa":"21952","ten_xa":"Tuy Phước","sap_nhap":"Tuy Phước (thị trấn), Diêu Trì (thị trấn), Phước Thuận, Phước Nghĩa, Phước Lộc","tru_so":"đang cập nhật","loai":"Xã","cap":2,"stt":33,"dtich_km2":53.37,"dan_so":77452,"matdo_km2":1451.23,"ma_tinh":"52","ten_tinh":"Gia Lai"}},
{"type":"Feature","geometry":{"type":"Polygon","coordinates":[[[109.1782,13.9162],[109.1692,13.9181],[109.169,13.921],[109.1648,13.9217],[109.1617,13.9195],[109.1564,13.9195],[109.1513,13.9173],[109.1484,13.9172],[109.1496,13.9149],[109.154,13.913],[109.1516,13.9105],[109.1486,13.9103],[109.1483,13.908],[109.145,13.9071],[109.1382,13.9074],[109.136,13.9053],[109.1334,13.9066],[109.1262,13.9062],[109.1238,13.9073],[109.121,13.904],[109.1219,13.901],[109.1264,13.9001],[109.1259,13.8943],[109.1235,13.8936],[109.121,13.8939],[109.1209,13.889],[109.1218,13.8873],[109.1287,13.8851],[109.1266,13.8802],[109.126,13.8762],[109.127,13.8749],[109.132,13.875],[109.1358,13.8728],[109.136,13.8713],[109.1334,13.8686],[109.1362,13.8663],[109.1349,13.865],[109.1394,13.8604],[109.1445,13.8603],[109.1485,13.859],[109.1504,13.8554],[109.1553,13.8559],[109.1572,13.8597],[109.1592,13.8594],[109.164,13.8607],[109.166,13.8594],[109.1659,13.8536],[109.1669,13.8505],[109.1732,13.8474],[109.1788,13.8473],[109.1777,13.8504],[109.1798,13.853],[109.1803,13.859],[109.1847,13.8646],[109.185,13.8672],[109.1836,13.8698],[109.1852,13.8728],[109.1857,13.8774],[109.1892,13.8779],[109.1919,13.8836],[109.1921,13.8876],[109.1874,13.8878],[109.187,13.8858],[109.1779,13.8842],[109.1746,13.8856],[109.1715,13.8838],[109.169,13.8863],[109.1708,13.8877],[109.1707,13.8923],[109.1728,13.8949],[109.1778,13.896],[109.1808,13.8951],[109.1852,13.8975],[109.1835,13.8991],[109.183,13.9036],[109.1832,13.9099],[109.1804,13.9118],[109.1782,13.9162]]]},"properties":{"ma_xa":"21964","ten_xa":"Tuy Phước Bắc","sap_nhap":"Phước Hiệp, Phước Hưng, Phước Quang","tru_so":"đang cập nhật","loai":"Xã","cap":2,"stt":36,"dtich_km2":37.03,"dan_so":49495,"matdo_km2":1336.62,"ma_tinh":"52","ten_tinh":"Gia Lai"}},
{"type":"Feature","geometry":{"type":"Polygon","coordinates":[[[109.2594,13.9009],[109.2468,13.9036],[109.2452,13.905],[109.2401,13.9057],[109.2381,13.9071],[109.2351,13.9117],[109.2326,13.9141],[109.2355,13.9188],[109.2331,13.9205],[109.2327,13.9228],[109.2262,13.9263],[109.2265,13.9277],[109.2201,13.9272],[109.2201,13.9256],[109.2163,13.9231],[109.2123,13.924],[109.2126,13.9206],[109.2106,13.9199],[109.2052,13.9231],[109.204,13.9255],[109.1985,13.9254],[109.1963,13.927],[109.196,13.9304],[109.1872,13.9334],[109.1833,13.9357],[109.1769,13.9376],[109.1751,13.9372],[109.1738,13.932],[109.1743,13.9298],[109.1776,13.9309],[109.1828,13.9294],[109.1843,13.9264],[109.1883,13.9259],[109.1873,13.9229],[109.1881,13.9202],[109.184,13.919],[109.1792,13.9197],[109.1782,13.9162],[109.1804,13.9118],[109.1832,13.9099],[109.183,13.9036],[109.1835,13.8991],[109.1852,13.8975],[109.1808,13.8951],[109.1778,13.896],[109.1728,13.8949],[109.1707,13.8923],[109.1708,13.8877],[109.169,13.8863],[109.1715,13.8838],[109.1746,13.8856],[109.1779,13.8842],[109.187,13.8858],[109.1874,13.8878],[109.1921,13.8876],[109.1919,13.8836],[109.1892,13.8779],[109.1857,13.8774],[109.1852,13.8728],[109.1836,13.8698],[109.185,13.8672],[109.1847,13.8646],[109.1803,13.859],[109.1816,13.8577],[109.1833,13.8523],[109.1861,13.8499],[109.1877,13.8454],[109.1912,13.8465],[109.1938,13.8464],[109.1929,13.8497],[109.2108,13.8518],[109.2127,13.8567],[109.2159,13.8565],[109.2165,13.854],[109.2186,13.8543],[109.22,13.8522],[109.2269,13.8492],[109.2487,13.8349],[109.2518,13.8404],[109.2531,13.8482],[109.2518,13.8541],[109.2477,13.8641],[109.2496,13.8716],[109.2477,13.8768],[109.2473,13.8846],[109.2462,13.8893],[109.2483,13.8911],[109.2489,13.8935],[109.2568,13.8932],[109.2594,13.9009]]]},"properties":{"ma_xa":"21970","ten_xa":"Tuy Phước Đông","sap_nhap":"Phước Sơn, Phước Hòa, Phước Thắng","tru_so":"đang cập nhật","loai":"Xã","cap":2,"stt":34,"dtich_km2":60.66,"dan_so":58440,"matdo_km2":963.4,"ma_tinh":"52","ten_tinh":"Gia Lai"}},
{"type":"Feature","geometry":{"type":"Polygon","coordinates":[[[109.1161,13.8463],[109.1134,13.8458],[109.1109,13.8426],[109.1082,13.8423],[109.1062,13.8386],[109.1078,13.8346],[109.1074,13.831],[109.104,13.8288],[109.0968,13.8288],[109.0925,13.8281],[109.0901,13.8261],[109.0894,13.8236],[109.0856,13.8243],[109.0826,13.8237],[109.0775,13.8267],[109.0739,13.8259],[109.0708,13.8194],[109.0731,13.8124],[109.0725,13.8102],[109.0683,13.8054],[109.0701,13.7991],[109.068,13.7991],[109.0643,13.7974],[109.0628,13.7953],[109.0639,13.7917],[109.0622,13.7899],[109.0577,13.7891],[109.0552,13.7869],[109.0549,13.7847],[109.0562,13.7805],[109.0586,13.7785],[109.0576,13.7742],[109.059,13.7697],[109.0615,13.7673],[109.0612,13.7626],[109.0632,13.7608],[109.0634,13.7568],[109.0671,13.7549],[109.074,13.7559],[109.0761,13.757],[109.0814,13.7554],[109.0906,13.7585],[109.0942,13.7572],[109.1011,13.7517],[109.1067,13.7528],[109.1104,13.7495],[109.1117,13.7474],[109.1141,13.7498],[109.117,13.7566],[109.1208,13.7573],[109.1209,13.7544],[109.1235,13.7544],[109.1266,13.7449],[109.1297,13.7435],[109.136,13.7543],[109.1349,13.7555],[109.1343,13.7657],[109.1346,13.7698],[109.1338,13.7717],[109.1345,13.7746],[109.1329,13.7803],[109.1334,13.7857],[109.133,13.7898],[109.1314,13.7912],[109.1353,13.795],[109.1432,13.7975],[109.1424,13.8014],[109.141,13.8034],[109.1438,13.8078],[109.1418,13.8143],[109.143,13.8191],[109.1417,13.8235],[109.1393,13.8275],[109.1387,13.8324],[109.1337,13.8338],[109.1312,13.8332],[109.1283,13.8349],[109.1284,13.8386],[109.1258,13.8392],[109.1214,13.8423],[109.1176,13.8438],[109.1161,13.8463]]]},"properties":{"ma_xa":"21985","ten_xa":"Tuy Phước Tây","sap_nhap":"Phước An, Phước Thành","tru_so":"đang cập nhật","loai":"Xã","cap":2,"stt":35,"dtich_km2":68.81,"dan_so":36006,"matdo_km2":523.27,"ma_tinh":"52","ten_tinh":"Gia Lai"}},
{"type":"Feature","geometry":{"type":"Polygon","coordinates":[[[108.6623,13.209],[108.6522,13.2146],[108.6499,13.217],[108.6474,13.2215],[108.6444,13.225],[108.6424,13.2261],[108.6366,13.227],[108.635,13.2281],[108.6279,13.2358],[108.6229,13.2391],[108.6191,13.2379],[108.6165,13.2439],[108.6137,13.2482],[108.6136,13.2554],[108.6163,13.2665],[108.6204,13.277],[108.6236,13.2813],[108.6239,13.2857],[108.6221,13.2939],[108.6202,13.2959],[108.6155,13.2978],[108.612,13.2978],[108.6092,13.2968],[108.6029,13.2909],[108.5948,13.2932],[108.5912,13.2952],[108.5909,13.2984],[108.5933,13.3019],[108.5969,13.3056],[108.5998,13.3125],[108.5997,13.3163],[108.5968,13.3227],[108.5932,13.3268],[108.5813,13.334],[108.5772,13.3356],[108.5716,13.3393],[108.568,13.3398],[108.5643,13.338],[108.5619,13.338],[108.5569,13.34],[108.551,13.3433],[108.5431,13.3457],[108.5372,13.3467],[108.5311,13.3491],[108.5288,13.3494],[108.5247,13.3482],[108.5219,13.3486],[108.5203,13.3513],[108.5228,13.3569],[108.5244,13.3624],[108.5208,13.358],[108.5168,13.356],[108.5144,13.3528],[108.5074,13.3471],[108.5032,13.3494],[108.5023,13.3482],[108.4979,13.3346],[108.4936,13.3299],[108.4886,13.3199],[108.4853,13.3102],[108.4823,13.3095],[108.4841,13.3059],[108.4827,13.3012],[108.4752,13.2998],[108.4736,13.2984],[108.4708,13.2989],[108.469,13.2963],[108.467,13.2969],[108.4634,13.2944],[108.4637,13.2923],[108.4578,13.2853],[108.4557,13.2841],[108.457,13.2803],[108.4539,13.2774],[108.4551,13.2743],[108.4577,13.2729],[108.461,13.2644],[108.4634,13.2623],[108.4642,13.2577],[108.4631,13.2502],[108.4603,13.2478],[108.4653,13.2414],[108.4666,13.2381],[108.4681,13.2371],[108.4671,13.2327],[108.4622,13.2281],[108.4575,13.2267],[108.4553,13.2217],[108.4562,13.2189],[108.4589,13.216],[108.4551,13.1997],[108.4554,13.1931],[108.4369,13.1875],[108.4378,13.1799],[108.4408,13.1794],[108.444,13.1756],[108.4468,13.1745],[108.4573,13.1657],[108.4604,13.1654],[108.4639,13.1624],[108.4608,13.156],[108.4615,13.151],[108.4659,13.148],[108.4643,13.1414],[108.468,13.14],[108.4676,13.1357],[108.4605,13.1346],[108.4595,13.1305],[108.4572,13.1288],[108.4576,13.1257],[108.46,13.124],[108.4614,13.1203],[108.4654,13.1172],[108.4728,13.1184],[108.4763,13.1153],[108.4872,13.1116],[108.4905,13.1087],[108.492,13.1108],[108.4992,13.1133],[108.5108,13.1111],[108.513,13.1173],[108.5113,13.1219],[108.5151,13.1241],[108.5233,13.1237],[108.5245,13.1224],[108.5269,13.1249],[108.5291,13.1243],[108.5291,13.121],[108.5329,13.1188],[108.5341,13.1197],[108.5514,13.1283],[108.5692,13.1298],[108.575,13.1295],[108.5814,13.1345],[108.5945,13.1354],[108.6058,13.153],[108.6126,13.1571],[108.6163,13.1602],[108.6268,13.1669],[108.6317,13.1692],[108.636,13.1736],[108.6374,13.1742],[108.6384,13.1775],[108.6407,13.1775],[108.6449,13.1725],[108.6478,13.1729],[108.6517,13.1715],[108.6545,13.1729],[108.6554,13.1751],[108.6597,13.1796],[108.6613,13.18],[108.6554,13.1854],[108.6536,13.1889],[108.6546,13.1913],[108.6579,13.1948],[108.6646,13.2006],[108.666,13.2037],[108.6651,13.2066],[108.6623,13.209]]]},"properties":{"ma_xa":"24109","ten_xa":"Uar","sap_nhap":"Ia Rsươm, Chư Drăng, Uar","tru_so":"đang cập nhật","loai":"Xã","cap":2,"stt":110,"dtich_km2":412.31,"dan_so":22215,"matdo_km2":53.88,"ma_tinh":"52","ten_tinh":"Gia Lai"}},
{"type":"Feature","geometry":{"type":"Polygon","coordinates":[[[108.9581,13.6704],[108.9539,13.6683],[108.9535,13.6642],[108.9505,13.663],[108.9489,13.6591],[108.945,13.6602],[108.9433,13.659],[108.9387,13.6589],[108.9393,13.6546],[108.9371,13.6497],[108.9382,13.6474],[108.9371,13.6424],[108.9336,13.6407],[108.9326,13.6311],[108.9297,13.6294],[108.9281,13.6271],[108.9265,13.6198],[108.9228,13.6192],[108.9203,13.615],[108.9203,13.6117],[108.9184,13.6093],[108.9216,13.6055],[108.925,13.5921],[108.9248,13.5893],[108.9261,13.5849],[108.9313,13.5847],[108.9286,13.5757],[108.9305,13.5698],[108.9338,13.5709],[108.9364,13.568],[108.9397,13.5672],[108.9395,13.5596],[108.9412,13.5539],[108.9416,13.5417],[108.944,13.529],[108.9447,13.527],[108.9488,13.5265],[108.9729,13.5261],[108.9747,13.5285],[108.9784,13.5281],[108.9811,13.526],[108.9835,13.5275],[108.9858,13.5267],[108.9894,13.5277],[108.9969,13.5243],[108.999,13.5227],[109.007,13.5228],[109.0095,13.5239],[109.01,13.5268],[109.0131,13.5269],[109.0175,13.5258],[109.0191,13.5301],[109.0239,13.529],[109.0275,13.5302],[109.0317,13.5339],[109.0335,13.5399],[109.033,13.5415],[109.0343,13.5453],[109.0383,13.546],[109.0415,13.5491],[109.0417,13.5529],[109.0452,13.5592],[109.0502,13.5616],[109.053,13.5693],[109.0483,13.5831],[109.0468,13.5845],[109.0467,13.591],[109.0448,13.5932],[109.0417,13.5944],[109.0357,13.5955],[109.0306,13.5995],[109.0272,13.599],[109.0252,13.609],[109.0242,13.611],[109.0241,13.6148],[109.0222,13.6176],[109.0234,13.6201],[109.0236,13.6258],[109.0221,13.6301],[109.0183,13.6349],[109.0156,13.6349],[109.0106,13.6331],[109.0101,13.6315],[109.0068,13.6296],[109.0027,13.6317],[109.0023,13.6341],[109.007,13.6368],[109.0085,13.6394],[109.0086,13.6442],[109.0039,13.648],[109.0027,13.6458],[109,13.6457],[108.9971,13.644],[108.99,13.6464],[108.9864,13.6441],[108.9837,13.6445],[108.9792,13.6501],[108.9741,13.6487],[108.9697,13.6503],[108.9666,13.6571],[108.9647,13.6596],[108.9621,13.6679],[108.9581,13.6704]]]},"properties":{"ma_xa":"21994","ten_xa":"Vân Canh","sap_nhap":"Vân Canh (thị trấn), Canh Thuận, Canh Hòa, Canh Hiệp (1 phần)","tru_so":"đang cập nhật","loai":"Xã","cap":2,"stt":47,"dtich_km2":208.75,"dan_so":13850,"matdo_km2":66.35,"ma_tinh":"52","ten_tinh":"Gia Lai"}},
{"type":"Feature","geometry":{"type":"Polygon","coordinates":[[[108.8862,14.4704],[108.8813,14.4718],[108.8752,14.4724],[108.8749,14.4703],[108.8689,14.4692],[108.863,14.4738],[108.8639,14.4762],[108.8626,14.4829],[108.8637,14.4884],[108.8616,14.4929],[108.8551,14.4942],[108.8527,14.4936],[108.8521,14.4871],[108.851,14.4828],[108.851,14.4794],[108.8482,14.4802],[108.841,14.4804],[108.8398,14.4835],[108.8374,14.4859],[108.8345,14.4867],[108.8342,14.4901],[108.8328,14.4922],[108.8275,14.4902],[108.8303,14.4853],[108.8299,14.4839],[108.8322,14.4772],[108.8363,14.4714],[108.8404,14.464],[108.84,14.459],[108.843,14.453],[108.8416,14.4509],[108.8437,14.4464],[108.8429,14.4454],[108.8456,14.4407],[108.8451,14.4367],[108.8459,14.4348],[108.8426,14.4303],[108.8474,14.4244],[108.8461,14.4217],[108.8474,14.42],[108.8485,14.4143],[108.8471,14.413],[108.8486,14.4076],[108.8489,14.4035],[108.8524,14.3992],[108.8572,14.397],[108.8635,14.3988],[108.8644,14.3966],[108.8642,14.3926],[108.8672,14.3909],[108.8711,14.3913],[108.8715,14.3894],[108.875,14.3878],[108.8774,14.3892],[108.8789,14.3846],[108.8823,14.38],[108.885,14.3788],[108.8841,14.3746],[108.8862,14.373],[108.8864,14.3672],[108.8851,14.365],[108.8894,14.3633],[108.8885,14.359],[108.8924,14.3559],[108.8948,14.3582],[108.8976,14.3576],[108.8993,14.3593],[108.9023,14.3587],[108.9092,14.3615],[108.9124,14.3617],[108.914,14.364],[108.9188,14.365],[108.9196,14.3682],[108.9212,14.37],[108.9227,14.3759],[108.9271,14.3781],[108.9296,14.3814],[108.939,14.3823],[108.9416,14.3794],[108.9462,14.3783],[108.9478,14.379],[108.9499,14.3832],[108.9555,14.3854],[108.9601,14.3843],[108.9617,14.381],[108.9667,14.3757],[108.9696,14.3742],[108.9713,14.375],[108.9718,14.3809],[108.9739,14.3849],[108.9771,14.3851],[108.9794,14.3877],[108.9784,14.3906],[108.9739,14.3925],[108.9732,14.3944],[108.975,14.3964],[108.981,14.3968],[108.9822,14.4023],[108.9833,14.4031],[108.9905,14.4034],[108.994,14.4056],[108.9955,14.408],[109.0024,14.4112],[108.9984,14.4137],[108.9931,14.4147],[108.9868,14.4144],[108.9822,14.4164],[108.9775,14.4205],[108.9756,14.4213],[108.9669,14.4231],[108.9639,14.4249],[108.9625,14.4228],[108.9624,14.4171],[108.9641,14.4155],[108.9598,14.4127],[108.9579,14.4155],[108.9596,14.4183],[108.9575,14.4247],[108.9541,14.424],[108.9512,14.4258],[108.9485,14.4218],[108.9425,14.4187],[108.94,14.4202],[108.9355,14.4293],[108.9301,14.4334],[108.9262,14.4344],[108.9211,14.4385],[108.9176,14.4385],[108.9116,14.4355],[108.909,14.4366],[108.9014,14.4363],[108.9005,14.4344],[108.8956,14.4392],[108.8938,14.4399],[108.8919,14.446],[108.8938,14.4509],[108.8934,14.4539],[108.8913,14.4568],[108.8869,14.4611],[108.8873,14.468],[108.8862,14.4704]]]},"properties":{"ma_xa":"21703","ten_xa":"Vạn Đức","sap_nhap":"Ân Sơn, Ân Tín, Ân Thạnh","tru_so":"đang cập nhật","loai":"Xã","cap":2,"stt":45,"dtich_km2":111.88,"dan_so":21617,"matdo_km2":193.22,"ma_tinh":"52","ten_tinh":"Gia Lai"}},
{"type":"Feature","geometry":{"type":"Polygon","coordinates":[[[108.7878,14.0779],[108.7854,14.0817],[108.7792,14.0844],[108.7685,14.0909],[108.7606,14.0919],[108.7594,14.0962],[108.7624,14.0999],[108.7621,14.1043],[108.7596,14.1079],[108.7583,14.1141],[108.7588,14.116],[108.7486,14.1159],[108.7455,14.1202],[108.7408,14.1184],[108.7371,14.1184],[108.734,14.1171],[108.731,14.1175],[108.7286,14.1165],[108.7002,14.11],[108.6994,14.11],[108.7009,14.1061],[108.7055,14.103],[108.707,14.1033],[108.7104,14.098],[108.714,14.0949],[108.7151,14.0898],[108.7204,14.0728],[108.722,14.0659],[108.7336,14.0529],[108.755,14.0456],[108.7564,14.0454],[108.7668,14.0487],[108.7841,14.0433],[108.7849,14.0404],[108.7893,14.0362],[108.7893,14.034],[108.7916,14.0312],[108.7906,14.0298],[108.7915,14.026],[108.7969,14.0207],[108.8052,14.0234],[108.8074,14.0255],[108.8131,14.0281],[108.8138,14.0229],[108.8187,14.0197],[108.8187,14.0181],[108.8216,14.0167],[108.8234,14.0182],[108.8234,14.0243],[108.8253,14.0252],[108.8315,14.0186],[108.8344,14.0175],[108.84,14.019],[108.8446,14.0172],[108.8567,14.0215],[108.8591,14.023],[108.8644,14.0243],[108.8662,14.0234],[108.8655,14.0275],[108.8668,14.0328],[108.8652,14.0372],[108.8687,14.0396],[108.8689,14.0433],[108.8653,14.0507],[108.8652,14.0526],[108.8625,14.0565],[108.8594,14.0572],[108.8526,14.0611],[108.8529,14.0649],[108.8506,14.0645],[108.8458,14.069],[108.8451,14.0719],[108.8429,14.0716],[108.8393,14.0728],[108.8352,14.0705],[108.8358,14.0681],[108.834,14.0663],[108.8304,14.0651],[108.829,14.066],[108.822,14.0643],[108.8174,14.0646],[108.8144,14.0635],[108.8116,14.0601],[108.8101,14.0617],[108.8106,14.064],[108.8058,14.0659],[108.8008,14.0653],[108.7916,14.0682],[108.7879,14.073],[108.7878,14.0779]]]},"properties":{"ma_xa":"21805","ten_xa":"Vĩnh Quang","sap_nhap":"Vĩnh Thuận, Vĩnh Hòa, Vĩnh Quang","tru_so":"đang cập nhật","loai":"Xã","cap":2,"stt":52,"dtich_km2":89.35,"dan_so":9074,"matdo_km2":101.56,"ma_tinh":"52","ten_tinh":"Gia Lai"}},
{"type":"Feature","geometry":{"type":"Polygon","coordinates":[[[108.6384,14.4512],[108.6321,14.447],[108.6263,14.4495],[108.6201,14.4501],[108.6175,14.4537],[108.6169,14.4565],[108.6128,14.4566],[108.6104,14.4547],[108.6055,14.4582],[108.6015,14.4597],[108.6044,14.4553],[108.607,14.4491],[108.6135,14.4386],[108.6131,14.4372],[108.6092,14.4348],[108.613,14.428],[108.611,14.4253],[108.6159,14.4224],[108.6197,14.4167],[108.6186,14.4151],[108.6132,14.4123],[108.6177,14.4102],[108.6195,14.4077],[108.6292,14.3886],[108.6254,14.3863],[108.6309,14.3771],[108.6341,14.3725],[108.6316,14.3692],[108.6304,14.3657],[108.6287,14.364],[108.6244,14.3574],[108.6282,14.3519],[108.6323,14.3501],[108.6339,14.3482],[108.6362,14.3395],[108.6405,14.331],[108.6407,14.3284],[108.6478,14.3201],[108.6478,14.3181],[108.6457,14.3167],[108.6429,14.3126],[108.6438,14.3088],[108.646,14.3068],[108.6467,14.2972],[108.6537,14.2928],[108.6563,14.2899],[108.6559,14.2874],[108.6572,14.2833],[108.6605,14.2808],[108.6594,14.2757],[108.6551,14.2752],[108.655,14.2718],[108.6537,14.2693],[108.6543,14.2662],[108.6558,14.2653],[108.6553,14.2605],[108.657,14.2567],[108.66,14.2538],[108.6654,14.2516],[108.673,14.2524],[108.6787,14.2509],[108.6844,14.2487],[108.6905,14.2504],[108.694,14.2496],[108.6966,14.2521],[108.6983,14.2496],[108.707,14.2497],[108.7113,14.251],[108.7184,14.2512],[108.723,14.2557],[108.7249,14.2543],[108.7271,14.2549],[108.7295,14.2578],[108.7332,14.2592],[108.7352,14.261],[108.7401,14.2625],[108.7415,14.2645],[108.7442,14.2629],[108.7453,14.2593],[108.7466,14.2586],[108.7515,14.2588],[108.7527,14.2553],[108.7577,14.2535],[108.7597,14.2495],[108.7667,14.2464],[108.7687,14.2443],[108.769,14.242],[108.7679,14.2389],[108.7655,14.2369],[108.7642,14.232],[108.7648,14.2292],[108.7688,14.2248],[108.7705,14.2209],[108.7726,14.2216],[108.7786,14.2198],[108.7811,14.2211],[108.7879,14.2197],[108.79,14.2169],[108.7944,14.2186],[108.7994,14.2175],[108.8053,14.2203],[108.8052,14.2228],[108.8097,14.2254],[108.8096,14.2286],[108.8153,14.2288],[108.8153,14.2312],[108.8174,14.2335],[108.8157,14.2355],[108.818,14.2378],[108.8132,14.2411],[108.8111,14.2413],[108.8099,14.245],[108.8118,14.2463],[108.811,14.2483],[108.8106,14.2541],[108.8097,14.2569],[108.8104,14.2605],[108.8063,14.2655],[108.8058,14.269],[108.8068,14.2719],[108.805,14.2759],[108.808,14.2858],[108.8065,14.287],[108.8041,14.2924],[108.8026,14.2942],[108.8032,14.3009],[108.8011,14.3037],[108.8028,14.3062],[108.8038,14.3103],[108.8037,14.3134],[108.8053,14.3189],[108.8051,14.3243],[108.8026,14.3251],[108.8004,14.3291],[108.7978,14.3299],[108.7949,14.3346],[108.7951,14.3376],[108.7938,14.3396],[108.7928,14.3445],[108.7896,14.3462],[108.7862,14.346],[108.7835,14.3482],[108.7795,14.3478],[108.7785,14.352],[108.7764,14.3549],[108.7752,14.3623],[108.774,14.3639],[108.7728,14.3678],[108.7733,14.3725],[108.7723,14.373],[108.7648,14.3711],[108.7636,14.3746],[108.761,14.3755],[108.7595,14.381],[108.7607,14.3862],[108.7582,14.3888],[108.7506,14.3896],[108.7498,14.391],[108.7466,14.3919],[108.7428,14.3979],[108.7367,14.3986],[108.7226,14.3961],[108.7229,14.402],[108.7239,14.4054],[108.7217,14.4086],[108.7212,14.4113],[108.7243,14.4138],[108.7249,14.4167],[108.7234,14.4194],[108.7207,14.4219],[108.7202,14.424],[108.7147,14.4266],[108.7129,14.4286],[108.7109,14.4273],[108.7078,14.4282],[108.7035,14.4255],[108.6961,14.4282],[108.6937,14.4318],[108.6891,14.4327],[108.6818,14.4411],[108.6789,14.45],[108.6757,14.4489],[108.6732,14.442],[108.6685,14.4396],[108.6653,14.4426],[108.6579,14.4413],[108.655,14.4398],[108.653,14.4416],[108.6495,14.4396],[108.6456,14.4398],[108.6436,14.4432],[108.6412,14.4444],[108.6403,14.449],[108.6384,14.4512]]]},"properties":{"ma_xa":"21787","ten_xa":"Vĩnh Sơn","sap_nhap":"Vĩnh Kim, Vĩnh Sơn","tru_so":"đang cập nhật","loai":"Xã","cap":2,"stt":53,"dtich_km2":328.89,"dan_so":6029,"matdo_km2":18.33,"ma_tinh":"52","ten_tinh":"Gia Lai"}},
{"type":"Feature","geometry":{"type":"Polygon","coordinates":[[[108.7705,14.2209],[108.7688,14.2248],[108.7648,14.2292],[108.7642,14.232],[108.7655,14.2369],[108.7679,14.2389],[108.769,14.242],[108.7687,14.2443],[108.7667,14.2464],[108.7597,14.2495],[108.7577,14.2535],[108.7527,14.2553],[108.7515,14.2588],[108.7466,14.2586],[108.7453,14.2593],[108.7442,14.2629],[108.7415,14.2645],[108.7401,14.2625],[108.7352,14.261],[108.7332,14.2592],[108.7295,14.2578],[108.7271,14.2549],[108.7249,14.2543],[108.723,14.2557],[108.7184,14.2512],[108.7113,14.251],[108.707,14.2497],[108.6983,14.2496],[108.6966,14.2521],[108.694,14.2496],[108.6905,14.2504],[108.6844,14.2487],[108.6787,14.2509],[108.673,14.2524],[108.6654,14.2516],[108.6648,14.2456],[108.6676,14.244],[108.6674,14.2396],[108.6649,14.2341],[108.6681,14.2321],[108.6701,14.2298],[108.6704,14.2249],[108.6756,14.2243],[108.6773,14.2166],[108.6748,14.2096],[108.678,14.2033],[108.6804,14.2025],[108.6803,14.1963],[108.6817,14.1926],[108.6798,14.1889],[108.6772,14.1885],[108.6742,14.1833],[108.6744,14.181],[108.6765,14.1802],[108.6769,14.1775],[108.6727,14.1744],[108.6671,14.1665],[108.6651,14.165],[108.6697,14.1603],[108.6774,14.161],[108.679,14.1604],[108.6791,14.1575],[108.678,14.1517],[108.6768,14.1501],[108.6833,14.141],[108.6847,14.1313],[108.6869,14.1286],[108.6934,14.1208],[108.6923,14.1185],[108.6929,14.1148],[108.699,14.1138],[108.6994,14.11],[108.7002,14.11],[108.7286,14.1165],[108.731,14.1175],[108.734,14.1171],[108.7371,14.1184],[108.7408,14.1184],[108.7455,14.1202],[108.7486,14.1159],[108.7588,14.116],[108.7583,14.1141],[108.7596,14.1079],[108.7621,14.1043],[108.7624,14.0999],[108.7594,14.0962],[108.7606,14.0919],[108.7685,14.0909],[108.7792,14.0844],[108.7854,14.0817],[108.7878,14.0779],[108.7872,14.0859],[108.7861,14.0882],[108.7872,14.0955],[108.7886,14.1005],[108.7886,14.1047],[108.7904,14.1108],[108.7872,14.1151],[108.7857,14.1183],[108.7852,14.1258],[108.789,14.1316],[108.7919,14.1351],[108.7934,14.1436],[108.7927,14.1449],[108.7828,14.1476],[108.7757,14.1505],[108.7739,14.1521],[108.7718,14.1588],[108.7661,14.1635],[108.7635,14.1669],[108.7595,14.177],[108.7586,14.183],[108.759,14.1884],[108.7623,14.1992],[108.7649,14.2035],[108.7652,14.2069],[108.7631,14.21],[108.764,14.2128],[108.7684,14.2145],[108.7709,14.2173],[108.7705,14.2209]]]},"properties":{"ma_xa":"21786","ten_xa":"Vĩnh Thạnh","sap_nhap":"Vĩnh Thạnh (thị trấn), Vĩnh Hảo","tru_so":"đang cập nhật","loai":"Xã","cap":2,"stt":50,"dtich_km2":164.76,"dan_so":10062,"matdo_km2":61.07,"ma_tinh":"52","ten_tinh":"Gia Lai"}},
{"type":"Feature","geometry":{"type":"Polygon","coordinates":[[[108.8689,14.1429],[108.8632,14.1453],[108.8617,14.1431],[108.8579,14.1444],[108.8569,14.149],[108.8531,14.1514],[108.8523,14.1529],[108.8483,14.1543],[108.841,14.1592],[108.8383,14.1623],[108.838,14.1645],[108.8399,14.167],[108.8391,14.1717],[108.8406,14.1729],[108.84,14.1758],[108.8422,14.1794],[108.8403,14.1828],[108.8364,14.1802],[108.8316,14.1849],[108.829,14.1867],[108.8292,14.1897],[108.8253,14.192],[108.8254,14.1997],[108.8291,14.2005],[108.8286,14.2035],[108.826,14.2054],[108.8247,14.2082],[108.826,14.2131],[108.8228,14.2194],[108.8194,14.2228],[108.8147,14.2263],[108.8153,14.2288],[108.8096,14.2286],[108.8097,14.2254],[108.8052,14.2228],[108.8053,14.2203],[108.7994,14.2175],[108.7944,14.2186],[108.79,14.2169],[108.7879,14.2197],[108.7811,14.2211],[108.7786,14.2198],[108.7726,14.2216],[108.7705,14.2209],[108.7709,14.2173],[108.7684,14.2145],[108.764,14.2128],[108.7631,14.21],[108.7652,14.2069],[108.7649,14.2035],[108.7623,14.1992],[108.759,14.1884],[108.7586,14.183],[108.7595,14.177],[108.7635,14.1669],[108.7661,14.1635],[108.7718,14.1588],[108.7739,14.1521],[108.7757,14.1505],[108.7828,14.1476],[108.7927,14.1449],[108.7934,14.1436],[108.7919,14.1351],[108.789,14.1316],[108.7852,14.1258],[108.7857,14.1183],[108.7872,14.1151],[108.7904,14.1108],[108.7886,14.1047],[108.7886,14.1005],[108.7872,14.0955],[108.7861,14.0882],[108.7872,14.0859],[108.7878,14.0779],[108.7879,14.073],[108.7916,14.0682],[108.8008,14.0653],[108.8058,14.0659],[108.8106,14.064],[108.8101,14.0617],[108.8116,14.0601],[108.8144,14.0635],[108.8174,14.0646],[108.822,14.0643],[108.829,14.066],[108.8304,14.0651],[108.834,14.0663],[108.8358,14.0681],[108.8352,14.0705],[108.8393,14.0728],[108.8429,14.0716],[108.8451,14.0719],[108.8458,14.069],[108.8506,14.0645],[108.8529,14.0649],[108.8526,14.0611],[108.8594,14.0572],[108.8625,14.0565],[108.8646,14.0558],[108.8657,14.0606],[108.858,14.0628],[108.8569,14.068],[108.8575,14.0697],[108.8643,14.0737],[108.8635,14.0759],[108.8641,14.0804],[108.861,14.0811],[108.8596,14.0828],[108.8563,14.0838],[108.8554,14.0875],[108.8618,14.0907],[108.8631,14.0934],[108.8601,14.0994],[108.8624,14.1024],[108.8633,14.1068],[108.8615,14.1117],[108.8601,14.1124],[108.8582,14.1165],[108.8623,14.1191],[108.8622,14.1212],[108.8662,14.1221],[108.8684,14.1257],[108.8718,14.1264],[108.8753,14.1302],[108.8751,14.1353],[108.874,14.1366],[108.8698,14.1366],[108.8684,14.1403],[108.8689,14.1429]]]},"properties":{"ma_xa":"21796","ten_xa":"Vĩnh Thịnh","sap_nhap":"Vĩnh Hiệp, Vĩnh Thịnh","tru_so":"đang cập nhật","loai":"Xã","cap":2,"stt":51,"dtich_km2":133.91,"dan_so":10839,"matdo_km2":80.94,"ma_tinh":"52","ten_tinh":"Gia Lai"}},
{"type":"Feature","geometry":{"type":"Polygon","coordinates":[[[109.0853,13.9599],[109.0875,13.9595],[109.0896,13.9608],[109.097,13.96],[109.0983,13.9586],[109.0981,13.9548],[109.1002,13.9549],[109.1031,13.9528],[109.1024,13.9466],[109.1047,13.9468],[109.1088,13.9455],[109.1174,13.9445],[109.1207,13.9447],[109.1239,13.9427],[109.1238,13.9395],[109.1303,13.9385],[109.134,13.9403],[109.1363,13.9439],[109.1386,13.9437],[109.1441,13.9414],[109.146,13.9414],[109.1462,13.9447],[109.1502,13.9455],[109.1517,13.9472],[109.1556,13.9452],[109.1557,13.9512],[109.1601,13.9503],[109.1634,13.9523],[109.1664,13.9533],[109.1663,13.9577],[109.163,13.9619],[109.1655,13.9626],[109.1656,13.9653],[109.1643,13.9771],[109.1632,13.9808],[109.1641,13.9834],[109.1673,13.9883],[109.1669,13.9903],[109.1638,13.9909],[109.16,13.9948],[109.1573,13.9956],[109.1571,13.9985],[109.1612,14.0022],[109.1652,14.0115],[109.1711,14.0155],[109.1715,14.0221],[109.1722,14.0239],[109.1706,14.0296],[109.1714,14.032],[109.1681,14.0347],[109.1617,14.036],[109.1581,14.0349],[109.152,14.0386],[109.1483,14.0353],[109.1454,14.0379],[109.1429,14.0374],[109.1387,14.0445],[109.1352,14.0425],[109.1358,14.0388],[109.1338,14.0366],[109.1339,14.0348],[109.1392,14.0288],[109.1342,14.0219],[109.1314,14.0198],[109.1321,14.0171],[109.1249,14.0145],[109.1211,14.0156],[109.1194,14.015],[109.1167,14.0102],[109.1128,14.0086],[109.1067,14.004],[109.1048,14.0018],[109.1013,14.001],[109.0994,13.9993],[109.0978,13.9949],[109.0935,13.9928],[109.0907,13.9897],[109.0897,13.9921],[109.0857,13.9917],[109.084,13.9897],[109.0824,13.986],[109.0847,13.9849],[109.0879,13.9802],[109.0838,13.9739],[109.0841,13.9717],[109.0826,13.9686],[109.0836,13.9665],[109.0813,13.9602],[109.0853,13.9599]]]},"properties":{"ma_xa":"21892","ten_xa":"Xuân An","sap_nhap":"Cát Nhơn, Cát Tường","tru_so":"đang cập nhật","loai":"Xã","cap":2,"stt":20,"dtich_km2":67.61,"dan_so":30502,"matdo_km2":451.15,"ma_tinh":"52","ten_tinh":"Gia Lai"}},
{"type":"Feature","geometry":{"type":"Polygon","coordinates":[[[108.6958,13.9481],[108.6965,13.95],[108.6956,13.9593],[108.6943,13.9604],[108.6938,13.9645],[108.6921,13.9662],[108.6906,13.9596],[108.687,13.957],[108.6811,13.9552],[108.677,13.9515],[108.6752,13.9522],[108.671,13.9481],[108.671,13.9465],[108.6651,13.9443],[108.6584,13.9391],[108.6518,13.9418],[108.6494,13.9416],[108.6461,13.9439],[108.6416,13.9438],[108.6305,13.936],[108.6264,13.9307],[108.6263,13.9257],[108.6238,13.9228],[108.6182,13.9235],[108.6022,13.9187],[108.6028,13.9158],[108.6054,13.9115],[108.6083,13.9102],[108.6086,13.9079],[108.6113,13.9058],[108.6124,13.902],[108.6146,13.901],[108.6142,13.8982],[108.6165,13.8949],[108.6156,13.8895],[108.6137,13.886],[108.6153,13.8848],[108.6197,13.8845],[108.6188,13.8803],[108.6086,13.8818],[108.6068,13.8795],[108.604,13.8792],[108.5983,13.8763],[108.5983,13.8719],[108.6,13.87],[108.601,13.8669],[108.6032,13.8651],[108.6046,13.8613],[108.6125,13.861],[108.616,13.8585],[108.6215,13.8603],[108.6241,13.8591],[108.6242,13.8559],[108.6262,13.8551],[108.6277,13.8506],[108.6267,13.8498],[108.6265,13.8451],[108.6298,13.842],[108.6316,13.8423],[108.6336,13.8458],[108.6371,13.8444],[108.6385,13.8415],[108.6432,13.8383],[108.6513,13.8339],[108.659,13.831],[108.6575,13.8279],[108.6578,13.8241],[108.6618,13.8207],[108.6642,13.8203],[108.6689,13.8211],[108.6714,13.8235],[108.671,13.8267],[108.674,13.8277],[108.6735,13.8322],[108.6759,13.8364],[108.6824,13.8376],[108.6846,13.8361],[108.6864,13.8379],[108.6914,13.8402],[108.6962,13.8437],[108.7036,13.8404],[108.7075,13.84],[108.711,13.8374],[108.7132,13.8334],[108.7198,13.8302],[108.7192,13.8257],[108.7259,13.8174],[108.7274,13.8136],[108.7273,13.8114],[108.7312,13.8105],[108.7298,13.8006],[108.7322,13.7992],[108.7337,13.801],[108.7363,13.7991],[108.7381,13.8024],[108.7434,13.8049],[108.7467,13.7989],[108.7489,13.791],[108.7518,13.7891],[108.755,13.7917],[108.764,13.7917],[108.7668,13.7924],[108.7707,13.7992],[108.7744,13.7972],[108.7754,13.8014],[108.779,13.8027],[108.7781,13.8054],[108.7812,13.8066],[108.7829,13.8097],[108.7858,13.8107],[108.7886,13.8175],[108.7923,13.8185],[108.7924,13.8221],[108.7951,13.8227],[108.7967,13.8215],[108.796,13.8278],[108.7949,13.8287],[108.7943,13.8345],[108.7933,13.8376],[108.7928,13.8423],[108.7944,13.8451],[108.797,13.8456],[108.7914,13.8537],[108.7883,13.8546],[108.7866,13.8527],[108.7809,13.8571],[108.7724,13.8658],[108.7687,13.8719],[108.768,13.876],[108.7659,13.8801],[108.7639,13.8929],[108.7611,13.8936],[108.7584,13.8985],[108.7543,13.9006],[108.7485,13.9013],[108.7462,13.9057],[108.7449,13.906],[108.7417,13.9153],[108.7424,13.9165],[108.738,13.92],[108.7364,13.9239],[108.7304,13.9305],[108.7273,13.9328],[108.7223,13.9311],[108.7126,13.9365],[108.7126,13.9404],[108.7069,13.9415],[108.7039,13.9449],[108.6996,13.9438],[108.6958,13.9481]]]},"properties":{"ma_xa":"24007","ten_xa":"Ya Hội","sap_nhap":"Phú An, Ya Hội","tru_so":"đang cập nhật","loai":"Xã","cap":2,"stt":86,"dtich_km2":215.75,"dan_so":8753,"matdo_km2":40.57,"ma_tinh":"52","ten_tinh":"Gia Lai"}},
{"type":"Feature","geometry":{"type":"Polygon","coordinates":[[[108.604,13.8792],[108.6017,13.8852],[108.5976,13.8878],[108.5944,13.8872],[108.5928,13.8897],[108.5894,13.8901],[108.5849,13.8884],[108.5824,13.8897],[108.5783,13.8905],[108.5764,13.8858],[108.5712,13.8842],[108.5685,13.885],[108.5607,13.8919],[108.5566,13.8907],[108.5541,13.8868],[108.5547,13.8833],[108.5536,13.8811],[108.5505,13.8812],[108.5456,13.8855],[108.5447,13.8873],[108.5459,13.8913],[108.548,13.8937],[108.5491,13.897],[108.5478,13.9026],[108.545,13.9045],[108.5408,13.9049],[108.5305,13.9037],[108.5247,13.9061],[108.52,13.9062],[108.5166,13.9024],[108.5169,13.9002],[108.5217,13.8962],[108.5206,13.8921],[108.5156,13.8878],[108.5098,13.8852],[108.5055,13.8881],[108.5071,13.8828],[108.5107,13.8814],[108.5138,13.8814],[108.5172,13.8803],[108.522,13.88],[108.5281,13.8755],[108.5292,13.8731],[108.5269,13.8588],[108.5275,13.853],[108.5258,13.8502],[108.5267,13.8471],[108.5242,13.8418],[108.523,13.841],[108.5277,13.8352],[108.5271,13.832],[108.5303,13.8291],[108.5315,13.8255],[108.5302,13.8218],[108.5264,13.821],[108.5313,13.8197],[108.5334,13.8204],[108.5385,13.8184],[108.538,13.8132],[108.5364,13.8076],[108.5361,13.8028],[108.538,13.7991],[108.5416,13.7962],[108.5439,13.7903],[108.5456,13.7893],[108.549,13.7851],[108.5507,13.7843],[108.5537,13.7785],[108.5549,13.7794],[108.5575,13.7736],[108.5561,13.7724],[108.551,13.7733],[108.5466,13.7725],[108.5451,13.7684],[108.5424,13.7671],[108.5399,13.7685],[108.5327,13.7663],[108.5295,13.7663],[108.5373,13.7573],[108.5376,13.7504],[108.5418,13.748],[108.5446,13.7431],[108.5534,13.732],[108.5569,13.7286],[108.5605,13.7228],[108.5609,13.7191],[108.5599,13.7135],[108.5682,13.7158],[108.5727,13.72],[108.5761,13.7253],[108.5786,13.7276],[108.5788,13.7296],[108.5775,13.7336],[108.5788,13.7376],[108.5817,13.7406],[108.5819,13.7474],[108.5855,13.7502],[108.5896,13.7491],[108.5948,13.7544],[108.5942,13.7573],[108.5952,13.7605],[108.5982,13.7617],[108.5987,13.7646],[108.6009,13.7655],[108.6024,13.768],[108.6046,13.7674],[108.6067,13.7687],[108.6106,13.7751],[108.6139,13.7741],[108.6158,13.7724],[108.623,13.7716],[108.6275,13.7722],[108.6287,13.769],[108.6338,13.7679],[108.6378,13.7691],[108.6399,13.7681],[108.6432,13.7688],[108.6446,13.773],[108.646,13.7729],[108.6488,13.7803],[108.6513,13.7825],[108.6518,13.7864],[108.6479,13.7905],[108.6489,13.7927],[108.6515,13.7943],[108.6538,13.7987],[108.6572,13.799],[108.6576,13.807],[108.6623,13.812],[108.6628,13.8155],[108.6613,13.8166],[108.6618,13.8207],[108.6578,13.8241],[108.6575,13.8279],[108.659,13.831],[108.6513,13.8339],[108.6432,13.8383],[108.6385,13.8415],[108.6371,13.8444],[108.6336,13.8458],[108.6316,13.8423],[108.6298,13.842],[108.6265,13.8451],[108.6267,13.8498],[108.6277,13.8506],[108.6262,13.8551],[108.6242,13.8559],[108.6241,13.8591],[108.6215,13.8603],[108.616,13.8585],[108.6125,13.861],[108.6046,13.8613],[108.6032,13.8651],[108.601,13.8669],[108.6,13.87],[108.5983,13.8719],[108.5983,13.8763],[108.604,13.8792]]]},"properties":{"ma_xa":"23833","ten_xa":"Ya Ma","sap_nhap":"Đăk Tơ Pang, Kông Yang, Ya Ma","tru_so":"đang cập nhật","loai":"Xã","cap":2,"stt":93,"dtich_km2":176.88,"dan_so":8830,"matdo_km2":49.92,"ma_tinh":"52","ten_tinh":"Gia Lai"}}
]}