{"type":"FeatureCollection", "features": [
{"type":"Feature","geometry":{"type":"Polygon","coordinates":[[[106.0118,10.3181],[106.0031,10.3229],[105.9933,10.3298],[105.9882,10.3315],[105.9831,10.331],[105.9758,10.3272],[105.9745,10.3264],[105.9654,10.3179],[105.9574,10.3115],[105.9473,10.3023],[105.9425,10.2991],[105.9366,10.2937],[105.9342,10.2905],[105.9266,10.2837],[105.9317,10.2805],[105.9415,10.2736],[105.9523,10.2647],[105.9582,10.2616],[105.9648,10.2594],[105.9725,10.2601],[105.988,10.2642],[106.0021,10.2647],[106.0131,10.2626],[106.0209,10.2604],[106.0341,10.2569],[106.037,10.259],[106.0349,10.2634],[106.0345,10.2672],[106.0351,10.2721],[106.0319,10.2723],[106.0276,10.2737],[106.0298,10.2788],[106.0283,10.2832],[106.0301,10.2868],[106.0292,10.2897],[106.0312,10.2923],[106.0347,10.2991],[106.0293,10.3022],[106.0241,10.3062],[106.018,10.3128],[106.0118,10.3181]]]},"properties":{"ma_xa":"29584","ten_xa":"An Bình","sap_nhap":"Hòa Ninh, Bình Hòa Phước, Đồng Phú, An Bình","tru_so":"đang cập nhật","loai":"Xã","cap":2,"stt":5,"dtich_km2":61.84,"dan_so":51382,"matdo_km2":830.89,"ma_tinh":"86","ten_tinh":"Vĩnh Long"}},
{"type":"Feature","geometry":{"type":"Polygon","coordinates":[[[106.4415,10.0698],[106.4211,10.0898],[106.4115,10.1015],[106.4031,10.0949],[106.4051,10.0933],[106.3957,10.0932],[106.3896,10.0951],[106.3879,10.0902],[106.3853,10.0901],[106.3824,10.0919],[106.3787,10.0876],[106.3773,10.0878],[106.374,10.0851],[106.3688,10.0876],[106.3677,10.0868],[106.3618,10.0912],[106.3609,10.0936],[106.3579,10.0949],[106.3558,10.0945],[106.3543,10.0968],[106.3516,10.0983],[106.3474,10.094],[106.3403,10.0879],[106.341,10.086],[106.3469,10.0781],[106.3478,10.0698],[106.354,10.0725],[106.3611,10.0775],[106.3639,10.0688],[106.3692,10.0575],[106.3766,10.0644],[106.3832,10.0564],[106.3742,10.0486],[106.3805,10.0385],[106.3891,10.0265],[106.3907,10.0289],[106.3972,10.0328],[106.4089,10.0318],[106.4203,10.0273],[106.4213,10.0273],[106.421,10.0396],[106.4213,10.046],[106.4175,10.0467],[106.4176,10.0496],[106.4246,10.058],[106.428,10.0585],[106.4306,10.0603],[106.4324,10.0567],[106.4358,10.0555],[106.4374,10.0596],[106.4342,10.0661],[106.4356,10.0674],[106.4415,10.0698]]]},"properties":{"ma_xa":"28957","ten_xa":"An Định","sap_nhap":"Tân Trung, Minh Đức, An Định","tru_so":"đang cập nhật","loai":"Xã","cap":2,"stt":96,"dtich_km2":46.59,"dan_so":37688,"matdo_km2":808.93,"ma_tinh":"86","ten_tinh":"Vĩnh Long"}},
{"type":"Feature","geometry":{"type":"Polygon","coordinates":[[[106.512,10.0769],[106.5108,10.0777],[106.5067,10.0752],[106.4991,10.0735],[106.4927,10.0699],[106.4908,10.0724],[106.4705,10.0592],[106.477,10.0503],[106.4859,10.0413],[106.4892,10.0393],[106.4887,10.0357],[106.4827,10.0269],[106.4898,10.0229],[106.4928,10.021],[106.4985,10.0147],[106.5018,10.0118],[106.5096,10.007],[106.5154,10.0043],[106.5323,9.9991],[106.5385,9.9981],[106.5466,9.9974],[106.5595,10.0132],[106.5597,10.0217],[106.5577,10.0213],[106.5565,10.028],[106.5603,10.0302],[106.5647,10.0348],[106.5669,10.0355],[106.5632,10.0417],[106.5599,10.0428],[106.5584,10.0449],[106.561,10.0478],[106.5593,10.0548],[106.5562,10.0571],[106.5545,10.0631],[106.5525,10.0644],[106.5512,10.0639],[106.5452,10.0589],[106.5416,10.0629],[106.5392,10.0609],[106.5354,10.0614],[106.533,10.058],[106.528,10.0614],[106.5258,10.0644],[106.5225,10.0643],[106.5186,10.0704],[106.5154,10.0691],[106.5114,10.0694],[106.512,10.0769]]]},"properties":{"ma_xa":"29158","ten_xa":"An Hiệp","sap_nhap":"Tân Hưng, An Ngãi Tây, An Hiệp","tru_so":"đang cập nhật","loai":"Xã","cap":2,"stt":110,"dtich_km2":56.33,"dan_so":31248,"matdo_km2":554.73,"ma_tinh":"86","ten_tinh":"Vĩnh Long"}},
{"type":"Feature","geometry":{"type":"Polygon","coordinates":[[[106.3952,10.191],[106.3916,10.1945],[106.3897,10.1931],[106.3853,10.1971],[106.3878,10.2006],[106.3909,10.2016],[106.3939,10.2054],[106.3882,10.2107],[106.3903,10.2135],[106.3822,10.2182],[106.3803,10.2208],[106.3866,10.2241],[106.3919,10.223],[106.3931,10.2247],[106.398,10.2256],[106.3997,10.2277],[106.4024,10.2342],[106.3984,10.2346],[106.3877,10.2345],[106.3809,10.2341],[106.3822,10.2366],[106.3828,10.2401],[106.3797,10.2442],[106.3703,10.2429],[106.3714,10.2409],[106.365,10.2383],[106.366,10.2381],[106.3656,10.2332],[106.3663,10.2316],[106.3588,10.2262],[106.3479,10.216],[106.3551,10.2046],[106.3569,10.1973],[106.3588,10.1846],[106.3617,10.1759],[106.3631,10.173],[106.3686,10.1741],[106.3759,10.1725],[106.379,10.1667],[106.3821,10.16],[106.3837,10.1576],[106.3875,10.16],[106.398,10.1654],[106.4021,10.1722],[106.4079,10.1768],[106.4043,10.1796],[106.4014,10.1843],[106.3994,10.1863],[106.3966,10.1874],[106.3952,10.191]]]},"properties":{"ma_xa":"28777","ten_xa":"An Hội","sap_nhap":"An Hội,  Mỹ Thạnh An, Phú Nhuận, Sơn Phú","tru_so":"đang cập nhật","loai":"Phường","cap":2,"stt":77,"dtich_km2":31.9,"dan_so":53476,"matdo_km2":1676.36,"ma_tinh":"86","ten_tinh":"Vĩnh Long"}},
{"type":"Feature","geometry":{"type":"Polygon","coordinates":[[[106.5684,10.0777],[106.5741,10.0854],[106.5742,10.0892],[106.5704,10.0895],[106.5698,10.0956],[106.5748,10.0999],[106.5767,10.1031],[106.5786,10.103],[106.5797,10.1083],[106.5824,10.1146],[106.5814,10.1158],[106.5783,10.1136],[106.5741,10.1158],[106.5732,10.1143],[106.5695,10.1161],[106.5601,10.1176],[106.5601,10.12],[106.5521,10.1229],[106.5447,10.1263],[106.542,10.1217],[106.5374,10.1155],[106.5299,10.1069],[106.5275,10.1012],[106.5168,10.0881],[106.5137,10.0797],[106.512,10.0769],[106.5114,10.0694],[106.5154,10.0691],[106.5186,10.0704],[106.5225,10.0643],[106.5258,10.0644],[106.528,10.0614],[106.533,10.058],[106.5354,10.0614],[106.5392,10.0609],[106.5416,10.0629],[106.5452,10.0589],[106.5512,10.0639],[106.5525,10.0644],[106.5504,10.0657],[106.5542,10.0695],[106.5561,10.0684],[106.5572,10.0647],[106.566,10.072],[106.5658,10.0779],[106.5684,10.0777]]]},"properties":{"ma_xa":"29143","ten_xa":"An Ngãi Trung","sap_nhap":"Mỹ Thạnh (huyện Ba Tri), An Phú Trung, An Ngãi Trung","tru_so":"đang cập nhật","loai":"Xã","cap":2,"stt":109,"dtich_km2":33.87,"dan_so":28941,"matdo_km2":854.47,"ma_tinh":"86","ten_tinh":"Vĩnh Long"}},
{"type":"Feature","geometry":{"type":"Polygon","coordinates":[[[106.0013,9.9091],[105.9963,9.9056],[105.9918,9.9066],[105.9903,9.9041],[105.9862,9.9013],[105.9829,9.9045],[105.9783,9.9106],[105.9768,9.9108],[105.9722,9.9141],[105.9633,9.9222],[105.9597,9.9228],[105.9532,9.9212],[105.9568,9.9171],[105.9611,9.9102],[105.9717,9.8983],[105.9751,9.894],[105.9784,9.8877],[105.9794,9.8846],[105.9897,9.8727],[105.9944,9.868],[105.9964,9.8645],[105.9991,9.856],[106.0054,9.8462],[106.0172,9.8329],[106.0238,9.825],[106.0295,9.8203],[106.0421,9.8115],[106.0491,9.8046],[106.0543,9.8117],[106.0547,9.8136],[106.0518,9.8196],[106.0584,9.8224],[106.0549,9.8324],[106.0535,9.8319],[106.0504,9.8364],[106.0492,9.8429],[106.0594,9.8471],[106.0627,9.8469],[106.0621,9.851],[106.0662,9.8519],[106.0686,9.8543],[106.0716,9.8541],[106.0735,9.8567],[106.0787,9.8594],[106.0786,9.8617],[106.0708,9.8618],[106.0668,9.8598],[106.0627,9.861],[106.0623,9.8652],[106.0563,9.8614],[106.0518,9.8726],[106.0446,9.8764],[106.0316,9.8814],[106.0294,9.8801],[106.0247,9.8839],[106.0194,9.8835],[106.0161,9.8853],[106.0056,9.8885],[106.0079,9.8946],[106.0066,9.897],[106.0078,9.8986],[106.0038,9.907],[106.0013,9.9091]]]},"properties":{"ma_xa":"29317","ten_xa":"An Phú Tân","sap_nhap":"Hòa Tân, An Phú Tân","tru_so":"đang cập nhật","loai":"Xã","cap":2,"stt":52,"dtich_km2":53.91,"dan_so":27473,"matdo_km2":509.61,"ma_tinh":"86","ten_tinh":"Vĩnh Long"}},
{"type":"Feature","geometry":{"type":"Polygon","coordinates":[[[106.6005,9.9158],[106.5947,9.9172],[106.5875,9.9203],[106.5805,9.9276],[106.5775,9.9348],[106.575,9.9377],[106.5715,9.9398],[106.5656,9.9406],[106.5633,9.9426],[106.5614,9.9458],[106.5602,9.944],[106.5513,9.9403],[106.5482,9.9394],[106.5443,9.9407],[106.5367,9.9399],[106.5324,9.9412],[106.5287,9.9414],[106.5294,9.9305],[106.5336,9.9301],[106.533,9.9278],[106.5307,9.9249],[106.529,9.9197],[106.5262,9.9196],[106.5244,9.9088],[106.5254,9.9066],[106.5198,9.9028],[106.5208,9.9012],[106.5165,9.898],[106.5108,9.893],[106.5234,9.8772],[106.533,9.8676],[106.549,9.8557],[106.5522,9.8524],[106.56,9.856],[106.5604,9.8547],[106.5655,9.8497],[106.5719,9.8447],[106.5739,9.8426],[106.5816,9.8489],[106.5891,9.8542],[106.591,9.8577],[106.5923,9.8624],[106.5984,9.8796],[106.6009,9.8849],[106.6012,9.8877],[106.6,9.8925],[106.6038,9.8984],[106.6034,9.9019],[106.6014,9.9062],[106.6002,9.9133],[106.6005,9.9158]]]},"properties":{"ma_xa":"29224","ten_xa":"An Qui","sap_nhap":"An Thuận,cAn Nhơn, An Qui","tru_so":"đang cập nhật","loai":"Xã","cap":2,"stt":101,"dtich_km2":73.53,"dan_so":28342,"matdo_km2":385.45,"ma_tinh":"86","ten_tinh":"Vĩnh Long"}},
{"type":"Feature","geometry":{"type":"Polygon","coordinates":[[[106.217,9.9717],[106.2087,9.9773],[106.2029,9.9817],[106.2019,9.979],[106.1974,9.9774],[106.1602,9.9971],[106.1551,10.0001],[106.1478,10.0007],[106.1346,10.0049],[106.1344,10.0023],[106.1306,9.9909],[106.132,9.9837],[106.1334,9.9814],[106.1317,9.9618],[106.1251,9.9525],[106.1127,9.9384],[106.1163,9.9355],[106.1304,9.9257],[106.1402,9.9197],[106.1529,9.9119],[106.1583,9.9106],[106.1666,9.9112],[106.1784,9.9129],[106.1853,9.9152],[106.1966,9.9199],[106.1976,9.9226],[106.1892,9.9351],[106.1923,9.9381],[106.1943,9.9412],[106.1995,9.9347],[106.2023,9.9377],[106.2107,9.9498],[106.2129,9.9556],[106.2171,9.9635],[106.217,9.9717]]]},"properties":{"ma_xa":"29275","ten_xa":"An Trường","sap_nhap":"Tân Bình (huyện Càng Long), An Trường A, An Trường","tru_so":"đang cập nhật","loai":"Xã","cap":2,"stt":40,"dtich_km2":72.61,"dan_so":45505,"matdo_km2":626.7,"ma_tinh":"86","ten_tinh":"Vĩnh Long"}},
{"type":"Feature","geometry":{"type":"Polygon","coordinates":[[[106.5684,10.0777],[106.5658,10.0779],[106.566,10.072],[106.5572,10.0647],[106.5561,10.0684],[106.5542,10.0695],[106.5504,10.0657],[106.5525,10.0644],[106.5545,10.0631],[106.5562,10.0571],[106.5593,10.0548],[106.561,10.0478],[106.5584,10.0449],[106.5599,10.0428],[106.5632,10.0417],[106.5669,10.0355],[106.5647,10.0348],[106.5603,10.0302],[106.5565,10.028],[106.5577,10.0213],[106.5597,10.0217],[106.5595,10.0132],[106.5466,9.9974],[106.5563,9.9964],[106.5614,9.9949],[106.5674,10.0014],[106.5743,10.0068],[106.5778,10.0068],[106.5816,10.0102],[106.5845,10.009],[106.5912,10.0113],[106.6002,10.0111],[106.6046,10.0166],[106.607,10.0174],[106.6078,10.0203],[106.6101,10.0198],[106.611,10.0231],[106.6163,10.022],[106.617,10.0197],[106.6203,10.0225],[106.6202,10.026],[106.6233,10.0301],[106.6294,10.0263],[106.6353,10.0326],[106.6298,10.0343],[106.6283,10.036],[106.6345,10.0428],[106.6381,10.0429],[106.6411,10.0421],[106.6437,10.0438],[106.6458,10.0476],[106.6463,10.0488],[106.6402,10.0504],[106.6425,10.0557],[106.6289,10.0577],[106.6259,10.0574],[106.6228,10.0583],[106.6191,10.0499],[106.6118,10.0578],[106.6087,10.0553],[106.6057,10.0581],[106.6035,10.0591],[106.6013,10.0577],[106.5983,10.0607],[106.5921,10.07],[106.5878,10.0703],[106.5879,10.0786],[106.5756,10.077],[106.5693,10.0767],[106.5684,10.0777]]]},"properties":{"ma_xa":"29110","ten_xa":"Ba Tri","sap_nhap":"Ba Tri (thị trấn), Vĩnh Hòa (huyện Ba Tri), An Đức, Vĩnh An, An Bình Tây","tru_so":"đang cập nhật","loai":"Xã","cap":2,"stt":106,"dtich_km2":49.47,"dan_so":52154,"matdo_km2":1054.26,"ma_tinh":"86","ten_tinh":"Vĩnh Long"}},
{"type":"Feature","geometry":{"type":"Polygon","coordinates":[[[106.6958,10.0742],[106.6881,10.083],[106.6826,10.0902],[106.6747,10.1041],[106.6719,10.1095],[106.6702,10.1116],[106.6649,10.12],[106.6568,10.1298],[106.6545,10.1319],[106.6526,10.1268],[106.6494,10.126],[106.6476,10.1205],[106.6459,10.1194],[106.6387,10.1039],[106.6409,10.0999],[106.6496,10.0994],[106.6487,10.0947],[106.6439,10.0944],[106.6449,10.0925],[106.6472,10.0846],[106.6425,10.0557],[106.6402,10.0504],[106.6463,10.0488],[106.6458,10.0476],[106.6494,10.0434],[106.6505,10.0408],[106.6497,10.0377],[106.6451,10.0325],[106.6441,10.0292],[106.6396,10.0224],[106.6433,10.0186],[106.6512,10.0132],[106.6535,10.0122],[106.6626,10.0052],[106.6676,10.003],[106.6769,10.0014],[106.6819,10.0066],[106.6884,10.0164],[106.6898,10.0243],[106.6886,10.0287],[106.6867,10.0317],[106.6917,10.0329],[106.6862,10.0405],[106.6849,10.0433],[106.6847,10.0487],[106.687,10.0522],[106.6937,10.0574],[106.6989,10.0652],[106.6981,10.0711],[106.6958,10.0742]]]},"properties":{"ma_xa":"29125","ten_xa":"Bảo Thạnh","sap_nhap":"Bảo Thuận,  Bảo Thạnh","tru_so":"đang cập nhật","loai":"Xã","cap":2,"stt":105,"dtich_km2":62.28,"dan_so":25225,"matdo_km2":405.03,"ma_tinh":"86","ten_tinh":"Vĩnh Long"}},
{"type":"Feature","geometry":{"type":"Polygon","coordinates":[[[106.3251,10.2551],[106.3174,10.2495],[106.3057,10.2559],[106.3019,10.2576],[106.2913,10.2613],[106.2863,10.2621],[106.2789,10.262],[106.2721,10.2608],[106.2635,10.2567],[106.2689,10.2497],[106.2733,10.2466],[106.2791,10.2446],[106.2892,10.2421],[106.2959,10.2396],[106.304,10.2383],[106.3076,10.237],[106.312,10.2342],[106.3222,10.2235],[106.3311,10.2156],[106.3358,10.2108],[106.3422,10.2019],[106.3442,10.1997],[106.3519,10.1966],[106.3549,10.1963],[106.3569,10.1973],[106.3551,10.2046],[106.3479,10.216],[106.3588,10.2262],[106.3663,10.2316],[106.3656,10.2332],[106.366,10.2381],[106.365,10.2383],[106.3598,10.24],[106.3592,10.2425],[106.354,10.2448],[106.3542,10.2485],[106.3527,10.2494],[106.3524,10.2583],[106.3477,10.2583],[106.3459,10.2534],[106.3435,10.2533],[106.3366,10.2479],[106.3334,10.2538],[106.3336,10.2567],[106.3303,10.2578],[106.3279,10.2603],[106.3251,10.2551]]]},"properties":{"ma_xa":"28789","ten_xa":"Bến Tre","sap_nhap":"Phường 7, Bình Phú (thành phố Bến Tre), Thanh Tân","tru_so":"đang cập nhật","loai":"Phường","cap":2,"stt":79,"dtich_km2":31.99,"dan_so":35917,"matdo_km2":1122.76,"ma_tinh":"86","ten_tinh":"Vĩnh Long"}},
{"type":"Feature","geometry":{"type":"Polygon","coordinates":[[[106.6722,10.2283],[106.6715,10.2286],[106.6695,10.2224],[106.6678,10.2194],[106.6609,10.2189],[106.6595,10.2173],[106.663,10.216],[106.6595,10.211],[106.6594,10.2097],[106.6499,10.2081],[106.6463,10.2033],[106.6365,10.1973],[106.6311,10.2014],[106.6298,10.2009],[106.6253,10.1943],[106.6252,10.1914],[106.6232,10.185],[106.6265,10.1858],[106.6262,10.1882],[106.6295,10.188],[106.631,10.1892],[106.633,10.1867],[106.6382,10.1906],[106.6447,10.1795],[106.6469,10.1807],[106.6461,10.1849],[106.6519,10.1888],[106.6571,10.1915],[106.6656,10.1969],[106.669,10.2015],[106.6741,10.1982],[106.6758,10.2],[106.6781,10.1972],[106.6798,10.199],[106.6822,10.1977],[106.6834,10.1931],[106.6855,10.1911],[106.6842,10.1886],[106.6863,10.1851],[106.6864,10.1831],[106.689,10.1774],[106.6926,10.1735],[106.6948,10.1697],[106.6966,10.164],[106.7003,10.1597],[106.7052,10.1606],[106.7093,10.1624],[106.711,10.1619],[106.7149,10.164],[106.7192,10.1564],[106.7248,10.1634],[106.7294,10.1671],[106.7316,10.172],[106.735,10.173],[106.7389,10.1796],[106.7371,10.182],[106.7366,10.1851],[106.7418,10.1949],[106.714,10.2092],[106.7025,10.2167],[106.6954,10.219],[106.6804,10.2253],[106.6722,10.2283]]]},"properties":{"ma_xa":"29050","ten_xa":"Bình Đại","sap_nhap":"Bình Đại (thị trấn), Bình Thới, Bình Thắng","tru_so":"đang cập nhật","loai":"Xã","cap":2,"stt":120,"dtich_km2":44.7,"dan_so":33881,"matdo_km2":757.96,"ma_tinh":"86","ten_tinh":"Vĩnh Long"}},
{"type":"Feature","geometry":{"type":"Polygon","coordinates":[[[105.8596,10.0809],[105.8612,10.0926],[105.8576,10.1028],[105.8515,10.1031],[105.8516,10.1088],[105.8455,10.1],[105.8389,10.0941],[105.831,10.0972],[105.8284,10.0997],[105.8225,10.1],[105.7969,10.106],[105.7957,10.0643],[105.7961,10.0525],[105.7985,10.0492],[105.8031,10.0535],[105.8026,10.0606],[105.8066,10.0622],[105.8116,10.0607],[105.8154,10.058],[105.8191,10.0615],[105.8227,10.0638],[105.8243,10.0681],[105.8361,10.0723],[105.8596,10.0809]]]},"properties":{"ma_xa":"29771","ten_xa":"Bình Minh","sap_nhap":"Thuận An, (1 phần) Thành Phước, Cái Vồn","tru_so":"đang cập nhật","loai":"Phường","cap":2,"stt":33,"dtich_km2":23.86,"dan_so":34193,"matdo_km2":1433.07,"ma_tinh":"86","ten_tinh":"Vĩnh Long"}},
{"type":"Feature","geometry":{"type":"Polygon","coordinates":[[[106.3095,9.9821],[106.307,9.983],[106.3039,9.9873],[106.3005,9.988],[106.2961,9.987],[106.2935,9.9895],[106.2905,9.991],[106.2845,9.991],[106.2819,9.9938],[106.2801,9.999],[106.2741,10.0025],[106.2714,10.0004],[106.2716,9.9975],[106.2689,9.996],[106.2647,9.9982],[106.2615,9.9929],[106.2616,9.9897],[106.2598,9.9886],[106.2554,9.9889],[106.2519,9.9949],[106.2477,10],[106.2447,9.9986],[106.2423,9.9986],[106.2376,9.9932],[106.2369,9.9901],[106.2338,9.9865],[106.2335,9.9821],[106.2288,9.9792],[106.2251,9.9778],[106.2232,9.9734],[106.2197,9.9698],[106.217,9.9717],[106.2171,9.9635],[106.2129,9.9556],[106.2107,9.9498],[106.2172,9.9461],[106.235,9.9344],[106.2359,9.9365],[106.2398,9.9355],[106.2518,9.9312],[106.2489,9.926],[106.2483,9.9225],[106.2528,9.9187],[106.2525,9.9172],[106.2544,9.9159],[106.2592,9.9153],[106.2605,9.9141],[106.2645,9.915],[106.2655,9.9173],[106.2622,9.9235],[106.2656,9.9248],[106.2703,9.9312],[106.2756,9.9343],[106.2792,9.9371],[106.2819,9.9396],[106.2885,9.9417],[106.2913,9.9433],[106.2937,9.9468],[106.2924,9.951],[106.2962,9.9535],[106.3,9.9547],[106.3032,9.9576],[106.3041,9.9617],[106.3059,9.964],[106.3047,9.9681],[106.3079,9.9726],[106.3071,9.9764],[106.3095,9.9821]]]},"properties":{"ma_xa":"29287","ten_xa":"Bình Phú","sap_nhap":"Bình Phú (huyện Càng Long), Đại Phúc, Phương Thạnh","tru_so":"đang cập nhật","loai":"Xã","cap":2,"stt":44,"dtich_km2":59.21,"dan_so":39152,"matdo_km2":661.24,"ma_tinh":"86","ten_tinh":"Vĩnh Long"}},
{"type":"Feature","geometry":{"type":"Polygon","coordinates":[[[106.0189,10.2268],[106.0137,10.2255],[106.009,10.2295],[106.0035,10.2287],[106.0024,10.2265],[105.9986,10.2237],[106.0028,10.2166],[106.0031,10.2146],[106.001,10.2121],[106.0018,10.21],[106.0055,10.2073],[106.0105,10.1971],[106.0124,10.1947],[106.0161,10.1927],[106.0199,10.1934],[106.0232,10.1927],[106.0234,10.1904],[106.0205,10.1854],[106.0234,10.1832],[106.0227,10.1815],[106.025,10.178],[106.0239,10.1704],[106.0229,10.1707],[106.0205,10.1633],[106.0215,10.1595],[106.023,10.1589],[106.0291,10.1692],[106.0345,10.168],[106.0455,10.1671],[106.0563,10.1655],[106.0688,10.1634],[106.0808,10.1668],[106.0806,10.1688],[106.0735,10.1735],[106.0751,10.1756],[106.0708,10.1792],[106.0707,10.1826],[106.0716,10.1852],[106.0702,10.1855],[106.0665,10.1914],[106.0635,10.1948],[106.0582,10.1975],[106.0616,10.2048],[106.0571,10.2058],[106.0542,10.2121],[106.053,10.213],[106.0525,10.2208],[106.0493,10.2216],[106.043,10.2209],[106.0319,10.2177],[106.0288,10.2259],[106.0272,10.2235],[106.0241,10.2253],[106.022,10.2237],[106.0189,10.2268]]]},"properties":{"ma_xa":"29638","ten_xa":"Bình Phước","sap_nhap":"Long Mỹ (huyện Mang Thít), Hòa Tịnh, Bình Phước","tru_so":"đang cập nhật","loai":"Xã","cap":2,"stt":4,"dtich_km2":35.67,"dan_so":29418,"matdo_km2":824.73,"ma_tinh":"86","ten_tinh":"Vĩnh Long"}},
{"type":"Feature","geometry":{"type":"Polygon","coordinates":[[[106.0113,10.135],[106.0042,10.1335],[106.0047,10.1357],[105.9995,10.1413],[105.9958,10.1482],[105.9928,10.1476],[105.9851,10.15],[105.9714,10.1584],[105.9642,10.1641],[105.9604,10.1659],[105.9584,10.1607],[105.9561,10.1582],[105.9531,10.158],[105.9497,10.1519],[105.9492,10.1447],[105.948,10.1431],[105.9428,10.1422],[105.9273,10.147],[105.9275,10.1412],[105.9305,10.1234],[105.9299,10.121],[105.9324,10.1135],[105.9286,10.1019],[105.9248,10.1028],[105.9243,10.0985],[105.9223,10.0956],[105.9183,10.0868],[105.9285,10.0816],[105.9279,10.08],[105.9392,10.0793],[105.937,10.0725],[105.935,10.0694],[105.9457,10.069],[105.9571,10.0735],[105.9613,10.0745],[105.9644,10.0766],[105.9641,10.0786],[105.9673,10.0791],[105.9671,10.0826],[105.9691,10.0833],[105.9749,10.0818],[105.9756,10.0858],[105.9772,10.0892],[105.9815,10.0878],[105.9838,10.0952],[105.9868,10.0935],[105.9899,10.0944],[105.9931,10.0911],[105.9978,10.0955],[105.9966,10.0992],[105.9964,10.1038],[105.9993,10.1071],[106.0017,10.1119],[106.0001,10.1146],[106.0072,10.1271],[106.0102,10.1319],[106.0113,10.135]]]},"properties":{"ma_xa":"29728","ten_xa":"Cái Ngang","sap_nhap":"Mỹ Lộc, Tân Lộc, Hậu Lộc, Phú Lộc","tru_so":"đang cập nhật","loai":"Xã","cap":2,"stt":29,"dtich_km2":63.14,"dan_so":36654,"matdo_km2":580.52,"ma_tinh":"86","ten_tinh":"Vĩnh Long"}},
{"type":"Feature","geometry":{"type":"Polygon","coordinates":[[[106.1411,10.215],[106.1328,10.2246],[106.1283,10.2281],[106.1197,10.2335],[106.1053,10.2392],[106.1027,10.2336],[106.106,10.2305],[106.1053,10.2226],[106.1032,10.2221],[106.1024,10.2187],[106.0975,10.2122],[106.0967,10.2079],[106.0922,10.2049],[106.0932,10.2033],[106.0894,10.1995],[106.0822,10.1957],[106.0743,10.1912],[106.0716,10.1852],[106.0707,10.1826],[106.0708,10.1792],[106.0751,10.1756],[106.0735,10.1735],[106.0806,10.1688],[106.0808,10.1668],[106.0907,10.1697],[106.1023,10.1734],[106.1042,10.1696],[106.1072,10.1712],[106.1115,10.1714],[106.1187,10.1758],[106.1216,10.175],[106.1242,10.1708],[106.1251,10.1674],[106.1271,10.1648],[106.1339,10.1625],[106.145,10.1609],[106.1514,10.1565],[106.1537,10.1566],[106.158,10.1598],[106.1636,10.1647],[106.1683,10.1649],[106.1707,10.161],[106.1726,10.1638],[106.1767,10.1763],[106.1739,10.1794],[106.1671,10.1887],[106.1618,10.193],[106.1557,10.1954],[106.1492,10.1991],[106.1471,10.2008],[106.1427,10.2064],[106.1414,10.211],[106.1411,10.215]]]},"properties":{"ma_xa":"29641","ten_xa":"Cái Nhum","sap_nhap":"An Phước (huyện Mang Thít), Chánh An, Cái Nhum (thị trấn)","tru_so":"đang cập nhật","loai":"Xã","cap":2,"stt":1,"dtich_km2":52.45,"dan_so":38538,"matdo_km2":734.76,"ma_tinh":"86","ten_tinh":"Vĩnh Long"}},
{"type":"Feature","geometry":{"type":"Polygon","coordinates":[[[105.8824,9.9904],[105.8754,9.9916],[105.8709,9.9994],[105.8664,10.0013],[105.862,10.0046],[105.8592,10.0054],[105.8556,10.0042],[105.8542,10.0054],[105.8534,10.0091],[105.8502,10.0112],[105.8454,10.0169],[105.8422,10.0198],[105.8392,10.0255],[105.8345,10.0291],[105.833,10.0359],[105.8312,10.0404],[105.8286,10.044],[105.8282,10.0488],[105.8256,10.0568],[105.8227,10.0638],[105.8191,10.0615],[105.8154,10.058],[105.8116,10.0607],[105.8066,10.0622],[105.8026,10.0606],[105.8031,10.0535],[105.7985,10.0492],[105.8004,10.0468],[105.8135,10.0302],[105.8153,10.0271],[105.8205,10.012],[105.8264,10.0052],[105.8305,9.999],[105.8336,9.9958],[105.8371,9.9975],[105.8455,9.9986],[105.85,9.9977],[105.8548,9.9952],[105.866,9.9919],[105.8704,9.9895],[105.8792,9.9862],[105.8829,9.9843],[105.884,9.987],[105.8887,9.9879],[105.8824,9.9904]]]},"properties":{"ma_xa":"29770","ten_xa":"Cái Vồn","sap_nhap":"Mỹ Hòa (thị xã Bình Minh), Ngãi Tứ (1 phần), Thành Phước (1 phần), Cái Vồn","tru_so":"đang cập nhật","loai":"Phường","cap":2,"stt":34,"dtich_km2":26.52,"dan_so":36031,"matdo_km2":1358.63,"ma_tinh":"86","ten_tinh":"Vĩnh Long"}},
{"type":"Feature","geometry":{"type":"Polygon","coordinates":[[[106.217,9.9717],[106.2177,9.9809],[106.2195,9.9831],[106.2191,9.9848],[106.2208,9.9908],[106.2257,9.9899],[106.2326,10.0041],[106.2344,10.0086],[106.2377,10.0146],[106.2456,10.0113],[106.2457,10.0171],[106.2443,10.0201],[106.2479,10.0225],[106.2501,10.0171],[106.2601,10.0203],[106.2615,10.0192],[106.2699,10.0249],[106.2745,10.0214],[106.278,10.0265],[106.2767,10.029],[106.2718,10.033],[106.2653,10.035],[106.2644,10.0365],[106.259,10.034],[106.2547,10.0398],[106.2481,10.0406],[106.2462,10.0414],[106.243,10.0454],[106.2421,10.0487],[106.2387,10.049],[106.2356,10.0508],[106.231,10.0419],[106.2314,10.0293],[106.2321,10.0233],[106.2291,10.0202],[106.2241,10.018],[106.2214,10.0147],[106.2148,10.0147],[106.211,10.0087],[106.2085,10.0089],[106.2067,10.0118],[106.2037,10.01],[106.1986,10.0151],[106.1948,10.0248],[106.19,10.0263],[106.1873,10.0254],[106.1721,10.0222],[106.1509,10.0177],[106.1348,10.0239],[106.1346,10.0049],[106.1478,10.0007],[106.1551,10.0001],[106.1602,9.9971],[106.1974,9.9774],[106.2019,9.979],[106.2029,9.9817],[106.2087,9.9773],[106.217,9.9717]]]},"properties":{"ma_xa":"29266","ten_xa":"Càng Long","sap_nhap":"Càng Long (thị trấn), Mỹ Cẩm, Nhị Long Phú","tru_so":"đang cập nhật","loai":"Xã","cap":2,"stt":42,"dtich_km2":46.87,"dan_so":41542,"matdo_km2":886.32,"ma_tinh":"86","ten_tinh":"Vĩnh Long"}},
{"type":"Feature","geometry":{"type":"Polygon","coordinates":[[[106.1283,9.902],[106.1271,9.9043],[106.1217,9.9023],[106.1203,9.903],[106.1164,9.9023],[106.0956,9.8972],[106.0948,9.8976],[106.0885,9.8944],[106.0877,9.8947],[106.0893,9.9017],[106.0911,9.9017],[106.0928,9.9043],[106.0932,9.9089],[106.0947,9.9113],[106.0942,9.9143],[106.0896,9.9146],[106.0872,9.9194],[106.0823,9.9203],[106.0769,9.9187],[106.0769,9.9144],[106.0676,9.9148],[106.0645,9.914],[106.0613,9.9118],[106.0573,9.9109],[106.0523,9.9111],[106.0525,9.909],[106.0503,9.8972],[106.0491,9.8947],[106.0498,9.8902],[106.0486,9.8852],[106.0454,9.8831],[106.0469,9.8805],[106.0446,9.8764],[106.0518,9.8726],[106.0563,9.8614],[106.0623,9.8652],[106.0627,9.861],[106.0668,9.8598],[106.0708,9.8618],[106.0786,9.8617],[106.0787,9.8594],[106.0735,9.8567],[106.0716,9.8541],[106.0686,9.8543],[106.0662,9.8519],[106.0621,9.851],[106.0627,9.8469],[106.0594,9.8471],[106.0492,9.8429],[106.0504,9.8364],[106.0535,9.8319],[106.0549,9.8324],[106.0584,9.8224],[106.0667,9.8252],[106.0678,9.8271],[106.0716,9.8289],[106.0742,9.8326],[106.0722,9.8385],[106.0753,9.8402],[106.0785,9.8397],[106.0802,9.844],[106.0823,9.8442],[106.0835,9.8483],[106.0851,9.8488],[106.0883,9.8536],[106.096,9.8592],[106.1011,9.8613],[106.1045,9.8659],[106.1073,9.8626],[106.1101,9.8614],[106.1155,9.8577],[106.1175,9.8587],[106.1176,9.8629],[106.1243,9.8692],[106.1344,9.8779],[106.1358,9.8784],[106.136,9.8808],[106.1348,9.8864],[106.1283,9.902]]]},"properties":{"ma_xa":"29308","ten_xa":"Cầu Kè","sap_nhap":"Cầu Kè (thị trấn ), Hòa Ân, Châu Điền","tru_so":"đang cập nhật","loai":"Xã","cap":2,"stt":50,"dtich_km2":54.12,"dan_so":35491,"matdo_km2":655.78,"ma_tinh":"86","ten_tinh":"Vĩnh Long"}},
{"type":"Feature","geometry":{"type":"Polygon","coordinates":[[[106.4719,9.8239],[106.469,9.8212],[106.4598,9.8166],[106.4595,9.8183],[106.4539,9.8186],[106.4538,9.8175],[106.4483,9.8177],[106.4461,9.8201],[106.4493,9.8224],[106.4452,9.8238],[106.4457,9.8279],[106.4381,9.8313],[106.4335,9.8263],[106.434,9.8194],[106.4329,9.8149],[106.4307,9.8057],[106.4279,9.8001],[106.4302,9.7976],[106.4313,9.7913],[106.4289,9.7904],[106.4246,9.784],[106.4211,9.783],[106.4206,9.7804],[106.4185,9.778],[106.4167,9.774],[106.4136,9.7644],[106.4146,9.7636],[106.4273,9.7637],[106.4376,9.7651],[106.4411,9.7665],[106.445,9.7734],[106.4527,9.7724],[106.4618,9.7725],[106.463,9.7696],[106.4651,9.7686],[106.47,9.7696],[106.4761,9.769],[106.4767,9.7711],[106.4795,9.7744],[106.4811,9.7797],[106.4866,9.7833],[106.4909,9.7834],[106.4881,9.7914],[106.4896,9.7933],[106.4852,9.7951],[106.4806,9.7942],[106.4804,9.7962],[106.4783,9.7997],[106.4758,9.8148],[106.476,9.8212],[106.4719,9.8239]]]},"properties":{"ma_xa":"29416","ten_xa":"Cầu Ngang","sap_nhap":"Mỹ Hòa (huyện Cầu Ngang), Thuận Hòa, Cầu Ngang (thị trấn)","tru_so":"đang cập nhật","loai":"Xã","cap":2,"stt":60,"dtich_km2":35.32,"dan_so":28986,"matdo_km2":820.67,"ma_tinh":"86","ten_tinh":"Vĩnh Long"}},
{"type":"Feature","geometry":{"type":"Polygon","coordinates":[[[106.5546,10.2012],[106.5415,10.2037],[106.5314,10.2085],[106.5261,10.2119],[106.5077,10.2249],[106.5018,10.2283],[106.4919,10.2349],[106.4908,10.2337],[106.4912,10.2301],[106.4878,10.2282],[106.4868,10.2243],[106.4847,10.2241],[106.4846,10.2212],[106.4794,10.2239],[106.477,10.2185],[106.4738,10.2189],[106.4711,10.2166],[106.4703,10.213],[106.4592,10.218],[106.4563,10.2112],[106.4618,10.2087],[106.4617,10.2002],[106.4647,10.1972],[106.4611,10.1932],[106.4634,10.1889],[106.4648,10.1889],[106.4703,10.1852],[106.474,10.1805],[106.4752,10.1812],[106.4785,10.1796],[106.4808,10.1874],[106.4833,10.1886],[106.4842,10.193],[106.4898,10.1994],[106.4957,10.1975],[106.4985,10.1942],[106.5001,10.194],[106.5036,10.1864],[106.5098,10.1908],[106.5125,10.1916],[106.5152,10.1908],[106.5178,10.1863],[106.5201,10.1887],[106.5276,10.177],[106.5309,10.1786],[106.5351,10.1683],[106.5407,10.1568],[106.546,10.1582],[106.5472,10.156],[106.5517,10.1519],[106.5556,10.1491],[106.5626,10.1568],[106.5653,10.1587],[106.5691,10.1597],[106.5857,10.1607],[106.5868,10.1638],[106.5824,10.1679],[106.5787,10.173],[106.5773,10.1766],[106.5765,10.1819],[106.5781,10.1863],[106.5683,10.1948],[106.5633,10.1979],[106.5579,10.2004],[106.5546,10.2012]]]},"properties":{"ma_xa":"28996","ten_xa":"Châu Hòa","sap_nhap":"Châu Bình, Lương Quới, Châu Hòa","tru_so":"đang cập nhật","loai":"Xã","cap":2,"stt":116,"dtich_km2":52.05,"dan_so":28425,"matdo_km2":546.11,"ma_tinh":"86","ten_tinh":"Vĩnh Long"}},
{"type":"Feature","geometry":{"type":"Polygon","coordinates":[[[106.5036,10.2571],[106.4993,10.2575],[106.4959,10.2546],[106.4927,10.2547],[106.4913,10.2522],[106.4775,10.2596],[106.4751,10.2602],[106.4766,10.265],[106.4676,10.2711],[106.4447,10.2824],[106.4415,10.2723],[106.4399,10.2655],[106.443,10.2636],[106.4486,10.2563],[106.4512,10.2541],[106.4569,10.2514],[106.4635,10.249],[106.475,10.2461],[106.4806,10.2435],[106.4846,10.2409],[106.4919,10.2349],[106.5018,10.2283],[106.5077,10.2249],[106.5261,10.2119],[106.5314,10.2085],[106.5415,10.2037],[106.5546,10.2012],[106.5582,10.2082],[106.5594,10.212],[106.5614,10.2141],[106.559,10.2162],[106.5617,10.222],[106.5627,10.2292],[106.5498,10.2298],[106.5451,10.2331],[106.543,10.2357],[106.537,10.2381],[106.5378,10.2396],[106.5294,10.2415],[106.5274,10.2431],[106.5199,10.2397],[106.5198,10.2359],[106.5118,10.2408],[106.513,10.2428],[106.5114,10.2447],[106.5119,10.2479],[106.5105,10.2493],[106.5109,10.2528],[106.5077,10.2533],[106.5071,10.258],[106.5036,10.2571]]]},"properties":{"ma_xa":"29083","ten_xa":"Châu Hưng","sap_nhap":"Long Hòa (huyện Bình Đại), Thới Lai, Châu Hưng","tru_so":"đang cập nhật","loai":"Xã","cap":2,"stt":123,"dtich_km2":35.22,"dan_so":23229,"matdo_km2":659.54,"ma_tinh":"86","ten_tinh":"Vĩnh Long"}},
{"type":"Feature","geometry":{"type":"Polygon","coordinates":[[[106.3804,9.849],[106.379,9.8586],[106.3791,9.8683],[106.381,9.8687],[106.3821,9.8718],[106.3796,9.8778],[106.3792,9.8803],[106.3773,9.8824],[106.3784,9.8843],[106.3766,9.8942],[106.3695,9.8912],[106.3666,9.8907],[106.3669,9.8888],[106.3586,9.8877],[106.3575,9.8894],[106.3485,9.8866],[106.3467,9.89],[106.335,9.889],[106.3275,9.8882],[106.3278,9.8857],[106.3299,9.8831],[106.3232,9.882],[106.3253,9.8784],[106.321,9.8771],[106.3225,9.871],[106.3161,9.87],[106.3122,9.8705],[106.3105,9.8679],[106.3065,9.8499],[106.3054,9.8499],[106.2901,9.8428],[106.2865,9.8415],[106.28,9.8377],[106.2789,9.8371],[106.2807,9.831],[106.2854,9.82],[106.2828,9.8151],[106.2833,9.81],[106.2871,9.8058],[106.2892,9.8063],[106.3027,9.8022],[106.3046,9.7968],[106.3071,9.7952],[106.3105,9.7949],[106.3097,9.7987],[106.3152,9.7973],[106.3203,9.7934],[106.3362,9.7936],[106.3401,9.7958],[106.3431,9.7942],[106.3494,9.7922],[106.3533,9.7937],[106.3563,9.7938],[106.3565,9.796],[106.3608,9.8028],[106.3695,9.8121],[106.3778,9.8149],[106.3785,9.8175],[106.3793,9.8248],[106.3804,9.849]]]},"properties":{"ma_xa":"29374","ten_xa":"Châu Thành","sap_nhap":"Châu Thành (thị trấn), Mỹ Chánh, Thanh Mỹ, Đa Lộc","tru_so":"đang cập nhật","loai":"Xã","cap":2,"stt":46,"dtich_km2":87.41,"dan_so":50560,"matdo_km2":578.42,"ma_tinh":"86","ten_tinh":"Vĩnh Long"}},
{"type":"Feature","geometry":{"type":"Polygon","coordinates":[[[106.1413,10.2832],[106.14,10.2825],[106.1312,10.2834],[106.1262,10.2845],[106.126,10.2785],[106.118,10.2629],[106.1164,10.2625],[106.116,10.2594],[106.1184,10.2586],[106.1237,10.2461],[106.1339,10.2387],[106.1324,10.2366],[106.1283,10.2281],[106.1328,10.2246],[106.1411,10.215],[106.1489,10.2135],[106.1573,10.2127],[106.1634,10.2166],[106.1621,10.2205],[106.1648,10.2217],[106.1655,10.2236],[106.1686,10.2255],[106.1738,10.2263],[106.1778,10.2231],[106.1768,10.217],[106.1782,10.2142],[106.1817,10.2118],[106.1862,10.2133],[106.1904,10.2122],[106.1924,10.2144],[106.1981,10.2127],[106.2038,10.2098],[106.2066,10.2093],[106.2087,10.2023],[106.2105,10.2033],[106.2089,10.2094],[106.2102,10.213],[106.2119,10.2143],[106.2094,10.2168],[106.212,10.2232],[106.2155,10.2261],[106.2119,10.2265],[106.2119,10.2305],[106.2081,10.2337],[106.2101,10.2355],[106.2109,10.2401],[106.2024,10.2429],[106.1931,10.249],[106.1884,10.2534],[106.1837,10.2548],[106.1768,10.2557],[106.1679,10.2604],[106.161,10.2655],[106.1508,10.2745],[106.1455,10.2785],[106.1413,10.2832]]]},"properties":{"ma_xa":"28870","ten_xa":"Chợ Lách","sap_nhap":"Long Thới (huyện Chợ Lách), Hòa Nghĩa, Chợ Lách (thị trấn)","tru_so":"đang cập nhật","loai":"Xã","cap":2,"stt":87,"dtich_km2":49.72,"dan_so":44316,"matdo_km2":891.31,"ma_tinh":"86","ten_tinh":"Vĩnh Long"}},
{"type":"Feature","geometry":{"type":"Polygon","coordinates":[[[106.3213,9.6491],[106.3172,9.6482],[106.3099,9.6482],[106.3069,9.6488],[106.3064,9.652],[106.3046,9.6528],[106.3015,9.6508],[106.2976,9.6495],[106.2932,9.65],[106.2903,9.6484],[106.2868,9.6489],[106.2859,9.6503],[106.282,9.6489],[106.2809,9.6464],[106.2777,9.6458],[106.2782,9.6487],[106.2732,9.6515],[106.2698,9.646],[106.265,9.6454],[106.2619,9.6442],[106.2585,9.6446],[106.2527,9.6385],[106.2504,9.6351],[106.24,9.6241],[106.244,9.6196],[106.2497,9.6151],[106.2607,9.61],[106.2733,9.6037],[106.2774,9.6068],[106.2823,9.6095],[106.2855,9.6105],[106.306,9.614],[106.315,9.6161],[106.3241,9.6178],[106.3231,9.6224],[106.3172,9.6397],[106.3167,9.6433],[106.3218,9.6453],[106.3213,9.6491]]]},"properties":{"ma_xa":"29491","ten_xa":"Đại An","sap_nhap":"Định An (thị trấn), Định An, Đại An","tru_so":"đang cập nhật","loai":"Xã","cap":2,"stt":64,"dtich_km2":32.32,"dan_so":22672,"matdo_km2":701.49,"ma_tinh":"86","ten_tinh":"Vĩnh Long"}},
{"type":"Feature","geometry":{"type":"Polygon","coordinates":[[[106.4736,10.0355],[106.4553,10.0558],[106.4483,10.063],[106.4415,10.0698],[106.4356,10.0674],[106.4342,10.0661],[106.4374,10.0596],[106.4358,10.0555],[106.4324,10.0567],[106.4306,10.0603],[106.428,10.0585],[106.4246,10.058],[106.4176,10.0496],[106.4175,10.0467],[106.4213,10.046],[106.421,10.0396],[106.4213,10.0273],[106.4203,10.0273],[106.4197,10.0255],[106.415,10.0199],[106.4143,10.018],[106.4157,10.0127],[106.4149,10.0116],[106.4136,9.9981],[106.42,9.998],[106.4219,9.9972],[106.4218,9.9929],[106.4188,9.9912],[106.4249,9.9888],[106.4242,9.9868],[106.4216,9.9857],[106.4202,9.9836],[106.4172,9.9834],[106.414,9.9771],[106.4113,9.976],[106.41,9.9711],[106.4065,9.9695],[106.3992,9.9676],[106.4,9.9671],[106.4106,9.959],[106.4189,9.9533],[106.4296,9.9471],[106.4406,9.9424],[106.4445,9.9462],[106.445,9.9486],[106.443,9.9525],[106.4482,9.9578],[106.4508,9.9581],[106.4559,9.9599],[106.4574,9.9639],[106.4603,9.9669],[106.4591,9.9692],[106.4497,9.9728],[106.4517,9.9777],[106.4582,9.9954],[106.464,9.9925],[106.465,10.0059],[106.4656,10.0088],[106.4654,10.0203],[106.4597,10.0208],[106.4597,10.0261],[106.4637,10.0279],[106.4664,10.0306],[106.4736,10.0355]]]},"properties":{"ma_xa":"29194","ten_xa":"Đại Điền","sap_nhap":"Phú Khánh, Tân Phong, Thới Thạnh, Đại Điền","tru_so":"đang cập nhật","loai":"Xã","cap":2,"stt":98,"dtich_km2":59.26,"dan_so":37267,"matdo_km2":628.87,"ma_tinh":"86","ten_tinh":"Vĩnh Long"}},
{"type":"Feature","geometry":{"type":"Polygon","coordinates":[[[106.4064,9.6311],[106.4082,9.6402],[106.407,9.6458],[106.4078,9.6478],[106.4073,9.6517],[106.408,9.6558],[106.4055,9.6565],[106.404,9.6668],[106.3989,9.6649],[106.3975,9.6703],[106.3956,9.6753],[106.3961,9.6771],[106.4006,9.6789],[106.4025,9.6825],[106.3998,9.6908],[106.3946,9.699],[106.3768,9.6917],[106.3618,9.6853],[106.3543,9.6824],[106.3351,9.6758],[106.3256,9.6725],[106.3271,9.666],[106.3277,9.659],[106.3294,9.6544],[106.3213,9.6491],[106.3218,9.6453],[106.3167,9.6433],[106.3172,9.6397],[106.3231,9.6224],[106.3241,9.6178],[106.3406,9.6206],[106.3619,9.625],[106.3944,9.6309],[106.3989,9.6319],[106.4063,9.6311],[106.4064,9.6311]]]},"properties":{"ma_xa":"29497","ten_xa":"Đôn Châu","sap_nhap":"Đôn Xuân, Đôn Châu ","tru_so":"đang cập nhật","loai":"Xã","cap":2,"stt":75,"dtich_km2":58.93,"dan_so":32050,"matdo_km2":543.87,"ma_tinh":"86","ten_tinh":"Vĩnh Long"}},
{"type":"Feature","geometry":{"type":"Polygon","coordinates":[[[106.519,9.5713],[106.4845,9.6014],[106.4742,9.5966],[106.4682,9.5964],[106.4662,9.594],[106.4645,9.5937],[106.4684,9.5796],[106.4715,9.5755],[106.4584,9.5684],[106.4547,9.5728],[106.4497,9.5709],[106.446,9.5702],[106.444,9.5675],[106.4419,9.5677],[106.4336,9.5647],[106.4341,9.5726],[106.4317,9.5751],[106.4294,9.5737],[106.4253,9.5768],[106.4247,9.5787],[106.4252,9.5828],[106.4235,9.5858],[106.4182,9.5845],[106.4147,9.5857],[106.4111,9.5823],[106.4045,9.5732],[106.4039,9.5691],[106.4021,9.567],[106.3997,9.5668],[106.3972,9.5689],[106.3947,9.5671],[106.3914,9.5665],[106.3889,9.5616],[106.3911,9.5585],[106.3941,9.5563],[106.393,9.5528],[106.3908,9.5507],[106.3907,9.5448],[106.3976,9.5389],[106.3943,9.5356],[106.3895,9.5334],[106.3858,9.5343],[106.3817,9.5322],[106.3751,9.5314],[106.3712,9.5331],[106.3697,9.5334],[106.3668,9.5302],[106.3675,9.5284],[106.3732,9.5274],[106.3808,9.5287],[106.3929,9.532],[106.4017,9.5356],[106.4074,9.5358],[106.4107,9.5332],[106.4082,9.5292],[106.4129,9.5272],[106.4243,9.5281],[106.433,9.5303],[106.4483,9.5362],[106.4573,9.539],[106.4674,9.5416],[106.4757,9.5449],[106.4824,9.5483],[106.492,9.5526],[106.4991,9.558],[106.5163,9.5692],[106.519,9.5713]]]},"properties":{"ma_xa":"29536","ten_xa":"Đông Hải","sap_nhap":"Đông Hải","tru_so":"đang cập nhật","loai":"Xã","cap":2,"stt":73,"dtich_km2":68.91,"dan_so":14222,"matdo_km2":206.39,"ma_tinh":"86","ten_tinh":"Vĩnh Long"}},
{"type":"Feature","geometry":{"type":"Polygon","coordinates":[[[106.4101,10.1031],[106.408,10.1054],[106.3958,10.1167],[106.388,10.1266],[106.3768,10.1442],[106.3718,10.1547],[106.3659,10.1661],[106.3631,10.173],[106.3617,10.1759],[106.3574,10.1739],[106.3565,10.1706],[106.3536,10.167],[106.3516,10.1665],[106.3444,10.167],[106.3412,10.1661],[106.3338,10.1649],[106.3351,10.1575],[106.3366,10.1534],[106.3371,10.1499],[106.3377,10.146],[106.3368,10.1401],[106.3366,10.1332],[106.348,10.1378],[106.3492,10.1367],[106.3497,10.1302],[106.3446,10.129],[106.3403,10.1202],[106.3436,10.116],[106.3594,10.1046],[106.3576,10.1011],[106.3579,10.0949],[106.3609,10.0936],[106.3618,10.0912],[106.3677,10.0868],[106.3688,10.0876],[106.374,10.0851],[106.3773,10.0878],[106.3787,10.0876],[106.3824,10.0919],[106.3853,10.0901],[106.3879,10.0902],[106.3896,10.0951],[106.3957,10.0932],[106.4051,10.0933],[106.4031,10.0949],[106.4115,10.1015],[106.4101,10.1031]]]},"properties":{"ma_xa":"28945","ten_xa":"Đồng Khởi","sap_nhap":"Định Thủy, Phước Hiệp, Bình Khánh","tru_so":"đang cập nhật","loai":"Xã","cap":2,"stt":93,"dtich_km2":41.12,"dan_so":35384,"matdo_km2":860.51,"ma_tinh":"86","ten_tinh":"Vĩnh Long"}},
{"type":"Feature","geometry":{"type":"Polygon","coordinates":[[[105.8861,10.0536],[105.8793,10.0517],[105.8765,10.0496],[105.8701,10.0525],[105.8654,10.0558],[105.8621,10.0688],[105.8596,10.0809],[105.8361,10.0723],[105.8243,10.0681],[105.8227,10.0638],[105.8256,10.0568],[105.8282,10.0488],[105.8286,10.044],[105.8312,10.0404],[105.833,10.0359],[105.8345,10.0291],[105.8392,10.0255],[105.8422,10.0198],[105.8454,10.0169],[105.8502,10.0112],[105.8534,10.0091],[105.8542,10.0054],[105.8556,10.0042],[105.8592,10.0054],[105.862,10.0046],[105.8664,10.0013],[105.8709,9.9994],[105.8754,9.9916],[105.8824,9.9904],[105.8832,9.9931],[105.8892,10.0048],[105.8941,10.0133],[105.8976,10.0129],[105.8956,10.0205],[105.8924,10.0204],[105.8936,10.0328],[105.8926,10.0396],[105.8895,10.047],[105.8861,10.0536]]]},"properties":{"ma_xa":"29812","ten_xa":"Đông Thành","sap_nhap":"Đông Thuận, Đông Bình, Đông Thạnh, Đông Thành","tru_so":"đang cập nhật","loai":"Phường","cap":2,"stt":35,"dtich_km2":44.35,"dan_so":41793,"matdo_km2":942.34,"ma_tinh":"86","ten_tinh":"Vĩnh Long"}},
{"type":"Feature","geometry":{"type":"Polygon","coordinates":[[[106.5032,9.6777],[106.4996,9.6776],[106.4935,9.6729],[106.4908,9.6723],[106.4892,9.6691],[106.4923,9.6641],[106.4868,9.6636],[106.4838,9.6619],[106.4725,9.6603],[106.4642,9.6579],[106.4604,9.6578],[106.4573,9.6559],[106.4569,9.6522],[106.4516,9.6514],[106.4409,9.6535],[106.4398,9.6438],[106.4421,9.6393],[106.4417,9.6351],[106.4419,9.6264],[106.4444,9.6258],[106.4579,9.6243],[106.4654,9.6212],[106.4748,9.6116],[106.4692,9.6088],[106.4742,9.5966],[106.4845,9.6014],[106.519,9.5713],[106.52,9.5737],[106.5253,9.5773],[106.5259,9.5767],[106.5339,9.5856],[106.5438,9.5981],[106.5413,9.6026],[106.5397,9.6041],[106.5397,9.6075],[106.5419,9.614],[106.5434,9.6165],[106.5406,9.6216],[106.5401,9.624],[106.5406,9.6293],[106.5384,9.6312],[106.5328,9.6319],[106.5287,9.6347],[106.5246,9.6343],[106.5252,9.6375],[106.5281,9.6474],[106.531,9.6549],[106.5276,9.6554],[106.5245,9.6533],[106.5228,9.6545],[106.5176,9.6524],[106.5141,9.6518],[106.512,9.6551],[106.5066,9.6576],[106.5034,9.652],[106.5018,9.655],[106.5084,9.6634],[106.5116,9.668],[106.5096,9.668],[106.5032,9.6777]]]},"properties":{"ma_xa":"29512","ten_xa":"Duyên Hải","sap_nhap":"Phường 1(thị xã Duyên Hải), Long Toàn, Dân Thành","tru_so":"đang cập nhật","loai":"Phường","cap":2,"stt":69,"dtich_km2":69.63,"dan_so":24356,"matdo_km2":349.79,"ma_tinh":"86","ten_tinh":"Vĩnh Long"}},
{"type":"Feature","geometry":{"type":"Polygon","coordinates":[[[106.4483,10.3065],[106.4448,10.3092],[106.4341,10.3139],[106.4263,10.3188],[106.4163,10.326],[106.4079,10.331],[106.3986,10.3357],[106.3873,10.339],[106.3853,10.3295],[106.3814,10.3189],[106.3797,10.321],[106.3764,10.3207],[106.3734,10.3169],[106.3706,10.3083],[106.3653,10.3091],[106.3628,10.307],[106.3609,10.2982],[106.3594,10.2988],[106.358,10.2935],[106.3632,10.2923],[106.3729,10.2915],[106.3803,10.2903],[106.3894,10.2874],[106.396,10.2827],[106.4,10.281],[106.4137,10.2782],[106.4249,10.2768],[106.4287,10.2751],[106.4373,10.2658],[106.4399,10.2655],[106.4415,10.2723],[106.4447,10.2824],[106.4474,10.2924],[106.4492,10.2964],[106.4526,10.3013],[106.4483,10.3065]]]},"properties":{"ma_xa":"28807","ten_xa":"Giao Long","sap_nhap":"An Phước (huyện Châu Thành), Quới Sơn, Giao Long","tru_so":"đang cập nhật","loai":"Xã","cap":2,"stt":83,"dtich_km2":42.45,"dan_so":40150,"matdo_km2":945.82,"ma_tinh":"86","ten_tinh":"Vĩnh Long"}},
{"type":"Feature","geometry":{"type":"Polygon","coordinates":[[[106.5517,10.1519],[106.5472,10.156],[106.546,10.1582],[106.5407,10.1568],[106.5351,10.1683],[106.5309,10.1786],[106.5276,10.177],[106.5201,10.1887],[106.5178,10.1863],[106.5152,10.1908],[106.5125,10.1916],[106.5098,10.1908],[106.5036,10.1864],[106.5001,10.194],[106.4985,10.1942],[106.4957,10.1975],[106.4898,10.1994],[106.4842,10.193],[106.4833,10.1886],[106.4808,10.1874],[106.4785,10.1796],[106.4791,10.1761],[106.4777,10.1677],[106.4801,10.1644],[106.4788,10.1592],[106.4762,10.1553],[106.4802,10.1565],[106.4827,10.1549],[106.4831,10.1526],[106.4864,10.1486],[106.4895,10.146],[106.4931,10.1484],[106.4975,10.1483],[106.497,10.1454],[106.5029,10.1428],[106.5023,10.1362],[106.5051,10.1348],[106.5057,10.1276],[106.5096,10.1267],[106.5191,10.1235],[106.523,10.1213],[106.5374,10.1155],[106.542,10.1217],[106.5447,10.1263],[106.5463,10.1312],[106.5426,10.1432],[106.5439,10.145],[106.5502,10.1491],[106.5517,10.1519]]]},"properties":{"ma_xa":"28984","ten_xa":"Giồng Trôm","sap_nhap":"Giồng Trôm (thị trấn), Bình Hòa, Bình Thành","tru_so":"đang cập nhật","loai":"Xã","cap":2,"stt":112,"dtich_km2":42.39,"dan_so":37599,"matdo_km2":886.98,"ma_tinh":"86","ten_tinh":"Vĩnh Long"}},
{"type":"Feature","geometry":{"type":"Polygon","coordinates":[[[106.3351,9.6758],[106.3324,9.6857],[106.3311,9.686],[106.3294,9.6902],[106.3269,9.6905],[106.328,9.6933],[106.3235,9.6957],[106.3136,9.6934],[106.3111,9.6911],[106.3116,9.6882],[106.3067,9.6872],[106.3068,9.6858],[106.3013,9.6847],[106.3021,9.6786],[106.301,9.675],[106.2971,9.6745],[106.2899,9.6745],[106.2859,9.6723],[106.2863,9.6692],[106.2773,9.6687],[106.2749,9.669],[106.2753,9.6656],[106.2725,9.6652],[106.2718,9.6634],[106.2681,9.6625],[106.267,9.6675],[106.2671,9.6751],[106.2633,9.6753],[106.2623,9.6766],[106.2588,9.6762],[106.2572,9.6856],[106.2567,9.6929],[106.2521,9.6921],[106.2484,9.6904],[106.2449,9.6902],[106.2421,9.6922],[106.2376,9.6886],[106.2357,9.6883],[106.2337,9.6857],[106.226,9.6843],[106.2232,9.6828],[106.2176,9.6829],[106.2179,9.6842],[106.212,9.6848],[106.2087,9.6825],[106.2054,9.6786],[106.2027,9.6766],[106.198,9.6748],[106.1959,9.6771],[106.1946,9.6756],[106.1905,9.679],[106.1853,9.6737],[106.1897,9.6694],[106.216,9.6449],[106.2223,9.6398],[106.24,9.6241],[106.2504,9.6351],[106.2527,9.6385],[106.2585,9.6446],[106.2619,9.6442],[106.265,9.6454],[106.2698,9.646],[106.2732,9.6515],[106.2782,9.6487],[106.2777,9.6458],[106.2809,9.6464],[106.282,9.6489],[106.2859,9.6503],[106.2868,9.6489],[106.2903,9.6484],[106.2932,9.65],[106.2976,9.6495],[106.3015,9.6508],[106.3046,9.6528],[106.3064,9.652],[106.3069,9.6488],[106.3099,9.6482],[106.3172,9.6482],[106.3213,9.6491],[106.3294,9.6544],[106.3277,9.659],[106.3271,9.666],[106.3256,9.6725],[106.3351,9.6758]]]},"properties":{"ma_xa":"29489","ten_xa":"Hàm Giang","sap_nhap":"Hàm Tân, Kim Sơn, Hàm Giang","tru_so":"đang cập nhật","loai":"Xã","cap":2,"stt":65,"dtich_km2":60.66,"dan_so":30752,"matdo_km2":506.96,"ma_tinh":"86","ten_tinh":"Vĩnh Long"}},
{"type":"Feature","geometry":{"type":"Polygon","coordinates":[[[106.5193,9.7221],[106.5169,9.7227],[106.5176,9.727],[106.515,9.7275],[106.5138,9.7239],[106.5115,9.7247],[106.51,9.7281],[106.5078,9.7259],[106.5062,9.7271],[106.5107,9.7343],[106.501,9.7374],[106.5005,9.7563],[106.4985,9.7687],[106.4963,9.7749],[106.4937,9.7769],[106.4909,9.7834],[106.4866,9.7833],[106.4811,9.7797],[106.4795,9.7744],[106.4767,9.7711],[106.4761,9.769],[106.47,9.7696],[106.4651,9.7686],[106.463,9.7696],[106.4618,9.7725],[106.4527,9.7724],[106.445,9.7734],[106.4411,9.7665],[106.4376,9.7651],[106.4273,9.7637],[106.4146,9.7636],[106.4136,9.7644],[106.4123,9.7639],[106.4115,9.7574],[106.4084,9.7541],[106.4071,9.7542],[106.4072,9.749],[106.4086,9.7434],[106.4081,9.7409],[106.4034,9.74],[106.4039,9.7361],[106.4069,9.7285],[106.4093,9.73],[106.4105,9.7272],[106.4089,9.7247],[106.412,9.7186],[106.4116,9.7159],[106.409,9.7144],[106.4154,9.7123],[106.4175,9.7091],[106.4201,9.7103],[106.4304,9.7129],[106.4297,9.7149],[106.4312,9.7174],[106.441,9.7186],[106.4452,9.7185],[106.4461,9.7227],[106.4481,9.7202],[106.4509,9.7195],[106.452,9.7236],[106.4569,9.7225],[106.4601,9.7253],[106.4639,9.7226],[106.466,9.7237],[106.4684,9.7266],[106.4682,9.7295],[106.4719,9.7273],[106.4714,9.7256],[106.4733,9.7202],[106.4749,9.7098],[106.4773,9.7021],[106.4803,9.7008],[106.4815,9.6985],[106.4846,9.6978],[106.4858,9.699],[106.4945,9.7017],[106.498,9.7064],[106.5018,9.7058],[106.5202,9.7174],[106.5193,9.7221]]]},"properties":{"ma_xa":"29455","ten_xa":"Hiệp Mỹ","sap_nhap":"Long Sơn, Hiệp Mỹ Đông, Hiệp Mỹ Tây ","tru_so":"đang cập nhật","loai":"Xã","cap":2,"stt":62,"dtich_km2":67.45,"dan_so":31460,"matdo_km2":466.42,"ma_tinh":"86","ten_tinh":"Vĩnh Long"}},
{"type":"Feature","geometry":{"type":"Polygon","coordinates":[[[106.1316,10.0823],[106.1301,10.0962],[106.1279,10.1013],[106.1158,10.0995],[106.1135,10.098],[106.1082,10.0978],[106.0978,10.0957],[106.0928,10.0955],[106.0891,10.0885],[106.0846,10.0817],[106.0839,10.0777],[106.0925,10.0764],[106.0956,10.0749],[106.0923,10.0658],[106.0915,10.062],[106.0923,10.054],[106.095,10.0541],[106.096,10.041],[106.1128,10.0342],[106.1227,10.0293],[106.1348,10.0239],[106.1509,10.0177],[106.1721,10.0222],[106.1712,10.0235],[106.1605,10.0327],[106.1641,10.0329],[106.1645,10.039],[106.1637,10.0438],[106.1651,10.0449],[106.1657,10.0507],[106.1632,10.0503],[106.1486,10.0505],[106.1337,10.0555],[106.1302,10.0576],[106.1312,10.0601],[106.1284,10.0615],[106.129,10.0651],[106.1265,10.0655],[106.1257,10.0743],[106.1278,10.0811],[106.1313,10.0802],[106.1316,10.0823]]]},"properties":{"ma_xa":"29701","ten_xa":"Hiếu Phụng","sap_nhap":"Hiếu Thuận, Trung An, Hiếu Phụng","tru_so":"đang cập nhật","loai":"Xã","cap":2,"stt":18,"dtich_km2":42.46,"dan_so":28418,"matdo_km2":669.29,"ma_tinh":"86","ten_tinh":"Vĩnh Long"}},
{"type":"Feature","geometry":{"type":"Polygon","coordinates":[[[106.1127,9.9384],[106.1251,9.9525],[106.1317,9.9618],[106.1334,9.9814],[106.132,9.9837],[106.1306,9.9909],[106.1344,10.0023],[106.1346,10.0049],[106.1348,10.0239],[106.1227,10.0293],[106.1128,10.0342],[106.096,10.041],[106.0935,10.042],[106.0935,10.0356],[106.0913,10.0288],[106.0882,10.0238],[106.0801,10.0027],[106.0765,9.9917],[106.0711,9.981],[106.066,9.9739],[106.077,9.9661],[106.0866,9.9596],[106.1028,9.9486],[106.1127,9.9384]]]},"properties":{"ma_xa":"29713","ten_xa":"Hiếu Thành","sap_nhap":"Hiếu Nhơn, Hiếu Nghĩa, Hiếu Thành","tru_so":"đang cập nhật","loai":"Xã","cap":2,"stt":19,"dtich_km2":53.41,"dan_so":34331,"matdo_km2":642.78,"ma_tinh":"86","ten_tinh":"Vĩnh Long"}},
{"type":"Feature","geometry":{"type":"Polygon","coordinates":[[[106.0699,10.0912],[106.0663,10.091],[106.0607,10.0925],[106.0547,10.0929],[106.0534,10.092],[106.051,10.0847],[106.0488,10.0813],[106.0467,10.0799],[106.0416,10.0802],[106.0359,10.0758],[106.0341,10.0768],[106.0315,10.0858],[106.0281,10.0854],[106.0247,10.0807],[106.0207,10.0772],[106.0162,10.0701],[106.0164,10.0679],[106.0376,10.067],[106.044,10.0661],[106.0441,10.0598],[106.0423,10.0506],[106.0411,10.0463],[106.038,10.0465],[106.0302,10.0429],[106.0334,10.0402],[106.0318,10.0379],[106.0336,10.0323],[106.0315,10.0292],[106.0297,10.0233],[106.0321,10.0214],[106.0371,10.0198],[106.0317,10.0049],[106.0337,10.0031],[106.0333,10.0004],[106.0367,10.0005],[106.041,9.9945],[106.0433,9.9943],[106.0439,9.9922],[106.0485,9.9887],[106.0498,9.9848],[106.0544,9.9827],[106.0577,9.9797],[106.066,9.9739],[106.0711,9.981],[106.0765,9.9917],[106.0801,10.0027],[106.0882,10.0238],[106.0913,10.0288],[106.0935,10.0356],[106.0935,10.042],[106.096,10.041],[106.095,10.0541],[106.0923,10.054],[106.0915,10.062],[106.0923,10.0658],[106.0956,10.0749],[106.0925,10.0764],[106.0839,10.0777],[106.0822,10.0778],[106.077,10.0816],[106.0739,10.0851],[106.0699,10.0912]]]},"properties":{"ma_xa":"29830","ten_xa":"Hòa Bình","sap_nhap":"Xuân Hiệp, Thới Hòa, Hòa Bình","tru_so":"đang cập nhật","loai":"Xã","cap":2,"stt":24,"dtich_km2":65.61,"dan_so":39787,"matdo_km2":606.42,"ma_tinh":"86","ten_tinh":"Vĩnh Long"}},
{"type":"Feature","geometry":{"type":"Polygon","coordinates":[[[106.0793,10.1052],[106.0719,10.1114],[106.0668,10.118],[106.062,10.122],[106.0318,10.1463],[106.0279,10.1415],[106.0229,10.1388],[106.0227,10.1378],[106.0113,10.135],[106.0102,10.1319],[106.0072,10.1271],[106.0001,10.1146],[106.0017,10.1119],[105.9993,10.1071],[105.9964,10.1038],[105.9966,10.0992],[105.9978,10.0955],[105.9931,10.0911],[105.9899,10.0944],[105.9868,10.0935],[105.9932,10.0867],[105.9899,10.0845],[105.9897,10.0805],[105.9997,10.0756],[105.9995,10.0797],[106.0004,10.0812],[106.0039,10.0826],[106.0085,10.083],[106.0114,10.0848],[106.0145,10.0842],[106.0184,10.0779],[106.0207,10.0772],[106.0247,10.0807],[106.0281,10.0854],[106.0315,10.0858],[106.0341,10.0768],[106.0359,10.0758],[106.0416,10.0802],[106.0467,10.0799],[106.0488,10.0813],[106.051,10.0847],[106.0534,10.092],[106.0547,10.0929],[106.0607,10.0925],[106.0663,10.091],[106.0699,10.0912],[106.071,10.0935],[106.0706,10.0978],[106.0744,10.0999],[106.0793,10.1052]]]},"properties":{"ma_xa":"29734","ten_xa":"Hòa Hiệp","sap_nhap":"Hòa Thạnh,  Hòa Lộc, Hòa Hiệp","tru_so":"đang cập nhật","loai":"Xã","cap":2,"stt":25,"dtich_km2":44.1,"dan_so":31099,"matdo_km2":705.19,"ma_tinh":"86","ten_tinh":"Vĩnh Long"}},
{"type":"Feature","geometry":{"type":"Polygon","coordinates":[[[106.4459,9.8969],[106.451,9.9015],[106.4614,9.8947],[106.4689,9.8893],[106.4758,9.8934],[106.4783,9.8961],[106.4796,9.899],[106.4838,9.9042],[106.4846,9.9034],[106.4925,9.9127],[106.4843,9.9195],[106.4753,9.9254],[106.4551,9.9365],[106.4406,9.9424],[106.4296,9.9471],[106.4189,9.9533],[106.4106,9.959],[106.4,9.9671],[106.4048,9.9557],[106.4073,9.9408],[106.4076,9.9298],[106.4081,9.9275],[106.4116,9.9227],[106.4173,9.9173],[106.426,9.9108],[106.4459,9.8969]]]},"properties":{"ma_xa":"29410","ten_xa":"Hòa Minh","sap_nhap":"Hòa Minh","tru_so":"đang cập nhật","loai":"Xã","cap":2,"stt":48,"dtich_km2":35.75,"dan_so":16843,"matdo_km2":471.13,"ma_tinh":"86","ten_tinh":"Vĩnh Long"}},
{"type":"Feature","geometry":{"type":"Polygon","coordinates":[[[106.353,9.9185],[106.3525,9.9277],[106.3609,9.928],[106.3654,9.9302],[106.3666,9.9281],[106.3723,9.9303],[106.371,9.9337],[106.378,9.9359],[106.3775,9.9378],[106.3802,9.9386],[106.386,9.9427],[106.3888,9.9461],[106.3861,9.9478],[106.3816,9.9519],[106.3768,9.9596],[106.3686,9.9675],[106.3593,9.9756],[106.3559,9.9719],[106.3524,9.9691],[106.3501,9.9582],[106.3452,9.9368],[106.345,9.9314],[106.3437,9.9234],[106.3445,9.9179],[106.3492,9.9186],[106.353,9.9185]]]},"properties":{"ma_xa":"29398","ten_xa":"Hòa Thuận","sap_nhap":"Phường 5 (thành phố Trà Vinh), Hòa Thuận","tru_so":"đang cập nhật","loai":"Phường","cap":2,"stt":39,"dtich_km2":16.51,"dan_so":25384,"matdo_km2":1537.49,"ma_tinh":"86","ten_tinh":"Vĩnh Long"}},
{"type":"Feature","geometry":{"type":"Polygon","coordinates":[[[106.2828,9.8151],[106.2799,9.816],[106.2804,9.8121],[106.2829,9.8057],[106.2812,9.8039],[106.2817,9.794],[106.28,9.793],[106.2742,9.7926],[106.2732,9.8032],[106.2704,9.8048],[106.2641,9.8067],[106.261,9.8068],[106.2606,9.8108],[106.2462,9.8111],[106.2442,9.807],[106.2389,9.8013],[106.2357,9.8007],[106.2307,9.7984],[106.2284,9.799],[106.2231,9.8022],[106.2188,9.8032],[106.2161,9.7977],[106.2117,9.7982],[106.2099,9.8003],[106.2057,9.7968],[106.2019,9.7964],[106.1999,9.7897],[106.1936,9.7832],[106.1872,9.7809],[106.1854,9.7816],[106.1838,9.7774],[106.186,9.7698],[106.1831,9.7677],[106.1838,9.7644],[106.1808,9.7607],[106.1758,9.7615],[106.1753,9.7583],[106.1763,9.7555],[106.1715,9.7533],[106.167,9.7531],[106.1666,9.7507],[106.1675,9.7429],[106.1757,9.7433],[106.1795,9.7447],[106.1823,9.7409],[106.183,9.7371],[106.1877,9.7391],[106.1955,9.7474],[106.197,9.7421],[106.2025,9.7434],[106.2048,9.7462],[106.204,9.7509],[106.2097,9.7521],[106.2136,9.752],[106.2163,9.7538],[106.2233,9.7537],[106.2251,9.7548],[106.2303,9.7559],[106.2352,9.753],[106.2389,9.7532],[106.2391,9.7561],[106.2377,9.7644],[106.2508,9.767],[106.2607,9.7676],[106.2608,9.7719],[106.2759,9.7773],[106.277,9.7771],[106.2906,9.7813],[106.2943,9.7813],[106.3038,9.7861],[106.3022,9.7912],[106.3077,9.7928],[106.3071,9.7952],[106.3046,9.7968],[106.3027,9.8022],[106.2892,9.8063],[106.2871,9.8058],[106.2833,9.81],[106.2828,9.8151]]]},"properties":{"ma_xa":"29362","ten_xa":"Hùng Hòa","sap_nhap":"Ngãi Hùng, Tân Hùng, Hùng Hòa","tru_so":"đang cập nhật","loai":"Xã","cap":2,"stt":55,"dtich_km2":57.51,"dan_so":28221,"matdo_km2":490.71,"ma_tinh":"86","ten_tinh":"Vĩnh Long"}},
{"type":"Feature","geometry":{"type":"Polygon","coordinates":[[[106.2687,10.1808],[106.2672,10.1835],[106.262,10.1858],[106.261,10.189],[106.2632,10.191],[106.262,10.1959],[106.2605,10.1984],[106.2663,10.1986],[106.2658,10.2002],[106.2688,10.2029],[106.2656,10.2074],[106.2624,10.2106],[106.2632,10.2151],[106.2628,10.2168],[106.2595,10.2154],[106.2572,10.2126],[106.2518,10.2173],[106.2492,10.2185],[106.2473,10.2176],[106.2383,10.2164],[106.2392,10.2106],[106.2418,10.2093],[106.2426,10.2016],[106.2419,10.1978],[106.2399,10.1964],[106.2356,10.1969],[106.2315,10.1983],[106.2303,10.196],[106.23,10.1879],[106.2246,10.1841],[106.2254,10.1816],[106.2303,10.1819],[106.2306,10.1792],[106.2271,10.1772],[106.2259,10.175],[106.2233,10.1763],[106.2216,10.1754],[106.2114,10.1744],[106.2069,10.1762],[106.2039,10.1651],[106.219,10.1493],[106.2226,10.1513],[106.2298,10.1514],[106.2336,10.152],[106.2369,10.1512],[106.2384,10.1477],[106.2428,10.1492],[106.2538,10.1501],[106.2569,10.153],[106.2624,10.1552],[106.2679,10.1647],[106.2685,10.176],[106.2687,10.1808]]]},"properties":{"ma_xa":"28901","ten_xa":"Hưng Khánh Trung","sap_nhap":"Vĩnh Hòa (huyện Chợ Lách), Hưng Khánh Trung A, Hưng Khánh Trung B","tru_so":"đang cập nhật","loai":"Xã","cap":2,"stt":89,"dtich_km2":32.14,"dan_so":27672,"matdo_km2":860.98,"ma_tinh":"86","ten_tinh":"Vĩnh Long"}},
{"type":"Feature","geometry":{"type":"Polygon","coordinates":[[[106.4459,9.8969],[106.426,9.9108],[106.4173,9.9173],[106.4116,9.9227],[106.4081,9.9275],[106.4076,9.9298],[106.4073,9.9408],[106.4048,9.9557],[106.4,9.9671],[106.3992,9.9676],[106.3787,9.9797],[106.3839,9.9678],[106.3903,9.9514],[106.3901,9.9483],[106.3888,9.9461],[106.386,9.9427],[106.3802,9.9386],[106.3775,9.9378],[106.378,9.9359],[106.371,9.9337],[106.3723,9.9303],[106.3666,9.9281],[106.3654,9.9302],[106.3609,9.928],[106.3525,9.9277],[106.353,9.9185],[106.3538,9.9105],[106.3556,9.9105],[106.3577,9.9033],[106.3573,9.9018],[106.3637,9.903],[106.3657,9.8906],[106.3666,9.8907],[106.3695,9.8912],[106.3766,9.8942],[106.3784,9.8843],[106.3773,9.8824],[106.3792,9.8803],[106.3796,9.8778],[106.3821,9.8718],[106.381,9.8687],[106.3791,9.8683],[106.379,9.8586],[106.3804,9.849],[106.3859,9.8514],[106.3939,9.8525],[106.4,9.8565],[106.4041,9.8586],[106.4061,9.8581],[106.4108,9.8592],[106.4197,9.8636],[106.4232,9.8639],[106.4258,9.8628],[106.43,9.8595],[106.4337,9.8591],[106.438,9.8615],[106.4438,9.8616],[106.4449,9.8658],[106.4442,9.8695],[106.4414,9.8758],[106.438,9.8817],[106.4364,9.8894],[106.4371,9.8908],[106.4407,9.8921],[106.4459,9.8969]]]},"properties":{"ma_xa":"29407","ten_xa":"Hưng Mỹ","sap_nhap":"Hòa Lợi (huyện Châu Thành), Phước Hảo, Hưng Mỹ ","tru_so":"đang cập nhật","loai":"Xã","cap":2,"stt":47,"dtich_km2":67.02,"dan_so":40259,"matdo_km2":600.7,"ma_tinh":"86","ten_tinh":"Vĩnh Long"}},
{"type":"Feature","geometry":{"type":"Polygon","coordinates":[[[106.5374,10.1155],[106.523,10.1213],[106.5191,10.1235],[106.5096,10.1267],[106.5057,10.1276],[106.5051,10.1348],[106.5023,10.1362],[106.5029,10.1428],[106.497,10.1454],[106.4975,10.1483],[106.4931,10.1484],[106.4895,10.146],[106.476,10.1417],[106.48,10.1375],[106.4804,10.1339],[106.4768,10.1324],[106.4757,10.129],[106.4797,10.125],[106.4821,10.1217],[106.4801,10.1191],[106.4816,10.1176],[106.4782,10.1145],[106.48,10.1111],[106.477,10.1096],[106.4747,10.1019],[106.4711,10.1036],[106.4655,10.1012],[106.4649,10.1041],[106.4622,10.1061],[106.4592,10.1038],[106.4605,10.1003],[106.4601,10.0964],[106.4586,10.094],[106.4536,10.09],[106.4507,10.0898],[106.4522,10.0865],[106.4475,10.0837],[106.4502,10.0787],[106.4514,10.0735],[106.4513,10.0695],[106.4483,10.063],[106.4553,10.0558],[106.4736,10.0355],[106.4786,10.0299],[106.4827,10.0269],[106.4887,10.0357],[106.4892,10.0393],[106.4859,10.0413],[106.477,10.0503],[106.4705,10.0592],[106.4908,10.0724],[106.4927,10.0699],[106.4991,10.0735],[106.5067,10.0752],[106.5108,10.0777],[106.512,10.0769],[106.5137,10.0797],[106.5168,10.0881],[106.5275,10.1012],[106.5299,10.1069],[106.5374,10.1155]]]},"properties":{"ma_xa":"29044","ten_xa":"Hưng Nhượng","sap_nhap":"Tân Thanh, Hưng Lễ, Hưng Nhượng","tru_so":"đang cập nhật","loai":"Xã","cap":2,"stt":111,"dtich_km2":53.66,"dan_so":37568,"matdo_km2":700.11,"ma_tinh":"86","ten_tinh":"Vĩnh Long"}},
{"type":"Feature","geometry":{"type":"Polygon","coordinates":[[[106.4203,10.0273],[106.4089,10.0318],[106.3972,10.0328],[106.3907,10.0289],[106.3891,10.0265],[106.3805,10.0385],[106.3742,10.0486],[106.3832,10.0564],[106.3766,10.0644],[106.3692,10.0575],[106.3638,10.0528],[106.3617,10.0498],[106.3581,10.0482],[106.35,10.0464],[106.3483,10.051],[106.346,10.055],[106.3406,10.0526],[106.3388,10.0484],[106.3418,10.046],[106.3401,10.0389],[106.3377,10.0364],[106.3429,10.0292],[106.3381,10.0243],[106.3462,10.014],[106.3453,10.0101],[106.3387,10.0047],[106.3471,9.999],[106.3544,9.9965],[106.3589,9.9943],[106.3787,9.9797],[106.3992,9.9676],[106.4065,9.9695],[106.41,9.9711],[106.4113,9.976],[106.414,9.9771],[106.4172,9.9834],[106.4202,9.9836],[106.4216,9.9857],[106.4242,9.9868],[106.4249,9.9888],[106.4188,9.9912],[106.4218,9.9929],[106.4219,9.9972],[106.42,9.998],[106.4136,9.9981],[106.4149,10.0116],[106.4157,10.0127],[106.4143,10.018],[106.415,10.0199],[106.4197,10.0255],[106.4203,10.0273]]]},"properties":{"ma_xa":"28981","ten_xa":"Hương Mỹ","sap_nhap":"Ngãi Đăng, Cẩm Sơn, Hương Mỹ","tru_so":"đang cập nhật","loai":"Xã","cap":2,"stt":97,"dtich_km2":55.01,"dan_so":38427,"matdo_km2":698.55,"ma_tinh":"86","ten_tinh":"Vĩnh Long"}},
{"type":"Feature","geometry":{"type":"Polygon","coordinates":[[[106.6118,10.2467],[106.599,10.249],[106.582,10.2539],[106.5708,10.258],[106.5579,10.2613],[106.5454,10.2648],[106.533,10.2678],[106.5215,10.2698],[106.5105,10.2729],[106.5083,10.2643],[106.508,10.2607],[106.5036,10.2604],[106.5036,10.2571],[106.5071,10.258],[106.5077,10.2533],[106.5109,10.2528],[106.5105,10.2493],[106.5119,10.2479],[106.5114,10.2447],[106.513,10.2428],[106.5118,10.2408],[106.5198,10.2359],[106.5199,10.2397],[106.5274,10.2431],[106.5294,10.2415],[106.5378,10.2396],[106.537,10.2381],[106.543,10.2357],[106.5451,10.2331],[106.5498,10.2298],[106.5627,10.2292],[106.5617,10.222],[106.559,10.2162],[106.5614,10.2141],[106.5594,10.212],[106.5582,10.2082],[106.5546,10.2012],[106.5579,10.2004],[106.5633,10.1979],[106.5646,10.202],[106.5664,10.2051],[106.5674,10.2113],[106.5694,10.2115],[106.5819,10.2089],[106.5824,10.2082],[106.5897,10.2106],[106.5961,10.2113],[106.5984,10.2126],[106.599,10.2177],[106.5974,10.2227],[106.5955,10.2263],[106.6036,10.2298],[106.6024,10.231],[106.6086,10.2389],[106.6109,10.2407],[106.6118,10.2467]]]},"properties":{"ma_xa":"29077","ten_xa":"Lộc Thuận","sap_nhap":"Vang Quới Đông, Vang Quới Tây, Lộc Thuận","tru_so":"đang cập nhật","loai":"Xã","cap":2,"stt":122,"dtich_km2":42.7,"dan_so":28704,"matdo_km2":672.22,"ma_tinh":"86","ten_tinh":"Vĩnh Long"}},
{"type":"Feature","geometry":{"type":"Polygon","coordinates":[[[105.9725,10.2601],[105.9648,10.2594],[105.9582,10.2616],[105.9523,10.2647],[105.9415,10.2736],[105.9392,10.2702],[105.9368,10.2707],[105.9345,10.2692],[105.9353,10.265],[105.9328,10.2653],[105.9285,10.2621],[105.9321,10.2602],[105.93,10.2585],[105.9264,10.2574],[105.9245,10.2589],[105.9224,10.2561],[105.9203,10.2517],[105.9182,10.2509],[105.9193,10.2464],[105.9223,10.2435],[105.9258,10.2422],[105.9274,10.2416],[105.9432,10.2424],[105.9476,10.2431],[105.9502,10.2455],[105.9588,10.2445],[105.9585,10.2411],[105.9617,10.2415],[105.9644,10.2422],[105.9657,10.2446],[105.9652,10.2503],[105.969,10.252],[105.972,10.2479],[105.9785,10.2527],[105.9731,10.2585],[105.9725,10.2601]]]},"properties":{"ma_xa":"29551","ten_xa":"Long Châu","sap_nhap":"Phường 1, Phường 9 (thành phố Vĩnh Long), Trường An ","tru_so":"đang cập nhật","loai":"Phường","cap":2,"stt":9,"dtich_km2":12.63,"dan_so":49480,"matdo_km2":3917.66,"ma_tinh":"86","ten_tinh":"Vĩnh Long"}},
{"type":"Feature","geometry":{"type":"Polygon","coordinates":[[[106.3387,10.0047],[106.3262,10.0137],[106.3208,10.017],[106.3135,10.0125],[106.3076,10.0125],[106.3035,10.0104],[106.3035,10.0074],[106.3048,10.0054],[106.3119,10.0018],[106.3149,9.9971],[106.3142,9.9941],[106.31,9.9889],[106.3105,9.984],[106.3095,9.9821],[106.3071,9.9764],[106.3079,9.9726],[106.3047,9.9681],[106.3059,9.964],[106.308,9.9614],[106.3082,9.9592],[106.311,9.9569],[106.311,9.9522],[106.313,9.9532],[106.3163,9.9522],[106.3164,9.9483],[106.3182,9.9471],[106.3213,9.9478],[106.329,9.9454],[106.3328,9.9501],[106.3325,9.9538],[106.3409,9.9537],[106.3407,9.9579],[106.3436,9.9581],[106.3441,9.9423],[106.342,9.9425],[106.3415,9.9374],[106.3452,9.9368],[106.3501,9.9582],[106.3524,9.9691],[106.3559,9.9719],[106.3593,9.9756],[106.3686,9.9675],[106.3768,9.9596],[106.3816,9.9519],[106.3861,9.9478],[106.3888,9.9461],[106.3901,9.9483],[106.3903,9.9514],[106.3839,9.9678],[106.3787,9.9797],[106.3589,9.9943],[106.3544,9.9965],[106.3471,9.999],[106.3387,10.0047]]]},"properties":{"ma_xa":"29263","ten_xa":"Long Đức","sap_nhap":"Phường 4 (thành phố Trà Vinh), Long Đức","tru_so":"đang cập nhật","loai":"Phường","cap":2,"stt":36,"dtich_km2":40.62,"dan_so":33662,"matdo_km2":828.71,"ma_tinh":"86","ten_tinh":"Vĩnh Long"}},
{"type":"Feature","geometry":{"type":"Polygon","coordinates":[[[106.4039,9.7361],[106.3988,9.7351],[106.394,9.735],[106.3901,9.7372],[106.3883,9.7351],[106.3839,9.7321],[106.3738,9.7286],[106.3729,9.7304],[106.3649,9.728],[106.3621,9.7298],[106.3595,9.7281],[106.3571,9.7323],[106.3557,9.7319],[106.3517,9.7376],[106.3459,9.748],[106.3436,9.7515],[106.3412,9.7582],[106.3295,9.7564],[106.3288,9.7516],[106.321,9.7497],[106.318,9.7457],[106.2918,9.7373],[106.2922,9.7268],[106.2907,9.7271],[106.291,9.7203],[106.2927,9.7177],[106.2953,9.7171],[106.3003,9.7176],[106.3024,9.716],[106.3035,9.7112],[106.3054,9.7115],[106.309,9.7012],[106.3111,9.6911],[106.3136,9.6934],[106.3235,9.6957],[106.328,9.6933],[106.3269,9.6905],[106.3294,9.6902],[106.3311,9.686],[106.3324,9.6857],[106.3351,9.6758],[106.3543,9.6824],[106.3618,9.6853],[106.3768,9.6917],[106.3946,9.699],[106.3945,9.7024],[106.3957,9.7054],[106.4022,9.7086],[106.4008,9.7112],[106.4028,9.7121],[106.4044,9.7095],[106.4071,9.71],[106.4113,9.7069],[106.4175,9.7091],[106.4154,9.7123],[106.409,9.7144],[106.4116,9.7159],[106.412,9.7186],[106.4089,9.7247],[106.4105,9.7272],[106.4093,9.73],[106.4069,9.7285],[106.4039,9.7361]]]},"properties":{"ma_xa":"29506","ten_xa":"Long Hiệp","sap_nhap":"Ngọc Biên, Tân Hiệp, Long Hiệp ","tru_so":"đang cập nhật","loai":"Xã","cap":2,"stt":67,"dtich_km2":65.17,"dan_so":32425,"matdo_km2":497.54,"ma_tinh":"86","ten_tinh":"Vĩnh Long"}},
{"type":"Feature","geometry":{"type":"Polygon","coordinates":[[[105.9986,10.2237],[105.9927,10.2319],[105.9918,10.2292],[105.9865,10.2268],[105.9828,10.2232],[105.9801,10.2274],[105.9769,10.2266],[105.9731,10.2199],[105.9728,10.2159],[105.97,10.2146],[105.9698,10.2128],[105.9671,10.2104],[105.9663,10.2078],[105.9621,10.2062],[105.9625,10.2023],[105.9621,10.1954],[105.9605,10.1919],[105.962,10.1916],[105.9695,10.1849],[105.9724,10.1844],[105.9754,10.1851],[105.9732,10.1807],[105.9737,10.1781],[105.9642,10.1641],[105.9714,10.1584],[105.9851,10.15],[105.9928,10.1476],[105.9958,10.1482],[105.9995,10.1413],[106.0047,10.1357],[106.0042,10.1335],[106.0113,10.135],[106.0227,10.1378],[106.0229,10.1388],[106.0279,10.1415],[106.0318,10.1463],[106.0266,10.1506],[106.023,10.1589],[106.0215,10.1595],[106.0205,10.1633],[106.0229,10.1707],[106.0239,10.1704],[106.025,10.178],[106.0227,10.1815],[106.0234,10.1832],[106.0205,10.1854],[106.0234,10.1904],[106.0232,10.1927],[106.0199,10.1934],[106.0161,10.1927],[106.0124,10.1947],[106.0105,10.1971],[106.0055,10.2073],[106.0018,10.21],[106.001,10.2121],[106.0031,10.2146],[106.0028,10.2166],[105.9986,10.2237]]]},"properties":{"ma_xa":"29602","ten_xa":"Long Hồ","sap_nhap":"Long Hồ (thị trấn), Long An, Long Phước ","tru_so":"đang cập nhật","loai":"Xã","cap":2,"stt":6,"dtich_km2":47.64,"dan_so":54312,"matdo_km2":1140.05,"ma_tinh":"86","ten_tinh":"Vĩnh Long"}},
{"type":"Feature","geometry":{"type":"Polygon","coordinates":[[[106.5108,9.893],[106.5018,9.9052],[106.4925,9.9127],[106.4846,9.9034],[106.4838,9.9042],[106.4796,9.899],[106.4783,9.8961],[106.4758,9.8934],[106.4689,9.8893],[106.4614,9.8947],[106.451,9.9015],[106.4459,9.8969],[106.4669,9.874],[106.4817,9.8601],[106.4883,9.853],[106.493,9.8534],[106.4991,9.8489],[106.5018,9.8457],[106.5076,9.8404],[106.51,9.837],[106.5132,9.8302],[106.5209,9.8333],[106.5236,9.8308],[106.5275,9.8289],[106.5316,9.8287],[106.5369,9.8306],[106.5433,9.8362],[106.5458,9.8426],[106.546,9.8476],[106.5448,9.849],[106.5522,9.8524],[106.549,9.8557],[106.533,9.8676],[106.5234,9.8772],[106.5108,9.893]]]},"properties":{"ma_xa":"29413","ten_xa":"Long Hòa","sap_nhap":"Long Hòa","tru_so":"đang cập nhật","loai":"Xã","cap":2,"stt":49,"dtich_km2":52.67,"dan_so":13309,"matdo_km2":252.69,"ma_tinh":"86","ten_tinh":"Vĩnh Long"}},
{"type":"Feature","geometry":{"type":"Polygon","coordinates":[[[106.5707,9.6952],[106.5694,9.6959],[106.5704,9.7022],[106.5707,9.709],[106.5691,9.7237],[106.5689,9.7289],[106.5678,9.7361],[106.5664,9.7398],[106.5642,9.7425],[106.5592,9.7461],[106.5554,9.75],[106.5512,9.7518],[106.543,9.7509],[106.5422,9.7481],[106.5375,9.7397],[106.5316,9.7334],[106.528,9.7313],[106.5278,9.7285],[106.5224,9.7237],[106.5193,9.7221],[106.5202,9.7174],[106.5018,9.7058],[106.498,9.7064],[106.4945,9.7017],[106.4858,9.699],[106.4846,9.6978],[106.4815,9.6985],[106.4803,9.7008],[106.4735,9.6977],[106.4687,9.6962],[106.469,9.6949],[106.4644,9.6942],[106.4658,9.6884],[106.4627,9.687],[106.4632,9.6841],[106.4592,9.682],[106.4614,9.6789],[106.4618,9.6739],[106.4611,9.6706],[106.4566,9.6693],[106.4583,9.663],[106.4566,9.6615],[106.4573,9.6559],[106.4604,9.6578],[106.4642,9.6579],[106.4725,9.6603],[106.4838,9.6619],[106.4868,9.6636],[106.4923,9.6641],[106.4892,9.6691],[106.4908,9.6723],[106.4935,9.6729],[106.4996,9.6776],[106.5032,9.6777],[106.5054,9.6825],[106.5034,9.6846],[106.4991,9.6924],[106.5001,9.6936],[106.5048,9.6956],[106.5096,9.6985],[106.5136,9.6928],[106.5104,9.6895],[106.5144,9.6844],[106.5183,9.6818],[106.5232,9.6838],[106.5295,9.684],[106.537,9.6826],[106.5467,9.6863],[106.5521,9.6889],[106.5554,9.6891],[106.5613,9.6868],[106.5707,9.6952]]]},"properties":{"ma_xa":"29518","ten_xa":"Long Hữu","sap_nhap":"Hiệp Thạnh, Long Hữu","tru_so":"đang cập nhật","loai":"Xã","cap":2,"stt":71,"dtich_km2":67.28,"dan_so":15321,"matdo_km2":227.72,"ma_tinh":"86","ten_tinh":"Vĩnh Long"}},
{"type":"Feature","geometry":{"type":"Polygon","coordinates":[[[106.4742,9.5966],[106.4692,9.6088],[106.4748,9.6116],[106.4654,9.6212],[106.4579,9.6243],[106.4444,9.6258],[106.4419,9.6264],[106.4417,9.6351],[106.4421,9.6393],[106.4398,9.6438],[106.4375,9.6435],[106.4381,9.6366],[106.4272,9.6379],[106.4233,9.6377],[106.4232,9.636],[106.4185,9.6373],[106.4163,9.6363],[106.4164,9.6298],[106.4064,9.6311],[106.4063,9.6311],[106.4067,9.6259],[106.4052,9.6254],[106.4056,9.622],[106.4001,9.6213],[106.3999,9.6232],[106.3851,9.6194],[106.3862,9.6159],[106.3891,9.6145],[106.3932,9.6057],[106.3931,9.6001],[106.3941,9.5969],[106.3923,9.5943],[106.3944,9.5918],[106.3929,9.5891],[106.3899,9.5886],[106.3863,9.5844],[106.3845,9.5832],[106.3866,9.5782],[106.3867,9.5747],[106.3916,9.5749],[106.3972,9.5689],[106.3997,9.5668],[106.4021,9.567],[106.4039,9.5691],[106.4045,9.5732],[106.4111,9.5823],[106.4147,9.5857],[106.4182,9.5845],[106.4235,9.5858],[106.4252,9.5828],[106.4247,9.5787],[106.4253,9.5768],[106.4294,9.5737],[106.4317,9.5751],[106.4341,9.5726],[106.4336,9.5647],[106.4419,9.5677],[106.444,9.5675],[106.446,9.5702],[106.4497,9.5709],[106.4547,9.5728],[106.4584,9.5684],[106.4715,9.5755],[106.4684,9.5796],[106.4645,9.5937],[106.4662,9.594],[106.4682,9.5964],[106.4742,9.5966]]]},"properties":{"ma_xa":"29513","ten_xa":"Long Thành","sap_nhap":"Long Thành (thị trấn), Long Khánh","tru_so":"đang cập nhật","loai":"Xã","cap":2,"stt":72,"dtich_km2":51.51,"dan_so":15429,"matdo_km2":299.53,"ma_tinh":"86","ten_tinh":"Vĩnh Long"}},
{"type":"Feature","geometry":{"type":"Polygon","coordinates":[[[106.3972,9.5689],[106.3916,9.5749],[106.3867,9.5747],[106.3866,9.5782],[106.3845,9.5832],[106.3863,9.5844],[106.3899,9.5886],[106.3929,9.5891],[106.3944,9.5918],[106.3923,9.5943],[106.3941,9.5969],[106.3931,9.6001],[106.3932,9.6057],[106.3891,9.6145],[106.3862,9.6159],[106.3851,9.6194],[106.3999,9.6232],[106.4001,9.6213],[106.4056,9.622],[106.4052,9.6254],[106.4067,9.6259],[106.4063,9.6311],[106.3989,9.6319],[106.3944,9.6309],[106.3619,9.625],[106.3406,9.6206],[106.3241,9.6178],[106.315,9.6161],[106.306,9.614],[106.2855,9.6105],[106.2823,9.6095],[106.2774,9.6068],[106.2733,9.6037],[106.2827,9.5974],[106.2982,9.5885],[106.306,9.5969],[106.3222,9.5877],[106.3287,9.5837],[106.3446,9.5714],[106.3505,9.5644],[106.3597,9.5547],[106.3618,9.5548],[106.3673,9.5506],[106.3677,9.5466],[106.3694,9.5399],[106.3682,9.5341],[106.3712,9.5331],[106.3751,9.5314],[106.3817,9.5322],[106.3858,9.5343],[106.3895,9.5334],[106.3943,9.5356],[106.3976,9.5389],[106.3907,9.5448],[106.3908,9.5507],[106.393,9.5528],[106.3941,9.5563],[106.3911,9.5585],[106.3889,9.5616],[106.3914,9.5665],[106.3947,9.5671],[106.3972,9.5689]]]},"properties":{"ma_xa":"29533","ten_xa":"Long Vĩnh","sap_nhap":"Long Vĩnh","tru_so":"đang cập nhật","loai":"Xã","cap":2,"stt":74,"dtich_km2":96.37,"dan_so":16344,"matdo_km2":169.6,"ma_tinh":"86","ten_tinh":"Vĩnh Long"}},
{"type":"Feature","geometry":{"type":"Polygon","coordinates":[[[105.9794,9.8846],[105.9784,9.8877],[105.9751,9.894],[105.9717,9.8983],[105.9611,9.9102],[105.9568,9.9171],[105.9532,9.9212],[105.9496,9.9253],[105.9466,9.9309],[105.9423,9.9404],[105.9408,9.9426],[105.932,9.9506],[105.927,9.9543],[105.9193,9.9622],[105.9143,9.9663],[105.9054,9.9717],[105.8957,9.9753],[105.8927,9.9767],[105.8862,9.9822],[105.8829,9.9843],[105.8792,9.9862],[105.8704,9.9895],[105.866,9.9919],[105.8548,9.9952],[105.85,9.9977],[105.8455,9.9986],[105.8371,9.9975],[105.8336,9.9958],[105.8441,9.9825],[105.8468,9.9799],[105.8535,9.9724],[105.8694,9.9584],[105.8768,9.9523],[105.8851,9.9461],[105.8968,9.938],[105.9059,9.933],[105.9143,9.9327],[105.9216,9.9299],[105.932,9.9212],[105.9393,9.9155],[105.9473,9.9104],[105.9514,9.9073],[105.9595,9.9029],[105.9642,9.8982],[105.9689,9.8917],[105.9728,9.8879],[105.9794,9.8846]]]},"properties":{"ma_xa":"29857","ten_xa":"Lục Sĩ Thành","sap_nhap":"Phú Thành, Lục Sĩ","tru_so":"đang cập nhật","loai":"Xã","cap":2,"stt":20,"dtich_km2":43.52,"dan_so":23457,"matdo_km2":538.99,"ma_tinh":"86","ten_tinh":"Vĩnh Long"}},
{"type":"Feature","geometry":{"type":"Polygon","coordinates":[[[106.4785,10.1796],[106.4752,10.1812],[106.474,10.1805],[106.4703,10.1852],[106.4648,10.1889],[106.4634,10.1889],[106.4611,10.1932],[106.4647,10.1972],[106.4617,10.2002],[106.4618,10.2087],[106.4563,10.2112],[106.4592,10.218],[106.4703,10.213],[106.4711,10.2166],[106.4738,10.2189],[106.477,10.2185],[106.4794,10.2239],[106.4846,10.2212],[106.4847,10.2241],[106.4868,10.2243],[106.4878,10.2282],[106.4912,10.2301],[106.4908,10.2337],[106.4919,10.2349],[106.4846,10.2409],[106.4806,10.2435],[106.475,10.2461],[106.4635,10.249],[106.4569,10.2514],[106.4512,10.2541],[106.4486,10.2563],[106.443,10.2636],[106.4399,10.2655],[106.438,10.2622],[106.4329,10.2455],[106.4307,10.2374],[106.4294,10.2352],[106.434,10.2345],[106.4341,10.2297],[106.4358,10.2298],[106.4356,10.2263],[106.4379,10.2271],[106.4362,10.2195],[106.4336,10.2174],[106.4347,10.2099],[106.4396,10.1939],[106.4413,10.1911],[106.4479,10.186],[106.4472,10.182],[106.4497,10.1798],[106.4497,10.1748],[106.4505,10.1686],[106.4558,10.1648],[106.459,10.1653],[106.4591,10.1627],[106.4684,10.1647],[106.4711,10.1664],[106.4724,10.1686],[106.4777,10.1677],[106.4791,10.1761],[106.4785,10.1796]]]},"properties":{"ma_xa":"28987","ten_xa":"Lương Hòa","sap_nhap":"Lương Hòa (huyện Giồng Trôm), Phong Nẫm","tru_so":"đang cập nhật","loai":"Xã","cap":2,"stt":117,"dtich_km2":37.48,"dan_so":25940,"matdo_km2":692.1,"ma_tinh":"86","ten_tinh":"Vĩnh Long"}},
{"type":"Feature","geometry":{"type":"Polygon","coordinates":[[[106.4505,10.1686],[106.4497,10.1748],[106.4497,10.1798],[106.4472,10.182],[106.4479,10.186],[106.4413,10.1911],[106.4396,10.1939],[106.4347,10.2099],[106.4336,10.2174],[106.4362,10.2195],[106.4379,10.2271],[106.4356,10.2263],[106.4358,10.2298],[106.4341,10.2297],[106.434,10.2345],[106.4294,10.2352],[106.4265,10.2333],[106.4188,10.23],[106.4139,10.2273],[106.416,10.2225],[106.416,10.2195],[106.4132,10.2194],[106.4099,10.2111],[106.4098,10.2085],[106.4119,10.2065],[106.4124,10.2041],[106.4081,10.1993],[106.4007,10.2002],[106.3953,10.195],[106.3952,10.191],[106.3966,10.1874],[106.3994,10.1863],[106.4014,10.1843],[106.4043,10.1796],[106.4079,10.1768],[106.4086,10.1735],[106.4104,10.17],[106.4141,10.1668],[106.4112,10.1623],[106.4151,10.1596],[106.419,10.158],[106.4219,10.1615],[106.4244,10.1623],[106.4329,10.1576],[106.4369,10.1676],[106.4379,10.1712],[106.4397,10.1701],[106.4505,10.1686]]]},"properties":{"ma_xa":"28993","ten_xa":"Lương Phú","sap_nhap":"Mỹ Thạnh (huyện Giồng Trôm), Thuận Điền, Lương Phú","tru_so":"đang cập nhật","loai":"Xã","cap":2,"stt":115,"dtich_km2":27.88,"dan_so":25554,"matdo_km2":916.57,"ma_tinh":"86","ten_tinh":"Vĩnh Long"}},
{"type":"Feature","geometry":{"type":"Polygon","coordinates":[[[106.2097,9.7521],[106.204,9.7509],[106.2048,9.7462],[106.2025,9.7434],[106.197,9.7421],[106.1955,9.7474],[106.1877,9.7391],[106.183,9.7371],[106.1823,9.7409],[106.1795,9.7447],[106.1757,9.7433],[106.1764,9.7379],[106.1547,9.731],[106.1531,9.7344],[106.1425,9.7301],[106.1328,9.7265],[106.1513,9.7088],[106.1582,9.7016],[106.1713,9.6872],[106.1853,9.6737],[106.1905,9.679],[106.1946,9.6756],[106.1959,9.6771],[106.198,9.6748],[106.2027,9.6766],[106.2054,9.6786],[106.2087,9.6825],[106.212,9.6848],[106.2179,9.6842],[106.2176,9.6829],[106.2232,9.6828],[106.226,9.6843],[106.2337,9.6857],[106.2357,9.6883],[106.2376,9.6886],[106.2421,9.6922],[106.2423,9.6951],[106.2395,9.6945],[106.2388,9.6992],[106.237,9.6991],[106.2362,9.7035],[106.2371,9.7123],[106.2368,9.7172],[106.2254,9.7149],[106.2144,9.7309],[106.2132,9.7352],[106.2121,9.7357],[106.2099,9.7402],[106.2097,9.7521]]]},"properties":{"ma_xa":"29476","ten_xa":"Lưu Nghiệp Anh","sap_nhap":"An Quảng Hữu, Lưu Nghiệp Anh","tru_so":"đang cập nhật","loai":"Xã","cap":2,"stt":63,"dtich_km2":54.62,"dan_so":29658,"matdo_km2":542.99,"ma_tinh":"86","ten_tinh":"Vĩnh Long"}},
{"type":"Feature","geometry":{"type":"Polygon","coordinates":[[[106.3371,10.1499],[106.3332,10.15],[106.3316,10.1521],[106.3279,10.1501],[106.3238,10.1505],[106.3207,10.1449],[106.3148,10.1439],[106.3107,10.1415],[106.3088,10.136],[106.306,10.1363],[106.303,10.132],[106.2998,10.1311],[106.2964,10.1233],[106.2939,10.1207],[106.2912,10.1209],[106.2906,10.1176],[106.2936,10.1166],[106.2928,10.1138],[106.2889,10.1148],[106.289,10.1125],[106.2945,10.1086],[106.2976,10.1073],[106.2877,10.1006],[106.2855,10.0976],[106.2914,10.0926],[106.3027,10.0889],[106.3021,10.0874],[106.3091,10.0838],[106.3186,10.0806],[106.3171,10.079],[106.322,10.0733],[106.3238,10.0747],[106.3272,10.0721],[106.3319,10.0783],[106.3359,10.0781],[106.3343,10.088],[106.3403,10.0879],[106.3474,10.094],[106.3516,10.0983],[106.3543,10.0968],[106.3558,10.0945],[106.3579,10.0949],[106.3576,10.1011],[106.3594,10.1046],[106.3436,10.116],[106.3403,10.1202],[106.3446,10.129],[106.3497,10.1302],[106.3492,10.1367],[106.348,10.1378],[106.3366,10.1332],[106.3368,10.1401],[106.3377,10.146],[106.3371,10.1499]]]},"properties":{"ma_xa":"28903","ten_xa":"Mỏ Cày","sap_nhap":"Mỏ Cày (thị trấn), An Thạnh (huyện Mỏ Cày Nam), Tân Hội, Đa Phước Hội ","tru_so":"đang cập nhật","loai":"Xã","cap":2,"stt":94,"dtich_km2":38.89,"dan_so":49852,"matdo_km2":1281.87,"ma_tinh":"86","ten_tinh":"Vĩnh Long"}},
{"type":"Feature","geometry":{"type":"Polygon","coordinates":[[[106.6249,10.1505],[106.6232,10.1534],[106.619,10.164],[106.6145,10.1731],[106.6122,10.1764],[106.607,10.1794],[106.6011,10.18],[106.598,10.1796],[106.5911,10.1803],[106.5865,10.1815],[106.5819,10.1835],[106.5781,10.1863],[106.5765,10.1819],[106.5773,10.1766],[106.5787,10.173],[106.5824,10.1679],[106.5868,10.1638],[106.5857,10.1607],[106.5691,10.1597],[106.5653,10.1587],[106.5626,10.1568],[106.5556,10.1491],[106.5517,10.1519],[106.5502,10.1491],[106.5439,10.145],[106.5426,10.1432],[106.5463,10.1312],[106.5447,10.1263],[106.5521,10.1229],[106.5601,10.12],[106.5601,10.1176],[106.5695,10.1161],[106.5732,10.1143],[106.5741,10.1158],[106.5783,10.1136],[106.5814,10.1158],[106.5824,10.1146],[106.5797,10.1083],[106.5786,10.103],[106.5767,10.1031],[106.5748,10.0999],[106.5698,10.0956],[106.5704,10.0895],[106.5742,10.0892],[106.5741,10.0854],[106.5684,10.0777],[106.5693,10.0767],[106.5756,10.077],[106.5879,10.0786],[106.595,10.0793],[106.5998,10.0814],[106.6018,10.0897],[106.5999,10.0909],[106.6115,10.0963],[106.6085,10.1015],[106.5976,10.0967],[106.5934,10.1071],[106.5968,10.1083],[106.5952,10.1136],[106.5963,10.1255],[106.6016,10.1244],[106.5991,10.13],[106.5996,10.1316],[106.5982,10.1354],[106.6046,10.1368],[106.6067,10.1387],[106.6093,10.1488],[106.6116,10.1484],[106.6157,10.1425],[106.6208,10.1485],[106.6249,10.1505]]]},"properties":{"ma_xa":"29122","ten_xa":"Mỹ Chánh Hòa","sap_nhap":"Mỹ Hòa, Mỹ Chánh (huyện Ba Tri), Mỹ Nhơn","tru_so":"đang cập nhật","loai":"Xã","cap":2,"stt":108,"dtich_km2":50.61,"dan_so":29376,"matdo_km2":580.44,"ma_tinh":"86","ten_tinh":"Vĩnh Long"}},
{"type":"Feature","geometry":{"type":"MultiPolygon","coordinates":[[[[106.543,9.7509],[106.5401,9.7531],[106.5371,9.7534],[106.5345,9.7549],[106.531,9.7584],[106.521,9.7661],[106.5189,9.7716],[106.5174,9.7734],[106.5177,9.7801],[106.5192,9.786],[106.5218,9.7913],[106.5232,9.796],[106.523,9.8038],[106.5213,9.808],[106.5163,9.8125],[106.5111,9.8149],[106.5065,9.8179],[106.4991,9.8245],[106.5132,9.8302],[106.51,9.837],[106.5076,9.8404],[106.5018,9.8457],[106.4991,9.8489],[106.493,9.8534],[106.4883,9.853],[106.4822,9.848],[106.4795,9.8449],[106.4714,9.8386],[106.4701,9.8338],[106.4672,9.833],[106.467,9.83],[106.4702,9.8249],[106.4719,9.8239],[106.476,9.8212],[106.4758,9.8148],[106.4783,9.7997],[106.4804,9.7962],[106.4806,9.7942],[106.4852,9.7951],[106.4896,9.7933],[106.4881,9.7914],[106.4909,9.7834],[106.4937,9.7769],[106.4963,9.7749],[106.4985,9.7687],[106.5005,9.7563],[106.501,9.7374],[106.5107,9.7343],[106.5062,9.7271],[106.5078,9.7259],[106.51,9.7281],[106.5115,9.7247],[106.5138,9.7239],[106.515,9.7275],[106.5176,9.727],[106.5169,9.7227],[106.5193,9.7221],[106.5224,9.7237],[106.5278,9.7285],[106.528,9.7313],[106.5316,9.7334],[106.5375,9.7397],[106.5422,9.7481],[106.543,9.7509]]],[[[106.5372,9.7838],[106.5389,9.7838],[106.5451,9.7881],[106.5439,9.7906],[106.5449,9.7956],[106.5432,9.8017],[106.5398,9.8045],[106.5302,9.8074],[106.527,9.806],[106.5278,9.7971],[106.5273,9.7916],[106.5278,9.7888],[106.5297,9.7859],[106.532,9.7843],[106.5372,9.7838]]]]},"properties":{"ma_xa":"29419","ten_xa":"Mỹ Long","sap_nhap":"Mỹ Long (thị trấn), Mỹ Long Bắc, Mỹ Long Nam","tru_so":"đang cập nhật","loai":"Xã","cap":2,"stt":58,"dtich_km2":73.61,"dan_so":25385,"matdo_km2":344.86,"ma_tinh":"86","ten_tinh":"Vĩnh Long"}},
{"type":"Feature","geometry":{"type":"Polygon","coordinates":[[[105.8667,10.1538],[105.8638,10.1545],[105.8516,10.1602],[105.8491,10.15],[105.8296,10.1494],[105.8251,10.1489],[105.8183,10.1496],[105.8155,10.1528],[105.8012,10.1555],[105.7873,10.1732],[105.7797,10.1673],[105.7769,10.1708],[105.7746,10.1703],[105.7744,10.1541],[105.7736,10.1247],[105.7736,10.119],[105.7746,10.1183],[105.7971,10.1123],[105.7969,10.106],[105.8225,10.1],[105.8284,10.0997],[105.831,10.0972],[105.8389,10.0941],[105.8455,10.1],[105.8516,10.1088],[105.8515,10.1031],[105.8576,10.1028],[105.8571,10.1054],[105.8565,10.114],[105.8651,10.115],[105.8626,10.12],[105.8661,10.1298],[105.8646,10.1303],[105.8641,10.135],[105.866,10.1343],[105.8631,10.147],[105.8665,10.1488],[105.8667,10.1538]]]},"properties":{"ma_xa":"29788","ten_xa":"Mỹ Thuận","sap_nhap":"Thành Trung, Nguyễn Văn Thảnh, Mỹ Thuận","tru_so":"đang cập nhật","loai":"Xã","cap":2,"stt":32,"dtich_km2":56.01,"dan_so":29312,"matdo_km2":523.34,"ma_tinh":"86","ten_tinh":"Vĩnh Long"}},
{"type":"Feature","geometry":{"type":"Polygon","coordinates":[[[105.9326,10.0575],[105.9202,10.0591],[105.9062,10.0593],[105.8861,10.0536],[105.8895,10.047],[105.8926,10.0396],[105.8936,10.0328],[105.8924,10.0204],[105.8956,10.0205],[105.8976,10.0129],[105.8941,10.0133],[105.8892,10.0048],[105.8832,9.9931],[105.8824,9.9904],[105.8887,9.9879],[105.884,9.987],[105.8829,9.9843],[105.8862,9.9822],[105.8927,9.9767],[105.8957,9.9753],[105.9054,9.9717],[105.9143,9.9663],[105.9163,9.9685],[105.9177,9.9737],[105.926,9.9759],[105.9291,9.9776],[105.9335,9.9811],[105.9349,9.984],[105.9399,9.9889],[105.9414,9.9902],[105.9648,10.0071],[105.9827,10.0203],[105.9832,10.0204],[105.9846,10.0237],[105.9771,10.0271],[105.9769,10.0309],[105.9727,10.0308],[105.9717,10.0384],[105.9696,10.0384],[105.9692,10.041],[105.9657,10.0406],[105.9646,10.0457],[105.9616,10.0466],[105.9582,10.0454],[105.9547,10.0473],[105.953,10.0454],[105.9494,10.0495],[105.9471,10.0556],[105.9326,10.0575]]]},"properties":{"ma_xa":"29767","ten_xa":"Ngãi Tứ","sap_nhap":"Loan Mỹ,  Bình Ninh, (1 phần) Ngãi Tứ, (1 phần thị trấn) Trà Ôn","tru_so":"đang cập nhật","loai":"Xã","cap":2,"stt":27,"dtich_km2":69.12,"dan_so":48795,"matdo_km2":705.95,"ma_tinh":"86","ten_tinh":"Vĩnh Long"}},
{"type":"Feature","geometry":{"type":"Polygon","coordinates":[[[106.4803,9.7008],[106.4773,9.7021],[106.4749,9.7098],[106.4733,9.7202],[106.4714,9.7256],[106.4719,9.7273],[106.4682,9.7295],[106.4684,9.7266],[106.466,9.7237],[106.4639,9.7226],[106.4601,9.7253],[106.4569,9.7225],[106.452,9.7236],[106.4509,9.7195],[106.4481,9.7202],[106.4461,9.7227],[106.4452,9.7185],[106.441,9.7186],[106.4312,9.7174],[106.4297,9.7149],[106.4304,9.7129],[106.4201,9.7103],[106.4175,9.7091],[106.4113,9.7069],[106.4071,9.71],[106.4044,9.7095],[106.4028,9.7121],[106.4008,9.7112],[106.4022,9.7086],[106.3957,9.7054],[106.3945,9.7024],[106.3946,9.699],[106.3998,9.6908],[106.4025,9.6825],[106.4006,9.6789],[106.3961,9.6771],[106.3956,9.6753],[106.3975,9.6703],[106.3989,9.6649],[106.404,9.6668],[106.4055,9.6565],[106.408,9.6558],[106.4073,9.6517],[106.4078,9.6478],[106.407,9.6458],[106.4082,9.6402],[106.4064,9.6311],[106.4164,9.6298],[106.4163,9.6363],[106.4185,9.6373],[106.4232,9.636],[106.4233,9.6377],[106.4272,9.6379],[106.4381,9.6366],[106.4375,9.6435],[106.4398,9.6438],[106.4409,9.6535],[106.4516,9.6514],[106.4569,9.6522],[106.4573,9.6559],[106.4566,9.6615],[106.4583,9.663],[106.4566,9.6693],[106.4611,9.6706],[106.4618,9.6739],[106.4614,9.6789],[106.4592,9.682],[106.4632,9.6841],[106.4627,9.687],[106.4658,9.6884],[106.4644,9.6942],[106.469,9.6949],[106.4687,9.6962],[106.4735,9.6977],[106.4803,9.7008]]]},"properties":{"ma_xa":"29530","ten_xa":"Ngũ Lạc","sap_nhap":"Thạnh Hòa Sơn, Ngũ Lạc","tru_so":"đang cập nhật","loai":"Xã","cap":2,"stt":76,"dtich_km2":60.92,"dan_so":32309,"matdo_km2":530.35,"ma_tinh":"86","ten_tinh":"Vĩnh Long"}},
{"type":"Feature","geometry":{"type":"Polygon","coordinates":[[[106.329,9.9454],[106.3213,9.9478],[106.3182,9.9471],[106.3164,9.9483],[106.3163,9.9522],[106.313,9.9532],[106.311,9.9522],[106.311,9.9569],[106.3082,9.9592],[106.308,9.9614],[106.3059,9.964],[106.3041,9.9617],[106.3032,9.9576],[106.3,9.9547],[106.2962,9.9535],[106.2924,9.951],[106.2937,9.9468],[106.2913,9.9433],[106.2885,9.9417],[106.2819,9.9396],[106.2792,9.9371],[106.2842,9.9336],[106.2857,9.93],[106.2936,9.9278],[106.2962,9.9259],[106.3017,9.9236],[106.3028,9.9213],[106.3022,9.9186],[106.3002,9.9154],[106.3015,9.9143],[106.3024,9.9078],[106.3095,9.911],[106.3134,9.9062],[106.3194,9.9029],[106.3255,9.9104],[106.33,9.9171],[106.3327,9.9224],[106.335,9.9256],[106.3381,9.9243],[106.3401,9.9335],[106.3348,9.9341],[106.334,9.9371],[106.3358,9.9392],[106.3298,9.9421],[106.329,9.9454]]]},"properties":{"ma_xa":"29254","ten_xa":"Nguyệt Hóa","sap_nhap":"Phường 7, Phường 8(thành phố Trà Vinh), Nguyệt Hóa","tru_so":"đang cập nhật","loai":"Phường","cap":2,"stt":38,"dtich_km2":21.14,"dan_so":37066,"matdo_km2":1753.36,"ma_tinh":"86","ten_tinh":"Vĩnh Long"}},
{"type":"Feature","geometry":{"type":"Polygon","coordinates":[[[106.29,10.0503],[106.2871,10.0535],[106.2791,10.0606],[106.2716,10.0626],[106.2684,10.0649],[106.2658,10.0702],[106.2584,10.0748],[106.2518,10.0773],[106.2436,10.0795],[106.2383,10.0822],[106.2331,10.0766],[106.2325,10.0738],[106.2294,10.0726],[106.2277,10.0675],[106.2285,10.0667],[106.2274,10.0601],[106.225,10.0571],[106.2268,10.0482],[106.2228,10.0436],[106.231,10.0419],[106.2356,10.0508],[106.2387,10.049],[106.2421,10.0487],[106.243,10.0454],[106.2462,10.0414],[106.2481,10.0406],[106.2547,10.0398],[106.259,10.034],[106.2644,10.0365],[106.2653,10.035],[106.2718,10.033],[106.2767,10.029],[106.278,10.0265],[106.2745,10.0214],[106.2699,10.0249],[106.2615,10.0192],[106.2601,10.0203],[106.2501,10.0171],[106.2479,10.0225],[106.2443,10.0201],[106.2457,10.0171],[106.2456,10.0113],[106.2377,10.0146],[106.2344,10.0086],[106.2326,10.0041],[106.2257,9.9899],[106.2208,9.9908],[106.2191,9.9848],[106.2195,9.9831],[106.2177,9.9809],[106.217,9.9717],[106.2197,9.9698],[106.2232,9.9734],[106.2251,9.9778],[106.2288,9.9792],[106.2335,9.9821],[106.2338,9.9865],[106.2369,9.9901],[106.2376,9.9932],[106.2423,9.9986],[106.2447,9.9986],[106.2477,10],[106.2519,9.9949],[106.2554,9.9889],[106.2598,9.9886],[106.2616,9.9897],[106.2615,9.9929],[106.2647,9.9982],[106.2689,9.996],[106.2716,9.9975],[106.2714,10.0004],[106.2741,10.0025],[106.2801,9.999],[106.2819,9.9938],[106.2845,9.991],[106.2905,9.991],[106.2935,9.9895],[106.2961,9.987],[106.3005,9.988],[106.3039,9.9873],[106.307,9.983],[106.3095,9.9821],[106.3105,9.984],[106.31,9.9889],[106.3142,9.9941],[106.3149,9.9971],[106.3119,10.0018],[106.3048,10.0054],[106.3035,10.0074],[106.3035,10.0104],[106.3076,10.0125],[106.3135,10.0125],[106.3208,10.017],[106.3179,10.0186],[106.3087,10.0258],[106.3005,10.0342],[106.2956,10.0401],[106.292,10.0477],[106.29,10.0503]]]},"properties":{"ma_xa":"29302","ten_xa":"Nhị Long","sap_nhap":"Đại Phước, Đức Mỹ, Nhị Long","tru_so":"đang cập nhật","loai":"Xã","cap":2,"stt":43,"dtich_km2":57.95,"dan_so":34633,"matdo_km2":597.64,"ma_tinh":"86","ten_tinh":"Vĩnh Long"}},
{"type":"Feature","geometry":{"type":"Polygon","coordinates":[[[106.3785,9.8175],[106.3778,9.8149],[106.3695,9.8121],[106.3608,9.8028],[106.3565,9.796],[106.3563,9.7938],[106.3533,9.7937],[106.3494,9.7922],[106.3431,9.7942],[106.3439,9.7882],[106.344,9.7793],[106.3406,9.7746],[106.3353,9.7747],[106.3306,9.7713],[106.3303,9.7674],[106.3283,9.7652],[106.3247,9.7642],[106.3266,9.7598],[106.3295,9.7564],[106.3412,9.7582],[106.3436,9.7515],[106.3459,9.748],[106.3517,9.7376],[106.3557,9.7319],[106.3571,9.7323],[106.3595,9.7281],[106.3621,9.7298],[106.3649,9.728],[106.3729,9.7304],[106.3738,9.7286],[106.3839,9.7321],[106.3883,9.7351],[106.3901,9.7372],[106.394,9.735],[106.3988,9.7351],[106.4039,9.7361],[106.4034,9.74],[106.4081,9.7409],[106.4086,9.7434],[106.4072,9.749],[106.4071,9.7542],[106.4084,9.7541],[106.4115,9.7574],[106.4123,9.7639],[106.4136,9.7644],[106.4167,9.774],[106.4185,9.778],[106.4206,9.7804],[106.4211,9.783],[106.4246,9.784],[106.4289,9.7904],[106.4313,9.7913],[106.4302,9.7976],[106.4279,9.8001],[106.4307,9.8057],[106.4329,9.8149],[106.4107,9.8139],[106.4081,9.8141],[106.4033,9.8158],[106.3785,9.8175]]]},"properties":{"ma_xa":"29446","ten_xa":"Nhị Trường","sap_nhap":"Hiệp Hòa, Trường Thọ, Nhị Trường","tru_so":"đang cập nhật","loai":"Xã","cap":2,"stt":61,"dtich_km2":72.34,"dan_so":38184,"matdo_km2":527.84,"ma_tinh":"86","ten_tinh":"Vĩnh Long"}},
{"type":"Feature","geometry":{"type":"Polygon","coordinates":[[[106.1053,10.2392],[106.0947,10.2424],[106.084,10.2433],[106.0634,10.244],[106.0508,10.2452],[106.0438,10.2472],[106.0413,10.249],[106.0341,10.2569],[106.0209,10.2604],[106.0168,10.252],[106.0202,10.249],[106.0233,10.2477],[106.0242,10.2425],[106.0286,10.2411],[106.027,10.2348],[106.0248,10.2336],[106.0189,10.2268],[106.022,10.2237],[106.0241,10.2253],[106.0272,10.2235],[106.0288,10.2259],[106.0319,10.2177],[106.043,10.2209],[106.0493,10.2216],[106.0525,10.2208],[106.053,10.213],[106.0542,10.2121],[106.0571,10.2058],[106.0616,10.2048],[106.0582,10.1975],[106.0635,10.1948],[106.0665,10.1914],[106.0702,10.1855],[106.0716,10.1852],[106.0743,10.1912],[106.0822,10.1957],[106.0894,10.1995],[106.0932,10.2033],[106.0922,10.2049],[106.0967,10.2079],[106.0975,10.2122],[106.1024,10.2187],[106.1032,10.2221],[106.1053,10.2226],[106.106,10.2305],[106.1027,10.2336],[106.1053,10.2392]]]},"properties":{"ma_xa":"29623","ten_xa":"Nhơn Phú","sap_nhap":"Mỹ An (huyện Mang Thít), Mỹ Phước, Nhơn Phú","tru_so":"đang cập nhật","loai":"Xã","cap":2,"stt":3,"dtich_km2":38.09,"dan_so":34898,"matdo_km2":916.2,"ma_tinh":"86","ten_tinh":"Vĩnh Long"}},
{"type":"Feature","geometry":{"type":"Polygon","coordinates":[[[106.2964,10.1233],[106.2951,10.1249],[106.2922,10.1254],[106.2878,10.1235],[106.2852,10.1249],[106.281,10.1221],[106.2799,10.1229],[106.2742,10.1219],[106.2702,10.1326],[106.2773,10.1344],[106.2793,10.1327],[106.2812,10.1337],[106.2836,10.1318],[106.2859,10.1316],[106.2863,10.1278],[106.2884,10.1278],[106.2894,10.1303],[106.2884,10.1338],[106.292,10.139],[106.293,10.1446],[106.2911,10.1444],[106.2921,10.1505],[106.291,10.1522],[106.288,10.1534],[106.288,10.1564],[106.2866,10.1628],[106.2872,10.1659],[106.2685,10.176],[106.2679,10.1647],[106.2624,10.1552],[106.2569,10.153],[106.2538,10.1501],[106.2428,10.1492],[106.2384,10.1477],[106.2369,10.1512],[106.2336,10.152],[106.2298,10.1514],[106.2226,10.1513],[106.219,10.1493],[106.2237,10.1446],[106.2318,10.1345],[106.2348,10.1298],[106.2398,10.1205],[106.2518,10.1036],[106.2606,10.0954],[106.2652,10.0896],[106.2731,10.0782],[106.277,10.0719],[106.2784,10.0764],[106.278,10.0802],[106.28,10.0843],[106.2835,10.0883],[106.2854,10.0949],[106.2855,10.0976],[106.2877,10.1006],[106.2976,10.1073],[106.2945,10.1086],[106.289,10.1125],[106.2889,10.1148],[106.2928,10.1138],[106.2936,10.1166],[106.2906,10.1176],[106.2912,10.1209],[106.2939,10.1207],[106.2964,10.1233]]]},"properties":{"ma_xa":"28948","ten_xa":"Nhuận Phú Tân","sap_nhap":"Khánh Thạnh Tân, Tân Thanh Tây, Nhuận Phú Tân","tru_so":"đang cập nhật","loai":"Xã","cap":2,"stt":92,"dtich_km2":41.64,"dan_so":38837,"matdo_km2":932.68,"ma_tinh":"86","ten_tinh":"Vĩnh Long"}},
{"type":"Feature","geometry":{"type":"Polygon","coordinates":[[[106.1656,9.8616],[106.1634,9.8603],[106.1596,9.8604],[106.1559,9.8631],[106.1564,9.8664],[106.1537,9.8656],[106.145,9.865],[106.1419,9.8676],[106.1383,9.8758],[106.1358,9.8784],[106.1344,9.8779],[106.1243,9.8692],[106.1176,9.8629],[106.1175,9.8587],[106.1155,9.8577],[106.1101,9.8614],[106.1073,9.8626],[106.1045,9.8659],[106.1011,9.8613],[106.096,9.8592],[106.0883,9.8536],[106.0851,9.8488],[106.0835,9.8483],[106.0823,9.8442],[106.0802,9.844],[106.0785,9.8397],[106.0753,9.8402],[106.0722,9.8385],[106.0742,9.8326],[106.0716,9.8289],[106.0678,9.8271],[106.0667,9.8252],[106.0584,9.8224],[106.0518,9.8196],[106.0547,9.8136],[106.0543,9.8117],[106.0491,9.8046],[106.0533,9.7996],[106.0574,9.7938],[106.0608,9.7901],[106.0692,9.7784],[106.0735,9.7744],[106.0781,9.7715],[106.0848,9.769],[106.0947,9.7639],[106.1012,9.7594],[106.1107,9.7515],[106.1121,9.7582],[106.1114,9.7631],[106.109,9.7664],[106.1021,9.7714],[106.106,9.7765],[106.0993,9.7819],[106.1017,9.7846],[106.1054,9.7904],[106.1036,9.791],[106.1033,9.7938],[106.116,9.7956],[106.1183,9.7983],[106.1159,9.8041],[106.1188,9.8067],[106.123,9.8061],[106.1264,9.8037],[106.1278,9.8091],[106.1269,9.814],[106.1286,9.814],[106.1305,9.8167],[106.1362,9.8205],[106.1383,9.8228],[106.1426,9.8281],[106.1554,9.8408],[106.1583,9.8427],[106.1608,9.8428],[106.1592,9.847],[106.1619,9.8493],[106.1639,9.8557],[106.1675,9.8572],[106.1671,9.8606],[106.1656,9.8616]]]},"properties":{"ma_xa":"29329","ten_xa":"Phong Thạnh","sap_nhap":"Ninh Thới, Phong Phú, Phong Thạnh","tru_so":"đang cập nhật","loai":"Xã","cap":2,"stt":51,"dtich_km2":77.33,"dan_so":41525,"matdo_km2":536.98,"ma_tinh":"86","ten_tinh":"Vĩnh Long"}},
{"type":"Feature","geometry":{"type":"Polygon","coordinates":[[[106.4329,10.2455],[106.4265,10.248],[106.4201,10.249],[106.4142,10.2536],[106.4069,10.2571],[106.3852,10.2641],[106.3835,10.2584],[106.3627,10.2492],[106.3683,10.248],[106.3703,10.2429],[106.3797,10.2442],[106.3828,10.2401],[106.3822,10.2366],[106.3809,10.2341],[106.3877,10.2345],[106.3984,10.2346],[106.4024,10.2342],[106.3997,10.2277],[106.398,10.2256],[106.3931,10.2247],[106.3919,10.223],[106.3866,10.2241],[106.3803,10.2208],[106.3822,10.2182],[106.3903,10.2135],[106.3882,10.2107],[106.3939,10.2054],[106.3909,10.2016],[106.3878,10.2006],[106.3853,10.1971],[106.3897,10.1931],[106.3916,10.1945],[106.3952,10.191],[106.3953,10.195],[106.4007,10.2002],[106.4081,10.1993],[106.4124,10.2041],[106.4119,10.2065],[106.4098,10.2085],[106.4099,10.2111],[106.4132,10.2194],[106.416,10.2195],[106.416,10.2225],[106.4139,10.2273],[106.4188,10.23],[106.4265,10.2333],[106.4294,10.2352],[106.4307,10.2374],[106.4329,10.2455]]]},"properties":{"ma_xa":"28756","ten_xa":"Phú Khương","sap_nhap":"Phường 8(thành phố Bến Tre), Phú Khương, Phú Hưng,  Nhơn Thạnh","tru_so":"đang cập nhật","loai":"Phường","cap":2,"stt":78,"dtich_km2":24.97,"dan_so":47059,"matdo_km2":1884.62,"ma_tinh":"86","ten_tinh":"Vĩnh Long"}},
{"type":"Feature","geometry":{"type":"Polygon","coordinates":[[[106.1042,10.2836],[106.0956,10.2779],[106.0883,10.2763],[106.0835,10.2764],[106.0788,10.2774],[106.0752,10.2789],[106.0654,10.2839],[106.0576,10.2874],[106.039,10.2967],[106.0347,10.2991],[106.0312,10.2923],[106.0292,10.2897],[106.0301,10.2868],[106.0283,10.2832],[106.0298,10.2788],[106.0276,10.2737],[106.0319,10.2723],[106.0351,10.2721],[106.0345,10.2672],[106.0349,10.2634],[106.037,10.259],[106.0341,10.2569],[106.0413,10.249],[106.0438,10.2472],[106.0508,10.2452],[106.0634,10.244],[106.084,10.2433],[106.0947,10.2424],[106.1053,10.2392],[106.1197,10.2335],[106.1283,10.2281],[106.1324,10.2366],[106.1339,10.2387],[106.1237,10.2461],[106.1184,10.2586],[106.116,10.2594],[106.1164,10.2625],[106.118,10.2629],[106.126,10.2785],[106.1262,10.2845],[106.114,10.2843],[106.1042,10.2836]]]},"properties":{"ma_xa":"28879","ten_xa":"Phú Phụng","sap_nhap":"Sơn Định, Vĩnh Bình, Phú Phụng","tru_so":"đang cập nhật","loai":"Xã","cap":2,"stt":86,"dtich_km2":47.89,"dan_so":38495,"matdo_km2":803.82,"ma_tinh":"86","ten_tinh":"Vĩnh Long"}},
{"type":"Feature","geometry":{"type":"Polygon","coordinates":[[[105.9427,10.1963],[105.9362,10.1985],[105.9176,10.2054],[105.9132,10.1924],[105.8994,10.1917],[105.8951,10.1856],[105.8891,10.1888],[105.8861,10.1869],[105.8834,10.1888],[105.8761,10.1891],[105.8763,10.1818],[105.8702,10.1687],[105.8743,10.1663],[105.8706,10.1544],[105.8806,10.1498],[105.8834,10.1503],[105.8839,10.1522],[105.8873,10.1516],[105.8919,10.1534],[105.8982,10.1524],[105.9038,10.1507],[105.9043,10.1496],[105.9275,10.1412],[105.9273,10.147],[105.9428,10.1422],[105.948,10.1431],[105.9492,10.1447],[105.9497,10.1519],[105.9531,10.158],[105.9561,10.1582],[105.9584,10.1607],[105.9604,10.1659],[105.9642,10.1641],[105.9737,10.1781],[105.9732,10.1807],[105.9754,10.1851],[105.9724,10.1844],[105.9695,10.1849],[105.962,10.1916],[105.9605,10.1919],[105.9547,10.1932],[105.9427,10.1963]]]},"properties":{"ma_xa":"29611","ten_xa":"Phú Quới","sap_nhap":"Lộc Hòa, Hòa Phú, Thạnh Quới, Phú Quới","tru_so":"đang cập nhật","loai":"Xã","cap":2,"stt":7,"dtich_km2":50.58,"dan_so":49669,"matdo_km2":981.99,"ma_tinh":"86","ten_tinh":"Vĩnh Long"}},
{"type":"Feature","geometry":{"type":"Polygon","coordinates":[[[106.4399,10.2655],[106.4373,10.2658],[106.4287,10.2751],[106.4249,10.2768],[106.4137,10.2782],[106.4,10.281],[106.396,10.2827],[106.3894,10.2874],[106.3803,10.2903],[106.3729,10.2915],[106.3632,10.2923],[106.3638,10.2884],[106.3667,10.2841],[106.3644,10.2819],[106.3607,10.282],[106.3551,10.2836],[106.3535,10.2777],[106.3554,10.2762],[106.3561,10.2726],[106.3576,10.2724],[106.3589,10.2678],[106.3631,10.2663],[106.3614,10.2588],[106.3604,10.2571],[106.3616,10.2546],[106.3602,10.2492],[106.3627,10.2492],[106.3835,10.2584],[106.3852,10.2641],[106.4069,10.2571],[106.4142,10.2536],[106.4201,10.249],[106.4265,10.248],[106.4329,10.2455],[106.438,10.2622],[106.4399,10.2655]]]},"properties":{"ma_xa":"28858","ten_xa":"Phú Tân","sap_nhap":"Phú Tân, Hữu Định, Phước Thạnh","tru_so":"đang cập nhật","loai":"Phường","cap":2,"stt":81,"dtich_km2":26.58,"dan_so":28568,"matdo_km2":1074.79,"ma_tinh":"86","ten_tinh":"Vĩnh Long"}},
{"type":"Feature","geometry":{"type":"Polygon","coordinates":[[[106.4755,10.3067],[106.4597,10.3077],[106.4522,10.3076],[106.4483,10.3065],[106.4526,10.3013],[106.4492,10.2964],[106.4474,10.2924],[106.4447,10.2824],[106.4676,10.2711],[106.4766,10.265],[106.4751,10.2602],[106.4775,10.2596],[106.4913,10.2522],[106.4927,10.2547],[106.4959,10.2546],[106.4993,10.2575],[106.5036,10.2571],[106.5036,10.2604],[106.508,10.2607],[106.5083,10.2643],[106.5105,10.2729],[106.5215,10.2698],[106.533,10.2678],[106.5314,10.2689],[106.5259,10.2752],[106.521,10.2793],[106.5186,10.2819],[106.5018,10.2891],[106.4932,10.2943],[106.4868,10.2992],[106.4755,10.3067]]]},"properties":{"ma_xa":"29062","ten_xa":"Phú Thuận","sap_nhap":"Long Định, Tam Hiệp, Phú Thuận","tru_so":"đang cập nhật","loai":"Xã","cap":2,"stt":124,"dtich_km2":29.28,"dan_so":16883,"matdo_km2":576.61,"ma_tinh":"86","ten_tinh":"Vĩnh Long"}},
{"type":"Feature","geometry":{"type":"Polygon","coordinates":[[[106.358,10.2935],[106.3594,10.2988],[106.3609,10.2982],[106.3628,10.307],[106.3653,10.3091],[106.3706,10.3083],[106.3734,10.3169],[106.3764,10.3207],[106.3797,10.321],[106.3814,10.3189],[106.3853,10.3295],[106.3873,10.339],[106.3827,10.3396],[106.3727,10.3401],[106.3647,10.339],[106.3528,10.3355],[106.3434,10.3321],[106.3414,10.3298],[106.3272,10.3262],[106.3225,10.3254],[106.3112,10.3211],[106.3056,10.3192],[106.3013,10.319],[106.2968,10.3209],[106.2912,10.3255],[106.286,10.3271],[106.2772,10.3276],[106.2725,10.325],[106.2559,10.322],[106.2487,10.3203],[106.2503,10.3148],[106.2484,10.3117],[106.2451,10.3098],[106.2425,10.3094],[106.2445,10.305],[106.2433,10.3004],[106.2433,10.297],[106.2515,10.299],[106.2555,10.2996],[106.2722,10.3048],[106.276,10.3047],[106.2879,10.3034],[106.283,10.2999],[106.2848,10.2985],[106.2845,10.2905],[106.2857,10.2869],[106.2826,10.2875],[106.2765,10.2868],[106.2769,10.2812],[106.2813,10.2811],[106.2811,10.2726],[106.2784,10.2709],[106.2776,10.2668],[106.2789,10.262],[106.2863,10.2621],[106.2913,10.2613],[106.3019,10.2576],[106.3057,10.2559],[106.3174,10.2495],[106.3251,10.2551],[106.3205,10.2579],[106.3195,10.2596],[106.3212,10.2621],[106.3247,10.2699],[106.3208,10.2709],[106.3219,10.2786],[106.3189,10.2792],[106.3211,10.2908],[106.3191,10.2934],[106.3187,10.2971],[106.3195,10.2998],[106.3179,10.3048],[106.3243,10.3056],[106.3287,10.3053],[106.3361,10.3005],[106.3412,10.2991],[106.358,10.2935]]]},"properties":{"ma_xa":"28810","ten_xa":"Phú Túc","sap_nhap":"Châu Thành (thị trấn), Tân Thạch, Tường Đa, Phú Túc","tru_so":"đang cập nhật","loai":"Xã","cap":2,"stt":82,"dtich_km2":63.14,"dan_so":62073,"matdo_km2":983.1,"ma_tinh":"86","ten_tinh":"Vĩnh Long"}},
{"type":"Feature","geometry":{"type":"Polygon","coordinates":[[[105.9927,10.2319],[105.9916,10.2345],[105.9865,10.2414],[105.9848,10.245],[105.9785,10.2527],[105.972,10.2479],[105.969,10.252],[105.9652,10.2503],[105.9657,10.2446],[105.9644,10.2422],[105.9617,10.2415],[105.96,10.2338],[105.9576,10.2316],[105.9556,10.2282],[105.9555,10.2259],[105.9528,10.2231],[105.9494,10.2128],[105.9446,10.2002],[105.9427,10.1963],[105.9547,10.1932],[105.9605,10.1919],[105.9621,10.1954],[105.9625,10.2023],[105.9621,10.2062],[105.9663,10.2078],[105.9671,10.2104],[105.9698,10.2128],[105.97,10.2146],[105.9728,10.2159],[105.9731,10.2199],[105.9769,10.2266],[105.9801,10.2274],[105.9828,10.2232],[105.9865,10.2268],[105.9918,10.2292],[105.9927,10.2319]]]},"properties":{"ma_xa":"29557","ten_xa":"Phước Hậu","sap_nhap":"Phường 3, Phường 4 (thành phố Vĩnh Long), Phước Hậu","tru_so":"đang cập nhật","loai":"Phường","cap":2,"stt":10,"dtich_km2":15.52,"dan_so":50839,"matdo_km2":3275.71,"ma_tinh":"86","ten_tinh":"Vĩnh Long"}},
{"type":"Feature","geometry":{"type":"Polygon","coordinates":[[[106.4505,10.1686],[106.4397,10.1701],[106.4379,10.1712],[106.4369,10.1676],[106.4329,10.1576],[106.4244,10.1623],[106.4219,10.1615],[106.419,10.158],[106.4151,10.1596],[106.4112,10.1623],[106.4141,10.1668],[106.4104,10.17],[106.4086,10.1735],[106.4079,10.1768],[106.4021,10.1722],[106.398,10.1654],[106.3875,10.16],[106.3837,10.1576],[106.3821,10.16],[106.379,10.1667],[106.3759,10.1725],[106.3686,10.1741],[106.3631,10.173],[106.3659,10.1661],[106.3718,10.1547],[106.3768,10.1442],[106.388,10.1266],[106.3958,10.1167],[106.408,10.1054],[106.4101,10.1031],[106.4127,10.1063],[106.413,10.1112],[106.4098,10.1212],[106.4095,10.126],[106.4026,10.1352],[106.4048,10.1388],[106.4087,10.1395],[106.4149,10.1383],[106.4149,10.1358],[106.4134,10.1317],[106.4165,10.1312],[106.4191,10.1293],[106.4275,10.1321],[106.4303,10.1302],[106.4325,10.1329],[106.4368,10.1318],[106.4362,10.1347],[106.4384,10.1375],[106.4413,10.1361],[106.4463,10.1393],[106.4514,10.1389],[106.4549,10.1394],[106.4583,10.142],[106.4552,10.1461],[106.4574,10.1481],[106.4596,10.1484],[106.4665,10.1508],[106.4689,10.1527],[106.4722,10.153],[106.4762,10.1553],[106.4788,10.1592],[106.4801,10.1644],[106.4777,10.1677],[106.4724,10.1686],[106.4711,10.1664],[106.4684,10.1647],[106.4591,10.1627],[106.459,10.1653],[106.4558,10.1648],[106.4505,10.1686]]]},"properties":{"ma_xa":"29020","ten_xa":"Phước Long","sap_nhap":"Long Mỹ (huyện Giồng Trôm), Hưng Phong, Phước Long","tru_so":"đang cập nhật","loai":"Xã","cap":2,"stt":114,"dtich_km2":39.95,"dan_so":27284,"matdo_km2":682.95,"ma_tinh":"86","ten_tinh":"Vĩnh Long"}},
{"type":"Feature","geometry":{"type":"Polygon","coordinates":[[[106.3222,10.2235],[106.312,10.2342],[106.3076,10.237],[106.304,10.2383],[106.2959,10.2396],[106.2892,10.2421],[106.2791,10.2446],[106.2733,10.2466],[106.2689,10.2497],[106.2635,10.2567],[106.2538,10.253],[106.249,10.2506],[106.2528,10.248],[106.2494,10.2445],[106.2502,10.241],[106.2553,10.2336],[106.2511,10.223],[106.2495,10.2226],[106.2385,10.2231],[106.2383,10.2164],[106.2473,10.2176],[106.2492,10.2185],[106.2518,10.2173],[106.2572,10.2126],[106.2595,10.2154],[106.2628,10.2168],[106.2632,10.2151],[106.2624,10.2106],[106.2656,10.2074],[106.2688,10.2029],[106.2658,10.2002],[106.2663,10.1986],[106.2605,10.1984],[106.262,10.1959],[106.2632,10.191],[106.261,10.189],[106.262,10.1858],[106.2672,10.1835],[106.2687,10.1808],[106.2728,10.1833],[106.2742,10.1813],[106.2795,10.1804],[106.2802,10.1767],[106.2823,10.1777],[106.2858,10.1823],[106.2896,10.186],[106.2961,10.1896],[106.2973,10.1932],[106.3005,10.1942],[106.2997,10.1963],[106.3008,10.2015],[106.3024,10.2021],[106.3044,10.1996],[106.3091,10.2019],[106.3108,10.2039],[106.3113,10.2064],[106.3073,10.2097],[106.3047,10.2149],[106.307,10.2175],[106.3102,10.2154],[106.3125,10.2182],[106.3207,10.2196],[106.3222,10.2235]]]},"properties":{"ma_xa":"28915","ten_xa":"Phước Mỹ Trung","sap_nhap":"Phước Mỹ Trung (thị trấn), Phú Mỹ, Thạnh Ngãi, Tân Phú Tây","tru_so":"đang cập nhật","loai":"Xã","cap":2,"stt":90,"dtich_km2":38.19,"dan_so":36526,"matdo_km2":956.43,"ma_tinh":"86","ten_tinh":"Vĩnh Long"}},
{"type":"Feature","geometry":{"type":"Polygon","coordinates":[[[106.1707,10.161],[106.1683,10.1649],[106.1636,10.1647],[106.158,10.1598],[106.1537,10.1566],[106.1514,10.1565],[106.145,10.1609],[106.1339,10.1625],[106.1271,10.1648],[106.1251,10.1674],[106.1242,10.1708],[106.1216,10.175],[106.1187,10.1758],[106.1115,10.1714],[106.1072,10.1712],[106.1042,10.1696],[106.1021,10.1663],[106.1005,10.1582],[106.0989,10.145],[106.1005,10.141],[106.1028,10.1395],[106.1172,10.1407],[106.1188,10.1374],[106.1227,10.1415],[106.1287,10.1387],[106.1321,10.1437],[106.1428,10.1364],[106.1464,10.1325],[106.1567,10.1256],[106.1554,10.1233],[106.1552,10.1194],[106.15,10.1191],[106.1518,10.1149],[106.1591,10.1109],[106.1612,10.1115],[106.1639,10.1104],[106.1666,10.1074],[106.1701,10.1072],[106.1719,10.1043],[106.1716,10.1016],[106.1762,10.1012],[106.1772,10.1019],[106.1819,10.1016],[106.1841,10.098],[106.1868,10.098],[106.1874,10.1016],[106.1911,10.1021],[106.1961,10.0985],[106.1973,10.0983],[106.2053,10.0997],[106.2124,10.099],[106.2167,10.1028],[106.2069,10.1124],[106.2022,10.1166],[106.1973,10.1222],[106.1882,10.1335],[106.1843,10.1393],[106.179,10.1489],[106.1736,10.1546],[106.1707,10.161]]]},"properties":{"ma_xa":"29668","ten_xa":"Quới An","sap_nhap":"Trung Thành Tây, Tân Quới Trung, Quới An","tru_so":"đang cập nhật","loai":"Xã","cap":2,"stt":16,"dtich_km2":44.93,"dan_so":29101,"matdo_km2":647.7,"ma_tinh":"86","ten_tinh":"Vĩnh Long"}},
{"type":"Feature","geometry":{"type":"Polygon","coordinates":[[[106.4827,10.0269],[106.4786,10.0299],[106.4736,10.0355],[106.4664,10.0306],[106.4637,10.0279],[106.4597,10.0261],[106.4597,10.0208],[106.4654,10.0203],[106.4656,10.0088],[106.465,10.0059],[106.464,9.9925],[106.4582,9.9954],[106.4517,9.9777],[106.4497,9.9728],[106.4591,9.9692],[106.4603,9.9669],[106.4574,9.9639],[106.4559,9.9599],[106.4508,9.9581],[106.4482,9.9578],[106.443,9.9525],[106.445,9.9486],[106.4445,9.9462],[106.4406,9.9424],[106.4551,9.9365],[106.4753,9.9254],[106.4843,9.9195],[106.4855,9.9248],[106.4885,9.9255],[106.4854,9.929],[106.4877,9.9314],[106.4869,9.9342],[106.4914,9.9356],[106.4864,9.9553],[106.5064,9.9627],[106.522,9.971],[106.523,9.9723],[106.5163,9.9774],[106.4994,9.992],[106.4946,9.9967],[106.4922,9.9999],[106.4849,10.0131],[106.4898,10.0229],[106.4827,10.0269]]]},"properties":{"ma_xa":"29191","ten_xa":"Quới Điền","sap_nhap":"Hòa Lợi (huyện Thạnh Phú), Mỹ Hưng, Quới Điền","tru_so":"đang cập nhật","loai":"Xã","cap":2,"stt":99,"dtich_km2":49.58,"dan_so":30012,"matdo_km2":605.32,"ma_tinh":"86","ten_tinh":"Vĩnh Long"}},
{"type":"Feature","geometry":{"type":"Polygon","coordinates":[[[106.2039,10.1651],[106.1935,10.1737],[106.1871,10.1781],[106.1827,10.1774],[106.1799,10.1779],[106.1767,10.1763],[106.1726,10.1638],[106.1707,10.161],[106.1736,10.1546],[106.179,10.1489],[106.1843,10.1393],[106.1882,10.1335],[106.1973,10.1222],[106.2022,10.1166],[106.2069,10.1124],[106.2167,10.1028],[106.2247,10.0944],[106.2317,10.0876],[106.2383,10.0822],[106.2436,10.0795],[106.2518,10.0773],[106.2584,10.0748],[106.2658,10.0702],[106.2684,10.0649],[106.2716,10.0626],[106.2791,10.0606],[106.2871,10.0535],[106.29,10.0503],[106.277,10.0719],[106.2731,10.0782],[106.2652,10.0896],[106.2606,10.0954],[106.2518,10.1036],[106.2398,10.1205],[106.2348,10.1298],[106.2318,10.1345],[106.2237,10.1446],[106.219,10.1493],[106.2039,10.1651]]]},"properties":{"ma_xa":"29677","ten_xa":"Quới Thiện","sap_nhap":"Thanh Bình, Quới Thiện","tru_so":"đang cập nhật","loai":"Xã","cap":2,"stt":13,"dtich_km2":46.95,"dan_so":26240,"matdo_km2":558.89,"ma_tinh":"86","ten_tinh":"Vĩnh Long"}},
{"type":"Feature","geometry":{"type":"Polygon","coordinates":[[[106.3627,10.2492],[106.3602,10.2492],[106.3616,10.2546],[106.3604,10.2571],[106.3614,10.2588],[106.3631,10.2663],[106.3589,10.2678],[106.3576,10.2724],[106.3561,10.2726],[106.3554,10.2762],[106.3535,10.2777],[106.3551,10.2836],[106.3607,10.282],[106.3644,10.2819],[106.3667,10.2841],[106.3638,10.2884],[106.3632,10.2923],[106.358,10.2935],[106.3412,10.2991],[106.3361,10.3005],[106.3287,10.3053],[106.3243,10.3056],[106.3179,10.3048],[106.3195,10.2998],[106.3187,10.2971],[106.3191,10.2934],[106.3211,10.2908],[106.3189,10.2792],[106.3219,10.2786],[106.3208,10.2709],[106.3247,10.2699],[106.3212,10.2621],[106.3195,10.2596],[106.3205,10.2579],[106.3251,10.2551],[106.3279,10.2603],[106.3303,10.2578],[106.3336,10.2567],[106.3334,10.2538],[106.3366,10.2479],[106.3435,10.2533],[106.3459,10.2534],[106.3477,10.2583],[106.3524,10.2583],[106.3527,10.2494],[106.3542,10.2485],[106.354,10.2448],[106.3592,10.2425],[106.3598,10.24],[106.365,10.2383],[106.3714,10.2409],[106.3703,10.2429],[106.3683,10.248],[106.3627,10.2492]]]},"properties":{"ma_xa":"28783","ten_xa":"Sơn Đông","sap_nhap":"Phường 6, Sơn Đông, Tam Phước","tru_so":"đang cập nhật","loai":"Phường","cap":2,"stt":80,"dtich_km2":23.48,"dan_so":34188,"matdo_km2":1456.05,"ma_tinh":"86","ten_tinh":"Vĩnh Long"}},
{"type":"Feature","geometry":{"type":"Polygon","coordinates":[[[106.3194,9.9029],[106.3134,9.9062],[106.3095,9.911],[106.3024,9.9078],[106.3015,9.9143],[106.3002,9.9154],[106.3022,9.9186],[106.3028,9.9213],[106.3017,9.9236],[106.2962,9.9259],[106.2936,9.9278],[106.2857,9.93],[106.2842,9.9336],[106.2792,9.9371],[106.2756,9.9343],[106.2703,9.9312],[106.2656,9.9248],[106.2622,9.9235],[106.2655,9.9173],[106.2645,9.915],[106.2605,9.9141],[106.2592,9.9153],[106.2544,9.9159],[106.2525,9.9172],[106.2485,9.9178],[106.2445,9.9172],[106.2404,9.9128],[106.2353,9.9042],[106.2362,9.8985],[106.2281,9.8954],[106.2238,9.8916],[106.2198,9.8898],[106.225,9.8758],[106.2256,9.8749],[106.2301,9.8792],[106.234,9.8707],[106.2346,9.8672],[106.2323,9.8646],[106.2337,9.8575],[106.2342,9.8516],[106.2364,9.8453],[106.2408,9.846],[106.2435,9.8435],[106.2469,9.8434],[106.2468,9.8406],[106.2499,9.8406],[106.2605,9.8456],[106.2596,9.8473],[106.2673,9.8511],[106.2715,9.8496],[106.276,9.841],[106.2787,9.841],[106.28,9.8377],[106.2865,9.8415],[106.2901,9.8428],[106.3054,9.8499],[106.3065,9.8499],[106.3105,9.8679],[106.3122,9.8705],[106.3161,9.87],[106.3225,9.871],[106.321,9.8771],[106.3253,9.8784],[106.3232,9.882],[106.3299,9.8831],[106.3278,9.8857],[106.3275,9.8882],[106.335,9.889],[106.3345,9.8973],[106.3211,9.9016],[106.3194,9.9029]]]},"properties":{"ma_xa":"29386","ten_xa":"Song Lộc","sap_nhap":"Lương Hòa (huyện Châu Thành), Lương Hòa A, Song Lộc ","tru_so":"đang cập nhật","loai":"Xã","cap":2,"stt":45,"dtich_km2":80.1,"dan_so":42628,"matdo_km2":532.18,"ma_tinh":"86","ten_tinh":"Vĩnh Long"}},
{"type":"Feature","geometry":{"type":"Polygon","coordinates":[[[105.9275,10.1412],[105.9043,10.1496],[105.9038,10.1507],[105.8982,10.1524],[105.8919,10.1534],[105.8873,10.1516],[105.8839,10.1522],[105.8834,10.1503],[105.8806,10.1498],[105.8706,10.1544],[105.8675,10.1558],[105.8667,10.1538],[105.8665,10.1488],[105.8631,10.147],[105.866,10.1343],[105.8641,10.135],[105.8646,10.1303],[105.8661,10.1298],[105.8626,10.12],[105.8651,10.115],[105.8565,10.114],[105.8571,10.1054],[105.8576,10.1028],[105.8612,10.0926],[105.8596,10.0809],[105.8621,10.0688],[105.8654,10.0558],[105.8701,10.0525],[105.8765,10.0496],[105.8793,10.0517],[105.8861,10.0536],[105.9062,10.0593],[105.9202,10.0591],[105.9326,10.0575],[105.935,10.0694],[105.937,10.0725],[105.9392,10.0793],[105.9279,10.08],[105.9285,10.0816],[105.9183,10.0868],[105.9223,10.0956],[105.9243,10.0985],[105.9248,10.1028],[105.9286,10.1019],[105.9324,10.1135],[105.9299,10.121],[105.9305,10.1234],[105.9275,10.1412]]]},"properties":{"ma_xa":"29740","ten_xa":"Song Phú","sap_nhap":"Tân Phú (huyện Tam Bình), Long Phú, Phú Thịnh, Song Phú","tru_so":"đang cập nhật","loai":"Xã","cap":2,"stt":28,"dtich_km2":76.58,"dan_so":50646,"matdo_km2":661.35,"ma_tinh":"86","ten_tinh":"Vĩnh Long"}},
{"type":"Feature","geometry":{"type":"Polygon","coordinates":[[[105.9868,10.0935],[105.9838,10.0952],[105.9815,10.0878],[105.9772,10.0892],[105.9756,10.0858],[105.9749,10.0818],[105.9691,10.0833],[105.9671,10.0826],[105.9673,10.0791],[105.9641,10.0786],[105.9644,10.0766],[105.9613,10.0745],[105.9571,10.0735],[105.9457,10.069],[105.935,10.0694],[105.9326,10.0575],[105.9471,10.0556],[105.9494,10.0495],[105.953,10.0454],[105.9547,10.0473],[105.9582,10.0454],[105.9616,10.0466],[105.9646,10.0457],[105.9657,10.0406],[105.9692,10.041],[105.9696,10.0384],[105.9717,10.0384],[105.9727,10.0308],[105.9769,10.0309],[105.9771,10.0271],[105.9846,10.0237],[105.9832,10.0204],[105.988,10.0198],[105.9884,10.022],[105.993,10.0289],[106.0031,10.0464],[106.0053,10.0468],[106.0095,10.0455],[106.009,10.0524],[106.0109,10.0525],[106.011,10.0574],[106.009,10.0594],[106.0162,10.0701],[106.0207,10.0772],[106.0184,10.0779],[106.0145,10.0842],[106.0114,10.0848],[106.0085,10.083],[106.0039,10.0826],[106.0004,10.0812],[105.9995,10.0797],[105.9997,10.0756],[105.9897,10.0805],[105.9899,10.0845],[105.9932,10.0867],[105.9868,10.0935]]]},"properties":{"ma_xa":"29719","ten_xa":"Tam Bình","sap_nhap":"Mỹ Thạnh Trung,Tam Bình (1 phần thị trấn)","tru_so":"đang cập nhật","loai":"Xã","cap":2,"stt":26,"dtich_km2":34.63,"dan_so":32612,"matdo_km2":941.73,"ma_tinh":"86","ten_tinh":"Vĩnh Long"}},
{"type":"Feature","geometry":{"type":"Polygon","coordinates":[[[106.1127,9.9384],[106.1028,9.9486],[106.0866,9.9596],[106.0791,9.9494],[106.0767,9.9448],[106.066,9.9476],[106.063,9.9478],[106.0626,9.9456],[106.0558,9.9468],[106.0555,9.9422],[106.0512,9.9412],[106.0457,9.9381],[106.0401,9.9322],[106.039,9.9285],[106.0348,9.9269],[106.0294,9.9279],[106.0268,9.9296],[106.0232,9.9306],[106.0202,9.9327],[106.0166,9.9265],[106.013,9.9243],[106.0155,9.9202],[106.0153,9.9174],[106.0112,9.9135],[106.0069,9.912],[106.0013,9.9091],[106.0038,9.907],[106.0078,9.8986],[106.0066,9.897],[106.0079,9.8946],[106.0056,9.8885],[106.0161,9.8853],[106.0194,9.8835],[106.0247,9.8839],[106.0294,9.8801],[106.0316,9.8814],[106.0446,9.8764],[106.0469,9.8805],[106.0454,9.8831],[106.0486,9.8852],[106.0498,9.8902],[106.0491,9.8947],[106.0503,9.8972],[106.0525,9.909],[106.0523,9.9111],[106.0573,9.9109],[106.0613,9.9118],[106.0645,9.914],[106.0676,9.9148],[106.0769,9.9144],[106.0769,9.9187],[106.0823,9.9203],[106.0872,9.9194],[106.0896,9.9146],[106.0942,9.9143],[106.0947,9.9113],[106.0932,9.9089],[106.0928,9.9043],[106.0911,9.9017],[106.0893,9.9017],[106.0877,9.8947],[106.0885,9.8944],[106.0948,9.8976],[106.0956,9.8972],[106.1164,9.9023],[106.1203,9.903],[106.1217,9.9023],[106.1271,9.9043],[106.1283,9.902],[106.1295,9.9033],[106.1391,9.9192],[106.1402,9.9197],[106.1304,9.9257],[106.1163,9.9355],[106.1127,9.9384]]]},"properties":{"ma_xa":"29335","ten_xa":"Tam Ngãi","sap_nhap":"Thông Hòa, Thạnh Phú, Tam Ngãi ","tru_so":"đang cập nhật","loai":"Xã","cap":2,"stt":53,"dtich_km2":61.31,"dan_so":40282,"matdo_km2":657.02,"ma_tinh":"86","ten_tinh":"Vĩnh Long"}},
{"type":"Feature","geometry":{"type":"Polygon","coordinates":[[[106.2525,9.9172],[106.2528,9.9187],[106.2483,9.9225],[106.2489,9.926],[106.2518,9.9312],[106.2398,9.9355],[106.2359,9.9365],[106.235,9.9344],[106.2172,9.9461],[106.2107,9.9498],[106.2023,9.9377],[106.1995,9.9347],[106.1943,9.9412],[106.1923,9.9381],[106.1892,9.9351],[106.1976,9.9226],[106.1966,9.9199],[106.1853,9.9152],[106.1784,9.9129],[106.1666,9.9112],[106.1583,9.9106],[106.1529,9.9119],[106.1402,9.9197],[106.1391,9.9192],[106.1295,9.9033],[106.1283,9.902],[106.1348,9.8864],[106.136,9.8808],[106.1358,9.8784],[106.1383,9.8758],[106.1419,9.8676],[106.145,9.865],[106.1537,9.8656],[106.1564,9.8664],[106.1559,9.8631],[106.1596,9.8604],[106.1634,9.8603],[106.1656,9.8616],[106.1721,9.864],[106.1676,9.874],[106.162,9.8889],[106.1837,9.8926],[106.185,9.8879],[106.1949,9.892],[106.1965,9.8871],[106.204,9.8843],[106.2068,9.886],[106.2155,9.8868],[106.2156,9.888],[106.2198,9.8898],[106.2238,9.8916],[106.2281,9.8954],[106.2362,9.8985],[106.2353,9.9042],[106.2404,9.9128],[106.2445,9.9172],[106.2485,9.9178],[106.2525,9.9172]]]},"properties":{"ma_xa":"29278","ten_xa":"Tân An","sap_nhap":"Huyền Hội, Tân An ","tru_so":"đang cập nhật","loai":"Xã","cap":2,"stt":41,"dtich_km2":57.25,"dan_so":33013,"matdo_km2":576.65,"ma_tinh":"86","ten_tinh":"Vĩnh Long"}},
{"type":"Feature","geometry":{"type":"Polygon","coordinates":[[[105.9617,10.2415],[105.9585,10.2411],[105.9588,10.2445],[105.9502,10.2455],[105.9476,10.2431],[105.9432,10.2424],[105.9274,10.2416],[105.9258,10.2422],[105.9223,10.2354],[105.9175,10.2343],[105.9165,10.2297],[105.918,10.2289],[105.9147,10.2206],[105.9195,10.211],[105.9176,10.2054],[105.9362,10.1985],[105.9427,10.1963],[105.9446,10.2002],[105.9494,10.2128],[105.9528,10.2231],[105.9555,10.2259],[105.9556,10.2282],[105.9576,10.2316],[105.96,10.2338],[105.9617,10.2415]]]},"properties":{"ma_xa":"29593","ten_xa":"Tân Hạnh","sap_nhap":"Phường 8(thành phố Vĩnh Long), Tân Hạnh","tru_so":"đang cập nhật","loai":"Phường","cap":2,"stt":11,"dtich_km2":17.84,"dan_so":32093,"matdo_km2":1798.93,"ma_tinh":"86","ten_tinh":"Vĩnh Long"}},
{"type":"Feature","geometry":{"type":"Polygon","coordinates":[[[106.4895,10.146],[106.4864,10.1486],[106.4831,10.1526],[106.4827,10.1549],[106.4802,10.1565],[106.4762,10.1553],[106.4722,10.153],[106.4689,10.1527],[106.4665,10.1508],[106.4596,10.1484],[106.4574,10.1481],[106.4552,10.1461],[106.4583,10.142],[106.4549,10.1394],[106.4514,10.1389],[106.4463,10.1393],[106.4413,10.1361],[106.4384,10.1375],[106.4362,10.1347],[106.4368,10.1318],[106.4325,10.1329],[106.4303,10.1302],[106.4275,10.1321],[106.4191,10.1293],[106.4165,10.1312],[106.4134,10.1317],[106.4149,10.1358],[106.4149,10.1383],[106.4087,10.1395],[106.4048,10.1388],[106.4026,10.1352],[106.4095,10.126],[106.4098,10.1212],[106.413,10.1112],[106.4127,10.1063],[106.4101,10.1031],[106.4115,10.1015],[106.4211,10.0898],[106.4415,10.0698],[106.4483,10.063],[106.4513,10.0695],[106.4514,10.0735],[106.4502,10.0787],[106.4475,10.0837],[106.4522,10.0865],[106.4507,10.0898],[106.4536,10.09],[106.4586,10.094],[106.4601,10.0964],[106.4605,10.1003],[106.4592,10.1038],[106.4622,10.1061],[106.4649,10.1041],[106.4655,10.1012],[106.4711,10.1036],[106.4747,10.1019],[106.477,10.1096],[106.48,10.1111],[106.4782,10.1145],[106.4816,10.1176],[106.4801,10.1191],[106.4821,10.1217],[106.4797,10.125],[106.4757,10.129],[106.4768,10.1324],[106.4804,10.1339],[106.48,10.1375],[106.476,10.1417],[106.4895,10.146]]]},"properties":{"ma_xa":"29029","ten_xa":"Tân Hào","sap_nhap":"Tân Lợi Thạnh, Thạnh Phú Đông, Tân Hào","tru_so":"đang cập nhật","loai":"Xã","cap":2,"stt":113,"dtich_km2":44.45,"dan_so":30694,"matdo_km2":690.53,"ma_tinh":"86","ten_tinh":"Vĩnh Long"}},
{"type":"Feature","geometry":{"type":"Polygon","coordinates":[[[106.2019,9.7964],[106.1985,9.7973],[106.1947,9.7931],[106.1919,9.7913],[106.1821,9.7887],[106.1801,9.7923],[106.1774,9.7921],[106.1714,9.7905],[106.1684,9.7881],[106.1633,9.7951],[106.1573,9.7984],[106.1556,9.8028],[106.1551,9.8063],[106.1523,9.8102],[106.1481,9.8094],[106.1445,9.8188],[106.1408,9.8177],[106.1383,9.8228],[106.1362,9.8205],[106.1305,9.8167],[106.1286,9.814],[106.1269,9.814],[106.1278,9.8091],[106.1264,9.8037],[106.123,9.8061],[106.1188,9.8067],[106.1159,9.8041],[106.1183,9.7983],[106.116,9.7956],[106.1033,9.7938],[106.1036,9.791],[106.1054,9.7904],[106.1017,9.7846],[106.0993,9.7819],[106.106,9.7765],[106.1021,9.7714],[106.109,9.7664],[106.1114,9.7631],[106.1121,9.7582],[106.1107,9.7515],[106.115,9.7468],[106.1268,9.7325],[106.1328,9.7265],[106.1425,9.7301],[106.1531,9.7344],[106.1547,9.731],[106.1764,9.7379],[106.1757,9.7433],[106.1675,9.7429],[106.1666,9.7507],[106.167,9.7531],[106.1715,9.7533],[106.1763,9.7555],[106.1753,9.7583],[106.1758,9.7615],[106.1808,9.7607],[106.1838,9.7644],[106.1831,9.7677],[106.186,9.7698],[106.1838,9.7774],[106.1854,9.7816],[106.1872,9.7809],[106.1936,9.7832],[106.1999,9.7897],[106.2019,9.7964]]]},"properties":{"ma_xa":"29371","ten_xa":"Tân Hòa","sap_nhap":"Long Thới (huyện Tiểu Cần), Tân Hòa, Cầu Quan (thị trấn)","tru_so":"đang cập nhật","loai":"Xã","cap":2,"stt":54,"dtich_km2":61.21,"dan_so":41202,"matdo_km2":673.13,"ma_tinh":"86","ten_tinh":"Vĩnh Long"}},
{"type":"Feature","geometry":{"type":"Polygon","coordinates":[[[106.1028,10.1395],[106.1005,10.141],[106.0989,10.145],[106.1005,10.1582],[106.1021,10.1663],[106.1042,10.1696],[106.1023,10.1734],[106.0907,10.1697],[106.0808,10.1668],[106.0688,10.1634],[106.0563,10.1655],[106.0455,10.1671],[106.0345,10.168],[106.0291,10.1692],[106.023,10.1589],[106.0266,10.1506],[106.0318,10.1463],[106.062,10.122],[106.0668,10.118],[106.0719,10.1114],[106.0793,10.1052],[106.0845,10.1135],[106.0851,10.1163],[106.0794,10.1189],[106.0776,10.124],[106.0797,10.1277],[106.0839,10.1286],[106.0921,10.1265],[106.0968,10.1229],[106.0988,10.1228],[106.1019,10.1267],[106.1034,10.1311],[106.1043,10.1364],[106.1028,10.1395]]]},"properties":{"ma_xa":"29653","ten_xa":"Tân Long Hội","sap_nhap":"Tân An Hội, Tân Long, Tân Long Hội ","tru_so":"đang cập nhật","loai":"Xã","cap":2,"stt":2,"dtich_km2":36.27,"dan_so":26358,"matdo_km2":726.72,"ma_tinh":"86","ten_tinh":"Vĩnh Long"}},
{"type":"Feature","geometry":{"type":"Polygon","coordinates":[[[105.781,10.1811],[105.7749,10.1889],[105.7656,10.1789],[105.7592,10.1826],[105.7557,10.1874],[105.7478,10.1974],[105.7278,10.2051],[105.7009,10.1659],[105.6914,10.152],[105.6853,10.1434],[105.685,10.1413],[105.6866,10.1389],[105.6816,10.1348],[105.6947,10.1266],[105.7003,10.124],[105.708,10.1186],[105.7109,10.1233],[105.7073,10.1268],[105.7096,10.1345],[105.7103,10.1347],[105.716,10.1308],[105.7213,10.1335],[105.7245,10.1316],[105.7295,10.134],[105.7312,10.1329],[105.734,10.1346],[105.734,10.138],[105.7386,10.1429],[105.7389,10.1446],[105.7424,10.1484],[105.7506,10.1438],[105.7544,10.1406],[105.7585,10.1396],[105.7636,10.1373],[105.7659,10.139],[105.7621,10.1258],[105.7672,10.1243],[105.7687,10.1222],[105.7736,10.1247],[105.7744,10.1541],[105.7746,10.1703],[105.7769,10.1708],[105.7797,10.1673],[105.7873,10.1732],[105.781,10.1811]]]},"properties":{"ma_xa":"29785","ten_xa":"Tân Lược","sap_nhap":"Tân Thành, Tân An Thạnh, Tân Lược","tru_so":"đang cập nhật","loai":"Xã","cap":2,"stt":31,"dtich_km2":56.39,"dan_so":38844,"matdo_km2":688.85,"ma_tinh":"86","ten_tinh":"Vĩnh Long"}},
{"type":"Feature","geometry":{"type":"Polygon","coordinates":[[[105.9415,10.2736],[105.9317,10.2805],[105.9266,10.2837],[105.9202,10.2807],[105.9126,10.2785],[105.9056,10.2754],[105.9014,10.2742],[105.8942,10.2758],[105.887,10.269],[105.883,10.266],[105.8776,10.2644],[105.8786,10.2618],[105.881,10.2599],[105.8821,10.2575],[105.8846,10.2574],[105.8844,10.2546],[105.8867,10.2518],[105.8871,10.2493],[105.8904,10.2448],[105.8942,10.2443],[105.899,10.2454],[105.9019,10.2449],[105.9012,10.2345],[105.9122,10.2266],[105.9147,10.2206],[105.918,10.2289],[105.9165,10.2297],[105.9175,10.2343],[105.9223,10.2354],[105.9258,10.2422],[105.9223,10.2435],[105.9193,10.2464],[105.9182,10.2509],[105.9203,10.2517],[105.9224,10.2561],[105.9245,10.2589],[105.9264,10.2574],[105.93,10.2585],[105.9321,10.2602],[105.9285,10.2621],[105.9328,10.2653],[105.9353,10.265],[105.9345,10.2692],[105.9368,10.2707],[105.9392,10.2702],[105.9415,10.2736]]]},"properties":{"ma_xa":"29566","ten_xa":"Tân Ngãi","sap_nhap":"Tân Hòa, Tân Hội, Tân Ngãi ","tru_so":"đang cập nhật","loai":"Phường","cap":2,"stt":12,"dtich_km2":21.7,"dan_so":31294,"matdo_km2":1442.12,"ma_tinh":"86","ten_tinh":"Vĩnh Long"}},
{"type":"Feature","geometry":{"type":"Polygon","coordinates":[[[106.2433,10.297],[106.2433,10.3004],[106.2445,10.305],[106.2425,10.3094],[106.2451,10.3098],[106.2484,10.3117],[106.2503,10.3148],[106.2487,10.3203],[106.2405,10.3192],[106.2365,10.3195],[106.2222,10.3179],[106.2136,10.3166],[106.2056,10.3141],[106.2018,10.3125],[106.1914,10.3065],[106.1851,10.3033],[106.1714,10.2956],[106.1458,10.2857],[106.1413,10.2832],[106.1455,10.2785],[106.1508,10.2745],[106.161,10.2655],[106.1679,10.2604],[106.1768,10.2557],[106.1837,10.2548],[106.1884,10.2534],[106.1931,10.249],[106.2024,10.2429],[106.2109,10.2401],[106.2184,10.2388],[106.2245,10.2404],[106.2245,10.2459],[106.2187,10.2483],[106.2197,10.2507],[106.2177,10.2533],[106.2187,10.2591],[106.2234,10.2588],[106.234,10.2632],[106.2289,10.2662],[106.2267,10.2663],[106.2199,10.265],[106.22,10.2709],[106.2211,10.2745],[106.223,10.2744],[106.2232,10.2783],[106.2204,10.2792],[106.219,10.2835],[106.2216,10.2843],[106.2205,10.287],[106.2213,10.2895],[106.2233,10.2901],[106.2232,10.2931],[106.2397,10.2965],[106.2433,10.297]]]},"properties":{"ma_xa":"28840","ten_xa":"Tân Phú","sap_nhap":"Tân Phú (huyện Châu Thành), Tiên Long, Phú Đức","tru_so":"đang cập nhật","loai":"Xã","cap":2,"stt":85,"dtich_km2":51.93,"dan_so":35355,"matdo_km2":680.82,"ma_tinh":"86","ten_tinh":"Vĩnh Long"}},
{"type":"Feature","geometry":{"type":"Polygon","coordinates":[[[105.7736,10.1247],[105.7687,10.1222],[105.7672,10.1243],[105.7621,10.1258],[105.7659,10.139],[105.7636,10.1373],[105.7585,10.1396],[105.7544,10.1406],[105.7506,10.1438],[105.7424,10.1484],[105.7389,10.1446],[105.7386,10.1429],[105.734,10.138],[105.734,10.1346],[105.7312,10.1329],[105.7295,10.134],[105.7245,10.1316],[105.7213,10.1335],[105.716,10.1308],[105.7103,10.1347],[105.7096,10.1345],[105.7073,10.1268],[105.7109,10.1233],[105.708,10.1186],[105.7097,10.1175],[105.7165,10.1122],[105.7259,10.1039],[105.7351,10.0965],[105.7409,10.096],[105.749,10.092],[105.7607,10.083],[105.764,10.0793],[105.7667,10.0773],[105.7794,10.0709],[105.7843,10.0675],[105.791,10.0598],[105.7961,10.0525],[105.7957,10.0643],[105.7969,10.106],[105.7971,10.1123],[105.7746,10.1183],[105.7736,10.119],[105.7736,10.1247]]]},"properties":{"ma_xa":"29800","ten_xa":"Tân Quới","sap_nhap":"Tân Bình (huyện Bình Tân), Thành Lợi, Tân Quới (thị trấn)","tru_so":"đang cập nhật","loai":"Xã","cap":2,"stt":30,"dtich_km2":45.66,"dan_so":50858,"matdo_km2":1113.84,"ma_tinh":"86","ten_tinh":"Vĩnh Long"}},
{"type":"Feature","geometry":{"type":"Polygon","coordinates":[[[106.3569,10.1973],[106.3549,10.1963],[106.3519,10.1966],[106.3442,10.1997],[106.3422,10.2019],[106.3358,10.2108],[106.3311,10.2156],[106.3222,10.2235],[106.3207,10.2196],[106.3125,10.2182],[106.3102,10.2154],[106.307,10.2175],[106.3047,10.2149],[106.3073,10.2097],[106.3113,10.2064],[106.3108,10.2039],[106.3091,10.2019],[106.3044,10.1996],[106.3024,10.2021],[106.3008,10.2015],[106.2997,10.1963],[106.3005,10.1942],[106.2973,10.1932],[106.2961,10.1896],[106.2896,10.186],[106.2858,10.1823],[106.2823,10.1777],[106.2802,10.1767],[106.2795,10.1804],[106.2742,10.1813],[106.2728,10.1833],[106.2687,10.1808],[106.2685,10.176],[106.2872,10.1659],[106.2866,10.1628],[106.288,10.1564],[106.288,10.1534],[106.291,10.1522],[106.2921,10.1505],[106.2911,10.1444],[106.293,10.1446],[106.292,10.139],[106.2884,10.1338],[106.2894,10.1303],[106.2884,10.1278],[106.2863,10.1278],[106.2859,10.1316],[106.2836,10.1318],[106.2812,10.1337],[106.2793,10.1327],[106.2773,10.1344],[106.2702,10.1326],[106.2742,10.1219],[106.2799,10.1229],[106.281,10.1221],[106.2852,10.1249],[106.2878,10.1235],[106.2922,10.1254],[106.2951,10.1249],[106.2964,10.1233],[106.2998,10.1311],[106.303,10.132],[106.306,10.1363],[106.3088,10.136],[106.3107,10.1415],[106.3148,10.1439],[106.3207,10.1449],[106.3238,10.1505],[106.3279,10.1501],[106.3316,10.1521],[106.3332,10.15],[106.3371,10.1499],[106.3366,10.1534],[106.3351,10.1575],[106.3338,10.1649],[106.3412,10.1661],[106.3444,10.167],[106.3516,10.1665],[106.3536,10.167],[106.3565,10.1706],[106.3574,10.1739],[106.3617,10.1759],[106.3588,10.1846],[106.3569,10.1973]]]},"properties":{"ma_xa":"28921","ten_xa":"Tân Thành Bình","sap_nhap":"Tân Bình (huyện Mỏ Cày Bắc),Thành An, Hòa Lộc, Tân Thành Bình","tru_so":"đang cập nhật","loai":"Xã","cap":2,"stt":91,"dtich_km2":52.65,"dan_so":46858,"matdo_km2":889.99,"ma_tinh":"86","ten_tinh":"Vĩnh Long"}},
{"type":"Feature","geometry":{"type":"Polygon","coordinates":[[[106.6769,10.0014],[106.6676,10.003],[106.6626,10.0052],[106.6535,10.0122],[106.6512,10.0132],[106.6433,10.0186],[106.6396,10.0224],[106.6441,10.0292],[106.6451,10.0325],[106.6497,10.0377],[106.6505,10.0408],[106.6494,10.0434],[106.6458,10.0476],[106.6437,10.0438],[106.6411,10.0421],[106.6381,10.0429],[106.6345,10.0428],[106.6283,10.036],[106.6298,10.0343],[106.6353,10.0326],[106.6294,10.0263],[106.6233,10.0301],[106.6202,10.026],[106.6203,10.0225],[106.617,10.0197],[106.6163,10.022],[106.611,10.0231],[106.6101,10.0198],[106.6078,10.0203],[106.607,10.0174],[106.6046,10.0166],[106.6002,10.0111],[106.5912,10.0113],[106.5845,10.009],[106.5816,10.0102],[106.5778,10.0068],[106.5743,10.0068],[106.5674,10.0014],[106.5614,9.9949],[106.5651,9.993],[106.5776,9.9847],[106.5829,9.9818],[106.5952,9.9738],[106.6079,9.9677],[106.6268,9.9622],[106.6268,9.9743],[106.6309,9.9725],[106.6376,9.972],[106.6421,9.9737],[106.6495,9.9779],[106.6574,9.9849],[106.6603,9.9903],[106.6658,9.9943],[106.6689,9.9943],[106.6731,9.997],[106.6769,10.0014]]]},"properties":{"ma_xa":"29167","ten_xa":"Tân Thủy","sap_nhap":"Tiệm Tôm (thị trấn), An Hòa Tây, Tân Thủy","tru_so":"đang cập nhật","loai":"Xã","cap":2,"stt":104,"dtich_km2":52.55,"dan_so":45743,"matdo_km2":870.47,"ma_tinh":"86","ten_tinh":"Vĩnh Long"}},
{"type":"Feature","geometry":{"type":"Polygon","coordinates":[[[106.6249,10.1505],[106.6208,10.1485],[106.6157,10.1425],[106.6116,10.1484],[106.6093,10.1488],[106.6067,10.1387],[106.6046,10.1368],[106.5982,10.1354],[106.5996,10.1316],[106.5991,10.13],[106.6016,10.1244],[106.5963,10.1255],[106.5952,10.1136],[106.5968,10.1083],[106.5934,10.1071],[106.5976,10.0967],[106.6085,10.1015],[106.6115,10.0963],[106.5999,10.0909],[106.6018,10.0897],[106.5998,10.0814],[106.595,10.0793],[106.5879,10.0786],[106.5878,10.0703],[106.5921,10.07],[106.5983,10.0607],[106.6013,10.0577],[106.6035,10.0591],[106.6057,10.0581],[106.6087,10.0553],[106.6118,10.0578],[106.6191,10.0499],[106.6228,10.0583],[106.6259,10.0574],[106.6289,10.0577],[106.6425,10.0557],[106.6472,10.0846],[106.6449,10.0925],[106.6439,10.0944],[106.6487,10.0947],[106.6496,10.0994],[106.6409,10.0999],[106.6387,10.1039],[106.6459,10.1194],[106.6476,10.1205],[106.6494,10.126],[106.6526,10.1268],[106.6545,10.1319],[106.6507,10.135],[106.6471,10.1369],[106.6348,10.14],[106.6293,10.1435],[106.6249,10.1505]]]},"properties":{"ma_xa":"29137","ten_xa":"Tân Xuân","sap_nhap":"Phú Lễ, Phước Ngãi, Tân Xuân","tru_so":"đang cập nhật","loai":"Xã","cap":2,"stt":107,"dtich_km2":50.44,"dan_so":36387,"matdo_km2":721.39,"ma_tinh":"86","ten_tinh":"Vĩnh Long"}},
{"type":"Feature","geometry":{"type":"Polygon","coordinates":[[[106.28,9.8377],[106.2787,9.841],[106.276,9.841],[106.2715,9.8496],[106.2673,9.8511],[106.2596,9.8473],[106.2605,9.8456],[106.2499,9.8406],[106.2468,9.8406],[106.2469,9.8434],[106.2435,9.8435],[106.2408,9.846],[106.2364,9.8453],[106.2342,9.8516],[106.2337,9.8575],[106.2323,9.8646],[106.2346,9.8672],[106.234,9.8707],[106.2301,9.8792],[106.2256,9.8749],[106.225,9.8758],[106.2198,9.8898],[106.2156,9.888],[106.2155,9.8868],[106.2068,9.886],[106.204,9.8843],[106.1965,9.8871],[106.1883,9.8819],[106.1879,9.8785],[106.1889,9.8766],[106.1887,9.8725],[106.1912,9.8725],[106.1926,9.8698],[106.1946,9.8697],[106.1959,9.8627],[106.1907,9.8579],[106.1916,9.8537],[106.1894,9.8502],[106.1892,9.8441],[106.1924,9.8334],[106.2011,9.8366],[106.2048,9.8373],[106.2088,9.8292],[106.2108,9.8303],[106.2134,9.8297],[106.2141,9.8253],[106.2123,9.8208],[106.209,9.8199],[106.2081,9.8176],[106.2097,9.8154],[106.2078,9.8128],[106.2081,9.8081],[106.2102,9.8058],[106.2092,9.8025],[106.2099,9.8003],[106.2117,9.7982],[106.2161,9.7977],[106.2188,9.8032],[106.2231,9.8022],[106.2284,9.799],[106.2307,9.7984],[106.2357,9.8007],[106.2389,9.8013],[106.2442,9.807],[106.2462,9.8111],[106.2606,9.8108],[106.261,9.8068],[106.2641,9.8067],[106.2704,9.8048],[106.2732,9.8032],[106.2742,9.7926],[106.28,9.793],[106.2817,9.794],[106.2812,9.8039],[106.2829,9.8057],[106.2804,9.8121],[106.2799,9.816],[106.2828,9.8151],[106.2854,9.82],[106.2807,9.831],[106.2789,9.8371],[106.28,9.8377]]]},"properties":{"ma_xa":"29365","ten_xa":"Tập Ngãi","sap_nhap":"Hiếu Tử, Tập Ngãi","tru_so":"đang cập nhật","loai":"Xã","cap":2,"stt":57,"dtich_km2":58.77,"dan_so":31825,"matdo_km2":541.52,"ma_tinh":"86","ten_tinh":"Vĩnh Long"}},
{"type":"Feature","geometry":{"type":"Polygon","coordinates":[[[106.3431,9.7942],[106.3401,9.7958],[106.3362,9.7936],[106.3203,9.7934],[106.3152,9.7973],[106.3097,9.7987],[106.3105,9.7949],[106.3071,9.7952],[106.3077,9.7928],[106.3022,9.7912],[106.3038,9.7861],[106.2943,9.7813],[106.2906,9.7813],[106.277,9.7771],[106.2759,9.7773],[106.2608,9.7719],[106.2607,9.7676],[106.2508,9.767],[106.2377,9.7644],[106.2391,9.7561],[106.2389,9.7532],[106.2352,9.753],[106.2303,9.7559],[106.2251,9.7548],[106.2233,9.7537],[106.2163,9.7538],[106.2136,9.752],[106.2097,9.7521],[106.2099,9.7402],[106.2121,9.7357],[106.2132,9.7352],[106.2144,9.7309],[106.2254,9.7149],[106.2368,9.7172],[106.2665,9.7229],[106.2668,9.7183],[106.2697,9.7178],[106.2761,9.719],[106.277,9.721],[106.2736,9.7286],[106.2766,9.7302],[106.2829,9.7318],[106.2869,9.7354],[106.2918,9.7373],[106.318,9.7457],[106.321,9.7497],[106.3288,9.7516],[106.3295,9.7564],[106.3266,9.7598],[106.3247,9.7642],[106.3283,9.7652],[106.3303,9.7674],[106.3306,9.7713],[106.3353,9.7747],[106.3406,9.7746],[106.344,9.7793],[106.3439,9.7882],[106.3431,9.7942]]]},"properties":{"ma_xa":"29467","ten_xa":"Tập Sơn","sap_nhap":"Tân Sơn, Phước Hưng, Tập Sơn","tru_so":"đang cập nhật","loai":"Xã","cap":2,"stt":68,"dtich_km2":67.44,"dan_so":39985,"matdo_km2":592.9,"ma_tinh":"86","ten_tinh":"Vĩnh Long"}},
{"type":"Feature","geometry":{"type":"Polygon","coordinates":[[[106.0209,10.2604],[106.0131,10.2626],[106.0021,10.2647],[105.988,10.2642],[105.9725,10.2601],[105.9731,10.2585],[105.9785,10.2527],[105.9848,10.245],[105.9865,10.2414],[105.9916,10.2345],[105.9927,10.2319],[105.9986,10.2237],[106.0024,10.2265],[106.0035,10.2287],[106.009,10.2295],[106.0137,10.2255],[106.0189,10.2268],[106.0248,10.2336],[106.027,10.2348],[106.0286,10.2411],[106.0242,10.2425],[106.0233,10.2477],[106.0202,10.249],[106.0168,10.252],[106.0209,10.2604]]]},"properties":{"ma_xa":"29590","ten_xa":"Thanh Đức","sap_nhap":"Phường 5 (thành phố Vĩnh Long), Thanh Đức","tru_so":"đang cập nhật","loai":"Phường","cap":2,"stt":8,"dtich_km2":16.49,"dan_so":35158,"matdo_km2":2132.08,"ma_tinh":"86","ten_tinh":"Vĩnh Long"}},
{"type":"Feature","geometry":{"type":"Polygon","coordinates":[[[106.6417,9.813],[106.6564,9.8302],[106.6621,9.8372],[106.6661,9.8447],[106.673,9.8593],[106.6758,9.8621],[106.6789,9.8714],[106.6823,9.8766],[106.6848,9.8817],[106.6831,9.8876],[106.6796,9.8915],[106.6773,9.8978],[106.6755,9.9002],[106.6716,9.9019],[106.6699,9.9062],[106.6655,9.9197],[106.6622,9.9261],[106.6588,9.9296],[106.6444,9.9384],[106.6391,9.9388],[106.6367,9.9421],[106.6295,9.9482],[106.6268,9.9487],[106.6268,9.9622],[106.6079,9.9677],[106.5952,9.9738],[106.5829,9.9818],[106.5778,9.9738],[106.5746,9.9675],[106.5718,9.9636],[106.5694,9.9616],[106.5635,9.9602],[106.56,9.9582],[106.5607,9.9557],[106.56,9.9498],[106.5614,9.9458],[106.5633,9.9426],[106.5656,9.9406],[106.5715,9.9398],[106.575,9.9377],[106.5775,9.9348],[106.5805,9.9276],[106.5875,9.9203],[106.5947,9.9172],[106.6005,9.9158],[106.6059,9.9158],[106.6148,9.9168],[106.6204,9.9166],[106.6239,9.9173],[106.6268,9.9164],[106.6292,9.9141],[106.6356,9.9098],[106.6402,9.9049],[106.644,9.8962],[106.645,9.891],[106.6438,9.883],[106.6423,9.8797],[106.6353,9.8772],[106.632,9.8702],[106.6349,9.8666],[106.6355,9.8637],[106.6386,9.8637],[106.6397,9.8612],[106.6392,9.8562],[106.6362,9.8541],[106.6333,9.8492],[106.6375,9.8478],[106.6414,9.8508],[106.645,9.8554],[106.6484,9.8571],[106.6511,9.8567],[106.6491,9.8529],[106.648,9.848],[106.6459,9.8443],[106.6508,9.8388],[106.652,9.832],[106.6503,9.8272],[106.6414,9.8183],[106.6417,9.813]]]},"properties":{"ma_xa":"29221","ten_xa":"Thạnh Hải","sap_nhap":"An Điền,  Thạnh Hải","tru_so":"đang cập nhật","loai":"Xã","cap":2,"stt":102,"dtich_km2":100.71,"dan_so":18261,"matdo_km2":181.32,"ma_tinh":"86","ten_tinh":"Vĩnh Long"}},
{"type":"Feature","geometry":{"type":"Polygon","coordinates":[[[106.6417,9.813],[106.6414,9.8183],[106.6503,9.8272],[106.652,9.832],[106.6508,9.8388],[106.6459,9.8443],[106.648,9.848],[106.6491,9.8529],[106.6511,9.8567],[106.6484,9.8571],[106.645,9.8554],[106.6414,9.8508],[106.6375,9.8478],[106.6333,9.8492],[106.6362,9.8541],[106.6392,9.8562],[106.6397,9.8612],[106.6386,9.8637],[106.6355,9.8637],[106.6349,9.8666],[106.632,9.8702],[106.6353,9.8772],[106.6423,9.8797],[106.6438,9.883],[106.645,9.891],[106.644,9.8962],[106.6402,9.9049],[106.6356,9.9098],[106.6292,9.9141],[106.6268,9.9164],[106.6239,9.9173],[106.6204,9.9166],[106.6148,9.9168],[106.6059,9.9158],[106.6005,9.9158],[106.6002,9.9133],[106.6014,9.9062],[106.6034,9.9019],[106.6038,9.8984],[106.6,9.8925],[106.6012,9.8877],[106.6009,9.8849],[106.5984,9.8796],[106.5923,9.8624],[106.591,9.8577],[106.5891,9.8542],[106.5816,9.8489],[106.5739,9.8426],[106.5766,9.8388],[106.5795,9.8368],[106.586,9.8274],[106.5957,9.8156],[106.5991,9.8106],[106.6021,9.8102],[106.6022,9.8067],[106.6053,9.807],[106.6071,9.8041],[106.6074,9.8016],[106.6097,9.7985],[106.6088,9.7964],[106.611,9.7937],[106.6145,9.793],[106.6193,9.7939],[106.6237,9.7967],[106.6294,9.8036],[106.6341,9.8099],[106.6391,9.811],[106.6417,9.813]]]},"properties":{"ma_xa":"29227","ten_xa":"Thạnh Phong","sap_nhap":"Giao Thạnh,  Thạnh Phong","tru_so":"đang cập nhật","loai":"Xã","cap":2,"stt":103,"dtich_km2":77.97,"dan_so":20255,"matdo_km2":259.78,"ma_tinh":"86","ten_tinh":"Vĩnh Long"}},
{"type":"Feature","geometry":{"type":"Polygon","coordinates":[[[106.5614,9.9458],[106.56,9.9498],[106.5607,9.9557],[106.56,9.9582],[106.5635,9.9602],[106.5694,9.9616],[106.5718,9.9636],[106.5746,9.9675],[106.5778,9.9738],[106.5829,9.9818],[106.5776,9.9847],[106.5651,9.993],[106.5614,9.9949],[106.5563,9.9964],[106.5466,9.9974],[106.5385,9.9981],[106.5323,9.9991],[106.5154,10.0043],[106.5096,10.007],[106.5018,10.0118],[106.4985,10.0147],[106.4928,10.021],[106.4898,10.0229],[106.4849,10.0131],[106.4922,9.9999],[106.4946,9.9967],[106.4994,9.992],[106.5163,9.9774],[106.523,9.9723],[106.522,9.971],[106.5064,9.9627],[106.4864,9.9553],[106.4914,9.9356],[106.4869,9.9342],[106.4877,9.9314],[106.4854,9.929],[106.4885,9.9255],[106.4855,9.9248],[106.4843,9.9195],[106.4925,9.9127],[106.5018,9.9052],[106.5108,9.893],[106.5165,9.898],[106.5208,9.9012],[106.5198,9.9028],[106.5254,9.9066],[106.5244,9.9088],[106.5262,9.9196],[106.529,9.9197],[106.5307,9.9249],[106.533,9.9278],[106.5336,9.9301],[106.5294,9.9305],[106.5287,9.9414],[106.5324,9.9412],[106.5367,9.9399],[106.5443,9.9407],[106.5482,9.9394],[106.5513,9.9403],[106.5602,9.944],[106.5614,9.9458]]]},"properties":{"ma_xa":"29182","ten_xa":"Thạnh Phú","sap_nhap":"Thạnh Phú (thị trấn), An Thạnh (huyện Thạnh Phú), Bình Thạnh, Mỹ An","tru_so":"đang cập nhật","loai":"Xã","cap":2,"stt":100,"dtich_km2":70.7,"dan_so":42268,"matdo_km2":597.85,"ma_tinh":"86","ten_tinh":"Vĩnh Long"}},
{"type":"Feature","geometry":{"type":"Polygon","coordinates":[[[106.735,10.173],[106.7316,10.172],[106.7294,10.1671],[106.7248,10.1634],[106.7192,10.1564],[106.7149,10.164],[106.711,10.1619],[106.7093,10.1624],[106.7052,10.1606],[106.7003,10.1597],[106.6966,10.164],[106.6948,10.1697],[106.6926,10.1735],[106.689,10.1774],[106.6864,10.1831],[106.6863,10.1851],[106.6842,10.1886],[106.6855,10.1911],[106.6834,10.1931],[106.6822,10.1977],[106.6798,10.199],[106.6781,10.1972],[106.679,10.1914],[106.6758,10.1895],[106.6741,10.1844],[106.6739,10.1783],[106.6697,10.1759],[106.6675,10.171],[106.6662,10.1653],[106.6666,10.1629],[106.6631,10.1634],[106.6614,10.16],[106.6549,10.1519],[106.6493,10.1531],[106.6451,10.1521],[106.645,10.1506],[106.6423,10.1466],[106.6348,10.14],[106.6471,10.1369],[106.6507,10.135],[106.6545,10.1319],[106.6568,10.1298],[106.6649,10.12],[106.6702,10.1116],[106.6719,10.1095],[106.6747,10.1041],[106.6826,10.0902],[106.6881,10.083],[106.6958,10.0742],[106.6977,10.076],[106.7022,10.0758],[106.7091,10.0772],[106.7101,10.0759],[106.7152,10.0773],[106.7185,10.0841],[106.7232,10.0854],[106.7272,10.0844],[106.73,10.0916],[106.7338,10.0962],[106.7345,10.0993],[106.7322,10.1031],[106.7303,10.1092],[106.7309,10.1112],[106.734,10.1163],[106.7353,10.124],[106.7334,10.1283],[106.7372,10.1322],[106.7444,10.1335],[106.7427,10.1386],[106.7406,10.1396],[106.739,10.1435],[106.7363,10.1458],[106.7358,10.1486],[106.7277,10.1528],[106.7281,10.1558],[106.7297,10.1584],[106.7344,10.1704],[106.735,10.173]]]},"properties":{"ma_xa":"29104","ten_xa":"Thạnh Phước","sap_nhap":"Đại Hòa Lộc,  Thạnh Phước","tru_so":"đang cập nhật","loai":"Xã","cap":2,"stt":119,"dtich_km2":76.99,"dan_so":21208,"matdo_km2":275.46,"ma_tinh":"86","ten_tinh":"Vĩnh Long"}},
{"type":"Feature","geometry":{"type":"Polygon","coordinates":[[[106.3403,10.0879],[106.3343,10.088],[106.3359,10.0781],[106.3319,10.0783],[106.3272,10.0721],[106.3238,10.0747],[106.322,10.0733],[106.3171,10.079],[106.3186,10.0806],[106.3091,10.0838],[106.3021,10.0874],[106.3027,10.0889],[106.2914,10.0926],[106.2855,10.0976],[106.2854,10.0949],[106.2835,10.0883],[106.28,10.0843],[106.278,10.0802],[106.2784,10.0764],[106.277,10.0719],[106.29,10.0503],[106.292,10.0477],[106.2956,10.0401],[106.3005,10.0342],[106.3087,10.0258],[106.3179,10.0186],[106.3208,10.017],[106.3262,10.0137],[106.3387,10.0047],[106.3453,10.0101],[106.3462,10.014],[106.3381,10.0243],[106.3429,10.0292],[106.3377,10.0364],[106.3401,10.0389],[106.3418,10.046],[106.3388,10.0484],[106.3406,10.0526],[106.346,10.055],[106.3483,10.051],[106.35,10.0464],[106.3581,10.0482],[106.3617,10.0498],[106.3638,10.0528],[106.3692,10.0575],[106.3639,10.0688],[106.3611,10.0775],[106.354,10.0725],[106.3478,10.0698],[106.3469,10.0781],[106.341,10.086],[106.3403,10.0879]]]},"properties":{"ma_xa":"28969","ten_xa":"Thành Thới","sap_nhap":"An Thới, Thành Thới A, Thành Thới B","tru_so":"đang cập nhật","loai":"Xã","cap":2,"stt":95,"dtich_km2":49.35,"dan_so":35102,"matdo_km2":711.29,"ma_tinh":"86","ten_tinh":"Vĩnh Long"}},
{"type":"Feature","geometry":{"type":"Polygon","coordinates":[[[106.6715,10.2286],[106.6509,10.2373],[106.6432,10.2399],[106.6245,10.2445],[106.6118,10.2467],[106.6109,10.2407],[106.6086,10.2389],[106.6024,10.231],[106.6036,10.2298],[106.5955,10.2263],[106.5974,10.2227],[106.599,10.2177],[106.5984,10.2126],[106.5961,10.2113],[106.5897,10.2106],[106.5824,10.2082],[106.5819,10.2089],[106.5694,10.2115],[106.5674,10.2113],[106.5664,10.2051],[106.5646,10.202],[106.5633,10.1979],[106.5683,10.1948],[106.5781,10.1863],[106.5819,10.1835],[106.5865,10.1815],[106.5911,10.1803],[106.598,10.1796],[106.6011,10.18],[106.607,10.1794],[106.6122,10.1764],[106.6145,10.1731],[106.619,10.164],[106.6232,10.1534],[106.6249,10.1505],[106.6293,10.1435],[106.6348,10.14],[106.6423,10.1466],[106.645,10.1506],[106.6451,10.1521],[106.6493,10.1531],[106.6549,10.1519],[106.6614,10.16],[106.6631,10.1634],[106.6666,10.1629],[106.6662,10.1653],[106.6675,10.171],[106.6697,10.1759],[106.6739,10.1783],[106.6741,10.1844],[106.6758,10.1895],[106.679,10.1914],[106.6781,10.1972],[106.6758,10.2],[106.6741,10.1982],[106.669,10.2015],[106.6656,10.1969],[106.6571,10.1915],[106.6519,10.1888],[106.6461,10.1849],[106.6469,10.1807],[106.6447,10.1795],[106.6382,10.1906],[106.633,10.1867],[106.631,10.1892],[106.6295,10.188],[106.6262,10.1882],[106.6265,10.1858],[106.6232,10.185],[106.6252,10.1914],[106.6253,10.1943],[106.6298,10.2009],[106.6311,10.2014],[106.6365,10.1973],[106.6463,10.2033],[106.6499,10.2081],[106.6594,10.2097],[106.6595,10.211],[106.663,10.216],[106.6595,10.2173],[106.6609,10.2189],[106.6678,10.2194],[106.6695,10.2224],[106.6715,10.2286]]]},"properties":{"ma_xa":"29089","ten_xa":"Thạnh Trị","sap_nhap":"Định Trung, Phú Lon, Thạnh Trị","tru_so":"đang cập nhật","loai":"Xã","cap":2,"stt":121,"dtich_km2":73.26,"dan_so":29457,"matdo_km2":402.09,"ma_tinh":"86","ten_tinh":"Vĩnh Long"}},
{"type":"Feature","geometry":{"type":"Polygon","coordinates":[[[106.7518,10.1917],[106.7418,10.1949],[106.7366,10.1851],[106.7371,10.182],[106.7389,10.1796],[106.735,10.173],[106.7344,10.1704],[106.7297,10.1584],[106.7281,10.1558],[106.7277,10.1528],[106.7358,10.1486],[106.7363,10.1458],[106.739,10.1435],[106.7406,10.1396],[106.7427,10.1386],[106.7444,10.1335],[106.7372,10.1322],[106.7334,10.1283],[106.7353,10.124],[106.734,10.1163],[106.7309,10.1112],[106.7303,10.1092],[106.7322,10.1031],[106.7345,10.0993],[106.7338,10.0962],[106.73,10.0916],[106.7272,10.0844],[106.7232,10.0854],[106.7185,10.0841],[106.7152,10.0773],[106.7101,10.0759],[106.7091,10.0772],[106.7022,10.0758],[106.6977,10.076],[106.6958,10.0742],[106.6981,10.0711],[106.6989,10.0652],[106.6937,10.0574],[106.687,10.0522],[106.6847,10.0487],[106.6849,10.0433],[106.6862,10.0405],[106.6917,10.0329],[106.7209,10.04],[106.7239,10.0392],[106.7321,10.0415],[106.7374,10.0444],[106.7467,10.0539],[106.7567,10.0651],[106.7579,10.0668],[106.766,10.0754],[106.7725,10.083],[106.7805,10.0932],[106.785,10.0998],[106.7906,10.1097],[106.7918,10.113],[106.79,10.114],[106.7899,10.1187],[106.7865,10.1198],[106.7855,10.124],[106.7836,10.1278],[106.7845,10.1358],[106.7869,10.1388],[106.7888,10.1463],[106.7885,10.1512],[106.7848,10.1553],[106.7847,10.1566],[106.7806,10.1606],[106.7772,10.1667],[106.7737,10.1703],[106.7651,10.175],[106.759,10.1757],[106.7562,10.1766],[106.7518,10.1794],[106.7518,10.1917]]]},"properties":{"ma_xa":"29107","ten_xa":"Thới Thuận","sap_nhap":"Thừa Đức, Thới Thuận","tru_so":"đang cập nhật","loai":"Xã","cap":2,"stt":118,"dtich_km2":116.95,"dan_so":20968,"matdo_km2":179.29,"ma_tinh":"86","ten_tinh":"Vĩnh Long"}},
{"type":"Feature","geometry":{"type":"Polygon","coordinates":[[[106.2789,10.262],[106.2776,10.2668],[106.2784,10.2709],[106.2811,10.2726],[106.2813,10.2811],[106.2769,10.2812],[106.2765,10.2868],[106.2826,10.2875],[106.2857,10.2869],[106.2845,10.2905],[106.2848,10.2985],[106.283,10.2999],[106.2879,10.3034],[106.276,10.3047],[106.2722,10.3048],[106.2555,10.2996],[106.2515,10.299],[106.2433,10.297],[106.2397,10.2965],[106.2232,10.2931],[106.2233,10.2901],[106.2213,10.2895],[106.2205,10.287],[106.2216,10.2843],[106.219,10.2835],[106.2204,10.2792],[106.2232,10.2783],[106.223,10.2744],[106.2211,10.2745],[106.22,10.2709],[106.2199,10.265],[106.2267,10.2663],[106.2289,10.2662],[106.234,10.2632],[106.2234,10.2588],[106.2187,10.2591],[106.2177,10.2533],[106.2197,10.2507],[106.2187,10.2483],[106.2245,10.2459],[106.2245,10.2404],[106.2316,10.244],[106.2456,10.249],[106.249,10.2506],[106.2538,10.253],[106.2635,10.2567],[106.2721,10.2608],[106.2789,10.262]]]},"properties":{"ma_xa":"28861","ten_xa":"Tiên Thủy","sap_nhap":"Tiên Thủy (thị trấn), Thành Triệu, Quới Thành","tru_so":"đang cập nhật","loai":"Xã","cap":2,"stt":84,"dtich_km2":33.81,"dan_so":31792,"matdo_km2":940.31,"ma_tinh":"86","ten_tinh":"Vĩnh Long"}},
{"type":"Feature","geometry":{"type":"Polygon","coordinates":[[[106.1965,9.8871],[106.1949,9.892],[106.185,9.8879],[106.1837,9.8926],[106.162,9.8889],[106.1676,9.874],[106.1721,9.864],[106.1656,9.8616],[106.1671,9.8606],[106.1675,9.8572],[106.1639,9.8557],[106.1619,9.8493],[106.1592,9.847],[106.1608,9.8428],[106.1583,9.8427],[106.1554,9.8408],[106.1426,9.8281],[106.1383,9.8228],[106.1408,9.8177],[106.1445,9.8188],[106.1481,9.8094],[106.1523,9.8102],[106.1551,9.8063],[106.1556,9.8028],[106.1573,9.7984],[106.1633,9.7951],[106.1684,9.7881],[106.1714,9.7905],[106.1774,9.7921],[106.1801,9.7923],[106.1821,9.7887],[106.1919,9.7913],[106.1947,9.7931],[106.1985,9.7973],[106.2019,9.7964],[106.2057,9.7968],[106.2099,9.8003],[106.2092,9.8025],[106.2102,9.8058],[106.2081,9.8081],[106.2078,9.8128],[106.2097,9.8154],[106.2081,9.8176],[106.209,9.8199],[106.2123,9.8208],[106.2141,9.8253],[106.2134,9.8297],[106.2108,9.8303],[106.2088,9.8292],[106.2048,9.8373],[106.2011,9.8366],[106.1924,9.8334],[106.1892,9.8441],[106.1894,9.8502],[106.1916,9.8537],[106.1907,9.8579],[106.1959,9.8627],[106.1946,9.8697],[106.1926,9.8698],[106.1912,9.8725],[106.1887,9.8725],[106.1889,9.8766],[106.1879,9.8785],[106.1883,9.8819],[106.1965,9.8871]]]},"properties":{"ma_xa":"29341","ten_xa":"Tiểu Cần","sap_nhap":"Tiểu Cần (thị trấn), Phú Cần, Hiếu Trung ","tru_so":"đang cập nhật","loai":"Xã","cap":2,"stt":56,"dtich_km2":49.73,"dan_so":34150,"matdo_km2":686.71,"ma_tinh":"86","ten_tinh":"Vĩnh Long"}},
{"type":"Feature","geometry":{"type":"Polygon","coordinates":[[[106.0317,10.0049],[106.0371,10.0198],[106.0321,10.0214],[106.0297,10.0233],[106.0315,10.0292],[106.0336,10.0323],[106.0318,10.0379],[106.0334,10.0402],[106.0302,10.0429],[106.038,10.0465],[106.0411,10.0463],[106.0423,10.0506],[106.0441,10.0598],[106.044,10.0661],[106.0376,10.067],[106.0164,10.0679],[106.0162,10.0701],[106.009,10.0594],[106.011,10.0574],[106.0109,10.0525],[106.009,10.0524],[106.0095,10.0455],[106.0053,10.0468],[106.0031,10.0464],[105.993,10.0289],[105.9884,10.022],[105.988,10.0198],[105.9832,10.0204],[105.9827,10.0203],[105.9648,10.0071],[105.9414,9.9902],[105.9399,9.9889],[105.9447,9.9866],[105.9459,9.9876],[105.9488,9.985],[105.9487,9.9816],[105.9511,9.9819],[105.9523,9.9771],[105.9557,9.9746],[105.9656,9.9731],[105.9687,9.9736],[105.9706,9.9717],[105.9696,9.9679],[105.974,9.9673],[105.9746,9.963],[105.98,9.9621],[105.9815,9.9643],[105.9878,9.9666],[105.9888,9.9702],[105.9937,9.9693],[105.994,9.9749],[105.9972,9.9735],[106.0026,9.9726],[106.0052,9.9777],[106.0048,9.9837],[106.0122,9.9831],[106.0143,9.9871],[106.0146,9.9951],[106.0171,9.9967],[106.0175,10.0035],[106.0172,10.0067],[106.019,10.0088],[106.0224,10.0063],[106.023,10.0045],[106.0283,10.0048],[106.031,10.0026],[106.0317,10.0049]]]},"properties":{"ma_xa":"29836","ten_xa":"Trà Côn","sap_nhap":"Nhơn Bình, Trà Côn, Tân Mỹ","tru_so":"đang cập nhật","loai":"Xã","cap":2,"stt":22,"dtich_km2":59.37,"dan_so":45778,"matdo_km2":771.06,"ma_tinh":"86","ten_tinh":"Vĩnh Long"}},
{"type":"Feature","geometry":{"type":"Polygon","coordinates":[[[106.3111,9.6911],[106.309,9.7012],[106.3054,9.7115],[106.3035,9.7112],[106.3024,9.716],[106.3003,9.7176],[106.2953,9.7171],[106.2927,9.7177],[106.291,9.7203],[106.2907,9.7271],[106.2922,9.7268],[106.2918,9.7373],[106.2869,9.7354],[106.2829,9.7318],[106.2766,9.7302],[106.2736,9.7286],[106.277,9.721],[106.2761,9.719],[106.2697,9.7178],[106.2668,9.7183],[106.2665,9.7229],[106.2368,9.7172],[106.2371,9.7123],[106.2362,9.7035],[106.237,9.6991],[106.2388,9.6992],[106.2395,9.6945],[106.2423,9.6951],[106.2421,9.6922],[106.2449,9.6902],[106.2484,9.6904],[106.2521,9.6921],[106.2567,9.6929],[106.2572,9.6856],[106.2588,9.6762],[106.2623,9.6766],[106.2633,9.6753],[106.2671,9.6751],[106.267,9.6675],[106.2681,9.6625],[106.2718,9.6634],[106.2725,9.6652],[106.2753,9.6656],[106.2749,9.669],[106.2773,9.6687],[106.2863,9.6692],[106.2859,9.6723],[106.2899,9.6745],[106.2971,9.6745],[106.301,9.675],[106.3021,9.6786],[106.3013,9.6847],[106.3068,9.6858],[106.3067,9.6872],[106.3116,9.6882],[106.3111,9.6911]]]},"properties":{"ma_xa":"29461","ten_xa":"Trà Cú","sap_nhap":"Trà Cú (thị trấn), Ngãi Xuyên, Thanh Sơn","tru_so":"đang cập nhật","loai":"Xã","cap":2,"stt":66,"dtich_km2":37.33,"dan_so":30037,"matdo_km2":804.63,"ma_tinh":"86","ten_tinh":"Vĩnh Long"}},
{"type":"Feature","geometry":{"type":"Polygon","coordinates":[[[105.9746,9.963],[105.974,9.9673],[105.9696,9.9679],[105.9706,9.9717],[105.9687,9.9736],[105.9656,9.9731],[105.9557,9.9746],[105.9523,9.9771],[105.9511,9.9819],[105.9487,9.9816],[105.9488,9.985],[105.9459,9.9876],[105.9447,9.9866],[105.9399,9.9889],[105.9349,9.984],[105.9335,9.9811],[105.9291,9.9776],[105.926,9.9759],[105.9177,9.9737],[105.9163,9.9685],[105.9143,9.9663],[105.9193,9.9622],[105.927,9.9543],[105.932,9.9506],[105.9408,9.9426],[105.9423,9.9404],[105.9466,9.9309],[105.9496,9.9253],[105.9532,9.9212],[105.9597,9.9228],[105.9633,9.9222],[105.9722,9.9141],[105.9768,9.9108],[105.9783,9.9106],[105.9829,9.9045],[105.9862,9.9013],[105.9903,9.9041],[105.9918,9.9066],[105.9963,9.9056],[106.0013,9.9091],[106.0069,9.912],[106.0112,9.9135],[106.0153,9.9174],[106.0155,9.9202],[106.013,9.9243],[106.0079,9.9233],[106.0059,9.9255],[106.0075,9.9289],[105.9968,9.937],[105.9935,9.9404],[105.9915,9.9411],[105.9865,9.9383],[105.9861,9.9417],[105.9819,9.9403],[105.9815,9.9439],[105.975,9.9448],[105.9739,9.9466],[105.9771,9.9478],[105.9761,9.9617],[105.9746,9.963]]]},"properties":{"ma_xa":"29821","ten_xa":"Trà Ôn","sap_nhap":"Tích Thiện,  (1 phần thị trấn) Trà Ôn ","tru_so":"đang cập nhật","loai":"Xã","cap":2,"stt":21,"dtich_km2":42.78,"dan_so":37869,"matdo_km2":885.2,"ma_tinh":"86","ten_tinh":"Vĩnh Long"}},
{"type":"Feature","geometry":{"type":"Polygon","coordinates":[[[106.3452,9.9368],[106.3415,9.9374],[106.342,9.9425],[106.3441,9.9423],[106.3436,9.9581],[106.3407,9.9579],[106.3409,9.9537],[106.3325,9.9538],[106.3328,9.9501],[106.329,9.9454],[106.3298,9.9421],[106.3358,9.9392],[106.334,9.9371],[106.3348,9.9341],[106.3401,9.9335],[106.3381,9.9243],[106.335,9.9256],[106.3327,9.9224],[106.33,9.9171],[106.3255,9.9104],[106.3194,9.9029],[106.3211,9.9016],[106.3345,9.8973],[106.335,9.889],[106.3467,9.89],[106.3485,9.8866],[106.3575,9.8894],[106.3586,9.8877],[106.3669,9.8888],[106.3666,9.8907],[106.3657,9.8906],[106.3637,9.903],[106.3573,9.9018],[106.3577,9.9033],[106.3556,9.9105],[106.3538,9.9105],[106.353,9.9185],[106.3492,9.9186],[106.3445,9.9179],[106.3437,9.9234],[106.345,9.9314],[106.3452,9.9368]]]},"properties":{"ma_xa":"29242","ten_xa":"Trà Vinh","sap_nhap":"Phường 1, Phường 3, Phường 9 (thành phố Trà Vinh)","tru_so":"đang cập nhật","loai":"Phường","cap":2,"stt":37,"dtich_km2":15.73,"dan_so":45397,"matdo_km2":2886.01,"ma_tinh":"86","ten_tinh":"Vĩnh Long"}},
{"type":"Feature","geometry":{"type":"Polygon","coordinates":[[[106.1762,10.1012],[106.1716,10.1016],[106.1719,10.1043],[106.1701,10.1072],[106.1666,10.1074],[106.1639,10.1104],[106.1612,10.1115],[106.1591,10.1109],[106.1518,10.1149],[106.15,10.1191],[106.1552,10.1194],[106.1554,10.1233],[106.1567,10.1256],[106.1464,10.1325],[106.1428,10.1364],[106.1321,10.1437],[106.1287,10.1387],[106.1227,10.1415],[106.1188,10.1374],[106.1172,10.1407],[106.1028,10.1395],[106.1043,10.1364],[106.1034,10.1311],[106.1019,10.1267],[106.0988,10.1228],[106.0968,10.1229],[106.0921,10.1265],[106.0839,10.1286],[106.0797,10.1277],[106.0776,10.124],[106.0794,10.1189],[106.0851,10.1163],[106.0845,10.1135],[106.0793,10.1052],[106.0744,10.0999],[106.0706,10.0978],[106.071,10.0935],[106.0699,10.0912],[106.0739,10.0851],[106.077,10.0816],[106.0822,10.0778],[106.0839,10.0777],[106.0846,10.0817],[106.0891,10.0885],[106.0928,10.0955],[106.0978,10.0957],[106.1082,10.0978],[106.1135,10.098],[106.1158,10.0995],[106.1279,10.1013],[106.1301,10.0962],[106.1316,10.0823],[106.1378,10.0816],[106.1388,10.0853],[106.1525,10.0827],[106.159,10.0862],[106.166,10.0825],[106.1717,10.0837],[106.1718,10.0886],[106.1763,10.091],[106.1761,10.0943],[106.1771,10.0973],[106.1762,10.1012]]]},"properties":{"ma_xa":"29683","ten_xa":"Trung Hiệp","sap_nhap":"Tân An Luông, Trung Chánh, Trung Hiệp","tru_so":"đang cập nhật","loai":"Xã","cap":2,"stt":17,"dtich_km2":46.73,"dan_so":34451,"matdo_km2":737.24,"ma_tinh":"86","ten_tinh":"Vĩnh Long"}},
{"type":"Feature","geometry":{"type":"Polygon","coordinates":[[[106.2383,10.0822],[106.2317,10.0876],[106.2247,10.0944],[106.2167,10.1028],[106.2124,10.099],[106.2053,10.0997],[106.1973,10.0983],[106.1975,10.0937],[106.1991,10.0929],[106.2,10.0872],[106.1985,10.0868],[106.2005,10.0824],[106.2033,10.0733],[106.2047,10.0709],[106.2092,10.0657],[106.2062,10.0641],[106.2035,10.0643],[106.1968,10.0628],[106.1963,10.0587],[106.1925,10.0563],[106.1836,10.0522],[106.186,10.0477],[106.1835,10.0464],[106.1842,10.0443],[106.1787,10.0412],[106.1812,10.0383],[106.1682,10.0333],[106.1641,10.0329],[106.1605,10.0327],[106.1712,10.0235],[106.1721,10.0222],[106.1873,10.0254],[106.19,10.0263],[106.1948,10.0248],[106.1986,10.0151],[106.2037,10.01],[106.2067,10.0118],[106.2085,10.0089],[106.211,10.0087],[106.2148,10.0147],[106.2214,10.0147],[106.2241,10.018],[106.2291,10.0202],[106.2321,10.0233],[106.2314,10.0293],[106.231,10.0419],[106.2228,10.0436],[106.2268,10.0482],[106.225,10.0571],[106.2274,10.0601],[106.2285,10.0667],[106.2277,10.0675],[106.2294,10.0726],[106.2325,10.0738],[106.2331,10.0766],[106.2383,10.0822]]]},"properties":{"ma_xa":"29698","ten_xa":"Trung Ngãi","sap_nhap":"Trung Thành Đông, Trung Nghĩa, Trung Ngãi","tru_so":"đang cập nhật","loai":"Xã","cap":2,"stt":15,"dtich_km2":39.25,"dan_so":27309,"matdo_km2":695.77,"ma_tinh":"86","ten_tinh":"Vĩnh Long"}},
{"type":"Feature","geometry":{"type":"Polygon","coordinates":[[[106.1973,10.0983],[106.1961,10.0985],[106.1911,10.1021],[106.1874,10.1016],[106.1868,10.098],[106.1841,10.098],[106.1819,10.1016],[106.1772,10.1019],[106.1762,10.1012],[106.1771,10.0973],[106.1761,10.0943],[106.1763,10.091],[106.1718,10.0886],[106.1717,10.0837],[106.166,10.0825],[106.159,10.0862],[106.1525,10.0827],[106.1388,10.0853],[106.1378,10.0816],[106.1316,10.0823],[106.1313,10.0802],[106.1278,10.0811],[106.1257,10.0743],[106.1265,10.0655],[106.129,10.0651],[106.1284,10.0615],[106.1312,10.0601],[106.1302,10.0576],[106.1337,10.0555],[106.1486,10.0505],[106.1632,10.0503],[106.1657,10.0507],[106.1651,10.0449],[106.1637,10.0438],[106.1645,10.039],[106.1641,10.0329],[106.1682,10.0333],[106.1812,10.0383],[106.1787,10.0412],[106.1842,10.0443],[106.1835,10.0464],[106.186,10.0477],[106.1836,10.0522],[106.1925,10.0563],[106.1963,10.0587],[106.1968,10.0628],[106.2035,10.0643],[106.2062,10.0641],[106.2092,10.0657],[106.2047,10.0709],[106.2033,10.0733],[106.2005,10.0824],[106.1985,10.0868],[106.2,10.0872],[106.1991,10.0929],[106.1975,10.0937],[106.1973,10.0983]]]},"properties":{"ma_xa":"29659","ten_xa":"Trung Thành","sap_nhap":"Vũng Liêm (thị trấn), Trung Hiếu, Trung Thàn","tru_so":"đang cập nhật","loai":"Xã","cap":2,"stt":14,"dtich_km2":35.88,"dan_so":35593,"matdo_km2":992,"ma_tinh":"86","ten_tinh":"Vĩnh Long"}},
{"type":"Feature","geometry":{"type":"Polygon","coordinates":[[[106.5707,9.6952],[106.5613,9.6868],[106.5554,9.6891],[106.5521,9.6889],[106.5467,9.6863],[106.537,9.6826],[106.5295,9.684],[106.5232,9.6838],[106.5183,9.6818],[106.5144,9.6844],[106.5104,9.6895],[106.5136,9.6928],[106.5096,9.6985],[106.5048,9.6956],[106.5001,9.6936],[106.4991,9.6924],[106.5034,9.6846],[106.5054,9.6825],[106.5032,9.6777],[106.5096,9.668],[106.5116,9.668],[106.5084,9.6634],[106.5018,9.655],[106.5034,9.652],[106.5066,9.6576],[106.512,9.6551],[106.5141,9.6518],[106.5176,9.6524],[106.5228,9.6545],[106.5245,9.6533],[106.5276,9.6554],[106.531,9.6549],[106.5281,9.6474],[106.5252,9.6375],[106.5246,9.6343],[106.5287,9.6347],[106.5328,9.6319],[106.5384,9.6312],[106.5406,9.6293],[106.5401,9.624],[106.5406,9.6216],[106.5434,9.6165],[106.5419,9.614],[106.5397,9.6075],[106.5397,9.6041],[106.5413,9.6026],[106.5438,9.5981],[106.5495,9.6049],[106.5565,9.6152],[106.562,9.624],[106.5734,9.6483],[106.5792,9.6617],[106.5803,9.6657],[106.5812,9.6721],[106.5804,9.6824],[106.5791,9.6891],[106.5776,9.6938],[106.5746,9.6959],[106.5722,9.6943],[106.5707,9.6952]]]},"properties":{"ma_xa":"29516","ten_xa":"Trường Long Hòa","sap_nhap":"Phường 2 (thị xã Duyên Hải), Trường Long Hòa","tru_so":"đang cập nhật","loai":"Phường","cap":2,"stt":70,"dtich_km2":56.49,"dan_so":16150,"matdo_km2":285.89,"ma_tinh":"86","ten_tinh":"Vĩnh Long"}},
{"type":"Feature","geometry":{"type":"Polygon","coordinates":[[[106.4883,9.853],[106.4817,9.8601],[106.4669,9.874],[106.4459,9.8969],[106.4407,9.8921],[106.4371,9.8908],[106.4364,9.8894],[106.438,9.8817],[106.4414,9.8758],[106.4442,9.8695],[106.4449,9.8658],[106.4438,9.8616],[106.438,9.8615],[106.4337,9.8591],[106.43,9.8595],[106.4258,9.8628],[106.4232,9.8639],[106.4197,9.8636],[106.4108,9.8592],[106.4061,9.8581],[106.4041,9.8586],[106.4,9.8565],[106.3939,9.8525],[106.3859,9.8514],[106.3804,9.849],[106.3793,9.8248],[106.3785,9.8175],[106.4033,9.8158],[106.4081,9.8141],[106.4107,9.8139],[106.4329,9.8149],[106.434,9.8194],[106.4335,9.8263],[106.4381,9.8313],[106.4457,9.8279],[106.4452,9.8238],[106.4493,9.8224],[106.4461,9.8201],[106.4483,9.8177],[106.4538,9.8175],[106.4539,9.8186],[106.4595,9.8183],[106.4598,9.8166],[106.469,9.8212],[106.4719,9.8239],[106.4702,9.8249],[106.467,9.83],[106.4672,9.833],[106.4701,9.8338],[106.4714,9.8386],[106.4795,9.8449],[106.4822,9.848],[106.4883,9.853]]]},"properties":{"ma_xa":"29431","ten_xa":"Vinh Kim","sap_nhap":"Kim Hòa, Vinh Kim ","tru_so":"đang cập nhật","loai":"Xã","cap":2,"stt":59,"dtich_km2":56.68,"dan_so":30261,"matdo_km2":533.89,"ma_tinh":"86","ten_tinh":"Vĩnh Long"}},
{"type":"Feature","geometry":{"type":"Polygon","coordinates":[[[106.2383,10.2164],[106.2385,10.2231],[106.2495,10.2226],[106.2511,10.223],[106.2553,10.2336],[106.2502,10.241],[106.2494,10.2445],[106.2528,10.248],[106.249,10.2506],[106.2456,10.249],[106.2316,10.244],[106.2245,10.2404],[106.2184,10.2388],[106.2109,10.2401],[106.2101,10.2355],[106.2081,10.2337],[106.2119,10.2305],[106.2119,10.2265],[106.2155,10.2261],[106.212,10.2232],[106.2094,10.2168],[106.2119,10.2143],[106.2102,10.213],[106.2089,10.2094],[106.2105,10.2033],[106.2087,10.2023],[106.2066,10.2093],[106.2038,10.2098],[106.1981,10.2127],[106.1924,10.2144],[106.1904,10.2122],[106.1862,10.2133],[106.1817,10.2118],[106.1782,10.2142],[106.1768,10.217],[106.1778,10.2231],[106.1738,10.2263],[106.1686,10.2255],[106.1655,10.2236],[106.1648,10.2217],[106.1621,10.2205],[106.1634,10.2166],[106.1573,10.2127],[106.1489,10.2135],[106.1411,10.215],[106.1414,10.211],[106.1427,10.2064],[106.1471,10.2008],[106.1492,10.1991],[106.1557,10.1954],[106.1618,10.193],[106.1671,10.1887],[106.1739,10.1794],[106.1767,10.1763],[106.1799,10.1779],[106.1827,10.1774],[106.1871,10.1781],[106.1935,10.1737],[106.2039,10.1651],[106.2069,10.1762],[106.2114,10.1744],[106.2216,10.1754],[106.2233,10.1763],[106.2259,10.175],[106.2271,10.1772],[106.2306,10.1792],[106.2303,10.1819],[106.2254,10.1816],[106.2246,10.1841],[106.23,10.1879],[106.2303,10.196],[106.2315,10.1983],[106.2356,10.1969],[106.2399,10.1964],[106.2419,10.1978],[106.2426,10.2016],[106.2418,10.2093],[106.2392,10.2106],[106.2383,10.2164]]]},"properties":{"ma_xa":"28894","ten_xa":"Vĩnh Thành","sap_nhap":"Phú Sơn, Tân Thiềng, Vĩnh Thành","tru_so":"đang cập nhật","loai":"Xã","cap":2,"stt":88,"dtich_km2":52.01,"dan_so":42885,"matdo_km2":824.55,"ma_tinh":"86","ten_tinh":"Vĩnh Long"}},
{"type":"Feature","geometry":{"type":"Polygon","coordinates":[[[106.0317,10.0049],[106.031,10.0026],[106.0283,10.0048],[106.023,10.0045],[106.0224,10.0063],[106.019,10.0088],[106.0172,10.0067],[106.0175,10.0035],[106.0171,9.9967],[106.0146,9.9951],[106.0143,9.9871],[106.0122,9.9831],[106.0048,9.9837],[106.0052,9.9777],[106.0026,9.9726],[105.9972,9.9735],[105.994,9.9749],[105.9937,9.9693],[105.9888,9.9702],[105.9878,9.9666],[105.9815,9.9643],[105.98,9.9621],[105.9746,9.963],[105.9761,9.9617],[105.9771,9.9478],[105.9739,9.9466],[105.975,9.9448],[105.9815,9.9439],[105.9819,9.9403],[105.9861,9.9417],[105.9865,9.9383],[105.9915,9.9411],[105.9935,9.9404],[105.9968,9.937],[106.0075,9.9289],[106.0059,9.9255],[106.0079,9.9233],[106.013,9.9243],[106.0166,9.9265],[106.0202,9.9327],[106.0232,9.9306],[106.0268,9.9296],[106.0294,9.9279],[106.0348,9.9269],[106.039,9.9285],[106.0401,9.9322],[106.0457,9.9381],[106.0512,9.9412],[106.0555,9.9422],[106.0558,9.9468],[106.0626,9.9456],[106.063,9.9478],[106.066,9.9476],[106.0767,9.9448],[106.0791,9.9494],[106.0866,9.9596],[106.077,9.9661],[106.066,9.9739],[106.0577,9.9797],[106.0544,9.9827],[106.0498,9.9848],[106.0485,9.9887],[106.0439,9.9922],[106.0433,9.9943],[106.041,9.9945],[106.0367,10.0005],[106.0333,10.0004],[106.0337,10.0031],[106.0317,10.0049]]]},"properties":{"ma_xa":"29845","ten_xa":"Vĩnh Xuân","sap_nhap":"Hựu Thành, Thuận Thới, Vĩnh Xuân","tru_so":"đang cập nhật","loai":"Xã","cap":2,"stt":23,"dtich_km2":57.79,"dan_so":42370,"matdo_km2":733.17,"ma_tinh":"86","ten_tinh":"Vĩnh Long"}}
]}