{"type":"FeatureCollection", "features": [
{"type":"Feature","geometry":{"type":"Polygon","coordinates":[[[105.7217,18.5458],[105.7212,18.5495],[105.7184,18.5495],[105.7167,18.5533],[105.7199,18.5581],[105.7188,18.5607],[105.7206,18.5648],[105.7202,18.5706],[105.7219,18.5769],[105.7223,18.581],[105.7219,18.5861],[105.7141,18.5864],[105.7111,18.591],[105.7076,18.5946],[105.7048,18.5934],[105.7017,18.5935],[105.691,18.5924],[105.6887,18.5939],[105.6846,18.5849],[105.6809,18.5799],[105.6783,18.5784],[105.6724,18.5776],[105.6679,18.5755],[105.6666,18.5718],[105.6657,18.5663],[105.6659,18.5627],[105.663,18.5585],[105.6696,18.5559],[105.6706,18.5542],[105.6732,18.5543],[105.6739,18.5475],[105.6722,18.5454],[105.6675,18.5419],[105.6647,18.5415],[105.6644,18.5382],[105.6678,18.5359],[105.6706,18.536],[105.6771,18.5326],[105.6793,18.5337],[105.6819,18.5314],[105.6849,18.5313],[105.685,18.5284],[105.6876,18.5271],[105.6882,18.5294],[105.6919,18.5275],[105.6981,18.5281],[105.699,18.5296],[105.7058,18.5298],[105.7096,18.5308],[105.7124,18.5335],[105.7149,18.5321],[105.7199,18.5318],[105.7209,18.5345],[105.7202,18.5392],[105.7217,18.5458]]]},"properties":{"ma_xa":"18115","ten_xa":"Bắc Hồng Lĩnh","sap_nhap":"Bắc Hồng, Đức Thuận, Trung Lương, Xuân Lam","tru_so":"đang cập nhật","loai":"Phường","cap":2,"stt":40,"dtich_km2":35.31,"dan_so":28729,"matdo_km2":813.62,"ma_tinh":"42","ten_tinh":"Hà Tĩnh"}},
{"type":"Feature","geometry":{"type":"Polygon","coordinates":[[[105.9696,18.3167],[105.9583,18.317],[105.9572,18.3201],[105.9522,18.3189],[105.952,18.3173],[105.9489,18.3158],[105.9441,18.3161],[105.9412,18.3205],[105.9432,18.3263],[105.9399,18.3262],[105.9362,18.3278],[105.9342,18.3233],[105.9312,18.3215],[105.9289,18.3167],[105.9202,18.32],[105.9128,18.3198],[105.913,18.3177],[105.9185,18.3131],[105.9177,18.3098],[105.9159,18.3093],[105.9076,18.3097],[105.9048,18.3081],[105.9042,18.3048],[105.9066,18.3025],[105.91,18.3058],[105.9124,18.3058],[105.9161,18.3023],[105.9216,18.3019],[105.9213,18.2999],[105.9176,18.2965],[105.9173,18.2929],[105.9192,18.2914],[105.9198,18.2863],[105.9217,18.279],[105.9246,18.278],[105.9284,18.2728],[105.9301,18.2671],[105.9323,18.2702],[105.9345,18.2705],[105.9358,18.2685],[105.9387,18.2697],[105.9402,18.2721],[105.9447,18.2697],[105.9439,18.2673],[105.9451,18.2627],[105.9474,18.2623],[105.9494,18.258],[105.9543,18.2573],[105.9619,18.2575],[105.9623,18.2607],[105.9644,18.2614],[105.9653,18.2636],[105.9608,18.2657],[105.9603,18.2704],[105.9583,18.272],[105.963,18.2774],[105.9637,18.2801],[105.9616,18.2823],[105.9638,18.2848],[105.9667,18.2845],[105.969,18.2877],[105.9725,18.2902],[105.9745,18.2938],[105.9772,18.2924],[105.9831,18.2938],[105.9832,18.2952],[105.9865,18.2998],[105.9835,18.3033],[105.9791,18.3066],[105.9754,18.3106],[105.9725,18.3119],[105.9696,18.3167]]]},"properties":{"ma_xa":"18685","ten_xa":"Cẩm Bình","sap_nhap":"Cẩm Vịnh, Thạch Bình, Cẩm Thành, Cẩm Bình","tru_so":"đang cập nhật","loai":"Xã","cap":2,"stt":25,"dtich_km2":33.14,"dan_so":25305,"matdo_km2":763.58,"ma_tinh":"42","ten_tinh":"Hà Tĩnh"}},
{"type":"Feature","geometry":{"type":"Polygon","coordinates":[[[105.9198,18.2863],[105.9145,18.2837],[105.9163,18.2808],[105.9153,18.2777],[105.9131,18.2754],[105.914,18.2721],[105.9196,18.2675],[105.9122,18.2597],[105.9087,18.2625],[105.9079,18.2609],[105.9044,18.2606],[105.8987,18.2562],[105.8996,18.254],[105.8975,18.251],[105.8884,18.2427],[105.8898,18.2407],[105.8931,18.2326],[105.8909,18.2313],[105.8912,18.2265],[105.8901,18.2233],[105.8862,18.2231],[105.8851,18.2212],[105.8824,18.222],[105.8805,18.2187],[105.8779,18.2177],[105.8758,18.2066],[105.8767,18.2027],[105.8806,18.198],[105.8808,18.1902],[105.8821,18.1859],[105.878,18.1835],[105.8721,18.1815],[105.8682,18.1776],[105.8626,18.1756],[105.8593,18.1712],[105.8648,18.1552],[105.8638,18.154],[105.8547,18.1477],[105.8563,18.1431],[105.8562,18.1403],[105.8604,18.1374],[105.8651,18.1382],[105.8668,18.1362],[105.8715,18.1384],[105.8799,18.1415],[105.8836,18.1367],[105.887,18.1363],[105.89,18.1331],[105.8905,18.1289],[105.8949,18.1246],[105.9018,18.123],[105.904,18.1218],[105.905,18.1184],[105.9078,18.1182],[105.9095,18.1162],[105.9136,18.1146],[105.9141,18.112],[105.9173,18.1083],[105.9179,18.1035],[105.9229,18.1013],[105.9253,18.0947],[105.9293,18.0925],[105.9311,18.0894],[105.9344,18.0881],[105.9358,18.0832],[105.9377,18.0822],[105.939,18.0792],[105.9428,18.0753],[105.9451,18.0742],[105.9472,18.0691],[105.9504,18.066],[105.95,18.0588],[105.9529,18.0576],[105.9571,18.0589],[105.9624,18.0595],[105.9637,18.057],[105.968,18.0549],[105.9747,18.0619],[105.9771,18.0631],[105.983,18.0644],[105.9863,18.0637],[105.9882,18.0665],[105.9885,18.0708],[105.9832,18.0748],[105.9851,18.0797],[105.9885,18.0817],[105.992,18.0866],[105.997,18.0881],[105.9987,18.0905],[106.0006,18.0904],[106.0024,18.0968],[106.0045,18.0996],[106.005,18.1028],[106.0047,18.1086],[106.0033,18.1094],[105.9996,18.1159],[105.9946,18.1207],[105.9938,18.1223],[105.9953,18.1263],[105.9938,18.1333],[105.99,18.1378],[105.9902,18.1409],[105.9858,18.1423],[105.9826,18.1445],[105.9773,18.1502],[105.976,18.1528],[105.9723,18.1563],[105.9669,18.1586],[105.9641,18.1608],[105.9639,18.1648],[105.9654,18.1679],[105.9675,18.1675],[105.9692,18.1702],[105.9694,18.1738],[105.9658,18.1756],[105.961,18.1823],[105.9616,18.1843],[105.9663,18.1869],[105.9722,18.1891],[105.9702,18.1958],[105.9649,18.2007],[105.9594,18.2043],[105.9567,18.2076],[105.9539,18.2079],[105.954,18.2147],[105.9501,18.2203],[105.9515,18.2236],[105.9509,18.2262],[105.9531,18.2287],[105.9542,18.2353],[105.9539,18.2402],[105.9551,18.2466],[105.9537,18.2468],[105.9529,18.2532],[105.9543,18.2573],[105.9494,18.258],[105.9474,18.2623],[105.9451,18.2627],[105.9439,18.2673],[105.9447,18.2697],[105.9402,18.2721],[105.9387,18.2697],[105.9358,18.2685],[105.9345,18.2705],[105.9323,18.2702],[105.9301,18.2671],[105.9284,18.2728],[105.9246,18.278],[105.9217,18.279],[105.9198,18.2863]]]},"properties":{"ma_xa":"18739","ten_xa":"Cẩm Duệ","sap_nhap":"Cẩm Mỹ, Cẩm Thạch, Cẩm Duệ","tru_so":"đang cập nhật","loai":"Xã","cap":2,"stt":14,"dtich_km2":193.57,"dan_so":23870,"matdo_km2":123.31,"ma_tinh":"42","ten_tinh":"Hà Tĩnh"}},
{"type":"Feature","geometry":{"type":"Polygon","coordinates":[[[106.0877,18.248],[106.0847,18.2491],[106.0811,18.2489],[106.0751,18.2468],[106.0697,18.2476],[106.0661,18.2409],[106.0634,18.2406],[106.0578,18.2436],[106.0547,18.2425],[106.0515,18.2467],[106.052,18.2492],[106.0488,18.2495],[106.0462,18.2517],[106.0444,18.2516],[106.0442,18.2472],[106.0403,18.2483],[106.0367,18.2471],[106.0331,18.2517],[106.0318,18.2555],[106.0267,18.2539],[106.0258,18.2499],[106.0279,18.2478],[106.0266,18.2462],[106.0243,18.2495],[106.0224,18.2502],[106.021,18.2465],[106.0178,18.244],[106.0148,18.2468],[106.0127,18.2456],[106.0144,18.2428],[106.0135,18.2408],[106.0078,18.2424],[106.0069,18.2362],[106.0071,18.2285],[106.0044,18.227],[106.004,18.2234],[106.0005,18.2196],[105.999,18.216],[105.994,18.2155],[105.9953,18.2113],[105.9969,18.2093],[106.0021,18.2052],[106.0018,18.1995],[106.0053,18.1953],[106.0084,18.1927],[106.0093,18.1885],[106.0122,18.1843],[106.0136,18.1841],[106.0137,18.1794],[106.015,18.1772],[106.0139,18.1731],[106.0153,18.1717],[106.0122,18.1667],[106.0107,18.1665],[106.0067,18.1605],[106.0048,18.1552],[106.0058,18.1476],[106.0074,18.1448],[106.0053,18.1395],[106.0013,18.1392],[105.9983,18.137],[105.9951,18.1362],[105.9914,18.139],[105.9902,18.1409],[105.99,18.1378],[105.9938,18.1333],[105.9953,18.1263],[105.9938,18.1223],[105.9946,18.1207],[105.9996,18.1159],[106.0033,18.1094],[106.0047,18.1086],[106.005,18.1028],[106.0045,18.0996],[106.0024,18.0968],[106.0006,18.0904],[105.9987,18.0905],[105.997,18.0881],[105.992,18.0866],[105.9885,18.0817],[105.9851,18.0797],[105.9832,18.0748],[105.9885,18.0708],[105.9882,18.0665],[105.9863,18.0637],[105.9868,18.0616],[105.9897,18.0606],[105.992,18.0584],[105.9948,18.0538],[105.9948,18.051],[105.9996,18.0488],[106.0021,18.0458],[106.0074,18.0426],[106.0118,18.037],[106.0158,18.0344],[106.0177,18.04],[106.0153,18.0417],[106.0148,18.0447],[106.0174,18.0463],[106.0192,18.0448],[106.0216,18.0452],[106.024,18.0497],[106.0257,18.0569],[106.0213,18.0601],[106.0227,18.0635],[106.0288,18.0698],[106.0273,18.0716],[106.0296,18.0744],[106.0329,18.0741],[106.0359,18.078],[106.038,18.0789],[106.0381,18.0875],[106.0433,18.0909],[106.0413,18.0941],[106.0414,18.1042],[106.0381,18.1071],[106.0379,18.1134],[106.0368,18.1162],[106.0381,18.119],[106.0363,18.121],[106.0393,18.123],[106.0425,18.1267],[106.0402,18.1307],[106.0372,18.1325],[106.041,18.1356],[106.046,18.1384],[106.0469,18.1399],[106.0434,18.1437],[106.041,18.1475],[106.0429,18.1509],[106.043,18.1558],[106.038,18.1631],[106.0403,18.165],[106.0405,18.1704],[106.0431,18.1743],[106.0401,18.1794],[106.0405,18.1845],[106.0449,18.187],[106.0478,18.2008],[106.0514,18.208],[106.0521,18.2144],[106.0596,18.2292],[106.0678,18.2266],[106.0679,18.2249],[106.0706,18.2238],[106.0748,18.2239],[106.077,18.2257],[106.0799,18.2228],[106.0834,18.2224],[106.0838,18.2255],[106.0816,18.2274],[106.0807,18.234],[106.0842,18.2356],[106.082,18.238],[106.082,18.2404],[106.0874,18.2429],[106.0884,18.2442],[106.0877,18.248]]]},"properties":{"ma_xa":"18736","ten_xa":"Cẩm Hưng","sap_nhap":"Cẩm Thịnh, Cẩm Hà, Cẩm Hưng","tru_so":"đang cập nhật","loai":"Xã","cap":2,"stt":15,"dtich_km2":103.8,"dan_so":21964,"matdo_km2":211.6,"ma_tinh":"42","ten_tinh":"Hà Tĩnh"}},
{"type":"Feature","geometry":{"type":"Polygon","coordinates":[[[106.0834,18.2224],[106.0799,18.2228],[106.077,18.2257],[106.0748,18.2239],[106.0706,18.2238],[106.0679,18.2249],[106.0678,18.2266],[106.0596,18.2292],[106.0521,18.2144],[106.0514,18.208],[106.0478,18.2008],[106.0449,18.187],[106.0405,18.1845],[106.0401,18.1794],[106.0431,18.1743],[106.0405,18.1704],[106.0403,18.165],[106.038,18.1631],[106.043,18.1558],[106.0429,18.1509],[106.041,18.1475],[106.0434,18.1437],[106.0469,18.1399],[106.046,18.1384],[106.041,18.1356],[106.0372,18.1325],[106.0402,18.1307],[106.0425,18.1267],[106.0393,18.123],[106.0363,18.121],[106.0381,18.119],[106.0368,18.1162],[106.0379,18.1134],[106.0381,18.1071],[106.0414,18.1042],[106.0413,18.0941],[106.0433,18.0909],[106.0463,18.0925],[106.0489,18.0923],[106.0516,18.0902],[106.0548,18.0903],[106.0592,18.0949],[106.0639,18.0965],[106.0765,18.1044],[106.0758,18.108],[106.0791,18.1126],[106.0819,18.114],[106.0825,18.1181],[106.0842,18.1204],[106.0896,18.1218],[106.0957,18.1189],[106.0984,18.1168],[106.1008,18.1189],[106.1032,18.1187],[106.106,18.1201],[106.1071,18.1232],[106.1093,18.1243],[106.112,18.1222],[106.1147,18.1179],[106.1159,18.1188],[106.1223,18.1199],[106.125,18.1173],[106.1306,18.1186],[106.1334,18.122],[106.1334,18.128],[106.1353,18.1325],[106.1416,18.1462],[106.1432,18.1488],[106.1386,18.1608],[106.1382,18.168],[106.1393,18.1696],[106.1382,18.1734],[106.1391,18.1827],[106.1376,18.1828],[106.138,18.1902],[106.1346,18.1915],[106.1352,18.1937],[106.1322,18.1958],[106.1349,18.1969],[106.1324,18.2023],[106.1326,18.2055],[106.1283,18.2075],[106.1276,18.2049],[106.1194,18.2087],[106.1176,18.21],[106.1105,18.2085],[106.1084,18.2095],[106.0995,18.2109],[106.0953,18.2123],[106.0851,18.2091],[106.0825,18.2092],[106.0811,18.2126],[106.0816,18.2168],[106.0842,18.2171],[106.0834,18.2224]]]},"properties":{"ma_xa":"18748","ten_xa":"Cẩm Lạc","sap_nhap":"Cẩm Minh, Cẩm Sơn, Cẩm Lạc","tru_so":"đang cập nhật","loai":"Xã","cap":2,"stt":16,"dtich_km2":115.86,"dan_so":19399,"matdo_km2":167.43,"ma_tinh":"42","ten_tinh":"Hà Tĩnh"}},
{"type":"Feature","geometry":{"type":"Polygon","coordinates":[[[106.1276,18.2049],[106.1258,18.2068],[106.1256,18.2097],[106.1278,18.2117],[106.1276,18.2145],[106.1331,18.2181],[106.1309,18.2213],[106.1268,18.2241],[106.1262,18.2297],[106.13,18.2327],[106.1331,18.2364],[106.1384,18.2377],[106.1405,18.2391],[106.1415,18.2416],[106.1445,18.2427],[106.1464,18.2452],[106.1457,18.2479],[106.1469,18.2549],[106.1522,18.2574],[106.1517,18.2625],[106.1525,18.2681],[106.1507,18.2666],[106.1454,18.2675],[106.1391,18.2659],[106.1338,18.2676],[106.1317,18.2664],[106.1285,18.2671],[106.123,18.266],[106.1229,18.2606],[106.1183,18.2623],[106.1175,18.2608],[106.113,18.2596],[106.11,18.2603],[106.1065,18.2594],[106.1033,18.2595],[106.0975,18.2585],[106.0937,18.2595],[106.0929,18.2577],[106.0939,18.249],[106.092,18.2474],[106.0877,18.248],[106.0884,18.2442],[106.0874,18.2429],[106.082,18.2404],[106.082,18.238],[106.0842,18.2356],[106.0807,18.234],[106.0816,18.2274],[106.0838,18.2255],[106.0834,18.2224],[106.0842,18.2171],[106.0816,18.2168],[106.0811,18.2126],[106.0825,18.2092],[106.0851,18.2091],[106.0953,18.2123],[106.0995,18.2109],[106.1084,18.2095],[106.1105,18.2085],[106.1176,18.21],[106.1194,18.2087],[106.1276,18.2049]]]},"properties":{"ma_xa":"18742","ten_xa":"Cẩm Trung","sap_nhap":"Cẩm Lĩnh, Cẩm Lộc, Cẩm Trung","tru_so":"đang cập nhật","loai":"Xã","cap":2,"stt":17,"dtich_km2":32.72,"dan_so":19466,"matdo_km2":594.93,"ma_tinh":"42","ten_tinh":"Hà Tĩnh"}},
{"type":"Feature","geometry":{"type":"Polygon","coordinates":[[[106.0146,18.2885],[106.0122,18.2866],[106.0106,18.2881],[106.0076,18.2883],[106.0066,18.2909],[106.0042,18.2929],[106.001,18.2927],[105.9982,18.295],[105.9962,18.2932],[105.9865,18.2998],[105.9832,18.2952],[105.9831,18.2938],[105.9772,18.2924],[105.9745,18.2938],[105.9725,18.2902],[105.969,18.2877],[105.9667,18.2845],[105.9638,18.2848],[105.9616,18.2823],[105.9637,18.2801],[105.963,18.2774],[105.9583,18.272],[105.9603,18.2704],[105.9608,18.2657],[105.9653,18.2636],[105.9644,18.2614],[105.9623,18.2607],[105.9619,18.2575],[105.9543,18.2573],[105.9529,18.2532],[105.9537,18.2468],[105.9551,18.2466],[105.9539,18.2402],[105.9542,18.2353],[105.9531,18.2287],[105.9509,18.2262],[105.9515,18.2236],[105.9501,18.2203],[105.954,18.2147],[105.9539,18.2079],[105.9567,18.2076],[105.9594,18.2043],[105.9649,18.2007],[105.9702,18.1958],[105.9722,18.1891],[105.9663,18.1869],[105.9616,18.1843],[105.961,18.1823],[105.9658,18.1756],[105.9694,18.1738],[105.9692,18.1702],[105.9675,18.1675],[105.9654,18.1679],[105.9639,18.1648],[105.9641,18.1608],[105.9669,18.1586],[105.9723,18.1563],[105.976,18.1528],[105.9773,18.1502],[105.9826,18.1445],[105.9858,18.1423],[105.9902,18.1409],[105.9914,18.139],[105.9951,18.1362],[105.9983,18.137],[106.0013,18.1392],[106.0053,18.1395],[106.0074,18.1448],[106.0058,18.1476],[106.0048,18.1552],[106.0067,18.1605],[106.0107,18.1665],[106.0122,18.1667],[106.0153,18.1717],[106.0139,18.1731],[106.015,18.1772],[106.0137,18.1794],[106.0136,18.1841],[106.0122,18.1843],[106.0093,18.1885],[106.0084,18.1927],[106.0053,18.1953],[106.0018,18.1995],[106.0021,18.2052],[105.9969,18.2093],[105.9953,18.2113],[105.994,18.2155],[105.999,18.216],[106.0005,18.2196],[106.004,18.2234],[106.0044,18.227],[106.0071,18.2285],[106.0069,18.2362],[106.0078,18.2424],[106.0135,18.2408],[106.0144,18.2428],[106.0127,18.2456],[106.0148,18.2468],[106.016,18.2504],[106.0151,18.2517],[106.0143,18.2572],[106.0144,18.2623],[106.0158,18.2627],[106.0151,18.2672],[106.0085,18.2724],[106.0096,18.275],[106.0128,18.2756],[106.0166,18.2787],[106.0183,18.2819],[106.0177,18.2844],[106.0146,18.2885]]]},"properties":{"ma_xa":"18673","ten_xa":"Cẩm Xuyên","sap_nhap":"Cẩm Xuyên (thị trấn), Cẩm Quang, Cẩm Quan","tru_so":"đang cập nhật","loai":"Xã","cap":2,"stt":12,"dtich_km2":82.98,"dan_so":33977,"matdo_km2":409.46,"ma_tinh":"42","ten_tinh":"Hà Tĩnh"}},
{"type":"Feature","geometry":{"type":"Polygon","coordinates":[[[105.7903,18.5465],[105.7859,18.5463],[105.7776,18.5501],[105.7697,18.5515],[105.766,18.5501],[105.7653,18.5469],[105.759,18.5451],[105.7547,18.5422],[105.751,18.5381],[105.7469,18.5295],[105.7493,18.5243],[105.7483,18.5202],[105.7485,18.5124],[105.7469,18.5071],[105.7434,18.5016],[105.7424,18.4987],[105.7384,18.4948],[105.736,18.4942],[105.7331,18.4962],[105.7317,18.4915],[105.7282,18.4871],[105.7238,18.485],[105.7244,18.4818],[105.7274,18.4784],[105.7297,18.4742],[105.7274,18.4693],[105.7268,18.4631],[105.731,18.4615],[105.7324,18.4586],[105.7343,18.4582],[105.7373,18.4599],[105.738,18.4566],[105.7439,18.4595],[105.7486,18.4584],[105.7499,18.4549],[105.752,18.4549],[105.7504,18.4476],[105.753,18.4401],[105.7562,18.4337],[105.7591,18.4352],[105.7616,18.4345],[105.7684,18.4348],[105.7666,18.4394],[105.7721,18.4416],[105.773,18.4381],[105.7769,18.4367],[105.7768,18.4349],[105.7813,18.4309],[105.7842,18.4299],[105.7855,18.4309],[105.7882,18.4289],[105.7892,18.4245],[105.793,18.4246],[105.8025,18.4177],[105.8046,18.4178],[105.8039,18.4211],[105.8082,18.423],[105.8078,18.427],[105.8042,18.4273],[105.8057,18.4296],[105.8051,18.4327],[105.8057,18.4363],[105.807,18.4376],[105.8078,18.4408],[105.812,18.4408],[105.8131,18.4423],[105.8101,18.445],[105.8063,18.4446],[105.8025,18.4478],[105.8012,18.447],[105.8005,18.4429],[105.7981,18.4422],[105.7941,18.4458],[105.7935,18.4483],[105.7957,18.4509],[105.791,18.4532],[105.7939,18.4555],[105.7948,18.4585],[105.7935,18.4595],[105.7888,18.4577],[105.7864,18.4596],[105.7844,18.4634],[105.7875,18.4659],[105.7878,18.4713],[105.7866,18.4731],[105.7837,18.4738],[105.7835,18.4811],[105.7851,18.4817],[105.7852,18.4886],[105.7866,18.4888],[105.7867,18.4961],[105.7896,18.5004],[105.7899,18.5044],[105.7878,18.5072],[105.7884,18.5129],[105.785,18.5205],[105.7833,18.5225],[105.7847,18.5276],[105.7885,18.53],[105.7917,18.5364],[105.7893,18.5382],[105.7903,18.5465]]]},"properties":{"ma_xa":"18406","ten_xa":"Can Lộc","sap_nhap":"Nghèn (thị trấn), Thiên Lộc, Vượng Lộc","tru_so":"đang cập nhật","loai":"Xã","cap":2,"stt":34,"dtich_km2":65.7,"dan_so":41153,"matdo_km2":626.38,"ma_tinh":"42","ten_tinh":"Hà Tĩnh"}},
{"type":"Feature","geometry":{"type":"Polygon","coordinates":[[[105.8659,18.5283],[105.8645,18.5335],[105.8521,18.5527],[105.8468,18.5617],[105.8372,18.5787],[105.8244,18.6036],[105.8163,18.6213],[105.8132,18.6288],[105.7982,18.6211],[105.7983,18.6188],[105.7944,18.6176],[105.7909,18.6175],[105.7927,18.6123],[105.7895,18.6103],[105.7904,18.6073],[105.7878,18.6056],[105.7821,18.6118],[105.7799,18.6051],[105.7775,18.6039],[105.7683,18.6019],[105.769,18.5983],[105.7641,18.5908],[105.7626,18.5907],[105.7622,18.5856],[105.7608,18.5807],[105.762,18.5751],[105.7608,18.5716],[105.7621,18.5704],[105.7631,18.5649],[105.7636,18.5586],[105.7635,18.5522],[105.766,18.5501],[105.7697,18.5515],[105.7776,18.5501],[105.7859,18.5463],[105.7903,18.5465],[105.808,18.5473],[105.8149,18.5417],[105.8258,18.5456],[105.8338,18.5441],[105.838,18.5457],[105.8403,18.545],[105.8419,18.5385],[105.8425,18.5335],[105.8482,18.5276],[105.8528,18.5248],[105.8569,18.5234],[105.8599,18.5234],[105.8659,18.5283]]]},"properties":{"ma_xa":"18394","ten_xa":"Cổ Đạm","sap_nhap":"Cương Gián, Xuân Liên, Cổ Đạm","tru_so":"đang cập nhật","loai":"Xã","cap":2,"stt":44,"dtich_km2":62.67,"dan_so":34635,"matdo_km2":552.66,"ma_tinh":"42","ten_tinh":"Hà Tĩnh"}},
{"type":"Feature","geometry":{"type":"Polygon","coordinates":[[[105.7989,18.67],[105.7967,18.6781],[105.7929,18.6953],[105.792,18.701],[105.7891,18.7147],[105.7841,18.7361],[105.7813,18.746],[105.7777,18.7565],[105.7762,18.76],[105.7618,18.7585],[105.7588,18.7604],[105.7465,18.7527],[105.7433,18.749],[105.7424,18.7465],[105.7416,18.7438],[105.743,18.7372],[105.7485,18.7272],[105.7538,18.7153],[105.7578,18.7024],[105.7598,18.6989],[105.7662,18.6894],[105.7679,18.685],[105.7686,18.6806],[105.7682,18.6775],[105.7648,18.6733],[105.7704,18.6701],[105.7742,18.6704],[105.7751,18.6687],[105.7829,18.6697],[105.7941,18.6691],[105.7989,18.67]]]},"properties":{"ma_xa":"18364","ten_xa":"Đan Hải","sap_nhap":"Đan Trường, Xuân Hải, Xuân Hội, Xuân Phổ","tru_so":"đang cập nhật","loai":"Xã","cap":2,"stt":45,"dtich_km2":37.77,"dan_so":28212,"matdo_km2":746.94,"ma_tinh":"42","ten_tinh":"Hà Tĩnh"}},
{"type":"Feature","geometry":{"type":"Polygon","coordinates":[[[105.848,18.4621],[105.8464,18.4642],[105.8431,18.4652],[105.8389,18.4628],[105.8381,18.4595],[105.8355,18.4585],[105.8315,18.4594],[105.829,18.4622],[105.8261,18.4623],[105.8225,18.4616],[105.8208,18.4572],[105.8205,18.4537],[105.8235,18.452],[105.8277,18.4537],[105.8303,18.4537],[105.829,18.4507],[105.8294,18.4483],[105.8319,18.4471],[105.829,18.4437],[105.8282,18.4413],[105.8236,18.4369],[105.8159,18.4381],[105.81,18.4372],[105.807,18.4376],[105.8057,18.4363],[105.8051,18.4327],[105.8057,18.4296],[105.8042,18.4273],[105.8078,18.427],[105.8082,18.423],[105.8039,18.4211],[105.8046,18.4178],[105.8025,18.4177],[105.793,18.4246],[105.7892,18.4245],[105.7882,18.4289],[105.7855,18.4309],[105.7842,18.4299],[105.784,18.4258],[105.7853,18.4243],[105.7844,18.4213],[105.7814,18.4212],[105.7827,18.4166],[105.7787,18.4156],[105.7772,18.4132],[105.7802,18.408],[105.7831,18.4108],[105.7848,18.4106],[105.7894,18.4076],[105.7863,18.4058],[105.7867,18.4006],[105.7901,18.3984],[105.7919,18.4003],[105.7951,18.4017],[105.796,18.398],[105.8007,18.3995],[105.8051,18.3964],[105.8108,18.3985],[105.8116,18.3968],[105.8148,18.3959],[105.8174,18.3972],[105.8197,18.4052],[105.8226,18.4077],[105.824,18.4063],[105.8286,18.4043],[105.8299,18.4016],[105.8324,18.4016],[105.8345,18.4034],[105.8369,18.4034],[105.8398,18.405],[105.8402,18.4074],[105.8348,18.4065],[105.8358,18.4091],[105.8343,18.4134],[105.8363,18.4138],[105.8385,18.4176],[105.8419,18.4179],[105.8433,18.4155],[105.8469,18.4157],[105.8484,18.4176],[105.8486,18.4212],[105.8459,18.4258],[105.844,18.4258],[105.8416,18.4282],[105.8433,18.4306],[105.8473,18.4324],[105.8463,18.4343],[105.8473,18.439],[105.8455,18.4412],[105.8457,18.4474],[105.8488,18.4513],[105.8484,18.4566],[105.8498,18.458],[105.848,18.4621]]]},"properties":{"ma_xa":"18586","ten_xa":"Đông Kinh","sap_nhap":"Thạch Kênh, Thạch Liên, Ích Hậu","tru_so":"đang cập nhật","loai":"Xã","cap":2,"stt":29,"dtich_km2":27.57,"dan_so":20986,"matdo_km2":761.19,"ma_tinh":"42","ten_tinh":"Hà Tĩnh"}},
{"type":"Feature","geometry":{"type":"Polygon","coordinates":[[[105.7482,18.4313],[105.7399,18.4305],[105.7376,18.4317],[105.7372,18.4341],[105.7299,18.4315],[105.7288,18.434],[105.729,18.4375],[105.7258,18.4356],[105.7236,18.432],[105.7192,18.4311],[105.7162,18.4296],[105.713,18.4307],[105.7131,18.4277],[105.7063,18.4279],[105.7036,18.4302],[105.6966,18.4222],[105.6908,18.416],[105.6843,18.4142],[105.6842,18.4097],[105.6782,18.4084],[105.6758,18.4037],[105.6772,18.4009],[105.6737,18.3978],[105.6723,18.3934],[105.675,18.3899],[105.6732,18.3878],[105.6737,18.3845],[105.6706,18.3809],[105.6691,18.3749],[105.663,18.3711],[105.6676,18.3681],[105.6725,18.3678],[105.6784,18.3657],[105.6801,18.3638],[105.686,18.3613],[105.6879,18.3586],[105.6918,18.3566],[105.7217,18.3497],[105.7236,18.3476],[105.7287,18.3442],[105.7305,18.3446],[105.7336,18.3412],[105.7335,18.3393],[105.7366,18.3376],[105.7415,18.3411],[105.7425,18.3445],[105.75,18.3473],[105.7518,18.3505],[105.7518,18.3548],[105.7535,18.3566],[105.7583,18.3567],[105.7615,18.3622],[105.7618,18.3724],[105.7615,18.3764],[105.764,18.3785],[105.7634,18.3824],[105.765,18.3852],[105.7658,18.389],[105.7656,18.3931],[105.7632,18.3929],[105.7595,18.3967],[105.7576,18.3955],[105.755,18.398],[105.7505,18.3973],[105.7439,18.395],[105.7418,18.3929],[105.7378,18.3923],[105.7386,18.3957],[105.7409,18.3992],[105.7428,18.4038],[105.7452,18.4062],[105.7474,18.4126],[105.746,18.4158],[105.7476,18.4227],[105.7482,18.4313]]]},"properties":{"ma_xa":"18484","ten_xa":"Đồng Lộc","sap_nhap":"Đồng Lộc (thị trấn), Thượng Lộc, Mỹ Lộc","tru_so":"đang cập nhật","loai":"Xã","cap":2,"stt":39,"dtich_km2":70.55,"dan_so":27783,"matdo_km2":393.81,"ma_tinh":"42","ten_tinh":"Hà Tĩnh"}},
{"type":"Feature","geometry":{"type":"Polygon","coordinates":[[[106.0262,18.3452],[106.0134,18.3596],[105.9933,18.3837],[105.9857,18.3797],[105.9849,18.3804],[105.9746,18.3786],[105.9697,18.3743],[105.9695,18.3708],[105.9648,18.3673],[105.9625,18.3636],[105.9651,18.3555],[105.965,18.3498],[105.9682,18.3449],[105.9677,18.3416],[105.9709,18.3358],[105.9726,18.3297],[105.9711,18.3244],[105.968,18.3206],[105.9696,18.3167],[105.9725,18.3119],[105.9754,18.3106],[105.9791,18.3066],[105.9835,18.3033],[105.9877,18.3095],[106.0016,18.326],[106.0068,18.3278],[106.0074,18.3306],[106.0146,18.336],[106.016,18.3395],[106.0262,18.3452]]]},"properties":{"ma_xa":"18619","ten_xa":"Đồng Tiến","sap_nhap":"Thạch Trị, Thạch Hội, Thạch Văn","tru_so":"đang cập nhật","loai":"Xã","cap":2,"stt":23,"dtich_km2":33.57,"dan_so":18614,"matdo_km2":554.48,"ma_tinh":"42","ten_tinh":"Hà Tĩnh"}},
{"type":"Feature","geometry":{"type":"Polygon","coordinates":[[[105.6003,18.4595],[105.5985,18.4639],[105.5936,18.4631],[105.5922,18.4661],[105.5811,18.4678],[105.5796,18.4702],[105.5741,18.4713],[105.5704,18.473],[105.5705,18.4686],[105.5668,18.4689],[105.5653,18.4665],[105.5567,18.4661],[105.5547,18.4631],[105.5518,18.4663],[105.5502,18.4663],[105.5428,18.4693],[105.5418,18.4731],[105.5405,18.4695],[105.5429,18.4621],[105.5411,18.4605],[105.5421,18.458],[105.5411,18.4551],[105.5427,18.4501],[105.5415,18.4463],[105.5394,18.4429],[105.5423,18.4392],[105.5419,18.4357],[105.5426,18.4309],[105.5441,18.429],[105.5443,18.4252],[105.5474,18.4261],[105.5527,18.4255],[105.5547,18.4288],[105.558,18.4296],[105.5608,18.428],[105.5635,18.4286],[105.57,18.4255],[105.5712,18.4232],[105.575,18.4191],[105.5796,18.4159],[105.5811,18.4136],[105.5862,18.4087],[105.5916,18.4057],[105.5966,18.4069],[105.598,18.4103],[105.5968,18.4133],[105.5988,18.4161],[105.6051,18.4097],[105.6111,18.4069],[105.6152,18.4058],[105.6183,18.4035],[105.6219,18.4021],[105.6243,18.3996],[105.6286,18.3971],[105.6311,18.397],[105.6367,18.3933],[105.6382,18.3968],[105.6402,18.4042],[105.6413,18.4125],[105.639,18.4142],[105.6367,18.4141],[105.6354,18.4168],[105.6326,18.4177],[105.6296,18.4191],[105.6221,18.4278],[105.6197,18.4332],[105.6158,18.4383],[105.6153,18.441],[105.611,18.4447],[105.6046,18.4494],[105.6031,18.4519],[105.6015,18.4579],[105.6003,18.4595]]]},"properties":{"ma_xa":"18304","ten_xa":"Đức Đồng","sap_nhap":"Đức Lạng, Tân Hương, Đức Đồng","tru_so":"đang cập nhật","loai":"Xã","cap":2,"stt":48,"dtich_km2":47.29,"dan_so":11531,"matdo_km2":243.84,"ma_tinh":"42","ten_tinh":"Hà Tĩnh"}},
{"type":"Feature","geometry":{"type":"Polygon","coordinates":[[[105.6293,18.5691],[105.6227,18.5684],[105.6192,18.5674],[105.6172,18.5728],[105.6173,18.5788],[105.6141,18.5782],[105.6095,18.5767],[105.6085,18.5773],[105.6031,18.5749],[105.5983,18.5764],[105.5936,18.5722],[105.5893,18.5728],[105.5858,18.5661],[105.5856,18.5615],[105.5837,18.5588],[105.5777,18.5601],[105.5767,18.5585],[105.5727,18.5586],[105.5726,18.5606],[105.5589,18.5595],[105.5583,18.5586],[105.5526,18.5572],[105.5507,18.5541],[105.5478,18.5537],[105.5462,18.5521],[105.5484,18.55],[105.5504,18.5466],[105.5515,18.5429],[105.5497,18.541],[105.5483,18.535],[105.5499,18.5283],[105.5512,18.5262],[105.554,18.5262],[105.556,18.533],[105.5605,18.5394],[105.5638,18.5422],[105.572,18.5456],[105.576,18.5463],[105.5826,18.5458],[105.5874,18.5439],[105.5943,18.5388],[105.5989,18.5332],[105.6035,18.5287],[105.6075,18.5276],[105.6103,18.5296],[105.6142,18.5337],[105.6157,18.5366],[105.6144,18.5423],[105.614,18.5478],[105.6162,18.5554],[105.6197,18.56],[105.626,18.5624],[105.6249,18.5659],[105.6293,18.5691]]]},"properties":{"ma_xa":"18244","ten_xa":"Đức Minh","sap_nhap":"Trường Sơn, Tùng Châu, Liên Minh","tru_so":"đang cập nhật","loai":"Xã","cap":2,"stt":50,"dtich_km2":23.58,"dan_so":18718,"matdo_km2":793.81,"ma_tinh":"42","ten_tinh":"Hà Tĩnh"}},
{"type":"Feature","geometry":{"type":"Polygon","coordinates":[[[105.6679,18.5755],[105.6539,18.5792],[105.6482,18.5778],[105.6379,18.5747],[105.6318,18.5696],[105.6293,18.5691],[105.6249,18.5659],[105.626,18.5624],[105.6197,18.56],[105.6162,18.5554],[105.614,18.5478],[105.6144,18.5423],[105.6157,18.5366],[105.6142,18.5337],[105.6103,18.5296],[105.6075,18.5276],[105.6035,18.5287],[105.6017,18.527],[105.5976,18.5203],[105.5973,18.5134],[105.6033,18.5099],[105.6126,18.5117],[105.6141,18.5158],[105.6155,18.5152],[105.6255,18.522],[105.629,18.5238],[105.6336,18.5234],[105.6357,18.5221],[105.6397,18.5242],[105.6417,18.5263],[105.6437,18.5313],[105.6496,18.5335],[105.6503,18.5361],[105.654,18.5369],[105.6549,18.5382],[105.6644,18.5382],[105.6647,18.5415],[105.6675,18.5419],[105.6722,18.5454],[105.6739,18.5475],[105.6732,18.5543],[105.6706,18.5542],[105.6696,18.5559],[105.663,18.5585],[105.6659,18.5627],[105.6657,18.5663],[105.6666,18.5718],[105.6679,18.5755]]]},"properties":{"ma_xa":"18262","ten_xa":"Đức Quang","sap_nhap":"Quang Vĩnh, Bùi La Nhân, Yên Hồ","tru_so":"đang cập nhật","loai":"Xã","cap":2,"stt":47,"dtich_km2":30.31,"dan_so":17515,"matdo_km2":577.86,"ma_tinh":"42","ten_tinh":"Hà Tĩnh"}},
{"type":"Feature","geometry":{"type":"Polygon","coordinates":[[[105.6644,18.5382],[105.6549,18.5382],[105.654,18.5369],[105.6503,18.5361],[105.6496,18.5335],[105.6437,18.5313],[105.6417,18.5263],[105.6397,18.5242],[105.6357,18.5221],[105.6336,18.5234],[105.629,18.5238],[105.6255,18.522],[105.6155,18.5152],[105.6141,18.5158],[105.6126,18.5117],[105.6093,18.5024],[105.6085,18.5025],[105.6057,18.4948],[105.6061,18.4932],[105.6113,18.4913],[105.6151,18.4936],[105.6172,18.4908],[105.6164,18.4837],[105.6137,18.4816],[105.6122,18.4769],[105.6106,18.4779],[105.6086,18.4724],[105.6075,18.4714],[105.608,18.4678],[105.6039,18.4644],[105.6003,18.4595],[105.6015,18.4579],[105.6031,18.4519],[105.6046,18.4494],[105.611,18.4447],[105.6153,18.441],[105.6158,18.4383],[105.6197,18.4332],[105.6221,18.4278],[105.6296,18.4191],[105.6326,18.4177],[105.636,18.4237],[105.6369,18.4282],[105.6361,18.4303],[105.6372,18.4355],[105.6346,18.4411],[105.6353,18.4468],[105.6347,18.4515],[105.6375,18.4533],[105.6377,18.4594],[105.6456,18.46],[105.6463,18.4658],[105.6447,18.4666],[105.6464,18.4719],[105.6443,18.4747],[105.6455,18.4778],[105.6441,18.4789],[105.6485,18.4818],[105.655,18.4828],[105.6565,18.4807],[105.6596,18.4801],[105.6615,18.4812],[105.6622,18.4847],[105.6605,18.4863],[105.662,18.4886],[105.6612,18.4924],[105.6634,18.4946],[105.6672,18.4953],[105.6665,18.4974],[105.6688,18.5048],[105.6715,18.5074],[105.6745,18.5124],[105.6768,18.5138],[105.6769,18.5161],[105.6787,18.5175],[105.6798,18.523],[105.6873,18.5239],[105.6876,18.5271],[105.685,18.5284],[105.6849,18.5313],[105.6819,18.5314],[105.6793,18.5337],[105.6771,18.5326],[105.6706,18.536],[105.6678,18.5359],[105.6644,18.5382]]]},"properties":{"ma_xa":"18277","ten_xa":"Đức Thịnh","sap_nhap":"Thanh Bình Thịnh, Lâm Trung Thủy, An Dũng","tru_so":"đang cập nhật","loai":"Xã","cap":2,"stt":49,"dtich_km2":53.39,"dan_so":41401,"matdo_km2":775.44,"ma_tinh":"42","ten_tinh":"Hà Tĩnh"}},
{"type":"Feature","geometry":{"type":"Polygon","coordinates":[[[105.6126,18.5117],[105.6033,18.5099],[105.5973,18.5134],[105.5976,18.5203],[105.6017,18.527],[105.6035,18.5287],[105.5989,18.5332],[105.5943,18.5388],[105.5874,18.5439],[105.5826,18.5458],[105.576,18.5463],[105.572,18.5456],[105.5638,18.5422],[105.5605,18.5394],[105.556,18.533],[105.554,18.5262],[105.5534,18.5233],[105.5533,18.5117],[105.5495,18.5068],[105.5469,18.5022],[105.5406,18.499],[105.5384,18.4964],[105.5425,18.4937],[105.5484,18.4895],[105.5531,18.4847],[105.5508,18.4763],[105.5487,18.4731],[105.5418,18.4731],[105.5428,18.4693],[105.5502,18.4663],[105.5518,18.4663],[105.5547,18.4631],[105.5567,18.4661],[105.5653,18.4665],[105.5668,18.4689],[105.5705,18.4686],[105.5704,18.473],[105.5741,18.4713],[105.5796,18.4702],[105.5811,18.4678],[105.5922,18.4661],[105.5936,18.4631],[105.5985,18.4639],[105.6003,18.4595],[105.6039,18.4644],[105.608,18.4678],[105.6075,18.4714],[105.6086,18.4724],[105.6106,18.4779],[105.6122,18.4769],[105.6137,18.4816],[105.6164,18.4837],[105.6172,18.4908],[105.6151,18.4936],[105.6113,18.4913],[105.6061,18.4932],[105.6057,18.4948],[105.6085,18.5025],[105.6093,18.5024],[105.6126,18.5117]]]},"properties":{"ma_xa":"18229","ten_xa":"Đức Thọ","sap_nhap":"Đức Thọ (thị trấn), Tùng Ảnh, Hòa Lạc, Tân Dân","tru_so":"đang cập nhật","loai":"Xã","cap":2,"stt":46,"dtich_km2":48.93,"dan_so":40064,"matdo_km2":818.8,"ma_tinh":"42","ten_tinh":"Hà Tĩnh"}},
{"type":"Feature","geometry":{"type":"Polygon","coordinates":[[[105.7317,18.4915],[105.7269,18.4898],[105.7236,18.4919],[105.7209,18.491],[105.7172,18.4928],[105.7143,18.4909],[105.7102,18.4925],[105.7074,18.4966],[105.7061,18.4965],[105.7002,18.4879],[105.6982,18.4848],[105.7014,18.4789],[105.6987,18.4738],[105.6953,18.4722],[105.6965,18.4703],[105.6926,18.4673],[105.6933,18.4643],[105.6928,18.4604],[105.6949,18.4578],[105.6956,18.4532],[105.6855,18.4508],[105.6865,18.4473],[105.6843,18.4452],[105.6855,18.4432],[105.6792,18.4321],[105.6809,18.4287],[105.6795,18.4236],[105.6732,18.4123],[105.6713,18.4112],[105.6656,18.4135],[105.6612,18.4126],[105.6593,18.41],[105.6469,18.3879],[105.6506,18.386],[105.6523,18.3819],[105.663,18.3711],[105.6691,18.3749],[105.6706,18.3809],[105.6737,18.3845],[105.6732,18.3878],[105.675,18.3899],[105.6723,18.3934],[105.6737,18.3978],[105.6772,18.4009],[105.6758,18.4037],[105.6782,18.4084],[105.6842,18.4097],[105.6843,18.4142],[105.6908,18.416],[105.6966,18.4222],[105.7036,18.4302],[105.7063,18.4279],[105.7131,18.4277],[105.713,18.4307],[105.7162,18.4296],[105.7192,18.4311],[105.7236,18.432],[105.7258,18.4356],[105.729,18.4375],[105.7288,18.434],[105.7299,18.4315],[105.7372,18.4341],[105.7376,18.4317],[105.7399,18.4305],[105.7482,18.4313],[105.7491,18.4377],[105.753,18.4401],[105.7504,18.4476],[105.752,18.4549],[105.7499,18.4549],[105.7486,18.4584],[105.7439,18.4595],[105.738,18.4566],[105.7373,18.4599],[105.7343,18.4582],[105.7324,18.4586],[105.731,18.4615],[105.7268,18.4631],[105.7274,18.4693],[105.7297,18.4742],[105.7274,18.4784],[105.7244,18.4818],[105.7238,18.485],[105.7282,18.4871],[105.7317,18.4915]]]},"properties":{"ma_xa":"18466","ten_xa":"Gia Hanh","sap_nhap":"Khánh Vĩnh Yên, Thanh Lộc, Gia Hanh","tru_so":"đang cập nhật","loai":"Xã","cap":2,"stt":36,"dtich_km2":45.39,"dan_so":28473,"matdo_km2":627.3,"ma_tinh":"42","ten_tinh":"Hà Tĩnh"}},
{"type":"Feature","geometry":{"type":"Polygon","coordinates":[[[105.8603,18.3422],[105.8576,18.3438],[105.857,18.3402],[105.8554,18.3372],[105.8564,18.3359],[105.8544,18.3319],[105.851,18.3323],[105.8514,18.3265],[105.8505,18.3231],[105.8434,18.3187],[105.8394,18.3118],[105.8349,18.3071],[105.8367,18.3055],[105.8401,18.306],[105.8421,18.3052],[105.8496,18.3056],[105.8542,18.307],[105.8549,18.3089],[105.8592,18.3107],[105.8627,18.3134],[105.8647,18.3118],[105.8644,18.3095],[105.8666,18.3063],[105.8712,18.304],[105.8717,18.3013],[105.8752,18.2989],[105.8784,18.2994],[105.8795,18.296],[105.8706,18.2862],[105.8678,18.282],[105.8659,18.283],[105.8641,18.2807],[105.8787,18.2737],[105.8823,18.2774],[105.8847,18.2783],[105.8897,18.2785],[105.8941,18.2802],[105.8971,18.279],[105.898,18.281],[105.9008,18.2798],[105.9012,18.2826],[105.9046,18.2816],[105.9057,18.2764],[105.9099,18.2745],[105.9131,18.2754],[105.9153,18.2777],[105.9163,18.2808],[105.9145,18.2837],[105.9198,18.2863],[105.9192,18.2914],[105.9173,18.2929],[105.9176,18.2965],[105.9213,18.2999],[105.9216,18.3019],[105.9161,18.3023],[105.9124,18.3058],[105.91,18.3058],[105.9066,18.3025],[105.9042,18.3048],[105.9048,18.3081],[105.9058,18.3114],[105.9055,18.3157],[105.9073,18.3157],[105.9061,18.3207],[105.9049,18.3222],[105.8981,18.3235],[105.8975,18.3252],[105.8921,18.3276],[105.8855,18.3294],[105.8818,18.3279],[105.8768,18.3288],[105.873,18.3269],[105.8715,18.3277],[105.8662,18.3342],[105.8641,18.3354],[105.8651,18.3377],[105.8615,18.3384],[105.8603,18.3422]]]},"properties":{"ma_xa":"18652","ten_xa":"Hà Huy Tập","sap_nhap":"Tân Lâm Hương, Thạch Đài, Đại Nài (1 phần)","tru_so":"đang cập nhật","loai":"Phường","cap":2,"stt":21,"dtich_km2":32.62,"dan_so":28742,"matdo_km2":881.12,"ma_tinh":"42","ten_tinh":"Hà Tĩnh"}},
{"type":"Feature","geometry":{"type":"Polygon","coordinates":[[[105.663,18.3711],[105.6523,18.3819],[105.6506,18.386],[105.6469,18.3879],[105.6416,18.3912],[105.6367,18.3933],[105.6335,18.3865],[105.6291,18.3835],[105.6251,18.3819],[105.625,18.3763],[105.6197,18.3679],[105.6156,18.3624],[105.6143,18.3565],[105.6117,18.3521],[105.6102,18.3476],[105.6104,18.3447],[105.6119,18.3435],[105.6157,18.3432],[105.6194,18.3388],[105.6183,18.3357],[105.6159,18.3342],[105.6147,18.3296],[105.6123,18.3295],[105.6072,18.3236],[105.6042,18.3277],[105.5978,18.3305],[105.5957,18.3324],[105.5921,18.332],[105.5914,18.33],[105.5946,18.3258],[105.5941,18.3221],[105.5911,18.3176],[105.5926,18.3154],[105.59,18.3138],[105.5906,18.3098],[105.5888,18.3076],[105.5885,18.3042],[105.5941,18.3019],[105.597,18.3031],[105.601,18.2999],[105.6039,18.2948],[105.6054,18.2945],[105.6069,18.289],[105.6132,18.2868],[105.6143,18.2852],[105.6202,18.2868],[105.6233,18.2836],[105.626,18.279],[105.631,18.2822],[105.6354,18.2794],[105.6394,18.2842],[105.6364,18.288],[105.6372,18.289],[105.6448,18.2841],[105.6533,18.2829],[105.6578,18.2809],[105.6598,18.2792],[105.6642,18.2784],[105.6681,18.2753],[105.6685,18.2725],[105.671,18.2727],[105.6723,18.27],[105.678,18.2665],[105.6957,18.2677],[105.7004,18.263],[105.7037,18.2648],[105.7052,18.2671],[105.7051,18.2697],[105.711,18.272],[105.7142,18.2763],[105.7192,18.2759],[105.7191,18.2781],[105.7206,18.2822],[105.7239,18.2822],[105.7264,18.2834],[105.7265,18.2882],[105.7306,18.291],[105.7322,18.293],[105.7355,18.2941],[105.7363,18.297],[105.7399,18.2989],[105.7462,18.2975],[105.7511,18.2975],[105.7544,18.3017],[105.756,18.3062],[105.759,18.308],[105.761,18.314],[105.7607,18.3157],[105.7571,18.3169],[105.7541,18.3194],[105.7503,18.3209],[105.7449,18.3225],[105.739,18.326],[105.7339,18.3282],[105.7366,18.3376],[105.7335,18.3393],[105.7336,18.3412],[105.7305,18.3446],[105.7287,18.3442],[105.7236,18.3476],[105.7217,18.3497],[105.6918,18.3566],[105.6879,18.3586],[105.686,18.3613],[105.6801,18.3638],[105.6784,18.3657],[105.6725,18.3678],[105.6676,18.3681],[105.663,18.3711]]]},"properties":{"ma_xa":"18502","ten_xa":"Hà Linh","sap_nhap":"Điền Mỹ, Hà Linh","tru_so":"đang cập nhật","loai":"Xã","cap":2,"stt":64,"dtich_km2":140.43,"dan_so":12622,"matdo_km2":89.88,"ma_tinh":"42","ten_tinh":"Hà Tĩnh"}},
{"type":"Feature","geometry":{"type":"Polygon","coordinates":[[[106.3729,18.1057],[106.3691,18.108],[106.3639,18.1085],[106.3609,18.1053],[106.3561,18.1085],[106.3564,18.1126],[106.3522,18.1166],[106.33,18.1349],[106.3198,18.1436],[106.3117,18.1511],[106.3103,18.1535],[106.3062,18.1558],[106.3,18.1507],[106.2963,18.152],[106.2934,18.152],[106.288,18.1408],[106.2857,18.1388],[106.2828,18.1388],[106.2817,18.1345],[106.2838,18.134],[106.2829,18.1306],[106.2856,18.1291],[106.2879,18.1328],[106.2934,18.1316],[106.2967,18.132],[106.301,18.1359],[106.3057,18.1345],[106.309,18.1315],[106.3107,18.1311],[106.3121,18.1243],[106.3071,18.1187],[106.3068,18.1143],[106.3041,18.1142],[106.3011,18.1103],[106.2962,18.11],[106.2937,18.1063],[106.2912,18.1054],[106.2964,18.0976],[106.2958,18.0936],[106.2996,18.0937],[106.3017,18.092],[106.3015,18.0887],[106.3056,18.0862],[106.3112,18.0875],[106.3152,18.0916],[106.3171,18.0894],[106.3177,18.0857],[106.3247,18.0838],[106.3307,18.086],[106.3377,18.0828],[106.3367,18.0812],[106.3374,18.0784],[106.3409,18.0801],[106.3499,18.0835],[106.3504,18.0862],[106.3531,18.0891],[106.3571,18.0911],[106.3644,18.094],[106.3671,18.0938],[106.3713,18.0962],[106.3719,18.0978],[106.3698,18.1006],[106.3696,18.1041],[106.3729,18.1057]]]},"properties":{"ma_xa":"18781","ten_xa":"Hải Ninh","sap_nhap":"Kỳ Ninh, Kỳ Hà, Kỳ Hải","tru_so":"đang cập nhật","loai":"Phường","cap":2,"stt":2,"dtich_km2":39.37,"dan_so":20399,"matdo_km2":518.14,"ma_tinh":"42","ten_tinh":"Hà Tĩnh"}},
{"type":"Feature","geometry":{"type":"Polygon","coordinates":[[[106.5107,17.9599],[106.5048,17.9638],[106.4947,17.9655],[106.4891,17.9737],[106.4876,17.9752],[106.4822,17.9841],[106.4815,17.9872],[106.4781,17.9895],[106.4752,17.9928],[106.4725,17.9978],[106.47,17.9976],[106.4678,18.0002],[106.4654,18.0046],[106.4644,18.0046],[106.4605,18.0102],[106.4548,18.0204],[106.4528,18.0262],[106.4535,18.0282],[106.4495,18.03],[106.445,18.0383],[106.4526,18.042],[106.4502,18.0474],[106.4493,18.0534],[106.44,18.0503],[106.4367,18.0566],[106.4395,18.0579],[106.4384,18.0601],[106.4354,18.0591],[106.4279,18.0588],[106.4264,18.056],[106.4202,18.0574],[106.4179,18.0563],[106.4157,18.0582],[106.4139,18.0561],[106.4161,18.0531],[106.4166,18.0507],[106.4185,18.0491],[106.421,18.0502],[106.4239,18.0487],[106.4236,18.0472],[106.4261,18.0401],[106.4198,18.0372],[106.4122,18.0329],[106.4081,18.0322],[106.4069,18.0283],[106.4047,18.0286],[106.3941,18.0155],[106.3953,18.0089],[106.3963,18.0066],[106.3965,18.0008],[106.3982,17.9967],[106.3992,17.9848],[106.4004,17.9817],[106.4026,17.9783],[106.41,17.9726],[106.4173,17.9747],[106.4228,17.9695],[106.4267,17.9708],[106.4302,17.9711],[106.4355,17.9728],[106.4388,17.9698],[106.4441,17.9689],[106.4441,17.9557],[106.4447,17.9517],[106.4502,17.9495],[106.4591,17.9544],[106.4649,17.9559],[106.4711,17.9562],[106.4757,17.9553],[106.4786,17.9534],[106.4893,17.9578],[106.4915,17.9594],[106.4955,17.9606],[106.5058,17.9614],[106.5107,17.9599]]]},"properties":{"ma_xa":"18832","ten_xa":"Hoành Sơn","sap_nhap":"Kỳ Nam, Kỳ Phương, Kỳ Liên","tru_so":"đang cập nhật","loai":"Phường","cap":2,"stt":3,"dtich_km2":70.48,"dan_so":21004,"matdo_km2":298.01,"ma_tinh":"42","ten_tinh":"Hà Tĩnh"}},
{"type":"Feature","geometry":{"type":"Polygon","coordinates":[[[105.8482,18.5276],[105.8425,18.5335],[105.8419,18.5385],[105.8403,18.545],[105.838,18.5457],[105.8338,18.5441],[105.8258,18.5456],[105.8149,18.5417],[105.8154,18.539],[105.8147,18.5345],[105.8168,18.5283],[105.8153,18.5138],[105.8143,18.5002],[105.8116,18.4939],[105.8119,18.4872],[105.8115,18.4825],[105.8148,18.4829],[105.8162,18.4811],[105.8187,18.4823],[105.8194,18.4796],[105.8245,18.478],[105.8268,18.4735],[105.8274,18.4707],[105.8237,18.4697],[105.8222,18.467],[105.8261,18.4623],[105.829,18.4622],[105.8315,18.4594],[105.8355,18.4585],[105.8381,18.4595],[105.8389,18.4628],[105.8431,18.4652],[105.8464,18.4642],[105.848,18.4621],[105.8514,18.4687],[105.8552,18.4701],[105.8533,18.4721],[105.8566,18.4782],[105.8567,18.4803],[105.8548,18.4847],[105.8607,18.4871],[105.8646,18.4908],[105.8621,18.4964],[105.8583,18.5019],[105.8554,18.5026],[105.8473,18.5108],[105.8461,18.5134],[105.8489,18.5179],[105.8464,18.5195],[105.8441,18.5242],[105.8482,18.5276]]]},"properties":{"ma_xa":"18409","ten_xa":"Hồng Lộc","sap_nhap":"Tân Lộc, Hồng Lộc","tru_so":"đang cập nhật","loai":"Xã","cap":2,"stt":32,"dtich_km2":33.78,"dan_so":17042,"matdo_km2":504.5,"ma_tinh":"42","ten_tinh":"Hà Tĩnh"}},
{"type":"Feature","geometry":{"type":"Polygon","coordinates":[[[105.59,18.3138],[105.5881,18.3123],[105.583,18.3138],[105.5821,18.3116],[105.5775,18.3085],[105.575,18.3084],[105.5735,18.3061],[105.5703,18.3062],[105.5645,18.3082],[105.5622,18.3042],[105.5602,18.3035],[105.5585,18.3005],[105.5598,18.298],[105.556,18.2954],[105.5492,18.2944],[105.5459,18.2985],[105.5401,18.3039],[105.5373,18.3047],[105.534,18.3041],[105.53,18.306],[105.527,18.3066],[105.5243,18.3058],[105.5214,18.3075],[105.5162,18.3075],[105.5097,18.3053],[105.5063,18.3035],[105.5029,18.303],[105.5012,18.3041],[105.4936,18.3067],[105.4929,18.3046],[105.4904,18.3025],[105.4892,18.2979],[105.4888,18.2912],[105.4863,18.2896],[105.4856,18.287],[105.4872,18.2855],[105.485,18.2824],[105.485,18.2784],[105.4821,18.2773],[105.4821,18.2735],[105.4791,18.2704],[105.4792,18.2675],[105.4758,18.2663],[105.4685,18.2627],[105.4661,18.2588],[105.4662,18.2556],[105.4675,18.2538],[105.4642,18.2435],[105.4623,18.2415],[105.4625,18.2373],[105.4579,18.2292],[105.4561,18.2236],[105.4552,18.2179],[105.4561,18.2166],[105.4557,18.2109],[105.4545,18.2087],[105.4516,18.2069],[105.4523,18.2049],[105.453,18.2023],[105.4597,18.2051],[105.4612,18.2033],[105.4665,18.2024],[105.4701,18.199],[105.475,18.1991],[105.4806,18.1959],[105.4846,18.1982],[105.4857,18.2007],[105.4889,18.2011],[105.4916,18.2027],[105.4937,18.2006],[105.4932,18.1973],[105.4909,18.1953],[105.4863,18.1835],[105.4895,18.176],[105.4935,18.1766],[105.4942,18.1803],[105.4971,18.1834],[105.4986,18.1886],[105.5,18.1893],[105.5024,18.192],[105.5059,18.1926],[105.5083,18.1941],[105.5108,18.1979],[105.5137,18.1995],[105.5176,18.2041],[105.5205,18.2044],[105.5238,18.2025],[105.5296,18.2047],[105.5352,18.2052],[105.5386,18.2075],[105.5439,18.2076],[105.549,18.2054],[105.5558,18.2052],[105.5576,18.2037],[105.5618,18.2036],[105.5632,18.2048],[105.5676,18.2044],[105.5709,18.2054],[105.5761,18.2059],[105.5774,18.2069],[105.5848,18.209],[105.587,18.211],[105.5925,18.2097],[105.5985,18.2092],[105.6038,18.2059],[105.6049,18.2042],[105.6095,18.2042],[105.6109,18.2065],[105.6188,18.208],[105.6218,18.209],[105.6266,18.2053],[105.632,18.2051],[105.6362,18.2067],[105.6369,18.2051],[105.642,18.2045],[105.6428,18.2071],[105.6466,18.208],[105.647,18.2102],[105.6503,18.2117],[105.6537,18.2104],[105.6573,18.2129],[105.6584,18.2183],[105.6639,18.2214],[105.6597,18.2263],[105.6577,18.2297],[105.657,18.2331],[105.6621,18.2374],[105.6647,18.242],[105.6643,18.2452],[105.6718,18.2527],[105.6747,18.2548],[105.6796,18.2603],[105.68,18.2627],[105.6775,18.2651],[105.678,18.2665],[105.6723,18.27],[105.671,18.2727],[105.6685,18.2725],[105.6681,18.2753],[105.6642,18.2784],[105.6598,18.2792],[105.6578,18.2809],[105.6533,18.2829],[105.6448,18.2841],[105.6372,18.289],[105.6364,18.288],[105.6394,18.2842],[105.6354,18.2794],[105.631,18.2822],[105.626,18.279],[105.6233,18.2836],[105.6202,18.2868],[105.6143,18.2852],[105.6132,18.2868],[105.6069,18.289],[105.6054,18.2945],[105.6039,18.2948],[105.601,18.2999],[105.597,18.3031],[105.5941,18.3019],[105.5885,18.3042],[105.5888,18.3076],[105.5906,18.3098],[105.59,18.3138]]]},"properties":{"ma_xa":"18523","ten_xa":"Hương Bình","sap_nhap":"Hòa Hải, Phúc Đồng, Hương Bình","tru_so":"đang cập nhật","loai":"Xã","cap":2,"stt":65,"dtich_km2":215.56,"dan_so":17530,"matdo_km2":81.32,"ma_tinh":"42","ten_tinh":"Hà Tĩnh"}},
{"type":"Feature","geometry":{"type":"Polygon","coordinates":[[[105.8593,18.1712],[105.8626,18.1796],[105.8667,18.1872],[105.8695,18.194],[105.8666,18.1998],[105.8619,18.2059],[105.8611,18.2087],[105.8556,18.2141],[105.8541,18.2141],[105.846,18.22],[105.8418,18.2207],[105.8385,18.224],[105.8398,18.2308],[105.8362,18.2337],[105.8334,18.2344],[105.8324,18.2364],[105.8336,18.2392],[105.8371,18.2426],[105.8366,18.246],[105.8401,18.2528],[105.839,18.255],[105.8358,18.2576],[105.8295,18.2565],[105.8202,18.2475],[105.8187,18.2452],[105.813,18.2451],[105.8093,18.2435],[105.8089,18.2412],[105.8022,18.2339],[105.7975,18.2363],[105.788,18.2342],[105.782,18.236],[105.7789,18.2321],[105.7792,18.2283],[105.7779,18.2241],[105.7799,18.2209],[105.7835,18.2188],[105.7801,18.2112],[105.7774,18.2085],[105.7768,18.2056],[105.7726,18.2056],[105.7714,18.2043],[105.7723,18.2004],[105.7679,18.1995],[105.7655,18.1977],[105.7625,18.1975],[105.7579,18.1996],[105.7536,18.2027],[105.7485,18.2053],[105.7435,18.2062],[105.7367,18.2042],[105.7346,18.2044],[105.7295,18.2014],[105.7301,18.1995],[105.7294,18.1951],[105.7271,18.1936],[105.7226,18.1938],[105.7116,18.1903],[105.7126,18.188],[105.7122,18.1847],[105.7152,18.185],[105.7164,18.1823],[105.7139,18.1793],[105.7169,18.1751],[105.7144,18.1735],[105.7134,18.1694],[105.7168,18.1662],[105.7163,18.1624],[105.718,18.1599],[105.7164,18.154],[105.7163,18.149],[105.7187,18.1489],[105.7173,18.1437],[105.7146,18.1429],[105.7146,18.1401],[105.7109,18.1353],[105.7097,18.1323],[105.7093,18.1274],[105.7077,18.1242],[105.7079,18.1209],[105.7064,18.1183],[105.7041,18.1175],[105.7005,18.1182],[105.6957,18.115],[105.6912,18.114],[105.6953,18.1117],[105.7002,18.111],[105.7018,18.107],[105.6998,18.1024],[105.7039,18.0974],[105.7063,18.0966],[105.709,18.0924],[105.712,18.0914],[105.7136,18.0947],[105.7142,18.0983],[105.7184,18.1008],[105.7211,18.0985],[105.7254,18.0964],[105.7313,18.0946],[105.7343,18.0989],[105.7346,18.1015],[105.7376,18.1031],[105.7348,18.1116],[105.7354,18.1167],[105.7335,18.1216],[105.7371,18.1248],[105.7369,18.1283],[105.7408,18.1289],[105.7448,18.1317],[105.7478,18.1294],[105.7497,18.1312],[105.7435,18.1357],[105.7457,18.1366],[105.753,18.1378],[105.757,18.1412],[105.7699,18.1462],[105.7745,18.1488],[105.7784,18.1518],[105.7784,18.1552],[105.7765,18.158],[105.7789,18.1612],[105.7818,18.163],[105.786,18.1686],[105.7882,18.1694],[105.7904,18.1663],[105.7964,18.1643],[105.7963,18.1608],[105.7952,18.1567],[105.797,18.1563],[105.8007,18.1534],[105.804,18.1475],[105.8072,18.1498],[105.8097,18.1506],[105.8137,18.1497],[105.8176,18.1518],[105.8208,18.151],[105.8247,18.1521],[105.8329,18.1535],[105.8347,18.1524],[105.8402,18.153],[105.842,18.1499],[105.846,18.1448],[105.8489,18.1443],[105.853,18.1454],[105.8547,18.1477],[105.8638,18.154],[105.8648,18.1552],[105.8593,18.1712]]]},"properties":{"ma_xa":"18550","ten_xa":"Hương Đô","sap_nhap":"Lộc Yên, Hương Trà, Hương Đô","tru_so":"đang cập nhật","loai":"Xã","cap":2,"stt":63,"dtich_km2":140.83,"dan_so":14287,"matdo_km2":101.45,"ma_tinh":"42","ten_tinh":"Hà Tĩnh"}},
{"type":"Feature","geometry":{"type":"Polygon","coordinates":[[[105.7144,18.1735],[105.7124,18.1735],[105.7096,18.1792],[105.7024,18.1868],[105.6996,18.1838],[105.6948,18.1807],[105.6881,18.181],[105.6854,18.1829],[105.6838,18.1856],[105.6838,18.1889],[105.685,18.1914],[105.6834,18.1936],[105.6845,18.1953],[105.684,18.1991],[105.6772,18.2033],[105.6743,18.2069],[105.6748,18.2088],[105.6713,18.2125],[105.6708,18.2167],[105.668,18.2193],[105.6639,18.2214],[105.6584,18.2183],[105.6573,18.2129],[105.6537,18.2104],[105.6503,18.2117],[105.647,18.2102],[105.6466,18.208],[105.6428,18.2071],[105.642,18.2045],[105.6369,18.2051],[105.6362,18.2067],[105.632,18.2051],[105.6266,18.2053],[105.6218,18.209],[105.6188,18.208],[105.6109,18.2065],[105.6095,18.2042],[105.6049,18.2042],[105.6038,18.2059],[105.5985,18.2092],[105.5925,18.2097],[105.587,18.211],[105.5848,18.209],[105.5774,18.2069],[105.5761,18.2059],[105.5709,18.2054],[105.5676,18.2044],[105.5632,18.2048],[105.5618,18.2036],[105.5576,18.2037],[105.5558,18.2052],[105.549,18.2054],[105.5439,18.2076],[105.5386,18.2075],[105.5352,18.2052],[105.5296,18.2047],[105.5238,18.2025],[105.5205,18.2044],[105.5176,18.2041],[105.5137,18.1995],[105.5108,18.1979],[105.5083,18.1941],[105.5059,18.1926],[105.5024,18.192],[105.5,18.1893],[105.5022,18.1866],[105.5056,18.1791],[105.5059,18.1752],[105.5043,18.1726],[105.508,18.1681],[105.5089,18.1631],[105.5102,18.1618],[105.5116,18.1567],[105.511,18.1529],[105.5129,18.1495],[105.5095,18.1457],[105.5062,18.1449],[105.5038,18.1389],[105.5068,18.1351],[105.5037,18.1339],[105.5045,18.1311],[105.5037,18.1286],[105.5063,18.1262],[105.5061,18.124],[105.5117,18.1199],[105.5131,18.124],[105.5181,18.1261],[105.5217,18.1263],[105.5261,18.1227],[105.5281,18.1193],[105.5344,18.1153],[105.5372,18.1071],[105.5397,18.1049],[105.5385,18.1021],[105.5398,18.0983],[105.5392,18.0928],[105.5403,18.0825],[105.5441,18.0807],[105.5497,18.081],[105.552,18.0821],[105.5546,18.0803],[105.5591,18.0806],[105.5647,18.0828],[105.5687,18.086],[105.57,18.0885],[105.571,18.0944],[105.5724,18.098],[105.5844,18.1071],[105.5866,18.11],[105.592,18.1121],[105.5934,18.1143],[105.5947,18.1203],[105.5979,18.1261],[105.5996,18.1276],[105.6044,18.1294],[105.6074,18.1351],[105.6123,18.1393],[105.6121,18.1423],[105.609,18.144],[105.6114,18.1456],[105.6164,18.1447],[105.6222,18.1502],[105.6254,18.151],[105.627,18.1545],[105.629,18.1564],[105.63,18.1617],[105.6267,18.1633],[105.626,18.1655],[105.6282,18.1668],[105.6297,18.1702],[105.6319,18.1698],[105.6334,18.167],[105.6407,18.1658],[105.6468,18.1704],[105.6447,18.1744],[105.649,18.1771],[105.6534,18.1762],[105.6578,18.1775],[105.6645,18.1754],[105.67,18.1774],[105.6723,18.1761],[105.6771,18.1753],[105.6807,18.1692],[105.6856,18.1713],[105.6871,18.1678],[105.6897,18.1669],[105.6916,18.1691],[105.6959,18.1691],[105.6989,18.1664],[105.697,18.1628],[105.6983,18.1604],[105.7029,18.1604],[105.7049,18.1614],[105.7071,18.1604],[105.7049,18.1578],[105.7059,18.155],[105.7079,18.1537],[105.7101,18.1563],[105.7146,18.1596],[105.7163,18.1624],[105.7168,18.1662],[105.7134,18.1694],[105.7144,18.1735]]]},"properties":{"ma_xa":"18496","ten_xa":"Hương Khê","sap_nhap":"Hương Khê (thị trấn), Hương Long, Phú Gia","tru_so":"đang cập nhật","loai":"Xã","cap":2,"stt":61,"dtich_km2":165.89,"dan_so":29994,"matdo_km2":180.81,"ma_tinh":"42","ten_tinh":"Hà Tĩnh"}},
{"type":"Feature","geometry":{"type":"Polygon","coordinates":[[[105.8025,18.2792],[105.8001,18.2798],[105.795,18.2858],[105.7961,18.2881],[105.7949,18.292],[105.7925,18.2924],[105.7905,18.2975],[105.7825,18.2995],[105.7784,18.2969],[105.7765,18.2977],[105.7713,18.2969],[105.7669,18.2992],[105.7608,18.2961],[105.7602,18.2942],[105.7563,18.294],[105.7511,18.2975],[105.7462,18.2975],[105.7399,18.2989],[105.7363,18.297],[105.7355,18.2941],[105.7322,18.293],[105.7306,18.291],[105.7265,18.2882],[105.7264,18.2834],[105.7239,18.2822],[105.7206,18.2822],[105.7191,18.2781],[105.7192,18.2759],[105.7142,18.2763],[105.711,18.272],[105.7051,18.2697],[105.7052,18.2671],[105.7037,18.2648],[105.7004,18.263],[105.6957,18.2677],[105.678,18.2665],[105.6775,18.2651],[105.68,18.2627],[105.6796,18.2603],[105.6747,18.2548],[105.6718,18.2527],[105.6643,18.2452],[105.6647,18.242],[105.6621,18.2374],[105.657,18.2331],[105.6577,18.2297],[105.6597,18.2263],[105.6639,18.2214],[105.668,18.2193],[105.6708,18.2167],[105.6713,18.2125],[105.6748,18.2088],[105.6743,18.2069],[105.6772,18.2033],[105.684,18.1991],[105.6845,18.1953],[105.6834,18.1936],[105.685,18.1914],[105.6838,18.1889],[105.6838,18.1856],[105.6854,18.1829],[105.6881,18.181],[105.6948,18.1807],[105.6996,18.1838],[105.7024,18.1868],[105.7096,18.1792],[105.7124,18.1735],[105.7144,18.1735],[105.7169,18.1751],[105.7139,18.1793],[105.7164,18.1823],[105.7152,18.185],[105.7122,18.1847],[105.7126,18.188],[105.7116,18.1903],[105.7226,18.1938],[105.7271,18.1936],[105.7294,18.1951],[105.7301,18.1995],[105.7295,18.2014],[105.7346,18.2044],[105.7367,18.2042],[105.7435,18.2062],[105.7485,18.2053],[105.7536,18.2027],[105.7579,18.1996],[105.7625,18.1975],[105.7655,18.1977],[105.7679,18.1995],[105.7723,18.2004],[105.7714,18.2043],[105.7726,18.2056],[105.7768,18.2056],[105.7774,18.2085],[105.7801,18.2112],[105.7835,18.2188],[105.7799,18.2209],[105.7779,18.2241],[105.7792,18.2283],[105.7789,18.2321],[105.782,18.236],[105.788,18.2342],[105.7975,18.2363],[105.8022,18.2339],[105.8089,18.2412],[105.8093,18.2435],[105.813,18.2451],[105.8187,18.2452],[105.8202,18.2475],[105.8295,18.2565],[105.829,18.2589],[105.8249,18.2625],[105.823,18.2628],[105.8199,18.2661],[105.8155,18.267],[105.8133,18.2703],[105.809,18.2726],[105.8073,18.2753],[105.8039,18.2768],[105.8025,18.2792]]]},"properties":{"ma_xa":"18532","ten_xa":"Hương Phố","sap_nhap":"Hương Giang, Hương Thủy, Gia Phố","tru_so":"đang cập nhật","loai":"Xã","cap":2,"stt":62,"dtich_km2":135.68,"dan_so":18633,"matdo_km2":137.33,"ma_tinh":"42","ten_tinh":"Hà Tĩnh"}},
{"type":"Feature","geometry":{"type":"Polygon","coordinates":[[[105.5084,18.5395],[105.5024,18.5443],[105.4993,18.5445],[105.4995,18.5406],[105.4971,18.5388],[105.49,18.5368],[105.4803,18.5382],[105.4753,18.5407],[105.4731,18.5426],[105.4673,18.5418],[105.4646,18.5376],[105.4618,18.5346],[105.4539,18.535],[105.4517,18.5326],[105.4471,18.5336],[105.4423,18.5378],[105.4392,18.5397],[105.4349,18.5386],[105.4312,18.5408],[105.4286,18.5397],[105.4218,18.5371],[105.4218,18.5337],[105.4237,18.5313],[105.4307,18.5276],[105.4286,18.5222],[105.4262,18.5183],[105.4211,18.5122],[105.4153,18.5119],[105.414,18.5069],[105.4148,18.5055],[105.4126,18.5006],[105.4136,18.4989],[105.4122,18.4963],[105.4133,18.4944],[105.4154,18.4949],[105.4193,18.4939],[105.4212,18.4945],[105.4248,18.4934],[105.428,18.4909],[105.4291,18.4881],[105.4314,18.4872],[105.4333,18.4899],[105.436,18.4872],[105.4381,18.4822],[105.4408,18.4796],[105.4444,18.4833],[105.4478,18.4857],[105.4496,18.4917],[105.4523,18.4939],[105.4522,18.4982],[105.4534,18.5006],[105.4525,18.5038],[105.4534,18.5075],[105.4554,18.506],[105.4606,18.5059],[105.4666,18.5078],[105.4716,18.5047],[105.4716,18.5018],[105.4768,18.5046],[105.4776,18.508],[105.4765,18.5096],[105.4799,18.5114],[105.483,18.5163],[105.4851,18.5176],[105.4876,18.5162],[105.4896,18.517],[105.49,18.523],[105.4912,18.5267],[105.4936,18.5304],[105.4964,18.5326],[105.4997,18.5369],[105.5068,18.5384],[105.5084,18.5395]]]},"properties":{"ma_xa":"18133","ten_xa":"Hương Sơn","sap_nhap":"Phố Châu (thị trấn), Sơn Phú, Sơn Bằng, Sơn Ninh, Sơn Trung","tru_so":"đang cập nhật","loai":"Xã","cap":2,"stt":51,"dtich_km2":32.62,"dan_so":31486,"matdo_km2":965.24,"ma_tinh":"42","ten_tinh":"Hà Tĩnh"}},
{"type":"Feature","geometry":{"type":"Polygon","coordinates":[[[105.7163,18.1624],[105.7146,18.1596],[105.7101,18.1563],[105.7079,18.1537],[105.7059,18.155],[105.7049,18.1578],[105.7071,18.1604],[105.7049,18.1614],[105.7029,18.1604],[105.6983,18.1604],[105.697,18.1628],[105.6989,18.1664],[105.6959,18.1691],[105.6916,18.1691],[105.6897,18.1669],[105.6871,18.1678],[105.6856,18.1713],[105.6807,18.1692],[105.6771,18.1753],[105.6723,18.1761],[105.67,18.1774],[105.6645,18.1754],[105.6578,18.1775],[105.6534,18.1762],[105.649,18.1771],[105.6447,18.1744],[105.6468,18.1704],[105.6407,18.1658],[105.6334,18.167],[105.6319,18.1698],[105.6297,18.1702],[105.6282,18.1668],[105.626,18.1655],[105.6267,18.1633],[105.63,18.1617],[105.629,18.1564],[105.627,18.1545],[105.6254,18.151],[105.6222,18.1502],[105.6164,18.1447],[105.6114,18.1456],[105.609,18.144],[105.6121,18.1423],[105.6123,18.1393],[105.6074,18.1351],[105.6044,18.1294],[105.5996,18.1276],[105.5979,18.1261],[105.5947,18.1203],[105.5934,18.1143],[105.592,18.1121],[105.5866,18.11],[105.5844,18.1071],[105.5724,18.098],[105.571,18.0944],[105.57,18.0885],[105.5687,18.086],[105.5712,18.084],[105.5723,18.0774],[105.5736,18.0724],[105.5768,18.0697],[105.5761,18.0679],[105.5727,18.0668],[105.5734,18.063],[105.5753,18.0614],[105.58,18.0621],[105.5826,18.0554],[105.5823,18.0485],[105.5857,18.0436],[105.5847,18.0398],[105.5856,18.0378],[105.5826,18.0349],[105.5817,18.0289],[105.5796,18.027],[105.5812,18.0227],[105.5838,18.0205],[105.5814,18.014],[105.5845,18.0106],[105.5873,18.0115],[105.5902,18.0097],[105.5939,18.009],[105.5957,18.0033],[105.5989,18.0024],[105.6002,18.006],[105.6035,18.0074],[105.6045,18.0094],[105.6132,18.0119],[105.6157,18.0106],[105.6168,18.0071],[105.6218,18],[105.6244,17.9987],[105.6293,17.994],[105.6331,17.9919],[105.637,17.9922],[105.6399,17.9936],[105.6435,17.9925],[105.7047,17.9923],[105.7078,17.995],[105.7107,17.9962],[105.7131,17.9987],[105.7126,18.0018],[105.7149,18.0043],[105.7203,18.0057],[105.7214,18.0081],[105.7205,18.0098],[105.7212,18.0128],[105.72,18.015],[105.7198,18.0184],[105.7206,18.0214],[105.7239,18.0234],[105.7248,18.026],[105.7285,18.0291],[105.7299,18.0332],[105.7276,18.036],[105.7274,18.0431],[105.7264,18.0447],[105.727,18.0481],[105.7248,18.0486],[105.7233,18.0515],[105.7234,18.0574],[105.7222,18.0594],[105.7221,18.0634],[105.7247,18.0631],[105.7269,18.0651],[105.7265,18.0687],[105.7272,18.0728],[105.7348,18.0814],[105.7378,18.0831],[105.7394,18.0857],[105.7361,18.0882],[105.733,18.0916],[105.7313,18.0946],[105.7254,18.0964],[105.7211,18.0985],[105.7184,18.1008],[105.7142,18.0983],[105.7136,18.0947],[105.712,18.0914],[105.709,18.0924],[105.7063,18.0966],[105.7039,18.0974],[105.6998,18.1024],[105.7018,18.107],[105.7002,18.111],[105.6953,18.1117],[105.6912,18.114],[105.6957,18.115],[105.7005,18.1182],[105.7041,18.1175],[105.7064,18.1183],[105.7079,18.1209],[105.7077,18.1242],[105.7093,18.1274],[105.7097,18.1323],[105.7109,18.1353],[105.7146,18.1401],[105.7146,18.1429],[105.7173,18.1437],[105.7187,18.1489],[105.7163,18.149],[105.7164,18.154],[105.718,18.1599],[105.7163,18.1624]]]},"properties":{"ma_xa":"18544","ten_xa":"Hương Xuân","sap_nhap":"Hương Lâm, Hương Vĩnh, Hương Xuân","tru_so":"đang cập nhật","loai":"Xã","cap":2,"stt":67,"dtich_km2":263.14,"dan_so":17422,"matdo_km2":66.21,"ma_tinh":"42","ten_tinh":"Hà Tĩnh"}},
{"type":"Feature","geometry":{"type":"Polygon","coordinates":[[[105.511,18.4914],[105.5076,18.4925],[105.5052,18.495],[105.5037,18.4983],[105.5004,18.4997],[105.4999,18.5025],[105.4963,18.505],[105.4917,18.5062],[105.4894,18.5048],[105.4848,18.5067],[105.4828,18.5095],[105.4837,18.512],[105.483,18.5163],[105.4799,18.5114],[105.4765,18.5096],[105.4776,18.508],[105.4768,18.5046],[105.4716,18.5018],[105.4716,18.5047],[105.4666,18.5078],[105.4606,18.5059],[105.4554,18.506],[105.4534,18.5075],[105.4525,18.5038],[105.4534,18.5006],[105.4522,18.4982],[105.4523,18.4939],[105.4496,18.4917],[105.4478,18.4857],[105.4444,18.4833],[105.4408,18.4796],[105.4381,18.4822],[105.436,18.4872],[105.4333,18.4899],[105.4314,18.4872],[105.4291,18.4881],[105.428,18.4909],[105.4248,18.4934],[105.4212,18.4945],[105.4193,18.4939],[105.4154,18.4949],[105.4133,18.4944],[105.4106,18.4942],[105.4087,18.4913],[105.4056,18.4928],[105.3984,18.4898],[105.3967,18.4874],[105.3973,18.4843],[105.3921,18.4839],[105.387,18.4824],[105.3857,18.4777],[105.3822,18.4756],[105.3795,18.4764],[105.376,18.4743],[105.3708,18.4733],[105.371,18.4682],[105.3764,18.4625],[105.3795,18.4607],[105.3859,18.4588],[105.3911,18.4552],[105.3934,18.4486],[105.3952,18.4444],[105.3965,18.4439],[105.4004,18.438],[105.4055,18.4389],[105.4088,18.4382],[105.4124,18.4405],[105.4144,18.4436],[105.4175,18.4453],[105.422,18.4422],[105.4234,18.4397],[105.4266,18.4379],[105.4295,18.4341],[105.4323,18.4334],[105.4351,18.4296],[105.4381,18.4302],[105.4408,18.4294],[105.454,18.4326],[105.4566,18.4267],[105.4613,18.4234],[105.4663,18.4216],[105.4692,18.4172],[105.4742,18.4161],[105.4757,18.4131],[105.4791,18.4093],[105.4822,18.4076],[105.484,18.4102],[105.4848,18.4145],[105.4824,18.4186],[105.4874,18.4204],[105.4826,18.4273],[105.4808,18.4283],[105.4809,18.4323],[105.4843,18.4356],[105.4838,18.4381],[105.4899,18.4407],[105.493,18.4459],[105.4979,18.4492],[105.5054,18.4553],[105.5047,18.4629],[105.5057,18.4663],[105.5042,18.4708],[105.5134,18.4757],[105.5111,18.4783],[105.5073,18.4862],[105.5099,18.4877],[105.511,18.4914]]]},"properties":{"ma_xa":"18223","ten_xa":"Kim Hoa","sap_nhap":"Hàm Trường, Kim Hoa","tru_so":"đang cập nhật","loai":"Xã","cap":2,"stt":57,"dtich_km2":88.28,"dan_so":19114,"matdo_km2":216.52,"ma_tinh":"42","ten_tinh":"Hà Tĩnh"}},
{"type":"Feature","geometry":{"type":"Polygon","coordinates":[[[106.2803,18.1824],[106.2727,18.1902],[106.2695,18.1943],[106.2525,18.2134],[106.2525,18.2148],[106.244,18.2162],[106.2425,18.2176],[106.2346,18.2168],[106.2312,18.2197],[106.2292,18.2227],[106.2254,18.2215],[106.2245,18.2179],[106.2212,18.2165],[106.2173,18.2169],[106.212,18.2134],[106.2082,18.2124],[106.2101,18.2106],[106.2068,18.2079],[106.2032,18.2071],[106.2004,18.2083],[106.1984,18.206],[106.1946,18.2087],[106.1891,18.2113],[106.1879,18.2129],[106.1876,18.2174],[106.184,18.2202],[106.1821,18.2168],[106.1816,18.2119],[106.1807,18.2102],[106.1826,18.2055],[106.1853,18.2037],[106.1844,18.2014],[106.1809,18.2006],[106.1763,18.1966],[106.1781,18.1924],[106.1805,18.1896],[106.1802,18.1868],[106.1765,18.1846],[106.1754,18.1801],[106.1723,18.1783],[106.1743,18.17],[106.1731,18.1656],[106.1743,18.1618],[106.1763,18.1597],[106.1799,18.1554],[106.1837,18.1536],[106.1906,18.1536],[106.1963,18.1512],[106.1992,18.1524],[106.2032,18.1517],[106.2074,18.1484],[106.2129,18.1474],[106.2156,18.1489],[106.2196,18.1473],[106.2234,18.1514],[106.2314,18.1515],[106.2346,18.1502],[106.2365,18.1479],[106.2396,18.1477],[106.241,18.1523],[106.2432,18.1512],[106.2459,18.1527],[106.2487,18.1526],[106.2485,18.157],[106.258,18.1613],[106.2599,18.1613],[106.2624,18.1653],[106.2603,18.1666],[106.2594,18.1695],[106.2605,18.1725],[106.2679,18.1761],[106.2678,18.1776],[106.2767,18.1803],[106.2803,18.1824]]]},"properties":{"ma_xa":"18775","ten_xa":"Kỳ Anh","sap_nhap":"Kỳ Đồng (thị trấn), Kỳ Giang, Kỳ Tiến, Kỳ Phú","tru_so":"đang cập nhật","loai":"Xã","cap":2,"stt":6,"dtich_km2":64.74,"dan_so":32689,"matdo_km2":504.93,"ma_tinh":"42","ten_tinh":"Hà Tĩnh"}},
{"type":"Feature","geometry":{"type":"Polygon","coordinates":[[[106.286,18.0876],[106.2839,18.0859],[106.2824,18.0877],[106.2789,18.088],[106.2787,18.0852],[106.2726,18.083],[106.2728,18.0797],[106.2697,18.0794],[106.2659,18.0806],[106.2608,18.081],[106.2549,18.0804],[106.2545,18.0796],[106.2471,18.0762],[106.2403,18.0739],[106.2346,18.0773],[106.2295,18.0791],[106.2248,18.0788],[106.2237,18.0714],[106.2246,18.0704],[106.2231,18.0651],[106.2233,18.0606],[106.2248,18.0571],[106.2228,18.056],[106.2193,18.0507],[106.2201,18.0471],[106.2218,18.0461],[106.22,18.0408],[106.2183,18.0394],[106.2157,18.0329],[106.2158,18.0257],[106.2143,18.0228],[106.2111,18.0201],[106.2147,18.0135],[106.2186,18.0117],[106.2227,18.012],[106.2264,18.0112],[106.2291,18.0073],[106.2345,18.0056],[106.2364,18.0065],[106.2372,18.0098],[106.2401,18.0102],[106.2525,18.005],[106.2557,18.0055],[106.2556,17.999],[106.255,17.9956],[106.2558,17.9874],[106.2587,17.9849],[106.2661,17.9824],[106.2715,17.983],[106.2706,17.9794],[106.2732,17.9797],[106.2748,17.9771],[106.272,17.9758],[106.2766,17.9707],[106.2817,17.9704],[106.2835,17.9748],[106.2858,17.9777],[106.2873,17.9834],[106.291,17.9876],[106.2907,17.9915],[106.2923,17.9941],[106.2953,17.9958],[106.2953,17.999],[106.2976,18.0066],[106.2993,18.0158],[106.2956,18.0179],[106.2954,18.0242],[106.2965,18.0267],[106.2927,18.0293],[106.2923,18.0316],[106.2875,18.0312],[106.2874,18.0351],[106.2854,18.0399],[106.2871,18.0437],[106.2873,18.0483],[106.2895,18.0507],[106.2896,18.0564],[106.2878,18.0587],[106.292,18.0621],[106.2903,18.0709],[106.2844,18.0757],[106.2841,18.0786],[106.2871,18.0827],[106.2855,18.0847],[106.286,18.0876]]]},"properties":{"ma_xa":"18814","ten_xa":"Kỳ Hoa","sap_nhap":"Kỳ Tân, Kỳ Hoa","tru_so":"đang cập nhật","loai":"Xã","cap":2,"stt":7,"dtich_km2":73.28,"dan_so":16045,"matdo_km2":218.95,"ma_tinh":"42","ten_tinh":"Hà Tĩnh"}},
{"type":"Feature","geometry":{"type":"Polygon","coordinates":[[[106.3062,18.1558],[106.2998,18.162],[106.2803,18.1824],[106.2767,18.1803],[106.2678,18.1776],[106.2679,18.1761],[106.2605,18.1725],[106.2594,18.1695],[106.2603,18.1666],[106.2624,18.1653],[106.2599,18.1613],[106.258,18.1613],[106.2485,18.157],[106.2487,18.1526],[106.2459,18.1527],[106.2432,18.1512],[106.241,18.1523],[106.2396,18.1477],[106.2365,18.1479],[106.2346,18.1502],[106.2314,18.1515],[106.2234,18.1514],[106.2196,18.1473],[106.2195,18.1411],[106.2236,18.1373],[106.2285,18.1364],[106.2299,18.1371],[106.2348,18.1356],[106.2387,18.1321],[106.2388,18.1271],[106.2322,18.1232],[106.2358,18.1196],[106.2398,18.1195],[106.242,18.1173],[106.2451,18.1162],[106.2515,18.116],[106.2572,18.1124],[106.2597,18.1156],[106.2639,18.1169],[106.2665,18.1112],[106.2718,18.1128],[106.2749,18.1124],[106.2755,18.1103],[106.2725,18.1098],[106.2731,18.1055],[106.2716,18.105],[106.2688,18.1004],[106.2693,18.0979],[106.2735,18.0972],[106.279,18.0897],[106.2789,18.088],[106.2824,18.0877],[106.2839,18.0859],[106.286,18.0876],[106.2873,18.0874],[106.2913,18.0901],[106.2922,18.092],[106.2958,18.0936],[106.2964,18.0976],[106.2912,18.1054],[106.2937,18.1063],[106.2962,18.11],[106.3011,18.1103],[106.3041,18.1142],[106.3068,18.1143],[106.3071,18.1187],[106.3121,18.1243],[106.3107,18.1311],[106.309,18.1315],[106.3057,18.1345],[106.301,18.1359],[106.2967,18.132],[106.2934,18.1316],[106.2879,18.1328],[106.2856,18.1291],[106.2829,18.1306],[106.2838,18.134],[106.2817,18.1345],[106.2828,18.1388],[106.2857,18.1388],[106.288,18.1408],[106.2934,18.152],[106.2963,18.152],[106.3,18.1507],[106.3062,18.1558]]]},"properties":{"ma_xa":"18790","ten_xa":"Kỳ Khang","sap_nhap":"Kỳ Thọ, Kỳ Thư, Kỳ Khang","tru_so":"đang cập nhật","loai":"Xã","cap":2,"stt":9,"dtich_km2":48.85,"dan_so":23771,"matdo_km2":486.61,"ma_tinh":"42","ten_tinh":"Hà Tĩnh"}},
{"type":"Feature","geometry":{"type":"Polygon","coordinates":[[[106.2248,18.0788],[106.221,18.0778],[106.2109,18.0783],[106.208,18.0803],[106.2043,18.0815],[106.193,18.0754],[106.1871,18.0755],[106.1836,18.0766],[106.1794,18.076],[106.1804,18.0729],[106.1821,18.0615],[106.1799,18.0589],[106.1792,18.0467],[106.176,18.0451],[106.1708,18.0485],[106.1544,18.0365],[106.1531,18.0352],[106.1484,18.0397],[106.1465,18.0405],[106.1402,18.0349],[106.1357,18.0291],[106.136,18.0278],[106.1406,18.0264],[106.1435,18.0235],[106.1437,18.0186],[106.147,18.0175],[106.1521,18.014],[106.1546,18.0146],[106.1568,18.012],[106.1645,18.0082],[106.1674,18.0078],[106.1724,18.0105],[106.1745,18.0069],[106.1769,18.0073],[106.1793,18.004],[106.182,18.002],[106.1857,18.0013],[106.1892,18.0022],[106.1919,17.9974],[106.1944,17.9966],[106.1945,17.9942],[106.1921,17.9925],[106.1907,17.9895],[106.1931,17.9884],[106.1952,17.9897],[106.1978,17.9889],[106.1962,17.9849],[106.1938,17.9862],[106.1893,17.9769],[106.1874,17.9717],[106.1842,17.9698],[106.1761,17.9693],[106.1711,17.9664],[106.1679,17.9631],[106.1649,17.9576],[106.1627,17.9547],[106.162,17.9511],[106.1632,17.9494],[106.1613,17.9456],[106.1615,17.9423],[106.1606,17.9365],[106.1619,17.9297],[106.1605,17.9282],[106.1626,17.9261],[106.164,17.9222],[106.1638,17.9171],[106.1675,17.915],[106.1719,17.9144],[106.1768,17.9171],[106.1778,17.9189],[106.1833,17.921],[106.1877,17.9208],[106.1895,17.9235],[106.1937,17.9221],[106.1952,17.9181],[106.2,17.9164],[106.2028,17.9189],[106.2071,17.9254],[106.2125,17.9261],[106.2182,17.928],[106.2207,17.9275],[106.2226,17.9297],[106.2291,17.9293],[106.2349,17.9279],[106.2407,17.9304],[106.2421,17.9276],[106.2482,17.9257],[106.2525,17.9204],[106.2566,17.9198],[106.2589,17.9184],[106.2598,17.916],[106.2625,17.9156],[106.2642,17.9138],[106.2687,17.92],[106.2752,17.9196],[106.2777,17.9167],[106.2802,17.9158],[106.2857,17.9195],[106.2853,17.9241],[106.2867,17.9257],[106.2855,17.9287],[106.2816,17.9308],[106.281,17.9336],[106.2874,17.9428],[106.2938,17.9436],[106.2962,17.9453],[106.2976,17.9501],[106.2977,17.9537],[106.2999,17.9544],[106.3043,17.9594],[106.3054,17.9628],[106.3108,17.9623],[106.3123,17.9633],[106.3178,17.9636],[106.323,17.9625],[106.3251,17.9654],[106.3257,17.9692],[106.3278,17.9736],[106.3286,17.9799],[106.3361,17.9855],[106.3377,17.9879],[106.3379,17.9911],[106.3333,17.9928],[106.3297,17.995],[106.3215,17.9986],[106.3199,17.9989],[106.3088,17.9968],[106.3033,17.9984],[106.3002,17.9983],[106.2953,17.9958],[106.2923,17.9941],[106.2907,17.9915],[106.291,17.9876],[106.2873,17.9834],[106.2858,17.9777],[106.2835,17.9748],[106.2817,17.9704],[106.2766,17.9707],[106.272,17.9758],[106.2748,17.9771],[106.2732,17.9797],[106.2706,17.9794],[106.2715,17.983],[106.2661,17.9824],[106.2587,17.9849],[106.2558,17.9874],[106.255,17.9956],[106.2556,17.999],[106.2557,18.0055],[106.2525,18.005],[106.2401,18.0102],[106.2372,18.0098],[106.2364,18.0065],[106.2345,18.0056],[106.2291,18.0073],[106.2264,18.0112],[106.2227,18.012],[106.2186,18.0117],[106.2147,18.0135],[106.2111,18.0201],[106.2143,18.0228],[106.2158,18.0257],[106.2157,18.0329],[106.2183,18.0394],[106.22,18.0408],[106.2218,18.0461],[106.2201,18.0471],[106.2193,18.0507],[106.2228,18.056],[106.2248,18.0571],[106.2233,18.0606],[106.2231,18.0651],[106.2246,18.0704],[106.2237,18.0714],[106.2248,18.0788]]]},"properties":{"ma_xa":"18838","ten_xa":"Kỳ Lạc","sap_nhap":"Lâm Hợp, Kỳ Lạc","tru_so":"đang cập nhật","loai":"Xã","cap":2,"stt":10,"dtich_km2":169.13,"dan_so":12865,"matdo_km2":76.07,"ma_tinh":"42","ten_tinh":"Hà Tĩnh"}},
{"type":"Feature","geometry":{"type":"Polygon","coordinates":[[[106.1465,18.0405],[106.14,18.0424],[106.1368,18.0452],[106.1299,18.0491],[106.1277,18.0493],[106.1223,18.0528],[106.1148,18.0588],[106.1116,18.0602],[106.1082,18.0637],[106.1062,18.0695],[106.1073,18.0786],[106.1089,18.0806],[106.1093,18.0945],[106.1098,18.1028],[106.1089,18.107],[106.1077,18.1091],[106.1098,18.1123],[106.1104,18.1153],[106.1093,18.1243],[106.1071,18.1232],[106.106,18.1201],[106.1032,18.1187],[106.1008,18.1189],[106.0984,18.1168],[106.0957,18.1189],[106.0896,18.1218],[106.0842,18.1204],[106.0825,18.1181],[106.0819,18.114],[106.0791,18.1126],[106.0758,18.108],[106.0765,18.1044],[106.0639,18.0965],[106.0592,18.0949],[106.0548,18.0903],[106.0516,18.0902],[106.0489,18.0923],[106.0463,18.0925],[106.0433,18.0909],[106.0381,18.0875],[106.038,18.0789],[106.0359,18.078],[106.0329,18.0741],[106.0296,18.0744],[106.0273,18.0716],[106.0288,18.0698],[106.0227,18.0635],[106.0213,18.0601],[106.0257,18.0569],[106.024,18.0497],[106.0216,18.0452],[106.0192,18.0448],[106.0174,18.0463],[106.0148,18.0447],[106.0153,18.0417],[106.0177,18.04],[106.0158,18.0344],[106.0165,18.0288],[106.0206,18.025],[106.0276,18.0226],[106.0305,18.0244],[106.0339,18.0241],[106.0397,18.0272],[106.0442,18.0262],[106.0452,18.0273],[106.0492,18.0259],[106.0496,18.0204],[106.0531,18.0197],[106.0596,18.008],[106.0644,18.0016],[106.0664,17.9996],[106.0697,17.9981],[106.0713,17.9952],[106.0677,17.9916],[106.0665,17.9883],[106.0634,17.9866],[106.0617,17.9839],[106.0618,17.9817],[106.0597,17.9781],[106.0592,17.9753],[106.0568,17.9725],[106.0548,17.9722],[106.053,17.9684],[106.0505,17.9673],[106.0477,17.9645],[106.0493,17.9622],[106.0494,17.9582],[106.0476,17.9543],[106.047,17.9491],[106.0488,17.9448],[106.0545,17.9439],[106.0594,17.9393],[106.0646,17.9376],[106.0741,17.9358],[106.0764,17.9328],[106.0844,17.9325],[106.0859,17.9319],[106.091,17.9329],[106.1062,17.9275],[106.1092,17.9279],[106.1147,17.927],[106.1173,17.9279],[106.1206,17.9257],[106.127,17.9234],[106.1311,17.9204],[106.1381,17.9215],[106.1388,17.9193],[106.1442,17.9183],[106.151,17.9188],[106.1525,17.9176],[106.1578,17.9166],[106.1638,17.9171],[106.164,17.9222],[106.1626,17.9261],[106.1605,17.9282],[106.1619,17.9297],[106.1606,17.9365],[106.1615,17.9423],[106.1613,17.9456],[106.1632,17.9494],[106.162,17.9511],[106.1627,17.9547],[106.1649,17.9576],[106.1679,17.9631],[106.1711,17.9664],[106.1761,17.9693],[106.1842,17.9698],[106.1874,17.9717],[106.1893,17.9769],[106.1938,17.9862],[106.1962,17.9849],[106.1978,17.9889],[106.1952,17.9897],[106.1931,17.9884],[106.1907,17.9895],[106.1921,17.9925],[106.1945,17.9942],[106.1944,17.9966],[106.1919,17.9974],[106.1892,18.0022],[106.1857,18.0013],[106.182,18.002],[106.1793,18.004],[106.1769,18.0073],[106.1745,18.0069],[106.1724,18.0105],[106.1674,18.0078],[106.1645,18.0082],[106.1568,18.012],[106.1546,18.0146],[106.1521,18.014],[106.147,18.0175],[106.1437,18.0186],[106.1435,18.0235],[106.1406,18.0264],[106.136,18.0278],[106.1357,18.0291],[106.1402,18.0349],[106.1465,18.0405]]]},"properties":{"ma_xa":"18844","ten_xa":"Kỳ Thượng","sap_nhap":"Kỳ Sơn, Kỳ Thượng","tru_so":"đang cập nhật","loai":"Xã","cap":2,"stt":11,"dtich_km2":218.82,"dan_so":15822,"matdo_km2":72.31,"ma_tinh":"42","ten_tinh":"Hà Tĩnh"}},
{"type":"Feature","geometry":{"type":"Polygon","coordinates":[[[106.2196,18.1473],[106.2156,18.1489],[106.2129,18.1474],[106.2074,18.1484],[106.2032,18.1517],[106.1992,18.1524],[106.1963,18.1512],[106.1906,18.1536],[106.1837,18.1536],[106.1799,18.1554],[106.1763,18.1597],[106.1723,18.1596],[106.1651,18.157],[106.1614,18.1483],[106.1582,18.1328],[106.1449,18.1334],[106.1353,18.1325],[106.1334,18.128],[106.1334,18.122],[106.1306,18.1186],[106.125,18.1173],[106.1223,18.1199],[106.1159,18.1188],[106.1147,18.1179],[106.112,18.1222],[106.1093,18.1243],[106.1104,18.1153],[106.1098,18.1123],[106.1077,18.1091],[106.1089,18.107],[106.1098,18.1028],[106.1093,18.0945],[106.1089,18.0806],[106.1073,18.0786],[106.1062,18.0695],[106.1082,18.0637],[106.1116,18.0602],[106.1148,18.0588],[106.1223,18.0528],[106.1277,18.0493],[106.1299,18.0491],[106.1368,18.0452],[106.14,18.0424],[106.1465,18.0405],[106.1484,18.0397],[106.1531,18.0352],[106.1544,18.0365],[106.1708,18.0485],[106.176,18.0451],[106.1792,18.0467],[106.1799,18.0589],[106.1821,18.0615],[106.1804,18.0729],[106.1794,18.076],[106.1836,18.0766],[106.1871,18.0755],[106.193,18.0754],[106.2043,18.0815],[106.208,18.0803],[106.2109,18.0783],[106.221,18.0778],[106.2248,18.0788],[106.2295,18.0791],[106.2346,18.0773],[106.2403,18.0739],[106.2471,18.0762],[106.2545,18.0796],[106.2549,18.0804],[106.2608,18.081],[106.2659,18.0806],[106.2697,18.0794],[106.2728,18.0797],[106.2726,18.083],[106.2787,18.0852],[106.2789,18.088],[106.279,18.0897],[106.2735,18.0972],[106.2693,18.0979],[106.2688,18.1004],[106.2716,18.105],[106.2731,18.1055],[106.2725,18.1098],[106.2755,18.1103],[106.2749,18.1124],[106.2718,18.1128],[106.2665,18.1112],[106.2639,18.1169],[106.2597,18.1156],[106.2572,18.1124],[106.2515,18.116],[106.2451,18.1162],[106.242,18.1173],[106.2398,18.1195],[106.2358,18.1196],[106.2322,18.1232],[106.2388,18.1271],[106.2387,18.1321],[106.2348,18.1356],[106.2299,18.1371],[106.2285,18.1364],[106.2236,18.1373],[106.2195,18.1411],[106.2196,18.1473]]]},"properties":{"ma_xa":"18787","ten_xa":"Kỳ Văn","sap_nhap":"Kỳ Tây, Kỳ Trung, Kỳ Văn","tru_so":"đang cập nhật","loai":"Xã","cap":2,"stt":8,"dtich_km2":135.75,"dan_so":17700,"matdo_km2":130.39,"ma_tinh":"42","ten_tinh":"Hà Tĩnh"}},
{"type":"Feature","geometry":{"type":"Polygon","coordinates":[[[106.2292,18.2227],[106.2219,18.2252],[106.2148,18.2321],[106.214,18.2343],[106.21,18.2333],[106.2027,18.2382],[106.1981,18.2435],[106.1955,18.244],[106.1899,18.2488],[106.186,18.2531],[106.1803,18.2568],[106.1765,18.258],[106.175,18.2601],[106.1689,18.2626],[106.1669,18.2643],[106.1619,18.2657],[106.1586,18.2681],[106.1551,18.2674],[106.1525,18.2681],[106.1517,18.2625],[106.1522,18.2574],[106.1469,18.2549],[106.1457,18.2479],[106.1464,18.2452],[106.1445,18.2427],[106.1415,18.2416],[106.1405,18.2391],[106.1384,18.2377],[106.1331,18.2364],[106.13,18.2327],[106.1262,18.2297],[106.1268,18.2241],[106.1309,18.2213],[106.1331,18.2181],[106.1276,18.2145],[106.1278,18.2117],[106.1256,18.2097],[106.1258,18.2068],[106.1276,18.2049],[106.1283,18.2075],[106.1326,18.2055],[106.1324,18.2023],[106.1349,18.1969],[106.1322,18.1958],[106.1352,18.1937],[106.1346,18.1915],[106.138,18.1902],[106.1376,18.1828],[106.1391,18.1827],[106.1382,18.1734],[106.1393,18.1696],[106.1382,18.168],[106.1386,18.1608],[106.1432,18.1488],[106.1416,18.1462],[106.1353,18.1325],[106.1449,18.1334],[106.1582,18.1328],[106.1614,18.1483],[106.1651,18.157],[106.1723,18.1596],[106.1763,18.1597],[106.1743,18.1618],[106.1731,18.1656],[106.1743,18.17],[106.1723,18.1783],[106.1754,18.1801],[106.1765,18.1846],[106.1802,18.1868],[106.1805,18.1896],[106.1781,18.1924],[106.1763,18.1966],[106.1809,18.2006],[106.1844,18.2014],[106.1853,18.2037],[106.1826,18.2055],[106.1807,18.2102],[106.1816,18.2119],[106.1821,18.2168],[106.184,18.2202],[106.1876,18.2174],[106.1879,18.2129],[106.1891,18.2113],[106.1946,18.2087],[106.1984,18.206],[106.2004,18.2083],[106.2032,18.2071],[106.2068,18.2079],[106.2101,18.2106],[106.2082,18.2124],[106.212,18.2134],[106.2173,18.2169],[106.2212,18.2165],[106.2245,18.2179],[106.2254,18.2215],[106.2292,18.2227]]]},"properties":{"ma_xa":"18766","ten_xa":"Kỳ Xuân","sap_nhap":"Kỳ Phong, Kỳ Bắc, Kỳ Xuân","tru_so":"đang cập nhật","loai":"Xã","cap":2,"stt":5,"dtich_km2":72.94,"dan_so":23574,"matdo_km2":323.2,"ma_tinh":"42","ten_tinh":"Hà Tĩnh"}},
{"type":"Feature","geometry":{"type":"Polygon","coordinates":[[[105.9241,18.4492],[105.9209,18.4568],[105.9186,18.4603],[105.9081,18.4729],[105.8954,18.4896],[105.883,18.5065],[105.8726,18.5216],[105.8691,18.5263],[105.8659,18.5283],[105.8599,18.5234],[105.8569,18.5234],[105.8528,18.5248],[105.8482,18.5276],[105.8441,18.5242],[105.8464,18.5195],[105.8489,18.5179],[105.8461,18.5134],[105.8473,18.5108],[105.8554,18.5026],[105.8583,18.5019],[105.8621,18.4964],[105.8646,18.4908],[105.8607,18.4871],[105.8548,18.4847],[105.8567,18.4803],[105.8566,18.4782],[105.8533,18.4721],[105.8552,18.4701],[105.8583,18.4702],[105.8584,18.4679],[105.8614,18.4667],[105.8623,18.4642],[105.8668,18.4664],[105.8721,18.467],[105.8729,18.4659],[105.8779,18.4661],[105.8792,18.467],[105.8846,18.4671],[105.8916,18.4725],[105.8897,18.4686],[105.8898,18.4654],[105.884,18.4625],[105.8809,18.4629],[105.8785,18.4594],[105.878,18.4531],[105.8796,18.449],[105.8824,18.45],[105.8849,18.446],[105.8878,18.4471],[105.8911,18.4469],[105.8941,18.4488],[105.8984,18.4475],[105.9016,18.4481],[105.9062,18.4456],[105.9126,18.4448],[105.9153,18.4468],[105.921,18.4468],[105.9241,18.4492]]]},"properties":{"ma_xa":"18568","ten_xa":"Lộc Hà","sap_nhap":"Lộc Hà (thị trấn), Bình An, Thịnh Lộc, Thạch Kim","tru_so":"đang cập nhật","loai":"Xã","cap":2,"stt":31,"dtich_km2":35.63,"dan_so":40979,"matdo_km2":1150.13,"ma_tinh":"42","ten_tinh":"Hà Tĩnh"}},
{"type":"Feature","geometry":{"type":"Polygon","coordinates":[[[105.5418,18.4731],[105.5487,18.4731],[105.5508,18.4763],[105.5531,18.4847],[105.5484,18.4895],[105.5425,18.4937],[105.5376,18.4898],[105.5333,18.4886],[105.5296,18.4837],[105.5275,18.4844],[105.5227,18.481],[105.5194,18.487],[105.5145,18.4862],[105.5123,18.4867],[105.511,18.4914],[105.5099,18.4877],[105.5073,18.4862],[105.5111,18.4783],[105.5134,18.4757],[105.5042,18.4708],[105.5057,18.4663],[105.5047,18.4629],[105.5054,18.4553],[105.4979,18.4492],[105.493,18.4459],[105.4899,18.4407],[105.4838,18.4381],[105.4843,18.4356],[105.4809,18.4323],[105.4808,18.4283],[105.4826,18.4273],[105.4874,18.4204],[105.4824,18.4186],[105.4848,18.4145],[105.484,18.4102],[105.4822,18.4076],[105.4857,18.4066],[105.4869,18.4031],[105.4909,18.4034],[105.4916,18.4016],[105.4963,18.3994],[105.5018,18.398],[105.5052,18.3941],[105.5089,18.3944],[105.5123,18.4034],[105.5154,18.4062],[105.5185,18.4064],[105.522,18.4119],[105.5245,18.4125],[105.527,18.4153],[105.5363,18.4186],[105.537,18.4206],[105.5404,18.4207],[105.5405,18.4228],[105.5439,18.4235],[105.5443,18.4252],[105.5441,18.429],[105.5426,18.4309],[105.5419,18.4357],[105.5423,18.4392],[105.5394,18.4429],[105.5415,18.4463],[105.5427,18.4501],[105.5411,18.4551],[105.5421,18.458],[105.5411,18.4605],[105.5429,18.4621],[105.5405,18.4695],[105.5418,18.4731]]]},"properties":{"ma_xa":"18322","ten_xa":"Mai Hoa","sap_nhap":"Ân Phú, Đức Giang, Đức Lĩnh","tru_so":"đang cập nhật","loai":"Xã","cap":2,"stt":59,"dtich_km2":45.85,"dan_so":11065,"matdo_km2":241.33,"ma_tinh":"42","ten_tinh":"Hà Tĩnh"}},
{"type":"Feature","geometry":{"type":"Polygon","coordinates":[[[105.9126,18.4448],[105.9062,18.4456],[105.9016,18.4481],[105.8984,18.4475],[105.8941,18.4488],[105.8911,18.4469],[105.8878,18.4471],[105.8849,18.446],[105.8824,18.45],[105.8796,18.449],[105.878,18.4531],[105.8785,18.4594],[105.8809,18.4629],[105.884,18.4625],[105.8898,18.4654],[105.8897,18.4686],[105.8916,18.4725],[105.8846,18.4671],[105.8792,18.467],[105.8779,18.4661],[105.8729,18.4659],[105.8721,18.467],[105.8668,18.4664],[105.8623,18.4642],[105.8614,18.4667],[105.8584,18.4679],[105.8583,18.4702],[105.8552,18.4701],[105.8514,18.4687],[105.848,18.4621],[105.8498,18.458],[105.8484,18.4566],[105.8488,18.4513],[105.8457,18.4474],[105.8455,18.4412],[105.8473,18.439],[105.8463,18.4343],[105.8473,18.4324],[105.8542,18.4331],[105.856,18.4322],[105.8571,18.4245],[105.8602,18.4231],[105.8641,18.4235],[105.8675,18.4225],[105.8686,18.4188],[105.8679,18.4167],[105.8644,18.4132],[105.8634,18.4107],[105.865,18.4087],[105.8726,18.4068],[105.8739,18.4079],[105.8828,18.4113],[105.8919,18.4169],[105.8963,18.4175],[105.9049,18.415],[105.9067,18.417],[105.9094,18.4155],[105.913,18.4109],[105.9171,18.4139],[105.9188,18.4164],[105.9201,18.4212],[105.9193,18.4234],[105.9151,18.429],[105.9105,18.4392],[105.9111,18.4428],[105.9126,18.4448]]]},"properties":{"ma_xa":"18583","ten_xa":"Mai Phụ","sap_nhap":"Thạch Mỹ, Thạch Châu, Phù Lưu, Mai Phụ","tru_so":"đang cập nhật","loai":"Xã","cap":2,"stt":33,"dtich_km2":31.93,"dan_so":29828,"matdo_km2":934.17,"ma_tinh":"42","ten_tinh":"Hà Tĩnh"}},
{"type":"Feature","geometry":{"type":"Polygon","coordinates":[[[105.7635,18.5522],[105.7592,18.5538],[105.7541,18.5525],[105.7525,18.556],[105.7488,18.5554],[105.7488,18.5529],[105.7456,18.554],[105.7425,18.5511],[105.7399,18.5513],[105.7366,18.5478],[105.7311,18.5482],[105.7302,18.545],[105.7261,18.5448],[105.7237,18.5463],[105.7217,18.5458],[105.7202,18.5392],[105.7209,18.5345],[105.7199,18.5318],[105.7149,18.5321],[105.7124,18.5335],[105.7096,18.5308],[105.7058,18.5298],[105.699,18.5296],[105.6981,18.5281],[105.6919,18.5275],[105.6882,18.5294],[105.6876,18.5271],[105.6873,18.5239],[105.6798,18.523],[105.6787,18.5175],[105.6769,18.5161],[105.6768,18.5138],[105.6767,18.5121],[105.68,18.5116],[105.6793,18.5063],[105.6823,18.5056],[105.6823,18.502],[105.6806,18.4961],[105.6903,18.497],[105.6936,18.4891],[105.6979,18.4875],[105.7002,18.4879],[105.7061,18.4965],[105.7074,18.4966],[105.7102,18.4925],[105.7143,18.4909],[105.7172,18.4928],[105.7209,18.491],[105.7236,18.4919],[105.7269,18.4898],[105.7317,18.4915],[105.7331,18.4962],[105.736,18.4942],[105.7384,18.4948],[105.7424,18.4987],[105.7434,18.5016],[105.7469,18.5071],[105.7485,18.5124],[105.7483,18.5202],[105.7493,18.5243],[105.7469,18.5295],[105.751,18.5381],[105.7547,18.5422],[105.759,18.5451],[105.7653,18.5469],[105.766,18.5501],[105.7635,18.5522]]]},"properties":{"ma_xa":"18118","ten_xa":"Nam Hồng Lĩnh","sap_nhap":"Nam Hồng, Đậu Liêu, Thuận Lộc","tru_so":"đang cập nhật","loai":"Phường","cap":2,"stt":41,"dtich_km2":36.47,"dan_so":22309,"matdo_km2":611.71,"ma_tinh":"42","ten_tinh":"Hà Tĩnh"}},
{"type":"Feature","geometry":{"type":"Polygon","coordinates":[[[105.7683,18.6019],[105.7621,18.6069],[105.7601,18.6112],[105.7621,18.6136],[105.7639,18.6183],[105.7637,18.6256],[105.7613,18.6285],[105.7577,18.6389],[105.7609,18.6412],[105.7625,18.639],[105.7697,18.6416],[105.7679,18.6453],[105.7664,18.6459],[105.7622,18.6574],[105.7589,18.6564],[105.7589,18.6602],[105.7537,18.6589],[105.7507,18.6682],[105.7428,18.669],[105.7321,18.6726],[105.7267,18.673],[105.7216,18.6713],[105.7185,18.6695],[105.7142,18.6647],[105.7127,18.6614],[105.7113,18.6543],[105.7064,18.6396],[105.7046,18.6356],[105.7021,18.6331],[105.6946,18.6319],[105.6925,18.6309],[105.6902,18.6274],[105.6891,18.6187],[105.6898,18.6143],[105.6891,18.6019],[105.6896,18.5973],[105.6887,18.5939],[105.691,18.5924],[105.7017,18.5935],[105.7048,18.5934],[105.7076,18.5946],[105.7111,18.591],[105.7141,18.5864],[105.7219,18.5861],[105.7223,18.581],[105.7219,18.5769],[105.7202,18.5706],[105.7206,18.5648],[105.7188,18.5607],[105.7199,18.5581],[105.7167,18.5533],[105.7184,18.5495],[105.7212,18.5495],[105.7217,18.5458],[105.7237,18.5463],[105.7261,18.5448],[105.7302,18.545],[105.7311,18.5482],[105.7366,18.5478],[105.7399,18.5513],[105.7425,18.5511],[105.7456,18.554],[105.7488,18.5529],[105.7488,18.5554],[105.7525,18.556],[105.7541,18.5525],[105.7592,18.5538],[105.7635,18.5522],[105.7636,18.5586],[105.7631,18.5649],[105.7621,18.5704],[105.7608,18.5716],[105.762,18.5751],[105.7608,18.5807],[105.7622,18.5856],[105.7626,18.5907],[105.7641,18.5908],[105.769,18.5983],[105.7683,18.6019]]]},"properties":{"ma_xa":"18352","ten_xa":"Nghi Xuân","sap_nhap":"Xuân An (thị trấn), Xuân Giang, Xuân Hồng, Xuân Viên, Xuân Lĩnh","tru_so":"đang cập nhật","loai":"Xã","cap":2,"stt":43,"dtich_km2":77.65,"dan_so":37524,"matdo_km2":483.25,"ma_tinh":"42","ten_tinh":"Hà Tĩnh"}},
{"type":"Feature","geometry":{"type":"Polygon","coordinates":[[[105.8547,18.1477],[105.853,18.1454],[105.8489,18.1443],[105.846,18.1448],[105.842,18.1499],[105.8402,18.153],[105.8347,18.1524],[105.8329,18.1535],[105.8247,18.1521],[105.8208,18.151],[105.8176,18.1518],[105.8137,18.1497],[105.8097,18.1506],[105.8072,18.1498],[105.804,18.1475],[105.8007,18.1534],[105.797,18.1563],[105.7952,18.1567],[105.7963,18.1608],[105.7964,18.1643],[105.7904,18.1663],[105.7882,18.1694],[105.786,18.1686],[105.7818,18.163],[105.7789,18.1612],[105.7765,18.158],[105.7784,18.1552],[105.7784,18.1518],[105.7745,18.1488],[105.7699,18.1462],[105.757,18.1412],[105.753,18.1378],[105.7457,18.1366],[105.7435,18.1357],[105.7497,18.1312],[105.7478,18.1294],[105.7448,18.1317],[105.7408,18.1289],[105.7369,18.1283],[105.7371,18.1248],[105.7335,18.1216],[105.7354,18.1167],[105.7348,18.1116],[105.7376,18.1031],[105.7346,18.1015],[105.7343,18.0989],[105.7313,18.0946],[105.733,18.0916],[105.7361,18.0882],[105.7394,18.0857],[105.7378,18.0831],[105.7348,18.0814],[105.7272,18.0728],[105.7265,18.0687],[105.7269,18.0651],[105.7247,18.0631],[105.7221,18.0634],[105.7222,18.0594],[105.7234,18.0574],[105.7233,18.0515],[105.7248,18.0486],[105.727,18.0481],[105.7264,18.0447],[105.7274,18.0431],[105.7276,18.036],[105.7299,18.0332],[105.731,18.0344],[105.7359,18.0355],[105.7399,18.0372],[105.7423,18.0354],[105.7505,18.0338],[105.754,18.0283],[105.7605,18.0247],[105.7647,18.0247],[105.77,18.0235],[105.7757,18.0172],[105.7788,18.0172],[105.7818,18.019],[105.7833,18.0217],[105.7872,18.0248],[105.7901,18.0255],[105.7971,18.0238],[105.802,18.0258],[105.8097,18.0259],[105.8107,18.0273],[105.8078,18.0318],[105.8158,18.0362],[105.8188,18.0371],[105.8202,18.0343],[105.829,18.0317],[105.8334,18.0367],[105.8352,18.0413],[105.8279,18.0473],[105.8241,18.048],[105.8194,18.0512],[105.813,18.0526],[105.826,18.0629],[105.8318,18.0653],[105.8387,18.0632],[105.8425,18.0655],[105.8444,18.0642],[105.8486,18.064],[105.8497,18.0665],[105.8527,18.0677],[105.8695,18.0665],[105.8751,18.0693],[105.8756,18.0733],[105.878,18.0741],[105.8811,18.0768],[105.8822,18.0822],[105.8872,18.0854],[105.8912,18.0864],[105.895,18.0901],[105.904,18.0898],[105.9102,18.0887],[105.9134,18.087],[105.918,18.0811],[105.9251,18.0856],[105.9286,18.087],[105.9311,18.0894],[105.9293,18.0925],[105.9253,18.0947],[105.9229,18.1013],[105.9179,18.1035],[105.9173,18.1083],[105.9141,18.112],[105.9136,18.1146],[105.9095,18.1162],[105.9078,18.1182],[105.905,18.1184],[105.904,18.1218],[105.9018,18.123],[105.8949,18.1246],[105.8905,18.1289],[105.89,18.1331],[105.887,18.1363],[105.8836,18.1367],[105.8799,18.1415],[105.8715,18.1384],[105.8668,18.1362],[105.8651,18.1382],[105.8604,18.1374],[105.8562,18.1403],[105.8563,18.1431],[105.8547,18.1477]]]},"properties":{"ma_xa":"18547","ten_xa":"Phúc Trạch","sap_nhap":"Hương Trạch, Hương Liên, Phúc Trạch","tru_so":"đang cập nhật","loai":"Xã","cap":2,"stt":66,"dtich_km2":201.42,"dan_so":18135,"matdo_km2":90.04,"ma_tinh":"42","ten_tinh":"Hà Tĩnh"}},
{"type":"Feature","geometry":{"type":"Polygon","coordinates":[[[105.3976,18.5799],[105.3941,18.5796],[105.3894,18.5811],[105.383,18.5806],[105.3773,18.5785],[105.3724,18.5809],[105.3683,18.5801],[105.3627,18.5815],[105.3594,18.5816],[105.355,18.586],[105.3491,18.5875],[105.3431,18.5906],[105.3386,18.5903],[105.3363,18.5811],[105.3335,18.5783],[105.329,18.5792],[105.3261,18.5778],[105.3254,18.5742],[105.3263,18.5708],[105.3295,18.5657],[105.3331,18.5649],[105.3354,18.5622],[105.3354,18.5588],[105.3338,18.5548],[105.3338,18.5515],[105.3325,18.5501],[105.3375,18.547],[105.3396,18.5401],[105.3425,18.5392],[105.3434,18.5436],[105.3494,18.5373],[105.3523,18.5374],[105.3555,18.5444],[105.3568,18.5426],[105.3544,18.5392],[105.3531,18.5355],[105.3526,18.5313],[105.3512,18.5294],[105.3475,18.5294],[105.3459,18.5279],[105.3486,18.526],[105.3498,18.521],[105.3515,18.5201],[105.3516,18.5162],[105.3557,18.5115],[105.3547,18.5097],[105.3555,18.5086],[105.3605,18.5066],[105.3615,18.5025],[105.3598,18.5015],[105.3592,18.4983],[105.3577,18.4961],[105.3545,18.4945],[105.3538,18.4902],[105.3544,18.4884],[105.3512,18.4809],[105.3521,18.4748],[105.3573,18.4699],[105.363,18.4713],[105.3674,18.4735],[105.3708,18.4733],[105.376,18.4743],[105.3795,18.4764],[105.3822,18.4756],[105.3857,18.4777],[105.387,18.4824],[105.3921,18.4839],[105.3973,18.4843],[105.3967,18.4874],[105.3984,18.4898],[105.4056,18.4928],[105.4087,18.4913],[105.4106,18.4942],[105.4133,18.4944],[105.4122,18.4963],[105.4136,18.4989],[105.4126,18.5006],[105.4148,18.5055],[105.414,18.5069],[105.4153,18.5119],[105.4211,18.5122],[105.4262,18.5183],[105.4286,18.5222],[105.4307,18.5276],[105.4237,18.5313],[105.4218,18.5337],[105.4218,18.5371],[105.4286,18.5397],[105.4256,18.5432],[105.4199,18.5467],[105.4189,18.5492],[105.4203,18.5524],[105.4216,18.5584],[105.4199,18.5603],[105.415,18.5634],[105.4109,18.5679],[105.4038,18.5714],[105.3976,18.5799]]]},"properties":{"ma_xa":"18184","ten_xa":"Sơn Giang","sap_nhap":"Sơn Lâm, Quang Diệm, Sơn Giang","tru_so":"đang cập nhật","loai":"Xã","cap":2,"stt":54,"dtich_km2":86.32,"dan_so":18962,"matdo_km2":219.67,"ma_tinh":"42","ten_tinh":"Hà Tĩnh"}},
{"type":"Feature","geometry":{"type":"Polygon","coordinates":[[[105.3303,18.6018],[105.3244,18.6018],[105.3217,18.6038],[105.3179,18.6035],[105.3148,18.6053],[105.3047,18.6073],[105.3027,18.6107],[105.3022,18.6135],[105.2988,18.6166],[105.2957,18.6219],[105.2937,18.6224],[105.2895,18.6199],[105.2876,18.6198],[105.2821,18.6238],[105.278,18.6219],[105.2735,18.6222],[105.2702,18.6185],[105.2668,18.6198],[105.2618,18.6178],[105.2567,18.6146],[105.253,18.6108],[105.2471,18.6085],[105.2453,18.6062],[105.2429,18.6056],[105.2391,18.6027],[105.2369,18.5986],[105.2337,18.5969],[105.2319,18.5896],[105.2274,18.5879],[105.2247,18.5905],[105.2213,18.5953],[105.2184,18.5977],[105.2113,18.5995],[105.209,18.5985],[105.203,18.5988],[105.1968,18.6017],[105.191,18.5996],[105.1884,18.602],[105.1806,18.6027],[105.1772,18.6059],[105.174,18.6057],[105.1701,18.6098],[105.1673,18.6117],[105.164,18.6118],[105.1595,18.6133],[105.1571,18.6104],[105.1564,18.6074],[105.154,18.6058],[105.1509,18.6058],[105.149,18.6037],[105.1437,18.5997],[105.1436,18.5975],[105.14,18.598],[105.1393,18.5949],[105.1345,18.5911],[105.1361,18.5856],[105.1386,18.584],[105.1356,18.5821],[105.1354,18.5775],[105.1343,18.5695],[105.1396,18.5644],[105.14,18.5619],[105.1356,18.5594],[105.133,18.5594],[105.128,18.5549],[105.1285,18.5497],[105.1262,18.5448],[105.1203,18.5404],[105.1161,18.5389],[105.1167,18.5365],[105.1149,18.5314],[105.1155,18.5279],[105.1197,18.5235],[105.1149,18.5176],[105.1192,18.5173],[105.121,18.5189],[105.1264,18.5193],[105.1295,18.5212],[105.1333,18.5201],[105.1392,18.5209],[105.1411,18.5201],[105.1449,18.5218],[105.149,18.5225],[105.1515,18.526],[105.1582,18.5252],[105.1605,18.5259],[105.1671,18.5233],[105.1694,18.5236],[105.1715,18.5263],[105.1746,18.5276],[105.1772,18.527],[105.1822,18.5276],[105.1875,18.529],[105.1928,18.5295],[105.1961,18.529],[105.1985,18.527],[105.2029,18.5269],[105.2076,18.5277],[105.213,18.5275],[105.2172,18.5291],[105.2217,18.5337],[105.2296,18.5358],[105.2323,18.533],[105.2336,18.5295],[105.2402,18.528],[105.2422,18.5299],[105.2518,18.529],[105.2533,18.5239],[105.2549,18.5228],[105.258,18.5239],[105.2603,18.5208],[105.2633,18.5199],[105.2705,18.5204],[105.2735,18.5171],[105.2753,18.5137],[105.2819,18.5129],[105.285,18.51],[105.2909,18.5079],[105.2958,18.5094],[105.2988,18.5091],[105.3089,18.5121],[105.3142,18.515],[105.3184,18.5159],[105.3206,18.5128],[105.3229,18.5123],[105.325,18.5099],[105.3275,18.5046],[105.3291,18.5036],[105.3346,18.5032],[105.3353,18.5054],[105.343,18.5148],[105.3459,18.515],[105.3493,18.5113],[105.3508,18.5124],[105.3547,18.5097],[105.3557,18.5115],[105.3516,18.5162],[105.3515,18.5201],[105.3498,18.521],[105.3486,18.526],[105.3459,18.5279],[105.3475,18.5294],[105.3512,18.5294],[105.3526,18.5313],[105.3531,18.5355],[105.3544,18.5392],[105.3568,18.5426],[105.3555,18.5444],[105.3523,18.5374],[105.3494,18.5373],[105.3434,18.5436],[105.3425,18.5392],[105.3396,18.5401],[105.3375,18.547],[105.3325,18.5501],[105.3338,18.5515],[105.3338,18.5548],[105.3354,18.5588],[105.3354,18.5622],[105.3331,18.5649],[105.3295,18.5657],[105.3263,18.5708],[105.3254,18.5742],[105.3261,18.5778],[105.329,18.5792],[105.3335,18.5783],[105.3363,18.5811],[105.3386,18.5903],[105.3372,18.5938],[105.3345,18.5951],[105.3303,18.6018]]]},"properties":{"ma_xa":"18160","ten_xa":"Sơn Hồng","sap_nhap":"Sơn Lĩnh, Sơn Hồng","tru_so":"đang cập nhật","loai":"Xã","cap":2,"stt":56,"dtich_km2":209.04,"dan_so":8409,"matdo_km2":40.23,"ma_tinh":"42","ten_tinh":"Hà Tĩnh"}},
{"type":"Feature","geometry":{"type":"Polygon","coordinates":[[[105.1985,18.527],[105.1961,18.529],[105.1928,18.5295],[105.1875,18.529],[105.1822,18.5276],[105.1772,18.527],[105.1746,18.5276],[105.1715,18.5263],[105.1694,18.5236],[105.1671,18.5233],[105.1605,18.5259],[105.1582,18.5252],[105.1515,18.526],[105.149,18.5225],[105.1449,18.5218],[105.1411,18.5201],[105.1392,18.5209],[105.1333,18.5201],[105.1295,18.5212],[105.1264,18.5193],[105.121,18.5189],[105.1192,18.5173],[105.1149,18.5176],[105.1143,18.5148],[105.1111,18.5124],[105.1119,18.5091],[105.1101,18.5056],[105.1102,18.5008],[105.1131,18.4965],[105.1108,18.4936],[105.1138,18.4915],[105.1101,18.4861],[105.1091,18.4824],[105.1098,18.4791],[105.1074,18.4755],[105.1086,18.4736],[105.1079,18.4682],[105.109,18.4659],[105.1049,18.4603],[105.1055,18.4583],[105.1085,18.456],[105.1058,18.4525],[105.1039,18.4479],[105.1065,18.4436],[105.1066,18.44],[105.1106,18.4344],[105.1184,18.433],[105.1186,18.4266],[105.1209,18.4238],[105.1204,18.4202],[105.125,18.4171],[105.1306,18.4155],[105.135,18.4156],[105.1403,18.4199],[105.1403,18.4141],[105.1379,18.4117],[105.1381,18.4084],[105.1442,18.4067],[105.1472,18.4039],[105.1456,18.4012],[105.1471,18.3966],[105.1509,18.3921],[105.1504,18.389],[105.1572,18.3877],[105.1584,18.3868],[105.1664,18.3875],[105.1674,18.3922],[105.1711,18.3925],[105.1787,18.3891],[105.1798,18.3903],[105.1846,18.3864],[105.1816,18.3789],[105.1818,18.3748],[105.1784,18.3709],[105.1824,18.3662],[105.1834,18.3616],[105.1857,18.3607],[105.1858,18.3565],[105.1884,18.3536],[105.1887,18.3501],[105.1902,18.3465],[105.1891,18.3453],[105.186,18.334],[105.1844,18.3306],[105.1844,18.3252],[105.19,18.3224],[105.1921,18.3192],[105.1962,18.3173],[105.2077,18.3146],[105.2083,18.3226],[105.2079,18.3257],[105.2088,18.3301],[105.211,18.333],[105.2108,18.336],[105.2121,18.3397],[105.2113,18.3428],[105.2132,18.3441],[105.2213,18.3473],[105.2236,18.3489],[105.2206,18.3579],[105.2211,18.3612],[105.2198,18.3653],[105.221,18.3667],[105.2212,18.3714],[105.2197,18.3744],[105.2211,18.3804],[105.2192,18.3831],[105.2205,18.3876],[105.2182,18.3899],[105.2177,18.3988],[105.2193,18.4009],[105.22,18.4041],[105.2184,18.4078],[105.222,18.4101],[105.224,18.4126],[105.2232,18.4181],[105.2212,18.4229],[105.2216,18.4287],[105.225,18.427],[105.2282,18.4293],[105.2324,18.4289],[105.234,18.4297],[105.2394,18.4355],[105.2394,18.4373],[105.2438,18.4389],[105.2466,18.4412],[105.2479,18.4398],[105.2472,18.431],[105.2492,18.4277],[105.2526,18.427],[105.2548,18.4277],[105.2574,18.433],[105.2526,18.439],[105.2528,18.4438],[105.2584,18.4453],[105.2623,18.4447],[105.2667,18.4462],[105.2688,18.4533],[105.2702,18.4552],[105.2733,18.454],[105.2741,18.4506],[105.2729,18.4477],[105.2772,18.4414],[105.2807,18.4376],[105.284,18.4363],[105.2868,18.4371],[105.287,18.4404],[105.2895,18.4425],[105.2903,18.4499],[105.29,18.452],[105.2918,18.4547],[105.2894,18.4564],[105.2896,18.4643],[105.2925,18.4653],[105.2943,18.4717],[105.294,18.4732],[105.2882,18.4787],[105.2859,18.4784],[105.2812,18.4809],[105.2775,18.4819],[105.2725,18.485],[105.2687,18.4833],[105.2663,18.4833],[105.2624,18.4857],[105.2573,18.4858],[105.254,18.4869],[105.2468,18.4832],[105.2443,18.4829],[105.2399,18.4853],[105.2353,18.4887],[105.227,18.4897],[105.2199,18.4967],[105.2178,18.5006],[105.2142,18.5021],[105.2094,18.5075],[105.2097,18.511],[105.2023,18.5175],[105.1997,18.5209],[105.1996,18.5248],[105.1985,18.527]]]},"properties":{"ma_xa":"18196","ten_xa":"Sơn Kim 1","sap_nhap":"Sơn Kim 1","tru_so":"đang cập nhật","loai":"Xã","cap":2,"stt":68,"dtich_km2":223.21,"dan_so":5782,"matdo_km2":25.9,"ma_tinh":"42","ten_tinh":"Hà Tĩnh"}},
{"type":"Feature","geometry":{"type":"Polygon","coordinates":[[[105.3502,18.3795],[105.3451,18.3823],[105.3415,18.3851],[105.3382,18.3885],[105.3377,18.3912],[105.3356,18.3933],[105.3342,18.3972],[105.332,18.3993],[105.331,18.4066],[105.3322,18.4094],[105.3344,18.4113],[105.3375,18.4174],[105.3409,18.4186],[105.344,18.4217],[105.3459,18.4255],[105.3456,18.431],[105.3443,18.4349],[105.3451,18.436],[105.3453,18.4416],[105.3469,18.445],[105.3458,18.4484],[105.3428,18.4508],[105.3414,18.4535],[105.3362,18.458],[105.3332,18.4627],[105.3294,18.4616],[105.3279,18.4601],[105.3262,18.456],[105.3242,18.4536],[105.322,18.4477],[105.3158,18.4453],[105.3148,18.4468],[105.3112,18.4467],[105.3088,18.4454],[105.306,18.448],[105.2999,18.4467],[105.2977,18.45],[105.2928,18.4522],[105.29,18.452],[105.2903,18.4499],[105.2895,18.4425],[105.287,18.4404],[105.2868,18.4371],[105.284,18.4363],[105.2807,18.4376],[105.2772,18.4414],[105.2729,18.4477],[105.2741,18.4506],[105.2733,18.454],[105.2702,18.4552],[105.2688,18.4533],[105.2667,18.4462],[105.2623,18.4447],[105.2584,18.4453],[105.2528,18.4438],[105.2526,18.439],[105.2574,18.433],[105.2548,18.4277],[105.2526,18.427],[105.2492,18.4277],[105.2472,18.431],[105.2479,18.4398],[105.2466,18.4412],[105.2438,18.4389],[105.2394,18.4373],[105.2394,18.4355],[105.234,18.4297],[105.2324,18.4289],[105.2282,18.4293],[105.225,18.427],[105.2216,18.4287],[105.2212,18.4229],[105.2232,18.4181],[105.224,18.4126],[105.222,18.4101],[105.2184,18.4078],[105.22,18.4041],[105.2193,18.4009],[105.2177,18.3988],[105.2182,18.3899],[105.2205,18.3876],[105.2192,18.3831],[105.2211,18.3804],[105.2197,18.3744],[105.2212,18.3714],[105.221,18.3667],[105.2198,18.3653],[105.2211,18.3612],[105.2206,18.3579],[105.2236,18.3489],[105.2213,18.3473],[105.2132,18.3441],[105.2113,18.3428],[105.2121,18.3397],[105.2108,18.336],[105.211,18.333],[105.2088,18.3301],[105.2079,18.3257],[105.2083,18.3226],[105.2077,18.3146],[105.2154,18.3078],[105.2177,18.3032],[105.2201,18.3043],[105.2241,18.3042],[105.226,18.303],[105.2312,18.303],[105.2322,18.301],[105.2353,18.2985],[105.2433,18.296],[105.2452,18.2924],[105.246,18.2882],[105.2488,18.2857],[105.2489,18.2837],[105.2517,18.2802],[105.2541,18.2746],[105.2557,18.2743],[105.2583,18.268],[105.2864,18.272],[105.2974,18.2773],[105.2998,18.2801],[105.3013,18.2873],[105.3014,18.2936],[105.3049,18.2935],[105.3081,18.2955],[105.3078,18.2971],[105.309,18.3093],[105.3071,18.3127],[105.3092,18.3164],[105.3106,18.3168],[105.3135,18.3221],[105.3158,18.324],[105.3187,18.3243],[105.3198,18.33],[105.3225,18.3315],[105.3245,18.3379],[105.3263,18.3405],[105.3281,18.3458],[105.331,18.3487],[105.3321,18.3514],[105.3297,18.3536],[105.3322,18.3569],[105.3329,18.3626],[105.3359,18.3657],[105.3361,18.3681],[105.3379,18.371],[105.3409,18.3719],[105.3421,18.3754],[105.349,18.3795],[105.3502,18.3795]]]},"properties":{"ma_xa":"18199","ten_xa":"Sơn Kim 2","sap_nhap":"Sơn Kim 2","tru_so":"đang cập nhật","loai":"Xã","cap":2,"stt":69,"dtich_km2":208.46,"dan_so":5123,"matdo_km2":24.58,"ma_tinh":"42","ten_tinh":"Hà Tĩnh"}},
{"type":"Feature","geometry":{"type":"Polygon","coordinates":[[[105.3547,18.5097],[105.3508,18.5124],[105.3493,18.5113],[105.3459,18.515],[105.343,18.5148],[105.3353,18.5054],[105.3346,18.5032],[105.3291,18.5036],[105.3275,18.5046],[105.325,18.5099],[105.3229,18.5123],[105.3206,18.5128],[105.3184,18.5159],[105.3142,18.515],[105.3089,18.5121],[105.2988,18.5091],[105.2958,18.5094],[105.2909,18.5079],[105.285,18.51],[105.2819,18.5129],[105.2753,18.5137],[105.2735,18.5171],[105.2705,18.5204],[105.2633,18.5199],[105.2603,18.5208],[105.258,18.5239],[105.2549,18.5228],[105.2533,18.5239],[105.2518,18.529],[105.2422,18.5299],[105.2402,18.528],[105.2336,18.5295],[105.2323,18.533],[105.2296,18.5358],[105.2217,18.5337],[105.2172,18.5291],[105.213,18.5275],[105.2076,18.5277],[105.2029,18.5269],[105.1985,18.527],[105.1996,18.5248],[105.1997,18.5209],[105.2023,18.5175],[105.2097,18.511],[105.2094,18.5075],[105.2142,18.5021],[105.2178,18.5006],[105.2199,18.4967],[105.227,18.4897],[105.2353,18.4887],[105.2399,18.4853],[105.2443,18.4829],[105.2468,18.4832],[105.254,18.4869],[105.2573,18.4858],[105.2624,18.4857],[105.2663,18.4833],[105.2687,18.4833],[105.2725,18.485],[105.2775,18.4819],[105.2812,18.4809],[105.2859,18.4784],[105.2882,18.4787],[105.294,18.4732],[105.2943,18.4717],[105.2925,18.4653],[105.2896,18.4643],[105.2894,18.4564],[105.2918,18.4547],[105.29,18.452],[105.2928,18.4522],[105.2977,18.45],[105.2999,18.4467],[105.306,18.448],[105.3088,18.4454],[105.3112,18.4467],[105.3148,18.4468],[105.3158,18.4453],[105.322,18.4477],[105.3242,18.4536],[105.3262,18.456],[105.3279,18.4601],[105.3294,18.4616],[105.3332,18.4627],[105.3362,18.458],[105.3414,18.4535],[105.3428,18.4508],[105.3458,18.4484],[105.3469,18.445],[105.3453,18.4416],[105.3451,18.436],[105.3443,18.4349],[105.3456,18.431],[105.3459,18.4255],[105.344,18.4217],[105.3409,18.4186],[105.3375,18.4174],[105.3344,18.4113],[105.3322,18.4094],[105.331,18.4066],[105.332,18.3993],[105.3342,18.3972],[105.3356,18.3933],[105.3377,18.3912],[105.3382,18.3885],[105.3415,18.3851],[105.3451,18.3823],[105.3502,18.3795],[105.3541,18.3789],[105.3592,18.3748],[105.3601,18.3718],[105.3675,18.3708],[105.3714,18.3695],[105.3748,18.3711],[105.3815,18.3729],[105.3853,18.3732],[105.3869,18.3762],[105.3867,18.3799],[105.3894,18.3854],[105.3888,18.3889],[105.3935,18.396],[105.3954,18.4024],[105.3934,18.4034],[105.3887,18.408],[105.3803,18.4113],[105.3774,18.4153],[105.3797,18.418],[105.3785,18.4212],[105.3786,18.4248],[105.3801,18.4258],[105.3822,18.4304],[105.3854,18.4316],[105.3917,18.4388],[105.3924,18.4462],[105.3934,18.4486],[105.3911,18.4552],[105.3859,18.4588],[105.3795,18.4607],[105.3764,18.4625],[105.371,18.4682],[105.3708,18.4733],[105.3674,18.4735],[105.363,18.4713],[105.3573,18.4699],[105.3521,18.4748],[105.3512,18.4809],[105.3544,18.4884],[105.3538,18.4902],[105.3545,18.4945],[105.3577,18.4961],[105.3592,18.4983],[105.3598,18.5015],[105.3615,18.5025],[105.3605,18.5066],[105.3555,18.5086],[105.3547,18.5097]]]},"properties":{"ma_xa":"18172","ten_xa":"Sơn Tây","sap_nhap":"Tây Sơn (thị trấn), Sơn Tây","tru_so":"đang cập nhật","loai":"Xã","cap":2,"stt":52,"dtich_km2":129.21,"dan_so":14755,"matdo_km2":114.19,"ma_tinh":"42","ten_tinh":"Hà Tĩnh"}},
{"type":"Feature","geometry":{"type":"Polygon","coordinates":[[[105.5016,18.6112],[105.4931,18.6104],[105.487,18.6125],[105.4799,18.6139],[105.4777,18.6125],[105.4773,18.6098],[105.4745,18.6074],[105.4678,18.6077],[105.4609,18.6058],[105.4575,18.6041],[105.4525,18.6031],[105.4511,18.6016],[105.4473,18.6017],[105.4406,18.5981],[105.4367,18.5966],[105.4349,18.5949],[105.433,18.5883],[105.4281,18.5873],[105.4231,18.5887],[105.4205,18.5874],[105.4189,18.5909],[105.4105,18.587],[105.4085,18.5845],[105.4067,18.5866],[105.4023,18.5842],[105.3985,18.5833],[105.3976,18.5799],[105.4038,18.5714],[105.4109,18.5679],[105.415,18.5634],[105.4199,18.5603],[105.4216,18.5584],[105.4203,18.5524],[105.4189,18.5492],[105.4199,18.5467],[105.4256,18.5432],[105.4286,18.5397],[105.4312,18.5408],[105.4349,18.5386],[105.4392,18.5397],[105.4423,18.5378],[105.4471,18.5336],[105.4517,18.5326],[105.4539,18.535],[105.4618,18.5346],[105.4646,18.5376],[105.4673,18.5418],[105.4731,18.5426],[105.4753,18.5407],[105.4803,18.5382],[105.49,18.5368],[105.4971,18.5388],[105.4995,18.5406],[105.4993,18.5445],[105.5024,18.5443],[105.5084,18.5395],[105.5123,18.5443],[105.518,18.5451],[105.5216,18.5445],[105.523,18.5454],[105.5211,18.5503],[105.5216,18.5521],[105.5264,18.5578],[105.5309,18.561],[105.5305,18.5671],[105.5273,18.5721],[105.5266,18.576],[105.5234,18.578],[105.5184,18.5837],[105.5176,18.5869],[105.5187,18.5955],[105.5177,18.5973],[105.5131,18.5999],[105.5106,18.603],[105.5089,18.6031],[105.5063,18.6085],[105.5016,18.6112]]]},"properties":{"ma_xa":"18163","ten_xa":"Sơn Tiến","sap_nhap":"Sơn Lễ, An Hòa Thịnh, Sơn Tiến","tru_so":"đang cập nhật","loai":"Xã","cap":2,"stt":55,"dtich_km2":80.97,"dan_so":20935,"matdo_km2":258.55,"ma_tinh":"42","ten_tinh":"Hà Tĩnh"}},
{"type":"Feature","geometry":{"type":"Polygon","coordinates":[[[106.3571,18.0911],[106.3531,18.0891],[106.3504,18.0862],[106.3499,18.0835],[106.3409,18.0801],[106.3374,18.0784],[106.3367,18.0812],[106.3377,18.0828],[106.3307,18.086],[106.3247,18.0838],[106.3177,18.0857],[106.3171,18.0894],[106.3152,18.0916],[106.3112,18.0875],[106.3056,18.0862],[106.3015,18.0887],[106.3017,18.092],[106.2996,18.0937],[106.2958,18.0936],[106.2922,18.092],[106.2913,18.0901],[106.2873,18.0874],[106.286,18.0876],[106.2855,18.0847],[106.2871,18.0827],[106.2841,18.0786],[106.2844,18.0757],[106.2903,18.0709],[106.292,18.0621],[106.2878,18.0587],[106.2896,18.0564],[106.2895,18.0507],[106.2873,18.0483],[106.2871,18.0437],[106.2854,18.0399],[106.2874,18.0351],[106.2875,18.0312],[106.2923,18.0316],[106.2927,18.0293],[106.2965,18.0267],[106.2954,18.0242],[106.2956,18.0179],[106.2993,18.0158],[106.2976,18.0066],[106.2953,17.999],[106.2953,17.9958],[106.3002,17.9983],[106.3033,17.9984],[106.3088,17.9968],[106.3199,17.9989],[106.3215,17.9986],[106.3297,17.995],[106.3333,17.9928],[106.3379,17.9911],[106.3418,17.9917],[106.3424,17.9953],[106.3443,18.0003],[106.3475,18.0064],[106.3491,18.0112],[106.3507,18.0131],[106.3509,18.0171],[106.3526,18.0181],[106.3547,18.0278],[106.3551,18.0365],[106.3573,18.0401],[106.3549,18.0433],[106.3567,18.0496],[106.361,18.0602],[106.364,18.0646],[106.3662,18.0664],[106.3666,18.0688],[106.3643,18.0714],[106.3673,18.0749],[106.3665,18.0792],[106.3704,18.0828],[106.3761,18.0899],[106.3571,18.0911]]]},"properties":{"ma_xa":"18754","ten_xa":"Sông Trí","sap_nhap":"Hưng Trí, Kỳ Trinh, Kỳ Châu","tru_so":"đang cập nhật","loai":"Phường","cap":2,"stt":1,"dtich_km2":69.9,"dan_so":37314,"matdo_km2":533.82,"ma_tinh":"42","ten_tinh":"Hà Tĩnh"}},
{"type":"Feature","geometry":{"type":"Polygon","coordinates":[[[105.8726,18.4068],[105.865,18.4087],[105.8634,18.4107],[105.8644,18.4132],[105.8679,18.4167],[105.8686,18.4188],[105.8675,18.4225],[105.8641,18.4235],[105.8602,18.4231],[105.8571,18.4245],[105.856,18.4322],[105.8542,18.4331],[105.8473,18.4324],[105.8433,18.4306],[105.8416,18.4282],[105.844,18.4258],[105.8459,18.4258],[105.8486,18.4212],[105.8484,18.4176],[105.8469,18.4157],[105.8433,18.4155],[105.8419,18.4179],[105.8385,18.4176],[105.8363,18.4138],[105.8343,18.4134],[105.8358,18.4091],[105.8348,18.4065],[105.8402,18.4074],[105.8398,18.405],[105.8369,18.4034],[105.8399,18.4036],[105.842,18.405],[105.8427,18.4013],[105.8415,18.3923],[105.8428,18.3897],[105.8395,18.389],[105.8375,18.3905],[105.8351,18.3879],[105.8364,18.3864],[105.8377,18.3774],[105.8238,18.3763],[105.8239,18.373],[105.8267,18.3727],[105.8265,18.3683],[105.8249,18.3648],[105.8268,18.3633],[105.8295,18.3634],[105.8309,18.3614],[105.8294,18.3587],[105.8302,18.3562],[105.8324,18.3542],[105.8383,18.355],[105.8412,18.357],[105.8411,18.3592],[105.8443,18.3603],[105.8453,18.3589],[105.852,18.359],[105.8533,18.3565],[105.8531,18.3508],[105.8519,18.3474],[105.8519,18.3441],[105.8576,18.3438],[105.8603,18.3422],[105.863,18.3434],[105.8668,18.3478],[105.8679,18.3514],[105.8717,18.3528],[105.8702,18.3551],[105.87,18.3581],[105.8677,18.3625],[105.8686,18.366],[105.8664,18.366],[105.8654,18.3686],[105.8698,18.3731],[105.873,18.374],[105.8762,18.3776],[105.8754,18.3792],[105.8713,18.38],[105.8706,18.3845],[105.8721,18.3878],[105.8757,18.3901],[105.8762,18.3918],[105.8808,18.3984],[105.8779,18.403],[105.8726,18.4068]]]},"properties":{"ma_xa":"18562","ten_xa":"Thạch Hà","sap_nhap":"Thạch Hà (thị trấn), Thạch Long, Thạch Sơn","tru_so":"đang cập nhật","loai":"Xã","cap":2,"stt":26,"dtich_km2":31.18,"dan_so":31220,"matdo_km2":1001.28,"ma_tinh":"42","ten_tinh":"Hà Tĩnh"}},
{"type":"Feature","geometry":{"type":"Polygon","coordinates":[[[105.9826,18.3969],[105.981,18.3995],[105.9727,18.4101],[105.9644,18.4214],[105.9533,18.4383],[105.9444,18.453],[105.9403,18.4603],[105.9391,18.4633],[105.94,18.4665],[105.9431,18.4676],[105.9436,18.4696],[105.942,18.472],[105.9387,18.4695],[105.9331,18.4616],[105.9289,18.4516],[105.9255,18.4472],[105.9241,18.4492],[105.921,18.4468],[105.9153,18.4468],[105.9126,18.4448],[105.9111,18.4428],[105.9105,18.4392],[105.9151,18.429],[105.9193,18.4234],[105.9201,18.4212],[105.9188,18.4164],[105.9171,18.4139],[105.913,18.4109],[105.9074,18.4065],[105.9027,18.4011],[105.9052,18.3964],[105.9078,18.3939],[105.9112,18.394],[105.9163,18.397],[105.9204,18.3965],[105.9263,18.3923],[105.9308,18.3903],[105.9315,18.3849],[105.9295,18.3781],[105.9298,18.374],[105.9318,18.3707],[105.9351,18.3672],[105.9389,18.3693],[105.9389,18.3726],[105.9428,18.3734],[105.9468,18.3712],[105.9502,18.3726],[105.9578,18.374],[105.962,18.3753],[105.964,18.3782],[105.9636,18.3799],[105.9668,18.3818],[105.9717,18.3892],[105.9806,18.3965],[105.9826,18.3969]]]},"properties":{"ma_xa":"18604","ten_xa":"Thạch Khê","sap_nhap":"Đỉnh Bàn, Thạch Hải, Thạch Khê","tru_so":"đang cập nhật","loai":"Xã","cap":2,"stt":24,"dtich_km2":46.32,"dan_so":17528,"matdo_km2":378.41,"ma_tinh":"42","ten_tinh":"Hà Tĩnh"}},
{"type":"Feature","geometry":{"type":"Polygon","coordinates":[[[105.9933,18.3837],[105.9826,18.3969],[105.9806,18.3965],[105.9717,18.3892],[105.9668,18.3818],[105.9636,18.3799],[105.964,18.3782],[105.962,18.3753],[105.9578,18.374],[105.9502,18.3726],[105.9468,18.3712],[105.9428,18.3734],[105.9389,18.3726],[105.9389,18.3693],[105.9351,18.3672],[105.9333,18.3624],[105.9309,18.3602],[105.9368,18.3567],[105.9388,18.3531],[105.9361,18.351],[105.9304,18.3515],[105.9267,18.3545],[105.9244,18.3534],[105.924,18.3501],[105.9257,18.3457],[105.9207,18.3444],[105.9193,18.3431],[105.9196,18.3405],[105.9236,18.3349],[105.9259,18.3352],[105.9286,18.3375],[105.9337,18.3352],[105.9323,18.3295],[105.9362,18.3278],[105.9399,18.3262],[105.9432,18.3263],[105.9412,18.3205],[105.9441,18.3161],[105.9489,18.3158],[105.952,18.3173],[105.9522,18.3189],[105.9572,18.3201],[105.9583,18.317],[105.9696,18.3167],[105.968,18.3206],[105.9711,18.3244],[105.9726,18.3297],[105.9709,18.3358],[105.9677,18.3416],[105.9682,18.3449],[105.965,18.3498],[105.9651,18.3555],[105.9625,18.3636],[105.9648,18.3673],[105.9695,18.3708],[105.9697,18.3743],[105.9746,18.3786],[105.9849,18.3804],[105.9857,18.3797],[105.9933,18.3837]]]},"properties":{"ma_xa":"18628","ten_xa":"Thạch Lạc","sap_nhap":"Tượng Sơn, Thạch Thắng, Thạch Lạc","tru_so":"đang cập nhật","loai":"Xã","cap":2,"stt":22,"dtich_km2":27.6,"dan_so":17682,"matdo_km2":640.65,"ma_tinh":"42","ten_tinh":"Hà Tĩnh"}},
{"type":"Feature","geometry":{"type":"Polygon","coordinates":[[[105.9131,18.2754],[105.9099,18.2745],[105.9057,18.2764],[105.9046,18.2816],[105.9012,18.2826],[105.9008,18.2798],[105.898,18.281],[105.8971,18.279],[105.8941,18.2802],[105.8897,18.2785],[105.8847,18.2783],[105.8823,18.2774],[105.8787,18.2737],[105.8641,18.2807],[105.8659,18.283],[105.8678,18.282],[105.8706,18.2862],[105.8795,18.296],[105.8784,18.2994],[105.8752,18.2989],[105.8717,18.3013],[105.8712,18.304],[105.8666,18.3063],[105.8644,18.3095],[105.8647,18.3118],[105.8627,18.3134],[105.8592,18.3107],[105.8549,18.3089],[105.8542,18.307],[105.8496,18.3056],[105.8421,18.3052],[105.8401,18.306],[105.8367,18.3055],[105.8349,18.3071],[105.8323,18.3043],[105.827,18.3021],[105.8233,18.2997],[105.8204,18.2954],[105.8194,18.2902],[105.8161,18.2883],[105.8141,18.2855],[105.8115,18.2873],[105.8089,18.2858],[105.8052,18.2792],[105.8025,18.2792],[105.8039,18.2768],[105.8073,18.2753],[105.809,18.2726],[105.8133,18.2703],[105.8155,18.267],[105.8199,18.2661],[105.823,18.2628],[105.8249,18.2625],[105.829,18.2589],[105.8295,18.2565],[105.8358,18.2576],[105.839,18.255],[105.8401,18.2528],[105.8366,18.246],[105.8371,18.2426],[105.8336,18.2392],[105.8324,18.2364],[105.8334,18.2344],[105.8362,18.2337],[105.8398,18.2308],[105.8385,18.224],[105.8418,18.2207],[105.846,18.22],[105.8541,18.2141],[105.8556,18.2141],[105.8611,18.2087],[105.8619,18.2059],[105.8666,18.1998],[105.8695,18.194],[105.8667,18.1872],[105.8626,18.1796],[105.8593,18.1712],[105.8626,18.1756],[105.8682,18.1776],[105.8721,18.1815],[105.878,18.1835],[105.8821,18.1859],[105.8808,18.1902],[105.8806,18.198],[105.8767,18.2027],[105.8758,18.2066],[105.8779,18.2177],[105.8805,18.2187],[105.8824,18.222],[105.8851,18.2212],[105.8862,18.2231],[105.8901,18.2233],[105.8912,18.2265],[105.8909,18.2313],[105.8931,18.2326],[105.8898,18.2407],[105.8884,18.2427],[105.8975,18.251],[105.8996,18.254],[105.8987,18.2562],[105.9044,18.2606],[105.9079,18.2609],[105.9087,18.2625],[105.9122,18.2597],[105.9196,18.2675],[105.914,18.2721],[105.9131,18.2754]]]},"properties":{"ma_xa":"18667","ten_xa":"Thạch Xuân","sap_nhap":"Nam Điền, Thạch Xuân","tru_so":"đang cập nhật","loai":"Xã","cap":2,"stt":30,"dtich_km2":72.53,"dan_so":16015,"matdo_km2":220.81,"ma_tinh":"42","ten_tinh":"Hà Tĩnh"}},
{"type":"Feature","geometry":{"type":"Polygon","coordinates":[[[105.9362,18.3278],[105.9323,18.3295],[105.9337,18.3352],[105.9286,18.3375],[105.9259,18.3352],[105.9236,18.3349],[105.9196,18.3405],[105.9193,18.3431],[105.9207,18.3444],[105.9257,18.3457],[105.924,18.3501],[105.9244,18.3534],[105.9267,18.3545],[105.9304,18.3515],[105.9361,18.351],[105.9388,18.3531],[105.9368,18.3567],[105.9309,18.3602],[105.9333,18.3624],[105.9351,18.3672],[105.9318,18.3707],[105.9301,18.3674],[105.9248,18.3668],[105.9249,18.3639],[105.9117,18.3652],[105.9104,18.3639],[105.9057,18.3679],[105.9047,18.3701],[105.9017,18.3698],[105.8971,18.3647],[105.8983,18.3604],[105.8899,18.3627],[105.8885,18.3596],[105.888,18.3552],[105.8857,18.3524],[105.8818,18.3525],[105.8762,18.3536],[105.8742,18.3565],[105.87,18.3581],[105.8702,18.3551],[105.8717,18.3528],[105.8679,18.3514],[105.8668,18.3478],[105.863,18.3434],[105.8603,18.3422],[105.8615,18.3384],[105.8651,18.3377],[105.8641,18.3354],[105.8662,18.3342],[105.8715,18.3277],[105.873,18.3269],[105.8768,18.3288],[105.8818,18.3279],[105.8855,18.3294],[105.8921,18.3276],[105.8975,18.3252],[105.8981,18.3235],[105.9049,18.3222],[105.9061,18.3207],[105.9073,18.3157],[105.9055,18.3157],[105.9058,18.3114],[105.9048,18.3081],[105.9076,18.3097],[105.9159,18.3093],[105.9177,18.3098],[105.9185,18.3131],[105.913,18.3177],[105.9128,18.3198],[105.9202,18.32],[105.9289,18.3167],[105.9312,18.3215],[105.9342,18.3233],[105.9362,18.3278]]]},"properties":{"ma_xa":"18073","ten_xa":"Thành Sen","sap_nhap":"Bắc Hà, Thạch Quý, Tân Giang, Thạch Hưng, Nam Hà, Trần Phú, Hà Huy Tập, Văn Yên, Đại Nài (1 phần)","tru_so":"đang cập nhật","loai":"Phường","cap":2,"stt":19,"dtich_km2":28.23,"dan_so":90983,"matdo_km2":3222.92,"ma_tinh":"42","ten_tinh":"Hà Tĩnh"}},
{"type":"Feature","geometry":{"type":"Polygon","coordinates":[[[106.0784,18.2933],[106.0725,18.288],[106.0717,18.2882],[106.064,18.2798],[106.0607,18.2724],[106.0597,18.2717],[106.0499,18.2805],[106.0457,18.281],[106.0335,18.2921],[106.0316,18.2909],[106.0256,18.2979],[106.0146,18.2885],[106.0177,18.2844],[106.0183,18.2819],[106.0166,18.2787],[106.0128,18.2756],[106.0096,18.275],[106.0085,18.2724],[106.0151,18.2672],[106.0158,18.2627],[106.0144,18.2623],[106.0143,18.2572],[106.0151,18.2517],[106.016,18.2504],[106.0148,18.2468],[106.0178,18.244],[106.021,18.2465],[106.0224,18.2502],[106.0243,18.2495],[106.0266,18.2462],[106.0279,18.2478],[106.0258,18.2499],[106.0267,18.2539],[106.0318,18.2555],[106.0331,18.2517],[106.0367,18.2471],[106.0403,18.2483],[106.0442,18.2472],[106.0444,18.2516],[106.0462,18.2517],[106.0488,18.2495],[106.052,18.2492],[106.0515,18.2467],[106.0547,18.2425],[106.0578,18.2436],[106.0634,18.2406],[106.0661,18.2409],[106.0697,18.2476],[106.0751,18.2468],[106.0811,18.2489],[106.0847,18.2491],[106.0877,18.248],[106.092,18.2474],[106.0939,18.249],[106.0929,18.2577],[106.0937,18.2595],[106.0975,18.2585],[106.1033,18.2595],[106.1065,18.2594],[106.11,18.2603],[106.113,18.2596],[106.1175,18.2608],[106.1183,18.2623],[106.1144,18.2638],[106.1154,18.2672],[106.1123,18.271],[106.1037,18.2737],[106.0955,18.2791],[106.0928,18.282],[106.0898,18.2834],[106.0784,18.2933]]]},"properties":{"ma_xa":"18676","ten_xa":"Thiên Cầm","sap_nhap":"Thiên Cầm (thị trấn), Nam Phúc Thăng, Cẩm Nhượng","tru_so":"đang cập nhật","loai":"Xã","cap":2,"stt":13,"dtich_km2":40.55,"dan_so":32998,"matdo_km2":813.76,"ma_tinh":"42","ten_tinh":"Hà Tĩnh"}},
{"type":"Feature","geometry":{"type":"Polygon","coordinates":[[[105.6367,18.3933],[105.6311,18.397],[105.6286,18.3971],[105.6243,18.3996],[105.6219,18.4021],[105.6183,18.4035],[105.6152,18.4058],[105.6111,18.4069],[105.6051,18.4097],[105.5988,18.4161],[105.5968,18.4133],[105.598,18.4103],[105.5966,18.4069],[105.5916,18.4057],[105.5862,18.4087],[105.5811,18.4136],[105.5796,18.4159],[105.575,18.4191],[105.5712,18.4232],[105.57,18.4255],[105.5635,18.4286],[105.5608,18.428],[105.558,18.4296],[105.5547,18.4288],[105.5527,18.4255],[105.5474,18.4261],[105.5443,18.4252],[105.5439,18.4235],[105.5405,18.4228],[105.5404,18.4207],[105.537,18.4206],[105.5363,18.4186],[105.527,18.4153],[105.5245,18.4125],[105.522,18.4119],[105.5185,18.4064],[105.5154,18.4062],[105.5123,18.4034],[105.5165,18.404],[105.5179,18.4017],[105.5174,18.3997],[105.519,18.3962],[105.5244,18.3945],[105.5226,18.3906],[105.5199,18.3895],[105.5211,18.3854],[105.5245,18.3846],[105.5269,18.382],[105.5305,18.38],[105.5347,18.38],[105.5379,18.3764],[105.546,18.373],[105.5489,18.3743],[105.5534,18.374],[105.561,18.3696],[105.5621,18.3678],[105.5674,18.3645],[105.5745,18.3624],[105.5807,18.362],[105.5853,18.3625],[105.5874,18.3617],[105.5928,18.3664],[105.597,18.3661],[105.6003,18.3704],[105.6066,18.3697],[105.6089,18.3679],[105.6099,18.3643],[105.6121,18.3624],[105.6156,18.3624],[105.6197,18.3679],[105.625,18.3763],[105.6251,18.3819],[105.6291,18.3835],[105.6335,18.3865],[105.6367,18.3933]]]},"properties":{"ma_xa":"18328","ten_xa":"Thượng Đức","sap_nhap":"Đức Bồng, Đức Hương, Đức Liên","tru_so":"đang cập nhật","loai":"Xã","cap":2,"stt":60,"dtich_km2":58.32,"dan_so":10015,"matdo_km2":171.72,"ma_tinh":"42","ten_tinh":"Hà Tĩnh"}},
{"type":"Feature","geometry":{"type":"Polygon","coordinates":[[[105.7989,18.67],[105.7941,18.6691],[105.7829,18.6697],[105.7751,18.6687],[105.7742,18.6704],[105.7704,18.6701],[105.7648,18.6733],[105.7624,18.6714],[105.754,18.6686],[105.7507,18.6682],[105.7537,18.6589],[105.7589,18.6602],[105.7589,18.6564],[105.7622,18.6574],[105.7664,18.6459],[105.7679,18.6453],[105.7697,18.6416],[105.7625,18.639],[105.7609,18.6412],[105.7577,18.6389],[105.7613,18.6285],[105.7637,18.6256],[105.7639,18.6183],[105.7621,18.6136],[105.7601,18.6112],[105.7621,18.6069],[105.7683,18.6019],[105.7775,18.6039],[105.7799,18.6051],[105.7821,18.6118],[105.7878,18.6056],[105.7904,18.6073],[105.7895,18.6103],[105.7927,18.6123],[105.7909,18.6175],[105.7944,18.6176],[105.7983,18.6188],[105.7982,18.6211],[105.8132,18.6288],[105.8112,18.6333],[105.8037,18.6545],[105.7989,18.67]]]},"properties":{"ma_xa":"18373","ten_xa":"Tiên Điền","sap_nhap":"Tiên Điền (thị trấn), Xuân Yên, Xuân Mỹ, Xuân Thành","tru_so":"đang cập nhật","loai":"Xã","cap":2,"stt":42,"dtich_km2":31.6,"dan_so":24833,"matdo_km2":785.85,"ma_tinh":"42","ten_tinh":"Hà Tĩnh"}},
{"type":"Feature","geometry":{"type":"Polygon","coordinates":[[[105.8576,18.3438],[105.8519,18.3441],[105.8519,18.3474],[105.8531,18.3508],[105.8533,18.3565],[105.852,18.359],[105.8453,18.3589],[105.8443,18.3603],[105.8411,18.3592],[105.8412,18.357],[105.8383,18.355],[105.8324,18.3542],[105.8302,18.3562],[105.8215,18.353],[105.82,18.3532],[105.8159,18.3508],[105.814,18.3487],[105.8048,18.3439],[105.8012,18.346],[105.7977,18.3433],[105.7933,18.3433],[105.792,18.3468],[105.7873,18.3453],[105.7896,18.3404],[105.7877,18.3329],[105.7858,18.3357],[105.7868,18.3374],[105.7853,18.3395],[105.7815,18.3394],[105.7796,18.3422],[105.7746,18.3451],[105.7721,18.3477],[105.7718,18.3499],[105.7684,18.3538],[105.763,18.3569],[105.7607,18.3546],[105.7571,18.3547],[105.7552,18.3528],[105.7525,18.3446],[105.7552,18.3401],[105.7534,18.3341],[105.7536,18.3268],[105.7518,18.3216],[105.7503,18.3209],[105.7541,18.3194],[105.7571,18.3169],[105.7607,18.3157],[105.761,18.314],[105.759,18.308],[105.756,18.3062],[105.7544,18.3017],[105.7511,18.2975],[105.7563,18.294],[105.7602,18.2942],[105.7608,18.2961],[105.7669,18.2992],[105.7713,18.2969],[105.7765,18.2977],[105.7784,18.2969],[105.7825,18.2995],[105.7905,18.2975],[105.7925,18.2924],[105.7949,18.292],[105.7961,18.2881],[105.795,18.2858],[105.8001,18.2798],[105.8025,18.2792],[105.8052,18.2792],[105.8089,18.2858],[105.8115,18.2873],[105.8141,18.2855],[105.8161,18.2883],[105.8194,18.2902],[105.8204,18.2954],[105.8233,18.2997],[105.827,18.3021],[105.8323,18.3043],[105.8349,18.3071],[105.8394,18.3118],[105.8434,18.3187],[105.8505,18.3231],[105.8514,18.3265],[105.851,18.3323],[105.8544,18.3319],[105.8564,18.3359],[105.8554,18.3372],[105.857,18.3402],[105.8576,18.3438]]]},"properties":{"ma_xa":"18634","ten_xa":"Toàn Lưu","sap_nhap":"Ngọc Sơn, Lưu Vĩnh Sơn","tru_so":"đang cập nhật","loai":"Xã","cap":2,"stt":27,"dtich_km2":60.65,"dan_so":18784,"matdo_km2":309.71,"ma_tinh":"42","ten_tinh":"Hà Tĩnh"}},
{"type":"Feature","geometry":{"type":"Polygon","coordinates":[[[105.913,18.4109],[105.9094,18.4155],[105.9067,18.417],[105.9049,18.415],[105.8963,18.4175],[105.8919,18.4169],[105.8828,18.4113],[105.8739,18.4079],[105.8726,18.4068],[105.8779,18.403],[105.8808,18.3984],[105.8762,18.3918],[105.8757,18.3901],[105.8721,18.3878],[105.8706,18.3845],[105.8713,18.38],[105.8754,18.3792],[105.8762,18.3776],[105.873,18.374],[105.8698,18.3731],[105.8654,18.3686],[105.8664,18.366],[105.8686,18.366],[105.8677,18.3625],[105.87,18.3581],[105.8742,18.3565],[105.8762,18.3536],[105.8818,18.3525],[105.8857,18.3524],[105.888,18.3552],[105.8885,18.3596],[105.8899,18.3627],[105.8983,18.3604],[105.8971,18.3647],[105.9017,18.3698],[105.9047,18.3701],[105.9057,18.3679],[105.9104,18.3639],[105.9117,18.3652],[105.9249,18.3639],[105.9248,18.3668],[105.9301,18.3674],[105.9318,18.3707],[105.9298,18.374],[105.9295,18.3781],[105.9315,18.3849],[105.9308,18.3903],[105.9263,18.3923],[105.9204,18.3965],[105.9163,18.397],[105.9112,18.394],[105.9078,18.3939],[105.9052,18.3964],[105.9027,18.4011],[105.9074,18.4065],[105.913,18.4109]]]},"properties":{"ma_xa":"18100","ten_xa":"Trần Phú","sap_nhap":"Thạch Trung, Đồng Môn, Thạch Hạ, Hộ Độ","tru_so":"đang cập nhật","loai":"Phường","cap":2,"stt":20,"dtich_km2":29.5,"dan_so":38404,"matdo_km2":1301.83,"ma_tinh":"42","ten_tinh":"Hà Tĩnh"}},
{"type":"Feature","geometry":{"type":"Polygon","coordinates":[[[105.7002,18.4879],[105.6979,18.4875],[105.6936,18.4891],[105.6903,18.497],[105.6806,18.4961],[105.6823,18.502],[105.6823,18.5056],[105.6793,18.5063],[105.68,18.5116],[105.6767,18.5121],[105.6768,18.5138],[105.6745,18.5124],[105.6715,18.5074],[105.6688,18.5048],[105.6665,18.4974],[105.6672,18.4953],[105.6634,18.4946],[105.6612,18.4924],[105.662,18.4886],[105.6605,18.4863],[105.6622,18.4847],[105.6615,18.4812],[105.6596,18.4801],[105.6565,18.4807],[105.655,18.4828],[105.6485,18.4818],[105.6441,18.4789],[105.6455,18.4778],[105.6443,18.4747],[105.6464,18.4719],[105.6447,18.4666],[105.6463,18.4658],[105.6456,18.46],[105.6377,18.4594],[105.6375,18.4533],[105.6347,18.4515],[105.6353,18.4468],[105.6346,18.4411],[105.6372,18.4355],[105.6361,18.4303],[105.6369,18.4282],[105.636,18.4237],[105.6326,18.4177],[105.6354,18.4168],[105.6367,18.4141],[105.639,18.4142],[105.6413,18.4125],[105.6402,18.4042],[105.6382,18.3968],[105.6367,18.3933],[105.6416,18.3912],[105.6469,18.3879],[105.6593,18.41],[105.6612,18.4126],[105.6656,18.4135],[105.6713,18.4112],[105.6732,18.4123],[105.6795,18.4236],[105.6809,18.4287],[105.6792,18.4321],[105.6855,18.4432],[105.6843,18.4452],[105.6865,18.4473],[105.6855,18.4508],[105.6956,18.4532],[105.6949,18.4578],[105.6928,18.4604],[105.6933,18.4643],[105.6926,18.4673],[105.6965,18.4703],[105.6953,18.4722],[105.6987,18.4738],[105.7014,18.4789],[105.6982,18.4848],[105.7002,18.4879]]]},"properties":{"ma_xa":"18436","ten_xa":"Trường Lưu","sap_nhap":"Kim Song Trường, Thường Nga, Phú Lộc","tru_so":"đang cập nhật","loai":"Xã","cap":2,"stt":37,"dtich_km2":49.92,"dan_so":23569,"matdo_km2":472.14,"ma_tinh":"42","ten_tinh":"Hà Tĩnh"}},
{"type":"Feature","geometry":{"type":"Polygon","coordinates":[[[105.5462,18.5521],[105.5416,18.5547],[105.5383,18.5587],[105.5309,18.561],[105.5264,18.5578],[105.5216,18.5521],[105.5211,18.5503],[105.523,18.5454],[105.5216,18.5445],[105.518,18.5451],[105.5123,18.5443],[105.5084,18.5395],[105.5068,18.5384],[105.4997,18.5369],[105.4964,18.5326],[105.4936,18.5304],[105.4912,18.5267],[105.49,18.523],[105.4896,18.517],[105.4876,18.5162],[105.4851,18.5176],[105.483,18.5163],[105.4837,18.512],[105.4828,18.5095],[105.4848,18.5067],[105.4894,18.5048],[105.4917,18.5062],[105.4963,18.505],[105.4999,18.5025],[105.5004,18.4997],[105.5037,18.4983],[105.5052,18.495],[105.5076,18.4925],[105.511,18.4914],[105.5123,18.4867],[105.5145,18.4862],[105.5194,18.487],[105.5227,18.481],[105.5275,18.4844],[105.5296,18.4837],[105.5333,18.4886],[105.5376,18.4898],[105.5425,18.4937],[105.5384,18.4964],[105.5406,18.499],[105.5469,18.5022],[105.5495,18.5068],[105.5533,18.5117],[105.5534,18.5233],[105.554,18.5262],[105.5512,18.5262],[105.5499,18.5283],[105.5483,18.535],[105.5497,18.541],[105.5515,18.5429],[105.5504,18.5466],[105.5484,18.55],[105.5462,18.5521]]]},"properties":{"ma_xa":"18202","ten_xa":"Tứ Mỹ","sap_nhap":"Châu Bình, Tân Mỹ Hà, Mỹ Long","tru_so":"đang cập nhật","loai":"Xã","cap":2,"stt":53,"dtich_km2":38.68,"dan_so":20069,"matdo_km2":518.85,"ma_tinh":"42","ten_tinh":"Hà Tĩnh"}},
{"type":"Feature","geometry":{"type":"Polygon","coordinates":[[[105.8261,18.4623],[105.8222,18.467],[105.8237,18.4697],[105.8274,18.4707],[105.8268,18.4735],[105.8245,18.478],[105.8194,18.4796],[105.8187,18.4823],[105.8162,18.4811],[105.8148,18.4829],[105.8115,18.4825],[105.8119,18.4872],[105.8116,18.4939],[105.8143,18.5002],[105.8153,18.5138],[105.8168,18.5283],[105.8147,18.5345],[105.8154,18.539],[105.8149,18.5417],[105.808,18.5473],[105.7903,18.5465],[105.7893,18.5382],[105.7917,18.5364],[105.7885,18.53],[105.7847,18.5276],[105.7833,18.5225],[105.785,18.5205],[105.7884,18.5129],[105.7878,18.5072],[105.7899,18.5044],[105.7896,18.5004],[105.7867,18.4961],[105.7866,18.4888],[105.7852,18.4886],[105.7851,18.4817],[105.7835,18.4811],[105.7837,18.4738],[105.7866,18.4731],[105.7878,18.4713],[105.7875,18.4659],[105.7844,18.4634],[105.7864,18.4596],[105.7888,18.4577],[105.7935,18.4595],[105.7948,18.4585],[105.7939,18.4555],[105.791,18.4532],[105.7957,18.4509],[105.7935,18.4483],[105.7941,18.4458],[105.7981,18.4422],[105.8005,18.4429],[105.8012,18.447],[105.8025,18.4478],[105.8063,18.4446],[105.8101,18.445],[105.8131,18.4423],[105.812,18.4408],[105.8078,18.4408],[105.807,18.4376],[105.81,18.4372],[105.8159,18.4381],[105.8236,18.4369],[105.8282,18.4413],[105.829,18.4437],[105.8319,18.4471],[105.8294,18.4483],[105.829,18.4507],[105.8303,18.4537],[105.8277,18.4537],[105.8235,18.452],[105.8205,18.4537],[105.8208,18.4572],[105.8225,18.4616],[105.8261,18.4623]]]},"properties":{"ma_xa":"18418","ten_xa":"Tùng Lộc","sap_nhap":"Thuần Thiện, Tùng Lộc","tru_so":"đang cập nhật","loai":"Xã","cap":2,"stt":35,"dtich_km2":37.49,"dan_so":20944,"matdo_km2":558.66,"ma_tinh":"42","ten_tinh":"Hà Tĩnh"}},
{"type":"Feature","geometry":{"type":"Polygon","coordinates":[[[105.8369,18.4034],[105.8345,18.4034],[105.8324,18.4016],[105.8299,18.4016],[105.8286,18.4043],[105.824,18.4063],[105.8226,18.4077],[105.8197,18.4052],[105.8174,18.3972],[105.8148,18.3959],[105.8116,18.3968],[105.8108,18.3985],[105.8051,18.3964],[105.8007,18.3995],[105.796,18.398],[105.7951,18.4017],[105.7919,18.4003],[105.7901,18.3984],[105.791,18.3952],[105.7884,18.3947],[105.7892,18.3916],[105.7913,18.3914],[105.7932,18.3889],[105.794,18.3855],[105.7962,18.3848],[105.7945,18.3812],[105.7922,18.3804],[105.7887,18.3827],[105.7873,18.3816],[105.7879,18.3766],[105.7854,18.3753],[105.7816,18.3747],[105.783,18.3704],[105.7821,18.3689],[105.7773,18.3694],[105.7763,18.3668],[105.7769,18.3646],[105.7756,18.3589],[105.7726,18.3599],[105.7717,18.3556],[105.7684,18.3538],[105.7718,18.3499],[105.7721,18.3477],[105.7746,18.3451],[105.7796,18.3422],[105.7815,18.3394],[105.7853,18.3395],[105.7868,18.3374],[105.7858,18.3357],[105.7877,18.3329],[105.7896,18.3404],[105.7873,18.3453],[105.792,18.3468],[105.7933,18.3433],[105.7977,18.3433],[105.8012,18.346],[105.8048,18.3439],[105.814,18.3487],[105.8159,18.3508],[105.82,18.3532],[105.8215,18.353],[105.8302,18.3562],[105.8294,18.3587],[105.8309,18.3614],[105.8295,18.3634],[105.8268,18.3633],[105.8249,18.3648],[105.8265,18.3683],[105.8267,18.3727],[105.8239,18.373],[105.8238,18.3763],[105.8377,18.3774],[105.8364,18.3864],[105.8351,18.3879],[105.8375,18.3905],[105.8395,18.389],[105.8428,18.3897],[105.8415,18.3923],[105.8427,18.4013],[105.842,18.405],[105.8399,18.4036],[105.8369,18.4034]]]},"properties":{"ma_xa":"18601","ten_xa":"Việt Xuyên","sap_nhap":"Việt Tiến, Thạch Ngọc","tru_so":"đang cập nhật","loai":"Xã","cap":2,"stt":28,"dtich_km2":32.1,"dan_so":16986,"matdo_km2":529.16,"ma_tinh":"42","ten_tinh":"Hà Tĩnh"}},
{"type":"Feature","geometry":{"type":"Polygon","coordinates":[[[105.4822,18.4076],[105.4791,18.4093],[105.4757,18.4131],[105.4742,18.4161],[105.4692,18.4172],[105.4663,18.4216],[105.4613,18.4234],[105.4566,18.4267],[105.454,18.4326],[105.4408,18.4294],[105.4381,18.4302],[105.4351,18.4296],[105.4323,18.4334],[105.4295,18.4341],[105.4266,18.4379],[105.4234,18.4397],[105.422,18.4422],[105.4175,18.4453],[105.4144,18.4436],[105.4124,18.4405],[105.4088,18.4382],[105.4055,18.4389],[105.4004,18.438],[105.3965,18.4439],[105.3952,18.4444],[105.3934,18.4486],[105.3924,18.4462],[105.3917,18.4388],[105.3854,18.4316],[105.3822,18.4304],[105.3801,18.4258],[105.3786,18.4248],[105.3785,18.4212],[105.3797,18.418],[105.3774,18.4153],[105.3803,18.4113],[105.3887,18.408],[105.3934,18.4034],[105.3954,18.4024],[105.3935,18.396],[105.3888,18.3889],[105.3894,18.3854],[105.3867,18.3799],[105.3869,18.3762],[105.3853,18.3732],[105.3815,18.3729],[105.3748,18.3711],[105.3714,18.3695],[105.3675,18.3708],[105.3601,18.3718],[105.3592,18.3748],[105.3541,18.3789],[105.3502,18.3795],[105.349,18.3795],[105.3421,18.3754],[105.3409,18.3719],[105.3379,18.371],[105.3361,18.3681],[105.3359,18.3657],[105.3329,18.3626],[105.3322,18.3569],[105.3297,18.3536],[105.3321,18.3514],[105.331,18.3487],[105.3281,18.3458],[105.3263,18.3405],[105.3245,18.3379],[105.3225,18.3315],[105.3198,18.33],[105.3187,18.3243],[105.3158,18.324],[105.3135,18.3221],[105.3106,18.3168],[105.3092,18.3164],[105.3071,18.3127],[105.309,18.3093],[105.3078,18.2971],[105.3081,18.2955],[105.3049,18.2935],[105.3014,18.2936],[105.3013,18.2873],[105.2998,18.2801],[105.2974,18.2773],[105.2864,18.272],[105.2583,18.268],[105.2563,18.2645],[105.2569,18.259],[105.2639,18.2597],[105.2667,18.2581],[105.2698,18.2597],[105.2733,18.2587],[105.275,18.2544],[105.278,18.2541],[105.2813,18.2575],[105.2818,18.2608],[105.2877,18.2588],[105.2881,18.2553],[105.2908,18.2564],[105.2923,18.255],[105.2974,18.2562],[105.2996,18.2547],[105.2977,18.25],[105.2959,18.2474],[105.2957,18.2423],[105.2988,18.2384],[105.3015,18.2371],[105.3027,18.2406],[105.303,18.2448],[105.3041,18.2459],[105.3071,18.2521],[105.3055,18.2556],[105.3074,18.2604],[105.3106,18.2661],[105.3127,18.2645],[105.3164,18.2643],[105.3208,18.2664],[105.322,18.2648],[105.3282,18.2648],[105.33,18.2625],[105.3288,18.2584],[105.331,18.2557],[105.3315,18.253],[105.3297,18.249],[105.3283,18.241],[105.3249,18.2375],[105.3256,18.2327],[105.3234,18.229],[105.3238,18.2229],[105.3256,18.2207],[105.3249,18.2178],[105.3261,18.2143],[105.3256,18.2086],[105.3233,18.2072],[105.32,18.202],[105.3204,18.2],[105.3292,18.1916],[105.3376,18.1913],[105.3383,18.1893],[105.3374,18.1834],[105.3427,18.1823],[105.3496,18.1833],[105.3512,18.1844],[105.354,18.1821],[105.3587,18.1763],[105.3595,18.1739],[105.3623,18.1699],[105.3635,18.1637],[105.3673,18.161],[105.3767,18.1607],[105.3766,18.1658],[105.3803,18.1672],[105.3814,18.1692],[105.384,18.17],[105.386,18.1663],[105.3893,18.1626],[105.3909,18.1626],[105.3921,18.1595],[105.3964,18.1587],[105.4003,18.1607],[105.4042,18.1595],[105.4045,18.157],[105.4096,18.1535],[105.4125,18.1569],[105.4134,18.1614],[105.4152,18.1655],[105.4139,18.1691],[105.4143,18.1728],[105.417,18.1765],[105.4196,18.1822],[105.422,18.1839],[105.4266,18.1834],[105.4317,18.1793],[105.4387,18.1808],[105.4418,18.187],[105.4416,18.1887],[105.4439,18.1922],[105.4467,18.1943],[105.4471,18.1994],[105.4421,18.2016],[105.4435,18.2044],[105.4487,18.2029],[105.4523,18.2049],[105.4516,18.2069],[105.4545,18.2087],[105.4557,18.2109],[105.4561,18.2166],[105.4552,18.2179],[105.4561,18.2236],[105.4579,18.2292],[105.4625,18.2373],[105.4623,18.2415],[105.4642,18.2435],[105.4675,18.2538],[105.4662,18.2556],[105.4661,18.2588],[105.4685,18.2627],[105.4758,18.2663],[105.4792,18.2675],[105.4791,18.2704],[105.4821,18.2735],[105.4821,18.2773],[105.485,18.2784],[105.485,18.2824],[105.4872,18.2855],[105.4856,18.287],[105.4863,18.2896],[105.4888,18.2912],[105.4892,18.2979],[105.4904,18.3025],[105.4929,18.3046],[105.4936,18.3067],[105.5012,18.3041],[105.5029,18.303],[105.5063,18.3035],[105.5097,18.3053],[105.5162,18.3075],[105.5214,18.3075],[105.5243,18.3058],[105.527,18.3066],[105.53,18.306],[105.534,18.3041],[105.5373,18.3047],[105.5401,18.3039],[105.5459,18.2985],[105.5492,18.2944],[105.556,18.2954],[105.5598,18.298],[105.5585,18.3005],[105.5602,18.3035],[105.5622,18.3042],[105.5645,18.3082],[105.5703,18.3062],[105.5735,18.3061],[105.575,18.3084],[105.5775,18.3085],[105.5821,18.3116],[105.583,18.3138],[105.5881,18.3123],[105.59,18.3138],[105.5926,18.3154],[105.5911,18.3176],[105.5941,18.3221],[105.5946,18.3258],[105.5914,18.33],[105.5921,18.332],[105.5957,18.3324],[105.5978,18.3305],[105.6042,18.3277],[105.6072,18.3236],[105.6123,18.3295],[105.6147,18.3296],[105.6159,18.3342],[105.6183,18.3357],[105.6194,18.3388],[105.6157,18.3432],[105.6119,18.3435],[105.6104,18.3447],[105.6102,18.3476],[105.6117,18.3521],[105.6143,18.3565],[105.6156,18.3624],[105.6121,18.3624],[105.6099,18.3643],[105.6089,18.3679],[105.6066,18.3697],[105.6003,18.3704],[105.597,18.3661],[105.5928,18.3664],[105.5874,18.3617],[105.5853,18.3625],[105.5807,18.362],[105.5745,18.3624],[105.5674,18.3645],[105.5621,18.3678],[105.561,18.3696],[105.5534,18.374],[105.5489,18.3743],[105.546,18.373],[105.5379,18.3764],[105.5347,18.38],[105.5305,18.38],[105.5269,18.382],[105.5245,18.3846],[105.5211,18.3854],[105.5199,18.3895],[105.5226,18.3906],[105.5244,18.3945],[105.519,18.3962],[105.5174,18.3997],[105.5179,18.4017],[105.5165,18.404],[105.5123,18.4034],[105.5089,18.3944],[105.5052,18.3941],[105.5018,18.398],[105.4963,18.3994],[105.4916,18.4016],[105.4909,18.4034],[105.4869,18.4031],[105.4857,18.4066],[105.4822,18.4076]]]},"properties":{"ma_xa":"18313","ten_xa":"Vũ Quang","sap_nhap":"Vũ Quang (thị trấn), Hương Minh, Quang Thọ, Thọ Điền","tru_so":"đang cập nhật","loai":"Xã","cap":2,"stt":58,"dtich_km2":533.5,"dan_so":14991,"matdo_km2":28.1,"ma_tinh":"42","ten_tinh":"Hà Tĩnh"}},
{"type":"Feature","geometry":{"type":"MultiPolygon","coordinates":[[[[106.4577,18.1002],[106.4639,18.1019],[106.4633,18.1069],[106.4615,18.1068],[106.4546,18.1027],[106.4538,18.0996],[106.4577,18.1002]]],[[[106.4354,18.0591],[106.4309,18.0631],[106.4372,18.0662],[106.4345,18.0674],[106.4256,18.0839],[106.4211,18.0904],[106.4207,18.092],[106.4232,18.0951],[106.4225,18.1],[106.4208,18.1028],[106.4224,18.1056],[106.4267,18.1092],[106.4303,18.1136],[106.4308,18.1154],[106.4333,18.1169],[106.4345,18.1224],[106.4225,18.121],[106.4214,18.122],[106.4214,18.1256],[106.4175,18.1254],[106.4114,18.1211],[106.4091,18.1167],[106.4077,18.1104],[106.4087,18.1073],[106.407,18.101],[106.3997,18.0987],[106.3946,18.0988],[106.3861,18.1007],[106.3794,18.1042],[106.3729,18.1057],[106.3696,18.1041],[106.3698,18.1006],[106.3719,18.0978],[106.3713,18.0962],[106.3671,18.0938],[106.3644,18.094],[106.3571,18.0911],[106.3761,18.0899],[106.3704,18.0828],[106.3665,18.0792],[106.3673,18.0749],[106.3643,18.0714],[106.3666,18.0688],[106.3662,18.0664],[106.364,18.0646],[106.361,18.0602],[106.3567,18.0496],[106.3549,18.0433],[106.3573,18.0401],[106.3551,18.0365],[106.3547,18.0278],[106.3526,18.0181],[106.3509,18.0171],[106.3507,18.0131],[106.3491,18.0112],[106.3475,18.0064],[106.3443,18.0003],[106.3424,17.9953],[106.3418,17.9917],[106.3465,17.9897],[106.3517,17.9891],[106.3567,17.9907],[106.3605,17.991],[106.3642,17.9888],[106.3686,17.9882],[106.3754,17.9853],[106.3815,17.9859],[106.387,17.9824],[106.3962,17.9812],[106.4004,17.9817],[106.3992,17.9848],[106.3982,17.9967],[106.3965,18.0008],[106.3963,18.0066],[106.3953,18.0089],[106.3941,18.0155],[106.4047,18.0286],[106.4069,18.0283],[106.4081,18.0322],[106.4122,18.0329],[106.4198,18.0372],[106.4261,18.0401],[106.4236,18.0472],[106.4239,18.0487],[106.421,18.0502],[106.4185,18.0491],[106.4166,18.0507],[106.4161,18.0531],[106.4139,18.0561],[106.4157,18.0582],[106.4179,18.0563],[106.4202,18.0574],[106.4264,18.056],[106.4279,18.0588],[106.4354,18.0591]]]]},"properties":{"ma_xa":"18823","ten_xa":"Vũng Áng","sap_nhap":"Kỳ Long, Kỳ Thịnh, Kỳ Lợi","tru_so":"đang cập nhật","loai":"Phường","cap":2,"stt":4,"dtich_km2":82.98,"dan_so":21339,"matdo_km2":257.16,"ma_tinh":"42","ten_tinh":"Hà Tĩnh"}},
{"type":"Feature","geometry":{"type":"Polygon","coordinates":[[[105.7842,18.4299],[105.7813,18.4309],[105.7768,18.4349],[105.7769,18.4367],[105.773,18.4381],[105.7721,18.4416],[105.7666,18.4394],[105.7684,18.4348],[105.7616,18.4345],[105.7591,18.4352],[105.7562,18.4337],[105.753,18.4401],[105.7491,18.4377],[105.7482,18.4313],[105.7476,18.4227],[105.746,18.4158],[105.7474,18.4126],[105.7452,18.4062],[105.7428,18.4038],[105.7409,18.3992],[105.7386,18.3957],[105.7378,18.3923],[105.7418,18.3929],[105.7439,18.395],[105.7505,18.3973],[105.755,18.398],[105.7576,18.3955],[105.7595,18.3967],[105.7632,18.3929],[105.7656,18.3931],[105.7658,18.389],[105.765,18.3852],[105.7634,18.3824],[105.764,18.3785],[105.7615,18.3764],[105.7618,18.3724],[105.7615,18.3622],[105.7583,18.3567],[105.7535,18.3566],[105.7518,18.3548],[105.7518,18.3505],[105.75,18.3473],[105.7425,18.3445],[105.7415,18.3411],[105.7366,18.3376],[105.7339,18.3282],[105.739,18.326],[105.7449,18.3225],[105.7503,18.3209],[105.7518,18.3216],[105.7536,18.3268],[105.7534,18.3341],[105.7552,18.3401],[105.7525,18.3446],[105.7552,18.3528],[105.7571,18.3547],[105.7607,18.3546],[105.763,18.3569],[105.7684,18.3538],[105.7717,18.3556],[105.7726,18.3599],[105.7756,18.3589],[105.7769,18.3646],[105.7763,18.3668],[105.7773,18.3694],[105.7821,18.3689],[105.783,18.3704],[105.7816,18.3747],[105.7854,18.3753],[105.7879,18.3766],[105.7873,18.3816],[105.7887,18.3827],[105.7922,18.3804],[105.7945,18.3812],[105.7962,18.3848],[105.794,18.3855],[105.7932,18.3889],[105.7913,18.3914],[105.7892,18.3916],[105.7884,18.3947],[105.791,18.3952],[105.7901,18.3984],[105.7867,18.4006],[105.7863,18.4058],[105.7894,18.4076],[105.7848,18.4106],[105.7831,18.4108],[105.7802,18.408],[105.7772,18.4132],[105.7787,18.4156],[105.7827,18.4166],[105.7814,18.4212],[105.7844,18.4213],[105.7853,18.4243],[105.784,18.4258],[105.7842,18.4299]]]},"properties":{"ma_xa":"18481","ten_xa":"Xuân Lộc","sap_nhap":"Sơn Lộc, Quang Lộc, Xuân Lộc","tru_so":"đang cập nhật","loai":"Xã","cap":2,"stt":38,"dtich_km2":33.08,"dan_so":25448,"matdo_km2":769.29,"ma_tinh":"42","ten_tinh":"Hà Tĩnh"}},
{"type":"Feature","geometry":{"type":"Polygon","coordinates":[[[106.0784,18.2933],[106.0698,18.3006],[106.0579,18.3119],[106.0433,18.3268],[106.0262,18.3452],[106.016,18.3395],[106.0146,18.336],[106.0074,18.3306],[106.0068,18.3278],[106.0016,18.326],[105.9877,18.3095],[105.9835,18.3033],[105.9865,18.2998],[105.9962,18.2932],[105.9982,18.295],[106.001,18.2927],[106.0042,18.2929],[106.0066,18.2909],[106.0076,18.2883],[106.0106,18.2881],[106.0122,18.2866],[106.0146,18.2885],[106.0256,18.2979],[106.0316,18.2909],[106.0335,18.2921],[106.0457,18.281],[106.0499,18.2805],[106.0597,18.2717],[106.0607,18.2724],[106.064,18.2798],[106.0717,18.2882],[106.0725,18.288],[106.0784,18.2933]]]},"properties":{"ma_xa":"18682","ten_xa":"Yên Hòa","sap_nhap":"Cẩm Dương, Yên Hòa","tru_so":"đang cập nhật","loai":"Xã","cap":2,"stt":18,"dtich_km2":38.27,"dan_so":17597,"matdo_km2":459.81,"ma_tinh":"42","ten_tinh":"Hà Tĩnh"}}
]}