{"type":"FeatureCollection", "features": [
{"type":"Feature","geometry":{"type":"Polygon","coordinates":[[[108.8038,11.7118],[108.7995,11.7157],[108.794,11.7179],[108.7872,11.7185],[108.7841,11.7176],[108.7793,11.721],[108.7765,11.7205],[108.7728,11.7185],[108.7712,11.7194],[108.7667,11.7196],[108.7622,11.7239],[108.7551,11.717],[108.7517,11.7174],[108.7494,11.7198],[108.7473,11.7247],[108.7439,11.724],[108.7387,11.7252],[108.7403,11.7276],[108.7353,11.73],[108.7371,11.7321],[108.7338,11.7339],[108.7297,11.7332],[108.7252,11.7346],[108.7175,11.7329],[108.7171,11.7318],[108.72,11.7269],[108.7237,11.7231],[108.7205,11.7201],[108.7167,11.7192],[108.7146,11.7178],[108.7084,11.7177],[108.7044,11.7192],[108.7004,11.7197],[108.6992,11.7209],[108.6939,11.7226],[108.695,11.7168],[108.6958,11.7091],[108.6984,11.7045],[108.7007,11.7021],[108.7002,11.6988],[108.6974,11.6997],[108.6924,11.6976],[108.6915,11.6941],[108.6876,11.6886],[108.6866,11.6857],[108.6867,11.6828],[108.6842,11.6793],[108.6824,11.6753],[108.6796,11.6726],[108.6786,11.6697],[108.6732,11.667],[108.6719,11.664],[108.6687,11.6638],[108.6654,11.6659],[108.6633,11.6683],[108.659,11.6688],[108.6527,11.6642],[108.6502,11.6645],[108.6454,11.6618],[108.6347,11.6581],[108.6311,11.6559],[108.6268,11.6549],[108.6246,11.6529],[108.6232,11.6501],[108.6198,11.6514],[108.6101,11.6495],[108.6066,11.6497],[108.6024,11.6479],[108.599,11.6492],[108.5946,11.6486],[108.5884,11.6448],[108.5849,11.6408],[108.581,11.6418],[108.5741,11.6394],[108.5676,11.6425],[108.5623,11.6425],[108.5604,11.6406],[108.5603,11.6372],[108.5567,11.6334],[108.553,11.6315],[108.5533,11.624],[108.5525,11.6201],[108.5539,11.6191],[108.5528,11.6164],[108.5522,11.6109],[108.5535,11.6064],[108.5516,11.601],[108.5552,11.5967],[108.5666,11.5814],[108.5718,11.5792],[108.5762,11.5701],[108.5781,11.5643],[108.5826,11.5592],[108.5824,11.5559],[108.6217,11.5528],[108.6268,11.553],[108.6437,11.5507],[108.6589,11.5048],[108.6638,11.5007],[108.6866,11.5038],[108.6877,11.5073],[108.692,11.5124],[108.6902,11.5162],[108.6936,11.525],[108.6975,11.5288],[108.7015,11.5301],[108.7037,11.5348],[108.7081,11.5364],[108.7144,11.5408],[108.7138,11.5429],[108.7149,11.5457],[108.7264,11.5678],[108.7291,11.5706],[108.7296,11.5733],[108.7286,11.5784],[108.7307,11.5809],[108.7321,11.5857],[108.7344,11.5879],[108.7354,11.5934],[108.7339,11.5971],[108.7329,11.6148],[108.7372,11.6199],[108.7404,11.6226],[108.7437,11.6234],[108.7433,11.6294],[108.7484,11.6332],[108.7526,11.6395],[108.7531,11.643],[108.7583,11.6493],[108.7584,11.6605],[108.763,11.6689],[108.7648,11.6707],[108.7871,11.6838],[108.8038,11.7118]]]},"properties":{"ma_xa":"22828","ten_xa":"Anh Dũng","sap_nhap":"Ma Nới, Hòa Sơn","tru_so":"đang cập nhật","loai":"Xã","cap":2,"stt":61,"dtich_km2":320.6,"dan_so":10300,"matdo_km2":32.13,"ma_tinh":"56","ten_tinh":"Khánh Hòa"}},
{"type":"Feature","geometry":{"type":"Polygon","coordinates":[[[109.1299,11.9569],[109.1268,11.9577],[109.1242,11.9635],[109.1189,11.9682],[109.1147,11.9699],[109.1125,11.9718],[109.1103,11.9719],[109.1062,11.9683],[109.1045,11.9653],[109.1043,11.9619],[109.1018,11.9593],[109.0978,11.9581],[109.0936,11.9578],[109.0919,11.9587],[109.0899,11.9557],[109.0871,11.9568],[109.0863,11.954],[109.0816,11.9561],[109.0801,11.9535],[109.0713,11.9494],[109.0686,11.9469],[109.0672,11.9435],[109.0632,11.9408],[109.0618,11.9365],[109.0573,11.9449],[109.0526,11.9489],[109.0493,11.9499],[109.0472,11.9516],[109.0446,11.952],[109.0389,11.9505],[109.0387,11.9526],[109.0364,11.9542],[109.0328,11.9543],[109.0307,11.9565],[109.0235,11.9578],[109.0203,11.9598],[109.0164,11.9602],[109.0147,11.9595],[109.0097,11.9594],[109.0059,11.9605],[109.0035,11.9543],[109.0009,11.9512],[109.0006,11.9493],[109.002,11.9449],[109.0028,11.9402],[109.0025,11.9343],[109.0003,11.9316],[109.0006,11.9289],[109.0047,11.9231],[109.0185,11.9109],[109.0347,11.91],[109.0471,11.8983],[109.0505,11.8996],[109.0521,11.9021],[109.0556,11.9022],[109.058,11.9042],[109.0625,11.9053],[109.068,11.9088],[109.0708,11.9142],[109.0746,11.9156],[109.0757,11.9192],[109.0986,11.9082],[109.1006,11.9082],[109.1106,11.9034],[109.1141,11.9033],[109.1164,11.9007],[109.1176,11.8978],[109.121,11.8961],[109.1276,11.8969],[109.1303,11.9037],[109.1305,11.9087],[109.1344,11.9107],[109.1335,11.9127],[109.1401,11.9159],[109.1381,11.9194],[109.1385,11.921],[109.1335,11.926],[109.1304,11.9326],[109.1333,11.9346],[109.1387,11.9359],[109.1406,11.9384],[109.1427,11.9435],[109.1448,11.9459],[109.1466,11.9495],[109.1424,11.9524],[109.1354,11.9553],[109.1299,11.9569]]]},"properties":{"ma_xa":"22423","ten_xa":"Ba Ngòi","sap_nhap":"Ba Ngòi, Cam Phước Đông","tru_so":"đang cập nhật","loai":"Phường","cap":2,"stt":8,"dtich_km2":78.2,"dan_so":31708,"matdo_km2":405.47,"ma_tinh":"56","ten_tinh":"Khánh Hòa"}},
{"type":"Feature","geometry":{"type":"Polygon","coordinates":[[[108.89,11.9484],[108.8876,11.9533],[108.8806,11.9577],[108.8807,11.9602],[108.8753,11.9583],[108.8723,11.9591],[108.8697,11.9641],[108.8672,11.9655],[108.8651,11.9678],[108.8639,11.9657],[108.8639,11.9524],[108.8629,11.9482],[108.8641,11.9443],[108.8639,11.941],[108.8625,11.9367],[108.8591,11.9319],[108.854,11.9294],[108.8525,11.9276],[108.8439,11.9279],[108.8399,11.925],[108.8363,11.9232],[108.8395,11.9105],[108.8383,11.9091],[108.8391,11.904],[108.8414,11.8997],[108.8379,11.899],[108.8354,11.8955],[108.8303,11.8952],[108.83,11.8903],[108.8319,11.8885],[108.8304,11.886],[108.8261,11.8865],[108.8269,11.8832],[108.8266,11.8798],[108.8296,11.8788],[108.8305,11.8764],[108.8209,11.8726],[108.8182,11.8709],[108.8209,11.862],[108.8214,11.8574],[108.8178,11.8551],[108.8151,11.8517],[108.8157,11.8477],[108.8126,11.8454],[108.8093,11.8462],[108.8067,11.8424],[108.8022,11.838],[108.8032,11.8343],[108.7995,11.8294],[108.8003,11.8266],[108.802,11.8255],[108.8006,11.8232],[108.7971,11.8273],[108.7927,11.8236],[108.7921,11.8217],[108.7928,11.8178],[108.7956,11.8149],[108.7984,11.805],[108.7968,11.8003],[108.7972,11.7954],[108.7959,11.7923],[108.796,11.79],[108.7998,11.7868],[108.804,11.7822],[108.8055,11.7791],[108.8052,11.7758],[108.8039,11.7746],[108.8059,11.7695],[108.8121,11.7686],[108.8152,11.7657],[108.8182,11.7575],[108.8197,11.7558],[108.8365,11.7396],[108.8445,11.7417],[108.8516,11.7384],[108.8553,11.738],[108.8622,11.7401],[108.865,11.7403],[108.8826,11.7358],[108.8752,11.7478],[108.8773,11.749],[108.878,11.7512],[108.8846,11.757],[108.8895,11.7584],[108.894,11.7583],[108.8989,11.7605],[108.9002,11.7597],[108.9042,11.7601],[108.9123,11.7667],[108.9143,11.7658],[108.9176,11.7669],[108.919,11.7692],[108.9294,11.7792],[108.9311,11.7824],[108.9349,11.7871],[108.9361,11.7913],[108.9375,11.7919],[108.9412,11.7997],[108.9455,11.8017],[108.9475,11.8051],[108.9451,11.813],[108.9415,11.8114],[108.9396,11.8115],[108.9333,11.8156],[108.9304,11.8188],[108.9278,11.8158],[108.9244,11.8146],[108.9175,11.8179],[108.9134,11.8165],[108.9115,11.8146],[108.907,11.8134],[108.8979,11.8159],[108.8959,11.8158],[108.8938,11.8186],[108.8894,11.8188],[108.888,11.8225],[108.8839,11.8201],[108.8829,11.8171],[108.8804,11.8163],[108.877,11.8135],[108.8758,11.8102],[108.8726,11.8118],[108.8738,11.8154],[108.8726,11.8184],[108.8747,11.8241],[108.8711,11.8314],[108.8711,11.8337],[108.8693,11.8361],[108.8688,11.8391],[108.8734,11.8496],[108.8696,11.8532],[108.868,11.8588],[108.8704,11.862],[108.8707,11.8691],[108.872,11.8698],[108.8713,11.8735],[108.876,11.8765],[108.8758,11.8775],[108.8818,11.8798],[108.8891,11.8901],[108.8912,11.895],[108.891,11.9],[108.8918,11.9053],[108.8881,11.909],[108.8846,11.9098],[108.8837,11.9121],[108.8852,11.9182],[108.8865,11.921],[108.8842,11.9256],[108.8858,11.9322],[108.8861,11.9359],[108.8886,11.9399],[108.8891,11.9461],[108.89,11.9484]]]},"properties":{"ma_xa":"22795","ten_xa":"Bác Ái","sap_nhap":"Phước Tiến, Phước Thắng, Phước Chính","tru_so":"đang cập nhật","loai":"Xã","cap":2,"stt":64,"dtich_km2":188.5,"dan_so":12270,"matdo_km2":65.09,"ma_tinh":"56","ten_tinh":"Khánh Hòa"}},
{"type":"Feature","geometry":{"type":"Polygon","coordinates":[[[109.0047,11.9231],[108.9973,11.921],[108.9966,11.9193],[108.992,11.9187],[108.9891,11.9151],[108.9847,11.9158],[108.9821,11.9153],[108.9786,11.9173],[108.9707,11.9179],[108.9642,11.9227],[108.9637,11.9243],[108.9555,11.9259],[108.9528,11.9332],[108.9507,11.9339],[108.9496,11.936],[108.9462,11.9381],[108.941,11.9361],[108.9382,11.9383],[108.933,11.937],[108.9304,11.9404],[108.9249,11.9413],[108.9208,11.9449],[108.9201,11.9498],[108.9148,11.9525],[108.9099,11.9503],[108.9079,11.9477],[108.9055,11.9501],[108.902,11.949],[108.9004,11.9496],[108.8933,11.9474],[108.89,11.9484],[108.8891,11.9461],[108.8886,11.9399],[108.8861,11.9359],[108.8858,11.9322],[108.8842,11.9256],[108.8865,11.921],[108.8852,11.9182],[108.8837,11.9121],[108.8846,11.9098],[108.8881,11.909],[108.8918,11.9053],[108.891,11.9],[108.8912,11.895],[108.8891,11.8901],[108.8818,11.8798],[108.8758,11.8775],[108.876,11.8765],[108.8713,11.8735],[108.872,11.8698],[108.8707,11.8691],[108.8704,11.862],[108.868,11.8588],[108.8696,11.8532],[108.8734,11.8496],[108.8688,11.8391],[108.8693,11.8361],[108.8711,11.8337],[108.8711,11.8314],[108.8747,11.8241],[108.8726,11.8184],[108.8738,11.8154],[108.8726,11.8118],[108.8758,11.8102],[108.877,11.8135],[108.8804,11.8163],[108.8829,11.8171],[108.8839,11.8201],[108.888,11.8225],[108.8894,11.8188],[108.8938,11.8186],[108.8959,11.8158],[108.8979,11.8159],[108.907,11.8134],[108.9115,11.8146],[108.9134,11.8165],[108.9175,11.8179],[108.9244,11.8146],[108.9278,11.8158],[108.9304,11.8188],[108.9333,11.8156],[108.9396,11.8115],[108.9415,11.8114],[108.9451,11.813],[108.9475,11.8051],[108.9629,11.7919],[108.9898,11.785],[108.9903,11.786],[108.9885,11.7919],[108.9898,11.7943],[108.9932,11.8039],[108.9991,11.809],[109.0026,11.8113],[109.0052,11.8143],[109.0132,11.8189],[109.0162,11.8219],[109.0173,11.8242],[109.0136,11.8308],[109.0287,11.8443],[109.0326,11.846],[109.0373,11.8428],[109.0401,11.84],[109.0456,11.8458],[109.0544,11.8448],[109.0561,11.853],[109.0576,11.8559],[109.0582,11.8608],[109.0512,11.8833],[109.0471,11.8983],[109.0347,11.91],[109.0185,11.9109],[109.0047,11.9231]]]},"properties":{"ma_xa":"22801","ten_xa":"Bác Ái Đông","sap_nhap":"Phước Đại, Phước Thành","tru_so":"đang cập nhật","loai":"Xã","cap":2,"stt":63,"dtich_km2":235.2,"dan_so":9335,"matdo_km2":39.69,"ma_tinh":"56","ten_tinh":"Khánh Hòa"}},
{"type":"Feature","geometry":{"type":"Polygon","coordinates":[[[108.7902,12.1596],[108.7855,12.1603],[108.7837,12.1596],[108.7826,12.1623],[108.7796,12.1647],[108.7748,12.1647],[108.7721,12.1614],[108.7714,12.1568],[108.768,12.1531],[108.7628,12.1579],[108.7575,12.1568],[108.7554,12.1551],[108.7491,12.1566],[108.743,12.1566],[108.7336,12.1586],[108.7304,12.1625],[108.7289,12.1626],[108.7278,12.1576],[108.7258,12.1563],[108.7217,12.1568],[108.7208,12.1534],[108.718,12.155],[108.7132,12.1543],[108.7069,12.1553],[108.7053,12.1542],[108.7039,12.1502],[108.6988,12.1488],[108.6934,12.1461],[108.6968,12.1403],[108.6945,12.1367],[108.6948,12.1339],[108.6932,12.1294],[108.6897,12.1286],[108.6857,12.1301],[108.6846,12.1271],[108.6807,12.1236],[108.6775,12.122],[108.6737,12.1229],[108.6732,12.1206],[108.6753,12.1186],[108.6783,12.1184],[108.6813,12.1165],[108.6854,12.1105],[108.6868,12.1104],[108.6916,12.1059],[108.6939,12.105],[108.6956,12.0998],[108.6994,12.0987],[108.6989,12.0966],[108.7013,12.0933],[108.7043,12.0931],[108.7052,12.0901],[108.7031,12.0863],[108.7062,12.0806],[108.7092,12.0782],[108.7075,12.0758],[108.7076,12.0715],[108.7107,12.0682],[108.7102,12.0653],[108.7126,12.0626],[108.7122,12.0583],[108.7096,12.0497],[108.703,12.0412],[108.6989,12.0421],[108.6969,12.0408],[108.694,12.0409],[108.6917,12.0326],[108.6912,12.0294],[108.6855,12.0253],[108.6859,12.0225],[108.683,12.0182],[108.6799,12.0105],[108.683,12.003],[108.6853,11.9915],[108.6825,11.9903],[108.6806,11.9845],[108.6655,11.9673],[108.6618,11.9618],[108.6619,11.9575],[108.6603,11.9547],[108.6599,11.9507],[108.6636,11.9493],[108.6652,11.9462],[108.6639,11.9443],[108.6643,11.9406],[108.6655,11.938],[108.6622,11.9309],[108.6627,11.9278],[108.6617,11.925],[108.664,11.9141],[108.6659,11.9135],[108.6728,11.9155],[108.674,11.918],[108.6781,11.9182],[108.6802,11.9198],[108.685,11.9215],[108.7098,11.919],[108.7224,11.8997],[108.7314,11.8873],[108.7357,11.882],[108.7396,11.8761],[108.7418,11.8749],[108.7427,11.8725],[108.7427,11.8681],[108.7451,11.8638],[108.7488,11.8645],[108.7494,11.8618],[108.7536,11.8624],[108.7548,11.8638],[108.7576,11.8627],[108.759,11.859],[108.7614,11.8552],[108.7646,11.8555],[108.768,11.8538],[108.7696,11.8518],[108.7723,11.8508],[108.7731,11.8482],[108.7725,11.8445],[108.7742,11.8427],[108.7781,11.8411],[108.784,11.8359],[108.789,11.8289],[108.7912,11.8265],[108.7921,11.8217],[108.7927,11.8236],[108.7971,11.8273],[108.8006,11.8232],[108.802,11.8255],[108.8003,11.8266],[108.7995,11.8294],[108.8032,11.8343],[108.8022,11.838],[108.8067,11.8424],[108.8093,11.8462],[108.8126,11.8454],[108.8157,11.8477],[108.8151,11.8517],[108.8178,11.8551],[108.8214,11.8574],[108.8209,11.862],[108.8182,11.8709],[108.8209,11.8726],[108.8305,11.8764],[108.8296,11.8788],[108.8266,11.8798],[108.8269,11.8832],[108.8261,11.8865],[108.8304,11.886],[108.8319,11.8885],[108.83,11.8903],[108.8303,11.8952],[108.8354,11.8955],[108.8379,11.899],[108.8414,11.8997],[108.8391,11.904],[108.8383,11.9091],[108.8395,11.9105],[108.8363,11.9232],[108.8399,11.925],[108.8439,11.9279],[108.8525,11.9276],[108.854,11.9294],[108.8591,11.9319],[108.8625,11.9367],[108.8639,11.941],[108.8641,11.9443],[108.8629,11.9482],[108.8639,11.9524],[108.8639,11.9657],[108.8651,11.9678],[108.8605,11.9669],[108.8565,11.9652],[108.8515,11.9639],[108.8494,11.9659],[108.8492,11.9732],[108.8483,11.9769],[108.8453,11.9799],[108.8479,11.9844],[108.8525,11.9884],[108.8557,11.9904],[108.8577,11.9949],[108.857,11.9969],[108.8583,12.0002],[108.8565,12.0065],[108.8572,12.0081],[108.8558,12.0175],[108.8465,12.0193],[108.8434,12.0209],[108.8351,12.022],[108.8231,12.0312],[108.819,12.0379],[108.8167,12.0405],[108.8124,12.0408],[108.8082,12.042],[108.807,12.0443],[108.8046,12.0455],[108.8008,12.0445],[108.8024,12.0513],[108.8041,12.0513],[108.8044,12.055],[108.8081,12.0585],[108.8068,12.0627],[108.8027,12.07],[108.8009,12.0715],[108.8022,12.0738],[108.8023,12.0768],[108.8009,12.0806],[108.7993,12.0824],[108.7992,12.0853],[108.795,12.0874],[108.7937,12.0942],[108.7969,12.0955],[108.7965,12.1008],[108.7936,12.1023],[108.794,12.1055],[108.7928,12.1084],[108.7926,12.1122],[108.7898,12.1134],[108.7876,12.1197],[108.7844,12.121],[108.7836,12.126],[108.7854,12.1307],[108.7855,12.1343],[108.7868,12.1403],[108.7883,12.1421],[108.7873,12.1457],[108.7903,12.1553],[108.7902,12.1596]]]},"properties":{"ma_xa":"22786","ten_xa":"Bác Ái Tây","sap_nhap":"Phước Hòa, Phước Tân, Phước Bình","tru_so":"đang cập nhật","loai":"Xã","cap":2,"stt":65,"dtich_km2":478.7,"dan_so":11090,"matdo_km2":23.17,"ma_tinh":"56","ten_tinh":"Khánh Hòa"}},
{"type":"Feature","geometry":{"type":"MultiPolygon","coordinates":[[[[109.1991,12.025],[109.1964,12.0227],[109.1956,12.0201],[109.1914,12.0175],[109.1872,12.0186],[109.1842,12.0148],[109.1757,12.0137],[109.1752,12.0115],[109.1697,12.0134],[109.1647,12.0127],[109.1649,12.0107],[109.1476,12.0081],[109.1415,12.0035],[109.1435,12.0032],[109.1438,11.9954],[109.1452,11.991],[109.1459,11.9856],[109.1446,11.9846],[109.1398,11.9747],[109.1407,11.9725],[109.1381,11.9708],[109.1332,11.9647],[109.1323,11.959],[109.1299,11.9569],[109.1354,11.9553],[109.1424,11.9524],[109.1466,11.9495],[109.1488,11.9496],[109.152,11.9469],[109.1561,11.9499],[109.1574,11.9497],[109.1679,11.9556],[109.1709,11.9566],[109.1728,11.9552],[109.1755,11.9555],[109.1777,11.953],[109.1813,11.9527],[109.1877,11.9493],[109.1897,11.9505],[109.1894,11.9533],[109.1911,11.9583],[109.1928,11.96],[109.1933,11.963],[109.1962,11.9645],[109.1971,11.9718],[109.1989,11.9755],[109.2035,11.9785],[109.204,11.9817],[109.2065,11.9816],[109.2062,11.9863],[109.2044,11.9894],[109.1987,11.9909],[109.1977,11.996],[109.2002,12.0004],[109.2019,12.0053],[109.2022,12.0115],[109.2038,12.0144],[109.2036,12.0167],[109.2,12.0247],[109.1991,12.025]]],[[[109.204,12.0254],[109.2067,12.0181],[109.2071,12.0131],[109.2058,12.0077],[109.2063,12.0046],[109.2058,11.999],[109.2073,11.9956],[109.2087,11.9901],[109.2124,11.9887],[109.2107,11.9826],[109.213,11.9787],[109.2123,11.973],[109.214,11.972],[109.2152,11.9662],[109.2147,11.9591],[109.214,11.9564],[109.2117,11.9542],[109.2079,11.9542],[109.2061,11.9509],[109.2102,11.9485],[109.2146,11.9438],[109.2157,11.9386],[109.2135,11.9321],[109.2137,11.928],[109.2088,11.9285],[109.2061,11.9261],[109.2107,11.9191],[109.2105,11.9155],[109.2076,11.9155],[109.2073,11.9119],[109.2048,11.9121],[109.2043,11.9075],[109.2067,11.9044],[109.2066,11.9003],[109.205,11.8953],[109.2041,11.8852],[109.2027,11.8807],[109.2058,11.8808],[109.2147,11.8829],[109.2199,11.8816],[109.221,11.8784],[109.2239,11.88],[109.233,11.8801],[109.2377,11.8763],[109.2393,11.8761],[109.2407,11.8732],[109.2395,11.8713],[109.2432,11.8665],[109.2448,11.8667],[109.2475,11.8633],[109.2468,11.8564],[109.2489,11.8523],[109.251,11.8538],[109.2504,11.8599],[109.2526,11.8608],[109.2546,11.8645],[109.2572,11.8657],[109.2602,11.8656],[109.263,11.8611],[109.2664,11.8631],[109.2688,11.8621],[109.2711,11.8636],[109.2723,11.867],[109.2767,11.8728],[109.2791,11.8737],[109.2807,11.8773],[109.2811,11.8802],[109.2771,11.8808],[109.2766,11.8825],[109.2724,11.8822],[109.2751,11.8857],[109.2725,11.887],[109.2714,11.8893],[109.2685,11.8925],[109.2694,11.8946],[109.2676,11.898],[109.2628,11.9017],[109.2619,11.9071],[109.2608,11.9079],[109.2589,11.9157],[109.2585,11.9244],[109.2615,11.9318],[109.266,11.936],[109.2689,11.9367],[109.2724,11.9344],[109.2745,11.9356],[109.2742,11.9394],[109.2771,11.9458],[109.2817,11.9448],[109.2832,11.9499],[109.2816,11.9528],[109.277,11.9507],[109.2726,11.9528],[109.2702,11.9573],[109.272,11.9666],[109.272,11.9714],[109.2697,11.9721],[109.2705,11.9748],[109.2678,11.9754],[109.2643,11.9747],[109.2624,11.9783],[109.2569,11.9788],[109.2517,11.982],[109.2472,11.9863],[109.2414,11.9952],[109.2351,12.0038],[109.2299,12.01],[109.2236,12.0198],[109.2208,12.0251],[109.204,12.0254]]]]},"properties":{"ma_xa":"22411","ten_xa":"Bắc Cam Ranh","sap_nhap":"Cam Nghĩa, Cam Phúc Bắc, Cam Thành Nam","tru_so":"đang cập nhật","loai":"Phường","cap":2,"stt":5,"dtich_km2":134,"dan_so":43644,"matdo_km2":325.7,"ma_tinh":"56","ten_tinh":"Khánh Hòa"}},
{"type":"Feature","geometry":{"type":"Polygon","coordinates":[[[108.8715,12.5056],[108.8648,12.5013],[108.8606,12.4954],[108.8624,12.4905],[108.8667,12.4887],[108.8686,12.4862],[108.8741,12.4841],[108.8787,12.4801],[108.8745,12.469],[108.8702,12.4674],[108.8708,12.4633],[108.8695,12.4586],[108.8679,12.4562],[108.8705,12.4536],[108.8733,12.4529],[108.8756,12.451],[108.8822,12.4522],[108.8876,12.4481],[108.8918,12.4411],[108.8956,12.4376],[108.8964,12.4319],[108.8987,12.4286],[108.8979,12.4254],[108.9013,12.4183],[108.9049,12.4174],[108.9075,12.4197],[108.9102,12.4189],[108.9147,12.4205],[108.9177,12.4277],[108.9214,12.4297],[108.927,12.4317],[108.9321,12.4325],[108.9356,12.4313],[108.9328,12.4293],[108.9317,12.422],[108.934,12.4194],[108.9321,12.4161],[108.9323,12.4074],[108.9354,12.4033],[108.938,12.4013],[108.9401,12.4014],[108.9437,12.3996],[108.9393,12.3871],[108.9405,12.3832],[108.9391,12.3793],[108.9426,12.3728],[108.9405,12.371],[108.9396,12.3678],[108.937,12.3666],[108.9337,12.3636],[108.9342,12.3611],[108.9307,12.3587],[108.9252,12.3572],[108.9233,12.3525],[108.9232,12.3475],[108.9214,12.3443],[108.9341,12.3335],[108.937,12.3342],[108.9379,12.3366],[108.9401,12.338],[108.946,12.3366],[108.9512,12.3373],[108.9582,12.3398],[108.9632,12.354],[108.9672,12.3562],[108.971,12.3525],[108.9751,12.3529],[108.9777,12.3469],[108.9749,12.3423],[108.9765,12.3386],[108.9794,12.3366],[108.9871,12.3353],[108.9899,12.3376],[108.9963,12.3372],[109.0031,12.341],[109.0058,12.3401],[109.0087,12.3415],[109.0106,12.3438],[109.0164,12.3454],[109.0195,12.3468],[109.0201,12.349],[109.0313,12.3567],[109.0337,12.3565],[109.0433,12.3587],[109.0475,12.3638],[109.0496,12.3734],[109.0523,12.376],[109.0542,12.3793],[109.0608,12.3827],[109.0626,12.3846],[109.065,12.3892],[109.0635,12.3943],[109.0567,12.3957],[109.053,12.3986],[109.0511,12.399],[109.0499,12.4015],[109.0469,12.4046],[109.0423,12.4061],[109.0357,12.4055],[109.0315,12.4059],[109.0285,12.4048],[109.0267,12.4057],[109.0223,12.4039],[109.0196,12.4047],[109.0125,12.408],[109.0102,12.4086],[109.0082,12.4059],[109.0049,12.4067],[109.0034,12.4043],[109.0022,12.3998],[109.0034,12.3974],[109.0014,12.3965],[108.9977,12.3982],[108.9965,12.4016],[108.9929,12.402],[108.9907,12.4006],[108.9894,12.4083],[108.9874,12.4102],[108.9838,12.4108],[108.98,12.416],[108.9767,12.4184],[108.9763,12.4206],[108.9737,12.4229],[108.9721,12.4263],[108.9692,12.428],[108.9636,12.4276],[108.9591,12.4316],[108.9503,12.4359],[108.9515,12.4387],[108.9456,12.4399],[108.9444,12.4455],[108.9458,12.4505],[108.947,12.4519],[108.9462,12.4567],[108.9432,12.4622],[108.9369,12.4636],[108.935,12.4657],[108.9294,12.4664],[108.9282,12.468],[108.93,12.473],[108.9266,12.4756],[108.9239,12.4791],[108.9241,12.4817],[108.9216,12.4846],[108.9194,12.4844],[108.915,12.4874],[108.8983,12.4887],[108.8955,12.4914],[108.8931,12.49],[108.8884,12.4908],[108.8838,12.4956],[108.8811,12.4955],[108.8781,12.498],[108.8753,12.4976],[108.8715,12.5056]]]},"properties":{"ma_xa":"22615","ten_xa":"Bắc Khánh Vĩnh","sap_nhap":"Khánh Bình, Khánh Đông","tru_so":"đang cập nhật","loai":"Xã","cap":2,"stt":33,"dtich_km2":144.2,"dan_so":9199,"matdo_km2":63.79,"ma_tinh":"56","ten_tinh":"Khánh Hòa"}},
{"type":"Feature","geometry":{"type":"MultiPolygon","coordinates":[[[[109.2179,12.3613],[109.2149,12.3625],[109.2116,12.359],[109.2149,12.3576],[109.2178,12.3591],[109.2179,12.3613]]],[[[109.1968,12.378],[109.1908,12.3795],[109.1845,12.3778],[109.1819,12.3751],[109.1785,12.3745],[109.1747,12.3783],[109.1712,12.378],[109.1699,12.3761],[109.1673,12.3764],[109.1666,12.3742],[109.1699,12.3706],[109.1698,12.367],[109.1735,12.3618],[109.1707,12.3587],[109.1659,12.3614],[109.1612,12.3603],[109.1565,12.3624],[109.1581,12.3666],[109.1555,12.3688],[109.1494,12.3683],[109.1485,12.3668],[109.1447,12.3671],[109.1401,12.3706],[109.1379,12.3687],[109.1349,12.3681],[109.1325,12.3654],[109.1293,12.3651],[109.1266,12.3633],[109.1255,12.3611],[109.1217,12.3579],[109.1196,12.3598],[109.1173,12.3566],[109.1189,12.3517],[109.1178,12.3492],[109.1156,12.3479],[109.1143,12.3445],[109.1115,12.343],[109.1143,12.3405],[109.1173,12.3343],[109.1204,12.331],[109.1236,12.3296],[109.1243,12.3273],[109.1284,12.3223],[109.1301,12.3179],[109.1294,12.3156],[109.1299,12.3109],[109.1311,12.3094],[109.128,12.3016],[109.1278,12.2969],[109.1307,12.2926],[109.1323,12.2826],[109.1362,12.2831],[109.1363,12.28],[109.1334,12.2777],[109.1347,12.2755],[109.137,12.2755],[109.143,12.2695],[109.1463,12.271],[109.1507,12.2691],[109.1551,12.2691],[109.1566,12.2703],[109.1566,12.274],[109.1536,12.2767],[109.1531,12.2848],[109.1539,12.2884],[109.1571,12.29],[109.159,12.2895],[109.1634,12.2932],[109.1708,12.2934],[109.1762,12.2918],[109.1774,12.2903],[109.1812,12.2928],[109.184,12.2916],[109.1859,12.2889],[109.1846,12.2857],[109.1801,12.2777],[109.1765,12.2734],[109.1796,12.272],[109.183,12.2736],[109.1881,12.2718],[109.1884,12.2673],[109.1929,12.2654],[109.1948,12.2627],[109.1897,12.2624],[109.187,12.2602],[109.1923,12.2588],[109.1954,12.2588],[109.1991,12.2616],[109.1999,12.2636],[109.2017,12.2653],[109.2058,12.2665],[109.207,12.2702],[109.2043,12.2724],[109.2026,12.2758],[109.203,12.2816],[109.2067,12.2901],[109.2107,12.2912],[109.2178,12.2948],[109.2202,12.2954],[109.2247,12.2943],[109.2261,12.2951],[109.2299,12.2935],[109.2344,12.2946],[109.237,12.2993],[109.2412,12.3017],[109.2423,12.3046],[109.2396,12.3071],[109.2346,12.3078],[109.2321,12.3115],[109.2293,12.3124],[109.2258,12.3166],[109.2233,12.3174],[109.2214,12.3215],[109.2174,12.3223],[109.2165,12.3237],[109.2125,12.3239],[109.2108,12.3257],[109.2093,12.3316],[109.2061,12.3343],[109.202,12.3358],[109.2014,12.3389],[109.2038,12.3423],[109.2026,12.3448],[109.1988,12.3481],[109.1997,12.3516],[109.1982,12.3576],[109.1957,12.3601],[109.1963,12.3627],[109.1985,12.366],[109.1973,12.3707],[109.1968,12.378]]]]},"properties":{"ma_xa":"22333","ten_xa":"Bắc Nha Trang","sap_nhap":"Vĩnh Hòa, Vĩnh Hải, Vĩnh Phước, Vĩnh Thọ, Vĩnh Lương, Vĩnh Phương","tru_so":"đang cập nhật","loai":"Phường","cap":2,"stt":2,"dtich_km2":97,"dan_so":128239,"matdo_km2":1322.05,"ma_tinh":"56","ten_tinh":"Khánh Hòa"}},
{"type":"Feature","geometry":{"type":"Polygon","coordinates":[[[109.0853,12.7439],[109.0844,12.7431],[109.0785,12.7443],[109.0736,12.7467],[109.0729,12.749],[109.0681,12.7536],[109.065,12.7513],[109.0585,12.7446],[109.0557,12.7471],[109.0536,12.7458],[109.0487,12.7476],[109.0458,12.747],[109.0431,12.7444],[109.0386,12.7458],[109.0372,12.744],[109.0393,12.7393],[109.0382,12.7367],[109.0333,12.7367],[109.0313,12.7349],[109.0278,12.7347],[109.0248,12.7362],[109.0208,12.7318],[109.0161,12.7301],[109.0146,12.7279],[109.0163,12.7263],[109.0179,12.7227],[109.0117,12.7192],[109.0087,12.7191],[109.0049,12.7163],[109.0042,12.7141],[108.9912,12.7047],[108.9866,12.7039],[108.9877,12.7005],[108.9863,12.6974],[108.9893,12.6928],[108.9869,12.6894],[108.9897,12.6867],[108.9932,12.6861],[108.9937,12.684],[109.0034,12.6828],[109.0058,12.6833],[109.0127,12.682],[109.0163,12.68],[109.0164,12.6783],[109.0202,12.6734],[109.027,12.6752],[109.029,12.6741],[109.0332,12.6751],[109.0359,12.6767],[109.0357,12.6713],[109.0372,12.6693],[109.0334,12.6671],[109.0322,12.6546],[109.0312,12.6532],[109.0343,12.6508],[109.0369,12.6446],[109.0439,12.641],[109.0459,12.6358],[109.0493,12.6315],[109.0514,12.6267],[109.0534,12.6258],[109.0567,12.6262],[109.059,12.6248],[109.0611,12.6209],[109.06,12.6179],[109.0622,12.6153],[109.0666,12.6137],[109.0681,12.6117],[109.0716,12.6109],[109.0719,12.6091],[109.0707,12.5999],[109.0723,12.5968],[109.0745,12.5968],[109.0784,12.5949],[109.0805,12.5957],[109.0834,12.5929],[109.0865,12.5921],[109.0876,12.5907],[109.1015,12.5786],[109.1039,12.5709],[109.1068,12.5731],[109.1106,12.5734],[109.1141,12.5762],[109.1179,12.5779],[109.1199,12.5816],[109.1216,12.5804],[109.1199,12.5758],[109.1201,12.571],[109.1191,12.5691],[109.1214,12.5678],[109.1247,12.5632],[109.1268,12.5655],[109.1281,12.5636],[109.1265,12.5601],[109.1262,12.5558],[109.1287,12.5533],[109.127,12.5508],[109.1286,12.5476],[109.133,12.546],[109.1367,12.5469],[109.1399,12.549],[109.1447,12.549],[109.1492,12.5477],[109.1499,12.5444],[109.1486,12.5313],[109.1442,12.5271],[109.145,12.5237],[109.1565,12.5175],[109.168,12.5122],[109.1722,12.5112],[109.1738,12.509],[109.1804,12.5065],[109.1832,12.5038],[109.1868,12.5028],[109.1888,12.4993],[109.1898,12.496],[109.1931,12.4904],[109.1961,12.4912],[109.1978,12.4898],[109.2021,12.4976],[109.1992,12.5049],[109.1985,12.5077],[109.1975,12.5196],[109.2009,12.522],[109.2002,12.5243],[109.1938,12.5277],[109.194,12.5357],[109.1951,12.5361],[109.1947,12.5408],[109.1928,12.5421],[109.1928,12.5481],[109.1987,12.5508],[109.2017,12.5502],[109.2019,12.5548],[109.2032,12.5557],[109.2092,12.5557],[109.2125,12.5549],[109.2111,12.5607],[109.2098,12.5627],[109.2098,12.5688],[109.2056,12.5698],[109.1989,12.5691],[109.1956,12.5761],[109.1974,12.58],[109.1987,12.5803],[109.2009,12.5848],[109.2009,12.5871],[109.196,12.588],[109.1915,12.5874],[109.1908,12.586],[109.1731,12.5841],[109.1687,12.5824],[109.1651,12.5823],[109.1637,12.5853],[109.1585,12.5861],[109.1588,12.5885],[109.1565,12.5942],[109.158,12.6125],[109.1535,12.624],[109.1523,12.6279],[109.1446,12.6326],[109.1318,12.6386],[109.1156,12.6412],[109.1171,12.6439],[109.121,12.6474],[109.1214,12.6517],[109.1244,12.6554],[109.1261,12.6613],[109.1291,12.6646],[109.1288,12.6674],[109.1238,12.6724],[109.1197,12.6755],[109.1145,12.6761],[109.1126,12.6788],[109.1081,12.6814],[109.1111,12.6915],[109.1107,12.693],[109.1067,12.699],[109.1039,12.7022],[109.105,12.7057],[109.1048,12.7102],[109.1071,12.7155],[109.1066,12.7201],[109.1031,12.724],[109.0968,12.7264],[109.0992,12.7297],[109.0949,12.7355],[109.0915,12.7363],[109.0876,12.7381],[109.0853,12.7407],[109.0853,12.7439]]]},"properties":{"ma_xa":"22546","ten_xa":"Bắc Ninh Hòa","sap_nhap":"Ninh An, Ninh Sơn, Ninh Thọ","tru_so":"đang cập nhật","loai":"Xã","cap":2,"stt":10,"dtich_km2":237,"dan_so":32329,"matdo_km2":136.41,"ma_tinh":"56","ten_tinh":"Khánh Hòa"}},
{"type":"Feature","geometry":{"type":"Polygon","coordinates":[[[108.9428,11.5798],[108.9459,11.5833],[108.9499,11.589],[108.9563,11.5902],[108.9625,11.5879],[108.9648,11.5854],[108.9678,11.5774],[108.9704,11.5731],[108.9731,11.5712],[108.9811,11.5691],[108.9835,11.5768],[108.9877,11.5877],[108.9962,11.5862],[108.9961,11.5907],[108.9949,11.5919],[108.9963,11.5957],[108.9947,11.5972],[108.9955,11.6022],[108.9988,11.6047],[109.0036,11.6037],[108.9983,11.6096],[108.9941,11.6146],[108.9929,11.6133],[108.987,11.6162],[108.9829,11.6164],[108.9785,11.6203],[108.9762,11.6173],[108.9733,11.6168],[108.967,11.6236],[108.9619,11.62],[108.9639,11.6161],[108.9618,11.6132],[108.9667,11.6078],[108.9663,11.6038],[108.9669,11.5991],[108.9636,11.5972],[108.9579,11.5972],[108.954,11.5959],[108.9525,11.5932],[108.9492,11.5946],[108.9481,11.592],[108.9437,11.5933],[108.9402,11.5963],[108.9415,11.5932],[108.9375,11.5937],[108.9353,11.5917],[108.933,11.5938],[108.9298,11.5916],[108.9309,11.59],[108.9338,11.5894],[108.9366,11.5855],[108.936,11.5831],[108.9405,11.5815],[108.9428,11.5798]]]},"properties":{"ma_xa":"22741","ten_xa":"Bảo An","sap_nhap":"Phước Mỹ, Bảo An, Thành Hải","tru_so":"đang cập nhật","loai":"Phường","cap":2,"stt":45,"dtich_km2":18.5,"dan_so":45995,"matdo_km2":2486.22,"ma_tinh":"56","ten_tinh":"Khánh Hòa"}},
{"type":"Feature","geometry":{"type":"Polygon","coordinates":[[[108.9593,11.3156],[108.9605,11.3194],[108.9612,11.3258],[108.9584,11.3277],[108.9553,11.3365],[108.9518,11.3441],[108.942,11.3685],[108.9335,11.3789],[108.9226,11.3974],[108.9206,11.3929],[108.9178,11.3915],[108.9144,11.3874],[108.91,11.3855],[108.91,11.3813],[108.9039,11.384],[108.9004,11.3824],[108.8941,11.3816],[108.8911,11.3819],[108.8866,11.3762],[108.8841,11.3758],[108.88,11.381],[108.8755,11.3814],[108.8735,11.3806],[108.8719,11.3776],[108.8667,11.3776],[108.8631,11.3792],[108.8565,11.3811],[108.8557,11.3799],[108.8515,11.3791],[108.8488,11.3794],[108.844,11.3771],[108.8455,11.366],[108.8492,11.3641],[108.8505,11.3616],[108.8544,11.3592],[108.8569,11.3562],[108.8655,11.3518],[108.8703,11.355],[108.8745,11.3535],[108.8766,11.3544],[108.8761,11.3404],[108.8733,11.3354],[108.8696,11.3339],[108.8663,11.3335],[108.8738,11.3327],[108.8753,11.3362],[108.8803,11.3377],[108.8863,11.3375],[108.8876,11.3342],[108.8942,11.3302],[108.8997,11.3253],[108.9095,11.3192],[108.9179,11.3146],[108.9189,11.3113],[108.9188,11.3078],[108.9243,11.3106],[108.9284,11.3095],[108.9292,11.3078],[108.9348,11.3079],[108.9379,11.3115],[108.941,11.3113],[108.944,11.313],[108.9486,11.3144],[108.95,11.3129],[108.9529,11.3147],[108.9593,11.3156]]]},"properties":{"ma_xa":"22909","ten_xa":"Cà Ná","sap_nhap":"Phước Diêm, Cà Ná","tru_so":"đang cập nhật","loai":"Xã","cap":2,"stt":51,"dtich_km2":63.9,"dan_so":24903,"matdo_km2":389.72,"ma_tinh":"56","ten_tinh":"Khánh Hòa"}},
{"type":"Feature","geometry":{"type":"Polygon","coordinates":[[[109.1375,12.0087],[109.1348,12.0088],[109.1262,12.0107],[109.1263,12.0118],[109.1176,12.0131],[109.1178,12.0239],[109.1063,12.024],[109.1036,12.0236],[109.1026,12.0254],[109.0989,12.0277],[109.0963,12.0274],[109.0941,12.0306],[109.0888,12.0324],[109.0882,12.0306],[109.0822,12.0292],[109.0782,12.031],[109.073,12.0294],[109.07,12.0268],[109.0647,12.0249],[109.0615,12.031],[109.0622,12.0338],[109.0613,12.0365],[109.0588,12.0384],[109.0577,12.0432],[109.0564,12.0445],[109.0523,12.0438],[109.0484,12.0416],[109.0395,12.0383],[109.039,12.0424],[109.037,12.0446],[109.033,12.0465],[109.0299,12.0503],[109.0277,12.0489],[109.0247,12.0504],[109.0182,12.0506],[109.0164,12.0525],[109.0017,12.052],[109.0001,12.0522],[109.0017,12.0497],[109.0037,12.0492],[109.0056,12.0466],[109.0056,12.0428],[109.003,12.039],[108.993,12.0338],[108.993,12.0313],[108.9956,12.027],[109.0019,12.027],[109.0031,12.0242],[109.0025,12.0174],[109.0008,12.0139],[109.0062,12.0099],[109.0078,12.0067],[109.0029,11.9982],[109.003,11.9933],[109.0019,11.9891],[109.0041,11.9879],[109.0058,11.9853],[109.0063,11.9819],[109.0053,11.9729],[109.0056,11.971],[109.0037,11.9652],[109.0059,11.9605],[109.0097,11.9594],[109.0147,11.9595],[109.0164,11.9602],[109.0203,11.9598],[109.0235,11.9578],[109.0307,11.9565],[109.0328,11.9543],[109.0364,11.9542],[109.0387,11.9526],[109.0389,11.9505],[109.0446,11.952],[109.0472,11.9516],[109.0493,11.9499],[109.0526,11.9489],[109.0573,11.9449],[109.0618,11.9365],[109.0632,11.9408],[109.0672,11.9435],[109.0686,11.9469],[109.0713,11.9494],[109.0801,11.9535],[109.0816,11.9561],[109.0863,11.954],[109.0871,11.9568],[109.0899,11.9557],[109.0919,11.9587],[109.0936,11.9578],[109.0978,11.9581],[109.1018,11.9593],[109.1043,11.9619],[109.1045,11.9653],[109.1062,11.9683],[109.1103,11.9719],[109.1125,11.9718],[109.1147,11.9699],[109.1189,11.9682],[109.1242,11.9635],[109.1268,11.9577],[109.1299,11.9569],[109.1323,11.959],[109.1332,11.9647],[109.1381,11.9708],[109.1407,11.9725],[109.1398,11.9747],[109.1446,11.9846],[109.1459,11.9856],[109.1452,11.991],[109.1438,11.9954],[109.1435,12.0032],[109.1415,12.0035],[109.1409,12.0086],[109.1375,12.0087]]]},"properties":{"ma_xa":"22465","ten_xa":"Cam An","sap_nhap":"Cam Phước Tây, Cam An Bắc (1 phần), Cam An Nam (1 phần)","tru_so":"đang cập nhật","loai":"Xã","cap":2,"stt":32,"dtich_km2":122,"dan_so":19534,"matdo_km2":160.11,"ma_tinh":"56","ten_tinh":"Khánh Hòa"}},
{"type":"Feature","geometry":{"type":"Polygon","coordinates":[[[109.1272,12.0782],[109.1231,12.0774],[109.1211,12.0807],[109.1197,12.0857],[109.1154,12.0869],[109.1133,12.0895],[109.1095,12.089],[109.1077,12.0898],[109.1049,12.0935],[109.1008,12.1035],[109.092,12.1163],[109.076,12.1322],[109.0692,12.1412],[109.0679,12.1454],[109.0645,12.1505],[109.0604,12.1612],[109.0527,12.1624],[109.0519,12.1552],[109.0502,12.1516],[109.0478,12.1487],[109.0434,12.1453],[109.0445,12.141],[109.0438,12.1399],[109.0393,12.14],[109.0381,12.1387],[109.0394,12.1363],[109.0375,12.1339],[109.0378,12.1315],[109.0344,12.1313],[109.0313,12.1291],[109.0291,12.1306],[109.0263,12.1301],[109.024,12.1316],[109.0197,12.1322],[109.0149,12.128],[109.0165,12.1245],[109.0147,12.1235],[109.0135,12.1208],[109.0091,12.1234],[109.007,12.1215],[109.0046,12.1235],[109.0027,12.1225],[109.0007,12.1194],[109.0013,12.1147],[108.9989,12.1134],[108.992,12.1077],[108.9918,12.106],[108.9881,12.1023],[108.988,12.1009],[108.984,12.098],[108.9818,12.0952],[108.9768,12.0924],[108.9707,12.0871],[108.9693,12.0845],[108.9676,12.0845],[108.9661,12.0816],[108.9618,12.0801],[108.96,12.078],[108.9568,12.0775],[108.9531,12.0746],[108.9493,12.0749],[108.9462,12.0761],[108.9454,12.0784],[108.944,12.0758],[108.947,12.0733],[108.9523,12.0711],[108.955,12.0719],[108.9613,12.07],[108.9667,12.0709],[108.9717,12.0725],[108.9755,12.0708],[108.9769,12.069],[108.9795,12.0694],[108.9829,12.0677],[108.9844,12.0639],[108.9904,12.0608],[108.9944,12.0564],[108.9963,12.0563],[109.0001,12.0522],[109.0017,12.052],[109.0164,12.0525],[109.0182,12.0506],[109.0247,12.0504],[109.0277,12.0489],[109.0299,12.0503],[109.033,12.0465],[109.037,12.0446],[109.039,12.0424],[109.0395,12.0383],[109.0484,12.0416],[109.0523,12.0438],[109.0564,12.0445],[109.0577,12.0432],[109.0588,12.0384],[109.0613,12.0365],[109.0622,12.0338],[109.0615,12.031],[109.0647,12.0249],[109.07,12.0268],[109.073,12.0294],[109.0782,12.031],[109.0822,12.0292],[109.0882,12.0306],[109.0888,12.0324],[109.0941,12.0306],[109.0963,12.0274],[109.0989,12.0277],[109.1026,12.0254],[109.1036,12.0236],[109.1063,12.024],[109.1178,12.0239],[109.1176,12.0131],[109.1263,12.0118],[109.1262,12.0107],[109.1348,12.0088],[109.1375,12.0087],[109.1377,12.0125],[109.1342,12.0137],[109.1356,12.0205],[109.1367,12.0235],[109.1376,12.0319],[109.1352,12.0318],[109.1353,12.0346],[109.132,12.035],[109.1316,12.0413],[109.1257,12.0518],[109.1251,12.059],[109.1255,12.0609],[109.1286,12.0616],[109.1269,12.0655],[109.1295,12.067],[109.1294,12.0747],[109.1274,12.076],[109.1272,12.0782]]]},"properties":{"ma_xa":"22435","ten_xa":"Cam Hiệp","sap_nhap":"Sơn Tân, Cam Hiệp Bắc (1 phần), Cam Hiệp Nam (1 phần), Cam Hòa (1 phần), Cam Tân (1 phần), Suối Tân (1 phần)","tru_so":"đang cập nhật","loai":"Xã","cap":2,"stt":31,"dtich_km2":115.1,"dan_so":5000,"matdo_km2":43.44,"ma_tinh":"56","ten_tinh":"Khánh Hòa"}},
{"type":"Feature","geometry":{"type":"MultiPolygon","coordinates":[[[[109.3261,12.0461],[109.3223,12.0413],[109.3216,12.0382],[109.3248,12.0338],[109.326,12.037],[109.3254,12.0409],[109.3242,12.0426],[109.3261,12.0461]]],[[[109.1785,12.0674],[109.1749,12.0668],[109.1758,12.0628],[109.1759,12.058],[109.1767,12.0553],[109.1771,12.0494],[109.1813,12.0499],[109.1813,12.0558],[109.1798,12.0602],[109.1785,12.0674]]],[[[109.2236,12.1408],[109.2213,12.1427],[109.2191,12.1428],[109.2159,12.1464],[109.2126,12.147],[109.2071,12.1463],[109.2026,12.1464],[109.198,12.1454],[109.1942,12.1481],[109.1915,12.1479],[109.19,12.1506],[109.1866,12.1461],[109.1818,12.1457],[109.1773,12.1484],[109.1705,12.1489],[109.1692,12.1501],[109.1652,12.1479],[109.1607,12.1502],[109.1603,12.1534],[109.1563,12.1537],[109.1514,12.1554],[109.1489,12.1607],[109.1448,12.1616],[109.1433,12.1638],[109.1384,12.1594],[109.1329,12.1582],[109.1274,12.1535],[109.1262,12.151],[109.1232,12.1478],[109.1217,12.145],[109.1221,12.1366],[109.1231,12.1345],[109.1238,12.128],[109.1222,12.123],[109.1256,12.1171],[109.1318,12.113],[109.1424,12.1068],[109.1457,12.1013],[109.143,12.097],[109.1393,12.0949],[109.1394,12.0926],[109.1374,12.0882],[109.1301,12.0858],[109.1273,12.0816],[109.1272,12.0782],[109.1274,12.076],[109.1294,12.0747],[109.1295,12.067],[109.1269,12.0655],[109.1286,12.0616],[109.1255,12.0609],[109.1251,12.059],[109.1257,12.0518],[109.1316,12.0413],[109.132,12.035],[109.1353,12.0346],[109.1352,12.0318],[109.1376,12.0319],[109.1367,12.0235],[109.1356,12.0205],[109.1342,12.0137],[109.1377,12.0125],[109.1375,12.0087],[109.1409,12.0086],[109.1415,12.0035],[109.1476,12.0081],[109.1649,12.0107],[109.1647,12.0127],[109.1697,12.0134],[109.1752,12.0115],[109.1757,12.0137],[109.1842,12.0148],[109.1872,12.0186],[109.1914,12.0175],[109.1956,12.0201],[109.1964,12.0227],[109.1991,12.025],[109.1928,12.0285],[109.1925,12.0299],[109.1892,12.0332],[109.1793,12.0383],[109.1757,12.0407],[109.171,12.047],[109.1734,12.0535],[109.1731,12.0612],[109.1724,12.0653],[109.1764,12.0682],[109.1786,12.0683],[109.1774,12.0787],[109.1761,12.0825],[109.1762,12.0855],[109.1741,12.0886],[109.1705,12.0909],[109.1651,12.0933],[109.1623,12.0963],[109.1592,12.0976],[109.1548,12.1019],[109.1537,12.1056],[109.1567,12.108],[109.1586,12.1125],[109.1644,12.1183],[109.1679,12.1186],[109.1746,12.1174],[109.178,12.1124],[109.1813,12.1116],[109.1819,12.1098],[109.1798,12.1065],[109.1766,12.1037],[109.1733,12.1034],[109.1715,12.1014],[109.1733,12.0982],[109.1777,12.092],[109.1786,12.0816],[109.1797,12.0774],[109.1819,12.0741],[109.183,12.0676],[109.184,12.0515],[109.1888,12.0545],[109.1923,12.0491],[109.193,12.0445],[109.1999,12.0427],[109.2012,12.0408],[109.2026,12.0351],[109.2026,12.0298],[109.204,12.0254],[109.2208,12.0251],[109.2183,12.0294],[109.2121,12.0431],[109.2052,12.0564],[109.2023,12.0633],[109.1979,12.0785],[109.1955,12.0887],[109.1949,12.0944],[109.1946,12.1073],[109.1957,12.1154],[109.1967,12.1176],[109.1992,12.1186],[109.2056,12.1179],[109.2071,12.1185],[109.2119,12.1231],[109.2119,12.1281],[109.2142,12.1372],[109.2174,12.1401],[109.2236,12.1408]]]]},"properties":{"ma_xa":"22453","ten_xa":"Cam Lâm","sap_nhap":"Cam Đức (thị trấn), Cam Hải Đông, Cam Hải Tây, Cam Thành Bắc, Cam Hiệp Bắc (1 phần), Cam Hiệp Nam (1 phần), Cam Hòa (1 phần), Cam Tân (1 phần), Cam An Bắc (1 phần), Cam An Nam (1 phần), Suối Tân (1 phần)","tru_so":"đang cập nhật","loai":"Xã","cap":2,"stt":29,"dtich_km2":149.9,"dan_so":86530,"matdo_km2":577.25,"ma_tinh":"56","ten_tinh":"Khánh Hòa"}},
{"type":"Feature","geometry":{"type":"Polygon","coordinates":[[[109.162,11.9135],[109.1536,11.9228],[109.1498,11.9196],[109.1494,11.9181],[109.1421,11.9169],[109.1401,11.9159],[109.1335,11.9127],[109.1344,11.9107],[109.1388,11.9105],[109.1409,11.9096],[109.1403,11.9064],[109.1431,11.9024],[109.1416,11.8984],[109.1461,11.8978],[109.1468,11.8955],[109.1502,11.8973],[109.1536,11.8979],[109.1553,11.9014],[109.1513,11.9042],[109.1529,11.9071],[109.1568,11.9098],[109.1591,11.9105],[109.1627,11.9058],[109.1652,11.9057],[109.1675,11.9083],[109.1673,11.9102],[109.1632,11.9117],[109.162,11.9135]]]},"properties":{"ma_xa":"22432","ten_xa":"Cam Linh","sap_nhap":"Cam Thuận, Cam Lợi, Cam Linh","tru_so":"đang cập nhật","loai":"Phường","cap":2,"stt":7,"dtich_km2":4.8,"dan_so":33052,"matdo_km2":6885.83,"ma_tinh":"56","ten_tinh":"Khánh Hòa"}},
{"type":"Feature","geometry":{"type":"Polygon","coordinates":[[[109.1877,11.9493],[109.1813,11.9527],[109.1777,11.953],[109.1755,11.9555],[109.1728,11.9552],[109.1709,11.9566],[109.1679,11.9556],[109.1574,11.9497],[109.1561,11.9499],[109.152,11.9469],[109.1488,11.9496],[109.1466,11.9495],[109.1448,11.9459],[109.1427,11.9435],[109.1406,11.9384],[109.1387,11.9359],[109.1333,11.9346],[109.1304,11.9326],[109.1335,11.926],[109.1385,11.921],[109.1381,11.9194],[109.1401,11.9159],[109.1421,11.9169],[109.1494,11.9181],[109.1498,11.9196],[109.1536,11.9228],[109.162,11.9135],[109.1619,11.9164],[109.1638,11.9185],[109.1666,11.9156],[109.1689,11.9204],[109.1704,11.9192],[109.1725,11.9234],[109.1771,11.926],[109.1823,11.9326],[109.1794,11.9353],[109.1815,11.938],[109.1858,11.9386],[109.1899,11.9402],[109.1862,11.9433],[109.1874,11.9452],[109.1863,11.9469],[109.1877,11.9493]]]},"properties":{"ma_xa":"22420","ten_xa":"Cam Ranh","sap_nhap":"Cam Phú, Cam Lộc, Cam Phúc Nam","tru_so":"đang cập nhật","loai":"Phường","cap":2,"stt":6,"dtich_km2":17.5,"dan_so":31237,"matdo_km2":1784.97,"ma_tinh":"56","ten_tinh":"Khánh Hòa"}},
{"type":"Feature","geometry":{"type":"Polygon","coordinates":[[[109.195,11.8115],[109.1855,11.8131],[109.1836,11.8121],[109.1687,11.8102],[109.1502,11.8065],[109.1278,11.8044],[109.1157,11.803],[109.1104,11.8075],[109.1078,11.8066],[109.1063,11.8098],[109.0924,11.8166],[109.0894,11.8258],[109.0755,11.8346],[109.0711,11.8406],[109.0582,11.8608],[109.0576,11.8559],[109.0561,11.853],[109.0544,11.8448],[109.0456,11.8458],[109.0401,11.84],[109.0373,11.8428],[109.0326,11.846],[109.0287,11.8443],[109.0136,11.8308],[109.0173,11.8242],[109.0162,11.8219],[109.0132,11.8189],[109.0052,11.8143],[109.0026,11.8113],[108.9991,11.809],[108.9932,11.8039],[108.9898,11.7943],[108.9885,11.7919],[108.9903,11.786],[108.9942,11.7901],[108.9986,11.793],[109.0023,11.7934],[109.0052,11.7928],[109.0097,11.7942],[109.0123,11.793],[109.0134,11.7899],[109.0161,11.7899],[109.0191,11.7878],[109.0215,11.7877],[109.0252,11.7849],[109.0288,11.7846],[109.0364,11.7852],[109.0395,11.7835],[109.0408,11.7811],[109.0437,11.7798],[109.0459,11.7769],[109.0497,11.7759],[109.0542,11.7717],[109.0744,11.7629],[109.0857,11.7693],[109.1057,11.7673],[109.1114,11.754],[109.1134,11.7482],[109.1212,11.7355],[109.1256,11.728],[109.1284,11.7324],[109.1309,11.7332],[109.1349,11.7403],[109.1396,11.7406],[109.1426,11.7463],[109.1439,11.7575],[109.1451,11.7597],[109.1487,11.7617],[109.1515,11.765],[109.154,11.7648],[109.165,11.7703],[109.1786,11.7794],[109.1801,11.7812],[109.1837,11.7824],[109.1889,11.7861],[109.1876,11.7888],[109.1857,11.7967],[109.1855,11.8063],[109.1879,11.8106],[109.1952,11.8098],[109.195,11.8115]]]},"properties":{"ma_xa":"22840","ten_xa":"Công Hải","sap_nhap":"Phước Chiến, Công Hải","tru_so":"đang cập nhật","loai":"Xã","cap":2,"stt":58,"dtich_km2":124.3,"dan_so":14727,"matdo_km2":118.48,"ma_tinh":"56","ten_tinh":"Khánh Hòa"}},
{"type":"Feature","geometry":{"type":"MultiPolygon","coordinates":[[[[109.2983,12.6325],[109.3038,12.6347],[109.3029,12.6377],[109.301,12.6378],[109.2968,12.6351],[109.2983,12.6325]]],[[[109.3249,12.6372],[109.319,12.6397],[109.3141,12.6352],[109.3113,12.634],[109.3041,12.6293],[109.3024,12.6204],[109.3047,12.6155],[109.3082,12.6107],[109.3169,12.607],[109.317,12.6036],[109.3217,12.6076],[109.3269,12.6094],[109.3297,12.6093],[109.3331,12.6077],[109.3395,12.6022],[109.3397,12.5997],[109.338,12.5915],[109.3385,12.5902],[109.3448,12.5893],[109.3478,12.5858],[109.3501,12.5867],[109.3552,12.582],[109.3602,12.5817],[109.3605,12.5791],[109.3643,12.5784],[109.3678,12.5743],[109.3673,12.5714],[109.3743,12.5667],[109.3844,12.5661],[109.386,12.5599],[109.3896,12.5592],[109.3901,12.5564],[109.3932,12.555],[109.3943,12.5526],[109.3997,12.5491],[109.4018,12.5487],[109.4043,12.5509],[109.4085,12.5506],[109.4101,12.5534],[109.4126,12.5545],[109.4133,12.5572],[109.4096,12.562],[109.4074,12.5627],[109.406,12.5655],[109.4042,12.5664],[109.4007,12.5706],[109.398,12.5706],[109.3997,12.5758],[109.3972,12.5829],[109.3949,12.5852],[109.3971,12.5896],[109.3968,12.5937],[109.39,12.598],[109.3888,12.6016],[109.3851,12.6054],[109.3864,12.6092],[109.3845,12.6143],[109.386,12.6157],[109.3854,12.6183],[109.3856,12.6236],[109.3817,12.6263],[109.3765,12.6284],[109.3692,12.6306],[109.365,12.6324],[109.3623,12.6322],[109.3583,12.6298],[109.3555,12.6261],[109.3483,12.6263],[109.3444,12.6281],[109.3442,12.6317],[109.3383,12.6315],[109.3331,12.6354],[109.3249,12.6372]]],[[[109.3071,12.6352],[109.3094,12.6354],[109.3106,12.6389],[109.3081,12.6403],[109.3054,12.638],[109.3071,12.6352]]],[[[109.2956,12.6404],[109.2923,12.6383],[109.293,12.6358],[109.2957,12.6368],[109.2956,12.6404]]],[[[109.3176,12.6404],[109.3188,12.6444],[109.316,12.6437],[109.3176,12.6404]]],[[[109.3501,12.6507],[109.3491,12.6522],[109.3434,12.6506],[109.3401,12.6516],[109.3386,12.6479],[109.3424,12.6424],[109.3449,12.6416],[109.3478,12.6425],[109.3471,12.6459],[109.3501,12.6507]]],[[[109.3948,12.6544],[109.3933,12.6515],[109.3942,12.6485],[109.399,12.6449],[109.402,12.6457],[109.4,12.6492],[109.403,12.6506],[109.3994,12.6532],[109.3948,12.6544]]],[[[109.3882,12.8427],[109.377,12.8533],[109.3726,12.8606],[109.372,12.8638],[109.3656,12.8691],[109.3623,12.8649],[109.3629,12.8616],[109.3617,12.8598],[109.3575,12.858],[109.356,12.8594],[109.3492,12.8572],[109.3444,12.854],[109.3417,12.8507],[109.3412,12.848],[109.3384,12.8497],[109.3367,12.8489],[109.3289,12.8483],[109.3285,12.8442],[109.327,12.8414],[109.3242,12.8407],[109.3212,12.8387],[109.3238,12.8289],[109.3144,12.8157],[109.3208,12.8074],[109.3258,12.7983],[109.3258,12.7955],[109.3271,12.7928],[109.3309,12.7931],[109.3369,12.7973],[109.3381,12.7972],[109.3445,12.7998],[109.3447,12.7985],[109.35,12.7997],[109.3523,12.798],[109.3552,12.7865],[109.3532,12.7697],[109.3532,12.7638],[109.3558,12.7565],[109.3582,12.7559],[109.3587,12.7521],[109.3606,12.7439],[109.3623,12.7424],[109.3694,12.729],[109.3722,12.7248],[109.374,12.7195],[109.3754,12.7173],[109.3786,12.7164],[109.3797,12.7125],[109.3768,12.7089],[109.3729,12.7077],[109.3685,12.708],[109.3656,12.7033],[109.3698,12.701],[109.3698,12.6978],[109.371,12.6946],[109.3658,12.6899],[109.3643,12.6902],[109.3588,12.6887],[109.3573,12.6944],[109.3547,12.6941],[109.3488,12.685],[109.3466,12.6787],[109.3475,12.6756],[109.3443,12.6684],[109.344,12.6657],[109.3402,12.6656],[109.3332,12.6614],[109.3346,12.6582],[109.3368,12.6564],[109.3377,12.6517],[109.3395,12.6526],[109.3417,12.6575],[109.3451,12.6605],[109.3504,12.6627],[109.3535,12.6602],[109.3554,12.6522],[109.3581,12.6526],[109.3622,12.6505],[109.3607,12.6463],[109.3643,12.6422],[109.3679,12.6466],[109.3646,12.6527],[109.3701,12.6559],[109.3705,12.6601],[109.3679,12.6623],[109.3663,12.6658],[109.368,12.6723],[109.3706,12.6742],[109.3744,12.6743],[109.3771,12.6709],[109.38,12.6699],[109.389,12.6708],[109.3926,12.6688],[109.3947,12.6722],[109.3921,12.6756],[109.3917,12.6779],[109.3938,12.6824],[109.3964,12.6842],[109.3969,12.6775],[109.4005,12.6755],[109.4022,12.6705],[109.4049,12.6691],[109.4064,12.6713],[109.4076,12.6618],[109.4099,12.654],[109.4114,12.6535],[109.4114,12.6495],[109.4083,12.6431],[109.4093,12.6415],[109.4094,12.6345],[109.4082,12.6333],[109.4042,12.6349],[109.4009,12.6343],[109.3929,12.631],[109.3899,12.6288],[109.3924,12.6235],[109.3952,12.6207],[109.3972,12.6145],[109.3981,12.6098],[109.3974,12.6072],[109.4001,12.606],[109.403,12.608],[109.4056,12.6028],[109.4082,12.6021],[109.4105,12.6051],[109.4144,12.6034],[109.4153,12.5991],[109.4136,12.5947],[109.4152,12.5897],[109.4132,12.5886],[109.4122,12.5858],[109.415,12.5837],[109.4147,12.5805],[109.4157,12.5771],[109.4183,12.5761],[109.4206,12.5774],[109.4227,12.5748],[109.4254,12.5735],[109.4282,12.5757],[109.4289,12.5721],[109.4323,12.5662],[109.4317,12.5635],[109.436,12.5644],[109.4404,12.5685],[109.4404,12.5718],[109.4392,12.5737],[109.4405,12.576],[109.4404,12.58],[109.4354,12.5856],[109.4372,12.5885],[109.4361,12.5903],[109.4358,12.5947],[109.43,12.596],[109.4298,12.6005],[109.4317,12.6038],[109.4348,12.6045],[109.4333,12.6077],[109.4335,12.6121],[109.4368,12.6145],[109.4348,12.6168],[109.436,12.6201],[109.4343,12.6266],[109.4368,12.6308],[109.4341,12.6341],[109.4354,12.6424],[109.4382,12.6477],[109.4405,12.6472],[109.4456,12.6478],[109.4469,12.65],[109.4509,12.649],[109.4543,12.6506],[109.4567,12.6477],[109.4595,12.6494],[109.4571,12.653],[109.4584,12.6572],[109.4562,12.6636],[109.454,12.6662],[109.4537,12.6685],[109.4504,12.6673],[109.4471,12.6676],[109.4444,12.6644],[109.4421,12.6643],[109.4403,12.6689],[109.4404,12.672],[109.4364,12.6687],[109.4324,12.6687],[109.4298,12.6676],[109.4269,12.6682],[109.4214,12.675],[109.4151,12.6843],[109.4107,12.6927],[109.4117,12.6965],[109.4135,12.696],[109.4163,12.7014],[109.4168,12.7045],[109.4135,12.7033],[109.4108,12.7005],[109.406,12.7001],[109.4032,12.702],[109.3926,12.7179],[109.3843,12.7326],[109.3787,12.7436],[109.3702,12.7631],[109.3652,12.7762],[109.3622,12.7851],[109.3598,12.7946],[109.3589,12.8049],[109.3591,12.8109],[109.36,12.8131],[109.3632,12.815],[109.3613,12.8172],[109.3571,12.819],[109.3572,12.8225],[109.3597,12.8291],[109.3615,12.8327],[109.3655,12.8369],[109.3687,12.8355],[109.3715,12.8368],[109.3765,12.8364],[109.3795,12.8385],[109.3859,12.8409],[109.3882,12.8427]]]]},"properties":{"ma_xa":"22504","ten_xa":"Đại Lãnh","sap_nhap":"Vạn Thạnh, Vạn Thọ, Đại Lãnh","tru_so":"đang cập nhật","loai":"Xã","cap":2,"stt":18,"dtich_km2":171,"dan_so":25644,"matdo_km2":149.96,"ma_tinh":"56","ten_tinh":"Khánh Hòa"}},
{"type":"Feature","geometry":{"type":"Polygon","coordinates":[[[109.1115,12.343],[109.1119,12.3467],[109.1059,12.3493],[109.1026,12.3541],[109.098,12.356],[109.0972,12.3582],[109.0931,12.3616],[109.0917,12.3614],[109.088,12.3596],[109.0874,12.3535],[109.0886,12.3498],[109.0859,12.3468],[109.0847,12.3408],[109.0833,12.3379],[109.0832,12.3346],[109.0814,12.3342],[109.077,12.3282],[109.0755,12.3278],[109.0705,12.3167],[109.0689,12.3169],[109.0579,12.3132],[109.0521,12.3076],[109.0509,12.3044],[109.0512,12.3006],[109.0533,12.2989],[109.0536,12.296],[109.0555,12.2926],[109.0551,12.2892],[109.052,12.2861],[109.053,12.2809],[109.0548,12.2771],[109.0586,12.277],[109.0606,12.2792],[109.0639,12.2798],[109.0676,12.2788],[109.0721,12.2792],[109.0706,12.2745],[109.0663,12.2721],[109.0647,12.2686],[109.0659,12.266],[109.0683,12.2657],[109.0705,12.2632],[109.0721,12.2645],[109.0764,12.2651],[109.085,12.2613],[109.0854,12.2652],[109.0897,12.2649],[109.0969,12.2673],[109.1016,12.2693],[109.1105,12.2702],[109.1105,12.264],[109.1217,12.2638],[109.1254,12.2619],[109.1287,12.2615],[109.1353,12.2654],[109.1394,12.2658],[109.143,12.2695],[109.137,12.2755],[109.1347,12.2755],[109.1334,12.2777],[109.1363,12.28],[109.1362,12.2831],[109.1323,12.2826],[109.1307,12.2926],[109.1278,12.2969],[109.128,12.3016],[109.1311,12.3094],[109.1299,12.3109],[109.1294,12.3156],[109.1301,12.3179],[109.1284,12.3223],[109.1243,12.3273],[109.1236,12.3296],[109.1204,12.331],[109.1173,12.3343],[109.1143,12.3405],[109.1115,12.343]]]},"properties":{"ma_xa":"22657","ten_xa":"Diên Điền","sap_nhap":"Diên Sơn, Diên Phú, Diên Điền","tru_so":"đang cập nhật","loai":"Xã","cap":2,"stt":25,"dtich_km2":63.7,"dan_so":38029,"matdo_km2":597,"ma_tinh":"56","ten_tinh":"Khánh Hòa"}},
{"type":"Feature","geometry":{"type":"Polygon","coordinates":[[[109.1254,12.2619],[109.1217,12.2638],[109.1105,12.264],[109.1105,12.2702],[109.1016,12.2693],[109.0969,12.2673],[109.0897,12.2649],[109.0854,12.2652],[109.085,12.2613],[109.0888,12.2599],[109.0868,12.2571],[109.0922,12.252],[109.0976,12.2526],[109.0962,12.242],[109.0943,12.2363],[109.0938,12.2343],[109.0966,12.2338],[109.0983,12.2275],[109.0997,12.2267],[109.1005,12.2222],[109.1029,12.22],[109.1034,12.2174],[109.1074,12.2161],[109.1114,12.2169],[109.1131,12.2132],[109.1172,12.2131],[109.1222,12.2153],[109.1219,12.2194],[109.1271,12.2255],[109.1301,12.2273],[109.1276,12.2312],[109.1272,12.2349],[109.1252,12.2446],[109.1263,12.2479],[109.1254,12.2495],[109.1191,12.2496],[109.1209,12.2532],[109.1253,12.2546],[109.1256,12.2561],[109.1233,12.2591],[109.1254,12.2619]]]},"properties":{"ma_xa":"22651","ten_xa":"Diên Khánh","sap_nhap":"Diên Khánh (thị trấn), Diên An, Diên Toàn","tru_so":"đang cập nhật","loai":"Xã","cap":2,"stt":23,"dtich_km2":18.4,"dan_so":45223,"matdo_km2":2457.77,"ma_tinh":"56","ten_tinh":"Khánh Hòa"}},
{"type":"Feature","geometry":{"type":"Polygon","coordinates":[[[109.0943,12.2363],[109.0962,12.242],[109.0976,12.2526],[109.0922,12.252],[109.0868,12.2571],[109.0888,12.2599],[109.085,12.2613],[109.0764,12.2651],[109.0721,12.2645],[109.0705,12.2632],[109.0671,12.2614],[109.0625,12.2618],[109.0604,12.2631],[109.0562,12.256],[109.0508,12.2538],[109.0486,12.2547],[109.0444,12.2542],[109.0399,12.2517],[109.0362,12.2518],[109.0335,12.2491],[109.0311,12.2483],[109.0264,12.2453],[109.0205,12.2402],[109.0183,12.2395],[109.0148,12.236],[109.0305,12.2372],[109.0321,12.2357],[109.035,12.2373],[109.0344,12.2409],[109.0376,12.2414],[109.043,12.2435],[109.044,12.2402],[109.0474,12.2405],[109.0531,12.2394],[109.0595,12.2389],[109.061,12.2421],[109.0631,12.2424],[109.0669,12.2446],[109.0723,12.2443],[109.0724,12.241],[109.0768,12.2433],[109.08,12.2416],[109.0812,12.2382],[109.08,12.2355],[109.0923,12.2388],[109.0943,12.2363]]]},"properties":{"ma_xa":"22678","ten_xa":"Diên Lạc","sap_nhap":"Diên Thạnh, Diên Lạc, Diên Hòa","tru_so":"đang cập nhật","loai":"Xã","cap":2,"stt":24,"dtich_km2":14.9,"dan_so":23325,"matdo_km2":1565.44,"ma_tinh":"56","ten_tinh":"Khánh Hòa"}},
{"type":"Feature","geometry":{"type":"Polygon","coordinates":[[[109.0917,12.3614],[109.0924,12.3675],[109.0885,12.3683],[109.0835,12.3747],[109.0783,12.3775],[109.0759,12.3774],[109.0767,12.3808],[109.0733,12.3808],[109.0692,12.3839],[109.0675,12.3882],[109.065,12.3892],[109.0626,12.3846],[109.0608,12.3827],[109.0542,12.3793],[109.0523,12.376],[109.0496,12.3734],[109.0475,12.3638],[109.0433,12.3587],[109.0337,12.3565],[109.0313,12.3567],[109.0201,12.349],[109.0195,12.3468],[109.0164,12.3454],[109.0106,12.3438],[109.0087,12.3415],[109.0058,12.3401],[109.0031,12.341],[108.9963,12.3372],[108.9899,12.3376],[108.9871,12.3353],[108.9794,12.3366],[108.9765,12.3386],[108.9749,12.3423],[108.9777,12.3469],[108.9751,12.3529],[108.971,12.3525],[108.9672,12.3562],[108.9632,12.354],[108.9582,12.3398],[108.9512,12.3373],[108.946,12.3366],[108.9401,12.338],[108.9379,12.3366],[108.937,12.3342],[108.9341,12.3335],[108.9331,12.3285],[108.9335,12.3257],[108.9355,12.3239],[108.9364,12.3187],[108.9344,12.3163],[108.9367,12.3152],[108.9406,12.3169],[108.9436,12.3171],[108.9491,12.3157],[108.9516,12.3134],[108.9495,12.3116],[108.9433,12.303],[108.9435,12.2994],[108.9427,12.2884],[108.9477,12.2894],[108.9497,12.2924],[108.9523,12.2935],[108.955,12.2921],[108.9551,12.2874],[108.9565,12.2812],[108.9605,12.281],[108.9619,12.2838],[108.9683,12.2848],[108.9729,12.282],[108.9761,12.2849],[108.9789,12.2842],[108.982,12.2856],[108.9853,12.2852],[108.9911,12.2784],[108.9989,12.2859],[109.003,12.285],[109.0086,12.285],[109.0114,12.2823],[109.0121,12.2766],[109.0144,12.2735],[109.0198,12.2701],[109.0211,12.2711],[109.0255,12.2707],[109.029,12.2664],[109.0331,12.2641],[109.0361,12.264],[109.0367,12.2673],[109.0388,12.2731],[109.0412,12.2756],[109.0454,12.2768],[109.0486,12.2764],[109.0529,12.2728],[109.0548,12.2694],[109.0604,12.2631],[109.0625,12.2618],[109.0671,12.2614],[109.0705,12.2632],[109.0683,12.2657],[109.0659,12.266],[109.0647,12.2686],[109.0663,12.2721],[109.0706,12.2745],[109.0721,12.2792],[109.0676,12.2788],[109.0639,12.2798],[109.0606,12.2792],[109.0586,12.277],[109.0548,12.2771],[109.053,12.2809],[109.052,12.2861],[109.0551,12.2892],[109.0555,12.2926],[109.0536,12.296],[109.0533,12.2989],[109.0512,12.3006],[109.0509,12.3044],[109.0521,12.3076],[109.0579,12.3132],[109.0689,12.3169],[109.0705,12.3167],[109.0755,12.3278],[109.077,12.3282],[109.0814,12.3342],[109.0832,12.3346],[109.0833,12.3379],[109.0847,12.3408],[109.0859,12.3468],[109.0886,12.3498],[109.0874,12.3535],[109.088,12.3596],[109.0917,12.3614]]]},"properties":{"ma_xa":"22660","ten_xa":"Diên Lâm","sap_nhap":"Xuân Đồng, Diên Lâm","tru_so":"đang cập nhật","loai":"Xã","cap":2,"stt":26,"dtich_km2":117.8,"dan_so":16059,"matdo_km2":136.32,"ma_tinh":"56","ten_tinh":"Khánh Hòa"}},
{"type":"Feature","geometry":{"type":"Polygon","coordinates":[[[109.0604,12.2631],[109.0548,12.2694],[109.0529,12.2728],[109.0486,12.2764],[109.0454,12.2768],[109.0412,12.2756],[109.0388,12.2731],[109.0367,12.2673],[109.0361,12.264],[109.0331,12.2641],[109.029,12.2664],[109.0255,12.2707],[109.0211,12.2711],[109.0198,12.2701],[109.0144,12.2735],[109.0121,12.2766],[109.0114,12.2823],[109.0086,12.285],[109.003,12.285],[108.9989,12.2859],[108.9911,12.2784],[108.9853,12.2852],[108.982,12.2856],[108.9789,12.2842],[108.9761,12.2849],[108.9729,12.282],[108.9683,12.2848],[108.9619,12.2838],[108.9605,12.281],[108.9609,12.279],[108.9568,12.2734],[108.9584,12.2701],[108.9623,12.2654],[108.9617,12.2631],[108.9589,12.2622],[108.9591,12.2587],[108.9579,12.2578],[108.96,12.2527],[108.9614,12.2527],[108.962,12.2412],[108.9556,12.2364],[108.9524,12.2217],[108.9535,12.2184],[108.9581,12.2148],[108.9635,12.1985],[108.9673,12.1916],[108.9708,12.1889],[108.9708,12.185],[108.9718,12.1825],[108.9741,12.1809],[108.9757,12.1769],[108.979,12.1739],[108.9807,12.1741],[108.9849,12.1715],[108.9874,12.1779],[108.9862,12.1816],[108.9867,12.1862],[108.9901,12.1875],[108.9909,12.1917],[108.996,12.1933],[109.0009,12.1966],[109.0067,12.1981],[109.0098,12.2049],[109.0126,12.2058],[109.021,12.2211],[109.016,12.2186],[109.0116,12.2194],[109.0122,12.2243],[109.0108,12.2269],[109.0114,12.2351],[109.0148,12.236],[109.0183,12.2395],[109.0205,12.2402],[109.0264,12.2453],[109.0311,12.2483],[109.0335,12.2491],[109.0362,12.2518],[109.0399,12.2517],[109.0444,12.2542],[109.0486,12.2547],[109.0508,12.2538],[109.0562,12.256],[109.0604,12.2631]]]},"properties":{"ma_xa":"22672","ten_xa":"Diên Thọ","sap_nhap":"Diên Tân, Diên Phước, Diên Thọ","tru_so":"đang cập nhật","loai":"Xã","cap":2,"stt":27,"dtich_km2":73.6,"dan_so":16692,"matdo_km2":226.79,"ma_tinh":"56","ten_tinh":"Khánh Hòa"}},
{"type":"Feature","geometry":{"type":"Polygon","coordinates":[[[108.9623,11.658],[108.9547,11.6661],[108.9477,11.6742],[108.9211,11.6823],[108.9162,11.6763],[108.9132,11.672],[108.9059,11.6684],[108.9017,11.6631],[108.8985,11.6608],[108.8931,11.6545],[108.8916,11.6551],[108.8884,11.6532],[108.8825,11.6452],[108.8808,11.6421],[108.8756,11.6373],[108.872,11.6317],[108.8706,11.6307],[108.8697,11.6278],[108.871,11.6252],[108.8741,11.6252],[108.8762,11.6271],[108.8817,11.628],[108.8873,11.6249],[108.8953,11.6179],[108.8985,11.6169],[108.9037,11.6177],[108.9069,11.6168],[108.9109,11.6139],[108.9138,11.6107],[108.9204,11.6113],[108.9236,11.6106],[108.9267,11.6064],[108.9287,11.6024],[108.9307,11.6012],[108.9344,11.601],[108.9371,11.6027],[108.9408,11.6006],[108.9402,11.5963],[108.9437,11.5933],[108.9481,11.592],[108.9492,11.5946],[108.9525,11.5932],[108.954,11.5959],[108.9579,11.5972],[108.9636,11.5972],[108.9669,11.5991],[108.9663,11.6038],[108.9667,11.6078],[108.9618,11.6132],[108.9639,11.6161],[108.9619,11.62],[108.9553,11.6236],[108.9676,11.6401],[108.9726,11.6473],[108.9623,11.658]]]},"properties":{"ma_xa":"22738","ten_xa":"Đô Vinh","sap_nhap":"Đô Vinh, Nhơn Sơn","tru_so":"đang cập nhật","loai":"Phường","cap":2,"stt":46,"dtich_km2":62,"dan_so":33207,"matdo_km2":535.6,"ma_tinh":"56","ten_tinh":"Khánh Hòa"}},
{"type":"Feature","geometry":{"type":"Polygon","coordinates":[[[109.0262,11.5752],[109.0146,11.5783],[109.0085,11.5786],[109.0073,11.5803],[109.0009,11.5778],[109.0013,11.5747],[108.9981,11.5744],[108.9987,11.5693],[108.9982,11.5654],[109.001,11.5651],[109.0012,11.558],[109.0037,11.5575],[109.0066,11.5552],[109.0078,11.5528],[109.0048,11.5505],[109.0032,11.5419],[109.0057,11.5415],[109.0101,11.5428],[109.0177,11.5442],[109.0219,11.5442],[109.025,11.5418],[109.028,11.5363],[109.0304,11.5405],[109.0336,11.5485],[109.0273,11.5565],[109.025,11.5629],[109.0246,11.5671],[109.0262,11.5752]]]},"properties":{"ma_xa":"22780","ten_xa":"Đông Hải","sap_nhap":"Mỹ Bình, Mỹ Đông, Mỹ Hải, Đông Hải (1 phần)","tru_so":"đang cập nhật","loai":"Phường","cap":2,"stt":43,"dtich_km2":11,"dan_so":54615,"matdo_km2":4965,"ma_tinh":"56","ten_tinh":"Khánh Hòa"}},
{"type":"Feature","geometry":{"type":"Polygon","coordinates":[[[108.944,12.0758],[108.9405,12.0762],[108.9371,12.0756],[108.9404,12.0707],[108.9403,12.0688],[108.9378,12.0625],[108.9399,12.0608],[108.9417,12.0544],[108.9442,12.0515],[108.9447,12.0461],[108.9464,12.0449],[108.9458,12.0413],[108.9435,12.0366],[108.9447,12.0331],[108.9412,12.0285],[108.9404,12.0242],[108.9433,12.0213],[108.9478,12.0216],[108.9495,12.0182],[108.9517,12.0094],[108.9514,12.0067],[108.9559,12.0044],[108.9564,12.0022],[108.9549,11.9997],[108.9511,11.9969],[108.9513,11.993],[108.9528,11.9908],[108.953,11.9872],[108.952,11.9852],[108.9523,11.9772],[108.9475,11.9745],[108.9416,11.9685],[108.9363,11.9666],[108.9322,11.9706],[108.9247,11.9752],[108.9185,11.9764],[108.9147,11.9735],[108.9105,11.9756],[108.9071,11.9756],[108.9041,11.9788],[108.9014,11.9801],[108.9002,11.9775],[108.8993,11.9724],[108.9027,11.9589],[108.9027,11.9548],[108.9009,11.9523],[108.9004,11.9496],[108.902,11.949],[108.9055,11.9501],[108.9079,11.9477],[108.9099,11.9503],[108.9148,11.9525],[108.9201,11.9498],[108.9208,11.9449],[108.9249,11.9413],[108.9304,11.9404],[108.933,11.937],[108.9382,11.9383],[108.941,11.9361],[108.9462,11.9381],[108.9496,11.936],[108.9507,11.9339],[108.9528,11.9332],[108.9555,11.9259],[108.9637,11.9243],[108.9642,11.9227],[108.9707,11.9179],[108.9786,11.9173],[108.9821,11.9153],[108.9847,11.9158],[108.9891,11.9151],[108.992,11.9187],[108.9966,11.9193],[108.9973,11.921],[109.0047,11.9231],[109.0006,11.9289],[109.0003,11.9316],[109.0025,11.9343],[109.0028,11.9402],[109.002,11.9449],[109.0006,11.9493],[109.0009,11.9512],[109.0035,11.9543],[109.0059,11.9605],[109.0037,11.9652],[109.0056,11.971],[109.0053,11.9729],[109.0063,11.9819],[109.0058,11.9853],[109.0041,11.9879],[109.0019,11.9891],[109.003,11.9933],[109.0029,11.9982],[109.0078,12.0067],[109.0062,12.0099],[109.0008,12.0139],[109.0025,12.0174],[109.0031,12.0242],[109.0019,12.027],[108.9956,12.027],[108.993,12.0313],[108.993,12.0338],[109.003,12.039],[109.0056,12.0428],[109.0056,12.0466],[109.0037,12.0492],[109.0017,12.0497],[109.0001,12.0522],[108.9963,12.0563],[108.9944,12.0564],[108.9904,12.0608],[108.9844,12.0639],[108.9829,12.0677],[108.9795,12.0694],[108.9769,12.069],[108.9755,12.0708],[108.9717,12.0725],[108.9667,12.0709],[108.9613,12.07],[108.955,12.0719],[108.9523,12.0711],[108.947,12.0733],[108.944,12.0758]]]},"properties":{"ma_xa":"22732","ten_xa":"Đông Khánh Sơn","sap_nhap":"Sơn Trung, Ba Cụm Bắc, Ba Cụm Nam","tru_so":"đang cập nhật","loai":"Xã","cap":2,"stt":40,"dtich_km2":114.3,"dan_so":10376,"matdo_km2":90.78,"ma_tinh":"56","ten_tinh":"Khánh Hòa"}},
{"type":"Feature","geometry":{"type":"MultiPolygon","coordinates":[[[[109.3739,12.3648],[109.3727,12.3696],[109.3676,12.3675],[109.3741,12.361],[109.3742,12.358],[109.3794,12.3558],[109.3808,12.3582],[109.3766,12.3644],[109.3739,12.3648]]],[[[109.2299,12.3994],[109.2269,12.3976],[109.2266,12.394],[109.2228,12.3891],[109.2235,12.3851],[109.2279,12.3836],[109.2324,12.3829],[109.2349,12.3807],[109.2387,12.3832],[109.2404,12.3883],[109.2375,12.3933],[109.2379,12.3951],[109.2335,12.3962],[109.2299,12.3994]]],[[[109.225,12.3985],[109.2242,12.4019],[109.2207,12.3998],[109.225,12.3985]]],[[[109.3472,12.4897],[109.346,12.4885],[109.3464,12.4846],[109.3512,12.4823],[109.3525,12.4773],[109.3543,12.4774],[109.3581,12.4805],[109.3609,12.4783],[109.3607,12.4827],[109.3557,12.4836],[109.3552,12.4873],[109.3528,12.4862],[109.3472,12.4897]]],[[[109.3149,12.4973],[109.3142,12.4982],[109.3099,12.4971],[109.3068,12.4974],[109.2984,12.4942],[109.2946,12.4945],[109.2933,12.4929],[109.2918,12.4881],[109.294,12.4855],[109.2982,12.4863],[109.2996,12.4854],[109.3031,12.4866],[109.3033,12.4886],[109.3061,12.492],[109.3098,12.4935],[109.3096,12.4951],[109.3149,12.4973]]],[[[109.244,12.4025],[109.2452,12.4008],[109.2456,12.3959],[109.2492,12.3913],[109.2542,12.3873],[109.26,12.3791],[109.2627,12.3777],[109.2645,12.3749],[109.263,12.3717],[109.2603,12.3717],[109.2612,12.3643],[109.2609,12.3625],[109.2645,12.3614],[109.265,12.3592],[109.2678,12.358],[109.2702,12.3585],[109.2747,12.3574],[109.2781,12.358],[109.2791,12.3564],[109.2783,12.3537],[109.2841,12.348],[109.2881,12.3468],[109.2942,12.3467],[109.2968,12.3523],[109.2991,12.3527],[109.3007,12.3549],[109.2995,12.3566],[109.2992,12.3631],[109.3013,12.3674],[109.3014,12.3753],[109.3023,12.3809],[109.3043,12.3835],[109.3079,12.3858],[109.3078,12.3881],[109.3117,12.3893],[109.3152,12.387],[109.3153,12.3849],[109.3182,12.3845],[109.3198,12.3819],[109.3199,12.3779],[109.3258,12.3735],[109.3277,12.373],[109.3305,12.3781],[109.3276,12.3802],[109.3268,12.3835],[109.328,12.3873],[109.3312,12.3888],[109.3369,12.3879],[109.3378,12.3907],[109.3419,12.3968],[109.3414,12.4015],[109.3368,12.4086],[109.3332,12.4063],[109.3288,12.4077],[109.3258,12.4113],[109.3256,12.4133],[109.3221,12.4153],[109.3196,12.4182],[109.3148,12.4178],[109.3108,12.4158],[109.3075,12.4162],[109.3025,12.4183],[109.3009,12.4203],[109.2999,12.4237],[109.2977,12.4248],[109.2957,12.4227],[109.2932,12.4232],[109.2903,12.4266],[109.2885,12.4304],[109.2854,12.4416],[109.2856,12.4448],[109.2899,12.4493],[109.29,12.4536],[109.2877,12.4559],[109.2901,12.4595],[109.2928,12.4616],[109.2944,12.4666],[109.2928,12.4699],[109.2951,12.4721],[109.2955,12.4779],[109.2915,12.4804],[109.2902,12.484],[109.2846,12.489],[109.2812,12.4898],[109.2773,12.4859],[109.2742,12.4879],[109.269,12.4933],[109.263,12.4971],[109.2635,12.4982],[109.2578,12.5033],[109.2567,12.5022],[109.2535,12.5056],[109.2478,12.5082],[109.2444,12.5071],[109.2399,12.5082],[109.239,12.5093],[109.2374,12.516],[109.2377,12.5198],[109.2341,12.5234],[109.2304,12.5355],[109.2304,12.5455],[109.231,12.5529],[109.2323,12.5617],[109.2358,12.5715],[109.2392,12.5752],[109.2434,12.5759],[109.2455,12.5808],[109.2441,12.585],[109.2399,12.5878],[109.2366,12.5886],[109.2339,12.5876],[109.2338,12.5934],[109.2301,12.5925],[109.2287,12.5904],[109.2258,12.589],[109.2232,12.5864],[109.2203,12.581],[109.2205,12.577],[109.2163,12.5763],[109.214,12.5723],[109.2098,12.5688],[109.2098,12.5627],[109.2111,12.5607],[109.2125,12.5549],[109.2092,12.5557],[109.2032,12.5557],[109.2019,12.5548],[109.2017,12.5502],[109.1987,12.5508],[109.1928,12.5481],[109.1928,12.5421],[109.1947,12.5408],[109.1951,12.5361],[109.194,12.5357],[109.1938,12.5277],[109.2002,12.5243],[109.2009,12.522],[109.1975,12.5196],[109.1985,12.5077],[109.1992,12.5049],[109.2021,12.4976],[109.1978,12.4898],[109.203,12.4889],[109.2054,12.4867],[109.2091,12.4871],[109.239,12.4727],[109.2414,12.4744],[109.2489,12.4733],[109.2551,12.4733],[109.2584,12.471],[109.2593,12.4666],[109.2582,12.4647],[109.2587,12.4592],[109.2527,12.4523],[109.253,12.4457],[109.2547,12.4433],[109.2589,12.441],[109.2607,12.4424],[109.2625,12.4407],[109.2628,12.4363],[109.2639,12.4343],[109.2633,12.4316],[109.259,12.4278],[109.2527,12.4291],[109.252,12.425],[109.2548,12.4221],[109.2548,12.4137],[109.2503,12.4114],[109.2498,12.4095],[109.244,12.4025]]]]},"properties":{"ma_xa":"22561","ten_xa":"Đông Ninh Hòa","sap_nhap":"Ninh Diêm, Ninh Hải, Ninh Thủy, Ninh Phước","tru_so":"đang cập nhật","loai":"Phường","cap":2,"stt":13,"dtich_km2":134.2,"dan_so":43484,"matdo_km2":324.02,"ma_tinh":"56","ten_tinh":"Khánh Hòa"}},
{"type":"Feature","geometry":{"type":"Polygon","coordinates":[[[109.1978,12.4898],[109.1848,12.487],[109.1807,12.4894],[109.1722,12.4889],[109.1677,12.4877],[109.1621,12.4906],[109.159,12.491],[109.1575,12.4924],[109.1519,12.49],[109.1435,12.4926],[109.1421,12.4881],[109.1397,12.4874],[109.1374,12.4885],[109.1343,12.4859],[109.1285,12.476],[109.1261,12.4722],[109.1259,12.47],[109.123,12.4662],[109.1236,12.4607],[109.1232,12.4573],[109.1249,12.4542],[109.129,12.4528],[109.1283,12.4507],[109.1296,12.4467],[109.1327,12.4504],[109.1357,12.4516],[109.1456,12.4443],[109.1534,12.4437],[109.1589,12.4366],[109.1603,12.4359],[109.1631,12.4377],[109.1654,12.4373],[109.1665,12.4413],[109.1708,12.4435],[109.1707,12.4474],[109.1737,12.4485],[109.1747,12.4522],[109.1768,12.4529],[109.1767,12.4567],[109.188,12.4474],[109.1916,12.4471],[109.1946,12.4419],[109.1982,12.4395],[109.1998,12.4398],[109.2072,12.4381],[109.2108,12.4332],[109.214,12.4321],[109.2148,12.4297],[109.2186,12.4255],[109.2211,12.425],[109.2235,12.4213],[109.2259,12.42],[109.2254,12.4171],[109.2279,12.4159],[109.2311,12.412],[109.2355,12.412],[109.2383,12.4072],[109.2378,12.4051],[109.2427,12.4053],[109.244,12.4025],[109.2498,12.4095],[109.2503,12.4114],[109.2548,12.4137],[109.2548,12.4221],[109.252,12.425],[109.2527,12.4291],[109.259,12.4278],[109.2633,12.4316],[109.2639,12.4343],[109.2628,12.4363],[109.2625,12.4407],[109.2607,12.4424],[109.2589,12.441],[109.2547,12.4433],[109.253,12.4457],[109.2527,12.4523],[109.2587,12.4592],[109.2582,12.4647],[109.2593,12.4666],[109.2584,12.471],[109.2551,12.4733],[109.2489,12.4733],[109.2414,12.4744],[109.239,12.4727],[109.2091,12.4871],[109.2054,12.4867],[109.203,12.4889],[109.1978,12.4898]]]},"properties":{"ma_xa":"22591","ten_xa":"Hòa Thắng","sap_nhap":"Ninh Giang, Ninh Hà, Ninh Phú","tru_so":"đang cập nhật","loai":"Phường","cap":2,"stt":14,"dtich_km2":78.6,"dan_so":26822,"matdo_km2":341.25,"ma_tinh":"56","ten_tinh":"Khánh Hòa"}},
{"type":"Feature","geometry":{"type":"Polygon","coordinates":[[[109.1286,12.5476],[109.127,12.5508],[109.1287,12.5533],[109.1262,12.5558],[109.1265,12.5601],[109.1281,12.5636],[109.1268,12.5655],[109.1247,12.5632],[109.1214,12.5678],[109.1191,12.5691],[109.1201,12.571],[109.1199,12.5758],[109.1216,12.5804],[109.1199,12.5816],[109.1179,12.5779],[109.1141,12.5762],[109.1106,12.5734],[109.1068,12.5731],[109.1039,12.5709],[109.1015,12.5786],[109.0876,12.5907],[109.0865,12.5921],[109.0834,12.5929],[109.0805,12.5957],[109.0784,12.5949],[109.0745,12.5968],[109.0723,12.5968],[109.0707,12.5999],[109.0719,12.6091],[109.0716,12.6109],[109.0681,12.6117],[109.0666,12.6137],[109.0622,12.6153],[109.06,12.6179],[109.0611,12.6209],[109.059,12.6248],[109.0567,12.6262],[109.0534,12.6258],[109.0514,12.6267],[109.0493,12.6315],[109.0459,12.6358],[109.0439,12.641],[109.0369,12.6446],[109.0343,12.6508],[109.0312,12.6532],[109.0322,12.6546],[109.0334,12.6671],[109.0372,12.6693],[109.0357,12.6713],[109.0359,12.6767],[109.0332,12.6751],[109.029,12.6741],[109.027,12.6752],[109.0202,12.6734],[109.0164,12.6783],[109.0163,12.68],[109.0127,12.682],[109.0058,12.6833],[109.0034,12.6828],[108.9937,12.684],[108.9932,12.6861],[108.9897,12.6867],[108.9869,12.6894],[108.984,12.6886],[108.9782,12.6821],[108.9804,12.6778],[108.9833,12.6774],[108.9845,12.6753],[108.9835,12.6734],[108.9855,12.6667],[108.9851,12.6628],[108.983,12.6607],[108.9825,12.6579],[108.9833,12.6543],[108.9826,12.6521],[108.9897,12.6481],[108.9914,12.6488],[108.9958,12.6479],[109.0016,12.6448],[109.0014,12.6431],[109.0037,12.6389],[109.0077,12.6385],[109.0101,12.6373],[109.0117,12.6326],[109.0134,12.6308],[109.0156,12.6309],[109.019,12.6263],[109.0197,12.6213],[109.0279,12.5938],[109.0366,12.578],[109.0407,12.5643],[109.0571,12.5571],[109.0585,12.5575],[109.0637,12.5478],[109.067,12.5441],[109.0682,12.5416],[109.0691,12.5364],[109.0668,12.5325],[109.0627,12.5291],[109.0705,12.5239],[109.0795,12.5163],[109.0814,12.5155],[109.0814,12.5103],[109.086,12.5103],[109.0918,12.5086],[109.0971,12.509],[109.0983,12.5118],[109.1008,12.512],[109.102,12.5153],[109.1043,12.5156],[109.1053,12.5183],[109.1147,12.5162],[109.1168,12.5176],[109.117,12.521],[109.1201,12.5245],[109.1241,12.5252],[109.1258,12.5238],[109.1301,12.5258],[109.1317,12.5274],[109.1317,12.5309],[109.13,12.5333],[109.1307,12.5368],[109.1273,12.5427],[109.1286,12.5476]]]},"properties":{"ma_xa":"22558","ten_xa":"Hòa Trí","sap_nhap":"Ninh Thượng, Ninh Trung, Ninh Thân","tru_so":"đang cập nhật","loai":"Xã","cap":2,"stt":17,"dtich_km2":109.4,"dan_so":26638,"matdo_km2":243.49,"ma_tinh":"56","ten_tinh":"Khánh Hòa"}},
{"type":"Feature","geometry":{"type":"Polygon","coordinates":[[[108.9454,12.0784],[108.9431,12.0831],[108.9451,12.0848],[108.9438,12.0894],[108.9438,12.0941],[108.9404,12.1023],[108.9377,12.1005],[108.9355,12.1011],[108.931,12.0996],[108.9325,12.0931],[108.9307,12.0886],[108.9255,12.0875],[108.919,12.0885],[108.911,12.0916],[108.9106,12.0937],[108.907,12.095],[108.9021,12.0937],[108.9007,12.092],[108.902,12.0751],[108.9042,12.0711],[108.8987,12.0676],[108.8962,12.0672],[108.8944,12.0633],[108.8904,12.06],[108.8858,12.0542],[108.8826,12.0542],[108.8801,12.0523],[108.8772,12.0518],[108.8795,12.0479],[108.8793,12.0462],[108.8852,12.0392],[108.8834,12.0378],[108.8809,12.0297],[108.8821,12.0274],[108.8795,12.0259],[108.8777,12.0219],[108.8795,12.0199],[108.8817,12.0156],[108.8814,12.0137],[108.8775,12.009],[108.8725,12.0083],[108.8653,12.0012],[108.8651,11.9981],[108.8696,11.9938],[108.8717,11.9877],[108.8707,11.9774],[108.8682,11.9743],[108.8651,11.9678],[108.8672,11.9655],[108.8697,11.9641],[108.8723,11.9591],[108.8753,11.9583],[108.8807,11.9602],[108.8806,11.9577],[108.8876,11.9533],[108.89,11.9484],[108.8933,11.9474],[108.9004,11.9496],[108.9009,11.9523],[108.9027,11.9548],[108.9027,11.9589],[108.8993,11.9724],[108.9002,11.9775],[108.9014,11.9801],[108.9041,11.9788],[108.9071,11.9756],[108.9105,11.9756],[108.9147,11.9735],[108.9185,11.9764],[108.9247,11.9752],[108.9322,11.9706],[108.9363,11.9666],[108.9416,11.9685],[108.9475,11.9745],[108.9523,11.9772],[108.952,11.9852],[108.953,11.9872],[108.9528,11.9908],[108.9513,11.993],[108.9511,11.9969],[108.9549,11.9997],[108.9564,12.0022],[108.9559,12.0044],[108.9514,12.0067],[108.9517,12.0094],[108.9495,12.0182],[108.9478,12.0216],[108.9433,12.0213],[108.9404,12.0242],[108.9412,12.0285],[108.9447,12.0331],[108.9435,12.0366],[108.9458,12.0413],[108.9464,12.0449],[108.9447,12.0461],[108.9442,12.0515],[108.9417,12.0544],[108.9399,12.0608],[108.9378,12.0625],[108.9403,12.0688],[108.9404,12.0707],[108.9371,12.0756],[108.9405,12.0762],[108.944,12.0758],[108.9454,12.0784]]]},"properties":{"ma_xa":"22714","ten_xa":"Khánh Sơn","sap_nhap":"Tô Hạp (thị trấn), Sơn Hiệp, Sơn Bình","tru_so":"đang cập nhật","loai":"Xã","cap":2,"stt":38,"dtich_km2":98.7,"dan_so":11535,"matdo_km2":116.87,"ma_tinh":"56","ten_tinh":"Khánh Hòa"}},
{"type":"Feature","geometry":{"type":"Polygon","coordinates":[[[108.9605,12.281],[108.9565,12.2812],[108.9551,12.2874],[108.955,12.2921],[108.9523,12.2935],[108.9497,12.2924],[108.9477,12.2894],[108.9427,12.2884],[108.9408,12.2853],[108.9351,12.2868],[108.9332,12.2847],[108.9288,12.2843],[108.9257,12.2829],[108.922,12.2854],[108.9197,12.2839],[108.917,12.2858],[108.9112,12.2854],[108.9086,12.2893],[108.9028,12.2879],[108.9031,12.2863],[108.9006,12.2839],[108.9039,12.2806],[108.9043,12.2786],[108.9018,12.2775],[108.9001,12.2784],[108.8914,12.2742],[108.8885,12.2744],[108.8868,12.2724],[108.8844,12.2656],[108.888,12.2652],[108.8914,12.2677],[108.8954,12.2674],[108.9005,12.2703],[108.9037,12.2694],[108.9116,12.2717],[108.9151,12.2701],[108.9183,12.2701],[108.9184,12.2653],[108.9161,12.2627],[108.9126,12.2556],[108.9137,12.2517],[108.9156,12.249],[108.9121,12.2463],[108.9109,12.2438],[108.9118,12.2398],[108.9088,12.239],[108.9046,12.2329],[108.9027,12.2336],[108.9007,12.2322],[108.8965,12.2325],[108.8939,12.2317],[108.8917,12.2288],[108.8919,12.2264],[108.8882,12.2231],[108.8856,12.2162],[108.8835,12.2141],[108.8817,12.2107],[108.8828,12.1997],[108.8841,12.1964],[108.8806,12.1946],[108.8767,12.1947],[108.8715,12.1928],[108.8699,12.1895],[108.8705,12.188],[108.8691,12.1847],[108.8701,12.1833],[108.8705,12.179],[108.867,12.1759],[108.8668,12.173],[108.8647,12.1713],[108.8651,12.1674],[108.8609,12.1652],[108.8551,12.1567],[108.8503,12.153],[108.8492,12.1531],[108.8458,12.1492],[108.8424,12.1471],[108.8398,12.1421],[108.8358,12.1394],[108.8362,12.1351],[108.8392,12.1234],[108.8415,12.1172],[108.8452,12.1149],[108.8485,12.1143],[108.8543,12.1102],[108.8599,12.1124],[108.8623,12.1075],[108.8661,12.1063],[108.8678,12.1047],[108.8727,12.1046],[108.8781,12.108],[108.8812,12.1068],[108.8844,12.0982],[108.8888,12.0961],[108.8929,12.0978],[108.8967,12.098],[108.9007,12.092],[108.9021,12.0937],[108.907,12.095],[108.9106,12.0937],[108.911,12.0916],[108.919,12.0885],[108.9255,12.0875],[108.9307,12.0886],[108.9325,12.0931],[108.931,12.0996],[108.9355,12.1011],[108.9377,12.1005],[108.9404,12.1023],[108.9421,12.1106],[108.9441,12.1155],[108.9475,12.1195],[108.9566,12.1223],[108.9593,12.1252],[108.961,12.1286],[108.9604,12.136],[108.9625,12.1422],[108.9647,12.1447],[108.9654,12.1476],[108.9685,12.15],[108.9662,12.1535],[108.9648,12.1574],[108.966,12.1594],[108.9701,12.1595],[108.9743,12.1629],[108.9727,12.167],[108.9734,12.1732],[108.9757,12.1769],[108.9741,12.1809],[108.9718,12.1825],[108.9708,12.185],[108.9708,12.1889],[108.9673,12.1916],[108.9635,12.1985],[108.9581,12.2148],[108.9535,12.2184],[108.9524,12.2217],[108.9556,12.2364],[108.962,12.2412],[108.9614,12.2527],[108.96,12.2527],[108.9579,12.2578],[108.9591,12.2587],[108.9589,12.2622],[108.9617,12.2631],[108.9623,12.2654],[108.9584,12.2701],[108.9568,12.2734],[108.9609,12.279],[108.9605,12.281]]]},"properties":{"ma_xa":"22609","ten_xa":"Khánh Vĩnh","sap_nhap":"Khánh Vĩnh (thị trấn), Sông Cầu, Khánh Phú","tru_so":"đang cập nhật","loai":"Xã","cap":2,"stt":37,"dtich_km2":192.4,"dan_so":11204,"matdo_km2":58.23,"ma_tinh":"56","ten_tinh":"Khánh Hòa"}},
{"type":"Feature","geometry":{"type":"Polygon","coordinates":[[[108.7921,11.8217],[108.7912,11.8265],[108.789,11.8289],[108.784,11.8359],[108.7781,11.8411],[108.7742,11.8427],[108.7725,11.8445],[108.7731,11.8482],[108.7723,11.8508],[108.7696,11.8518],[108.768,11.8538],[108.7646,11.8555],[108.7614,11.8552],[108.759,11.859],[108.7576,11.8627],[108.7548,11.8638],[108.7536,11.8624],[108.7494,11.8618],[108.7488,11.8645],[108.7451,11.8638],[108.7427,11.8681],[108.7427,11.8725],[108.7418,11.8749],[108.7396,11.8761],[108.7357,11.882],[108.7314,11.8873],[108.7224,11.8997],[108.7098,11.919],[108.685,11.9215],[108.6802,11.9198],[108.6781,11.9182],[108.674,11.918],[108.6728,11.9155],[108.6659,11.9135],[108.664,11.9141],[108.6609,11.9091],[108.6591,11.9037],[108.6553,11.901],[108.6558,11.8982],[108.6538,11.8961],[108.6532,11.8929],[108.6548,11.8913],[108.6555,11.8864],[108.6519,11.8727],[108.6525,11.8693],[108.6502,11.8639],[108.6515,11.8621],[108.6539,11.8532],[108.6532,11.8462],[108.6502,11.8407],[108.6486,11.8397],[108.6454,11.8346],[108.6431,11.8324],[108.6381,11.8304],[108.6342,11.8311],[108.633,11.829],[108.6303,11.8295],[108.6297,11.8315],[108.6258,11.8315],[108.625,11.8259],[108.6255,11.822],[108.6276,11.8191],[108.6255,11.8133],[108.6202,11.8096],[108.6194,11.8045],[108.6233,11.801],[108.6276,11.7995],[108.6314,11.7957],[108.6345,11.7958],[108.6366,11.7939],[108.6422,11.7932],[108.6464,11.7934],[108.6554,11.7925],[108.6571,11.7903],[108.6613,11.7894],[108.6644,11.7879],[108.6683,11.7889],[108.6696,11.7864],[108.6726,11.7832],[108.6767,11.7811],[108.6789,11.7811],[108.6829,11.7792],[108.6885,11.7798],[108.6919,11.7825],[108.7162,11.7739],[108.7191,11.7756],[108.7256,11.7753],[108.7297,11.7781],[108.7384,11.7758],[108.7392,11.7742],[108.745,11.7733],[108.7476,11.7744],[108.7518,11.7734],[108.7538,11.7744],[108.7518,11.7784],[108.7554,11.7808],[108.762,11.7825],[108.7662,11.7828],[108.7686,11.7842],[108.7665,11.7868],[108.7679,11.7895],[108.7696,11.7893],[108.7735,11.7974],[108.779,11.7947],[108.7796,11.7904],[108.7814,11.7876],[108.7859,11.7897],[108.7859,11.7923],[108.7945,11.7927],[108.7959,11.7923],[108.7972,11.7954],[108.7968,11.8003],[108.7984,11.805],[108.7956,11.8149],[108.7928,11.8178],[108.7921,11.8217]]]},"properties":{"ma_xa":"22813","ten_xa":"Lâm Sơn","sap_nhap":"Lương Sơn, Lâm Sơn","tru_so":"đang cập nhật","loai":"Xã","cap":2,"stt":60,"dtich_km2":191.5,"dan_so":24247,"matdo_km2":126.62,"ma_tinh":"56","ten_tinh":"Khánh Hòa"}},
{"type":"Feature","geometry":{"type":"Polygon","coordinates":[[[108.9898,11.785],[108.9629,11.7919],[108.9475,11.8051],[108.9455,11.8017],[108.9412,11.7997],[108.9375,11.7919],[108.9361,11.7913],[108.9349,11.7871],[108.9311,11.7824],[108.9294,11.7792],[108.919,11.7692],[108.9176,11.7669],[108.9143,11.7658],[108.9123,11.7667],[108.9042,11.7601],[108.9002,11.7597],[108.8989,11.7605],[108.894,11.7583],[108.8895,11.7584],[108.8846,11.757],[108.878,11.7512],[108.8773,11.749],[108.8752,11.7478],[108.8826,11.7358],[108.865,11.7403],[108.8622,11.7401],[108.8553,11.738],[108.8516,11.7384],[108.8445,11.7417],[108.8365,11.7396],[108.8197,11.7558],[108.815,11.7521],[108.8113,11.7527],[108.8094,11.7489],[108.8094,11.7446],[108.8086,11.7405],[108.8094,11.735],[108.811,11.7288],[108.8105,11.725],[108.8125,11.7162],[108.8124,11.7104],[108.8134,11.7083],[108.81,11.7073],[108.8072,11.7082],[108.8038,11.7118],[108.7871,11.6838],[108.7648,11.6707],[108.763,11.6689],[108.7584,11.6605],[108.7583,11.6493],[108.7806,11.6474],[108.8015,11.6412],[108.8047,11.6386],[108.8135,11.6385],[108.817,11.6393],[108.8209,11.6382],[108.824,11.64],[108.8248,11.6432],[108.8294,11.6473],[108.8374,11.6514],[108.8399,11.6504],[108.8484,11.6498],[108.8497,11.651],[108.8542,11.6506],[108.8558,11.652],[108.8609,11.6516],[108.8631,11.6547],[108.8679,11.6556],[108.8712,11.6523],[108.8746,11.6476],[108.8752,11.6456],[108.8742,11.642],[108.8714,11.6364],[108.8706,11.6307],[108.872,11.6317],[108.8756,11.6373],[108.8808,11.6421],[108.8825,11.6452],[108.8884,11.6532],[108.8916,11.6551],[108.8931,11.6545],[108.8985,11.6608],[108.9017,11.6631],[108.9059,11.6684],[108.9132,11.672],[108.9162,11.6763],[108.9211,11.6823],[108.9477,11.6742],[108.9547,11.6661],[108.9623,11.658],[108.963,11.6612],[108.9706,11.6692],[108.9739,11.6696],[108.9832,11.675],[108.9875,11.6812],[108.9897,11.6816],[108.9923,11.6843],[108.9944,11.6845],[108.9993,11.6885],[108.9955,11.7039],[108.9943,11.7078],[108.9938,11.7191],[108.9917,11.7183],[108.9838,11.7201],[108.981,11.7221],[108.9827,11.7272],[108.9878,11.7292],[108.9887,11.7312],[108.9678,11.7535],[108.9709,11.7555],[108.9759,11.7573],[108.9807,11.7615],[108.9832,11.7685],[108.9831,11.7715],[108.9895,11.7791],[108.9908,11.7831],[108.9898,11.785]]]},"properties":{"ma_xa":"22822","ten_xa":"Mỹ Sơn","sap_nhap":"Phước Trung, Mỹ Sơn","tru_so":"đang cập nhật","loai":"Xã","cap":2,"stt":62,"dtich_km2":248.1,"dan_so":15800,"matdo_km2":63.68,"ma_tinh":"56","ten_tinh":"Khánh Hòa"}},
{"type":"Feature","geometry":{"type":"MultiPolygon","coordinates":[[[[109.2139,11.7862],[109.2129,11.7836],[109.214,11.7799],[109.2159,11.7776],[109.2159,11.7749],[109.2204,11.7718],[109.2226,11.7723],[109.2227,11.7749],[109.2213,11.7788],[109.2222,11.7806],[109.2218,11.7843],[109.217,11.7832],[109.2159,11.786],[109.2139,11.7862]]],[[[109.2257,11.8496],[109.2214,11.8518],[109.2208,11.8474],[109.2251,11.8454],[109.2243,11.8423],[109.2254,11.8405],[109.224,11.8369],[109.227,11.8354],[109.2292,11.8317],[109.233,11.831],[109.2357,11.8281],[109.2397,11.8295],[109.2386,11.8332],[109.2401,11.8352],[109.2457,11.8329],[109.2497,11.8332],[109.2524,11.8372],[109.2511,11.8404],[109.2469,11.842],[109.2463,11.8431],[109.2493,11.8482],[109.2465,11.8511],[109.2424,11.8498],[109.2419,11.8444],[109.2433,11.8414],[109.2403,11.8388],[109.2347,11.84],[109.232,11.8417],[109.2297,11.845],[109.2274,11.8452],[109.2257,11.8496]]],[[[109.1276,11.8969],[109.121,11.8961],[109.1176,11.8978],[109.1164,11.9007],[109.1141,11.9033],[109.1106,11.9034],[109.1006,11.9082],[109.0986,11.9082],[109.0757,11.9192],[109.0746,11.9156],[109.0708,11.9142],[109.068,11.9088],[109.0625,11.9053],[109.058,11.9042],[109.0556,11.9022],[109.0521,11.9021],[109.0505,11.8996],[109.0471,11.8983],[109.0512,11.8833],[109.0582,11.8608],[109.0711,11.8406],[109.0755,11.8346],[109.0894,11.8258],[109.0924,11.8166],[109.1063,11.8098],[109.1078,11.8066],[109.1104,11.8075],[109.1157,11.803],[109.1278,11.8044],[109.1502,11.8065],[109.1687,11.8102],[109.1836,11.8121],[109.1855,11.8131],[109.195,11.8115],[109.1918,11.8146],[109.1881,11.8131],[109.1846,11.8139],[109.1815,11.8176],[109.1809,11.8229],[109.1814,11.8269],[109.184,11.8314],[109.1813,11.8325],[109.1788,11.835],[109.1798,11.8364],[109.1779,11.8395],[109.1774,11.8429],[109.178,11.8455],[109.1816,11.8513],[109.1798,11.8539],[109.1799,11.856],[109.1829,11.8613],[109.1895,11.8677],[109.1895,11.8695],[109.1916,11.8714],[109.1914,11.8748],[109.1875,11.8767],[109.1865,11.876],[109.1825,11.8694],[109.1803,11.87],[109.1788,11.8681],[109.1775,11.8641],[109.1723,11.8643],[109.1702,11.8622],[109.1724,11.8603],[109.1695,11.8564],[109.1677,11.8555],[109.1669,11.8514],[109.1648,11.8537],[109.1615,11.8547],[109.1628,11.8505],[109.1605,11.8463],[109.1611,11.8436],[109.1597,11.8402],[109.1579,11.8398],[109.1553,11.8356],[109.1551,11.8321],[109.1527,11.8299],[109.1513,11.8257],[109.1492,11.8241],[109.15,11.822],[109.1441,11.8203],[109.1388,11.821],[109.1377,11.8186],[109.1336,11.8199],[109.1335,11.8213],[109.1293,11.8219],[109.1242,11.8275],[109.1198,11.8344],[109.1212,11.8361],[109.1182,11.8432],[109.1161,11.8459],[109.1155,11.8505],[109.1136,11.8523],[109.1137,11.8551],[109.1156,11.8562],[109.1174,11.8612],[109.1148,11.8619],[109.1162,11.8703],[109.1201,11.8718],[109.1213,11.8779],[109.1233,11.8827],[109.121,11.8838],[109.1218,11.8874],[109.1253,11.89],[109.1276,11.8969]]]]},"properties":{"ma_xa":"22480","ten_xa":"Nam Cam Ranh","sap_nhap":"Cam Lập, Cam Bình, Cam Thịnh Đông, Cam Thịnh Tây","tru_so":"đang cập nhật","loai":"Xã","cap":2,"stt":9,"dtich_km2":92.6,"dan_so":23525,"matdo_km2":254.05,"ma_tinh":"56","ten_tinh":"Khánh Hòa"}},
{"type":"Feature","geometry":{"type":"Polygon","coordinates":[[[108.8885,12.2744],[108.888,12.277],[108.8827,12.278],[108.8784,12.2767],[108.8747,12.2779],[108.8748,12.2748],[108.8727,12.2719],[108.8694,12.2726],[108.8674,12.2715],[108.8678,12.2681],[108.8656,12.2678],[108.8622,12.275],[108.8588,12.2757],[108.8573,12.2783],[108.8535,12.2802],[108.8489,12.2758],[108.8484,12.2726],[108.8434,12.2741],[108.8407,12.2732],[108.831,12.2684],[108.8269,12.2679],[108.8223,12.2693],[108.818,12.2715],[108.8133,12.27],[108.814,12.2656],[108.813,12.2622],[108.8136,12.2573],[108.8114,12.2571],[108.8078,12.2543],[108.806,12.2542],[108.8047,12.2516],[108.8015,12.2497],[108.7962,12.2429],[108.795,12.243],[108.7889,12.238],[108.783,12.2391],[108.7763,12.2417],[108.772,12.2402],[108.7687,12.2377],[108.7653,12.2379],[108.7608,12.2327],[108.7596,12.2296],[108.7575,12.2272],[108.7557,12.2274],[108.7518,12.2258],[108.7484,12.2232],[108.7445,12.2219],[108.7423,12.2229],[108.7367,12.2221],[108.7322,12.2172],[108.7259,12.218],[108.7222,12.2179],[108.7194,12.2154],[108.7182,12.2123],[108.7187,12.2084],[108.7157,12.2049],[108.7144,12.2014],[108.7122,12.1985],[108.7124,12.1943],[108.7106,12.1897],[108.7136,12.1879],[108.7196,12.1819],[108.7206,12.18],[108.7194,12.1754],[108.7206,12.1725],[108.7253,12.1694],[108.7254,12.1668],[108.7289,12.1626],[108.7304,12.1625],[108.7336,12.1586],[108.743,12.1566],[108.7491,12.1566],[108.7554,12.1551],[108.7575,12.1568],[108.7628,12.1579],[108.768,12.1531],[108.7714,12.1568],[108.7721,12.1614],[108.7748,12.1647],[108.7796,12.1647],[108.7826,12.1623],[108.7837,12.1596],[108.7855,12.1603],[108.7902,12.1596],[108.798,12.1603],[108.8011,12.1582],[108.8049,12.1576],[108.809,12.1538],[108.8142,12.1527],[108.8154,12.151],[108.8154,12.1463],[108.8169,12.1445],[108.8173,12.1403],[108.8237,12.1359],[108.8308,12.1368],[108.8358,12.1394],[108.8398,12.1421],[108.8424,12.1471],[108.8458,12.1492],[108.8492,12.1531],[108.8503,12.153],[108.8551,12.1567],[108.8609,12.1652],[108.8651,12.1674],[108.8647,12.1713],[108.8668,12.173],[108.867,12.1759],[108.8705,12.179],[108.8701,12.1833],[108.8691,12.1847],[108.8705,12.188],[108.8699,12.1895],[108.8715,12.1928],[108.8767,12.1947],[108.8806,12.1946],[108.8841,12.1964],[108.8828,12.1997],[108.8817,12.2107],[108.8835,12.2141],[108.8856,12.2162],[108.8882,12.2231],[108.8919,12.2264],[108.8917,12.2288],[108.8939,12.2317],[108.8965,12.2325],[108.9007,12.2322],[108.9027,12.2336],[108.9046,12.2329],[108.9088,12.239],[108.9118,12.2398],[108.9109,12.2438],[108.9121,12.2463],[108.9156,12.249],[108.9137,12.2517],[108.9126,12.2556],[108.9161,12.2627],[108.9184,12.2653],[108.9183,12.2701],[108.9151,12.2701],[108.9116,12.2717],[108.9037,12.2694],[108.9005,12.2703],[108.8954,12.2674],[108.8914,12.2677],[108.888,12.2652],[108.8844,12.2656],[108.8868,12.2724],[108.8885,12.2744]]]},"properties":{"ma_xa":"22648","ten_xa":"Nam Khánh Vĩnh","sap_nhap":"Cầu Bà, Khánh Thành, Liên Sang, Sơn Thái","tru_so":"đang cập nhật","loai":"Xã","cap":2,"stt":36,"dtich_km2":197.1,"dan_so":10271,"matdo_km2":52.11,"ma_tinh":"56","ten_tinh":"Khánh Hòa"}},
{"type":"Feature","geometry":{"type":"Polygon","coordinates":[[[109.1817,12.2491],[109.1734,12.2517],[109.1719,12.2476],[109.1673,12.2492],[109.1593,12.2512],[109.158,12.2536],[109.1556,12.2525],[109.1567,12.2503],[109.1559,12.2475],[109.1524,12.2439],[109.152,12.2397],[109.1487,12.2362],[109.1452,12.2362],[109.1411,12.2308],[109.1384,12.2284],[109.1323,12.2259],[109.1301,12.2273],[109.1271,12.2255],[109.1219,12.2194],[109.1222,12.2153],[109.1172,12.2131],[109.1178,12.2094],[109.1148,12.2041],[109.1157,12.2007],[109.12,12.1959],[109.1198,12.194],[109.122,12.1876],[109.1254,12.1865],[109.1288,12.1839],[109.1337,12.1826],[109.1335,12.1777],[109.1371,12.1741],[109.1433,12.1638],[109.1448,12.1616],[109.1489,12.1607],[109.1514,12.1554],[109.1563,12.1537],[109.1603,12.1534],[109.1607,12.1502],[109.1652,12.1479],[109.1692,12.1501],[109.1705,12.1489],[109.1773,12.1484],[109.1818,12.1457],[109.1866,12.1461],[109.19,12.1506],[109.1915,12.1479],[109.1942,12.1481],[109.198,12.1454],[109.2026,12.1464],[109.2071,12.1463],[109.2126,12.147],[109.2159,12.1464],[109.2191,12.1428],[109.2213,12.1427],[109.2236,12.1408],[109.2228,12.1447],[109.2232,12.1489],[109.2222,12.1526],[109.2189,12.1557],[109.2106,12.1591],[109.2092,12.1586],[109.2066,12.161],[109.201,12.1639],[109.2003,12.1675],[109.2013,12.1729],[109.2051,12.1714],[109.2089,12.1787],[109.2085,12.1815],[109.2095,12.1844],[109.2081,12.1873],[109.2048,12.1903],[109.2085,12.1942],[109.2119,12.1939],[109.216,12.1978],[109.2151,12.2015],[109.2114,12.204],[109.2087,12.2044],[109.2063,12.2074],[109.2053,12.2113],[109.2012,12.2101],[109.1965,12.2144],[109.1983,12.2168],[109.1909,12.2224],[109.1886,12.2253],[109.1889,12.2294],[109.1847,12.2317],[109.1826,12.2296],[109.1811,12.2363],[109.1825,12.2423],[109.1817,12.2491]]]},"properties":{"ma_xa":"22402","ten_xa":"Nam Nha Trang","sap_nhap":"Phước Hải, Phước Long, Vĩnh Trường, Vĩnh Thái, Phước Đồng","tru_so":"đang cập nhật","loai":"Phường","cap":2,"stt":4,"dtich_km2":82.2,"dan_so":130164,"matdo_km2":1583.5,"ma_tinh":"56","ten_tinh":"Khánh Hòa"}},
{"type":"Feature","geometry":{"type":"Polygon","coordinates":[[[109.1296,12.4467],[109.1268,12.4458],[109.1247,12.4482],[109.1215,12.4472],[109.1213,12.4516],[109.1196,12.4576],[109.1165,12.4595],[109.1171,12.4632],[109.1128,12.4642],[109.1103,12.4639],[109.1023,12.4668],[109.1011,12.4683],[109.0969,12.4681],[109.0937,12.469],[109.0918,12.4679],[109.0857,12.4674],[109.0837,12.4648],[109.0794,12.4624],[109.0745,12.4606],[109.0733,12.4617],[109.0719,12.466],[109.0693,12.4682],[109.0688,12.4707],[109.0651,12.4695],[109.0544,12.4617],[109.0341,12.475],[109.0306,12.4776],[109.0325,12.4812],[109.0313,12.484],[109.029,12.4837],[109.0257,12.481],[109.0248,12.4786],[109.0264,12.4747],[109.0238,12.4708],[109.0135,12.4652],[109.0099,12.4584],[109.0121,12.4534],[108.9819,12.4683],[108.9804,12.4692],[108.975,12.4676],[108.9723,12.4645],[108.9649,12.4635],[108.9624,12.4623],[108.9556,12.4631],[108.9527,12.4617],[108.948,12.462],[108.9446,12.4613],[108.9432,12.4622],[108.9462,12.4567],[108.947,12.4519],[108.9458,12.4505],[108.9444,12.4455],[108.9456,12.4399],[108.9515,12.4387],[108.9503,12.4359],[108.9591,12.4316],[108.9636,12.4276],[108.9692,12.428],[108.9721,12.4263],[108.9737,12.4229],[108.9763,12.4206],[108.9767,12.4184],[108.98,12.416],[108.9838,12.4108],[108.9874,12.4102],[108.9894,12.4083],[108.9907,12.4006],[108.9929,12.402],[108.9965,12.4016],[108.9977,12.3982],[109.0014,12.3965],[109.0034,12.3974],[109.0022,12.3998],[109.0034,12.4043],[109.0049,12.4067],[109.0082,12.4059],[109.0102,12.4086],[109.0125,12.408],[109.0196,12.4047],[109.0223,12.4039],[109.0267,12.4057],[109.0285,12.4048],[109.0315,12.4059],[109.0357,12.4055],[109.0423,12.4061],[109.0469,12.4046],[109.0499,12.4015],[109.0511,12.399],[109.053,12.3986],[109.0567,12.3957],[109.0635,12.3943],[109.065,12.3892],[109.0675,12.3882],[109.0692,12.3839],[109.0733,12.3808],[109.0767,12.3808],[109.0759,12.3774],[109.0783,12.3775],[109.0835,12.3747],[109.0885,12.3683],[109.0924,12.3675],[109.0917,12.3614],[109.0931,12.3616],[109.0972,12.3582],[109.098,12.356],[109.1026,12.3541],[109.1059,12.3493],[109.1119,12.3467],[109.1115,12.343],[109.1143,12.3445],[109.1156,12.3479],[109.1178,12.3492],[109.1189,12.3517],[109.1173,12.3566],[109.1196,12.3598],[109.1217,12.3579],[109.1255,12.3611],[109.1266,12.3633],[109.1293,12.3651],[109.1325,12.3654],[109.1349,12.3681],[109.1379,12.3687],[109.1401,12.3706],[109.1447,12.3671],[109.1485,12.3668],[109.1494,12.3683],[109.1555,12.3688],[109.1581,12.3666],[109.1565,12.3624],[109.1612,12.3603],[109.1659,12.3614],[109.1707,12.3587],[109.1735,12.3618],[109.1698,12.367],[109.1699,12.3706],[109.1666,12.3742],[109.1673,12.3764],[109.1699,12.3761],[109.1712,12.378],[109.1747,12.3783],[109.1785,12.3745],[109.1819,12.3751],[109.1845,12.3778],[109.1908,12.3795],[109.1968,12.378],[109.1971,12.3808],[109.2007,12.3864],[109.2013,12.3888],[109.1998,12.3905],[109.2001,12.3931],[109.198,12.3958],[109.1987,12.3975],[109.1922,12.3975],[109.1911,12.4001],[109.1869,12.4023],[109.1849,12.4044],[109.1812,12.4048],[109.1781,12.403],[109.1729,12.4078],[109.1718,12.4025],[109.1694,12.4023],[109.1625,12.4056],[109.162,12.4085],[109.1602,12.4093],[109.1587,12.4125],[109.1605,12.4187],[109.1581,12.4209],[109.1579,12.4229],[109.1552,12.4244],[109.1516,12.4246],[109.1514,12.4288],[109.1542,12.4302],[109.1542,12.4318],[109.1601,12.4318],[109.1636,12.4343],[109.1654,12.4373],[109.1631,12.4377],[109.1603,12.4359],[109.1589,12.4366],[109.1534,12.4437],[109.1456,12.4443],[109.1357,12.4516],[109.1327,12.4504],[109.1296,12.4467]]]},"properties":{"ma_xa":"22597","ten_xa":"Nam Ninh Hòa","sap_nhap":"Ninh Lộc, Ninh Ích, Ninh Hưng, Ninh Tân","tru_so":"đang cập nhật","loai":"Xã","cap":2,"stt":15,"dtich_km2":201.4,"dan_so":31293,"matdo_km2":155.38,"ma_tinh":"56","ten_tinh":"Khánh Hòa"}},
{"type":"Feature","geometry":{"type":"MultiPolygon","coordinates":[[[[109.3052,12.1716],[109.2975,12.171],[109.2968,12.1672],[109.3,12.1639],[109.3047,12.1634],[109.3071,12.1652],[109.3101,12.1656],[109.3129,12.1621],[109.317,12.1656],[109.3124,12.1664],[109.3117,12.1696],[109.3077,12.1694],[109.3052,12.1716]]],[[[109.2456,12.1803],[109.2404,12.1794],[109.235,12.1792],[109.2355,12.1761],[109.2397,12.175],[109.2404,12.1735],[109.2454,12.172],[109.2471,12.1725],[109.2498,12.1696],[109.252,12.1713],[109.2493,12.175],[109.2493,12.1772],[109.2464,12.1786],[109.2456,12.1803]]],[[[109.2768,12.1799],[109.2747,12.1799],[109.2722,12.1816],[109.2706,12.1749],[109.2744,12.1734],[109.2772,12.1753],[109.2768,12.1799]]],[[[109.2245,12.1957],[109.2208,12.1936],[109.2185,12.1888],[109.2223,12.1884],[109.2238,12.1832],[109.2253,12.183],[109.2271,12.1878],[109.2304,12.1901],[109.2322,12.1934],[109.23,12.1945],[109.2245,12.1957]]],[[[109.267,12.2362],[109.2633,12.2351],[109.2607,12.2281],[109.2611,12.2203],[109.2595,12.2194],[109.2544,12.2208],[109.2526,12.2253],[109.2497,12.2248],[109.2485,12.2234],[109.245,12.2241],[109.2438,12.2292],[109.2387,12.2326],[109.2342,12.2325],[109.2306,12.2285],[109.2301,12.2247],[109.2366,12.2244],[109.2392,12.2234],[109.2377,12.2152],[109.2426,12.2098],[109.2466,12.2083],[109.2511,12.2053],[109.2583,12.1995],[109.2633,12.1987],[109.2664,12.1971],[109.2696,12.1973],[109.2732,12.1923],[109.2731,12.1884],[109.2773,12.1839],[109.2789,12.184],[109.2846,12.1805],[109.2878,12.1814],[109.2916,12.1802],[109.2927,12.1832],[109.2952,12.1851],[109.293,12.1873],[109.2897,12.1887],[109.2892,12.1909],[109.2897,12.1953],[109.2934,12.1973],[109.2955,12.2005],[109.301,12.2045],[109.3024,12.2001],[109.298,12.1982],[109.2966,12.1955],[109.2981,12.1922],[109.306,12.1924],[109.3102,12.1898],[109.316,12.1912],[109.3154,12.1882],[109.3166,12.186],[109.3236,12.1844],[109.3262,12.1865],[109.3255,12.1894],[109.3272,12.1912],[109.3305,12.1912],[109.3356,12.1939],[109.3336,12.1983],[109.3302,12.201],[109.3275,12.2094],[109.331,12.2111],[109.3315,12.2174],[109.3301,12.2205],[109.327,12.2218],[109.3245,12.2199],[109.3207,12.2211],[109.3201,12.2243],[109.3183,12.2275],[109.3158,12.2269],[109.3149,12.2234],[109.3103,12.2136],[109.3068,12.2129],[109.3049,12.2137],[109.3046,12.2187],[109.3017,12.2214],[109.2985,12.2232],[109.2985,12.2285],[109.2967,12.2303],[109.2943,12.2306],[109.2913,12.2292],[109.2872,12.2296],[109.2849,12.2286],[109.2767,12.2286],[109.2736,12.2294],[109.2731,12.2323],[109.2706,12.232],[109.2679,12.2333],[109.267,12.2362]]],[[[109.1999,12.2636],[109.1991,12.2616],[109.1954,12.2588],[109.1923,12.2588],[109.187,12.2602],[109.1854,12.2588],[109.1857,12.2538],[109.1874,12.2527],[109.1892,12.2472],[109.1817,12.2491],[109.1825,12.2423],[109.1811,12.2363],[109.1826,12.2296],[109.1847,12.2317],[109.1889,12.2294],[109.1886,12.2253],[109.1909,12.2224],[109.1983,12.2168],[109.1965,12.2144],[109.2012,12.2101],[109.2053,12.2113],[109.2063,12.2074],[109.2087,12.2044],[109.2114,12.204],[109.2151,12.2015],[109.216,12.1978],[109.218,12.2003],[109.2185,12.2038],[109.2167,12.2056],[109.2153,12.2115],[109.2102,12.2153],[109.2037,12.2229],[109.2007,12.2283],[109.1982,12.2357],[109.1971,12.2442],[109.1971,12.255],[109.1982,12.2565],[109.1999,12.2636]]],[[[109.3601,12.2741],[109.3575,12.2726],[109.3594,12.268],[109.3618,12.2676],[109.3638,12.2705],[109.3627,12.2741],[109.3601,12.2741]]],[[[109.3704,12.28],[109.3713,12.2809],[109.3703,12.2853],[109.3682,12.2824],[109.3704,12.28]]]]},"properties":{"ma_xa":"22366","ten_xa":"Nha Trang","sap_nhap":"Vạn Thạnh, Lộc Thọ, Vĩnh Nguyên, Tân Tiến, Phước Hòa","tru_so":"đang cập nhật","loai":"Phường","cap":2,"stt":1,"dtich_km2":47.1,"dan_so":136118,"matdo_km2":2889.98,"ma_tinh":"56","ten_tinh":"Khánh Hòa"}},
{"type":"Feature","geometry":{"type":"Polygon","coordinates":[[[109.0282,11.6226],[109.0176,11.6184],[109.0157,11.6195],[109.0149,11.6225],[109.0125,11.6254],[109.0083,11.6258],[109.0052,11.6247],[109.0027,11.6202],[108.9979,11.6149],[108.9979,11.6128],[109.0009,11.6111],[108.9983,11.6096],[109.0036,11.6037],[108.9988,11.6047],[108.9955,11.6022],[108.9947,11.5972],[108.9963,11.5957],[108.9949,11.5919],[108.9961,11.5907],[108.9962,11.5862],[109.0002,11.5845],[109.0009,11.5778],[109.0073,11.5803],[109.0085,11.5786],[109.0146,11.5783],[109.0262,11.5752],[109.0301,11.5821],[109.0327,11.5852],[109.0366,11.588],[109.0416,11.5888],[109.0505,11.5886],[109.0457,11.5934],[109.0443,11.5975],[109.042,11.6012],[109.0395,11.6033],[109.0356,11.6043],[109.0324,11.6103],[109.0282,11.6226]]]},"properties":{"ma_xa":"22834","ten_xa":"Ninh Chử","sap_nhap":"Văn Hải, Khánh Hải (thị trấn)","tru_so":"đang cập nhật","loai":"Phường","cap":2,"stt":44,"dtich_km2":20.4,"dan_so":39556,"matdo_km2":1939.02,"ma_tinh":"56","ten_tinh":"Khánh Hòa"}},
{"type":"Feature","geometry":{"type":"Polygon","coordinates":[[[109.0775,11.5862],[109.0768,11.5942],[109.0783,11.5965],[109.0757,11.5982],[109.0779,11.6012],[109.0792,11.6046],[109.0755,11.6059],[109.0776,11.6121],[109.0776,11.6165],[109.0802,11.624],[109.081,11.6285],[109.0785,11.6342],[109.0746,11.6351],[109.0752,11.6378],[109.0789,11.6393],[109.082,11.642],[109.0858,11.6404],[109.0907,11.6414],[109.1,11.6327],[109.101,11.6309],[109.1052,11.6307],[109.1105,11.6283],[109.1146,11.6314],[109.1177,11.6323],[109.119,11.6339],[109.1219,11.6342],[109.1238,11.6371],[109.1278,11.641],[109.1306,11.6469],[109.1301,11.6496],[109.1281,11.6529],[109.1299,11.6632],[109.1289,11.6639],[109.1291,11.6683],[109.1265,11.6779],[109.127,11.6813],[109.1283,11.6831],[109.1281,11.6867],[109.1268,11.6884],[109.1265,11.694],[109.1255,11.6946],[109.1248,11.7],[109.1266,11.7064],[109.1292,11.7119],[109.1292,11.7179],[109.1272,11.7197],[109.1271,11.7223],[109.1255,11.7236],[109.1256,11.728],[109.1212,11.7355],[109.1134,11.7482],[109.1136,11.7342],[109.1105,11.7296],[109.1083,11.7289],[109.1067,11.7266],[109.099,11.7229],[109.0979,11.7209],[109.0939,11.7171],[109.0845,11.7124],[109.0853,11.7063],[109.087,11.7036],[109.0916,11.6983],[109.0862,11.6928],[109.0727,11.6778],[109.0632,11.6895],[109.0594,11.69],[109.055,11.6925],[109.0515,11.6906],[109.0509,11.685],[109.0515,11.6838],[109.0501,11.6802],[109.0425,11.6723],[109.0408,11.667],[109.0416,11.6639],[109.0405,11.6621],[109.0369,11.6602],[109.0344,11.655],[109.035,11.651],[109.0339,11.6491],[109.0344,11.6437],[109.0326,11.6395],[109.0282,11.6226],[109.0324,11.6103],[109.0356,11.6043],[109.0395,11.6033],[109.042,11.6012],[109.0443,11.5975],[109.0457,11.5934],[109.0505,11.5886],[109.053,11.5867],[109.0539,11.5833],[109.0562,11.5843],[109.0592,11.584],[109.0638,11.5818],[109.0668,11.5817],[109.0713,11.5828],[109.0775,11.5862]]]},"properties":{"ma_xa":"22852","ten_xa":"Ninh Hải","sap_nhap":"Phương Hải, Tri Hải, Bắc Sơn","tru_so":"đang cập nhật","loai":"Xã","cap":2,"stt":54,"dtich_km2":100.1,"dan_so":31115,"matdo_km2":310.84,"ma_tinh":"56","ten_tinh":"Khánh Hòa"}},
{"type":"Feature","geometry":{"type":"Polygon","coordinates":[[[109.1978,12.4898],[109.1961,12.4912],[109.1931,12.4904],[109.1898,12.496],[109.1888,12.4993],[109.1868,12.5028],[109.1832,12.5038],[109.1804,12.5065],[109.1738,12.509],[109.1722,12.5112],[109.168,12.5122],[109.1565,12.5175],[109.145,12.5237],[109.1442,12.5271],[109.1486,12.5313],[109.1499,12.5444],[109.1492,12.5477],[109.1447,12.549],[109.1399,12.549],[109.1367,12.5469],[109.133,12.546],[109.1286,12.5476],[109.1273,12.5427],[109.1307,12.5368],[109.13,12.5333],[109.1317,12.5309],[109.1317,12.5274],[109.1301,12.5258],[109.1258,12.5238],[109.1241,12.5252],[109.1201,12.5245],[109.117,12.521],[109.1168,12.5176],[109.1147,12.5162],[109.1053,12.5183],[109.1043,12.5156],[109.102,12.5153],[109.1008,12.512],[109.0983,12.5118],[109.0971,12.509],[109.0918,12.5086],[109.086,12.5103],[109.0814,12.5103],[109.0801,12.5053],[109.0827,12.5058],[109.0842,12.5038],[109.0877,12.5017],[109.088,12.4952],[109.0908,12.4964],[109.0957,12.4996],[109.0975,12.4999],[109.1022,12.496],[109.1022,12.493],[109.1077,12.4994],[109.1096,12.5],[109.1112,12.4964],[109.1128,12.4989],[109.1145,12.4991],[109.1181,12.4972],[109.1204,12.499],[109.125,12.5002],[109.1269,12.4977],[109.1242,12.495],[109.1236,12.4928],[109.1244,12.4798],[109.1285,12.476],[109.1343,12.4859],[109.1374,12.4885],[109.1397,12.4874],[109.1421,12.4881],[109.1435,12.4926],[109.1519,12.49],[109.1575,12.4924],[109.159,12.491],[109.1621,12.4906],[109.1677,12.4877],[109.1722,12.4889],[109.1807,12.4894],[109.1848,12.487],[109.1978,12.4898]]]},"properties":{"ma_xa":"22528","ten_xa":"Ninh Hòa","sap_nhap":"Ninh Hiệp, Ninh Đa, Ninh Đông, Ninh Phụng","tru_so":"đang cập nhật","loai":"Phường","cap":2,"stt":11,"dtich_km2":35.8,"dan_so":58816,"matdo_km2":1642.91,"ma_tinh":"56","ten_tinh":"Khánh Hòa"}},
{"type":"Feature","geometry":{"type":"Polygon","coordinates":[[[108.9811,11.5691],[108.9731,11.5712],[108.9704,11.5731],[108.9678,11.5774],[108.9648,11.5854],[108.9625,11.5879],[108.9563,11.5902],[108.9499,11.589],[108.9459,11.5833],[108.9428,11.5798],[108.9385,11.5753],[108.9363,11.5684],[108.9369,11.559],[108.9352,11.5512],[108.9284,11.5556],[108.9182,11.5566],[108.9172,11.5464],[108.9177,11.5413],[108.9167,11.5379],[108.9165,11.5308],[108.9169,11.5282],[108.9151,11.5248],[108.9165,11.5239],[108.9133,11.5207],[108.9116,11.5153],[108.9111,11.5117],[108.9124,11.5123],[108.916,11.511],[108.9167,11.5123],[108.9208,11.5104],[108.9307,11.5081],[108.9323,11.5062],[108.9356,11.5055],[108.9347,11.503],[108.936,11.4999],[108.9403,11.4994],[108.9407,11.4946],[108.9443,11.4949],[108.9449,11.4929],[108.9481,11.4913],[108.9473,11.488],[108.9529,11.4859],[108.9543,11.4831],[108.9532,11.4818],[108.9499,11.4819],[108.9477,11.4772],[108.9532,11.4763],[108.9597,11.4702],[108.9636,11.4773],[108.9658,11.4762],[108.9715,11.4713],[108.9712,11.468],[108.9778,11.4702],[108.9812,11.4706],[108.9841,11.4698],[108.9898,11.4698],[108.9908,11.4727],[108.9859,11.4789],[108.9866,11.4828],[108.9844,11.4855],[108.9847,11.4952],[108.9876,11.5038],[108.99,11.5077],[108.9858,11.5081],[108.9821,11.5068],[108.982,11.5088],[108.9841,11.5132],[108.9841,11.52],[108.9826,11.521],[108.982,11.526],[108.9831,11.5276],[108.9824,11.5306],[108.9854,11.533],[108.9854,11.5347],[108.9828,11.5365],[108.9789,11.5368],[108.9773,11.535],[108.9738,11.5349],[108.9677,11.5385],[108.9602,11.5391],[108.9599,11.5418],[108.9633,11.5442],[108.9619,11.5489],[108.9644,11.5595],[108.9669,11.5605],[108.9773,11.5585],[108.9804,11.5539],[108.9841,11.5536],[108.9836,11.5582],[108.9851,11.5623],[108.9852,11.5656],[108.9811,11.5691]]]},"properties":{"ma_xa":"22870","ten_xa":"Ninh Phước","sap_nhap":"Phước Dân (thị trấn), Phước Thuận, Phước Hải","tru_so":"đang cập nhật","loai":"Xã","cap":2,"stt":47,"dtich_km2":65.4,"dan_so":70203,"matdo_km2":1073.44,"ma_tinh":"56","ten_tinh":"Khánh Hòa"}},
{"type":"Feature","geometry":{"type":"Polygon","coordinates":[[[108.7959,11.7923],[108.7945,11.7927],[108.7859,11.7923],[108.7859,11.7897],[108.7814,11.7876],[108.7796,11.7904],[108.779,11.7947],[108.7735,11.7974],[108.7696,11.7893],[108.7679,11.7895],[108.7665,11.7868],[108.7686,11.7842],[108.7662,11.7828],[108.762,11.7825],[108.7554,11.7808],[108.7518,11.7784],[108.7538,11.7744],[108.7518,11.7734],[108.7476,11.7744],[108.745,11.7733],[108.7392,11.7742],[108.7384,11.7758],[108.7297,11.7781],[108.7256,11.7753],[108.7191,11.7756],[108.7162,11.7739],[108.6919,11.7825],[108.6885,11.7798],[108.6829,11.7792],[108.6789,11.7811],[108.6767,11.7811],[108.6726,11.7832],[108.6713,11.7775],[108.6659,11.7672],[108.6633,11.7642],[108.6629,11.7615],[108.6649,11.759],[108.6652,11.7543],[108.6668,11.7504],[108.6669,11.7477],[108.684,11.7371],[108.6895,11.7328],[108.6939,11.7226],[108.6992,11.7209],[108.7004,11.7197],[108.7044,11.7192],[108.7084,11.7177],[108.7146,11.7178],[108.7167,11.7192],[108.7205,11.7201],[108.7237,11.7231],[108.72,11.7269],[108.7171,11.7318],[108.7175,11.7329],[108.7252,11.7346],[108.7297,11.7332],[108.7338,11.7339],[108.7371,11.7321],[108.7353,11.73],[108.7403,11.7276],[108.7387,11.7252],[108.7439,11.724],[108.7473,11.7247],[108.7494,11.7198],[108.7517,11.7174],[108.7551,11.717],[108.7622,11.7239],[108.7667,11.7196],[108.7712,11.7194],[108.7728,11.7185],[108.7765,11.7205],[108.7793,11.721],[108.7841,11.7176],[108.7872,11.7185],[108.794,11.7179],[108.7995,11.7157],[108.8038,11.7118],[108.8072,11.7082],[108.81,11.7073],[108.8134,11.7083],[108.8124,11.7104],[108.8125,11.7162],[108.8105,11.725],[108.811,11.7288],[108.8094,11.735],[108.8086,11.7405],[108.8094,11.7446],[108.8094,11.7489],[108.8113,11.7527],[108.815,11.7521],[108.8197,11.7558],[108.8182,11.7575],[108.8152,11.7657],[108.8121,11.7686],[108.8059,11.7695],[108.8039,11.7746],[108.8052,11.7758],[108.8055,11.7791],[108.804,11.7822],[108.7998,11.7868],[108.796,11.79],[108.7959,11.7923]]]},"properties":{"ma_xa":"22810","ten_xa":"Ninh Sơn","sap_nhap":"Tân Sơn (thị trấn), Quảng Sơn","tru_so":"đang cập nhật","loai":"Xã","cap":2,"stt":59,"dtich_km2":99.3,"dan_so":32003,"matdo_km2":322.29,"ma_tinh":"56","ten_tinh":"Khánh Hòa"}},
{"type":"Feature","geometry":{"type":"Polygon","coordinates":[[[108.9773,11.5585],[108.9742,11.5558],[108.972,11.5525],[108.9722,11.5503],[108.9807,11.5504],[108.9848,11.5468],[108.9874,11.546],[108.9901,11.5475],[108.9939,11.5468],[108.9964,11.549],[108.9995,11.5434],[109.0032,11.5419],[109.0048,11.5505],[109.0078,11.5528],[109.0066,11.5552],[109.0037,11.5575],[109.0012,11.558],[109.001,11.5651],[108.9982,11.5654],[108.9987,11.5693],[108.9981,11.5744],[109.0013,11.5747],[109.0009,11.5778],[109.0002,11.5845],[108.9962,11.5862],[108.9877,11.5877],[108.9835,11.5768],[108.9811,11.5691],[108.9852,11.5656],[108.9851,11.5623],[108.9836,11.5582],[108.9841,11.5536],[108.9804,11.5539],[108.9773,11.5585]]]},"properties":{"ma_xa":"22759","ten_xa":"Phan Rang","sap_nhap":"Kinh Dinh, Phủ Hà, Đài Sơn, Đạo Long","tru_so":"đang cập nhật","loai":"Phường","cap":2,"stt":42,"dtich_km2":9.4,"dan_so":72250,"matdo_km2":7686.17,"ma_tinh":"56","ten_tinh":"Khánh Hòa"}},
{"type":"Feature","geometry":{"type":"Polygon","coordinates":[[[108.9773,11.5585],[108.9669,11.5605],[108.9644,11.5595],[108.9619,11.5489],[108.9633,11.5442],[108.9599,11.5418],[108.9602,11.5391],[108.9677,11.5385],[108.9738,11.5349],[108.9773,11.535],[108.9789,11.5368],[108.9828,11.5365],[108.9854,11.5347],[108.9854,11.533],[108.9824,11.5306],[108.9831,11.5276],[108.982,11.526],[108.9826,11.521],[108.9841,11.52],[108.9841,11.5132],[108.982,11.5088],[108.9821,11.5068],[108.9858,11.5081],[108.99,11.5077],[108.9876,11.5038],[108.9847,11.4952],[108.9844,11.4855],[108.9866,11.4828],[108.9859,11.4789],[108.9908,11.4727],[108.9898,11.4698],[108.9841,11.4698],[108.9812,11.4706],[108.9778,11.4702],[108.9712,11.468],[108.9715,11.4713],[108.9658,11.4762],[108.9636,11.4773],[108.9597,11.4702],[108.9575,11.4672],[108.9539,11.4603],[108.9513,11.4585],[108.9506,11.4522],[108.9489,11.4509],[108.9478,11.4474],[108.9437,11.4443],[108.9429,11.4428],[108.9396,11.4426],[108.9358,11.4437],[108.9324,11.4465],[108.9308,11.4421],[108.9229,11.4338],[108.9213,11.4292],[108.9198,11.4276],[108.9196,11.4238],[108.9179,11.4207],[108.9189,11.4182],[108.9187,11.4131],[108.9204,11.4107],[108.9207,11.4033],[108.9225,11.4014],[108.9226,11.3974],[108.9335,11.3789],[108.942,11.3685],[108.9518,11.3441],[108.9553,11.3365],[108.9584,11.3277],[108.9612,11.3258],[108.9605,11.3194],[108.9593,11.3156],[108.9626,11.3165],[108.9706,11.3223],[108.9743,11.3263],[108.9756,11.3287],[108.9795,11.3301],[108.982,11.3299],[108.9833,11.3318],[108.9889,11.3365],[108.9901,11.3425],[108.9931,11.3449],[108.9924,11.3474],[108.9944,11.3497],[108.9968,11.3501],[108.9998,11.348],[109.0011,11.3486],[109.0015,11.353],[109.0031,11.3526],[109.0049,11.3554],[109.0089,11.3547],[109.0149,11.3562],[109.0188,11.3599],[109.0202,11.3631],[109.0199,11.3693],[109.0155,11.3696],[109.0113,11.374],[109.0077,11.3838],[109.0059,11.3943],[109.0076,11.3997],[109.0059,11.4055],[109.006,11.4105],[109.0086,11.415],[109.0118,11.4167],[109.0139,11.4241],[109.0141,11.4279],[109.0134,11.4343],[109.0122,11.4385],[109.0087,11.4423],[109.0086,11.4452],[109.011,11.4485],[109.0134,11.4541],[109.0137,11.4596],[109.0144,11.4613],[109.0142,11.4662],[109.0153,11.4708],[109.0151,11.4742],[109.0121,11.4891],[109.0115,11.5003],[109.0119,11.5092],[109.0128,11.5158],[109.0162,11.5261],[109.0192,11.5304],[109.0253,11.535],[109.028,11.5363],[109.025,11.5418],[109.0219,11.5442],[109.0177,11.5442],[109.0101,11.5428],[109.0057,11.5415],[109.0032,11.5419],[108.9995,11.5434],[108.9964,11.549],[108.9939,11.5468],[108.9901,11.5475],[108.9874,11.546],[108.9848,11.5468],[108.9807,11.5504],[108.9722,11.5503],[108.972,11.5525],[108.9742,11.5558],[108.9773,11.5585]]]},"properties":{"ma_xa":"22888","ten_xa":"Phước Dinh","sap_nhap":"An Hải, Phước Dinh, Đông Hải (1 phần)","tru_so":"đang cập nhật","loai":"Xã","cap":2,"stt":53,"dtich_km2":154,"dan_so":35301,"matdo_km2":229.23,"ma_tinh":"56","ten_tinh":"Khánh Hòa"}},
{"type":"Feature","geometry":{"type":"Polygon","coordinates":[[[108.8643,11.4869],[108.8658,11.4901],[108.865,11.4943],[108.8629,11.495],[108.8596,11.4984],[108.8564,11.4965],[108.855,11.4934],[108.8526,11.495],[108.8486,11.4937],[108.8434,11.491],[108.8413,11.4951],[108.8382,11.4946],[108.8376,11.4972],[108.8357,11.4989],[108.8378,11.5027],[108.8398,11.5124],[108.8416,11.5157],[108.8419,11.519],[108.8437,11.5259],[108.84,11.5272],[108.8375,11.5267],[108.834,11.5278],[108.8293,11.5274],[108.8266,11.5301],[108.8235,11.5303],[108.8207,11.5342],[108.819,11.5342],[108.8162,11.5367],[108.8161,11.5382],[108.7849,11.5556],[108.7517,11.5775],[108.7339,11.5971],[108.7354,11.5934],[108.7344,11.5879],[108.7321,11.5857],[108.7307,11.5809],[108.7286,11.5784],[108.7296,11.5733],[108.7291,11.5706],[108.7264,11.5678],[108.7149,11.5457],[108.7138,11.5429],[108.7144,11.5408],[108.7081,11.5364],[108.7037,11.5348],[108.7015,11.5301],[108.6975,11.5288],[108.6936,11.525],[108.6902,11.5162],[108.692,11.5124],[108.6877,11.5073],[108.6866,11.5038],[108.6638,11.5007],[108.6788,11.4734],[108.7005,11.467],[108.7135,11.4618],[108.7185,11.4635],[108.7227,11.4667],[108.7249,11.4693],[108.7509,11.4713],[108.7618,11.4705],[108.7603,11.4491],[108.7572,11.4114],[108.7833,11.3939],[108.785,11.3883],[108.8016,11.3833],[108.812,11.3991],[108.8176,11.4064],[108.821,11.4098],[108.8258,11.4211],[108.8328,11.4363],[108.835,11.4394],[108.8348,11.4422],[108.8366,11.4456],[108.8384,11.4514],[108.841,11.4566],[108.8445,11.46],[108.8458,11.4589],[108.8485,11.4647],[108.8485,11.4709],[108.8527,11.4795],[108.858,11.4809],[108.864,11.4855],[108.8643,11.4869]]]},"properties":{"ma_xa":"22900","ten_xa":"Phước Hà","sap_nhap":"Nhị Hà, Phước Hà","tru_so":"đang cập nhật","loai":"Xã","cap":2,"stt":52,"dtich_km2":230,"dan_so":8900,"matdo_km2":38.7,"ma_tinh":"56","ten_tinh":"Khánh Hòa"}},
{"type":"Feature","geometry":{"type":"Polygon","coordinates":[[[108.8706,11.6307],[108.8714,11.6364],[108.8742,11.642],[108.8752,11.6456],[108.8746,11.6476],[108.8712,11.6523],[108.8679,11.6556],[108.8631,11.6547],[108.8609,11.6516],[108.8558,11.652],[108.8542,11.6506],[108.8497,11.651],[108.8484,11.6498],[108.8399,11.6504],[108.8374,11.6514],[108.8294,11.6473],[108.8248,11.6432],[108.824,11.64],[108.8209,11.6382],[108.817,11.6393],[108.8135,11.6385],[108.8047,11.6386],[108.8015,11.6412],[108.8253,11.5933],[108.834,11.5903],[108.8651,11.5825],[108.8721,11.5877],[108.8759,11.5921],[108.8784,11.5906],[108.8848,11.5932],[108.8856,11.599],[108.8866,11.6016],[108.8897,11.6015],[108.8921,11.6039],[108.8958,11.6012],[108.8944,11.5963],[108.8982,11.5937],[108.897,11.5878],[108.9004,11.5866],[108.9025,11.5822],[108.9031,11.5771],[108.9078,11.5741],[108.9094,11.5701],[108.9113,11.5691],[108.9104,11.5668],[108.9112,11.5648],[108.9092,11.5635],[108.9081,11.5601],[108.9109,11.5573],[108.9141,11.5562],[108.9182,11.5566],[108.9284,11.5556],[108.9352,11.5512],[108.9369,11.559],[108.9363,11.5684],[108.9385,11.5753],[108.9428,11.5798],[108.9405,11.5815],[108.936,11.5831],[108.9366,11.5855],[108.9338,11.5894],[108.9309,11.59],[108.9298,11.5916],[108.933,11.5938],[108.9353,11.5917],[108.9375,11.5937],[108.9415,11.5932],[108.9402,11.5963],[108.9408,11.6006],[108.9371,11.6027],[108.9344,11.601],[108.9307,11.6012],[108.9287,11.6024],[108.9267,11.6064],[108.9236,11.6106],[108.9204,11.6113],[108.9138,11.6107],[108.9109,11.6139],[108.9069,11.6168],[108.9037,11.6177],[108.8985,11.6169],[108.8953,11.6179],[108.8873,11.6249],[108.8817,11.628],[108.8762,11.6271],[108.8741,11.6252],[108.871,11.6252],[108.8697,11.6278],[108.8706,11.6307]]]},"properties":{"ma_xa":"22873","ten_xa":"Phước Hậu","sap_nhap":"Phước Vinh, Phước Sơn, Phước Hậu","tru_so":"đang cập nhật","loai":"Xã","cap":2,"stt":49,"dtich_km2":74.7,"dan_so":49465,"matdo_km2":662.18,"ma_tinh":"56","ten_tinh":"Khánh Hòa"}},
{"type":"Feature","geometry":{"type":"Polygon","coordinates":[[[108.9182,11.5566],[108.9141,11.5562],[108.9109,11.5573],[108.9081,11.5601],[108.9092,11.5635],[108.9112,11.5648],[108.9104,11.5668],[108.9113,11.5691],[108.9094,11.5701],[108.9078,11.5741],[108.9031,11.5771],[108.9025,11.5822],[108.9004,11.5866],[108.897,11.5878],[108.8982,11.5937],[108.8944,11.5963],[108.8958,11.6012],[108.8921,11.6039],[108.8897,11.6015],[108.8866,11.6016],[108.8856,11.599],[108.8848,11.5932],[108.8784,11.5906],[108.8759,11.5921],[108.8721,11.5877],[108.8651,11.5825],[108.834,11.5903],[108.8253,11.5933],[108.8015,11.6412],[108.7806,11.6474],[108.7583,11.6493],[108.7531,11.643],[108.7526,11.6395],[108.7484,11.6332],[108.7433,11.6294],[108.7437,11.6234],[108.7404,11.6226],[108.7372,11.6199],[108.7329,11.6148],[108.7339,11.5971],[108.7517,11.5775],[108.7849,11.5556],[108.8161,11.5382],[108.8162,11.5367],[108.819,11.5342],[108.8207,11.5342],[108.8235,11.5303],[108.8266,11.5301],[108.8293,11.5274],[108.834,11.5278],[108.8375,11.5267],[108.84,11.5272],[108.8437,11.5259],[108.8419,11.519],[108.8416,11.5157],[108.8398,11.5124],[108.8378,11.5027],[108.8357,11.4989],[108.8376,11.4972],[108.8382,11.4946],[108.8413,11.4951],[108.8434,11.491],[108.8486,11.4937],[108.8526,11.495],[108.855,11.4934],[108.8564,11.4965],[108.8596,11.4984],[108.8629,11.495],[108.865,11.4943],[108.8658,11.4901],[108.8643,11.4869],[108.8664,11.4875],[108.8728,11.487],[108.8766,11.4837],[108.8772,11.482],[108.8803,11.4793],[108.8826,11.4825],[108.8826,11.4843],[108.8852,11.4862],[108.8887,11.4842],[108.8959,11.4844],[108.897,11.4869],[108.9044,11.4965],[108.9087,11.4999],[108.909,11.5021],[108.907,11.5048],[108.9101,11.507],[108.9111,11.5117],[108.9116,11.5153],[108.9133,11.5207],[108.9165,11.5239],[108.9151,11.5248],[108.9169,11.5282],[108.9165,11.5308],[108.9167,11.5379],[108.9177,11.5413],[108.9172,11.5464],[108.9182,11.5566]]]},"properties":{"ma_xa":"22891","ten_xa":"Phước Hữu","sap_nhap":"Phước Thái, Phước Hữu","tru_so":"đang cập nhật","loai":"Xã","cap":2,"stt":48,"dtich_km2":177.7,"dan_so":35572,"matdo_km2":200.18,"ma_tinh":"56","ten_tinh":"Khánh Hòa"}},
{"type":"Feature","geometry":{"type":"Polygon","coordinates":[[[109.1433,12.1638],[109.1371,12.1741],[109.1335,12.1777],[109.1337,12.1826],[109.1288,12.1839],[109.1254,12.1865],[109.122,12.1876],[109.1198,12.194],[109.12,12.1959],[109.1157,12.2007],[109.1148,12.2041],[109.1178,12.2094],[109.1172,12.2131],[109.1131,12.2132],[109.1107,12.2096],[109.1077,12.2088],[109.1063,12.2061],[109.1055,12.2013],[109.0992,12.2007],[109.0972,12.2032],[109.0929,12.203],[109.0882,12.1964],[109.0802,12.1986],[109.0768,12.2009],[109.0739,12.2068],[109.074,12.2092],[109.0715,12.2094],[109.0706,12.2075],[109.0667,12.2032],[109.0657,12.2012],[109.0632,12.2005],[109.0603,12.2056],[109.0566,12.2019],[109.0544,12.2018],[109.0549,12.1952],[109.0542,12.1898],[109.0518,12.19],[109.0506,12.1882],[109.0465,12.1861],[109.0428,12.186],[109.0351,12.1833],[109.0311,12.1835],[109.026,12.1817],[109.023,12.1791],[109.0194,12.1818],[109.017,12.186],[109.0149,12.1865],[109.0116,12.1842],[109.0074,12.1843],[109.0056,12.182],[108.9995,12.1794],[108.9971,12.1717],[108.9972,12.1675],[108.9958,12.1664],[108.9902,12.1672],[108.9878,12.1702],[108.9849,12.1715],[108.9807,12.1741],[108.979,12.1739],[108.9757,12.1769],[108.9734,12.1732],[108.9727,12.167],[108.9743,12.1629],[108.9701,12.1595],[108.966,12.1594],[108.9648,12.1574],[108.9662,12.1535],[108.9685,12.15],[108.9654,12.1476],[108.9647,12.1447],[108.9625,12.1422],[108.9604,12.136],[108.961,12.1286],[108.9593,12.1252],[108.9566,12.1223],[108.9475,12.1195],[108.9441,12.1155],[108.9421,12.1106],[108.9404,12.1023],[108.9438,12.0941],[108.9438,12.0894],[108.9451,12.0848],[108.9431,12.0831],[108.9454,12.0784],[108.9462,12.0761],[108.9493,12.0749],[108.9531,12.0746],[108.9568,12.0775],[108.96,12.078],[108.9618,12.0801],[108.9661,12.0816],[108.9676,12.0845],[108.9693,12.0845],[108.9707,12.0871],[108.9768,12.0924],[108.9818,12.0952],[108.984,12.098],[108.988,12.1009],[108.9881,12.1023],[108.9918,12.106],[108.992,12.1077],[108.9989,12.1134],[109.0013,12.1147],[109.0007,12.1194],[109.0027,12.1225],[109.0046,12.1235],[109.007,12.1215],[109.0091,12.1234],[109.0135,12.1208],[109.0147,12.1235],[109.0165,12.1245],[109.0149,12.128],[109.0197,12.1322],[109.024,12.1316],[109.0263,12.1301],[109.0291,12.1306],[109.0313,12.1291],[109.0344,12.1313],[109.0378,12.1315],[109.0375,12.1339],[109.0394,12.1363],[109.0381,12.1387],[109.0393,12.14],[109.0438,12.1399],[109.0445,12.141],[109.0434,12.1453],[109.0478,12.1487],[109.0502,12.1516],[109.0519,12.1552],[109.0527,12.1624],[109.0604,12.1612],[109.0645,12.1505],[109.0679,12.1454],[109.0692,12.1412],[109.076,12.1322],[109.092,12.1163],[109.1008,12.1035],[109.1049,12.0935],[109.1077,12.0898],[109.1095,12.089],[109.1133,12.0895],[109.1154,12.0869],[109.1197,12.0857],[109.1211,12.0807],[109.1231,12.0774],[109.1272,12.0782],[109.1273,12.0816],[109.1301,12.0858],[109.1374,12.0882],[109.1394,12.0926],[109.1393,12.0949],[109.143,12.097],[109.1457,12.1013],[109.1424,12.1068],[109.1318,12.113],[109.1256,12.1171],[109.1222,12.123],[109.1238,12.128],[109.1231,12.1345],[109.1221,12.1366],[109.1217,12.145],[109.1232,12.1478],[109.1262,12.151],[109.1274,12.1535],[109.1329,12.1582],[109.1384,12.1594],[109.1433,12.1638]]]},"properties":{"ma_xa":"22708","ten_xa":"Suối Dầu","sap_nhap":"Suối Cát, Cam Hòa (1 phần), Cam Tân (1 phần), Suối Tân (1 phần)","tru_so":"đang cập nhật","loai":"Xã","cap":2,"stt":30,"dtich_km2":160.1,"dan_so":24185,"matdo_km2":151.06,"ma_tinh":"56","ten_tinh":"Khánh Hòa"}},
{"type":"Feature","geometry":{"type":"Polygon","coordinates":[[[109.0943,12.2363],[109.0923,12.2388],[109.08,12.2355],[109.0812,12.2382],[109.08,12.2416],[109.0768,12.2433],[109.0724,12.241],[109.0723,12.2443],[109.0669,12.2446],[109.0631,12.2424],[109.061,12.2421],[109.0595,12.2389],[109.0531,12.2394],[109.0474,12.2405],[109.044,12.2402],[109.043,12.2435],[109.0376,12.2414],[109.0344,12.2409],[109.035,12.2373],[109.0321,12.2357],[109.0305,12.2372],[109.0148,12.236],[109.0114,12.2351],[109.0108,12.2269],[109.0122,12.2243],[109.0116,12.2194],[109.016,12.2186],[109.021,12.2211],[109.0126,12.2058],[109.0098,12.2049],[109.0067,12.1981],[109.0009,12.1966],[108.996,12.1933],[108.9909,12.1917],[108.9901,12.1875],[108.9867,12.1862],[108.9862,12.1816],[108.9874,12.1779],[108.9849,12.1715],[108.9878,12.1702],[108.9902,12.1672],[108.9958,12.1664],[108.9972,12.1675],[108.9971,12.1717],[108.9995,12.1794],[109.0056,12.182],[109.0074,12.1843],[109.0116,12.1842],[109.0149,12.1865],[109.017,12.186],[109.0194,12.1818],[109.023,12.1791],[109.026,12.1817],[109.0311,12.1835],[109.0351,12.1833],[109.0428,12.186],[109.0465,12.1861],[109.0506,12.1882],[109.0518,12.19],[109.0542,12.1898],[109.0549,12.1952],[109.0544,12.2018],[109.0566,12.2019],[109.0603,12.2056],[109.0632,12.2005],[109.0657,12.2012],[109.0667,12.2032],[109.0706,12.2075],[109.0715,12.2094],[109.074,12.2092],[109.0739,12.2068],[109.0768,12.2009],[109.0802,12.1986],[109.0882,12.1964],[109.0929,12.203],[109.0972,12.2032],[109.0992,12.2007],[109.1055,12.2013],[109.1063,12.2061],[109.1077,12.2088],[109.1107,12.2096],[109.1131,12.2132],[109.1114,12.2169],[109.1074,12.2161],[109.1034,12.2174],[109.1029,12.22],[109.1005,12.2222],[109.0997,12.2267],[109.0983,12.2275],[109.0966,12.2338],[109.0938,12.2343],[109.0943,12.2363]]]},"properties":{"ma_xa":"22702","ten_xa":"Suối Hiệp","sap_nhap":"Suối Tiên, Bình Lộc, Suối Hiệp","tru_so":"đang cập nhật","loai":"Xã","cap":2,"stt":28,"dtich_km2":55.3,"dan_so":24159,"matdo_km2":436.87,"ma_tinh":"56","ten_tinh":"Khánh Hòa"}},
{"type":"Feature","geometry":{"type":"Polygon","coordinates":[[[109.0814,12.5103],[109.0814,12.5155],[109.0795,12.5163],[109.0705,12.5239],[109.0627,12.5291],[109.0668,12.5325],[109.0691,12.5364],[109.0682,12.5416],[109.067,12.5441],[109.0637,12.5478],[109.0585,12.5575],[109.0571,12.5571],[109.0407,12.5643],[109.0346,12.5582],[109.0314,12.5543],[109.0358,12.5489],[109.0345,12.5436],[109.0344,12.5389],[109.0301,12.531],[109.0272,12.5308],[109.0224,12.5338],[109.0214,12.5294],[109.0194,12.5271],[109.0238,12.5255],[109.0259,12.5221],[109.0217,12.5152],[109.0165,12.516],[109.0153,12.5171],[109.0148,12.5206],[109.0088,12.5182],[109.0015,12.5183],[109.0001,12.5159],[108.998,12.5087],[108.9955,12.5069],[108.9924,12.5021],[108.9899,12.4998],[108.9937,12.4971],[108.996,12.4965],[108.9975,12.4941],[108.9958,12.4862],[108.9878,12.4781],[108.9804,12.4692],[108.9819,12.4683],[109.0121,12.4534],[109.0099,12.4584],[109.0135,12.4652],[109.0238,12.4708],[109.0264,12.4747],[109.0248,12.4786],[109.0257,12.481],[109.029,12.4837],[109.0313,12.484],[109.0325,12.4812],[109.0306,12.4776],[109.0341,12.475],[109.0544,12.4617],[109.0651,12.4695],[109.0688,12.4707],[109.0693,12.4682],[109.0719,12.466],[109.0733,12.4617],[109.0745,12.4606],[109.0794,12.4624],[109.0837,12.4648],[109.0857,12.4674],[109.0918,12.4679],[109.0937,12.469],[109.0969,12.4681],[109.1011,12.4683],[109.1023,12.4668],[109.1103,12.4639],[109.1128,12.4642],[109.1171,12.4632],[109.1165,12.4595],[109.1196,12.4576],[109.1213,12.4516],[109.1215,12.4472],[109.1247,12.4482],[109.1268,12.4458],[109.1296,12.4467],[109.1283,12.4507],[109.129,12.4528],[109.1249,12.4542],[109.1232,12.4573],[109.1236,12.4607],[109.123,12.4662],[109.1259,12.47],[109.1261,12.4722],[109.1285,12.476],[109.1244,12.4798],[109.1236,12.4928],[109.1242,12.495],[109.1269,12.4977],[109.125,12.5002],[109.1204,12.499],[109.1181,12.4972],[109.1145,12.4991],[109.1128,12.4989],[109.1112,12.4964],[109.1096,12.5],[109.1077,12.4994],[109.1022,12.493],[109.1022,12.496],[109.0975,12.4999],[109.0957,12.4996],[109.0908,12.4964],[109.088,12.4952],[109.0877,12.5017],[109.0842,12.5038],[109.0827,12.5058],[109.0801,12.5053],[109.0814,12.5103]]]},"properties":{"ma_xa":"22576","ten_xa":"Tân Định","sap_nhap":"Ninh Xuân, Ninh Quang, Ninh Bình","tru_so":"đang cập nhật","loai":"Xã","cap":2,"stt":12,"dtich_km2":92.4,"dan_so":40481,"matdo_km2":438.11,"ma_tinh":"56","ten_tinh":"Khánh Hòa"}},
{"type":"Feature","geometry":{"type":"Polygon","coordinates":[[[108.8358,12.1394],[108.8308,12.1368],[108.8237,12.1359],[108.8173,12.1403],[108.8169,12.1445],[108.8154,12.1463],[108.8154,12.151],[108.8142,12.1527],[108.809,12.1538],[108.8049,12.1576],[108.8011,12.1582],[108.798,12.1603],[108.7902,12.1596],[108.7903,12.1553],[108.7873,12.1457],[108.7883,12.1421],[108.7868,12.1403],[108.7855,12.1343],[108.7854,12.1307],[108.7836,12.126],[108.7844,12.121],[108.7876,12.1197],[108.7898,12.1134],[108.7926,12.1122],[108.7928,12.1084],[108.794,12.1055],[108.7936,12.1023],[108.7965,12.1008],[108.7969,12.0955],[108.7937,12.0942],[108.795,12.0874],[108.7992,12.0853],[108.7993,12.0824],[108.8009,12.0806],[108.8023,12.0768],[108.8022,12.0738],[108.8009,12.0715],[108.8027,12.07],[108.8068,12.0627],[108.8081,12.0585],[108.8044,12.055],[108.8041,12.0513],[108.8024,12.0513],[108.8008,12.0445],[108.8046,12.0455],[108.807,12.0443],[108.8082,12.042],[108.8124,12.0408],[108.8167,12.0405],[108.819,12.0379],[108.8231,12.0312],[108.8351,12.022],[108.8434,12.0209],[108.8465,12.0193],[108.8558,12.0175],[108.8572,12.0081],[108.8565,12.0065],[108.8583,12.0002],[108.857,11.9969],[108.8577,11.9949],[108.8557,11.9904],[108.8525,11.9884],[108.8479,11.9844],[108.8453,11.9799],[108.8483,11.9769],[108.8492,11.9732],[108.8494,11.9659],[108.8515,11.9639],[108.8565,11.9652],[108.8605,11.9669],[108.8651,11.9678],[108.8682,11.9743],[108.8707,11.9774],[108.8717,11.9877],[108.8696,11.9938],[108.8651,11.9981],[108.8653,12.0012],[108.8725,12.0083],[108.8775,12.009],[108.8814,12.0137],[108.8817,12.0156],[108.8795,12.0199],[108.8777,12.0219],[108.8795,12.0259],[108.8821,12.0274],[108.8809,12.0297],[108.8834,12.0378],[108.8852,12.0392],[108.8793,12.0462],[108.8795,12.0479],[108.8772,12.0518],[108.8801,12.0523],[108.8826,12.0542],[108.8858,12.0542],[108.8904,12.06],[108.8944,12.0633],[108.8962,12.0672],[108.8987,12.0676],[108.9042,12.0711],[108.902,12.0751],[108.9007,12.092],[108.8967,12.098],[108.8929,12.0978],[108.8888,12.0961],[108.8844,12.0982],[108.8812,12.1068],[108.8781,12.108],[108.8727,12.1046],[108.8678,12.1047],[108.8661,12.1063],[108.8623,12.1075],[108.8599,12.1124],[108.8543,12.1102],[108.8485,12.1143],[108.8452,12.1149],[108.8415,12.1172],[108.8392,12.1234],[108.8362,12.1351],[108.8358,12.1394]]]},"properties":{"ma_xa":"22720","ten_xa":"Tây Khánh Sơn","sap_nhap":"Sơn Lâm, Thành Sơn","tru_so":"đang cập nhật","loai":"Xã","cap":2,"stt":39,"dtich_km2":125.6,"dan_so":7847,"matdo_km2":62.48,"ma_tinh":"56","ten_tinh":"Khánh Hòa"}},
{"type":"Feature","geometry":{"type":"Polygon","coordinates":[[[108.6764,12.395],[108.6781,12.3926],[108.6813,12.3911],[108.6841,12.391],[108.6859,12.3883],[108.6855,12.3831],[108.6828,12.3812],[108.6833,12.3792],[108.6875,12.3781],[108.6893,12.3737],[108.6891,12.3717],[108.687,12.3696],[108.6875,12.3643],[108.6852,12.3613],[108.6829,12.3612],[108.6801,12.3556],[108.6787,12.3545],[108.6768,12.3482],[108.6781,12.3418],[108.6803,12.3401],[108.6801,12.3378],[108.6828,12.3339],[108.6827,12.3252],[108.6843,12.3226],[108.6803,12.3196],[108.68,12.3162],[108.6825,12.3172],[108.6893,12.3157],[108.6889,12.3136],[108.6937,12.3122],[108.695,12.3091],[108.6993,12.3093],[108.702,12.3066],[108.702,12.3044],[108.7042,12.3033],[108.7074,12.2989],[108.7033,12.2971],[108.7041,12.2939],[108.7013,12.2906],[108.7011,12.2874],[108.7026,12.2839],[108.702,12.2817],[108.7033,12.2774],[108.702,12.2731],[108.7054,12.2688],[108.7024,12.2651],[108.7059,12.2543],[108.7055,12.2521],[108.6996,12.2454],[108.7012,12.2428],[108.7018,12.2375],[108.7055,12.2342],[108.7068,12.2319],[108.7095,12.2301],[108.7138,12.2292],[108.7158,12.2258],[108.7181,12.2255],[108.7197,12.2211],[108.7222,12.2179],[108.7259,12.218],[108.7322,12.2172],[108.7367,12.2221],[108.7423,12.2229],[108.7445,12.2219],[108.7484,12.2232],[108.7518,12.2258],[108.7557,12.2274],[108.7575,12.2272],[108.7596,12.2296],[108.7608,12.2327],[108.7653,12.2379],[108.7687,12.2377],[108.772,12.2402],[108.7763,12.2417],[108.783,12.2391],[108.7889,12.238],[108.795,12.243],[108.7962,12.2429],[108.8015,12.2497],[108.8047,12.2516],[108.806,12.2542],[108.8078,12.2543],[108.8114,12.2571],[108.8136,12.2573],[108.813,12.2622],[108.814,12.2656],[108.8133,12.27],[108.818,12.2715],[108.8223,12.2693],[108.8269,12.2679],[108.831,12.2684],[108.8407,12.2732],[108.8434,12.2741],[108.8484,12.2726],[108.8489,12.2758],[108.8535,12.2802],[108.8573,12.2783],[108.8588,12.2757],[108.8622,12.275],[108.8656,12.2678],[108.8678,12.2681],[108.8674,12.2715],[108.8694,12.2726],[108.8727,12.2719],[108.8748,12.2748],[108.8747,12.2779],[108.8784,12.2767],[108.8827,12.278],[108.888,12.277],[108.8885,12.2744],[108.8914,12.2742],[108.9001,12.2784],[108.9018,12.2775],[108.9043,12.2786],[108.9039,12.2806],[108.9006,12.2839],[108.9031,12.2863],[108.9028,12.2879],[108.9086,12.2893],[108.9112,12.2854],[108.917,12.2858],[108.9197,12.2839],[108.922,12.2854],[108.9257,12.2829],[108.9288,12.2843],[108.9332,12.2847],[108.9351,12.2868],[108.9408,12.2853],[108.9427,12.2884],[108.9435,12.2994],[108.9433,12.303],[108.9495,12.3116],[108.9516,12.3134],[108.9491,12.3157],[108.9436,12.3171],[108.9406,12.3169],[108.9367,12.3152],[108.9344,12.3163],[108.9297,12.3156],[108.9247,12.3185],[108.9206,12.3191],[108.9055,12.3135],[108.9014,12.3092],[108.8853,12.3132],[108.8746,12.3153],[108.869,12.3144],[108.8662,12.3155],[108.8647,12.3183],[108.8618,12.318],[108.8596,12.3157],[108.8558,12.3146],[108.8521,12.3155],[108.85,12.3207],[108.8485,12.3212],[108.8434,12.3272],[108.8435,12.3287],[108.8466,12.332],[108.8461,12.3334],[108.8408,12.3383],[108.8404,12.3409],[108.8371,12.343],[108.8294,12.3427],[108.8245,12.3456],[108.8216,12.3493],[108.8213,12.3523],[108.8189,12.3539],[108.8184,12.3589],[108.816,12.3614],[108.8131,12.3624],[108.8087,12.3694],[108.8064,12.3715],[108.7987,12.3754],[108.7895,12.3761],[108.7886,12.3785],[108.7842,12.3821],[108.7782,12.3847],[108.7725,12.3829],[108.7685,12.3825],[108.7642,12.3849],[108.7619,12.3849],[108.7588,12.3884],[108.7584,12.3927],[108.7563,12.3942],[108.7567,12.3968],[108.7536,12.3984],[108.7516,12.3979],[108.749,12.3992],[108.7465,12.3986],[108.7411,12.3993],[108.7375,12.3984],[108.734,12.3994],[108.7247,12.3988],[108.7226,12.3967],[108.7212,12.3932],[108.7196,12.3924],[108.7143,12.3862],[108.7086,12.3869],[108.7067,12.3888],[108.7035,12.3891],[108.701,12.3913],[108.6981,12.3907],[108.6945,12.3933],[108.6911,12.3912],[108.6858,12.3925],[108.6841,12.3943],[108.6821,12.3935],[108.6764,12.395]]]},"properties":{"ma_xa":"22624","ten_xa":"Tây Khánh Vĩnh","sap_nhap":"Giang Ly, Khánh Thượng, Khánh Nam","tru_so":"đang cập nhật","loai":"Xã","cap":2,"stt":35,"dtich_km2":294.3,"dan_so":7357,"matdo_km2":25,"ma_tinh":"56","ten_tinh":"Khánh Hòa"}},
{"type":"Feature","geometry":{"type":"Polygon","coordinates":[[[109.187,12.2602],[109.1897,12.2624],[109.1948,12.2627],[109.1929,12.2654],[109.1884,12.2673],[109.1881,12.2718],[109.183,12.2736],[109.1796,12.272],[109.1765,12.2734],[109.1801,12.2777],[109.1846,12.2857],[109.1859,12.2889],[109.184,12.2916],[109.1812,12.2928],[109.1774,12.2903],[109.1762,12.2918],[109.1708,12.2934],[109.1634,12.2932],[109.159,12.2895],[109.1571,12.29],[109.1539,12.2884],[109.1531,12.2848],[109.1536,12.2767],[109.1566,12.274],[109.1566,12.2703],[109.1551,12.2691],[109.1507,12.2691],[109.1463,12.271],[109.143,12.2695],[109.1394,12.2658],[109.1353,12.2654],[109.1287,12.2615],[109.1254,12.2619],[109.1233,12.2591],[109.1256,12.2561],[109.1253,12.2546],[109.1209,12.2532],[109.1191,12.2496],[109.1254,12.2495],[109.1263,12.2479],[109.1252,12.2446],[109.1272,12.2349],[109.1276,12.2312],[109.1301,12.2273],[109.1323,12.2259],[109.1384,12.2284],[109.1411,12.2308],[109.1452,12.2362],[109.1487,12.2362],[109.152,12.2397],[109.1524,12.2439],[109.1559,12.2475],[109.1567,12.2503],[109.1556,12.2525],[109.158,12.2536],[109.1593,12.2512],[109.1673,12.2492],[109.1719,12.2476],[109.1734,12.2517],[109.1817,12.2491],[109.1892,12.2472],[109.1874,12.2527],[109.1857,12.2538],[109.1854,12.2588],[109.187,12.2602]]]},"properties":{"ma_xa":"22390","ten_xa":"Tây Nha Trang","sap_nhap":"Ngọc Hiệp, Phương Sài, Vĩnh Ngọc, Vĩnh Thạnh, Vĩnh Hiệp, Vĩnh Trung","tru_so":"đang cập nhật","loai":"Phường","cap":2,"stt":3,"dtich_km2":27.9,"dan_so":108065,"matdo_km2":3873.3,"ma_tinh":"56","ten_tinh":"Khánh Hòa"}},
{"type":"Feature","geometry":{"type":"Polygon","coordinates":[[[108.9782,12.6821],[108.9761,12.6831],[108.9712,12.6831],[108.9658,12.6856],[108.9629,12.684],[108.9587,12.6849],[108.9555,12.6872],[108.9508,12.6804],[108.9471,12.6776],[108.9462,12.6741],[108.9435,12.6719],[108.9418,12.666],[108.9396,12.662],[108.9375,12.6599],[108.9383,12.6546],[108.9401,12.6528],[108.9409,12.6473],[108.936,12.6483],[108.9314,12.6434],[108.929,12.6432],[108.9261,12.6401],[108.9234,12.6412],[108.921,12.6405],[108.9184,12.6379],[108.9121,12.6399],[108.9081,12.639],[108.9057,12.635],[108.8975,12.6269],[108.9006,12.624],[108.906,12.6214],[108.9067,12.6185],[108.9098,12.6158],[108.9126,12.6122],[108.9177,12.6035],[108.9162,12.5982],[108.9103,12.592],[108.9077,12.5903],[108.905,12.5862],[108.9033,12.5855],[108.9005,12.5822],[108.8923,12.5801],[108.891,12.5759],[108.8944,12.575],[108.8932,12.5712],[108.893,12.5679],[108.8959,12.5645],[108.8933,12.5605],[108.8925,12.5568],[108.8929,12.5499],[108.89,12.5453],[108.8875,12.5446],[108.8828,12.5412],[108.8802,12.5385],[108.8774,12.5318],[108.8757,12.5303],[108.8727,12.5254],[108.873,12.5222],[108.8781,12.5142],[108.8746,12.5143],[108.8721,12.5105],[108.8732,12.509],[108.8715,12.5056],[108.8753,12.4976],[108.8781,12.498],[108.8811,12.4955],[108.8838,12.4956],[108.8884,12.4908],[108.8931,12.49],[108.8955,12.4914],[108.8983,12.4887],[108.915,12.4874],[108.9194,12.4844],[108.9216,12.4846],[108.9241,12.4817],[108.9239,12.4791],[108.9266,12.4756],[108.93,12.473],[108.9282,12.468],[108.9294,12.4664],[108.935,12.4657],[108.9369,12.4636],[108.9432,12.4622],[108.9446,12.4613],[108.948,12.462],[108.9527,12.4617],[108.9556,12.4631],[108.9624,12.4623],[108.9649,12.4635],[108.9723,12.4645],[108.975,12.4676],[108.9804,12.4692],[108.9878,12.4781],[108.9958,12.4862],[108.9975,12.4941],[108.996,12.4965],[108.9937,12.4971],[108.9899,12.4998],[108.9924,12.5021],[108.9955,12.5069],[108.998,12.5087],[109.0001,12.5159],[109.0015,12.5183],[109.0088,12.5182],[109.0148,12.5206],[109.0153,12.5171],[109.0165,12.516],[109.0217,12.5152],[109.0259,12.5221],[109.0238,12.5255],[109.0194,12.5271],[109.0214,12.5294],[109.0224,12.5338],[109.0272,12.5308],[109.0301,12.531],[109.0344,12.5389],[109.0345,12.5436],[109.0358,12.5489],[109.0314,12.5543],[109.0346,12.5582],[109.0407,12.5643],[109.0366,12.578],[109.0279,12.5938],[109.0197,12.6213],[109.019,12.6263],[109.0156,12.6309],[109.0134,12.6308],[109.0117,12.6326],[109.0101,12.6373],[109.0077,12.6385],[109.0037,12.6389],[109.0014,12.6431],[109.0016,12.6448],[108.9958,12.6479],[108.9914,12.6488],[108.9897,12.6481],[108.9826,12.6521],[108.9833,12.6543],[108.9825,12.6579],[108.983,12.6607],[108.9851,12.6628],[108.9855,12.6667],[108.9835,12.6734],[108.9845,12.6753],[108.9833,12.6774],[108.9804,12.6778],[108.9782,12.6821]]]},"properties":{"ma_xa":"22552","ten_xa":"Tây Ninh Hòa","sap_nhap":"Ninh Tây, Ninh Sim","tru_so":"đang cập nhật","loai":"Xã","cap":2,"stt":16,"dtich_km2":275.9,"dan_so":17540,"matdo_km2":63.57,"ma_tinh":"56","ten_tinh":"Khánh Hòa"}},
{"type":"Feature","geometry":{"type":"Polygon","coordinates":[[[109.1134,11.7482],[109.1114,11.754],[109.1057,11.7673],[109.0857,11.7693],[109.0744,11.7629],[109.0542,11.7717],[109.0497,11.7759],[109.0459,11.7769],[109.0437,11.7798],[109.0408,11.7811],[109.0395,11.7835],[109.0364,11.7852],[109.0288,11.7846],[109.0252,11.7849],[109.0215,11.7877],[109.0191,11.7878],[109.0161,11.7899],[109.0134,11.7899],[109.0123,11.793],[109.0097,11.7942],[109.0052,11.7928],[109.0023,11.7934],[108.9986,11.793],[108.9942,11.7901],[108.9903,11.786],[108.9898,11.785],[108.9908,11.7831],[108.9895,11.7791],[108.9831,11.7715],[108.9832,11.7685],[108.9807,11.7615],[108.9759,11.7573],[108.9709,11.7555],[108.9678,11.7535],[108.9887,11.7312],[108.9878,11.7292],[108.9827,11.7272],[108.981,11.7221],[108.9838,11.7201],[108.9917,11.7183],[108.9938,11.7191],[108.9943,11.7078],[108.9955,11.7039],[108.9993,11.6885],[109.0029,11.6847],[109.0031,11.6803],[109.0047,11.6773],[109.0043,11.6746],[109.0055,11.6717],[109.0099,11.6683],[109.0107,11.6657],[109.0135,11.6656],[109.0154,11.664],[109.0179,11.664],[109.0218,11.6615],[109.0241,11.6638],[109.0278,11.6613],[109.0307,11.6671],[109.0372,11.6627],[109.0405,11.6621],[109.0416,11.6639],[109.0408,11.667],[109.0425,11.6723],[109.0501,11.6802],[109.0515,11.6838],[109.0509,11.685],[109.0515,11.6906],[109.055,11.6925],[109.0594,11.69],[109.0632,11.6895],[109.0727,11.6778],[109.0862,11.6928],[109.0916,11.6983],[109.087,11.7036],[109.0853,11.7063],[109.0845,11.7124],[109.0939,11.7171],[109.0979,11.7209],[109.099,11.7229],[109.1067,11.7266],[109.1083,11.7289],[109.1105,11.7296],[109.1136,11.7342],[109.1134,11.7482]]]},"properties":{"ma_xa":"22849","ten_xa":"Thuận Bắc","sap_nhap":"Bắc Phong, Phước Kháng, Lợi Hải","tru_so":"đang cập nhật","loai":"Xã","cap":2,"stt":57,"dtich_km2":137.2,"dan_so":25744,"matdo_km2":187.64,"ma_tinh":"56","ten_tinh":"Khánh Hòa"}},
{"type":"Feature","geometry":{"type":"Polygon","coordinates":[[[108.9597,11.4702],[108.9532,11.4763],[108.9477,11.4772],[108.9499,11.4819],[108.9532,11.4818],[108.9543,11.4831],[108.9529,11.4859],[108.9473,11.488],[108.9481,11.4913],[108.9449,11.4929],[108.9443,11.4949],[108.9407,11.4946],[108.9403,11.4994],[108.936,11.4999],[108.9347,11.503],[108.9356,11.5055],[108.9323,11.5062],[108.9307,11.5081],[108.9208,11.5104],[108.9167,11.5123],[108.916,11.511],[108.9124,11.5123],[108.9111,11.5117],[108.9101,11.507],[108.907,11.5048],[108.909,11.5021],[108.9087,11.4999],[108.9044,11.4965],[108.897,11.4869],[108.8959,11.4844],[108.8887,11.4842],[108.8852,11.4862],[108.8826,11.4843],[108.8826,11.4825],[108.8803,11.4793],[108.8772,11.482],[108.8766,11.4837],[108.8728,11.487],[108.8664,11.4875],[108.8643,11.4869],[108.864,11.4855],[108.858,11.4809],[108.8527,11.4795],[108.8485,11.4709],[108.8485,11.4647],[108.8458,11.4589],[108.8445,11.46],[108.841,11.4566],[108.8384,11.4514],[108.8366,11.4456],[108.8348,11.4422],[108.835,11.4394],[108.8328,11.4363],[108.8258,11.4211],[108.821,11.4098],[108.8176,11.4064],[108.812,11.3991],[108.8016,11.3833],[108.844,11.3771],[108.8488,11.3794],[108.8515,11.3791],[108.8557,11.3799],[108.8565,11.3811],[108.8631,11.3792],[108.8667,11.3776],[108.8719,11.3776],[108.8735,11.3806],[108.8755,11.3814],[108.88,11.381],[108.8841,11.3758],[108.8866,11.3762],[108.8911,11.3819],[108.8941,11.3816],[108.9004,11.3824],[108.9039,11.384],[108.91,11.3813],[108.91,11.3855],[108.9144,11.3874],[108.9178,11.3915],[108.9206,11.3929],[108.9226,11.3974],[108.9225,11.4014],[108.9207,11.4033],[108.9204,11.4107],[108.9187,11.4131],[108.9189,11.4182],[108.9179,11.4207],[108.9196,11.4238],[108.9198,11.4276],[108.9213,11.4292],[108.9229,11.4338],[108.9308,11.4421],[108.9324,11.4465],[108.9358,11.4437],[108.9396,11.4426],[108.9429,11.4428],[108.9437,11.4443],[108.9478,11.4474],[108.9489,11.4509],[108.9506,11.4522],[108.9513,11.4585],[108.9539,11.4603],[108.9575,11.4672],[108.9597,11.4702]]]},"properties":{"ma_xa":"22897","ten_xa":"Thuận Nam","sap_nhap":"Phước Nam, Phước Ninh, Phước Minh","tru_so":"đang cập nhật","loai":"Xã","cap":2,"stt":50,"dtich_km2":140.8,"dan_so":27262,"matdo_km2":193.62,"ma_tinh":"56","ten_tinh":"Khánh Hòa"}},
{"type":"Feature","geometry":{"type":"Polygon","coordinates":[[[108.8705,12.4536],[108.8639,12.453],[108.8553,12.4579],[108.8501,12.4578],[108.8486,12.4586],[108.8472,12.4626],[108.84,12.4623],[108.8372,12.4632],[108.8338,12.4667],[108.8346,12.4693],[108.8292,12.4716],[108.827,12.4711],[108.8248,12.4737],[108.8194,12.4755],[108.8199,12.4791],[108.8176,12.4818],[108.8116,12.4847],[108.8089,12.4853],[108.805,12.4811],[108.8021,12.4821],[108.7992,12.4812],[108.7956,12.4862],[108.7977,12.4914],[108.795,12.4943],[108.7951,12.4967],[108.7918,12.4998],[108.7886,12.4999],[108.7867,12.5017],[108.7831,12.5015],[108.7785,12.5056],[108.7753,12.5042],[108.7679,12.5037],[108.7674,12.501],[108.7636,12.4979],[108.7567,12.4992],[108.7541,12.4991],[108.7506,12.4975],[108.7506,12.4928],[108.7488,12.4873],[108.7483,12.4804],[108.7435,12.4793],[108.7398,12.4761],[108.7357,12.4761],[108.7313,12.4771],[108.7282,12.479],[108.7211,12.4806],[108.72,12.4826],[108.7155,12.4839],[108.7129,12.4825],[108.7109,12.4791],[108.7085,12.4792],[108.7073,12.4773],[108.7037,12.4748],[108.7017,12.4745],[108.6995,12.4719],[108.6989,12.4687],[108.6991,12.4612],[108.6958,12.4576],[108.6932,12.4565],[108.6866,12.4497],[108.6844,12.4464],[108.683,12.4428],[108.6802,12.4383],[108.6728,12.4319],[108.6727,12.4279],[108.6693,12.4225],[108.672,12.4196],[108.6748,12.4184],[108.6766,12.4154],[108.6796,12.4148],[108.6778,12.4077],[108.6728,12.4018],[108.6764,12.395],[108.6821,12.3935],[108.6841,12.3943],[108.6858,12.3925],[108.6911,12.3912],[108.6945,12.3933],[108.6981,12.3907],[108.701,12.3913],[108.7035,12.3891],[108.7067,12.3888],[108.7086,12.3869],[108.7143,12.3862],[108.7196,12.3924],[108.7212,12.3932],[108.7226,12.3967],[108.7247,12.3988],[108.734,12.3994],[108.7375,12.3984],[108.7411,12.3993],[108.7465,12.3986],[108.749,12.3992],[108.7516,12.3979],[108.7536,12.3984],[108.7567,12.3968],[108.7563,12.3942],[108.7584,12.3927],[108.7588,12.3884],[108.7619,12.3849],[108.7642,12.3849],[108.7685,12.3825],[108.7725,12.3829],[108.7782,12.3847],[108.7842,12.3821],[108.7886,12.3785],[108.7895,12.3761],[108.7987,12.3754],[108.8064,12.3715],[108.8087,12.3694],[108.8131,12.3624],[108.816,12.3614],[108.8184,12.3589],[108.8189,12.3539],[108.8213,12.3523],[108.8216,12.3493],[108.8245,12.3456],[108.8294,12.3427],[108.8371,12.343],[108.8404,12.3409],[108.8408,12.3383],[108.8461,12.3334],[108.8466,12.332],[108.8435,12.3287],[108.8434,12.3272],[108.8485,12.3212],[108.85,12.3207],[108.8521,12.3155],[108.8558,12.3146],[108.8596,12.3157],[108.8618,12.318],[108.8647,12.3183],[108.8662,12.3155],[108.869,12.3144],[108.8746,12.3153],[108.8853,12.3132],[108.9014,12.3092],[108.9055,12.3135],[108.9206,12.3191],[108.9247,12.3185],[108.9297,12.3156],[108.9344,12.3163],[108.9364,12.3187],[108.9355,12.3239],[108.9335,12.3257],[108.9331,12.3285],[108.9341,12.3335],[108.9214,12.3443],[108.9232,12.3475],[108.9233,12.3525],[108.9252,12.3572],[108.9307,12.3587],[108.9342,12.3611],[108.9337,12.3636],[108.937,12.3666],[108.9396,12.3678],[108.9405,12.371],[108.9426,12.3728],[108.9391,12.3793],[108.9405,12.3832],[108.9393,12.3871],[108.9437,12.3996],[108.9401,12.4014],[108.938,12.4013],[108.9354,12.4033],[108.9323,12.4074],[108.9321,12.4161],[108.934,12.4194],[108.9317,12.422],[108.9328,12.4293],[108.9356,12.4313],[108.9321,12.4325],[108.927,12.4317],[108.9214,12.4297],[108.9177,12.4277],[108.9147,12.4205],[108.9102,12.4189],[108.9075,12.4197],[108.9049,12.4174],[108.9013,12.4183],[108.8979,12.4254],[108.8987,12.4286],[108.8964,12.4319],[108.8956,12.4376],[108.8918,12.4411],[108.8876,12.4481],[108.8822,12.4522],[108.8756,12.451],[108.8733,12.4529],[108.8705,12.4536]]]},"properties":{"ma_xa":"22612","ten_xa":"Trung Khánh Vĩnh","sap_nhap":"Khánh Trung, Khánh Hiệp","tru_so":"đang cập nhật","loai":"Xã","cap":2,"stt":34,"dtich_km2":338.5,"dan_so":7772,"matdo_km2":22.96,"ma_tinh":"56","ten_tinh":"Khánh Hòa"}},
{"type":"Feature","geometry":{"type":"MultiPolygon","coordinates":[[[[113.5693,6.938],[113.5708,6.936],[113.5776,6.9318],[113.5809,6.9311],[113.5873,6.9333],[113.5927,6.936],[113.5942,6.9384],[113.5946,6.9412],[113.5933,6.9453],[113.5866,6.952],[113.5816,6.956],[113.5779,6.958],[113.5731,6.9565],[113.5692,6.9498],[113.5682,6.9456],[113.5681,6.9416],[113.5693,6.938]]],[[[110.4682,7.2373],[110.4655,7.2361],[110.4635,7.2332],[110.4635,7.2282],[110.4659,7.2249],[110.468,7.2235],[110.4722,7.2232],[110.4763,7.2241],[110.4788,7.2262],[110.4797,7.2301],[110.4791,7.234],[110.4763,7.2369],[110.4721,7.2375],[110.4682,7.2373]]],[[[113.8389,7.3863],[113.8256,7.3865],[113.8181,7.383],[113.8123,7.3823],[113.8071,7.3801],[113.8037,7.3799],[113.7971,7.3805],[113.79,7.3773],[113.7852,7.3759],[113.785,7.3743],[113.7909,7.3716],[113.8001,7.3694],[113.8043,7.3692],[113.8158,7.3655],[113.8248,7.3655],[113.8331,7.3663],[113.8363,7.3673],[113.8493,7.3746],[113.8518,7.3766],[113.8516,7.3803],[113.8471,7.3848],[113.8438,7.3861],[113.8389,7.3863]]],[[[109.8677,7.4036],[109.8734,7.4047],[109.8782,7.4073],[109.8785,7.4132],[109.8762,7.4178],[109.8736,7.4195],[109.8688,7.4198],[109.8622,7.4177],[109.8597,7.4146],[109.859,7.411],[109.8596,7.4064],[109.8629,7.4041],[109.8677,7.4036]]],[[[109.713,7.5776],[109.711,7.582],[109.7065,7.5855],[109.6993,7.5855],[109.6926,7.5835],[109.6802,7.5783],[109.6714,7.5753],[109.6584,7.5674],[109.6553,7.565],[109.6488,7.5571],[109.6387,7.5419],[109.634,7.5374],[109.6301,7.5354],[109.626,7.5324],[109.6233,7.528],[109.6228,7.5244],[109.6231,7.5198],[109.6252,7.5138],[109.6281,7.5115],[109.6314,7.5106],[109.6371,7.5112],[109.6423,7.5138],[109.6579,7.5287],[109.6637,7.5339],[109.671,7.5397],[109.6772,7.5436],[109.6924,7.5538],[109.7089,7.5663],[109.7111,7.5684],[109.7135,7.5733],[109.713,7.5776]]],[[[109.8938,7.5452],[109.8946,7.5445],[109.9054,7.5402],[109.9103,7.5392],[109.9211,7.5383],[109.9287,7.5411],[109.9331,7.5459],[109.9344,7.5493],[109.9335,7.5517],[109.9261,7.556],[109.9158,7.5583],[109.9104,7.558],[109.9001,7.5553],[109.8926,7.5509],[109.8927,7.5476],[109.8938,7.5452]]],[[[111.6038,7.5913],[111.6088,7.589],[111.6141,7.5892],[111.6194,7.5939],[111.6285,7.6049],[111.6288,7.607],[111.6256,7.608],[111.6195,7.6061],[111.6121,7.6067],[111.6068,7.6091],[111.6007,7.6109],[111.5885,7.6109],[111.5762,7.6073],[111.5677,7.6086],[111.5643,7.61],[111.5599,7.6134],[111.5552,7.6147],[111.552,7.6147],[111.5493,7.6127],[111.546,7.6075],[111.5429,7.5919],[111.5417,7.5839],[111.5413,7.5732],[111.5403,7.5662],[111.5386,7.5602],[111.5324,7.5455],[111.5317,7.5407],[111.532,7.5381],[111.5345,7.5365],[111.5414,7.5336],[111.5455,7.5327],[111.5484,7.5331],[111.553,7.5364],[111.5553,7.5411],[111.556,7.5442],[111.5555,7.5481],[111.5533,7.5538],[111.5541,7.557],[111.5615,7.5682],[111.577,7.5837],[111.5857,7.5912],[111.59,7.5929],[111.596,7.5931],[111.6038,7.5913]]],[[[109.8539,7.5551],[109.8599,7.5521],[109.8661,7.5514],[109.8695,7.5539],[109.8694,7.5591],[109.8664,7.5632],[109.8632,7.5692],[109.8599,7.5741],[109.8539,7.5811],[109.8473,7.5881],[109.8418,7.5932],[109.8372,7.5969],[109.8302,7.6012],[109.8259,7.6029],[109.82,7.6042],[109.8141,7.6044],[109.8076,7.6035],[109.7954,7.6025],[109.784,7.6003],[109.7783,7.5998],[109.7605,7.5997],[109.7567,7.5986],[109.747,7.5927],[109.741,7.5881],[109.7357,7.5779],[109.734,7.5723],[109.7343,7.5695],[109.7366,7.5658],[109.74,7.5635],[109.7432,7.5634],[109.7541,7.5646],[109.7725,7.5659],[109.7762,7.5658],[109.7821,7.5635],[109.7884,7.56],[109.7984,7.5557],[109.8103,7.554],[109.8177,7.5536],[109.825,7.5539],[109.8366,7.556],[109.8448,7.5566],[109.8494,7.5563],[109.8539,7.5551]]],[[[113.8248,7.6245],[113.8282,7.6292],[113.8294,7.6324],[113.8289,7.6372],[113.8266,7.6381],[113.8233,7.6375],[113.8162,7.6347],[113.814,7.6345],[113.8071,7.632],[113.8034,7.6324],[113.7988,7.6319],[113.7904,7.6292],[113.7792,7.6276],[113.7714,7.6236],[113.7666,7.6221],[113.7618,7.6195],[113.7573,7.6159],[113.7526,7.6142],[113.7486,7.6119],[113.7484,7.6093],[113.7538,7.608],[113.7625,7.6079],[113.7734,7.6104],[113.7857,7.6128],[113.7993,7.6146],[113.8122,7.6155],[113.8171,7.6171],[113.8248,7.6245]]],[[[111.6504,7.6401],[111.6545,7.6365],[111.6586,7.6337],[111.6704,7.6406],[111.677,7.6457],[111.6848,7.6522],[111.6974,7.6592],[111.7024,7.6642],[111.7069,7.6697],[111.7088,7.6734],[111.7057,7.6754],[111.7014,7.6721],[111.6987,7.6722],[111.6958,7.6753],[111.6915,7.676],[111.6852,7.6733],[111.6845,7.6699],[111.686,7.6685],[111.6879,7.6627],[111.6877,7.6603],[111.6843,7.6554],[111.6802,7.6523],[111.6809,7.6611],[111.679,7.6626],[111.6716,7.6616],[111.6634,7.6575],[111.6597,7.6532],[111.6595,7.6421],[111.6565,7.6419],[111.6536,7.6448],[111.6509,7.6452],[111.6494,7.6432],[111.6504,7.6401]]],[[[111.5628,7.6727],[111.562,7.6747],[111.5542,7.6833],[111.5494,7.6871],[111.5465,7.687],[111.5455,7.684],[111.5478,7.6782],[111.5468,7.6655],[111.5484,7.6617],[111.5525,7.6619],[111.5567,7.6659],[111.5633,7.6684],[111.5628,7.6727]]],[[[111.7112,7.6901],[111.7186,7.6909],[111.722,7.6891],[111.7231,7.6873],[111.7233,7.6833],[111.7257,7.6823],[111.7283,7.6829],[111.7296,7.6852],[111.7281,7.6895],[111.7244,7.6939],[111.722,7.6949],[111.718,7.6947],[111.715,7.6957],[111.7092,7.7017],[111.7042,7.7021],[111.7038,7.6985],[111.7088,7.6911],[111.7112,7.6901]]],[[[111.7474,7.7254],[111.7452,7.7266],[111.75,7.7286],[111.7532,7.7308],[111.7536,7.7327],[111.7525,7.7373],[111.7489,7.7429],[111.7434,7.7441],[111.741,7.7421],[111.7416,7.7383],[111.7388,7.7382],[111.7384,7.7364],[111.7424,7.7337],[111.7431,7.73],[111.7423,7.7258],[111.7432,7.7228],[111.747,7.7203],[111.7399,7.703],[111.7391,7.7],[111.7397,7.6972],[111.7431,7.6962],[111.7455,7.697],[111.7529,7.7043],[111.7574,7.7102],[111.7584,7.7165],[111.7571,7.7229],[111.7557,7.7255],[111.7526,7.7261],[111.7494,7.7241],[111.7474,7.7254]]],[[[111.557,7.7334],[111.557,7.7363],[111.5538,7.7394],[111.55,7.7399],[111.5468,7.7393],[111.5446,7.7359],[111.5421,7.7337],[111.5405,7.7307],[111.5418,7.7284],[111.5453,7.7287],[111.5501,7.7322],[111.5535,7.7317],[111.557,7.7334]]],[[[111.7513,7.7524],[111.7556,7.7526],[111.7585,7.7552],[111.7581,7.7637],[111.7566,7.7661],[111.7508,7.7667],[111.7462,7.7637],[111.7459,7.76],[111.7467,7.7549],[111.7487,7.7524],[111.7513,7.7524]]],[[[111.575,7.7759],[111.5779,7.7769],[111.5792,7.781],[111.5743,7.7856],[111.5701,7.7856],[111.5679,7.7845],[111.5665,7.7767],[111.5677,7.7737],[111.5717,7.7738],[111.575,7.7759]]],[[[111.7402,7.812],[111.7379,7.8111],[111.7346,7.8081],[111.7327,7.8042],[111.733,7.799],[111.7383,7.7898],[111.7412,7.7839],[111.7433,7.7819],[111.75,7.7815],[111.7526,7.7847],[111.7534,7.7888],[111.7534,7.793],[111.7522,7.801],[111.7487,7.8113],[111.7472,7.8124],[111.7428,7.8116],[111.7402,7.812]]],[[[111.5663,7.822],[111.5667,7.8185],[111.5687,7.8155],[111.5739,7.8146],[111.5757,7.8153],[111.577,7.8194],[111.5764,7.8235],[111.5735,7.8262],[111.5684,7.8254],[111.5663,7.822]]],[[[110.4444,7.8022],[110.4475,7.8006],[110.4508,7.8008],[110.4644,7.8035],[110.4749,7.8049],[110.4861,7.8089],[110.498,7.8167],[110.5076,7.8254],[110.5113,7.8313],[110.5134,7.8377],[110.5134,7.8433],[110.5152,7.847],[110.5189,7.8504],[110.5192,7.8537],[110.5142,7.8566],[110.5078,7.8571],[110.4954,7.8568],[110.4887,7.8557],[110.486,7.852],[110.4818,7.8528],[110.4787,7.852],[110.4745,7.848],[110.4726,7.8436],[110.4692,7.8388],[110.4584,7.8275],[110.4544,7.8206],[110.4443,7.8116],[110.4433,7.8099],[110.4429,7.8043],[110.4444,7.8022]]],[[[111.7472,7.8386],[111.7459,7.8406],[111.7407,7.8426],[111.7358,7.8426],[111.7331,7.8413],[111.7315,7.8386],[111.7313,7.8354],[111.7285,7.8308],[111.7254,7.828],[111.7248,7.8241],[111.7268,7.8232],[111.7309,7.8243],[111.737,7.8287],[111.7457,7.8319],[111.7472,7.8338],[111.7472,7.8386]]],[[[111.5854,7.8601],[111.5882,7.858],[111.5964,7.8562],[111.5987,7.8589],[111.598,7.8616],[111.5959,7.8634],[111.59,7.8646],[111.5866,7.863],[111.5854,7.8601]]],[[[111.7352,7.8943],[111.7333,7.8767],[111.7335,7.8731],[111.7362,7.8651],[111.7401,7.8608],[111.7444,7.8592],[111.7466,7.8607],[111.7474,7.8673],[111.7462,7.875],[111.7433,7.8863],[111.741,7.8975],[111.7395,7.8995],[111.7358,7.8979],[111.7352,7.8943]]],[[[111.6045,7.8916],[111.6069,7.891],[111.6075,7.8876],[111.6047,7.8814],[111.6076,7.8796],[111.6123,7.882],[111.6198,7.8823],[111.623,7.8838],[111.6369,7.884],[111.6418,7.8851],[111.6427,7.8879],[111.6398,7.8919],[111.635,7.8939],[111.6238,7.8972],[111.6164,7.8979],[111.6102,7.9012],[111.6055,7.9011],[111.6016,7.8987],[111.5977,7.8932],[111.5999,7.891],[111.6045,7.8916]]],[[[110.0033,8.0247],[109.9902,8.0248],[109.9829,8.0094],[109.9743,7.9845],[109.9603,7.9659],[109.9437,7.955],[109.9247,7.9523],[109.9101,7.9539],[109.9054,7.9529],[109.9032,7.9475],[109.9039,7.9415],[109.9137,7.9271],[109.9287,7.9159],[109.9428,7.8933],[109.9452,7.8815],[109.945,7.8665],[109.9441,7.8498],[109.9411,7.8277],[109.941,7.8188],[109.9438,7.8138],[109.9516,7.8087],[109.957,7.8086],[109.9681,7.8117],[109.9832,7.8209],[110.0081,7.8431],[110.0279,7.8603],[110.0461,7.8839],[110.069,7.9134],[110.0716,7.9372],[110.0646,7.9539],[110.0423,7.9862],[110.0175,8.0079],[110.0033,8.0247]]],[[[111.7128,7.947],[111.7134,7.9452],[111.7187,7.9428],[111.7215,7.9386],[111.7238,7.9382],[111.7281,7.9407],[111.73,7.9439],[111.7355,7.9468],[111.7366,7.9512],[111.7363,7.9564],[111.7354,7.9598],[111.7332,7.9629],[111.7285,7.9666],[111.7249,7.9686],[111.7199,7.9698],[111.7089,7.9709],[111.7024,7.9699],[111.6988,7.968],[111.6963,7.9637],[111.6965,7.9589],[111.6978,7.956],[111.7005,7.9528],[111.7019,7.9497],[111.7114,7.9494],[111.7128,7.947]]],[[[111.6612,7.9585],[111.6692,7.9649],[111.6714,7.968],[111.6714,7.9709],[111.6696,7.9737],[111.6673,7.9741],[111.6636,7.9721],[111.6594,7.9646],[111.6546,7.9591],[111.6448,7.9489],[111.6421,7.9455],[111.6426,7.9425],[111.6452,7.9408],[111.6497,7.9443],[111.6515,7.9469],[111.6612,7.9585]]],[[[113.9193,8.0014],[113.9067,8.0034],[113.8954,8.008],[113.8918,8.0084],[113.8854,8.0073],[113.8824,8.0058],[113.8794,8.0006],[113.8768,7.9988],[113.8763,7.9968],[113.88,7.9922],[113.8828,7.9901],[113.8912,7.986],[113.8986,7.9814],[113.9129,7.9666],[113.9218,7.9608],[113.9241,7.9581],[113.9273,7.9509],[113.9299,7.9366],[113.9331,7.9339],[113.9372,7.9367],[113.9406,7.9378],[113.9499,7.9382],[113.9507,7.94],[113.9484,7.9441],[113.9446,7.9478],[113.939,7.9549],[113.9356,7.9579],[113.9296,7.961],[113.9269,7.965],[113.9254,7.9689],[113.9209,7.9755],[113.9192,7.9813],[113.9191,7.9893],[113.9182,7.9938],[113.9193,8.0014]]],[[[110.5965,8.0722],[110.5923,8.0681],[110.5865,8.0536],[110.5854,8.0458],[110.5856,8.0388],[110.5865,8.0332],[110.5934,8.0195],[110.6013,8.0117],[110.6098,8.0047],[110.6139,8.0032],[110.6174,8.0034],[110.6224,8.006],[110.6276,8.0138],[110.6329,8.0292],[110.6394,8.0464],[110.6396,8.0538],[110.6374,8.0577],[110.6359,8.0627],[110.6342,8.0657],[110.6296,8.0683],[110.6248,8.0725],[110.6239,8.0757],[110.6209,8.0779],[110.6157,8.0796],[110.6102,8.0801],[110.6056,8.0792],[110.6011,8.0762],[110.5965,8.0722]]],[[[110.5052,8.0663],[110.5077,8.0674],[110.5114,8.0727],[110.5123,8.0764],[110.5125,8.0813],[110.5116,8.0865],[110.5095,8.0899],[110.5056,8.0938],[110.4992,8.0968],[110.4895,8.0986],[110.4801,8.0996],[110.4736,8.0991],[110.4653,8.0979],[110.4558,8.0953],[110.4508,8.0927],[110.4475,8.0894],[110.4456,8.0853],[110.4448,8.0804],[110.4451,8.0764],[110.4474,8.0715],[110.4522,8.0672],[110.457,8.0647],[110.4613,8.0634],[110.4675,8.0628],[110.4735,8.0628],[110.4817,8.0643],[110.4956,8.0647],[110.5036,8.0656],[110.5052,8.0663]]],[[[110.5483,8.1098],[110.5564,8.1155],[110.5579,8.1184],[110.5577,8.1243],[110.5553,8.1258],[110.5492,8.1218],[110.5424,8.1156],[110.5381,8.1129],[110.5344,8.1127],[110.5304,8.1101],[110.5298,8.1071],[110.5324,8.1042],[110.5398,8.1049],[110.5454,8.1061],[110.5483,8.1098]]],[[[111.9987,8.1222],[112.0061,8.1252],[112.0114,8.1296],[112.0166,8.1373],[112.0191,8.1485],[112.0182,8.1591],[112.0174,8.1652],[112.0139,8.1729],[112.0064,8.178],[111.9974,8.1811],[111.9798,8.1832],[111.9584,8.1829],[111.9434,8.181],[111.9307,8.1764],[111.9206,8.1682],[111.9184,8.1594],[111.9184,8.1507],[111.919,8.1422],[111.9206,8.1337],[111.9239,8.128],[111.9318,8.123],[111.94,8.1204],[111.9583,8.1177],[111.9749,8.1176],[111.9914,8.1203],[111.9987,8.1222]]],[[[110.5936,8.1791],[110.5938,8.1864],[110.5908,8.2003],[110.5895,8.2042],[110.5868,8.2078],[110.5824,8.2104],[110.572,8.2134],[110.5595,8.2154],[110.5509,8.2158],[110.546,8.2153],[110.5407,8.2136],[110.5312,8.2118],[110.5229,8.2079],[110.5167,8.2036],[110.5108,8.1983],[110.4986,8.1884],[110.4894,8.1824],[110.4843,8.1778],[110.4773,8.1739],[110.4722,8.1705],[110.4667,8.1659],[110.463,8.162],[110.4569,8.1582],[110.4521,8.1569],[110.4408,8.155],[110.4346,8.1515],[110.4321,8.148],[110.4315,8.1458],[110.4326,8.1425],[110.4387,8.139],[110.4432,8.138],[110.4546,8.1382],[110.4697,8.143],[110.4796,8.1459],[110.4863,8.1485],[110.4924,8.1522],[110.4962,8.1556],[110.4997,8.1601],[110.5019,8.1662],[110.5036,8.168],[110.5077,8.1701],[110.521,8.175],[110.5281,8.1771],[110.5419,8.1777],[110.5506,8.1751],[110.5616,8.1705],[110.5703,8.1688],[110.5814,8.1697],[110.5859,8.1709],[110.5911,8.1748],[110.5936,8.1791]]],[[[113.2994,8.1415],[113.3075,8.1499],[113.3166,8.161],[113.3213,8.166],[113.324,8.1698],[113.3304,8.1808],[113.3373,8.1933],[113.3413,8.1987],[113.3494,8.2148],[113.3508,8.2215],[113.3542,8.2309],[113.3559,8.2376],[113.3568,8.2436],[113.3584,8.2497],[113.36,8.2623],[113.3613,8.2674],[113.3613,8.274],[113.3628,8.2845],[113.3619,8.2877],[113.3581,8.2902],[113.3556,8.2875],[113.3541,8.2832],[113.3506,8.2753],[113.347,8.2688],[113.3445,8.2652],[113.3436,8.2593],[113.346,8.253],[113.3467,8.2496],[113.3457,8.2415],[113.3408,8.2286],[113.3374,8.2233],[113.3285,8.2142],[113.3192,8.2081],[113.3156,8.204],[113.3108,8.2007],[113.304,8.1974],[113.3022,8.1959],[113.289,8.1786],[113.2838,8.1681],[113.2821,8.1631],[113.2761,8.1483],[113.2728,8.1375],[113.2695,8.1313],[113.2668,8.1275],[113.2621,8.1227],[113.2563,8.1186],[113.2538,8.1146],[113.2515,8.1082],[113.2477,8.1031],[113.24,8.0989],[113.2368,8.0965],[113.2277,8.087],[113.2212,8.0772],[113.2211,8.0745],[113.2231,8.0723],[113.226,8.0725],[113.2306,8.0743],[113.2357,8.0773],[113.2403,8.0813],[113.2613,8.1016],[113.267,8.108],[113.2742,8.1171],[113.2888,8.1315],[113.2994,8.1415]]],[[[110.2067,8.2981],[110.2105,8.3011],[110.2122,8.3065],[110.2115,8.3122],[110.2083,8.3161],[110.2041,8.3169],[110.2007,8.3163],[110.1963,8.3139],[110.1929,8.3078],[110.193,8.3037],[110.1941,8.3012],[110.1984,8.2983],[110.2016,8.2975],[110.2067,8.2981]]],[[[109.8744,8.3499],[109.8789,8.3526],[109.8811,8.3575],[109.8805,8.3627],[109.8785,8.3661],[109.8751,8.3692],[109.8721,8.3698],[109.8678,8.3691],[109.8651,8.3664],[109.8619,8.3601],[109.8621,8.3562],[109.8636,8.353],[109.8657,8.3507],[109.8698,8.3496],[109.8744,8.3499]]],[[[111.4586,8.5389],[111.4649,8.537],[111.4698,8.5374],[111.4752,8.5389],[111.4754,8.544],[111.4708,8.5511],[111.4683,8.5525],[111.4654,8.5523],[111.4637,8.5506],[111.4588,8.5479],[111.4546,8.5474],[111.4527,8.5455],[111.4527,8.543],[111.4544,8.5406],[111.4586,8.5389]]],[[[111.9177,8.641],[111.922,8.6457],[111.9275,8.6536],[111.9259,8.6566],[111.919,8.658],[111.9168,8.6562],[111.9144,8.6481],[111.9121,8.6423],[111.9148,8.6398],[111.9177,8.641]]],[[[111.6971,8.6844],[111.6943,8.6858],[111.69,8.6862],[111.684,8.6844],[111.6711,8.6765],[111.6638,8.6744],[111.6541,8.6736],[111.6468,8.6716],[111.6432,8.67],[111.6411,8.6676],[111.6403,8.6645],[111.642,8.6603],[111.6455,8.6588],[111.6555,8.6592],[111.6758,8.6587],[111.6839,8.6613],[111.6903,8.665],[111.6956,8.6688],[111.6986,8.673],[111.6996,8.6762],[111.6988,8.6821],[111.6971,8.6844]]],[[[114.0359,8.7763],[114.039,8.773],[114.0441,8.7703],[114.0489,8.771],[114.0513,8.77],[114.0568,8.7698],[114.06,8.7731],[114.0557,8.7806],[114.0547,8.7837],[114.0552,8.7927],[114.0534,8.7976],[114.0504,8.8008],[114.0467,8.8025],[114.0414,8.8022],[114.0374,8.8047],[114.0329,8.8116],[114.0318,8.815],[114.0307,8.8232],[114.0294,8.8263],[114.0253,8.8266],[114.0204,8.8252],[114.0164,8.8257],[114.0134,8.8291],[114.0092,8.8314],[114.0072,8.8317],[114.0033,8.8342],[114,8.8351],[113.9917,8.835],[113.9836,8.8366],[113.9788,8.8381],[113.9707,8.8376],[113.9575,8.838],[113.9485,8.836],[113.9446,8.8358],[113.9357,8.8365],[113.9294,8.8412],[113.9251,8.8431],[113.9204,8.8426],[113.9137,8.8432],[113.9105,8.8447],[113.9062,8.8452],[113.9039,8.8438],[113.9003,8.8362],[113.8983,8.8339],[113.8926,8.829],[113.8934,8.8259],[113.8956,8.824],[113.907,8.8189],[113.9209,8.8121],[113.9248,8.8116],[113.9306,8.8094],[113.938,8.8055],[113.9431,8.8033],[113.9639,8.791],[113.9709,8.79],[113.9801,8.7871],[113.9832,8.7852],[113.9866,8.7801],[113.9887,8.7783],[113.9954,8.7756],[114.0023,8.7767],[114.0055,8.7758],[114.0145,8.7782],[114.024,8.778],[114.029,8.7782],[114.0359,8.7763]]],[[[112.6585,8.8296],[112.6541,8.8305],[112.6468,8.8344],[112.6343,8.8385],[112.6287,8.8397],[112.6192,8.8424],[112.6135,8.8448],[112.6078,8.8456],[112.5993,8.8452],[112.5909,8.8469],[112.5838,8.8465],[112.5794,8.8448],[112.5728,8.8442],[112.5685,8.8446],[112.559,8.8447],[112.5481,8.8475],[112.5437,8.8464],[112.5423,8.8418],[112.5423,8.8384],[112.5435,8.8308],[112.5504,8.8207],[112.5507,8.8143],[112.5517,8.812],[112.5552,8.8091],[112.5584,8.8077],[112.5683,8.8059],[112.5714,8.8058],[112.5798,8.8065],[112.5861,8.8078],[112.5897,8.8092],[112.5948,8.8124],[112.6014,8.814],[112.6202,8.8166],[112.625,8.8166],[112.6319,8.8158],[112.6381,8.8157],[112.6423,8.8177],[112.6506,8.8176],[112.6564,8.8189],[112.662,8.8216],[112.6638,8.8241],[112.6627,8.8281],[112.6585,8.8296]]],[[[112.2424,8.8491],[112.25,8.8566],[112.253,8.8588],[112.2641,8.8714],[112.2673,8.8792],[112.2658,8.8873],[112.2619,8.8916],[112.2555,8.8943],[112.251,8.8943],[112.2423,8.8923],[112.2313,8.8873],[112.229,8.887],[112.2234,8.8876],[112.2171,8.887],[112.2106,8.8852],[112.2017,8.8815],[112.1954,8.8784],[112.1923,8.8764],[112.1844,8.869],[112.1767,8.8551],[112.1758,8.8527],[112.1761,8.8492],[112.1782,8.8464],[112.1842,8.8444],[112.1918,8.8431],[112.1984,8.8413],[112.2071,8.8385],[112.2159,8.8326],[112.2226,8.8327],[112.228,8.8365],[112.2333,8.8418],[112.2382,8.8451],[112.2424,8.8491]]],[[[112.3548,8.9398],[112.3512,8.9401],[112.3451,8.9375],[112.3404,8.9346],[112.3386,8.9328],[112.3386,8.93],[112.3438,8.9265],[112.3476,8.9264],[112.3562,8.9328],[112.357,8.9354],[112.3548,8.9398]]],[[[113.663,8.947],[113.6687,8.9467],[113.6754,8.948],[113.6804,8.9485],[113.6899,8.9554],[113.6942,8.9638],[113.7004,8.9681],[113.7053,8.9698],[113.7112,8.9778],[113.7116,8.9797],[113.709,8.9813],[113.7037,8.9809],[113.7012,8.98],[113.6919,8.9741],[113.6866,8.9692],[113.6787,8.9671],[113.6743,8.9677],[113.665,8.9648],[113.6549,8.9666],[113.6526,8.9659],[113.642,8.9573],[113.6369,8.954],[113.6343,8.948],[113.6333,8.941],[113.6351,8.9388],[113.6416,8.941],[113.6491,8.9441],[113.6578,8.9464],[113.663,8.947]]],[[[112.8443,9.5407],[112.8473,9.5379],[112.8517,9.5397],[112.8521,9.5433],[112.8485,9.546],[112.8445,9.5436],[112.8443,9.5407]]],[[[112.9016,9.5861],[112.8992,9.5881],[112.8958,9.5857],[112.897,9.5825],[112.8999,9.5828],[112.9016,9.5861]]],[[[112.9463,9.6094],[112.9472,9.6117],[112.9471,9.6238],[112.9534,9.625],[112.9536,9.6278],[112.952,9.6346],[112.9478,9.6401],[112.9477,9.6422],[112.9493,9.6453],[112.9472,9.6463],[112.9441,9.6434],[112.9351,9.6311],[112.9302,9.625],[112.9228,9.6121],[112.9168,9.6034],[112.9161,9.5984],[112.9109,9.59],[112.905,9.585],[112.8993,9.5788],[112.8971,9.5751],[112.8937,9.5657],[112.8925,9.5634],[112.881,9.5541],[112.8776,9.5506],[112.8728,9.5439],[112.8691,9.5359],[112.8724,9.5354],[112.8768,9.5368],[112.8861,9.541],[112.8897,9.5434],[112.8962,9.5488],[112.9009,9.5536],[112.9125,9.5573],[112.9189,9.558],[112.9294,9.558],[112.9423,9.5601],[112.9461,9.5627],[112.9486,9.567],[112.95,9.5712],[112.9565,9.5743],[112.9657,9.5814],[112.9795,9.5885],[112.9829,9.5908],[112.989,9.5968],[112.9933,9.5996],[112.9978,9.6066],[113.0048,9.6131],[113.0084,9.6159],[113.01,9.6182],[113.0083,9.6227],[113.0045,9.6236],[112.9997,9.6233],[112.9977,9.6189],[112.9998,9.6159],[112.9991,9.6127],[112.9923,9.606],[112.9868,9.6031],[112.9848,9.5992],[112.9807,9.594],[112.978,9.5916],[112.9722,9.5891],[112.9611,9.5836],[112.9534,9.5769],[112.9474,9.5733],[112.943,9.5737],[112.9412,9.5723],[112.9409,9.5646],[112.9371,9.562],[112.9317,9.5611],[112.9281,9.5638],[112.9248,9.5647],[112.9207,9.563],[112.9167,9.5632],[112.914,9.565],[112.9103,9.5635],[112.909,9.568],[112.9041,9.5716],[112.9005,9.57],[112.9,9.5727],[112.9044,9.5771],[112.9078,9.5778],[112.9104,9.5718],[112.9126,9.5718],[112.9143,9.5746],[112.9142,9.579],[112.9157,9.5834],[112.9144,9.5894],[112.915,9.5912],[112.9181,9.5906],[112.9192,9.5859],[112.9221,9.584],[112.9251,9.5794],[112.9275,9.5789],[112.9299,9.5805],[112.9351,9.5904],[112.9338,9.594],[112.9305,9.5952],[112.9297,9.5972],[112.9298,9.6012],[112.9309,9.6033],[112.9357,9.6058],[112.9382,9.6118],[112.9423,9.6125],[112.9447,9.6092],[112.9463,9.6094]]],[[[113.0517,9.6584],[113.0564,9.6677],[113.0593,9.6708],[113.0604,9.674],[113.0604,9.6775],[113.0595,9.6802],[113.0588,9.6869],[113.0573,9.6888],[113.0528,9.6884],[113.0487,9.686],[113.041,9.6802],[113.0311,9.6754],[113.0179,9.6719],[113.01,9.6677],[112.9957,9.6594],[112.9911,9.6592],[112.9848,9.6608],[112.9803,9.6608],[112.9746,9.6593],[112.9644,9.6556],[112.9631,9.6543],[112.9647,9.6475],[112.9622,9.6471],[112.9576,9.6525],[112.9546,9.6525],[112.9529,9.651],[112.9519,9.6457],[112.9529,9.6427],[112.9563,9.6388],[112.9628,9.6383],[112.9711,9.64],[112.9746,9.6427],[112.9818,9.6424],[112.985,9.6429],[112.9892,9.639],[112.9951,9.6391],[113.0036,9.6332],[113.005,9.6293],[112.9997,9.6278],[113.0003,9.6252],[113.0063,9.6256],[113.0083,9.625],[113.0121,9.622],[113.0151,9.6238],[113.0223,9.6321],[113.0298,9.6371],[113.0407,9.6433],[113.0489,9.6502],[113.0508,9.6529],[113.0517,9.6584]]],[[[114,10],[114,9.9974],[114.0036,9.9964],[114.0057,10],[114,10]]],[[[114.0106,10.0157],[114.0127,10.0128],[114.0196,10.0135],[114.0225,10.0157],[114.0213,10.0193],[114.018,10.02],[114.013,10.0195],[114.0106,10.0157]]],[[[113.8649,10.1248],[113.8604,10.1265],[113.8575,10.1266],[113.8552,10.1232],[113.8555,10.1184],[113.8551,10.1113],[113.8558,10.1041],[113.8555,10.0977],[113.8544,10.0934],[113.8519,10.0876],[113.8486,10.0824],[113.8472,10.0783],[113.847,10.0718],[113.8444,10.066],[113.8431,10.0502],[113.8442,10.0348],[113.8443,10.0269],[113.8414,10.0122],[113.8406,10.0057],[113.8416,10],[113.8455,9.9963],[113.8495,9.9957],[113.852,9.9967],[113.8566,10.0029],[113.8578,10.0071],[113.8584,10.0129],[113.8577,10.0225],[113.8592,10.0331],[113.8558,10.0393],[113.8555,10.0447],[113.86,10.0551],[113.8608,10.0613],[113.8617,10.0747],[113.8626,10.0799],[113.8643,10.094],[113.8641,10.0992],[113.8653,10.1043],[113.8685,10.1136],[113.8688,10.1179],[113.8672,10.1231],[113.8649,10.1248]]],[[[113.6318,10.2338],[113.6283,10.2288],[113.628,10.2258],[113.6291,10.224],[113.6342,10.224],[113.6387,10.225],[113.6426,10.2291],[113.6482,10.2361],[113.651,10.2402],[113.6511,10.2429],[113.6421,10.2407],[113.6369,10.238],[113.6318,10.2338]]],[[[114.1402,7.5841],[114.1454,7.5916],[114.149,7.5952],[114.1555,7.5998],[114.156,7.6021],[114.1539,7.6049],[114.1496,7.6031],[114.1486,7.6005],[114.144,7.599],[114.1405,7.596],[114.1377,7.5946],[114.1276,7.5913],[114.126,7.5892],[114.1234,7.5893],[114.1233,7.5871],[114.1285,7.5814],[114.1332,7.5801],[114.1376,7.5818],[114.1402,7.5841]]],[[[113.9654,7.6243],[113.9626,7.6248],[113.9551,7.6285],[113.949,7.6305],[113.9416,7.6338],[113.9386,7.634],[113.9278,7.6366],[113.9213,7.6373],[113.9173,7.6348],[113.9177,7.6288],[113.9216,7.6221],[113.9223,7.619],[113.9209,7.612],[113.9229,7.6064],[113.925,7.6052],[113.9299,7.6053],[113.9448,7.6099],[113.952,7.6107],[113.9556,7.6105],[113.9663,7.6067],[113.9698,7.6072],[113.9712,7.6101],[113.9811,7.6129],[113.9873,7.6161],[114,7.6192],[114.0067,7.6258],[114.0103,7.6346],[114.014,7.6389],[114.0216,7.6433],[114.0246,7.6459],[114.0281,7.6451],[114.0285,7.6499],[114.0339,7.6587],[114.0425,7.6646],[114.0472,7.6649],[114.05,7.6635],[114.0512,7.6659],[114.0559,7.6695],[114.0617,7.6761],[114.0672,7.6796],[114.0696,7.6876],[114.0727,7.6912],[114.079,7.6943],[114.0888,7.6936],[114.0921,7.6958],[114.1007,7.695],[114.1125,7.7009],[114.1181,7.7085],[114.1226,7.7153],[114.1254,7.7169],[114.1281,7.7202],[114.1307,7.7219],[114.137,7.7241],[114.1409,7.7229],[114.145,7.7201],[114.1473,7.7166],[114.146,7.7136],[114.1412,7.7099],[114.1402,7.7077],[114.1413,7.702],[114.1443,7.7006],[114.1503,7.7007],[114.1547,7.6982],[114.156,7.6946],[114.1575,7.6937],[114.1609,7.6954],[114.1684,7.6968],[114.1692,7.6997],[114.1647,7.7034],[114.1639,7.7063],[114.1595,7.7081],[114.1578,7.7105],[114.1549,7.7184],[114.1505,7.7262],[114.1497,7.7302],[114.1471,7.7338],[114.1401,7.7396],[114.1356,7.7404],[114.1183,7.7399],[114.1128,7.7382],[114.1082,7.7341],[114.1051,7.7306],[114.0998,7.7287],[114.0931,7.7254],[114.0892,7.7215],[114.0866,7.7165],[114.0846,7.714],[114.0799,7.7099],[114.0706,7.7051],[114.065,7.7047],[114.0607,7.703],[114.0588,7.6966],[114.056,7.6934],[114.0497,7.6887],[114.0447,7.6829],[114.0395,7.6798],[114.0344,7.6777],[114.031,7.6736],[114.029,7.6684],[114.0273,7.6659],[114.0217,7.6598],[114.0175,7.6563],[114.0116,7.654],[114.0002,7.6552],[113.9959,7.6536],[113.9928,7.6507],[113.9924,7.6472],[113.9923,7.6388],[113.9917,7.6369],[113.9812,7.6248],[113.9762,7.6223],[113.9737,7.622],[113.9654,7.6243]]],[[[114.2628,7.6636],[114.2669,7.6701],[114.2754,7.6812],[114.2757,7.6847],[114.2736,7.6869],[114.2672,7.6814],[114.2589,7.6769],[114.2541,7.6751],[114.253,7.6726],[114.253,7.6689],[114.2504,7.6705],[114.2476,7.6681],[114.2488,7.6648],[114.2559,7.6612],[114.26,7.6615],[114.2628,7.6636]]],[[[114.3519,7.665],[114.3549,7.673],[114.3567,7.6814],[114.3604,7.6874],[114.3687,7.6938],[114.3699,7.6954],[114.3704,7.7001],[114.3697,7.7046],[114.3698,7.7133],[114.3691,7.7172],[114.364,7.7247],[114.3623,7.7257],[114.3589,7.7247],[114.3585,7.723],[114.3607,7.7147],[114.3612,7.7043],[114.3593,7.6998],[114.3559,7.696],[114.3486,7.6916],[114.344,7.6868],[114.3434,7.6792],[114.3421,7.6771],[114.3392,7.6764],[114.3363,7.6796],[114.3353,7.6825],[114.333,7.6827],[114.329,7.6871],[114.3232,7.6924],[114.3245,7.6933],[114.328,7.6904],[114.3301,7.69],[114.3335,7.6937],[114.3281,7.6989],[114.3236,7.6996],[114.3204,7.6987],[114.3184,7.6969],[114.3183,7.6938],[114.3199,7.6912],[114.3316,7.6793],[114.3379,7.6735],[114.342,7.6607],[114.3463,7.6576],[114.3494,7.6593],[114.3519,7.665]]],[[[114.1905,7.7409],[114.187,7.7409],[114.1849,7.7363],[114.1797,7.7342],[114.1746,7.734],[114.1677,7.7311],[114.165,7.729],[114.1656,7.7228],[114.1671,7.7214],[114.1694,7.7159],[114.1692,7.7128],[114.1711,7.7117],[114.1752,7.7129],[114.1825,7.7117],[114.1864,7.714],[114.1916,7.7225],[114.198,7.7252],[114.201,7.728],[114.1975,7.7347],[114.1905,7.7409]]],[[[114.2612,7.8188],[114.2621,7.8204],[114.2611,7.8251],[114.2617,7.8295],[114.2632,7.8341],[114.2617,7.8386],[114.2611,7.8457],[114.259,7.8484],[114.256,7.8453],[114.2535,7.8394],[114.25,7.8325],[114.2486,7.8239],[114.247,7.8188],[114.2467,7.8154],[114.2418,7.8118],[114.2404,7.8098],[114.2381,7.8026],[114.2375,7.7943],[114.2343,7.7924],[114.2288,7.7921],[114.2247,7.7901],[114.2182,7.7837],[114.2141,7.781],[114.2121,7.778],[114.2118,7.7737],[114.2134,7.7665],[114.2129,7.7631],[114.2139,7.7582],[114.2171,7.7539],[114.219,7.7533],[114.2225,7.755],[114.2252,7.7576],[114.2271,7.7657],[114.2266,7.7675],[114.2231,7.7707],[114.2183,7.7726],[114.2172,7.7743],[114.2195,7.7787],[114.2223,7.7744],[114.226,7.7725],[114.2301,7.7695],[114.2326,7.769],[114.2396,7.7734],[114.2447,7.7782],[114.2464,7.7783],[114.2508,7.7759],[114.2548,7.7788],[114.2548,7.7809],[114.2491,7.7875],[114.2474,7.7925],[114.2472,7.7956],[114.2478,7.8032],[114.25,7.8111],[114.2529,7.8143],[114.2555,7.819],[114.2573,7.8198],[114.2612,7.8188]]],[[[114.438,7.9536],[114.4265,7.9545],[114.4212,7.9531],[114.4167,7.9527],[114.4127,7.9515],[114.4083,7.9471],[114.399,7.9395],[114.3957,7.9356],[114.3948,7.9313],[114.397,7.9254],[114.3965,7.9195],[114.3923,7.9172],[114.3885,7.9159],[114.3785,7.9101],[114.3726,7.9107],[114.3669,7.908],[114.3642,7.9077],[114.3603,7.9105],[114.3569,7.9157],[114.351,7.9212],[114.3425,7.925],[114.3371,7.9269],[114.3324,7.9266],[114.3248,7.923],[114.3176,7.9176],[114.3121,7.9147],[114.3013,7.9057],[114.2983,7.9041],[114.2967,7.8992],[114.2967,7.8924],[114.2957,7.8891],[114.2902,7.8842],[114.2805,7.8748],[114.2694,7.8653],[114.2666,7.862],[114.266,7.8583],[114.2679,7.8563],[114.2713,7.8553],[114.2776,7.8573],[114.286,7.8635],[114.2897,7.8656],[114.2938,7.8667],[114.2964,7.8686],[114.3006,7.8732],[114.3035,7.8785],[114.3092,7.8905],[114.3113,7.8975],[114.3148,7.9021],[114.3184,7.9057],[114.3222,7.9062],[114.326,7.9045],[114.3289,7.9065],[114.332,7.9065],[114.3362,7.9023],[114.3385,7.901],[114.3423,7.9007],[114.3431,7.9043],[114.3462,7.904],[114.3603,7.8992],[114.3686,7.8971],[114.375,7.8999],[114.3811,7.9],[114.3881,7.9025],[114.3945,7.9032],[114.4018,7.9029],[114.4097,7.9031],[114.4126,7.9013],[114.4153,7.9028],[114.4154,7.9083],[114.4165,7.9124],[114.4147,7.9196],[114.4154,7.9234],[114.4205,7.9315],[114.4258,7.9362],[114.4293,7.9373],[114.4345,7.9366],[114.4453,7.9318],[114.4498,7.9325],[114.4548,7.9348],[114.4555,7.9365],[114.4526,7.9429],[114.4489,7.948],[114.438,7.9536]]],[[[114.1221,8.0968],[114.1264,8.0963],[114.1361,8.1011],[114.139,8.1054],[114.1443,8.1105],[114.1449,8.1138],[114.1439,8.1165],[114.1413,8.1173],[114.137,8.1172],[114.1324,8.1186],[114.1239,8.115],[114.1195,8.1069],[114.1188,8.1031],[114.1204,8.098],[114.1221,8.0968]]],[[[114.1731,8.6822],[114.1767,8.6748],[114.179,8.6737],[114.1868,8.6783],[114.1963,8.6854],[114.2011,8.6905],[114.2046,8.6918],[114.2073,8.6944],[114.2074,8.6973],[114.2041,8.7011],[114.1978,8.7069],[114.1957,8.7108],[114.1947,8.717],[114.1951,8.7235],[114.1985,8.7376],[114.197,8.7422],[114.1913,8.7477],[114.165,8.7592],[114.16,8.7573],[114.154,8.7515],[114.1552,8.7462],[114.1608,8.7392],[114.1627,8.7329],[114.1667,8.7284],[114.1687,8.7237],[114.1693,8.7195],[114.1688,8.7152],[114.1673,8.7121],[114.1693,8.7055],[114.1671,8.697],[114.1687,8.6949],[114.1708,8.6899],[114.1717,8.6851],[114.1731,8.6822]]],[[[114.1792,9.3711],[114.1815,9.3699],[114.185,9.3723],[114.1874,9.3773],[114.1845,9.3798],[114.1811,9.3802],[114.1776,9.3789],[114.1775,9.3747],[114.1792,9.3711]]],[[[114.3524,9.6889],[114.3572,9.69],[114.3559,9.6935],[114.352,9.6917],[114.3524,9.6889]]],[[[114.3207,9.7414],[114.3199,9.7452],[114.3175,9.7476],[114.3152,9.7484],[114.3137,9.7439],[114.3101,9.7423],[114.3099,9.7382],[114.3086,9.7353],[114.3098,9.7333],[114.3188,9.7393],[114.3207,9.7414]]],[[[114.284,9.7382],[114.2821,9.7437],[114.2761,9.7536],[114.2684,9.7637],[114.2619,9.7677],[114.2614,9.7695],[114.2566,9.7767],[114.2556,9.7811],[114.2526,9.7821],[114.2508,9.7812],[114.2482,9.7769],[114.2483,9.7711],[114.2546,9.7634],[114.2631,9.757],[114.2683,9.7515],[114.2705,9.7479],[114.2742,9.7374],[114.2708,9.7318],[114.2703,9.7281],[114.2717,9.719],[114.2699,9.7122],[114.269,9.7067],[114.2697,9.7028],[114.2738,9.7006],[114.2769,9.7004],[114.2826,9.7034],[114.2853,9.7059],[114.2878,9.7098],[114.2906,9.7178],[114.2913,9.7219],[114.2909,9.7251],[114.2894,9.727],[114.2862,9.7266],[114.2844,9.725],[114.2802,9.7249],[114.2787,9.7294],[114.2788,9.7321],[114.2802,9.7361],[114.284,9.7382]]],[[[114.3303,9.7619],[114.3276,9.7619],[114.3257,9.7606],[114.3264,9.7561],[114.3252,9.7531],[114.3264,9.7509],[114.3292,9.7504],[114.3327,9.7537],[114.3329,9.7555],[114.3303,9.759],[114.3303,9.7619]]],[[[114.3389,9.7657],[114.3366,9.7672],[114.3353,9.7648],[114.3383,9.7616],[114.3392,9.758],[114.3437,9.7603],[114.3432,9.7623],[114.3389,9.7657]]],[[[114.3449,9.7707],[114.346,9.7687],[114.3462,9.7649],[114.349,9.7652],[114.3504,9.7685],[114.3494,9.7701],[114.3449,9.7707]]],[[[114.3691,9.784],[114.3644,9.7838],[114.3618,9.7821],[114.3608,9.7764],[114.3674,9.7761],[114.3769,9.778],[114.3756,9.7815],[114.3691,9.784]]],[[[114.3808,9.7835],[114.3802,9.7806],[114.3874,9.7837],[114.3877,9.7854],[114.3839,9.7873],[114.3826,9.7845],[114.3808,9.7835]]],[[[114.2556,9.7896],[114.2582,9.7887],[114.2614,9.79],[114.2655,9.7962],[114.2714,9.8076],[114.2731,9.8151],[114.2713,9.8205],[114.2719,9.8231],[114.2756,9.8275],[114.2756,9.8296],[114.2728,9.8308],[114.2704,9.8296],[114.268,9.8244],[114.2668,9.8197],[114.2666,9.8123],[114.2643,9.8073],[114.2627,9.8003],[114.2596,9.7958],[114.256,9.794],[114.2546,9.7921],[114.2556,9.7896]]],[[[114.2697,9.8345],[114.2704,9.837],[114.2676,9.8377],[114.2663,9.8347],[114.2697,9.8345]]],[[[114.3016,9.8766],[114.3043,9.875],[114.3055,9.8728],[114.3076,9.8722],[114.3097,9.8735],[114.3107,9.8776],[114.3083,9.8831],[114.3044,9.8851],[114.3019,9.8851],[114.2984,9.8834],[114.2977,9.8802],[114.2957,9.8787],[114.2921,9.8776],[114.286,9.8744],[114.2806,9.8706],[114.2776,9.8657],[114.274,9.8614],[114.2734,9.8589],[114.2737,9.85],[114.2721,9.8418],[114.2732,9.838],[114.2764,9.8378],[114.2775,9.839],[114.2792,9.8453],[114.2804,9.8469],[114.2882,9.8505],[114.2922,9.8529],[114.2945,9.8552],[114.2949,9.8617],[114.2903,9.8659],[114.2903,9.8687],[114.2956,9.8721],[114.2995,9.8761],[114.3016,9.8766]]],[[[114.3173,9.8695],[114.3145,9.8737],[114.3131,9.8738],[114.311,9.87],[114.3125,9.8688],[114.3173,9.8695]]],[[[114.3211,9.8801],[114.3179,9.8841],[114.3169,9.8806],[114.3194,9.8782],[114.3211,9.8801]]],[[[114.3251,9.8853],[114.3276,9.888],[114.3299,9.8872],[114.3297,9.8825],[114.334,9.8832],[114.3347,9.8858],[114.3321,9.8898],[114.3271,9.8917],[114.3225,9.8909],[114.3213,9.8883],[114.322,9.8863],[114.3251,9.8853]]],[[[114.383,9.8957],[114.3865,9.8928],[114.394,9.8879],[114.3956,9.8863],[114.3938,9.8815],[114.3975,9.8804],[114.3996,9.8836],[114.4008,9.8888],[114.3987,9.8949],[114.4005,9.8963],[114.3986,9.8996],[114.3956,9.902],[114.3894,9.9045],[114.3852,9.9053],[114.3771,9.9059],[114.3723,9.9072],[114.3696,9.9056],[114.3671,9.9056],[114.3638,9.907],[114.3575,9.9054],[114.3539,9.9029],[114.3546,9.9013],[114.3583,9.9002],[114.3625,9.9008],[114.3666,9.8996],[114.372,9.8989],[114.3756,9.8992],[114.3806,9.8979],[114.383,9.8957]]],[[[114.3432,9.9013],[114.3389,9.8988],[114.3382,9.8948],[114.3393,9.8913],[114.3419,9.8899],[114.3475,9.8911],[114.35,9.8956],[114.3496,9.9009],[114.3469,9.9016],[114.3432,9.9013]]],[[[114.4091,10.0108],[114.4051,10.0121],[114.3955,10.0128],[114.3796,10.0128],[114.3648,10.0119],[114.3567,10.0086],[114.3525,10.0048],[114.3508,10.0001],[114.3531,9.9909],[114.3562,9.9846],[114.3602,9.9801],[114.3652,9.9757],[114.3709,9.9727],[114.3768,9.9719],[114.3872,9.9721],[114.3938,9.9734],[114.4017,9.9772],[114.4072,9.9811],[114.4111,9.9854],[114.415,9.9938],[114.4157,10],[114.4121,10.0079],[114.4091,10.0108]]],[[[114.249,10.1588],[114.2501,10.1572],[114.2553,10.1567],[114.2759,10.1536],[114.2852,10.1531],[114.2865,10.1545],[114.2862,10.1587],[114.2831,10.1608],[114.2778,10.1631],[114.2622,10.1662],[114.2549,10.169],[114.2505,10.1712],[114.2474,10.1768],[114.2437,10.178],[114.2417,10.1753],[114.2462,10.164],[114.249,10.1588]]],[[[114.3106,10.17],[114.3122,10.1726],[114.3099,10.175],[114.308,10.1721],[114.3074,10.167],[114.3097,10.1666],[114.3106,10.17]]],[[[114.3248,10.1785],[114.3209,10.1797],[114.3171,10.1757],[114.3173,10.1726],[114.3203,10.1712],[114.3243,10.1744],[114.3248,10.1785]]],[[[114.344,10.1809],[114.3526,10.1796],[114.3555,10.1796],[114.3645,10.1765],[114.3676,10.1759],[114.3712,10.1779],[114.3732,10.1811],[114.372,10.183],[114.3666,10.1848],[114.3612,10.1843],[114.3593,10.1862],[114.3545,10.1845],[114.3485,10.186],[114.3445,10.1853],[114.3422,10.1829],[114.344,10.1809]]],[[[114.3819,10.1988],[114.3788,10.1999],[114.3745,10.1982],[114.376,10.193],[114.3785,10.1918],[114.3811,10.1926],[114.3822,10.1952],[114.3819,10.1988]]],[[[114.2324,10.2016],[114.2301,10.2049],[114.2281,10.2111],[114.228,10.2132],[114.2316,10.2194],[114.2351,10.2247],[114.2408,10.2371],[114.2449,10.2424],[114.2599,10.2507],[114.2668,10.2551],[114.2716,10.2611],[114.2737,10.2662],[114.2718,10.2712],[114.2697,10.2722],[114.2624,10.2677],[114.2607,10.2647],[114.255,10.261],[114.2538,10.2582],[114.2442,10.2507],[114.239,10.2493],[114.2364,10.246],[114.2336,10.2369],[114.2325,10.2305],[114.2279,10.2226],[114.2221,10.2155],[114.2175,10.2116],[114.2165,10.2093],[114.2185,10.2038],[114.2208,10.2006],[114.2243,10.1922],[114.23,10.1859],[114.2327,10.1839],[114.2374,10.1848],[114.2391,10.1878],[114.2387,10.1911],[114.2368,10.1959],[114.2324,10.2016]]],[[[114.3705,10.2725],[114.3726,10.2707],[114.3748,10.2735],[114.3724,10.2755],[114.3705,10.2725]]],[[[114.372,10.3858],[114.365,10.3847],[114.3606,10.3834],[114.3528,10.3777],[114.3483,10.377],[114.3457,10.3754],[114.3448,10.3727],[114.346,10.3604],[114.3481,10.3466],[114.3519,10.3338],[114.351,10.3307],[114.3484,10.3273],[114.3415,10.3202],[114.332,10.3127],[114.3234,10.3067],[114.3126,10.302],[114.3083,10.3006],[114.3025,10.2976],[114.2986,10.2934],[114.2948,10.2911],[114.2907,10.286],[114.2845,10.281],[114.2788,10.2783],[114.2791,10.2752],[114.2824,10.2746],[114.2868,10.2761],[114.2929,10.2807],[114.2976,10.2855],[114.2997,10.2885],[114.3079,10.2913],[114.3255,10.2946],[114.3334,10.2976],[114.3393,10.3024],[114.3519,10.3155],[114.3575,10.3189],[114.3641,10.3202],[114.3674,10.3214],[114.3709,10.3248],[114.3709,10.3298],[114.3676,10.3358],[114.3627,10.3427],[114.3592,10.3525],[114.3599,10.3612],[114.3621,10.3684],[114.3665,10.3744],[114.3716,10.3777],[114.3745,10.3826],[114.372,10.3858]]],[[[114.3243,10.6942],[114.3265,10.6939],[114.328,10.6964],[114.3304,10.6944],[114.3363,10.6978],[114.3373,10.6996],[114.3414,10.7028],[114.3478,10.7046],[114.3518,10.7042],[114.3586,10.7059],[114.3599,10.7045],[114.3675,10.7032],[114.3699,10.704],[114.3687,10.7073],[114.3742,10.715],[114.3805,10.7215],[114.3896,10.7268],[114.4,10.7363],[114.4051,10.7399],[114.4048,10.7477],[114.402,10.7507],[114.3974,10.7509],[114.3932,10.7495],[114.3853,10.7381],[114.3749,10.733],[114.3591,10.7283],[114.3509,10.7294],[114.3442,10.7255],[114.3411,10.7209],[114.3314,10.713],[114.3251,10.7062],[114.3186,10.6959],[114.3167,10.692],[114.3176,10.6902],[114.3238,10.692],[114.3243,10.6942]]],[[[114.0767,10.951],[114.0683,10.9448],[114.0637,10.9388],[114.0597,10.9291],[114.0494,10.9213],[114.047,10.9165],[114.0461,10.9116],[114.0472,10.907],[114.0512,10.9024],[114.0571,10.899],[114.0643,10.8969],[114.0749,10.8956],[114.085,10.8965],[114.0931,10.8997],[114.1107,10.9131],[114.113,10.9173],[114.1147,10.9228],[114.1153,10.9336],[114.1149,10.9369],[114.1128,10.9419],[114.1084,10.9476],[114.1003,10.955],[114.0957,10.9565],[114.092,10.957],[114.0846,10.9557],[114.0767,10.951]]],[[[114.1815,11.0303],[114.1798,11.031],[114.1795,11.0348],[114.1859,11.0376],[114.1872,11.0393],[114.1871,11.0424],[114.1847,11.0438],[114.1727,11.0393],[114.1683,11.0357],[114.1678,11.0316],[114.1706,11.0298],[114.1804,11.0261],[114.1869,11.028],[114.1869,11.0313],[114.1815,11.0303]]],[[[114.2685,11.0617],[114.2652,11.0621],[114.2575,11.0586],[114.2566,11.056],[114.2582,11.0517],[114.2555,11.0502],[114.2531,11.0505],[114.2459,11.0542],[114.2427,11.0548],[114.2378,11.0516],[114.2338,11.0512],[114.229,11.0535],[114.2275,11.0493],[114.2252,11.0462],[114.2231,11.0454],[114.2147,11.0464],[114.2072,11.0442],[114.2033,11.0438],[114.1954,11.0441],[114.1913,11.0416],[114.1902,11.04],[114.1901,11.0363],[114.1914,11.0346],[114.1986,11.0309],[114.2056,11.0305],[114.217,11.0363],[114.221,11.0371],[114.2287,11.0367],[114.2423,11.037],[114.2497,11.0331],[114.2577,11.0321],[114.2602,11.0357],[114.2679,11.0427],[114.2693,11.0472],[114.2715,11.0493],[114.2694,11.0514],[114.2685,11.0553],[114.2693,11.0579],[114.2685,11.0617]]],[[[114.1868,11.0467],[114.1875,11.0452],[114.1906,11.0444],[114.1928,11.0457],[114.1926,11.0486],[114.1889,11.0491],[114.1868,11.0467]]],[[[114.3388,11.0554],[114.3389,11.0524],[114.3408,11.0514],[114.3449,11.0516],[114.3457,11.0529],[114.3446,11.0559],[114.3408,11.0568],[114.3388,11.0554]]],[[[114.2878,11.0478],[114.2929,11.0496],[114.2942,11.0511],[114.2943,11.0563],[114.2932,11.0587],[114.2894,11.0621],[114.2837,11.0625],[114.2806,11.0614],[114.2781,11.056],[114.2776,11.0479],[114.282,11.0466],[114.2878,11.0478]]],[[[114.2062,11.0508],[114.2052,11.054],[114.2092,11.0561],[114.2082,11.0589],[114.2064,11.0598],[114.2035,11.0587],[114.2016,11.0544],[114.2027,11.0502],[114.2062,11.0508]]],[[[114.313,11.054],[114.33,11.0553],[114.3346,11.0549],[114.3374,11.0583],[114.3366,11.0611],[114.3311,11.0619],[114.3247,11.0621],[114.3198,11.0611],[114.3122,11.0607],[114.3107,11.0596],[114.3111,11.0559],[114.313,11.054]]],[[[114.2232,11.0589],[114.2295,11.0579],[114.2318,11.0603],[114.2321,11.0628],[114.23,11.0647],[114.2197,11.0649],[114.2169,11.0642],[114.2142,11.0622],[114.2147,11.0603],[114.2197,11.0547],[114.2219,11.0548],[114.2232,11.0589]]],[[[114.3183,11.0669],[114.3148,11.0635],[114.3182,11.0626],[114.3196,11.0644],[114.3183,11.0669]]],[[[114.2538,11.0789],[114.2527,11.0757],[114.2542,11.0716],[114.257,11.071],[114.2605,11.0733],[114.2605,11.0774],[114.2563,11.0794],[114.2538,11.0789]]],[[[114.3656,11.0894],[114.37,11.0864],[114.3691,11.0843],[114.3696,11.0815],[114.3736,11.0812],[114.378,11.086],[114.3792,11.0881],[114.3831,11.091],[114.3843,11.0942],[114.3824,11.0992],[114.378,11.0999],[114.3741,11.0996],[114.3658,11.0965],[114.3646,11.0952],[114.3656,11.0894]]],[[[114.327,11.4231],[114.3294,11.4251],[114.3325,11.4255],[114.3343,11.4277],[114.3353,11.4311],[114.3353,11.4346],[114.3415,11.4428],[114.3437,11.4448],[114.349,11.4473],[114.3594,11.4493],[114.3695,11.4491],[114.3736,11.4476],[114.3759,11.4439],[114.3816,11.4411],[114.3858,11.4377],[114.3861,11.4407],[114.3824,11.442],[114.3809,11.444],[114.3763,11.4453],[114.3747,11.4522],[114.3762,11.4542],[114.3793,11.4555],[114.3811,11.4578],[114.3846,11.4576],[114.3883,11.4534],[114.39,11.4493],[114.3928,11.4454],[114.3925,11.4392],[114.3898,11.4363],[114.3915,11.4312],[114.3902,11.4285],[114.3874,11.4116],[114.3864,11.4074],[114.384,11.4029],[114.378,11.3982],[114.3741,11.3981],[114.3695,11.4007],[114.3675,11.4008],[114.3662,11.3983],[114.3674,11.3947],[114.3645,11.3931],[114.3615,11.3937],[114.3594,11.3927],[114.3605,11.386],[114.3566,11.3826],[114.3517,11.381],[114.349,11.3834],[114.3461,11.3831],[114.3431,11.381],[114.3394,11.3809],[114.336,11.3835],[114.333,11.3829],[114.3309,11.3792],[114.3319,11.3785],[114.3362,11.3797],[114.3358,11.3769],[114.3389,11.3773],[114.3443,11.3803],[114.3528,11.3797],[114.3587,11.3801],[114.3619,11.3823],[114.3663,11.3889],[114.3714,11.3938],[114.3777,11.3942],[114.3823,11.3966],[114.3853,11.3996],[114.3886,11.4087],[114.3902,11.4112],[114.3908,11.4192],[114.3936,11.4259],[114.3955,11.4348],[114.3977,11.4401],[114.4007,11.4445],[114.4012,11.4469],[114.4015,11.4675],[114.3999,11.4724],[114.3938,11.4751],[114.3864,11.4738],[114.3725,11.4682],[114.3652,11.4656],[114.3547,11.4642],[114.3517,11.4629],[114.3468,11.4583],[114.3348,11.4438],[114.332,11.4411],[114.3265,11.4384],[114.3235,11.4353],[114.3225,11.4312],[114.3231,11.4241],[114.3168,11.4099],[114.3143,11.4064],[114.3058,11.4021],[114.2992,11.3999],[114.294,11.3949],[114.2918,11.3815],[114.2921,11.3786],[114.2938,11.3769],[114.2995,11.3769],[114.3058,11.3784],[114.3135,11.378],[114.3167,11.3766],[114.3228,11.3764],[114.3284,11.3789],[114.328,11.3801],[114.3216,11.3789],[114.3185,11.3819],[114.3136,11.382],[114.3104,11.3829],[114.3081,11.3879],[114.3077,11.3935],[114.3091,11.397],[114.3177,11.4039],[114.3208,11.407],[114.3267,11.4098],[114.3269,11.4137],[114.3254,11.4181],[114.327,11.4231]]],[[[114.3905,7.7963],[114.3951,7.7947],[114.4002,7.7986],[114.4036,7.8053],[114.4088,7.8117],[114.4164,7.8181],[114.422,7.8216],[114.4269,7.8254],[114.4364,7.8311],[114.4393,7.8358],[114.4415,7.8411],[114.4432,7.8477],[114.442,7.8522],[114.4391,7.8545],[114.437,7.8549],[114.4351,7.8495],[114.4246,7.8393],[114.4206,7.8329],[114.4102,7.8261],[114.4059,7.8224],[114.4021,7.8212],[114.3986,7.8185],[114.3963,7.8126],[114.3938,7.8089],[114.391,7.8032],[114.39,7.7989],[114.3905,7.7963]]],[[[114.4643,7.8687],[114.4678,7.8699],[114.4711,7.8702],[114.4744,7.8726],[114.4795,7.8787],[114.4869,7.8837],[114.4894,7.8861],[114.492,7.8913],[114.4916,7.8935],[114.4883,7.8966],[114.4822,7.9001],[114.4718,7.9036],[114.4707,7.8993],[114.472,7.8957],[114.4748,7.8914],[114.4709,7.8822],[114.4677,7.877],[114.4588,7.8739],[114.4545,7.8697],[114.4528,7.8663],[114.4453,7.8608],[114.446,7.8582],[114.4495,7.8573],[114.4515,7.8581],[114.4596,7.8653],[114.4643,7.8687]]],[[[114.3904,9.8043],[114.3899,9.8009],[114.3914,9.7951],[114.3939,9.79],[114.3972,9.7902],[114.4018,9.7923],[114.4079,9.7964],[114.4081,9.7983],[114.3987,9.8063],[114.3951,9.8067],[114.3904,9.8043]]],[[[114.4374,9.8161],[114.433,9.8186],[114.4316,9.817],[114.4309,9.8106],[114.4336,9.8111],[114.4374,9.8161]]],[[[114.4493,9.8289],[114.4518,9.8256],[114.4578,9.8263],[114.4637,9.8264],[114.4691,9.8296],[114.4687,9.8336],[114.4612,9.8409],[114.4578,9.8425],[114.4551,9.8428],[114.4525,9.8411],[114.4498,9.8349],[114.4493,9.8289]]],[[[114.492,9.8542],[114.4885,9.8568],[114.4861,9.855],[114.4887,9.8494],[114.4915,9.8485],[114.4938,9.8514],[114.492,9.8542]]],[[[114.5145,9.8725],[114.5126,9.8741],[114.5082,9.8755],[114.5051,9.874],[114.5033,9.8714],[114.5048,9.8655],[114.5065,9.8635],[114.511,9.8639],[114.5158,9.8687],[114.5145,9.8725]]],[[[114.5279,9.8844],[114.5303,9.8837],[114.5354,9.8861],[114.536,9.8884],[114.5342,9.893],[114.5315,9.8967],[114.5277,9.898],[114.5264,9.8945],[114.5247,9.8925],[114.5282,9.8871],[114.5279,9.8844]]],[[[114.4267,9.8783],[114.4292,9.8783],[114.4287,9.8813],[114.4318,9.8852],[114.4316,9.8875],[114.4334,9.8895],[114.441,9.8916],[114.4444,9.8939],[114.4455,9.8965],[114.4446,9.9027],[114.4414,9.904],[114.4349,9.9029],[114.4187,9.8942],[114.4162,9.8938],[114.4153,9.8915],[114.4172,9.8881],[114.4193,9.8818],[114.4227,9.8784],[114.4267,9.8783]]],[[[114.4789,9.8987],[114.4782,9.8942],[114.4826,9.891],[114.4846,9.8921],[114.4878,9.8974],[114.4867,9.8992],[114.4805,9.9036],[114.4789,9.8987]]],[[[114.4545,9.8991],[114.4555,9.8962],[114.4602,9.895],[114.4666,9.8963],[114.4703,9.8962],[114.4742,9.9014],[114.4738,9.905],[114.469,9.9089],[114.4633,9.9124],[114.4561,9.9137],[114.4522,9.9113],[114.4545,9.8991]]],[[[114.4963,9.9242],[114.4918,9.9244],[114.4908,9.9227],[114.4897,9.9173],[114.4849,9.913],[114.4853,9.9087],[114.49,9.906],[114.4954,9.9057],[114.4984,9.9071],[114.5022,9.9109],[114.5031,9.9149],[114.5034,9.9202],[114.5027,9.9212],[114.4963,9.9242]]],[[[114.5049,9.9116],[114.5098,9.9101],[114.5141,9.9124],[114.5176,9.9153],[114.5199,9.9158],[114.5215,9.9135],[114.5237,9.9138],[114.522,9.9176],[114.5154,9.9235],[114.5126,9.9249],[114.5097,9.9246],[114.5085,9.9216],[114.5121,9.9224],[114.5152,9.9215],[114.5157,9.917],[114.5147,9.9153],[114.5049,9.9116]]],[[[114.5191,9.9425],[114.5137,9.9401],[114.5127,9.9361],[114.5158,9.9316],[114.5186,9.9341],[114.5225,9.9308],[114.5223,9.9256],[114.525,9.9235],[114.5272,9.9242],[114.5288,9.9298],[114.5289,9.9341],[114.5268,9.939],[114.5224,9.9426],[114.5191,9.9425]]],[[[114.5267,9.9502],[114.5295,9.9507],[114.5324,9.9499],[114.5328,9.9536],[114.5312,9.9541],[114.5279,9.9526],[114.5267,9.9502]]],[[[114.3906,10.203],[114.389,10.2058],[114.3844,10.2032],[114.3845,10.2007],[114.3884,10.2],[114.3906,10.203]]],[[[114.3974,10.2056],[114.3981,10.2015],[114.4,10.2011],[114.406,10.202],[114.4125,10.2053],[114.4122,10.2081],[114.4053,10.2093],[114.3992,10.2082],[114.3974,10.2056]]],[[[114.4194,10.2158],[114.4199,10.2191],[114.4176,10.2219],[114.4138,10.2207],[114.4161,10.2149],[114.4194,10.2158]]],[[[114.4247,10.2216],[114.4283,10.2229],[114.4288,10.2269],[114.4264,10.2296],[114.4236,10.2276],[114.423,10.2253],[114.4247,10.2216]]],[[[114.4409,10.2331],[114.4355,10.2276],[114.4354,10.2237],[114.4401,10.2234],[114.4512,10.2307],[114.4543,10.2354],[114.4531,10.2381],[114.4483,10.2371],[114.4409,10.2331]]],[[[114.5308,10.2404],[114.5301,10.2386],[114.5322,10.2367],[114.5346,10.2384],[114.5308,10.2404]]],[[[114.4796,10.2454],[114.4742,10.2446],[114.466,10.2448],[114.4631,10.2417],[114.4649,10.2399],[114.4699,10.2402],[114.4762,10.2388],[114.4843,10.2385],[114.4942,10.2373],[114.4974,10.2365],[114.5,10.2337],[114.5124,10.2328],[114.5185,10.2344],[114.5181,10.2375],[114.5104,10.238],[114.5041,10.24],[114.4975,10.2432],[114.4908,10.2459],[114.4817,10.2445],[114.4796,10.2454]]],[[[114.4552,10.2439],[114.4567,10.2412],[114.4585,10.2453],[114.4562,10.2459],[114.4552,10.2439]]],[[[114.5321,10.2517],[114.5298,10.2493],[114.533,10.2454],[114.5356,10.2451],[114.5393,10.2472],[114.5371,10.2509],[114.5321,10.2517]]],[[[114.3887,10.2708],[114.3872,10.2732],[114.3838,10.2719],[114.3848,10.2684],[114.3875,10.2689],[114.3887,10.2708]]],[[[114.4015,10.2825],[114.4019,10.2812],[114.3996,10.2785],[114.4037,10.278],[114.4051,10.2816],[114.4042,10.2843],[114.4015,10.2825]]],[[[114.4623,10.2902],[114.4633,10.2912],[114.4631,10.2951],[114.4606,10.295],[114.4601,10.2913],[114.4623,10.2902]]],[[[114.4778,10.3075],[114.48,10.3078],[114.4802,10.3113],[114.479,10.3126],[114.4763,10.3113],[114.4778,10.3075]]],[[[114.446,10.3182],[114.4397,10.3186],[114.4397,10.3145],[114.4434,10.315],[114.446,10.3182]]],[[[114.4533,10.344],[114.4563,10.3451],[114.4542,10.3488],[114.4523,10.348],[114.4533,10.344]]],[[[114.531,10.3444],[114.5311,10.3495],[114.5275,10.3541],[114.5235,10.3561],[114.5208,10.3562],[114.5173,10.358],[114.514,10.3626],[114.5129,10.3655],[114.5097,10.3677],[114.5038,10.3693],[114.4984,10.3672],[114.4972,10.3636],[114.4972,10.3576],[114.5008,10.3534],[114.5109,10.3454],[114.5122,10.3434],[114.5163,10.3409],[114.5202,10.3405],[114.527,10.3416],[114.531,10.3444]]],[[[114.4884,10.359],[114.4823,10.354],[114.4845,10.351],[114.4876,10.3522],[114.49,10.3567],[114.4884,10.359]]],[[[114.3842,10.3746],[114.387,10.3783],[114.3917,10.3828],[114.3896,10.3855],[114.3823,10.3856],[114.3804,10.3843],[114.3787,10.3809],[114.3782,10.3723],[114.3801,10.3703],[114.382,10.3705],[114.3842,10.3746]]],[[[114.4656,10.3726],[114.47,10.3722],[114.4768,10.3703],[114.4808,10.3702],[114.4836,10.3719],[114.4848,10.3764],[114.4821,10.382],[114.4773,10.3875],[114.4709,10.3887],[114.4669,10.3921],[114.462,10.393],[114.4576,10.3928],[114.4522,10.3904],[114.4492,10.3908],[114.4402,10.3904],[114.4368,10.3907],[114.4288,10.3941],[114.4273,10.3913],[114.4313,10.3868],[114.4376,10.3828],[114.4456,10.3785],[114.4529,10.3757],[114.4609,10.3759],[114.4656,10.3726]]],[[[114.4137,10.3933],[114.4062,10.3928],[114.4006,10.3897],[114.4001,10.3873],[114.4018,10.3814],[114.4061,10.3794],[114.4098,10.3795],[114.4147,10.3805],[114.4212,10.3849],[114.4222,10.3869],[114.422,10.3911],[114.4137,10.3933]]],[[[114.4172,10.6705],[114.4183,10.6645],[114.4207,10.6632],[114.4284,10.6619],[114.4361,10.6625],[114.4375,10.6638],[114.4367,10.6684],[114.4265,10.6735],[114.4233,10.6765],[114.4198,10.6763],[114.418,10.674],[114.4172,10.6705]]],[[[114.3874,10.6786],[114.3852,10.6772],[114.3848,10.6733],[114.3864,10.6712],[114.3899,10.6702],[114.3917,10.6712],[114.3922,10.6759],[114.3894,10.6788],[114.3874,10.6786]]],[[[114.4503,10.6791],[114.4508,10.669],[114.4541,10.6678],[114.458,10.6683],[114.4635,10.6701],[114.467,10.6728],[114.4666,10.6749],[114.4621,10.6782],[114.4604,10.6807],[114.4556,10.6846],[114.4521,10.6836],[114.4503,10.6791]]],[[[114.4856,10.6886],[114.4869,10.6871],[114.4927,10.686],[114.4956,10.6869],[114.505,10.6922],[114.5037,10.6949],[114.5,10.6953],[114.4947,10.6928],[114.4859,10.6909],[114.4856,10.6886]]],[[[114.5402,10.7183],[114.541,10.7206],[114.545,10.7255],[114.5427,10.7278],[114.5398,10.7234],[114.5359,10.7214],[114.5304,10.7222],[114.5257,10.7199],[114.5239,10.7153],[114.5238,10.7105],[114.5247,10.7063],[114.5236,10.7049],[114.5132,10.6989],[114.5134,10.6962],[114.5172,10.6957],[114.5233,10.6971],[114.5303,10.7009],[114.5338,10.704],[114.5382,10.7101],[114.5402,10.7183]]],[[[114.4138,10.7534],[114.4136,10.7483],[114.4159,10.7464],[114.4251,10.7499],[114.4293,10.7526],[114.4392,10.7643],[114.4628,10.786],[114.4674,10.7914],[114.4677,10.7937],[114.4661,10.7976],[114.4599,10.7977],[114.4582,10.7943],[114.4411,10.7758],[114.4369,10.7719],[114.4289,10.7674],[114.4185,10.7622],[114.4156,10.7582],[114.4138,10.7534]]],[[[114.5061,10.7018],[114.511,10.7013],[114.5157,10.7026],[114.517,10.7047],[114.5199,10.715],[114.5214,10.7189],[114.5239,10.7217],[114.5268,10.7233],[114.5351,10.7242],[114.5399,10.7286],[114.544,10.7335],[114.5504,10.7366],[114.5545,10.7414],[114.5569,10.7429],[114.5623,10.7437],[114.5635,10.7467],[114.5629,10.7491],[114.5631,10.7555],[114.5657,10.7636],[114.5663,10.7685],[114.5643,10.7755],[114.564,10.7826],[114.5648,10.7864],[114.5676,10.7938],[114.5702,10.8047],[114.5722,10.8146],[114.5735,10.8244],[114.5768,10.8299],[114.5826,10.8338],[114.5848,10.8372],[114.5863,10.8411],[114.5869,10.8456],[114.5867,10.8614],[114.5872,10.8688],[114.5871,10.885],[114.5852,10.8893],[114.5806,10.8914],[114.5766,10.8908],[114.5748,10.8887],[114.5741,10.8845],[114.5694,10.8823],[114.5678,10.8796],[114.5686,10.877],[114.5719,10.8724],[114.5708,10.8674],[114.5659,10.8649],[114.5627,10.8648],[114.556,10.8658],[114.5471,10.8609],[114.5439,10.8579],[114.5346,10.8526],[114.5331,10.8505],[114.531,10.8439],[114.5266,10.8414],[114.5258,10.8363],[114.5239,10.8348],[114.518,10.8348],[114.5152,10.8342],[114.5076,10.8299],[114.5014,10.828],[114.5,10.8237],[114.5023,10.8196],[114.5036,10.8156],[114.5028,10.8119],[114.4989,10.8092],[114.4958,10.8092],[114.4924,10.8075],[114.4905,10.8021],[114.4876,10.8006],[114.4845,10.8014],[114.478,10.8055],[114.4757,10.8063],[114.4717,10.805],[114.4705,10.8025],[114.4703,10.7994],[114.4722,10.7941],[114.4773,10.7882],[114.4772,10.7849],[114.4745,10.7826],[114.4688,10.781],[114.4659,10.7786],[114.4653,10.7753],[114.4656,10.7686],[114.4647,10.7663],[114.4606,10.7636],[114.4573,10.7628],[114.442,10.7617],[114.4386,10.7599],[114.4375,10.7581],[114.4376,10.7521],[114.4382,10.7461],[114.4378,10.7428],[114.434,10.7389],[114.4285,10.7385],[114.4228,10.7404],[114.4191,10.7395],[114.4149,10.736],[114.407,10.7356],[114.4032,10.7323],[114.4029,10.7293],[114.4032,10.7208],[114.401,10.7167],[114.3963,10.7123],[114.3953,10.7106],[114.3953,10.7059],[114.3935,10.7032],[114.391,10.7024],[114.3822,10.7028],[114.3804,10.6989],[114.3814,10.696],[114.3849,10.6937],[114.3913,10.6926],[114.397,10.6921],[114.4035,10.6908],[114.4064,10.6873],[114.4069,10.6836],[114.4064,10.6769],[114.4076,10.6739],[114.4102,10.6741],[114.414,10.6758],[114.4157,10.678],[114.4169,10.6836],[114.4221,10.6863],[114.4282,10.686],[114.4312,10.6839],[114.4346,10.6791],[114.4377,10.6764],[114.4416,10.6764],[114.4463,10.6841],[114.4486,10.6863],[114.457,10.688],[114.458,10.6892],[114.4588,10.6974],[114.4601,10.6996],[114.4632,10.7012],[114.4666,10.7007],[114.4718,10.7012],[114.4745,10.7023],[114.479,10.7023],[114.4812,10.7007],[114.4864,10.6949],[114.4889,10.6941],[114.4925,10.6945],[114.4968,10.6963],[114.5061,10.7018]]],[[[114.4895,10.8111],[114.4933,10.8124],[114.4966,10.8169],[114.4968,10.8197],[114.4949,10.8246],[114.4914,10.8241],[114.4851,10.8164],[114.4847,10.8136],[114.486,10.8107],[114.4895,10.8111]]],[[[114.5118,10.8355],[114.5099,10.8409],[114.5073,10.8417],[114.5051,10.838],[114.5054,10.8332],[114.5074,10.8315],[114.5115,10.8342],[114.5118,10.8355]]],[[[114.5171,10.8422],[114.5156,10.8401],[114.5191,10.8373],[114.5221,10.836],[114.5219,10.8398],[114.5171,10.8422]]],[[[114.5158,10.8538],[114.5133,10.8515],[114.5152,10.848],[114.5245,10.8446],[114.5263,10.8435],[114.5285,10.8445],[114.5288,10.8549],[114.5283,10.8584],[114.5268,10.8605],[114.5239,10.8602],[114.5158,10.8538]]],[[[114.5479,10.8643],[114.5513,10.8655],[114.5528,10.867],[114.553,10.8699],[114.5488,10.8766],[114.5436,10.875],[114.532,10.8683],[114.5307,10.8664],[114.5317,10.8638],[114.5349,10.8587],[114.5395,10.8571],[114.5393,10.8599],[114.5406,10.8623],[114.5479,10.8643]]],[[[115.3721,8.0027],[115.3793,8.002],[115.3833,8.0029],[115.3869,8.0049],[115.3906,8.0089],[115.3928,8.0144],[115.3945,8.0227],[115.3929,8.0349],[115.3908,8.0433],[115.3879,8.0477],[115.3839,8.051],[115.3775,8.0525],[115.3723,8.0525],[115.3654,8.0488],[115.363,8.0438],[115.3616,8.0363],[115.3611,8.0204],[115.3623,8.0155],[115.3652,8.0092],[115.3721,8.0027]]],[[[114.555,8.116],[114.5626,8.1176],[114.5718,8.1175],[114.5805,8.1188],[114.5865,8.1188],[114.5973,8.1162],[114.602,8.1162],[114.6109,8.1192],[114.6157,8.1202],[114.6194,8.1186],[114.6233,8.1136],[114.6266,8.1074],[114.6301,8.1025],[114.6415,8.0964],[114.6452,8.0981],[114.6457,8.1052],[114.6393,8.1049],[114.6373,8.1065],[114.6351,8.1122],[114.6301,8.1187],[114.6243,8.1247],[114.6221,8.1257],[114.6097,8.1265],[114.6084,8.129],[114.6107,8.1304],[114.6206,8.1327],[114.6257,8.1329],[114.6311,8.137],[114.6362,8.1378],[114.6421,8.1375],[114.6466,8.1383],[114.654,8.1375],[114.6595,8.1392],[114.6654,8.1397],[114.6753,8.1475],[114.6931,8.1518],[114.7004,8.1546],[114.7026,8.1568],[114.7032,8.1611],[114.7076,8.1647],[114.7121,8.1645],[114.7157,8.163],[114.7166,8.1611],[114.7169,8.1544],[114.719,8.1534],[114.7231,8.1542],[114.7309,8.154],[114.7367,8.1523],[114.7506,8.1456],[114.7643,8.1368],[114.7722,8.132],[114.7846,8.126],[114.7857,8.1226],[114.7846,8.1184],[114.781,8.1133],[114.7766,8.1083],[114.7733,8.1062],[114.767,8.0998],[114.7619,8.0969],[114.7543,8.0948],[114.7508,8.0917],[114.7466,8.0901],[114.7343,8.0894],[114.7292,8.09],[114.7251,8.0919],[114.7228,8.0919],[114.7182,8.09],[114.715,8.0899],[114.7084,8.0925],[114.702,8.0928],[114.6944,8.0916],[114.6886,8.0894],[114.6855,8.089],[114.679,8.0901],[114.6762,8.0879],[114.6732,8.0875],[114.6666,8.0884],[114.6612,8.088],[114.657,8.0903],[114.6538,8.0905],[114.6513,8.0921],[114.649,8.0909],[114.6438,8.0919],[114.6454,8.0877],[114.6485,8.0831],[114.651,8.0818],[114.6666,8.0817],[114.6854,8.0831],[114.6909,8.084],[114.6999,8.0867],[114.7049,8.0869],[114.7111,8.0854],[114.719,8.0823],[114.7279,8.0806],[114.7325,8.0805],[114.7454,8.083],[114.7525,8.0857],[114.7588,8.0895],[114.7654,8.0918],[114.7746,8.0972],[114.7837,8.1035],[114.7939,8.1126],[114.8003,8.117],[114.8031,8.1201],[114.8041,8.1242],[114.7992,8.1351],[114.7962,8.1388],[114.79,8.1431],[114.7824,8.144],[114.7767,8.1451],[114.7727,8.1485],[114.7666,8.1558],[114.7627,8.1627],[114.7597,8.17],[114.7568,8.1711],[114.7504,8.17],[114.7382,8.1715],[114.7343,8.1728],[114.73,8.1764],[114.7238,8.1803],[114.7172,8.1802],[114.7145,8.1815],[114.7081,8.1862],[114.7038,8.1866],[114.6951,8.1832],[114.6923,8.1812],[114.6871,8.1755],[114.6812,8.1703],[114.6707,8.1645],[114.6669,8.1619],[114.6628,8.1612],[114.6571,8.1619],[114.653,8.1605],[114.6481,8.157],[114.6435,8.1549],[114.6361,8.1553],[114.6284,8.1544],[114.6157,8.1514],[114.6098,8.1495],[114.6041,8.1489],[114.5958,8.1491],[114.5939,8.1484],[114.5853,8.1431],[114.5814,8.1413],[114.5742,8.1427],[114.5709,8.1424],[114.5642,8.1363],[114.5605,8.1343],[114.5469,8.133],[114.5426,8.1331],[114.537,8.1345],[114.5311,8.1339],[114.5255,8.1307],[114.5203,8.1258],[114.5101,8.1131],[114.5098,8.1106],[114.5119,8.1089],[114.5152,8.1081],[114.5248,8.1082],[114.5432,8.1118],[114.555,8.116]]],[[[115.2664,8.368],[115.2623,8.3694],[115.2579,8.3697],[115.2473,8.3677],[115.2419,8.3652],[115.2329,8.3685],[115.2285,8.369],[115.2212,8.3707],[115.2149,8.3707],[115.2085,8.3732],[115.2043,8.3771],[115.1983,8.3871],[115.1959,8.389],[115.1887,8.3915],[115.1735,8.3883],[115.1693,8.3868],[115.167,8.3846],[115.1664,8.3812],[115.1687,8.3776],[115.1723,8.3749],[115.1805,8.3698],[115.1839,8.3655],[115.1875,8.3576],[115.1913,8.3551],[115.1938,8.3548],[115.2051,8.3555],[115.2127,8.3555],[115.2275,8.3542],[115.2323,8.3543],[115.2402,8.3557],[115.2428,8.3553],[115.2486,8.3527],[115.2559,8.3479],[115.2607,8.3477],[115.2655,8.3501],[115.2734,8.3555],[115.2747,8.3591],[115.2736,8.3626],[115.2702,8.3662],[115.2664,8.368]]],[[[115.2412,8.784],[115.2386,8.7814],[115.2358,8.7742],[115.2355,8.7673],[115.2365,8.7639],[115.2414,8.7568],[115.2493,8.7515],[115.2568,8.7494],[115.2626,8.7494],[115.2695,8.7526],[115.2755,8.761],[115.2762,8.7698],[115.2735,8.7792],[115.2696,8.7832],[115.2619,8.786],[115.2489,8.7867],[115.2412,8.784]]],[[[114.635,8.8358],[114.6382,8.8344],[114.6419,8.835],[114.6502,8.8404],[114.6564,8.8455],[114.6627,8.8527],[114.6658,8.8556],[114.6729,8.8597],[114.6747,8.8615],[114.6809,8.873],[114.6819,8.877],[114.6784,8.8788],[114.6708,8.8776],[114.6615,8.8775],[114.6406,8.8688],[114.6354,8.8647],[114.6342,8.8601],[114.635,8.8466],[114.6339,8.8399],[114.635,8.8358]]],[[[115.7091,8.8859],[115.7071,8.8777],[115.7091,8.8682],[115.7148,8.8578],[115.7229,8.8473],[115.7283,8.8417],[115.7341,8.8399],[115.7393,8.8407],[115.7411,8.8441],[115.7433,8.8517],[115.7433,8.8581],[115.7402,8.8665],[115.7348,8.8746],[115.7294,8.8811],[115.7209,8.8875],[115.7163,8.8883],[115.7125,8.8881],[115.7091,8.8859]]],[[[115.4278,9.3669],[115.4304,9.3564],[115.4355,9.3519],[115.4421,9.3497],[115.4468,9.3497],[115.4501,9.3512],[115.4545,9.3552],[115.4588,9.3583],[115.4622,9.3619],[115.4576,9.3693],[115.4563,9.3725],[115.4555,9.3786],[115.4554,9.3937],[115.4551,9.3975],[115.4526,9.4063],[115.4506,9.416],[115.4492,9.4183],[115.447,9.4186],[115.4449,9.4171],[115.4418,9.4081],[115.4389,9.4041],[115.4343,9.4001],[115.432,9.3968],[115.4293,9.391],[115.4239,9.3816],[115.4238,9.3774],[115.4251,9.3726],[115.4278,9.3669]]],[[[114.6653,9.7221],[114.6629,9.7214],[114.66,9.7185],[114.6602,9.7139],[114.6621,9.7115],[114.6654,9.7101],[114.6682,9.7107],[114.6706,9.7127],[114.6712,9.7148],[114.6699,9.7203],[114.6653,9.7221]]],[[[114.5529,9.859],[114.554,9.8625],[114.5481,9.8645],[114.5456,9.8583],[114.5529,9.859]]],[[[115.501,9.8957],[115.4991,9.8951],[115.5014,9.888],[115.5043,9.8842],[115.5095,9.8804],[115.5145,9.8791],[115.5161,9.8803],[115.5152,9.8832],[115.5105,9.8853],[115.5066,9.8893],[115.5037,9.8912],[115.503,9.8944],[115.501,9.8957]]],[[[115.5767,9.8986],[115.5786,9.9017],[115.5748,9.9027],[115.5732,9.9041],[115.5726,9.9117],[115.5708,9.9153],[115.567,9.9186],[115.5619,9.9214],[115.5551,9.9232],[115.5529,9.9222],[115.5622,9.9193],[115.568,9.9148],[115.5713,9.9102],[115.5717,9.9064],[115.5708,9.899],[115.57,9.8972],[115.5661,9.8927],[115.561,9.8888],[115.5594,9.8858],[115.5536,9.8817],[115.5447,9.8784],[115.5358,9.8807],[115.5332,9.8803],[115.5316,9.8821],[115.5261,9.8839],[115.5239,9.8836],[115.5206,9.8854],[115.5175,9.8838],[115.5168,9.8797],[115.5177,9.8787],[115.5253,9.8787],[115.5303,9.8778],[115.5368,9.8758],[115.5403,9.8738],[115.5436,9.873],[115.5473,9.8736],[115.5563,9.8794],[115.5654,9.8868],[115.5742,9.8956],[115.5767,9.8986]]],[[[114.5603,9.9031],[114.5609,9.8989],[114.5631,9.8988],[114.5654,9.9016],[114.5646,9.9058],[114.5622,9.9085],[114.5606,9.9082],[114.5594,9.9054],[114.5603,9.9031]]],[[[114.5895,9.9075],[114.5894,9.9021],[114.5927,9.8998],[114.5975,9.8993],[114.6008,9.9028],[114.6047,9.9135],[114.5949,9.9164],[114.5919,9.9163],[114.5905,9.9146],[114.5895,9.9075]]],[[[114.6098,9.9212],[114.6041,9.9227],[114.6058,9.9185],[114.6081,9.9172],[114.61,9.9194],[114.6098,9.9212]]],[[[114.6177,9.9275],[114.6215,9.93],[114.6269,9.9317],[114.627,9.9353],[114.6239,9.9366],[114.6217,9.9363],[114.6196,9.9308],[114.615,9.9293],[114.6123,9.926],[114.6145,9.925],[114.6177,9.9275]]],[[[114.639,9.9339],[114.6416,9.9323],[114.6433,9.9356],[114.6439,9.9413],[114.6456,9.9446],[114.6487,9.9486],[114.6518,9.9509],[114.6513,9.9539],[114.6466,9.95],[114.643,9.9451],[114.6395,9.9374],[114.639,9.9339]]],[[[114.5479,9.9533],[114.5507,9.9524],[114.5531,9.9552],[114.5475,9.9572],[114.5446,9.9593],[114.5443,9.9562],[114.5479,9.9533]]],[[[114.5909,9.9645],[114.5871,9.9645],[114.5877,9.962],[114.5909,9.9608],[114.5909,9.9645]]],[[[114.5669,9.9701],[114.5579,9.9692],[114.549,9.9656],[114.5471,9.9635],[114.548,9.962],[114.5521,9.9599],[114.5588,9.9612],[114.5672,9.9594],[114.5695,9.9594],[114.5755,9.9619],[114.5751,9.9679],[114.5738,9.9699],[114.5713,9.9707],[114.5669,9.9701]]],[[[114.601,9.9857],[114.6018,9.9882],[114.6014,9.9924],[114.5977,9.9906],[114.5965,9.9882],[114.5934,9.986],[114.5885,9.9842],[114.581,9.9799],[114.5808,9.9787],[114.5831,9.9745],[114.5881,9.9715],[114.5925,9.9728],[114.5944,9.9793],[114.5922,9.9823],[114.5964,9.9854],[114.5982,9.9878],[114.601,9.9857]]],[[[114.6132,9.9957],[114.6186,9.996],[114.62,9.9948],[114.6264,9.9939],[114.6308,9.9915],[114.6386,9.9913],[114.6424,9.9899],[114.6443,9.9877],[114.6438,9.9856],[114.6381,9.9825],[114.638,9.9808],[114.6436,9.9727],[114.651,9.9652],[114.6504,9.9613],[114.6509,9.9579],[114.6531,9.9556],[114.6558,9.9555],[114.6571,9.957],[114.6586,9.9626],[114.6599,9.9749],[114.6617,9.981],[114.6671,9.9946],[114.672,10.0008],[114.6728,10.0035],[114.672,10.0059],[114.6688,10.0082],[114.6646,10.0077],[114.6512,10.007],[114.6439,10.0037],[114.6412,10.0031],[114.6306,10.0026],[114.6131,10.001],[114.6088,10],[114.6062,9.9973],[114.6071,9.9958],[114.611,9.9951],[114.6132,9.9957]]],[[[115.1691,9.9982],[115.1676,9.9968],[115.1672,9.9924],[115.1701,9.9883],[115.1728,9.9882],[115.1765,9.9898],[115.1779,9.9916],[115.1782,9.996],[115.1769,9.998],[115.1734,9.9995],[115.1691,9.9982]]],[[[115.3306,10.2045],[115.3274,10.2036],[115.32,10.1998],[115.3163,10.1988],[115.3104,10.1984],[115.3064,10.1994],[115.301,10.2024],[115.2855,10.2124],[115.2826,10.2131],[115.2803,10.2113],[115.2793,10.1998],[115.2797,10.1956],[115.2825,10.1901],[115.2869,10.1831],[115.2873,10.176],[115.2863,10.1726],[115.2874,10.1716],[115.3025,10.1755],[115.3141,10.1806],[115.3206,10.1886],[115.3245,10.1919],[115.3293,10.1982],[115.3306,10.201],[115.3306,10.2045]]],[[[115.3749,10.2498],[115.3781,10.2538],[115.3781,10.2579],[115.3735,10.2575],[115.3699,10.2581],[115.3651,10.2576],[115.3635,10.2563],[115.3618,10.2519],[115.3609,10.2471],[115.3615,10.2443],[115.3638,10.2434],[115.3701,10.2463],[115.3749,10.2498]]],[[[114.5524,10.2454],[114.5546,10.2476],[114.56,10.2556],[114.563,10.2581],[114.5694,10.2609],[114.5715,10.2629],[114.5709,10.2651],[114.5659,10.2681],[114.5609,10.2672],[114.5551,10.2622],[114.5444,10.2518],[114.5425,10.2485],[114.5424,10.2451],[114.5443,10.2423],[114.5471,10.2421],[114.551,10.2438],[114.5524,10.2454]]],[[[114.5803,10.2684],[114.581,10.2642],[114.5845,10.2624],[114.5944,10.263],[114.5994,10.2648],[114.5979,10.2697],[114.5926,10.2749],[114.5866,10.2765],[114.5822,10.274],[114.5803,10.2684]]],[[[114.6066,10.2718],[114.6058,10.2671],[114.6084,10.2667],[114.6095,10.2682],[114.6092,10.272],[114.6066,10.2718]]],[[[114.6382,10.2864],[114.6421,10.2882],[114.6463,10.289],[114.6452,10.2918],[114.638,10.2895],[114.6336,10.2899],[114.6285,10.2838],[114.6207,10.28],[114.6191,10.2764],[114.6186,10.2725],[114.6198,10.2685],[114.6229,10.2696],[114.6247,10.2719],[114.6271,10.2773],[114.6336,10.2841],[114.6382,10.2864]]],[[[114.591,10.3227],[114.5944,10.3209],[114.6004,10.3188],[114.6123,10.3158],[114.6171,10.3174],[114.6173,10.3194],[114.6124,10.3218],[114.6047,10.3262],[114.6018,10.3287],[114.5985,10.3266],[114.5908,10.3251],[114.591,10.3227]]],[[[114.5642,10.3228],[114.5693,10.3207],[114.5787,10.3147],[114.5835,10.3148],[114.5831,10.3177],[114.577,10.3269],[114.5696,10.3309],[114.5664,10.332],[114.5636,10.3318],[114.5606,10.3304],[114.5589,10.3257],[114.5619,10.3228],[114.5642,10.3228]]],[[[114.7181,10.3729],[114.7195,10.3755],[114.7173,10.3776],[114.7097,10.3696],[114.7063,10.3669],[114.6985,10.3625],[114.6924,10.3607],[114.6883,10.3535],[114.6855,10.3442],[114.6822,10.3408],[114.6795,10.3395],[114.6767,10.3366],[114.671,10.3342],[114.6676,10.335],[114.6532,10.3359],[114.6389,10.3361],[114.636,10.3351],[114.6223,10.3357],[114.6154,10.3348],[114.6117,10.3328],[114.6129,10.3307],[114.621,10.331],[114.631,10.3301],[114.637,10.3303],[114.6488,10.3299],[114.6531,10.3288],[114.6577,10.3263],[114.6643,10.3183],[114.6682,10.3119],[114.6698,10.3065],[114.6686,10.3003],[114.6653,10.2975],[114.6559,10.2919],[114.6542,10.2885],[114.6572,10.2879],[114.6636,10.2919],[114.6673,10.2931],[114.6737,10.2937],[114.678,10.2997],[114.6817,10.3034],[114.6872,10.305],[114.692,10.3085],[114.6941,10.3108],[114.6978,10.319],[114.7039,10.3225],[114.7051,10.3245],[114.7046,10.3271],[114.6999,10.3362],[114.6991,10.3421],[114.7002,10.3478],[114.7018,10.3514],[114.7108,10.3635],[114.7181,10.3729]]],[[[114.5565,10.3801],[114.551,10.372],[114.5495,10.3683],[114.5454,10.3636],[114.5433,10.3576],[114.545,10.3533],[114.5441,10.3455],[114.543,10.3435],[114.5431,10.3372],[114.5464,10.3272],[114.5469,10.3241],[114.5507,10.3233],[114.5518,10.3295],[114.5559,10.3336],[114.5588,10.3406],[114.5584,10.3492],[114.5588,10.3528],[114.5605,10.3567],[114.5647,10.3688],[114.5684,10.3732],[114.5726,10.386],[114.5762,10.3929],[114.5792,10.3972],[114.5851,10.4017],[114.591,10.4043],[114.5935,10.4091],[114.5926,10.4117],[114.5942,10.4147],[114.5901,10.4183],[114.5858,10.4196],[114.5775,10.4178],[114.5728,10.4124],[114.5685,10.4106],[114.5647,10.4071],[114.5627,10.3935],[114.5617,10.3904],[114.558,10.3844],[114.5565,10.3801]]],[[[115.7257,10.4669],[115.7233,10.4677],[115.7168,10.4726],[115.7155,10.4794],[115.7129,10.4786],[115.7109,10.4754],[115.7116,10.4721],[115.7261,10.4627],[115.7287,10.459],[115.7315,10.4574],[115.7374,10.4565],[115.7427,10.4548],[115.7514,10.4545],[115.7551,10.4549],[115.7678,10.4545],[115.77,10.4538],[115.7804,10.4526],[115.7849,10.4528],[115.7898,10.4545],[115.7918,10.4571],[115.7939,10.4679],[115.7943,10.4833],[115.7958,10.4868],[115.7952,10.4904],[115.7973,10.4968],[115.8011,10.5016],[115.8013,10.5149],[115.8024,10.5208],[115.8013,10.5241],[115.8027,10.528],[115.8035,10.5333],[115.8032,10.5389],[115.7997,10.5409],[115.791,10.5418],[115.7888,10.5411],[115.777,10.5349],[115.7712,10.5333],[115.761,10.533],[115.7544,10.5342],[115.7494,10.5364],[115.7474,10.5383],[115.7416,10.5394],[115.7331,10.5385],[115.7314,10.5375],[115.7262,10.5327],[115.7235,10.5257],[115.7234,10.5239],[115.7185,10.5172],[115.7168,10.5139],[115.7125,10.5098],[115.7106,10.5072],[115.7082,10.502],[115.7019,10.4925],[115.7003,10.4907],[115.6996,10.4868],[115.7037,10.4813],[115.7074,10.4791],[115.7093,10.4769],[115.712,10.4798],[115.7132,10.4859],[115.7217,10.4974],[115.7225,10.5049],[115.7288,10.5037],[115.7326,10.504],[115.7339,10.5051],[115.7328,10.5088],[115.7288,10.5144],[115.7276,10.5189],[115.7293,10.5214],[115.732,10.5222],[115.7321,10.5156],[115.7328,10.5141],[115.737,10.5104],[115.7392,10.5099],[115.7461,10.516],[115.75,10.5186],[115.7587,10.5189],[115.764,10.5181],[115.7667,10.516],[115.7708,10.5153],[115.7692,10.5119],[115.7705,10.5091],[115.7764,10.5067],[115.7747,10.5011],[115.7743,10.4972],[115.7708,10.4935],[115.7702,10.4871],[115.7668,10.483],[115.7663,10.4774],[115.7677,10.4746],[115.7778,10.473],[115.786,10.4745],[115.7852,10.472],[115.7719,10.4615],[115.766,10.458],[115.7634,10.4576],[115.761,10.459],[115.7559,10.4591],[115.7524,10.4564],[115.7495,10.458],[115.7472,10.4576],[115.7438,10.4597],[115.7389,10.4613],[115.731,10.4675],[115.7257,10.4669]]],[[[114.574,10.7589],[114.5755,10.7559],[114.5752,10.7502],[114.5707,10.745],[114.5653,10.7426],[114.5579,10.7416],[114.5551,10.7392],[114.556,10.738],[114.562,10.7398],[114.5662,10.7376],[114.5694,10.7371],[114.5763,10.7373],[114.5818,10.7392],[114.5837,10.7406],[114.5854,10.7448],[114.5855,10.7542],[114.5863,10.757],[114.5944,10.7654],[114.5957,10.7705],[114.5952,10.7731],[114.5877,10.7852],[114.5843,10.7927],[114.5815,10.7973],[114.5792,10.7983],[114.5747,10.7979],[114.5717,10.7952],[114.5702,10.7919],[114.5703,10.7891],[114.5718,10.7843],[114.5728,10.7753],[114.5738,10.7709],[114.5733,10.7628],[114.574,10.7589]]],[[[114.5781,10.8166],[114.5787,10.8139],[114.5769,10.8026],[114.579,10.8016],[114.5824,10.8097],[114.5841,10.8166],[114.5791,10.8176],[114.5781,10.8166]]],[[[114.5712,10.8903],[114.577,10.8936],[114.5803,10.8945],[114.585,10.8927],[114.5884,10.8888],[114.5903,10.8774],[114.5898,10.8695],[114.5888,10.8656],[114.59,10.8616],[114.5911,10.8449],[114.5909,10.8429],[114.5868,10.8361],[114.5852,10.8346],[114.5857,10.8307],[114.5874,10.8261],[114.5888,10.8263],[114.5942,10.8332],[114.595,10.8383],[114.5948,10.8473],[114.5959,10.853],[114.5946,10.8596],[114.5941,10.8651],[114.598,10.8749],[114.5999,10.8808],[114.6001,10.8851],[114.5995,10.8916],[114.6006,10.8979],[114.6035,10.9032],[114.6045,10.9097],[114.6023,10.9115],[114.5972,10.9137],[114.5936,10.9142],[114.5895,10.9136],[114.58,10.905],[114.577,10.9017],[114.5693,10.8977],[114.5656,10.8951],[114.5641,10.8916],[114.5642,10.889],[114.5675,10.8855],[114.5718,10.8843],[114.5724,10.8854],[114.5702,10.8886],[114.5712,10.8903]]],[[[114.5588,10.8709],[114.5618,10.8675],[114.5685,10.8694],[114.5695,10.8724],[114.5663,10.8749],[114.563,10.8791],[114.56,10.8853],[114.5573,10.8861],[114.5541,10.8829],[114.554,10.881],[114.5588,10.8709]]],[[[114.9319,10.9091],[114.9307,10.906],[114.922,10.8936],[114.9215,10.8897],[114.9178,10.8849],[114.909,10.8811],[114.9064,10.8767],[114.8979,10.871],[114.8957,10.8683],[114.8898,10.8645],[114.8766,10.8606],[114.8743,10.8612],[114.8696,10.8587],[114.8704,10.8555],[114.8753,10.8552],[114.8808,10.8579],[114.8927,10.8628],[114.8961,10.8646],[114.9009,10.8625],[114.9037,10.8633],[114.9112,10.8641],[114.9196,10.8637],[114.9216,10.8648],[114.9256,10.8697],[114.927,10.8745],[114.9316,10.8841],[114.9334,10.892],[114.9372,10.902],[114.9371,10.9078],[114.9351,10.9096],[114.9319,10.9091]]],[[[114.6144,10.9367],[114.6095,10.9319],[114.6032,10.9266],[114.6018,10.9248],[114.6015,10.9218],[114.604,10.9191],[114.6087,10.9197],[114.6165,10.9234],[114.623,10.9284],[114.6253,10.9328],[114.6249,10.9354],[114.621,10.9366],[114.6144,10.9367]]],[[[114.6705,10.9633],[114.6683,10.9652],[114.6633,10.965],[114.6623,10.9724],[114.6642,10.9794],[114.6669,10.9872],[114.6661,10.9896],[114.661,10.9911],[114.6581,10.9903],[114.6531,10.9809],[114.6501,10.9772],[114.6464,10.9693],[114.6434,10.9616],[114.6424,10.958],[114.643,10.9502],[114.6473,10.9485],[114.657,10.9545],[114.661,10.958],[114.6647,10.9601],[114.6695,10.962],[114.6705,10.9633]]],[[[114.7358,11.016],[114.733,11.0136],[114.732,11.0114],[114.7334,11.0084],[114.7394,11.0087],[114.7426,11.0109],[114.7448,11.0157],[114.7419,11.0182],[114.7358,11.016]]],[[[115.027,11.0838],[115.0262,11.0861],[115.0236,11.0871],[115.0185,11.0851],[115.0145,11.0809],[115.0138,11.0773],[115.0164,11.0726],[115.0201,11.073],[115.0259,11.0785],[115.027,11.0838]]],[[[114.6852,11.0072],[114.6873,11.0067],[114.6871,11.0021],[114.6907,10.9996],[114.7016,11.0012],[114.723,11.0148],[114.7473,11.035],[114.7689,11.06],[114.783,11.0807],[114.785,11.0879],[114.7868,11.0894],[114.7903,11.0896],[114.7943,11.087],[114.7987,11.0877],[114.8018,11.0917],[114.8056,11.0987],[114.8087,11.1061],[114.8107,11.1214],[114.8133,11.1366],[114.8124,11.1492],[114.8096,11.1555],[114.808,11.1571],[114.8004,11.1606],[114.7887,11.1634],[114.7793,11.1616],[114.7762,11.1603],[114.7659,11.1549],[114.7602,11.1513],[114.755,11.1462],[114.7529,11.1432],[114.7494,11.1409],[114.7438,11.1427],[114.7382,11.147],[114.7285,11.1499],[114.7251,11.149],[114.7235,11.1448],[114.7234,11.1398],[114.7251,11.1328],[114.7285,11.1258],[114.729,11.1216],[114.7274,11.1149],[114.7186,11.0962],[114.7138,11.0913],[114.707,11.0901],[114.6929,11.0904],[114.6846,11.0904],[114.6793,11.0893],[114.6653,11.0718],[114.6458,11.0589],[114.6319,11.0444],[114.6255,11.0339],[114.6205,11.0204],[114.6277,11.012],[114.6284,11.0066],[114.632,11.0027],[114.6396,11.0022],[114.6474,11.0073],[114.66,11.0263],[114.6741,11.0356],[114.6883,11.0375],[114.6912,11.0308],[114.6919,11.0263],[114.6841,11.0199],[114.6809,11.0161],[114.6799,11.011],[114.6827,11.0077],[114.6852,11.0072]]],[[[114.601,11.3447],[114.5982,11.3411],[114.5926,11.3365],[114.5895,11.3354],[114.5842,11.3361],[114.5784,11.3348],[114.5743,11.3374],[114.5683,11.3429],[114.5661,11.3467],[114.5669,11.3527],[114.5729,11.3597],[114.5798,11.3633],[114.5897,11.3649],[114.5955,11.3674],[114.6044,11.3674],[114.6068,11.3698],[114.6077,11.3732],[114.6064,11.3761],[114.6035,11.3775],[114.5997,11.3771],[114.594,11.3744],[114.5858,11.3775],[114.5793,11.3755],[114.5747,11.3755],[114.5632,11.371],[114.5594,11.3667],[114.5554,11.359],[114.553,11.3505],[114.5523,11.3455],[114.5541,11.3368],[114.5561,11.3312],[114.5587,11.3278],[114.5618,11.3264],[114.5652,11.3262],[114.5756,11.3293],[114.5813,11.3287],[114.5898,11.3244],[114.5946,11.3246],[114.5988,11.3257],[114.603,11.3291],[114.6044,11.3321],[114.6081,11.337],[114.609,11.3408],[114.613,11.3444],[114.613,11.3467],[114.6101,11.3485],[114.6068,11.3476],[114.601,11.3447]]],[[[114.6197,11.3815],[114.6164,11.3845],[114.613,11.3859],[114.6106,11.3849],[114.609,11.3817],[114.6092,11.3786],[114.611,11.3753],[114.6153,11.3737],[114.6194,11.3752],[114.6203,11.3786],[114.6197,11.3815]]],[[[114.6276,11.3928],[114.6292,11.3901],[114.6318,11.3898],[114.6361,11.3905],[114.6418,11.3928],[114.6505,11.402],[114.6529,11.407],[114.6514,11.411],[114.6487,11.4112],[114.6455,11.4099],[114.6369,11.4043],[114.6307,11.398],[114.6276,11.3928]]],[[[114.6864,11.4353],[114.6895,11.436],[114.6926,11.4396],[114.6965,11.4465],[114.6974,11.4504],[114.6931,11.4513],[114.6873,11.4456],[114.6844,11.4403],[114.6842,11.4369],[114.6864,11.4353]]],[[[114.6159,11.4704],[114.6139,11.454],[114.6115,11.4119],[114.6108,11.4056],[114.6123,11.4005],[114.6157,11.3984],[114.6201,11.3995],[114.6239,11.4031],[114.625,11.4077],[114.6287,11.4297],[114.6328,11.4478],[114.6361,11.4601],[114.6367,11.4644],[114.6338,11.4692],[114.6343,11.483],[114.6374,11.4862],[114.6401,11.4878],[114.6507,11.4882],[114.6615,11.4895],[114.6657,11.4931],[114.6666,11.4965],[114.6647,11.5026],[114.6605,11.506],[114.6533,11.5089],[114.6424,11.5088],[114.6308,11.5044],[114.6261,11.4981],[114.6177,11.4796],[114.6159,11.4704]]],[[[114.6884,11.4871],[114.6853,11.4898],[114.6819,11.4902],[114.6729,11.4898],[114.668,11.4878],[114.6664,11.4855],[114.6662,11.483],[114.6678,11.4801],[114.6779,11.4763],[114.6822,11.4715],[114.691,11.4646],[114.6944,11.4628],[114.6986,11.4628],[114.7037,11.4698],[114.7041,11.4743],[114.7021,11.4779],[114.6988,11.4812],[114.6925,11.4842],[114.6884,11.4871]]],[[[116.2593,8.9089],[116.2585,8.9039],[116.2537,8.8914],[116.2521,8.8848],[116.2539,8.8828],[116.259,8.8813],[116.265,8.8813],[116.2717,8.8827],[116.2757,8.885],[116.2794,8.8891],[116.2827,8.8943],[116.2843,8.8999],[116.2861,8.904],[116.2917,8.9141],[116.296,8.9188],[116.2979,8.9216],[116.2972,8.9254],[116.2908,8.9267],[116.2798,8.9243],[116.2745,8.9244],[116.2678,8.9257],[116.2648,8.9248],[116.2611,8.919],[116.2593,8.9089]]],[[[115.9342,9.3366],[115.9297,9.3364],[115.9236,9.3378],[115.9209,9.3369],[115.9098,9.3296],[115.9049,9.3289],[115.9001,9.3294],[115.8969,9.3287],[115.8951,9.3265],[115.8978,9.3231],[115.9002,9.3222],[115.9067,9.3219],[115.9109,9.3223],[115.9199,9.3242],[115.9261,9.3248],[115.9364,9.3235],[115.9403,9.3237],[115.945,9.3252],[115.9532,9.3261],[115.9584,9.3296],[115.959,9.3338],[115.9568,9.336],[115.9529,9.3375],[115.9493,9.3372],[115.9449,9.3354],[115.9418,9.335],[115.9342,9.3366]]],[[[116.3485,9.5265],[116.3477,9.5248],[116.348,9.5187],[116.3494,9.5158],[116.3521,9.5134],[116.3549,9.5122],[116.3583,9.5123],[116.3643,9.5158],[116.366,9.5206],[116.3636,9.5273],[116.3622,9.5286],[116.3576,9.5299],[116.3545,9.5299],[116.3485,9.5265]]],[[[116.1719,9.6057],[116.1711,9.6121],[116.1688,9.6142],[116.1648,9.6129],[116.1592,9.6088],[116.1564,9.6047],[116.1553,9.5977],[116.1562,9.5959],[116.1595,9.5939],[116.1643,9.5939],[116.1694,9.597],[116.171,9.5999],[116.1719,9.6057]]],[[[115.8718,9.7435],[115.8736,9.7397],[115.8729,9.7303],[115.8701,9.7244],[115.8691,9.7209],[115.8665,9.7163],[115.8622,9.7127],[115.8632,9.7091],[115.8608,9.7084],[115.8625,9.702],[115.8607,9.6979],[115.8603,9.6947],[115.8587,9.6918],[115.8542,9.6866],[115.8511,9.687],[115.8507,9.6902],[115.8522,9.6994],[115.8537,9.7057],[115.8563,9.7133],[115.8557,9.7203],[115.8548,9.725],[115.8509,9.7301],[115.8483,9.7312],[115.8449,9.7305],[115.8457,9.7225],[115.8478,9.7149],[115.8474,9.7093],[115.845,9.7048],[115.8441,9.7],[115.8442,9.6909],[115.8412,9.6813],[115.8405,9.6757],[115.8415,9.6693],[115.8404,9.6587],[115.8434,9.6566],[115.8463,9.6591],[115.8473,9.6613],[115.8499,9.6734],[115.8553,9.679],[115.8586,9.6863],[115.861,9.6894],[115.8635,9.6955],[115.8652,9.7028],[115.8655,9.7097],[115.8687,9.7137],[115.8708,9.7182],[115.8723,9.7231],[115.8743,9.7272],[115.8758,9.7356],[115.8775,9.7514],[115.8797,9.7585],[115.8852,9.7704],[115.8869,9.7782],[115.8915,9.787],[115.8932,9.7923],[115.892,9.7959],[115.8856,9.8018],[115.88,9.806],[115.874,9.8079],[115.8682,9.8087],[115.8646,9.8081],[115.8524,9.8008],[115.8499,9.7968],[115.8494,9.7917],[115.8456,9.7854],[115.8436,9.7811],[115.8369,9.7695],[115.8341,9.7663],[115.834,9.7623],[115.8367,9.7581],[115.8407,9.7573],[115.8432,9.7539],[115.843,9.749],[115.8441,9.7457],[115.8417,9.7387],[115.8419,9.737],[115.8444,9.7329],[115.8517,9.7315],[115.852,9.7347],[115.8503,9.7361],[115.849,9.7393],[115.85,9.7425],[115.8529,9.7454],[115.8529,9.7515],[115.8512,9.7552],[115.8524,9.7593],[115.8489,9.7626],[115.8446,9.7682],[115.8452,9.7727],[115.8493,9.7799],[115.8499,9.783],[115.8525,9.7835],[115.8531,9.7874],[115.8555,9.7905],[115.8586,9.7929],[115.8609,9.7977],[115.8663,9.8025],[115.8714,9.8029],[115.8752,9.8022],[115.8808,9.7997],[115.8844,9.7949],[115.8844,9.7921],[115.8866,9.7913],[115.8878,9.789],[115.8868,9.7824],[115.8847,9.7799],[115.8833,9.7762],[115.8832,9.7719],[115.8777,9.7581],[115.8751,9.7576],[115.8761,9.7525],[115.8734,9.7489],[115.8716,9.7454],[115.8718,9.7435]]],[[[116.514,9.7644],[116.5117,9.7668],[116.5079,9.7689],[116.5057,9.7683],[116.5023,9.7632],[116.5053,9.7605],[116.5061,9.7581],[116.5093,9.7569],[116.5151,9.7596],[116.514,9.7644]]],[[[116.4978,9.7663],[116.501,9.7652],[116.504,9.7691],[116.5033,9.771],[116.5,9.7724],[116.4967,9.7688],[116.4978,9.7663]]],[[[116.429,9.7717],[116.427,9.7727],[116.4253,9.771],[116.4298,9.768],[116.429,9.7717]]],[[[116.4899,9.7749],[116.4945,9.7756],[116.4911,9.7791],[116.4884,9.779],[116.4878,9.7771],[116.4899,9.7749]]],[[[116.4837,9.7821],[116.4885,9.7828],[116.4858,9.786],[116.4841,9.7858],[116.4837,9.7821]]],[[[116.4823,9.7851],[116.4816,9.79],[116.4789,9.7925],[116.4758,9.7904],[116.4773,9.7879],[116.479,9.7876],[116.4803,9.7845],[116.4823,9.7851]]],[[[116.4158,9.7775],[116.4174,9.7759],[116.4217,9.774],[116.421,9.7802],[116.4195,9.7851],[116.4194,9.7898],[116.4213,9.7898],[116.4235,9.786],[116.425,9.7866],[116.4271,9.79],[116.4302,9.7928],[116.4298,9.7941],[116.4259,9.7944],[116.4256,9.7921],[116.4237,9.7906],[116.4184,9.792],[116.4195,9.7987],[116.4206,9.8015],[116.4269,9.8039],[116.4341,9.8022],[116.4344,9.7996],[116.4333,9.7956],[116.4376,9.7993],[116.4369,9.8013],[116.443,9.8036],[116.445,9.8074],[116.447,9.8062],[116.4496,9.8066],[116.4507,9.8089],[116.4548,9.8087],[116.4558,9.8117],[116.4596,9.812],[116.4597,9.8081],[116.4578,9.8063],[116.4581,9.8043],[116.4627,9.8038],[116.4668,9.7998],[116.4738,9.7941],[116.4753,9.7953],[116.4762,9.7989],[116.4752,9.8044],[116.4723,9.8077],[116.4717,9.8104],[116.4681,9.8132],[116.4594,9.8144],[116.4547,9.8162],[116.4494,9.8157],[116.4456,9.8125],[116.4416,9.8079],[116.4365,9.8058],[116.4156,9.8049],[116.4134,9.804],[116.4122,9.8017],[116.4126,9.7954],[116.4148,9.7889],[116.4135,9.782],[116.4158,9.7775]]],[[[116.4623,9.7993],[116.4557,9.8023],[116.4555,9.8013],[116.4623,9.7993]]],[[[116.1481,10.1124],[116.1507,10.1128],[116.151,10.1177],[116.1475,10.1232],[116.1452,10.1241],[116.142,10.1229],[116.1412,10.12],[116.146,10.1139],[116.1481,10.1124]]],[[[115.8556,10.6469],[115.8546,10.6466],[115.8486,10.6395],[115.8465,10.6363],[115.8443,10.6416],[115.8427,10.6478],[115.8409,10.6497],[115.838,10.6489],[115.8366,10.6515],[115.8369,10.6564],[115.834,10.6588],[115.8353,10.6604],[115.8358,10.6653],[115.8392,10.6643],[115.8389,10.6698],[115.8358,10.6742],[115.832,10.6781],[115.8283,10.6786],[115.8239,10.6778],[115.8207,10.6802],[115.8167,10.6794],[115.8159,10.6768],[115.8189,10.6702],[115.8194,10.6632],[115.8221,10.6561],[115.8218,10.6522],[115.8195,10.6446],[115.8185,10.6391],[115.8217,10.6329],[115.8225,10.6274],[115.818,10.6185],[115.8175,10.6166],[115.8196,10.6093],[115.8228,10.6025],[115.8228,10.5983],[115.825,10.5955],[115.8271,10.5955],[115.8329,10.6015],[115.8386,10.6117],[115.8439,10.6188],[115.8462,10.6275],[115.8502,10.6358],[115.8565,10.644],[115.8556,10.6469]]],[[[115.8589,10.6472],[115.8596,10.6465],[115.8691,10.649],[115.8741,10.6529],[115.8778,10.6592],[115.8775,10.6618],[115.8744,10.661],[115.8686,10.6542],[115.8633,10.6534],[115.8617,10.6524],[115.8589,10.6472]]],[[[116.1632,10.7269],[116.1648,10.7221],[116.1622,10.7189],[116.1614,10.7149],[116.1619,10.7123],[116.1646,10.7049],[116.1656,10.6987],[116.1661,10.6861],[116.1651,10.6778],[116.1636,10.6711],[116.1636,10.6666],[116.1604,10.6626],[116.1598,10.6585],[116.1604,10.656],[116.159,10.6456],[116.16,10.6278],[116.1597,10.6221],[116.157,10.6106],[116.1573,10.6076],[116.1598,10.6049],[116.1653,10.6039],[116.1709,10.6043],[116.1765,10.6058],[116.1845,10.6114],[116.1978,10.6292],[116.2052,10.6398],[116.2073,10.644],[116.2065,10.6487],[116.2048,10.6512],[116.1999,10.6533],[116.1947,10.66],[116.1779,10.6838],[116.1745,10.694],[116.1745,10.6977],[116.1759,10.704],[116.1738,10.7182],[116.1743,10.7229],[116.1758,10.7292],[116.1755,10.7314],[116.1702,10.7293],[116.1653,10.729],[116.1632,10.7269]]],[[[116.2075,10.6747],[116.2079,10.6724],[116.2107,10.6714],[116.2106,10.6749],[116.2075,10.6747]]],[[[116.2197,10.7391],[116.2225,10.7369],[116.2264,10.7352],[116.2288,10.7382],[116.2273,10.7402],[116.2204,10.7457],[116.2186,10.7442],[116.2186,10.7406],[116.2197,10.7391]]],[[[115.8329,10.8314],[115.8307,10.8302],[115.8221,10.8182],[115.8156,10.812],[115.8134,10.8055],[115.8131,10.8006],[115.8051,10.787],[115.8048,10.7797],[115.8101,10.7671],[115.8108,10.7597],[115.808,10.7517],[115.8093,10.7459],[115.804,10.7381],[115.8018,10.7377],[115.8005,10.7357],[115.7997,10.73],[115.802,10.7262],[115.8052,10.723],[115.8052,10.7104],[115.8127,10.6895],[115.8164,10.6827],[115.8199,10.6829],[115.8289,10.6863],[115.8367,10.6876],[115.8332,10.696],[115.8313,10.7049],[115.8298,10.7092],[115.8251,10.7092],[115.8231,10.7102],[115.823,10.7127],[115.8289,10.7137],[115.8318,10.716],[115.8301,10.7214],[115.8268,10.7237],[115.819,10.7233],[115.8124,10.7262],[115.8124,10.7281],[115.8151,10.7291],[115.817,10.7341],[115.8152,10.7403],[115.8161,10.749],[115.8136,10.7551],[115.8155,10.76],[115.8201,10.7548],[115.822,10.7582],[115.8179,10.7637],[115.8192,10.7653],[115.8267,10.7601],[115.8285,10.7635],[115.8226,10.7687],[115.8173,10.7763],[115.8154,10.7822],[115.8163,10.7843],[115.8206,10.7834],[115.8244,10.7859],[115.8244,10.7908],[115.8259,10.7933],[115.8312,10.7862],[115.8359,10.7881],[115.8424,10.7887],[115.8511,10.7829],[115.8574,10.7749],[115.8552,10.7716],[115.8534,10.7725],[115.8493,10.7765],[115.8493,10.7725],[115.8528,10.7672],[115.8543,10.766],[115.859,10.7706],[115.8602,10.7762],[115.863,10.7823],[115.8595,10.7876],[115.8623,10.7876],[115.8651,10.79],[115.8673,10.7861],[115.867,10.7808],[115.8646,10.7728],[115.8661,10.7682],[115.8683,10.7682],[115.8717,10.7664],[115.8702,10.7547],[115.8677,10.7535],[115.8609,10.7556],[115.8575,10.7534],[115.8572,10.7454],[115.8597,10.7371],[115.8635,10.7304],[115.8703,10.7202],[115.8756,10.7261],[115.8787,10.7261],[115.8769,10.7218],[115.8828,10.7132],[115.8803,10.7071],[115.8791,10.6975],[115.8745,10.6926],[115.8729,10.6898],[115.8748,10.6858],[115.8842,10.6803],[115.8842,10.6782],[115.8789,10.6708],[115.8774,10.6667],[115.8783,10.6646],[115.8811,10.6655],[115.8848,10.6705],[115.8879,10.6785],[115.895,10.6914],[115.8994,10.6982],[115.8984,10.7022],[115.8931,10.7071],[115.8887,10.7194],[115.8846,10.7329],[115.8792,10.7538],[115.8736,10.7624],[115.8739,10.7716],[115.8704,10.7787],[115.8704,10.7891],[115.8638,10.7977],[115.8601,10.8008],[115.8523,10.8038],[115.8482,10.8078],[115.8445,10.8149],[115.8373,10.8265],[115.8329,10.8314]]],[[[116.187,10.7445],[116.1872,10.7489],[116.1909,10.751],[116.1909,10.7532],[116.1883,10.7583],[116.1883,10.7605],[116.1901,10.7666],[116.1977,10.7747],[116.1994,10.7776],[116.1995,10.7809],[116.1971,10.7855],[116.1956,10.7901],[116.1967,10.7923],[116.2056,10.8001],[116.208,10.8027],[116.2089,10.8056],[116.2076,10.8098],[116.2093,10.8139],[116.2072,10.8166],[116.2052,10.8161],[116.2026,10.8133],[116.1993,10.8065],[116.1967,10.8041],[116.1922,10.7964],[116.1911,10.792],[116.1876,10.7846],[116.1842,10.7655],[116.1853,10.7614],[116.1853,10.7574],[116.1823,10.7498],[116.1775,10.7401],[116.1764,10.7362],[116.1785,10.7335],[116.1846,10.7313],[116.1872,10.7375],[116.1879,10.7407],[116.187,10.7445]]],[[[116.2548,10.7821],[116.2535,10.7857],[116.2508,10.7879],[116.2478,10.7855],[116.2505,10.782],[116.2532,10.7768],[116.258,10.778],[116.2575,10.7806],[116.2548,10.7821]]],[[[116.2595,10.8144],[116.2533,10.8091],[116.2523,10.804],[116.2532,10.8024],[116.2588,10.7993],[116.2615,10.7992],[116.2661,10.7965],[116.2721,10.7948],[116.2743,10.7967],[116.2748,10.8004],[116.2731,10.8093],[116.2716,10.8117],[116.2673,10.8145],[116.2608,10.8149],[116.2595,10.8144]]],[[[116.0937,10.7998],[116.0952,10.8022],[116.0956,10.8057],[116.0939,10.8118],[116.0911,10.8153],[116.0878,10.8136],[116.0871,10.8104],[116.0875,10.8064],[116.0889,10.8012],[116.0904,10.7992],[116.0937,10.7998]]],[[[116.3098,10.8193],[116.3115,10.8196],[116.3234,10.8192],[116.329,10.8178],[116.3336,10.8187],[116.34,10.8189],[116.3455,10.8218],[116.3484,10.8242],[116.3491,10.8267],[116.347,10.8305],[116.3434,10.8336],[116.338,10.8343],[116.3337,10.8324],[116.3299,10.8331],[116.3188,10.833],[116.3122,10.8335],[116.3075,10.8331],[116.301,10.8355],[116.2954,10.8368],[116.2906,10.836],[116.2848,10.8308],[116.2815,10.8251],[116.2804,10.8209],[116.2806,10.8176],[116.2828,10.8113],[116.2862,10.8063],[116.2876,10.8064],[116.3022,10.8156],[116.3098,10.8193]]],[[[116.2259,10.8426],[116.223,10.8402],[116.2176,10.8337],[116.2148,10.8242],[116.2147,10.821],[116.216,10.8196],[116.2215,10.8179],[116.2232,10.8181],[116.2269,10.8279],[116.2284,10.8356],[116.2282,10.8426],[116.2259,10.8426]]],[[[116.3576,10.8349],[116.3586,10.8378],[116.3587,10.8416],[116.3559,10.8434],[116.3534,10.8436],[116.3534,10.8404],[116.3553,10.836],[116.3576,10.8349]]],[[[116.2453,10.8594],[116.2415,10.8631],[116.2381,10.8646],[116.2344,10.8637],[116.2333,10.8608],[116.2331,10.8551],[116.2341,10.8536],[116.2418,10.851],[116.2454,10.8478],[116.2491,10.8489],[116.2494,10.8537],[116.2463,10.8566],[116.2453,10.8594]]],[[[116.3696,10.885],[116.3711,10.872],[116.3723,10.8693],[116.3771,10.8655],[116.3807,10.8657],[116.3867,10.8623],[116.3893,10.8597],[116.392,10.8621],[116.3953,10.8692],[116.3953,10.8714],[116.3971,10.8747],[116.3976,10.8819],[116.3959,10.8935],[116.3924,10.8971],[116.3884,10.9],[116.3826,10.9016],[116.379,10.9038],[116.3747,10.9029],[116.3727,10.9005],[116.3684,10.8934],[116.3696,10.885]]],[[[116.2514,10.8836],[116.2495,10.8867],[116.2492,10.8897],[116.2471,10.8931],[116.245,10.8943],[116.2424,10.8913],[116.2394,10.8851],[116.2393,10.8793],[116.2423,10.8759],[116.247,10.8756],[116.2515,10.8777],[116.2525,10.8801],[116.2514,10.8836]]],[[[115.9107,10.8878],[115.9122,10.8844],[115.9155,10.8827],[115.9201,10.8839],[115.9221,10.8873],[115.9217,10.8909],[115.9194,10.8933],[115.9144,10.8938],[115.9124,10.8926],[115.9107,10.8878]]],[[[116.4171,10.8908],[116.4194,10.8867],[116.4245,10.8815],[116.4282,10.8785],[116.4328,10.8769],[116.4359,10.8772],[116.4455,10.8822],[116.4538,10.8885],[116.4587,10.8933],[116.4615,10.9016],[116.4584,10.9069],[116.455,10.9078],[116.4491,10.9049],[116.4451,10.9042],[116.4374,10.9053],[116.4207,10.9092],[116.416,10.91],[116.4132,10.9091],[116.4111,10.9109],[116.4071,10.9115],[116.4046,10.9104],[116.4048,10.9086],[116.4137,10.8966],[116.417,10.8929],[116.4171,10.8908]]],[[[116.4676,10.9044],[116.4693,10.9],[116.4709,10.9],[116.4765,10.9051],[116.4765,10.9062],[116.4731,10.9097],[116.4671,10.9114],[116.465,10.9082],[116.4676,10.9044]]],[[[116.4813,10.9167],[116.4798,10.9139],[116.4818,10.9079],[116.484,10.9071],[116.4893,10.9121],[116.4912,10.9152],[116.4888,10.9183],[116.4835,10.9177],[116.4813,10.9167]]],[[[116.4237,10.9688],[116.4181,10.9686],[116.4159,10.9667],[116.4153,10.9635],[116.4173,10.9596],[116.4225,10.9588],[116.4269,10.9605],[116.4279,10.9653],[116.4263,10.9678],[116.4237,10.9688]]],[[[116.0929,11.0665],[116.0975,11.0659],[116.1016,11.0685],[116.1044,11.0753],[116.1045,11.0806],[116.1039,11.0861],[116.0975,11.0976],[116.096,11.1045],[116.0919,11.1344],[116.0831,11.1613],[116.0775,11.1712],[116.073,11.1817],[116.0682,11.1923],[116.0613,11.2001],[116.052,11.2088],[116.0416,11.2196],[116.0364,11.2216],[116.0332,11.2211],[116.0315,11.2174],[116.0326,11.2116],[116.0366,11.2051],[116.0415,11.1993],[116.0455,11.1928],[116.0502,11.1864],[116.054,11.1792],[116.0551,11.1717],[116.0558,11.1624],[116.0581,11.1535],[116.0594,11.1442],[116.0607,11.1311],[116.0632,11.1185],[116.0657,11.108],[116.0701,11.0999],[116.0773,11.0938],[116.0808,11.0878],[116.0849,11.0824],[116.0866,11.0771],[116.0893,11.0703],[116.0929,11.0665]]],[[[116.2355,11.4076],[116.2322,11.4084],[116.2246,11.4055],[116.2217,11.4027],[116.2191,11.3982],[116.2166,11.3896],[116.2142,11.3639],[116.2149,11.3584],[116.2151,11.33],[116.2142,11.3195],[116.2097,11.3048],[116.2036,11.2936],[116.1928,11.2825],[116.1859,11.2751],[116.1831,11.2658],[116.1866,11.2602],[116.1918,11.2578],[116.1977,11.2598],[116.2067,11.2673],[116.2142,11.2771],[116.2171,11.2851],[116.2193,11.2975],[116.2226,11.3177],[116.2305,11.3544],[116.232,11.3646],[116.2374,11.3896],[116.2382,11.4007],[116.2379,11.4051],[116.2355,11.4076]]],[[[116.0536,11.3303],[116.0547,11.336],[116.0584,11.3424],[116.0634,11.3494],[116.0713,11.3576],[116.0741,11.3624],[116.0757,11.3667],[116.0758,11.3719],[116.0745,11.3736],[116.07,11.3722],[116.0583,11.3565],[116.0533,11.3494],[116.0488,11.3437],[116.0454,11.3379],[116.041,11.3263],[116.0395,11.3208],[116.0393,11.3172],[116.0415,11.3156],[116.0457,11.3186],[116.0482,11.3195],[116.0555,11.3188],[116.0565,11.3226],[116.0536,11.3303]]],[[[116.0751,11.3817],[116.0789,11.3788],[116.0834,11.3785],[116.0865,11.3794],[116.0902,11.383],[116.0903,11.3853],[116.0854,11.3936],[116.0847,11.397],[116.0854,11.4024],[116.0892,11.4157],[116.0954,11.4243],[116.0955,11.4278],[116.0941,11.4294],[116.0914,11.4295],[116.0857,11.4215],[116.079,11.4115],[116.0763,11.4041],[116.0746,11.3944],[116.0741,11.3865],[116.0751,11.3817]]],[[[116.2175,11.4823],[116.223,11.4881],[116.2282,11.4913],[116.2333,11.493],[116.2384,11.4933],[116.2405,11.4977],[116.2396,11.5022],[116.2363,11.5063],[116.2316,11.5086],[116.227,11.5069],[116.2204,11.5027],[116.216,11.4987],[116.207,11.493],[116.2001,11.4875],[116.1973,11.4842],[116.2038,11.5181],[116.2047,11.5306],[116.207,11.5389],[116.2083,11.5412],[116.2076,11.5434],[116.2041,11.5452],[116.1978,11.5457],[116.1933,11.5435],[116.1878,11.532],[116.1735,11.5106],[116.154,11.4841],[116.1526,11.4741],[116.1563,11.471],[116.1637,11.4727],[116.1739,11.4843],[116.1835,11.5069],[116.1899,11.5205],[116.1944,11.5232],[116.1958,11.5212],[116.1963,11.5097],[116.1871,11.4761],[116.1654,11.3816],[116.1555,11.3433],[116.1422,11.2931],[116.1391,11.2789],[116.1392,11.2724],[116.1431,11.2701],[116.1465,11.2721],[116.1511,11.287],[116.1699,11.3653],[116.1846,11.4237],[116.1901,11.4498],[116.1961,11.4534],[116.1983,11.4575],[116.206,11.4699],[116.2105,11.4739],[116.2155,11.4792],[116.2175,11.4823]]],[[[116.3434,11.4018],[116.3446,11.4108],[116.3474,11.4197],[116.3547,11.4366],[116.3636,11.4502],[116.3706,11.4582],[116.3717,11.4647],[116.3694,11.4713],[116.3654,11.4739],[116.3586,11.471],[116.3535,11.467],[116.35,11.4623],[116.3473,11.4574],[116.3436,11.4477],[116.3415,11.4372],[116.3352,11.4268],[116.3307,11.4179],[116.3261,11.4066],[116.3251,11.4023],[116.3243,11.3944],[116.3264,11.3909],[116.329,11.3896],[116.3324,11.39],[116.3389,11.3938],[116.3434,11.4018]]],[[[116.4114,11.5438],[116.4089,11.5636],[116.4051,11.572],[116.4003,11.5754],[116.3985,11.5722],[116.3982,11.5657],[116.4004,11.559],[116.3968,11.551],[116.3923,11.5438],[116.387,11.5366],[116.3852,11.5318],[116.3867,11.5276],[116.3873,11.5235],[116.3846,11.5187],[116.3786,11.5123],[116.3697,11.4988],[116.3745,11.4936],[116.3786,11.4918],[116.3844,11.4932],[116.3895,11.4963],[116.3984,11.5091],[116.4029,11.5187],[116.4057,11.526],[116.4114,11.5438]]],[[[116.2068,11.5823],[116.2006,11.5715],[116.1977,11.5641],[116.196,11.5567],[116.2097,11.5547],[116.2155,11.5548],[116.2198,11.5561],[116.2205,11.5593],[116.2178,11.5615],[116.2158,11.5672],[116.2155,11.572],[116.2185,11.5788],[116.227,11.5914],[116.2271,11.5958],[116.2254,11.5985],[116.2224,11.5997],[116.2179,11.5977],[116.2145,11.5943],[116.2113,11.5887],[116.2068,11.5823]]],[[[116.2456,11.5827],[116.2557,11.5801],[116.2615,11.5809],[116.2625,11.5874],[116.2576,11.6016],[116.2602,11.6191],[116.274,11.6365],[116.2826,11.6506],[116.2959,11.6547],[116.3046,11.6533],[116.3078,11.6435],[116.3072,11.628],[116.3091,11.6222],[116.3128,11.6224],[116.3182,11.6312],[116.323,11.649],[116.324,11.6647],[116.3175,11.684],[116.3121,11.704],[116.3096,11.7239],[116.3076,11.7286],[116.3001,11.7322],[116.2939,11.7324],[116.289,11.7279],[116.2833,11.7134],[116.2798,11.6898],[116.28,11.6859],[116.268,11.6508],[116.2557,11.6362],[116.2399,11.6141],[116.2325,11.6033],[116.2312,11.5976],[116.2353,11.5892],[116.2456,11.5827]]],[[[116.6683,9.0537],[116.6651,9.0577],[116.662,9.0601],[116.6575,9.0621],[116.6522,9.0623],[116.6495,9.0617],[116.6467,9.0592],[116.6456,9.0559],[116.6459,9.0521],[116.6479,9.043],[116.6498,9.0384],[116.6566,9.0362],[116.6627,9.0321],[116.6683,9.0306],[116.6723,9.0307],[116.6753,9.0329],[116.6786,9.0371],[116.6789,9.0399],[116.6764,9.0469],[116.67,9.0518],[116.6683,9.0537]]],[[[116.9333,9.4618],[116.9328,9.4667],[116.9288,9.4693],[116.9266,9.4689],[116.9216,9.4652],[116.9158,9.4587],[116.9161,9.4567],[116.9184,9.451],[116.9202,9.449],[116.9239,9.4485],[116.93,9.4529],[116.9314,9.4551],[116.9333,9.4618]]],[[[116.5908,9.7145],[116.5903,9.7131],[116.6016,9.7075],[116.6018,9.7092],[116.5986,9.7114],[116.5962,9.7116],[116.5952,9.7135],[116.5908,9.7145]]],[[[116.5656,9.7182],[116.5656,9.7164],[116.5702,9.7149],[116.5709,9.717],[116.5691,9.7187],[116.5656,9.7182]]],[[[116.4494,9.7502],[116.4517,9.7471],[116.4553,9.741],[116.457,9.74],[116.4577,9.7366],[116.4601,9.7338],[116.4623,9.7293],[116.4667,9.7272],[116.4704,9.7241],[116.4738,9.7174],[116.4758,9.7152],[116.482,9.714],[116.4889,9.71],[116.4948,9.7128],[116.4983,9.713],[116.5028,9.724],[116.5055,9.7283],[116.5118,9.7347],[116.5226,9.7392],[116.5284,9.7379],[116.5357,9.7375],[116.541,9.7336],[116.5444,9.7321],[116.5497,9.7311],[116.5538,9.7296],[116.5569,9.7275],[116.5589,9.7238],[116.5618,9.7217],[116.569,9.7221],[116.5772,9.724],[116.5832,9.7219],[116.5839,9.7201],[116.5896,9.7179],[116.5909,9.7163],[116.5975,9.7154],[116.6033,9.7173],[116.6048,9.7195],[116.603,9.7255],[116.5974,9.7333],[116.5961,9.737],[116.5932,9.739],[116.5863,9.7407],[116.5836,9.7421],[116.5742,9.7499],[116.5697,9.7502],[116.5627,9.7484],[116.555,9.7486],[116.5487,9.7495],[116.5419,9.7478],[116.5392,9.7477],[116.5332,9.7496],[116.5245,9.7514],[116.5173,9.7524],[116.5107,9.7521],[116.5111,9.7492],[116.5104,9.7413],[116.5074,9.7348],[116.5049,9.7323],[116.502,9.7256],[116.5003,9.7233],[116.4924,9.7182],[116.4865,9.7163],[116.4808,9.7201],[116.4763,9.7215],[116.4756,9.7239],[116.4704,9.7263],[116.4708,9.7305],[116.4699,9.7325],[116.4625,9.7353],[116.461,9.7375],[116.4601,9.7412],[116.4609,9.7438],[116.459,9.7452],[116.459,9.7475],[116.4609,9.7498],[116.4589,9.7523],[116.4521,9.7525],[116.4498,9.7536],[116.4485,9.7583],[116.4436,9.7603],[116.4385,9.7632],[116.4373,9.7655],[116.4341,9.7646],[116.4323,9.762],[116.4328,9.7606],[116.4387,9.7589],[116.4494,9.7502]]],[[[116.5415,10.4374],[116.5434,10.4386],[116.5434,10.4436],[116.5419,10.4447],[116.5392,10.4423],[116.5395,10.4382],[116.5415,10.4374]]],[[[116.5446,10.4521],[116.5516,10.4503],[116.5562,10.4502],[116.5566,10.4518],[116.5463,10.457],[116.5437,10.4544],[116.5446,10.4521]]],[[[116.5557,10.4621],[116.5542,10.4654],[116.551,10.4659],[116.5487,10.4634],[116.5535,10.4614],[116.5557,10.4621]]],[[[116.6225,10.432],[116.6161,10.4251],[116.6102,10.4214],[116.6036,10.4195],[116.5961,10.4145],[116.5873,10.4058],[116.5865,10.396],[116.5889,10.3934],[116.5913,10.3926],[116.6028,10.3958],[116.6161,10.4024],[116.6289,10.4106],[116.6396,10.4159],[116.6593,10.4223],[116.6713,10.4217],[116.6817,10.4178],[116.69,10.417],[116.6929,10.4183],[116.6972,10.4218],[116.703,10.43],[116.7105,10.4432],[116.7147,10.4551],[116.7176,10.469],[116.7219,10.4775],[116.7283,10.4883],[116.7387,10.5018],[116.7411,10.5087],[116.7419,10.5177],[116.7416,10.5356],[116.7384,10.5464],[116.7341,10.5544],[116.7264,10.5601],[116.7197,10.5625],[116.7109,10.5625],[116.6965,10.5609],[116.6855,10.5606],[116.677,10.5596],[116.6682,10.5572],[116.6528,10.5413],[116.6448,10.5292],[116.6368,10.5181],[116.632,10.5091],[116.628,10.4946],[116.6269,10.4864],[116.6267,10.4774],[116.6296,10.4676],[116.6304,10.4584],[116.6299,10.4552],[116.627,10.452],[116.6225,10.4483],[116.6217,10.4444],[116.6233,10.4346],[116.6225,10.432]]],[[[116.6131,10.3294],[116.6201,10.3305],[116.6301,10.3314],[116.64,10.3331],[116.6524,10.3371],[116.6557,10.3371],[116.6641,10.3338],[116.6698,10.3311],[116.6765,10.3288],[116.6806,10.3286],[116.6913,10.3296],[116.7021,10.332],[116.7095,10.335],[116.716,10.3398],[116.7206,10.342],[116.7263,10.3434],[116.7359,10.3451],[116.7457,10.349],[116.7645,10.3546],[116.7718,10.3581],[116.7763,10.3616],[116.7864,10.3719],[116.7958,10.3792],[116.8003,10.3841],[116.8057,10.3908],[116.809,10.3957],[116.8142,10.4062],[116.8176,10.4163],[116.821,10.4244],[116.829,10.4384],[116.8378,10.4543],[116.8433,10.4657],[116.8451,10.4678],[116.8502,10.4697],[116.8582,10.471],[116.8638,10.4734],[116.8665,10.4755],[116.8672,10.4775],[116.873,10.4859],[116.8762,10.4895],[116.8804,10.4928],[116.894,10.5026],[116.9043,10.5088],[116.9145,10.5153],[116.929,10.5209],[116.9377,10.525],[116.9407,10.527],[116.9435,10.5305],[116.948,10.5404],[116.9515,10.5455],[116.9528,10.549],[116.9528,10.5516],[116.9513,10.5565],[116.9482,10.561],[116.945,10.5638],[116.9408,10.565],[116.933,10.5655],[116.9288,10.5645],[116.9218,10.5602],[116.9075,10.5549],[116.9043,10.5554],[116.8886,10.5618],[116.883,10.5636],[116.876,10.5649],[116.8701,10.5676],[116.8654,10.571],[116.8628,10.5781],[116.8593,10.5833],[116.8541,10.5862],[116.8481,10.5912],[116.8379,10.6011],[116.8349,10.6059],[116.8261,10.6177],[116.8217,10.6253],[116.8212,10.627],[116.824,10.6438],[116.8269,10.658],[116.8285,10.6615],[116.8315,10.6644],[116.8354,10.6671],[116.8404,10.6686],[116.8409,10.6724],[116.8382,10.677],[116.835,10.6786],[116.8285,10.6791],[116.8247,10.6809],[116.8225,10.6829],[116.8207,10.6875],[116.82,10.692],[116.819,10.6935],[116.8135,10.6931],[116.8107,10.6912],[116.8045,10.6841],[116.796,10.6758],[116.782,10.6677],[116.7775,10.6642],[116.7743,10.6591],[116.77,10.6548],[116.7638,10.6507],[116.7568,10.6472],[116.7485,10.6436],[116.7386,10.6399],[116.7315,10.6378],[116.7265,10.6347],[116.7191,10.6292],[116.7091,10.6247],[116.7053,10.6199],[116.7063,10.6152],[116.708,10.6147],[116.7198,10.6205],[116.726,10.6216],[116.734,10.6224],[116.7443,10.6269],[116.7612,10.6352],[116.772,10.6401],[116.7782,10.6424],[116.7877,10.6428],[116.7932,10.6405],[116.797,10.6369],[116.8024,10.6283],[116.8077,10.6143],[116.8109,10.6085],[116.8201,10.5999],[116.8277,10.5943],[116.8386,10.5852],[116.8503,10.5748],[116.8594,10.5659],[116.8644,10.5618],[116.8673,10.5582],[116.8716,10.5501],[116.8773,10.5438],[116.8871,10.5309],[116.8896,10.5258],[116.8906,10.5201],[116.8898,10.5149],[116.8867,10.5119],[116.8712,10.5055],[116.8677,10.5035],[116.8615,10.4981],[116.8567,10.4931],[116.8509,10.4886],[116.8438,10.4866],[116.8361,10.4826],[116.8315,10.4797],[116.8281,10.4752],[116.8249,10.4641],[116.8247,10.4616],[116.8197,10.4517],[116.8142,10.4437],[116.8114,10.4388],[116.8105,10.4344],[116.8094,10.4241],[116.808,10.4213],[116.7843,10.39],[116.781,10.3865],[116.7765,10.3834],[116.7696,10.3803],[116.7615,10.3783],[116.7561,10.3758],[116.7548,10.3745],[116.7524,10.3665],[116.7481,10.3618],[116.744,10.3602],[116.7396,10.3594],[116.7305,10.3591],[116.7259,10.3585],[116.7152,10.355],[116.7066,10.3509],[116.6991,10.348],[116.6954,10.3472],[116.6862,10.3467],[116.6783,10.3468],[116.6575,10.3478],[116.6506,10.3477],[116.6391,10.3466],[116.6284,10.3444],[116.6231,10.3439],[116.6158,10.3447],[116.6124,10.346],[116.6062,10.3494],[116.6019,10.3494],[116.5974,10.3467],[116.5954,10.3442],[116.592,10.338],[116.5845,10.3339],[116.5726,10.3313],[116.5635,10.3291],[116.5542,10.3253],[116.5509,10.3232],[116.5438,10.3173],[116.5407,10.3135],[116.5343,10.3114],[116.526,10.314],[116.5158,10.322],[116.5069,10.3329],[116.5052,10.3409],[116.506,10.3466],[116.5093,10.3514],[116.5117,10.3586],[116.5178,10.3655],[116.5247,10.3719],[116.5275,10.3768],[116.5259,10.388],[116.5259,10.3933],[116.5348,10.4038],[116.536,10.411],[116.5421,10.4227],[116.5421,10.4279],[116.5376,10.4319],[116.5331,10.4327],[116.5209,10.4291],[116.5124,10.4246],[116.5039,10.4158],[116.4966,10.4057],[116.4869,10.3972],[116.4759,10.3779],[116.4751,10.3715],[116.4776,10.3582],[116.478,10.3505],[116.4756,10.3421],[116.4683,10.334],[116.463,10.3268],[116.4618,10.3195],[116.4618,10.3139],[116.4647,10.3038],[116.4691,10.2954],[116.485,10.2846],[116.4919,10.2826],[116.5029,10.2842],[116.5143,10.2902],[116.5248,10.2967],[116.5317,10.2975],[116.539,10.2963],[116.5454,10.2944],[116.5494,10.296],[116.5553,10.2999],[116.5642,10.3065],[116.5778,10.3153],[116.5852,10.3194],[116.59,10.3213],[116.6008,10.3247],[116.6131,10.3294]]],[[[116.5589,10.5159],[116.5562,10.5153],[116.5529,10.5098],[116.5511,10.5051],[116.5527,10.4991],[116.5563,10.4956],[116.5612,10.4939],[116.5668,10.493],[116.5692,10.5],[116.5714,10.5027],[116.5696,10.51],[116.567,10.5137],[116.5625,10.516],[116.5589,10.5159]]],[[[116.5763,10.5385],[116.5747,10.5389],[116.5718,10.5361],[116.5658,10.5268],[116.566,10.525],[116.5725,10.5226],[116.5754,10.5244],[116.5752,10.5283],[116.5801,10.5301],[116.5808,10.5321],[116.5763,10.5385]]],[[[116.5883,10.5478],[116.5915,10.5513],[116.5939,10.5518],[116.5964,10.5505],[116.5981,10.5536],[116.5943,10.5575],[116.5912,10.5578],[116.5872,10.5529],[116.5839,10.5471],[116.5834,10.5436],[116.5863,10.5432],[116.587,10.5368],[116.5897,10.5374],[116.5944,10.5418],[116.5937,10.5436],[116.589,10.5445],[116.5883,10.5478]]],[[[116.618,10.573],[116.614,10.5757],[116.6113,10.5755],[116.605,10.569],[116.6057,10.5673],[116.6173,10.564],[116.6193,10.5642],[116.6207,10.5664],[116.6202,10.5704],[116.618,10.573]]],[[[116.9951,10.5876],[116.9949,10.5852],[116.9987,10.5844],[116.9983,10.5885],[116.9951,10.5876]]],[[[116.6433,10.5864],[116.6456,10.5869],[116.647,10.5897],[116.6455,10.5915],[116.6398,10.5908],[116.6368,10.5899],[116.6363,10.5875],[116.6433,10.5864]]],[[[116.6537,10.5917],[116.6559,10.5904],[116.6578,10.5917],[116.6545,10.5947],[116.6537,10.5917]]],[[[116.6662,10.5935],[116.6682,10.5931],[116.6706,10.595],[116.6717,10.5979],[116.6696,10.5998],[116.6661,10.5951],[116.6662,10.5935]]],[[[116.6861,10.6125],[116.6815,10.6118],[116.6836,10.6084],[116.6854,10.6087],[116.6861,10.6125]]],[[[117.1837,10.582],[117.196,10.5863],[117.2037,10.6092],[117.1976,10.637],[117.2089,10.6581],[117.2384,10.6699],[117.2812,10.6794],[117.3096,10.6788],[117.3259,10.6637],[117.3301,10.6378],[117.3322,10.6179],[117.3393,10.6009],[117.3529,10.5943],[117.3761,10.5992],[117.3909,10.6171],[117.3926,10.6547],[117.3933,10.696],[117.3829,10.7204],[117.364,10.7308],[117.3408,10.7264],[117.3257,10.7265],[117.2964,10.7356],[117.2723,10.7361],[117.2492,10.7347],[117.2437,10.7331],[117.2323,10.7342],[117.2086,10.7335],[117.1966,10.7484],[117.1868,10.7608],[117.176,10.7618],[117.1628,10.751],[117.142,10.7448],[117.1346,10.7289],[117.1359,10.69],[117.1319,10.6543],[117.1362,10.6289],[117.1426,10.6095],[117.1542,10.5983],[117.1713,10.5885],[117.1837,10.582]]],[[[116.6828,10.7926],[116.6823,10.7859],[116.6806,10.7815],[116.6835,10.7804],[116.6872,10.7824],[116.6905,10.7831],[116.6936,10.7851],[116.6987,10.7913],[116.6975,10.7925],[116.6902,10.7949],[116.6848,10.794],[116.6828,10.7926]]],[[[116.6292,10.8241],[116.6248,10.8255],[116.6215,10.823],[116.6182,10.8121],[116.6175,10.8024],[116.6182,10.7951],[116.6226,10.7882],[116.6325,10.7781],[116.6435,10.7723],[116.6582,10.7716],[116.6652,10.7749],[116.6717,10.7752],[116.6739,10.7792],[116.6703,10.7847],[116.6637,10.7865],[116.6611,10.793],[116.6567,10.7962],[116.6468,10.8006],[116.6424,10.8046],[116.638,10.8074],[116.6336,10.8085],[116.6307,10.8122],[116.6299,10.8216],[116.6292,10.8241]]],[[[116.8607,10.8154],[116.8577,10.8153],[116.8547,10.8139],[116.8534,10.8111],[116.85,10.8082],[116.8494,10.8056],[116.851,10.8031],[116.8554,10.8016],[116.8578,10.8023],[116.8617,10.805],[116.8642,10.8086],[116.864,10.8131],[116.8607,10.8154]]],[[[116.6988,10.8126],[116.7029,10.8116],[116.7012,10.816],[116.6974,10.8162],[116.6988,10.8126]]],[[[116.8153,10.8214],[116.8117,10.825],[116.8003,10.8279],[116.793,10.8279],[116.7879,10.8239],[116.782,10.8166],[116.786,10.8145],[116.797,10.8163],[116.8069,10.8174],[116.8146,10.8196],[116.8153,10.8214]]],[[[116.7203,10.8236],[116.7172,10.8255],[116.7132,10.826],[116.7117,10.8213],[116.7144,10.8168],[116.7164,10.8165],[116.7202,10.8198],[116.7203,10.8236]]],[[[116.7633,10.8291],[116.7604,10.8277],[116.7591,10.8249],[116.7557,10.8221],[116.755,10.8194],[116.7567,10.817],[116.7611,10.8154],[116.7634,10.8161],[116.7673,10.8188],[116.7699,10.8224],[116.7696,10.8269],[116.7663,10.8292],[116.7633,10.8291]]],[[[116.8299,10.8391],[116.8271,10.8392],[116.8274,10.832],[116.8297,10.8295],[116.8339,10.8319],[116.8337,10.8364],[116.8299,10.8391]]],[[[116.6346,10.8372],[116.6323,10.8388],[116.6291,10.8367],[116.6276,10.8327],[116.6325,10.8309],[116.6384,10.8327],[116.6377,10.8362],[116.6346,10.8372]]],[[[116.6429,10.8484],[116.641,10.8501],[116.6379,10.8499],[116.6322,10.8426],[116.6405,10.8379],[116.6437,10.8389],[116.645,10.8426],[116.6448,10.8449],[116.6429,10.8484]]],[[[116.871,10.8531],[116.8701,10.8561],[116.8686,10.8564],[116.8673,10.8522],[116.8647,10.8524],[116.8617,10.8542],[116.8593,10.8532],[116.8602,10.8498],[116.8629,10.8466],[116.8655,10.8457],[116.8692,10.8467],[116.8705,10.8483],[116.871,10.8531]]],[[[116.7313,10.852],[116.735,10.8547],[116.7342,10.8563],[116.7292,10.8566],[116.7258,10.8545],[116.7251,10.8498],[116.7286,10.849],[116.7313,10.852]]],[[[116.8515,10.8516],[116.8502,10.8548],[116.8478,10.8577],[116.8439,10.8602],[116.8422,10.859],[116.8419,10.8554],[116.8452,10.8495],[116.8486,10.8465],[116.8512,10.8465],[116.8523,10.8496],[116.8515,10.8516]]],[[[116.6456,10.8674],[116.6428,10.8681],[116.6416,10.8642],[116.6415,10.8563],[116.6422,10.8542],[116.646,10.8515],[116.6492,10.8502],[116.6507,10.8509],[116.6521,10.8558],[116.6531,10.8624],[116.6509,10.8654],[116.6456,10.8674]]],[[[116.7534,10.8644],[116.7523,10.8669],[116.7479,10.8698],[116.7456,10.867],[116.7444,10.8635],[116.7454,10.8595],[116.7515,10.8601],[116.7534,10.8644]]],[[[116.8774,10.8827],[116.8717,10.8835],[116.8673,10.879],[116.8667,10.8754],[116.8675,10.8724],[116.8702,10.8697],[116.8736,10.8693],[116.876,10.8718],[116.8761,10.8746],[116.879,10.8785],[116.8774,10.8827]]],[[[116.6398,10.8774],[116.6393,10.8741],[116.6417,10.8719],[116.6503,10.8699],[116.653,10.8698],[116.6559,10.8727],[116.6545,10.8773],[116.6538,10.8816],[116.6509,10.8816],[116.6482,10.8835],[116.6479,10.8866],[116.6511,10.8887],[116.65,10.8918],[116.6465,10.8929],[116.6432,10.8919],[116.6404,10.8894],[116.6388,10.8857],[116.6398,10.8774]]],[[[116.7462,10.8847],[116.7466,10.8828],[116.7501,10.8839],[116.7511,10.8869],[116.7492,10.8893],[116.7457,10.8899],[116.7443,10.8878],[116.7462,10.8847]]],[[[116.6669,10.9001],[116.6642,10.9034],[116.6614,10.9029],[116.6548,10.8985],[116.6507,10.8968],[116.6513,10.8939],[116.6572,10.8925],[116.6612,10.8923],[116.6655,10.8938],[116.6675,10.8961],[116.6669,10.9001]]],[[[116.9025,10.9022],[116.9032,10.9052],[116.8988,10.9084],[116.8957,10.9067],[116.8986,10.9026],[116.9025,10.9022]]],[[[116.683,10.9077],[116.6809,10.9109],[116.6766,10.9076],[116.676,10.9051],[116.678,10.9035],[116.6825,10.9051],[116.683,10.9077]]],[[[116.7955,10.9115],[116.7959,10.9077],[116.7976,10.9064],[116.8009,10.9073],[116.8008,10.9119],[116.7971,10.9132],[116.7955,10.9115]]],[[[116.9173,10.9216],[116.9115,10.9217],[116.9098,10.9203],[116.9101,10.9171],[116.919,10.9153],[116.9211,10.9121],[116.9202,10.9089],[116.9221,10.9062],[116.9247,10.9097],[116.9249,10.9151],[116.9236,10.918],[116.9207,10.9206],[116.9173,10.9216]]],[[[116.8975,10.9263],[116.9019,10.9259],[116.9091,10.9275],[116.9132,10.9299],[116.9148,10.9331],[116.9148,10.937],[116.9132,10.9406],[116.9095,10.9422],[116.8983,10.9418],[116.8935,10.939],[116.8894,10.9339],[116.8894,10.9319],[116.8919,10.9283],[116.8975,10.9263]]],[[[116.8492,10.9863],[116.8452,10.9863],[116.8411,10.9847],[116.8347,10.9803],[116.8331,10.9756],[116.8339,10.9708],[116.8371,10.9668],[116.8416,10.9652],[116.8488,10.966],[116.8564,10.9692],[116.8597,10.9728],[116.8605,10.9768],[116.8597,10.9816],[116.854,10.9863],[116.8492,10.9863]]],[[[116.9787,10.9895],[116.9743,10.9923],[116.9687,10.9923],[116.963,10.9915],[116.9582,10.9852],[116.957,10.9792],[116.9582,10.9736],[116.961,10.9716],[116.9646,10.9709],[116.9707,10.972],[116.9779,10.978],[116.9807,10.9852],[116.9787,10.9895]]],[[[116.9148,10.9935],[116.9059,10.9915],[116.9007,10.9879],[116.8995,10.9828],[116.9003,10.978],[116.9043,10.9744],[116.9087,10.9736],[116.914,10.976],[116.918,10.9792],[116.9204,10.982],[116.9212,10.9879],[116.9192,10.9919],[116.9148,10.9935]]],[[[117.2227,11.0987],[117.2226,11.0873],[117.2367,11.0344],[117.2506,10.9974],[117.2664,10.9924],[117.2866,11.0016],[117.3115,11.0374],[117.3199,11.082],[117.3111,11.1241],[117.2965,11.1434],[117.284,11.1459],[117.2642,11.1381],[117.2371,11.1173],[117.2227,11.0987]]],[[[116.999,11.1206],[116.9943,11.1185],[116.9922,11.1157],[116.9928,11.1089],[116.9971,11.0991],[116.9981,11.0898],[117.0005,11.0824],[117.0044,11.0785],[117.0078,11.0767],[117.0115,11.0768],[117.0157,11.078],[117.019,11.0803],[117.0209,11.0852],[117.0206,11.0917],[117.0136,11.116],[117.0079,11.1204],[117.0041,11.121],[116.999,11.1206]]]]},"properties":{"ma_xa":"22736","ten_xa":"Trường Sa","sap_nhap":"Trường Sa (thị trấn), Song Tử Tây, Sinh Tồn","tru_so":"đang cập nhật","loai":"Đặc khu","cap":2,"stt":41,"dtich_km2":496.3,"dan_so":153,"matdo_km2":0.31,"ma_tinh":"56","ten_tinh":"Khánh Hòa"}},
{"type":"Feature","geometry":{"type":"MultiPolygon","coordinates":[[[[109.3013,12.7259],[109.2995,12.7267],[109.2954,12.7223],[109.293,12.7154],[109.293,12.7108],[109.2877,12.7056],[109.2856,12.7018],[109.2768,12.6962],[109.2807,12.6932],[109.2879,12.6986],[109.2912,12.7047],[109.2935,12.7065],[109.2951,12.71],[109.3028,12.7118],[109.3076,12.7165],[109.3113,12.7182],[109.3146,12.723],[109.3141,12.7248],[109.3054,12.7259],[109.3013,12.7259]]],[[[109.3194,12.7277],[109.3228,12.7305],[109.3205,12.7322],[109.3189,12.7315],[109.3194,12.7277]]],[[[109.3288,12.7369],[109.333,12.7388],[109.3342,12.7418],[109.3298,12.7413],[109.3282,12.7383],[109.3288,12.7369]]],[[[109.3212,12.8387],[109.32,12.8359],[109.3153,12.8393],[109.3155,12.8427],[109.3119,12.8433],[109.3077,12.8394],[109.303,12.8394],[109.2999,12.8417],[109.2979,12.8407],[109.296,12.8377],[109.2925,12.8357],[109.2852,12.834],[109.2836,12.8329],[109.2783,12.8336],[109.2769,12.835],[109.2744,12.8335],[109.27,12.8333],[109.2658,12.8363],[109.2617,12.8358],[109.2587,12.8375],[109.2524,12.8368],[109.2527,12.8334],[109.2502,12.8333],[109.2472,12.8306],[109.2457,12.827],[109.2392,12.8233],[109.237,12.8204],[109.2328,12.8178],[109.2298,12.8144],[109.2257,12.8134],[109.2235,12.8156],[109.2197,12.8166],[109.2125,12.8021],[109.2175,12.7773],[109.2367,12.7756],[109.2364,12.7693],[109.2348,12.7673],[109.2343,12.7621],[109.235,12.7549],[109.2593,12.7533],[109.2614,12.7511],[109.2616,12.7484],[109.268,12.7412],[109.2744,12.7359],[109.2768,12.7319],[109.2794,12.7308],[109.2885,12.7383],[109.2876,12.7393],[109.2927,12.7446],[109.295,12.7497],[109.301,12.7537],[109.3044,12.7607],[109.3082,12.7617],[109.3107,12.7609],[109.3129,12.762],[109.3155,12.7655],[109.3249,12.7653],[109.3277,12.7709],[109.3255,12.7722],[109.3277,12.776],[109.3298,12.7778],[109.329,12.7795],[109.3301,12.784],[109.3291,12.7858],[109.3309,12.7931],[109.3271,12.7928],[109.3258,12.7955],[109.3258,12.7983],[109.3208,12.8074],[109.3144,12.8157],[109.3238,12.8289],[109.3212,12.8387]]]]},"properties":{"ma_xa":"22498","ten_xa":"Tu Bông","sap_nhap":"Vạn Khánh, Vạn Long, Vạn Phước","tru_so":"đang cập nhật","loai":"Xã","cap":2,"stt":19,"dtich_km2":99.6,"dan_so":29751,"matdo_km2":298.7,"ma_tinh":"56","ten_tinh":"Khánh Hòa"}},
{"type":"Feature","geometry":{"type":"MultiPolygon","coordinates":[[[[109.2144,12.645],[109.2129,12.6426],[109.2187,12.6394],[109.2225,12.6412],[109.2204,12.6446],[109.2144,12.645]]],[[[109.213,12.6574],[109.2099,12.6571],[109.205,12.659],[109.2022,12.6622],[109.1996,12.6636],[109.1947,12.6644],[109.1929,12.6628],[109.1907,12.6642],[109.1879,12.6626],[109.1826,12.6645],[109.1802,12.6667],[109.1735,12.6683],[109.1701,12.6733],[109.1708,12.6758],[109.1671,12.6793],[109.1693,12.6813],[109.1661,12.6846],[109.1671,12.6861],[109.1661,12.6889],[109.1661,12.6978],[109.1632,12.7034],[109.1558,12.7087],[109.1528,12.7096],[109.1484,12.7067],[109.1464,12.7087],[109.146,12.7117],[109.1408,12.712],[109.1397,12.7128],[109.1326,12.7128],[109.1273,12.7116],[109.1253,12.7103],[109.1201,12.7116],[109.1176,12.7135],[109.115,12.7173],[109.1107,12.7181],[109.1066,12.7201],[109.1071,12.7155],[109.1048,12.7102],[109.105,12.7057],[109.1039,12.7022],[109.1067,12.699],[109.1107,12.693],[109.1111,12.6915],[109.1081,12.6814],[109.1126,12.6788],[109.1145,12.6761],[109.1197,12.6755],[109.1238,12.6724],[109.1288,12.6674],[109.1291,12.6646],[109.1261,12.6613],[109.1244,12.6554],[109.1214,12.6517],[109.121,12.6474],[109.1171,12.6439],[109.1156,12.6412],[109.1318,12.6386],[109.1446,12.6326],[109.1523,12.6279],[109.1535,12.624],[109.158,12.6125],[109.1565,12.5942],[109.1588,12.5885],[109.1585,12.5861],[109.1637,12.5853],[109.1651,12.5823],[109.1687,12.5824],[109.1731,12.5841],[109.1908,12.586],[109.1915,12.5874],[109.196,12.588],[109.2009,12.5871],[109.2034,12.5905],[109.2041,12.5943],[109.2015,12.5955],[109.2027,12.6023],[109.2001,12.6027],[109.2006,12.6055],[109.2036,12.6071],[109.2026,12.6094],[109.2029,12.6124],[109.2051,12.6143],[109.2052,12.6172],[109.201,12.6216],[109.1981,12.6199],[109.1948,12.6222],[109.1931,12.625],[109.1912,12.6244],[109.1904,12.6305],[109.1927,12.6371],[109.1958,12.6406],[109.1972,12.6442],[109.2012,12.6461],[109.2036,12.6498],[109.2074,12.6499],[109.2115,12.6466],[109.2146,12.6489],[109.2162,12.6539],[109.215,12.6563],[109.213,12.6574]]]]},"properties":{"ma_xa":"22525","ten_xa":"Vạn Hưng","sap_nhap":"Xuân Sơn, Vạn Hưng","tru_so":"đang cập nhật","loai":"Xã","cap":2,"stt":22,"dtich_km2":86.1,"dan_so":18883,"matdo_km2":219.31,"ma_tinh":"56","ten_tinh":"Khánh Hòa"}},
{"type":"Feature","geometry":{"type":"MultiPolygon","coordinates":[[[[109.2629,12.6751],[109.2662,12.6784],[109.2624,12.6795],[109.2602,12.6788],[109.2613,12.6757],[109.2629,12.6751]]],[[[109.2346,12.6988],[109.2298,12.7028],[109.2294,12.7049],[109.2266,12.7077],[109.2273,12.7103],[109.2296,12.7137],[109.2263,12.721],[109.221,12.7215],[109.221,12.7234],[109.2186,12.7272],[109.2165,12.7278],[109.2141,12.7312],[109.2112,12.7324],[109.206,12.7365],[109.2051,12.7402],[109.2018,12.7442],[109.1984,12.7445],[109.1962,12.7468],[109.1937,12.7514],[109.1936,12.7545],[109.1911,12.7561],[109.1916,12.7581],[109.1898,12.7623],[109.1881,12.763],[109.1856,12.766],[109.1846,12.7689],[109.1801,12.7742],[109.1804,12.7778],[109.176,12.7847],[109.1731,12.7876],[109.1725,12.7895],[109.1745,12.7917],[109.1746,12.7956],[109.1712,12.7994],[109.1706,12.8041],[109.167,12.8074],[109.1656,12.807],[109.1606,12.8093],[109.1551,12.813],[109.1565,12.8114],[109.1556,12.8081],[109.1524,12.8053],[109.1535,12.804],[109.1507,12.7972],[109.1463,12.7927],[109.1474,12.7859],[109.1451,12.782],[109.1403,12.7804],[109.1355,12.7843],[109.1347,12.7861],[109.1304,12.7868],[109.1282,12.7906],[109.1277,12.7928],[109.1234,12.7981],[109.1198,12.7991],[109.1152,12.798],[109.114,12.7954],[109.1152,12.7931],[109.1147,12.7892],[109.1123,12.7859],[109.1087,12.7847],[109.1094,12.781],[109.1064,12.7765],[109.1057,12.7731],[109.102,12.7728],[109.1015,12.7683],[109.0967,12.7656],[109.0955,12.7643],[109.0917,12.7635],[109.0903,12.76],[109.0908,12.7558],[109.0922,12.751],[109.0897,12.7496],[109.0901,12.7474],[109.0853,12.7439],[109.0853,12.7407],[109.0876,12.7381],[109.0915,12.7363],[109.0949,12.7355],[109.0992,12.7297],[109.0968,12.7264],[109.1031,12.724],[109.1066,12.7201],[109.1107,12.7181],[109.115,12.7173],[109.1176,12.7135],[109.1201,12.7116],[109.1253,12.7103],[109.1273,12.7116],[109.1326,12.7128],[109.1397,12.7128],[109.1408,12.712],[109.146,12.7117],[109.1464,12.7087],[109.1484,12.7067],[109.1528,12.7096],[109.1558,12.7087],[109.1632,12.7034],[109.1661,12.6978],[109.1661,12.6889],[109.1671,12.6861],[109.1661,12.6846],[109.1693,12.6813],[109.1671,12.6793],[109.1708,12.6758],[109.1701,12.6733],[109.1735,12.6683],[109.1802,12.6667],[109.1826,12.6645],[109.1879,12.6626],[109.1907,12.6642],[109.1929,12.6628],[109.1947,12.6644],[109.1996,12.6636],[109.2022,12.6622],[109.205,12.659],[109.2099,12.6571],[109.213,12.6574],[109.2122,12.6606],[109.2101,12.6628],[109.2105,12.6683],[109.2162,12.6746],[109.2208,12.6806],[109.2242,12.686],[109.2258,12.6908],[109.2296,12.6953],[109.2346,12.6988]]]]},"properties":{"ma_xa":"22489","ten_xa":"Vạn Ninh","sap_nhap":"Vạn Giã (thị trấn), Vạn Phú, Vạn Lương","tru_so":"đang cập nhật","loai":"Xã","cap":2,"stt":21,"dtich_km2":130.5,"dan_so":54202,"matdo_km2":415.34,"ma_tinh":"56","ten_tinh":"Khánh Hòa"}},
{"type":"Feature","geometry":{"type":"Polygon","coordinates":[[[109.2197,12.8166],[109.2167,12.8208],[109.2157,12.8254],[109.2139,12.8279],[109.2112,12.8281],[109.2088,12.8298],[109.2015,12.8292],[109.1987,12.8297],[109.1956,12.8319],[109.1902,12.8287],[109.1852,12.8292],[109.1813,12.8276],[109.1784,12.8294],[109.1763,12.8267],[109.1704,12.8275],[109.1664,12.8267],[109.1618,12.8222],[109.1613,12.8181],[109.1595,12.8148],[109.1551,12.813],[109.1606,12.8093],[109.1656,12.807],[109.167,12.8074],[109.1706,12.8041],[109.1712,12.7994],[109.1746,12.7956],[109.1745,12.7917],[109.1725,12.7895],[109.1731,12.7876],[109.176,12.7847],[109.1804,12.7778],[109.1801,12.7742],[109.1846,12.7689],[109.1856,12.766],[109.1881,12.763],[109.1898,12.7623],[109.1916,12.7581],[109.1911,12.7561],[109.1936,12.7545],[109.1937,12.7514],[109.1962,12.7468],[109.1984,12.7445],[109.2018,12.7442],[109.2051,12.7402],[109.206,12.7365],[109.2112,12.7324],[109.2141,12.7312],[109.2165,12.7278],[109.2186,12.7272],[109.221,12.7234],[109.221,12.7215],[109.2263,12.721],[109.2296,12.7137],[109.2273,12.7103],[109.2266,12.7077],[109.2294,12.7049],[109.2298,12.7028],[109.2346,12.6988],[109.2429,12.7029],[109.2499,12.704],[109.2527,12.7021],[109.2563,12.7032],[109.2567,12.7065],[109.2601,12.7108],[109.262,12.7106],[109.2627,12.7167],[109.2653,12.7167],[109.2685,12.7195],[109.2708,12.7237],[109.2753,12.7274],[109.2737,12.7289],[109.2768,12.7319],[109.2744,12.7359],[109.268,12.7412],[109.2616,12.7484],[109.2614,12.7511],[109.2593,12.7533],[109.235,12.7549],[109.2343,12.7621],[109.2348,12.7673],[109.2364,12.7693],[109.2367,12.7756],[109.2175,12.7773],[109.2125,12.8021],[109.2197,12.8166]]]},"properties":{"ma_xa":"22516","ten_xa":"Vạn Thắng","sap_nhap":"Vạn Bình, Vạn Thắng","tru_so":"đang cập nhật","loai":"Xã","cap":2,"stt":20,"dtich_km2":74.8,"dan_so":31625,"matdo_km2":422.79,"ma_tinh":"56","ten_tinh":"Khánh Hòa"}},
{"type":"Feature","geometry":{"type":"Polygon","coordinates":[[[109.0775,11.5862],[109.0854,11.5874],[109.0903,11.5876],[109.0945,11.5868],[109.0978,11.5853],[109.1068,11.5795],[109.113,11.5783],[109.1182,11.5754],[109.1239,11.5729],[109.1264,11.5696],[109.1285,11.5629],[109.1306,11.5652],[109.1291,11.5695],[109.1294,11.5722],[109.1285,11.5754],[109.1299,11.5783],[109.133,11.5793],[109.1338,11.5823],[109.1394,11.5837],[109.1393,11.5865],[109.1414,11.5938],[109.1466,11.6047],[109.1472,11.6106],[109.1522,11.6198],[109.157,11.6237],[109.1621,11.6242],[109.1658,11.6217],[109.1671,11.6253],[109.1667,11.6277],[109.1684,11.6359],[109.1702,11.639],[109.1718,11.6458],[109.174,11.6487],[109.1726,11.6532],[109.1739,11.6599],[109.1732,11.6631],[109.1772,11.6712],[109.1767,11.676],[109.1783,11.6774],[109.1831,11.678],[109.1839,11.6798],[109.1892,11.6832],[109.1898,11.685],[109.1878,11.6883],[109.1877,11.6909],[109.19,11.6926],[109.1922,11.6925],[109.1937,11.6943],[109.1931,11.6989],[109.1967,11.7014],[109.1989,11.7058],[109.2024,11.7057],[109.2033,11.7083],[109.1999,11.7115],[109.2002,11.7144],[109.1989,11.716],[109.2005,11.7189],[109.1984,11.7196],[109.1966,11.7246],[109.1995,11.7262],[109.1998,11.7235],[109.2015,11.721],[109.2046,11.7197],[109.2044,11.7166],[109.2064,11.7146],[109.2077,11.7168],[109.2106,11.7166],[109.2114,11.7192],[109.2169,11.7199],[109.2183,11.7172],[109.2215,11.7176],[109.2226,11.7201],[109.2247,11.7211],[109.2282,11.7209],[109.2317,11.7244],[109.2333,11.7274],[109.2326,11.7321],[109.2312,11.736],[109.2315,11.7395],[109.2304,11.7483],[109.227,11.7472],[109.2258,11.7454],[109.2213,11.7473],[109.2231,11.7508],[109.2278,11.7526],[109.2279,11.7557],[109.2258,11.757],[109.2223,11.7539],[109.2192,11.7544],[109.2121,11.7587],[109.2113,11.7606],[109.2145,11.7639],[109.2124,11.7678],[109.2121,11.7713],[109.2103,11.773],[109.2043,11.7751],[109.1996,11.7805],[109.1947,11.7853],[109.1919,11.7868],[109.1889,11.7861],[109.1837,11.7824],[109.1801,11.7812],[109.1786,11.7794],[109.165,11.7703],[109.154,11.7648],[109.1515,11.765],[109.1487,11.7617],[109.1451,11.7597],[109.1439,11.7575],[109.1426,11.7463],[109.1396,11.7406],[109.1349,11.7403],[109.1309,11.7332],[109.1284,11.7324],[109.1256,11.728],[109.1255,11.7236],[109.1271,11.7223],[109.1272,11.7197],[109.1292,11.7179],[109.1292,11.7119],[109.1266,11.7064],[109.1248,11.7],[109.1255,11.6946],[109.1265,11.694],[109.1268,11.6884],[109.1281,11.6867],[109.1283,11.6831],[109.127,11.6813],[109.1265,11.6779],[109.1291,11.6683],[109.1289,11.6639],[109.1299,11.6632],[109.1281,11.6529],[109.1301,11.6496],[109.1306,11.6469],[109.1278,11.641],[109.1238,11.6371],[109.1219,11.6342],[109.119,11.6339],[109.1177,11.6323],[109.1146,11.6314],[109.1105,11.6283],[109.1052,11.6307],[109.101,11.6309],[109.1,11.6327],[109.0907,11.6414],[109.0858,11.6404],[109.082,11.642],[109.0789,11.6393],[109.0752,11.6378],[109.0746,11.6351],[109.0785,11.6342],[109.081,11.6285],[109.0802,11.624],[109.0776,11.6165],[109.0776,11.6121],[109.0755,11.6059],[109.0792,11.6046],[109.0779,11.6012],[109.0757,11.5982],[109.0783,11.5965],[109.0768,11.5942],[109.0775,11.5862]]]},"properties":{"ma_xa":"22846","ten_xa":"Vĩnh Hải","sap_nhap":"Nhơn Hải, Thanh Hải, Vĩnh Hải","tru_so":"đang cập nhật","loai":"Xã","cap":2,"stt":56,"dtich_km2":161.2,"dan_so":36879,"matdo_km2":228.78,"ma_tinh":"56","ten_tinh":"Khánh Hòa"}},
{"type":"Feature","geometry":{"type":"Polygon","coordinates":[[[109.0405,11.6621],[109.0372,11.6627],[109.0307,11.6671],[109.0278,11.6613],[109.0241,11.6638],[109.0218,11.6615],[109.0179,11.664],[109.0154,11.664],[109.0135,11.6656],[109.0107,11.6657],[109.0099,11.6683],[109.0055,11.6717],[109.0043,11.6746],[109.0047,11.6773],[109.0031,11.6803],[109.0029,11.6847],[108.9993,11.6885],[108.9944,11.6845],[108.9923,11.6843],[108.9897,11.6816],[108.9875,11.6812],[108.9832,11.675],[108.9739,11.6696],[108.9706,11.6692],[108.963,11.6612],[108.9623,11.658],[108.9726,11.6473],[108.9676,11.6401],[108.9553,11.6236],[108.9619,11.62],[108.967,11.6236],[108.9733,11.6168],[108.9762,11.6173],[108.9785,11.6203],[108.9829,11.6164],[108.987,11.6162],[108.9929,11.6133],[108.9941,11.6146],[108.9983,11.6096],[109.0009,11.6111],[108.9979,11.6128],[108.9979,11.6149],[109.0027,11.6202],[109.0052,11.6247],[109.0083,11.6258],[109.0125,11.6254],[109.0149,11.6225],[109.0157,11.6195],[109.0176,11.6184],[109.0282,11.6226],[109.0326,11.6395],[109.0344,11.6437],[109.0339,11.6491],[109.035,11.651],[109.0344,11.655],[109.0369,11.6602],[109.0405,11.6621]]]},"properties":{"ma_xa":"22861","ten_xa":"Xuân Hải","sap_nhap":"Hộ Hải, Tân Hải, Xuân Hải","tru_so":"đang cập nhật","loai":"Xã","cap":2,"stt":55,"dtich_km2":43.4,"dan_so":45104,"matdo_km2":1039.26,"ma_tinh":"56","ten_tinh":"Khánh Hòa"}}
]}