{"type":"FeatureCollection", "features": [
{"type":"Feature","geometry":{"type":"Polygon","coordinates":[[[105.7561,10.0086],[105.7538,10.0134],[105.7518,10.0144],[105.7511,10.0179],[105.7525,10.022],[105.752,10.0247],[105.7487,10.0304],[105.7438,10.0325],[105.7417,10.0237],[105.7399,10.0187],[105.7372,10.0164],[105.7359,10.0178],[105.7276,10.0107],[105.7236,10.0094],[105.7211,10.011],[105.7182,10.0081],[105.7206,10.0059],[105.7182,10.0039],[105.7149,10.0047],[105.7133,10.0086],[105.7093,10.009],[105.7056,10.012],[105.7032,10.0127],[105.6968,10.0115],[105.6948,10.0129],[105.6928,10.011],[105.6893,10.0096],[105.6885,10.012],[105.6856,10.0127],[105.6813,10.0117],[105.6826,10.0085],[105.6817,10.0012],[105.6843,9.993],[105.687,9.9948],[105.6912,9.9926],[105.693,9.9865],[105.6969,9.9882],[105.7016,9.9866],[105.7078,9.987],[105.7116,9.9861],[105.7139,9.9871],[105.7165,9.9939],[105.72,9.9953],[105.726,9.9951],[105.7347,9.9936],[105.7396,9.9943],[105.7425,9.9969],[105.7451,10.0041],[105.7468,10.0057],[105.7539,10.0083],[105.7561,10.0086]]]},"properties":{"ma_xa":"31150","ten_xa":"An Bình","sap_nhap":"An Bình, Mỹ Khánh, Long Tuyền (1 phần)","tru_so":"đang cập nhật","loai":"Phường","cap":2,"stt":4,"dtich_km2":18.39,"dan_so":50150,"matdo_km2":2727.03,"ma_tinh":"92","ten_tinh":"Cần Thơ"}},
{"type":"Feature","geometry":{"type":"Polygon","coordinates":[[[105.9536,9.8854],[105.9508,9.8869],[105.9309,9.904],[105.9278,9.9069],[105.9134,9.9227],[105.9059,9.933],[105.8968,9.938],[105.8944,9.9339],[105.891,9.9295],[105.8881,9.928],[105.8831,9.9278],[105.8837,9.9245],[105.8802,9.9216],[105.8807,9.9186],[105.8756,9.9166],[105.8741,9.91],[105.8727,9.9091],[105.8734,9.9059],[105.8714,9.902],[105.874,9.9008],[105.8722,9.8962],[105.8687,9.8911],[105.8719,9.8901],[105.8687,9.8848],[105.8713,9.8832],[105.8691,9.8805],[105.8685,9.8771],[105.8698,9.8753],[105.8677,9.8732],[105.8671,9.8705],[105.8634,9.8525],[105.861,9.8532],[105.8578,9.845],[105.8666,9.8416],[105.8717,9.8407],[105.8739,9.8462],[105.8754,9.8457],[105.8787,9.8506],[105.8843,9.8511],[105.8838,9.8545],[105.8913,9.8554],[105.895,9.8573],[105.8971,9.8559],[105.8998,9.8508],[105.8996,9.8464],[105.903,9.8446],[105.9089,9.8426],[105.9128,9.8389],[105.9117,9.8377],[105.9132,9.8318],[105.9155,9.8283],[105.9167,9.8214],[105.9148,9.8203],[105.9153,9.8119],[105.9271,9.812],[105.9308,9.8132],[105.9302,9.8147],[105.9373,9.8161],[105.9361,9.82],[105.9475,9.8221],[105.9461,9.8248],[105.9451,9.8305],[105.9439,9.8322],[105.9452,9.8372],[105.9487,9.8375],[105.9527,9.8393],[105.9625,9.8403],[105.9654,9.8428],[105.9648,9.8472],[105.9582,9.8482],[105.9522,9.8525],[105.9528,9.8572],[105.9543,9.8637],[105.9559,9.8663],[105.9576,9.8662],[105.9625,9.8719],[105.9547,9.88],[105.9536,9.8854]]]},"properties":{"ma_xa":"31531","ten_xa":"An Lạc Thôn","sap_nhap":"An Lạc Thôn (thị trấn), Xuân Hòa, Trinh Phú","tru_so":"đang cập nhật","loai":"Xã","cap":2,"stt":74,"dtich_km2":84.99,"dan_so":56248,"matdo_km2":661.82,"ma_tinh":"92","ten_tinh":"Cần Thơ"}},
{"type":"Feature","geometry":{"type":"Polygon","coordinates":[[[105.9778,9.6421],[105.9741,9.6428],[105.9648,9.6482],[105.9602,9.6544],[105.9584,9.6525],[105.9493,9.6561],[105.9386,9.6622],[105.9328,9.6639],[105.9304,9.6663],[105.926,9.6684],[105.924,9.6658],[105.922,9.6681],[105.9197,9.665],[105.9187,9.661],[105.9172,9.6597],[105.9165,9.6534],[105.9112,9.659],[105.9034,9.663],[105.8975,9.6645],[105.888,9.6709],[105.8863,9.6726],[105.8829,9.6642],[105.8763,9.6585],[105.8723,9.6558],[105.8687,9.6546],[105.8676,9.6523],[105.8659,9.6462],[105.8627,9.6426],[105.8652,9.6402],[105.8678,9.6357],[105.8672,9.6327],[105.8633,9.6275],[105.8632,9.6256],[105.8607,9.6232],[105.8687,9.6182],[105.8665,9.613],[105.8687,9.6122],[105.8679,9.6087],[105.879,9.6012],[105.8879,9.597],[105.8906,9.5949],[105.8964,9.598],[105.8982,9.5997],[105.9043,9.5948],[105.9062,9.5954],[105.9141,9.5933],[105.9264,9.589],[105.9292,9.595],[105.932,9.5936],[105.935,9.5908],[105.9428,9.5992],[105.9416,9.6038],[105.9396,9.6083],[105.9491,9.6237],[105.9511,9.6281],[105.9537,9.6319],[105.9529,9.633],[105.9546,9.6361],[105.9531,9.6369],[105.9595,9.6427],[105.966,9.6405],[105.9671,9.6329],[105.9724,9.6311],[105.9778,9.6421]]]},"properties":{"ma_xa":"31594","ten_xa":"An Ninh","sap_nhap":"An Hiệp, An Ninh","tru_so":"đang cập nhật","loai":"Xã","cap":2,"stt":79,"dtich_km2":68.81,"dan_so":40,"matdo_km2":0.58,"ma_tinh":"92","ten_tinh":"Cần Thơ"}},
{"type":"Feature","geometry":{"type":"Polygon","coordinates":[[[106.24,9.6241],[106.2223,9.6398],[106.216,9.6449],[106.1897,9.6694],[106.1853,9.6737],[106.1713,9.6872],[106.1582,9.7016],[106.1513,9.7088],[106.1328,9.7265],[106.1268,9.7325],[106.115,9.7468],[106.1107,9.7515],[106.1012,9.7594],[106.0947,9.7639],[106.0848,9.769],[106.0781,9.7715],[106.0735,9.7744],[106.0753,9.7593],[106.0759,9.749],[106.0807,9.7404],[106.0932,9.7177],[106.0955,9.7123],[106.0992,9.7021],[106.1054,9.6869],[106.1135,9.6696],[106.1214,9.6566],[106.1244,9.6526],[106.1335,9.6446],[106.1363,9.6415],[106.1375,9.6483],[106.1373,9.6534],[106.1404,9.6582],[106.147,9.656],[106.1512,9.6568],[106.1546,9.6548],[106.1647,9.6621],[106.1712,9.6554],[106.181,9.6479],[106.1842,9.6449],[106.1939,9.6306],[106.1999,9.624],[106.2069,9.6187],[106.2124,9.6139],[106.2253,9.601],[106.2287,9.5994],[106.2318,9.5998],[106.235,9.6022],[106.2406,9.6077],[106.2497,9.6151],[106.244,9.6196],[106.24,9.6241]]]},"properties":{"ma_xa":"31615","ten_xa":"An Thạnh","sap_nhap":"Cù Lao Dung (thị trấn), An Thạnh 1, An Thạnh Tây, An Thạnh Đông","tru_so":"đang cập nhật","loai":"Xã","cap":2,"stt":102,"dtich_km2":94.92,"dan_so":37711,"matdo_km2":397.29,"ma_tinh":"92","ten_tinh":"Cần Thơ"}},
{"type":"Feature","geometry":{"type":"Polygon","coordinates":[[[105.7794,10.0709],[105.7667,10.0773],[105.764,10.0793],[105.7607,10.083],[105.749,10.092],[105.7409,10.096],[105.7351,10.0965],[105.7364,10.0921],[105.7325,10.0836],[105.7265,10.075],[105.7283,10.0733],[105.7294,10.0676],[105.7271,10.0625],[105.734,10.0622],[105.7439,10.0631],[105.7456,10.0608],[105.7488,10.0595],[105.7518,10.0602],[105.7548,10.0586],[105.7521,10.0493],[105.7525,10.0462],[105.7548,10.0453],[105.7551,10.047],[105.7591,10.0452],[105.76,10.047],[105.7672,10.0504],[105.7696,10.051],[105.7714,10.0541],[105.7744,10.0565],[105.7704,10.0615],[105.7754,10.0662],[105.7778,10.0678],[105.7794,10.0709]]]},"properties":{"ma_xa":"31168","ten_xa":"Bình Thủy","sap_nhap":"An Thới, Bình Thủy, Bùi Hữu Nghĩa (1 phần)","tru_so":"đang cập nhật","loai":"Phường","cap":2,"stt":6,"dtich_km2":15.17,"dan_so":62483,"matdo_km2":4118.85,"ma_tinh":"92","ten_tinh":"Cần Thơ"}},
{"type":"Feature","geometry":{"type":"Polygon","coordinates":[[[105.7961,10.0525],[105.791,10.0598],[105.7843,10.0675],[105.7794,10.0709],[105.7778,10.0678],[105.7754,10.0662],[105.7704,10.0615],[105.7744,10.0565],[105.7714,10.0541],[105.7696,10.051],[105.7672,10.0504],[105.76,10.047],[105.7591,10.0452],[105.7551,10.047],[105.7548,10.0453],[105.7582,10.0437],[105.7608,10.045],[105.7627,10.0443],[105.7668,10.0399],[105.7692,10.0385],[105.7721,10.0394],[105.7729,10.043],[105.7778,10.0476],[105.7833,10.0421],[105.7851,10.0429],[105.7922,10.036],[105.7964,10.0402],[105.8004,10.0468],[105.7985,10.0492],[105.7961,10.0525]]]},"properties":{"ma_xa":"31120","ten_xa":"Cái Khế","sap_nhap":"An Hòa, Cái Khế, Bùi Hữu Nghĩa (1 phần)","tru_so":"đang cập nhật","loai":"Phường","cap":2,"stt":2,"dtich_km2":10.04,"dan_so":57688,"matdo_km2":5745.82,"ma_tinh":"92","ten_tinh":"Cần Thơ"}},
{"type":"Feature","geometry":{"type":"Polygon","coordinates":[[[105.7733,9.9554],[105.7726,9.9638],[105.7706,9.9674],[105.7698,9.9709],[105.767,9.9745],[105.771,9.9794],[105.7734,9.9863],[105.7768,9.9863],[105.7802,9.9883],[105.7819,9.9866],[105.786,9.9862],[105.7902,9.9886],[105.7924,9.9937],[105.7916,9.9962],[105.7945,9.9982],[105.7915,10.0021],[105.7937,10.0042],[105.7909,10.0072],[105.7922,10.0088],[105.7942,10.0142],[105.7901,10.0167],[105.7835,10.0123],[105.774,10.0169],[105.7726,10.0134],[105.7673,10.0072],[105.7638,10.0061],[105.7561,10.0086],[105.7539,10.0083],[105.7468,10.0057],[105.7451,10.0041],[105.7425,9.9969],[105.7396,9.9943],[105.7365,9.9904],[105.7369,9.9884],[105.7337,9.9876],[105.731,9.9799],[105.7285,9.9782],[105.7249,9.9801],[105.7234,9.9755],[105.7273,9.9733],[105.7291,9.9713],[105.7365,9.9686],[105.7384,9.9693],[105.7417,9.9671],[105.7475,9.9635],[105.7594,9.958],[105.7625,9.9586],[105.7645,9.957],[105.771,9.9562],[105.7733,9.9554]]]},"properties":{"ma_xa":"31186","ten_xa":"Cái Răng","sap_nhap":"Lê Bình, Thường Thạnh, Ba Láng, Hưng Thạnh","tru_so":"đang cập nhật","loai":"Phường","cap":2,"stt":8,"dtich_km2":26.88,"dan_so":71106,"matdo_km2":2645.31,"ma_tinh":"92","ten_tinh":"Cần Thơ"}},
{"type":"Feature","geometry":{"type":"Polygon","coordinates":[[[105.8968,9.938],[105.8851,9.9461],[105.8768,9.9523],[105.8694,9.9584],[105.8535,9.9724],[105.8468,9.9799],[105.8441,9.9825],[105.8386,9.9785],[105.8349,9.9779],[105.8308,9.9757],[105.8281,9.9723],[105.8218,9.9682],[105.8186,9.9651],[105.8114,9.9638],[105.8106,9.9603],[105.8069,9.9551],[105.804,9.9539],[105.8019,9.9487],[105.7978,9.9463],[105.7976,9.9426],[105.795,9.9434],[105.7878,9.9411],[105.7892,9.9383],[105.7948,9.9376],[105.7954,9.934],[105.7911,9.9258],[105.7912,9.922],[105.7854,9.9197],[105.7879,9.9144],[105.7898,9.9129],[105.7905,9.9046],[105.7981,9.9058],[105.8066,9.9078],[105.8075,9.9049],[105.814,9.9024],[105.8149,9.906],[105.819,9.909],[105.821,9.9086],[105.8234,9.9166],[105.8168,9.9189],[105.8158,9.9218],[105.8183,9.9277],[105.8303,9.9369],[105.8337,9.9406],[105.8379,9.9469],[105.8505,9.9346],[105.8556,9.9311],[105.8594,9.9276],[105.8625,9.9292],[105.8664,9.9203],[105.8682,9.9203],[105.8709,9.9228],[105.8734,9.9214],[105.8754,9.9233],[105.8802,9.9216],[105.8837,9.9245],[105.8831,9.9278],[105.8881,9.928],[105.891,9.9295],[105.8944,9.9339],[105.8968,9.938]]]},"properties":{"ma_xa":"31366","ten_xa":"Châu Thành","sap_nhap":"Mái Dầm (thị trấn), Ngã Sáu (thị trấn), Đông Phú","tru_so":"đang cập nhật","loai":"Xã","cap":2,"stt":49,"dtich_km2":47.71,"dan_so":39104,"matdo_km2":819.62,"ma_tinh":"92","ten_tinh":"Cần Thơ"}},
{"type":"Feature","geometry":{"type":"Polygon","coordinates":[[[105.4436,10.1062],[105.432,10.113],[105.4296,10.1109],[105.4304,10.1075],[105.4262,10.1061],[105.4265,10.1047],[105.4179,10.1015],[105.4196,10.0932],[105.3647,10.0735],[105.3645,10.0733],[105.3648,10.0729],[105.3689,10.0695],[105.3982,10.0426],[105.4026,10.0398],[105.4179,10.0252],[105.4298,10.0318],[105.4492,10.0659],[105.4415,10.0789],[105.4453,10.0848],[105.4416,10.0857],[105.4439,10.094],[105.4429,10.0942],[105.4506,10.104],[105.4436,10.1062]]]},"properties":{"ma_xa":"31261","ten_xa":"Cờ Đỏ","sap_nhap":"Cờ Đỏ (thị trấn), Thới Đông, Thới Xuân","tru_so":"đang cập nhật","loai":"Xã","cap":2,"stt":24,"dtich_km2":44.59,"dan_so":42176,"matdo_km2":945.86,"ma_tinh":"92","ten_tinh":"Cần Thơ"}},
{"type":"Feature","geometry":{"type":"Polygon","coordinates":[[[106.2497,9.6151],[106.2406,9.6077],[106.235,9.6022],[106.2318,9.5998],[106.2287,9.5994],[106.2253,9.601],[106.2124,9.6139],[106.2069,9.6187],[106.1999,9.624],[106.1939,9.6306],[106.1842,9.6449],[106.181,9.6479],[106.1712,9.6554],[106.1647,9.6621],[106.1546,9.6548],[106.1512,9.6568],[106.147,9.656],[106.1404,9.6582],[106.1373,9.6534],[106.1375,9.6483],[106.1363,9.6415],[106.1414,9.6348],[106.1482,9.624],[106.1535,9.6166],[106.1672,9.6009],[106.1738,9.5926],[106.1839,9.5791],[106.1893,9.5708],[106.1933,9.5634],[106.1982,9.5532],[106.2022,9.5431],[106.2059,9.536],[106.2101,9.5257],[106.2153,9.5157],[106.2195,9.5055],[106.2272,9.509],[106.2336,9.4931],[106.2363,9.4901],[106.2402,9.4898],[106.2485,9.4926],[106.2586,9.4995],[106.2642,9.5038],[106.2682,9.5079],[106.2759,9.5206],[106.2771,9.521],[106.2814,9.5312],[106.2859,9.5405],[106.2894,9.5497],[106.2903,9.5564],[106.2926,9.5637],[106.2931,9.5665],[106.2931,9.5758],[106.2895,9.5791],[106.2982,9.5885],[106.2827,9.5974],[106.2733,9.6037],[106.2607,9.61],[106.2497,9.6151]]]},"properties":{"ma_xa":"31633","ten_xa":"Cù Lao Dung","sap_nhap":"An Thạnh 2, Đại Ân 1, An Thạnh 3, An Thạnh Nam","tru_so":"đang cập nhật","loai":"Xã","cap":2,"stt":103,"dtich_km2":150.13,"dan_so":44937,"matdo_km2":299.32,"ma_tinh":"92","ten_tinh":"Cần Thơ"}},
{"type":"Feature","geometry":{"type":"Polygon","coordinates":[[[105.9153,9.8119],[105.9148,9.8203],[105.9167,9.8214],[105.9155,9.8283],[105.9132,9.8318],[105.9117,9.8377],[105.9128,9.8389],[105.9089,9.8426],[105.903,9.8446],[105.8996,9.8464],[105.8998,9.8508],[105.8971,9.8559],[105.895,9.8573],[105.8913,9.8554],[105.8838,9.8545],[105.8843,9.8511],[105.8787,9.8506],[105.8754,9.8457],[105.8739,9.8462],[105.8717,9.8407],[105.8666,9.8416],[105.8578,9.845],[105.8562,9.8409],[105.8531,9.8247],[105.8514,9.8196],[105.8485,9.8072],[105.8553,9.8055],[105.8534,9.8013],[105.8485,9.7766],[105.8448,9.7641],[105.8439,9.7585],[105.8435,9.7522],[105.8624,9.7523],[105.8663,9.7508],[105.8755,9.7512],[105.876,9.7459],[105.8884,9.7464],[105.8991,9.7447],[105.9016,9.752],[105.9027,9.7591],[105.9097,9.786],[105.9085,9.7891],[105.9099,9.8009],[105.9097,9.8095],[105.9153,9.8119]]]},"properties":{"ma_xa":"31561","ten_xa":"Đại Hải","sap_nhap":"Ba Trinh, Đại Hải","tru_so":"đang cập nhật","loai":"Xã","cap":2,"stt":77,"dtich_km2":70.52,"dan_so":43579,"matdo_km2":617.97,"ma_tinh":"92","ten_tinh":"Cần Thơ"}},
{"type":"Feature","geometry":{"type":"Polygon","coordinates":[[[106.0807,9.7404],[106.0702,9.7358],[106.0681,9.7399],[106.0615,9.7387],[106.0588,9.7418],[106.0571,9.7415],[106.0542,9.743],[106.0497,9.7416],[106.0465,9.742],[106.0341,9.7418],[106.0328,9.7377],[106.0275,9.7307],[106.0396,9.734],[106.0479,9.7296],[106.052,9.7257],[106.0536,9.7232],[106.0566,9.7208],[106.0615,9.7185],[106.065,9.7161],[106.0632,9.7109],[106.0628,9.7068],[106.0616,9.7051],[106.0559,9.7015],[106.0551,9.6984],[106.0599,9.6965],[106.0662,9.6982],[106.0676,9.697],[106.0699,9.6925],[106.0658,9.687],[106.0654,9.6855],[106.0697,9.6785],[106.0693,9.6765],[106.0622,9.6724],[106.063,9.6693],[106.0658,9.6655],[106.0657,9.6633],[106.0682,9.662],[106.0695,9.6667],[106.0748,9.6668],[106.0747,9.6683],[106.0773,9.6739],[106.0887,9.6746],[106.0892,9.6724],[106.0918,9.6718],[106.0953,9.6619],[106.0971,9.659],[106.1019,9.6544],[106.1029,9.6521],[106.1068,9.6528],[106.1079,9.6508],[106.1124,9.6538],[106.1214,9.6566],[106.1135,9.6696],[106.1054,9.6869],[106.0992,9.7021],[106.0955,9.7123],[106.0932,9.7177],[106.0807,9.7404]]]},"properties":{"ma_xa":"31645","ten_xa":"Đại Ngãi","sap_nhap":"Đại Ngãi (thị trấn), Long Đức","tru_so":"đang cập nhật","loai":"Xã","cap":2,"stt":69,"dtich_km2":37.67,"dan_so":24532,"matdo_km2":651.23,"ma_tinh":"92","ten_tinh":"Cần Thơ"}},
{"type":"Feature","geometry":{"type":"Polygon","coordinates":[[[105.8671,9.8705],[105.8646,9.8712],[105.8619,9.8695],[105.8611,9.8665],[105.8577,9.8669],[105.8556,9.8683],[105.8516,9.8683],[105.847,9.8699],[105.8452,9.8724],[105.8365,9.8734],[105.8283,9.8749],[105.8302,9.8805],[105.8256,9.8826],[105.8165,9.8826],[105.8112,9.8811],[105.8102,9.8779],[105.8119,9.8766],[105.8116,9.8717],[105.8102,9.8627],[105.8075,9.8643],[105.8009,9.8666],[105.7976,9.8664],[105.7961,9.8688],[105.794,9.8667],[105.7927,9.863],[105.79,9.8599],[105.7889,9.8572],[105.7817,9.8557],[105.7743,9.8513],[105.7745,9.8498],[105.7686,9.8504],[105.7674,9.8378],[105.7666,9.8332],[105.7703,9.8255],[105.7782,9.8289],[105.7798,9.825],[105.782,9.824],[105.7875,9.8248],[105.7884,9.8238],[105.7928,9.8245],[105.7979,9.824],[105.7991,9.8216],[105.8027,9.8194],[105.8049,9.8168],[105.8078,9.8169],[105.8116,9.821],[105.8064,9.8268],[105.8145,9.8298],[105.8166,9.8302],[105.82,9.8289],[105.8325,9.8138],[105.8334,9.8113],[105.8325,9.8067],[105.8534,9.8013],[105.8553,9.8055],[105.8485,9.8072],[105.8514,9.8196],[105.8531,9.8247],[105.8562,9.8409],[105.8578,9.845],[105.861,9.8532],[105.8634,9.8525],[105.8671,9.8705]]]},"properties":{"ma_xa":"31411","ten_xa":"Đại Thành","sap_nhap":"Hiệp Lợi, Tân Thành, Đại Thành","tru_so":"đang cập nhật","loai":"Phường","cap":2,"stt":52,"dtich_km2":53,"dan_so":34594,"matdo_km2":652.72,"ma_tinh":"92","ten_tinh":"Cần Thơ"}},
{"type":"Feature","geometry":{"type":"Polygon","coordinates":[[[105.5643,10.0819],[105.5626,10.085],[105.5591,10.0998],[105.5551,10.1092],[105.5252,10.0877],[105.5175,10.0893],[105.5172,10.0875],[105.5071,10.0896],[105.4963,10.0915],[105.4738,10.0978],[105.4506,10.104],[105.4429,10.0942],[105.4439,10.094],[105.4416,10.0857],[105.4453,10.0848],[105.4415,10.0789],[105.4492,10.0659],[105.4522,10.0609],[105.4911,10.0642],[105.485,10.0534],[105.4941,10.0596],[105.5195,10.0566],[105.522,10.0565],[105.518,10.0648],[105.5247,10.0645],[105.5321,10.0619],[105.5418,10.066],[105.5452,10.0693],[105.5421,10.0701],[105.5422,10.0745],[105.5496,10.0745],[105.551,10.0735],[105.5557,10.075],[105.5588,10.0749],[105.5584,10.0777],[105.5592,10.0805],[105.5643,10.0819]]]},"properties":{"ma_xa":"31273","ten_xa":"Đông Hiệp","sap_nhap":"Đông Thắng, Xuân Thắng, Đông Hiệp","tru_so":"đang cập nhật","loai":"Xã","cap":2,"stt":25,"dtich_km2":46.25,"dan_so":22762,"matdo_km2":492.15,"ma_tinh":"92","ten_tinh":"Cần Thơ"}},
{"type":"Feature","geometry":{"type":"Polygon","coordinates":[[[105.7733,9.9554],[105.771,9.9562],[105.7645,9.957],[105.7625,9.9586],[105.7594,9.958],[105.7475,9.9635],[105.7417,9.9671],[105.7428,9.9605],[105.7416,9.9576],[105.7371,9.9533],[105.7344,9.9478],[105.735,9.9449],[105.7321,9.9417],[105.7289,9.94],[105.7272,9.9365],[105.7225,9.9344],[105.7219,9.9333],[105.724,9.9297],[105.7217,9.9228],[105.7333,9.9178],[105.7469,9.9116],[105.7503,9.9119],[105.7543,9.9093],[105.7539,9.9059],[105.7564,9.9063],[105.7567,9.9025],[105.7596,9.8977],[105.7647,9.8942],[105.7697,9.893],[105.7693,9.8996],[105.7684,9.9035],[105.7704,9.9042],[105.7726,9.9023],[105.775,9.9053],[105.7786,9.9058],[105.7798,9.9096],[105.7868,9.9148],[105.7879,9.9144],[105.7854,9.9197],[105.7912,9.922],[105.7911,9.9258],[105.7954,9.934],[105.7948,9.9376],[105.7892,9.9383],[105.7878,9.9411],[105.795,9.9434],[105.7976,9.9426],[105.7978,9.9463],[105.8019,9.9487],[105.804,9.9539],[105.8069,9.9551],[105.8106,9.9603],[105.8114,9.9638],[105.7794,9.9579],[105.7778,9.9577],[105.7762,9.9544],[105.7733,9.9554]]]},"properties":{"ma_xa":"31369","ten_xa":"Đông Phước","sap_nhap":"Cái Tắc (thị trấn), Đông Thạnh, Đông Phước A","tru_so":"đang cập nhật","loai":"Xã","cap":2,"stt":50,"dtich_km2":40,"dan_so":40105,"matdo_km2":1002.63,"ma_tinh":"92","ten_tinh":"Cần Thơ"}},
{"type":"Feature","geometry":{"type":"Polygon","coordinates":[[[105.4941,10.0596],[105.485,10.0534],[105.4911,10.0642],[105.4522,10.0609],[105.4492,10.0659],[105.4298,10.0318],[105.4179,10.0252],[105.4442,10.0005],[105.45,9.9949],[105.4654,9.9808],[105.4785,9.969],[105.479,9.9686],[105.4887,9.9896],[105.4926,9.9972],[105.4951,10.0004],[105.5079,10.0289],[105.5129,10.0396],[105.5079,10.0482],[105.5073,10.0479],[105.4912,10.0488],[105.4914,10.0531],[105.4963,10.0565],[105.4941,10.0596]]]},"properties":{"ma_xa":"31282","ten_xa":"Đông Thuận","sap_nhap":"Đông Bình, Đông Thuận","tru_so":"đang cập nhật","loai":"Xã","cap":2,"stt":21,"dtich_km2":60.89,"dan_so":24586,"matdo_km2":403.78,"ma_tinh":"92","ten_tinh":"Cần Thơ"}},
{"type":"Feature","geometry":{"type":"Polygon","coordinates":[[[105.8163,9.484],[105.8153,9.4882],[105.8166,9.4885],[105.8157,9.493],[105.7948,9.488],[105.7866,9.4854],[105.7783,9.4833],[105.7785,9.4765],[105.7758,9.4705],[105.7749,9.4656],[105.7733,9.4643],[105.7745,9.4605],[105.7644,9.46],[105.7657,9.4558],[105.7619,9.4565],[105.7625,9.4524],[105.7606,9.4524],[105.7617,9.4494],[105.762,9.4426],[105.7582,9.4423],[105.7568,9.4408],[105.7576,9.4381],[105.7551,9.4374],[105.7534,9.4335],[105.7551,9.4288],[105.7576,9.4272],[105.7599,9.4276],[105.7636,9.4248],[105.7652,9.4222],[105.7671,9.4244],[105.7694,9.4228],[105.7708,9.4188],[105.7687,9.4177],[105.7661,9.4142],[105.7668,9.411],[105.769,9.4091],[105.7719,9.4114],[105.7763,9.4049],[105.7816,9.4075],[105.7859,9.4029],[105.7864,9.4006],[105.7838,9.4],[105.7773,9.3936],[105.7845,9.3846],[105.7855,9.3827],[105.7892,9.3841],[105.7908,9.383],[105.79,9.3804],[105.7925,9.3776],[105.7964,9.3772],[105.7997,9.3745],[105.8058,9.376],[105.8088,9.3716],[105.8117,9.3705],[105.8168,9.3702],[105.8174,9.3736],[105.8154,9.374],[105.8135,9.3766],[105.8146,9.3778],[105.8194,9.3795],[105.8202,9.3832],[105.8223,9.3856],[105.821,9.3901],[105.8214,9.3943],[105.8265,9.3926],[105.8291,9.3903],[105.834,9.393],[105.8353,9.3988],[105.8318,9.3988],[105.8323,9.4015],[105.8365,9.4009],[105.8392,9.4032],[105.8382,9.4062],[105.8359,9.4255],[105.8365,9.4286],[105.8399,9.4298],[105.8425,9.4321],[105.8458,9.4326],[105.8461,9.4348],[105.8435,9.4355],[105.8429,9.4375],[105.8399,9.4399],[105.8401,9.4434],[105.8426,9.4509],[105.8399,9.4515],[105.8341,9.4464],[105.8283,9.438],[105.8252,9.4377],[105.8239,9.4413],[105.8217,9.4425],[105.823,9.4486],[105.8247,9.4509],[105.8216,9.4518],[105.821,9.4533],[105.8228,9.4571],[105.8215,9.4602],[105.8189,9.4623],[105.8212,9.4674],[105.8185,9.471],[105.8163,9.484]]]},"properties":{"ma_xa":"31726","ten_xa":"Gia Hòa","sap_nhap":"Thạnh Quới, Gia Hòa 2","tru_so":"đang cập nhật","loai":"Xã","cap":2,"stt":65,"dtich_km2":77.06,"dan_so":40135,"matdo_km2":520.83,"ma_tinh":"92","ten_tinh":"Cần Thơ"}},
{"type":"Feature","geometry":{"type":"Polygon","coordinates":[[[105.7889,9.7976],[105.7794,9.7942],[105.776,9.7934],[105.7737,9.7973],[105.7671,9.7985],[105.7666,9.7997],[105.7679,9.8072],[105.7488,9.8048],[105.7359,9.8001],[105.7254,9.7933],[105.7204,9.801],[105.7028,9.7895],[105.6829,9.7769],[105.6945,9.7644],[105.7072,9.751],[105.721,9.7249],[105.727,9.7146],[105.7365,9.72],[105.7359,9.7234],[105.7604,9.7385],[105.7614,9.737],[105.7692,9.7421],[105.7726,9.7435],[105.7786,9.7567],[105.7835,9.7665],[105.7972,9.7959],[105.7992,9.8012],[105.7889,9.7976]]]},"properties":{"ma_xa":"31396","ten_xa":"Hiệp Hưng","sap_nhap":"Cây Dương (thị trấn), Hiệp Hưng","tru_so":"đang cập nhật","loai":"Xã","cap":2,"stt":58,"dtich_km2":69.25,"dan_so":33514,"matdo_km2":483.96,"ma_tinh":"92","ten_tinh":"Cần Thơ"}},
{"type":"Feature","geometry":{"type":"Polygon","coordinates":[[[105.8991,9.7447],[105.8884,9.7464],[105.876,9.7459],[105.8755,9.7512],[105.8663,9.7508],[105.8624,9.7523],[105.8435,9.7522],[105.8434,9.7488],[105.8364,9.7434],[105.8342,9.7423],[105.8,9.7218],[105.7991,9.7196],[105.8063,9.7175],[105.84,9.7054],[105.8402,9.7018],[105.8293,9.7054],[105.8291,9.7001],[105.827,9.6917],[105.8313,9.69],[105.829,9.678],[105.8282,9.6711],[105.8251,9.6733],[105.8235,9.6715],[105.8235,9.6676],[105.8281,9.6679],[105.8279,9.6619],[105.8292,9.6571],[105.8319,9.6604],[105.8385,9.6622],[105.8416,9.654],[105.8474,9.6562],[105.8594,9.6536],[105.8658,9.6532],[105.8676,9.6523],[105.8687,9.6546],[105.8723,9.6558],[105.8763,9.6585],[105.8829,9.6642],[105.8863,9.6726],[105.8827,9.6748],[105.8793,9.6759],[105.8769,9.6784],[105.8676,9.6806],[105.8865,9.6964],[105.8912,9.7004],[105.8929,9.711],[105.9037,9.7257],[105.9012,9.7278],[105.9026,9.7346],[105.8972,9.7371],[105.8991,9.7447]]]},"properties":{"ma_xa":"31570","ten_xa":"Hồ Đắc Kiện","sap_nhap":"Thiện Mỹ, Hồ Đắc Kiện","tru_so":"đang cập nhật","loai":"Xã","cap":2,"stt":81,"dtich_km2":72.61,"dan_so":31322,"matdo_km2":431.37,"ma_tinh":"92","ten_tinh":"Cần Thơ"}},
{"type":"Feature","geometry":{"type":"Polygon","coordinates":[[[105.6151,9.74],[105.6268,9.7473],[105.6375,9.7543],[105.6414,9.7546],[105.6414,9.7561],[105.6491,9.7559],[105.6495,9.7498],[105.649,9.7481],[105.6529,9.7471],[105.657,9.7511],[105.661,9.751],[105.6634,9.7522],[105.6628,9.7555],[105.6647,9.7575],[105.6666,9.7564],[105.6727,9.759],[105.679,9.757],[105.6907,9.7628],[105.6945,9.7644],[105.6829,9.7769],[105.6492,9.8127],[105.626,9.8338],[105.6068,9.8023],[105.5891,9.7767],[105.595,9.7685],[105.5926,9.7615],[105.5926,9.7589],[105.5902,9.7559],[105.591,9.7531],[105.5955,9.7515],[105.6026,9.7534],[105.6089,9.7517],[105.61,9.7482],[105.6119,9.7452],[105.6116,9.7423],[105.6151,9.74]]]},"properties":{"ma_xa":"31393","ten_xa":"Hòa An","sap_nhap":"Kinh Cùng (thị trấn), Hòa An","tru_so":"đang cập nhật","loai":"Xã","cap":2,"stt":55,"dtich_km2":61.62,"dan_so":32937,"matdo_km2":534.52,"ma_tinh":"92","ten_tinh":"Cần Thơ"}},
{"type":"Feature","geometry":{"type":"Polygon","coordinates":[[[105.4594,9.7379],[105.4518,9.7437],[105.4536,9.7574],[105.4395,9.7504],[105.4335,9.7498],[105.4249,9.7456],[105.4169,9.7442],[105.4153,9.7447],[105.4152,9.7498],[105.4131,9.7509],[105.4103,9.7479],[105.4085,9.748],[105.4044,9.7508],[105.3975,9.7461],[105.3933,9.7441],[105.3927,9.7386],[105.3918,9.7368],[105.3871,9.7344],[105.3794,9.7331],[105.3749,9.7315],[105.3701,9.728],[105.3654,9.7218],[105.36,9.7154],[105.3568,9.7126],[105.3464,9.7079],[105.3392,9.7038],[105.3306,9.7025],[105.328,9.7008],[105.3284,9.6983],[105.334,9.6933],[105.3343,9.6899],[105.3377,9.688],[105.3388,9.6807],[105.3423,9.6797],[105.3458,9.6809],[105.3465,9.6823],[105.3459,9.6886],[105.3494,9.6896],[105.3522,9.6855],[105.3542,9.6845],[105.3617,9.6854],[105.3667,9.6872],[105.3725,9.6919],[105.3757,9.693],[105.3778,9.6916],[105.3785,9.6849],[105.3812,9.6831],[105.3831,9.6844],[105.3883,9.6949],[105.3922,9.6995],[105.3947,9.7012],[105.3986,9.7014],[105.4013,9.6988],[105.4011,9.6961],[105.3994,9.6925],[105.4015,9.6895],[105.4051,9.6893],[105.4076,9.6915],[105.4074,9.6969],[105.4107,9.6997],[105.4154,9.6994],[105.4216,9.6949],[105.4238,9.6946],[105.4281,9.6965],[105.4294,9.6993],[105.4263,9.704],[105.4261,9.7069],[105.4286,9.7092],[105.4313,9.7099],[105.4341,9.7081],[105.4349,9.7028],[105.4388,9.7012],[105.4421,9.702],[105.4434,9.7037],[105.4424,9.7101],[105.4454,9.713],[105.4481,9.7131],[105.4508,9.7118],[105.4532,9.7132],[105.4556,9.72],[105.4579,9.7229],[105.4601,9.731],[105.4575,9.7333],[105.4574,9.7355],[105.4594,9.7379]]]},"properties":{"ma_xa":"31338","ten_xa":"Hỏa Lựu","sap_nhap":"Tân Tiến, Hỏa Tiến, Hỏa Lựu","tru_so":"đang cập nhật","loai":"Xã","cap":2,"stt":33,"dtich_km2":59.68,"dan_so":24095,"matdo_km2":403.74,"ma_tinh":"92","ten_tinh":"Cần Thơ"}},
{"type":"Feature","geometry":{"type":"Polygon","coordinates":[[[105.8994,9.4829],[105.8933,9.4846],[105.8878,9.4852],[105.8816,9.4835],[105.8764,9.4832],[105.874,9.4815],[105.8697,9.4771],[105.866,9.4767],[105.8618,9.4749],[105.8616,9.4709],[105.8639,9.4702],[105.8691,9.4619],[105.8695,9.4585],[105.8711,9.4565],[105.8745,9.4544],[105.8755,9.4521],[105.8791,9.4483],[105.883,9.4398],[105.8801,9.4392],[105.876,9.4313],[105.8774,9.4297],[105.8734,9.4271],[105.8736,9.4238],[105.8694,9.4204],[105.8655,9.4158],[105.8662,9.4121],[105.8592,9.4011],[105.8563,9.3879],[105.8553,9.3848],[105.8562,9.3818],[105.8529,9.38],[105.8541,9.3756],[105.8571,9.3732],[105.8567,9.368],[105.8577,9.3658],[105.8605,9.3641],[105.8589,9.3598],[105.8634,9.3577],[105.866,9.354],[105.8679,9.3528],[105.8733,9.3562],[105.8795,9.3576],[105.8839,9.36],[105.8893,9.366],[105.8913,9.3672],[105.8978,9.3681],[105.9025,9.3712],[105.9073,9.3719],[105.9122,9.3748],[105.9232,9.3748],[105.9244,9.3755],[105.9277,9.3804],[105.9322,9.385],[105.9295,9.3884],[105.9276,9.3865],[105.9237,9.3895],[105.9193,9.3914],[105.9175,9.3938],[105.9122,9.3952],[105.9059,9.4063],[105.903,9.4096],[105.9043,9.4159],[105.9074,9.4178],[105.9087,9.4214],[105.9082,9.4231],[105.9045,9.4258],[105.9079,9.4273],[105.9166,9.4296],[105.9164,9.4343],[105.9139,9.4364],[105.9112,9.4475],[105.9065,9.4476],[105.9033,9.4507],[105.9096,9.4632],[105.9129,9.4638],[105.9155,9.4704],[105.9135,9.4717],[105.9142,9.4765],[105.9115,9.4778],[105.9122,9.4796],[105.9105,9.4814],[105.9082,9.4778],[105.9057,9.4768],[105.9028,9.4787],[105.9012,9.482],[105.8994,9.4829]]]},"properties":{"ma_xa":"31717","ten_xa":"Hòa Tú","sap_nhap":"Hòa Tú 1, Hòa Tú 2","tru_so":"đang cập nhật","loai":"Xã","cap":2,"stt":64,"dtich_km2":67.15,"dan_so":24499,"matdo_km2":364.84,"ma_tinh":"92","ten_tinh":"Cần Thơ"}},
{"type":"Feature","geometry":{"type":"Polygon","coordinates":[[[105.8336,9.9958],[105.8305,9.999],[105.8264,10.0052],[105.8205,10.012],[105.8153,10.0271],[105.8135,10.0302],[105.8004,10.0468],[105.7964,10.0402],[105.7922,10.036],[105.7898,10.0337],[105.7881,10.0273],[105.7864,10.0255],[105.7835,10.0245],[105.7767,10.0239],[105.7745,10.022],[105.7742,10.0199],[105.774,10.0169],[105.7835,10.0123],[105.7901,10.0167],[105.7942,10.0142],[105.7922,10.0088],[105.7909,10.0072],[105.7937,10.0042],[105.7915,10.0021],[105.7945,9.9982],[105.7916,9.9962],[105.7924,9.9937],[105.7902,9.9886],[105.786,9.9862],[105.7819,9.9866],[105.7802,9.9883],[105.7768,9.9863],[105.7734,9.9863],[105.771,9.9794],[105.767,9.9745],[105.7698,9.9709],[105.7706,9.9674],[105.7726,9.9638],[105.7733,9.9554],[105.7762,9.9544],[105.7778,9.9577],[105.7794,9.9579],[105.8114,9.9638],[105.8186,9.9651],[105.8218,9.9682],[105.8281,9.9723],[105.8308,9.9757],[105.8349,9.9779],[105.8386,9.9785],[105.8441,9.9825],[105.8336,9.9958]]]},"properties":{"ma_xa":"31201","ten_xa":"Hưng Phú","sap_nhap":"Tân Phú, Phú Thứ, Hưng Phú","tru_so":"đang cập nhật","loai":"Phường","cap":2,"stt":9,"dtich_km2":40.93,"dan_so":58543,"matdo_km2":1430.32,"ma_tinh":"92","ten_tinh":"Cần Thơ"}},
{"type":"Feature","geometry":{"type":"Polygon","coordinates":[[[105.9984,9.78],[105.9849,9.7791],[105.9823,9.7801],[105.9781,9.7794],[105.9744,9.7797],[105.9744,9.7814],[105.9664,9.781],[105.965,9.7869],[105.9637,9.787],[105.9607,9.7928],[105.9623,9.7975],[105.956,9.8034],[105.9501,9.8013],[105.942,9.8017],[105.9398,9.8095],[105.9373,9.8161],[105.9302,9.8147],[105.9308,9.8132],[105.9271,9.812],[105.9153,9.8119],[105.9097,9.8095],[105.9099,9.8009],[105.9085,9.7891],[105.9097,9.786],[105.9027,9.7591],[105.9016,9.752],[105.9055,9.749],[105.9098,9.744],[105.9137,9.7374],[105.9159,9.7364],[105.9217,9.7366],[105.9246,9.7377],[105.9312,9.7374],[105.9343,9.7365],[105.9372,9.7371],[105.9407,9.7362],[105.9471,9.736],[105.9503,9.74],[105.9647,9.74],[105.9702,9.7397],[105.9732,9.737],[105.9819,9.7555],[105.9887,9.7562],[105.9924,9.7596],[105.995,9.7601],[105.9965,9.7567],[105.9993,9.7528],[106.0016,9.754],[106.0016,9.7571],[106.0002,9.7673],[106.0009,9.7707],[105.9984,9.78]]]},"properties":{"ma_xa":"31528","ten_xa":"Kế Sách","sap_nhap":"Kế Sách (thị trấn), Kế An, Kế Thành","tru_so":"đang cập nhật","loai":"Xã","cap":2,"stt":75,"dtich_km2":61.58,"dan_so":43332,"matdo_km2":703.67,"ma_tinh":"92","ten_tinh":"Cần Thơ"}},
{"type":"Feature","geometry":{"type":"Polygon","coordinates":[[[106.1287,9.414],[106.1191,9.4204],[106.1135,9.4236],[106.1091,9.4298],[106.1059,9.4322],[106.0985,9.4338],[106.0901,9.4378],[106.0836,9.4428],[106.0801,9.4449],[106.0735,9.447],[106.07,9.4489],[106.0654,9.4526],[106.0635,9.4533],[106.0588,9.4533],[106.0516,9.4494],[106.0487,9.4485],[106.0466,9.4484],[106.0416,9.4512],[106.0391,9.4513],[106.0366,9.45],[106.0295,9.4441],[106.0245,9.4376],[106.0184,9.4327],[106.0162,9.4318],[106.01,9.434],[106.0041,9.4338],[106.0002,9.4315],[105.9973,9.4284],[105.993,9.4256],[105.9892,9.4245],[105.9842,9.4249],[105.9783,9.4284],[105.9741,9.4281],[105.9708,9.424],[105.9651,9.4227],[105.9571,9.4187],[105.9529,9.4172],[105.9514,9.4147],[105.9514,9.4103],[105.9494,9.4067],[105.9475,9.4058],[105.9384,9.4057],[105.9354,9.4015],[105.9329,9.4],[105.93,9.4],[105.9286,9.3978],[105.9319,9.3954],[105.9324,9.3937],[105.9283,9.3908],[105.9295,9.3884],[105.9322,9.385],[105.9277,9.3804],[105.9244,9.3755],[105.9232,9.3748],[105.9268,9.3723],[105.9258,9.3703],[105.9276,9.3686],[105.9279,9.3632],[105.9308,9.3605],[105.934,9.3536],[105.9315,9.3481],[105.9358,9.3431],[105.9413,9.3436],[105.9462,9.343],[105.9467,9.3407],[105.9492,9.3407],[105.9532,9.3385],[105.9565,9.3384],[105.9622,9.3413],[105.9712,9.3415],[105.9726,9.354],[105.9773,9.3542],[105.9865,9.3557],[105.9966,9.3607],[106.005,9.3636],[106.0136,9.3802],[106.015,9.3817],[106.0219,9.3831],[106.0239,9.3809],[106.0313,9.381],[106.0352,9.3844],[106.0372,9.3814],[106.0397,9.3834],[106.0426,9.3837],[106.0425,9.3869],[106.0461,9.3893],[106.0505,9.3903],[106.0528,9.3889],[106.0547,9.3912],[106.0563,9.3898],[106.0596,9.3905],[106.0627,9.3927],[106.0592,9.3989],[106.0596,9.4014],[106.0637,9.4039],[106.0683,9.4031],[106.07,9.4054],[106.073,9.4037],[106.0764,9.4055],[106.0776,9.4038],[106.0826,9.4038],[106.0826,9.4064],[106.0855,9.4079],[106.0863,9.4042],[106.0929,9.4065],[106.0952,9.4065],[106.0987,9.4048],[106.1024,9.4049],[106.1077,9.4028],[106.11,9.4063],[106.1122,9.4037],[106.1145,9.4036],[106.1145,9.4072],[106.1163,9.4081],[106.1181,9.405],[106.1213,9.4037],[106.1221,9.4053],[106.1207,9.4091],[106.1259,9.4104],[106.1287,9.414]]]},"properties":{"ma_xa":"31789","ten_xa":"Khánh Hòa","sap_nhap":"Khánh Hòa, Vĩnh Hiệp, Hòa Đông","tru_so":"đang cập nhật","loai":"Phường","cap":2,"stt":90,"dtich_km2":130.48,"dan_so":37634,"matdo_km2":288.43,"ma_tinh":"92","ten_tinh":"Cần Thơ"}},
{"type":"Feature","geometry":{"type":"Polygon","coordinates":[[[105.8812,9.2668],[105.877,9.2793],[105.8759,9.281],[105.8741,9.2924],[105.8699,9.2925],[105.8676,9.3022],[105.8655,9.3065],[105.8647,9.3147],[105.861,9.323],[105.8569,9.3299],[105.85,9.3484],[105.8466,9.3541],[105.8305,9.3487],[105.8218,9.3448],[105.812,9.3393],[105.8147,9.3315],[105.8194,9.3087],[105.8207,9.3015],[105.8251,9.2809],[105.8259,9.2766],[105.8237,9.2747],[105.8192,9.2726],[105.8273,9.2452],[105.8309,9.2471],[105.8342,9.2473],[105.8396,9.2506],[105.8416,9.2503],[105.8439,9.2521],[105.8513,9.2543],[105.8535,9.2543],[105.861,9.2577],[105.8644,9.2602],[105.8658,9.2599],[105.875,9.2641],[105.878,9.264],[105.8812,9.2668]]]},"properties":{"ma_xa":"31810","ten_xa":"Lai Hòa","sap_nhap":"Lai Hòa","tru_so":"đang cập nhật","loai":"Xã","cap":2,"stt":87,"dtich_km2":55.37,"dan_so":29426,"matdo_km2":531.44,"ma_tinh":"92","ten_tinh":"Cần Thơ"}},
{"type":"Feature","geometry":{"type":"Polygon","coordinates":[[[105.8328,9.5229],[105.8326,9.5259],[105.8311,9.5294],[105.8321,9.5333],[105.8308,9.5358],[105.8276,9.5355],[105.8254,9.5376],[105.8214,9.5375],[105.818,9.539],[105.8125,9.5429],[105.8063,9.5416],[105.8016,9.5383],[105.7983,9.5384],[105.7959,9.5408],[105.7925,9.5417],[105.7917,9.5441],[105.7877,9.5478],[105.7841,9.5472],[105.7836,9.5432],[105.7818,9.5423],[105.7785,9.5428],[105.7748,9.5469],[105.7717,9.5518],[105.7696,9.5564],[105.7509,9.5524],[105.7464,9.551],[105.7319,9.5482],[105.7329,9.5426],[105.7352,9.5401],[105.7361,9.5361],[105.7361,9.5327],[105.7377,9.5306],[105.7386,9.525],[105.7315,9.5217],[105.7335,9.511],[105.7338,9.5008],[105.7282,9.4976],[105.7281,9.4933],[105.7243,9.4925],[105.7161,9.4929],[105.7127,9.4938],[105.713,9.4896],[105.7159,9.4868],[105.7184,9.4816],[105.7177,9.4779],[105.7228,9.4737],[105.7248,9.4745],[105.7374,9.4525],[105.7606,9.4524],[105.7625,9.4524],[105.7619,9.4565],[105.7657,9.4558],[105.7644,9.46],[105.7745,9.4605],[105.7733,9.4643],[105.7749,9.4656],[105.7758,9.4705],[105.7785,9.4765],[105.7783,9.4833],[105.7866,9.4854],[105.7948,9.488],[105.8157,9.493],[105.8166,9.4885],[105.8153,9.4882],[105.8163,9.484],[105.8194,9.4846],[105.8195,9.489],[105.8218,9.4895],[105.8218,9.4968],[105.8208,9.501],[105.8243,9.5019],[105.8384,9.5039],[105.8477,9.503],[105.8473,9.5059],[105.8442,9.5113],[105.8405,9.5129],[105.8372,9.5163],[105.8345,9.5179],[105.8328,9.5203],[105.8328,9.5229]]]},"properties":{"ma_xa":"31759","ten_xa":"Lâm Tân","sap_nhap":"Tuân Tức, Lâm Kiết, Lâm Tân","tru_so":"đang cập nhật","loai":"Xã","cap":2,"stt":96,"dtich_km2":90.83,"dan_so":32006,"matdo_km2":352.37,"ma_tinh":"92","ten_tinh":"Cần Thơ"}},
{"type":"Feature","geometry":{"type":"Polygon","coordinates":[[[106.1689,9.424],[106.1684,9.4248],[106.16,9.4296],[106.1632,9.4378],[106.175,9.4729],[106.173,9.4939],[106.1649,9.4923],[106.1646,9.4997],[106.1638,9.5046],[106.1488,9.5022],[106.1482,9.512],[106.1474,9.5154],[106.1471,9.5219],[106.1446,9.528],[106.1449,9.5341],[106.1374,9.5338],[106.1301,9.5231],[106.1295,9.5194],[106.1305,9.5138],[106.1286,9.5137],[106.1293,9.5073],[106.128,9.5073],[106.1273,9.4927],[106.1292,9.4894],[106.1321,9.4893],[106.1311,9.4591],[106.133,9.4316],[106.1309,9.4313],[106.129,9.4268],[106.1279,9.422],[106.1325,9.4204],[106.1335,9.4185],[106.1307,9.415],[106.1306,9.4128],[106.1325,9.4112],[106.1376,9.4038],[106.1398,9.4019],[106.1432,9.4015],[106.1456,9.4028],[106.156,9.4117],[106.1611,9.4171],[106.1666,9.4208],[106.1689,9.424]]]},"properties":{"ma_xa":"31679","ten_xa":"Lịch Hội Thượng","sap_nhap":"Lịch Hội Thượng (thị trấn), Lịch Hội Thượng","tru_so":"đang cập nhật","loai":"Xã","cap":2,"stt":100,"dtich_km2":48.99,"dan_so":27913,"matdo_km2":569.77,"ma_tinh":"92","ten_tinh":"Cần Thơ"}},
{"type":"Feature","geometry":{"type":"Polygon","coordinates":[[[106.1374,9.5338],[106.1363,9.5397],[106.1281,9.5393],[106.1102,9.5418],[106.1098,9.5475],[106.0917,9.5415],[106.0854,9.5196],[106.0814,9.5053],[106.0774,9.4942],[106.0655,9.4946],[106.058,9.4937],[106.0544,9.4938],[106.0462,9.4911],[106.0457,9.4873],[106.0478,9.4873],[106.0487,9.4845],[106.0517,9.4837],[106.0462,9.4796],[106.0553,9.4769],[106.0565,9.4732],[106.0545,9.4657],[106.05,9.465],[106.0494,9.462],[106.0463,9.4564],[106.0487,9.4485],[106.0516,9.4494],[106.0588,9.4533],[106.0635,9.4533],[106.0654,9.4526],[106.07,9.4489],[106.0735,9.447],[106.0801,9.4449],[106.0836,9.4428],[106.0901,9.4378],[106.0985,9.4338],[106.1059,9.4322],[106.1091,9.4298],[106.1135,9.4236],[106.1191,9.4204],[106.1287,9.414],[106.1306,9.4128],[106.1307,9.415],[106.1335,9.4185],[106.1325,9.4204],[106.1279,9.422],[106.129,9.4268],[106.1309,9.4313],[106.133,9.4316],[106.1311,9.4591],[106.1321,9.4893],[106.1292,9.4894],[106.1273,9.4927],[106.128,9.5073],[106.1293,9.5073],[106.1286,9.5137],[106.1305,9.5138],[106.1295,9.5194],[106.1301,9.5231],[106.1374,9.5338]]]},"properties":{"ma_xa":"31675","ten_xa":"Liêu Tú","sap_nhap":"Viên Bình, Liêu Tú","tru_so":"đang cập nhật","loai":"Xã","cap":2,"stt":99,"dtich_km2":83.15,"dan_so":31370,"matdo_km2":377.27,"ma_tinh":"92","ten_tinh":"Cần Thơ"}},
{"type":"Feature","geometry":{"type":"Polygon","coordinates":[[[105.6151,9.74],[105.6116,9.7423],[105.6119,9.7452],[105.61,9.7482],[105.6089,9.7517],[105.6026,9.7534],[105.5955,9.7515],[105.591,9.7531],[105.5902,9.7559],[105.5926,9.7589],[105.5926,9.7615],[105.595,9.7685],[105.5891,9.7767],[105.5811,9.765],[105.5759,9.7574],[105.5689,9.7404],[105.565,9.7377],[105.5663,9.7308],[105.565,9.7298],[105.562,9.724],[105.5622,9.7225],[105.5566,9.7158],[105.5595,9.7126],[105.5569,9.7101],[105.556,9.7055],[105.5542,9.7039],[105.555,9.7004],[105.559,9.6964],[105.5566,9.6912],[105.5563,9.6881],[105.5631,9.6842],[105.5686,9.68],[105.5703,9.6804],[105.5726,9.6839],[105.5763,9.6871],[105.5791,9.6917],[105.5808,9.6911],[105.5881,9.6826],[105.5912,9.6826],[105.5936,9.6845],[105.5922,9.688],[105.5932,9.6912],[105.5965,9.6943],[105.6026,9.6946],[105.6035,9.6962],[105.6034,9.7007],[105.6013,9.7038],[105.5975,9.7052],[105.5948,9.7048],[105.5926,9.7058],[105.5927,9.7094],[105.5943,9.7128],[105.5959,9.7134],[105.6017,9.7113],[105.6048,9.7112],[105.6109,9.7091],[105.6134,9.7108],[105.615,9.7139],[105.6131,9.7184],[105.611,9.7201],[105.6076,9.721],[105.6065,9.7229],[105.6072,9.7252],[105.6105,9.7264],[105.6152,9.725],[105.6189,9.7269],[105.616,9.7323],[105.6151,9.74]]]},"properties":{"ma_xa":"31473","ten_xa":"Long Bình","sap_nhap":"Bình Thạnh, Vĩnh Tường, Long Bình","tru_so":"đang cập nhật","loai":"Phường","cap":2,"stt":43,"dtich_km2":40.2,"dan_so":26378,"matdo_km2":656.17,"ma_tinh":"92","ten_tinh":"Cần Thơ"}},
{"type":"Feature","geometry":{"type":"Polygon","coordinates":[[[105.8235,9.6715],[105.8251,9.6733],[105.8282,9.6711],[105.829,9.678],[105.8313,9.69],[105.827,9.6917],[105.8291,9.7001],[105.8293,9.7054],[105.8402,9.7018],[105.84,9.7054],[105.8063,9.7175],[105.7991,9.7196],[105.8,9.7218],[105.7799,9.7099],[105.7774,9.7101],[105.7695,9.7056],[105.7569,9.6979],[105.7413,9.6879],[105.7095,9.6681],[105.6971,9.6598],[105.6909,9.654],[105.669,9.6332],[105.6724,9.6301],[105.6749,9.6246],[105.6995,9.633],[105.7039,9.6347],[105.726,9.6415],[105.7419,9.646],[105.7382,9.6572],[105.75,9.6569],[105.7539,9.6572],[105.7749,9.6563],[105.7986,9.6559],[105.7999,9.6533],[105.8055,9.6525],[105.8169,9.6496],[105.8194,9.6524],[105.8184,9.654],[105.8161,9.6611],[105.8186,9.6636],[105.8187,9.6654],[105.8235,9.6715]]]},"properties":{"ma_xa":"31579","ten_xa":"Long Hưng","sap_nhap":"Hưng Phú, Long Hưng","tru_so":"đang cập nhật","loai":"Xã","cap":2,"stt":83,"dtich_km2":79.71,"dan_so":33579,"matdo_km2":421.26,"ma_tinh":"92","ten_tinh":"Cần Thơ"}},
{"type":"Feature","geometry":{"type":"Polygon","coordinates":[[[105.6655,9.7053],[105.6598,9.7086],[105.6449,9.7145],[105.6271,9.7234],[105.6235,9.7244],[105.6189,9.7269],[105.6152,9.725],[105.6105,9.7264],[105.6072,9.7252],[105.6065,9.7229],[105.6076,9.721],[105.611,9.7201],[105.6131,9.7184],[105.615,9.7139],[105.6134,9.7108],[105.6109,9.7091],[105.6048,9.7112],[105.6017,9.7113],[105.5959,9.7134],[105.5943,9.7128],[105.5927,9.7094],[105.5926,9.7058],[105.5948,9.7048],[105.5975,9.7052],[105.6013,9.7038],[105.6034,9.7007],[105.6035,9.6962],[105.6026,9.6946],[105.5965,9.6943],[105.5932,9.6912],[105.5922,9.688],[105.5936,9.6845],[105.5912,9.6826],[105.5881,9.6826],[105.5808,9.6911],[105.5791,9.6917],[105.5763,9.6871],[105.5726,9.6839],[105.5703,9.6804],[105.5686,9.68],[105.5631,9.6842],[105.5563,9.6881],[105.5539,9.6873],[105.5511,9.682],[105.5474,9.6776],[105.547,9.6706],[105.5495,9.6706],[105.5534,9.6691],[105.5556,9.6667],[105.5591,9.6671],[105.5603,9.6571],[105.5766,9.6635],[105.5812,9.6508],[105.6053,9.6559],[105.6155,9.6594],[105.6363,9.6722],[105.6476,9.6848],[105.6604,9.6983],[105.6655,9.7053]]]},"properties":{"ma_xa":"31471","ten_xa":"Long Mỹ","sap_nhap":"Thuận An (thị xã Long Mỹ), Long Trị, Long Trị A","tru_so":"đang cập nhật","loai":"Phường","cap":2,"stt":44,"dtich_km2":51.4,"dan_so":35865,"matdo_km2":697.76,"ma_tinh":"92","ten_tinh":"Cần Thơ"}},
{"type":"Feature","geometry":{"type":"Polygon","coordinates":[[[106.1363,9.6415],[106.1335,9.6446],[106.1244,9.6526],[106.1214,9.6566],[106.1124,9.6538],[106.1079,9.6508],[106.1015,9.6495],[106.0976,9.6496],[106.099,9.6131],[106.1007,9.6127],[106.0982,9.5883],[106.0821,9.5864],[106.0822,9.5816],[106.0793,9.5811],[106.0701,9.5813],[106.0664,9.5799],[106.0634,9.5799],[106.0653,9.5782],[106.0649,9.5743],[106.0694,9.574],[106.0707,9.5717],[106.0731,9.5705],[106.0737,9.5679],[106.0718,9.567],[106.0738,9.5642],[106.076,9.5642],[106.0783,9.5613],[106.0845,9.5578],[106.0862,9.5556],[106.0903,9.5566],[106.0912,9.5538],[106.0954,9.554],[106.0917,9.5415],[106.1098,9.5475],[106.1113,9.548],[106.111,9.557],[106.1339,9.5527],[106.1327,9.5593],[106.1403,9.5605],[106.139,9.5675],[106.1563,9.5673],[106.1517,9.5759],[106.175,9.5745],[106.1781,9.5755],[106.1839,9.5791],[106.1738,9.5926],[106.1672,9.6009],[106.1535,9.6166],[106.1482,9.624],[106.1414,9.6348],[106.1363,9.6415]]]},"properties":{"ma_xa":"31639","ten_xa":"Long Phú","sap_nhap":"Long Phú (thị trấn), Long Phú","tru_so":"đang cập nhật","loai":"Xã","cap":2,"stt":71,"dtich_km2":76.77,"dan_so":39763,"matdo_km2":517.95,"ma_tinh":"92","ten_tinh":"Cần Thơ"}},
{"type":"Feature","geometry":{"type":"Polygon","coordinates":[[[105.6909,9.654],[105.6878,9.6533],[105.6877,9.6562],[105.6745,9.6929],[105.6752,9.696],[105.6715,9.7021],[105.6655,9.7053],[105.6604,9.6983],[105.6476,9.6848],[105.6363,9.6722],[105.6155,9.6594],[105.6053,9.6559],[105.5812,9.6508],[105.5962,9.6094],[105.5998,9.6116],[105.6077,9.6201],[105.6117,9.6192],[105.6142,9.6217],[105.618,9.6199],[105.6172,9.6154],[105.6235,9.6171],[105.6263,9.6164],[105.6328,9.6201],[105.6356,9.6188],[105.6398,9.6238],[105.6472,9.6261],[105.6487,9.6298],[105.6491,9.6341],[105.655,9.6353],[105.6596,9.6354],[105.6616,9.6395],[105.6666,9.6399],[105.669,9.6332],[105.6909,9.654]]]},"properties":{"ma_xa":"31480","ten_xa":"Long Phú 1","sap_nhap":"Trà Lồng, Tân Phú, Long Phú","tru_so":"đang cập nhật","loai":"Phường","cap":2,"stt":45,"dtich_km2":57.67,"dan_so":30365,"matdo_km2":526.53,"ma_tinh":"92","ten_tinh":"Cần Thơ"}},
{"type":"Feature","geometry":{"type":"Polygon","coordinates":[[[105.7265,10.075],[105.7266,10.0819],[105.7243,10.083],[105.719,10.0818],[105.7089,10.076],[105.7051,10.0731],[105.7041,10.0701],[105.7078,10.0613],[105.711,10.0554],[105.7086,10.0538],[105.7055,10.0504],[105.7063,10.0444],[105.7098,10.041],[105.7085,10.0402],[105.7104,10.0363],[105.7122,10.0345],[105.7132,10.0309],[105.71,10.0298],[105.7063,10.0274],[105.7041,10.025],[105.7058,10.0225],[105.7052,10.0186],[105.7028,10.0159],[105.7032,10.0127],[105.7056,10.012],[105.7093,10.009],[105.7133,10.0086],[105.7149,10.0047],[105.7182,10.0039],[105.7206,10.0059],[105.7182,10.0081],[105.7211,10.011],[105.7236,10.0094],[105.7276,10.0107],[105.7359,10.0178],[105.7372,10.0164],[105.7399,10.0187],[105.7417,10.0237],[105.7438,10.0325],[105.7482,10.0391],[105.7525,10.0462],[105.7521,10.0493],[105.7548,10.0586],[105.7518,10.0602],[105.7488,10.0595],[105.7456,10.0608],[105.7439,10.0631],[105.734,10.0622],[105.7271,10.0625],[105.7294,10.0676],[105.7283,10.0733],[105.7265,10.075]]]},"properties":{"ma_xa":"31183","ten_xa":"Long Tuyền","sap_nhap":"Long Hòa, Long Tuyền (1 phần)","tru_so":"đang cập nhật","loai":"Phường","cap":2,"stt":7,"dtich_km2":28.48,"dan_so":45292,"matdo_km2":1590.31,"ma_tinh":"92","ten_tinh":"Cần Thơ"}},
{"type":"Feature","geometry":{"type":"Polygon","coordinates":[[[105.4581,9.6397],[105.4573,9.6408],[105.4493,9.6463],[105.4467,9.6491],[105.4449,9.6532],[105.4405,9.6595],[105.4376,9.6611],[105.433,9.6606],[105.4278,9.6611],[105.4201,9.664],[105.4143,9.6678],[105.4118,9.6662],[105.4116,9.663],[105.4086,9.6574],[105.4066,9.6518],[105.4011,9.6462],[105.4018,9.6447],[105.4065,9.6451],[105.4069,9.6435],[105.4007,9.635],[105.3991,9.6305],[105.3992,9.624],[105.398,9.6231],[105.3923,9.624],[105.3903,9.6259],[105.3883,9.6218],[105.3842,9.6209],[105.3809,9.6192],[105.3802,9.6172],[105.3767,9.6161],[105.374,9.6108],[105.3748,9.6051],[105.374,9.6041],[105.3749,9.5988],[105.3737,9.5962],[105.3772,9.5919],[105.3772,9.5883],[105.3785,9.5861],[105.3808,9.5856],[105.3857,9.587],[105.3896,9.5904],[105.3956,9.5882],[105.3969,9.5913],[105.3996,9.5939],[105.3988,9.598],[105.4004,9.5985],[105.4088,9.5976],[105.4127,9.5989],[105.4145,9.6013],[105.4167,9.6015],[105.4181,9.5986],[105.4168,9.5958],[105.4177,9.5928],[105.4234,9.5956],[105.4288,9.5953],[105.4292,9.5995],[105.4308,9.6008],[105.4382,9.5968],[105.4406,9.5948],[105.4448,9.5967],[105.4474,9.596],[105.4486,9.5918],[105.4482,9.589],[105.451,9.5871],[105.4552,9.5901],[105.4586,9.5898],[105.4619,9.5867],[105.4649,9.5894],[105.4685,9.5915],[105.4689,9.5955],[105.4713,9.5965],[105.4767,9.5919],[105.4774,9.5891],[105.4758,9.5874],[105.4761,9.5843],[105.4804,9.5849],[105.4807,9.6003],[105.4819,9.6042],[105.4796,9.6097],[105.4785,9.6141],[105.4766,9.6169],[105.4704,9.6188],[105.4689,9.6185],[105.4664,9.6221],[105.4649,9.6224],[105.4631,9.6277],[105.4591,9.6329],[105.4598,9.6348],[105.4578,9.6382],[105.4581,9.6397]]]},"properties":{"ma_xa":"31492","ten_xa":"Lương Tâm","sap_nhap":"Lương Nghĩa, Lương Tâm","tru_so":"đang cập nhật","loai":"Xã","cap":2,"stt":42,"dtich_km2":60.53,"dan_so":24020,"matdo_km2":396.83,"ma_tinh":"92","ten_tinh":"Cần Thơ"}},
{"type":"Feature","geometry":{"type":"Polygon","coordinates":[[[105.8676,9.6523],[105.8658,9.6532],[105.8594,9.6536],[105.8474,9.6562],[105.8416,9.654],[105.8385,9.6622],[105.8319,9.6604],[105.8292,9.6571],[105.8279,9.6619],[105.8281,9.6679],[105.8235,9.6676],[105.8235,9.6715],[105.8187,9.6654],[105.8186,9.6636],[105.8161,9.6611],[105.8184,9.654],[105.8194,9.6524],[105.8169,9.6496],[105.8182,9.6439],[105.8168,9.6425],[105.8165,9.6365],[105.8212,9.636],[105.8215,9.6322],[105.8145,9.6341],[105.8142,9.6332],[105.8144,9.6176],[105.8124,9.6029],[105.814,9.5975],[105.8167,9.5943],[105.8191,9.5873],[105.8208,9.5852],[105.8251,9.5862],[105.8268,9.5888],[105.8369,9.5639],[105.8387,9.5587],[105.8387,9.5539],[105.831,9.5538],[105.8314,9.5489],[105.8326,9.5456],[105.8323,9.542],[105.8372,9.5433],[105.8451,9.5444],[105.8463,9.5427],[105.8446,9.54],[105.8425,9.5399],[105.8417,9.5341],[105.8429,9.5287],[105.8472,9.5277],[105.8496,9.5285],[105.8537,9.5273],[105.862,9.5283],[105.8624,9.5243],[105.8656,9.5252],[105.8676,9.5242],[105.8727,9.5267],[105.8732,9.5238],[105.8805,9.5251],[105.8875,9.5275],[105.8895,9.5321],[105.889,9.5342],[105.8906,9.5395],[105.8923,9.5408],[105.8965,9.5494],[105.8959,9.5514],[105.9091,9.56],[105.9164,9.5654],[105.9183,9.5698],[105.9171,9.5714],[105.9217,9.5724],[105.9257,9.5772],[105.93,9.5802],[105.9275,9.5828],[105.9324,9.588],[105.9369,9.584],[105.9415,9.5894],[105.945,9.5949],[105.9428,9.5992],[105.935,9.5908],[105.932,9.5936],[105.9292,9.595],[105.9264,9.589],[105.9141,9.5933],[105.9062,9.5954],[105.9043,9.5948],[105.8982,9.5997],[105.8964,9.598],[105.8906,9.5949],[105.8879,9.597],[105.879,9.6012],[105.8679,9.6087],[105.8687,9.6122],[105.8665,9.613],[105.8687,9.6182],[105.8607,9.6232],[105.8632,9.6256],[105.8633,9.6275],[105.8672,9.6327],[105.8678,9.6357],[105.8652,9.6402],[105.8627,9.6426],[105.8659,9.6462],[105.8676,9.6523]]]},"properties":{"ma_xa":"31591","ten_xa":"Mỹ Hương","sap_nhap":"Thuận Hưng, Phú Mỹ, Mỹ Hương","tru_so":"đang cập nhật","loai":"Xã","cap":2,"stt":85,"dtich_km2":104.74,"dan_so":51412,"matdo_km2":490.85,"ma_tinh":"92","ten_tinh":"Cần Thơ"}},
{"type":"Feature","geometry":{"type":"Polygon","coordinates":[[[105.7696,9.5564],[105.7744,9.5571],[105.7726,9.5643],[105.7803,9.5732],[105.7799,9.5741],[105.7854,9.5784],[105.783,9.5807],[105.7614,9.6038],[105.7579,9.6039],[105.7557,9.6065],[105.7545,9.6109],[105.7515,9.6136],[105.7521,9.6181],[105.7517,9.6218],[105.747,9.6243],[105.7423,9.6292],[105.7448,9.6371],[105.7419,9.646],[105.726,9.6415],[105.7039,9.6347],[105.6995,9.633],[105.6749,9.6246],[105.6745,9.6235],[105.6785,9.6159],[105.6777,9.6062],[105.6759,9.5803],[105.675,9.5683],[105.6772,9.5627],[105.6764,9.5597],[105.6837,9.5356],[105.6891,9.5362],[105.7026,9.5387],[105.7306,9.5479],[105.7319,9.5482],[105.7464,9.551],[105.7509,9.5524],[105.7696,9.5564]]]},"properties":{"ma_xa":"31603","ten_xa":"Mỹ Phước","sap_nhap":"Mỹ Phước","tru_so":"đang cập nhật","loai":"Xã","cap":2,"stt":84,"dtich_km2":97.36,"dan_so":23539,"matdo_km2":241.77,"ma_tinh":"92","ten_tinh":"Cần Thơ"}},
{"type":"Feature","geometry":{"type":"Polygon","coordinates":[[[105.6134,9.5436],[105.5948,9.5535],[105.5895,9.5532],[105.5879,9.5568],[105.5525,9.5233],[105.5503,9.5202],[105.5472,9.4916],[105.5475,9.4886],[105.5465,9.4818],[105.544,9.4711],[105.545,9.4578],[105.5453,9.4506],[105.5787,9.4134],[105.5811,9.4119],[105.5876,9.4236],[105.5953,9.4369],[105.5964,9.4397],[105.607,9.4599],[105.6143,9.4735],[105.6229,9.4898],[105.614,9.4962],[105.6089,9.4994],[105.5999,9.5034],[105.6038,9.5095],[105.6056,9.5184],[105.6054,9.52],[105.607,9.525],[105.6087,9.5339],[105.6134,9.5436]]]},"properties":{"ma_xa":"31753","ten_xa":"Mỹ Quới","sap_nhap":"Phường 3 (thị xã Ngã Năm), Mỹ Bình, Mỹ Quới","tru_so":"đang cập nhật","loai":"Phường","cap":2,"stt":93,"dtich_km2":83.91,"dan_so":30240,"matdo_km2":360.39,"ma_tinh":"92","ten_tinh":"Cần Thơ"}},
{"type":"Feature","geometry":{"type":"Polygon","coordinates":[[[105.8169,9.6496],[105.8055,9.6525],[105.7999,9.6533],[105.7986,9.6559],[105.7749,9.6563],[105.7539,9.6572],[105.75,9.6569],[105.7382,9.6572],[105.7419,9.646],[105.7448,9.6371],[105.7423,9.6292],[105.747,9.6243],[105.7517,9.6218],[105.7521,9.6181],[105.7515,9.6136],[105.7545,9.6109],[105.7557,9.6065],[105.7579,9.6039],[105.7614,9.6038],[105.783,9.5807],[105.7854,9.5784],[105.7799,9.5741],[105.7803,9.5732],[105.7726,9.5643],[105.7744,9.5571],[105.7696,9.5564],[105.7717,9.5518],[105.7748,9.5469],[105.7785,9.5428],[105.7818,9.5423],[105.7836,9.5432],[105.7841,9.5472],[105.7877,9.5478],[105.7917,9.5441],[105.7925,9.5417],[105.7959,9.5408],[105.7983,9.5384],[105.8016,9.5383],[105.8063,9.5416],[105.8125,9.5429],[105.818,9.539],[105.8214,9.5375],[105.8254,9.5376],[105.8276,9.5355],[105.8308,9.5358],[105.8321,9.5333],[105.8311,9.5294],[105.8326,9.5259],[105.8328,9.5229],[105.8371,9.5244],[105.8378,9.5276],[105.8429,9.5287],[105.8417,9.5341],[105.8425,9.5399],[105.8446,9.54],[105.8463,9.5427],[105.8451,9.5444],[105.8372,9.5433],[105.8323,9.542],[105.8326,9.5456],[105.8314,9.5489],[105.831,9.5538],[105.8387,9.5539],[105.8387,9.5587],[105.8369,9.5639],[105.8268,9.5888],[105.8251,9.5862],[105.8208,9.5852],[105.8191,9.5873],[105.8167,9.5943],[105.814,9.5975],[105.8124,9.6029],[105.8144,9.6176],[105.8142,9.6332],[105.8145,9.6341],[105.8215,9.6322],[105.8212,9.636],[105.8165,9.6365],[105.8168,9.6425],[105.8182,9.6439],[105.8169,9.6496]]]},"properties":{"ma_xa":"31567","ten_xa":"Mỹ Tú","sap_nhap":"Huỳnh Hữu Nghĩa (thị trấn), Mỹ Thuận, Mỹ Tú","tru_so":"đang cập nhật","loai":"Xã","cap":2,"stt":82,"dtich_km2":86.63,"dan_so":38049,"matdo_km2":439.21,"ma_tinh":"92","ten_tinh":"Cần Thơ"}},
{"type":"Feature","geometry":{"type":"Polygon","coordinates":[[[105.9979,9.572],[106.0015,9.5767],[105.9972,9.5774],[105.9904,9.5742],[105.9888,9.5785],[105.9738,9.5731],[105.9683,9.5714],[105.9638,9.5722],[105.965,9.5741],[105.9586,9.5772],[105.9567,9.5747],[105.9531,9.5777],[105.9556,9.5864],[105.945,9.5949],[105.9415,9.5894],[105.9369,9.584],[105.9324,9.588],[105.9275,9.5828],[105.93,9.5802],[105.9257,9.5772],[105.9217,9.5724],[105.9171,9.5714],[105.9183,9.5698],[105.9164,9.5654],[105.9091,9.56],[105.8959,9.5514],[105.8965,9.5494],[105.8923,9.5408],[105.8906,9.5395],[105.889,9.5342],[105.8895,9.5321],[105.8875,9.5275],[105.8911,9.5222],[105.892,9.5153],[105.8942,9.5158],[105.9073,9.5219],[105.9198,9.5287],[105.9371,9.541],[105.9565,9.5623],[105.9613,9.5601],[105.975,9.5583],[105.9737,9.5463],[105.9724,9.5449],[105.9688,9.5439],[105.9644,9.5395],[105.9712,9.5348],[105.9762,9.5323],[105.979,9.5349],[105.9799,9.5386],[105.9815,9.5397],[105.9845,9.5388],[105.9918,9.5403],[105.9925,9.5387],[105.9968,9.5382],[105.998,9.5398],[106.0006,9.5368],[106.0039,9.5363],[106.0029,9.5342],[106.0049,9.5327],[106.0071,9.5337],[106.0091,9.5384],[106.0044,9.5479],[106.0025,9.5542],[106.0005,9.5573],[106.0018,9.5615],[106.0032,9.5628],[106.0026,9.5659],[105.9993,9.5682],[105.9961,9.5682],[105.9957,9.5704],[105.9979,9.572]]]},"properties":{"ma_xa":"31684","ten_xa":"Mỹ Xuyên","sap_nhap":"Phường 10, Mỹ Xuyên (thị trấn), Đại Tâm","tru_so":"đang cập nhật","loai":"Phường","cap":2,"stt":63,"dtich_km2":48.34,"dan_so":51769,"matdo_km2":1070.94,"ma_tinh":"92","ten_tinh":"Cần Thơ"}},
{"type":"Feature","geometry":{"type":"Polygon","coordinates":[[[105.8534,9.8013],[105.8325,9.8067],[105.8334,9.8113],[105.8325,9.8138],[105.82,9.8289],[105.8166,9.8302],[105.8145,9.8298],[105.8064,9.8268],[105.8116,9.821],[105.8078,9.8169],[105.8049,9.8168],[105.8027,9.8194],[105.7991,9.8216],[105.7979,9.824],[105.7928,9.8245],[105.7884,9.8238],[105.7875,9.8248],[105.782,9.824],[105.7843,9.8226],[105.7863,9.8191],[105.7887,9.817],[105.7875,9.8117],[105.788,9.8096],[105.7862,9.8013],[105.7865,9.799],[105.7889,9.7976],[105.7992,9.8012],[105.7972,9.7959],[105.8146,9.7888],[105.8279,9.7838],[105.8307,9.7798],[105.838,9.7729],[105.8386,9.7731],[105.8448,9.7641],[105.8485,9.7766],[105.8534,9.8013]]]},"properties":{"ma_xa":"31340","ten_xa":"Ngã Bảy","sap_nhap":"Lái Hiếu, Hiệp Thành, Ngã Bảy","tru_so":"đang cập nhật","loai":"Phường","cap":2,"stt":53,"dtich_km2":25.17,"dan_so":37861,"matdo_km2":1504.21,"ma_tinh":"92","ten_tinh":"Cần Thơ"}},
{"type":"Feature","geometry":{"type":"Polygon","coordinates":[[[105.669,9.6332],[105.6666,9.6399],[105.6616,9.6395],[105.6596,9.6354],[105.655,9.6353],[105.6491,9.6341],[105.6487,9.6298],[105.6472,9.6261],[105.6398,9.6238],[105.6356,9.6188],[105.6328,9.6201],[105.6263,9.6164],[105.6235,9.6171],[105.6172,9.6154],[105.618,9.6199],[105.6142,9.6217],[105.6117,9.6192],[105.6077,9.6201],[105.5998,9.6116],[105.5962,9.6094],[105.5951,9.6075],[105.595,9.6027],[105.5928,9.6035],[105.5927,9.6061],[105.5905,9.6081],[105.5882,9.6082],[105.5869,9.6125],[105.5836,9.6119],[105.5777,9.6146],[105.5748,9.6129],[105.5753,9.6102],[105.5708,9.6067],[105.5696,9.6039],[105.5674,9.6039],[105.5655,9.6064],[105.562,9.6063],[105.5581,9.6033],[105.5586,9.6005],[105.5573,9.5966],[105.5517,9.5974],[105.5483,9.5972],[105.5468,9.596],[105.5489,9.5913],[105.546,9.5863],[105.5481,9.5833],[105.5484,9.5811],[105.5505,9.5778],[105.5507,9.5733],[105.5541,9.5701],[105.5554,9.5603],[105.554,9.549],[105.5532,9.5486],[105.5507,9.5243],[105.5525,9.5233],[105.5879,9.5568],[105.5895,9.5532],[105.5948,9.5535],[105.6134,9.5436],[105.6214,9.5396],[105.6234,9.5418],[105.6277,9.5484],[105.6178,9.554],[105.6226,9.5628],[105.6237,9.5673],[105.6293,9.5658],[105.6401,9.5683],[105.6611,9.5677],[105.662,9.5799],[105.6648,9.5802],[105.6689,9.5817],[105.6708,9.5803],[105.6759,9.5803],[105.6777,9.6062],[105.6785,9.6159],[105.6745,9.6235],[105.6749,9.6246],[105.6724,9.6301],[105.669,9.6332]]]},"properties":{"ma_xa":"31732","ten_xa":"Ngã Năm","sap_nhap":"Phường 1, Phường 2 (thị xã Ngã Năm), Vĩnh Quới","tru_so":"đang cập nhật","loai":"Phường","cap":2,"stt":92,"dtich_km2":95.3,"dan_so":58588,"matdo_km2":614.77,"ma_tinh":"92","ten_tinh":"Cần Thơ"}},
{"type":"Feature","geometry":{"type":"Polygon","coordinates":[[[105.979,9.5349],[105.9762,9.5323],[105.9712,9.5348],[105.9644,9.5395],[105.9688,9.5439],[105.9724,9.5449],[105.9737,9.5463],[105.975,9.5583],[105.9613,9.5601],[105.9565,9.5623],[105.9371,9.541],[105.9198,9.5287],[105.9073,9.5219],[105.8942,9.5158],[105.892,9.5153],[105.893,9.5056],[105.8925,9.499],[105.8917,9.4977],[105.8927,9.4943],[105.8943,9.493],[105.9022,9.4943],[105.9034,9.4933],[105.9006,9.4881],[105.9013,9.4865],[105.8994,9.4829],[105.9012,9.482],[105.9028,9.4787],[105.9057,9.4768],[105.9082,9.4778],[105.9105,9.4814],[105.9122,9.4796],[105.9115,9.4778],[105.9142,9.4765],[105.9135,9.4717],[105.9155,9.4704],[105.9129,9.4638],[105.9096,9.4632],[105.9033,9.4507],[105.9065,9.4476],[105.9112,9.4475],[105.9139,9.4364],[105.9164,9.4343],[105.9166,9.4296],[105.9079,9.4273],[105.9045,9.4258],[105.9082,9.4231],[105.9087,9.4214],[105.9074,9.4178],[105.9043,9.4159],[105.903,9.4096],[105.9059,9.4063],[105.9122,9.3952],[105.9175,9.3938],[105.9193,9.3914],[105.9237,9.3895],[105.9276,9.3865],[105.9295,9.3884],[105.9283,9.3908],[105.9324,9.3937],[105.9319,9.3954],[105.9286,9.3978],[105.93,9.4],[105.9329,9.4],[105.9354,9.4015],[105.9384,9.4057],[105.9475,9.4058],[105.9494,9.4067],[105.9514,9.4103],[105.9514,9.4147],[105.9529,9.4172],[105.9571,9.4187],[105.9651,9.4227],[105.9708,9.424],[105.9741,9.4281],[105.9723,9.4305],[105.9753,9.4372],[105.9747,9.4439],[105.9748,9.4502],[105.9742,9.4537],[105.9714,9.459],[105.9701,9.4627],[105.9704,9.4689],[105.9725,9.4733],[105.9714,9.4754],[105.9673,9.4749],[105.9646,9.4766],[105.9663,9.4793],[105.9719,9.4817],[105.9734,9.4831],[105.9737,9.4861],[105.9703,9.4915],[105.9702,9.4949],[105.9728,9.4987],[105.9727,9.5014],[105.9703,9.5035],[105.9672,9.5044],[105.9658,9.5111],[105.9675,9.5159],[105.9722,9.5171],[105.9769,9.5225],[105.9841,9.5286],[105.983,9.5315],[105.9799,9.5328],[105.979,9.5349]]]},"properties":{"ma_xa":"31723","ten_xa":"Ngọc Tố","sap_nhap":"Tham Đôn, Ngọc Đông, Ngọc Tố","tru_so":"đang cập nhật","loai":"Xã","cap":2,"stt":67,"dtich_km2":112.53,"dan_so":47,"matdo_km2":0.42,"ma_tinh":"92","ten_tinh":"Cần Thơ"}},
{"type":"Feature","geometry":{"type":"Polygon","coordinates":[[[105.693,9.9865],[105.6897,9.9859],[105.683,9.9885],[105.6785,9.9911],[105.6754,9.9959],[105.6738,9.9965],[105.6681,9.9945],[105.6631,9.9975],[105.6584,10.0027],[105.6528,10.0078],[105.6493,10.0155],[105.6463,10.0153],[105.6456,10.013],[105.6419,10.0096],[105.6357,10.0106],[105.6311,10.0077],[105.6304,10.0059],[105.6322,10.0003],[105.6394,9.9996],[105.6432,10],[105.644,9.9961],[105.6442,9.9902],[105.6408,9.9892],[105.6436,9.987],[105.6485,9.9815],[105.6461,9.979],[105.6474,9.9759],[105.659,9.9706],[105.658,9.9663],[105.6683,9.9665],[105.6736,9.9642],[105.6714,9.9614],[105.6586,9.9503],[105.6602,9.9492],[105.6704,9.9396],[105.6754,9.9441],[105.6801,9.9448],[105.679,9.9476],[105.6872,9.9509],[105.694,9.9527],[105.696,9.9544],[105.7036,9.954],[105.7038,9.9583],[105.7106,9.9577],[105.7137,9.9596],[105.7161,9.9628],[105.7183,9.9684],[105.723,9.9723],[105.7234,9.9755],[105.7249,9.9801],[105.7285,9.9782],[105.731,9.9799],[105.7337,9.9876],[105.7369,9.9884],[105.7365,9.9904],[105.7396,9.9943],[105.7347,9.9936],[105.726,9.9951],[105.72,9.9953],[105.7165,9.9939],[105.7139,9.9871],[105.7116,9.9861],[105.7078,9.987],[105.7016,9.9866],[105.6969,9.9882],[105.693,9.9865]]]},"properties":{"ma_xa":"31315","ten_xa":"Nhơn Ái","sap_nhap":"Nhơn Nghĩa, Nhơn Ái","tru_so":"đang cập nhật","loai":"Xã","cap":2,"stt":18,"dtich_km2":38.16,"dan_so":40707,"matdo_km2":1066.75,"ma_tinh":"92","ten_tinh":"Cần Thơ"}},
{"type":"Feature","geometry":{"type":"Polygon","coordinates":[[[106.0491,9.8046],[106.0421,9.8115],[106.0295,9.8203],[106.0196,9.8074],[106.0132,9.8098],[106.0079,9.8132],[105.998,9.8077],[105.9958,9.8078],[106.0003,9.7969],[106.0024,9.7849],[105.9977,9.7827],[105.9984,9.78],[106.0009,9.7707],[106.0002,9.7673],[106.0016,9.7571],[106.0016,9.754],[105.9993,9.7528],[105.9965,9.7567],[105.995,9.7601],[105.9924,9.7596],[105.9887,9.7562],[105.9819,9.7555],[105.9732,9.737],[105.968,9.7194],[105.9799,9.7176],[105.9871,9.718],[105.9925,9.7164],[105.9947,9.7118],[105.9964,9.7106],[106.0058,9.7124],[106.015,9.712],[106.0222,9.7148],[106.0229,9.7203],[106.0257,9.7299],[106.0275,9.7307],[106.0328,9.7377],[106.0341,9.7418],[106.0465,9.742],[106.0497,9.7416],[106.0542,9.743],[106.0571,9.7415],[106.0588,9.7418],[106.0615,9.7387],[106.0681,9.7399],[106.0702,9.7358],[106.0807,9.7404],[106.0759,9.749],[106.0753,9.7593],[106.0735,9.7744],[106.0692,9.7784],[106.0608,9.7901],[106.0574,9.7938],[106.0533,9.7996],[106.0491,9.8046]]]},"properties":{"ma_xa":"31552","ten_xa":"Nhơn Mỹ","sap_nhap":"An Mỹ, Song Phụng, Nhơn Mỹ","tru_so":"đang cập nhật","loai":"Xã","cap":2,"stt":72,"dtich_km2":79.73,"dan_so":42213,"matdo_km2":529.45,"ma_tinh":"92","ten_tinh":"Cần Thơ"}},
{"type":"Feature","geometry":{"type":"Polygon","coordinates":[[[105.8875,9.5275],[105.8805,9.5251],[105.8732,9.5238],[105.8727,9.5267],[105.8676,9.5242],[105.8656,9.5252],[105.8624,9.5243],[105.862,9.5283],[105.8537,9.5273],[105.8496,9.5285],[105.8472,9.5277],[105.8429,9.5287],[105.8378,9.5276],[105.8371,9.5244],[105.8328,9.5229],[105.8328,9.5203],[105.8345,9.5179],[105.8372,9.5163],[105.8405,9.5129],[105.8442,9.5113],[105.8473,9.5059],[105.8477,9.503],[105.8384,9.5039],[105.8243,9.5019],[105.8208,9.501],[105.8218,9.4968],[105.8218,9.4895],[105.8195,9.489],[105.8194,9.4846],[105.8163,9.484],[105.8185,9.471],[105.8212,9.4674],[105.8189,9.4623],[105.8215,9.4602],[105.8228,9.4571],[105.821,9.4533],[105.8216,9.4518],[105.8247,9.4509],[105.823,9.4486],[105.8217,9.4425],[105.8239,9.4413],[105.8252,9.4377],[105.8283,9.438],[105.8341,9.4464],[105.8399,9.4515],[105.8426,9.4509],[105.8401,9.4434],[105.8399,9.4399],[105.8429,9.4375],[105.8435,9.4355],[105.8461,9.4348],[105.8458,9.4326],[105.8425,9.4321],[105.8399,9.4298],[105.8365,9.4286],[105.8359,9.4255],[105.8382,9.4062],[105.8392,9.4032],[105.8418,9.4047],[105.8433,9.4036],[105.8423,9.4],[105.8466,9.3992],[105.8486,9.3949],[105.8481,9.3902],[105.8496,9.3883],[105.8531,9.388],[105.8523,9.3853],[105.8553,9.3848],[105.8563,9.3879],[105.8592,9.4011],[105.8662,9.4121],[105.8655,9.4158],[105.8694,9.4204],[105.8736,9.4238],[105.8734,9.4271],[105.8774,9.4297],[105.876,9.4313],[105.8801,9.4392],[105.883,9.4398],[105.8791,9.4483],[105.8755,9.4521],[105.8745,9.4544],[105.8711,9.4565],[105.8695,9.4585],[105.8691,9.4619],[105.8639,9.4702],[105.8616,9.4709],[105.8618,9.4749],[105.866,9.4767],[105.8697,9.4771],[105.874,9.4815],[105.8764,9.4832],[105.8816,9.4835],[105.8878,9.4852],[105.8933,9.4846],[105.8994,9.4829],[105.9013,9.4865],[105.9006,9.4881],[105.9034,9.4933],[105.9022,9.4943],[105.8943,9.493],[105.8927,9.4943],[105.8917,9.4977],[105.8925,9.499],[105.893,9.5056],[105.892,9.5153],[105.8911,9.5222],[105.8875,9.5275]]]},"properties":{"ma_xa":"31708","ten_xa":"Nhu Gia","sap_nhap":"Thạnh Phú, Gia Hòa 1","tru_so":"đang cập nhật","loai":"Xã","cap":2,"stt":66,"dtich_km2":75.59,"dan_so":38390,"matdo_km2":507.87,"ma_tinh":"92","ten_tinh":"Cần Thơ"}},
{"type":"Feature","geometry":{"type":"Polygon","coordinates":[[[105.7922,10.036],[105.7851,10.0429],[105.7833,10.0421],[105.7778,10.0476],[105.7729,10.043],[105.7721,10.0394],[105.7692,10.0385],[105.7675,10.0348],[105.7646,10.033],[105.7622,10.03],[105.7638,10.0276],[105.768,10.0252],[105.7714,10.0207],[105.7742,10.0199],[105.7745,10.022],[105.7767,10.0239],[105.7835,10.0245],[105.7864,10.0255],[105.7881,10.0273],[105.7898,10.0337],[105.7922,10.036]]]},"properties":{"ma_xa":"31135","ten_xa":"Ninh Kiều","sap_nhap":"Tân An, Thới Bình, Xuân Khánh","tru_so":"đang cập nhật","loai":"Phường","cap":2,"stt":1,"dtich_km2":5.42,"dan_so":119547,"matdo_km2":22056.64,"ma_tinh":"92","ten_tinh":"Cần Thơ"}},
{"type":"Feature","geometry":{"type":"Polygon","coordinates":[[[105.6663,10.1447],[105.658,10.15],[105.6535,10.1552],[105.6524,10.1579],[105.6493,10.1623],[105.6421,10.1698],[105.6366,10.1748],[105.6332,10.1716],[105.631,10.171],[105.6293,10.1664],[105.6268,10.1642],[105.6248,10.1641],[105.6223,10.1608],[105.6121,10.1533],[105.6085,10.1522],[105.6064,10.1489],[105.6078,10.1468],[105.603,10.1432],[105.5976,10.1401],[105.5916,10.1329],[105.5965,10.1283],[105.5879,10.1225],[105.5806,10.1176],[105.579,10.1161],[105.5819,10.1121],[105.5864,10.1153],[105.5899,10.1065],[105.5926,10.102],[105.5945,10.0973],[105.5952,10.0939],[105.5898,10.0888],[105.5933,10.0872],[105.5995,10.0889],[105.6011,10.0857],[105.6061,10.0785],[105.6124,10.0804],[105.6169,10.0787],[105.6192,10.0822],[105.6259,10.0843],[105.6294,10.0814],[105.6309,10.0818],[105.628,10.0878],[105.6277,10.0909],[105.6322,10.0922],[105.6318,10.0953],[105.6354,10.0959],[105.6407,10.0997],[105.642,10.0979],[105.6473,10.1007],[105.6496,10.1006],[105.6523,10.1022],[105.653,10.1105],[105.6464,10.1124],[105.6505,10.116],[105.6493,10.1171],[105.6564,10.124],[105.6598,10.1242],[105.6612,10.1305],[105.6646,10.1327],[105.6599,10.1358],[105.6663,10.1447]]]},"properties":{"ma_xa":"31153","ten_xa":"Ô Môn","sap_nhap":"Châu Văn Liêm, Thới Hòa, Thới An, Thới Thạnh","tru_so":"đang cập nhật","loai":"Phường","cap":2,"stt":10,"dtich_km2":54.69,"dan_so":73412,"matdo_km2":1342.33,"ma_tinh":"92","ten_tinh":"Cần Thơ"}},
{"type":"Feature","geometry":{"type":"Polygon","coordinates":[[[105.7032,10.0127],[105.7028,10.0159],[105.7052,10.0186],[105.7058,10.0225],[105.7041,10.025],[105.7063,10.0274],[105.71,10.0298],[105.7132,10.0309],[105.7122,10.0345],[105.7104,10.0363],[105.7085,10.0402],[105.7098,10.041],[105.7063,10.0444],[105.7055,10.0504],[105.7086,10.0538],[105.7073,10.0542],[105.6822,10.0572],[105.6821,10.0546],[105.6791,10.0529],[105.6739,10.0527],[105.6734,10.0492],[105.6648,10.0491],[105.663,10.0482],[105.6592,10.0489],[105.6556,10.0511],[105.6523,10.0515],[105.6464,10.0541],[105.6438,10.0515],[105.6431,10.0481],[105.6411,10.0474],[105.6382,10.0505],[105.6316,10.0462],[105.6305,10.0445],[105.6267,10.0427],[105.6265,10.0379],[105.6277,10.0335],[105.6251,10.0325],[105.6243,10.0215],[105.6282,10.0139],[105.6269,10.0061],[105.6304,10.0059],[105.6311,10.0077],[105.6357,10.0106],[105.6419,10.0096],[105.6456,10.013],[105.6463,10.0153],[105.6493,10.0155],[105.6528,10.0078],[105.6584,10.0027],[105.6631,9.9975],[105.6681,9.9945],[105.6738,9.9965],[105.6754,9.9959],[105.6785,9.9911],[105.683,9.9885],[105.6897,9.9859],[105.693,9.9865],[105.6912,9.9926],[105.687,9.9948],[105.6843,9.993],[105.6817,10.0012],[105.6826,10.0085],[105.6813,10.0117],[105.6856,10.0127],[105.6885,10.012],[105.6893,10.0096],[105.6928,10.011],[105.6948,10.0129],[105.6968,10.0115],[105.7032,10.0127]]]},"properties":{"ma_xa":"31299","ten_xa":"Phong Điền","sap_nhap":"Phong Điền (thị trấn), Tân Thới, Giai Xuân","tru_so":"đang cập nhật","loai":"Xã","cap":2,"stt":17,"dtich_km2":45.58,"dan_so":51949,"matdo_km2":1139.73,"ma_tinh":"92","ten_tinh":"Cần Thơ"}},
{"type":"Feature","geometry":{"type":"Polygon","coordinates":[[[105.9794,9.8846],[105.9728,9.8879],[105.9689,9.8917],[105.9642,9.8982],[105.9595,9.9029],[105.9514,9.9073],[105.9473,9.9104],[105.9393,9.9155],[105.932,9.9212],[105.9216,9.9299],[105.9143,9.9327],[105.9059,9.933],[105.9134,9.9227],[105.9278,9.9069],[105.9309,9.904],[105.9508,9.8869],[105.9536,9.8854],[105.9569,9.8851],[105.9616,9.8835],[105.9688,9.8782],[105.9731,9.8744],[105.9813,9.8654],[105.9894,9.8592],[105.9969,9.8556],[105.9991,9.856],[105.9964,9.8645],[105.9944,9.868],[105.9897,9.8727],[105.9794,9.8846]]]},"properties":{"ma_xa":"31537","ten_xa":"Phong Nẫm","sap_nhap":"Phong Nẫm","tru_so":"đang cập nhật","loai":"Xã","cap":2,"stt":73,"dtich_km2":17.3,"dan_so":6416,"matdo_km2":370.87,"ma_tinh":"92","ten_tinh":"Cần Thơ"}},
{"type":"Feature","geometry":{"type":"Polygon","coordinates":[[[105.8802,9.9216],[105.8754,9.9233],[105.8734,9.9214],[105.8709,9.9228],[105.8682,9.9203],[105.8664,9.9203],[105.8625,9.9292],[105.8594,9.9276],[105.8556,9.9311],[105.8505,9.9346],[105.8379,9.9469],[105.8337,9.9406],[105.8303,9.9369],[105.8183,9.9277],[105.8158,9.9218],[105.8168,9.9189],[105.8234,9.9166],[105.821,9.9086],[105.819,9.909],[105.8149,9.906],[105.814,9.9024],[105.8075,9.9049],[105.8066,9.9078],[105.7981,9.9058],[105.7905,9.9046],[105.7898,9.9129],[105.7879,9.9144],[105.7868,9.9148],[105.7798,9.9096],[105.7786,9.9058],[105.775,9.9053],[105.7726,9.9023],[105.7704,9.9042],[105.7684,9.9035],[105.7693,9.8996],[105.7697,9.893],[105.7722,9.8926],[105.7762,9.8816],[105.7759,9.8754],[105.775,9.8723],[105.7762,9.8694],[105.7789,9.8663],[105.7824,9.8663],[105.7864,9.8634],[105.7856,9.8607],[105.79,9.8599],[105.7927,9.863],[105.794,9.8667],[105.7961,9.8688],[105.7976,9.8664],[105.8009,9.8666],[105.8075,9.8643],[105.8102,9.8627],[105.8116,9.8717],[105.8119,9.8766],[105.8102,9.8779],[105.8112,9.8811],[105.8165,9.8826],[105.8256,9.8826],[105.8302,9.8805],[105.8283,9.8749],[105.8365,9.8734],[105.8452,9.8724],[105.847,9.8699],[105.8516,9.8683],[105.8556,9.8683],[105.8577,9.8669],[105.8611,9.8665],[105.8619,9.8695],[105.8646,9.8712],[105.8671,9.8705],[105.8677,9.8732],[105.8698,9.8753],[105.8685,9.8771],[105.8691,9.8805],[105.8713,9.8832],[105.8687,9.8848],[105.8719,9.8901],[105.8687,9.8911],[105.8722,9.8962],[105.874,9.9008],[105.8714,9.902],[105.8734,9.9059],[105.8727,9.9091],[105.8741,9.91],[105.8756,9.9166],[105.8807,9.9186],[105.8802,9.9216]]]},"properties":{"ma_xa":"31378","ten_xa":"Phú Hữu","sap_nhap":"Phú Tân, Đông Phước, Phú Hữu","tru_so":"đang cập nhật","loai":"Xã","cap":2,"stt":51,"dtich_km2":60.54,"dan_so":41254,"matdo_km2":681.43,"ma_tinh":"92","ten_tinh":"Cần Thơ"}},
{"type":"Feature","geometry":{"type":"Polygon","coordinates":[[[105.7177,9.4779],[105.7151,9.4774],[105.7139,9.4795],[105.7109,9.4788],[105.709,9.4828],[105.7049,9.4796],[105.6997,9.4785],[105.6964,9.4829],[105.6949,9.4809],[105.691,9.4797],[105.6889,9.4823],[105.6863,9.4837],[105.6836,9.4864],[105.6823,9.4837],[105.6795,9.4841],[105.6769,9.4827],[105.6775,9.479],[105.6748,9.4776],[105.6712,9.4785],[105.6698,9.4765],[105.6664,9.4772],[105.6672,9.4733],[105.6658,9.4724],[105.6654,9.464],[105.6666,9.4623],[105.6672,9.4577],[105.6718,9.4562],[105.6747,9.4537],[105.6759,9.4512],[105.6748,9.4391],[105.6688,9.4413],[105.669,9.4153],[105.6733,9.4159],[105.674,9.4102],[105.6725,9.4068],[105.696,9.3925],[105.7066,9.3837],[105.7071,9.3909],[105.7079,9.3946],[105.7051,9.3965],[105.7097,9.3974],[105.7117,9.3939],[105.7145,9.3937],[105.7156,9.3914],[105.7236,9.3903],[105.7244,9.3931],[105.7282,9.3957],[105.732,9.3939],[105.7334,9.3952],[105.7373,9.3952],[105.7377,9.3982],[105.7369,9.4016],[105.7426,9.4022],[105.7478,9.4071],[105.7509,9.4064],[105.752,9.4083],[105.755,9.4076],[105.757,9.4096],[105.7622,9.4124],[105.7654,9.4098],[105.7668,9.411],[105.7661,9.4142],[105.7687,9.4177],[105.7708,9.4188],[105.7694,9.4228],[105.7671,9.4244],[105.7652,9.4222],[105.7636,9.4248],[105.7599,9.4276],[105.7576,9.4272],[105.7551,9.4288],[105.7534,9.4335],[105.7551,9.4374],[105.7576,9.4381],[105.7568,9.4408],[105.7582,9.4423],[105.762,9.4426],[105.7617,9.4494],[105.7606,9.4524],[105.7374,9.4525],[105.7248,9.4745],[105.7228,9.4737],[105.7177,9.4779]]]},"properties":{"ma_xa":"31756","ten_xa":"Phú Lộc","sap_nhap":"Hưng Lợi (thị trấn), Phú Lộc (thị trấn), Thạnh Trị","tru_so":"đang cập nhật","loai":"Xã","cap":2,"stt":94,"dtich_km2":80.15,"dan_so":50929,"matdo_km2":635.42,"ma_tinh":"92","ten_tinh":"Cần Thơ"}},
{"type":"Feature","geometry":{"type":"Polygon","coordinates":[[[106.0241,9.6056],[106.0202,9.6091],[106.014,9.6083],[105.9804,9.6056],[105.9691,9.6075],[105.9635,9.6145],[105.9607,9.6142],[105.9598,9.6114],[105.9607,9.6063],[105.9584,9.6043],[105.9541,9.6043],[105.9506,9.601],[105.9508,9.599],[105.9428,9.5992],[105.945,9.5949],[105.9556,9.5864],[105.9531,9.5777],[105.9567,9.5747],[105.9586,9.5772],[105.965,9.5741],[105.9638,9.5722],[105.9683,9.5714],[105.9738,9.5731],[105.9888,9.5785],[105.9904,9.5742],[105.9972,9.5774],[106.0015,9.5767],[105.9979,9.572],[106.003,9.5714],[106.007,9.5697],[106.0102,9.5724],[106.0128,9.5763],[106.0145,9.5804],[106.0172,9.5891],[106.0191,9.593],[106.0254,9.6042],[106.0241,9.6056]]]},"properties":{"ma_xa":"31510","ten_xa":"Phú Lợi","sap_nhap":"Phường 1, Phường 2, Phường 3 (thành phố Sóc Trăng), Phường 4 ","tru_so":"đang cập nhật","loai":"Phường","cap":2,"stt":61,"dtich_km2":26.79,"dan_so":95516,"matdo_km2":3565.36,"ma_tinh":"92","ten_tinh":"Cần Thơ"}},
{"type":"Feature","geometry":{"type":"Polygon","coordinates":[[[105.9732,9.737],[105.9702,9.7397],[105.9647,9.74],[105.9503,9.74],[105.9471,9.736],[105.9407,9.7362],[105.9372,9.7371],[105.9343,9.7365],[105.9312,9.7374],[105.9246,9.7377],[105.9217,9.7366],[105.9159,9.7364],[105.9137,9.7374],[105.9098,9.744],[105.9055,9.749],[105.9016,9.752],[105.8991,9.7447],[105.8972,9.7371],[105.9026,9.7346],[105.9012,9.7278],[105.9037,9.7257],[105.8929,9.711],[105.8912,9.7004],[105.8865,9.6964],[105.8938,9.6958],[105.9005,9.6934],[105.9042,9.6963],[105.9066,9.6929],[105.9088,9.6939],[105.9098,9.698],[105.9112,9.6997],[105.9234,9.7092],[105.9275,9.7036],[105.9301,9.703],[105.9327,9.6986],[105.9362,9.6996],[105.9383,9.6989],[105.9396,9.6963],[105.944,9.6909],[105.9495,9.6893],[105.9507,9.6878],[105.9542,9.6872],[105.9602,9.6877],[105.9642,9.6872],[105.9679,9.6889],[105.9717,9.6894],[105.975,9.6885],[105.9791,9.6846],[105.9864,9.6843],[105.99,9.6845],[105.9926,9.6858],[105.9937,9.6885],[105.9921,9.6914],[105.9925,9.6932],[105.996,9.696],[105.9965,9.6994],[105.9935,9.6997],[105.9951,9.7043],[105.9973,9.7075],[105.9964,9.7106],[105.9947,9.7118],[105.9925,9.7164],[105.9871,9.718],[105.9799,9.7176],[105.968,9.7194],[105.9732,9.737]]]},"properties":{"ma_xa":"31569","ten_xa":"Phú Tâm","sap_nhap":"Châu Thành (thị trấn), Phú Tâm","tru_so":"đang cập nhật","loai":"Xã","cap":2,"stt":78,"dtich_km2":48.88,"dan_so":33318,"matdo_km2":681.63,"ma_tinh":"92","ten_tinh":"Cần Thơ"}},
{"type":"Feature","geometry":{"type":"Polygon","coordinates":[[[105.7674,9.8378],[105.7639,9.8366],[105.7556,9.8364],[105.7555,9.8387],[105.7519,9.839],[105.7519,9.8406],[105.7387,9.8337],[105.7305,9.8298],[105.7215,9.8241],[105.7183,9.825],[105.7278,9.8414],[105.7274,9.842],[105.7199,9.84],[105.709,9.8376],[105.711,9.8643],[105.7084,9.8635],[105.6889,9.8529],[105.6984,9.8357],[105.6494,9.8274],[105.6492,9.8127],[105.6829,9.7769],[105.7028,9.7895],[105.7204,9.801],[105.7254,9.7933],[105.7359,9.8001],[105.7488,9.8048],[105.7679,9.8072],[105.7666,9.7997],[105.7671,9.7985],[105.7737,9.7973],[105.776,9.7934],[105.7794,9.7942],[105.7889,9.7976],[105.7865,9.799],[105.7862,9.8013],[105.788,9.8096],[105.7875,9.8117],[105.7887,9.817],[105.7863,9.8191],[105.7843,9.8226],[105.782,9.824],[105.7798,9.825],[105.7782,9.8289],[105.7703,9.8255],[105.7666,9.8332],[105.7674,9.8378]]]},"properties":{"ma_xa":"31420","ten_xa":"Phụng Hiệp","sap_nhap":"Hòa Mỹ, Phụng Hiệp","tru_so":"đang cập nhật","loai":"Xã","cap":2,"stt":59,"dtich_km2":66.78,"dan_so":33408,"matdo_km2":500.27,"ma_tinh":"92","ten_tinh":"Cần Thơ"}},
{"type":"Feature","geometry":{"type":"Polygon","coordinates":[[[105.708,10.1186],[105.7003,10.124],[105.6947,10.1266],[105.6816,10.1348],[105.6663,10.1447],[105.6599,10.1358],[105.6646,10.1327],[105.6612,10.1305],[105.6598,10.1242],[105.6564,10.124],[105.6493,10.1171],[105.6505,10.116],[105.6464,10.1124],[105.653,10.1105],[105.6523,10.1022],[105.6496,10.1006],[105.6473,10.1007],[105.642,10.0979],[105.6407,10.0997],[105.6354,10.0959],[105.6318,10.0953],[105.6322,10.0922],[105.6277,10.0909],[105.628,10.0878],[105.6309,10.0818],[105.6294,10.0814],[105.6259,10.0843],[105.6192,10.0822],[105.6169,10.0787],[105.6169,10.074],[105.6179,10.0708],[105.624,10.0712],[105.6268,10.07],[105.6257,10.0671],[105.6257,10.0638],[105.6271,10.057],[105.6254,10.0487],[105.6267,10.0427],[105.6305,10.0445],[105.6316,10.0462],[105.6382,10.0505],[105.6411,10.0474],[105.6431,10.0481],[105.6438,10.0515],[105.6464,10.0541],[105.6523,10.0515],[105.6556,10.0511],[105.6592,10.0489],[105.663,10.0482],[105.6648,10.0491],[105.6734,10.0492],[105.6739,10.0527],[105.6711,10.0566],[105.6706,10.064],[105.6726,10.0643],[105.6727,10.0677],[105.6665,10.0741],[105.6659,10.0787],[105.6673,10.0836],[105.6722,10.0809],[105.6786,10.0802],[105.6805,10.0819],[105.6845,10.0828],[105.693,10.0872],[105.6954,10.091],[105.7045,10.0974],[105.7016,10.0998],[105.7014,10.1028],[105.703,10.105],[105.7018,10.1091],[105.7032,10.1118],[105.7057,10.1129],[105.7097,10.1175],[105.708,10.1186]]]},"properties":{"ma_xa":"31162","ten_xa":"Phước Thới","sap_nhap":"Trường Lạc, Phước Thới","tru_so":"đang cập nhật","loai":"Phường","cap":2,"stt":12,"dtich_km2":53.11,"dan_so":46788,"matdo_km2":880.96,"ma_tinh":"92","ten_tinh":"Cần Thơ"}},
{"type":"Feature","geometry":{"type":"Polygon","coordinates":[[[105.7365,9.72],[105.727,9.7146],[105.721,9.7249],[105.7072,9.751],[105.6945,9.7644],[105.6907,9.7628],[105.679,9.757],[105.6727,9.759],[105.6666,9.7564],[105.6647,9.7575],[105.6628,9.7555],[105.6634,9.7522],[105.661,9.751],[105.657,9.7511],[105.6529,9.7471],[105.649,9.7481],[105.6495,9.7498],[105.6491,9.7559],[105.6414,9.7561],[105.6414,9.7546],[105.6375,9.7543],[105.6268,9.7473],[105.6151,9.74],[105.616,9.7323],[105.6189,9.7269],[105.6235,9.7244],[105.6271,9.7234],[105.6449,9.7145],[105.6598,9.7086],[105.6655,9.7053],[105.6715,9.7021],[105.6752,9.696],[105.6745,9.6929],[105.6877,9.6562],[105.6878,9.6533],[105.6909,9.654],[105.6971,9.6598],[105.7095,9.6681],[105.7413,9.6879],[105.7569,9.6979],[105.7403,9.7156],[105.7365,9.72]]]},"properties":{"ma_xa":"31426","ten_xa":"Phương Bình","sap_nhap":"Phương Phú, Phương Bình","tru_so":"đang cập nhật","loai":"Xã","cap":2,"stt":56,"dtich_km2":85.87,"dan_so":33937,"matdo_km2":395.21,"ma_tinh":"92","ten_tinh":"Cần Thơ"}},
{"type":"Feature","geometry":{"type":"Polygon","coordinates":[[[106.027,9.649],[106.0231,9.6499],[106.022,9.6513],[106.0073,9.6509],[106.0086,9.6564],[106.0013,9.6586],[106.0007,9.6574],[105.9962,9.6579],[105.9923,9.6573],[105.9892,9.6606],[105.9859,9.6565],[105.9827,9.6567],[105.981,9.6557],[105.9799,9.6491],[105.9816,9.6469],[105.9778,9.6421],[105.9724,9.6311],[105.9671,9.6329],[105.966,9.6405],[105.9595,9.6427],[105.9531,9.6369],[105.9546,9.6361],[105.9529,9.633],[105.9537,9.6319],[105.9511,9.6281],[105.9491,9.6237],[105.9396,9.6083],[105.9416,9.6038],[105.9428,9.5992],[105.9508,9.599],[105.9506,9.601],[105.9541,9.6043],[105.9584,9.6043],[105.9607,9.6063],[105.9598,9.6114],[105.9607,9.6142],[105.9635,9.6145],[105.9691,9.6075],[105.9804,9.6056],[106.014,9.6083],[106.0202,9.6091],[106.0241,9.6056],[106.0351,9.6196],[106.0411,9.6307],[106.04,9.6315],[106.0235,9.633],[106.0193,9.6343],[106.0203,9.6379],[106.0221,9.6398],[106.0223,9.6439],[106.0265,9.6467],[106.027,9.649]]]},"properties":{"ma_xa":"31507","ten_xa":"Sóc Trăng","sap_nhap":"Phường 5, Phường 6, Phường 7, Phường 8","tru_so":"đang cập nhật","loai":"Phường","cap":2,"stt":62,"dtich_km2":41.67,"dan_so":61253,"matdo_km2":1469.95,"ma_tinh":"92","ten_tinh":"Cần Thơ"}},
{"type":"Feature","geometry":{"type":"Polygon","coordinates":[[[106.0634,9.5799],[106.0605,9.5807],[106.0556,9.5847],[106.0539,9.5828],[106.0498,9.5821],[106.0451,9.5825],[106.0413,9.5814],[106.0404,9.5788],[106.0385,9.5794],[106.0394,9.5834],[106.0323,9.5813],[106.032,9.5855],[106.0287,9.5847],[106.0261,9.5852],[106.0245,9.5826],[106.022,9.5819],[106.0209,9.5836],[106.0181,9.5842],[106.0165,9.5808],[106.0145,9.5804],[106.0128,9.5763],[106.0102,9.5724],[106.007,9.5697],[106.003,9.5714],[105.9979,9.572],[105.9957,9.5704],[105.9961,9.5682],[105.9993,9.5682],[106.0026,9.5659],[106.0032,9.5628],[106.0018,9.5615],[106.0005,9.5573],[106.0025,9.5542],[106.0044,9.5479],[106.0091,9.5384],[106.0071,9.5337],[106.0134,9.5334],[106.0242,9.5355],[106.0316,9.5285],[106.0338,9.527],[106.0334,9.5175],[106.0422,9.5091],[106.0402,9.5082],[106.0383,9.5056],[106.0394,9.5011],[106.0429,9.4983],[106.0459,9.495],[106.0462,9.4911],[106.0544,9.4938],[106.058,9.4937],[106.0655,9.4946],[106.0774,9.4942],[106.0814,9.5053],[106.0854,9.5196],[106.0917,9.5415],[106.0954,9.554],[106.0912,9.5538],[106.0903,9.5566],[106.0862,9.5556],[106.0845,9.5578],[106.0783,9.5613],[106.076,9.5642],[106.0738,9.5642],[106.0718,9.567],[106.0737,9.5679],[106.0731,9.5705],[106.0707,9.5717],[106.0694,9.574],[106.0649,9.5743],[106.0653,9.5782],[106.0634,9.5799]]]},"properties":{"ma_xa":"31687","ten_xa":"Tài Văn","sap_nhap":"Viên An, Tài Văn","tru_so":"đang cập nhật","loai":"Xã","cap":2,"stt":98,"dtich_km2":68.07,"dan_so":34490,"matdo_km2":506.68,"ma_tinh":"92","ten_tinh":"Cần Thơ"}},
{"type":"Feature","geometry":{"type":"Polygon","coordinates":[[[105.7692,10.0385],[105.7668,10.0399],[105.7627,10.0443],[105.7608,10.045],[105.7582,10.0437],[105.7548,10.0453],[105.7525,10.0462],[105.7482,10.0391],[105.7438,10.0325],[105.7487,10.0304],[105.752,10.0247],[105.7525,10.022],[105.7511,10.0179],[105.7518,10.0144],[105.7538,10.0134],[105.7561,10.0086],[105.7638,10.0061],[105.7673,10.0072],[105.7726,10.0134],[105.774,10.0169],[105.7742,10.0199],[105.7714,10.0207],[105.768,10.0252],[105.7638,10.0276],[105.7622,10.03],[105.7646,10.033],[105.7675,10.0348],[105.7692,10.0385]]]},"properties":{"ma_xa":"31147","ten_xa":"Tân An","sap_nhap":"An Khánh, Hưng Lợi","tru_so":"đang cập nhật","loai":"Phường","cap":2,"stt":3,"dtich_km2":8.06,"dan_so":85997,"matdo_km2":10669.6,"ma_tinh":"92","ten_tinh":"Cần Thơ"}},
{"type":"Feature","geometry":{"type":"Polygon","coordinates":[[[105.6492,9.8127],[105.6494,9.8274],[105.6984,9.8357],[105.6889,9.8529],[105.6651,9.8954],[105.6627,9.8995],[105.6561,9.9091],[105.6513,9.9166],[105.6438,9.9247],[105.6363,9.9195],[105.644,9.9079],[105.6188,9.8909],[105.5934,9.8668],[105.5916,9.8653],[105.5917,9.8653],[105.626,9.8338],[105.6492,9.8127]]]},"properties":{"ma_xa":"31399","ten_xa":"Tân Bình","sap_nhap":"Bình Thành, Tân Bình","tru_so":"đang cập nhật","loai":"Xã","cap":2,"stt":54,"dtich_km2":61.85,"dan_so":38032,"matdo_km2":614.91,"ma_tinh":"92","ten_tinh":"Cần Thơ"}},
{"type":"Feature","geometry":{"type":"Polygon","coordinates":[[[105.6704,9.9396],[105.6602,9.9492],[105.6586,9.9503],[105.6714,9.9614],[105.6736,9.9642],[105.6683,9.9665],[105.658,9.9663],[105.659,9.9706],[105.6474,9.9759],[105.6461,9.9729],[105.6471,9.97],[105.6456,9.9676],[105.6455,9.9647],[105.6413,9.9604],[105.6381,9.9585],[105.6344,9.9598],[105.6298,9.9566],[105.6285,9.9497],[105.619,9.9457],[105.6179,9.9447],[105.5958,9.9303],[105.56,9.8944],[105.5641,9.8907],[105.5638,9.8896],[105.5758,9.8793],[105.5778,9.8781],[105.5916,9.8653],[105.5934,9.8668],[105.6188,9.8909],[105.644,9.9079],[105.6363,9.9195],[105.6438,9.9247],[105.6483,9.9276],[105.6501,9.9251],[105.6547,9.9254],[105.661,9.9297],[105.6609,9.9308],[105.6639,9.9336],[105.6688,9.9352],[105.6688,9.9381],[105.6704,9.9396]]]},"properties":{"ma_xa":"31342","ten_xa":"Tân Hòa","sap_nhap":"Một Ngàn (thị trấn), Bảy Ngàn (thị trấn), Nhơn Nghĩa A, Tân Hòa","tru_so":"đang cập nhật","loai":"Xã","cap":2,"stt":47,"dtich_km2":58.6,"dan_so":50989,"matdo_km2":870.12,"ma_tinh":"92","ten_tinh":"Cần Thơ"}},
{"type":"Feature","geometry":{"type":"Polygon","coordinates":[[[105.6014,10.2031],[105.6116,10.193],[105.6155,10.19],[105.623,10.1869],[105.6267,10.1871],[105.6214,10.1998],[105.6168,10.213],[105.6126,10.2213],[105.6084,10.2277],[105.5999,10.239],[105.5929,10.2465],[105.586,10.2528],[105.5738,10.2645],[105.5711,10.2676],[105.5645,10.2735],[105.559,10.2779],[105.5449,10.2905],[105.5307,10.2991],[105.5162,10.3061],[105.5154,10.3008],[105.517,10.2971],[105.5236,10.2868],[105.5276,10.2821],[105.5367,10.2726],[105.5537,10.2592],[105.5582,10.2549],[105.5634,10.2476],[105.5692,10.2418],[105.5778,10.2316],[105.5874,10.2176],[105.5923,10.2119],[105.6014,10.2031]]]},"properties":{"ma_xa":"31213","ten_xa":"Tân Lộc","sap_nhap":"Tân Lộc","tru_so":"đang cập nhật","loai":"Phường","cap":2,"stt":16,"dtich_km2":33.4,"dan_so":35621,"matdo_km2":1066.5,"ma_tinh":"92","ten_tinh":"Cần Thơ"}},
{"type":"Feature","geometry":{"type":"Polygon","coordinates":[[[105.6759,9.5803],[105.6708,9.5803],[105.6689,9.5817],[105.6648,9.5802],[105.662,9.5799],[105.6611,9.5677],[105.6401,9.5683],[105.6293,9.5658],[105.6237,9.5673],[105.6226,9.5628],[105.6178,9.554],[105.6277,9.5484],[105.6234,9.5418],[105.6214,9.5396],[105.6134,9.5436],[105.6087,9.5339],[105.607,9.525],[105.6054,9.52],[105.6056,9.5184],[105.6038,9.5095],[105.5999,9.5034],[105.6089,9.4994],[105.614,9.4962],[105.6229,9.4898],[105.6259,9.4941],[105.6345,9.4893],[105.6359,9.4915],[105.6378,9.49],[105.6415,9.4948],[105.6453,9.4942],[105.6477,9.4925],[105.6511,9.4941],[105.6561,9.4944],[105.6623,9.4902],[105.6638,9.4868],[105.6644,9.4823],[105.6664,9.4772],[105.6698,9.4765],[105.6712,9.4785],[105.6748,9.4776],[105.6775,9.479],[105.6769,9.4827],[105.6795,9.4841],[105.6823,9.4837],[105.6836,9.4864],[105.6863,9.4837],[105.6889,9.4823],[105.691,9.4797],[105.6949,9.4809],[105.6964,9.4829],[105.6997,9.4785],[105.7049,9.4796],[105.709,9.4828],[105.7109,9.4788],[105.7139,9.4795],[105.7151,9.4774],[105.7177,9.4779],[105.7184,9.4816],[105.7159,9.4868],[105.713,9.4896],[105.7127,9.4938],[105.7161,9.4929],[105.7243,9.4925],[105.7281,9.4933],[105.7282,9.4976],[105.7338,9.5008],[105.7335,9.511],[105.7315,9.5217],[105.7386,9.525],[105.7377,9.5306],[105.7361,9.5327],[105.7361,9.5361],[105.7352,9.5401],[105.7329,9.5426],[105.7319,9.5482],[105.7306,9.5479],[105.7026,9.5387],[105.6891,9.5362],[105.6837,9.5356],[105.6764,9.5597],[105.6772,9.5627],[105.675,9.5683],[105.6759,9.5803]]]},"properties":{"ma_xa":"31741","ten_xa":"Tân Long","sap_nhap":"Thạnh Tân, Long Bình, Tân Long","tru_so":"đang cập nhật","loai":"Xã","cap":2,"stt":91,"dtich_km2":102.12,"dan_so":35492,"matdo_km2":347.55,"ma_tinh":"92","ten_tinh":"Cần Thơ"}},
{"type":"Feature","geometry":{"type":"Polygon","coordinates":[[[105.8448,9.7641],[105.8386,9.7731],[105.838,9.7729],[105.8307,9.7798],[105.8279,9.7838],[105.8146,9.7888],[105.7972,9.7959],[105.7835,9.7665],[105.7786,9.7567],[105.7726,9.7435],[105.7692,9.7421],[105.7614,9.737],[105.7604,9.7385],[105.7359,9.7234],[105.7365,9.72],[105.7403,9.7156],[105.7569,9.6979],[105.7695,9.7056],[105.7774,9.7101],[105.7799,9.7099],[105.8,9.7218],[105.8342,9.7423],[105.8364,9.7434],[105.8434,9.7488],[105.8435,9.7522],[105.8439,9.7585],[105.8448,9.7641]]]},"properties":{"ma_xa":"31432","ten_xa":"Tân Phước Hưng","sap_nhap":"Búng Tàu (thị trấn), Tân Phước Hưng","tru_so":"đang cập nhật","loai":"Xã","cap":2,"stt":57,"dtich_km2":57.77,"dan_so":25745,"matdo_km2":445.65,"ma_tinh":"92","ten_tinh":"Cần Thơ"}},
{"type":"Feature","geometry":{"type":"Polygon","coordinates":[[[106.1079,9.6508],[106.1068,9.6528],[106.1029,9.6521],[106.1019,9.6544],[106.0971,9.659],[106.0953,9.6619],[106.0918,9.6718],[106.0892,9.6724],[106.0887,9.6746],[106.0773,9.6739],[106.0747,9.6683],[106.0748,9.6668],[106.0695,9.6667],[106.0682,9.662],[106.0657,9.6633],[106.0643,9.6619],[106.0576,9.6608],[106.0472,9.664],[106.0477,9.6573],[106.0463,9.6547],[106.042,9.6575],[106.0355,9.6591],[106.0337,9.6575],[106.0335,9.6533],[106.0309,9.6509],[106.027,9.649],[106.0265,9.6467],[106.0223,9.6439],[106.0221,9.6398],[106.0203,9.6379],[106.0193,9.6343],[106.0235,9.633],[106.04,9.6315],[106.0411,9.6307],[106.0351,9.6196],[106.0241,9.6056],[106.0254,9.6042],[106.0191,9.593],[106.0172,9.5891],[106.0145,9.5804],[106.0165,9.5808],[106.0181,9.5842],[106.0209,9.5836],[106.022,9.5819],[106.0245,9.5826],[106.0261,9.5852],[106.0287,9.5847],[106.032,9.5855],[106.0323,9.5813],[106.0394,9.5834],[106.0385,9.5794],[106.0404,9.5788],[106.0413,9.5814],[106.0451,9.5825],[106.0498,9.5821],[106.0539,9.5828],[106.0556,9.5847],[106.0605,9.5807],[106.0634,9.5799],[106.0664,9.5799],[106.0701,9.5813],[106.0793,9.5811],[106.0822,9.5816],[106.0821,9.5864],[106.0982,9.5883],[106.1007,9.6127],[106.099,9.6131],[106.0976,9.6496],[106.1015,9.6495],[106.1079,9.6508]]]},"properties":{"ma_xa":"31666","ten_xa":"Tân Thạnh","sap_nhap":"Tân Hưng, Châu Khánh, Tân Thạnh","tru_so":"đang cập nhật","loai":"Xã","cap":2,"stt":70,"dtich_km2":70.8,"dan_so":35806,"matdo_km2":505.73,"ma_tinh":"92","ten_tinh":"Cần Thơ"}},
{"type":"Feature","geometry":{"type":"Polygon","coordinates":[[[105.3566,10.1469],[105.3344,10.1684],[105.3355,10.1696],[105.3316,10.1735],[105.3258,10.1675],[105.323,10.1702],[105.2964,10.203],[105.3086,10.2158],[105.2927,10.2372],[105.2818,10.2533],[105.2746,10.2465],[105.2671,10.239],[105.2609,10.2459],[105.2531,10.2386],[105.2428,10.2248],[105.2394,10.2191],[105.2312,10.2085],[105.2258,10.201],[105.2339,10.1942],[105.2498,10.1819],[105.2643,10.1699],[105.2759,10.1608],[105.2886,10.1485],[105.2982,10.1386],[105.3033,10.1437],[105.3106,10.1347],[105.3169,10.1413],[105.3269,10.13],[105.3318,10.125],[105.3526,10.1011],[105.3531,10.1007],[105.3459,10.1364],[105.3566,10.1469]]]},"properties":{"ma_xa":"31231","ten_xa":"Thạnh An","sap_nhap":"Thạnh An (thị trấn), Thạnh Lợi, Thạnh Thắng","tru_so":"đang cập nhật","loai":"Xã","cap":2,"stt":31,"dtich_km2":85.97,"dan_so":30682,"matdo_km2":356.89,"ma_tinh":"92","ten_tinh":"Cần Thơ"}},
{"type":"Feature","geometry":{"type":"Polygon","coordinates":[[[105.7697,9.893],[105.7647,9.8942],[105.7596,9.8977],[105.7567,9.9025],[105.7564,9.9063],[105.7539,9.9059],[105.7543,9.9093],[105.7503,9.9119],[105.7469,9.9116],[105.7333,9.9178],[105.7217,9.9228],[105.7029,9.9131],[105.6974,9.9129],[105.6651,9.8954],[105.6889,9.8529],[105.7084,9.8635],[105.711,9.8643],[105.709,9.8376],[105.7199,9.84],[105.7274,9.842],[105.7278,9.8414],[105.7183,9.825],[105.7215,9.8241],[105.7305,9.8298],[105.7387,9.8337],[105.7519,9.8406],[105.7519,9.839],[105.7555,9.8387],[105.7556,9.8364],[105.7639,9.8366],[105.7674,9.8378],[105.7686,9.8504],[105.7745,9.8498],[105.7743,9.8513],[105.7817,9.8557],[105.7889,9.8572],[105.79,9.8599],[105.7856,9.8607],[105.7864,9.8634],[105.7824,9.8663],[105.7789,9.8663],[105.7762,9.8694],[105.775,9.8723],[105.7759,9.8754],[105.7762,9.8816],[105.7722,9.8926],[105.7697,9.893]]]},"properties":{"ma_xa":"31408","ten_xa":"Thạnh Hòa","sap_nhap":"Long Thạnh, Tân Long, Thạnh Hòa","tru_so":"đang cập nhật","loai":"Xã","cap":2,"stt":60,"dtich_km2":81.36,"dan_so":63248,"matdo_km2":777.38,"ma_tinh":"92","ten_tinh":"Cần Thơ"}},
{"type":"Feature","geometry":{"type":"Polygon","coordinates":[[[105.3645,10.0733],[105.3647,10.0735],[105.4196,10.0932],[105.4179,10.1015],[105.4265,10.1047],[105.4262,10.1061],[105.4304,10.1075],[105.4296,10.1109],[105.432,10.113],[105.4436,10.1062],[105.4654,10.1211],[105.4653,10.1376],[105.4576,10.1533],[105.4545,10.1593],[105.4556,10.1645],[105.454,10.1654],[105.4545,10.1741],[105.4581,10.1763],[105.4595,10.1832],[105.4569,10.1835],[105.4414,10.1854],[105.4149,10.1628],[105.4142,10.1664],[105.3911,10.1647],[105.3897,10.1627],[105.3722,10.1618],[105.3715,10.1615],[105.3566,10.1469],[105.3459,10.1364],[105.3531,10.1007],[105.3526,10.1011],[105.3567,10.0813],[105.3582,10.0805],[105.3613,10.0762],[105.3645,10.0733]]]},"properties":{"ma_xa":"31249","ten_xa":"Thạnh Phú","sap_nhap":"Thạnh Phú","tru_so":"đang cập nhật","loai":"Xã","cap":2,"stt":26,"dtich_km2":99.07,"dan_so":25699,"matdo_km2":259.4,"ma_tinh":"92","ten_tinh":"Cần Thơ"}},
{"type":"Feature","geometry":{"type":"Polygon","coordinates":[[[105.3153,10.2684],[105.312,10.2739],[105.3066,10.2689],[105.3015,10.277],[105.2915,10.2673],[105.2921,10.2665],[105.2875,10.262],[105.2889,10.2599],[105.2818,10.2533],[105.2927,10.2372],[105.3086,10.2158],[105.2964,10.203],[105.323,10.1702],[105.3258,10.1675],[105.3316,10.1735],[105.3355,10.1696],[105.3344,10.1684],[105.3566,10.1469],[105.3715,10.1615],[105.3722,10.1618],[105.3897,10.1627],[105.3911,10.1647],[105.4142,10.1664],[105.4116,10.179],[105.405,10.2051],[105.3994,10.2048],[105.3982,10.2109],[105.3964,10.2168],[105.3953,10.2173],[105.3837,10.219],[105.3871,10.2225],[105.3841,10.2275],[105.3839,10.249],[105.3811,10.2481],[105.3362,10.2345],[105.3213,10.2585],[105.3153,10.2684]]]},"properties":{"ma_xa":"31246","ten_xa":"Thạnh Quới","sap_nhap":"Thạnh Tiến, Thạnh An, Thạnh Quới","tru_so":"đang cập nhật","loai":"Xã","cap":2,"stt":32,"dtich_km2":103.86,"dan_so":39110,"matdo_km2":376.56,"ma_tinh":"92","ten_tinh":"Cần Thơ"}},
{"type":"Feature","geometry":{"type":"Polygon","coordinates":[[[106.0071,9.5337],[106.0049,9.5327],[106.0029,9.5342],[106.0039,9.5363],[106.0006,9.5368],[105.998,9.5398],[105.9968,9.5382],[105.9925,9.5387],[105.9918,9.5403],[105.9845,9.5388],[105.9815,9.5397],[105.9799,9.5386],[105.979,9.5349],[105.9799,9.5328],[105.983,9.5315],[105.9841,9.5286],[105.9769,9.5225],[105.9722,9.5171],[105.9675,9.5159],[105.9658,9.5111],[105.9672,9.5044],[105.9703,9.5035],[105.9727,9.5014],[105.9728,9.4987],[105.9702,9.4949],[105.9703,9.4915],[105.9737,9.4861],[105.9734,9.4831],[105.9719,9.4817],[105.9663,9.4793],[105.9646,9.4766],[105.9673,9.4749],[105.9714,9.4754],[105.9725,9.4733],[105.9704,9.4689],[105.9701,9.4627],[105.9714,9.459],[105.9742,9.4537],[105.9748,9.4502],[105.9747,9.4439],[105.9753,9.4372],[105.9723,9.4305],[105.9741,9.4281],[105.9783,9.4284],[105.9842,9.4249],[105.9892,9.4245],[105.993,9.4256],[105.9973,9.4284],[106.0002,9.4315],[106.0041,9.4338],[106.01,9.434],[106.0162,9.4318],[106.0184,9.4327],[106.0245,9.4376],[106.0295,9.4441],[106.0366,9.45],[106.0391,9.4513],[106.0416,9.4512],[106.0466,9.4484],[106.0487,9.4485],[106.0463,9.4564],[106.0494,9.462],[106.05,9.465],[106.0545,9.4657],[106.0565,9.4732],[106.0553,9.4769],[106.0462,9.4796],[106.0517,9.4837],[106.0487,9.4845],[106.0478,9.4873],[106.0457,9.4873],[106.0462,9.4911],[106.0459,9.495],[106.0429,9.4983],[106.0394,9.5011],[106.0383,9.5056],[106.0402,9.5082],[106.0422,9.5091],[106.0334,9.5175],[106.0338,9.527],[106.0316,9.5285],[106.0242,9.5355],[106.0134,9.5334],[106.0071,9.5337]]]},"properties":{"ma_xa":"31699","ten_xa":"Thạnh Thới An","sap_nhap":"Thạnh Thới Thuận, Thạnh Thới An","tru_so":"đang cập nhật","loai":"Xã","cap":2,"stt":97,"dtich_km2":87.15,"dan_so":29019,"matdo_km2":332.98,"ma_tinh":"92","ten_tinh":"Cần Thơ"}},
{"type":"Feature","geometry":{"type":"Polygon","coordinates":[[[105.7417,9.9671],[105.7384,9.9693],[105.7365,9.9686],[105.7291,9.9713],[105.7273,9.9733],[105.7234,9.9755],[105.723,9.9723],[105.7183,9.9684],[105.7161,9.9628],[105.7137,9.9596],[105.7106,9.9577],[105.7038,9.9583],[105.7036,9.954],[105.696,9.9544],[105.694,9.9527],[105.6872,9.9509],[105.679,9.9476],[105.6801,9.9448],[105.6754,9.9441],[105.6704,9.9396],[105.6688,9.9381],[105.6688,9.9352],[105.6639,9.9336],[105.6609,9.9308],[105.661,9.9297],[105.6547,9.9254],[105.6501,9.9251],[105.6483,9.9276],[105.6438,9.9247],[105.6513,9.9166],[105.6561,9.9091],[105.6627,9.8995],[105.6651,9.8954],[105.6974,9.9129],[105.7029,9.9131],[105.7217,9.9228],[105.724,9.9297],[105.7219,9.9333],[105.7225,9.9344],[105.7272,9.9365],[105.7289,9.94],[105.7321,9.9417],[105.735,9.9449],[105.7344,9.9478],[105.7371,9.9533],[105.7416,9.9576],[105.7428,9.9605],[105.7417,9.9671]]]},"properties":{"ma_xa":"31360","ten_xa":"Thạnh Xuân","sap_nhap":"Rạch Gòi (thị trấn), Tân Phú Thạnh, Thạnh Xuân","tru_so":"đang cập nhật","loai":"Xã","cap":2,"stt":46,"dtich_km2":43.95,"dan_so":41039,"matdo_km2":933.77,"ma_tinh":"92","ten_tinh":"Cần Thơ"}},
{"type":"Feature","geometry":{"type":"Polygon","coordinates":[[[105.7265,10.075],[105.7325,10.0836],[105.7364,10.0921],[105.7351,10.0965],[105.7259,10.1039],[105.7165,10.1122],[105.7097,10.1175],[105.7057,10.1129],[105.7032,10.1118],[105.7018,10.1091],[105.703,10.105],[105.7014,10.1028],[105.7016,10.0998],[105.7045,10.0974],[105.6954,10.091],[105.693,10.0872],[105.6845,10.0828],[105.6805,10.0819],[105.6786,10.0802],[105.6722,10.0809],[105.6673,10.0836],[105.6659,10.0787],[105.6665,10.0741],[105.6727,10.0677],[105.6726,10.0643],[105.6706,10.064],[105.6711,10.0566],[105.6739,10.0527],[105.6791,10.0529],[105.6821,10.0546],[105.6822,10.0572],[105.7073,10.0542],[105.7086,10.0538],[105.711,10.0554],[105.7078,10.0613],[105.7041,10.0701],[105.7051,10.0731],[105.7089,10.076],[105.719,10.0818],[105.7243,10.083],[105.7266,10.0819],[105.7265,10.075]]]},"properties":{"ma_xa":"31174","ten_xa":"Thới An Đông","sap_nhap":"Trà An, Trà Nóc, Thới An Đông","tru_so":"đang cập nhật","loai":"Phường","cap":2,"stt":5,"dtich_km2":25.04,"dan_so":39401,"matdo_km2":1573.52,"ma_tinh":"92","ten_tinh":"Cần Thơ"}},
{"type":"Feature","geometry":{"type":"Polygon","coordinates":[[[105.9991,9.856],[105.9969,9.8556],[105.9894,9.8592],[105.9813,9.8654],[105.9731,9.8744],[105.9688,9.8782],[105.9616,9.8835],[105.9569,9.8851],[105.9536,9.8854],[105.9547,9.88],[105.9625,9.8719],[105.9576,9.8662],[105.9559,9.8663],[105.9543,9.8637],[105.9528,9.8572],[105.9522,9.8525],[105.9582,9.8482],[105.9648,9.8472],[105.9654,9.8428],[105.9625,9.8403],[105.9527,9.8393],[105.9487,9.8375],[105.9452,9.8372],[105.9439,9.8322],[105.9451,9.8305],[105.9461,9.8248],[105.9475,9.8221],[105.9361,9.82],[105.9373,9.8161],[105.9398,9.8095],[105.942,9.8017],[105.9501,9.8013],[105.956,9.8034],[105.9623,9.7975],[105.9607,9.7928],[105.9637,9.787],[105.965,9.7869],[105.9664,9.781],[105.9744,9.7814],[105.9744,9.7797],[105.9781,9.7794],[105.9823,9.7801],[105.9849,9.7791],[105.9984,9.78],[105.9977,9.7827],[106.0024,9.7849],[106.0003,9.7969],[105.9958,9.8078],[105.998,9.8077],[106.0079,9.8132],[106.0132,9.8098],[106.0196,9.8074],[106.0295,9.8203],[106.0238,9.825],[106.0172,9.8329],[106.0054,9.8462],[105.9991,9.856]]]},"properties":{"ma_xa":"31540","ten_xa":"Thới An Hội","sap_nhap":"An Lạc Tây, Thới An Hội","tru_so":"đang cập nhật","loai":"Xã","cap":2,"stt":76,"dtich_km2":60.32,"dan_so":31726,"matdo_km2":525.96,"ma_tinh":"92","ten_tinh":"Cần Thơ"}},
{"type":"Feature","geometry":{"type":"Polygon","coordinates":[[[105.5816,10.1286],[105.5686,10.141],[105.5567,10.152],[105.5529,10.1559],[105.5411,10.1671],[105.5365,10.1719],[105.5211,10.1609],[105.489,10.1376],[105.4654,10.1211],[105.4436,10.1062],[105.4506,10.104],[105.4738,10.0978],[105.4963,10.0915],[105.5071,10.0896],[105.5172,10.0875],[105.5175,10.0893],[105.5252,10.0877],[105.5551,10.1092],[105.5816,10.1286]]]},"properties":{"ma_xa":"31264","ten_xa":"Thới Hưng","sap_nhap":"Thới Hưng","tru_so":"đang cập nhật","loai":"Xã","cap":2,"stt":27,"dtich_km2":69.92,"dan_so":19044,"matdo_km2":272.37,"ma_tinh":"92","ten_tinh":"Cần Thơ"}},
{"type":"Feature","geometry":{"type":"Polygon","coordinates":[[[105.5712,9.9955],[105.5797,10.0126],[105.5852,10.0301],[105.595,10.0393],[105.5896,10.0435],[105.5906,10.0464],[105.5887,10.0503],[105.5861,10.0513],[105.5786,10.0525],[105.5764,10.0666],[105.5776,10.0683],[105.5735,10.0714],[105.57,10.073],[105.5677,10.0754],[105.5643,10.0819],[105.5592,10.0805],[105.5584,10.0777],[105.5588,10.0749],[105.5557,10.075],[105.551,10.0735],[105.5496,10.0745],[105.5422,10.0745],[105.5421,10.0701],[105.5452,10.0693],[105.5418,10.066],[105.5321,10.0619],[105.5247,10.0645],[105.518,10.0648],[105.522,10.0565],[105.5195,10.0566],[105.4941,10.0596],[105.4963,10.0565],[105.4914,10.0531],[105.4912,10.0488],[105.5073,10.0479],[105.5079,10.0482],[105.5129,10.0396],[105.5079,10.0289],[105.52,10.0286],[105.5189,10.0262],[105.5364,10.0176],[105.5378,10.0205],[105.5543,10.0131],[105.5557,10.0086],[105.5609,10.0068],[105.5591,10.0008],[105.5712,9.9955]]]},"properties":{"ma_xa":"31258","ten_xa":"Thới Lai","sap_nhap":"Thới Lai (thị trấn), Thới Tân, Trường Thắng","tru_so":"đang cập nhật","loai":"Xã","cap":2,"stt":20,"dtich_km2":50.78,"dan_so":36371,"matdo_km2":716.25,"ma_tinh":"92","ten_tinh":"Cần Thơ"}},
{"type":"Feature","geometry":{"type":"Polygon","coordinates":[[[105.6014,10.2031],[105.5943,10.199],[105.5959,10.1962],[105.5983,10.195],[105.5987,10.1924],[105.5976,10.1889],[105.5946,10.187],[105.5937,10.1903],[105.5886,10.1892],[105.5876,10.1905],[105.5768,10.1908],[105.5728,10.197],[105.5734,10.1986],[105.5723,10.2016],[105.5703,10.2011],[105.5669,10.2048],[105.5644,10.2061],[105.558,10.2064],[105.5539,10.2034],[105.5517,10.2072],[105.5497,10.2088],[105.546,10.2066],[105.5459,10.2007],[105.5451,10.1955],[105.5435,10.1925],[105.5419,10.1861],[105.5413,10.1805],[105.5385,10.1773],[105.5393,10.174],[105.5365,10.1719],[105.5411,10.1671],[105.5529,10.1559],[105.5567,10.152],[105.5686,10.141],[105.5816,10.1286],[105.5869,10.1243],[105.5879,10.1225],[105.5965,10.1283],[105.5916,10.1329],[105.5976,10.1401],[105.603,10.1432],[105.6078,10.1468],[105.6064,10.1489],[105.6085,10.1522],[105.6121,10.1533],[105.6223,10.1608],[105.6248,10.1641],[105.6268,10.1642],[105.6293,10.1664],[105.631,10.171],[105.6332,10.1716],[105.6366,10.1748],[105.6267,10.1871],[105.623,10.1869],[105.6155,10.19],[105.6116,10.193],[105.6014,10.2031]]]},"properties":{"ma_xa":"31157","ten_xa":"Thới Long","sap_nhap":"Long Hưng, Tân Hưng, Thới Long","tru_so":"đang cập nhật","loai":"Phường","cap":2,"stt":11,"dtich_km2":54.1,"dan_so":52979,"matdo_km2":979.28,"ma_tinh":"92","ten_tinh":"Cần Thơ"}},
{"type":"Feature","geometry":{"type":"Polygon","coordinates":[[[105.5162,10.3061],[105.5107,10.3103],[105.4965,10.325],[105.4872,10.3238],[105.4843,10.3163],[105.4771,10.3107],[105.4706,10.3056],[105.4732,10.3023],[105.4782,10.3035],[105.4818,10.3034],[105.4879,10.297],[105.4865,10.296],[105.488,10.2913],[105.4836,10.2897],[105.486,10.2824],[105.4904,10.2815],[105.4924,10.2734],[105.4957,10.2659],[105.4969,10.2692],[105.4994,10.269],[105.5029,10.2651],[105.5064,10.2658],[105.5091,10.2696],[105.5129,10.2665],[105.5198,10.2636],[105.5228,10.2663],[105.5294,10.2644],[105.5324,10.2625],[105.5342,10.2699],[105.5367,10.2726],[105.5276,10.2821],[105.5236,10.2868],[105.517,10.2971],[105.5154,10.3008],[105.5162,10.3061]]]},"properties":{"ma_xa":"31207","ten_xa":"Thốt Nốt","sap_nhap":"Thuận An (quận Thốt Nốt), Thới Thuận, Thốt Nốt (1 phần)","tru_so":"đang cập nhật","loai":"Phường","cap":2,"stt":14,"dtich_km2":23.61,"dan_so":61387,"matdo_km2":2600.04,"ma_tinh":"92","ten_tinh":"Cần Thơ"}},
{"type":"Feature","geometry":{"type":"Polygon","coordinates":[[[105.9864,9.6843],[105.9791,9.6846],[105.975,9.6885],[105.9717,9.6894],[105.9679,9.6889],[105.9642,9.6872],[105.9602,9.6877],[105.9542,9.6872],[105.9507,9.6878],[105.9495,9.6893],[105.944,9.6909],[105.9396,9.6963],[105.9383,9.6989],[105.9362,9.6996],[105.9327,9.6986],[105.9301,9.703],[105.9275,9.7036],[105.9234,9.7092],[105.9112,9.6997],[105.9098,9.698],[105.9088,9.6939],[105.9066,9.6929],[105.9042,9.6963],[105.9005,9.6934],[105.8938,9.6958],[105.8865,9.6964],[105.8676,9.6806],[105.8769,9.6784],[105.8793,9.6759],[105.8827,9.6748],[105.8863,9.6726],[105.888,9.6709],[105.8975,9.6645],[105.9034,9.663],[105.9112,9.659],[105.9165,9.6534],[105.9172,9.6597],[105.9187,9.661],[105.9197,9.665],[105.922,9.6681],[105.924,9.6658],[105.926,9.6684],[105.9304,9.6663],[105.9328,9.6639],[105.9386,9.6622],[105.9493,9.6561],[105.9584,9.6525],[105.9602,9.6544],[105.9648,9.6482],[105.9741,9.6428],[105.9778,9.6421],[105.9816,9.6469],[105.9799,9.6491],[105.981,9.6557],[105.9827,9.6567],[105.9846,9.6638],[105.9856,9.6636],[105.9877,9.6827],[105.9864,9.6843]]]},"properties":{"ma_xa":"31582","ten_xa":"Thuận Hòa","sap_nhap":"Thuận Hòa (huyện Châu Thành), Phú Tân","tru_so":"đang cập nhật","loai":"Xã","cap":2,"stt":80,"dtich_km2":45.86,"dan_so":29846,"matdo_km2":650.81,"ma_tinh":"92","ten_tinh":"Cần Thơ"}},
{"type":"Feature","geometry":{"type":"Polygon","coordinates":[[[105.6014,10.2031],[105.5923,10.2119],[105.5874,10.2176],[105.5778,10.2316],[105.5692,10.2418],[105.5634,10.2476],[105.5582,10.2549],[105.5537,10.2592],[105.5367,10.2726],[105.5342,10.2699],[105.5324,10.2625],[105.5355,10.2563],[105.535,10.2513],[105.5313,10.2455],[105.5317,10.2423],[105.5341,10.2408],[105.5385,10.2407],[105.5394,10.2388],[105.538,10.2298],[105.5384,10.2251],[105.5422,10.2252],[105.5437,10.2235],[105.5442,10.2201],[105.5428,10.2159],[105.5447,10.2117],[105.546,10.2066],[105.5497,10.2088],[105.5517,10.2072],[105.5539,10.2034],[105.558,10.2064],[105.5644,10.2061],[105.5669,10.2048],[105.5703,10.2011],[105.5723,10.2016],[105.5734,10.1986],[105.5728,10.197],[105.5768,10.1908],[105.5876,10.1905],[105.5886,10.1892],[105.5937,10.1903],[105.5946,10.187],[105.5976,10.1889],[105.5987,10.1924],[105.5983,10.195],[105.5959,10.1962],[105.5943,10.199],[105.6014,10.2031]]]},"properties":{"ma_xa":"31228","ten_xa":"Thuận Hưng","sap_nhap":"Trung Kiên, Thuận Hưng, Thốt Nốt (1 phần)","tru_so":"đang cập nhật","loai":"Phường","cap":2,"stt":15,"dtich_km2":31.13,"dan_so":56878,"matdo_km2":1827.11,"ma_tinh":"92","ten_tinh":"Cần Thơ"}},
{"type":"Feature","geometry":{"type":"Polygon","coordinates":[[[106.2195,9.5055],[106.2153,9.5157],[106.2101,9.5257],[106.2059,9.536],[106.2022,9.5431],[106.1982,9.5532],[106.1933,9.5634],[106.1893,9.5708],[106.1839,9.5791],[106.1781,9.5755],[106.175,9.5745],[106.1517,9.5759],[106.1563,9.5673],[106.139,9.5675],[106.1403,9.5605],[106.1327,9.5593],[106.1339,9.5527],[106.111,9.557],[106.1113,9.548],[106.1098,9.5475],[106.1102,9.5418],[106.1281,9.5393],[106.1363,9.5397],[106.1374,9.5338],[106.1449,9.5341],[106.1446,9.528],[106.1471,9.5219],[106.1474,9.5154],[106.1482,9.512],[106.1488,9.5022],[106.1638,9.5046],[106.1646,9.4997],[106.1649,9.4923],[106.173,9.4939],[106.175,9.4729],[106.1632,9.4378],[106.16,9.4296],[106.1684,9.4248],[106.1689,9.424],[106.174,9.4259],[106.1794,9.4334],[106.1833,9.4381],[106.1863,9.4394],[106.1923,9.4446],[106.2025,9.4514],[106.2069,9.4567],[106.2082,9.463],[106.2076,9.4678],[106.2094,9.47],[106.2104,9.4772],[106.2101,9.4804],[106.2115,9.4875],[106.2121,9.5022],[106.2195,9.5055]]]},"properties":{"ma_xa":"31673","ten_xa":"Trần Đề","sap_nhap":"Trần Đề (thị trấn), Đại Ân 2, Trung Bình","tru_so":"đang cập nhật","loai":"Xã","cap":2,"stt":101,"dtich_km2":93.92,"dan_so":52771,"matdo_km2":561.87,"ma_tinh":"92","ten_tinh":"Cần Thơ"}},
{"type":"Feature","geometry":{"type":"Polygon","coordinates":[[[105.546,10.2066],[105.5447,10.2117],[105.5428,10.2159],[105.5442,10.2201],[105.5437,10.2235],[105.5422,10.2252],[105.5384,10.2251],[105.5376,10.2233],[105.5334,10.222],[105.5276,10.2235],[105.5256,10.2231],[105.5218,10.2169],[105.5166,10.2098],[105.5135,10.2079],[105.5018,10.2038],[105.4973,10.2038],[105.4945,10.2029],[105.4897,10.1963],[105.4868,10.1986],[105.482,10.1979],[105.4788,10.2025],[105.4752,10.2054],[105.4726,10.2038],[105.4728,10.2003],[105.4706,10.1976],[105.4704,10.1944],[105.4684,10.1921],[105.4629,10.1895],[105.4608,10.1875],[105.4575,10.1881],[105.4569,10.1835],[105.4595,10.1832],[105.4581,10.1763],[105.4545,10.1741],[105.454,10.1654],[105.4556,10.1645],[105.4545,10.1593],[105.4576,10.1533],[105.4653,10.1376],[105.4654,10.1211],[105.489,10.1376],[105.5211,10.1609],[105.5365,10.1719],[105.5393,10.174],[105.5385,10.1773],[105.5413,10.1805],[105.5419,10.1861],[105.5435,10.1925],[105.5451,10.1955],[105.5459,10.2007],[105.546,10.2066]]]},"properties":{"ma_xa":"31255","ten_xa":"Trung Hưng","sap_nhap":"Trung Thạnh, Trung Hưng","tru_so":"đang cập nhật","loai":"Xã","cap":2,"stt":28,"dtich_km2":61.07,"dan_so":55012,"matdo_km2":900.8,"ma_tinh":"92","ten_tinh":"Cần Thơ"}},
{"type":"Feature","geometry":{"type":"Polygon","coordinates":[[[105.5324,10.2625],[105.5294,10.2644],[105.5228,10.2663],[105.5198,10.2636],[105.5129,10.2665],[105.5091,10.2696],[105.5064,10.2658],[105.5029,10.2651],[105.4994,10.269],[105.4969,10.2692],[105.4957,10.2659],[105.494,10.2611],[105.4985,10.2615],[105.4972,10.2353],[105.4984,10.2338],[105.4893,10.2337],[105.4882,10.2299],[105.486,10.2303],[105.4872,10.228],[105.4822,10.2176],[105.4787,10.2177],[105.4791,10.2158],[105.4786,10.2079],[105.4826,10.2059],[105.4811,10.203],[105.4788,10.2025],[105.482,10.1979],[105.4868,10.1986],[105.4897,10.1963],[105.4945,10.2029],[105.4973,10.2038],[105.5018,10.2038],[105.5135,10.2079],[105.5166,10.2098],[105.5218,10.2169],[105.5256,10.2231],[105.5276,10.2235],[105.5334,10.222],[105.5376,10.2233],[105.5384,10.2251],[105.538,10.2298],[105.5394,10.2388],[105.5385,10.2407],[105.5341,10.2408],[105.5317,10.2423],[105.5313,10.2455],[105.535,10.2513],[105.5355,10.2563],[105.5324,10.2625]]]},"properties":{"ma_xa":"31217","ten_xa":"Trung Nhứt","sap_nhap":"Thạnh Hòa, Trung Nhứt, Trung An","tru_so":"đang cập nhật","loai":"Phường","cap":2,"stt":13,"dtich_km2":30.84,"dan_so":37469,"matdo_km2":1214.95,"ma_tinh":"92","ten_tinh":"Cần Thơ"}},
{"type":"Feature","geometry":{"type":"Polygon","coordinates":[[[106.0657,9.6633],[106.0658,9.6655],[106.063,9.6693],[106.0622,9.6724],[106.0693,9.6765],[106.0697,9.6785],[106.0654,9.6855],[106.0658,9.687],[106.0699,9.6925],[106.0676,9.697],[106.0662,9.6982],[106.0599,9.6965],[106.0551,9.6984],[106.0559,9.7015],[106.0616,9.7051],[106.0628,9.7068],[106.0632,9.7109],[106.065,9.7161],[106.0615,9.7185],[106.0566,9.7208],[106.0536,9.7232],[106.052,9.7257],[106.0479,9.7296],[106.0396,9.734],[106.0275,9.7307],[106.0257,9.7299],[106.0229,9.7203],[106.0222,9.7148],[106.015,9.712],[106.0058,9.7124],[105.9964,9.7106],[105.9973,9.7075],[105.9951,9.7043],[105.9935,9.6997],[105.9965,9.6994],[105.996,9.696],[105.9925,9.6932],[105.9921,9.6914],[105.9937,9.6885],[105.9926,9.6858],[105.99,9.6845],[105.9864,9.6843],[105.9877,9.6827],[105.9856,9.6636],[105.9846,9.6638],[105.9827,9.6567],[105.9859,9.6565],[105.9892,9.6606],[105.9923,9.6573],[105.9962,9.6579],[106.0007,9.6574],[106.0013,9.6586],[106.0086,9.6564],[106.0073,9.6509],[106.022,9.6513],[106.0231,9.6499],[106.027,9.649],[106.0309,9.6509],[106.0335,9.6533],[106.0337,9.6575],[106.0355,9.6591],[106.042,9.6575],[106.0463,9.6547],[106.0477,9.6573],[106.0472,9.664],[106.0576,9.6608],[106.0643,9.6619],[106.0657,9.6633]]]},"properties":{"ma_xa":"31654","ten_xa":"Trường Khánh","sap_nhap":"Hậu Thạnh, Phú Hữu, Trường Khánh","tru_so":"đang cập nhật","loai":"Xã","cap":2,"stt":68,"dtich_km2":58.33,"dan_so":34621,"matdo_km2":593.54,"ma_tinh":"92","ten_tinh":"Cần Thơ"}},
{"type":"Feature","geometry":{"type":"Polygon","coordinates":[[[105.6269,10.0061],[105.6189,10.0058],[105.6167,10.0044],[105.6147,10.0057],[105.6116,10.0047],[105.6048,10.0057],[105.6037,10.0036],[105.5936,10.0049],[105.5929,9.9947],[105.589,9.9959],[105.5858,9.9891],[105.5831,9.9837],[105.584,9.9832],[105.6084,9.957],[105.619,9.9457],[105.6285,9.9497],[105.6298,9.9566],[105.6344,9.9598],[105.6381,9.9585],[105.6413,9.9604],[105.6455,9.9647],[105.6456,9.9676],[105.6471,9.97],[105.6461,9.9729],[105.6474,9.9759],[105.6461,9.979],[105.6485,9.9815],[105.6436,9.987],[105.6408,9.9892],[105.6442,9.9902],[105.644,9.9961],[105.6432,10],[105.6394,9.9996],[105.6322,10.0003],[105.6304,10.0059],[105.6269,10.0061]]]},"properties":{"ma_xa":"31309","ten_xa":"Trường Long","sap_nhap":"Trường Long","tru_so":"đang cập nhật","loai":"Xã","cap":2,"stt":19,"dtich_km2":31.01,"dan_so":24064,"matdo_km2":776.01,"ma_tinh":"92","ten_tinh":"Cần Thơ"}},
{"type":"Feature","geometry":{"type":"Polygon","coordinates":[[[105.619,9.9457],[105.6084,9.957],[105.584,9.9832],[105.5831,9.9837],[105.5858,9.9891],[105.5744,9.9942],[105.5732,9.9918],[105.5695,9.9839],[105.5629,9.9868],[105.5512,9.961],[105.556,9.9589],[105.5502,9.9522],[105.5508,9.9516],[105.5455,9.94],[105.5418,9.9409],[105.5387,9.9333],[105.5324,9.9195],[105.5394,9.913],[105.56,9.8944],[105.5958,9.9303],[105.6179,9.9447],[105.619,9.9457]]]},"properties":{"ma_xa":"31348","ten_xa":"Trường Long Tây","sap_nhap":"Trường Long A, Trường Long Tây","tru_so":"đang cập nhật","loai":"Xã","cap":2,"stt":48,"dtich_km2":50.59,"dan_so":25313,"matdo_km2":500.36,"ma_tinh":"92","ten_tinh":"Cần Thơ"}},
{"type":"Feature","geometry":{"type":"Polygon","coordinates":[[[105.5879,10.1225],[105.5869,10.1243],[105.5816,10.1286],[105.5551,10.1092],[105.5591,10.0998],[105.5626,10.085],[105.5643,10.0819],[105.5677,10.0754],[105.57,10.073],[105.5735,10.0714],[105.5776,10.0683],[105.5764,10.0666],[105.5786,10.0525],[105.5861,10.0513],[105.5887,10.0503],[105.5906,10.0464],[105.5896,10.0435],[105.595,10.0393],[105.5852,10.0301],[105.5797,10.0126],[105.5712,9.9955],[105.5702,9.9933],[105.5732,9.9918],[105.5744,9.9942],[105.5858,9.9891],[105.589,9.9959],[105.5929,9.9947],[105.5936,10.0049],[105.6037,10.0036],[105.6048,10.0057],[105.6116,10.0047],[105.6147,10.0057],[105.6167,10.0044],[105.6189,10.0058],[105.6269,10.0061],[105.6282,10.0139],[105.6243,10.0215],[105.6251,10.0325],[105.6277,10.0335],[105.6265,10.0379],[105.6267,10.0427],[105.6254,10.0487],[105.6271,10.057],[105.6257,10.0638],[105.6257,10.0671],[105.6268,10.07],[105.624,10.0712],[105.6179,10.0708],[105.6169,10.074],[105.6169,10.0787],[105.6124,10.0804],[105.6061,10.0785],[105.6011,10.0857],[105.5995,10.0889],[105.5933,10.0872],[105.5898,10.0888],[105.5952,10.0939],[105.5945,10.0973],[105.5926,10.102],[105.5899,10.1065],[105.5864,10.1153],[105.5819,10.1121],[105.579,10.1161],[105.5806,10.1176],[105.5879,10.1225]]]},"properties":{"ma_xa":"31288","ten_xa":"Trường Thành","sap_nhap":"Tân Thạnh, Định Môn, Trường Thành","tru_so":"đang cập nhật","loai":"Xã","cap":2,"stt":23,"dtich_km2":59.09,"dan_so":37802,"matdo_km2":639.74,"ma_tinh":"92","ten_tinh":"Cần Thơ"}},
{"type":"Feature","geometry":{"type":"Polygon","coordinates":[[[105.5712,9.9955],[105.5591,10.0008],[105.5609,10.0068],[105.5557,10.0086],[105.5543,10.0131],[105.5378,10.0205],[105.5364,10.0176],[105.5189,10.0262],[105.52,10.0286],[105.5079,10.0289],[105.4951,10.0004],[105.4926,9.9972],[105.4887,9.9896],[105.479,9.9686],[105.4846,9.9633],[105.4991,9.9501],[105.5123,9.9383],[105.5324,9.9195],[105.5387,9.9333],[105.5418,9.9409],[105.5455,9.94],[105.5508,9.9516],[105.5502,9.9522],[105.556,9.9589],[105.5512,9.961],[105.5629,9.9868],[105.5695,9.9839],[105.5732,9.9918],[105.5702,9.9933],[105.5712,9.9955]]]},"properties":{"ma_xa":"31294","ten_xa":"Trường Xuân","sap_nhap":"Trường Xuân A, Trường Xuân B, Trường Xuân","tru_so":"đang cập nhật","loai":"Xã","cap":2,"stt":22,"dtich_km2":67.94,"dan_so":36405,"matdo_km2":535.84,"ma_tinh":"92","ten_tinh":"Cần Thơ"}},
{"type":"Feature","geometry":{"type":"Polygon","coordinates":[[[105.4616,9.8254],[105.4573,9.8237],[105.4555,9.8226],[105.4343,9.8168],[105.4309,9.8162],[105.4326,9.8071],[105.4351,9.7931],[105.4339,9.7906],[105.4282,9.7893],[105.4255,9.787],[105.4278,9.7849],[105.4249,9.7829],[105.4232,9.7855],[105.4217,9.7828],[105.4221,9.7794],[105.4206,9.7785],[105.419,9.7824],[105.4173,9.7803],[105.4148,9.7796],[105.4142,9.7776],[105.417,9.7748],[105.4146,9.7736],[105.4117,9.7775],[105.4093,9.7727],[105.4133,9.7726],[105.4115,9.7698],[105.4064,9.7707],[105.4049,9.7696],[105.4069,9.7652],[105.4066,9.7618],[105.4084,9.7594],[105.4109,9.7609],[105.4132,9.7608],[105.4146,9.7586],[105.4152,9.7548],[105.4386,9.7665],[105.4571,9.7756],[105.4667,9.784],[105.4892,9.7774],[105.4914,9.7821],[105.4914,9.784],[105.4946,9.784],[105.4958,9.7916],[105.5011,9.7907],[105.5025,9.7989],[105.4985,9.8017],[105.4941,9.8078],[105.4877,9.8023],[105.4838,9.8044],[105.482,9.8069],[105.4826,9.8128],[105.4806,9.8171],[105.4771,9.818],[105.4715,9.8125],[105.4644,9.8105],[105.4616,9.8254]]]},"properties":{"ma_xa":"31333","ten_xa":"Vị Tân","sap_nhap":"Phường IV, Phường V, Vị Tân","tru_so":"đang cập nhật","loai":"Phường","cap":2,"stt":35,"dtich_km2":37.07,"dan_so":36079,"matdo_km2":973.27,"ma_tinh":"92","ten_tinh":"Cần Thơ"}},
{"type":"Feature","geometry":{"type":"Polygon","coordinates":[[[105.4892,9.7774],[105.4667,9.784],[105.4571,9.7756],[105.4386,9.7665],[105.4152,9.7548],[105.4131,9.7509],[105.4152,9.7498],[105.4153,9.7447],[105.4169,9.7442],[105.4249,9.7456],[105.4335,9.7498],[105.4395,9.7504],[105.4536,9.7574],[105.4518,9.7437],[105.4594,9.7379],[105.4626,9.7381],[105.4636,9.7394],[105.4684,9.7419],[105.4703,9.7447],[105.4838,9.744],[105.4834,9.7496],[105.4881,9.7669],[105.4892,9.7774]]]},"properties":{"ma_xa":"31321","ten_xa":"Vị Thanh","sap_nhap":"Phường I, Phường III, Phường VII","tru_so":"đang cập nhật","loai":"Phường","cap":2,"stt":34,"dtich_km2":22.11,"dan_so":32766,"matdo_km2":1481.95,"ma_tinh":"92","ten_tinh":"Cần Thơ"}},
{"type":"Feature","geometry":{"type":"Polygon","coordinates":[[[105.5345,9.8098],[105.5397,9.818],[105.5578,9.8386],[105.5917,9.8653],[105.5916,9.8653],[105.5778,9.8781],[105.5758,9.8793],[105.5638,9.8896],[105.5641,9.8907],[105.56,9.8944],[105.5394,9.913],[105.5334,9.9001],[105.5165,9.8631],[105.519,9.8622],[105.5209,9.8591],[105.5018,9.8474],[105.4804,9.835],[105.4766,9.8326],[105.4679,9.8303],[105.4626,9.8269],[105.4616,9.8254],[105.4644,9.8105],[105.4715,9.8125],[105.4771,9.818],[105.4806,9.8171],[105.4826,9.8128],[105.482,9.8069],[105.4838,9.8044],[105.4877,9.8023],[105.4941,9.8078],[105.4985,9.8017],[105.5025,9.7989],[105.5081,9.8027],[105.5133,9.8072],[105.5148,9.806],[105.5209,9.8121],[105.5266,9.8172],[105.5345,9.8098]]]},"properties":{"ma_xa":"31465","ten_xa":"Vị Thanh 1","sap_nhap":"Vị Đông, Vị Bình, Vị Thanh","tru_so":"đang cập nhật","loai":"Xã","cap":2,"stt":38,"dtich_km2":71.12,"dan_so":42766,"matdo_km2":601.32,"ma_tinh":"92","ten_tinh":"Cần Thơ"}},
{"type":"Feature","geometry":{"type":"Polygon","coordinates":[[[105.5811,9.765],[105.5688,9.7664],[105.5667,9.7674],[105.562,9.7679],[105.5616,9.7627],[105.5531,9.7636],[105.5527,9.7653],[105.5463,9.7671],[105.5554,9.7804],[105.5525,9.7828],[105.5426,9.7854],[105.5405,9.7851],[105.5347,9.787],[105.526,9.7891],[105.528,9.7981],[105.5345,9.8098],[105.5266,9.8172],[105.5209,9.8121],[105.5148,9.806],[105.5133,9.8072],[105.5081,9.8027],[105.5025,9.7989],[105.5011,9.7907],[105.4958,9.7916],[105.4946,9.784],[105.4914,9.784],[105.4914,9.7821],[105.4892,9.7774],[105.4938,9.7759],[105.5198,9.7608],[105.5166,9.752],[105.5304,9.744],[105.5217,9.7313],[105.5262,9.7293],[105.5284,9.7248],[105.5329,9.7229],[105.5354,9.7199],[105.5338,9.7158],[105.5333,9.7088],[105.5365,9.7071],[105.5399,9.7065],[105.5445,9.7087],[105.5455,9.7105],[105.551,9.7116],[105.5546,9.7086],[105.556,9.7055],[105.5569,9.7101],[105.5595,9.7126],[105.5566,9.7158],[105.5622,9.7225],[105.562,9.724],[105.565,9.7298],[105.5663,9.7308],[105.565,9.7377],[105.5689,9.7404],[105.5759,9.7574],[105.5811,9.765]]]},"properties":{"ma_xa":"31441","ten_xa":"Vị Thủy","sap_nhap":"Nàng Mau (thị trấn), Vị Thắng, Vị Trung","tru_so":"đang cập nhật","loai":"Xã","cap":2,"stt":36,"dtich_km2":49.84,"dan_so":32394,"matdo_km2":649.96,"ma_tinh":"92","ten_tinh":"Cần Thơ"}},
{"type":"Feature","geometry":{"type":"Polygon","coordinates":[[[106.0952,9.4065],[106.0929,9.4065],[106.0863,9.4042],[106.0855,9.4079],[106.0826,9.4064],[106.0826,9.4038],[106.0776,9.4038],[106.0764,9.4055],[106.073,9.4037],[106.07,9.4054],[106.0683,9.4031],[106.0637,9.4039],[106.0596,9.4014],[106.0592,9.3989],[106.0627,9.3927],[106.0596,9.3905],[106.0563,9.3898],[106.0547,9.3912],[106.0528,9.3889],[106.0505,9.3903],[106.0461,9.3893],[106.0425,9.3869],[106.0426,9.3837],[106.0397,9.3834],[106.0372,9.3814],[106.0352,9.3844],[106.0313,9.381],[106.0239,9.3809],[106.0219,9.3831],[106.015,9.3817],[106.0136,9.3802],[106.005,9.3636],[105.9966,9.3607],[105.9865,9.3557],[105.9773,9.3542],[105.9726,9.354],[105.9712,9.3415],[105.9697,9.3287],[105.9706,9.3223],[105.9764,9.2959],[105.9787,9.2923],[105.9807,9.2941],[105.9827,9.2933],[105.9873,9.294],[105.9973,9.2974],[105.9981,9.2989],[106.0018,9.2978],[106.0083,9.3],[106.0129,9.3028],[106.0166,9.3018],[106.0175,9.3029],[106.0217,9.304],[106.0248,9.3062],[106.0276,9.3053],[106.0322,9.3079],[106.0479,9.3137],[106.0517,9.3155],[106.0495,9.3187],[106.0514,9.3205],[106.0521,9.3156],[106.0647,9.3211],[106.0688,9.3222],[106.0752,9.3252],[106.0786,9.3253],[106.0773,9.3358],[106.0775,9.3402],[106.0789,9.3406],[106.0772,9.3492],[106.0836,9.3509],[106.0851,9.3487],[106.091,9.3507],[106.0958,9.351],[106.0946,9.3548],[106.0945,9.361],[106.0928,9.3642],[106.098,9.3663],[106.0979,9.3735],[106.0968,9.3812],[106.0915,9.3803],[106.0936,9.3872],[106.0967,9.3953],[106.0952,9.4065]]]},"properties":{"ma_xa":"31783","ten_xa":"Vĩnh Châu","sap_nhap":"Phường 1, Phường 2 (thị xã Vĩnh Châu), Lạc Hòa","tru_so":"đang cập nhật","loai":"Phường","cap":2,"stt":89,"dtich_km2":98.26,"dan_so":68437,"matdo_km2":696.49,"ma_tinh":"92","ten_tinh":"Cần Thơ"}},
{"type":"Feature","geometry":{"type":"Polygon","coordinates":[[[106.0786,9.3253],[106.0807,9.326],[106.0912,9.3276],[106.0953,9.3296],[106.0971,9.3285],[106.11,9.3287],[106.1229,9.3315],[106.1291,9.3333],[106.1336,9.3341],[106.1535,9.3478],[106.1617,9.3542],[106.1678,9.3604],[106.171,9.3619],[106.1753,9.365],[106.18,9.3701],[106.1839,9.3754],[106.1863,9.3798],[106.1857,9.3902],[106.1872,9.3949],[106.1881,9.4017],[106.1874,9.4043],[106.186,9.4159],[106.1848,9.4172],[106.1788,9.4195],[106.1742,9.42],[106.1707,9.4193],[106.1655,9.4172],[106.1666,9.4208],[106.1611,9.4171],[106.156,9.4117],[106.1456,9.4028],[106.1432,9.4015],[106.1398,9.4019],[106.1376,9.4038],[106.1325,9.4112],[106.1306,9.4128],[106.1287,9.414],[106.1259,9.4104],[106.1207,9.4091],[106.1221,9.4053],[106.1213,9.4037],[106.1181,9.405],[106.1163,9.4081],[106.1145,9.4072],[106.1145,9.4036],[106.1122,9.4037],[106.11,9.4063],[106.1077,9.4028],[106.1024,9.4049],[106.0987,9.4048],[106.0952,9.4065],[106.0967,9.3953],[106.0936,9.3872],[106.0915,9.3803],[106.0968,9.3812],[106.0979,9.3735],[106.098,9.3663],[106.0928,9.3642],[106.0945,9.361],[106.0946,9.3548],[106.0958,9.351],[106.091,9.3507],[106.0851,9.3487],[106.0836,9.3509],[106.0772,9.3492],[106.0789,9.3406],[106.0775,9.3402],[106.0773,9.3358],[106.0786,9.3253]]]},"properties":{"ma_xa":"31795","ten_xa":"Vĩnh Hải","sap_nhap":"Vĩnh Hải","tru_so":"đang cập nhật","loai":"Xã","cap":2,"stt":86,"dtich_km2":83.75,"dan_so":27820,"matdo_km2":332.18,"ma_tinh":"92","ten_tinh":"Cần Thơ"}},
{"type":"Feature","geometry":{"type":"Polygon","coordinates":[[[105.6664,9.4772],[105.6644,9.4823],[105.6638,9.4868],[105.6623,9.4902],[105.6561,9.4944],[105.6511,9.4941],[105.6477,9.4925],[105.6453,9.4942],[105.6415,9.4948],[105.6378,9.49],[105.6359,9.4915],[105.6345,9.4893],[105.6259,9.4941],[105.6229,9.4898],[105.6143,9.4735],[105.607,9.4599],[105.5964,9.4397],[105.5953,9.4369],[105.5876,9.4236],[105.5956,9.4194],[105.5997,9.4243],[105.6029,9.4212],[105.6017,9.4175],[105.6081,9.4127],[105.6119,9.4123],[105.6137,9.4074],[105.6172,9.4079],[105.6168,9.4102],[105.6196,9.4151],[105.6217,9.4143],[105.6234,9.4178],[105.6288,9.4187],[105.6323,9.4154],[105.6314,9.4113],[105.6387,9.409],[105.6407,9.4067],[105.641,9.4035],[105.6367,9.3962],[105.6389,9.3948],[105.6434,9.3936],[105.6478,9.3948],[105.6499,9.3924],[105.6499,9.3873],[105.6526,9.388],[105.6539,9.3859],[105.6576,9.3863],[105.6631,9.3886],[105.6704,9.3893],[105.6731,9.3908],[105.6774,9.3842],[105.68,9.3834],[105.6825,9.3845],[105.6852,9.3784],[105.6879,9.379],[105.6914,9.3797],[105.6966,9.3792],[105.7015,9.3774],[105.7054,9.3779],[105.7066,9.3837],[105.696,9.3925],[105.6725,9.4068],[105.674,9.4102],[105.6733,9.4159],[105.669,9.4153],[105.6688,9.4413],[105.6748,9.4391],[105.6759,9.4512],[105.6747,9.4537],[105.6718,9.4562],[105.6672,9.4577],[105.6666,9.4623],[105.6654,9.464],[105.6658,9.4724],[105.6672,9.4733],[105.6664,9.4772]]]},"properties":{"ma_xa":"31777","ten_xa":"Vĩnh Lợi","sap_nhap":"Châu Hưng, Vĩnh Thành, Vĩnh Lợi","tru_so":"đang cập nhật","loai":"Xã","cap":2,"stt":95,"dtich_km2":76.82,"dan_so":24319,"matdo_km2":316.57,"ma_tinh":"92","ten_tinh":"Cần Thơ"}},
{"type":"Feature","geometry":{"type":"Polygon","coordinates":[[[105.9232,9.3748],[105.9122,9.3748],[105.9073,9.3719],[105.9025,9.3712],[105.8978,9.3681],[105.8913,9.3672],[105.8893,9.366],[105.8839,9.36],[105.8795,9.3576],[105.8733,9.3562],[105.8679,9.3528],[105.866,9.354],[105.8634,9.3577],[105.8589,9.3598],[105.8544,9.3599],[105.8514,9.3562],[105.8466,9.3541],[105.85,9.3484],[105.8569,9.3299],[105.861,9.323],[105.8647,9.3147],[105.8655,9.3065],[105.8676,9.3022],[105.8699,9.2925],[105.8741,9.2924],[105.8759,9.281],[105.877,9.2793],[105.8812,9.2668],[105.8826,9.2654],[105.8876,9.2669],[105.8927,9.271],[105.8939,9.2697],[105.898,9.2692],[105.9009,9.2718],[105.905,9.2715],[105.9102,9.2747],[105.9157,9.277],[105.9196,9.2759],[105.9247,9.2775],[105.9311,9.2811],[105.9421,9.2828],[105.9423,9.2852],[105.945,9.2856],[105.9466,9.2839],[105.9514,9.2849],[105.9531,9.2867],[105.9596,9.2881],[105.9632,9.2865],[105.9727,9.2899],[105.9762,9.293],[105.9764,9.2959],[105.9706,9.3223],[105.9697,9.3287],[105.9712,9.3415],[105.9622,9.3413],[105.9565,9.3384],[105.9532,9.3385],[105.9492,9.3407],[105.9467,9.3407],[105.9462,9.343],[105.9413,9.3436],[105.9358,9.3431],[105.9315,9.3481],[105.934,9.3536],[105.9308,9.3605],[105.9279,9.3632],[105.9276,9.3686],[105.9258,9.3703],[105.9268,9.3723],[105.9232,9.3748]]]},"properties":{"ma_xa":"31804","ten_xa":"Vĩnh Phước","sap_nhap":"Vĩnh Phước, Vĩnh Tân","tru_so":"đang cập nhật","loai":"Phường","cap":2,"stt":88,"dtich_km2":103.15,"dan_so":51897,"matdo_km2":503.12,"ma_tinh":"92","ten_tinh":"Cần Thơ"}},
{"type":"Feature","geometry":{"type":"Polygon","coordinates":[[[105.486,10.2303],[105.482,10.2311],[105.4728,10.2315],[105.4545,10.2315],[105.4519,10.2302],[105.4396,10.2419],[105.4407,10.2431],[105.4344,10.2581],[105.4301,10.2653],[105.428,10.2647],[105.3996,10.2538],[105.3839,10.249],[105.3841,10.2275],[105.3871,10.2225],[105.3837,10.219],[105.3953,10.2173],[105.3964,10.2168],[105.3982,10.2109],[105.3994,10.2048],[105.405,10.2051],[105.4116,10.179],[105.4142,10.1664],[105.4149,10.1628],[105.4414,10.1854],[105.4569,10.1835],[105.4575,10.1881],[105.4608,10.1875],[105.4629,10.1895],[105.4684,10.1921],[105.4704,10.1944],[105.4706,10.1976],[105.4728,10.2003],[105.4726,10.2038],[105.4752,10.2054],[105.4788,10.2025],[105.4811,10.203],[105.4826,10.2059],[105.4786,10.2079],[105.4791,10.2158],[105.4787,10.2177],[105.4822,10.2176],[105.4872,10.228],[105.486,10.2303]]]},"properties":{"ma_xa":"31232","ten_xa":"Vĩnh Thạnh","sap_nhap":"Vĩnh Thạnh (thị trấn), Thạnh Lộc, Thạnh Mỹ","tru_so":"đang cập nhật","loai":"Xã","cap":2,"stt":29,"dtich_km2":65.9,"dan_so":30522,"matdo_km2":463.16,"ma_tinh":"92","ten_tinh":"Cần Thơ"}},
{"type":"Feature","geometry":{"type":"Polygon","coordinates":[[[105.556,9.7055],[105.5546,9.7086],[105.551,9.7116],[105.5455,9.7105],[105.5445,9.7087],[105.5399,9.7065],[105.5365,9.7071],[105.5333,9.7088],[105.5338,9.7158],[105.5354,9.7199],[105.5329,9.7229],[105.5284,9.7248],[105.5262,9.7293],[105.5217,9.7313],[105.5304,9.744],[105.5166,9.752],[105.5198,9.7608],[105.4938,9.7759],[105.4892,9.7774],[105.4881,9.7669],[105.4834,9.7496],[105.4838,9.744],[105.4703,9.7447],[105.4684,9.7419],[105.4636,9.7394],[105.4626,9.7381],[105.4594,9.7379],[105.4574,9.7355],[105.4575,9.7333],[105.4601,9.731],[105.4579,9.7229],[105.4556,9.72],[105.4532,9.7132],[105.4508,9.7118],[105.4546,9.7083],[105.456,9.7051],[105.4549,9.7023],[105.4509,9.6999],[105.4503,9.6979],[105.4525,9.6947],[105.4552,9.6943],[105.4595,9.696],[105.4624,9.6949],[105.4645,9.6894],[105.4666,9.6882],[105.4697,9.6907],[105.4741,9.6968],[105.4798,9.7005],[105.4829,9.699],[105.483,9.6941],[105.4838,9.6919],[105.4874,9.6864],[105.488,9.6817],[105.4891,9.6803],[105.4926,9.6795],[105.4948,9.6811],[105.4949,9.6868],[105.4969,9.6874],[105.5018,9.6859],[105.5053,9.687],[105.5083,9.6844],[105.5069,9.6792],[105.5155,9.6766],[105.52,9.673],[105.5218,9.6741],[105.5275,9.6808],[105.5297,9.6821],[105.5326,9.6807],[105.5348,9.6775],[105.539,9.6731],[105.5408,9.6693],[105.5436,9.6684],[105.547,9.6706],[105.5474,9.6776],[105.5511,9.682],[105.5539,9.6873],[105.5563,9.6881],[105.5566,9.6912],[105.559,9.6964],[105.555,9.7004],[105.5542,9.7039],[105.556,9.7055]]]},"properties":{"ma_xa":"31453","ten_xa":"Vĩnh Thuận Đông","sap_nhap":"Vĩnh Thuận Tây, Vị Thủy, Vĩnh Thuận Đông","tru_so":"đang cập nhật","loai":"Xã","cap":2,"stt":37,"dtich_km2":72.2,"dan_so":39808,"matdo_km2":551.36,"ma_tinh":"92","ten_tinh":"Cần Thơ"}},
{"type":"Feature","geometry":{"type":"Polygon","coordinates":[[[105.4771,10.3107],[105.4686,10.3106],[105.4679,10.3101],[105.4559,10.308],[105.4518,10.3055],[105.4511,10.3079],[105.4476,10.3047],[105.4428,10.3058],[105.4266,10.303],[105.4383,10.2766],[105.4414,10.27],[105.436,10.2674],[105.4301,10.2653],[105.4344,10.2581],[105.4407,10.2431],[105.4396,10.2419],[105.4519,10.2302],[105.4545,10.2315],[105.4728,10.2315],[105.482,10.2311],[105.486,10.2303],[105.4882,10.2299],[105.4893,10.2337],[105.4984,10.2338],[105.4972,10.2353],[105.4985,10.2615],[105.494,10.2611],[105.4957,10.2659],[105.4924,10.2734],[105.4904,10.2815],[105.486,10.2824],[105.4836,10.2897],[105.488,10.2913],[105.4865,10.296],[105.4879,10.297],[105.4818,10.3034],[105.4782,10.3035],[105.4732,10.3023],[105.4706,10.3056],[105.4771,10.3107]]]},"properties":{"ma_xa":"31237","ten_xa":"Vĩnh Trinh","sap_nhap":"Vĩnh Bình, Vĩnh Trinh","tru_so":"đang cập nhật","loai":"Xã","cap":2,"stt":30,"dtich_km2":51.01,"dan_so":27026,"matdo_km2":529.82,"ma_tinh":"92","ten_tinh":"Cần Thơ"}},
{"type":"Feature","geometry":{"type":"Polygon","coordinates":[[[105.5891,9.7767],[105.6068,9.8023],[105.626,9.8338],[105.5917,9.8653],[105.5578,9.8386],[105.5397,9.818],[105.5345,9.8098],[105.528,9.7981],[105.526,9.7891],[105.5347,9.787],[105.5405,9.7851],[105.5426,9.7854],[105.5525,9.7828],[105.5554,9.7804],[105.5463,9.7671],[105.5527,9.7653],[105.5531,9.7636],[105.5616,9.7627],[105.562,9.7679],[105.5667,9.7674],[105.5688,9.7664],[105.5811,9.765],[105.5891,9.7767]]]},"properties":{"ma_xa":"31459","ten_xa":"Vĩnh Tường","sap_nhap":"Vĩnh Trung, Vĩnh Tường","tru_so":"đang cập nhật","loai":"Xã","cap":2,"stt":39,"dtich_km2":67.01,"dan_so":31676,"matdo_km2":472.71,"ma_tinh":"92","ten_tinh":"Cần Thơ"}},
{"type":"Feature","geometry":{"type":"Polygon","coordinates":[[[105.4891,9.6803],[105.488,9.6817],[105.4874,9.6864],[105.4838,9.6919],[105.483,9.6941],[105.4829,9.699],[105.4798,9.7005],[105.4741,9.6968],[105.4697,9.6907],[105.4666,9.6882],[105.4645,9.6894],[105.4624,9.6949],[105.4595,9.696],[105.4552,9.6943],[105.4525,9.6947],[105.4503,9.6979],[105.4509,9.6999],[105.4549,9.7023],[105.456,9.7051],[105.4546,9.7083],[105.4508,9.7118],[105.4481,9.7131],[105.4454,9.713],[105.4424,9.7101],[105.4434,9.7037],[105.4421,9.702],[105.4388,9.7012],[105.4349,9.7028],[105.4341,9.7081],[105.4313,9.7099],[105.4286,9.7092],[105.4261,9.7069],[105.4263,9.704],[105.4294,9.6993],[105.4281,9.6965],[105.4238,9.6946],[105.4216,9.6949],[105.4154,9.6994],[105.4107,9.6997],[105.4074,9.6969],[105.4076,9.6915],[105.4051,9.6893],[105.4015,9.6895],[105.3994,9.6925],[105.4011,9.6961],[105.4013,9.6988],[105.3986,9.7014],[105.3947,9.7012],[105.3922,9.6995],[105.3883,9.6949],[105.3831,9.6844],[105.3812,9.6831],[105.3785,9.6849],[105.3778,9.6916],[105.3757,9.693],[105.3725,9.6919],[105.3667,9.6872],[105.3617,9.6854],[105.3542,9.6845],[105.3522,9.6855],[105.3494,9.6896],[105.3459,9.6886],[105.3465,9.6823],[105.3458,9.6809],[105.3423,9.6797],[105.3388,9.6807],[105.3384,9.6769],[105.3435,9.6755],[105.3501,9.6768],[105.3527,9.6762],[105.3543,9.6739],[105.3555,9.6694],[105.361,9.6694],[105.3723,9.6727],[105.3738,9.6695],[105.3698,9.6653],[105.3685,9.6623],[105.371,9.659],[105.3748,9.6609],[105.3786,9.6609],[105.3834,9.6587],[105.387,9.658],[105.3916,9.6602],[105.3943,9.6601],[105.3971,9.6583],[105.4023,9.6538],[105.4066,9.6518],[105.4086,9.6574],[105.4116,9.663],[105.4118,9.6662],[105.4143,9.6678],[105.4201,9.664],[105.4278,9.6611],[105.433,9.6606],[105.4376,9.6611],[105.4405,9.6595],[105.4449,9.6532],[105.4467,9.6491],[105.4493,9.6463],[105.4573,9.6408],[105.4581,9.6397],[105.4644,9.6365],[105.4655,9.6393],[105.4681,9.6416],[105.4709,9.6419],[105.4775,9.6396],[105.4831,9.6409],[105.485,9.6431],[105.4923,9.6447],[105.4897,9.6546],[105.4971,9.6564],[105.4912,9.6662],[105.4891,9.6713],[105.4897,9.6778],[105.4891,9.6803]]]},"properties":{"ma_xa":"31489","ten_xa":"Vĩnh Viễn","sap_nhap":"Vĩnh Viễn (thị trấn), Vĩnh Viễn A","tru_so":"đang cập nhật","loai":"Xã","cap":2,"stt":40,"dtich_km2":68.86,"dan_so":24432,"matdo_km2":354.81,"ma_tinh":"92","ten_tinh":"Cần Thơ"}},
{"type":"Feature","geometry":{"type":"Polygon","coordinates":[[[105.547,9.6706],[105.5436,9.6684],[105.5408,9.6693],[105.539,9.6731],[105.5348,9.6775],[105.5326,9.6807],[105.5297,9.6821],[105.5275,9.6808],[105.5218,9.6741],[105.52,9.673],[105.5155,9.6766],[105.5069,9.6792],[105.5083,9.6844],[105.5053,9.687],[105.5018,9.6859],[105.4969,9.6874],[105.4949,9.6868],[105.4948,9.6811],[105.4926,9.6795],[105.4891,9.6803],[105.4897,9.6778],[105.4891,9.6713],[105.4912,9.6662],[105.4971,9.6564],[105.4897,9.6546],[105.4923,9.6447],[105.485,9.6431],[105.4831,9.6409],[105.4775,9.6396],[105.4709,9.6419],[105.4681,9.6416],[105.4655,9.6393],[105.4644,9.6365],[105.4581,9.6397],[105.4578,9.6382],[105.4598,9.6348],[105.4591,9.6329],[105.4631,9.6277],[105.4649,9.6224],[105.4664,9.6221],[105.4689,9.6185],[105.4704,9.6188],[105.4766,9.6169],[105.4785,9.6141],[105.4796,9.6097],[105.4819,9.6042],[105.4807,9.6003],[105.4804,9.5849],[105.4866,9.5841],[105.4893,9.5821],[105.4912,9.5835],[105.4933,9.587],[105.4938,9.5908],[105.499,9.5899],[105.503,9.5912],[105.5052,9.5896],[105.5042,9.5862],[105.511,9.5839],[105.5132,9.5846],[105.5142,9.5896],[105.5165,9.5896],[105.5195,9.5881],[105.5216,9.5903],[105.521,9.5935],[105.5231,9.595],[105.5318,9.5953],[105.5342,9.5971],[105.5367,9.5955],[105.5369,9.5923],[105.5423,9.5883],[105.5437,9.5852],[105.546,9.5863],[105.5489,9.5913],[105.5468,9.596],[105.5483,9.5972],[105.5517,9.5974],[105.5573,9.5966],[105.5586,9.6005],[105.5581,9.6033],[105.562,9.6063],[105.5655,9.6064],[105.5674,9.6039],[105.5696,9.6039],[105.5708,9.6067],[105.5753,9.6102],[105.5748,9.6129],[105.5777,9.6146],[105.5836,9.6119],[105.5869,9.6125],[105.5882,9.6082],[105.5905,9.6081],[105.5927,9.6061],[105.5928,9.6035],[105.595,9.6027],[105.5951,9.6075],[105.5962,9.6094],[105.5812,9.6508],[105.5766,9.6635],[105.5603,9.6571],[105.5591,9.6671],[105.5556,9.6667],[105.5534,9.6691],[105.5495,9.6706],[105.547,9.6706]]]},"properties":{"ma_xa":"31495","ten_xa":"Xà Phiên","sap_nhap":"Thuận Hòa (huyện Long Mỹ), Thuận Hưng, Xà Phiên","tru_so":"đang cập nhật","loai":"Xã","cap":2,"stt":41,"dtich_km2":100.48,"dan_so":46156,"matdo_km2":459.36,"ma_tinh":"92","ten_tinh":"Cần Thơ"}}
]}