{"type":"FeatureCollection", "features": [
{"type":"Feature","geometry":{"type":"Polygon","coordinates":[[[108.2476,16.08],[108.2449,16.0804],[108.246,16.0832],[108.24,16.086],[108.2368,16.0889],[108.2326,16.0847],[108.2296,16.0835],[108.2296,16.0788],[108.2264,16.0787],[108.2271,16.0658],[108.2269,16.0568],[108.2269,16.054],[108.2288,16.0511],[108.2343,16.0512],[108.2382,16.0539],[108.2479,16.0567],[108.2467,16.0638],[108.2467,16.0737],[108.2476,16.08]]]},"properties":{"ma_xa":"20275","ten_xa":"An Hải","sap_nhap":"Phước Mỹ (quận Sơn Trà), An Hải Bắc, An Hải Nam (phường An Hải Đông, phường An Hải Tây)","tru_so":"đang cập nhật","loai":"Phường","cap":2,"stt":5,"dtich_km2":7.37,"dan_so":82635,"matdo_km2":11212.35,"ma_tinh":"48","ten_tinh":"Đà Nẵng"}},
{"type":"Feature","geometry":{"type":"Polygon","coordinates":[[[108.1888,16.0528],[108.1834,16.0652],[108.1788,16.062],[108.1733,16.0582],[108.1704,16.054],[108.1718,16.0459],[108.1675,16.0406],[108.1633,16.0376],[108.1622,16.035],[108.1646,16.028],[108.1622,16.0266],[108.1626,16.0241],[108.1654,16.0219],[108.1665,16.0186],[108.1706,16.0157],[108.1739,16.0171],[108.1763,16.0196],[108.1781,16.0198],[108.1799,16.0168],[108.1826,16.016],[108.1856,16.0172],[108.1872,16.0194],[108.1902,16.0187],[108.1919,16.0142],[108.1967,16.0192],[108.1984,16.0227],[108.1959,16.0214],[108.194,16.0219],[108.1913,16.0254],[108.1891,16.0321],[108.1914,16.0339],[108.1964,16.0357],[108.1888,16.0528]]]},"properties":{"ma_xa":"20305","ten_xa":"An Khê","sap_nhap":"Hòa An, Hòa Phát, An Khê","tru_so":"đang cập nhật","loai":"Phường","cap":2,"stt":4,"dtich_km2":12.36,"dan_so":93625,"matdo_km2":7574.84,"ma_tinh":"48","ten_tinh":"Đà Nẵng"}},
{"type":"Feature","geometry":{"type":"Polygon","coordinates":[[[108.2356,15.9308],[108.2341,15.9318],[108.2311,15.929],[108.2271,15.9292],[108.2278,15.9324],[108.2261,15.9342],[108.2227,15.935],[108.2216,15.937],[108.2173,15.9387],[108.2108,15.938],[108.2077,15.9362],[108.208,15.9336],[108.2044,15.9328],[108.2028,15.9312],[108.203,15.928],[108.202,15.9245],[108.2023,15.9205],[108.2067,15.9145],[108.2127,15.9143],[108.2164,15.9019],[108.2128,15.9011],[108.211,15.8985],[108.2168,15.8985],[108.2211,15.9],[108.2223,15.8922],[108.2211,15.8895],[108.2173,15.8886],[108.2173,15.8871],[108.213,15.8863],[108.2128,15.881],[108.2196,15.8793],[108.2204,15.8824],[108.2244,15.8842],[108.2263,15.8832],[108.2267,15.878],[108.226,15.8767],[108.2207,15.8774],[108.2218,15.8751],[108.228,15.8728],[108.2289,15.8758],[108.2327,15.8778],[108.2335,15.8802],[108.2359,15.8815],[108.2394,15.8851],[108.2425,15.8894],[108.2422,15.8917],[108.2389,15.8924],[108.2389,15.895],[108.2425,15.895],[108.2436,15.8971],[108.2467,15.8976],[108.2486,15.8993],[108.2479,15.9012],[108.2475,15.9068],[108.2382,15.9067],[108.2371,15.9092],[108.2389,15.9125],[108.2466,15.9123],[108.2465,15.9141],[108.2385,15.9134],[108.2368,15.918],[108.2435,15.9213],[108.2422,15.9256],[108.2466,15.9268],[108.2469,15.9297],[108.2414,15.9277],[108.2395,15.9278],[108.2391,15.9306],[108.2356,15.9308]]]},"properties":{"ma_xa":"20575","ten_xa":"An Thắng","sap_nhap":"Điện An, Điện Thắng Nam, Điện Thắng Trung","tru_so":"đang cập nhật","loai":"Phường","cap":2,"stt":61,"dtich_km2":19.64,"dan_so":34176,"matdo_km2":1740.12,"ma_tinh":"48","ten_tinh":"Đà Nẵng"}},
{"type":"Feature","geometry":{"type":"Polygon","coordinates":[[[107.6563,16.0195],[107.651,16.0192],[107.6476,16.0235],[107.6447,16.024],[107.641,16.0271],[107.6355,16.0286],[107.6323,16.031],[107.6297,16.0305],[107.6241,16.0322],[107.6228,16.0311],[107.6202,16.0342],[107.62,16.0386],[107.6237,16.0443],[107.6254,16.0461],[107.6261,16.0493],[107.6249,16.0556],[107.6214,16.0621],[107.6197,16.0641],[107.6155,16.063],[107.6113,16.0608],[107.6061,16.06],[107.6017,16.0576],[107.5968,16.0571],[107.5867,16.0568],[107.5789,16.0548],[107.5746,16.0543],[107.5725,16.0555],[107.5666,16.0519],[107.5619,16.0508],[107.5579,16.0476],[107.5565,16.0448],[107.5532,16.0446],[107.5522,16.0418],[107.5559,16.0374],[107.5573,16.0328],[107.5602,16.0314],[107.5602,16.0294],[107.5584,16.0254],[107.5599,16.0223],[107.5576,16.0176],[107.5558,16.0173],[107.554,16.0146],[107.5507,16.015],[107.5498,16.0113],[107.5444,16.0107],[107.5379,16.013],[107.5343,16.0133],[107.532,16.0152],[107.5225,16.0165],[107.5204,16.0152],[107.5173,16.0148],[107.5128,16.0161],[107.5092,16.0187],[107.5071,16.0217],[107.5051,16.0296],[107.5032,16.0307],[107.5007,16.0346],[107.4981,16.0345],[107.4962,16.0391],[107.494,16.0393],[107.4886,16.0411],[107.4866,16.0409],[107.4843,16.0355],[107.4814,16.0347],[107.4795,16.0358],[107.4734,16.033],[107.4697,16.0268],[107.4678,16.0253],[107.4656,16.0231],[107.4656,16.02],[107.4642,16.0151],[107.4661,16.0123],[107.4734,16.0047],[107.4786,16.002],[107.4799,15.9999],[107.4826,16],[107.4886,15.9982],[107.4896,15.9953],[107.4939,15.9934],[107.4947,15.9892],[107.489,15.9839],[107.4883,15.9816],[107.4903,15.9762],[107.4897,15.9691],[107.4908,15.9648],[107.4899,15.9635],[107.4927,15.9606],[107.4916,15.9572],[107.4943,15.9532],[107.4973,15.9512],[107.5035,15.9515],[107.5067,15.9498],[107.5094,15.9435],[107.5089,15.9365],[107.5124,15.9315],[107.5096,15.9282],[107.5132,15.9239],[107.5109,15.9179],[107.5137,15.9134],[107.5141,15.9111],[107.5123,15.9085],[107.5132,15.905],[107.516,15.9055],[107.5198,15.9031],[107.5218,15.9009],[107.5225,15.8949],[107.5296,15.8948],[107.5331,15.8959],[107.5346,15.8983],[107.5397,15.8971],[107.5428,15.8946],[107.5534,15.8981],[107.5557,15.8936],[107.5575,15.8879],[107.5599,15.8851],[107.5642,15.8825],[107.5656,15.8777],[107.5716,15.8765],[107.584,15.8775],[107.5841,15.8805],[107.5875,15.8843],[107.5948,15.8949],[107.5985,15.896],[107.5993,15.8976],[107.6039,15.8995],[107.6114,15.9044],[107.6102,15.9156],[107.6135,15.9196],[107.6075,15.9203],[107.6071,15.9228],[107.6089,15.9254],[107.6146,15.9289],[107.6166,15.9327],[107.6121,15.9352],[107.6145,15.94],[107.6116,15.9444],[107.61,15.9508],[107.6141,15.9567],[107.615,15.9644],[107.6194,15.9695],[107.6216,15.971],[107.623,15.975],[107.6271,15.9784],[107.6285,15.9807],[107.6271,15.982],[107.6265,15.9867],[107.6294,15.9886],[107.6324,15.9926],[107.6363,15.9954],[107.6441,15.9974],[107.6464,15.999],[107.6485,16.002],[107.6478,16.0038],[107.6494,16.0078],[107.6512,16.0093],[107.655,16.0103],[107.6562,16.0143],[107.655,16.0158],[107.6563,16.0195]]]},"properties":{"ma_xa":"20458","ten_xa":"Avương","sap_nhap":"Bhalêê,  Avương","tru_so":"đang cập nhật","loai":"Xã","cap":2,"stt":84,"dtich_km2":225.3,"dan_so":5463,"matdo_km2":24.25,"ma_tinh":"48","ten_tinh":"Đà Nẵng"}},
{"type":"Feature","geometry":{"type":"Polygon","coordinates":[[[108.0913,16.0621],[108.0777,16.062],[108.0755,16.0641],[108.0745,16.0668],[108.0742,16.071],[108.0753,16.073],[108.0683,16.0728],[108.0597,16.0736],[108.0567,16.0758],[108.0541,16.0792],[108.0475,16.0832],[108.0474,16.0866],[108.0434,16.0917],[108.0431,16.097],[108.0389,16.1072],[108.0347,16.105],[108.0285,16.099],[108.0235,16.0956],[108.0218,16.0937],[108.0158,16.091],[108.0119,16.0926],[108.0083,16.0913],[108.0055,16.0884],[108.0071,16.0842],[108.0059,16.0795],[108.0059,16.074],[108.0024,16.0722],[108.0014,16.0707],[107.9964,16.07],[107.9922,16.0677],[107.99,16.069],[107.9862,16.0677],[107.9807,16.0676],[107.9779,16.0657],[107.9748,16.0658],[107.9611,16.0644],[107.9616,16.06],[107.9607,16.0532],[107.9585,16.0485],[107.9581,16.0369],[107.9598,16.0359],[107.9612,16.0324],[107.9636,16.0315],[107.9659,16.0291],[107.9684,16.0281],[107.9698,16.0258],[107.97,16.0201],[107.973,16.0185],[107.9778,16.0139],[107.9835,16.0119],[107.9813,16.0058],[107.9823,16.003],[107.9808,15.9996],[107.9819,15.9967],[107.9864,15.9978],[107.988,15.9955],[107.9908,15.9943],[107.9938,15.9959],[107.9967,15.9943],[108.0018,15.996],[108.0074,15.9952],[108.0192,15.9954],[108.0272,15.9961],[108.0328,15.9972],[108.0367,16.0031],[108.0404,16.0037],[108.0433,16.007],[108.0457,16.0079],[108.0492,16.0075],[108.0515,16.0095],[108.0513,16.0123],[108.0648,16.0203],[108.0692,16.0226],[108.072,16.0183],[108.0752,16.0187],[108.074,16.0115],[108.0709,16.009],[108.0715,16.0058],[108.0749,16.0052],[108.0743,16.0029],[108.0761,15.9989],[108.081,16.0009],[108.0853,16.0006],[108.0881,15.9973],[108.094,15.997],[108.0973,15.9975],[108.1028,16.0009],[108.1057,16.0007],[108.1083,15.9993],[108.1122,15.9998],[108.1156,16.0017],[108.1203,16.0002],[108.1246,16.0012],[108.1266,16.0035],[108.1294,16.0042],[108.1345,16.0036],[108.1348,16],[108.1376,15.9985],[108.1388,16.0014],[108.1409,16.0004],[108.1412,15.996],[108.1423,15.9932],[108.1457,15.993],[108.1516,15.9947],[108.158,15.9939],[108.1575,15.9996],[108.16,16.0092],[108.1665,16.0119],[108.1706,16.0157],[108.1665,16.0186],[108.1654,16.0219],[108.1626,16.0241],[108.1622,16.0266],[108.1646,16.028],[108.1622,16.035],[108.1593,16.033],[108.1551,16.0349],[108.1483,16.0356],[108.144,16.0341],[108.1319,16.0307],[108.1295,16.0309],[108.1253,16.0297],[108.1207,16.0238],[108.1188,16.0259],[108.1163,16.0249],[108.1119,16.0264],[108.1107,16.0229],[108.1049,16.0213],[108.1022,16.0243],[108.1013,16.027],[108.0907,16.0343],[108.0865,16.0336],[108.0841,16.0353],[108.0849,16.045],[108.0876,16.0496],[108.0923,16.0531],[108.0901,16.0607],[108.0913,16.0621]]]},"properties":{"ma_xa":"20308","ten_xa":"Bà Nà","sap_nhap":"Hòa Ninh, Hòa Nhơn","tru_so":"đang cập nhật","loai":"Xã","cap":2,"stt":15,"dtich_km2":136.41,"dan_so":25267,"matdo_km2":185.23,"ma_tinh":"48","ten_tinh":"Đà Nẵng"}},
{"type":"Feature","geometry":{"type":"Polygon","coordinates":[[[108.489,15.5711],[108.4929,15.5731],[108.4919,15.5767],[108.4917,15.5824],[108.4929,15.5837],[108.49,15.5858],[108.4856,15.5876],[108.4785,15.5871],[108.4758,15.5902],[108.4715,15.5909],[108.473,15.5929],[108.4724,15.5951],[108.4734,15.5992],[108.4759,15.6025],[108.4754,15.6037],[108.483,15.6069],[108.4857,15.6067],[108.4895,15.6047],[108.4943,15.6098],[108.4971,15.6111],[108.5,15.6175],[108.5077,15.6225],[108.5116,15.6158],[108.5165,15.611],[108.5242,15.6171],[108.5209,15.6218],[108.5184,15.628],[108.5176,15.6326],[108.5104,15.6367],[108.5079,15.6388],[108.5061,15.6424],[108.5029,15.6411],[108.4921,15.6325],[108.4899,15.6303],[108.4848,15.6359],[108.4805,15.6346],[108.4757,15.6323],[108.4724,15.632],[108.4631,15.63],[108.4592,15.6309],[108.4559,15.6301],[108.4543,15.632],[108.4513,15.6303],[108.4484,15.6313],[108.4458,15.6306],[108.4436,15.6336],[108.4418,15.6316],[108.4424,15.6288],[108.4449,15.6269],[108.4468,15.6237],[108.4471,15.6208],[108.4526,15.6141],[108.4544,15.6086],[108.4592,15.604],[108.4642,15.6027],[108.4664,15.5988],[108.4638,15.5975],[108.4615,15.5945],[108.4611,15.5922],[108.4591,15.59],[108.4557,15.5812],[108.4527,15.5747],[108.4505,15.5745],[108.4487,15.568],[108.4498,15.5658],[108.4478,15.5582],[108.4451,15.5552],[108.4476,15.5513],[108.4505,15.5504],[108.4532,15.5538],[108.455,15.5539],[108.4584,15.55],[108.4598,15.5509],[108.4567,15.555],[108.4596,15.5547],[108.4617,15.557],[108.4694,15.559],[108.4689,15.5612],[108.4721,15.5616],[108.473,15.563],[108.4685,15.5654],[108.4741,15.5726],[108.4824,15.5736],[108.4844,15.5721],[108.4866,15.5735],[108.489,15.5711]]]},"properties":{"ma_xa":"20335","ten_xa":"Bàn Thạch","sap_nhap":"Tân Thạnh, Hòa Thuận, Tam Thăng ","tru_so":"đang cập nhật","loai":"Phường","cap":2,"stt":26,"dtich_km2":34.77,"dan_so":36800,"matdo_km2":1058.38,"ma_tinh":"48","ten_tinh":"Đà Nẵng"}},
{"type":"Feature","geometry":{"type":"Polygon","coordinates":[[[107.5883,15.7691],[107.5869,15.7722],[107.5847,15.7732],[107.5826,15.7761],[107.5797,15.7773],[107.5704,15.7737],[107.5658,15.7743],[107.5641,15.7702],[107.5626,15.7693],[107.5577,15.7689],[107.5552,15.7696],[107.5484,15.7685],[107.5462,15.77],[107.546,15.7722],[107.543,15.7764],[107.5399,15.7717],[107.5397,15.7677],[107.5357,15.7646],[107.5328,15.7599],[107.5303,15.7598],[107.5274,15.7567],[107.5278,15.7528],[107.5249,15.7485],[107.5255,15.745],[107.525,15.7413],[107.5272,15.7395],[107.5266,15.7342],[107.528,15.7291],[107.5311,15.7253],[107.5333,15.7246],[107.539,15.7255],[107.5409,15.7235],[107.5435,15.723],[107.5519,15.7136],[107.5538,15.7086],[107.5504,15.7049],[107.5471,15.7035],[107.5429,15.6961],[107.543,15.6941],[107.5398,15.691],[107.542,15.688],[107.5438,15.6829],[107.5465,15.6811],[107.5542,15.6818],[107.5585,15.6844],[107.5612,15.6841],[107.5658,15.6873],[107.5704,15.6867],[107.5721,15.6853],[107.5769,15.6846],[107.5801,15.6826],[107.5848,15.6782],[107.5887,15.6796],[107.5928,15.6783],[107.5957,15.6785],[107.5982,15.68],[107.6054,15.6785],[107.607,15.6773],[107.6098,15.6698],[107.6144,15.668],[107.6162,15.6655],[107.6188,15.6593],[107.6204,15.6514],[107.6159,15.6505],[107.6125,15.6526],[107.611,15.6546],[107.6029,15.6542],[107.6025,15.6519],[107.6002,15.651],[107.6,15.6472],[107.597,15.6442],[107.5979,15.6415],[107.595,15.6401],[107.5956,15.6374],[107.5929,15.6347],[107.5965,15.6313],[107.5938,15.6277],[107.5898,15.6277],[107.5891,15.6264],[107.5903,15.6218],[107.5885,15.6178],[107.5943,15.613],[107.6012,15.6125],[107.6062,15.6078],[107.6109,15.6079],[107.6153,15.6065],[107.6191,15.6085],[107.6226,15.6072],[107.6246,15.6049],[107.6275,15.6035],[107.6296,15.6041],[107.632,15.6025],[107.6358,15.6018],[107.64,15.6044],[107.6435,15.6034],[107.6451,15.6058],[107.649,15.6075],[107.6536,15.6116],[107.6552,15.6138],[107.6605,15.609],[107.6639,15.6067],[107.666,15.6025],[107.6674,15.597],[107.6671,15.5932],[107.6684,15.5898],[107.6739,15.5865],[107.6762,15.5797],[107.6813,15.574],[107.6817,15.5712],[107.6859,15.5649],[107.6867,15.5627],[107.6897,15.56],[107.6883,15.5583],[107.6915,15.557],[107.6951,15.5605],[107.6971,15.5621],[107.7047,15.5579],[107.7107,15.5573],[107.7145,15.5608],[107.719,15.5603],[107.7242,15.5611],[107.7308,15.5655],[107.7319,15.5679],[107.7345,15.5688],[107.7429,15.5684],[107.7459,15.5711],[107.7489,15.5717],[107.7514,15.575],[107.7556,15.5757],[107.762,15.5715],[107.769,15.5727],[107.7722,15.5748],[107.7795,15.5771],[107.7797,15.581],[107.7844,15.5795],[107.7893,15.5789],[107.7918,15.5802],[107.8037,15.5789],[107.8089,15.5805],[107.8105,15.5794],[107.8164,15.5798],[107.8176,15.581],[107.8209,15.579],[107.8228,15.5799],[107.8232,15.5735],[107.8257,15.5717],[107.828,15.572],[107.8289,15.5697],[107.8353,15.5696],[107.8365,15.568],[107.8428,15.5651],[107.8452,15.5605],[107.8513,15.5597],[107.8562,15.5577],[107.8598,15.5578],[107.8532,15.5655],[107.8543,15.5675],[107.853,15.5695],[107.8536,15.5732],[107.8523,15.5752],[107.8544,15.5783],[107.857,15.5781],[107.8614,15.5809],[107.8677,15.5796],[107.8672,15.5907],[107.8649,15.5921],[107.865,15.5949],[107.8668,15.5977],[107.8698,15.5986],[107.8696,15.6023],[107.8709,15.6074],[107.8733,15.6092],[107.8771,15.6104],[107.8798,15.615],[107.8828,15.6168],[107.8854,15.6223],[107.8824,15.6313],[107.8774,15.6357],[107.8787,15.638],[107.8786,15.6411],[107.8735,15.6441],[107.8749,15.649],[107.8668,15.6496],[107.8663,15.652],[107.8637,15.6551],[107.8582,15.6598],[107.8557,15.6603],[107.8545,15.6639],[107.8521,15.6665],[107.8517,15.6689],[107.8482,15.6736],[107.8425,15.6796],[107.8374,15.6827],[107.8308,15.6855],[107.8282,15.6891],[107.8238,15.691],[107.8201,15.6941],[107.8197,15.6975],[107.8173,15.6984],[107.8163,15.7012],[107.8175,15.704],[107.8205,15.707],[107.8204,15.7136],[107.8186,15.7163],[107.8185,15.7196],[107.8195,15.7226],[107.8192,15.7256],[107.8138,15.7256],[107.811,15.7328],[107.8114,15.7364],[107.8126,15.7383],[107.8075,15.7402],[107.8055,15.7436],[107.8028,15.745],[107.7981,15.7435],[107.7959,15.7417],[107.7904,15.7442],[107.787,15.7423],[107.7851,15.7436],[107.779,15.7403],[107.7759,15.7393],[107.7726,15.7362],[107.769,15.7346],[107.7642,15.7301],[107.7615,15.7254],[107.7562,15.7249],[107.7531,15.7202],[107.7531,15.7182],[107.7497,15.7176],[107.745,15.7151],[107.7389,15.7151],[107.7354,15.713],[107.7327,15.7134],[107.7275,15.7102],[107.7247,15.7106],[107.7211,15.7097],[107.7201,15.7144],[107.7217,15.722],[107.7216,15.7247],[107.7174,15.7278],[107.7189,15.7341],[107.7143,15.7371],[107.7109,15.7364],[107.7099,15.738],[107.7042,15.7422],[107.7034,15.7462],[107.7007,15.7485],[107.6958,15.7501],[107.6935,15.7464],[107.6915,15.741],[107.6869,15.7355],[107.6857,15.7321],[107.6811,15.7273],[107.674,15.7243],[107.6644,15.7231],[107.654,15.7297],[107.6536,15.7334],[107.652,15.7368],[107.6524,15.7472],[107.6513,15.7518],[107.653,15.7533],[107.6528,15.7615],[107.6504,15.7596],[107.6467,15.7591],[107.6432,15.7606],[107.6353,15.7582],[107.631,15.7574],[107.6283,15.7595],[107.6262,15.759],[107.6206,15.7602],[107.612,15.763],[107.6002,15.7673],[107.5987,15.7687],[107.5937,15.7689],[107.5921,15.7698],[107.5883,15.7691]]]},"properties":{"ma_xa":"20710","ten_xa":"Bến Giằng","sap_nhap":"Cà Dy, Tà Bhing, Tà Pơơ","tru_so":"đang cập nhật","loai":"Xã","cap":2,"stt":75,"dtich_km2":535.96,"dan_so":8277,"matdo_km2":15.44,"ma_tinh":"48","ten_tinh":"Đà Nẵng"}},
{"type":"Feature","geometry":{"type":"Polygon","coordinates":[[[107.8495,15.9354],[107.8398,15.938],[107.8363,15.9354],[107.8314,15.9356],[107.8267,15.9333],[107.8232,15.9326],[107.8233,15.9309],[107.8201,15.9234],[107.8174,15.9191],[107.8086,15.9159],[107.8038,15.9124],[107.8003,15.9077],[107.7947,15.9092],[107.7933,15.9059],[107.7907,15.9028],[107.7816,15.9022],[107.7786,15.8991],[107.7766,15.8992],[107.7713,15.8977],[107.7674,15.8948],[107.7636,15.8896],[107.7615,15.8882],[107.7586,15.8893],[107.7566,15.8873],[107.7522,15.8867],[107.7471,15.8954],[107.7471,15.8984],[107.7409,15.9017],[107.7355,15.9036],[107.7339,15.9035],[107.7287,15.9069],[107.722,15.9058],[107.7192,15.9038],[107.7129,15.9013],[107.7096,15.8982],[107.7004,15.8908],[107.6957,15.8845],[107.6961,15.8802],[107.6894,15.8785],[107.6869,15.8806],[107.6833,15.8809],[107.6812,15.8826],[107.6792,15.8819],[107.6762,15.8829],[107.6718,15.8746],[107.6718,15.8712],[107.6745,15.8672],[107.6741,15.8635],[107.6698,15.8637],[107.6636,15.86],[107.6608,15.8606],[107.6581,15.8597],[107.6536,15.8611],[107.6535,15.8669],[107.6515,15.8721],[107.6499,15.8734],[107.6452,15.8735],[107.6458,15.8696],[107.6381,15.8662],[107.6369,15.8628],[107.6348,15.8607],[107.6352,15.8587],[107.6317,15.853],[107.6251,15.8481],[107.6239,15.8462],[107.6209,15.8464],[107.6147,15.8434],[107.6118,15.8409],[107.6132,15.838],[107.6128,15.836],[107.6084,15.8328],[107.6069,15.8282],[107.6062,15.8173],[107.6082,15.8147],[107.606,15.8136],[107.6075,15.8101],[107.608,15.806],[107.6099,15.8054],[107.6101,15.8029],[107.6118,15.7994],[107.6029,15.7985],[107.5991,15.7972],[107.5922,15.7931],[107.5992,15.788],[107.6055,15.7851],[107.6,15.7784],[107.5975,15.7774],[107.5923,15.7738],[107.5883,15.7691],[107.5921,15.7698],[107.5937,15.7689],[107.5987,15.7687],[107.6002,15.7673],[107.612,15.763],[107.6206,15.7602],[107.6262,15.759],[107.6283,15.7595],[107.631,15.7574],[107.6353,15.7582],[107.6432,15.7606],[107.6467,15.7591],[107.6504,15.7596],[107.6528,15.7615],[107.658,15.7661],[107.6608,15.768],[107.6621,15.7754],[107.6647,15.7776],[107.6704,15.7771],[107.6733,15.7761],[107.68,15.7758],[107.6826,15.7731],[107.6839,15.775],[107.687,15.7744],[107.6915,15.7774],[107.6979,15.7778],[107.7094,15.7797],[107.7116,15.777],[107.717,15.7776],[107.7191,15.7789],[107.7222,15.7838],[107.7264,15.786],[107.7278,15.7916],[107.7303,15.7947],[107.7323,15.7949],[107.736,15.8021],[107.7374,15.8039],[107.7378,15.8071],[107.7419,15.8066],[107.7516,15.8083],[107.7544,15.8095],[107.7561,15.8131],[107.7598,15.815],[107.7656,15.8167],[107.7696,15.8172],[107.7766,15.8171],[107.7806,15.8205],[107.7878,15.8238],[107.7895,15.8264],[107.793,15.8277],[107.7964,15.8269],[107.801,15.8276],[107.8028,15.8302],[107.8035,15.8336],[107.8085,15.8386],[107.811,15.8399],[107.8152,15.8445],[107.8108,15.8487],[107.8106,15.8525],[107.8117,15.8547],[107.8173,15.8535],[107.8225,15.8553],[107.8264,15.8589],[107.8308,15.8604],[107.8303,15.8629],[107.8318,15.8677],[107.8337,15.8696],[107.8357,15.8736],[107.8368,15.8814],[107.8381,15.8864],[107.8372,15.889],[107.8373,15.8997],[107.8361,15.9016],[107.8357,15.9063],[107.8368,15.9089],[107.8411,15.9109],[107.8446,15.9153],[107.8465,15.916],[107.8465,15.922],[107.8474,15.9274],[107.847,15.929],[107.848,15.9341],[107.8495,15.9354]]]},"properties":{"ma_xa":"20494","ten_xa":"Bến Hiên","sap_nhap":"Kà Dăng, Mà Cooih","tru_so":"đang cập nhật","loai":"Xã","cap":2,"stt":83,"dtich_km2":255.85,"dan_so":4588,"matdo_km2":17.93,"ma_tinh":"48","ten_tinh":"Đà Nẵng"}},
{"type":"Feature","geometry":{"type":"Polygon","coordinates":[[[108.2215,16.0226],[108.2183,16.0242],[108.2159,16.03],[108.2149,16.031],[108.2143,16.0359],[108.208,16.0373],[108.2083,16.0252],[108.2061,16.024],[108.1984,16.0227],[108.1967,16.0192],[108.1919,16.0142],[108.1902,16.0187],[108.1872,16.0194],[108.1856,16.0172],[108.1826,16.016],[108.1799,16.0168],[108.1781,16.0198],[108.1763,16.0196],[108.1739,16.0171],[108.1706,16.0157],[108.1665,16.0119],[108.16,16.0092],[108.1575,15.9996],[108.158,15.9939],[108.1593,15.9948],[108.1644,15.9938],[108.1683,15.9934],[108.1701,15.995],[108.1735,15.9939],[108.177,15.9942],[108.1842,15.9937],[108.1834,15.9975],[108.1897,15.999],[108.1976,16.0017],[108.2072,16.0083],[108.2104,16.0115],[108.2148,16.017],[108.2215,16.0226]]]},"properties":{"ma_xa":"20260","ten_xa":"Cẩm Lệ","sap_nhap":"Hòa Thọ Tây, Hòa Thọ Đông, Khuê Trung ","tru_so":"đang cập nhật","loai":"Phường","cap":2,"stt":11,"dtich_km2":14.05,"dan_so":78837,"matdo_km2":5611.17,"ma_tinh":"48","ten_tinh":"Đà Nẵng"}},
{"type":"Feature","geometry":{"type":"Polygon","coordinates":[[[108.4598,15.5509],[108.4584,15.55],[108.455,15.5539],[108.4532,15.5538],[108.4505,15.5504],[108.4476,15.5513],[108.4451,15.5552],[108.4478,15.5582],[108.4498,15.5658],[108.4487,15.568],[108.4505,15.5745],[108.4527,15.5747],[108.4557,15.5812],[108.4591,15.59],[108.4611,15.5922],[108.4615,15.5945],[108.4638,15.5975],[108.4664,15.5988],[108.4642,15.6027],[108.4592,15.604],[108.4544,15.6086],[108.4519,15.6079],[108.4492,15.6056],[108.4491,15.6034],[108.4461,15.5967],[108.4439,15.5957],[108.4415,15.5914],[108.4366,15.5928],[108.4347,15.5904],[108.4309,15.5895],[108.4317,15.5868],[108.4272,15.5844],[108.4207,15.5839],[108.4183,15.5824],[108.4186,15.5793],[108.4168,15.5768],[108.4166,15.5726],[108.4154,15.5713],[108.4156,15.5678],[108.4138,15.5619],[108.4102,15.5625],[108.4056,15.5605],[108.3979,15.5638],[108.3948,15.5676],[108.3889,15.5662],[108.3873,15.5679],[108.383,15.5674],[108.3828,15.5617],[108.3846,15.5564],[108.3825,15.5543],[108.3801,15.5559],[108.3765,15.5565],[108.3737,15.5536],[108.3706,15.5529],[108.3684,15.5494],[108.373,15.5435],[108.3697,15.5424],[108.3682,15.5399],[108.3692,15.5376],[108.3724,15.5358],[108.3737,15.5328],[108.3724,15.5298],[108.3697,15.5277],[108.3685,15.5248],[108.3725,15.5212],[108.3795,15.5209],[108.381,15.5189],[108.3844,15.5215],[108.3885,15.5227],[108.3908,15.5266],[108.3943,15.5273],[108.3945,15.5322],[108.3985,15.5327],[108.3998,15.5315],[108.4038,15.5322],[108.4089,15.5312],[108.4104,15.5327],[108.4138,15.5337],[108.4172,15.5368],[108.4211,15.5438],[108.4205,15.5487],[108.4244,15.5515],[108.4282,15.5437],[108.4308,15.5433],[108.4369,15.5388],[108.4375,15.535],[108.436,15.5339],[108.4346,15.5296],[108.4315,15.5272],[108.4313,15.5252],[108.4345,15.5221],[108.441,15.5192],[108.4435,15.5221],[108.4469,15.5231],[108.4493,15.5252],[108.4524,15.5238],[108.4551,15.5298],[108.455,15.5319],[108.4606,15.5321],[108.4643,15.5343],[108.4663,15.5323],[108.4712,15.5307],[108.4711,15.5339],[108.47,15.5381],[108.4701,15.5414],[108.4694,15.5459],[108.4645,15.5499],[108.4598,15.5509]]]},"properties":{"ma_xa":"20364","ten_xa":"Chiên Đàn","sap_nhap":"Phú Thịnh, Tam Đàn, Tam Thái","tru_so":"đang cập nhật","loai":"Xã","cap":2,"stt":28,"dtich_km2":48.63,"dan_so":32145,"matdo_km2":661.01,"ma_tinh":"48","ten_tinh":"Đà Nẵng"}},
{"type":"Feature","geometry":{"type":"Polygon","coordinates":[[[107.6951,15.5605],[107.6915,15.557],[107.6883,15.5583],[107.6897,15.56],[107.6867,15.5627],[107.6859,15.5649],[107.6817,15.5712],[107.6813,15.574],[107.6762,15.5797],[107.6739,15.5865],[107.6684,15.5898],[107.6671,15.5932],[107.6674,15.597],[107.666,15.6025],[107.6639,15.6067],[107.6605,15.609],[107.6552,15.6138],[107.6536,15.6116],[107.649,15.6075],[107.6451,15.6058],[107.6435,15.6034],[107.64,15.6044],[107.6358,15.6018],[107.632,15.6025],[107.6296,15.6041],[107.6275,15.6035],[107.6246,15.6049],[107.6226,15.6072],[107.6191,15.6085],[107.6153,15.6065],[107.6109,15.6079],[107.6062,15.6078],[107.6012,15.6125],[107.5943,15.613],[107.588,15.6088],[107.5857,15.6092],[107.5777,15.6039],[107.5742,15.6025],[107.5714,15.5996],[107.5681,15.5991],[107.5665,15.6007],[107.5603,15.6016],[107.5589,15.6053],[107.5544,15.6054],[107.543,15.6032],[107.5404,15.5984],[107.5372,15.5958],[107.5327,15.5942],[107.5324,15.5917],[107.5293,15.5907],[107.5276,15.5866],[107.5247,15.5848],[107.5219,15.5852],[107.5196,15.5816],[107.5209,15.5803],[107.5196,15.5746],[107.5214,15.5695],[107.5236,15.5679],[107.5202,15.5651],[107.5201,15.5618],[107.5212,15.5595],[107.5203,15.5575],[107.515,15.5504],[107.5154,15.5483],[107.5127,15.5473],[107.5126,15.545],[107.5097,15.5445],[107.5065,15.5395],[107.5073,15.5326],[107.5065,15.5263],[107.5037,15.5255],[107.5008,15.5231],[107.4982,15.5229],[107.4936,15.5211],[107.4942,15.5156],[107.4921,15.5142],[107.4905,15.5085],[107.492,15.5066],[107.4907,15.5047],[107.4915,15.5014],[107.4948,15.4984],[107.4942,15.4964],[107.4964,15.4944],[107.5002,15.4865],[107.5055,15.4821],[107.5051,15.4794],[107.5074,15.4746],[107.5139,15.4729],[107.5154,15.4652],[107.5178,15.4636],[107.5182,15.4609],[107.5225,15.4571],[107.5228,15.4506],[107.5224,15.4462],[107.5254,15.4429],[107.5272,15.4377],[107.5234,15.433],[107.5227,15.4275],[107.5192,15.425],[107.5185,15.4161],[107.5237,15.4116],[107.5269,15.4105],[107.5307,15.4055],[107.5337,15.4061],[107.5361,15.4045],[107.5382,15.4056],[107.5431,15.4059],[107.5464,15.4053],[107.5507,15.4005],[107.5545,15.398],[107.5589,15.3962],[107.561,15.3944],[107.5652,15.3948],[107.5696,15.3964],[107.5711,15.3981],[107.5735,15.3977],[107.5747,15.3998],[107.5897,15.413],[107.595,15.4129],[107.5997,15.4146],[107.6016,15.4168],[107.6016,15.4188],[107.6038,15.4214],[107.6091,15.4202],[107.6103,15.4176],[107.6166,15.4173],[107.6211,15.4176],[107.624,15.4145],[107.6297,15.4155],[107.6313,15.4175],[107.6384,15.4151],[107.639,15.412],[107.6426,15.4078],[107.6425,15.406],[107.6456,15.4043],[107.6554,15.3965],[107.6556,15.3933],[107.6602,15.3884],[107.6612,15.3858],[107.6619,15.3904],[107.6646,15.3932],[107.6652,15.3959],[107.6685,15.3987],[107.6691,15.4048],[107.6677,15.4067],[107.6747,15.4118],[107.6771,15.4164],[107.6773,15.4184],[107.6796,15.4214],[107.6774,15.4283],[107.6785,15.4312],[107.677,15.4332],[107.6787,15.4351],[107.6797,15.4412],[107.6817,15.4439],[107.6824,15.4477],[107.6817,15.4494],[107.6819,15.4538],[107.6836,15.4548],[107.6854,15.4586],[107.6892,15.4613],[107.691,15.4635],[107.6943,15.4619],[107.6959,15.4646],[107.6937,15.467],[107.6992,15.4713],[107.6996,15.4738],[107.7017,15.4755],[107.704,15.479],[107.7068,15.4806],[107.7053,15.4836],[107.7028,15.4833],[107.6966,15.4877],[107.6979,15.4916],[107.7032,15.4939],[107.7015,15.4981],[107.7022,15.5009],[107.705,15.5036],[107.7031,15.5058],[107.7045,15.5105],[107.7068,15.5149],[107.7031,15.5168],[107.7036,15.5209],[107.7001,15.5242],[107.7003,15.5287],[107.7025,15.5295],[107.7013,15.5374],[107.6984,15.54],[107.6979,15.5433],[107.6948,15.546],[107.6957,15.5499],[107.6981,15.5505],[107.6975,15.5545],[107.6948,15.5591],[107.6951,15.5605]]]},"properties":{"ma_xa":"20716","ten_xa":"Đắc Pring","sap_nhap":"Đắc Pre, Đắc Pring","tru_so":"đang cập nhật","loai":"Xã","cap":2,"stt":77,"dtich_km2":412.49,"dan_so":3060,"matdo_km2":7.42,"ma_tinh":"48","ten_tinh":"Đà Nẵng"}},
{"type":"Feature","geometry":{"type":"Polygon","coordinates":[[[108.147,15.9331],[108.1421,15.9329],[108.1414,15.9313],[108.1376,15.9305],[108.131,15.9333],[108.1266,15.9357],[108.1246,15.9385],[108.1158,15.9426],[108.1151,15.9445],[108.1095,15.948],[108.1069,15.9458],[108.1019,15.9427],[108.101,15.941],[108.0974,15.9411],[108.0933,15.9363],[108.0893,15.9346],[108.0876,15.9328],[108.088,15.9299],[108.0866,15.9276],[108.0827,15.927],[108.0805,15.9255],[108.0766,15.9254],[108.0686,15.9261],[108.0669,15.9279],[108.0619,15.9293],[108.0606,15.9339],[108.0522,15.9329],[108.0515,15.9321],[108.0453,15.9326],[108.0411,15.9346],[108.033,15.92],[108.0334,15.9181],[108.0395,15.9134],[108.0442,15.9138],[108.0471,15.9156],[108.0508,15.9148],[108.0559,15.9103],[108.0582,15.9073],[108.0623,15.9039],[108.0654,15.9034],[108.0714,15.8957],[108.0754,15.8952],[108.0772,15.8933],[108.0774,15.8898],[108.0821,15.8877],[108.0823,15.8848],[108.0785,15.88],[108.0772,15.8767],[108.0792,15.8759],[108.0819,15.8719],[108.077,15.8682],[108.0809,15.864],[108.0864,15.8651],[108.0914,15.8645],[108.0958,15.8678],[108.0982,15.871],[108.1033,15.8708],[108.1053,15.8655],[108.1034,15.8652],[108.1026,15.8603],[108.0986,15.859],[108.0993,15.8554],[108.0991,15.8512],[108.1011,15.8487],[108.1085,15.8474],[108.1149,15.8427],[108.1193,15.845],[108.1369,15.8471],[108.1467,15.8496],[108.1476,15.8506],[108.1485,15.856],[108.1459,15.8566],[108.1454,15.8625],[108.1461,15.8654],[108.1409,15.8661],[108.1361,15.8686],[108.1337,15.8686],[108.1336,15.8726],[108.1371,15.8755],[108.1341,15.8826],[108.1356,15.8855],[108.1327,15.8859],[108.1321,15.8901],[108.1294,15.8915],[108.1312,15.8944],[108.1334,15.8948],[108.1382,15.8926],[108.1385,15.8985],[108.1401,15.9008],[108.1384,15.9034],[108.1379,15.9061],[108.1344,15.9094],[108.1332,15.9138],[108.141,15.919],[108.1482,15.9211],[108.1517,15.9254],[108.1525,15.9281],[108.1511,15.9324],[108.1479,15.9317],[108.147,15.9331]]]},"properties":{"ma_xa":"20500","ten_xa":"Đại Lộc","sap_nhap":"Ái Nghĩa, Đại Hiệp, Đại Hòa, Đại An, Đại Nghĩa ","tru_so":"đang cập nhật","loai":"Xã","cap":2,"stt":69,"dtich_km2":73.97,"dan_so":61217,"matdo_km2":827.59,"ma_tinh":"48","ten_tinh":"Đà Nẵng"}},
{"type":"Feature","geometry":{"type":"Polygon","coordinates":[[[108.2896,15.8864],[108.2876,15.8878],[108.2772,15.8903],[108.2771,15.8889],[108.2683,15.8885],[108.2659,15.8909],[108.261,15.9004],[108.2589,15.9026],[108.2555,15.9024],[108.2518,15.9034],[108.2486,15.8993],[108.2467,15.8976],[108.2436,15.8971],[108.2425,15.895],[108.2389,15.895],[108.2389,15.8924],[108.2422,15.8917],[108.2425,15.8894],[108.2394,15.8851],[108.2359,15.8815],[108.237,15.88],[108.2413,15.8796],[108.2431,15.8775],[108.2431,15.8741],[108.2394,15.8723],[108.2382,15.8686],[108.2393,15.8664],[108.2483,15.8694],[108.2498,15.8669],[108.2522,15.8662],[108.2629,15.8602],[108.2719,15.8623],[108.2768,15.8657],[108.2814,15.8671],[108.2876,15.8675],[108.3058,15.8679],[108.3094,15.868],[108.3116,15.8706],[108.3132,15.8752],[108.3098,15.8725],[108.3031,15.8731],[108.3027,15.8762],[108.2965,15.8761],[108.2965,15.8806],[108.2929,15.8844],[108.2896,15.8864]]]},"properties":{"ma_xa":"20551","ten_xa":"Điện Bàn","sap_nhap":"Điện Phương, Điện Minh, Vĩnh Điện","tru_so":"đang cập nhật","loai":"Phường","cap":2,"stt":59,"dtich_km2":19.78,"dan_so":41270,"matdo_km2":2086.45,"ma_tinh":"48","ten_tinh":"Đà Nẵng"}},
{"type":"Feature","geometry":{"type":"Polygon","coordinates":[[[108.2226,15.9475],[108.2194,15.9461],[108.2181,15.9469],[108.2127,15.9437],[108.2109,15.9436],[108.2059,15.9469],[108.2045,15.9515],[108.2055,15.9547],[108.2031,15.957],[108.2044,15.9583],[108.2049,15.9622],[108.2027,15.9639],[108.1978,15.963],[108.1915,15.9631],[108.1865,15.9622],[108.1864,15.9655],[108.1846,15.9655],[108.1845,15.9594],[108.1833,15.957],[108.1807,15.9549],[108.1792,15.9512],[108.1806,15.9463],[108.1791,15.9396],[108.1719,15.9397],[108.1686,15.9416],[108.1668,15.9466],[108.1657,15.9465],[108.1645,15.9518],[108.1623,15.9502],[108.1537,15.9528],[108.1514,15.9507],[108.1501,15.9477],[108.1495,15.9404],[108.147,15.9331],[108.1479,15.9317],[108.1511,15.9324],[108.1525,15.9281],[108.1517,15.9254],[108.1482,15.9211],[108.141,15.919],[108.1332,15.9138],[108.1344,15.9094],[108.1379,15.9061],[108.1384,15.9034],[108.1401,15.9008],[108.1437,15.8978],[108.145,15.8955],[108.1472,15.8959],[108.1476,15.8993],[108.1525,15.9018],[108.1551,15.9054],[108.1585,15.9073],[108.168,15.9103],[108.1678,15.9132],[108.1695,15.9155],[108.1678,15.9171],[108.1635,15.9191],[108.1653,15.9216],[108.1695,15.9225],[108.1749,15.9248],[108.1762,15.9266],[108.1828,15.9271],[108.1855,15.9179],[108.1846,15.9105],[108.1894,15.9071],[108.1879,15.9024],[108.1914,15.9039],[108.1986,15.9048],[108.1991,15.9007],[108.2011,15.9019],[108.2063,15.9025],[108.2084,15.8988],[108.2128,15.9011],[108.2164,15.9019],[108.2127,15.9143],[108.2067,15.9145],[108.2023,15.9205],[108.202,15.9245],[108.203,15.928],[108.2028,15.9312],[108.2044,15.9328],[108.208,15.9336],[108.2077,15.9362],[108.2108,15.938],[108.2173,15.9387],[108.2216,15.937],[108.2227,15.935],[108.2261,15.9342],[108.2278,15.9324],[108.2271,15.9292],[108.2311,15.929],[108.2341,15.9318],[108.2356,15.9308],[108.2365,15.9388],[108.2339,15.9446],[108.2336,15.9485],[108.2292,15.9496],[108.2241,15.9471],[108.2226,15.9475]]]},"properties":{"ma_xa":"20557","ten_xa":"Điện Bàn Bắc","sap_nhap":"Điện Thắng Bắc, Điện Hòa, Điện Tiến ","tru_so":"đang cập nhật","loai":"Phường","cap":2,"stt":62,"dtich_km2":36.39,"dan_so":30780,"matdo_km2":845.84,"ma_tinh":"48","ten_tinh":"Đà Nẵng"}},
{"type":"Feature","geometry":{"type":"Polygon","coordinates":[[[108.2868,15.9716],[108.2809,15.9684],[108.2789,15.9659],[108.2764,15.9653],[108.2745,15.9618],[108.2686,15.9625],[108.2676,15.9651],[108.2615,15.9628],[108.2593,15.9674],[108.2588,15.9716],[108.2547,15.9728],[108.2489,15.9713],[108.2426,15.9677],[108.2417,15.9662],[108.2314,15.9624],[108.2293,15.9607],[108.2302,15.9579],[108.2288,15.9566],[108.2245,15.9565],[108.222,15.9503],[108.2226,15.9475],[108.2241,15.9471],[108.2292,15.9496],[108.2336,15.9485],[108.2339,15.9446],[108.2365,15.9388],[108.2356,15.9308],[108.2391,15.9306],[108.2395,15.9278],[108.2414,15.9277],[108.2469,15.9297],[108.2466,15.9268],[108.2422,15.9256],[108.2435,15.9213],[108.2368,15.918],[108.2385,15.9134],[108.2465,15.9141],[108.2466,15.9123],[108.2389,15.9125],[108.2371,15.9092],[108.2382,15.9067],[108.2475,15.9068],[108.2479,15.9012],[108.2486,15.8993],[108.2518,15.9034],[108.2555,15.9024],[108.2589,15.9026],[108.261,15.9004],[108.2659,15.8909],[108.2683,15.8885],[108.2771,15.8889],[108.2772,15.8903],[108.2876,15.8878],[108.2896,15.8864],[108.2916,15.8885],[108.2927,15.8925],[108.2935,15.8999],[108.3027,15.905],[108.3088,15.9094],[108.3106,15.9118],[108.3132,15.9134],[108.3152,15.9128],[108.3168,15.9089],[108.32,15.907],[108.3252,15.9078],[108.325,15.9119],[108.3273,15.9138],[108.3286,15.921],[108.3295,15.9221],[108.3235,15.9268],[108.3158,15.9339],[108.3081,15.9417],[108.3008,15.9506],[108.295,15.9586],[108.2868,15.9716]]]},"properties":{"ma_xa":"20579","ten_xa":"Điện Bàn Đông","sap_nhap":"Điện Nam Đông, Điện Nam Trung, Điện Dương, Điện Ngọc, Điện Nam Bắc ","tru_so":"đang cập nhật","loai":"Phường","cap":2,"stt":60,"dtich_km2":61.02,"dan_so":72273,"matdo_km2":1184.41,"ma_tinh":"48","ten_tinh":"Đà Nẵng"}},
{"type":"Feature","geometry":{"type":"Polygon","coordinates":[[[108.2128,15.9011],[108.2084,15.8988],[108.2063,15.9025],[108.2011,15.9019],[108.1991,15.9007],[108.1986,15.9048],[108.1914,15.9039],[108.1879,15.9024],[108.1894,15.9071],[108.1846,15.9105],[108.1855,15.9179],[108.1828,15.9271],[108.1762,15.9266],[108.1749,15.9248],[108.1695,15.9225],[108.1653,15.9216],[108.1635,15.9191],[108.1678,15.9171],[108.1695,15.9155],[108.1678,15.9132],[108.168,15.9103],[108.1585,15.9073],[108.1551,15.9054],[108.1525,15.9018],[108.1476,15.8993],[108.1472,15.8959],[108.145,15.8955],[108.1437,15.8978],[108.1401,15.9008],[108.1385,15.8985],[108.1382,15.8926],[108.1334,15.8948],[108.1312,15.8944],[108.1294,15.8915],[108.1321,15.8901],[108.1327,15.8859],[108.1356,15.8855],[108.1341,15.8826],[108.1371,15.8755],[108.1336,15.8726],[108.1337,15.8686],[108.1361,15.8686],[108.1409,15.8661],[108.1461,15.8654],[108.1454,15.8625],[108.1459,15.8566],[108.1485,15.856],[108.1531,15.8622],[108.1567,15.8648],[108.1616,15.8672],[108.168,15.8674],[108.1733,15.8691],[108.1768,15.869],[108.1817,15.863],[108.1825,15.8606],[108.1798,15.8585],[108.1896,15.8499],[108.1909,15.8525],[108.1911,15.856],[108.1963,15.859],[108.2038,15.8689],[108.207,15.8703],[108.2133,15.871],[108.2192,15.869],[108.2254,15.869],[108.228,15.8728],[108.2218,15.8751],[108.2207,15.8774],[108.226,15.8767],[108.2267,15.878],[108.2263,15.8832],[108.2244,15.8842],[108.2204,15.8824],[108.2196,15.8793],[108.2128,15.881],[108.213,15.8863],[108.2173,15.8871],[108.2173,15.8886],[108.2211,15.8895],[108.2223,15.8922],[108.2211,15.9],[108.2168,15.8985],[108.211,15.8985],[108.2128,15.9011]]]},"properties":{"ma_xa":"20569","ten_xa":"Điện Bàn Tây","sap_nhap":"Điện Hồng, Điện Thọ, Điện Phước","tru_so":"đang cập nhật","loai":"Xã","cap":2,"stt":63,"dtich_km2":43.31,"dan_so":44473,"matdo_km2":1026.85,"ma_tinh":"48","ten_tinh":"Đà Nẵng"}},
{"type":"Feature","geometry":{"type":"Polygon","coordinates":[[[108.3105,15.6982],[108.3072,15.6938],[108.2996,15.698],[108.2967,15.701],[108.287,15.7026],[108.2813,15.7009],[108.2753,15.6975],[108.2764,15.6897],[108.2796,15.6884],[108.2796,15.6849],[108.2839,15.6841],[108.2872,15.6862],[108.2874,15.6804],[108.2849,15.6795],[108.2838,15.6771],[108.2767,15.6737],[108.2715,15.6689],[108.268,15.6667],[108.2651,15.6622],[108.2603,15.6595],[108.2615,15.6571],[108.2605,15.6549],[108.2559,15.6558],[108.2532,15.6546],[108.2484,15.6537],[108.2497,15.6488],[108.249,15.6467],[108.2463,15.6453],[108.2415,15.6456],[108.2384,15.6401],[108.2362,15.6394],[108.2339,15.6351],[108.2303,15.6341],[108.2248,15.6267],[108.2201,15.6229],[108.2176,15.6227],[108.2193,15.6206],[108.2227,15.6194],[108.2291,15.6215],[108.2327,15.6198],[108.232,15.6178],[108.2294,15.6163],[108.2296,15.6145],[108.2331,15.6146],[108.2384,15.6115],[108.2382,15.6088],[108.2417,15.6069],[108.2453,15.608],[108.2493,15.6068],[108.2518,15.6069],[108.2548,15.6038],[108.2564,15.599],[108.253,15.5903],[108.2583,15.5913],[108.2611,15.5909],[108.265,15.5934],[108.2719,15.5967],[108.2731,15.5981],[108.2773,15.5987],[108.2785,15.6011],[108.2824,15.6024],[108.2871,15.6023],[108.2936,15.6037],[108.2974,15.6093],[108.3048,15.6164],[108.3093,15.6195],[108.312,15.6199],[108.3144,15.6216],[108.3183,15.6267],[108.3211,15.6279],[108.3212,15.6316],[108.317,15.6338],[108.3168,15.6385],[108.3178,15.6418],[108.3215,15.6415],[108.3227,15.6435],[108.3256,15.6428],[108.3267,15.6446],[108.3294,15.6445],[108.3324,15.6492],[108.3384,15.6562],[108.3411,15.6621],[108.337,15.6636],[108.3357,15.6658],[108.3331,15.6654],[108.3318,15.6691],[108.3284,15.6737],[108.3197,15.6774],[108.3164,15.6754],[108.315,15.6806],[108.3116,15.6814],[108.3136,15.686],[108.3182,15.6905],[108.3125,15.6932],[108.3107,15.695],[108.3105,15.6982]]]},"properties":{"ma_xa":"20818","ten_xa":"Đồng Dương","sap_nhap":"Bình Lãnh, Bình Trị, Bình Định (xã Bình Định Bắc, xã Bình Định Nam)","tru_so":"đang cập nhật","loai":"Xã","cap":2,"stt":49,"dtich_km2":76.49,"dan_so":24773,"matdo_km2":323.87,"ma_tinh":"48","ten_tinh":"Đà Nẵng"}},
{"type":"Feature","geometry":{"type":"Polygon","coordinates":[[[107.7246,16.0082],[107.7146,16.0007],[107.7094,15.9988],[107.7076,15.9954],[107.7034,15.9955],[107.696,15.9947],[107.6912,15.9965],[107.6873,15.9967],[107.677,15.9991],[107.6765,16.0043],[107.6728,16.0065],[107.6722,16.0119],[107.6694,16.0129],[107.6649,16.0168],[107.6641,16.0187],[107.6564,16.0195],[107.6563,16.0195],[107.655,16.0158],[107.6562,16.0143],[107.655,16.0103],[107.6512,16.0093],[107.6494,16.0078],[107.6478,16.0038],[107.6485,16.002],[107.6464,15.999],[107.6441,15.9974],[107.6363,15.9954],[107.6324,15.9926],[107.6294,15.9886],[107.6265,15.9867],[107.6271,15.982],[107.6285,15.9807],[107.6271,15.9784],[107.623,15.975],[107.6216,15.971],[107.6194,15.9695],[107.615,15.9644],[107.6141,15.9567],[107.61,15.9508],[107.6116,15.9444],[107.6145,15.94],[107.6121,15.9352],[107.6166,15.9327],[107.6146,15.9289],[107.6089,15.9254],[107.6071,15.9228],[107.6075,15.9203],[107.6135,15.9196],[107.6102,15.9156],[107.6114,15.9044],[107.6039,15.8995],[107.5993,15.8976],[107.5985,15.896],[107.5948,15.8949],[107.5875,15.8843],[107.5935,15.8816],[107.5988,15.8764],[107.5993,15.8741],[107.5976,15.8677],[107.5937,15.8662],[107.5965,15.86],[107.5995,15.8553],[107.6026,15.8551],[107.6053,15.852],[107.6065,15.8473],[107.6113,15.843],[107.6118,15.8409],[107.6147,15.8434],[107.6209,15.8464],[107.6239,15.8462],[107.6251,15.8481],[107.6317,15.853],[107.6352,15.8587],[107.6348,15.8607],[107.6369,15.8628],[107.6381,15.8662],[107.6458,15.8696],[107.6452,15.8735],[107.6499,15.8734],[107.6515,15.8721],[107.6535,15.8669],[107.6536,15.8611],[107.6581,15.8597],[107.6608,15.8606],[107.6636,15.86],[107.6698,15.8637],[107.6741,15.8635],[107.6745,15.8672],[107.6718,15.8712],[107.6718,15.8746],[107.6762,15.8829],[107.6792,15.8819],[107.6812,15.8826],[107.6833,15.8809],[107.6869,15.8806],[107.6894,15.8785],[107.6961,15.8802],[107.6957,15.8845],[107.7004,15.8908],[107.7096,15.8982],[107.7129,15.9013],[107.7192,15.9038],[107.7179,15.9054],[107.7174,15.9132],[107.7154,15.9175],[107.7178,15.9201],[107.719,15.9244],[107.7135,15.9297],[107.7118,15.9304],[107.7116,15.9342],[107.7103,15.9374],[107.7122,15.9408],[107.7113,15.9461],[107.7096,15.9478],[107.7088,15.9534],[107.7105,15.9578],[107.715,15.9642],[107.7175,15.9651],[107.7197,15.9696],[107.7169,15.9746],[107.7223,15.9774],[107.7262,15.9782],[107.7294,15.9851],[107.733,15.9864],[107.7354,15.9854],[107.739,15.9904],[107.7371,15.9939],[107.7278,15.9984],[107.7263,16.0043],[107.7246,16.0082]]]},"properties":{"ma_xa":"20467","ten_xa":"Đông Giang","sap_nhap":"Prao, Tà Lu, A Rooi, Zà Hung","tru_so":"đang cập nhật","loai":"Xã","cap":2,"stt":82,"dtich_km2":169.43,"dan_so":8870,"matdo_km2":52.35,"ma_tinh":"48","ten_tinh":"Đà Nẵng"}},
{"type":"Feature","geometry":{"type":"Polygon","coordinates":[[[108.5327,15.4834],[108.5299,15.4812],[108.5267,15.4833],[108.5233,15.4842],[108.5196,15.4877],[108.5156,15.4876],[108.5128,15.4907],[108.5092,15.4899],[108.5049,15.484],[108.5008,15.4881],[108.498,15.4828],[108.4946,15.4843],[108.4846,15.4763],[108.4796,15.4788],[108.4757,15.4799],[108.4704,15.4732],[108.4717,15.4717],[108.4698,15.4666],[108.4725,15.4662],[108.4725,15.4631],[108.4768,15.459],[108.4769,15.4488],[108.4726,15.4517],[108.4702,15.4509],[108.4679,15.4561],[108.4644,15.4588],[108.4595,15.458],[108.457,15.4584],[108.4538,15.4573],[108.4495,15.4582],[108.4453,15.4577],[108.4431,15.4585],[108.4342,15.4584],[108.4298,15.4557],[108.4283,15.4564],[108.4226,15.4547],[108.424,15.4477],[108.4217,15.4427],[108.4235,15.4391],[108.4234,15.4328],[108.426,15.4316],[108.4283,15.4271],[108.433,15.4239],[108.4364,15.4169],[108.4387,15.4165],[108.4395,15.414],[108.4432,15.4135],[108.4494,15.4163],[108.4553,15.4142],[108.4552,15.4116],[108.4568,15.4105],[108.4574,15.4075],[108.4597,15.4052],[108.4605,15.4027],[108.4663,15.3998],[108.4659,15.4035],[108.4682,15.4066],[108.4733,15.4058],[108.4778,15.4039],[108.4804,15.4056],[108.4853,15.4057],[108.4911,15.4036],[108.4925,15.4043],[108.497,15.402],[108.4991,15.4029],[108.4991,15.4066],[108.5017,15.408],[108.5045,15.4074],[108.5081,15.4106],[108.5122,15.4063],[108.5141,15.4076],[108.5171,15.4056],[108.5233,15.4084],[108.5264,15.4061],[108.5335,15.407],[108.5353,15.406],[108.5385,15.4007],[108.5452,15.4016],[108.548,15.4009],[108.5528,15.3968],[108.5566,15.3954],[108.5579,15.3968],[108.5626,15.3973],[108.5613,15.3985],[108.5605,15.4024],[108.5623,15.4096],[108.5663,15.4111],[108.5664,15.4146],[108.5718,15.4176],[108.5786,15.4172],[108.5769,15.4253],[108.5735,15.4295],[108.5707,15.4299],[108.5705,15.4324],[108.5762,15.4325],[108.5767,15.4348],[108.5807,15.433],[108.5829,15.4346],[108.5815,15.4366],[108.5794,15.4354],[108.5707,15.4449],[108.5674,15.4467],[108.5621,15.4527],[108.5616,15.4548],[108.5589,15.4567],[108.5544,15.4622],[108.5518,15.4641],[108.5502,15.4672],[108.546,15.4691],[108.5429,15.4724],[108.5379,15.4728],[108.5362,15.4762],[108.5382,15.4802],[108.5373,15.482],[108.5327,15.4834]]]},"properties":{"ma_xa":"20977","ten_xa":"Đức Phú","sap_nhap":"Tam Sơn, Tam Thạnh","tru_so":"đang cập nhật","loai":"Xã","cap":2,"stt":20,"dtich_km2":108.97,"dan_so":9240,"matdo_km2":84.79,"ma_tinh":"48","ten_tinh":"Đà Nẵng"}},
{"type":"Feature","geometry":{"type":"Polygon","coordinates":[[[108.4125,15.8198],[108.4109,15.8246],[108.407,15.8397],[108.4046,15.8513],[108.4039,15.8606],[108.4053,15.8671],[108.4033,15.8671],[108.3998,15.87],[108.3963,15.8712],[108.3932,15.8706],[108.3895,15.8684],[108.3892,15.8717],[108.3768,15.8655],[108.3741,15.8615],[108.3706,15.8596],[108.3663,15.8587],[108.3621,15.856],[108.3571,15.8547],[108.3544,15.8497],[108.3534,15.8453],[108.3507,15.8392],[108.346,15.8393],[108.3429,15.8386],[108.338,15.8386],[108.3367,15.843],[108.3337,15.8415],[108.3298,15.837],[108.329,15.8337],[108.324,15.8351],[108.3198,15.8325],[108.317,15.834],[108.3111,15.8351],[108.3081,15.8377],[108.3013,15.8361],[108.2935,15.8318],[108.2904,15.8314],[108.2915,15.8284],[108.2928,15.829],[108.2989,15.8287],[108.3002,15.8247],[108.3061,15.8237],[108.3085,15.8209],[108.3131,15.8198],[108.3156,15.8216],[108.3199,15.82],[108.3211,15.8145],[108.325,15.812],[108.3259,15.8141],[108.3305,15.8154],[108.3308,15.8184],[108.333,15.8205],[108.3329,15.8249],[108.3353,15.8239],[108.3372,15.8269],[108.3407,15.8294],[108.3459,15.8294],[108.3467,15.827],[108.3489,15.8257],[108.3536,15.8263],[108.356,15.8258],[108.3691,15.8285],[108.3722,15.8257],[108.3778,15.8229],[108.3825,15.8257],[108.3816,15.8296],[108.383,15.8312],[108.3886,15.8306],[108.3907,15.8271],[108.3942,15.8263],[108.3931,15.824],[108.3964,15.8191],[108.4,15.8099],[108.4026,15.812],[108.4056,15.816],[108.4125,15.8198]]]},"properties":{"ma_xa":"20635","ten_xa":"Duy Nghĩa","sap_nhap":"Duy Thành, Duy Hải, Duy Nghĩa","tru_so":"đang cập nhật","loai":"Xã","cap":2,"stt":55,"dtich_km2":35.36,"dan_so":32143,"matdo_km2":909.02,"ma_tinh":"48","ten_tinh":"Đà Nẵng"}},
{"type":"Feature","geometry":{"type":"Polygon","coordinates":[[[108.2478,15.8297],[108.2429,15.8308],[108.2402,15.8349],[108.2429,15.838],[108.2457,15.8389],[108.2484,15.841],[108.247,15.8431],[108.2429,15.8444],[108.2387,15.8469],[108.2368,15.8492],[108.2344,15.8483],[108.2313,15.8415],[108.2288,15.8412],[108.225,15.8424],[108.2234,15.8402],[108.2195,15.8383],[108.2143,15.8371],[108.2134,15.84],[108.2104,15.8388],[108.2107,15.8354],[108.2044,15.8352],[108.2035,15.8361],[108.1961,15.8349],[108.1914,15.8347],[108.1903,15.8288],[108.1911,15.8273],[108.1876,15.824],[108.1822,15.8199],[108.1775,15.8182],[108.1738,15.8145],[108.169,15.8086],[108.167,15.8084],[108.1648,15.806],[108.166,15.8029],[108.1554,15.7965],[108.152,15.7937],[108.1438,15.7891],[108.1422,15.7852],[108.1431,15.7828],[108.1417,15.7793],[108.1385,15.7757],[108.1376,15.7735],[108.1347,15.7709],[108.1363,15.7673],[108.1352,15.7639],[108.1357,15.7608],[108.1384,15.7577],[108.1388,15.755],[108.1352,15.7518],[108.1375,15.7477],[108.1362,15.7435],[108.1351,15.7361],[108.1393,15.735],[108.142,15.7283],[108.1439,15.7276],[108.1501,15.7222],[108.1543,15.7203],[108.159,15.7209],[108.1624,15.7194],[108.1679,15.7146],[108.171,15.7207],[108.1721,15.7267],[108.1754,15.7317],[108.1822,15.7362],[108.1835,15.7338],[108.1878,15.734],[108.1905,15.7373],[108.1931,15.7389],[108.1927,15.7445],[108.1971,15.7474],[108.2033,15.7462],[108.208,15.742],[108.2093,15.7392],[108.2126,15.7392],[108.217,15.7382],[108.2234,15.7399],[108.2264,15.7429],[108.2287,15.7433],[108.2409,15.7529],[108.246,15.7542],[108.2525,15.757],[108.2528,15.7587],[108.2558,15.7616],[108.261,15.7643],[108.261,15.7658],[108.2634,15.7682],[108.2673,15.769],[108.2686,15.7714],[108.2667,15.7776],[108.2667,15.7829],[108.2617,15.7868],[108.2627,15.793],[108.2645,15.7965],[108.2666,15.7958],[108.2685,15.7993],[108.2719,15.8022],[108.2714,15.8104],[108.2729,15.8113],[108.2724,15.8188],[108.2702,15.8167],[108.2675,15.8162],[108.2644,15.8131],[108.2608,15.8138],[108.2576,15.8128],[108.2547,15.8164],[108.2552,15.8198],[108.2527,15.8241],[108.2486,15.8259],[108.2478,15.8297]]]},"properties":{"ma_xa":"20623","ten_xa":"Duy Xuyên","sap_nhap":"Duy Trung, Duy Sơn, Duy Trinh ","tru_so":"đang cập nhật","loai":"Xã","cap":2,"stt":57,"dtich_km2":125.78,"dan_so":32243,"matdo_km2":256.34,"ma_tinh":"48","ten_tinh":"Đà Nẵng"}},
{"type":"Feature","geometry":{"type":"Polygon","coordinates":[[[108.2629,15.8602],[108.2522,15.8662],[108.2498,15.8669],[108.2483,15.8694],[108.2393,15.8664],[108.2382,15.8686],[108.2394,15.8723],[108.2431,15.8741],[108.2431,15.8775],[108.2413,15.8796],[108.237,15.88],[108.2359,15.8815],[108.2335,15.8802],[108.2327,15.8778],[108.2289,15.8758],[108.228,15.8728],[108.2254,15.869],[108.2192,15.869],[108.2133,15.871],[108.207,15.8703],[108.2038,15.8689],[108.1963,15.859],[108.1911,15.856],[108.1909,15.8525],[108.1896,15.8499],[108.1798,15.8585],[108.1825,15.8606],[108.1817,15.863],[108.1768,15.869],[108.1733,15.8691],[108.168,15.8674],[108.1616,15.8672],[108.1567,15.8648],[108.1531,15.8622],[108.1485,15.856],[108.1476,15.8506],[108.1491,15.8518],[108.153,15.8522],[108.1571,15.8495],[108.1604,15.8462],[108.1674,15.8375],[108.1679,15.834],[108.1735,15.8311],[108.1914,15.8347],[108.1961,15.8349],[108.2035,15.8361],[108.2044,15.8352],[108.2107,15.8354],[108.2104,15.8388],[108.2134,15.84],[108.2143,15.8371],[108.2195,15.8383],[108.2234,15.8402],[108.225,15.8424],[108.2288,15.8412],[108.2313,15.8415],[108.2344,15.8483],[108.2368,15.8492],[108.2387,15.8469],[108.2429,15.8444],[108.247,15.8431],[108.2484,15.841],[108.2457,15.8389],[108.2429,15.838],[108.2402,15.8349],[108.2429,15.8308],[108.2478,15.8297],[108.2468,15.8351],[108.2515,15.8384],[108.2542,15.8423],[108.2549,15.8493],[108.2569,15.8515],[108.2582,15.8565],[108.2629,15.8602]]]},"properties":{"ma_xa":"20587","ten_xa":"Gò Nổi","sap_nhap":"Điện Phong, Điện Trung, Điện Quang","tru_so":"đang cập nhật","loai":"Xã","cap":2,"stt":64,"dtich_km2":36.2,"dan_so":29968,"matdo_km2":827.85,"ma_tinh":"48","ten_tinh":"Đà Nẵng"}},
{"type":"Feature","geometry":{"type":"Polygon","coordinates":[[[108.077,15.8682],[108.0819,15.8719],[108.0792,15.8759],[108.0772,15.8767],[108.0785,15.88],[108.0823,15.8848],[108.0821,15.8877],[108.0774,15.8898],[108.0772,15.8933],[108.0754,15.8952],[108.0714,15.8957],[108.0654,15.9034],[108.0623,15.9039],[108.0582,15.9073],[108.0559,15.9103],[108.0508,15.9148],[108.0471,15.9156],[108.0442,15.9138],[108.0395,15.9134],[108.0334,15.9181],[108.033,15.92],[108.0411,15.9346],[108.0345,15.9333],[108.0295,15.9303],[108.0244,15.9288],[108.0196,15.93],[108.0154,15.9268],[108.0131,15.9266],[108.0117,15.9248],[108.0059,15.9213],[108.0032,15.922],[108.0003,15.9206],[107.9957,15.9212],[107.9932,15.9182],[107.99,15.9199],[107.9863,15.9187],[107.9841,15.9193],[107.9809,15.9182],[107.9763,15.9191],[107.9723,15.9214],[107.9709,15.9242],[107.9684,15.9259],[107.9606,15.922],[107.9561,15.9219],[107.9557,15.9176],[107.9601,15.9138],[107.9629,15.9064],[107.9674,15.9054],[107.9701,15.9018],[107.969,15.8991],[107.9662,15.8954],[107.9657,15.8924],[107.9638,15.8899],[107.962,15.882],[107.9631,15.878],[107.9627,15.8758],[107.9642,15.8732],[107.9679,15.8701],[107.9673,15.8636],[107.9687,15.8612],[107.9678,15.8587],[107.9677,15.8505],[107.9607,15.8519],[107.9555,15.8517],[107.9499,15.8498],[107.9441,15.8463],[107.9415,15.8413],[107.9331,15.835],[107.9266,15.8313],[107.921,15.8303],[107.9117,15.826],[107.9094,15.8235],[107.9086,15.821],[107.9027,15.8121],[107.902,15.8093],[107.8998,15.8085],[107.8976,15.8055],[107.8983,15.801],[107.9019,15.8],[107.9062,15.7952],[107.9072,15.7927],[107.9098,15.7913],[107.9129,15.7863],[107.918,15.7845],[107.9214,15.7889],[107.9255,15.7893],[107.9265,15.7919],[107.9301,15.7939],[107.9339,15.7949],[107.935,15.7931],[107.9402,15.7946],[107.9405,15.7918],[107.9423,15.7923],[107.9452,15.7954],[107.9533,15.7972],[107.9554,15.799],[107.9596,15.8007],[107.967,15.8074],[107.9732,15.8109],[107.9754,15.8134],[107.9798,15.8161],[107.9843,15.815],[107.9903,15.816],[107.9941,15.8203],[108.0009,15.8265],[108.0084,15.835],[108.0091,15.8371],[108.0144,15.8421],[108.013,15.8444],[108.0142,15.8482],[108.02,15.8502],[108.0247,15.854],[108.0278,15.8554],[108.0295,15.8514],[108.0318,15.8507],[108.0352,15.8513],[108.0364,15.8529],[108.0355,15.8578],[108.0445,15.8557],[108.052,15.857],[108.0471,15.862],[108.0493,15.8659],[108.0514,15.865],[108.0537,15.8665],[108.0594,15.8675],[108.0611,15.8693],[108.0607,15.8717],[108.0663,15.8747],[108.0698,15.875],[108.0777,15.8719],[108.077,15.8682]]]},"properties":{"ma_xa":"20515","ten_xa":"Hà Nha","sap_nhap":"Đại Đồng, Đại Hồng, Đại Quang","tru_so":"đang cập nhật","loai":"Xã","cap":2,"stt":70,"dtich_km2":132.69,"dan_so":38199,"matdo_km2":287.88,"ma_tinh":"48","ten_tinh":"Đà Nẵng"}},
{"type":"Feature","geometry":{"type":"Polygon","coordinates":[[[108.2127,16.0559],[108.2226,16.0577],[108.2269,16.0568],[108.2271,16.0658],[108.2264,16.0787],[108.2256,16.0849],[108.2219,16.0959],[108.2176,16.0937],[108.2149,16.0963],[108.213,16.0913],[108.2103,16.0894],[108.2071,16.0889],[108.2072,16.0835],[108.2053,16.079],[108.2099,16.0743],[108.2123,16.0762],[108.2146,16.0655],[108.2127,16.0559]]]},"properties":{"ma_xa":"20242","ten_xa":"Hải Châu","sap_nhap":"Thanh Bình, Thuận Phước, Thạch Thang, Phước Ninh (quận Hải Châu), Hải Châu (phường Hải Châu I, phường Hải Châu II) ","tru_so":"đang cập nhật","loai":"Phường","cap":2,"stt":1,"dtich_km2":7.58,"dan_so":131427,"matdo_km2":17338.65,"ma_tinh":"48","ten_tinh":"Đà Nẵng"}},
{"type":"Feature","geometry":{"type":"MultiPolygon","coordinates":[[[[108.1949,16.2098],[108.1906,16.208],[108.1775,16.2058],[108.1711,16.2013],[108.1685,16.203],[108.1649,16.2037],[108.1612,16.2056],[108.1562,16.2057],[108.1558,16.2004],[108.1507,16.2013],[108.1472,16.1996],[108.1437,16.199],[108.1406,16.1948],[108.1368,16.1926],[108.1355,16.1905],[108.1247,16.183],[108.1185,16.1813],[108.1156,16.1828],[108.111,16.1821],[108.1093,16.184],[108.1049,16.1863],[108.1005,16.1871],[108.0946,16.1834],[108.0935,16.1807],[108.0915,16.1803],[108.0861,16.1826],[108.0844,16.1816],[108.0814,16.1829],[108.0755,16.1836],[108.0708,16.1821],[108.0642,16.1841],[108.0597,16.1792],[108.0558,16.1804],[108.0525,16.1829],[108.0499,16.1838],[108.0443,16.1873],[108.0368,16.1914],[108.033,16.1908],[108.0282,16.1933],[108.0251,16.193],[108.0178,16.1946],[108.0143,16.1946],[108.0103,16.1984],[108.0069,16.204],[108.0038,16.205],[107.996,16.2092],[107.9936,16.2097],[107.9882,16.2142],[107.9809,16.2082],[107.9792,16.2056],[107.9794,16.2034],[107.9767,16.2009],[107.9721,16.199],[107.9697,16.1942],[107.9604,16.1915],[107.956,16.1892],[107.9512,16.1901],[107.9438,16.1946],[107.9386,16.1947],[107.9343,16.1954],[107.9322,16.1972],[107.9296,16.1975],[107.928,16.2006],[107.9247,16.202],[107.921,16.2065],[107.918,16.2082],[107.9135,16.2145],[107.9112,16.2155],[107.9085,16.2141],[107.9048,16.2137],[107.9033,16.2101],[107.9002,16.2089],[107.8955,16.2052],[107.89,16.2063],[107.8899,16.2036],[107.8869,16.1997],[107.8839,16.2001],[107.8756,16.1969],[107.8773,16.19],[107.8762,16.1882],[107.8674,16.1829],[107.8722,16.178],[107.8748,16.1723],[107.8764,16.1693],[107.8751,16.1609],[107.8735,16.1579],[107.8652,16.1571],[107.8639,16.1556],[107.8599,16.1545],[107.8587,16.1524],[107.8605,16.1473],[107.8583,16.1438],[107.8579,16.1378],[107.8602,16.1352],[107.8573,16.1287],[107.856,16.1277],[107.8544,16.1224],[107.856,16.1203],[107.8562,16.1144],[107.8537,16.112],[107.851,16.1109],[107.8454,16.1046],[107.8413,16.1034],[107.8373,16.1013],[107.8322,16.0956],[107.8323,16.093],[107.829,16.0919],[107.8269,16.09],[107.8256,16.085],[107.8229,16.0835],[107.8216,16.0778],[107.8244,16.073],[107.8243,16.0693],[107.8201,16.0651],[107.8202,16.0623],[107.8188,16.0574],[107.8167,16.0552],[107.8222,16.056],[107.8318,16.0545],[107.8338,16.057],[107.8399,16.0604],[107.8439,16.061],[107.8479,16.0603],[107.8502,16.0589],[107.8524,16.0614],[107.8562,16.0604],[107.8627,16.0619],[107.8656,16.0589],[107.8674,16.0593],[107.8718,16.054],[107.8756,16.0517],[107.8808,16.0515],[107.8833,16.0488],[107.8861,16.0473],[107.8878,16.0482],[107.8922,16.0477],[107.8931,16.0401],[107.8973,16.0391],[107.8986,16.0366],[107.9015,16.0336],[107.9058,16.0367],[107.913,16.0431],[107.9178,16.0462],[107.9213,16.0476],[107.9326,16.0534],[107.9338,16.0545],[107.9433,16.0593],[107.954,16.0634],[107.9584,16.0646],[107.9611,16.0644],[107.9748,16.0658],[107.9779,16.0657],[107.9807,16.0676],[107.9862,16.0677],[107.99,16.069],[107.9922,16.0677],[107.9964,16.07],[108.0014,16.0707],[108.0024,16.0722],[108.0059,16.074],[108.0059,16.0795],[108.0071,16.0842],[108.0055,16.0884],[108.0083,16.0913],[108.0119,16.0926],[108.0158,16.091],[108.0218,16.0937],[108.0235,16.0956],[108.0285,16.099],[108.0347,16.105],[108.0389,16.1072],[108.0407,16.1057],[108.0481,16.1075],[108.0508,16.1068],[108.0596,16.108],[108.0636,16.1058],[108.0648,16.1122],[108.0629,16.1168],[108.0636,16.1228],[108.0702,16.1224],[108.079,16.1233],[108.0795,16.1267],[108.0776,16.1276],[108.076,16.1327],[108.0797,16.1359],[108.0852,16.1375],[108.0871,16.1389],[108.0945,16.1391],[108.096,16.1358],[108.0952,16.1313],[108.0964,16.1287],[108.0946,16.1269],[108.097,16.1208],[108.0974,16.1175],[108.0999,16.1089],[108.1046,16.1055],[108.1102,16.1081],[108.1128,16.1124],[108.1184,16.1143],[108.1198,16.1117],[108.116,16.1084],[108.1181,16.1052],[108.1141,16.1026],[108.1125,16.1001],[108.1146,16.0984],[108.1163,16.1003],[108.1185,16.0978],[108.1167,16.0961],[108.1195,16.0941],[108.132,16.084],[108.138,16.0882],[108.1436,16.0887],[108.144,16.0911],[108.1475,16.095],[108.1445,16.0976],[108.1383,16.1044],[108.1317,16.1129],[108.132,16.1173],[108.1254,16.1247],[108.1232,16.1309],[108.1231,16.1349],[108.1239,16.1395],[108.1266,16.1425],[108.1301,16.1408],[108.1335,16.1404],[108.1362,16.1411],[108.1396,16.1464],[108.1369,16.152],[108.137,16.1593],[108.1386,16.1621],[108.1424,16.1647],[108.1457,16.1648],[108.1474,16.1616],[108.1498,16.1605],[108.1534,16.1614],[108.1537,16.1648],[108.1519,16.1654],[108.1511,16.1681],[108.154,16.1722],[108.1527,16.1763],[108.1527,16.1808],[108.1541,16.1872],[108.1561,16.1906],[108.1593,16.1903],[108.162,16.1912],[108.1648,16.194],[108.1668,16.193],[108.1729,16.1935],[108.1755,16.195],[108.1759,16.1974],[108.179,16.2001],[108.185,16.1994],[108.186,16.2007],[108.1916,16.2007],[108.1944,16.1994],[108.1933,16.2042],[108.1949,16.2098]]],[[[108.207,16.2246],[108.2035,16.2257],[108.1995,16.2196],[108.1988,16.2154],[108.1993,16.2126],[108.2033,16.212],[108.2067,16.2101],[108.2096,16.2146],[108.211,16.2203],[108.2099,16.2225],[108.207,16.2246]]]]},"properties":{"ma_xa":"20194","ten_xa":"Hải Vân","sap_nhap":"Hòa Hiệp Bắc, Hòa Hiệp Nam, Hòa Bắc, Hòa Liên (1 phần)","tru_so":"đang cập nhật","loai":"Phường","cap":2,"stt":9,"dtich_km2":406.09,"dan_so":48992,"matdo_km2":120.64,"ma_tinh":"48","ten_tinh":"Đà Nẵng"}},
{"type":"Feature","geometry":{"type":"Polygon","coordinates":[[[108.133,15.5015],[108.1304,15.508],[108.1268,15.5111],[108.1254,15.514],[108.1258,15.5167],[108.1286,15.5199],[108.1367,15.522],[108.1389,15.5234],[108.1414,15.5232],[108.1463,15.5248],[108.1523,15.5301],[108.1548,15.5344],[108.1535,15.5399],[108.1485,15.5403],[108.145,15.5427],[108.132,15.5406],[108.1307,15.5385],[108.1285,15.538],[108.1258,15.5408],[108.1241,15.5453],[108.1201,15.5515],[108.1218,15.5685],[108.1268,15.5687],[108.1308,15.5695],[108.132,15.5779],[108.1358,15.5803],[108.1315,15.5811],[108.128,15.5826],[108.1285,15.5864],[108.1262,15.5878],[108.1265,15.5928],[108.1234,15.5952],[108.1201,15.5929],[108.1162,15.5893],[108.1136,15.5909],[108.112,15.5938],[108.1116,15.5971],[108.1097,15.5974],[108.106,15.6007],[108.1047,15.6073],[108.1013,15.6085],[108.1014,15.6129],[108.1032,15.6163],[108.1032,15.6213],[108.1064,15.6284],[108.1067,15.634],[108.1032,15.6379],[108.1007,15.6393],[108.1001,15.6421],[108.1015,15.6432],[108.0957,15.6423],[108.0949,15.6402],[108.0854,15.6351],[108.0798,15.6356],[108.0773,15.633],[108.0719,15.6312],[108.0711,15.6288],[108.0671,15.629],[108.0622,15.6275],[108.0611,15.6263],[108.0558,15.6262],[108.0525,15.6242],[108.0508,15.6209],[108.045,15.6215],[108.0367,15.6191],[108.0325,15.6167],[108.0323,15.6155],[108.026,15.6168],[108.0246,15.6129],[108.023,15.6113],[108.0166,15.6079],[108.0138,15.6084],[108.0087,15.6062],[108.0058,15.6063],[108.0047,15.6036],[107.9983,15.5989],[107.9978,15.5973],[107.9937,15.5931],[107.9915,15.5931],[107.9867,15.5898],[107.984,15.589],[107.9812,15.5868],[107.9785,15.5826],[107.9783,15.5799],[107.9758,15.5772],[107.9724,15.572],[107.9669,15.568],[107.9622,15.5658],[107.96,15.5636],[107.9558,15.5646],[107.95,15.5639],[107.9482,15.5629],[107.9497,15.5615],[107.9521,15.5567],[107.9605,15.5546],[107.9664,15.5535],[107.9695,15.5552],[107.9728,15.5598],[107.9757,15.5662],[107.9835,15.5691],[107.9858,15.5717],[107.99,15.5735],[107.9945,15.5728],[107.9959,15.5689],[107.9934,15.5666],[107.9914,15.5663],[107.9875,15.5627],[107.985,15.5579],[107.9849,15.5541],[107.987,15.5526],[107.991,15.5518],[107.9914,15.5472],[108.0004,15.5481],[108.0055,15.5508],[108.0074,15.5504],[108.0117,15.5528],[108.0137,15.5458],[108.0177,15.5476],[108.0226,15.5487],[108.0247,15.5455],[108.0245,15.5423],[108.0297,15.5426],[108.031,15.5466],[108.035,15.5463],[108.0372,15.5477],[108.0366,15.5504],[108.0429,15.5545],[108.0455,15.5544],[108.0454,15.5578],[108.0496,15.5588],[108.0491,15.5556],[108.0527,15.5512],[108.0519,15.5496],[108.0547,15.5468],[108.0644,15.5404],[108.0628,15.5369],[108.0644,15.5291],[108.0696,15.5235],[108.0722,15.5235],[108.0752,15.5212],[108.0781,15.5206],[108.0795,15.5188],[108.0855,15.5175],[108.0897,15.5126],[108.094,15.5097],[108.0977,15.5061],[108.1013,15.5046],[108.1032,15.5023],[108.1063,15.5024],[108.1096,15.501],[108.1138,15.5015],[108.1177,15.4982],[108.1219,15.4986],[108.1279,15.5004],[108.13,15.5016],[108.133,15.5015]]]},"properties":{"ma_xa":"20779","ten_xa":"Hiệp Đức","sap_nhap":"Tân Bình, Quế Tân, Quế Lưu","tru_so":"đang cập nhật","loai":"Xã","cap":2,"stt":87,"dtich_km2":150.47,"dan_so":14931,"matdo_km2":99.23,"ma_tinh":"48","ten_tinh":"Đà Nẵng"}},
{"type":"Feature","geometry":{"type":"Polygon","coordinates":[[[108.2127,16.0559],[108.2095,16.0557],[108.2063,16.0566],[108.2019,16.0647],[108.1936,16.0643],[108.1932,16.0619],[108.1905,16.0589],[108.1895,16.0563],[108.1907,16.0535],[108.1888,16.0528],[108.1964,16.0357],[108.1914,16.0339],[108.1891,16.0321],[108.1913,16.0254],[108.194,16.0219],[108.1959,16.0214],[108.1984,16.0227],[108.2061,16.024],[108.2083,16.0252],[108.208,16.0373],[108.2143,16.0359],[108.2149,16.031],[108.2159,16.03],[108.2183,16.0242],[108.2215,16.0226],[108.2238,16.0253],[108.2271,16.0275],[108.2324,16.0286],[108.234,16.0292],[108.2357,16.0345],[108.2358,16.0368],[108.233,16.0461],[108.2288,16.0511],[108.2269,16.054],[108.2269,16.0568],[108.2226,16.0577],[108.2127,16.0559]]]},"properties":{"ma_xa":"20257","ten_xa":"Hòa Cường","sap_nhap":"Bình Thuận, Hòa Thuận Tây, Hòa Cường Bắc, Hòa Cường Nam","tru_so":"đang cập nhật","loai":"Phường","cap":2,"stt":2,"dtich_km2":15.72,"dan_so":119363,"matdo_km2":7593.07,"ma_tinh":"48","ten_tinh":"Đà Nẵng"}},
{"type":"Feature","geometry":{"type":"Polygon","coordinates":[[[108.1788,16.062],[108.1762,16.0637],[108.1744,16.0691],[108.1749,16.0729],[108.1689,16.0766],[108.1665,16.0767],[108.169,16.0805],[108.1603,16.0854],[108.1544,16.0895],[108.1502,16.0838],[108.1542,16.0768],[108.1558,16.0713],[108.1481,16.0678],[108.1452,16.0652],[108.1335,16.064],[108.1312,16.0633],[108.1276,16.0663],[108.12,16.068],[108.1176,16.0678],[108.1174,16.0772],[108.1135,16.0818],[108.1096,16.0782],[108.1082,16.0799],[108.1025,16.0782],[108.099,16.0731],[108.0915,16.0693],[108.0921,16.0659],[108.0913,16.0621],[108.0901,16.0607],[108.0923,16.0531],[108.0876,16.0496],[108.0849,16.045],[108.0841,16.0353],[108.0865,16.0336],[108.0907,16.0343],[108.1013,16.027],[108.1022,16.0243],[108.1049,16.0213],[108.1107,16.0229],[108.1119,16.0264],[108.1163,16.0249],[108.1188,16.0259],[108.1207,16.0238],[108.1253,16.0297],[108.1295,16.0309],[108.1319,16.0307],[108.144,16.0341],[108.1483,16.0356],[108.1551,16.0349],[108.1593,16.033],[108.1622,16.035],[108.1633,16.0376],[108.1675,16.0406],[108.1718,16.0459],[108.1704,16.054],[108.1733,16.0582],[108.1788,16.062]]]},"properties":{"ma_xa":"20200","ten_xa":"Hòa Khánh","sap_nhap":"Hòa Khánh Nam, Hòa Minh, Hòa Sơn ","tru_so":"đang cập nhật","loai":"Phường","cap":2,"stt":8,"dtich_km2":40.93,"dan_so":112518,"matdo_km2":2749.03,"ma_tinh":"48","ten_tinh":"Đà Nẵng"}},
{"type":"Feature","geometry":{"type":"Polygon","coordinates":[[[108.1842,15.9937],[108.177,15.9942],[108.1735,15.9939],[108.1701,15.995],[108.1683,15.9934],[108.1644,15.9938],[108.1623,15.9878],[108.1595,15.9865],[108.155,15.9797],[108.1503,15.9776],[108.1469,15.9778],[108.1428,15.9764],[108.1433,15.9745],[108.1394,15.9706],[108.1361,15.9712],[108.1352,15.9731],[108.1296,15.9724],[108.1298,15.9742],[108.1243,15.9753],[108.1188,15.973],[108.1142,15.9723],[108.1032,15.973],[108.0969,15.9696],[108.0963,15.9674],[108.0936,15.9648],[108.0819,15.961],[108.0795,15.9594],[108.075,15.9584],[108.0681,15.962],[108.0656,15.9623],[108.0614,15.9593],[108.0558,15.9593],[108.0532,15.9601],[108.0462,15.9587],[108.0433,15.9574],[108.042,15.9555],[108.0365,15.9549],[108.0352,15.9559],[108.0319,15.955],[108.0132,15.9469],[108.0131,15.9266],[108.0154,15.9268],[108.0196,15.93],[108.0244,15.9288],[108.0295,15.9303],[108.0345,15.9333],[108.0411,15.9346],[108.0453,15.9326],[108.0515,15.9321],[108.0522,15.9329],[108.0606,15.9339],[108.0619,15.9293],[108.0669,15.9279],[108.0686,15.9261],[108.0766,15.9254],[108.0805,15.9255],[108.0827,15.927],[108.0866,15.9276],[108.088,15.9299],[108.0876,15.9328],[108.0893,15.9346],[108.0933,15.9363],[108.0974,15.9411],[108.101,15.941],[108.1019,15.9427],[108.1069,15.9458],[108.1095,15.948],[108.1151,15.9445],[108.1158,15.9426],[108.1246,15.9385],[108.1266,15.9357],[108.131,15.9333],[108.1376,15.9305],[108.1414,15.9313],[108.1421,15.9329],[108.147,15.9331],[108.1495,15.9404],[108.1501,15.9477],[108.1514,15.9507],[108.1537,15.9528],[108.1623,15.9502],[108.1645,15.9518],[108.1657,15.9465],[108.1668,15.9466],[108.1686,15.9416],[108.1719,15.9397],[108.1791,15.9396],[108.1806,15.9463],[108.1792,15.9512],[108.1807,15.9549],[108.1833,15.957],[108.1845,15.9594],[108.1846,15.9655],[108.1816,15.9653],[108.1861,15.9839],[108.1841,15.9858],[108.1844,15.9887],[108.183,15.9912],[108.1842,15.9937]]]},"properties":{"ma_xa":"20332","ten_xa":"Hòa Tiến","sap_nhap":"Hòa Khương, Hòa Tiến","tru_so":"đang cập nhật","loai":"Xã","cap":2,"stt":14,"dtich_km2":65.9,"dan_so":38823,"matdo_km2":589.12,"ma_tinh":"48","ten_tinh":"Đà Nẵng"}},
{"type":"Feature","geometry":{"type":"Polygon","coordinates":[[[108.158,15.9939],[108.1516,15.9947],[108.1457,15.993],[108.1423,15.9932],[108.1412,15.996],[108.1409,16.0004],[108.1388,16.0014],[108.1376,15.9985],[108.1348,16],[108.1345,16.0036],[108.1294,16.0042],[108.1266,16.0035],[108.1246,16.0012],[108.1203,16.0002],[108.1156,16.0017],[108.1122,15.9998],[108.1083,15.9993],[108.1057,16.0007],[108.1028,16.0009],[108.0973,15.9975],[108.094,15.997],[108.0881,15.9973],[108.0853,16.0006],[108.081,16.0009],[108.0761,15.9989],[108.0743,16.0029],[108.0749,16.0052],[108.0715,16.0058],[108.0709,16.009],[108.074,16.0115],[108.0752,16.0187],[108.072,16.0183],[108.0692,16.0226],[108.0648,16.0203],[108.0513,16.0123],[108.0515,16.0095],[108.0492,16.0075],[108.0457,16.0079],[108.0433,16.007],[108.0404,16.0037],[108.0367,16.0031],[108.0328,15.9972],[108.0272,15.9961],[108.0192,15.9954],[108.0074,15.9952],[108.0018,15.996],[107.9967,15.9943],[107.9938,15.9959],[107.9908,15.9943],[107.988,15.9955],[107.9864,15.9978],[107.9819,15.9967],[107.9805,15.9935],[107.981,15.9887],[107.9785,15.9861],[107.9743,15.9833],[107.9715,15.9787],[107.9622,15.973],[107.9605,15.9706],[107.9569,15.9688],[107.9551,15.9657],[107.9563,15.9642],[107.9558,15.9585],[107.9526,15.9571],[107.9494,15.9487],[107.9519,15.9473],[107.9548,15.9425],[107.9572,15.9419],[107.964,15.9337],[107.976,15.9254],[107.9817,15.92],[107.9841,15.9193],[107.9863,15.9187],[107.99,15.9199],[107.9932,15.9182],[107.9957,15.9212],[108.0003,15.9206],[108.0032,15.922],[108.0059,15.9213],[108.0117,15.9248],[108.0131,15.9266],[108.0132,15.9469],[108.0319,15.955],[108.0352,15.9559],[108.0365,15.9549],[108.042,15.9555],[108.0433,15.9574],[108.0462,15.9587],[108.0532,15.9601],[108.0558,15.9593],[108.0614,15.9593],[108.0656,15.9623],[108.0681,15.962],[108.075,15.9584],[108.0795,15.9594],[108.0819,15.961],[108.0936,15.9648],[108.0963,15.9674],[108.0969,15.9696],[108.1032,15.973],[108.1142,15.9723],[108.1188,15.973],[108.1243,15.9753],[108.1298,15.9742],[108.1296,15.9724],[108.1352,15.9731],[108.1361,15.9712],[108.1394,15.9706],[108.1433,15.9745],[108.1428,15.9764],[108.1469,15.9778],[108.1503,15.9776],[108.155,15.9797],[108.1595,15.9865],[108.1623,15.9878],[108.1644,15.9938],[108.1593,15.9948],[108.158,15.9939]]]},"properties":{"ma_xa":"20320","ten_xa":"Hòa Vang","sap_nhap":"Hòa Phong, Hòa Phú thành","tru_so":"đang cập nhật","loai":"Xã","cap":2,"stt":13,"dtich_km2":107.61,"dan_so":26712,"matdo_km2":248.23,"ma_tinh":"48","ten_tinh":"Đà Nẵng"}},
{"type":"Feature","geometry":{"type":"Polygon","coordinates":[[[108.2245,15.9565],[108.2241,15.9615],[108.2205,15.9633],[108.2172,15.9692],[108.217,15.9719],[108.2215,15.9778],[108.2227,15.9819],[108.2211,15.9864],[108.2277,15.9911],[108.2301,15.9959],[108.2292,16.0012],[108.2323,16.0057],[108.2326,16.0101],[108.2336,16.0132],[108.238,16.0181],[108.239,16.02],[108.2384,16.0231],[108.2324,16.0286],[108.2271,16.0275],[108.2238,16.0253],[108.2215,16.0226],[108.2148,16.017],[108.2104,16.0115],[108.2072,16.0083],[108.1976,16.0017],[108.1897,15.999],[108.1834,15.9975],[108.1842,15.9937],[108.183,15.9912],[108.1844,15.9887],[108.1841,15.9858],[108.1861,15.9839],[108.1816,15.9653],[108.1846,15.9655],[108.1864,15.9655],[108.1865,15.9622],[108.1915,15.9631],[108.1978,15.963],[108.2027,15.9639],[108.2049,15.9622],[108.2044,15.9583],[108.2031,15.957],[108.2055,15.9547],[108.2045,15.9515],[108.2059,15.9469],[108.2109,15.9436],[108.2127,15.9437],[108.2181,15.9469],[108.2194,15.9461],[108.2226,15.9475],[108.222,15.9503],[108.2245,15.9565]]]},"properties":{"ma_xa":"20314","ten_xa":"Hòa Xuân","sap_nhap":"Hòa Xuân, Hòa Châu, Hòa Phước ","tru_so":"đang cập nhật","loai":"Phường","cap":2,"stt":12,"dtich_km2":27.96,"dan_so":85580,"matdo_km2":3060.8,"ma_tinh":"48","ten_tinh":"Đà Nẵng"}},
{"type":"Feature","geometry":{"type":"MultiPolygon","coordinates":[[[[111.5992,16.1843],[111.6106,16.1894],[111.6213,16.1951],[111.6297,16.2],[111.6354,16.2058],[111.6393,16.2107],[111.6426,16.2132],[111.6482,16.2161],[111.6614,16.2181],[111.6697,16.2181],[111.6733,16.2186],[111.6838,16.2215],[111.6871,16.2255],[111.6859,16.2281],[111.6785,16.2283],[111.6745,16.2278],[111.6656,16.2242],[111.6542,16.2227],[111.6462,16.2207],[111.6336,16.2153],[111.6241,16.2052],[111.6218,16.2044],[111.6157,16.1992],[111.6121,16.1975],[111.595,16.1925],[111.5872,16.1917],[111.5834,16.1935],[111.5789,16.1979],[111.5735,16.1959],[111.5698,16.1976],[111.5688,16.199],[111.5695,16.206],[111.5725,16.2132],[111.5728,16.2169],[111.5702,16.2218],[111.5665,16.2234],[111.5635,16.2212],[111.5599,16.2146],[111.5566,16.206],[111.5554,16.1953],[111.5557,16.1919],[111.5596,16.1872],[111.5646,16.1846],[111.5709,16.1829],[111.5816,16.1811],[111.5909,16.1814],[111.5992,16.1843]]],[[[111.7945,16.2373],[111.8028,16.2439],[111.8064,16.2485],[111.8086,16.2528],[111.8077,16.2666],[111.8048,16.2741],[111.8003,16.2811],[111.7947,16.2872],[111.7885,16.2912],[111.7735,16.2939],[111.7589,16.2945],[111.7487,16.2937],[111.7413,16.2923],[111.7353,16.2923],[111.7287,16.2894],[111.7055,16.2887],[111.698,16.2892],[111.6914,16.2916],[111.671,16.2892],[111.6684,16.2877],[111.6666,16.2889],[111.662,16.2876],[111.6574,16.2873],[111.6469,16.2825],[111.635,16.2759],[111.626,16.2696],[111.614,16.2607],[111.5967,16.2492],[111.5776,16.2362],[111.5698,16.2296],[111.5681,16.2268],[111.5738,16.2235],[111.5817,16.2271],[111.5845,16.2312],[111.5904,16.2356],[111.6029,16.2431],[111.6107,16.2491],[111.6158,16.2537],[111.631,16.2623],[111.6388,16.2658],[111.6466,16.2686],[111.6529,16.2738],[111.658,16.2761],[111.6612,16.2795],[111.6654,16.2818],[111.6669,16.2844],[111.6693,16.2844],[111.6824,16.2827],[111.6908,16.2812],[111.7015,16.28],[111.71,16.2783],[111.7139,16.2789],[111.7168,16.2802],[111.7251,16.2793],[111.7356,16.2802],[111.7412,16.2816],[111.7704,16.2796],[111.7743,16.2783],[111.7798,16.2741],[111.7844,16.2687],[111.7865,16.2638],[111.7874,16.2566],[111.7859,16.2486],[111.7837,16.2425],[111.7739,16.2333],[111.7673,16.2284],[111.755,16.2241],[111.7502,16.2247],[111.747,16.2242],[111.7428,16.2207],[111.7362,16.221],[111.7324,16.2237],[111.7258,16.2249],[111.7204,16.2234],[111.7207,16.2208],[111.7334,16.2148],[111.738,16.2135],[111.7598,16.2172],[111.7741,16.2227],[111.7855,16.2278],[111.7891,16.2321],[111.7945,16.2373]]],[[[112.029,16.3392],[112.0355,16.3379],[112.0516,16.3338],[112.0688,16.331],[112.0738,16.3329],[112.0795,16.3374],[112.0813,16.3396],[112.082,16.3431],[112.0806,16.3513],[112.0738,16.355],[112.0634,16.3593],[112.0312,16.3675],[112.0054,16.3665],[111.9919,16.3635],[111.9792,16.3596],[111.9707,16.3546],[111.957,16.344],[111.9468,16.3314],[111.9447,16.327],[111.945,16.3225],[111.9477,16.3214],[111.9616,16.3237],[111.9683,16.3252],[111.9767,16.3246],[111.9804,16.3248],[112.0152,16.3377],[112.0234,16.3397],[112.029,16.3392]]],[[[111.5968,16.5077],[111.5954,16.5135],[111.5948,16.5202],[111.5922,16.525],[111.5875,16.5252],[111.5838,16.5224],[111.5821,16.5199],[111.5802,16.5148],[111.5805,16.5093],[111.5834,16.5029],[111.5852,16.5004],[111.5777,16.4939],[111.5728,16.4863],[111.5698,16.4787],[111.569,16.4747],[111.5695,16.4642],[111.5715,16.4572],[111.5733,16.454],[111.5791,16.4484],[111.5848,16.4463],[111.5905,16.4449],[111.5998,16.4435],[111.6081,16.4447],[111.6118,16.4468],[111.6255,16.4467],[111.6285,16.4501],[111.6284,16.4545],[111.6245,16.4598],[111.6179,16.4643],[111.6141,16.4662],[111.6092,16.4697],[111.604,16.4764],[111.5995,16.4847],[111.5948,16.4921],[111.5947,16.4949],[111.5975,16.5006],[111.5968,16.5077]]],[[[111.6894,16.5771],[111.6883,16.5813],[111.6862,16.5823],[111.6795,16.5827],[111.6661,16.5784],[111.6614,16.576],[111.6575,16.5749],[111.6536,16.5703],[111.6483,16.5665],[111.6424,16.5652],[111.6399,16.5638],[111.6365,16.56],[111.6289,16.5591],[111.6161,16.5544],[111.6075,16.5465],[111.6057,16.5458],[111.6005,16.5474],[111.5973,16.5475],[111.5942,16.5456],[111.592,16.5416],[111.5923,16.5381],[111.5944,16.5338],[111.5988,16.5292],[111.6048,16.5266],[111.6123,16.5264],[111.6171,16.5275],[111.6231,16.5316],[111.6267,16.531],[111.6323,16.5267],[111.635,16.5259],[111.6404,16.5256],[111.6433,16.5266],[111.6461,16.5294],[111.6468,16.5318],[111.6462,16.5381],[111.644,16.544],[111.6444,16.5471],[111.648,16.549],[111.6514,16.5486],[111.658,16.549],[111.6639,16.5519],[111.6667,16.5522],[111.6733,16.5502],[111.6768,16.5481],[111.6797,16.5444],[111.6793,16.5402],[111.674,16.5325],[111.6729,16.5266],[111.6752,16.5231],[111.6823,16.5185],[111.6863,16.5152],[111.6882,16.5115],[111.6878,16.506],[111.6858,16.4964],[111.6876,16.4925],[111.6911,16.491],[111.6945,16.4918],[111.7008,16.496],[111.7071,16.5019],[111.7111,16.504],[111.715,16.5041],[111.7194,16.5015],[111.7208,16.4981],[111.7212,16.4904],[111.7206,16.4856],[111.7189,16.4784],[111.7186,16.4748],[111.7219,16.4693],[111.7273,16.4658],[111.7285,16.4626],[111.7268,16.4564],[111.7278,16.4531],[111.7307,16.4503],[111.7342,16.4499],[111.7378,16.4507],[111.7429,16.453],[111.7532,16.4589],[111.7598,16.4644],[111.7666,16.4774],[111.7728,16.4868],[111.7806,16.4964],[111.7834,16.5015],[111.7848,16.5092],[111.7832,16.5155],[111.779,16.5222],[111.7743,16.5287],[111.7713,16.536],[111.7684,16.5387],[111.7557,16.5449],[111.749,16.5495],[111.7432,16.5545],[111.7405,16.5562],[111.735,16.5579],[111.7268,16.5586],[111.7207,16.5579],[111.7162,16.5612],[111.7124,16.5662],[111.7061,16.5696],[111.7014,16.5736],[111.6995,16.5735],[111.695,16.5701],[111.6911,16.5702],[111.6894,16.5771]]],[[[111.6934,16.5912],[111.693,16.5884],[111.6948,16.5856],[111.7001,16.5825],[111.7051,16.5773],[111.7142,16.5717],[111.7224,16.5635],[111.7254,16.5631],[111.7273,16.5649],[111.7282,16.5678],[111.7252,16.5773],[111.724,16.584],[111.7212,16.5887],[111.7173,16.5924],[111.7145,16.5941],[111.7076,16.5954],[111.7018,16.5948],[111.695,16.5926],[111.6934,16.5912]]],[[[112.2063,16.7819],[112.206,16.7745],[112.2073,16.7701],[112.2096,16.7661],[112.2139,16.7628],[112.2208,16.7603],[112.2285,16.7594],[112.2329,16.7596],[112.2353,16.7608],[112.2377,16.7649],[112.2386,16.7705],[112.2367,16.7738],[112.2293,16.7778],[112.2263,16.782],[112.2241,16.7873],[112.2189,16.7918],[112.2101,16.7975],[112.2071,16.7999],[112.2027,16.8],[112.2003,16.7966],[112.2015,16.7915],[112.206,16.7838],[112.2063,16.7819]]],[[[112.2754,16.9991],[112.2661,17],[112.2607,17.0035],[112.253,17.0068],[112.2471,17.008],[112.2392,17.0082],[112.2321,17.007],[112.2274,17.005],[112.2186,17],[112.2135,16.9992],[112.2064,16.9974],[112.1972,16.9941],[112.193,16.9909],[112.1911,16.9834],[112.1862,16.977],[112.1877,16.9734],[112.1912,16.9714],[112.1985,16.969],[112.2007,16.9675],[112.2033,16.9625],[112.2061,16.9609],[112.2112,16.9623],[112.2173,16.9625],[112.2219,16.9637],[112.2296,16.9683],[112.2324,16.9692],[112.2418,16.9675],[112.2479,16.9674],[112.2534,16.9683],[112.2599,16.971],[112.2672,16.9717],[112.2704,16.9706],[112.2744,16.9661],[112.2805,16.9629],[112.2827,16.9594],[112.2862,16.9567],[112.2925,16.9588],[112.2972,16.9586],[112.308,16.9553],[112.3087,16.953],[112.3056,16.9487],[112.3069,16.9458],[112.3119,16.9446],[112.3161,16.9444],[112.3199,16.9414],[112.3226,16.9358],[112.3231,16.9261],[112.3193,16.913],[112.321,16.9073],[112.3265,16.9036],[112.3301,16.9031],[112.3388,16.9031],[112.3419,16.9045],[112.3436,16.9063],[112.3441,16.9096],[112.3438,16.9159],[112.3453,16.918],[112.3501,16.9161],[112.3541,16.9164],[112.3595,16.9193],[112.3606,16.9216],[112.3596,16.9248],[112.3512,16.9301],[112.3463,16.9344],[112.3397,16.9476],[112.3347,16.9551],[112.3248,16.9619],[112.3097,16.9704],[112.3066,16.9726],[112.2997,16.981],[112.295,16.9849],[112.2905,16.9858],[112.2879,16.9876],[112.282,16.9962],[112.2796,16.9982],[112.2754,16.9991]]],[[[111.5197,17.0827],[111.5252,17.0845],[111.5354,17.0901],[111.5403,17.0932],[111.5539,17.0945],[111.5602,17.0968],[111.562,17.1002],[111.5602,17.1058],[111.558,17.1087],[111.5536,17.113],[111.5507,17.1148],[111.5405,17.1187],[111.5289,17.121],[111.5189,17.1208],[111.5016,17.118],[111.4854,17.1125],[111.4722,17.1074],[111.4672,17.1059],[111.4615,17.1033],[111.4584,17.1009],[111.4526,17.095],[111.4514,17.088],[111.455,17.0812],[111.461,17.075],[111.469,17.07],[111.473,17.0685],[111.478,17.0677],[111.4825,17.068],[111.4897,17.0706],[111.5021,17.077],[111.5087,17.0793],[111.5145,17.0808],[111.5197,17.0827]]],[[[112.5243,16.0209],[112.5345,16.0237],[112.5434,16.0283],[112.5508,16.0337],[112.5626,16.0462],[112.571,16.0537],[112.5803,16.0597],[112.5879,16.0641],[112.5949,16.0693],[112.5966,16.0737],[112.5951,16.0777],[112.5903,16.0805],[112.5855,16.0808],[112.5696,16.0808],[112.5643,16.0786],[112.5508,16.0757],[112.5393,16.0712],[112.5226,16.0659],[112.5137,16.0637],[112.5,16.0586],[112.4896,16.0568],[112.4758,16.0551],[112.4712,16.0538],[112.4517,16.0462],[112.4455,16.0429],[112.4425,16.0393],[112.4394,16.0302],[112.4397,16.0258],[112.4435,16.0199],[112.4446,16.0159],[112.451,16.0107],[112.457,16.0087],[112.4628,16.008],[112.4687,16.0082],[112.4743,16.0077],[112.4805,16.0105],[112.4927,16.0105],[112.4957,16.0117],[112.5,16.0149],[112.5093,16.017],[112.5139,16.0176],[112.5243,16.0209]]],[[[112.6731,16.3199],[112.6806,16.3167],[112.689,16.3145],[112.6988,16.3143],[112.7049,16.316],[112.706,16.318],[112.7058,16.3216],[112.7029,16.3247],[112.6964,16.3273],[112.6854,16.329],[112.6779,16.3325],[112.6727,16.3324],[112.669,16.3307],[112.6672,16.3264],[112.6681,16.324],[112.6731,16.3199]]],[[[112.4566,16.3935],[112.4496,16.3934],[112.4441,16.3911],[112.4382,16.3842],[112.4304,16.3705],[112.4237,16.3604],[112.4199,16.356],[112.4161,16.3525],[112.4088,16.3468],[112.3985,16.3401],[112.382,16.3321],[112.3658,16.3259],[112.3545,16.3211],[112.3489,16.3184],[112.3394,16.3129],[112.3344,16.3094],[112.3317,16.3068],[112.3276,16.3006],[112.3271,16.2968],[112.3277,16.2942],[112.3304,16.2911],[112.333,16.2896],[112.3388,16.2877],[112.349,16.2862],[112.3535,16.2859],[112.3673,16.2874],[112.3846,16.2901],[112.3997,16.2921],[112.4123,16.2949],[112.4231,16.2979],[112.4432,16.3009],[112.4606,16.3068],[112.4731,16.3109],[112.4778,16.3127],[112.4836,16.3164],[112.4886,16.3219],[112.4929,16.3322],[112.4937,16.3446],[112.4932,16.3511],[112.492,16.3558],[112.4879,16.3652],[112.483,16.3719],[112.4744,16.3817],[112.4669,16.389],[112.4609,16.3925],[112.4566,16.3935]]],[[[112.5267,16.3625],[112.523,16.3537],[112.5238,16.3436],[112.5259,16.339],[112.5321,16.337],[112.5401,16.3387],[112.5524,16.355],[112.5579,16.3676],[112.5606,16.3767],[112.5592,16.3808],[112.5522,16.3826],[112.536,16.3791],[112.5345,16.378],[112.5293,16.3697],[112.5267,16.3625]]],[[[112.6137,16.4229],[112.6169,16.417],[112.6214,16.413],[112.6281,16.4101],[112.6347,16.4096],[112.6394,16.4101],[112.6456,16.4117],[112.6496,16.414],[112.65,16.4174],[112.6479,16.4214],[112.642,16.4265],[112.6359,16.4292],[112.6171,16.4319],[112.6144,16.4307],[112.6126,16.4273],[112.6137,16.4229]]],[[[112.5235,16.5194],[112.5275,16.5172],[112.5472,16.5193],[112.554,16.5203],[112.5572,16.5218],[112.5585,16.5239],[112.557,16.5284],[112.5546,16.5298],[112.5439,16.5306],[112.54,16.5301],[112.5306,16.5275],[112.5255,16.5245],[112.5235,16.5194]]],[[[112.7261,16.6957],[112.7178,16.6945],[112.7122,16.6922],[112.708,16.6891],[112.7033,16.6846],[112.7015,16.6818],[112.7013,16.6784],[112.7044,16.6748],[112.7105,16.6739],[112.7117,16.6731],[112.7131,16.668],[112.7144,16.6665],[112.7219,16.6633],[112.7241,16.6613],[112.7272,16.6553],[112.7274,16.6514],[112.7261,16.6444],[112.7307,16.6374],[112.7308,16.6281],[112.7323,16.6258],[112.737,16.6221],[112.742,16.62],[112.7466,16.6164],[112.7486,16.6097],[112.7488,16.6022],[112.7523,16.5995],[112.7582,16.5983],[112.7608,16.5965],[112.7617,16.5908],[112.7598,16.5759],[112.7622,16.5481],[112.7616,16.5415],[112.7598,16.5359],[112.7544,16.5296],[112.7506,16.5273],[112.7361,16.5216],[112.734,16.5203],[112.7294,16.5157],[112.7221,16.5064],[112.7184,16.5008],[112.7145,16.4922],[112.7121,16.4857],[112.7062,16.4673],[112.6951,16.4459],[112.6903,16.438],[112.6889,16.4341],[112.6895,16.4285],[112.692,16.4258],[112.6954,16.4249],[112.6991,16.4253],[112.7079,16.4279],[112.7135,16.4311],[112.7194,16.4352],[112.7277,16.4427],[112.7358,16.451],[112.7414,16.4585],[112.7498,16.471],[112.7598,16.4918],[112.7674,16.5095],[112.7738,16.5284],[112.7755,16.5354],[112.7772,16.5478],[112.7773,16.554],[112.7767,16.5581],[112.7767,16.5778],[112.777,16.5918],[112.7763,16.5996],[112.7753,16.6033],[112.7729,16.6085],[112.7632,16.6242],[112.7618,16.6291],[112.7625,16.636],[112.7623,16.639],[112.7606,16.6421],[112.759,16.6502],[112.7576,16.6527],[112.7428,16.6723],[112.7376,16.6766],[112.7343,16.6803],[112.7332,16.6841],[112.7344,16.6916],[112.731,16.6949],[112.7261,16.6957]]],[[[112.625,16.5953],[112.6198,16.5926],[112.6171,16.5893],[112.6165,16.5866],[112.6191,16.5858],[112.625,16.5892],[112.6319,16.5909],[112.6387,16.5913],[112.6438,16.5929],[112.6432,16.596],[112.6411,16.5972],[112.6357,16.5977],[112.6277,16.5962],[112.625,16.5953]]],[[[112.3538,16.8543],[112.3476,16.8576],[112.3443,16.8584],[112.3382,16.8583],[112.3317,16.8568],[112.3247,16.8569],[112.3212,16.8562],[112.3175,16.8541],[112.3125,16.8487],[112.311,16.8438],[112.3109,16.8386],[112.3116,16.8361],[112.3164,16.8303],[112.3191,16.8225],[112.3206,16.821],[112.3233,16.8209],[112.3328,16.8221],[112.3374,16.8217],[112.344,16.8182],[112.345,16.8161],[112.3436,16.812],[112.3436,16.8091],[112.3469,16.8072],[112.3521,16.8067],[112.3553,16.8025],[112.3618,16.7985],[112.3643,16.7903],[112.3663,16.7871],[112.3691,16.7867],[112.372,16.7885],[112.3749,16.7915],[112.3769,16.7973],[112.3785,16.8065],[112.3791,16.8132],[112.3793,16.8276],[112.3782,16.8365],[112.3762,16.8425],[112.3742,16.8458],[112.3715,16.8482],[112.3538,16.8543]]]]},"properties":{"ma_xa":"20333","ten_xa":"Hoàng Sa","sap_nhap":"Hoàng Sa","tru_so":"đang cập nhật","loai":"Đặc khu","cap":2,"stt":16,"dtich_km2":350,"dan_so":0,"matdo_km2":0,"ma_tinh":"48","ten_tinh":"Đà Nẵng"}},
{"type":"Feature","geometry":{"type":"Polygon","coordinates":[[[108.3311,15.8855],[108.3298,15.8829],[108.3212,15.8861],[108.3201,15.8842],[108.3171,15.8833],[108.3175,15.8756],[108.3132,15.8752],[108.3116,15.8706],[108.3094,15.868],[108.3058,15.8679],[108.3039,15.8613],[108.3114,15.8592],[108.3145,15.8566],[108.3198,15.8546],[108.32,15.8579],[108.325,15.8591],[108.3285,15.8608],[108.334,15.8597],[108.3381,15.8606],[108.341,15.8598],[108.3454,15.8625],[108.351,15.8638],[108.358,15.8619],[108.3612,15.8679],[108.3569,15.8691],[108.354,15.8712],[108.3547,15.8734],[108.3496,15.8748],[108.3434,15.8745],[108.3394,15.8782],[108.3396,15.8836],[108.3371,15.8848],[108.335,15.8835],[108.3311,15.8855]]]},"properties":{"ma_xa":"20410","ten_xa":"Hội An","sap_nhap":"Minh An, Cẩm Phô, Sơn Phong, Cẩm Nam, Cẩm Kim ","tru_so":"đang cập nhật","loai":"Phường","cap":2,"stt":65,"dtich_km2":10.81,"dan_so":37222,"matdo_km2":3443.29,"ma_tinh":"48","ten_tinh":"Đà Nẵng"}},
{"type":"Feature","geometry":{"type":"Polygon","coordinates":[[[108.3629,15.9002],[108.3608,15.8959],[108.3485,15.9019],[108.3466,15.9032],[108.3414,15.9003],[108.3409,15.8965],[108.3389,15.8951],[108.3341,15.8952],[108.3297,15.8915],[108.3286,15.8892],[108.3305,15.8881],[108.3311,15.8855],[108.335,15.8835],[108.3371,15.8848],[108.3396,15.8836],[108.3394,15.8782],[108.3434,15.8745],[108.3496,15.8748],[108.3547,15.8734],[108.354,15.8712],[108.3569,15.8691],[108.3612,15.8679],[108.358,15.8619],[108.3663,15.8587],[108.3706,15.8596],[108.3741,15.8615],[108.3768,15.8655],[108.3892,15.8717],[108.3889,15.876],[108.39,15.8766],[108.3903,15.8807],[108.3859,15.8851],[108.3784,15.8913],[108.373,15.894],[108.3629,15.9002]]]},"properties":{"ma_xa":"20413","ten_xa":"Hội An Đông","sap_nhap":"Cẩm Châu, Cửa Đại, Cẩm Thanh ","tru_so":"đang cập nhật","loai":"Phường","cap":2,"stt":66,"dtich_km2":18.22,"dan_so":31109,"matdo_km2":1707.41,"ma_tinh":"48","ten_tinh":"Đà Nẵng"}},
{"type":"Feature","geometry":{"type":"Polygon","coordinates":[[[108.3629,15.9002],[108.3588,15.9025],[108.3414,15.9135],[108.3295,15.9221],[108.3286,15.921],[108.3273,15.9138],[108.325,15.9119],[108.3252,15.9078],[108.32,15.907],[108.3168,15.9089],[108.3152,15.9128],[108.3132,15.9134],[108.3106,15.9118],[108.3088,15.9094],[108.3027,15.905],[108.2935,15.8999],[108.2927,15.8925],[108.2916,15.8885],[108.2896,15.8864],[108.2929,15.8844],[108.2965,15.8806],[108.2965,15.8761],[108.3027,15.8762],[108.3031,15.8731],[108.3098,15.8725],[108.3132,15.8752],[108.3175,15.8756],[108.3171,15.8833],[108.3201,15.8842],[108.3212,15.8861],[108.3298,15.8829],[108.3311,15.8855],[108.3305,15.8881],[108.3286,15.8892],[108.3297,15.8915],[108.3341,15.8952],[108.3389,15.8951],[108.3409,15.8965],[108.3414,15.9003],[108.3466,15.9032],[108.3485,15.9019],[108.3608,15.8959],[108.3629,15.9002]]]},"properties":{"ma_xa":"20401","ten_xa":"Hội An Tây","sap_nhap":"Thanh Hà, Tân An, Cẩm An, Cẩm Hà ","tru_so":"đang cập nhật","loai":"Phường","cap":2,"stt":67,"dtich_km2":18.09,"dan_so":42370,"matdo_km2":2342.18,"ma_tinh":"48","ten_tinh":"Đà Nẵng"}},
{"type":"Feature","geometry":{"type":"Polygon","coordinates":[[[107.3847,15.8874],[107.3803,15.8888],[107.3751,15.8952],[107.3715,15.8979],[107.3645,15.8959],[107.3647,15.8928],[107.3622,15.8916],[107.3478,15.8939],[107.343,15.8905],[107.3387,15.8908],[107.3333,15.8878],[107.3288,15.8901],[107.3235,15.8871],[107.3212,15.887],[107.319,15.8842],[107.3155,15.8835],[107.3157,15.8804],[107.312,15.8763],[107.3121,15.8733],[107.3097,15.8705],[107.3054,15.8678],[107.3017,15.8665],[107.2986,15.8693],[107.2948,15.866],[107.2899,15.8657],[107.2878,15.8609],[107.2832,15.8578],[107.2781,15.8583],[107.2757,15.8616],[107.2711,15.859],[107.2714,15.8531],[107.2696,15.8511],[107.2625,15.8498],[107.2618,15.8504],[107.256,15.8476],[107.2553,15.8459],[107.2511,15.8418],[107.2508,15.8402],[107.2473,15.8385],[107.242,15.8399],[107.2396,15.8417],[107.2336,15.8436],[107.2314,15.8377],[107.2297,15.8385],[107.2267,15.8362],[107.2213,15.8356],[107.2215,15.831],[107.2194,15.8291],[107.2162,15.8299],[107.2108,15.8257],[107.2164,15.8226],[107.2214,15.8135],[107.2216,15.8115],[107.2261,15.8057],[107.2288,15.8032],[107.2258,15.8006],[107.2266,15.794],[107.2274,15.7929],[107.2287,15.7865],[107.2299,15.7834],[107.2259,15.7829],[107.2228,15.7806],[107.219,15.7765],[107.2197,15.7728],[107.2183,15.7703],[107.2183,15.7643],[107.217,15.7597],[107.2117,15.7573],[107.2112,15.7543],[107.2117,15.7491],[107.2131,15.7446],[107.2136,15.7387],[107.2163,15.7406],[107.2175,15.7391],[107.2203,15.7403],[107.2231,15.7429],[107.2273,15.7426],[107.2358,15.7432],[107.2433,15.7453],[107.2482,15.7449],[107.2501,15.7421],[107.2544,15.7385],[107.2537,15.7352],[107.2508,15.7322],[107.2518,15.7299],[107.254,15.7305],[107.2579,15.7288],[107.2612,15.7306],[107.2627,15.7352],[107.2645,15.7356],[107.2663,15.7389],[107.2694,15.7373],[107.2747,15.7364],[107.2764,15.7343],[107.2807,15.7369],[107.2818,15.7356],[107.2865,15.7356],[107.2877,15.7343],[107.291,15.7342],[107.294,15.736],[107.2993,15.7349],[107.3032,15.7353],[107.3073,15.742],[107.3104,15.7441],[107.3089,15.7455],[107.3086,15.749],[107.3099,15.7506],[107.3133,15.7496],[107.3146,15.7515],[107.3184,15.7492],[107.3228,15.7512],[107.3251,15.7511],[107.33,15.7491],[107.3351,15.7483],[107.3368,15.7495],[107.3382,15.7463],[107.3426,15.7418],[107.3475,15.7432],[107.3479,15.7389],[107.3452,15.738],[107.3486,15.7285],[107.3534,15.7318],[107.356,15.7359],[107.3598,15.7371],[107.363,15.7314],[107.3667,15.7261],[107.3802,15.7275],[107.3834,15.7301],[107.3862,15.7341],[107.39,15.7357],[107.3906,15.7375],[107.3945,15.7388],[107.3969,15.7406],[107.4022,15.742],[107.4022,15.7447],[107.4006,15.7456],[107.4011,15.7486],[107.3986,15.752],[107.3975,15.7559],[107.3999,15.759],[107.3983,15.7622],[107.3978,15.7655],[107.3959,15.7689],[107.3988,15.7771],[107.3983,15.7807],[107.3996,15.7823],[107.3971,15.7845],[107.3964,15.7887],[107.3981,15.7955],[107.3968,15.799],[107.392,15.8047],[107.3904,15.8108],[107.3848,15.812],[107.3822,15.8167],[107.3801,15.8177],[107.3782,15.8205],[107.3818,15.8232],[107.3783,15.8269],[107.3769,15.8311],[107.378,15.8331],[107.3813,15.834],[107.3828,15.8403],[107.3825,15.845],[107.3833,15.8476],[107.3877,15.8555],[107.3883,15.8623],[107.3867,15.8655],[107.3831,15.8674],[107.378,15.8734],[107.3778,15.8778],[107.38,15.8788],[107.3802,15.8817],[107.3839,15.8849],[107.3847,15.8874]]]},"properties":{"ma_xa":"20443","ten_xa":"Hùng Sơn","sap_nhap":"Ch’ơm,  Gari, Tr’hy, Axan","tru_so":"đang cập nhật","loai":"Xã","cap":2,"stt":86,"dtich_km2":287.95,"dan_so":7958,"matdo_km2":27.64,"ma_tinh":"48","ten_tinh":"Đà Nẵng"}},
{"type":"Feature","geometry":{"type":"Polygon","coordinates":[[[108.5244,15.5694],[108.5226,15.57],[108.5202,15.5729],[108.5147,15.572],[108.5123,15.5703],[108.5101,15.5667],[108.5022,15.567],[108.498,15.5662],[108.497,15.5634],[108.4941,15.5655],[108.4908,15.5624],[108.4866,15.5564],[108.4926,15.5496],[108.4909,15.5486],[108.4826,15.5465],[108.4799,15.5428],[108.4741,15.5411],[108.4701,15.5414],[108.47,15.5381],[108.4711,15.5339],[108.4712,15.5307],[108.4741,15.5254],[108.4758,15.5258],[108.4768,15.5229],[108.4765,15.5191],[108.4731,15.517],[108.4731,15.5127],[108.4804,15.5089],[108.4829,15.5069],[108.4853,15.5204],[108.4853,15.5236],[108.4907,15.5245],[108.4982,15.5285],[108.4984,15.5319],[108.4961,15.5352],[108.4956,15.5384],[108.4974,15.5417],[108.5018,15.5463],[108.5021,15.5524],[108.5042,15.5548],[108.5131,15.5528],[108.5204,15.5553],[108.5244,15.5604],[108.5239,15.5665],[108.5244,15.5694]]]},"properties":{"ma_xa":"20350","ten_xa":"Hương Trà","sap_nhap":"An Sơn, Hòa Hương, Tam Ngọc","tru_so":"đang cập nhật","loai":"Phường","cap":2,"stt":25,"dtich_km2":14.64,"dan_so":33523,"matdo_km2":2289.82,"ma_tinh":"48","ten_tinh":"Đà Nẵng"}},
{"type":"Feature","geometry":{"type":"Polygon","coordinates":[[[107.8289,15.5697],[107.828,15.572],[107.8257,15.5717],[107.8232,15.5735],[107.8228,15.5799],[107.8209,15.579],[107.8176,15.581],[107.8164,15.5798],[107.8105,15.5794],[107.8089,15.5805],[107.8037,15.5789],[107.7918,15.5802],[107.7893,15.5789],[107.7844,15.5795],[107.7797,15.581],[107.7795,15.5771],[107.7722,15.5748],[107.769,15.5727],[107.762,15.5715],[107.7556,15.5757],[107.7514,15.575],[107.7489,15.5717],[107.7459,15.5711],[107.7429,15.5684],[107.7345,15.5688],[107.7319,15.5679],[107.7308,15.5655],[107.7242,15.5611],[107.719,15.5603],[107.7145,15.5608],[107.7107,15.5573],[107.7047,15.5579],[107.6971,15.5621],[107.6951,15.5605],[107.6948,15.5591],[107.6975,15.5545],[107.6981,15.5505],[107.6957,15.5499],[107.6948,15.546],[107.6979,15.5433],[107.6984,15.54],[107.7013,15.5374],[107.7025,15.5295],[107.7003,15.5287],[107.7001,15.5242],[107.7036,15.5209],[107.7031,15.5168],[107.7068,15.5149],[107.7045,15.5105],[107.7063,15.5072],[107.7113,15.5056],[107.7154,15.5055],[107.7168,15.5022],[107.7203,15.4971],[107.7227,15.4963],[107.7264,15.4921],[107.731,15.4897],[107.7321,15.4872],[107.7378,15.4879],[107.7383,15.4892],[107.7419,15.4897],[107.745,15.4879],[107.7489,15.4891],[107.7511,15.4879],[107.756,15.4825],[107.7619,15.4788],[107.7666,15.4792],[107.7683,15.473],[107.7656,15.4717],[107.7671,15.4663],[107.7697,15.462],[107.7704,15.458],[107.7726,15.4527],[107.7798,15.4505],[107.7808,15.4445],[107.78,15.4408],[107.777,15.4333],[107.7783,15.4277],[107.781,15.4247],[107.7808,15.4229],[107.7849,15.4208],[107.7882,15.4212],[107.79,15.4245],[107.7973,15.428],[107.8027,15.4301],[107.8046,15.4299],[107.809,15.4258],[107.8131,15.4274],[107.8165,15.4265],[107.8197,15.4318],[107.8199,15.4342],[107.8224,15.4366],[107.832,15.4403],[107.8343,15.444],[107.8316,15.4476],[107.8323,15.4528],[107.8294,15.4556],[107.83,15.4622],[107.8368,15.4618],[107.8394,15.4654],[107.8399,15.4675],[107.8428,15.4713],[107.844,15.4794],[107.8435,15.4808],[107.8351,15.487],[107.8328,15.4874],[107.8315,15.4897],[107.826,15.4914],[107.8236,15.4946],[107.819,15.4969],[107.8167,15.499],[107.8183,15.5079],[107.8174,15.5096],[107.8142,15.5113],[107.8135,15.5152],[107.8172,15.5172],[107.8195,15.5246],[107.8191,15.5264],[107.823,15.5329],[107.8225,15.535],[107.8234,15.5382],[107.8265,15.5442],[107.8266,15.5495],[107.8289,15.5542],[107.825,15.5585],[107.8229,15.5598],[107.8221,15.564],[107.8225,15.5668],[107.8245,15.5689],[107.8289,15.5697]]]},"properties":{"ma_xa":"20722","ten_xa":"Khâm Đức","sap_nhap":"Khâm Đức, Phước Xuân","tru_so":"đang cập nhật","loai":"Xã","cap":2,"stt":90,"dtich_km2":161.98,"dan_so":9741,"matdo_km2":60.14,"ma_tinh":"48","ten_tinh":"Đà Nẵng"}},
{"type":"Feature","geometry":{"type":"Polygon","coordinates":[[[107.5404,15.5984],[107.5389,15.6008],[107.5358,15.6009],[107.5345,15.6052],[107.5243,15.6029],[107.5158,15.6025],[107.5089,15.6045],[107.5036,15.6051],[107.501,15.6022],[107.501,15.6004],[107.4986,15.5984],[107.4986,15.5963],[107.4945,15.5954],[107.4934,15.5898],[107.4703,15.5719],[107.4627,15.5703],[107.4629,15.5744],[107.4603,15.5801],[107.4629,15.5845],[107.4697,15.5857],[107.4728,15.5904],[107.4762,15.5891],[107.4792,15.589],[107.4816,15.5955],[107.4805,15.6005],[107.4853,15.6045],[107.4851,15.6094],[107.4817,15.613],[107.4726,15.6153],[107.468,15.6204],[107.4648,15.6209],[107.4545,15.6252],[107.4462,15.6249],[107.4396,15.6251],[107.4355,15.6272],[107.4319,15.6324],[107.4284,15.6317],[107.4268,15.6303],[107.4248,15.6209],[107.418,15.6235],[107.416,15.6199],[107.4136,15.6187],[107.4134,15.6157],[107.409,15.6112],[107.4099,15.6084],[107.4067,15.606],[107.406,15.604],[107.4035,15.603],[107.4016,15.6038],[107.4008,15.5996],[107.3963,15.5992],[107.397,15.5963],[107.3996,15.5964],[107.4034,15.5946],[107.4052,15.5903],[107.4025,15.5875],[107.3986,15.5871],[107.3972,15.5844],[107.3949,15.5831],[107.3951,15.5793],[107.3963,15.5768],[107.3919,15.5741],[107.3848,15.572],[107.3819,15.5702],[107.3755,15.5701],[107.3728,15.5679],[107.368,15.5682],[107.3664,15.5715],[107.3669,15.5732],[107.3631,15.5746],[107.3599,15.574],[107.3596,15.5724],[107.3616,15.5708],[107.3647,15.5703],[107.3645,15.5669],[107.3661,15.561],[107.3633,15.5586],[107.3659,15.5497],[107.3646,15.5477],[107.3666,15.546],[107.3673,15.5429],[107.3702,15.5413],[107.373,15.5356],[107.3749,15.528],[107.3742,15.5252],[107.3746,15.5218],[107.3782,15.5178],[107.3776,15.5123],[107.3798,15.511],[107.3806,15.5044],[107.3786,15.5013],[107.3823,15.498],[107.3819,15.4935],[107.386,15.4929],[107.3889,15.4957],[107.3923,15.4959],[107.3991,15.4925],[107.4077,15.4942],[107.41,15.4915],[107.4141,15.4952],[107.416,15.4934],[107.4157,15.4907],[107.4192,15.491],[107.4223,15.4935],[107.427,15.4902],[107.4316,15.4917],[107.4318,15.4971],[107.4304,15.4998],[107.4339,15.503],[107.4381,15.5037],[107.4451,15.5019],[107.451,15.504],[107.4557,15.5029],[107.4599,15.4988],[107.4625,15.4999],[107.4672,15.4985],[107.4706,15.4987],[107.4763,15.4935],[107.4776,15.4915],[107.4801,15.4917],[107.4825,15.4876],[107.4816,15.4834],[107.4776,15.4815],[107.4776,15.4786],[107.481,15.477],[107.4855,15.4785],[107.4929,15.4791],[107.4954,15.4786],[107.4978,15.4757],[107.5044,15.4753],[107.5074,15.4746],[107.5051,15.4794],[107.5055,15.4821],[107.5002,15.4865],[107.4964,15.4944],[107.4942,15.4964],[107.4948,15.4984],[107.4915,15.5014],[107.4907,15.5047],[107.492,15.5066],[107.4905,15.5085],[107.4921,15.5142],[107.4942,15.5156],[107.4936,15.5211],[107.4982,15.5229],[107.5008,15.5231],[107.5037,15.5255],[107.5065,15.5263],[107.5073,15.5326],[107.5065,15.5395],[107.5097,15.5445],[107.5126,15.545],[107.5127,15.5473],[107.5154,15.5483],[107.515,15.5504],[107.5203,15.5575],[107.5212,15.5595],[107.5201,15.5618],[107.5202,15.5651],[107.5236,15.5679],[107.5214,15.5695],[107.5196,15.5746],[107.5209,15.5803],[107.5196,15.5816],[107.5219,15.5852],[107.5247,15.5848],[107.5276,15.5866],[107.5293,15.5907],[107.5324,15.5917],[107.5327,15.5942],[107.5372,15.5958],[107.5404,15.5984]]]},"properties":{"ma_xa":"20704","ten_xa":"La Dêê","sap_nhap":"Đắc Tôi, La Dêê","tru_so":"đang cập nhật","loai":"Xã","cap":2,"stt":78,"dtich_km2":184.81,"dan_so":2930,"matdo_km2":15.85,"ma_tinh":"48","ten_tinh":"Đà Nẵng"}},
{"type":"Feature","geometry":{"type":"Polygon","coordinates":[[[107.4022,15.742],[107.3969,15.7406],[107.3945,15.7388],[107.3906,15.7375],[107.39,15.7357],[107.3862,15.7341],[107.3834,15.7301],[107.3802,15.7275],[107.3667,15.7261],[107.363,15.7314],[107.3598,15.7371],[107.356,15.7359],[107.3534,15.7318],[107.3486,15.7285],[107.3452,15.738],[107.3479,15.7389],[107.3475,15.7432],[107.3426,15.7418],[107.3382,15.7463],[107.3368,15.7495],[107.3351,15.7483],[107.33,15.7491],[107.3251,15.7511],[107.3228,15.7512],[107.3184,15.7492],[107.3146,15.7515],[107.3133,15.7496],[107.3099,15.7506],[107.3086,15.749],[107.3089,15.7455],[107.3104,15.7441],[107.3073,15.742],[107.3032,15.7353],[107.2993,15.7349],[107.294,15.736],[107.291,15.7342],[107.2877,15.7343],[107.2865,15.7356],[107.2818,15.7356],[107.2807,15.7369],[107.2764,15.7343],[107.2747,15.7364],[107.2694,15.7373],[107.2663,15.7389],[107.2645,15.7356],[107.2627,15.7352],[107.2612,15.7306],[107.2579,15.7288],[107.254,15.7305],[107.2518,15.7299],[107.2508,15.7322],[107.2494,15.729],[107.2495,15.7259],[107.2525,15.7217],[107.2549,15.7212],[107.2578,15.7222],[107.263,15.7197],[107.2666,15.7205],[107.2663,15.7121],[107.2725,15.7065],[107.2741,15.7079],[107.2765,15.7071],[107.2766,15.7049],[107.2721,15.7021],[107.2727,15.7005],[107.2765,15.6996],[107.2772,15.6957],[107.2742,15.6919],[107.273,15.688],[107.2738,15.6855],[107.2763,15.6839],[107.2746,15.6784],[107.2721,15.6761],[107.2708,15.6722],[107.2672,15.6705],[107.2671,15.6655],[107.2652,15.6632],[107.2657,15.6612],[107.2648,15.6544],[107.2762,15.6534],[107.2777,15.6524],[107.2777,15.6479],[107.2745,15.644],[107.2765,15.6416],[107.2754,15.6388],[107.2756,15.6352],[107.2773,15.6331],[107.2832,15.63],[107.2855,15.6264],[107.2921,15.6232],[107.2938,15.6237],[107.3009,15.6238],[107.3046,15.6249],[107.3131,15.6251],[107.3165,15.6264],[107.3218,15.6241],[107.3264,15.6242],[107.3335,15.6226],[107.3364,15.6209],[107.3386,15.6162],[107.3408,15.6145],[107.3433,15.6142],[107.3431,15.6097],[107.3417,15.6035],[107.3481,15.6022],[107.3508,15.5988],[107.351,15.5963],[107.3536,15.5919],[107.353,15.5883],[107.3497,15.587],[107.3459,15.5842],[107.3447,15.5805],[107.3455,15.5782],[107.3426,15.5776],[107.3427,15.5755],[107.345,15.5726],[107.3483,15.574],[107.3508,15.5734],[107.3531,15.569],[107.3573,15.5702],[107.3596,15.5724],[107.3599,15.574],[107.3631,15.5746],[107.3669,15.5732],[107.3664,15.5715],[107.368,15.5682],[107.3728,15.5679],[107.3755,15.5701],[107.3819,15.5702],[107.3848,15.572],[107.3919,15.5741],[107.3963,15.5768],[107.3951,15.5793],[107.3949,15.5831],[107.3972,15.5844],[107.3986,15.5871],[107.4025,15.5875],[107.4052,15.5903],[107.4034,15.5946],[107.3996,15.5964],[107.397,15.5963],[107.3963,15.5992],[107.4008,15.5996],[107.4016,15.6038],[107.4035,15.603],[107.406,15.604],[107.4067,15.606],[107.4099,15.6084],[107.409,15.6112],[107.4134,15.6157],[107.4136,15.6187],[107.416,15.6199],[107.418,15.6235],[107.4248,15.6209],[107.4268,15.6303],[107.4284,15.6317],[107.4319,15.6324],[107.4358,15.637],[107.4366,15.6398],[107.4424,15.6399],[107.4435,15.6423],[107.4478,15.6448],[107.4421,15.6515],[107.4423,15.6569],[107.4388,15.662],[107.439,15.6642],[107.4357,15.6669],[107.4288,15.6657],[107.4239,15.6698],[107.4193,15.6712],[107.4182,15.6782],[107.4193,15.6804],[107.4185,15.6849],[107.415,15.6877],[107.4156,15.6909],[107.4139,15.6922],[107.4149,15.6946],[107.4147,15.6983],[107.4135,15.6991],[107.4141,15.7026],[107.4135,15.709],[107.4106,15.7115],[107.4116,15.7154],[107.4099,15.7181],[107.4082,15.7267],[107.4099,15.7288],[107.4088,15.7352],[107.4102,15.7382],[107.4029,15.7409],[107.4022,15.742]]]},"properties":{"ma_xa":"20698","ten_xa":"La Êê","sap_nhap":"Chơ Chun, La Êê","tru_so":"đang cập nhật","loai":"Xã","cap":2,"stt":79,"dtich_km2":243.12,"dan_so":2371,"matdo_km2":9.75,"ma_tinh":"48","ten_tinh":"Đà Nẵng"}},
{"type":"Feature","geometry":{"type":"Polygon","coordinates":[[[108.2212,15.4957],[108.2165,15.4941],[108.2141,15.4917],[108.2108,15.4927],[108.2055,15.4965],[108.1986,15.4991],[108.1918,15.5008],[108.1879,15.4999],[108.1837,15.5017],[108.1807,15.5044],[108.1736,15.5065],[108.1709,15.5084],[108.1709,15.5006],[108.1671,15.4978],[108.1639,15.4971],[108.1568,15.5018],[108.1525,15.5021],[108.1491,15.5032],[108.1473,15.5058],[108.1429,15.5073],[108.14,15.5069],[108.1352,15.5042],[108.133,15.5015],[108.1328,15.498],[108.1303,15.4934],[108.1274,15.4911],[108.1264,15.4885],[108.1288,15.4848],[108.1307,15.4843],[108.1357,15.4864],[108.1408,15.4835],[108.1455,15.4779],[108.1489,15.4767],[108.1511,15.4745],[108.1482,15.4644],[108.1481,15.4578],[108.1486,15.4502],[108.1428,15.4443],[108.1377,15.4404],[108.135,15.44],[108.1336,15.4366],[108.1347,15.4343],[108.1406,15.4324],[108.1448,15.4291],[108.144,15.4245],[108.1418,15.421],[108.1414,15.4179],[108.1425,15.4148],[108.1465,15.4115],[108.1483,15.4071],[108.1484,15.4028],[108.1505,15.397],[108.152,15.3954],[108.1567,15.3931],[108.1568,15.3918],[108.1611,15.3889],[108.1621,15.3867],[108.1661,15.3851],[108.1681,15.3824],[108.1747,15.3801],[108.1803,15.381],[108.1861,15.3794],[108.1892,15.382],[108.1902,15.3841],[108.1959,15.3901],[108.205,15.3868],[108.2075,15.3888],[108.2121,15.3873],[108.2179,15.387],[108.2201,15.3883],[108.2237,15.3874],[108.2256,15.3859],[108.2311,15.3865],[108.2349,15.3893],[108.2386,15.3938],[108.2404,15.3976],[108.2466,15.3977],[108.2495,15.3954],[108.2549,15.395],[108.2582,15.3971],[108.2616,15.3965],[108.2639,15.3975],[108.2687,15.398],[108.2733,15.397],[108.2781,15.3997],[108.2827,15.3998],[108.2844,15.4017],[108.2866,15.4014],[108.2879,15.4061],[108.2866,15.4092],[108.2887,15.4128],[108.2843,15.4136],[108.2826,15.4152],[108.278,15.4163],[108.2783,15.4185],[108.2812,15.4215],[108.2809,15.4254],[108.2775,15.427],[108.2771,15.434],[108.276,15.4364],[108.2727,15.4371],[108.2706,15.4386],[108.2685,15.442],[108.2656,15.4435],[108.2629,15.4436],[108.2646,15.4471],[108.2671,15.45],[108.2656,15.453],[108.2667,15.454],[108.2662,15.4591],[108.2618,15.462],[108.2625,15.4674],[108.2594,15.472],[108.2552,15.4744],[108.2529,15.4745],[108.2479,15.4777],[108.2472,15.4812],[108.244,15.4841],[108.2415,15.4834],[108.2406,15.4872],[108.2381,15.4901],[108.2353,15.4911],[108.2314,15.4937],[108.2288,15.4924],[108.2212,15.4957]]]},"properties":{"ma_xa":"20875","ten_xa":"Lãnh Ngọc","sap_nhap":"Tiên Lãnh, Tiên Ngọc, Tiên Hiệp","tru_so":"đang cập nhật","loai":"Xã","cap":2,"stt":30,"dtich_km2":161.14,"dan_so":14847,"matdo_km2":92.14,"ma_tinh":"48","ten_tinh":"Đà Nẵng"}},
{"type":"Feature","geometry":{"type":"Polygon","coordinates":[[[108.1475,16.095],[108.144,16.0911],[108.1436,16.0887],[108.138,16.0882],[108.132,16.084],[108.1195,16.0941],[108.1167,16.0961],[108.1185,16.0978],[108.1163,16.1003],[108.1146,16.0984],[108.1125,16.1001],[108.1141,16.1026],[108.1181,16.1052],[108.116,16.1084],[108.1198,16.1117],[108.1184,16.1143],[108.1128,16.1124],[108.1102,16.1081],[108.1046,16.1055],[108.0999,16.1089],[108.0974,16.1175],[108.097,16.1208],[108.0946,16.1269],[108.0964,16.1287],[108.0952,16.1313],[108.096,16.1358],[108.0945,16.1391],[108.0871,16.1389],[108.0852,16.1375],[108.0797,16.1359],[108.076,16.1327],[108.0776,16.1276],[108.0795,16.1267],[108.079,16.1233],[108.0702,16.1224],[108.0636,16.1228],[108.0629,16.1168],[108.0648,16.1122],[108.0636,16.1058],[108.0596,16.108],[108.0508,16.1068],[108.0481,16.1075],[108.0407,16.1057],[108.0389,16.1072],[108.0431,16.097],[108.0434,16.0917],[108.0474,16.0866],[108.0475,16.0832],[108.0541,16.0792],[108.0567,16.0758],[108.0597,16.0736],[108.0683,16.0728],[108.0753,16.073],[108.0742,16.071],[108.0745,16.0668],[108.0755,16.0641],[108.0777,16.062],[108.0913,16.0621],[108.0921,16.0659],[108.0915,16.0693],[108.099,16.0731],[108.1025,16.0782],[108.1082,16.0799],[108.1096,16.0782],[108.1135,16.0818],[108.1174,16.0772],[108.1176,16.0678],[108.12,16.068],[108.1276,16.0663],[108.1312,16.0633],[108.1335,16.064],[108.1452,16.0652],[108.1481,16.0678],[108.1558,16.0713],[108.1542,16.0768],[108.1502,16.0838],[108.1544,16.0895],[108.1475,16.095]]]},"properties":{"ma_xa":"20197","ten_xa":"Liên Chiểu","sap_nhap":"Hòa Khánh Bắc, Hòa Liên (1 phần)","tru_so":"đang cập nhật","loai":"Phường","cap":2,"stt":10,"dtich_km2":41.19,"dan_so":70628,"matdo_km2":1714.69,"ma_tinh":"48","ten_tinh":"Đà Nẵng"}},
{"type":"Feature","geometry":{"type":"Polygon","coordinates":[[[107.543,15.7764],[107.5414,15.778],[107.5394,15.7762],[107.5336,15.7769],[107.5271,15.7747],[107.5206,15.7708],[107.5158,15.765],[107.509,15.7676],[107.5063,15.7662],[107.5046,15.764],[107.5,15.7627],[107.4959,15.7633],[107.4928,15.7621],[107.4844,15.7634],[107.4817,15.7656],[107.4792,15.7663],[107.4725,15.766],[107.4716,15.7679],[107.467,15.7684],[107.4627,15.7673],[107.4598,15.7603],[107.4563,15.7598],[107.4544,15.7567],[107.4557,15.7512],[107.4516,15.7471],[107.447,15.7474],[107.4406,15.7457],[107.4365,15.7416],[107.4326,15.7417],[107.4281,15.7406],[107.4221,15.7365],[107.4112,15.7368],[107.4102,15.7382],[107.4088,15.7352],[107.4099,15.7288],[107.4082,15.7267],[107.4099,15.7181],[107.4116,15.7154],[107.4106,15.7115],[107.4135,15.709],[107.4141,15.7026],[107.4135,15.6991],[107.4147,15.6983],[107.4149,15.6946],[107.4139,15.6922],[107.4156,15.6909],[107.415,15.6877],[107.4185,15.6849],[107.4193,15.6804],[107.4182,15.6782],[107.4193,15.6712],[107.4239,15.6698],[107.4288,15.6657],[107.4357,15.6669],[107.439,15.6642],[107.4388,15.662],[107.4423,15.6569],[107.4421,15.6515],[107.4478,15.6448],[107.4435,15.6423],[107.4424,15.6399],[107.4366,15.6398],[107.4358,15.637],[107.4319,15.6324],[107.4355,15.6272],[107.4396,15.6251],[107.4462,15.6249],[107.4545,15.6252],[107.4648,15.6209],[107.468,15.6204],[107.4726,15.6153],[107.4817,15.613],[107.4851,15.6094],[107.4853,15.6045],[107.4805,15.6005],[107.4816,15.5955],[107.4792,15.589],[107.4762,15.5891],[107.4728,15.5904],[107.4697,15.5857],[107.4629,15.5845],[107.4603,15.5801],[107.4629,15.5744],[107.4627,15.5703],[107.4703,15.5719],[107.4934,15.5898],[107.4945,15.5954],[107.4986,15.5963],[107.4986,15.5984],[107.501,15.6004],[107.501,15.6022],[107.5036,15.6051],[107.5089,15.6045],[107.5158,15.6025],[107.5243,15.6029],[107.5345,15.6052],[107.5358,15.6009],[107.5389,15.6008],[107.5404,15.5984],[107.543,15.6032],[107.5544,15.6054],[107.5589,15.6053],[107.5603,15.6016],[107.5665,15.6007],[107.5681,15.5991],[107.5714,15.5996],[107.5742,15.6025],[107.5777,15.6039],[107.5857,15.6092],[107.588,15.6088],[107.5943,15.613],[107.5885,15.6178],[107.5903,15.6218],[107.5891,15.6264],[107.5898,15.6277],[107.5938,15.6277],[107.5965,15.6313],[107.5929,15.6347],[107.5956,15.6374],[107.595,15.6401],[107.5979,15.6415],[107.597,15.6442],[107.6,15.6472],[107.6002,15.651],[107.6025,15.6519],[107.6029,15.6542],[107.611,15.6546],[107.6125,15.6526],[107.6159,15.6505],[107.6204,15.6514],[107.6188,15.6593],[107.6162,15.6655],[107.6144,15.668],[107.6098,15.6698],[107.607,15.6773],[107.6054,15.6785],[107.5982,15.68],[107.5957,15.6785],[107.5928,15.6783],[107.5887,15.6796],[107.5848,15.6782],[107.5801,15.6826],[107.5769,15.6846],[107.5721,15.6853],[107.5704,15.6867],[107.5658,15.6873],[107.5612,15.6841],[107.5585,15.6844],[107.5542,15.6818],[107.5465,15.6811],[107.5438,15.6829],[107.542,15.688],[107.5398,15.691],[107.543,15.6941],[107.5429,15.6961],[107.5471,15.7035],[107.5504,15.7049],[107.5538,15.7086],[107.5519,15.7136],[107.5435,15.723],[107.5409,15.7235],[107.539,15.7255],[107.5333,15.7246],[107.5311,15.7253],[107.528,15.7291],[107.5266,15.7342],[107.5272,15.7395],[107.525,15.7413],[107.5255,15.745],[107.5249,15.7485],[107.5278,15.7528],[107.5274,15.7567],[107.5303,15.7598],[107.5328,15.7599],[107.5357,15.7646],[107.5397,15.7677],[107.5399,15.7717],[107.543,15.7764]]]},"properties":{"ma_xa":"20707","ten_xa":"Nam Giang","sap_nhap":"Zuôih, Chà Vàl","tru_so":"đang cập nhật","loai":"Xã","cap":2,"stt":76,"dtich_km2":262.94,"dan_so":4979,"matdo_km2":18.94,"ma_tinh":"48","ten_tinh":"Đà Nẵng"}},
{"type":"Feature","geometry":{"type":"Polygon","coordinates":[[[108.3058,15.8679],[108.2876,15.8675],[108.2814,15.8671],[108.2768,15.8657],[108.2719,15.8623],[108.2629,15.8602],[108.2582,15.8565],[108.2569,15.8515],[108.2549,15.8493],[108.2542,15.8423],[108.2515,15.8384],[108.2468,15.8351],[108.2478,15.8297],[108.2486,15.8259],[108.2527,15.8241],[108.2552,15.8198],[108.2547,15.8164],[108.2576,15.8128],[108.2608,15.8138],[108.2644,15.8131],[108.2675,15.8162],[108.2702,15.8167],[108.2724,15.8188],[108.2748,15.8212],[108.2793,15.8225],[108.2792,15.8241],[108.2837,15.8249],[108.2835,15.8287],[108.2883,15.8247],[108.2915,15.8284],[108.2904,15.8314],[108.2935,15.8318],[108.3013,15.8361],[108.3081,15.8377],[108.3111,15.8351],[108.317,15.834],[108.3198,15.8325],[108.324,15.8351],[108.329,15.8337],[108.3298,15.837],[108.3337,15.8415],[108.3367,15.843],[108.338,15.8386],[108.3429,15.8386],[108.346,15.8393],[108.3507,15.8392],[108.3534,15.8453],[108.3544,15.8497],[108.3571,15.8547],[108.3621,15.856],[108.3663,15.8587],[108.358,15.8619],[108.351,15.8638],[108.3454,15.8625],[108.341,15.8598],[108.3381,15.8606],[108.334,15.8597],[108.3285,15.8608],[108.325,15.8591],[108.32,15.8579],[108.3198,15.8546],[108.3145,15.8566],[108.3114,15.8592],[108.3039,15.8613],[108.3058,15.8679]]]},"properties":{"ma_xa":"20599","ten_xa":"Nam Phước","sap_nhap":"Nam Phước, Duy Phước, Duy Vinh","tru_so":"đang cập nhật","loai":"Xã","cap":2,"stt":56,"dtich_km2":38.85,"dan_so":53498,"matdo_km2":1377.04,"ma_tinh":"48","ten_tinh":"Đà Nẵng"}},
{"type":"Feature","geometry":{"type":"Polygon","coordinates":[[[108.1103,15.2483],[108.0971,15.2486],[108.0943,15.2438],[108.0937,15.2333],[108.0928,15.2291],[108.0938,15.2272],[108.0938,15.2185],[108.0966,15.213],[108.0976,15.2092],[108.1019,15.203],[108.1048,15.2008],[108.1066,15.2006],[108.1142,15.1932],[108.1157,15.1865],[108.115,15.1813],[108.1124,15.1725],[108.1125,15.1657],[108.112,15.1599],[108.1095,15.1591],[108.1082,15.1553],[108.1107,15.1528],[108.1087,15.1508],[108.1093,15.1461],[108.1082,15.1441],[108.1106,15.1396],[108.1065,15.1351],[108.1069,15.1338],[108.1119,15.1336],[108.1157,15.1285],[108.1191,15.1259],[108.1155,15.1211],[108.1167,15.1164],[108.1125,15.1123],[108.1108,15.1116],[108.1069,15.1026],[108.1036,15.1015],[108.1009,15.0961],[108.098,15.0956],[108.0975,15.0927],[108.0987,15.0902],[108.0963,15.0883],[108.097,15.0843],[108.0938,15.0792],[108.0925,15.066],[108.0889,15.0607],[108.0912,15.0578],[108.0901,15.0551],[108.0889,15.0487],[108.0905,15.0473],[108.0926,15.0487],[108.0946,15.0464],[108.099,15.0464],[108.1005,15.0448],[108.1043,15.0444],[108.1058,15.0412],[108.1057,15.0382],[108.1069,15.0352],[108.1089,15.0345],[108.1158,15.029],[108.1179,15.0265],[108.1184,15.0231],[108.1199,15.0218],[108.1239,15.0128],[108.1279,15.0087],[108.1322,15.0072],[108.1504,15.0025],[108.1521,15.0095],[108.1494,15.0177],[108.1491,15.0226],[108.1503,15.0234],[108.153,15.0277],[108.151,15.0295],[108.1498,15.034],[108.1518,15.0374],[108.1494,15.0404],[108.1463,15.0457],[108.149,15.0466],[108.1497,15.0508],[108.1541,15.052],[108.1568,15.0542],[108.1577,15.0573],[108.1595,15.0598],[108.1624,15.0611],[108.1669,15.0649],[108.1716,15.073],[108.1766,15.0784],[108.1793,15.0869],[108.1775,15.0905],[108.1741,15.0957],[108.1729,15.0991],[108.1693,15.1011],[108.1671,15.0994],[108.1633,15.0989],[108.1609,15.1018],[108.1574,15.1029],[108.1556,15.1058],[108.1499,15.1091],[108.1467,15.1079],[108.1454,15.114],[108.1478,15.1164],[108.1502,15.1209],[108.1531,15.1235],[108.1564,15.1235],[108.165,15.1211],[108.1675,15.1215],[108.1746,15.1196],[108.179,15.124],[108.1852,15.1254],[108.1901,15.132],[108.1926,15.1281],[108.1947,15.1274],[108.1976,15.1245],[108.2002,15.1261],[108.2026,15.1296],[108.2052,15.131],[108.2075,15.1336],[108.2105,15.1355],[108.212,15.1385],[108.2136,15.139],[108.2169,15.149],[108.2147,15.1484],[108.2123,15.1563],[108.2174,15.1577],[108.2182,15.1655],[108.2173,15.1695],[108.2197,15.1716],[108.22,15.1734],[108.2226,15.1764],[108.2211,15.1798],[108.2161,15.181],[108.2123,15.188],[108.2117,15.1903],[108.213,15.1924],[108.2111,15.1957],[108.2112,15.1912],[108.2092,15.1888],[108.2069,15.1886],[108.2049,15.1863],[108.2001,15.1855],[108.198,15.1829],[108.1955,15.1815],[108.1946,15.1776],[108.1908,15.1751],[108.1889,15.1754],[108.1848,15.1783],[108.1806,15.183],[108.1791,15.183],[108.1772,15.1863],[108.1744,15.1876],[108.1721,15.1868],[108.1693,15.188],[108.1699,15.1933],[108.164,15.1974],[108.1637,15.1988],[108.1595,15.2001],[108.1593,15.2031],[108.1547,15.2042],[108.1526,15.2068],[108.1507,15.2068],[108.1495,15.2098],[108.1476,15.2113],[108.1452,15.2104],[108.1434,15.2149],[108.14,15.2152],[108.1366,15.2168],[108.1318,15.2178],[108.1307,15.2165],[108.1275,15.2176],[108.1271,15.2195],[108.1246,15.2198],[108.1224,15.2219],[108.1193,15.2225],[108.1205,15.2254],[108.1166,15.2295],[108.1172,15.2326],[108.1155,15.2352],[108.115,15.2409],[108.116,15.2426],[108.1139,15.2451],[108.1143,15.2477],[108.1103,15.2483]]]},"properties":{"ma_xa":"20944","ten_xa":"Nam Trà My","sap_nhap":"Trà Mai, Trà Don","tru_so":"đang cập nhật","loai":"Xã","cap":2,"stt":39,"dtich_km2":178.31,"dan_so":7395,"matdo_km2":41.47,"ma_tinh":"48","ten_tinh":"Đà Nẵng"}},
{"type":"Feature","geometry":{"type":"Polygon","coordinates":[[[108.2868,15.9716],[108.2827,15.9788],[108.2707,16.0017],[108.2658,16.0129],[108.2651,16.0138],[108.2602,16.0248],[108.2582,16.0284],[108.2523,16.0421],[108.2488,16.0526],[108.2479,16.0567],[108.2382,16.0539],[108.2343,16.0512],[108.2288,16.0511],[108.233,16.0461],[108.2358,16.0368],[108.2357,16.0345],[108.234,16.0292],[108.2324,16.0286],[108.2384,16.0231],[108.239,16.02],[108.238,16.0181],[108.2336,16.0132],[108.2326,16.0101],[108.2323,16.0057],[108.2292,16.0012],[108.2301,15.9959],[108.2277,15.9911],[108.2211,15.9864],[108.2227,15.9819],[108.2215,15.9778],[108.217,15.9719],[108.2172,15.9692],[108.2205,15.9633],[108.2241,15.9615],[108.2245,15.9565],[108.2288,15.9566],[108.2302,15.9579],[108.2293,15.9607],[108.2314,15.9624],[108.2417,15.9662],[108.2426,15.9677],[108.2489,15.9713],[108.2547,15.9728],[108.2588,15.9716],[108.2593,15.9674],[108.2615,15.9628],[108.2676,15.9651],[108.2686,15.9625],[108.2745,15.9618],[108.2764,15.9653],[108.2789,15.9659],[108.2809,15.9684],[108.2868,15.9716]]]},"properties":{"ma_xa":"20285","ten_xa":"Ngũ Hành Sơn","sap_nhap":"Mỹ An, Khuê Mỹ, Hòa Hải, Hòa Quý ","tru_so":"đang cập nhật","loai":"Phường","cap":2,"stt":7,"dtich_km2":40.19,"dan_so":115944,"matdo_km2":2884.9,"ma_tinh":"48","ten_tinh":"Đà Nẵng"}},
{"type":"Feature","geometry":{"type":"Polygon","coordinates":[[[108.0065,15.7308],[108.0075,15.7292],[108.0125,15.7254],[108.0143,15.7233],[108.0154,15.7197],[108.0201,15.7135],[108.022,15.7098],[108.0224,15.7049],[108.0247,15.7023],[108.029,15.7017],[108.0311,15.7029],[108.038,15.7024],[108.0417,15.7012],[108.0468,15.702],[108.0494,15.7014],[108.0554,15.6974],[108.0567,15.6951],[108.0596,15.6933],[108.0677,15.692],[108.0721,15.6853],[108.0749,15.6848],[108.0795,15.6823],[108.0804,15.6801],[108.0862,15.6745],[108.0944,15.6693],[108.098,15.6659],[108.0997,15.6615],[108.0975,15.6587],[108.0981,15.6552],[108.0946,15.6521],[108.0932,15.6487],[108.0929,15.6445],[108.0957,15.6423],[108.1015,15.6432],[108.1031,15.6444],[108.1055,15.6433],[108.1096,15.6399],[108.1173,15.6442],[108.1196,15.6441],[108.1219,15.6496],[108.1308,15.6588],[108.134,15.6598],[108.1347,15.6622],[108.1379,15.6658],[108.142,15.6669],[108.1459,15.6709],[108.1463,15.6724],[108.15,15.6768],[108.1509,15.6814],[108.1532,15.6851],[108.1579,15.6859],[108.1593,15.6912],[108.1672,15.7025],[108.1676,15.7055],[108.1666,15.7085],[108.1679,15.7146],[108.1624,15.7194],[108.159,15.7209],[108.1543,15.7203],[108.1501,15.7222],[108.1439,15.7276],[108.142,15.7283],[108.1393,15.735],[108.1351,15.7361],[108.1336,15.7391],[108.13,15.7396],[108.1266,15.7362],[108.1213,15.7372],[108.1175,15.7393],[108.1128,15.738],[108.1082,15.734],[108.1058,15.7331],[108.1002,15.7327],[108.0964,15.7315],[108.088,15.7327],[108.0815,15.7363],[108.0764,15.7367],[108.0769,15.7413],[108.0748,15.7439],[108.0728,15.7493],[108.07,15.751],[108.0724,15.7535],[108.0713,15.7576],[108.0688,15.7612],[108.0644,15.7638],[108.0614,15.7631],[108.0566,15.7643],[108.054,15.7639],[108.0525,15.7613],[108.0484,15.7628],[108.0466,15.7649],[108.0444,15.7604],[108.0419,15.7584],[108.0394,15.7543],[108.035,15.7521],[108.0331,15.749],[108.0281,15.7435],[108.0217,15.7461],[108.0195,15.7454],[108.0157,15.7423],[108.0118,15.7383],[108.0065,15.7308]]]},"properties":{"ma_xa":"20656","ten_xa":"Nông Sơn","sap_nhap":"Trung Phước, Quế Lộc","tru_so":"đang cập nhật","loai":"Xã","cap":2,"stt":53,"dtich_km2":112.53,"dan_so":21018,"matdo_km2":186.78,"ma_tinh":"48","ten_tinh":"Đà Nẵng"}},
{"type":"Feature","geometry":{"type":"Polygon","coordinates":[[[108.7393,15.3986],[108.7306,15.4056],[108.7232,15.4129],[108.7138,15.4217],[108.7047,15.4311],[108.6981,15.4387],[108.6959,15.4434],[108.6974,15.4473],[108.6974,15.452],[108.6997,15.4568],[108.7017,15.4582],[108.6984,15.4641],[108.6982,15.4677],[108.6946,15.4719],[108.6919,15.4805],[108.6923,15.4825],[108.6866,15.4861],[108.6826,15.4827],[108.6806,15.4821],[108.6839,15.4783],[108.6819,15.474],[108.6768,15.4724],[108.6724,15.4741],[108.6681,15.4771],[108.6647,15.4787],[108.6594,15.4793],[108.6485,15.4756],[108.646,15.4753],[108.6278,15.4795],[108.618,15.4787],[108.6135,15.4835],[108.6107,15.4844],[108.6065,15.4818],[108.6047,15.4765],[108.6021,15.4728],[108.6052,15.4712],[108.6052,15.4685],[108.6011,15.467],[108.5979,15.4615],[108.6011,15.4601],[108.6016,15.4562],[108.5993,15.4557],[108.5978,15.4582],[108.593,15.4535],[108.5904,15.4481],[108.5877,15.447],[108.5854,15.4423],[108.5855,15.44],[108.5829,15.4346],[108.5807,15.433],[108.5767,15.4348],[108.5762,15.4325],[108.5705,15.4324],[108.5707,15.4299],[108.5735,15.4295],[108.5769,15.4253],[108.5786,15.4172],[108.5718,15.4176],[108.5664,15.4146],[108.5663,15.4111],[108.5623,15.4096],[108.5605,15.4024],[108.5613,15.3985],[108.5626,15.3973],[108.5678,15.3979],[108.5709,15.395],[108.5777,15.3973],[108.5821,15.4019],[108.5883,15.4044],[108.5925,15.4112],[108.5893,15.4163],[108.5889,15.4192],[108.596,15.4228],[108.6031,15.4208],[108.6056,15.4193],[108.6066,15.424],[108.6115,15.4273],[108.6138,15.4272],[108.6176,15.4233],[108.6229,15.4217],[108.6207,15.4189],[108.6234,15.4177],[108.627,15.4182],[108.6274,15.4212],[108.6289,15.4227],[108.6314,15.4217],[108.6344,15.424],[108.6381,15.424],[108.6381,15.4215],[108.6435,15.4204],[108.6454,15.4175],[108.6492,15.419],[108.6511,15.4218],[108.6603,15.4159],[108.6584,15.4097],[108.6592,15.4071],[108.6578,15.4041],[108.6526,15.4048],[108.6521,15.4036],[108.6531,15.3977],[108.6559,15.3948],[108.6589,15.3942],[108.659,15.3908],[108.6557,15.3884],[108.6548,15.3847],[108.6581,15.3847],[108.6583,15.38],[108.6548,15.374],[108.6551,15.3688],[108.6561,15.3662],[108.6596,15.3661],[108.662,15.3699],[108.6654,15.3661],[108.6679,15.365],[108.6732,15.3648],[108.6765,15.3692],[108.6797,15.3696],[108.6803,15.3669],[108.6847,15.3676],[108.6865,15.3691],[108.6929,15.3682],[108.6947,15.3695],[108.6985,15.3697],[108.7013,15.3732],[108.7067,15.371],[108.7102,15.3708],[108.7135,15.3722],[108.7189,15.3725],[108.7232,15.3755],[108.7232,15.3772],[108.7301,15.3856],[108.7363,15.3937],[108.7373,15.3966],[108.7393,15.3986]]]},"properties":{"ma_xa":"20965","ten_xa":"Núi Thành","sap_nhap":"Núi Thành, Tam Quang, Tam Nghĩa, Tam Hiệp, Tam Giang ","tru_so":"đang cập nhật","loai":"Xã","cap":2,"stt":17,"dtich_km2":124.75,"dan_so":69406,"matdo_km2":556.36,"ma_tinh":"48","ten_tinh":"Đà Nẵng"}},
{"type":"Feature","geometry":{"type":"Polygon","coordinates":[[[108.4712,15.5307],[108.4663,15.5323],[108.4643,15.5343],[108.4606,15.5321],[108.455,15.5319],[108.4551,15.5298],[108.4524,15.5238],[108.4493,15.5252],[108.4469,15.5231],[108.4435,15.5221],[108.441,15.5192],[108.4345,15.5221],[108.4313,15.5252],[108.4315,15.5272],[108.4346,15.5296],[108.436,15.5339],[108.4375,15.535],[108.4369,15.5388],[108.4308,15.5433],[108.4282,15.5437],[108.4244,15.5515],[108.4205,15.5487],[108.4211,15.5438],[108.4172,15.5368],[108.4138,15.5337],[108.4104,15.5327],[108.4089,15.5312],[108.4038,15.5322],[108.3998,15.5315],[108.3985,15.5327],[108.3945,15.5322],[108.3943,15.5273],[108.3908,15.5266],[108.3885,15.5227],[108.3844,15.5215],[108.381,15.5189],[108.3787,15.5178],[108.3789,15.5132],[108.3767,15.5088],[108.381,15.5027],[108.3803,15.4998],[108.383,15.4975],[108.3824,15.4954],[108.3831,15.4908],[108.3874,15.4883],[108.3878,15.4863],[108.3925,15.4785],[108.392,15.4715],[108.3928,15.4692],[108.3919,15.4659],[108.3921,15.4627],[108.3905,15.4592],[108.3879,15.4569],[108.3841,15.4494],[108.3821,15.447],[108.3815,15.4444],[108.3785,15.4425],[108.3764,15.4391],[108.3771,15.4344],[108.3805,15.4327],[108.381,15.4299],[108.3787,15.4293],[108.3754,15.4252],[108.3792,15.4212],[108.3742,15.42],[108.3713,15.4146],[108.3774,15.4065],[108.3776,15.4024],[108.3803,15.3982],[108.3814,15.3944],[108.3881,15.3925],[108.3983,15.3934],[108.4018,15.3917],[108.4077,15.3936],[108.4118,15.3917],[108.418,15.3943],[108.4215,15.3942],[108.4223,15.3924],[108.4299,15.394],[108.4321,15.3929],[108.4403,15.3938],[108.4444,15.3934],[108.448,15.3963],[108.4563,15.3952],[108.4607,15.3967],[108.4663,15.3998],[108.4605,15.4027],[108.4597,15.4052],[108.4574,15.4075],[108.4568,15.4105],[108.4552,15.4116],[108.4553,15.4142],[108.4494,15.4163],[108.4432,15.4135],[108.4395,15.414],[108.4387,15.4165],[108.4364,15.4169],[108.433,15.4239],[108.4283,15.4271],[108.426,15.4316],[108.4234,15.4328],[108.4235,15.4391],[108.4217,15.4427],[108.424,15.4477],[108.4226,15.4547],[108.4283,15.4564],[108.4298,15.4557],[108.4342,15.4584],[108.4431,15.4585],[108.4453,15.4577],[108.4495,15.4582],[108.4538,15.4573],[108.457,15.4584],[108.4595,15.458],[108.4644,15.4588],[108.4679,15.4561],[108.4702,15.4509],[108.4726,15.4517],[108.4769,15.4488],[108.4768,15.459],[108.4725,15.4631],[108.4725,15.4662],[108.4698,15.4666],[108.4717,15.4717],[108.4704,15.4732],[108.4757,15.4799],[108.4796,15.4788],[108.4846,15.4763],[108.4946,15.4843],[108.498,15.4828],[108.5008,15.4881],[108.5049,15.484],[108.5092,15.4899],[108.5019,15.4946],[108.5003,15.497],[108.5063,15.5009],[108.5038,15.5021],[108.5009,15.4999],[108.4993,15.5019],[108.4954,15.5017],[108.4891,15.5038],[108.4874,15.5075],[108.4829,15.5069],[108.4804,15.5089],[108.4731,15.5127],[108.4731,15.517],[108.4765,15.5191],[108.4768,15.5229],[108.4758,15.5258],[108.4741,15.5254],[108.4712,15.5307]]]},"properties":{"ma_xa":"20392","ten_xa":"Phú Ninh","sap_nhap":"Tam Dân, Tam Đại, Tam Lãnh","tru_so":"đang cập nhật","loai":"Xã","cap":2,"stt":29,"dtich_km2":131.35,"dan_so":26954,"matdo_km2":205.21,"ma_tinh":"48","ten_tinh":"Đà Nẵng"}},
{"type":"Feature","geometry":{"type":"Polygon","coordinates":[[[108.1052,15.8339],[108.1009,15.8337],[108.0995,15.8364],[108.0956,15.8369],[108.0901,15.8389],[108.0886,15.8373],[108.0821,15.834],[108.0811,15.8407],[108.0728,15.8404],[108.0721,15.8417],[108.0601,15.8386],[108.0554,15.839],[108.0561,15.8418],[108.0508,15.8428],[108.0489,15.8452],[108.0426,15.8465],[108.0394,15.8453],[108.0389,15.8412],[108.0341,15.8397],[108.0308,15.8371],[108.0257,15.8381],[108.0204,15.8423],[108.0161,15.8411],[108.0144,15.8421],[108.0091,15.8371],[108.0084,15.835],[108.0009,15.8265],[107.9941,15.8203],[107.9903,15.816],[107.9843,15.815],[107.9798,15.8161],[107.9754,15.8134],[107.9732,15.8109],[107.967,15.8074],[107.9596,15.8007],[107.9554,15.799],[107.9533,15.7972],[107.9452,15.7954],[107.9423,15.7923],[107.9405,15.7918],[107.9431,15.7869],[107.9431,15.7824],[107.942,15.7788],[107.9373,15.7753],[107.937,15.77],[107.9354,15.7669],[107.9363,15.7598],[107.9353,15.7584],[107.9355,15.7516],[107.9365,15.7482],[107.9306,15.7421],[107.9312,15.74],[107.9284,15.7358],[107.9309,15.733],[107.929,15.7308],[107.9411,15.7259],[107.9475,15.7253],[107.9512,15.7288],[107.9542,15.7303],[107.9576,15.7262],[107.9607,15.724],[107.9636,15.7199],[107.967,15.721],[107.9697,15.7251],[107.977,15.7254],[107.9834,15.7247],[107.9869,15.7251],[107.9891,15.7283],[107.9943,15.7278],[107.9983,15.7317],[108.0029,15.7331],[108.0065,15.7308],[108.0118,15.7383],[108.0157,15.7423],[108.0195,15.7454],[108.0217,15.7461],[108.0281,15.7435],[108.0331,15.749],[108.035,15.7521],[108.0394,15.7543],[108.0419,15.7584],[108.0444,15.7604],[108.0466,15.7649],[108.0412,15.7715],[108.0399,15.7739],[108.0405,15.778],[108.0427,15.7815],[108.0516,15.7875],[108.0571,15.7904],[108.0599,15.7924],[108.0672,15.8032],[108.0708,15.8124],[108.0715,15.8154],[108.0751,15.8188],[108.0849,15.8241],[108.0876,15.8246],[108.0923,15.8242],[108.0945,15.825],[108.1009,15.8299],[108.1052,15.8339]]]},"properties":{"ma_xa":"20542","ten_xa":"Phú Thuận","sap_nhap":"Đại Tân, Đại Thắng, Đại Chánh, Đại Thạnh ","tru_so":"đang cập nhật","loai":"Xã","cap":2,"stt":73,"dtich_km2":130.89,"dan_so":27575,"matdo_km2":210.67,"ma_tinh":"48","ten_tinh":"Đà Nẵng"}},
{"type":"Feature","geometry":{"type":"Polygon","coordinates":[[[107.8209,15.2153],[107.8213,15.2174],[107.8161,15.2199],[107.8152,15.2241],[107.8168,15.2273],[107.813,15.2305],[107.8108,15.2338],[107.8111,15.2363],[107.808,15.2438],[107.8043,15.2468],[107.8043,15.2513],[107.8011,15.2535],[107.8004,15.2569],[107.7971,15.2625],[107.7964,15.2677],[107.7996,15.2714],[107.8004,15.2838],[107.8034,15.2841],[107.8072,15.2815],[107.8089,15.2816],[107.8111,15.2842],[107.8103,15.2874],[107.8114,15.2899],[107.8194,15.2966],[107.8182,15.2995],[107.8189,15.3022],[107.8173,15.3044],[107.8187,15.3067],[107.8171,15.3108],[107.8169,15.3135],[107.8185,15.317],[107.8226,15.3194],[107.8249,15.3183],[107.8259,15.321],[107.8295,15.3203],[107.8314,15.3213],[107.8322,15.3245],[107.834,15.3262],[107.8339,15.3322],[107.8364,15.3352],[107.8305,15.3399],[107.8305,15.3418],[107.8341,15.3474],[107.8364,15.3491],[107.8422,15.3489],[107.8437,15.3534],[107.8497,15.3532],[107.8513,15.3545],[107.8522,15.3584],[107.8481,15.363],[107.8396,15.3702],[107.837,15.3715],[107.8353,15.3757],[107.835,15.3797],[107.8336,15.3832],[107.8341,15.3856],[107.8373,15.389],[107.8375,15.3913],[107.8351,15.3956],[107.8288,15.3996],[107.8268,15.4027],[107.8254,15.4106],[107.8233,15.4145],[107.8227,15.4189],[107.821,15.4219],[107.8197,15.427],[107.8197,15.4318],[107.8165,15.4265],[107.8131,15.4274],[107.809,15.4258],[107.8046,15.4299],[107.8027,15.4301],[107.7973,15.428],[107.79,15.4245],[107.7882,15.4212],[107.7899,15.417],[107.7929,15.4171],[107.7952,15.4143],[107.7916,15.4111],[107.7905,15.4081],[107.7921,15.4073],[107.7924,15.4044],[107.7906,15.402],[107.7902,15.3979],[107.791,15.3953],[107.786,15.3928],[107.7848,15.3902],[107.7894,15.3858],[107.792,15.3786],[107.7904,15.3744],[107.7929,15.3705],[107.7942,15.3651],[107.7917,15.3595],[107.7903,15.358],[107.7909,15.3545],[107.7883,15.3514],[107.7897,15.3473],[107.7843,15.343],[107.7824,15.3399],[107.7794,15.3405],[107.7769,15.3373],[107.778,15.3327],[107.7777,15.3298],[107.7751,15.3271],[107.775,15.3246],[107.7764,15.3198],[107.778,15.3176],[107.7782,15.3142],[107.7799,15.3119],[107.7788,15.3087],[107.7792,15.3054],[107.7749,15.3029],[107.7715,15.2962],[107.7705,15.2867],[107.7688,15.2829],[107.7638,15.2815],[107.7615,15.2767],[107.7647,15.2714],[107.764,15.2667],[107.7605,15.2612],[107.7596,15.2573],[107.7616,15.2537],[107.7648,15.2526],[107.7649,15.2507],[107.768,15.2504],[107.772,15.2462],[107.7726,15.24],[107.7742,15.2357],[107.7718,15.2308],[107.772,15.2269],[107.7745,15.2234],[107.7807,15.2191],[107.7857,15.2182],[107.7886,15.2192],[107.7914,15.2177],[107.7962,15.217],[107.7998,15.2159],[107.8022,15.2138],[107.8067,15.213],[107.809,15.2118],[107.8152,15.2132],[107.8193,15.2162],[107.8209,15.2153]]]},"properties":{"ma_xa":"20740","ten_xa":"Phước Chánh","sap_nhap":"Phước Công, Phước Chánh","tru_so":"đang cập nhật","loai":"Xã","cap":2,"stt":92,"dtich_km2":107.56,"dan_so":4466,"matdo_km2":41.52,"ma_tinh":"48","ten_tinh":"Đà Nẵng"}},
{"type":"Feature","geometry":{"type":"Polygon","coordinates":[[[107.8598,15.5578],[107.8562,15.5577],[107.8513,15.5597],[107.8452,15.5605],[107.8428,15.5651],[107.8365,15.568],[107.8353,15.5696],[107.8289,15.5697],[107.8245,15.5689],[107.8225,15.5668],[107.8221,15.564],[107.8229,15.5598],[107.825,15.5585],[107.8289,15.5542],[107.8266,15.5495],[107.8265,15.5442],[107.8234,15.5382],[107.8225,15.535],[107.823,15.5329],[107.8191,15.5264],[107.8195,15.5246],[107.8172,15.5172],[107.8135,15.5152],[107.8142,15.5113],[107.8174,15.5096],[107.8183,15.5079],[107.8167,15.499],[107.819,15.4969],[107.8236,15.4946],[107.826,15.4914],[107.8315,15.4897],[107.8328,15.4874],[107.8351,15.487],[107.8435,15.4808],[107.844,15.4794],[107.8428,15.4713],[107.8399,15.4675],[107.8394,15.4654],[107.8368,15.4618],[107.83,15.4622],[107.8294,15.4556],[107.8323,15.4528],[107.8316,15.4476],[107.8343,15.444],[107.832,15.4403],[107.8224,15.4366],[107.8199,15.4342],[107.8259,15.4297],[107.8285,15.4251],[107.8319,15.4217],[107.8359,15.4195],[107.8387,15.4192],[107.8401,15.417],[107.8448,15.416],[107.8461,15.4132],[107.8514,15.4094],[107.8599,15.4075],[107.8654,15.4087],[107.8664,15.4096],[107.8759,15.4044],[107.8794,15.4],[107.8815,15.3984],[107.8898,15.3988],[107.8992,15.3968],[107.8996,15.3949],[107.904,15.3935],[107.9068,15.3897],[107.9106,15.3866],[107.9154,15.3853],[107.9186,15.3856],[107.9252,15.3888],[107.932,15.3879],[107.9346,15.3893],[107.9385,15.3889],[107.9401,15.387],[107.9406,15.3797],[107.9397,15.3779],[107.9409,15.3757],[107.9463,15.3745],[107.9491,15.3709],[107.9501,15.3681],[107.9547,15.367],[107.9587,15.3682],[107.9654,15.3685],[107.9752,15.3669],[107.9787,15.3675],[107.9824,15.3668],[107.9919,15.3677],[107.9965,15.3709],[107.9994,15.3703],[108.0059,15.3728],[108.011,15.3736],[108.0133,15.3729],[108.0174,15.3736],[108.0194,15.3794],[108.014,15.3834],[108.0121,15.3863],[108.0118,15.392],[108.0169,15.3918],[108.0214,15.3977],[108.018,15.4074],[108.0182,15.4134],[108.0174,15.4164],[108.0186,15.4182],[108.0217,15.4187],[108.023,15.4203],[108.0229,15.423],[108.019,15.4243],[108.0163,15.4267],[108.0148,15.4303],[108.0156,15.4363],[108.0152,15.4389],[108.0083,15.4445],[108.0071,15.449],[108.0054,15.4506],[108.0055,15.4544],[108.0018,15.4594],[107.9994,15.4611],[107.9967,15.4667],[107.9913,15.4704],[107.9922,15.475],[107.9908,15.4807],[107.9888,15.486],[107.9927,15.487],[107.9932,15.4891],[107.9958,15.4922],[107.9987,15.4925],[108.004,15.4962],[108.0022,15.4976],[108.0034,15.5006],[108.0017,15.5051],[107.9953,15.5086],[107.994,15.5105],[107.9945,15.5131],[107.9926,15.5141],[107.9909,15.5181],[107.9927,15.5215],[107.9918,15.5234],[107.9935,15.5273],[107.9913,15.5325],[107.9866,15.5337],[107.984,15.5333],[107.9808,15.5354],[107.9777,15.5386],[107.9756,15.5387],[107.9745,15.5412],[107.9721,15.543],[107.9704,15.5461],[107.9693,15.5502],[107.9664,15.5535],[107.9605,15.5546],[107.9521,15.5567],[107.9497,15.5615],[107.9482,15.5629],[107.9443,15.5637],[107.9391,15.5617],[107.9355,15.5626],[107.9322,15.5623],[107.9305,15.5606],[107.9251,15.5584],[107.9242,15.5568],[107.9196,15.555],[107.9196,15.552],[107.9164,15.5512],[107.9182,15.5471],[107.9153,15.5417],[107.9116,15.5422],[107.9101,15.54],[107.9058,15.5401],[107.9009,15.5451],[107.8967,15.5463],[107.8945,15.5479],[107.8894,15.5473],[107.8872,15.5487],[107.8834,15.5478],[107.8781,15.5453],[107.8785,15.5428],[107.8765,15.5413],[107.873,15.5412],[107.8718,15.5381],[107.8664,15.5389],[107.8646,15.5384],[107.8623,15.54],[107.862,15.5449],[107.8542,15.551],[107.8564,15.5554],[107.8598,15.5578]]]},"properties":{"ma_xa":"20728","ten_xa":"Phước Hiệp","sap_nhap":"Phước Hòa, Phước Hiệp","tru_so":"đang cập nhật","loai":"Xã","cap":2,"stt":94,"dtich_km2":340.05,"dan_so":4529,"matdo_km2":13.32,"ma_tinh":"48","ten_tinh":"Đà Nẵng"}},
{"type":"Feature","geometry":{"type":"Polygon","coordinates":[[[107.7882,15.4212],[107.7849,15.4208],[107.7808,15.4229],[107.781,15.4247],[107.7783,15.4277],[107.777,15.4333],[107.78,15.4408],[107.7808,15.4445],[107.7798,15.4505],[107.7726,15.4527],[107.7704,15.458],[107.7697,15.462],[107.7671,15.4663],[107.7656,15.4717],[107.7683,15.473],[107.7666,15.4792],[107.7619,15.4788],[107.756,15.4825],[107.7511,15.4879],[107.7489,15.4891],[107.745,15.4879],[107.7419,15.4897],[107.7383,15.4892],[107.7378,15.4879],[107.7321,15.4872],[107.731,15.4897],[107.7264,15.4921],[107.7227,15.4963],[107.7203,15.4971],[107.7168,15.5022],[107.7154,15.5055],[107.7113,15.5056],[107.7063,15.5072],[107.7045,15.5105],[107.7031,15.5058],[107.705,15.5036],[107.7022,15.5009],[107.7015,15.4981],[107.7032,15.4939],[107.6979,15.4916],[107.6966,15.4877],[107.7028,15.4833],[107.7053,15.4836],[107.7068,15.4806],[107.704,15.479],[107.7017,15.4755],[107.6996,15.4738],[107.6992,15.4713],[107.6937,15.467],[107.6959,15.4646],[107.6943,15.4619],[107.691,15.4635],[107.6892,15.4613],[107.6854,15.4586],[107.6836,15.4548],[107.6819,15.4538],[107.6817,15.4494],[107.6824,15.4477],[107.6817,15.4439],[107.6797,15.4412],[107.6787,15.4351],[107.677,15.4332],[107.6785,15.4312],[107.6774,15.4283],[107.6796,15.4214],[107.6773,15.4184],[107.6771,15.4164],[107.6747,15.4118],[107.6677,15.4067],[107.6691,15.4048],[107.6685,15.3987],[107.6652,15.3959],[107.6646,15.3932],[107.6619,15.3904],[107.6612,15.3858],[107.6614,15.3786],[107.6595,15.373],[107.6629,15.3683],[107.664,15.3651],[107.664,15.3617],[107.6623,15.3577],[107.6628,15.3547],[107.667,15.349],[107.6687,15.3484],[107.6689,15.3455],[107.6745,15.3431],[107.6768,15.344],[107.6792,15.3401],[107.6791,15.3345],[107.6845,15.3303],[107.6865,15.3267],[107.6902,15.3261],[107.6916,15.3248],[107.6929,15.3175],[107.6975,15.3134],[107.7013,15.3118],[107.7049,15.3078],[107.7079,15.303],[107.7144,15.3056],[107.7205,15.3055],[107.724,15.308],[107.7304,15.308],[107.7309,15.3048],[107.7279,15.3032],[107.7299,15.2954],[107.7286,15.294],[107.7271,15.2886],[107.7286,15.2865],[107.7283,15.2841],[107.7294,15.2809],[107.729,15.277],[107.7303,15.2705],[107.729,15.2674],[107.7297,15.2629],[107.7322,15.261],[107.7319,15.257],[107.7326,15.2532],[107.7346,15.2492],[107.7355,15.2454],[107.7352,15.2416],[107.737,15.2379],[107.7366,15.2346],[107.7337,15.2345],[107.7337,15.2317],[107.7383,15.2291],[107.7423,15.2303],[107.7466,15.2297],[107.7503,15.232],[107.752,15.2345],[107.7603,15.2355],[107.7683,15.2333],[107.7718,15.2308],[107.7742,15.2357],[107.7726,15.24],[107.772,15.2462],[107.768,15.2504],[107.7649,15.2507],[107.7648,15.2526],[107.7616,15.2537],[107.7596,15.2573],[107.7605,15.2612],[107.764,15.2667],[107.7647,15.2714],[107.7615,15.2767],[107.7638,15.2815],[107.7688,15.2829],[107.7705,15.2867],[107.7715,15.2962],[107.7749,15.3029],[107.7792,15.3054],[107.7788,15.3087],[107.7799,15.3119],[107.7782,15.3142],[107.778,15.3176],[107.7764,15.3198],[107.775,15.3246],[107.7751,15.3271],[107.7777,15.3298],[107.778,15.3327],[107.7769,15.3373],[107.7794,15.3405],[107.7824,15.3399],[107.7843,15.343],[107.7897,15.3473],[107.7883,15.3514],[107.7909,15.3545],[107.7903,15.358],[107.7917,15.3595],[107.7942,15.3651],[107.7929,15.3705],[107.7904,15.3744],[107.792,15.3786],[107.7894,15.3858],[107.7848,15.3902],[107.786,15.3928],[107.791,15.3953],[107.7902,15.3979],[107.7906,15.402],[107.7924,15.4044],[107.7921,15.4073],[107.7905,15.4081],[107.7916,15.4111],[107.7952,15.4143],[107.7929,15.4171],[107.7899,15.417],[107.7882,15.4212]]]},"properties":{"ma_xa":"20734","ten_xa":"Phước Năng","sap_nhap":"Phước Đức, Phước Mỹ, Phước Năng","tru_so":"đang cập nhật","loai":"Xã","cap":2,"stt":91,"dtich_km2":257.1,"dan_so":8452,"matdo_km2":32.87,"ma_tinh":"48","ten_tinh":"Đà Nẵng"}},
{"type":"Feature","geometry":{"type":"Polygon","coordinates":[[[107.9547,15.367],[107.9501,15.3681],[107.9491,15.3709],[107.9463,15.3745],[107.9409,15.3757],[107.9397,15.3779],[107.9406,15.3797],[107.9401,15.387],[107.9385,15.3889],[107.9346,15.3893],[107.932,15.3879],[107.9252,15.3888],[107.9186,15.3856],[107.9154,15.3853],[107.9106,15.3866],[107.9068,15.3897],[107.904,15.3935],[107.8996,15.3949],[107.8992,15.3968],[107.8898,15.3988],[107.8815,15.3984],[107.8794,15.4],[107.8759,15.4044],[107.8664,15.4096],[107.8654,15.4087],[107.8599,15.4075],[107.8514,15.4094],[107.8461,15.4132],[107.8448,15.416],[107.8401,15.417],[107.8387,15.4192],[107.8359,15.4195],[107.8319,15.4217],[107.8285,15.4251],[107.8259,15.4297],[107.8199,15.4342],[107.8197,15.4318],[107.8197,15.427],[107.821,15.4219],[107.8227,15.4189],[107.8233,15.4145],[107.8254,15.4106],[107.8268,15.4027],[107.8288,15.3996],[107.8351,15.3956],[107.8375,15.3913],[107.8373,15.389],[107.8341,15.3856],[107.8336,15.3832],[107.835,15.3797],[107.8353,15.3757],[107.837,15.3715],[107.8396,15.3702],[107.8481,15.363],[107.8522,15.3584],[107.8513,15.3545],[107.8497,15.3532],[107.8437,15.3534],[107.8422,15.3489],[107.8364,15.3491],[107.8341,15.3474],[107.8305,15.3418],[107.8305,15.3399],[107.8364,15.3352],[107.8339,15.3322],[107.834,15.3262],[107.8322,15.3245],[107.8314,15.3213],[107.8295,15.3203],[107.8259,15.321],[107.8249,15.3183],[107.8226,15.3194],[107.8185,15.317],[107.8169,15.3135],[107.8171,15.3108],[107.8187,15.3067],[107.8173,15.3044],[107.8189,15.3022],[107.8182,15.2995],[107.8194,15.2966],[107.8114,15.2899],[107.8103,15.2874],[107.8111,15.2842],[107.8089,15.2816],[107.8072,15.2815],[107.8034,15.2841],[107.8004,15.2838],[107.7996,15.2714],[107.7964,15.2677],[107.7971,15.2625],[107.8004,15.2569],[107.8011,15.2535],[107.8043,15.2513],[107.8043,15.2468],[107.808,15.2438],[107.8111,15.2363],[107.8108,15.2338],[107.813,15.2305],[107.8168,15.2273],[107.8152,15.2241],[107.8161,15.2199],[107.8213,15.2174],[107.8209,15.2153],[107.8221,15.214],[107.8266,15.2118],[107.8288,15.2092],[107.8326,15.2081],[107.835,15.2084],[107.8378,15.2071],[107.8404,15.2089],[107.8424,15.2078],[107.8509,15.2075],[107.8549,15.2103],[107.8584,15.2093],[107.8612,15.2105],[107.8671,15.2099],[107.8699,15.2105],[107.8731,15.2098],[107.8759,15.2054],[107.8792,15.2016],[107.8801,15.1971],[107.885,15.1965],[107.8898,15.1938],[107.8928,15.1949],[107.8945,15.1979],[107.8977,15.2013],[107.8995,15.2049],[107.9033,15.2065],[107.9056,15.2061],[107.9113,15.2068],[107.9144,15.2119],[107.9224,15.21],[107.9281,15.2098],[107.9288,15.2138],[107.9269,15.2173],[107.9297,15.2231],[107.9332,15.2252],[107.9334,15.2282],[107.9355,15.2309],[107.9343,15.2351],[107.9354,15.238],[107.9342,15.2408],[107.9365,15.2439],[107.9406,15.2461],[107.9418,15.2508],[107.9412,15.2554],[107.9477,15.2574],[107.9483,15.2593],[107.9466,15.2653],[107.9469,15.2682],[107.9441,15.2727],[107.9422,15.278],[107.9423,15.2815],[107.9383,15.2865],[107.9412,15.2926],[107.9465,15.2961],[107.9482,15.2981],[107.948,15.3003],[107.945,15.308],[107.9476,15.31],[107.9508,15.3104],[107.9578,15.3158],[107.9597,15.3201],[107.9646,15.3232],[107.9633,15.329],[107.9592,15.3329],[107.9584,15.3366],[107.9564,15.3379],[107.953,15.3421],[107.9555,15.3481],[107.9528,15.3505],[107.9522,15.3535],[107.9539,15.3583],[107.9534,15.3637],[107.9547,15.367]]]},"properties":{"ma_xa":"20752","ten_xa":"Phước Thành","sap_nhap":"Phước Lộc, Phước Kim, Phước Thành","tru_so":"đang cập nhật","loai":"Xã","cap":2,"stt":93,"dtich_km2":286.65,"dan_so":4651,"matdo_km2":16.23,"ma_tinh":"48","ten_tinh":"Đà Nẵng"}},
{"type":"Feature","geometry":{"type":"Polygon","coordinates":[[[108.133,15.5015],[108.13,15.5016],[108.1279,15.5004],[108.1219,15.4986],[108.1177,15.4982],[108.1138,15.5015],[108.1096,15.501],[108.1063,15.5024],[108.1032,15.5023],[108.1013,15.5046],[108.0977,15.5061],[108.094,15.5097],[108.0897,15.5126],[108.0855,15.5175],[108.0795,15.5188],[108.0781,15.5206],[108.0752,15.5212],[108.0722,15.5235],[108.0696,15.5235],[108.0644,15.5291],[108.0628,15.5369],[108.0644,15.5404],[108.0547,15.5468],[108.0519,15.5496],[108.0527,15.5512],[108.0491,15.5556],[108.0496,15.5588],[108.0454,15.5578],[108.0455,15.5544],[108.0429,15.5545],[108.0366,15.5504],[108.0372,15.5477],[108.035,15.5463],[108.031,15.5466],[108.0297,15.5426],[108.0245,15.5423],[108.0247,15.5455],[108.0226,15.5487],[108.0177,15.5476],[108.0137,15.5458],[108.0117,15.5528],[108.0074,15.5504],[108.0055,15.5508],[108.0004,15.5481],[107.9914,15.5472],[107.991,15.5518],[107.987,15.5526],[107.9849,15.5541],[107.985,15.5579],[107.9875,15.5627],[107.9914,15.5663],[107.9934,15.5666],[107.9959,15.5689],[107.9945,15.5728],[107.99,15.5735],[107.9858,15.5717],[107.9835,15.5691],[107.9757,15.5662],[107.9728,15.5598],[107.9695,15.5552],[107.9664,15.5535],[107.9693,15.5502],[107.9704,15.5461],[107.9721,15.543],[107.9745,15.5412],[107.9756,15.5387],[107.9777,15.5386],[107.9808,15.5354],[107.984,15.5333],[107.9866,15.5337],[107.9913,15.5325],[107.9935,15.5273],[107.9918,15.5234],[107.9927,15.5215],[107.9909,15.5181],[107.9926,15.5141],[107.9945,15.5131],[107.994,15.5105],[107.9953,15.5086],[108.0017,15.5051],[108.0034,15.5006],[108.0022,15.4976],[108.004,15.4962],[107.9987,15.4925],[107.9958,15.4922],[107.9932,15.4891],[107.9927,15.487],[107.9888,15.486],[107.9908,15.4807],[107.9922,15.475],[107.9913,15.4704],[107.9967,15.4667],[107.9994,15.4611],[108.0018,15.4594],[108.0055,15.4544],[108.0054,15.4506],[108.0071,15.449],[108.0083,15.4445],[108.0152,15.4389],[108.0156,15.4363],[108.0148,15.4303],[108.0163,15.4267],[108.019,15.4243],[108.0229,15.423],[108.023,15.4203],[108.0257,15.4166],[108.0307,15.4158],[108.0309,15.4132],[108.0349,15.4098],[108.0374,15.41],[108.0414,15.4063],[108.0453,15.4043],[108.0523,15.4043],[108.0563,15.4071],[108.0593,15.4064],[108.0661,15.4014],[108.0676,15.3989],[108.0716,15.3954],[108.081,15.394],[108.0845,15.392],[108.0865,15.3921],[108.0925,15.3966],[108.0932,15.3984],[108.0991,15.4021],[108.0976,15.404],[108.0961,15.4095],[108.0957,15.4159],[108.0966,15.4182],[108.101,15.419],[108.1032,15.4236],[108.1025,15.4254],[108.1078,15.4321],[108.1155,15.4342],[108.1194,15.4314],[108.1206,15.4291],[108.1239,15.4277],[108.1247,15.4296],[108.1289,15.4309],[108.1347,15.4343],[108.1336,15.4366],[108.135,15.44],[108.1377,15.4404],[108.1428,15.4443],[108.1486,15.4502],[108.1481,15.4578],[108.1482,15.4644],[108.1511,15.4745],[108.1489,15.4767],[108.1455,15.4779],[108.1408,15.4835],[108.1357,15.4864],[108.1307,15.4843],[108.1288,15.4848],[108.1264,15.4885],[108.1274,15.4911],[108.1303,15.4934],[108.1328,15.498],[108.133,15.5015]]]},"properties":{"ma_xa":"20770","ten_xa":"Phước Trà","sap_nhap":"Sông Trà, Phước Gia, Phước Trà","tru_so":"đang cập nhật","loai":"Xã","cap":2,"stt":89,"dtich_km2":196.22,"dan_so":6933,"matdo_km2":35.33,"ma_tinh":"48","ten_tinh":"Đà Nẵng"}},
{"type":"Feature","geometry":{"type":"Polygon","coordinates":[[[108.5567,15.587],[108.5467,15.5997],[108.5459,15.6015],[108.5327,15.6193],[108.5216,15.6349],[108.5144,15.6458],[108.5061,15.6424],[108.5079,15.6388],[108.5104,15.6367],[108.5176,15.6326],[108.5184,15.628],[108.5209,15.6218],[108.5242,15.6171],[108.5165,15.611],[108.5116,15.6158],[108.5077,15.6225],[108.5,15.6175],[108.4971,15.6111],[108.4943,15.6098],[108.4895,15.6047],[108.4857,15.6067],[108.483,15.6069],[108.4754,15.6037],[108.4759,15.6025],[108.4734,15.5992],[108.4724,15.5951],[108.473,15.5929],[108.4715,15.5909],[108.4758,15.5902],[108.4785,15.5871],[108.4856,15.5876],[108.49,15.5858],[108.4929,15.5837],[108.4917,15.5824],[108.4919,15.5767],[108.4929,15.5731],[108.489,15.5711],[108.4933,15.5689],[108.4957,15.5706],[108.5022,15.567],[108.5101,15.5667],[108.5123,15.5703],[108.5147,15.572],[108.5202,15.5729],[108.5226,15.57],[108.5244,15.5694],[108.5289,15.5701],[108.5325,15.569],[108.5361,15.5649],[108.538,15.5683],[108.5424,15.5729],[108.5467,15.5763],[108.5418,15.5828],[108.5483,15.5877],[108.549,15.5857],[108.5516,15.5835],[108.5567,15.587]]]},"properties":{"ma_xa":"20356","ten_xa":"Quảng Phú","sap_nhap":"An Phú, Tam Thanh, Tam Phú ","tru_so":"đang cập nhật","loai":"Phường","cap":2,"stt":24,"dtich_km2":36.21,"dan_so":29401,"matdo_km2":811.96,"ma_tinh":"48","ten_tinh":"Đà Nẵng"}},
{"type":"Feature","geometry":{"type":"Polygon","coordinates":[[[107.9284,15.7358],[107.9269,15.7363],[107.9206,15.7412],[107.9157,15.7404],[107.9084,15.7408],[107.9024,15.7432],[107.8974,15.7459],[107.8949,15.7429],[107.8921,15.7428],[107.8857,15.7393],[107.8862,15.7354],[107.8879,15.7325],[107.8866,15.7286],[107.8839,15.7257],[107.885,15.7224],[107.8832,15.7186],[107.8837,15.7145],[107.8786,15.7118],[107.8785,15.7073],[107.8797,15.7048],[107.8785,15.7033],[107.872,15.7027],[107.8694,15.6982],[107.8664,15.6979],[107.8643,15.6951],[107.8611,15.6965],[107.8555,15.6928],[107.8534,15.6894],[107.8499,15.6881],[107.8462,15.6885],[107.838,15.6877],[107.8387,15.6853],[107.8374,15.6827],[107.8425,15.6796],[107.8482,15.6736],[107.8517,15.6689],[107.8521,15.6665],[107.8545,15.6639],[107.8557,15.6603],[107.8582,15.6598],[107.8637,15.6551],[107.8663,15.652],[107.8668,15.6496],[107.8749,15.649],[107.8735,15.6441],[107.8786,15.6411],[107.8787,15.638],[107.8774,15.6357],[107.8824,15.6313],[107.8854,15.6223],[107.8828,15.6168],[107.8798,15.615],[107.8771,15.6104],[107.8733,15.6092],[107.8709,15.6074],[107.8696,15.6023],[107.8698,15.5986],[107.8668,15.5977],[107.865,15.5949],[107.8649,15.5921],[107.8672,15.5907],[107.8677,15.5796],[107.8614,15.5809],[107.857,15.5781],[107.8544,15.5783],[107.8523,15.5752],[107.8536,15.5732],[107.853,15.5695],[107.8543,15.5675],[107.8532,15.5655],[107.8598,15.5578],[107.8564,15.5554],[107.8542,15.551],[107.862,15.5449],[107.8623,15.54],[107.8646,15.5384],[107.8664,15.5389],[107.8718,15.5381],[107.873,15.5412],[107.8765,15.5413],[107.8785,15.5428],[107.8781,15.5453],[107.8834,15.5478],[107.8872,15.5487],[107.8894,15.5473],[107.8945,15.5479],[107.8967,15.5463],[107.9009,15.5451],[107.9058,15.5401],[107.9101,15.54],[107.9116,15.5422],[107.9153,15.5417],[107.9182,15.5471],[107.9164,15.5512],[107.9196,15.552],[107.9196,15.555],[107.9242,15.5568],[107.9251,15.5584],[107.9305,15.5606],[107.9322,15.5623],[107.9355,15.5626],[107.9391,15.5617],[107.9443,15.5637],[107.9482,15.5629],[107.95,15.5639],[107.9558,15.5646],[107.96,15.5636],[107.9622,15.5658],[107.9669,15.568],[107.9724,15.572],[107.9758,15.5772],[107.9783,15.5799],[107.9785,15.5826],[107.9812,15.5868],[107.984,15.589],[107.9867,15.5898],[107.9915,15.5931],[107.9937,15.5931],[107.9978,15.5973],[107.9983,15.5989],[108.0047,15.6036],[108.0058,15.6063],[108.0087,15.6062],[108.0138,15.6084],[108.0166,15.6079],[108.023,15.6113],[108.0246,15.6129],[108.026,15.6168],[108.0323,15.6155],[108.0325,15.6167],[108.0367,15.6191],[108.045,15.6215],[108.0508,15.6209],[108.0525,15.6242],[108.0558,15.6262],[108.0611,15.6263],[108.0622,15.6275],[108.0671,15.629],[108.0711,15.6288],[108.0719,15.6312],[108.0773,15.633],[108.0798,15.6356],[108.0854,15.6351],[108.0949,15.6402],[108.0957,15.6423],[108.0929,15.6445],[108.0932,15.6487],[108.0946,15.6521],[108.0981,15.6552],[108.0975,15.6587],[108.0997,15.6615],[108.098,15.6659],[108.0944,15.6693],[108.0862,15.6745],[108.0804,15.6801],[108.0795,15.6823],[108.0749,15.6848],[108.0721,15.6853],[108.0677,15.692],[108.0596,15.6933],[108.0567,15.6951],[108.0554,15.6974],[108.0494,15.7014],[108.0468,15.702],[108.0417,15.7012],[108.038,15.7024],[108.0311,15.7029],[108.029,15.7017],[108.0247,15.7023],[108.0224,15.7049],[108.022,15.7098],[108.0201,15.7135],[108.0154,15.7197],[108.0143,15.7233],[108.0125,15.7254],[108.0075,15.7292],[108.0065,15.7308],[108.0029,15.7331],[107.9983,15.7317],[107.9943,15.7278],[107.9891,15.7283],[107.9869,15.7251],[107.9834,15.7247],[107.977,15.7254],[107.9697,15.7251],[107.967,15.721],[107.9636,15.7199],[107.9607,15.724],[107.9576,15.7262],[107.9542,15.7303],[107.9512,15.7288],[107.9475,15.7253],[107.9411,15.7259],[107.929,15.7308],[107.9309,15.733],[107.9284,15.7358]]]},"properties":{"ma_xa":"20669","ten_xa":"Quế Phước","sap_nhap":"Quế Lâm, Phước Ninh, Ninh Phước","tru_so":"đang cập nhật","loai":"Xã","cap":2,"stt":54,"dtich_km2":359.11,"dan_so":14162,"matdo_km2":39.44,"ma_tinh":"48","ten_tinh":"Đà Nẵng"}},
{"type":"Feature","geometry":{"type":"Polygon","coordinates":[[[108.2484,15.6537],[108.2471,15.6588],[108.2476,15.6604],[108.2461,15.6649],[108.241,15.6694],[108.2399,15.6717],[108.24,15.6751],[108.2421,15.6776],[108.2403,15.6797],[108.2373,15.68],[108.2362,15.6824],[108.2403,15.6867],[108.2381,15.6899],[108.2391,15.695],[108.2374,15.6989],[108.2382,15.7003],[108.2342,15.7026],[108.2331,15.7004],[108.2281,15.7005],[108.2239,15.6992],[108.2159,15.7006],[108.2134,15.7027],[108.2085,15.6996],[108.2067,15.7004],[108.2026,15.6974],[108.1976,15.6995],[108.1948,15.7044],[108.1942,15.7068],[108.1917,15.7085],[108.1852,15.7111],[108.1808,15.7113],[108.1784,15.7133],[108.1746,15.7123],[108.1679,15.7146],[108.1666,15.7085],[108.1676,15.7055],[108.1672,15.7025],[108.1593,15.6912],[108.1579,15.6859],[108.1532,15.6851],[108.1509,15.6814],[108.15,15.6768],[108.1463,15.6724],[108.1459,15.6709],[108.142,15.6669],[108.1379,15.6658],[108.1347,15.6622],[108.134,15.6598],[108.1308,15.6588],[108.1219,15.6496],[108.1196,15.6441],[108.121,15.6427],[108.1273,15.643],[108.1306,15.6405],[108.131,15.6371],[108.139,15.6318],[108.1411,15.6282],[108.1435,15.628],[108.146,15.6252],[108.148,15.6261],[108.1533,15.623],[108.1553,15.6198],[108.16,15.6193],[108.1616,15.6226],[108.1662,15.6226],[108.1691,15.6234],[108.1735,15.6204],[108.1772,15.6199],[108.1789,15.6217],[108.1824,15.6203],[108.1852,15.6208],[108.1875,15.6226],[108.1919,15.6238],[108.197,15.6222],[108.2057,15.6216],[108.2087,15.6208],[108.2144,15.6212],[108.2176,15.6227],[108.2201,15.6229],[108.2248,15.6267],[108.2303,15.6341],[108.2339,15.6351],[108.2362,15.6394],[108.2384,15.6401],[108.2415,15.6456],[108.2463,15.6453],[108.249,15.6467],[108.2497,15.6488],[108.2484,15.6537]]]},"properties":{"ma_xa":"20641","ten_xa":"Quế Sơn","sap_nhap":"Đông Phú, Quế Minh, Quế An, Quế Long, Quế Phong ","tru_so":"đang cập nhật","loai":"Xã","cap":2,"stt":51,"dtich_km2":94.1,"dan_so":34122,"matdo_km2":362.61,"ma_tinh":"48","ten_tinh":"Đà Nẵng"}},
{"type":"Feature","geometry":{"type":"Polygon","coordinates":[[[108.3361,15.7656],[108.332,15.773],[108.3258,15.7731],[108.3195,15.7672],[108.3168,15.7679],[108.3121,15.7661],[108.3074,15.7674],[108.2898,15.7593],[108.2916,15.7572],[108.2883,15.7548],[108.2841,15.7554],[108.276,15.7539],[108.2737,15.7528],[108.2695,15.7539],[108.2681,15.758],[108.261,15.7658],[108.261,15.7643],[108.2558,15.7616],[108.2528,15.7587],[108.2525,15.757],[108.246,15.7542],[108.2409,15.7529],[108.2287,15.7433],[108.2264,15.7429],[108.2234,15.7399],[108.217,15.7382],[108.2126,15.7392],[108.2093,15.7392],[108.208,15.742],[108.2033,15.7462],[108.1971,15.7474],[108.1927,15.7445],[108.1931,15.7389],[108.1905,15.7373],[108.1878,15.734],[108.1835,15.7338],[108.1822,15.7362],[108.1754,15.7317],[108.1721,15.7267],[108.171,15.7207],[108.1679,15.7146],[108.1746,15.7123],[108.1784,15.7133],[108.1808,15.7113],[108.1852,15.7111],[108.1917,15.7085],[108.1942,15.7068],[108.1948,15.7044],[108.1976,15.6995],[108.2026,15.6974],[108.2067,15.7004],[108.2085,15.6996],[108.2134,15.7027],[108.2159,15.7006],[108.2239,15.6992],[108.2281,15.7005],[108.2331,15.7004],[108.2342,15.7026],[108.2382,15.7003],[108.2374,15.6989],[108.2391,15.695],[108.2381,15.6899],[108.2403,15.6867],[108.2362,15.6824],[108.2373,15.68],[108.2403,15.6797],[108.2421,15.6776],[108.24,15.6751],[108.2399,15.6717],[108.241,15.6694],[108.2461,15.6649],[108.2476,15.6604],[108.2471,15.6588],[108.2484,15.6537],[108.2532,15.6546],[108.2559,15.6558],[108.2605,15.6549],[108.2615,15.6571],[108.2603,15.6595],[108.2651,15.6622],[108.268,15.6667],[108.2715,15.6689],[108.2767,15.6737],[108.2838,15.6771],[108.2849,15.6795],[108.2874,15.6804],[108.2872,15.6862],[108.2839,15.6841],[108.2796,15.6849],[108.2796,15.6884],[108.2764,15.6897],[108.2753,15.6975],[108.2813,15.7009],[108.287,15.7026],[108.2967,15.701],[108.2996,15.698],[108.3072,15.6938],[108.3105,15.6982],[108.3124,15.6994],[108.3162,15.6993],[108.3178,15.7002],[108.3185,15.706],[108.3199,15.7111],[108.3225,15.7131],[108.3243,15.7163],[108.3246,15.7198],[108.3227,15.725],[108.3231,15.7298],[108.3263,15.7369],[108.3288,15.7386],[108.3288,15.7407],[108.331,15.7452],[108.3302,15.7483],[108.3339,15.7534],[108.3364,15.7599],[108.3361,15.7656]]]},"properties":{"ma_xa":"20662","ten_xa":"Quế Sơn Trung","sap_nhap":"Quế Mỹ, Quế Hiệp, Quế Thuận, Quế Châu","tru_so":"đang cập nhật","loai":"Xã","cap":2,"stt":50,"dtich_km2":111.37,"dan_so":33300,"matdo_km2":299,"ma_tinh":"48","ten_tinh":"Đà Nẵng"}},
{"type":"Feature","geometry":{"type":"Polygon","coordinates":[[[108.3227,15.5857],[108.321,15.5853],[108.3151,15.586],[108.3124,15.5886],[108.3094,15.5887],[108.3047,15.5862],[108.3028,15.5839],[108.2997,15.5838],[108.296,15.5863],[108.295,15.588],[108.2961,15.5961],[108.2936,15.6037],[108.2871,15.6023],[108.2824,15.6024],[108.2785,15.6011],[108.2773,15.5987],[108.2731,15.5981],[108.2719,15.5967],[108.265,15.5934],[108.2611,15.5909],[108.2583,15.5913],[108.253,15.5903],[108.2442,15.5873],[108.2413,15.5838],[108.2374,15.5821],[108.2362,15.5774],[108.2328,15.5782],[108.2283,15.5745],[108.2214,15.572],[108.2183,15.573],[108.2167,15.5661],[108.2196,15.5654],[108.2203,15.5614],[108.2165,15.5615],[108.2105,15.5574],[108.208,15.5577],[108.2043,15.5542],[108.207,15.5515],[108.2048,15.5495],[108.2055,15.5447],[108.2017,15.5435],[108.2017,15.5403],[108.2037,15.5359],[108.2012,15.5336],[108.2045,15.531],[108.2049,15.5291],[108.2085,15.5285],[108.2127,15.5261],[108.2124,15.524],[108.2154,15.516],[108.2162,15.5108],[108.2148,15.5077],[108.2182,15.5014],[108.2173,15.4993],[108.2212,15.4957],[108.2288,15.4924],[108.2314,15.4937],[108.2353,15.4911],[108.2381,15.4901],[108.2406,15.4872],[108.2415,15.4834],[108.244,15.4841],[108.2472,15.4812],[108.2479,15.4777],[108.2529,15.4745],[108.2552,15.4744],[108.2594,15.472],[108.2643,15.4752],[108.2714,15.4779],[108.2771,15.478],[108.2751,15.4838],[108.2741,15.4892],[108.2726,15.4909],[108.2767,15.4928],[108.2818,15.4958],[108.2864,15.4943],[108.2866,15.4964],[108.291,15.4963],[108.2906,15.4998],[108.2924,15.5048],[108.2962,15.5044],[108.3065,15.506],[108.3077,15.5084],[108.3023,15.5135],[108.3014,15.518],[108.3032,15.5195],[108.302,15.5245],[108.3048,15.5278],[108.3031,15.5292],[108.3026,15.5336],[108.3056,15.5354],[108.3091,15.5408],[108.3119,15.5418],[108.3139,15.5438],[108.3208,15.5463],[108.3199,15.5489],[108.3231,15.5528],[108.3233,15.557],[108.3225,15.5617],[108.3197,15.5642],[108.3231,15.5698],[108.3288,15.5746],[108.3303,15.577],[108.328,15.5815],[108.3254,15.582],[108.3243,15.585],[108.3227,15.5857]]]},"properties":{"ma_xa":"20857","ten_xa":"Sơn Cẩm Hà","sap_nhap":"Tiên Sơn, Tiên Hà, Tiên Châu","tru_so":"đang cập nhật","loai":"Xã","cap":2,"stt":33,"dtich_km2":118.75,"dan_so":17608,"matdo_km2":148.28,"ma_tinh":"48","ten_tinh":"Đà Nẵng"}},
{"type":"Feature","geometry":{"type":"Polygon","coordinates":[[[108.2476,16.08],[108.2488,16.0857],[108.2518,16.0918],[108.2528,16.0953],[108.2553,16.0989],[108.2608,16.1019],[108.2644,16.1],[108.2682,16.0953],[108.2702,16.0977],[108.2737,16.0988],[108.2768,16.0973],[108.2802,16.0973],[108.2861,16.1037],[108.2918,16.1057],[108.2947,16.1057],[108.2999,16.1039],[108.3006,16.0989],[108.3029,16.0968],[108.3063,16.0958],[108.3099,16.0981],[108.3092,16.105],[108.3103,16.1102],[108.3114,16.1122],[108.3169,16.1132],[108.3208,16.1167],[108.3264,16.1153],[108.3297,16.1163],[108.3319,16.1183],[108.3379,16.1177],[108.3379,16.1212],[108.3361,16.1221],[108.3334,16.1259],[108.331,16.128],[108.3297,16.1316],[108.3257,16.1373],[108.324,16.1407],[108.3207,16.1432],[108.3164,16.1447],[108.3123,16.1404],[108.3127,16.1358],[108.3099,16.1319],[108.3096,16.1295],[108.3104,16.125],[108.3055,16.1231],[108.303,16.1247],[108.3002,16.125],[108.2972,16.1282],[108.2965,16.1306],[108.2931,16.134],[108.2878,16.1369],[108.2829,16.1377],[108.2787,16.1362],[108.275,16.1332],[108.2708,16.1352],[108.2697,16.14],[108.2655,16.142],[108.2628,16.1453],[108.2604,16.151],[108.2563,16.1538],[108.2516,16.1545],[108.2492,16.1556],[108.2458,16.1548],[108.2418,16.1517],[108.2398,16.1491],[108.234,16.1476],[108.2319,16.15],[108.2301,16.1491],[108.2316,16.1458],[108.2317,16.1424],[108.2295,16.1412],[108.2295,16.1375],[108.2273,16.1342],[108.222,16.1313],[108.2205,16.1287],[108.2205,16.1246],[108.2164,16.1251],[108.2137,16.1224],[108.2179,16.1101],[108.22,16.1087],[108.2219,16.0959],[108.2256,16.0849],[108.2264,16.0787],[108.2296,16.0788],[108.2296,16.0835],[108.2326,16.0847],[108.2368,16.0889],[108.24,16.086],[108.246,16.0832],[108.2449,16.0804],[108.2476,16.08]]]},"properties":{"ma_xa":"20263","ten_xa":"Sơn Trà","sap_nhap":"Thọ Quang, Nại Hiên Đông, Mân Thái ","tru_so":"đang cập nhật","loai":"Phường","cap":2,"stt":6,"dtich_km2":56.03,"dan_so":86890,"matdo_km2":1550.78,"ma_tinh":"48","ten_tinh":"Đà Nẵng"}},
{"type":"Feature","geometry":{"type":"Polygon","coordinates":[[[107.8163,16.054],[107.8128,16.0527],[107.8085,16.0532],[107.8026,16.0581],[107.8011,16.0607],[107.7931,16.0641],[107.7889,16.0677],[107.7871,16.0679],[107.7829,16.0647],[107.7816,16.0624],[107.7769,16.0655],[107.7752,16.0646],[107.7752,16.0601],[107.7707,16.0557],[107.7701,16.0519],[107.7671,16.0515],[107.7615,16.0495],[107.7573,16.0434],[107.7497,16.043],[107.7438,16.0415],[107.7409,16.0388],[107.739,16.0386],[107.7337,16.0359],[107.7301,16.0318],[107.7268,16.0306],[107.7256,16.0275],[107.7277,16.0242],[107.7282,16.0187],[107.7265,16.0154],[107.7273,16.0133],[107.7246,16.0082],[107.7263,16.0043],[107.7278,15.9984],[107.7371,15.9939],[107.739,15.9904],[107.7354,15.9854],[107.733,15.9864],[107.7294,15.9851],[107.7262,15.9782],[107.7223,15.9774],[107.7169,15.9746],[107.7197,15.9696],[107.7175,15.9651],[107.715,15.9642],[107.7105,15.9578],[107.7088,15.9534],[107.7096,15.9478],[107.7113,15.9461],[107.7122,15.9408],[107.7103,15.9374],[107.7116,15.9342],[107.7118,15.9304],[107.7135,15.9297],[107.719,15.9244],[107.7178,15.9201],[107.7154,15.9175],[107.7174,15.9132],[107.7179,15.9054],[107.7192,15.9038],[107.722,15.9058],[107.7287,15.9069],[107.7339,15.9035],[107.7355,15.9036],[107.7409,15.9017],[107.7471,15.8984],[107.7471,15.8954],[107.7522,15.8867],[107.7566,15.8873],[107.7586,15.8893],[107.7615,15.8882],[107.7636,15.8896],[107.7674,15.8948],[107.7713,15.8977],[107.7766,15.8992],[107.7786,15.8991],[107.7816,15.9022],[107.7907,15.9028],[107.7933,15.9059],[107.7947,15.9092],[107.8003,15.9077],[107.8038,15.9124],[107.8086,15.9159],[107.8174,15.9191],[107.8201,15.9234],[107.8233,15.9309],[107.8232,15.9326],[107.8267,15.9333],[107.8314,15.9356],[107.8363,15.9354],[107.8398,15.938],[107.8495,15.9354],[107.8525,15.9342],[107.858,15.937],[107.8607,15.9372],[107.8653,15.9346],[107.8674,15.9353],[107.8678,15.9417],[107.8656,15.9441],[107.8638,15.953],[107.8615,15.9542],[107.8593,15.9582],[107.8572,15.9578],[107.8581,15.9629],[107.8556,15.9672],[107.856,15.9706],[107.8585,15.9726],[107.8588,15.9749],[107.855,15.9798],[107.8578,15.9837],[107.8597,15.9887],[107.8601,15.9944],[107.8583,15.9951],[107.8542,15.9994],[107.8535,16.0051],[107.854,16.0081],[107.847,16.0083],[107.8437,16.0109],[107.842,16.015],[107.8385,16.0174],[107.8374,16.0197],[107.8346,16.0217],[107.8314,16.0229],[107.8284,16.0314],[107.8288,16.0364],[107.8275,16.0389],[107.8193,16.0389],[107.8189,16.046],[107.8175,16.0488],[107.8163,16.054]]]},"properties":{"ma_xa":"20476","ten_xa":"Sông Kôn","sap_nhap":"A Ting, Jơ Ngây, Sông Kôn","tru_so":"đang cập nhật","loai":"Xã","cap":2,"stt":81,"dtich_km2":212.94,"dan_so":8746,"matdo_km2":41.07,"ma_tinh":"48","ten_tinh":"Đà Nẵng"}},
{"type":"Feature","geometry":{"type":"Polygon","coordinates":[[[107.9611,16.0644],[107.9584,16.0646],[107.954,16.0634],[107.9433,16.0593],[107.9338,16.0545],[107.9326,16.0534],[107.9213,16.0476],[107.9178,16.0462],[107.913,16.0431],[107.9058,16.0367],[107.9015,16.0336],[107.8986,16.0366],[107.8973,16.0391],[107.8931,16.0401],[107.8922,16.0477],[107.8878,16.0482],[107.8861,16.0473],[107.8833,16.0488],[107.8808,16.0515],[107.8756,16.0517],[107.8718,16.054],[107.8674,16.0593],[107.8656,16.0589],[107.8627,16.0619],[107.8562,16.0604],[107.8524,16.0614],[107.8502,16.0589],[107.8479,16.0603],[107.8439,16.061],[107.8399,16.0604],[107.8338,16.057],[107.8318,16.0545],[107.8222,16.056],[107.8167,16.0552],[107.8163,16.054],[107.8175,16.0488],[107.8189,16.046],[107.8193,16.0389],[107.8275,16.0389],[107.8288,16.0364],[107.8284,16.0314],[107.8314,16.0229],[107.8346,16.0217],[107.8374,16.0197],[107.8385,16.0174],[107.842,16.015],[107.8437,16.0109],[107.847,16.0083],[107.854,16.0081],[107.8535,16.0051],[107.8542,15.9994],[107.8583,15.9951],[107.8601,15.9944],[107.8597,15.9887],[107.8578,15.9837],[107.855,15.9798],[107.8588,15.9749],[107.8585,15.9726],[107.856,15.9706],[107.8556,15.9672],[107.8581,15.9629],[107.8572,15.9578],[107.8593,15.9582],[107.8615,15.9542],[107.8638,15.953],[107.8656,15.9441],[107.8678,15.9417],[107.8674,15.9353],[107.8689,15.932],[107.8768,15.9306],[107.8851,15.9308],[107.8894,15.9271],[107.8911,15.9242],[107.8955,15.921],[107.8971,15.9181],[107.8997,15.9165],[107.9111,15.9123],[107.9137,15.9107],[107.9173,15.9111],[107.9217,15.9127],[107.9258,15.9115],[107.9305,15.9131],[107.9324,15.9164],[107.9322,15.9228],[107.9409,15.9189],[107.9477,15.9202],[107.9537,15.9225],[107.9561,15.9219],[107.9606,15.922],[107.9684,15.9259],[107.9709,15.9242],[107.9723,15.9214],[107.9763,15.9191],[107.9809,15.9182],[107.9841,15.9193],[107.9817,15.92],[107.976,15.9254],[107.964,15.9337],[107.9572,15.9419],[107.9548,15.9425],[107.9519,15.9473],[107.9494,15.9487],[107.9526,15.9571],[107.9558,15.9585],[107.9563,15.9642],[107.9551,15.9657],[107.9569,15.9688],[107.9605,15.9706],[107.9622,15.973],[107.9715,15.9787],[107.9743,15.9833],[107.9785,15.9861],[107.981,15.9887],[107.9805,15.9935],[107.9819,15.9967],[107.9808,15.9996],[107.9823,16.003],[107.9813,16.0058],[107.9835,16.0119],[107.9778,16.0139],[107.973,16.0185],[107.97,16.0201],[107.9698,16.0258],[107.9684,16.0281],[107.9659,16.0291],[107.9636,16.0315],[107.9612,16.0324],[107.9598,16.0359],[107.9581,16.0369],[107.9585,16.0485],[107.9607,16.0532],[107.9616,16.06],[107.9611,16.0644]]]},"properties":{"ma_xa":"20485","ten_xa":"Sông Vàng","sap_nhap":"xã Tư, xã Ba","tru_so":"đang cập nhật","loai":"Xã","cap":2,"stt":80,"dtich_km2":183.63,"dan_so":7024,"matdo_km2":38.25,"ma_tinh":"48","ten_tinh":"Đà Nẵng"}},
{"type":"Feature","geometry":{"type":"Polygon","coordinates":[[[108.6042,15.53],[108.5963,15.5245],[108.5977,15.5221],[108.5948,15.5177],[108.5935,15.517],[108.5903,15.5184],[108.5888,15.5224],[108.5861,15.5245],[108.5756,15.5313],[108.5718,15.5324],[108.5693,15.5296],[108.5641,15.528],[108.5583,15.5276],[108.5542,15.5244],[108.55,15.5235],[108.545,15.5248],[108.5424,15.5219],[108.5436,15.5161],[108.5421,15.5137],[108.5381,15.5118],[108.5361,15.5071],[108.5391,15.5011],[108.5375,15.4981],[108.5381,15.4954],[108.5354,15.4937],[108.5358,15.491],[108.5341,15.4889],[108.5327,15.4834],[108.5373,15.482],[108.5382,15.4802],[108.5362,15.4762],[108.5379,15.4728],[108.5429,15.4724],[108.546,15.4691],[108.5502,15.4672],[108.5518,15.4641],[108.5544,15.4622],[108.5589,15.4567],[108.5616,15.4548],[108.5621,15.4527],[108.5674,15.4467],[108.5707,15.4449],[108.5794,15.4354],[108.5815,15.4366],[108.5829,15.4346],[108.5855,15.44],[108.5854,15.4423],[108.5877,15.447],[108.5904,15.4481],[108.593,15.4535],[108.5978,15.4582],[108.5993,15.4557],[108.6016,15.4562],[108.6011,15.4601],[108.5979,15.4615],[108.6011,15.467],[108.6052,15.4685],[108.6052,15.4712],[108.6021,15.4728],[108.6047,15.4765],[108.6065,15.4818],[108.6107,15.4844],[108.6135,15.4835],[108.618,15.4787],[108.6278,15.4795],[108.6276,15.4814],[108.631,15.4874],[108.634,15.4869],[108.6353,15.4925],[108.6397,15.502],[108.6331,15.5048],[108.6215,15.512],[108.6143,15.5182],[108.6042,15.53]]]},"properties":{"ma_xa":"20984","ten_xa":"Tam Anh","sap_nhap":"Tam Hòa, Tam Anh Bắc, Tam Anh Nam","tru_so":"đang cập nhật","loai":"Xã","cap":2,"stt":19,"dtich_km2":68.84,"dan_so":31026,"matdo_km2":450.7,"ma_tinh":"48","ten_tinh":"Đà Nẵng"}},
{"type":"Feature","geometry":{"type":"MultiPolygon","coordinates":[[[[108.6806,15.4821],[108.6778,15.4811],[108.6754,15.4847],[108.6734,15.4916],[108.6743,15.4961],[108.677,15.5032],[108.679,15.506],[108.6824,15.506],[108.6792,15.5114],[108.6744,15.5153],[108.673,15.5136],[108.6751,15.5092],[108.6718,15.5034],[108.6682,15.501],[108.6635,15.4992],[108.6629,15.4971],[108.6593,15.4958],[108.6568,15.4982],[108.6538,15.4983],[108.6435,15.5006],[108.6397,15.502],[108.6353,15.4925],[108.634,15.4869],[108.631,15.4874],[108.6276,15.4814],[108.6278,15.4795],[108.646,15.4753],[108.6485,15.4756],[108.6594,15.4793],[108.6647,15.4787],[108.6681,15.4771],[108.6724,15.4741],[108.6768,15.4724],[108.6819,15.474],[108.6839,15.4783],[108.6806,15.4821]]],[[[108.6941,15.8163],[108.692,15.8164],[108.6904,15.8123],[108.6933,15.8111],[108.6969,15.8114],[108.6974,15.8146],[108.6941,15.8163]]]]},"properties":{"ma_xa":"20992","ten_xa":"Tam Hải","sap_nhap":"Không sắp xếp","tru_so":"đang cập nhật","loai":"Xã","cap":2,"stt":22,"dtich_km2":13.32,"dan_so":10312,"matdo_km2":774.17,"ma_tinh":"48","ten_tinh":"Đà Nẵng"}},
{"type":"Feature","geometry":{"type":"Polygon","coordinates":[[[108.489,15.5711],[108.4866,15.5735],[108.4844,15.5721],[108.4824,15.5736],[108.4741,15.5726],[108.4685,15.5654],[108.473,15.563],[108.4721,15.5616],[108.4689,15.5612],[108.4694,15.559],[108.4617,15.557],[108.4596,15.5547],[108.4567,15.555],[108.4598,15.5509],[108.4645,15.5499],[108.4694,15.5459],[108.4701,15.5414],[108.4741,15.5411],[108.4799,15.5428],[108.4826,15.5465],[108.4909,15.5486],[108.4926,15.5496],[108.4866,15.5564],[108.4908,15.5624],[108.4941,15.5655],[108.497,15.5634],[108.498,15.5662],[108.5022,15.567],[108.4957,15.5706],[108.4933,15.5689],[108.489,15.5711]]]},"properties":{"ma_xa":"20341","ten_xa":"Tam Kỳ","sap_nhap":"An Mỹ, An Xuân, Trường Xuân","tru_so":"đang cập nhật","loai":"Phường","cap":2,"stt":23,"dtich_km2":8.36,"dan_so":44075,"matdo_km2":5272.13,"ma_tinh":"48","ten_tinh":"Đà Nẵng"}},
{"type":"Feature","geometry":{"type":"Polygon","coordinates":[[[108.6551,15.3688],[108.6548,15.374],[108.6583,15.38],[108.6581,15.3847],[108.6548,15.3847],[108.6557,15.3884],[108.659,15.3908],[108.6589,15.3942],[108.6559,15.3948],[108.6531,15.3977],[108.6521,15.4036],[108.6526,15.4048],[108.6578,15.4041],[108.6592,15.4071],[108.6584,15.4097],[108.6603,15.4159],[108.6511,15.4218],[108.6492,15.419],[108.6454,15.4175],[108.6435,15.4204],[108.6381,15.4215],[108.6381,15.424],[108.6344,15.424],[108.6314,15.4217],[108.6289,15.4227],[108.6274,15.4212],[108.627,15.4182],[108.6234,15.4177],[108.6207,15.4189],[108.6229,15.4217],[108.6176,15.4233],[108.6138,15.4272],[108.6115,15.4273],[108.6066,15.424],[108.6056,15.4193],[108.6031,15.4208],[108.596,15.4228],[108.5889,15.4192],[108.5893,15.4163],[108.5925,15.4112],[108.5883,15.4044],[108.5821,15.4019],[108.5777,15.3973],[108.5709,15.395],[108.5678,15.3979],[108.5626,15.3973],[108.5579,15.3968],[108.5566,15.3954],[108.5528,15.3968],[108.548,15.4009],[108.5452,15.4016],[108.5385,15.4007],[108.5353,15.406],[108.5335,15.407],[108.5264,15.4061],[108.5233,15.4084],[108.5171,15.4056],[108.5141,15.4076],[108.5122,15.4063],[108.5081,15.4106],[108.5045,15.4074],[108.5017,15.408],[108.4991,15.4066],[108.4991,15.4029],[108.497,15.402],[108.4925,15.4043],[108.4911,15.4036],[108.4853,15.4057],[108.4804,15.4056],[108.4778,15.4039],[108.4733,15.4058],[108.4682,15.4066],[108.4659,15.4035],[108.4663,15.3998],[108.4665,15.3981],[108.4642,15.395],[108.4685,15.3851],[108.4676,15.3838],[108.4673,15.3761],[108.4683,15.3712],[108.4695,15.3697],[108.4679,15.3667],[108.4674,15.3573],[108.4643,15.3552],[108.4634,15.3499],[108.4587,15.3487],[108.4562,15.346],[108.4552,15.3435],[108.4563,15.3399],[108.4529,15.3368],[108.4498,15.3366],[108.4471,15.3341],[108.4455,15.3342],[108.4422,15.3318],[108.4392,15.3315],[108.4365,15.3292],[108.433,15.3285],[108.4285,15.3253],[108.4281,15.3222],[108.4305,15.3256],[108.4341,15.3259],[108.4355,15.3217],[108.4357,15.3165],[108.4374,15.3134],[108.4443,15.3119],[108.4482,15.312],[108.4506,15.31],[108.4581,15.3105],[108.4607,15.3095],[108.4642,15.3096],[108.4684,15.3107],[108.4704,15.3098],[108.4772,15.3117],[108.4785,15.3094],[108.4808,15.3081],[108.4859,15.3084],[108.4885,15.3113],[108.4946,15.3147],[108.497,15.3184],[108.4977,15.3221],[108.4993,15.3239],[108.5025,15.3252],[108.508,15.3261],[108.5139,15.3231],[108.5155,15.3217],[108.5196,15.3228],[108.5257,15.3201],[108.5287,15.3236],[108.5332,15.3276],[108.5332,15.3316],[108.5378,15.3305],[108.5434,15.3329],[108.5441,15.3346],[108.5498,15.335],[108.5525,15.3366],[108.5564,15.3344],[108.5591,15.3342],[108.5628,15.3357],[108.577,15.3439],[108.5803,15.3453],[108.5867,15.3433],[108.5874,15.3419],[108.5919,15.3468],[108.5966,15.344],[108.6027,15.3457],[108.6018,15.3501],[108.603,15.3525],[108.6151,15.3531],[108.6227,15.3576],[108.6282,15.3561],[108.6328,15.3599],[108.6344,15.363],[108.6402,15.3642],[108.6419,15.3679],[108.6448,15.3681],[108.6487,15.3662],[108.6551,15.3688]]]},"properties":{"ma_xa":"21004","ten_xa":"Tam Mỹ","sap_nhap":"Tam Mỹ Đông, Tam Mỹ Tây, Tam Trà","tru_so":"đang cập nhật","loai":"Xã","cap":2,"stt":18,"dtich_km2":173.14,"dan_so":18064,"matdo_km2":104.33,"ma_tinh":"48","ten_tinh":"Đà Nẵng"}},
{"type":"Feature","geometry":{"type":"Polygon","coordinates":[[[108.5567,15.587],[108.5516,15.5835],[108.549,15.5857],[108.5483,15.5877],[108.5418,15.5828],[108.5467,15.5763],[108.5424,15.5729],[108.538,15.5683],[108.5361,15.5649],[108.5325,15.569],[108.5289,15.5701],[108.5244,15.5694],[108.5239,15.5665],[108.5244,15.5604],[108.5204,15.5553],[108.5131,15.5528],[108.5042,15.5548],[108.5021,15.5524],[108.5018,15.5463],[108.4974,15.5417],[108.4956,15.5384],[108.4961,15.5352],[108.4984,15.5319],[108.4982,15.5285],[108.4907,15.5245],[108.4853,15.5236],[108.4853,15.5204],[108.4829,15.5069],[108.4874,15.5075],[108.4891,15.5038],[108.4954,15.5017],[108.4993,15.5019],[108.5009,15.4999],[108.5038,15.5021],[108.5063,15.5009],[108.5003,15.497],[108.5019,15.4946],[108.5092,15.4899],[108.5128,15.4907],[108.5156,15.4876],[108.5196,15.4877],[108.5233,15.4842],[108.5267,15.4833],[108.5299,15.4812],[108.5327,15.4834],[108.5341,15.4889],[108.5358,15.491],[108.5354,15.4937],[108.5381,15.4954],[108.5375,15.4981],[108.5391,15.5011],[108.5361,15.5071],[108.5381,15.5118],[108.5421,15.5137],[108.5436,15.5161],[108.5424,15.5219],[108.545,15.5248],[108.55,15.5235],[108.5542,15.5244],[108.5583,15.5276],[108.5641,15.528],[108.5693,15.5296],[108.5718,15.5324],[108.5756,15.5313],[108.5861,15.5245],[108.5888,15.5224],[108.5903,15.5184],[108.5935,15.517],[108.5948,15.5177],[108.5977,15.5221],[108.5963,15.5245],[108.6042,15.53],[108.6009,15.5341],[108.5941,15.5411],[108.5884,15.5484],[108.5787,15.5586],[108.5771,15.561],[108.5577,15.5852],[108.5567,15.587]]]},"properties":{"ma_xa":"20971","ten_xa":"Tam Xuân","sap_nhap":"Tam Xuân I, Tam Xuân II, Tam Tiến ","tru_so":"đang cập nhật","loai":"Xã","cap":2,"stt":21,"dtich_km2":66.92,"dan_so":42834,"matdo_km2":640.08,"ma_tinh":"48","ten_tinh":"Đà Nẵng"}},
{"type":"Feature","geometry":{"type":"MultiPolygon","coordinates":[[[[108.5412,15.9061],[108.5408,15.9115],[108.5353,15.9097],[108.5329,15.9069],[108.5334,15.9036],[108.5364,15.9026],[108.5415,15.9045],[108.5412,15.9061]]],[[[108.4759,15.9313],[108.4731,15.9339],[108.4725,15.9309],[108.4759,15.9313]]],[[[108.4851,15.9487],[108.4795,15.9482],[108.4779,15.9449],[108.4761,15.9439],[108.4778,15.9392],[108.4794,15.9376],[108.4831,15.9419],[108.4851,15.9487]]],[[[108.5106,15.9738],[108.5062,15.9766],[108.5048,15.9789],[108.5026,15.9789],[108.5011,15.9765],[108.4939,15.9739],[108.491,15.9679],[108.4874,15.9679],[108.4843,15.9666],[108.4842,15.9648],[108.4872,15.9623],[108.49,15.9632],[108.4931,15.956],[108.496,15.9564],[108.4975,15.9603],[108.5003,15.9608],[108.5034,15.9582],[108.5075,15.9573],[108.5078,15.9541],[108.5095,15.9502],[108.5097,15.9459],[108.5082,15.9444],[108.5131,15.9429],[108.5146,15.9387],[108.5204,15.939],[108.5223,15.9349],[108.5247,15.9326],[108.5283,15.9327],[108.5301,15.9308],[108.5314,15.9263],[108.5338,15.9255],[108.535,15.9226],[108.5397,15.9239],[108.5373,15.9308],[108.5397,15.9372],[108.5391,15.94],[108.5368,15.9445],[108.5366,15.9504],[108.5385,15.9547],[108.5361,15.9581],[108.5333,15.9578],[108.5226,15.9606],[108.5187,15.9625],[108.5165,15.9626],[108.5116,15.9653],[108.5094,15.9701],[108.5106,15.9738]]],[[[108.4495,15.9703],[108.4526,15.9755],[108.4525,15.9777],[108.4491,15.98],[108.4476,15.9773],[108.4435,15.9739],[108.4425,15.971],[108.4476,15.967],[108.4495,15.9703]]]]},"properties":{"ma_xa":"20434","ten_xa":"Tân Hiệp","sap_nhap":"Tân Hiệp","tru_so":"đang cập nhật","loai":"Xã","cap":2,"stt":68,"dtich_km2":16.43,"dan_so":2614,"matdo_km2":159.1,"ma_tinh":"48","ten_tinh":"Đà Nẵng"}},
{"type":"Feature","geometry":{"type":"Polygon","coordinates":[[[107.5875,15.8843],[107.5841,15.8805],[107.584,15.8775],[107.5716,15.8765],[107.5656,15.8777],[107.5642,15.8825],[107.5599,15.8851],[107.5575,15.8879],[107.5557,15.8936],[107.5534,15.8981],[107.5428,15.8946],[107.5397,15.8971],[107.5346,15.8983],[107.5331,15.8959],[107.5296,15.8948],[107.5225,15.8949],[107.5218,15.9009],[107.5198,15.9031],[107.516,15.9055],[107.5132,15.905],[107.5123,15.9085],[107.5141,15.9111],[107.5137,15.9134],[107.5109,15.9179],[107.5132,15.9239],[107.5096,15.9282],[107.5124,15.9315],[107.5089,15.9365],[107.5094,15.9435],[107.5067,15.9498],[107.5035,15.9515],[107.4973,15.9512],[107.4943,15.9532],[107.4916,15.9572],[107.4927,15.9606],[107.4899,15.9635],[107.4908,15.9648],[107.4897,15.9691],[107.4903,15.9762],[107.4883,15.9816],[107.489,15.9839],[107.4947,15.9892],[107.4939,15.9934],[107.4896,15.9953],[107.4886,15.9982],[107.4826,16],[107.4799,15.9999],[107.4786,16.002],[107.4734,16.0047],[107.4661,16.0123],[107.4642,16.0151],[107.4612,16.0111],[107.4583,16.0091],[107.4562,16.0055],[107.4556,15.9991],[107.454,15.9981],[107.4537,15.9954],[107.4509,15.9916],[107.4489,15.9901],[107.4436,15.9907],[107.4438,15.9877],[107.4473,15.9826],[107.4427,15.9756],[107.4414,15.9718],[107.4387,15.9669],[107.439,15.9648],[107.435,15.9609],[107.4343,15.957],[107.4328,15.9543],[107.4316,15.9479],[107.4297,15.9412],[107.4268,15.9364],[107.4287,15.9339],[107.4284,15.9308],[107.4232,15.9265],[107.4198,15.9266],[107.4185,15.923],[107.4188,15.9206],[107.4167,15.9167],[107.4152,15.9121],[107.4104,15.9108],[107.4072,15.9045],[107.4067,15.9011],[107.402,15.8995],[107.3991,15.8942],[107.3951,15.8936],[107.3943,15.8925],[107.3896,15.8918],[107.3847,15.8874],[107.3839,15.8849],[107.3802,15.8817],[107.38,15.8788],[107.3778,15.8778],[107.378,15.8734],[107.3831,15.8674],[107.3867,15.8655],[107.3883,15.8623],[107.3877,15.8555],[107.3833,15.8476],[107.3825,15.845],[107.3828,15.8403],[107.3813,15.834],[107.378,15.8331],[107.3769,15.8311],[107.3783,15.8269],[107.3818,15.8232],[107.3782,15.8205],[107.3801,15.8177],[107.3822,15.8167],[107.3848,15.812],[107.3904,15.8108],[107.392,15.8047],[107.3968,15.799],[107.3981,15.7955],[107.3964,15.7887],[107.3971,15.7845],[107.3996,15.7823],[107.3983,15.7807],[107.3988,15.7771],[107.3959,15.7689],[107.3978,15.7655],[107.3983,15.7622],[107.3999,15.759],[107.3975,15.7559],[107.3986,15.752],[107.4011,15.7486],[107.4006,15.7456],[107.4022,15.7447],[107.4022,15.742],[107.4029,15.7409],[107.4102,15.7382],[107.4112,15.7368],[107.4221,15.7365],[107.4281,15.7406],[107.4326,15.7417],[107.4365,15.7416],[107.4406,15.7457],[107.447,15.7474],[107.4516,15.7471],[107.4557,15.7512],[107.4544,15.7567],[107.4563,15.7598],[107.4598,15.7603],[107.4627,15.7673],[107.467,15.7684],[107.4716,15.7679],[107.4725,15.766],[107.4792,15.7663],[107.4817,15.7656],[107.4844,15.7634],[107.4928,15.7621],[107.4959,15.7633],[107.5,15.7627],[107.5046,15.764],[107.5063,15.7662],[107.509,15.7676],[107.5158,15.765],[107.5206,15.7708],[107.5271,15.7747],[107.5336,15.7769],[107.5394,15.7762],[107.5414,15.778],[107.543,15.7764],[107.546,15.7722],[107.5462,15.77],[107.5484,15.7685],[107.5552,15.7696],[107.5577,15.7689],[107.5626,15.7693],[107.5641,15.7702],[107.5658,15.7743],[107.5704,15.7737],[107.5797,15.7773],[107.5826,15.7761],[107.5847,15.7732],[107.5869,15.7722],[107.5883,15.7691],[107.5923,15.7738],[107.5975,15.7774],[107.6,15.7784],[107.6055,15.7851],[107.5992,15.788],[107.5922,15.7931],[107.5991,15.7972],[107.6029,15.7985],[107.6118,15.7994],[107.6101,15.8029],[107.6099,15.8054],[107.608,15.806],[107.6075,15.8101],[107.606,15.8136],[107.6082,15.8147],[107.6062,15.8173],[107.6069,15.8282],[107.6084,15.8328],[107.6128,15.836],[107.6132,15.838],[107.6118,15.8409],[107.6113,15.843],[107.6065,15.8473],[107.6053,15.852],[107.6026,15.8551],[107.5995,15.8553],[107.5965,15.86],[107.5937,15.8662],[107.5976,15.8677],[107.5993,15.8741],[107.5988,15.8764],[107.5935,15.8816],[107.5875,15.8843]]]},"properties":{"ma_xa":"20455","ten_xa":"Tây Giang","sap_nhap":"Atiêng, Dang, Anông, Lăng","tru_so":"đang cập nhật","loai":"Xã","cap":2,"stt":85,"dtich_km2":400.45,"dan_so":8629,"matdo_km2":21.55,"ma_tinh":"48","ten_tinh":"Đà Nẵng"}},
{"type":"Feature","geometry":{"type":"Polygon","coordinates":[[[108.4424,15.6288],[108.4355,15.6256],[108.4371,15.6236],[108.4341,15.6225],[108.4327,15.6198],[108.4284,15.6192],[108.4249,15.6198],[108.4201,15.6232],[108.4158,15.6236],[108.417,15.6312],[108.4141,15.6314],[108.4076,15.6289],[108.4049,15.6297],[108.4022,15.6318],[108.4004,15.6292],[108.3975,15.6292],[108.3938,15.6259],[108.3907,15.6256],[108.3898,15.6245],[108.3909,15.6184],[108.3869,15.6106],[108.3847,15.6105],[108.3776,15.6076],[108.3748,15.6112],[108.3708,15.6115],[108.3686,15.6099],[108.3657,15.6097],[108.3615,15.6072],[108.3594,15.6045],[108.3557,15.6067],[108.3502,15.6057],[108.3465,15.6035],[108.3421,15.6027],[108.3361,15.6026],[108.3303,15.5965],[108.3262,15.5939],[108.323,15.5892],[108.3227,15.5857],[108.3243,15.585],[108.3254,15.582],[108.328,15.5815],[108.3303,15.577],[108.3288,15.5746],[108.3231,15.5698],[108.3197,15.5642],[108.3225,15.5617],[108.3233,15.557],[108.3231,15.5528],[108.3283,15.5541],[108.3331,15.5523],[108.336,15.552],[108.3398,15.5496],[108.3449,15.5505],[108.3497,15.5481],[108.3514,15.546],[108.3573,15.5477],[108.3613,15.5458],[108.3648,15.5469],[108.3684,15.5494],[108.3706,15.5529],[108.3737,15.5536],[108.3765,15.5565],[108.3801,15.5559],[108.3825,15.5543],[108.3846,15.5564],[108.3828,15.5617],[108.383,15.5674],[108.3873,15.5679],[108.3889,15.5662],[108.3948,15.5676],[108.3979,15.5638],[108.4056,15.5605],[108.4102,15.5625],[108.4138,15.5619],[108.4156,15.5678],[108.4154,15.5713],[108.4166,15.5726],[108.4168,15.5768],[108.4186,15.5793],[108.4183,15.5824],[108.4207,15.5839],[108.4272,15.5844],[108.4317,15.5868],[108.4309,15.5895],[108.4347,15.5904],[108.4366,15.5928],[108.4415,15.5914],[108.4439,15.5957],[108.4461,15.5967],[108.4491,15.6034],[108.4492,15.6056],[108.4519,15.6079],[108.4544,15.6086],[108.4526,15.6141],[108.4471,15.6208],[108.4468,15.6237],[108.4449,15.6269],[108.4424,15.6288]]]},"properties":{"ma_xa":"20380","ten_xa":"Tây Hồ","sap_nhap":"Tam An, Tam Thành, Tam Phước, Tam Lộc","tru_so":"đang cập nhật","loai":"Xã","cap":2,"stt":27,"dtich_km2":75.67,"dan_so":35493,"matdo_km2":469.05,"ma_tinh":"48","ten_tinh":"Đà Nẵng"}},
{"type":"Feature","geometry":{"type":"Polygon","coordinates":[[[108.4125,15.8198],[108.4056,15.816],[108.4026,15.812],[108.4,15.8099],[108.3964,15.8191],[108.3931,15.824],[108.3942,15.8263],[108.3907,15.8271],[108.3886,15.8306],[108.383,15.8312],[108.3816,15.8296],[108.3825,15.8257],[108.3778,15.8229],[108.3722,15.8257],[108.3691,15.8285],[108.356,15.8258],[108.3536,15.8263],[108.3489,15.8257],[108.3467,15.827],[108.3459,15.8294],[108.3407,15.8294],[108.3372,15.8269],[108.3353,15.8239],[108.3329,15.8249],[108.333,15.8205],[108.3308,15.8184],[108.3305,15.8154],[108.3339,15.8119],[108.3357,15.8077],[108.3391,15.8039],[108.3424,15.7957],[108.3467,15.7872],[108.3526,15.7764],[108.3545,15.7771],[108.3613,15.7841],[108.3665,15.7757],[108.369,15.777],[108.3746,15.7675],[108.3782,15.7662],[108.3827,15.7634],[108.3852,15.7528],[108.3894,15.7443],[108.3951,15.737],[108.3968,15.7317],[108.4017,15.7241],[108.405,15.7181],[108.4034,15.7165],[108.4086,15.7123],[108.4161,15.718],[108.4186,15.7246],[108.4232,15.7306],[108.4207,15.7334],[108.4211,15.7376],[108.4223,15.7385],[108.4275,15.7379],[108.4296,15.7359],[108.429,15.7313],[108.43,15.7291],[108.4334,15.7282],[108.4381,15.7259],[108.4386,15.7272],[108.4443,15.7291],[108.4489,15.7293],[108.4567,15.7361],[108.4491,15.7481],[108.4375,15.7684],[108.4321,15.7769],[108.4247,15.7904],[108.418,15.8049],[108.4145,15.8135],[108.4125,15.8198]]]},"properties":{"ma_xa":"20794","ten_xa":"Thăng An","sap_nhap":"Bình Triều, Bình Giang, Bình Đào, Bình Minh, Bình Dương ","tru_so":"đang cập nhật","loai":"Xã","cap":2,"stt":45,"dtich_km2":80.98,"dan_so":51988,"matdo_km2":641.99,"ma_tinh":"48","ten_tinh":"Đà Nẵng"}},
{"type":"Feature","geometry":{"type":"Polygon","coordinates":[[[108.4017,15.7241],[108.3968,15.7317],[108.3951,15.737],[108.3894,15.7443],[108.3852,15.7528],[108.3827,15.7634],[108.3782,15.7662],[108.3746,15.7675],[108.369,15.777],[108.3665,15.7757],[108.3613,15.7841],[108.3545,15.7771],[108.3526,15.7764],[108.3527,15.773],[108.348,15.7676],[108.3454,15.7698],[108.3412,15.7671],[108.3394,15.7676],[108.3361,15.7656],[108.3364,15.7599],[108.3339,15.7534],[108.3302,15.7483],[108.331,15.7452],[108.3288,15.7407],[108.3288,15.7386],[108.3263,15.7369],[108.3231,15.7298],[108.3227,15.725],[108.3246,15.7198],[108.3243,15.7163],[108.3225,15.7131],[108.3199,15.7111],[108.3185,15.706],[108.3178,15.7002],[108.3162,15.6993],[108.3124,15.6994],[108.3105,15.6982],[108.3107,15.695],[108.3125,15.6932],[108.3182,15.6905],[108.3136,15.686],[108.3116,15.6814],[108.315,15.6806],[108.3164,15.6754],[108.3197,15.6774],[108.3284,15.6737],[108.3318,15.6691],[108.3331,15.6654],[108.3357,15.6658],[108.337,15.6636],[108.3411,15.6621],[108.3401,15.6628],[108.3429,15.6686],[108.3473,15.6734],[108.3493,15.6737],[108.3495,15.6774],[108.3528,15.6792],[108.3555,15.6771],[108.3582,15.6777],[108.3605,15.6817],[108.3587,15.6824],[108.3626,15.6861],[108.3675,15.6846],[108.3704,15.6869],[108.3713,15.6909],[108.3696,15.6982],[108.3693,15.702],[108.3722,15.7021],[108.3772,15.7051],[108.3762,15.7067],[108.3808,15.7094],[108.3818,15.708],[108.3854,15.7087],[108.3939,15.7153],[108.4017,15.7241]]]},"properties":{"ma_xa":"20791","ten_xa":"Thăng Bình","sap_nhap":"Hà Lam, Bình Nguyên, Bình Quý, Bình Phục","tru_so":"đang cập nhật","loai":"Xã","cap":2,"stt":44,"dtich_km2":68.91,"dan_so":54415,"matdo_km2":789.65,"ma_tinh":"48","ten_tinh":"Đà Nẵng"}},
{"type":"Feature","geometry":{"type":"Polygon","coordinates":[[[108.4086,15.7123],[108.4034,15.7165],[108.405,15.7181],[108.4017,15.7241],[108.3939,15.7153],[108.3854,15.7087],[108.3818,15.708],[108.3808,15.7094],[108.3762,15.7067],[108.3772,15.7051],[108.3722,15.7021],[108.3693,15.702],[108.3696,15.6982],[108.3713,15.6909],[108.3758,15.6842],[108.379,15.6841],[108.3816,15.6853],[108.3837,15.6829],[108.385,15.6748],[108.3876,15.6721],[108.3832,15.6715],[108.3816,15.668],[108.3777,15.6637],[108.3844,15.6552],[108.3822,15.6538],[108.3823,15.6509],[108.3798,15.6474],[108.3804,15.6443],[108.3822,15.6446],[108.3812,15.6401],[108.3843,15.6383],[108.3926,15.6362],[108.3892,15.6344],[108.3892,15.6283],[108.3907,15.6256],[108.3938,15.6259],[108.3975,15.6292],[108.4004,15.6292],[108.4022,15.6318],[108.4049,15.6297],[108.4076,15.6289],[108.4141,15.6314],[108.417,15.6312],[108.4158,15.6236],[108.4201,15.6232],[108.4249,15.6198],[108.4284,15.6192],[108.4327,15.6198],[108.4341,15.6225],[108.4371,15.6236],[108.4355,15.6256],[108.4424,15.6288],[108.4418,15.6316],[108.4436,15.6336],[108.4454,15.6361],[108.4454,15.6408],[108.4463,15.6423],[108.4465,15.6528],[108.4476,15.6561],[108.4505,15.6573],[108.4537,15.6572],[108.458,15.6603],[108.4583,15.6646],[108.4567,15.6713],[108.4551,15.6738],[108.4448,15.6843],[108.4314,15.6913],[108.4192,15.6991],[108.4151,15.7036],[108.4112,15.7095],[108.4086,15.7123]]]},"properties":{"ma_xa":"20848","ten_xa":"Thăng Điền","sap_nhap":"Bình An, Bình Trung, Bình Tú","tru_so":"đang cập nhật","loai":"Xã","cap":2,"stt":47,"dtich_km2":61.59,"dan_so":42280,"matdo_km2":686.48,"ma_tinh":"48","ten_tinh":"Đà Nẵng"}},
{"type":"Feature","geometry":{"type":"Polygon","coordinates":[[[108.3907,15.6256],[108.3892,15.6283],[108.3892,15.6344],[108.3926,15.6362],[108.3843,15.6383],[108.3812,15.6401],[108.3822,15.6446],[108.3804,15.6443],[108.3798,15.6474],[108.3823,15.6509],[108.3822,15.6538],[108.3844,15.6552],[108.3777,15.6637],[108.3816,15.668],[108.3832,15.6715],[108.3876,15.6721],[108.385,15.6748],[108.3837,15.6829],[108.3816,15.6853],[108.379,15.6841],[108.3758,15.6842],[108.3713,15.6909],[108.3704,15.6869],[108.3675,15.6846],[108.3626,15.6861],[108.3587,15.6824],[108.3605,15.6817],[108.3582,15.6777],[108.3555,15.6771],[108.3528,15.6792],[108.3495,15.6774],[108.3493,15.6737],[108.3473,15.6734],[108.3429,15.6686],[108.3401,15.6628],[108.3411,15.6621],[108.3384,15.6562],[108.3324,15.6492],[108.3294,15.6445],[108.3267,15.6446],[108.3256,15.6428],[108.3227,15.6435],[108.3215,15.6415],[108.3178,15.6418],[108.3168,15.6385],[108.317,15.6338],[108.3212,15.6316],[108.3211,15.6279],[108.3183,15.6267],[108.3144,15.6216],[108.312,15.6199],[108.3093,15.6195],[108.3048,15.6164],[108.2974,15.6093],[108.2936,15.6037],[108.2961,15.5961],[108.295,15.588],[108.296,15.5863],[108.2997,15.5838],[108.3028,15.5839],[108.3047,15.5862],[108.3094,15.5887],[108.3124,15.5886],[108.3151,15.586],[108.321,15.5853],[108.3227,15.5857],[108.323,15.5892],[108.3262,15.5939],[108.3303,15.5965],[108.3361,15.6026],[108.3421,15.6027],[108.3465,15.6035],[108.3502,15.6057],[108.3557,15.6067],[108.3594,15.6045],[108.3615,15.6072],[108.3657,15.6097],[108.3686,15.6099],[108.3708,15.6115],[108.3748,15.6112],[108.3776,15.6076],[108.3847,15.6105],[108.3869,15.6106],[108.3909,15.6184],[108.3898,15.6245],[108.3907,15.6256]]]},"properties":{"ma_xa":"20827","ten_xa":"Thăng Phú","sap_nhap":"Bình Phú, Bình Quế","tru_so":"đang cập nhật","loai":"Xã","cap":2,"stt":48,"dtich_km2":60.5,"dan_so":17266,"matdo_km2":285.39,"ma_tinh":"48","ten_tinh":"Đà Nẵng"}},
{"type":"Feature","geometry":{"type":"Polygon","coordinates":[[[108.4567,15.7361],[108.4489,15.7293],[108.4443,15.7291],[108.4386,15.7272],[108.4381,15.7259],[108.4334,15.7282],[108.43,15.7291],[108.429,15.7313],[108.4296,15.7359],[108.4275,15.7379],[108.4223,15.7385],[108.4211,15.7376],[108.4207,15.7334],[108.4232,15.7306],[108.4186,15.7246],[108.4161,15.718],[108.4086,15.7123],[108.4112,15.7095],[108.4151,15.7036],[108.4192,15.6991],[108.4314,15.6913],[108.4448,15.6843],[108.4551,15.6738],[108.4567,15.6713],[108.4583,15.6646],[108.458,15.6603],[108.4537,15.6572],[108.4505,15.6573],[108.4476,15.6561],[108.4465,15.6528],[108.4463,15.6423],[108.4454,15.6408],[108.4454,15.6361],[108.4436,15.6336],[108.4458,15.6306],[108.4484,15.6313],[108.4513,15.6303],[108.4543,15.632],[108.4559,15.6301],[108.4592,15.6309],[108.4631,15.63],[108.4724,15.632],[108.4757,15.6323],[108.4805,15.6346],[108.4848,15.6359],[108.4899,15.6303],[108.4921,15.6325],[108.5029,15.6411],[108.5061,15.6424],[108.5144,15.6458],[108.5048,15.6601],[108.5014,15.6659],[108.4968,15.6726],[108.4878,15.6867],[108.4827,15.6954],[108.4743,15.708],[108.4705,15.7145],[108.4644,15.7236],[108.4567,15.7361]]]},"properties":{"ma_xa":"20836","ten_xa":"Thăng Trường","sap_nhap":"Bình Nam, Bình Hải, Bình Sa","tru_so":"đang cập nhật","loai":"Xã","cap":2,"stt":46,"dtich_km2":63.79,"dan_so":24803,"matdo_km2":388.82,"ma_tinh":"48","ten_tinh":"Đà Nẵng"}},
{"type":"Feature","geometry":{"type":"Polygon","coordinates":[[[108.291,15.4963],[108.2866,15.4964],[108.2864,15.4943],[108.2818,15.4958],[108.2767,15.4928],[108.2726,15.4909],[108.2741,15.4892],[108.2751,15.4838],[108.2771,15.478],[108.2714,15.4779],[108.2643,15.4752],[108.2594,15.472],[108.2625,15.4674],[108.2618,15.462],[108.2662,15.4591],[108.2667,15.454],[108.2656,15.453],[108.2671,15.45],[108.2646,15.4471],[108.2629,15.4436],[108.2656,15.4435],[108.2685,15.442],[108.2706,15.4386],[108.2727,15.4371],[108.276,15.4364],[108.2771,15.434],[108.2775,15.427],[108.2809,15.4254],[108.2812,15.4215],[108.2783,15.4185],[108.278,15.4163],[108.2826,15.4152],[108.2843,15.4136],[108.2887,15.4128],[108.2866,15.4092],[108.2879,15.4061],[108.2866,15.4014],[108.2911,15.401],[108.2931,15.404],[108.2957,15.4018],[108.299,15.4028],[108.3058,15.4025],[108.3099,15.4017],[108.3114,15.4001],[108.3145,15.4013],[108.3164,15.3999],[108.3196,15.3953],[108.3252,15.3956],[108.3275,15.3974],[108.331,15.3979],[108.3335,15.4],[108.3391,15.3994],[108.3459,15.3953],[108.3476,15.3955],[108.3479,15.392],[108.3492,15.3893],[108.3543,15.3864],[108.3551,15.3847],[108.3584,15.3826],[108.3607,15.3843],[108.3645,15.3819],[108.3692,15.3826],[108.3733,15.3851],[108.3762,15.3879],[108.3787,15.3888],[108.3814,15.3944],[108.3803,15.3982],[108.3776,15.4024],[108.3774,15.4065],[108.3713,15.4146],[108.3742,15.42],[108.3792,15.4212],[108.3754,15.4252],[108.3787,15.4293],[108.381,15.4299],[108.3805,15.4327],[108.3771,15.4344],[108.3764,15.4391],[108.3785,15.4425],[108.3815,15.4444],[108.3821,15.447],[108.3793,15.4493],[108.3754,15.4509],[108.3708,15.4503],[108.365,15.4527],[108.3645,15.4554],[108.3654,15.4576],[108.3621,15.459],[108.3607,15.4682],[108.3628,15.4708],[108.3606,15.4771],[108.3575,15.4754],[108.3536,15.4759],[108.3494,15.4784],[108.3479,15.4766],[108.3444,15.4758],[108.3415,15.4782],[108.3378,15.4755],[108.3379,15.4716],[108.333,15.4714],[108.3309,15.4702],[108.325,15.4721],[108.3225,15.4722],[108.3222,15.4699],[108.3187,15.4708],[108.3161,15.4757],[108.3113,15.4785],[108.3089,15.4829],[108.3012,15.4897],[108.2967,15.49],[108.2927,15.4935],[108.291,15.4963]]]},"properties":{"ma_xa":"20878","ten_xa":"Thạnh Bình","sap_nhap":"Tiên Lập, Tiên Lộc, Tiên An, Tiên Cảnh","tru_so":"đang cập nhật","loai":"Xã","cap":2,"stt":32,"dtich_km2":100.89,"dan_so":24775,"matdo_km2":245.56,"ma_tinh":"48","ten_tinh":"Đà Nẵng"}},
{"type":"Feature","geometry":{"type":"Polygon","coordinates":[[[108.2053,16.079],[108.2013,16.074],[108.196,16.0731],[108.186,16.0742],[108.1794,16.0759],[108.169,16.0805],[108.1665,16.0767],[108.1689,16.0766],[108.1749,16.0729],[108.1744,16.0691],[108.1762,16.0637],[108.1788,16.062],[108.1834,16.0652],[108.1888,16.0528],[108.1907,16.0535],[108.1895,16.0563],[108.1905,16.0589],[108.1932,16.0619],[108.1936,16.0643],[108.2019,16.0647],[108.2063,16.0566],[108.2095,16.0557],[108.2127,16.0559],[108.2146,16.0655],[108.2123,16.0762],[108.2099,16.0743],[108.2053,16.079]]]},"properties":{"ma_xa":"20209","ten_xa":"Thanh Khê","sap_nhap":"Xuân Hà, Chính Gián, Thạc Gián, Thanh Khê Tây, Thanh Khê Đông ","tru_so":"đang cập nhật","loai":"Phường","cap":2,"stt":3,"dtich_km2":7.92,"dan_so":201240,"matdo_km2":25409.09,"ma_tinh":"48","ten_tinh":"Đà Nẵng"}},
{"type":"Feature","geometry":{"type":"Polygon","coordinates":[[[107.8857,15.7393],[107.88,15.7418],[107.8776,15.7448],[107.8769,15.7513],[107.8775,15.7528],[107.8773,15.7596],[107.875,15.7621],[107.8705,15.7626],[107.8673,15.7724],[107.8682,15.7759],[107.8674,15.7798],[107.865,15.7811],[107.8618,15.7808],[107.8616,15.7839],[107.8584,15.7869],[107.8581,15.7891],[107.8517,15.795],[107.8495,15.798],[107.848,15.8017],[107.8389,15.7959],[107.8341,15.8004],[107.8333,15.8043],[107.8293,15.8037],[107.8282,15.8048],[107.8314,15.8081],[107.8328,15.8108],[107.8331,15.8144],[107.8353,15.8197],[107.8314,15.8212],[107.828,15.8198],[107.8255,15.8199],[107.8199,15.8243],[107.8168,15.8246],[107.8121,15.8233],[107.8104,15.8244],[107.8095,15.8275],[107.8063,15.8288],[107.8036,15.8274],[107.801,15.8276],[107.7964,15.8269],[107.793,15.8277],[107.7895,15.8264],[107.7878,15.8238],[107.7806,15.8205],[107.7766,15.8171],[107.7696,15.8172],[107.7656,15.8167],[107.7598,15.815],[107.7561,15.8131],[107.7544,15.8095],[107.7516,15.8083],[107.7419,15.8066],[107.7378,15.8071],[107.7374,15.8039],[107.736,15.8021],[107.7323,15.7949],[107.7303,15.7947],[107.7278,15.7916],[107.7264,15.786],[107.7222,15.7838],[107.7191,15.7789],[107.717,15.7776],[107.7116,15.777],[107.7094,15.7797],[107.6979,15.7778],[107.6915,15.7774],[107.687,15.7744],[107.6839,15.775],[107.6826,15.7731],[107.68,15.7758],[107.6733,15.7761],[107.6704,15.7771],[107.6647,15.7776],[107.6621,15.7754],[107.6608,15.768],[107.658,15.7661],[107.6528,15.7615],[107.653,15.7533],[107.6513,15.7518],[107.6524,15.7472],[107.652,15.7368],[107.6536,15.7334],[107.654,15.7297],[107.6644,15.7231],[107.674,15.7243],[107.6811,15.7273],[107.6857,15.7321],[107.6869,15.7355],[107.6915,15.741],[107.6935,15.7464],[107.6958,15.7501],[107.7007,15.7485],[107.7034,15.7462],[107.7042,15.7422],[107.7099,15.738],[107.7109,15.7364],[107.7143,15.7371],[107.7189,15.7341],[107.7174,15.7278],[107.7216,15.7247],[107.7217,15.722],[107.7201,15.7144],[107.7211,15.7097],[107.7247,15.7106],[107.7275,15.7102],[107.7327,15.7134],[107.7354,15.713],[107.7389,15.7151],[107.745,15.7151],[107.7497,15.7176],[107.7531,15.7182],[107.7531,15.7202],[107.7562,15.7249],[107.7615,15.7254],[107.7642,15.7301],[107.769,15.7346],[107.7726,15.7362],[107.7759,15.7393],[107.779,15.7403],[107.7851,15.7436],[107.787,15.7423],[107.7904,15.7442],[107.7959,15.7417],[107.7981,15.7435],[107.8028,15.745],[107.8055,15.7436],[107.8075,15.7402],[107.8126,15.7383],[107.8114,15.7364],[107.811,15.7328],[107.8138,15.7256],[107.8192,15.7256],[107.8195,15.7226],[107.8185,15.7196],[107.8186,15.7163],[107.8204,15.7136],[107.8205,15.707],[107.8175,15.704],[107.8163,15.7012],[107.8173,15.6984],[107.8197,15.6975],[107.8201,15.6941],[107.8238,15.691],[107.8282,15.6891],[107.8308,15.6855],[107.8374,15.6827],[107.8387,15.6853],[107.838,15.6877],[107.8462,15.6885],[107.8499,15.6881],[107.8534,15.6894],[107.8555,15.6928],[107.8611,15.6965],[107.8643,15.6951],[107.8664,15.6979],[107.8694,15.6982],[107.872,15.7027],[107.8785,15.7033],[107.8797,15.7048],[107.8785,15.7073],[107.8786,15.7118],[107.8837,15.7145],[107.8832,15.7186],[107.885,15.7224],[107.8839,15.7257],[107.8866,15.7286],[107.8879,15.7325],[107.8862,15.7354],[107.8857,15.7393]]]},"properties":{"ma_xa":"20695","ten_xa":"Thạnh Mỹ","sap_nhap":"Thạnh Mỹ","tru_so":"đang cập nhật","loai":"Xã","cap":2,"stt":74,"dtich_km2":207.28,"dan_so":9072,"matdo_km2":43.77,"ma_tinh":"48","ten_tinh":"Đà Nẵng"}},
{"type":"Feature","geometry":{"type":"Polygon","coordinates":[[[108.1914,15.8347],[108.1735,15.8311],[108.1679,15.834],[108.1674,15.8375],[108.1604,15.8462],[108.1571,15.8495],[108.153,15.8522],[108.1491,15.8518],[108.1476,15.8506],[108.1467,15.8496],[108.1369,15.8471],[108.1193,15.845],[108.1149,15.8427],[108.1086,15.8385],[108.1052,15.8339],[108.1009,15.8299],[108.0945,15.825],[108.0923,15.8242],[108.0876,15.8246],[108.0849,15.8241],[108.0751,15.8188],[108.0715,15.8154],[108.0708,15.8124],[108.0672,15.8032],[108.0599,15.7924],[108.0571,15.7904],[108.0516,15.7875],[108.0427,15.7815],[108.0405,15.778],[108.0399,15.7739],[108.0412,15.7715],[108.0466,15.7649],[108.0484,15.7628],[108.0525,15.7613],[108.054,15.7639],[108.0566,15.7643],[108.0614,15.7631],[108.0644,15.7638],[108.0688,15.7612],[108.0713,15.7576],[108.0724,15.7535],[108.07,15.751],[108.0728,15.7493],[108.0748,15.7439],[108.0769,15.7413],[108.0764,15.7367],[108.0815,15.7363],[108.088,15.7327],[108.0964,15.7315],[108.1002,15.7327],[108.1058,15.7331],[108.1082,15.734],[108.1128,15.738],[108.1175,15.7393],[108.1213,15.7372],[108.1266,15.7362],[108.13,15.7396],[108.1336,15.7391],[108.1351,15.7361],[108.1362,15.7435],[108.1375,15.7477],[108.1352,15.7518],[108.1388,15.755],[108.1384,15.7577],[108.1357,15.7608],[108.1352,15.7639],[108.1363,15.7673],[108.1347,15.7709],[108.1376,15.7735],[108.1385,15.7757],[108.1417,15.7793],[108.1431,15.7828],[108.1422,15.7852],[108.1438,15.7891],[108.152,15.7937],[108.1554,15.7965],[108.166,15.8029],[108.1648,15.806],[108.167,15.8084],[108.169,15.8086],[108.1738,15.8145],[108.1775,15.8182],[108.1822,15.8199],[108.1876,15.824],[108.1911,15.8273],[108.1903,15.8288],[108.1914,15.8347]]]},"properties":{"ma_xa":"20611","ten_xa":"Thu Bồn","sap_nhap":"Duy Châu, Duy Hoà, Duy Phú, Duy Tân","tru_so":"đang cập nhật","loai":"Xã","cap":2,"stt":58,"dtich_km2":108.77,"dan_so":36909,"matdo_km2":339.33,"ma_tinh":"48","ten_tinh":"Đà Nẵng"}},
{"type":"Feature","geometry":{"type":"Polygon","coordinates":[[[107.8674,15.9353],[107.8653,15.9346],[107.8607,15.9372],[107.858,15.937],[107.8525,15.9342],[107.8495,15.9354],[107.848,15.9341],[107.847,15.929],[107.8474,15.9274],[107.8465,15.922],[107.8465,15.916],[107.8446,15.9153],[107.8411,15.9109],[107.8368,15.9089],[107.8357,15.9063],[107.8361,15.9016],[107.8373,15.8997],[107.8372,15.889],[107.8381,15.8864],[107.8368,15.8814],[107.8357,15.8736],[107.8337,15.8696],[107.8318,15.8677],[107.8303,15.8629],[107.8308,15.8604],[107.8264,15.8589],[107.8225,15.8553],[107.8173,15.8535],[107.8117,15.8547],[107.8106,15.8525],[107.8108,15.8487],[107.8152,15.8445],[107.811,15.8399],[107.8085,15.8386],[107.8035,15.8336],[107.8028,15.8302],[107.801,15.8276],[107.8036,15.8274],[107.8063,15.8288],[107.8095,15.8275],[107.8104,15.8244],[107.8121,15.8233],[107.8168,15.8246],[107.8199,15.8243],[107.8255,15.8199],[107.828,15.8198],[107.8314,15.8212],[107.8353,15.8197],[107.8331,15.8144],[107.8328,15.8108],[107.8314,15.8081],[107.8282,15.8048],[107.8293,15.8037],[107.8333,15.8043],[107.8341,15.8004],[107.8389,15.7959],[107.848,15.8017],[107.8495,15.798],[107.8517,15.795],[107.8581,15.7891],[107.8584,15.7869],[107.8616,15.7839],[107.8618,15.7808],[107.865,15.7811],[107.8674,15.7798],[107.8682,15.7759],[107.8673,15.7724],[107.8705,15.7626],[107.875,15.7621],[107.8773,15.7596],[107.8775,15.7528],[107.8769,15.7513],[107.8776,15.7448],[107.88,15.7418],[107.8857,15.7393],[107.8921,15.7428],[107.8949,15.7429],[107.8974,15.7459],[107.9024,15.7432],[107.9084,15.7408],[107.9157,15.7404],[107.9206,15.7412],[107.9269,15.7363],[107.9284,15.7358],[107.9312,15.74],[107.9306,15.7421],[107.9365,15.7482],[107.9355,15.7516],[107.9353,15.7584],[107.9363,15.7598],[107.9354,15.7669],[107.937,15.77],[107.9373,15.7753],[107.942,15.7788],[107.9431,15.7824],[107.9431,15.7869],[107.9405,15.7918],[107.9402,15.7946],[107.935,15.7931],[107.9339,15.7949],[107.9301,15.7939],[107.9265,15.7919],[107.9255,15.7893],[107.9214,15.7889],[107.918,15.7845],[107.9129,15.7863],[107.9098,15.7913],[107.9072,15.7927],[107.9062,15.7952],[107.9019,15.8],[107.8983,15.801],[107.8976,15.8055],[107.8998,15.8085],[107.902,15.8093],[107.9027,15.8121],[107.9086,15.821],[107.9094,15.8235],[107.9117,15.826],[107.921,15.8303],[107.9266,15.8313],[107.9331,15.835],[107.9415,15.8413],[107.9441,15.8463],[107.9499,15.8498],[107.9555,15.8517],[107.9607,15.8519],[107.9677,15.8505],[107.9678,15.8587],[107.9687,15.8612],[107.9673,15.8636],[107.9679,15.8701],[107.9642,15.8732],[107.9627,15.8758],[107.9631,15.878],[107.962,15.882],[107.9638,15.8899],[107.9657,15.8924],[107.9662,15.8954],[107.969,15.8991],[107.9701,15.9018],[107.9674,15.9054],[107.9629,15.9064],[107.9601,15.9138],[107.9557,15.9176],[107.9561,15.9219],[107.9537,15.9225],[107.9477,15.9202],[107.9409,15.9189],[107.9322,15.9228],[107.9324,15.9164],[107.9305,15.9131],[107.9258,15.9115],[107.9217,15.9127],[107.9173,15.9111],[107.9137,15.9107],[107.9111,15.9123],[107.8997,15.9165],[107.8971,15.9181],[107.8955,15.921],[107.8911,15.9242],[107.8894,15.9271],[107.8851,15.9308],[107.8768,15.9306],[107.8689,15.932],[107.8674,15.9353]]]},"properties":{"ma_xa":"20506","ten_xa":"Thượng Đức","sap_nhap":"Đại Lãnh, Đại Hưng, Đại Sơn","tru_so":"đang cập nhật","loai":"Xã","cap":2,"stt":71,"dtich_km2":216.37,"dan_so":22520,"matdo_km2":104.08,"ma_tinh":"48","ten_tinh":"Đà Nẵng"}},
{"type":"Feature","geometry":{"type":"Polygon","coordinates":[[[108.3684,15.5494],[108.3648,15.5469],[108.3613,15.5458],[108.3573,15.5477],[108.3514,15.546],[108.3497,15.5481],[108.3449,15.5505],[108.3398,15.5496],[108.336,15.552],[108.3331,15.5523],[108.3283,15.5541],[108.3231,15.5528],[108.3199,15.5489],[108.3208,15.5463],[108.3139,15.5438],[108.3119,15.5418],[108.3091,15.5408],[108.3056,15.5354],[108.3026,15.5336],[108.3031,15.5292],[108.3048,15.5278],[108.302,15.5245],[108.3032,15.5195],[108.3014,15.518],[108.3023,15.5135],[108.3077,15.5084],[108.3065,15.506],[108.2962,15.5044],[108.2924,15.5048],[108.2906,15.4998],[108.291,15.4963],[108.2927,15.4935],[108.2967,15.49],[108.3012,15.4897],[108.3089,15.4829],[108.3113,15.4785],[108.3161,15.4757],[108.3187,15.4708],[108.3222,15.4699],[108.3225,15.4722],[108.325,15.4721],[108.3309,15.4702],[108.333,15.4714],[108.3379,15.4716],[108.3378,15.4755],[108.3415,15.4782],[108.3444,15.4758],[108.3479,15.4766],[108.3494,15.4784],[108.3536,15.4759],[108.3575,15.4754],[108.3606,15.4771],[108.3628,15.4708],[108.3607,15.4682],[108.3621,15.459],[108.3654,15.4576],[108.3645,15.4554],[108.365,15.4527],[108.3708,15.4503],[108.3754,15.4509],[108.3793,15.4493],[108.3821,15.447],[108.3841,15.4494],[108.3879,15.4569],[108.3905,15.4592],[108.3921,15.4627],[108.3919,15.4659],[108.3928,15.4692],[108.392,15.4715],[108.3925,15.4785],[108.3878,15.4863],[108.3874,15.4883],[108.3831,15.4908],[108.3824,15.4954],[108.383,15.4975],[108.3803,15.4998],[108.381,15.5027],[108.3767,15.5088],[108.3789,15.5132],[108.3787,15.5178],[108.381,15.5189],[108.3795,15.5209],[108.3725,15.5212],[108.3685,15.5248],[108.3697,15.5277],[108.3724,15.5298],[108.3737,15.5328],[108.3724,15.5358],[108.3692,15.5376],[108.3682,15.5399],[108.3697,15.5424],[108.373,15.5435],[108.3684,15.5494]]]},"properties":{"ma_xa":"20854","ten_xa":"Tiên Phước","sap_nhap":"Tiên Kỳ, Tiên Mỹ, Tiên Phong, Tiên Thọ","tru_so":"đang cập nhật","loai":"Xã","cap":2,"stt":31,"dtich_km2":74.63,"dan_so":28137,"matdo_km2":377.02,"ma_tinh":"48","ten_tinh":"Đà Nẵng"}},
{"type":"Feature","geometry":{"type":"Polygon","coordinates":[[[108.1568,15.3918],[108.1567,15.3931],[108.152,15.3954],[108.1505,15.397],[108.1484,15.4028],[108.1483,15.4071],[108.1465,15.4115],[108.1425,15.4148],[108.1414,15.4179],[108.1418,15.421],[108.144,15.4245],[108.1448,15.4291],[108.1406,15.4324],[108.1347,15.4343],[108.1289,15.4309],[108.1247,15.4296],[108.1239,15.4277],[108.1206,15.4291],[108.1194,15.4314],[108.1155,15.4342],[108.1078,15.4321],[108.1025,15.4254],[108.1032,15.4236],[108.101,15.419],[108.0966,15.4182],[108.0957,15.4159],[108.0961,15.4095],[108.0976,15.404],[108.0991,15.4021],[108.0932,15.3984],[108.0925,15.3966],[108.0865,15.3921],[108.0845,15.392],[108.081,15.394],[108.0716,15.3954],[108.0676,15.3989],[108.0661,15.4014],[108.0593,15.4064],[108.0563,15.4071],[108.0523,15.4043],[108.0453,15.4043],[108.0414,15.4063],[108.0374,15.41],[108.0349,15.4098],[108.0309,15.4132],[108.0307,15.4158],[108.0257,15.4166],[108.023,15.4203],[108.0217,15.4187],[108.0186,15.4182],[108.0174,15.4164],[108.0182,15.4134],[108.018,15.4074],[108.0214,15.3977],[108.0169,15.3918],[108.0118,15.392],[108.0121,15.3863],[108.014,15.3834],[108.0194,15.3794],[108.0174,15.3736],[108.0133,15.3729],[108.011,15.3736],[108.0059,15.3728],[107.9994,15.3703],[107.9965,15.3709],[107.9919,15.3677],[107.9824,15.3668],[107.9787,15.3675],[107.9752,15.3669],[107.9654,15.3685],[107.9587,15.3682],[107.9547,15.367],[107.9534,15.3637],[107.9539,15.3583],[107.9522,15.3535],[107.9528,15.3505],[107.9555,15.3481],[107.953,15.3421],[107.9564,15.3379],[107.9584,15.3366],[107.9592,15.3329],[107.9633,15.329],[107.9646,15.3232],[107.9597,15.3201],[107.9578,15.3158],[107.9508,15.3104],[107.9476,15.31],[107.945,15.308],[107.948,15.3003],[107.9482,15.2981],[107.95,15.2964],[107.9601,15.2964],[107.9644,15.2984],[107.9691,15.2985],[107.9719,15.3004],[107.9833,15.3008],[107.9854,15.3022],[107.9916,15.3038],[108.002,15.3098],[108.0067,15.3066],[108.0087,15.3113],[108.0124,15.312],[108.0188,15.3107],[108.0196,15.3084],[108.0233,15.3101],[108.0252,15.3098],[108.0274,15.3054],[108.0298,15.3039],[108.0307,15.3014],[108.0348,15.3002],[108.0396,15.3009],[108.0431,15.3031],[108.0447,15.3089],[108.0498,15.3112],[108.0511,15.3126],[108.0553,15.314],[108.0598,15.3142],[108.0632,15.3122],[108.0643,15.3095],[108.0697,15.3073],[108.0754,15.3085],[108.0789,15.3077],[108.0782,15.3043],[108.0806,15.3008],[108.0825,15.2932],[108.0846,15.2901],[108.0867,15.2897],[108.0899,15.2871],[108.0943,15.2792],[108.0926,15.2767],[108.0967,15.2704],[108.0987,15.2731],[108.1085,15.2788],[108.1081,15.2823],[108.1098,15.2867],[108.1094,15.2903],[108.1276,15.2858],[108.125,15.2988],[108.1241,15.3108],[108.123,15.3187],[108.1236,15.3224],[108.138,15.3273],[108.1389,15.3305],[108.1428,15.3304],[108.1508,15.3314],[108.1535,15.3333],[108.1615,15.3327],[108.1688,15.3354],[108.1744,15.3365],[108.1767,15.3396],[108.1786,15.3401],[108.1801,15.3435],[108.177,15.3468],[108.1756,15.3498],[108.1758,15.3562],[108.1662,15.364],[108.1618,15.3662],[108.1619,15.3748],[108.1576,15.3789],[108.1546,15.3793],[108.1512,15.3835],[108.1515,15.3868],[108.1568,15.3918]]]},"properties":{"ma_xa":"20920","ten_xa":"Trà Đốc","sap_nhap":"Trà Bui, Trà Đốc","tru_so":"đang cập nhật","loai":"Xã","cap":2,"stt":37,"dtich_km2":233.61,"dan_so":10475,"matdo_km2":44.84,"ma_tinh":"48","ten_tinh":"Đà Nẵng"}},
{"type":"Feature","geometry":{"type":"Polygon","coordinates":[[[108.2994,15.2789],[108.2948,15.2786],[108.2874,15.279],[108.282,15.2778],[108.2809,15.2732],[108.2806,15.2687],[108.2796,15.2657],[108.2767,15.2628],[108.2746,15.2622],[108.2717,15.2595],[108.2691,15.2595],[108.2634,15.2578],[108.2568,15.2568],[108.2496,15.2533],[108.2493,15.2502],[108.2453,15.2495],[108.2434,15.2476],[108.2376,15.2497],[108.2342,15.2416],[108.2313,15.2379],[108.2269,15.2372],[108.2212,15.2336],[108.2189,15.2342],[108.2139,15.2329],[108.2122,15.231],[108.2082,15.2293],[108.208,15.2245],[108.2057,15.2192],[108.2055,15.2163],[108.2068,15.2123],[108.2058,15.2083],[108.2077,15.206],[108.206,15.2023],[108.2059,15.1994],[108.2078,15.1957],[108.2111,15.1957],[108.213,15.1924],[108.2117,15.1903],[108.2123,15.188],[108.2161,15.181],[108.2211,15.1798],[108.2226,15.1764],[108.22,15.1734],[108.2197,15.1716],[108.2173,15.1695],[108.2182,15.1655],[108.2174,15.1577],[108.2123,15.1563],[108.2147,15.1484],[108.2169,15.149],[108.2184,15.1481],[108.2241,15.1386],[108.2246,15.1366],[108.2287,15.1313],[108.2365,15.1303],[108.2423,15.1252],[108.2451,15.1249],[108.2479,15.1224],[108.2492,15.1198],[108.2528,15.1189],[108.2579,15.1191],[108.2603,15.1183],[108.2625,15.1205],[108.2632,15.1241],[108.2665,15.1265],[108.2689,15.1265],[108.2705,15.129],[108.2735,15.1292],[108.275,15.1308],[108.2745,15.136],[108.2782,15.1372],[108.279,15.1403],[108.2774,15.144],[108.2807,15.1454],[108.2837,15.1492],[108.2829,15.1533],[108.2859,15.1535],[108.2866,15.1566],[108.2896,15.1578],[108.2887,15.16],[108.291,15.1618],[108.295,15.1685],[108.2979,15.1702],[108.3042,15.171],[108.3059,15.1745],[108.3017,15.1805],[108.2997,15.1819],[108.3,15.1856],[108.3029,15.1875],[108.3018,15.1935],[108.2981,15.195],[108.2953,15.1943],[108.2913,15.1979],[108.2925,15.2023],[108.2968,15.2035],[108.299,15.2064],[108.3045,15.2098],[108.3064,15.2149],[108.307,15.2188],[108.3084,15.2212],[108.3075,15.2254],[108.3054,15.2272],[108.3001,15.2259],[108.2924,15.2282],[108.286,15.2267],[108.2857,15.2284],[108.2896,15.2323],[108.2893,15.2342],[108.2846,15.2356],[108.2824,15.2415],[108.281,15.2437],[108.2834,15.2449],[108.287,15.2448],[108.2917,15.2476],[108.2931,15.2529],[108.3014,15.2568],[108.3031,15.2587],[108.3054,15.2673],[108.3062,15.268],[108.3053,15.2747],[108.3038,15.2776],[108.2994,15.2789]]]},"properties":{"ma_xa":"20929","ten_xa":"Trà Giáp","sap_nhap":"Trà Ka, Trà Giáp","tru_so":"đang cập nhật","loai":"Xã","cap":2,"stt":35,"dtich_km2":121.55,"dan_so":5939,"matdo_km2":48.86,"ma_tinh":"48","ten_tinh":"Đà Nẵng"}},
{"type":"Feature","geometry":{"type":"Polygon","coordinates":[[[108.0967,15.2704],[108.0926,15.2767],[108.0943,15.2792],[108.0899,15.2871],[108.0867,15.2897],[108.0846,15.2901],[108.0825,15.2932],[108.0806,15.3008],[108.0782,15.3043],[108.0789,15.3077],[108.0754,15.3085],[108.0697,15.3073],[108.0643,15.3095],[108.0632,15.3122],[108.0598,15.3142],[108.0553,15.314],[108.0511,15.3126],[108.0498,15.3112],[108.0447,15.3089],[108.0431,15.3031],[108.0396,15.3009],[108.0348,15.3002],[108.0307,15.3014],[108.0298,15.3039],[108.0274,15.3054],[108.0252,15.3098],[108.0233,15.3101],[108.0196,15.3084],[108.0188,15.3107],[108.0124,15.312],[108.0087,15.3113],[108.0067,15.3066],[108.002,15.3098],[107.9916,15.3038],[107.9854,15.3022],[107.9833,15.3008],[107.9719,15.3004],[107.9691,15.2985],[107.9644,15.2984],[107.9601,15.2964],[107.95,15.2964],[107.9482,15.2981],[107.9465,15.2961],[107.9412,15.2926],[107.9383,15.2865],[107.9423,15.2815],[107.9422,15.278],[107.9441,15.2727],[107.9469,15.2682],[107.9466,15.2653],[107.9483,15.2593],[107.9477,15.2574],[107.9412,15.2554],[107.9418,15.2508],[107.9406,15.2461],[107.9365,15.2439],[107.9342,15.2408],[107.9354,15.238],[107.9343,15.2351],[107.9355,15.2309],[107.9334,15.2282],[107.9332,15.2252],[107.9297,15.2231],[107.9269,15.2173],[107.9288,15.2138],[107.9281,15.2098],[107.9312,15.2069],[107.9314,15.2026],[107.9338,15.2006],[107.9335,15.1953],[107.9371,15.1906],[107.9414,15.1901],[107.9442,15.1881],[107.9471,15.1877],[107.9498,15.1836],[107.9494,15.1799],[107.9504,15.1751],[107.9558,15.1742],[107.9626,15.1721],[107.9658,15.1693],[107.9692,15.169],[107.9784,15.1666],[107.9821,15.1662],[107.983,15.1637],[107.9861,15.1595],[107.9915,15.1569],[107.9948,15.1574],[107.9999,15.1561],[107.9996,15.1507],[108.0043,15.1426],[108.0073,15.1457],[108.0115,15.1472],[108.0135,15.147],[108.018,15.149],[108.02,15.1488],[108.0269,15.1542],[108.0255,15.1591],[108.0263,15.1631],[108.0293,15.1673],[108.0308,15.1708],[108.0332,15.1735],[108.0384,15.1755],[108.0396,15.1777],[108.0426,15.1789],[108.0391,15.1859],[108.0367,15.1897],[108.037,15.1936],[108.0386,15.1977],[108.0397,15.2034],[108.0419,15.2085],[108.0452,15.2076],[108.0517,15.21],[108.0551,15.2143],[108.0576,15.215],[108.0589,15.2172],[108.0583,15.2194],[108.0595,15.2225],[108.0632,15.2245],[108.0672,15.2314],[108.0691,15.232],[108.0696,15.2349],[108.0721,15.2346],[108.0736,15.2369],[108.0816,15.2378],[108.0847,15.233],[108.0886,15.2301],[108.0938,15.2272],[108.0928,15.2291],[108.0937,15.2333],[108.0943,15.2438],[108.0971,15.2486],[108.1103,15.2483],[108.1117,15.2496],[108.1123,15.2529],[108.1088,15.2542],[108.1078,15.2572],[108.1054,15.257],[108.1036,15.2589],[108.1032,15.2615],[108.1007,15.2631],[108.099,15.2675],[108.0967,15.2704]]]},"properties":{"ma_xa":"20938","ten_xa":"Trà Leng","sap_nhap":"Trà Dơn, Trà Leng","tru_so":"đang cập nhật","loai":"Xã","cap":2,"stt":43,"dtich_km2":221.15,"dan_so":6586,"matdo_km2":29.78,"ma_tinh":"48","ten_tinh":"Đà Nẵng"}},
{"type":"Feature","geometry":{"type":"Polygon","coordinates":[[[108.4281,15.3222],[108.4285,15.3253],[108.433,15.3285],[108.4365,15.3292],[108.4392,15.3315],[108.4422,15.3318],[108.4455,15.3342],[108.4471,15.3341],[108.4498,15.3366],[108.4529,15.3368],[108.4563,15.3399],[108.4552,15.3435],[108.4562,15.346],[108.4587,15.3487],[108.4634,15.3499],[108.4643,15.3552],[108.4674,15.3573],[108.4679,15.3667],[108.4695,15.3697],[108.4683,15.3712],[108.4673,15.3761],[108.4676,15.3838],[108.4685,15.3851],[108.4642,15.395],[108.4665,15.3981],[108.4663,15.3998],[108.4607,15.3967],[108.4563,15.3952],[108.448,15.3963],[108.4444,15.3934],[108.4403,15.3938],[108.4321,15.3929],[108.4299,15.394],[108.4223,15.3924],[108.4215,15.3942],[108.418,15.3943],[108.4118,15.3917],[108.4077,15.3936],[108.4018,15.3917],[108.3983,15.3934],[108.3881,15.3925],[108.3814,15.3944],[108.3787,15.3888],[108.3762,15.3879],[108.3733,15.3851],[108.3692,15.3826],[108.3645,15.3819],[108.3607,15.3843],[108.3584,15.3826],[108.3551,15.3847],[108.3543,15.3864],[108.3492,15.3893],[108.3479,15.392],[108.3476,15.3955],[108.3459,15.3953],[108.3391,15.3994],[108.3335,15.4],[108.331,15.3979],[108.3275,15.3974],[108.3252,15.3956],[108.3196,15.3953],[108.3164,15.3999],[108.3145,15.4013],[108.3114,15.4001],[108.31,15.3979],[108.3106,15.3941],[108.3095,15.3915],[108.3096,15.3865],[108.307,15.3816],[108.3036,15.3785],[108.3022,15.3732],[108.2988,15.3709],[108.292,15.369],[108.2921,15.3629],[108.2862,15.3622],[108.2836,15.3635],[108.2786,15.3625],[108.2792,15.3597],[108.2851,15.3531],[108.2908,15.3521],[108.2921,15.3489],[108.2884,15.3454],[108.291,15.3397],[108.2904,15.3361],[108.2872,15.3306],[108.2851,15.3284],[108.2859,15.3264],[108.2828,15.3227],[108.2726,15.3165],[108.2678,15.3154],[108.266,15.3141],[108.2656,15.3099],[108.2702,15.3115],[108.2735,15.3085],[108.2756,15.3094],[108.2771,15.3128],[108.2814,15.3116],[108.2851,15.3132],[108.2914,15.3075],[108.2911,15.3032],[108.2961,15.3002],[108.2969,15.2962],[108.3005,15.2906],[108.2993,15.2868],[108.3003,15.2851],[108.2994,15.2789],[108.304,15.2866],[108.307,15.2897],[108.3115,15.2922],[108.3144,15.2984],[108.319,15.3012],[108.3219,15.3019],[108.3248,15.3005],[108.3299,15.3],[108.3354,15.2969],[108.3374,15.2965],[108.3425,15.2985],[108.3516,15.2958],[108.3557,15.2967],[108.359,15.2953],[108.3643,15.2944],[108.3659,15.2976],[108.3677,15.298],[108.3784,15.3033],[108.3811,15.3035],[108.3876,15.302],[108.3924,15.2985],[108.4027,15.3003],[108.4028,15.3057],[108.4037,15.3092],[108.4066,15.3107],[108.4104,15.3082],[108.4133,15.3081],[108.4157,15.3065],[108.4217,15.3115],[108.4267,15.3157],[108.4281,15.3222]]]},"properties":{"ma_xa":"20908","ten_xa":"Trà Liên","sap_nhap":"Trà Đông, Trà Nú, Trà Kót","tru_so":"đang cập nhật","loai":"Xã","cap":2,"stt":34,"dtich_km2":178.15,"dan_so":7052,"matdo_km2":39.58,"ma_tinh":"48","ten_tinh":"Đà Nẵng"}},
{"type":"Feature","geometry":{"type":"Polygon","coordinates":[[[108.0889,15.0607],[108.0878,15.0576],[108.0852,15.0567],[108.0833,15.0537],[108.0774,15.0511],[108.0757,15.0475],[108.0733,15.048],[108.0718,15.0456],[108.0681,15.0453],[108.0663,15.0482],[108.0639,15.0478],[108.061,15.049],[108.0579,15.0476],[108.0517,15.0431],[108.0451,15.0427],[108.0407,15.0442],[108.0369,15.0433],[108.0316,15.0522],[108.0281,15.0549],[108.026,15.0589],[108.0235,15.058],[108.0193,15.0613],[108.0117,15.062],[108.007,15.0639],[108.0037,15.0662],[108.0092,15.071],[108.0092,15.0748],[108.0008,15.0788],[107.9992,15.0807],[107.9993,15.0839],[107.997,15.088],[107.9957,15.0887],[107.9951,15.0921],[107.9892,15.0939],[107.9888,15.0958],[107.9834,15.0922],[107.9834,15.0894],[107.9803,15.087],[107.9781,15.0822],[107.9784,15.0787],[107.9753,15.0734],[107.9762,15.0693],[107.9715,15.0668],[107.9653,15.0657],[107.9607,15.0633],[107.958,15.0597],[107.9556,15.0587],[107.9531,15.0551],[107.9504,15.0536],[107.9535,15.0485],[107.9577,15.0453],[107.9597,15.0429],[107.9586,15.0381],[107.9568,15.0373],[107.9628,15.0292],[107.965,15.0221],[107.9702,15.0149],[107.9789,15.0104],[107.983,15.0103],[107.9832,15.0067],[107.9873,15.0012],[107.991,14.9991],[107.9948,15.0008],[107.9984,15.0008],[108.0006,15.0021],[108.0036,15.0023],[108.0098,14.9983],[108.0156,15.0008],[108.0224,14.9986],[108.0296,14.9978],[108.0311,14.9968],[108.0399,14.994],[108.0475,14.9923],[108.0498,14.9899],[108.0487,14.9865],[108.055,14.981],[108.0599,14.9746],[108.0604,14.9721],[108.066,14.9713],[108.0725,14.9694],[108.0748,14.9702],[108.0813,14.9663],[108.0825,14.9607],[108.0864,14.9557],[108.0923,14.9524],[108.1011,14.9526],[108.1063,14.9513],[108.1098,14.955],[108.1123,14.9553],[108.1178,14.9593],[108.125,14.9598],[108.1266,14.9612],[108.1294,14.9592],[108.1334,14.9593],[108.1358,14.962],[108.1379,14.9598],[108.1416,14.9591],[108.149,14.9614],[108.1497,14.9626],[108.1553,14.9676],[108.1578,14.9712],[108.1609,14.9723],[108.1629,14.9753],[108.1598,14.9782],[108.1576,14.9877],[108.158,14.991],[108.1568,14.9933],[108.1542,14.9949],[108.1525,15.0004],[108.1504,15.0025],[108.1322,15.0072],[108.1279,15.0087],[108.1239,15.0128],[108.1199,15.0218],[108.1184,15.0231],[108.1179,15.0265],[108.1158,15.029],[108.1089,15.0345],[108.1069,15.0352],[108.1057,15.0382],[108.1058,15.0412],[108.1043,15.0444],[108.1005,15.0448],[108.099,15.0464],[108.0946,15.0464],[108.0926,15.0487],[108.0905,15.0473],[108.0889,15.0487],[108.0901,15.0551],[108.0912,15.0578],[108.0889,15.0607]]]},"properties":{"ma_xa":"20950","ten_xa":"Trà Linh","sap_nhap":"Trà Nam, Trà Linh","tru_so":"đang cập nhật","loai":"Xã","cap":2,"stt":42,"dtich_km2":158.19,"dan_so":7088,"matdo_km2":44.81,"ma_tinh":"48","ten_tinh":"Đà Nẵng"}},
{"type":"Feature","geometry":{"type":"Polygon","coordinates":[[[108.3114,15.4001],[108.3099,15.4017],[108.3058,15.4025],[108.299,15.4028],[108.2957,15.4018],[108.2931,15.404],[108.2911,15.401],[108.2866,15.4014],[108.2844,15.4017],[108.2827,15.3998],[108.2781,15.3997],[108.2733,15.397],[108.2687,15.398],[108.2639,15.3975],[108.2616,15.3965],[108.2582,15.3971],[108.2549,15.395],[108.2495,15.3954],[108.2466,15.3977],[108.2404,15.3976],[108.2386,15.3938],[108.2349,15.3893],[108.2311,15.3865],[108.2256,15.3859],[108.2237,15.3874],[108.2201,15.3883],[108.2179,15.387],[108.2121,15.3873],[108.2075,15.3888],[108.205,15.3868],[108.1959,15.3901],[108.1902,15.3841],[108.1892,15.382],[108.1861,15.3794],[108.1803,15.381],[108.1747,15.3801],[108.1681,15.3824],[108.1661,15.3851],[108.1621,15.3867],[108.1611,15.3889],[108.1568,15.3918],[108.1515,15.3868],[108.1512,15.3835],[108.1546,15.3793],[108.1576,15.3789],[108.1619,15.3748],[108.1618,15.3662],[108.1662,15.364],[108.1758,15.3562],[108.1756,15.3498],[108.177,15.3468],[108.1801,15.3435],[108.1786,15.3401],[108.1787,15.3382],[108.1821,15.3323],[108.1826,15.3285],[108.1886,15.3228],[108.1851,15.3185],[108.187,15.3146],[108.186,15.3136],[108.1864,15.3081],[108.1893,15.3048],[108.1882,15.3026],[108.1896,15.3001],[108.1901,15.297],[108.1872,15.2965],[108.1848,15.2925],[108.186,15.2876],[108.1945,15.291],[108.1982,15.292],[108.2009,15.2912],[108.2033,15.2934],[108.2057,15.2935],[108.2081,15.2972],[108.2132,15.2964],[108.2164,15.2949],[108.2193,15.2897],[108.2222,15.2911],[108.2237,15.2935],[108.2282,15.2935],[108.2318,15.2922],[108.2334,15.29],[108.2386,15.2883],[108.2434,15.2909],[108.2468,15.2905],[108.2549,15.2931],[108.2584,15.296],[108.2619,15.2957],[108.2632,15.2982],[108.2642,15.3087],[108.2656,15.3099],[108.266,15.3141],[108.2678,15.3154],[108.2726,15.3165],[108.2828,15.3227],[108.2859,15.3264],[108.2851,15.3284],[108.2872,15.3306],[108.2904,15.3361],[108.291,15.3397],[108.2884,15.3454],[108.2921,15.3489],[108.2908,15.3521],[108.2851,15.3531],[108.2792,15.3597],[108.2786,15.3625],[108.2836,15.3635],[108.2862,15.3622],[108.2921,15.3629],[108.292,15.369],[108.2988,15.3709],[108.3022,15.3732],[108.3036,15.3785],[108.307,15.3816],[108.3096,15.3865],[108.3095,15.3915],[108.3106,15.3941],[108.31,15.3979],[108.3114,15.4001]]]},"properties":{"ma_xa":"20900","ten_xa":"Trà My","sap_nhap":"Trà My, Trà Sơn, Trà Giang, Trà Dương","tru_so":"đang cập nhật","loai":"Xã","cap":2,"stt":38,"dtich_km2":130.6,"dan_so":19956,"matdo_km2":152.8,"ma_tinh":"48","ten_tinh":"Đà Nẵng"}},
{"type":"Feature","geometry":{"type":"Polygon","coordinates":[[[108.2656,15.3099],[108.2642,15.3087],[108.2632,15.2982],[108.2619,15.2957],[108.2584,15.296],[108.2549,15.2931],[108.2468,15.2905],[108.2434,15.2909],[108.2386,15.2883],[108.2334,15.29],[108.2318,15.2922],[108.2282,15.2935],[108.2237,15.2935],[108.2222,15.2911],[108.2193,15.2897],[108.2164,15.2949],[108.2132,15.2964],[108.2081,15.2972],[108.2057,15.2935],[108.2033,15.2934],[108.2009,15.2912],[108.1982,15.292],[108.1945,15.291],[108.186,15.2876],[108.1848,15.2925],[108.1872,15.2965],[108.1901,15.297],[108.1896,15.3001],[108.1882,15.3026],[108.1893,15.3048],[108.1864,15.3081],[108.186,15.3136],[108.187,15.3146],[108.1851,15.3185],[108.1886,15.3228],[108.1826,15.3285],[108.1821,15.3323],[108.1787,15.3382],[108.1786,15.3401],[108.1767,15.3396],[108.1744,15.3365],[108.1688,15.3354],[108.1615,15.3327],[108.1535,15.3333],[108.1508,15.3314],[108.1428,15.3304],[108.1389,15.3305],[108.138,15.3273],[108.1236,15.3224],[108.123,15.3187],[108.1241,15.3108],[108.125,15.2988],[108.1276,15.2858],[108.1094,15.2903],[108.1098,15.2867],[108.1081,15.2823],[108.1085,15.2788],[108.0987,15.2731],[108.0967,15.2704],[108.099,15.2675],[108.1007,15.2631],[108.1032,15.2615],[108.1036,15.2589],[108.1054,15.257],[108.1078,15.2572],[108.1088,15.2542],[108.1123,15.2529],[108.1117,15.2496],[108.1103,15.2483],[108.1143,15.2477],[108.1139,15.2451],[108.116,15.2426],[108.115,15.2409],[108.1155,15.2352],[108.1172,15.2326],[108.1166,15.2295],[108.1205,15.2254],[108.1193,15.2225],[108.1224,15.2219],[108.1246,15.2198],[108.1271,15.2195],[108.1275,15.2176],[108.1307,15.2165],[108.1318,15.2178],[108.1366,15.2168],[108.14,15.2152],[108.1434,15.2149],[108.1452,15.2104],[108.1476,15.2113],[108.1495,15.2098],[108.1507,15.2068],[108.1526,15.2068],[108.1547,15.2042],[108.1593,15.2031],[108.1595,15.2001],[108.1637,15.1988],[108.164,15.1974],[108.1699,15.1933],[108.1693,15.188],[108.1721,15.1868],[108.1744,15.1876],[108.1772,15.1863],[108.1791,15.183],[108.1806,15.183],[108.1848,15.1783],[108.1889,15.1754],[108.1908,15.1751],[108.1946,15.1776],[108.1955,15.1815],[108.198,15.1829],[108.2001,15.1855],[108.2049,15.1863],[108.2069,15.1886],[108.2092,15.1888],[108.2112,15.1912],[108.2111,15.1957],[108.2078,15.1957],[108.2059,15.1994],[108.206,15.2023],[108.2077,15.206],[108.2058,15.2083],[108.2068,15.2123],[108.2055,15.2163],[108.2057,15.2192],[108.208,15.2245],[108.2082,15.2293],[108.2122,15.231],[108.2139,15.2329],[108.2189,15.2342],[108.2212,15.2336],[108.2269,15.2372],[108.2313,15.2379],[108.2342,15.2416],[108.2376,15.2497],[108.2434,15.2476],[108.2453,15.2495],[108.2493,15.2502],[108.2496,15.2533],[108.2568,15.2568],[108.2634,15.2578],[108.2691,15.2595],[108.2717,15.2595],[108.2746,15.2622],[108.2767,15.2628],[108.2796,15.2657],[108.2806,15.2687],[108.2809,15.2732],[108.282,15.2778],[108.2874,15.279],[108.2948,15.2786],[108.2994,15.2789],[108.3003,15.2851],[108.2993,15.2868],[108.3005,15.2906],[108.2969,15.2962],[108.2961,15.3002],[108.2911,15.3032],[108.2914,15.3075],[108.2851,15.3132],[108.2814,15.3116],[108.2771,15.3128],[108.2756,15.3094],[108.2735,15.3085],[108.2702,15.3115],[108.2656,15.3099]]]},"properties":{"ma_xa":"20923","ten_xa":"Trà Tân","sap_nhap":"Trà Giác, Trà Tân","tru_so":"đang cập nhật","loai":"Xã","cap":2,"stt":36,"dtich_km2":183.08,"dan_so":6293,"matdo_km2":34.37,"ma_tinh":"48","ten_tinh":"Đà Nẵng"}},
{"type":"Feature","geometry":{"type":"Polygon","coordinates":[[[108.0938,15.2272],[108.0886,15.2301],[108.0847,15.233],[108.0816,15.2378],[108.0736,15.2369],[108.0721,15.2346],[108.0696,15.2349],[108.0691,15.232],[108.0672,15.2314],[108.0632,15.2245],[108.0595,15.2225],[108.0583,15.2194],[108.0589,15.2172],[108.0576,15.215],[108.0551,15.2143],[108.0517,15.21],[108.0452,15.2076],[108.0419,15.2085],[108.0397,15.2034],[108.0386,15.1977],[108.037,15.1936],[108.0367,15.1897],[108.0391,15.1859],[108.0426,15.1789],[108.0396,15.1777],[108.0384,15.1755],[108.0332,15.1735],[108.0308,15.1708],[108.0293,15.1673],[108.0263,15.1631],[108.0255,15.1591],[108.0269,15.1542],[108.02,15.1488],[108.018,15.149],[108.0135,15.147],[108.0115,15.1472],[108.0073,15.1457],[108.0043,15.1426],[108.0007,15.1344],[108.0007,15.1299],[107.9984,15.1283],[107.9994,15.124],[108.0024,15.1222],[108.0022,15.1188],[107.999,15.1176],[107.9958,15.1145],[107.993,15.1104],[107.9929,15.1075],[107.9886,15.0988],[107.9888,15.0958],[107.9892,15.0939],[107.9951,15.0921],[107.9957,15.0887],[107.997,15.088],[107.9993,15.0839],[107.9992,15.0807],[108.0008,15.0788],[108.0092,15.0748],[108.0092,15.071],[108.0037,15.0662],[108.007,15.0639],[108.0117,15.062],[108.0193,15.0613],[108.0235,15.058],[108.026,15.0589],[108.0281,15.0549],[108.0316,15.0522],[108.0369,15.0433],[108.0407,15.0442],[108.0451,15.0427],[108.0517,15.0431],[108.0579,15.0476],[108.061,15.049],[108.0639,15.0478],[108.0663,15.0482],[108.0681,15.0453],[108.0718,15.0456],[108.0733,15.048],[108.0757,15.0475],[108.0774,15.0511],[108.0833,15.0537],[108.0852,15.0567],[108.0878,15.0576],[108.0889,15.0607],[108.0925,15.066],[108.0938,15.0792],[108.097,15.0843],[108.0963,15.0883],[108.0987,15.0902],[108.0975,15.0927],[108.098,15.0956],[108.1009,15.0961],[108.1036,15.1015],[108.1069,15.1026],[108.1108,15.1116],[108.1125,15.1123],[108.1167,15.1164],[108.1155,15.1211],[108.1191,15.1259],[108.1157,15.1285],[108.1119,15.1336],[108.1069,15.1338],[108.1065,15.1351],[108.1106,15.1396],[108.1082,15.1441],[108.1093,15.1461],[108.1087,15.1508],[108.1107,15.1528],[108.1082,15.1553],[108.1095,15.1591],[108.112,15.1599],[108.1125,15.1657],[108.1124,15.1725],[108.115,15.1813],[108.1157,15.1865],[108.1142,15.1932],[108.1066,15.2006],[108.1048,15.2008],[108.1019,15.203],[108.0976,15.2092],[108.0966,15.213],[108.0938,15.2185],[108.0938,15.2272]]]},"properties":{"ma_xa":"20941","ten_xa":"Trà Tập","sap_nhap":"Trà Cang, Trà Tập","tru_so":"đang cập nhật","loai":"Xã","cap":2,"stt":40,"dtich_km2":183.17,"dan_so":8384,"matdo_km2":45.77,"ma_tinh":"48","ten_tinh":"Đà Nẵng"}},
{"type":"Feature","geometry":{"type":"Polygon","coordinates":[[[108.2603,15.1183],[108.2579,15.1191],[108.2528,15.1189],[108.2492,15.1198],[108.2479,15.1224],[108.2451,15.1249],[108.2423,15.1252],[108.2365,15.1303],[108.2287,15.1313],[108.2246,15.1366],[108.2241,15.1386],[108.2184,15.1481],[108.2169,15.149],[108.2136,15.139],[108.212,15.1385],[108.2105,15.1355],[108.2075,15.1336],[108.2052,15.131],[108.2026,15.1296],[108.2002,15.1261],[108.1976,15.1245],[108.1947,15.1274],[108.1926,15.1281],[108.1901,15.132],[108.1852,15.1254],[108.179,15.124],[108.1746,15.1196],[108.1675,15.1215],[108.165,15.1211],[108.1564,15.1235],[108.1531,15.1235],[108.1502,15.1209],[108.1478,15.1164],[108.1454,15.114],[108.1467,15.1079],[108.1499,15.1091],[108.1556,15.1058],[108.1574,15.1029],[108.1609,15.1018],[108.1633,15.0989],[108.1671,15.0994],[108.1693,15.1011],[108.1729,15.0991],[108.1741,15.0957],[108.1775,15.0905],[108.1793,15.0869],[108.1766,15.0784],[108.1716,15.073],[108.1669,15.0649],[108.1624,15.0611],[108.1662,15.0594],[108.1684,15.0613],[108.1711,15.0618],[108.1771,15.0602],[108.1785,15.0587],[108.1843,15.0557],[108.1853,15.0538],[108.1892,15.0514],[108.1918,15.0489],[108.1919,15.0458],[108.1941,15.0424],[108.1965,15.041],[108.1998,15.0439],[108.2024,15.0425],[108.204,15.0401],[108.2085,15.0372],[108.2095,15.0338],[108.2133,15.0318],[108.2172,15.0322],[108.22,15.0296],[108.2226,15.0309],[108.2244,15.0294],[108.2301,15.0326],[108.2343,15.0317],[108.2385,15.0321],[108.2427,15.039],[108.243,15.0421],[108.2398,15.0461],[108.2383,15.0469],[108.2381,15.051],[108.2398,15.0535],[108.2402,15.0577],[108.242,15.0649],[108.2406,15.0694],[108.2365,15.0742],[108.235,15.0783],[108.2418,15.0805],[108.2452,15.0833],[108.2511,15.0843],[108.2539,15.0878],[108.2574,15.0908],[108.2562,15.0932],[108.2591,15.0973],[108.2585,15.1012],[108.2597,15.1027],[108.2595,15.1059],[108.2574,15.1076],[108.2571,15.1151],[108.2603,15.1183]]]},"properties":{"ma_xa":"20959","ten_xa":"Trà Vân","sap_nhap":"Trà Vinh, Trà Vân","tru_so":"đang cập nhật","loai":"Xã","cap":2,"stt":41,"dtich_km2":85.58,"dan_so":5342,"matdo_km2":62.42,"ma_tinh":"48","ten_tinh":"Đà Nẵng"}},
{"type":"Feature","geometry":{"type":"Polygon","coordinates":[[[108.1196,15.6441],[108.1173,15.6442],[108.1096,15.6399],[108.1055,15.6433],[108.1031,15.6444],[108.1015,15.6432],[108.1001,15.6421],[108.1007,15.6393],[108.1032,15.6379],[108.1067,15.634],[108.1064,15.6284],[108.1032,15.6213],[108.1032,15.6163],[108.1014,15.6129],[108.1013,15.6085],[108.1047,15.6073],[108.106,15.6007],[108.1097,15.5974],[108.1116,15.5971],[108.112,15.5938],[108.1136,15.5909],[108.1162,15.5893],[108.1201,15.5929],[108.1234,15.5952],[108.1265,15.5928],[108.1262,15.5878],[108.1285,15.5864],[108.128,15.5826],[108.1315,15.5811],[108.1358,15.5803],[108.132,15.5779],[108.1308,15.5695],[108.1268,15.5687],[108.1218,15.5685],[108.1201,15.5515],[108.1241,15.5453],[108.1258,15.5408],[108.1285,15.538],[108.1307,15.5385],[108.132,15.5406],[108.145,15.5427],[108.1485,15.5403],[108.1535,15.5399],[108.1548,15.5344],[108.1523,15.5301],[108.1463,15.5248],[108.1414,15.5232],[108.1389,15.5234],[108.1367,15.522],[108.1286,15.5199],[108.1258,15.5167],[108.1254,15.514],[108.1268,15.5111],[108.1304,15.508],[108.133,15.5015],[108.1352,15.5042],[108.14,15.5069],[108.1429,15.5073],[108.1473,15.5058],[108.1491,15.5032],[108.1525,15.5021],[108.1568,15.5018],[108.1639,15.4971],[108.1671,15.4978],[108.1709,15.5006],[108.1709,15.5084],[108.1736,15.5065],[108.1807,15.5044],[108.1837,15.5017],[108.1879,15.4999],[108.1918,15.5008],[108.1986,15.4991],[108.2055,15.4965],[108.2108,15.4927],[108.2141,15.4917],[108.2165,15.4941],[108.2212,15.4957],[108.2173,15.4993],[108.2182,15.5014],[108.2148,15.5077],[108.2162,15.5108],[108.2154,15.516],[108.2124,15.524],[108.2127,15.5261],[108.2085,15.5285],[108.2049,15.5291],[108.2045,15.531],[108.2012,15.5336],[108.2037,15.5359],[108.2017,15.5403],[108.2017,15.5435],[108.2055,15.5447],[108.2048,15.5495],[108.207,15.5515],[108.2043,15.5542],[108.208,15.5577],[108.2105,15.5574],[108.2165,15.5615],[108.2203,15.5614],[108.2196,15.5654],[108.2167,15.5661],[108.2183,15.573],[108.2214,15.572],[108.2283,15.5745],[108.2328,15.5782],[108.2362,15.5774],[108.2374,15.5821],[108.2413,15.5838],[108.2442,15.5873],[108.253,15.5903],[108.2564,15.599],[108.2548,15.6038],[108.2518,15.6069],[108.2493,15.6068],[108.2453,15.608],[108.2417,15.6069],[108.2382,15.6088],[108.2384,15.6115],[108.2331,15.6146],[108.2296,15.6145],[108.2294,15.6163],[108.232,15.6178],[108.2327,15.6198],[108.2291,15.6215],[108.2227,15.6194],[108.2193,15.6206],[108.2176,15.6227],[108.2144,15.6212],[108.2087,15.6208],[108.2057,15.6216],[108.197,15.6222],[108.1919,15.6238],[108.1875,15.6226],[108.1852,15.6208],[108.1824,15.6203],[108.1789,15.6217],[108.1772,15.6199],[108.1735,15.6204],[108.1691,15.6234],[108.1662,15.6226],[108.1616,15.6226],[108.16,15.6193],[108.1553,15.6198],[108.1533,15.623],[108.148,15.6261],[108.146,15.6252],[108.1435,15.628],[108.1411,15.6282],[108.139,15.6318],[108.131,15.6371],[108.1306,15.6405],[108.1273,15.643],[108.121,15.6427],[108.1196,15.6441]]]},"properties":{"ma_xa":"20767","ten_xa":"Việt An","sap_nhap":"Thăng Phước, Bình Sơn, Quế Thọ, Bình Lâm","tru_so":"đang cập nhật","loai":"Xã","cap":2,"stt":88,"dtich_km2":150.17,"dan_so":26196,"matdo_km2":174.44,"ma_tinh":"48","ten_tinh":"Đà Nẵng"}},
{"type":"Feature","geometry":{"type":"Polygon","coordinates":[[[108.077,15.8682],[108.0777,15.8719],[108.0698,15.875],[108.0663,15.8747],[108.0607,15.8717],[108.0611,15.8693],[108.0594,15.8675],[108.0537,15.8665],[108.0514,15.865],[108.0493,15.8659],[108.0471,15.862],[108.052,15.857],[108.0445,15.8557],[108.0355,15.8578],[108.0364,15.8529],[108.0352,15.8513],[108.0318,15.8507],[108.0295,15.8514],[108.0278,15.8554],[108.0247,15.854],[108.02,15.8502],[108.0142,15.8482],[108.013,15.8444],[108.0144,15.8421],[108.0161,15.8411],[108.0204,15.8423],[108.0257,15.8381],[108.0308,15.8371],[108.0341,15.8397],[108.0389,15.8412],[108.0394,15.8453],[108.0426,15.8465],[108.0489,15.8452],[108.0508,15.8428],[108.0561,15.8418],[108.0554,15.839],[108.0601,15.8386],[108.0721,15.8417],[108.0728,15.8404],[108.0811,15.8407],[108.0821,15.834],[108.0886,15.8373],[108.0901,15.8389],[108.0956,15.8369],[108.0995,15.8364],[108.1009,15.8337],[108.1052,15.8339],[108.1086,15.8385],[108.1149,15.8427],[108.1085,15.8474],[108.1011,15.8487],[108.0991,15.8512],[108.0993,15.8554],[108.0986,15.859],[108.1026,15.8603],[108.1034,15.8652],[108.1053,15.8655],[108.1033,15.8708],[108.0982,15.871],[108.0958,15.8678],[108.0914,15.8645],[108.0864,15.8651],[108.0809,15.864],[108.077,15.8682]]]},"properties":{"ma_xa":"20539","ten_xa":"Vu Gia","sap_nhap":"Đại Phong, Đại Minh, Đại Cường","tru_so":"đang cập nhật","loai":"Xã","cap":2,"stt":72,"dtich_km2":25.12,"dan_so":27649,"matdo_km2":1100.68,"ma_tinh":"48","ten_tinh":"Đà Nẵng"}},
{"type":"Feature","geometry":{"type":"Polygon","coordinates":[[[108.3305,15.8154],[108.3259,15.8141],[108.325,15.812],[108.3211,15.8145],[108.3199,15.82],[108.3156,15.8216],[108.3131,15.8198],[108.3085,15.8209],[108.3061,15.8237],[108.3002,15.8247],[108.2989,15.8287],[108.2928,15.829],[108.2915,15.8284],[108.2883,15.8247],[108.2835,15.8287],[108.2837,15.8249],[108.2792,15.8241],[108.2793,15.8225],[108.2748,15.8212],[108.2724,15.8188],[108.2729,15.8113],[108.2714,15.8104],[108.2719,15.8022],[108.2685,15.7993],[108.2666,15.7958],[108.2645,15.7965],[108.2627,15.793],[108.2617,15.7868],[108.2667,15.7829],[108.2667,15.7776],[108.2686,15.7714],[108.2673,15.769],[108.2634,15.7682],[108.261,15.7658],[108.2681,15.758],[108.2695,15.7539],[108.2737,15.7528],[108.276,15.7539],[108.2841,15.7554],[108.2883,15.7548],[108.2916,15.7572],[108.2898,15.7593],[108.3074,15.7674],[108.3121,15.7661],[108.3168,15.7679],[108.3195,15.7672],[108.3258,15.7731],[108.332,15.773],[108.3361,15.7656],[108.3394,15.7676],[108.3412,15.7671],[108.3454,15.7698],[108.348,15.7676],[108.3527,15.773],[108.3526,15.7764],[108.3467,15.7872],[108.3424,15.7957],[108.3391,15.8039],[108.3357,15.8077],[108.3339,15.8119],[108.3305,15.8154]]]},"properties":{"ma_xa":"20650","ten_xa":"Xuân Phú","sap_nhap":"Hương An, Quế Xuân 1, Quế Xuân 2, Quế Phú","tru_so":"đang cập nhật","loai":"Xã","cap":2,"stt":52,"dtich_km2":51.99,"dan_so":37083,"matdo_km2":713.27,"ma_tinh":"48","ten_tinh":"Đà Nẵng"}}
]}