{"type":"FeatureCollection", "features": [
{"type":"Feature","geometry":{"type":"Polygon","coordinates":[[[106.6698,10.7495],[106.6737,10.7487],[106.6761,10.7495],[106.6773,10.7515],[106.675,10.7613],[106.6689,10.7599],[106.6656,10.7592],[106.667,10.7501],[106.6698,10.7495]]]},"properties":{"ma_xa":"27316","ten_xa":"An Đông","sap_nhap":"Phường 5 (Quận 5), Phường 7 (Quận 5), Phường 9 (Quận 5)","tru_so":"209 An Dương Vương, phường 7, quận 5 cũ","loai":"Phường","cap":2,"stt":74,"dtich_km2":1.32,"dan_so":81229,"matdo_km2":61537.12,"ma_tinh":"79","ten_tinh":"TP. Hồ Chí Minh"}},
{"type":"Feature","geometry":{"type":"Polygon","coordinates":[[[106.6758,10.853],[106.6752,10.8568],[106.6735,10.8601],[106.6721,10.8604],[106.668,10.8575],[106.6628,10.8555],[106.6593,10.8576],[106.6571,10.8577],[106.656,10.8548],[106.6561,10.8514],[106.6569,10.8477],[106.6648,10.845],[106.6652,10.8387],[106.6705,10.8386],[106.6712,10.8416],[106.6743,10.8462],[106.6769,10.8487],[106.6759,10.852],[106.6758,10.853]]]},"properties":{"ma_xa":"26878","ten_xa":"An Hội Đông","sap_nhap":"Phường 15 (quận Gò Vấp), Phường 16 (quận Gò Vấp)","tru_so":"328 Thống Nhất, Phường 16, quận Gò Vấp cũ","loai":"Phường","cap":2,"stt":112,"dtich_km2":3.29,"dan_so":123681,"matdo_km2":37593.01,"ma_tinh":"79","ten_tinh":"TP. Hồ Chí Minh"}},
{"type":"Feature","geometry":{"type":"Polygon","coordinates":[[[106.6561,10.8514],[106.656,10.8548],[106.6571,10.8577],[106.6523,10.8607],[106.6509,10.8598],[106.6471,10.8579],[106.6464,10.8546],[106.643,10.8522],[106.6427,10.8508],[106.6352,10.8453],[106.6324,10.8405],[106.6324,10.833],[106.6381,10.83],[106.6426,10.8282],[106.6463,10.8374],[106.6472,10.8393],[106.6401,10.8443],[106.6509,10.8495],[106.6561,10.8514]]]},"properties":{"ma_xa":"26882","ten_xa":"An Hội Tây","sap_nhap":"Phường 12 (quận Gò Vấp), Phường 14 (quận Gò Vấp)","tru_so":"397 Phan Huy Ích, phường 14, quận Gò Vấp cũ","loai":"Phường","cap":2,"stt":114,"dtich_km2":3.81,"dan_so":121004,"matdo_km2":31759.58,"ma_tinh":"79","ten_tinh":"TP. Hồ Chí Minh"}},
{"type":"Feature","geometry":{"type":"Polygon","coordinates":[[[106.7512,10.813],[106.7484,10.8097],[106.7433,10.8084],[106.7376,10.8109],[106.7341,10.8185],[106.7316,10.8198],[106.726,10.8171],[106.7237,10.8143],[106.7222,10.8098],[106.7229,10.8066],[106.7265,10.8014],[106.7275,10.7981],[106.7262,10.7922],[106.7241,10.789],[106.7203,10.7865],[106.7153,10.7852],[106.7114,10.783],[106.7086,10.7769],[106.7085,10.7695],[106.7101,10.7661],[106.7131,10.7633],[106.7221,10.7593],[106.7262,10.7592],[106.7304,10.76],[106.7333,10.7629],[106.7354,10.7746],[106.7378,10.777],[106.7403,10.7776],[106.744,10.7763],[106.745,10.7796],[106.7467,10.7817],[106.7451,10.7843],[106.7509,10.7878],[106.7543,10.8058],[106.7567,10.8105],[106.757,10.8132],[106.7512,10.813]]]},"properties":{"ma_xa":"27094","ten_xa":"An Khánh","sap_nhap":"Thủ Thiêm, An Lợi Đông, Thảo Điền, An Khánh, An Phú (thành phố Thủ Đức, 1 phần)","tru_so":"171/1 Lương Định Của, phường An Khánh, TP Thủ Đức cũ","loai":"Phường","cap":2,"stt":140,"dtich_km2":15.33,"dan_so":76967,"matdo_km2":5020.68,"ma_tinh":"79","ten_tinh":"TP. Hồ Chí Minh"}},
{"type":"Feature","geometry":{"type":"Polygon","coordinates":[[[106.6244,10.756],[106.6213,10.7571],[106.6126,10.7582],[106.6066,10.758],[106.6058,10.7522],[106.6041,10.7519],[106.6041,10.7454],[106.5975,10.7436],[106.6023,10.736],[106.6028,10.7337],[106.6001,10.7179],[106.6041,10.7173],[106.6037,10.7129],[106.6038,10.711],[106.616,10.7143],[106.619,10.7162],[106.6202,10.7266],[106.6212,10.7347],[106.6223,10.739],[106.6218,10.7414],[106.6231,10.7451],[106.6238,10.7457],[106.6244,10.756]]]},"properties":{"ma_xa":"27460","ten_xa":"An Lạc","sap_nhap":"Bình Trị Đông B, An Lạc A, An Lạc","tru_so":"521 Kinh Dương Vương, phường An Lạc, quận Bình Tân cũ","loai":"Phường","cap":2,"stt":99,"dtich_km2":10.47,"dan_so":172134,"matdo_km2":16440.69,"ma_tinh":"79","ten_tinh":"TP. Hồ Chí Minh"}},
{"type":"Feature","geometry":{"type":"Polygon","coordinates":[[[106.7043,11.3962],[106.7001,11.3995],[106.6972,11.403],[106.6931,11.4018],[106.693,11.3995],[106.6864,11.3955],[106.6839,11.3985],[106.6803,11.3976],[106.6774,11.3979],[106.6758,11.4018],[106.6733,11.4012],[106.679,11.385],[106.6762,11.3828],[106.6778,11.3802],[106.6789,11.3755],[106.6775,11.3729],[106.6777,11.3672],[106.6771,11.3627],[106.6738,11.3544],[106.6717,11.3539],[106.6651,11.3542],[106.659,11.3559],[106.6554,11.3525],[106.653,11.3489],[106.6484,11.3458],[106.6476,11.3443],[106.6437,11.3414],[106.6457,11.3381],[106.6455,11.3335],[106.6463,11.3303],[106.6522,11.3251],[106.6581,11.319],[106.6633,11.3186],[106.6658,11.3157],[106.6707,11.3125],[106.6757,11.3156],[106.6788,11.3148],[106.6835,11.3059],[106.6834,11.2917],[106.6828,11.2815],[106.6822,11.2764],[106.6823,11.2708],[106.6818,11.2489],[106.7071,11.252],[106.7103,11.2578],[106.714,11.2591],[106.7165,11.257],[106.721,11.2587],[106.7262,11.2604],[106.7291,11.2599],[106.7302,11.2629],[106.7278,11.264],[106.7268,11.2705],[106.7237,11.2752],[106.7219,11.28],[106.7266,11.2799],[106.7308,11.2773],[106.7301,11.2725],[106.7331,11.2719],[106.7375,11.2721],[106.7405,11.2784],[106.7396,11.2811],[106.7333,11.2855],[106.7316,11.2876],[106.7313,11.2907],[106.7325,11.2927],[106.734,11.2987],[106.7308,11.3033],[106.7281,11.3059],[106.7253,11.3068],[106.7241,11.3109],[106.7262,11.3145],[106.7297,11.3184],[106.7315,11.3191],[106.7315,11.3222],[106.7294,11.325],[106.7301,11.3286],[106.7351,11.329],[106.7357,11.3362],[106.7351,11.3405],[106.7319,11.3432],[106.7312,11.3455],[106.7336,11.3493],[106.7348,11.3532],[106.7333,11.3575],[106.7333,11.3609],[106.7321,11.3672],[106.7338,11.3734],[106.7292,11.3764],[106.7276,11.3785],[106.7277,11.3813],[106.7234,11.3799],[106.7147,11.3842],[106.7117,11.3876],[106.7106,11.3918],[106.7043,11.3962]]]},"properties":{"ma_xa":"25867","ten_xa":"An Long","sap_nhap":"An Linh, Tân Long, An Long","tru_so":"Tổ 04, ấp Xóm Quạt, xã An Long, huyện Phú Giáo, tỉnh Bình Dương cũ","loai":"Xã","cap":2,"stt":53,"dtich_km2":100.05,"dan_so":17906,"matdo_km2":178.97,"ma_tinh":"79","ten_tinh":"TP. Hồ Chí Minh"}},
{"type":"Feature","geometry":{"type":"Polygon","coordinates":[[[106.6952,10.8309],[106.6931,10.83],[106.6909,10.8331],[106.6905,10.8365],[106.689,10.8387],[106.6892,10.8435],[106.6879,10.8465],[106.6829,10.8481],[106.6844,10.8507],[106.6822,10.8516],[106.6788,10.851],[106.6784,10.8471],[106.6766,10.842],[106.6804,10.838],[106.6821,10.8335],[106.6844,10.8345],[106.6905,10.8275],[106.6865,10.8242],[106.689,10.8209],[106.6935,10.822],[106.6986,10.8234],[106.6991,10.8257],[106.7011,10.8272],[106.6999,10.8301],[106.6952,10.8309]]]},"properties":{"ma_xa":"26876","ten_xa":"An Nhơn","sap_nhap":"Phường 5 (quận Gò Vấp), Phường 6 (quận Gò Vấp)","tru_so":"1C Nguyễn Văn Lượng, phường 6, Gò Vấp cũ","loai":"Phường","cap":2,"stt":110,"dtich_km2":3.23,"dan_so":114498,"matdo_km2":35448.3,"ma_tinh":"79","ten_tinh":"TP. Hồ Chí Minh"}},
{"type":"Feature","geometry":{"type":"Polygon","coordinates":[[[106.5239,11.0738],[106.5258,11.0793],[106.5287,11.0831],[106.5334,11.0879],[106.5338,11.0899],[106.531,11.0924],[106.5272,11.0916],[106.5241,11.0899],[106.5216,11.0913],[106.5168,11.0987],[106.5176,11.1022],[106.5245,11.104],[106.5262,11.1056],[106.5278,11.1152],[106.5259,11.1215],[106.5212,11.122],[106.5175,11.1243],[106.5144,11.1277],[106.5112,11.1359],[106.5076,11.1419],[106.5023,11.1403],[106.4962,11.143],[106.4894,11.1446],[106.4824,11.1424],[106.4784,11.1423],[106.472,11.1434],[106.4674,11.1484],[106.4711,11.1539],[106.4641,11.1597],[106.4588,11.1586],[106.4565,11.1602],[106.4531,11.1586],[106.4518,11.1562],[106.4519,11.1518],[106.4563,11.1533],[106.4581,11.1516],[106.4579,11.1451],[106.4561,11.1408],[106.4513,11.1363],[106.4478,11.136],[106.4484,11.1308],[106.4447,11.1263],[106.4425,11.1159],[106.4374,11.1116],[106.4374,11.1099],[106.4398,11.1075],[106.4448,11.1044],[106.447,11.0993],[106.4453,11.0971],[106.4518,11.0822],[106.4515,11.0789],[106.4523,11.0721],[106.4558,11.0606],[106.4559,11.0561],[106.4569,11.0547],[106.4579,11.0522],[106.462,11.0484],[106.4654,11.0466],[106.4684,11.046],[106.4707,11.0435],[106.4734,11.0467],[106.4761,11.0487],[106.4759,11.0503],[106.4851,11.0565],[106.4855,11.0576],[106.491,11.0611],[106.5034,11.0648],[106.5078,11.0645],[106.5101,11.0652],[106.5132,11.0685],[106.5137,11.0712],[106.5169,11.0731],[106.5211,11.0744],[106.5239,11.0738]]]},"properties":{"ma_xa":"27508","ten_xa":"An Nhơn Tây","sap_nhap":"Phú Mỹ Hưng, An Phú, An Nhơn Tây","tru_so":"1407 đường Tỉnh lộ 7, xã An Nhơn Tây, huyện Củ Chi cũ ","loai":"Xã","cap":2,"stt":154,"dtich_km2":77.7,"dan_so":40896,"matdo_km2":526.33,"ma_tinh":"79","ten_tinh":"TP. Hồ Chí Minh"}},
{"type":"Feature","geometry":{"type":"Polygon","coordinates":[[[106.75,10.9772],[106.741,10.9781],[106.7407,10.9816],[106.7424,10.9866],[106.7378,10.9864],[106.7301,10.9879],[106.7265,10.9909],[106.7232,10.9922],[106.7229,10.99],[106.7222,10.984],[106.7161,10.9738],[106.7191,10.9717],[106.7252,10.9704],[106.7265,10.9669],[106.7251,10.9645],[106.7263,10.9608],[106.7257,10.957],[106.7268,10.9461],[106.7235,10.9424],[106.725,10.9398],[106.7235,10.9351],[106.7283,10.9351],[106.7283,10.9278],[106.7418,10.9268],[106.7421,10.9321],[106.7507,10.9372],[106.7495,10.9395],[106.7483,10.9447],[106.747,10.9472],[106.7453,10.9537],[106.7472,10.9575],[106.7528,10.9641],[106.7528,10.9665],[106.749,10.9709],[106.75,10.9772]]]},"properties":{"ma_xa":"25975","ten_xa":"An Phú","sap_nhap":"An Phú (thành phố Thuận An), Bình Chuẩn (1 phần)","tru_so":"ĐT743, khu phố 1A, phường An Phú, TP Thuận An, tỉnh Bình Dương cũ","loai":"Phường","cap":2,"stt":35,"dtich_km2":16.85,"dan_so":162930,"matdo_km2":9669.44,"ma_tinh":"79","ten_tinh":"TP. Hồ Chí Minh"}},
{"type":"Feature","geometry":{"type":"Polygon","coordinates":[[[106.7133,10.8657],[106.7104,10.8665],[106.7018,10.8673],[106.6984,10.8696],[106.6903,10.8795],[106.6889,10.8825],[106.6892,10.8855],[106.6939,10.8936],[106.6944,10.8971],[106.6927,10.9043],[106.688,10.9013],[106.6891,10.8963],[106.6849,10.8882],[106.6818,10.8855],[106.6798,10.8824],[106.677,10.876],[106.6769,10.8712],[106.6788,10.8677],[106.6763,10.8583],[106.6758,10.853],[106.6759,10.852],[106.6788,10.851],[106.6822,10.8516],[106.6844,10.8507],[106.6829,10.8481],[106.6879,10.8465],[106.6892,10.8435],[106.689,10.8387],[106.6905,10.8365],[106.6909,10.8331],[106.6931,10.83],[106.6952,10.8309],[106.6964,10.8331],[106.7004,10.8352],[106.7028,10.8391],[106.6982,10.843],[106.6978,10.8461],[106.699,10.85],[106.7044,10.8517],[106.7109,10.8511],[106.7156,10.8524],[106.7179,10.8554],[106.7182,10.8575],[106.7169,10.8619],[106.7133,10.8657]]]},"properties":{"ma_xa":"26767","ten_xa":"An Phú Đông","sap_nhap":"Thạnh Lộc, An Phú Đông","tru_so":"Trụ sở UBND phường Thạnh Lộc, quận 12 cũ","loai":"Phường","cap":2,"stt":98,"dtich_km2":14.59,"dan_so":179115,"matdo_km2":12276.56,"ma_tinh":"79","ten_tinh":"TP. Hồ Chí Minh"}},
{"type":"Feature","geometry":{"type":"Polygon","coordinates":[[[106.8727,10.5233],[106.8666,10.5307],[106.861,10.535],[106.8525,10.538],[106.8494,10.5397],[106.8482,10.5427],[106.8501,10.5471],[106.8501,10.5498],[106.8486,10.5519],[106.8398,10.5571],[106.838,10.5597],[106.8375,10.563],[106.8381,10.5704],[106.8344,10.5801],[106.8352,10.5828],[106.8369,10.5838],[106.849,10.583],[106.8488,10.5878],[106.8507,10.5879],[106.8502,10.5914],[106.8458,10.5933],[106.8451,10.5945],[106.8403,10.5945],[106.8367,10.5973],[106.837,10.6008],[106.833,10.6],[106.832,10.6024],[106.8337,10.6056],[106.8322,10.609],[106.8296,10.6071],[106.8289,10.6041],[106.8232,10.6051],[106.8204,10.602],[106.8179,10.6018],[106.8167,10.6041],[106.8182,10.6071],[106.8168,10.6098],[106.8143,10.6085],[106.8117,10.6047],[106.8143,10.6035],[106.8149,10.6013],[106.8143,10.5978],[106.8062,10.5958],[106.8055,10.5949],[106.7984,10.5955],[106.7967,10.5931],[106.79,10.5939],[106.7833,10.5934],[106.7836,10.5855],[106.7829,10.583],[106.7804,10.579],[106.7749,10.5765],[106.7708,10.5767],[106.76,10.5806],[106.7539,10.5809],[106.7498,10.5795],[106.7457,10.5756],[106.7427,10.5712],[106.7417,10.5671],[106.7418,10.5638],[106.7444,10.5494],[106.7478,10.5328],[106.7484,10.5252],[106.7474,10.5156],[106.744,10.5041],[106.7431,10.5],[106.7424,10.4932],[106.7433,10.4877],[106.7452,10.4829],[106.75,10.4736],[106.7518,10.4677],[106.7614,10.4537],[106.7629,10.4511],[106.7727,10.4389],[106.7808,10.4298],[106.8005,10.4126],[106.8054,10.4078],[106.8064,10.4045],[106.8065,10.3994],[106.8078,10.3958],[106.8294,10.3972],[106.8349,10.3961],[106.8379,10.3971],[106.841,10.3999],[106.8524,10.4053],[106.8643,10.4071],[106.8617,10.4174],[106.8597,10.4209],[106.858,10.4283],[106.8591,10.4344],[106.8623,10.4414],[106.8648,10.4452],[106.8665,10.4517],[106.872,10.4574],[106.873,10.4599],[106.8727,10.4635],[106.8705,10.4658],[106.8639,10.4701],[106.8619,10.4757],[106.8625,10.4786],[106.8662,10.4848],[106.867,10.4875],[106.8656,10.4931],[106.8638,10.4947],[106.8655,10.4968],[106.871,10.499],[106.8732,10.5022],[106.8728,10.5047],[106.8677,10.5076],[106.8673,10.5101],[106.8696,10.5122],[106.871,10.515],[106.8712,10.5181],[106.8727,10.5233]]]},"properties":{"ma_xa":"27673","ten_xa":"An Thới Đông","sap_nhap":"Lý Nhơn, An Thới Đông (1 phần)","tru_so":"Trụ sở UBND xã An Thới Đông cũ, ấp An Hòa 1, huyện Cần Giờ cũ","loai":"Xã","cap":2,"stt":149,"dtich_km2":257.85,"dan_so":22607,"matdo_km2":87.68,"ma_tinh":"79","ten_tinh":"TP. Hồ Chí Minh"}},
{"type":"Feature","geometry":{"type":"Polygon","coordinates":[[[106.6149,10.8703],[106.6108,10.8769],[106.6087,10.8746],[106.607,10.875],[106.6061,10.872],[106.6073,10.871],[106.6047,10.8677],[106.6049,10.8653],[106.6013,10.8638],[106.6062,10.8569],[106.6042,10.8555],[106.6018,10.8575],[106.598,10.8581],[106.5952,10.8626],[106.5921,10.8616],[106.589,10.8592],[106.5835,10.8577],[106.581,10.8576],[106.5774,10.8598],[106.5767,10.8612],[106.577,10.8654],[106.5718,10.8699],[106.5661,10.8715],[106.5579,10.8683],[106.5411,10.8707],[106.5349,10.8719],[106.5287,10.8475],[106.5448,10.8431],[106.5452,10.8448],[106.556,10.8431],[106.5624,10.8447],[106.5632,10.8414],[106.5661,10.8411],[106.5693,10.8428],[106.5758,10.8426],[106.5765,10.8384],[106.5822,10.8327],[106.5862,10.8331],[106.5905,10.832],[106.5936,10.8275],[106.6004,10.8261],[106.6033,10.8263],[106.6045,10.8302],[106.6088,10.8369],[106.6153,10.8427],[106.6072,10.8553],[106.6155,10.8674],[106.6149,10.8703]]]},"properties":{"ma_xa":"27592","ten_xa":"Bà Điểm","sap_nhap":"Xuân Thới Thượng, Trung Chánh, Bà Điểm","tru_so":"Trụ sở Đảng ủy - HĐND - UBND xã Bà Điểm cũ","loai":"Xã","cap":2,"stt":161,"dtich_km2":27.36,"dan_so":204289,"matdo_km2":7466.7,"ma_tinh":"79","ten_tinh":"TP. Hồ Chí Minh"}},
{"type":"Feature","geometry":{"type":"Polygon","coordinates":[[[107.2048,10.497],[107.1969,10.5],[107.1925,10.5023],[107.1814,10.509],[107.1896,10.5157],[107.1879,10.5178],[107.186,10.525],[107.1826,10.5271],[107.1779,10.5212],[107.1773,10.5193],[107.1725,10.5162],[107.1716,10.5134],[107.1732,10.5096],[107.1666,10.5004],[107.1652,10.4954],[107.166,10.4913],[107.1692,10.4883],[107.1697,10.4854],[107.1717,10.4828],[107.1698,10.477],[107.164,10.4739],[107.1665,10.4719],[107.1674,10.4643],[107.1749,10.4628],[107.177,10.4645],[107.1777,10.4672],[107.1769,10.4704],[107.1793,10.4722],[107.1843,10.4721],[107.1863,10.4704],[107.1905,10.4688],[107.1909,10.471],[107.1899,10.4745],[107.1906,10.4789],[107.1955,10.48],[107.2003,10.4843],[107.1966,10.4861],[107.2022,10.4928],[107.2043,10.4945],[107.2048,10.497]]]},"properties":{"ma_xa":"26560","ten_xa":"Bà Rịa","sap_nhap":"Phước Trung, Phước Nguyên, Long Toàn, Phước Hưng","tru_so":"137 đường 27/4 phường Phước Trung, thành phố Bà Rịa, tỉnh Bà Rịa-Vũng Tàu cũ","loai":"Phường","cap":2,"stt":5,"dtich_km2":15.55,"dan_so":52265,"matdo_km2":3361.09,"ma_tinh":"79","ten_tinh":"TP. Hồ Chí Minh"}},
{"type":"Feature","geometry":{"type":"Polygon","coordinates":[[[106.9136,11.2304],[106.9089,11.2311],[106.9072,11.2329],[106.905,11.2394],[106.9028,11.2419],[106.8926,11.2386],[106.8877,11.2386],[106.8869,11.2422],[106.8898,11.2441],[106.8906,11.2471],[106.8887,11.2508],[106.8857,11.2534],[106.884,11.2513],[106.8864,11.2474],[106.8863,11.2452],[106.8845,11.2425],[106.88,11.2457],[106.8724,11.249],[106.8716,11.2503],[106.8666,11.2527],[106.8602,11.2528],[106.8554,11.2554],[106.8501,11.2538],[106.8495,11.2515],[106.8486,11.2465],[106.8493,11.2434],[106.8538,11.2413],[106.8542,11.2379],[106.8497,11.2344],[106.8447,11.2327],[106.8415,11.2275],[106.8395,11.226],[106.8336,11.2273],[106.8313,11.2261],[106.8279,11.2208],[106.8271,11.2179],[106.8322,11.2183],[106.8371,11.2174],[106.8389,11.216],[106.839,11.2134],[106.8358,11.2118],[106.8374,11.2078],[106.8358,11.2055],[106.838,11.2015],[106.8368,11.1979],[106.8343,11.195],[106.8312,11.1931],[106.8246,11.1963],[106.8212,11.1959],[106.8157,11.1883],[106.8111,11.1809],[106.8116,11.1787],[106.8096,11.1739],[106.8114,11.1678],[106.8164,11.1663],[106.8239,11.1661],[106.824,11.1579],[106.8248,11.1552],[106.8286,11.1537],[106.8286,11.1497],[106.8264,11.1476],[106.8263,11.1374],[106.8222,11.1371],[106.8223,11.1279],[106.8237,11.1193],[106.8222,11.1189],[106.8214,11.1139],[106.8225,11.1107],[106.8239,11.1016],[106.8231,11.0959],[106.8277,11.0893],[106.8334,11.087],[106.8364,11.0868],[106.8397,11.0884],[106.8428,11.0887],[106.8459,11.0912],[106.8503,11.0928],[106.8587,11.0946],[106.8667,11.0932],[106.8703,11.094],[106.8757,11.0933],[106.8766,11.0955],[106.8799,11.0956],[106.8801,11.1018],[106.8817,11.1063],[106.8859,11.115],[106.8876,11.1177],[106.8935,11.1206],[106.9018,11.124],[106.9072,11.1281],[106.9054,11.1301],[106.8986,11.1414],[106.8972,11.1445],[106.8985,11.1475],[106.9038,11.1507],[106.9079,11.1619],[106.909,11.1672],[106.9152,11.166],[106.9168,11.1714],[106.9188,11.174],[106.9185,11.1775],[106.9155,11.1782],[106.9171,11.1849],[106.9185,11.1857],[106.9198,11.1891],[106.9214,11.1888],[106.9209,11.192],[106.9191,11.193],[106.9127,11.1931],[106.9075,11.1921],[106.9056,11.1942],[106.9072,11.198],[106.9075,11.2016],[106.9057,11.2049],[106.9015,11.2077],[106.902,11.2106],[106.9079,11.211],[106.9118,11.2141],[106.9148,11.2142],[106.9163,11.2157],[106.918,11.2199],[106.918,11.2227],[106.9144,11.2259],[106.9151,11.2288],[106.9136,11.2304]]]},"properties":{"ma_xa":"25906","ten_xa":"Bắc Tân Uyên","sap_nhap":"Tân Thành (thị trấn), Đất Cuốc, Tân Định","tru_so":"Khu phố 2, thị trấn Tân Thành, huyện Bắc Tân Uyên, tỉnh Bình Dương cũ","loai":"Xã","cap":2,"stt":51,"dtich_km2":143.69,"dan_so":27964,"matdo_km2":194.61,"ma_tinh":"79","ten_tinh":"TP. Hồ Chí Minh"}},
{"type":"Feature","geometry":{"type":"Polygon","coordinates":[[[106.6827,10.7758],[106.6775,10.7715],[106.6744,10.7677],[106.6817,10.7654],[106.6845,10.7684],[106.6894,10.7736],[106.6868,10.775],[106.6848,10.7729],[106.6827,10.7758]]]},"properties":{"ma_xa":"27154","ten_xa":"Bàn Cờ","sap_nhap":"Phường 1, Phường 2, Phường 3, Phường 5, Phường 4 (Quận 3, 1 phần)","tru_so":"đang cập nhật","loai":"Phường","cap":2,"stt":67,"dtich_km2":0.99,"dan_so":67616,"matdo_km2":68298.99,"ma_tinh":"79","ten_tinh":"TP. Hồ Chí Minh"}},
{"type":"Feature","geometry":{"type":"Polygon","coordinates":[[[106.6633,11.3186],[106.6541,11.3108],[106.6447,11.3185],[106.6318,11.3175],[106.6319,11.3158],[106.6253,11.3187],[106.6087,11.319],[106.5864,11.3183],[106.5865,11.3052],[106.5862,11.2946],[106.5834,11.2932],[106.5766,11.2948],[106.5733,11.2932],[106.5674,11.2924],[106.5686,11.2906],[106.5736,11.2656],[106.5765,11.2617],[106.5883,11.2629],[106.5896,11.2545],[106.5897,11.25],[106.5862,11.2445],[106.5927,11.2459],[106.6016,11.2474],[106.6199,11.2507],[106.6187,11.2421],[106.6198,11.242],[106.6184,11.2342],[106.6204,11.2309],[106.6243,11.2309],[106.635,11.2289],[106.6338,11.2227],[106.6306,11.2128],[106.6376,11.2152],[106.6407,11.2187],[106.6431,11.2272],[106.6411,11.2308],[106.6418,11.2381],[106.6411,11.2451],[106.6422,11.2501],[106.6419,11.2552],[106.6398,11.26],[106.6394,11.2643],[106.6381,11.2673],[106.6382,11.2708],[106.6409,11.2785],[106.6394,11.2838],[106.6649,11.2845],[106.6648,11.2821],[106.6828,11.2815],[106.6834,11.2917],[106.6835,11.3059],[106.6788,11.3148],[106.6757,11.3156],[106.6707,11.3125],[106.6658,11.3157],[106.6633,11.3186]]]},"properties":{"ma_xa":"25822","ten_xa":"Bàu Bàng","sap_nhap":"Lai Uyên (thị trấn, 1 phần)","tru_so":"Trung tâm hành chính huyện Bàu Bàng, khu phố Đồng Sổ, thị trấn Lai Uyên, Huyện Bàu Bàng, tỉnh Bình Dương cũ","loai":"Xã","cap":2,"stt":58,"dtich_km2":84.09,"dan_so":42219,"matdo_km2":502.07,"ma_tinh":"79","ten_tinh":"TP. Hồ Chí Minh"}},
{"type":"Feature","geometry":{"type":"Polygon","coordinates":[[[107.5049,10.7714],[107.5012,10.7704],[107.4986,10.7682],[107.4958,10.7674],[107.4908,10.7688],[107.4851,10.7684],[107.481,10.7752],[107.4784,10.7781],[107.4769,10.7828],[107.4746,10.7868],[107.4737,10.7913],[107.4716,10.7938],[107.4652,10.7919],[107.4576,10.7913],[107.4578,10.796],[107.4549,10.8008],[107.4522,10.8039],[107.4483,10.8039],[107.4454,10.8049],[107.4429,10.8021],[107.4382,10.8001],[107.4362,10.7961],[107.4356,10.7927],[107.4327,10.7914],[107.4264,10.7871],[107.4251,10.7831],[107.4236,10.7821],[107.4216,10.7768],[107.4182,10.7723],[107.4122,10.7744],[107.4079,10.7737],[107.4067,10.7713],[107.4034,10.7694],[107.4009,10.7691],[107.3989,10.7656],[107.3973,10.7631],[107.3944,10.763],[107.3927,10.7602],[107.3928,10.757],[107.39,10.7566],[107.3886,10.7548],[107.383,10.7511],[107.3828,10.7488],[107.3805,10.7476],[107.3781,10.7406],[107.3739,10.7352],[107.3682,10.7332],[107.3664,10.7308],[107.3644,10.7312],[107.3608,10.7279],[107.3611,10.7245],[107.3593,10.7218],[107.3599,10.7198],[107.3564,10.7129],[107.3514,10.7105],[107.3494,10.7065],[107.3529,10.6971],[107.3507,10.6843],[107.3522,10.6785],[107.3559,10.6719],[107.3677,10.6742],[107.3712,10.6761],[107.3718,10.6777],[107.3784,10.6759],[107.3807,10.6736],[107.386,10.6729],[107.3865,10.6755],[107.391,10.6746],[107.395,10.6726],[107.3969,10.6695],[107.4059,10.6694],[107.4058,10.6787],[107.4224,10.6785],[107.4421,10.678],[107.4537,10.6783],[107.4533,10.6876],[107.448,10.6879],[107.4475,10.693],[107.4434,10.7294],[107.4495,10.73],[107.4509,10.7315],[107.4541,10.7311],[107.4565,10.7322],[107.4607,10.7371],[107.4622,10.7372],[107.4627,10.7408],[107.4661,10.7406],[107.4705,10.7418],[107.4722,10.7453],[107.4719,10.749],[107.4729,10.7514],[107.4756,10.7528],[107.4763,10.7563],[107.4859,10.758],[107.4967,10.7608],[107.5049,10.7714]]]},"properties":{"ma_xa":"26638","ten_xa":"Bàu Lâm","sap_nhap":"Tân Lâm, Bàu Lâm","tru_so":"Ấp 2 Đông, xã Bàu Lâm, huyện Xuyên Mộc, tỉnh Bà Rịa - Vũng Tàu cũ","loai":"Xã","cap":2,"stt":22,"dtich_km2":123.83,"dan_so":22567,"matdo_km2":182.24,"ma_tinh":"79","ten_tinh":"TP. Hồ Chí Minh"}},
{"type":"Feature","geometry":{"type":"Polygon","coordinates":[[[106.6525,10.7903],[106.6546,10.7965],[106.6526,10.8015],[106.6533,10.8089],[106.648,10.8093],[106.647,10.7968],[106.6458,10.7969],[106.6416,10.786],[106.6433,10.7814],[106.6477,10.7752],[106.648,10.7748],[106.6498,10.7774],[106.6501,10.7822],[106.6525,10.7903]]]},"properties":{"ma_xa":"26983","ten_xa":"Bảy Hiền","sap_nhap":"Phường 10 (quận Tân Bình), Phường 11 (quận Tân Bình), Phường 12 (quận Tân Bình)","tru_so":"1129/20 Lạc Long Quân, phường 11, quận Tân Bình cũ","loai":"Phường","cap":2,"stt":121,"dtich_km2":2.86,"dan_so":132252,"matdo_km2":46241.96,"ma_tinh":"79","ten_tinh":"TP. Hồ Chí Minh"}},
{"type":"Feature","geometry":{"type":"Polygon","coordinates":[[[106.6304,11.1276],[106.6292,11.1423],[106.6304,11.1444],[106.6373,11.152],[106.634,11.1554],[106.6323,11.1535],[106.6255,11.1568],[106.6258,11.1587],[106.6221,11.1602],[106.6233,11.1621],[106.6215,11.168],[106.6321,11.1747],[106.6327,11.1765],[106.6362,11.1783],[106.6363,11.1795],[106.6428,11.1837],[106.6513,11.1898],[106.6474,11.1939],[106.6463,11.197],[106.6461,11.2073],[106.6523,11.2075],[106.6523,11.2118],[106.6607,11.2119],[106.6616,11.2135],[106.67,11.2138],[106.6768,11.2201],[106.6831,11.2301],[106.6811,11.2319],[106.6803,11.2362],[106.6807,11.2387],[106.6795,11.2486],[106.6818,11.2489],[106.6823,11.2708],[106.6822,11.2764],[106.6828,11.2815],[106.6648,11.2821],[106.6649,11.2845],[106.6394,11.2838],[106.6409,11.2785],[106.6382,11.2708],[106.6381,11.2673],[106.6394,11.2643],[106.6398,11.26],[106.6419,11.2552],[106.6422,11.2501],[106.6411,11.2451],[106.6418,11.2381],[106.6411,11.2308],[106.6431,11.2272],[106.6407,11.2187],[106.6376,11.2152],[106.6306,11.2128],[106.6338,11.2227],[106.635,11.2289],[106.6243,11.2309],[106.6204,11.2309],[106.6184,11.2342],[106.6198,11.242],[106.6187,11.2421],[106.6199,11.2507],[106.6016,11.2474],[106.5927,11.2459],[106.5862,11.2445],[106.5853,11.2411],[106.5927,11.2345],[106.5942,11.2323],[106.5963,11.2319],[106.5983,11.2298],[106.5974,11.2271],[106.5951,11.2282],[106.5897,11.2275],[106.5795,11.2248],[106.5823,11.212],[106.5845,11.2082],[106.5851,11.2055],[106.5844,11.2018],[106.5876,11.1981],[106.5891,11.1925],[106.5897,11.1856],[106.5863,11.1792],[106.5881,11.1766],[106.5903,11.1762],[106.591,11.1731],[106.5894,11.1698],[106.5936,11.1689],[106.5954,11.1717],[106.597,11.1705],[106.5931,11.1661],[106.5923,11.1638],[106.5943,11.1606],[106.5922,11.1558],[106.5901,11.1533],[106.5972,11.1491],[106.6038,11.1413],[106.604,11.1349],[106.6116,11.1284],[106.6133,11.1266],[106.6147,11.122],[106.6199,11.1244],[106.6212,11.1269],[106.6304,11.1276]]]},"properties":{"ma_xa":"25813","ten_xa":"Bến Cát","sap_nhap":"Tân Hưng (huyện Bàu Bàng), Lai Hưng, Mỹ Phước (1 phần)","tru_so":"KP2, phường Mỹ Phước, TP Bến Cát, tỉnh Bình Dương cũ","loai":"Phường","cap":2,"stt":49,"dtich_km2":100.89,"dan_so":97928,"matdo_km2":970.64,"ma_tinh":"79","ten_tinh":"TP. Hồ Chí Minh"}},
{"type":"Feature","geometry":{"type":"Polygon","coordinates":[[[106.6974,10.7671],[106.7013,10.7706],[106.6991,10.7758],[106.695,10.7796],[106.6894,10.7736],[106.6845,10.7684],[106.6895,10.7662],[106.6908,10.7642],[106.6949,10.765],[106.6974,10.7671]]]},"properties":{"ma_xa":"26743","ten_xa":"Bến Thành","sap_nhap":"Bến Thành, Phạm Ngũ Lão, Cầu Ông Lãnh (1 phần), Nguyễn Thái Bình (1 phần)","tru_so":"92 Nguyễn Trãi, phường Bến Thành, quận 1 cũ và 238 - 240 Đề Thám, phường Phạm Ngũ Lão, quận 1 cũ ","loai":"Phường","cap":2,"stt":65,"dtich_km2":1.85,"dan_so":71785,"matdo_km2":38802.7,"ma_tinh":"79","ten_tinh":"TP. Hồ Chí Minh"}},
{"type":"Feature","geometry":{"type":"Polygon","coordinates":[[[106.6054,10.6587],[106.6098,10.667],[106.6222,10.6924],[106.6237,10.693],[106.6219,10.6975],[106.5945,10.6898],[106.5932,10.686],[106.5894,10.6817],[106.5828,10.6761],[106.5779,10.6713],[106.5768,10.6734],[106.5704,10.6728],[106.5695,10.6795],[106.5643,10.6781],[106.5613,10.6734],[106.5573,10.6759],[106.5537,10.6753],[106.5521,10.6706],[106.5535,10.6684],[106.5532,10.6658],[106.5515,10.664],[106.5505,10.659],[106.5527,10.6575],[106.5559,10.6569],[106.5553,10.6524],[106.5631,10.6514],[106.5653,10.6523],[106.5662,10.6565],[106.5697,10.6563],[106.5735,10.6542],[106.5734,10.6498],[106.577,10.6489],[106.579,10.6496],[106.5796,10.6519],[106.5779,10.6533],[106.5806,10.6555],[106.5833,10.6554],[106.5841,10.6537],[106.5874,10.6528],[106.5904,10.6531],[106.5917,10.6501],[106.5957,10.6511],[106.5975,10.6534],[106.6018,10.6514],[106.6054,10.6587]]]},"properties":{"ma_xa":"27637","ten_xa":"Bình Chánh","sap_nhap":"Tân Quý Tây, Bình Chánh, An Phú Tây (1 phần)","tru_so":"345 đường Trịnh Như Khuê, xã Bình Khánh, huyện Bình Chánh cũ","loai":"Xã","cap":2,"stt":145,"dtich_km2":21.33,"dan_so":76187,"matdo_km2":3571.82,"ma_tinh":"79","ten_tinh":"TP. Hồ Chí Minh"}},
{"type":"Feature","geometry":{"type":"Polygon","coordinates":[[[107.5703,10.5681],[107.5691,10.5787],[107.5677,10.5856],[107.5704,10.5928],[107.5719,10.6002],[107.568,10.603],[107.5644,10.6083],[107.565,10.6139],[107.5681,10.6174],[107.5673,10.6207],[107.5639,10.6264],[107.5623,10.6278],[107.5632,10.6301],[107.5596,10.6375],[107.557,10.6391],[107.5555,10.6418],[107.5561,10.6452],[107.5543,10.6464],[107.5507,10.6513],[107.5513,10.6533],[107.5498,10.6564],[107.5332,10.6447],[107.5268,10.6479],[107.5223,10.6469],[107.5182,10.6481],[107.5106,10.646],[107.5068,10.6486],[107.5014,10.6486],[107.491,10.6447],[107.5003,10.6066],[107.5025,10.6044],[107.5045,10.6005],[107.5029,10.5953],[107.5043,10.5944],[107.5062,10.5903],[107.5088,10.5886],[107.511,10.5856],[107.5118,10.5805],[107.5112,10.5732],[107.5126,10.5669],[107.5175,10.5626],[107.5186,10.56],[107.5156,10.5573],[107.512,10.5559],[107.5088,10.5534],[107.5084,10.5509],[107.5094,10.548],[107.5098,10.5426],[107.5077,10.5026],[107.5077,10.5008],[107.5125,10.5009],[107.5153,10.5031],[107.5189,10.5081],[107.5235,10.5162],[107.5283,10.5234],[107.5311,10.5268],[107.5367,10.5319],[107.5419,10.5397],[107.5476,10.5445],[107.5485,10.5434],[107.5527,10.5513],[107.5553,10.5551],[107.5605,10.561],[107.5653,10.5649],[107.5703,10.5681]]]},"properties":{"ma_xa":"26656","ten_xa":"Bình Châu","sap_nhap":"Bình Châu","tru_so":"Quốc lộ 55, ấp Láng Găng, xã Bình Châu, huyện Xuyên Mộc, tỉnh Bà Rịa - Vũng Tàu cũ","loai":"Xã","cap":2,"stt":166,"dtich_km2":87.06,"dan_so":26054,"matdo_km2":299.26,"ma_tinh":"79","ten_tinh":"TP. Hồ Chí Minh"}},
{"type":"Feature","geometry":{"type":"Polygon","coordinates":[[[106.8358,11.2118],[106.8318,11.2093],[106.8291,11.2093],[106.8243,11.2126],[106.8234,11.2144],[106.8237,11.2177],[106.8217,11.2177],[106.8198,11.2153],[106.8202,11.2115],[106.8163,11.2062],[106.8136,11.2055],[106.8116,11.2026],[106.8038,11.1939],[106.7941,11.2019],[106.7944,11.1931],[106.7937,11.1891],[106.7899,11.1885],[106.7802,11.1888],[106.7643,11.1884],[106.7625,11.1904],[106.76,11.1889],[106.7546,11.1842],[106.7533,11.1818],[106.7349,11.1813],[106.7345,11.1817],[106.7251,11.1803],[106.7219,11.1717],[106.7125,11.1486],[106.7125,11.1429],[106.7138,11.1371],[106.7162,11.1407],[106.719,11.1418],[106.72,11.1391],[106.7228,11.1388],[106.7241,11.1368],[106.7275,11.1384],[106.728,11.136],[106.7324,11.1364],[106.7327,11.1335],[106.7356,11.1347],[106.7369,11.132],[106.7371,11.1284],[106.7356,11.1268],[106.7366,11.1248],[106.7347,11.1234],[106.7339,11.1207],[106.7376,11.1203],[106.7354,11.1169],[106.7381,11.115],[106.7373,11.1117],[106.7378,11.1087],[106.7416,11.1104],[106.7439,11.11],[106.743,11.1039],[106.7482,11.101],[106.748,11.0965],[106.7526,11.096],[106.7524,11.0916],[106.7569,11.0914],[106.7575,11.0877],[106.764,11.0926],[106.7663,11.0921],[106.7714,11.0897],[106.7744,11.0955],[106.7788,11.0954],[106.7789,11.1138],[106.7833,11.1137],[106.7835,11.124],[106.784,11.1327],[106.7836,11.137],[106.7794,11.1338],[106.7799,11.1407],[106.7738,11.1408],[106.7735,11.1547],[106.7783,11.1548],[106.7807,11.1574],[106.7817,11.1599],[106.7886,11.1632],[106.7917,11.1623],[106.8011,11.1651],[106.8055,11.1701],[106.8077,11.1736],[106.8096,11.1739],[106.8116,11.1787],[106.8111,11.1809],[106.8157,11.1883],[106.8212,11.1959],[106.8246,11.1963],[106.8312,11.1931],[106.8343,11.195],[106.8368,11.1979],[106.838,11.2015],[106.8358,11.2055],[106.8374,11.2078],[106.8358,11.2118]]]},"properties":{"ma_xa":"25915","ten_xa":"Bình Cơ","sap_nhap":"Bình Mỹ (huyện Bắc Tân Uyên), Hội Nghĩa","tru_so":"ĐT 747, khu phố 2, phường Hội Nghĩa, TP Tân Uyên, tỉnh Bình Dương cũ","loai":"Phường","cap":2,"stt":41,"dtich_km2":73.69,"dan_so":64601,"matdo_km2":876.66,"ma_tinh":"79","ten_tinh":"TP. Hồ Chí Minh"}},
{"type":"Feature","geometry":{"type":"Polygon","coordinates":[[[106.6242,10.6922],[106.629,10.7015],[106.6357,10.715],[106.6422,10.7277],[106.6468,10.7288],[106.6493,10.7304],[106.6561,10.7316],[106.6633,10.7339],[106.6657,10.7342],[106.6638,10.7406],[106.6617,10.7429],[106.6546,10.7411],[106.6411,10.733],[106.6363,10.7274],[106.6316,10.7171],[106.6268,10.7125],[106.6238,10.7111],[106.6171,10.7097],[106.6041,10.7042],[106.5973,10.7016],[106.597,10.6975],[106.5945,10.6898],[106.6219,10.6975],[106.6237,10.693],[106.6242,10.6922]]]},"properties":{"ma_xa":"27424","ten_xa":"Bình Đông","sap_nhap":"Phường 6 (Quận 8), Phường 7 (Quận 8, 1 phần), An Phú Tây (1 phần), Phường 5 (Quận 8, 1 phần)","tru_so":"1094 Tạ Quang Bửu, phường 6, quận 8 cũ","loai":"Phường","cap":2,"stt":86,"dtich_km2":8.93,"dan_so":155555,"matdo_km2":17419.37,"ma_tinh":"79","ten_tinh":"TP. Hồ Chí Minh"}},
{"type":"Feature","geometry":{"type":"Polygon","coordinates":[[[106.6929,11.1027],[106.6901,11.102],[106.6882,11.1112],[106.6868,11.1129],[106.6799,11.1104],[106.6759,11.1103],[106.6712,11.1076],[106.6673,11.1073],[106.6676,11.0999],[106.6669,11.093],[106.6689,11.0915],[106.6708,11.0872],[106.6679,11.0794],[106.6702,11.0786],[106.6692,11.076],[106.667,11.0769],[106.6648,11.0741],[106.6627,11.0693],[106.6642,11.0615],[106.6636,11.057],[106.6646,11.0569],[106.662,11.0492],[106.6591,11.0454],[106.6567,11.0436],[106.6575,11.042],[106.6532,11.0407],[106.6545,11.0388],[106.6562,11.0334],[106.661,11.0288],[106.6641,11.0251],[106.6596,11.0232],[106.6635,11.0156],[106.6589,11.0116],[106.6641,11.0086],[106.6668,11.0056],[106.669,11.0065],[106.6735,11.0041],[106.681,10.999],[106.6838,10.9966],[106.6863,11.0002],[106.687,11.003],[106.689,11.0051],[106.6925,11.004],[106.6957,11.0079],[106.7027,11.0026],[106.7034,11.0037],[106.708,11.0029],[106.7057,11.0124],[106.7081,11.0168],[106.7061,11.0235],[106.7061,11.0269],[106.7046,11.03],[106.7103,11.032],[106.7135,11.0367],[106.7132,11.0403],[106.719,11.041],[106.7187,11.045],[106.7173,11.049],[106.7131,11.0572],[106.7108,11.0594],[106.7228,11.0628],[106.7215,11.0654],[106.7182,11.0682],[106.7137,11.08],[106.7068,11.0881],[106.7008,11.0923],[106.6994,11.0951],[106.6957,11.1005],[106.6929,11.1027]]]},"properties":{"ma_xa":"25760","ten_xa":"Bình Dương","sap_nhap":"Phú Mỹ (thành phố Thủ Dầu Một), Hòa Phú, Phú Tân, Phú Chánh","tru_so":"357 đường Võ Nguyên Giáp, khu phố 1, phường Hòa Phú, TP Thủ Dầu Một, tỉnh Bình Dương cũ","loai":"Phường","cap":2,"stt":36,"dtich_km2":58.16,"dan_so":107576,"matdo_km2":1849.66,"ma_tinh":"79","ten_tinh":"TP. Hồ Chí Minh"}},
{"type":"Feature","geometry":{"type":"Polygon","coordinates":[[[107.322,10.6701],[107.3181,10.6687],[107.3135,10.6708],[107.3101,10.6757],[107.2998,10.6838],[107.2995,10.6863],[107.3047,10.6885],[107.3036,10.6911],[107.3075,10.6937],[107.3056,10.6992],[107.3009,10.7018],[107.3011,10.7079],[107.3054,10.7131],[107.3053,10.7144],[107.3013,10.7178],[107.301,10.7208],[107.3037,10.7249],[107.3052,10.729],[107.3029,10.7325],[107.3017,10.7457],[107.3041,10.7493],[107.2995,10.7504],[107.2982,10.7465],[107.2839,10.7402],[107.281,10.7418],[107.2788,10.741],[107.2764,10.7367],[107.2792,10.7354],[107.2802,10.731],[107.2825,10.7289],[107.2811,10.7247],[107.2802,10.7198],[107.2747,10.7194],[107.2496,10.7185],[107.2513,10.7108],[107.2537,10.7112],[107.2563,10.7089],[107.2588,10.7082],[107.2608,10.7052],[107.2601,10.7015],[107.2617,10.6991],[107.2685,10.6957],[107.2688,10.6943],[107.2642,10.6891],[107.2651,10.6845],[107.2694,10.6806],[107.2678,10.678],[107.2664,10.6691],[107.2621,10.6711],[107.2611,10.6672],[107.258,10.6679],[107.2581,10.6643],[107.2564,10.6597],[107.2567,10.6545],[107.2537,10.6507],[107.2532,10.6468],[107.2511,10.6425],[107.2506,10.6393],[107.2491,10.638],[107.2447,10.6363],[107.2433,10.6313],[107.2471,10.6303],[107.2494,10.631],[107.2529,10.6282],[107.2578,10.627],[107.258,10.6226],[107.2591,10.6222],[107.2596,10.6175],[107.2654,10.6116],[107.2665,10.6131],[107.2723,10.6101],[107.276,10.6107],[107.278,10.6098],[107.2802,10.613],[107.2853,10.609],[107.2949,10.6135],[107.298,10.616],[107.2998,10.6158],[107.3021,10.6184],[107.3058,10.6183],[107.3003,10.6298],[107.297,10.6329],[107.2974,10.637],[107.2958,10.6392],[107.2995,10.6398],[107.2993,10.6442],[107.306,10.6433],[107.3044,10.6491],[107.302,10.6546],[107.3038,10.6582],[107.3071,10.6563],[107.3094,10.6576],[107.3134,10.6617],[107.3162,10.6662],[107.3198,10.6664],[107.322,10.6701]]]},"properties":{"ma_xa":"26590","ten_xa":"Bình Giã","sap_nhap":"Bình Trung, Quảng Thành, Bình Giã","tru_so":"Tổ 2, ấp Vĩnh Bình, xã Bình Giã, huyện Châu Đức, tỉnh Bà Rịa - Vũng Tàu cũ","loai":"Xã","cap":2,"stt":14,"dtich_km2":66.96,"dan_so":34262,"matdo_km2":511.68,"ma_tinh":"79","ten_tinh":"TP. Hồ Chí Minh"}},
{"type":"Feature","geometry":{"type":"Polygon","coordinates":[[[106.7418,10.9268],[106.7283,10.9278],[106.7283,10.9351],[106.7235,10.9351],[106.7188,10.9351],[106.719,10.9311],[106.7156,10.931],[106.7118,10.9281],[106.7134,10.9219],[106.7126,10.9038],[106.7098,10.8985],[106.7051,10.8928],[106.7051,10.8881],[106.7028,10.8846],[106.6994,10.8859],[106.6982,10.8831],[106.6992,10.8785],[106.7012,10.8746],[106.7048,10.8713],[106.7107,10.8702],[106.7155,10.8685],[106.715,10.8724],[106.7164,10.8728],[106.7235,10.8717],[106.7214,10.8764],[106.7152,10.8775],[106.7134,10.879],[106.718,10.8808],[106.7166,10.8847],[106.7173,10.8879],[106.7138,10.8875],[106.7131,10.8899],[106.7176,10.8964],[106.7258,10.891],[106.7292,10.8894],[106.733,10.8908],[106.731,10.8859],[106.7367,10.8846],[106.7397,10.8904],[106.7418,10.9268]]]},"properties":{"ma_xa":"25987","ten_xa":"Bình Hòa","sap_nhap":"Bình Hòa, Vĩnh Phú (1 phần)","tru_so":"ĐT 743C, khu phố Bình Đức 1, phường Bình Hoà, TP Thuận An, tỉnh Bình Dương cũ","loai":"Phường","cap":2,"stt":33,"dtich_km2":18.49,"dan_so":120035,"matdo_km2":6491.89,"ma_tinh":"79","ten_tinh":"TP. Hồ Chí Minh"}},
{"type":"Feature","geometry":{"type":"Polygon","coordinates":[[[106.6902,10.7255],[106.6903,10.73],[106.6932,10.7329],[106.695,10.7361],[106.6921,10.7414],[106.683,10.7394],[106.6822,10.7347],[106.6748,10.736],[106.6739,10.7375],[106.666,10.7324],[106.6657,10.7342],[106.6633,10.7339],[106.6561,10.7316],[106.6493,10.7304],[106.6468,10.7288],[106.6422,10.7277],[106.6357,10.715],[106.629,10.7015],[106.6242,10.6922],[106.6284,10.6895],[106.6286,10.6836],[106.6336,10.68],[106.6448,10.6867],[106.6504,10.6864],[106.6498,10.6826],[106.6542,10.6821],[106.6549,10.6783],[106.6581,10.6795],[106.6648,10.6783],[106.6664,10.6747],[106.6697,10.6707],[106.672,10.6711],[106.6784,10.6689],[106.6787,10.6717],[106.6814,10.6771],[106.6793,10.6822],[106.676,10.6861],[106.6757,10.6886],[106.6733,10.6922],[106.6744,10.7022],[106.6734,10.7043],[106.6768,10.7097],[106.6808,10.7145],[106.6858,10.7116],[106.6887,10.7126],[106.6884,10.7153],[106.6894,10.719],[106.689,10.7215],[106.6902,10.7255]]]},"properties":{"ma_xa":"27619","ten_xa":"Bình Hưng","sap_nhap":"Phong Phú, Bình Hưng, Phường 7 (Quận 8, 1 phần)","tru_so":"A10/26A, đường số 10, khu dân cư Bình Hưng, ấp 6, xã Bình Hưng, huyện Bình Chánh cũ","loai":"Xã","cap":2,"stt":147,"dtich_km2":32.63,"dan_so":183697,"matdo_km2":5629.7,"ma_tinh":"79","ten_tinh":"TP. Hồ Chí Minh"}},
{"type":"Feature","geometry":{"type":"Polygon","coordinates":[[[106.6174,10.7881],[106.6137,10.7967],[106.6099,10.8032],[106.615,10.8093],[106.6076,10.8131],[106.6112,10.8166],[106.616,10.8195],[106.6146,10.8211],[106.6077,10.8232],[106.6033,10.8263],[106.5943,10.784],[106.597,10.7839],[106.6021,10.7877],[106.6046,10.7863],[106.607,10.7889],[106.6174,10.7881]]]},"properties":{"ma_xa":"27439","ten_xa":"Bình Hưng Hòa","sap_nhap":"Bình Hưng Hòa, Sơn Kỳ (1 phần), Bình Hưng Hòa A (1 phần)","tru_so":"621 Tân Kỳ Tân Quý, phường Bình Hưng Hòa A, quận Bình Tân cũ","loai":"Phường","cap":2,"stt":103,"dtich_km2":8.47,"dan_so":187950,"matdo_km2":22190.08,"ma_tinh":"79","ten_tinh":"TP. Hồ Chí Minh"}},
{"type":"Feature","geometry":{"type":"Polygon","coordinates":[[[106.8635,10.6413],[106.8616,10.6375],[106.8592,10.6367],[106.854,10.6391],[106.8504,10.6397],[106.844,10.6384],[106.8416,10.6369],[106.84,10.634],[106.8388,10.6294],[106.8348,10.6269],[106.8294,10.6272],[106.8247,10.6285],[106.8202,10.6323],[106.8146,10.6396],[106.813,10.6424],[106.8098,10.6528],[106.8071,10.6572],[106.8043,10.6591],[106.7967,10.6627],[106.7903,10.6687],[106.7833,10.6726],[106.7765,10.6745],[106.7724,10.6681],[106.7694,10.6655],[106.7646,10.6654],[106.7485,10.6709],[106.7436,10.6704],[106.7402,10.6681],[106.7384,10.6654],[106.7396,10.6591],[106.743,10.6544],[106.7466,10.6513],[106.7495,10.6499],[106.7593,10.6463],[106.7672,10.642],[106.7709,10.6369],[106.7716,10.6332],[106.7705,10.624],[106.7709,10.6166],[106.772,10.6137],[106.7802,10.6018],[106.7825,10.5966],[106.7833,10.5934],[106.79,10.5939],[106.7967,10.5931],[106.7984,10.5955],[106.8055,10.5949],[106.8062,10.5958],[106.8143,10.5978],[106.8149,10.6013],[106.8143,10.6035],[106.8117,10.6047],[106.8143,10.6085],[106.8168,10.6098],[106.8182,10.6071],[106.8167,10.6041],[106.8179,10.6018],[106.8204,10.602],[106.8232,10.6051],[106.8289,10.6041],[106.8296,10.6071],[106.8322,10.609],[106.8337,10.6056],[106.832,10.6024],[106.833,10.6],[106.837,10.6008],[106.8367,10.5973],[106.8403,10.5945],[106.8451,10.5945],[106.8458,10.5933],[106.8502,10.5914],[106.8507,10.5879],[106.8488,10.5878],[106.849,10.583],[106.8369,10.5838],[106.8352,10.5828],[106.8344,10.5801],[106.8381,10.5704],[106.8375,10.563],[106.838,10.5597],[106.8398,10.5571],[106.8486,10.5519],[106.8501,10.5498],[106.8501,10.5471],[106.8482,10.5427],[106.8494,10.5397],[106.8525,10.538],[106.861,10.535],[106.8666,10.5307],[106.8727,10.5233],[106.8768,10.5212],[106.8838,10.5191],[106.8926,10.5192],[106.897,10.5187],[106.9026,10.5166],[106.9067,10.5168],[106.9112,10.5193],[106.9131,10.5229],[106.9138,10.5274],[106.917,10.5312],[106.9205,10.5317],[106.9238,10.5362],[106.9306,10.544],[106.9332,10.548],[106.9347,10.5524],[106.9334,10.5609],[106.9302,10.5649],[106.9222,10.5661],[106.919,10.5676],[106.918,10.5693],[106.9185,10.5732],[106.9205,10.5773],[106.9293,10.5851],[106.9325,10.5863],[106.935,10.5913],[106.9367,10.5968],[106.9358,10.5997],[106.9326,10.6018],[106.9261,10.6043],[106.9214,10.6097],[106.9186,10.6097],[106.9129,10.6076],[106.9102,10.6092],[106.9072,10.6156],[106.9064,10.619],[106.9045,10.6231],[106.9012,10.6267],[106.8969,10.6301],[106.8928,10.6322],[106.8895,10.6378],[106.885,10.6404],[106.8839,10.6459],[106.8829,10.6474],[106.8752,10.6485],[106.8727,10.6477],[106.8689,10.6427],[106.8635,10.6413]]]},"properties":{"ma_xa":"27667","ten_xa":"Bình Khánh","sap_nhap":"Tam Thôn Hiệp, Bình Khánh, An Thới Đông (1 phần)","tru_so":"Trụ sở UBND xã Bình Khánh cũ, tọa lạc đường Rừng Sác, ấp Bình An 1, huyện Cần Giờ cũ","loai":"Xã","cap":2,"stt":148,"dtich_km2":158.28,"dan_so":35482,"matdo_km2":224.17,"ma_tinh":"79","ten_tinh":"TP. Hồ Chí Minh"}},
{"type":"Feature","geometry":{"type":"Polygon","coordinates":[[[106.5588,10.7364],[106.5583,10.7395],[106.5593,10.7421],[106.5595,10.749],[106.5681,10.755],[106.5734,10.7604],[106.5677,10.7629],[106.5582,10.7673],[106.5326,10.7803],[106.5057,10.7937],[106.5045,10.7889],[106.4866,10.7741],[106.4637,10.7565],[106.4722,10.7454],[106.4744,10.7453],[106.482,10.7354],[106.487,10.7298],[106.4888,10.7312],[106.4995,10.725],[106.502,10.7261],[106.5094,10.7171],[106.5203,10.7236],[106.5239,10.7209],[106.5302,10.7173],[106.5284,10.715],[106.5362,10.7109],[106.5348,10.7359],[106.5387,10.7446],[106.5587,10.7345],[106.5588,10.7364]]]},"properties":{"ma_xa":"27610","ten_xa":"Bình Lợi","sap_nhap":"Lê Minh Xuân, Bình Lợi","tru_so":"1905 đường Trần Văn Giàu, xã Lê Minh Xuân, huyện Bình Chánh cũ và 1060 đường Vườn Thơm, xã Bình Lợi, huyện Bình Chánh cũ","loai":"Xã","cap":2,"stt":143,"dtich_km2":54.18,"dan_so":47180,"matdo_km2":870.8,"ma_tinh":"79","ten_tinh":"TP. Hồ Chí Minh"}},
{"type":"Feature","geometry":{"type":"Polygon","coordinates":[[[106.7136,10.821],[106.7099,10.8237],[106.7089,10.8266],[106.7082,10.8339],[106.7062,10.8369],[106.7028,10.8391],[106.7004,10.8352],[106.6964,10.8331],[106.6952,10.8309],[106.6999,10.8301],[106.7011,10.8272],[106.6991,10.8257],[106.6986,10.8234],[106.6935,10.822],[106.6935,10.8177],[106.6907,10.8156],[106.6852,10.814],[106.684,10.81],[106.6839,10.8071],[106.687,10.8062],[106.6903,10.8108],[106.6951,10.8083],[106.6952,10.8156],[106.6987,10.8183],[106.704,10.8164],[106.7074,10.8185],[106.7115,10.8177],[106.7136,10.821]]]},"properties":{"ma_xa":"26905","ten_xa":"Bình Lợi Trung","sap_nhap":"Phường 5 (quận Bình Thạnh), Phường 11 (quận Bình Thạnh), Phường 13 (quận Bình Thạnh)","tru_so":"355/5 Nơ Trang Long, phường 13, quận Bình Thạnh cũ","loai":"Phường","cap":2,"stt":106,"dtich_km2":3.89,"dan_so":116121,"matdo_km2":29851.16,"ma_tinh":"79","ten_tinh":"TP. Hồ Chí Minh"}},
{"type":"Feature","geometry":{"type":"Polygon","coordinates":[[[106.6159,11.0115],[106.6079,11.0119],[106.5999,11.0143],[106.5981,11.0157],[106.5963,11.0202],[106.5951,11.0257],[106.5959,11.0307],[106.6027,11.0386],[106.6029,11.0411],[106.6002,11.0447],[106.5978,11.0458],[106.5937,11.0441],[106.592,11.0411],[106.5911,11.037],[106.5889,11.0362],[106.584,11.0373],[106.5827,11.0382],[106.581,11.0352],[106.578,11.0331],[106.5775,11.0308],[106.5801,11.028],[106.5784,11.0266],[106.5795,11.0216],[106.578,11.0186],[106.5812,11.0154],[106.566,11.007],[106.5701,10.999],[106.5765,10.9837],[106.5941,10.9825],[106.5931,10.9758],[106.5985,10.9748],[106.6105,10.9745],[106.6088,10.9721],[106.6087,10.9678],[106.6104,10.9641],[106.6092,10.9602],[106.6163,10.9601],[106.6245,10.9576],[106.6256,10.9523],[106.6254,10.9496],[106.606,10.9268],[106.6029,10.9231],[106.6012,10.9233],[106.6004,10.9178],[106.622,10.9144],[106.6314,10.9162],[106.6381,10.9161],[106.6428,10.9178],[106.646,10.9198],[106.6537,10.9197],[106.6574,10.9258],[106.6522,10.9303],[106.6504,10.9338],[106.65,10.9381],[106.6513,10.9422],[106.6521,10.9462],[106.652,10.9541],[106.649,10.9635],[106.6488,10.9679],[106.6503,10.974],[106.6488,10.9798],[106.647,10.9811],[106.6434,10.981],[106.6386,10.978],[106.6357,10.9776],[106.6283,10.9791],[106.625,10.9812],[106.6213,10.9855],[106.6178,10.9874],[106.616,10.9905],[106.6166,10.9937],[106.6201,10.9995],[106.6211,11.0023],[106.6204,11.0074],[106.6189,11.0098],[106.6159,11.0115]]]},"properties":{"ma_xa":"27544","ten_xa":"Bình Mỹ","sap_nhap":"Bình Mỹ (huyện Củ Chi), Hòa Phú, Trung An","tru_so":"1627 ấp 1A, xã Hòa Phú, huyện Củ Chi cũ ","loai":"Xã","cap":2,"stt":157,"dtich_km2":54.44,"dan_so":99675,"matdo_km2":1830.91,"ma_tinh":"79","ten_tinh":"TP. Hồ Chí Minh"}},
{"type":"Feature","geometry":{"type":"Polygon","coordinates":[[[106.6344,10.7335],[106.6348,10.7359],[106.6339,10.7395],[106.6354,10.742],[106.6397,10.7453],[106.64,10.7464],[106.6398,10.7492],[106.6231,10.7451],[106.6218,10.7414],[106.6223,10.739],[106.6212,10.7347],[106.6202,10.7266],[106.6277,10.73],[106.6344,10.7335]]]},"properties":{"ma_xa":"27364","ten_xa":"Bình Phú","sap_nhap":"Phường 10 (Quận 6), Phường 11 (Quận 6), Phường 16 (Quận 8, 1 phần)","tru_so":"15 đường Chợ Lớn, phường, quận 6 cũ","loai":"Phường","cap":2,"stt":78,"dtich_km2":2.86,"dan_so":75925,"matdo_km2":26547.2,"ma_tinh":"79","ten_tinh":"TP. Hồ Chí Minh"}},
{"type":"Feature","geometry":{"type":"Polygon","coordinates":[[[106.7473,10.8336],[106.7409,10.8356],[106.7377,10.8345],[106.7331,10.8276],[106.7295,10.824],[106.7248,10.8217],[106.7183,10.8204],[106.7139,10.8208],[106.7148,10.8182],[106.7175,10.8143],[106.7209,10.8101],[106.7222,10.8098],[106.7237,10.8143],[106.726,10.8171],[106.7316,10.8198],[106.7341,10.8185],[106.7376,10.8109],[106.7433,10.8084],[106.7484,10.8097],[106.7512,10.813],[106.7515,10.8155],[106.7514,10.8285],[106.7495,10.8319],[106.7473,10.8336]]]},"properties":{"ma_xa":"26911","ten_xa":"Bình Quới","sap_nhap":"Phường 27, Phường 28","tru_so":"1 khu hành chính Thanh Đa, phường 27, quận Bình Thạnh cũ","loai":"Phường","cap":2,"stt":108,"dtich_km2":6.34,"dan_so":46200,"matdo_km2":7287.07,"ma_tinh":"79","ten_tinh":"TP. Hồ Chí Minh"}},
{"type":"Feature","geometry":{"type":"Polygon","coordinates":[[[106.6033,10.8263],[106.6004,10.8261],[106.5936,10.8275],[106.5904,10.8234],[106.5818,10.8156],[106.5834,10.8135],[106.5859,10.8128],[106.5846,10.8068],[106.5835,10.8064],[106.5829,10.7973],[106.5846,10.7973],[106.5844,10.7908],[106.5865,10.7882],[106.5892,10.7873],[106.5881,10.7817],[106.5888,10.7794],[106.5868,10.7761],[106.5851,10.775],[106.582,10.7753],[106.5778,10.7723],[106.5755,10.7688],[106.5732,10.768],[106.5705,10.7697],[106.5677,10.7629],[106.5734,10.7604],[106.5838,10.7575],[106.5853,10.7629],[106.5869,10.7645],[106.5905,10.7652],[106.5943,10.784],[106.6033,10.8263]]]},"properties":{"ma_xa":"27442","ten_xa":"Bình Tân","sap_nhap":"Bình Hưng Hòa B, Bình Trị Đông A (1 phần), Tân Tạo (1 phần)","tru_so":"43 đường số 16, phường Bình Hưng Hòa B, quận Bình Tân cũ","loai":"Phường","cap":2,"stt":101,"dtich_km2":11.25,"dan_so":161851,"matdo_km2":14386.76,"ma_tinh":"79","ten_tinh":"TP. Hồ Chí Minh"}},
{"type":"Feature","geometry":{"type":"Polygon","coordinates":[[[106.6507,10.7534],[106.6376,10.7547],[106.6398,10.7492],[106.64,10.7464],[106.6539,10.7486],[106.6533,10.7516],[106.6507,10.7534]]]},"properties":{"ma_xa":"27367","ten_xa":"Bình Tây","sap_nhap":"Phường 2 (Quận 6), Phường 9 (Quận 6)","tru_so":"178/7R Hậu Giang, phường 2, quận 6 cũ","loai":"Phường","cap":2,"stt":76,"dtich_km2":1.05,"dan_so":63293,"matdo_km2":60279.05,"ma_tinh":"79","ten_tinh":"TP. Hồ Chí Minh"}},
{"type":"Feature","geometry":{"type":"Polygon","coordinates":[[[106.7175,10.8143],[106.7148,10.8182],[106.7139,10.8208],[106.7136,10.821],[106.7115,10.8177],[106.7074,10.8185],[106.704,10.8164],[106.6987,10.8183],[106.6952,10.8156],[106.6951,10.8083],[106.6949,10.8028],[106.698,10.8025],[106.7013,10.8038],[106.7114,10.8028],[106.7121,10.8094],[106.7175,10.8143]]]},"properties":{"ma_xa":"26929","ten_xa":"Bình Thạnh","sap_nhap":"Phường 12 (quận Bình Thạnh), Phường 14 (quận Bình Thạnh), Phường 26","tru_so":"6 Phan Đăng Lưu, phường 14, quận Bình Thạnh cũ","loai":"Phường","cap":2,"stt":105,"dtich_km2":3.32,"dan_so":126300,"matdo_km2":38042.17,"ma_tinh":"79","ten_tinh":"TP. Hồ Chí Minh"}},
{"type":"Feature","geometry":{"type":"Polygon","coordinates":[[[106.6508,10.7589],[106.6512,10.7628],[106.6464,10.7653],[106.6376,10.769],[106.6356,10.7696],[106.6357,10.7628],[106.6342,10.759],[106.6353,10.7578],[106.6375,10.7587],[106.6493,10.758],[106.6508,10.7589]]]},"properties":{"ma_xa":"27232","ten_xa":"Bình Thới","sap_nhap":"Phường 3 (Quận 11), Phường 10 (Quận 11), Phường 8 (Quận 11, 1 phần)","tru_so":"268 - 270 Bình Thới, quận 11 cũ","loai":"Phường","cap":2,"stt":91,"dtich_km2":1.52,"dan_so":76478,"matdo_km2":50314.47,"ma_tinh":"79","ten_tinh":"TP. Hồ Chí Minh"}},
{"type":"Feature","geometry":{"type":"Polygon","coordinates":[[[106.6344,10.7335],[106.6462,10.741],[106.655,10.7461],[106.6539,10.7486],[106.64,10.7464],[106.6397,10.7453],[106.6354,10.742],[106.6339,10.7395],[106.6348,10.7359],[106.6344,10.7335]]]},"properties":{"ma_xa":"27373","ten_xa":"Bình Tiên","sap_nhap":"Phường 1 (Quận 6), Phường 7 (Quận 6), Phường 8 (Quận 6)","tru_so":"107 đường Cao Văn Lầu, phường 1, quận 6 cũ","loai":"Phường","cap":2,"stt":77,"dtich_km2":1.61,"dan_so":91520,"matdo_km2":56844.72,"ma_tinh":"79","ten_tinh":"TP. Hồ Chí Minh"}},
{"type":"Feature","geometry":{"type":"Polygon","coordinates":[[[106.6174,10.7881],[106.607,10.7889],[106.6046,10.7863],[106.6021,10.7877],[106.597,10.7839],[106.5943,10.784],[106.5905,10.7652],[106.5962,10.7624],[106.5987,10.7628],[106.6033,10.7618],[106.603,10.7588],[106.6066,10.758],[106.6126,10.7582],[106.6213,10.7571],[106.6244,10.756],[106.6253,10.7575],[106.6241,10.7625],[106.6216,10.7737],[106.6213,10.7771],[106.6188,10.7846],[106.6174,10.7881]]]},"properties":{"ma_xa":"27448","ten_xa":"Bình Trị Đông","sap_nhap":"Bình Trị Đông, Bình Hưng Hòa A (1 phần), Bình Trị Đông A (1 phần)","tru_so":"162 Mã Lò, phường Bình Trị Đông A, quận Bình Tân cũ","loai":"Phường","cap":2,"stt":102,"dtich_km2":7.15,"dan_so":165142,"matdo_km2":23096.78,"ma_tinh":"79","ten_tinh":"TP. Hồ Chí Minh"}},
{"type":"Feature","geometry":{"type":"Polygon","coordinates":[[[106.7811,10.7944],[106.7768,10.809],[106.7749,10.8078],[106.7674,10.8082],[106.7656,10.8089],[106.7638,10.8133],[106.7617,10.8146],[106.757,10.8132],[106.7567,10.8105],[106.7543,10.8058],[106.7509,10.7878],[106.7451,10.7843],[106.7467,10.7817],[106.745,10.7796],[106.744,10.7763],[106.7475,10.7736],[106.7551,10.7828],[106.758,10.7834],[106.7606,10.7821],[106.7654,10.7815],[106.7712,10.7821],[106.773,10.7761],[106.7825,10.7756],[106.7854,10.7747],[106.7868,10.7766],[106.7894,10.7752],[106.7899,10.7785],[106.7845,10.7813],[106.787,10.7846],[106.7868,10.7907],[106.7816,10.7904],[106.7811,10.7944]]]},"properties":{"ma_xa":"27097","ten_xa":"Bình Trưng","sap_nhap":"Bình Trưng Đông, Bình Trưng Tây, An Phú (thành phố Thủ Đức, 1 phần)","tru_so":"8 đường Hồ Thị Nhung, khu phố 4, phường Bình Trưng Đông, TP Thủ Đức cũ","loai":"Phường","cap":2,"stt":138,"dtich_km2":14.82,"dan_so":121382,"matdo_km2":8190.42,"ma_tinh":"79","ten_tinh":"TP. Hồ Chí Minh"}},
{"type":"Feature","geometry":{"type":"Polygon","coordinates":[[[106.9386,10.4699],[106.9381,10.4714],[106.9397,10.4749],[106.9492,10.4834],[106.9508,10.4869],[106.9507,10.4901],[106.9492,10.499],[106.9492,10.5082],[106.9488,10.5122],[106.9466,10.5191],[106.9429,10.5232],[106.9369,10.5261],[106.9282,10.5283],[106.9205,10.5317],[106.917,10.5312],[106.9138,10.5274],[106.9131,10.5229],[106.9112,10.5193],[106.9067,10.5168],[106.9026,10.5166],[106.897,10.5187],[106.8926,10.5192],[106.8838,10.5191],[106.8768,10.5212],[106.8727,10.5233],[106.8712,10.5181],[106.871,10.515],[106.8696,10.5122],[106.8673,10.5101],[106.8677,10.5076],[106.8728,10.5047],[106.8732,10.5022],[106.871,10.499],[106.8655,10.4968],[106.8638,10.4947],[106.8656,10.4931],[106.867,10.4875],[106.8662,10.4848],[106.8625,10.4786],[106.8619,10.4757],[106.8639,10.4701],[106.8705,10.4658],[106.8727,10.4635],[106.873,10.4599],[106.872,10.4574],[106.8665,10.4517],[106.8648,10.4452],[106.8623,10.4414],[106.8591,10.4344],[106.858,10.4283],[106.8597,10.4209],[106.8617,10.4174],[106.8643,10.4071],[106.8736,10.4085],[106.8779,10.3964],[106.8794,10.3954],[106.8795,10.3917],[106.8814,10.3888],[106.8799,10.3826],[106.8752,10.3778],[106.8821,10.3766],[106.8877,10.3772],[106.8983,10.3772],[106.9052,10.3797],[106.9117,10.3826],[106.916,10.3829],[106.9171,10.3817],[106.9214,10.3837],[106.9207,10.3863],[106.9339,10.3929],[106.9348,10.3942],[106.9399,10.395],[106.9586,10.4019],[106.971,10.4071],[106.9733,10.4108],[106.9748,10.4157],[106.9722,10.4174],[106.9699,10.4166],[106.9645,10.4166],[106.9608,10.4211],[106.9594,10.42],[106.9574,10.4224],[106.9536,10.4246],[106.9481,10.4264],[106.9415,10.4351],[106.9381,10.436],[106.9324,10.4464],[106.9329,10.4501],[106.9321,10.4522],[106.9322,10.4561],[106.9343,10.4603],[106.934,10.4637],[106.9314,10.4671],[106.9386,10.4699]]]},"properties":{"ma_xa":"27664","ten_xa":"Cần Giờ","sap_nhap":"Long Hòa (huyện Cần Giờ), Cần Thạnh (thị trấn)","tru_so":"48 đường Lương Văn Nho, khu phố Giồng Ao, thị trấn Cần Thạnh, huyện Cần Giờ cũ","loai":"Xã","cap":2,"stt":150,"dtich_km2":157.01,"dan_so":27130,"matdo_km2":172.79,"ma_tinh":"79","ten_tinh":"TP. Hồ Chí Minh"}},
{"type":"Feature","geometry":{"type":"Polygon","coordinates":[[[106.7899,10.7785],[106.7894,10.7752],[106.7868,10.7766],[106.7854,10.7747],[106.7825,10.7756],[106.773,10.7761],[106.7712,10.7821],[106.7654,10.7815],[106.7606,10.7821],[106.758,10.7834],[106.7551,10.7828],[106.7475,10.7736],[106.7518,10.7694],[106.753,10.7641],[106.7518,10.7599],[106.7466,10.7537],[106.7442,10.7475],[106.7447,10.7451],[106.7459,10.7433],[106.7492,10.7418],[106.7518,10.7419],[106.7588,10.7445],[106.7697,10.7442],[106.7737,10.7477],[106.7781,10.7501],[106.7818,10.7513],[106.7991,10.7589],[106.8038,10.7636],[106.8061,10.7707],[106.81,10.7747],[106.8043,10.7762],[106.8026,10.7749],[106.7987,10.776],[106.7977,10.7785],[106.7899,10.7785]]]},"properties":{"ma_xa":"27112","ten_xa":"Cát Lái","sap_nhap":"Thạnh Mỹ Lợi, Cát Lái","tru_so":"45 Phan Bá Vành, phường Thạnh Mỹ Lợi, TP Thủ Đức cũ","loai":"Phường","cap":2,"stt":137,"dtich_km2":19.65,"dan_so":68654,"matdo_km2":3493.84,"ma_tinh":"79","ten_tinh":"TP. Hồ Chí Minh"}},
{"type":"Feature","geometry":{"type":"Polygon","coordinates":[[[106.6916,10.7955],[106.6921,10.8023],[106.6879,10.8037],[106.685,10.8038],[106.6806,10.7994],[106.6786,10.7993],[106.6796,10.7967],[106.6779,10.7942],[106.682,10.7916],[106.6861,10.7925],[106.6877,10.7949],[106.6916,10.7955]]]},"properties":{"ma_xa":"27058","ten_xa":"Cầu Kiệu","sap_nhap":"Phường 1 (quận Phú Nhuận), Phường 2 (quận Phú Nhuận), Phường 7 (quận Phú Nhuận), Phường 15 (quận Phú Nhuận, 1 phần)","tru_so":"18 Đoàn Thị Điểm, quận Phú Nhuận cũ","loai":"Phường","cap":2,"stt":116,"dtich_km2":1.23,"dan_so":62663,"matdo_km2":50945.53,"ma_tinh":"79","ten_tinh":"TP. Hồ Chí Minh"}},
{"type":"Feature","geometry":{"type":"Polygon","coordinates":[[[106.6974,10.7671],[106.6949,10.765],[106.6908,10.7642],[106.6895,10.7662],[106.6845,10.7684],[106.6817,10.7654],[106.6851,10.7566],[106.687,10.7533],[106.6969,10.7617],[106.6993,10.7641],[106.6974,10.7671]]]},"properties":{"ma_xa":"26758","ten_xa":"Cầu Ông Lãnh","sap_nhap":"Nguyễn Cư Trinh, Cầu Kho, Cô Giang, Cầu Ông Lãnh (1 phần)","tru_so":"105 Trần Đình Xu, phường Nguyễn Cư Trinh, quận 1 cũ","loai":"Phường","cap":2,"stt":66,"dtich_km2":1.6,"dan_so":78734,"matdo_km2":49208.75,"ma_tinh":"79","ten_tinh":"TP. Hồ Chí Minh"}},
{"type":"Feature","geometry":{"type":"Polygon","coordinates":[[[106.6636,11.057],[106.658,11.0584],[106.6536,11.0581],[106.653,11.0522],[106.6472,11.0461],[106.6401,11.0342],[106.6449,11.0278],[106.6477,11.026],[106.6446,11.0232],[106.6428,11.0227],[106.6394,11.0241],[106.6359,11.0243],[106.6248,11.0211],[106.6203,11.021],[106.6218,11.0183],[106.6174,11.0164],[106.6159,11.0115],[106.6189,11.0098],[106.6204,11.0074],[106.6211,11.0023],[106.6201,10.9995],[106.6166,10.9937],[106.616,10.9905],[106.6178,10.9874],[106.6213,10.9855],[106.625,10.9812],[106.6283,10.9791],[106.6357,10.9776],[106.6386,10.978],[106.6434,10.981],[106.6429,10.9871],[106.6443,10.9886],[106.6443,10.9967],[106.6478,10.9982],[106.6456,11.0051],[106.6493,11.0058],[106.6568,11.0088],[106.6589,11.0116],[106.6635,11.0156],[106.6596,11.0232],[106.6641,11.0251],[106.661,11.0288],[106.6562,11.0334],[106.6545,11.0388],[106.6532,11.0407],[106.6575,11.042],[106.6567,11.0436],[106.6591,11.0454],[106.662,11.0492],[106.6646,11.0569],[106.6636,11.057]]]},"properties":{"ma_xa":"25771","ten_xa":"Chánh Hiệp","sap_nhap":"Định Hòa, Tương Bình Hiệp, Hiệp An (1 phần), Chánh Mỹ (1 phần)","tru_so":"279 đường Hồ Văn Cống, khu phố 3, phường Tương Bình Hiệp, TP Thủ Dầu Một, tỉnh Bình Dương cũ","loai":"Phường","cap":2,"stt":37,"dtich_km2":19.89,"dan_so":57176,"matdo_km2":2874.61,"ma_tinh":"79","ten_tinh":"TP. Hồ Chí Minh"}},
{"type":"Feature","geometry":{"type":"Polygon","coordinates":[[[106.6903,10.752],[106.6866,10.7519],[106.6845,10.7509],[106.681,10.752],[106.6773,10.7515],[106.6761,10.7495],[106.6737,10.7487],[106.6698,10.7495],[106.6632,10.747],[106.6617,10.7429],[106.6638,10.7406],[106.6657,10.7342],[106.666,10.7324],[106.6739,10.7375],[106.6748,10.736],[106.6822,10.7347],[106.683,10.7394],[106.6921,10.7414],[106.6927,10.7464],[106.6904,10.7499],[106.6903,10.752]]]},"properties":{"ma_xa":"27418","ten_xa":"Chánh Hưng","sap_nhap":"Phường 4 (Quận 8), Rạch Ông, phường Hưng Phú, Phường 5 (Quận 8, 1 phần)","tru_so":"đang cập nhật","loai":"Phường","cap":2,"stt":84,"dtich_km2":4.61,"dan_so":190707,"matdo_km2":41368.11,"ma_tinh":"79","ten_tinh":"TP. Hồ Chí Minh"}},
{"type":"Feature","geometry":{"type":"Polygon","coordinates":[[[106.721,11.2587],[106.7165,11.257],[106.714,11.2591],[106.7103,11.2578],[106.7071,11.252],[106.6818,11.2489],[106.6795,11.2486],[106.6807,11.2387],[106.6803,11.2362],[106.6811,11.2319],[106.6831,11.2301],[106.6768,11.2201],[106.67,11.2138],[106.6616,11.2135],[106.6607,11.2119],[106.6523,11.2118],[106.6523,11.2075],[106.6461,11.2073],[106.6463,11.197],[106.6474,11.1939],[106.6513,11.1898],[106.6428,11.1837],[106.6363,11.1795],[106.6362,11.1783],[106.6327,11.1765],[106.6321,11.1747],[106.6215,11.168],[106.6233,11.1621],[106.6221,11.1602],[106.6258,11.1587],[106.6255,11.1568],[106.6323,11.1535],[106.634,11.1554],[106.6373,11.152],[106.6304,11.1444],[106.6292,11.1423],[106.6304,11.1276],[106.631,11.1215],[106.6307,11.1184],[106.6346,11.1171],[106.6365,11.1178],[106.639,11.1216],[106.6394,11.133],[106.6402,11.1335],[106.6555,11.133],[106.6644,11.1329],[106.6662,11.1311],[106.6733,11.1294],[106.6759,11.1279],[106.6787,11.1289],[106.6857,11.1276],[106.6885,11.1287],[106.6858,11.1338],[106.6832,11.1418],[106.6835,11.1505],[106.682,11.1552],[106.6801,11.1553],[106.679,11.1578],[106.6793,11.162],[106.6834,11.1776],[106.6836,11.1826],[106.6887,11.1875],[106.6908,11.1908],[106.6954,11.1937],[106.6968,11.1967],[106.6993,11.1967],[106.7036,11.2005],[106.709,11.2014],[106.7217,11.2028],[106.712,11.2108],[106.7103,11.2249],[106.7083,11.2247],[106.7063,11.2302],[106.7061,11.2331],[106.7043,11.2364],[106.7062,11.2392],[106.7094,11.2395],[106.7117,11.2413],[106.7195,11.2521],[106.721,11.2521],[106.721,11.2587]]]},"properties":{"ma_xa":"25837","ten_xa":"Chánh Phú Hòa","sap_nhap":"Chánh Phú Hòa, Hưng Hòa","tru_so":"đường ĐTT 741, khu phố 9, phường Chánh Phú Hòa, TP Bến Cát, tỉnh Bình Dương cũ","loai":"Phường","cap":2,"stt":50,"dtich_km2":69.54,"dan_so":53916,"matdo_km2":775.32,"ma_tinh":"79","ten_tinh":"TP. Hồ Chí Minh"}},
{"type":"Feature","geometry":{"type":"Polygon","coordinates":[[[107.3005,10.755],[107.2441,10.7562],[107.2443,10.7597],[107.242,10.7592],[107.2404,10.7618],[107.2372,10.7607],[107.2334,10.7623],[107.2316,10.7642],[107.2277,10.7618],[107.2273,10.7593],[107.2214,10.757],[107.2175,10.7574],[107.2159,10.7593],[107.2065,10.7595],[107.2068,10.7738],[107.2052,10.7748],[107.1976,10.7717],[107.1934,10.7718],[107.1874,10.7711],[107.1848,10.7685],[107.1809,10.7672],[107.1792,10.7622],[107.1756,10.7614],[107.1717,10.7579],[107.1709,10.7551],[107.1681,10.7528],[107.1669,10.754],[107.1638,10.7498],[107.1607,10.7493],[107.1544,10.7442],[107.1481,10.7447],[107.1384,10.745],[107.1391,10.7325],[107.1443,10.7326],[107.1436,10.7281],[107.1454,10.7262],[107.143,10.724],[107.139,10.7275],[107.1396,10.7204],[107.1397,10.7096],[107.1598,10.7104],[107.1628,10.7145],[107.1653,10.7137],[107.1635,10.7096],[107.1665,10.7071],[107.165,10.7002],[107.1667,10.6909],[107.1666,10.6876],[107.1654,10.685],[107.1704,10.6808],[107.1747,10.6819],[107.1808,10.686],[107.1827,10.6915],[107.1869,10.6892],[107.188,10.6914],[107.1942,10.6945],[107.197,10.7004],[107.2032,10.704],[107.2061,10.7051],[107.2044,10.711],[107.2074,10.7158],[107.2075,10.7176],[107.2143,10.7183],[107.2199,10.721],[107.2237,10.7212],[107.2269,10.7238],[107.2395,10.7235],[107.2409,10.7167],[107.2496,10.7185],[107.2747,10.7194],[107.2802,10.7198],[107.2811,10.7247],[107.2825,10.7289],[107.2802,10.731],[107.2792,10.7354],[107.2764,10.7367],[107.2788,10.741],[107.281,10.7418],[107.2839,10.7402],[107.2982,10.7465],[107.2995,10.7504],[107.3005,10.755]]]},"properties":{"ma_xa":"26596","ten_xa":"Châu Đức","sap_nhap":"Cù Bị, Xà Bang","tru_so":"Ấp Liên Lộc, xã Xà Bang, huyện Châu Đức, tỉnh Bà Rịa Vũng Tàu cũ","loai":"Xã","cap":2,"stt":16,"dtich_km2":84.66,"dan_so":28240,"matdo_km2":333.57,"ma_tinh":"79","ten_tinh":"TP. Hồ Chí Minh"}},
{"type":"Feature","geometry":{"type":"Polygon","coordinates":[[[107.1647,10.6187],[107.163,10.6201],[107.16,10.62],[107.1578,10.6152],[107.1536,10.6189],[107.1449,10.6148],[107.1442,10.6168],[107.1414,10.6162],[107.1388,10.6215],[107.1313,10.6199],[107.1306,10.6217],[107.127,10.6224],[107.1252,10.6203],[107.1215,10.6207],[107.1214,10.6183],[107.1114,10.6197],[107.113,10.6264],[107.1092,10.6271],[107.1006,10.6263],[107.0947,10.6293],[107.0922,10.6284],[107.0873,10.6287],[107.0827,10.6278],[107.0783,10.6253],[107.0789,10.6221],[107.0812,10.6204],[107.0819,10.6181],[107.0844,10.6161],[107.0819,10.6089],[107.078,10.6096],[107.0769,10.6052],[107.0822,10.604],[107.0855,10.6014],[107.087,10.6017],[107.0893,10.5963],[107.0927,10.5902],[107.0947,10.589],[107.0955,10.5862],[107.1001,10.5846],[107.0987,10.5799],[107.1028,10.5795],[107.1046,10.5756],[107.1047,10.5724],[107.1088,10.5654],[107.1086,10.5631],[107.1141,10.5584],[107.1139,10.5566],[107.1177,10.5564],[107.1214,10.5532],[107.1274,10.5547],[107.1327,10.5569],[107.1415,10.5482],[107.1465,10.5427],[107.1481,10.5357],[107.1521,10.5359],[107.1574,10.5322],[107.1657,10.5366],[107.1689,10.5349],[107.1711,10.5349],[107.1715,10.5413],[107.1697,10.5549],[107.1684,10.5594],[107.1716,10.5596],[107.1737,10.5621],[107.1726,10.5639],[107.1736,10.5667],[107.1709,10.5698],[107.1704,10.5778],[107.1693,10.5826],[107.1663,10.5877],[107.1675,10.5929],[107.1669,10.595],[107.1682,10.5983],[107.1642,10.6012],[107.1624,10.6084],[107.1602,10.6107],[107.1603,10.6133],[107.1647,10.6187]]]},"properties":{"ma_xa":"26728","ten_xa":"Châu Pha","sap_nhap":"Tóc Tiên, Châu Pha","tru_so":"Xã Châu Pha, TP Phú Mỹ, tỉnh Bà Rịa - Vũng Tàu cũ","loai":"Xã","cap":2,"stt":12,"dtich_km2":65.64,"dan_so":25438,"matdo_km2":387.54,"ma_tinh":"79","ten_tinh":"TP. Hồ Chí Minh"}},
{"type":"Feature","geometry":{"type":"Polygon","coordinates":[[[106.667,10.7501],[106.6656,10.7592],[106.6615,10.7584],[106.6511,10.7563],[106.6507,10.7534],[106.6533,10.7516],[106.6539,10.7486],[106.655,10.7461],[106.6588,10.7481],[106.6649,10.7501],[106.667,10.7501]]]},"properties":{"ma_xa":"27343","ten_xa":"Chợ Lớn","sap_nhap":"Phường 11 (Quận 5), Phường 12 (Quận 5), Phường 13 (Quận 5), Phường 14 (Quận 5)","tru_so":"131 Triệu Quang Phục, phường 11, quận 5 cũ","loai":"Phường","cap":2,"stt":75,"dtich_km2":1.67,"dan_so":85066,"matdo_km2":50937.72,"ma_tinh":"79","ten_tinh":"TP. Hồ Chí Minh"}},
{"type":"Feature","geometry":{"type":"Polygon","coordinates":[[[106.687,10.7533],[106.6851,10.7566],[106.6817,10.7654],[106.675,10.7613],[106.6773,10.7515],[106.681,10.752],[106.6845,10.7509],[106.6866,10.7519],[106.687,10.7533]]]},"properties":{"ma_xa":"27301","ten_xa":"Chợ Quán","sap_nhap":"Phường 1 (Quận 5), Phường 2 (Quận 5), Phường 4 (Quận 5)","tru_so":"462-464 An Dương Vương, phường 4, quận 5 cũ","loai":"Phường","cap":2,"stt":73,"dtich_km2":1.28,"dan_so":63545,"matdo_km2":49644.53,"ma_tinh":"79","ten_tinh":"TP. Hồ Chí Minh"}},
{"type":"Feature","geometry":{"type":"MultiPolygon","coordinates":[[[[106.6195,8.6351],[106.6203,8.6377],[106.6178,8.6388],[106.617,8.6354],[106.6195,8.6351]]],[[[106.6338,8.6357],[106.6348,8.6374],[106.6312,8.6385],[106.6291,8.6378],[106.6284,8.6354],[106.631,8.6329],[106.6338,8.6357]]],[[[106.5761,8.6459],[106.569,8.6495],[106.5669,8.6515],[106.5626,8.6522],[106.5604,8.651],[106.5579,8.6549],[106.5549,8.6582],[106.5544,8.6637],[106.5507,8.6651],[106.55,8.6637],[106.5458,8.6609],[106.5414,8.6616],[106.54,8.6565],[106.5406,8.651],[106.5418,8.6476],[106.548,8.6452],[106.5518,8.6424],[106.5531,8.6403],[106.5526,8.6366],[106.5537,8.6352],[106.5596,8.6329],[106.5608,8.6358],[106.5652,8.6386],[106.5653,8.6399],[106.5702,8.6399],[106.5732,8.6415],[106.5758,8.6442],[106.5761,8.6459]]],[[[106.668,8.6812],[106.6649,8.6822],[106.6619,8.6811],[106.6598,8.6785],[106.6615,8.6733],[106.6653,8.6698],[106.6672,8.6672],[106.6697,8.6611],[106.6733,8.6577],[106.6781,8.6561],[106.6798,8.6657],[106.682,8.6676],[106.685,8.6672],[106.6901,8.6624],[106.6944,8.6618],[106.6955,8.6605],[106.6997,8.6618],[106.7006,8.6641],[106.7027,8.6648],[106.705,8.6635],[106.7089,8.6668],[106.7098,8.6695],[106.7073,8.6706],[106.704,8.6699],[106.703,8.6722],[106.7028,8.6769],[106.7007,8.6782],[106.6958,8.6787],[106.695,8.6742],[106.6934,8.671],[106.6907,8.6702],[106.6887,8.6732],[106.6858,8.6751],[106.6822,8.6706],[106.6804,8.6712],[106.6793,8.6739],[106.6762,8.6785],[106.6727,8.6815],[106.668,8.6812]]],[[[106.5593,8.6834],[106.5601,8.6852],[106.5588,8.6889],[106.5563,8.6888],[106.555,8.6869],[106.5554,8.6841],[106.5593,8.6834]]],[[[106.7406,8.6991],[106.737,8.6955],[106.7333,8.6885],[106.736,8.6888],[106.7399,8.6862],[106.7435,8.6883],[106.7437,8.6942],[106.7416,8.6954],[106.7406,8.6991]]],[[[106.5509,8.7117],[106.5437,8.7099],[106.538,8.7103],[106.5367,8.7096],[106.5366,8.7062],[106.5395,8.7044],[106.5448,8.7036],[106.5479,8.7049],[106.5513,8.7099],[106.5509,8.7117]]],[[[106.5761,8.6459],[106.5797,8.6448],[106.5862,8.6453],[106.5959,8.6445],[106.6028,8.6408],[106.6136,8.6397],[106.615,8.6404],[106.613,8.6495],[106.6101,8.6549],[106.6063,8.6573],[106.5982,8.6692],[106.5984,8.6708],[106.6017,8.6761],[106.6053,8.6792],[106.6105,8.6826],[106.6121,8.6852],[106.6222,8.6903],[106.6242,8.6873],[106.6259,8.6871],[106.6281,8.6894],[106.6297,8.6955],[106.6317,8.6998],[106.6362,8.7001],[106.6425,8.6981],[106.6446,8.6956],[106.6488,8.6935],[106.6526,8.6908],[106.66,8.6931],[106.6598,8.6962],[106.6583,8.6969],[106.6537,8.7011],[106.6481,8.7048],[106.6446,8.708],[106.6431,8.7107],[106.6424,8.7152],[106.6423,8.7234],[106.6434,8.7264],[106.6434,8.7296],[106.6455,8.7318],[106.6517,8.7301],[106.6601,8.73],[106.6664,8.7385],[106.6621,8.743],[106.6593,8.745],[106.659,8.7466],[106.6558,8.7472],[106.6552,8.7501],[106.657,8.7525],[106.6594,8.7483],[106.6646,8.7468],[106.6704,8.7513],[106.6699,8.7543],[106.6677,8.7565],[106.6646,8.7575],[106.6647,8.761],[106.6602,8.7602],[106.6559,8.761],[106.6513,8.755],[106.6465,8.7542],[106.6419,8.7543],[106.6372,8.7524],[106.6357,8.7483],[106.628,8.7461],[106.6239,8.7435],[106.6229,8.7404],[106.624,8.7361],[106.6192,8.7315],[106.6177,8.732],[106.6148,8.7356],[106.6117,8.7351],[106.6079,8.7301],[106.6055,8.7282],[106.5996,8.7256],[106.5934,8.7254],[106.5904,8.7182],[106.5905,8.7117],[106.5897,8.7071],[106.5847,8.7034],[106.5831,8.7037],[106.5816,8.7065],[106.579,8.7063],[106.578,8.7001],[106.5745,8.6925],[106.5701,8.6935],[106.5673,8.6921],[106.564,8.6835],[106.5601,8.6811],[106.5598,8.678],[106.5623,8.6724],[106.5646,8.6704],[106.5647,8.667],[106.5668,8.6649],[106.5678,8.6616],[106.5659,8.6591],[106.5692,8.6575],[106.5749,8.6521],[106.5779,8.6513],[106.5794,8.6484],[106.5761,8.6459]]]]},"properties":{"ma_xa":"26732","ten_xa":"Côn Đảo","sap_nhap":"Côn Đảo","tru_so":"đang cập nhật","loai":"Đặc khu","cap":2,"stt":27,"dtich_km2":75.79,"dan_so":6502,"matdo_km2":85.79,"ma_tinh":"79","ten_tinh":"TP. Hồ Chí Minh"}},
{"type":"Feature","geometry":{"type":"Polygon","coordinates":[[[106.5837,10.9287],[106.5807,10.9337],[106.5785,10.9401],[106.5687,10.9592],[106.5641,10.9687],[106.5614,10.9711],[106.5434,10.9778],[106.5377,10.984],[106.5387,10.9955],[106.5321,10.9969],[106.522,11.0031],[106.5197,11.0031],[106.5155,11.0072],[106.5133,11.0045],[106.4993,10.9899],[106.4968,10.9859],[106.5,10.9842],[106.5051,10.9799],[106.5031,10.978],[106.5033,10.9735],[106.5018,10.97],[106.5,10.9707],[106.5002,10.9631],[106.4983,10.96],[106.5007,10.9546],[106.498,10.9502],[106.4986,10.9473],[106.4877,10.9263],[106.4873,10.925],[106.4956,10.9209],[106.5088,10.9195],[106.5369,10.916],[106.561,10.9171],[106.563,10.9182],[106.567,10.9193],[106.5797,10.92],[106.5841,10.9196],[106.5815,10.9293],[106.5837,10.9287]]]},"properties":{"ma_xa":"27553","ten_xa":"Củ Chi","sap_nhap":"Tân Phú Trung, Tân Thông Hội, Phước Vĩnh An","tru_so":"314 đường Phan Văn Khải, ấp Đình B, xã Tân Phú Trung, huyện Củ Chi cũ ","loai":"Xã","cap":2,"stt":151,"dtich_km2":64.88,"dan_so":128661,"matdo_km2":1983.06,"ma_tinh":"79","ten_tinh":"TP. Hồ Chí Minh"}},
{"type":"Feature","geometry":{"type":"Polygon","coordinates":[[[107.3069,10.5623],[107.3048,10.5596],[107.3,10.5598],[107.2962,10.563],[107.2954,10.5656],[107.2929,10.5668],[107.2888,10.5664],[107.2888,10.5682],[107.2863,10.5724],[107.2845,10.5708],[107.2821,10.5708],[107.2797,10.5734],[107.2772,10.5746],[107.2764,10.5767],[107.2741,10.5773],[107.2737,10.5695],[107.2715,10.5691],[107.2673,10.572],[107.2652,10.5674],[107.2621,10.566],[107.2593,10.563],[107.2586,10.5601],[107.2567,10.5603],[107.255,10.5554],[107.2534,10.5533],[107.253,10.5493],[107.2492,10.5499],[107.249,10.5452],[107.2471,10.5445],[107.2464,10.5403],[107.2455,10.5358],[107.2473,10.531],[107.2463,10.527],[107.2435,10.526],[107.243,10.5203],[107.2407,10.5144],[107.2415,10.5129],[107.24,10.5099],[107.2436,10.5116],[107.2439,10.5137],[107.2469,10.5134],[107.249,10.5146],[107.2532,10.5058],[107.2507,10.501],[107.2517,10.4983],[107.2512,10.4957],[107.2531,10.4933],[107.2542,10.4888],[107.2534,10.487],[107.2537,10.4812],[107.2525,10.4767],[107.2511,10.4751],[107.251,10.471],[107.2498,10.4692],[107.2576,10.4655],[107.2573,10.4621],[107.2593,10.4606],[107.2639,10.4595],[107.2711,10.4642],[107.2742,10.4651],[107.2788,10.4705],[107.2807,10.4736],[107.2832,10.4723],[107.2859,10.4737],[107.2883,10.4722],[107.2955,10.4742],[107.2958,10.488],[107.299,10.4879],[107.3009,10.4864],[107.3017,10.4818],[107.3074,10.4813],[107.3082,10.4831],[107.3113,10.4842],[107.3125,10.4875],[107.3142,10.4864],[107.3194,10.4859],[107.3227,10.4831],[107.3304,10.4807],[107.3358,10.4833],[107.3386,10.4855],[107.3435,10.4869],[107.3496,10.4917],[107.3553,10.4946],[107.3642,10.4951],[107.3652,10.4969],[107.3694,10.4985],[107.3719,10.4953],[107.3746,10.4953],[107.3756,10.4968],[107.373,10.5053],[107.3759,10.5076],[107.3732,10.5151],[107.372,10.5158],[107.3701,10.525],[107.3716,10.5292],[107.3702,10.5326],[107.3708,10.5361],[107.3665,10.5394],[107.3664,10.5426],[107.3606,10.5442],[107.3604,10.5483],[107.3586,10.5535],[107.3572,10.5505],[107.354,10.5493],[107.3524,10.5504],[107.3487,10.5507],[107.3478,10.5555],[107.3426,10.559],[107.3409,10.5619],[107.3421,10.5642],[107.3468,10.5632],[107.3485,10.5649],[107.3477,10.5669],[107.3426,10.5681],[107.335,10.5642],[107.3337,10.5619],[107.3303,10.5608],[107.3267,10.5631],[107.3223,10.5598],[107.3225,10.5576],[107.3153,10.5563],[107.312,10.5597],[107.3069,10.5623]]]},"properties":{"ma_xa":"26680","ten_xa":"Đất Đỏ","sap_nhap":"Đất Đỏ (thị trấn), Long Tân (huyện Long Đất), Láng Dài, Phước Long Thọ","tru_so":"KP Hiệp Hòa, TT Đất Đỏ, huyện Long Đất, tỉnh Bà Rịa - Vũng Tàu cũ","loai":"Xã","cap":2,"stt":25,"dtich_km2":119.77,"dan_so":43862,"matdo_km2":366.22,"ma_tinh":"79","ten_tinh":"TP. Hồ Chí Minh"}},
{"type":"Feature","geometry":{"type":"Polygon","coordinates":[[[106.3655,11.424],[106.3645,11.4222],[106.3599,11.4197],[106.3588,11.4144],[106.3604,11.409],[106.3601,11.4026],[106.3605,11.3984],[106.359,11.3969],[106.3578,11.3926],[106.3545,11.3932],[106.3525,11.3883],[106.3505,11.3865],[106.3513,11.3844],[106.351,11.3758],[106.3483,11.3771],[106.3462,11.375],[106.3465,11.3727],[106.345,11.3672],[106.3455,11.3641],[106.3419,11.363],[106.3372,11.3649],[106.3339,11.3639],[106.3351,11.3613],[106.3378,11.3594],[106.332,11.3529],[106.3331,11.351],[106.3301,11.3473],[106.3269,11.3447],[106.3273,11.3411],[106.3311,11.3392],[106.3374,11.3347],[106.3394,11.332],[106.3399,11.3281],[106.3439,11.3282],[106.3458,11.323],[106.3441,11.3196],[106.3417,11.3123],[106.3376,11.3025],[106.3352,11.2991],[106.3356,11.295],[106.3396,11.298],[106.3424,11.297],[106.3446,11.2935],[106.3411,11.2938],[106.3414,11.2891],[106.3408,11.2857],[106.3432,11.283],[106.3449,11.2874],[106.3468,11.2894],[106.3547,11.2882],[106.3564,11.2844],[106.3535,11.2834],[106.3551,11.2802],[106.3538,11.2766],[106.3541,11.2725],[106.3529,11.2665],[106.3507,11.2635],[106.3539,11.2618],[106.3591,11.2608],[106.3623,11.2631],[106.3639,11.2618],[106.3636,11.2594],[106.3611,11.2587],[106.3606,11.2558],[106.3566,11.2553],[106.3526,11.2522],[106.3511,11.2488],[106.3559,11.2467],[106.3583,11.2404],[106.3624,11.2381],[106.3659,11.2418],[106.3705,11.2447],[106.373,11.2411],[106.3744,11.2421],[106.3722,11.2476],[106.3728,11.2493],[106.3843,11.2522],[106.3873,11.2508],[106.3962,11.253],[106.3957,11.255],[106.4045,11.257],[106.4092,11.2574],[106.4078,11.2626],[106.4034,11.2616],[106.402,11.2672],[106.3972,11.2715],[106.3963,11.271],[106.3923,11.2867],[106.397,11.288],[106.4216,11.3054],[106.4365,11.3109],[106.4548,11.307],[106.4671,11.3199],[106.471,11.3234],[106.4726,11.326],[106.4677,11.3286],[106.4657,11.3318],[106.4652,11.3365],[106.4624,11.3433],[106.4632,11.3459],[106.4605,11.3513],[106.4544,11.361],[106.4508,11.3645],[106.4499,11.3726],[106.452,11.3779],[106.4504,11.3847],[106.4486,11.3842],[106.4476,11.3886],[106.4382,11.3863],[106.4378,11.3884],[106.4347,11.3905],[106.4348,11.3959],[106.4375,11.4012],[106.4346,11.4017],[106.4349,11.4058],[106.4286,11.4085],[106.4244,11.4114],[106.4236,11.4135],[106.4201,11.4145],[106.417,11.4181],[106.4104,11.4182],[106.4028,11.4204],[106.3988,11.4195],[106.3949,11.4203],[106.3913,11.4198],[106.3876,11.4208],[106.3857,11.4194],[106.3801,11.4202],[106.3777,11.4232],[106.3696,11.427],[106.3655,11.424]]]},"properties":{"ma_xa":"25777","ten_xa":"Dầu Tiếng","sap_nhap":"Dầu Tiếng (thị trấn), Định An, Định Thành, Định Hiệp (1 phần)","tru_so":"Đường Hùng Vương, KP4B, thị trấn Dầu Tiếng, huyện Dầu Tiếng, tỉnh Bình Dương cũ","loai":"Xã","cap":2,"stt":61,"dtich_km2":182.69,"dan_so":39056,"matdo_km2":213.78,"ma_tinh":"79","ten_tinh":"TP. Hồ Chí Minh"}},
{"type":"Feature","geometry":{"type":"Polygon","coordinates":[[[106.797,10.9127],[106.7934,10.9154],[106.7891,10.9172],[106.7763,10.9185],[106.7659,10.9255],[106.7636,10.9306],[106.7603,10.9274],[106.7562,10.9294],[106.7507,10.9372],[106.7421,10.9321],[106.7418,10.9268],[106.7397,10.8904],[106.7367,10.8846],[106.7342,10.8805],[106.7372,10.8803],[106.7412,10.8813],[106.7447,10.8801],[106.7472,10.8774],[106.7504,10.8773],[106.7514,10.8755],[106.7464,10.8739],[106.746,10.8717],[106.75,10.8643],[106.752,10.8635],[106.7549,10.8664],[106.7623,10.8673],[106.7634,10.8699],[106.7604,10.8724],[106.7617,10.8744],[106.7605,10.8813],[106.7645,10.8849],[106.7669,10.8915],[106.769,10.8937],[106.7688,10.8966],[106.7707,10.9023],[106.7733,10.9051],[106.7824,10.9046],[106.7891,10.9017],[106.7904,10.9043],[106.7944,10.9056],[106.797,10.9127]]]},"properties":{"ma_xa":"25942","ten_xa":"Dĩ An","sap_nhap":"An Bình, Dĩ An, Tân Đông Hiệp (1 phần)","tru_so":"10 Trung tâm hành chính, phường Dĩ An, tỉnh Bình Dương cũ","loai":"Phường","cap":2,"stt":29,"dtich_km2":21.38,"dan_so":227817,"matdo_km2":10655.61,"ma_tinh":"79","ten_tinh":"TP. Hồ Chí Minh"}},
{"type":"Feature","geometry":{"type":"Polygon","coordinates":[[[106.6671,10.7677],[106.6636,10.7764],[106.6613,10.7786],[106.6602,10.7822],[106.656,10.7782],[106.66,10.7638],[106.6615,10.7584],[106.6656,10.7592],[106.6689,10.7599],[106.6671,10.7677]]]},"properties":{"ma_xa":"27169","ten_xa":"Diên Hồng","sap_nhap":"Phường 6 (Quận 10), Phường 8 (Quận 10), Phường 14 (Quận 10, 1 phần)","tru_so":" 01A Thành Thái, phường 14, quận 10 cũ","loai":"Phường","cap":2,"stt":87,"dtich_km2":1.86,"dan_so":75633,"matdo_km2":40662.9,"ma_tinh":"79","ten_tinh":"TP. Hồ Chí Minh"}},
{"type":"Feature","geometry":{"type":"Polygon","coordinates":[[[106.8389,10.9034],[106.8339,10.9041],[106.8311,10.9065],[106.8283,10.904],[106.8239,10.9029],[106.8164,10.9029],[106.8148,10.9043],[106.815,10.9105],[106.8114,10.9157],[106.812,10.9176],[106.8064,10.9207],[106.802,10.9199],[106.797,10.9127],[106.7944,10.9056],[106.7904,10.9043],[106.7891,10.9017],[106.7824,10.9046],[106.7733,10.9051],[106.7707,10.9023],[106.7688,10.8966],[106.769,10.8937],[106.7756,10.8871],[106.7767,10.885],[106.7805,10.8815],[106.7819,10.8775],[106.7819,10.874],[106.78,10.8684],[106.7842,10.8673],[106.7878,10.868],[106.7889,10.8719],[106.7921,10.872],[106.7949,10.8735],[106.7982,10.872],[106.8012,10.8735],[106.8044,10.8737],[106.8053,10.8751],[106.8086,10.873],[106.813,10.8791],[106.814,10.8782],[106.8176,10.8826],[106.8197,10.8861],[106.8218,10.886],[106.8242,10.8887],[106.8237,10.892],[106.8262,10.8949],[106.8304,10.8953],[106.8339,10.8983],[106.8402,10.8989],[106.8394,10.9016],[106.8389,10.9034]]]},"properties":{"ma_xa":"25951","ten_xa":"Đông Hòa","sap_nhap":"Bình An, Bình Thắng, Đông Hòa","tru_so":"153 Quốc lộ 1K, phường Đông Hoà, tỉnh Bình Dương cũ","loai":"Phường","cap":2,"stt":28,"dtich_km2":21.89,"dan_so":132056,"matdo_km2":6032.71,"ma_tinh":"79","ten_tinh":"TP. Hồ Chí Minh"}},
{"type":"Feature","geometry":{"type":"Polygon","coordinates":[[[106.643,10.8522],[106.6376,10.8556],[106.6317,10.8524],[106.621,10.8473],[106.6153,10.8427],[106.6088,10.8369],[106.6045,10.8302],[106.6033,10.8263],[106.6077,10.8232],[106.6146,10.8211],[106.616,10.8195],[106.6196,10.8186],[106.6238,10.8199],[106.6279,10.8247],[106.6297,10.827],[106.6324,10.833],[106.6324,10.8405],[106.6352,10.8453],[106.6427,10.8508],[106.643,10.8522]]]},"properties":{"ma_xa":"26791","ten_xa":"Đông Hưng Thuận","sap_nhap":"Tân Thới Nhất, Tân Hưng Thuận, Đông Hưng Thuận","tru_so":"Trụ sở UBND phường Tân Thới Nhất, quận 12 cũ","loai":"Phường","cap":2,"stt":94,"dtich_km2":8.26,"dan_so":182895,"matdo_km2":22142.25,"ma_tinh":"79","ten_tinh":"TP. Hồ Chí Minh"}},
{"type":"Feature","geometry":{"type":"Polygon","coordinates":[[[106.6808,10.9234],[106.6756,10.9227],[106.6698,10.9208],[106.6623,10.9229],[106.6574,10.9258],[106.6537,10.9197],[106.646,10.9198],[106.6428,10.9178],[106.6381,10.9161],[106.6314,10.9162],[106.622,10.9144],[106.6174,10.9125],[106.6106,10.9112],[106.6053,10.9094],[106.6003,10.9064],[106.6021,10.8996],[106.5986,10.8929],[106.5981,10.8893],[106.6023,10.8877],[106.6007,10.884],[106.6076,10.883],[106.6108,10.8769],[106.6149,10.8703],[106.6194,10.8712],[106.6248,10.8772],[106.6279,10.8812],[106.6254,10.8836],[106.6287,10.8858],[106.6319,10.8918],[106.6393,10.8918],[106.6426,10.8924],[106.6434,10.8939],[106.6469,10.8948],[106.6522,10.8949],[106.6532,10.8918],[106.6634,10.893],[106.6689,10.8916],[106.6706,10.8979],[106.6707,10.9012],[106.6797,10.9035],[106.6816,10.8985],[106.688,10.9013],[106.6927,10.9043],[106.6877,10.9163],[106.6851,10.9207],[106.6808,10.9234]]]},"properties":{"ma_xa":"27568","ten_xa":"Đông Thạnh","sap_nhap":"Thới Tam Thôn, Nhị Bình, Đông Thạnh","tru_so":"Trụ sở Đảng ủy - HĐND - UBND xã Đông Thạnh cũ","loai":"Xã","cap":2,"stt":158,"dtich_km2":30.16,"dan_so":190400,"matdo_km2":6313,"ma_tinh":"79","ten_tinh":"TP. Hồ Chí Minh"}},
{"type":"Feature","geometry":{"type":"Polygon","coordinates":[[[106.684,10.81],[106.6804,10.8119],[106.676,10.8112],[106.6728,10.8141],[106.6724,10.8107],[106.6695,10.8067],[106.6688,10.8021],[106.6677,10.8002],[106.6786,10.7993],[106.6806,10.7994],[106.685,10.8038],[106.6879,10.8037],[106.687,10.8062],[106.6839,10.8071],[106.684,10.81]]]},"properties":{"ma_xa":"27043","ten_xa":"Đức Nhuận","sap_nhap":"Phường 4 (quận Phú Nhuận), Phường 5 (quận Phú Nhuận), Phường 9 (quận Phú Nhuận)","tru_so":"744 Nguyễn Kiệm, quận Phú Nhuận cũ","loai":"Phường","cap":2,"stt":115,"dtich_km2":2.17,"dan_so":71495,"matdo_km2":32947,"ma_tinh":"79","ten_tinh":"TP. Hồ Chí Minh"}},
{"type":"Feature","geometry":{"type":"Polygon","coordinates":[[[106.7114,10.8028],[106.7013,10.8038],[106.698,10.8025],[106.6949,10.8028],[106.6951,10.8083],[106.6903,10.8108],[106.687,10.8062],[106.6879,10.8037],[106.6921,10.8023],[106.6916,10.7955],[106.6949,10.7935],[106.7019,10.7931],[106.7063,10.7916],[106.71,10.7956],[106.7114,10.8028]]]},"properties":{"ma_xa":"26944","ten_xa":"Gia Định","sap_nhap":"Phường 1 (quận Bình Thạnh), Phường 2 (quận Bình Thạnh), Phường 7 (quận Bình Thạnh), Phường 17 (quận Bình Thạnh)","tru_so":"Tạm thời sử dụng trụ sở UBND phường 7, Bình Thạnh cũ, 58 Hoàng Hoa Thám, phường 7 và trụ sở UBND phường 2 cũ, số 14 Phan Bội Châu, phường 2.\nDự kiến xây dựng trụ sở UBND phường Gia Định tạ","loai":"Phường","cap":2,"stt":104,"dtich_km2":2.76,"dan_so":125946,"matdo_km2":45632.61,"ma_tinh":"79","ten_tinh":"TP. Hồ Chí Minh"}},
{"type":"Feature","geometry":{"type":"Polygon","coordinates":[[[106.6788,10.851],[106.6759,10.852],[106.6769,10.8487],[106.6743,10.8462],[106.6712,10.8416],[106.6705,10.8386],[106.6652,10.8387],[106.6636,10.8307],[106.6661,10.8284],[106.6704,10.8272],[106.6732,10.8279],[106.6742,10.8263],[106.6778,10.8269],[106.6779,10.8304],[106.6821,10.8335],[106.6804,10.838],[106.6766,10.842],[106.6784,10.8471],[106.6788,10.851]]]},"properties":{"ma_xa":"26884","ten_xa":"Gò Vấp","sap_nhap":"Phường 10 (quận Gò Vấp), Phường 17 (quận Gò Vấp)","tru_so":"332 Quang Trung, phường 10, Quận Gò Vấp cũ","loai":"Phường","cap":2,"stt":111,"dtich_km2":2.81,"dan_so":110850,"matdo_km2":39448.4,"ma_tinh":"79","ten_tinh":"TP. Hồ Chí Minh"}},
{"type":"Feature","geometry":{"type":"Polygon","coordinates":[[[106.6935,10.822],[106.689,10.8209],[106.6865,10.8242],[106.6905,10.8275],[106.6844,10.8345],[106.6821,10.8335],[106.6779,10.8304],[106.6778,10.8269],[106.6783,10.8251],[106.6732,10.8223],[106.6742,10.818],[106.6757,10.8153],[106.6728,10.8141],[106.676,10.8112],[106.6804,10.8119],[106.684,10.81],[106.6852,10.814],[106.6907,10.8156],[106.6935,10.8177],[106.6935,10.822]]]},"properties":{"ma_xa":"26890","ten_xa":"Hạnh Thông","sap_nhap":"Phường 1 (quận Gò Vấp), Phường 3 (quận Gò Vấp)","tru_so":"306 Nguyễn Văn Nghi, phường 1, quận Gò Vấp cũ","loai":"Phường","cap":2,"stt":109,"dtich_km2":3.37,"dan_so":128865,"matdo_km2":38238.87,"ma_tinh":"79","ten_tinh":"TP. Hồ Chí Minh"}},
{"type":"Feature","geometry":{"type":"Polygon","coordinates":[[[106.7235,10.8717],[106.7164,10.8728],[106.715,10.8724],[106.7155,10.8685],[106.7133,10.8657],[106.7169,10.8619],[106.7182,10.8575],[106.7179,10.8554],[106.7156,10.8524],[106.7109,10.8511],[106.7044,10.8517],[106.699,10.85],[106.6978,10.8461],[106.6982,10.843],[106.7028,10.8391],[106.7062,10.8369],[106.7082,10.8339],[106.7089,10.8266],[106.7099,10.8237],[106.7136,10.821],[106.7139,10.8208],[106.7183,10.8204],[106.7248,10.8217],[106.7295,10.824],[106.7331,10.8276],[106.7377,10.8345],[106.7409,10.8356],[106.7473,10.8336],[106.7493,10.8366],[106.7467,10.8378],[106.7487,10.84],[106.7496,10.8436],[106.7409,10.8466],[106.738,10.847],[106.7342,10.8496],[106.7351,10.8537],[106.7318,10.8551],[106.7294,10.8608],[106.7269,10.8617],[106.727,10.8693],[106.7235,10.8717]]]},"properties":{"ma_xa":"26809","ten_xa":"Hiệp Bình","sap_nhap":"Hiệp Bình Chánh, Hiệp Bình Phước, Linh Đông (1 phần)","tru_so":"721 Quốc lộ 13, khu phố 3, phường Hiệp Bình Phước, TP Thủ Đức cũ","loai":"Phường","cap":2,"stt":129,"dtich_km2":16.01,"dan_so":215638,"matdo_km2":13468.96,"ma_tinh":"79","ten_tinh":"TP. Hồ Chí Minh"}},
{"type":"Feature","geometry":{"type":"Polygon","coordinates":[[[106.7384,10.6654],[106.7309,10.6663],[106.7293,10.6672],[106.7273,10.6723],[106.7276,10.6769],[106.7261,10.6807],[106.7191,10.6806],[106.7132,10.6824],[106.7091,10.6824],[106.7086,10.6845],[106.7028,10.6888],[106.7015,10.6889],[106.6985,10.6921],[106.6944,10.6915],[106.6906,10.6944],[106.6891,10.6899],[106.6896,10.6855],[106.686,10.686],[106.6816,10.684],[106.6793,10.6822],[106.6814,10.6771],[106.6787,10.6717],[106.6784,10.6689],[106.6787,10.6648],[106.6804,10.6626],[106.6842,10.6613],[106.6858,10.6562],[106.6876,10.6557],[106.6917,10.6485],[106.6965,10.65],[106.6974,10.6518],[106.7007,10.654],[106.7042,10.6529],[106.7055,10.6508],[106.7085,10.6498],[106.7127,10.6501],[106.7192,10.6455],[106.7219,10.6459],[106.7234,10.6419],[106.7259,10.6382],[106.73,10.6362],[106.7333,10.6288],[106.7291,10.6282],[106.7283,10.6248],[106.732,10.6229],[106.7298,10.6199],[106.7299,10.6176],[106.7275,10.6159],[106.7291,10.612],[106.7316,10.6121],[106.7313,10.6088],[106.7275,10.6098],[106.7239,10.612],[106.7223,10.6073],[106.7189,10.6061],[106.7195,10.603],[106.7218,10.5991],[106.7204,10.5957],[106.7231,10.594],[106.7236,10.5912],[106.7232,10.5882],[106.7266,10.5842],[106.7286,10.58],[106.7313,10.5797],[106.7347,10.5821],[106.7354,10.5861],[106.7386,10.5855],[106.7392,10.5818],[106.7348,10.578],[106.7366,10.5769],[106.7389,10.5787],[106.7426,10.5786],[106.7457,10.5756],[106.7498,10.5795],[106.7539,10.5809],[106.76,10.5806],[106.7708,10.5767],[106.7749,10.5765],[106.7804,10.579],[106.7829,10.583],[106.7836,10.5855],[106.7833,10.5934],[106.7825,10.5966],[106.7802,10.6018],[106.772,10.6137],[106.7709,10.6166],[106.7705,10.624],[106.7716,10.6332],[106.7709,10.6369],[106.7672,10.642],[106.7593,10.6463],[106.7495,10.6499],[106.7466,10.6513],[106.743,10.6544],[106.7396,10.6591],[106.7384,10.6654]]]},"properties":{"ma_xa":"27658","ten_xa":"Hiệp Phước","sap_nhap":"Nhơn Đức, Long Thới, Hiệp Phước","tru_so":"209 Nguyễn Văn Tạo, xã Long Thới, huyện Nhà Bè cũ","loai":"Xã","cap":2,"stt":163,"dtich_km2":63.33,"dan_so":67754,"matdo_km2":1069.86,"ma_tinh":"79","ten_tinh":"TP. Hồ Chí Minh"}},
{"type":"Feature","geometry":{"type":"Polygon","coordinates":[[[107.4132,10.5892],[107.4128,10.5916],[107.3839,10.5912],[107.3836,10.5867],[107.372,10.5866],[107.3681,10.5904],[107.3646,10.5919],[107.3621,10.5872],[107.3623,10.5826],[107.3589,10.5808],[107.3554,10.5802],[107.3553,10.5768],[107.3523,10.5742],[107.3527,10.572],[107.3477,10.5669],[107.3485,10.5649],[107.3468,10.5632],[107.3421,10.5642],[107.3409,10.5619],[107.3426,10.559],[107.3478,10.5555],[107.3487,10.5507],[107.3524,10.5504],[107.354,10.5493],[107.3572,10.5505],[107.3586,10.5535],[107.3604,10.5483],[107.3606,10.5442],[107.3664,10.5426],[107.3665,10.5394],[107.3708,10.5361],[107.3702,10.5326],[107.3716,10.5292],[107.3701,10.525],[107.372,10.5158],[107.3732,10.5151],[107.3759,10.5076],[107.373,10.5053],[107.3756,10.4968],[107.3768,10.4924],[107.3737,10.4908],[107.3707,10.4853],[107.3732,10.4847],[107.3723,10.4817],[107.3694,10.4824],[107.3681,10.4792],[107.3662,10.478],[107.3641,10.4796],[107.3631,10.4759],[107.3688,10.4741],[107.3663,10.47],[107.3639,10.4686],[107.3533,10.4639],[107.3462,10.4588],[107.3421,10.4567],[107.3369,10.4557],[107.3332,10.4527],[107.3341,10.4494],[107.3418,10.4544],[107.3472,10.4566],[107.355,10.4607],[107.3569,10.4625],[107.3637,10.4661],[107.3702,10.4679],[107.3798,10.4684],[107.3926,10.4685],[107.405,10.4681],[107.4131,10.466],[107.4175,10.4674],[107.4251,10.4685],[107.4283,10.4698],[107.4384,10.4699],[107.4422,10.4677],[107.4454,10.4694],[107.4522,10.4787],[107.4532,10.4807],[107.4608,10.4893],[107.4509,10.499],[107.4393,10.5107],[107.4236,10.5249],[107.424,10.5315],[107.4217,10.536],[107.4192,10.5367],[107.4157,10.5399],[107.4167,10.5444],[107.4135,10.5465],[107.4093,10.551],[107.4078,10.5542],[107.4092,10.5593],[107.4103,10.5609],[107.4107,10.566],[107.4068,10.5708],[107.4046,10.5709],[107.4017,10.5727],[107.4014,10.5771],[107.4029,10.5773],[107.4032,10.5816],[107.4077,10.5847],[107.4097,10.5851],[107.4105,10.588],[107.4132,10.5892]]]},"properties":{"ma_xa":"26620","ten_xa":"Hồ Tràm","sap_nhap":"Phước Bửu (thị trấn), Phước Tân, Phước Thuận","tru_so":"151 quốc lộ 55, thị trấn Phước Bửu, huyện Xuyên Mộc, tỉnh Bà Rịa - Vũng Tàu cũ","loai":"Xã","cap":2,"stt":19,"dtich_km2":94.51,"dan_so":51895,"matdo_km2":549.1,"ma_tinh":"79","ten_tinh":"TP. Hồ Chí Minh"}},
{"type":"Feature","geometry":{"type":"Polygon","coordinates":[[[106.648,10.7748],[106.6477,10.7752],[106.6443,10.775],[106.6376,10.769],[106.6464,10.7653],[106.6521,10.769],[106.648,10.7748]]]},"properties":{"ma_xa":"27211","ten_xa":"Hòa Bình","sap_nhap":"Phường 5 (Quận 11), Phường 14 (Quận 11)","tru_so":"347 Lạc Long Quân, phường 5, quận 11 cũ và 416/1 Lạc Long Quân, quận 11 cũ","loai":"Phường","cap":2,"stt":92,"dtich_km2":0.98,"dan_so":69318,"matdo_km2":70732.65,"ma_tinh":"79","ten_tinh":"TP. Hồ Chí Minh"}},
{"type":"Feature","geometry":{"type":"Polygon","coordinates":[[[107.5498,10.6564],[107.5479,10.6601],[107.5487,10.6624],[107.5455,10.6634],[107.5442,10.6669],[107.5442,10.6704],[107.5432,10.6734],[107.5389,10.6761],[107.5383,10.6785],[107.5406,10.6832],[107.5421,10.6839],[107.5419,10.6878],[107.5429,10.6904],[107.5451,10.6922],[107.5462,10.6959],[107.5434,10.6996],[107.5446,10.7014],[107.5435,10.7066],[107.5387,10.7139],[107.5364,10.7162],[107.535,10.7214],[107.5324,10.7214],[107.529,10.724],[107.5264,10.7285],[107.5259,10.7316],[107.524,10.7315],[107.5195,10.7355],[107.5157,10.7351],[107.5157,10.7381],[107.5123,10.7403],[107.5122,10.743],[107.506,10.7461],[107.5068,10.7544],[107.5079,10.7565],[107.5018,10.7612],[107.5049,10.7714],[107.4967,10.7608],[107.4859,10.758],[107.4763,10.7563],[107.4756,10.7528],[107.4729,10.7514],[107.4719,10.749],[107.4722,10.7453],[107.4705,10.7418],[107.4661,10.7406],[107.4627,10.7408],[107.4622,10.7372],[107.4607,10.7371],[107.4565,10.7322],[107.4541,10.7311],[107.4509,10.7315],[107.4495,10.73],[107.4434,10.7294],[107.4475,10.693],[107.448,10.6879],[107.4533,10.6876],[107.4537,10.6783],[107.4563,10.6782],[107.4591,10.6764],[107.4631,10.6768],[107.4662,10.6739],[107.4699,10.6724],[107.4709,10.6663],[107.4737,10.6641],[107.4739,10.6613],[107.4724,10.6563],[107.4744,10.6533],[107.48,10.6536],[107.4843,10.6495],[107.4857,10.6497],[107.4904,10.6468],[107.491,10.6447],[107.5014,10.6486],[107.5068,10.6486],[107.5106,10.646],[107.5182,10.6481],[107.5223,10.6469],[107.5268,10.6479],[107.5332,10.6447],[107.5498,10.6564]]]},"properties":{"ma_xa":"26647","ten_xa":"Hòa Hiệp","sap_nhap":"Hòa Hiệp","tru_so":"Xã Hòa Hiệp, huyện Xuyên Mộc, tỉnh Bà Rịa - Vũng Tàu cũ","loai":"Xã","cap":2,"stt":165,"dtich_km2":99.28,"dan_so":25995,"matdo_km2":261.84,"ma_tinh":"79","ten_tinh":"TP. Hồ Chí Minh"}},
{"type":"Feature","geometry":{"type":"Polygon","coordinates":[[[107.491,10.6447],[107.4904,10.6468],[107.4857,10.6497],[107.4843,10.6495],[107.48,10.6536],[107.4744,10.6533],[107.4724,10.6563],[107.4739,10.6613],[107.4737,10.6641],[107.4709,10.6663],[107.4699,10.6724],[107.4662,10.6739],[107.4631,10.6768],[107.4591,10.6764],[107.4563,10.6782],[107.4537,10.6783],[107.4421,10.678],[107.4224,10.6785],[107.4058,10.6787],[107.4059,10.6694],[107.3969,10.6695],[107.395,10.6726],[107.391,10.6746],[107.3865,10.6755],[107.386,10.6729],[107.3807,10.6736],[107.3784,10.6759],[107.3718,10.6777],[107.3712,10.6761],[107.3677,10.6742],[107.3559,10.6719],[107.3645,10.6565],[107.3685,10.6538],[107.3666,10.6486],[107.3645,10.6463],[107.3661,10.6413],[107.3638,10.6383],[107.3616,10.6381],[107.3586,10.6353],[107.356,10.6308],[107.3566,10.6252],[107.3531,10.6221],[107.356,10.6197],[107.3581,10.6146],[107.3561,10.612],[107.3533,10.6137],[107.3512,10.6065],[107.3552,10.605],[107.357,10.6013],[107.3598,10.6008],[107.359,10.5984],[107.3635,10.5979],[107.365,10.5945],[107.3646,10.5919],[107.3681,10.5904],[107.372,10.5866],[107.3836,10.5867],[107.3839,10.5912],[107.4128,10.5916],[107.4132,10.5892],[107.4152,10.5894],[107.4197,10.5876],[107.4203,10.5888],[107.4243,10.5889],[107.4253,10.5872],[107.4284,10.5877],[107.4293,10.5858],[107.4337,10.5829],[107.4386,10.5835],[107.4397,10.5786],[107.4444,10.5784],[107.4442,10.5766],[107.4573,10.5771],[107.4649,10.577],[107.4669,10.5792],[107.4725,10.5824],[107.4734,10.5863],[107.4736,10.5913],[107.4756,10.5955],[107.4791,10.6011],[107.4775,10.6033],[107.4761,10.61],[107.4777,10.6112],[107.4941,10.6115],[107.4924,10.6087],[107.4948,10.6057],[107.4967,10.605],[107.5003,10.6066],[107.491,10.6447]]]},"properties":{"ma_xa":"26641","ten_xa":"Hòa Hội","sap_nhap":"Hòa Hưng, Hòa Bình, Hòa Hội","tru_so":"xã Hòa Bình, huyện Xuyên Mộc, tỉnh Bà Rịa - Vũng Tàu cũ","loai":"Xã","cap":2,"stt":21,"dtich_km2":136.27,"dan_so":36174,"matdo_km2":265.46,"ma_tinh":"79","ten_tinh":"TP. Hồ Chí Minh"}},
{"type":"Feature","geometry":{"type":"Polygon","coordinates":[[[106.6817,10.7778],[106.6646,10.7869],[106.6602,10.7822],[106.6613,10.7786],[106.6636,10.7764],[106.6671,10.7677],[106.6796,10.7749],[106.6817,10.7778]]]},"properties":{"ma_xa":"27163","ten_xa":"Hòa Hưng","sap_nhap":"Phường 12 (Quận 10), Phường 13 (Quận 10), Phường 15 (Quận 10), Phường 14 (Quận 10, 1 phần)","tru_so":"đang cập nhật","loai":"Phường","cap":2,"stt":89,"dtich_km2":2.59,"dan_so":96414,"matdo_km2":37225.48,"ma_tinh":"79","ten_tinh":"TP. Hồ Chí Minh"}},
{"type":"Feature","geometry":{"type":"Polygon","coordinates":[[[106.6885,11.1287],[106.6857,11.1276],[106.6787,11.1289],[106.6759,11.1279],[106.6733,11.1294],[106.6662,11.1311],[106.6644,11.1329],[106.6555,11.133],[106.6554,11.1236],[106.6589,11.1223],[106.6576,11.1077],[106.6566,11.1078],[106.6565,11.0971],[106.6586,11.0916],[106.6374,11.08],[106.6279,11.0762],[106.6268,11.0792],[106.6193,11.08],[106.6155,11.0831],[106.6136,11.0785],[106.609,11.0781],[106.6042,11.0721],[106.606,11.0712],[106.6064,11.0669],[106.6144,11.0625],[106.6167,11.0582],[106.6143,11.0543],[106.6156,11.0511],[106.6242,11.0538],[106.626,11.0439],[106.6306,11.0432],[106.6342,11.045],[106.6401,11.0342],[106.6472,11.0461],[106.653,11.0522],[106.6536,11.0581],[106.658,11.0584],[106.6636,11.057],[106.6642,11.0615],[106.6627,11.0693],[106.6648,11.0741],[106.667,11.0769],[106.6692,11.076],[106.6702,11.0786],[106.6679,11.0794],[106.6708,11.0872],[106.6689,11.0915],[106.6669,11.093],[106.6676,11.0999],[106.6673,11.1073],[106.6712,11.1076],[106.6759,11.1103],[106.6799,11.1104],[106.6868,11.1129],[106.6882,11.1112],[106.6901,11.102],[106.6929,11.1027],[106.6925,11.1071],[106.693,11.1113],[106.6942,11.1139],[106.6935,11.1185],[106.6917,11.1237],[106.6885,11.1287]]]},"properties":{"ma_xa":"25849","ten_xa":"Hòa Lợi","sap_nhap":"Tân Định (thành phố Bến Cát), Hòa Lợi","tru_so":"Khu phố An Hoà, phường Hòa Lợi, TP Bến Cát, tỉnh Bình Dương cũ","loai":"Phường","cap":2,"stt":45,"dtich_km2":33.59,"dan_so":79694,"matdo_km2":2372.62,"ma_tinh":"79","ten_tinh":"TP. Hồ Chí Minh"}},
{"type":"Feature","geometry":{"type":"Polygon","coordinates":[[[106.622,10.9144],[106.6004,10.9178],[106.6012,10.9233],[106.6002,10.9234],[106.5837,10.9287],[106.5815,10.9293],[106.5841,10.9196],[106.5797,10.92],[106.567,10.9193],[106.563,10.9182],[106.5756,10.9003],[106.5889,10.8923],[106.5862,10.889],[106.5839,10.8885],[106.6013,10.8638],[106.6049,10.8653],[106.6047,10.8677],[106.6073,10.871],[106.6061,10.872],[106.607,10.875],[106.6087,10.8746],[106.6108,10.8769],[106.6076,10.883],[106.6007,10.884],[106.6023,10.8877],[106.5981,10.8893],[106.5986,10.8929],[106.6021,10.8996],[106.6003,10.9064],[106.6053,10.9094],[106.6106,10.9112],[106.6174,10.9125],[106.622,10.9144]]]},"properties":{"ma_xa":"27559","ten_xa":"Hóc Môn","sap_nhap":"Tân Hiệp (huyện Hóc Môn), Tân Xuân, Hóc Môn (thị trấn)","tru_so":"Trụ sở Đảng ủy - HĐND - UBND huyện Hóc Môn cũ","loai":"Xã","cap":2,"stt":159,"dtich_km2":16.43,"dan_so":93323,"matdo_km2":5680.04,"ma_tinh":"79","ten_tinh":"TP. Hồ Chí Minh"}},
{"type":"Feature","geometry":{"type":"Polygon","coordinates":[[[106.6784,10.6689],[106.672,10.6711],[106.6697,10.6707],[106.6664,10.6747],[106.6648,10.6783],[106.6581,10.6795],[106.6549,10.6783],[106.6542,10.6821],[106.6498,10.6826],[106.6504,10.6864],[106.6448,10.6867],[106.6336,10.68],[106.6286,10.6836],[106.6284,10.6895],[106.6242,10.6922],[106.6237,10.693],[106.6222,10.6924],[106.6098,10.667],[106.6054,10.6587],[106.6114,10.6566],[106.6169,10.6522],[106.6189,10.649],[106.625,10.6473],[106.6243,10.6445],[106.6218,10.6441],[106.6212,10.6411],[106.6258,10.6397],[106.6271,10.6424],[106.6297,10.6423],[106.6297,10.632],[106.631,10.6301],[106.6302,10.6266],[106.6325,10.6282],[106.6347,10.6256],[106.6389,10.6275],[106.641,10.6267],[106.6438,10.6296],[106.6462,10.6342],[106.6485,10.6327],[106.6533,10.6333],[106.653,10.6379],[106.6568,10.6392],[106.6564,10.6436],[106.6602,10.641],[106.6664,10.6387],[106.6697,10.6393],[106.6732,10.6422],[106.6737,10.6439],[106.6786,10.6453],[106.6853,10.6511],[106.6858,10.6562],[106.6842,10.6613],[106.6804,10.6626],[106.6787,10.6648],[106.6784,10.6689]]]},"properties":{"ma_xa":"27628","ten_xa":"Hưng Long","sap_nhap":"Đa Phước, Qui Đức, Hưng Long","tru_so":"564 đường Đoàn Nguyễn Tuấn, ấp 6, xã Hưng Long, huyện Bình Chánh cũ và  33 đường Hưng Long - Qui Đức, ấp 3, xã Qui Đức, huyện Bình Chánh cũ","loai":"Xã","cap":2,"stt":146,"dtich_km2":35.54,"dan_so":71504,"matdo_km2":2011.93,"ma_tinh":"79","ten_tinh":"TP. Hồ Chí Minh"}},
{"type":"Feature","geometry":{"type":"Polygon","coordinates":[[[106.7099,10.7524],[106.7092,10.7555],[106.7111,10.7588],[106.7012,10.7653],[106.6993,10.7641],[106.6969,10.7617],[106.7012,10.7561],[106.7061,10.7562],[106.7051,10.7524],[106.7099,10.7524]]]},"properties":{"ma_xa":"27265","ten_xa":"Khánh Hội","sap_nhap":"Phường 8 (Quận 4), Phường 9 (Quận 4), Phường 2 (Quận 4, 1 phần), Phường 4 (Quận 4, 1 phần), Phường 15 (Quận 4, 1 phần)","tru_so":"104 Bến Vân Đồn, phường 9, quận 4 cũ","loai":"Phường","cap":2,"stt":71,"dtich_km2":1.07,"dan_so":94507,"matdo_km2":88324.3,"ma_tinh":"79","ten_tinh":"TP. Hồ Chí Minh"}},
{"type":"Feature","geometry":{"type":"Polygon","coordinates":[[[107.2496,10.7185],[107.2409,10.7167],[107.2395,10.7235],[107.2269,10.7238],[107.2237,10.7212],[107.2199,10.721],[107.2143,10.7183],[107.2075,10.7176],[107.2074,10.7158],[107.2044,10.711],[107.2061,10.7051],[107.2032,10.704],[107.197,10.7004],[107.1942,10.6945],[107.188,10.6914],[107.1869,10.6892],[107.1827,10.6915],[107.1808,10.686],[107.1747,10.6819],[107.1704,10.6808],[107.1654,10.685],[107.163,10.6824],[107.1598,10.6805],[107.1605,10.6751],[107.1631,10.6732],[107.1667,10.6662],[107.1649,10.6593],[107.1663,10.6553],[107.1677,10.6472],[107.1643,10.6417],[107.1652,10.6391],[107.1643,10.635],[107.166,10.6327],[107.1666,10.627],[107.169,10.6243],[107.1786,10.6249],[107.1804,10.6276],[107.1787,10.6313],[107.1787,10.6369],[107.187,10.6496],[107.1917,10.6483],[107.1948,10.6537],[107.1966,10.6547],[107.1986,10.6522],[107.2067,10.6502],[107.2081,10.6477],[107.2119,10.6452],[107.2138,10.6456],[107.2126,10.65],[107.2133,10.6537],[107.2161,10.6565],[107.2161,10.6602],[107.2143,10.6636],[107.2144,10.6667],[107.2292,10.6662],[107.2294,10.6674],[107.2415,10.665],[107.2485,10.6631],[107.2489,10.6649],[107.2581,10.6643],[107.258,10.6679],[107.2611,10.6672],[107.2621,10.6711],[107.2664,10.6691],[107.2678,10.678],[107.2694,10.6806],[107.2651,10.6845],[107.2642,10.6891],[107.2688,10.6943],[107.2685,10.6957],[107.2617,10.6991],[107.2601,10.7015],[107.2608,10.7052],[107.2588,10.7082],[107.2563,10.7089],[107.2537,10.7112],[107.2513,10.7108],[107.2496,10.7185]]]},"properties":{"ma_xa":"26608","ten_xa":"Kim Long","sap_nhap":"Kim Long (thị  trấn), Bàu Chinh, Láng Lớn","tru_so":"Tổ 19, khu phố Hưng Long, thị trấn Kim Long, huyện Châu Đức, tỉnh Bà Rịa -Vũng Tàu cũ","loai":"Xã","cap":2,"stt":15,"dtich_km2":63.92,"dan_so":33369,"matdo_km2":522.04,"ma_tinh":"79","ten_tinh":"TP. Hồ Chí Minh"}},
{"type":"Feature","geometry":{"type":"Polygon","coordinates":[[[106.7029,10.937],[106.6951,10.9394],[106.6922,10.9392],[106.6893,10.9367],[106.688,10.9337],[106.6857,10.932],[106.6837,10.929],[106.6804,10.9259],[106.6808,10.9234],[106.6851,10.9207],[106.6877,10.9163],[106.6927,10.9043],[106.6944,10.8971],[106.6939,10.8936],[106.6892,10.8855],[106.6889,10.8825],[106.6903,10.8795],[106.6984,10.8696],[106.7018,10.8673],[106.7104,10.8665],[106.7133,10.8657],[106.7155,10.8685],[106.7107,10.8702],[106.7048,10.8713],[106.7012,10.8746],[106.6992,10.8785],[106.6982,10.8831],[106.6994,10.8859],[106.7028,10.8846],[106.7051,10.8881],[106.7051,10.8928],[106.7098,10.8985],[106.7126,10.9038],[106.7134,10.9219],[106.7118,10.9281],[106.7108,10.9322],[106.7062,10.9329],[106.7029,10.937]]]},"properties":{"ma_xa":"25966","ten_xa":"Lái Thiêu","sap_nhap":"Bình Nhâm, Lái Thiêu, Vĩnh Phú (1 phần)","tru_so":"Khu phố chợ, phường Lái Thiêu, TP Thuận An, tỉnh Bình Dương cũ","loai":"Phường","cap":2,"stt":34,"dtich_km2":15.46,"dan_so":118852,"matdo_km2":7687.71,"ma_tinh":"79","ten_tinh":"TP. Hồ Chí Minh"}},
{"type":"Feature","geometry":{"type":"Polygon","coordinates":[[[106.8086,10.873],[106.8053,10.8751],[106.8044,10.8737],[106.8012,10.8735],[106.7982,10.872],[106.7949,10.8735],[106.7921,10.872],[106.7889,10.8719],[106.7878,10.868],[106.7842,10.8673],[106.78,10.8684],[106.7819,10.874],[106.7819,10.8775],[106.7805,10.8815],[106.7767,10.885],[106.7756,10.8871],[106.769,10.8937],[106.7669,10.8915],[106.7645,10.8849],[106.7605,10.8813],[106.7617,10.8744],[106.7604,10.8724],[106.7634,10.8699],[106.7623,10.8673],[106.7549,10.8664],[106.752,10.8635],[106.7517,10.859],[106.7609,10.861],[106.7641,10.8571],[106.769,10.8544],[106.7729,10.8545],[106.7744,10.8518],[106.774,10.8491],[106.7769,10.8515],[106.8036,10.8673],[106.8076,10.8717],[106.8086,10.873]]]},"properties":{"ma_xa":"26800","ten_xa":"Linh Xuân","sap_nhap":"Linh Trung, Linh Xuân, Linh Tây (1 phần)","tru_so":"1262 Kha Vạn Cân, khu phố 2, phường Linh Trung và 49 Hoàng Cầm, khu phố 2, phường Linh Xuân, TP Thủ Đức cũ","loai":"Phường","cap":2,"stt":132,"dtich_km2":12.29,"dan_so":158334,"matdo_km2":12883.16,"ma_tinh":"79","ten_tinh":"TP. Hồ Chí Minh"}},
{"type":"Feature","geometry":{"type":"Polygon","coordinates":[[[106.8402,10.8989],[106.8339,10.8983],[106.8304,10.8953],[106.8262,10.8949],[106.8237,10.892],[106.8242,10.8887],[106.8218,10.886],[106.8197,10.8861],[106.8176,10.8826],[106.814,10.8782],[106.813,10.8791],[106.8086,10.873],[106.8076,10.8717],[106.814,10.8701],[106.8137,10.8661],[106.8184,10.8648],[106.8184,10.8603],[106.8193,10.8542],[106.8223,10.8477],[106.8183,10.8445],[106.8198,10.8428],[106.8184,10.8399],[106.8203,10.8387],[106.8228,10.834],[106.8261,10.826],[106.8296,10.8274],[106.8358,10.8268],[106.8367,10.8311],[106.839,10.8327],[106.8431,10.8307],[106.8458,10.8313],[106.8485,10.834],[106.8521,10.8353],[106.8551,10.8403],[106.8575,10.8415],[106.8559,10.8435],[106.8512,10.854],[106.8492,10.8574],[106.8467,10.8655],[106.8509,10.8735],[106.851,10.8763],[106.8479,10.8804],[106.8437,10.8844],[106.8424,10.8925],[106.8402,10.8989]]]},"properties":{"ma_xa":"26833","ten_xa":"Long Bình","sap_nhap":"Long Bình, Long Thạnh Mỹ (1 phần)","tru_so":"đang cập nhật","loai":"Phường","cap":2,"stt":134,"dtich_km2":29.43,"dan_so":119637,"matdo_km2":4065.14,"ma_tinh":"79","ten_tinh":"TP. Hồ Chí Minh"}},
{"type":"Feature","geometry":{"type":"Polygon","coordinates":[[[107.2573,10.4621],[107.2576,10.4655],[107.2498,10.4692],[107.251,10.471],[107.2511,10.4751],[107.2525,10.4767],[107.2537,10.4812],[107.2534,10.487],[107.2542,10.4888],[107.2531,10.4933],[107.2512,10.4957],[107.2517,10.4983],[107.2507,10.501],[107.2532,10.5058],[107.249,10.5146],[107.2469,10.5134],[107.2439,10.5137],[107.2436,10.5116],[107.24,10.5099],[107.2375,10.5095],[107.2363,10.5069],[107.2311,10.5069],[107.2279,10.5056],[107.227,10.5034],[107.2247,10.5037],[107.2226,10.5016],[107.222,10.498],[107.2187,10.4979],[107.2143,10.4948],[107.2048,10.497],[107.2043,10.4945],[107.2022,10.4928],[107.1966,10.4861],[107.2003,10.4843],[107.1955,10.48],[107.1906,10.4789],[107.1899,10.4745],[107.1909,10.471],[107.1905,10.4688],[107.1863,10.4704],[107.1843,10.4721],[107.1793,10.4722],[107.1769,10.4704],[107.1777,10.4672],[107.177,10.4645],[107.1749,10.4628],[107.1791,10.461],[107.1796,10.4567],[107.1807,10.4548],[107.1831,10.4574],[107.1855,10.457],[107.1873,10.4511],[107.1965,10.4467],[107.1983,10.4427],[107.2082,10.4391],[107.211,10.4358],[107.2104,10.4332],[107.2074,10.4306],[107.208,10.4265],[107.2118,10.4232],[107.2168,10.4258],[107.2181,10.4287],[107.2207,10.4296],[107.219,10.4352],[107.221,10.4356],[107.2281,10.4351],[107.2302,10.4387],[107.236,10.4376],[107.238,10.4381],[107.2409,10.4366],[107.2432,10.4379],[107.2455,10.4351],[107.2445,10.4256],[107.2483,10.4259],[107.2527,10.4293],[107.2562,10.4302],[107.2539,10.4344],[107.2518,10.435],[107.251,10.4383],[107.2546,10.4429],[107.2501,10.4453],[107.2546,10.4516],[107.2566,10.4576],[107.2573,10.4621]]]},"properties":{"ma_xa":"26659","ten_xa":"Long Điền","sap_nhap":"Long Điền (thị trấn), Tam An","tru_so":"120 Dương Bạch Mai, KP Long Phượng, TT Long Điền, huyện Long Đất, tỉnh Bà Rịa - Vũng Tàu cũ","loai":"Xã","cap":2,"stt":26,"dtich_km2":51.44,"dan_so":48048,"matdo_km2":934.06,"ma_tinh":"79","ten_tinh":"TP. Hồ Chí Minh"}},
{"type":"Feature","geometry":{"type":"Polygon","coordinates":[[[107.2445,10.4256],[107.2455,10.4351],[107.2432,10.4379],[107.2409,10.4366],[107.238,10.4381],[107.236,10.4376],[107.2302,10.4387],[107.2281,10.4351],[107.221,10.4356],[107.219,10.4352],[107.2207,10.4296],[107.2181,10.4287],[107.2168,10.4258],[107.2118,10.4232],[107.2105,10.4196],[107.2065,10.4185],[107.2033,10.4191],[107.2006,10.4219],[107.1972,10.4207],[107.1935,10.4212],[107.1922,10.427],[107.1892,10.4289],[107.1873,10.4275],[107.1855,10.423],[107.1833,10.4149],[107.1786,10.4085],[107.1728,10.4046],[107.1713,10.4015],[107.177,10.4013],[107.1785,10.4],[107.182,10.4007],[107.1922,10.4039],[107.2001,10.4057],[107.2053,10.4063],[107.2088,10.406],[107.2186,10.4021],[107.2225,10.3985],[107.2253,10.3947],[107.2309,10.3898],[107.235,10.3854],[107.2366,10.3828],[107.2414,10.3779],[107.2435,10.3784],[107.2461,10.3806],[107.252,10.381],[107.2546,10.3795],[107.2507,10.3941],[107.2524,10.3954],[107.2534,10.4006],[107.2579,10.406],[107.2579,10.41],[107.2538,10.4117],[107.2509,10.4151],[107.2496,10.418],[107.2471,10.4207],[107.2444,10.4211],[107.2445,10.4256]]]},"properties":{"ma_xa":"26662","ten_xa":"Long Hải","sap_nhap":"Long Hải (thị trấn), Phước Tỉnh, Phước Hưng","tru_so":"Xã Phước Tỉnh, huyện Long Đất, tỉnh Bà Rịa - Vũng Tàu cũ","loai":"Xã","cap":2,"stt":24,"dtich_km2":27.93,"dan_so":109149,"matdo_km2":3907.95,"ma_tinh":"79","ten_tinh":"TP. Hồ Chí Minh"}},
{"type":"Feature","geometry":{"type":"Polygon","coordinates":[[[106.5416,11.3904],[106.5386,11.3938],[106.5337,11.391],[106.5289,11.3905],[106.525,11.3888],[106.526,11.393],[106.5243,11.3935],[106.5278,11.4048],[106.5294,11.4067],[106.5188,11.4089],[106.5192,11.4142],[106.5159,11.4214],[106.5118,11.4238],[106.5121,11.4261],[106.5064,11.426],[106.5057,11.4223],[106.5019,11.4186],[106.4984,11.419],[106.4949,11.4136],[106.4939,11.4138],[106.4811,11.4247],[106.4631,11.4041],[106.4639,11.4035],[106.459,11.3972],[106.4606,11.3943],[106.46,11.3916],[106.4476,11.3886],[106.4486,11.3842],[106.4504,11.3847],[106.452,11.3779],[106.4499,11.3726],[106.4508,11.3645],[106.4544,11.361],[106.4605,11.3513],[106.4632,11.3459],[106.4624,11.3433],[106.4652,11.3365],[106.4657,11.3318],[106.4677,11.3286],[106.4726,11.326],[106.4734,11.3237],[106.4701,11.3203],[106.4711,11.3135],[106.4687,11.3114],[106.4669,11.3055],[106.4725,11.3028],[106.472,11.2984],[106.4735,11.2966],[106.4726,11.2946],[106.4749,11.2929],[106.4783,11.2828],[106.4788,11.2784],[106.4803,11.2751],[106.4827,11.2727],[106.4834,11.2683],[106.485,11.2652],[106.4875,11.2635],[106.4885,11.2604],[106.4926,11.2534],[106.4908,11.2509],[106.4919,11.2488],[106.4909,11.246],[106.4921,11.2419],[106.4947,11.2352],[106.4975,11.233],[106.5003,11.2305],[106.5049,11.229],[106.5063,11.2272],[106.5102,11.2275],[106.5116,11.2301],[106.5099,11.2343],[106.5155,11.2391],[106.5186,11.2384],[106.5205,11.2405],[106.5188,11.2453],[106.5228,11.2451],[106.5255,11.2491],[106.53,11.2508],[106.5303,11.2522],[106.5351,11.2525],[106.5415,11.2585],[106.5443,11.2586],[106.5477,11.2606],[106.5488,11.257],[106.552,11.257],[106.5559,11.2594],[106.5576,11.2548],[106.5687,11.2584],[106.5748,11.2614],[106.5765,11.2617],[106.5736,11.2656],[106.5686,11.2906],[106.5674,11.2924],[106.5621,11.2947],[106.5599,11.2975],[106.5535,11.302],[106.5489,11.3086],[106.5453,11.311],[106.5411,11.3127],[106.5367,11.3164],[106.5386,11.3203],[106.5409,11.3228],[106.5437,11.3238],[106.5495,11.3294],[106.5474,11.3321],[106.5465,11.3356],[106.543,11.3351],[106.5319,11.374],[106.5298,11.3809],[106.5295,11.3836],[106.5355,11.3853],[106.5391,11.3879],[106.5416,11.3904]]]},"properties":{"ma_xa":"25792","ten_xa":"Long Hòa","sap_nhap":"Long Tân, Long Hòa (huyện Dầu Tiếng), Minh Tân (1 phần), Minh Thạnh (1 phần)","tru_so":"Tổ 9, ấp Long Điền, xã Long Hòa, huyện Dầu Tiếng, tỉnh Bình Dương cũ","loai":"Xã","cap":2,"stt":60,"dtich_km2":166.76,"dan_so":25215,"matdo_km2":151.21,"ma_tinh":"79","ten_tinh":"TP. Hồ Chí Minh"}},
{"type":"Feature","geometry":{"type":"Polygon","coordinates":[[[107.1846,10.5419],[107.1829,10.5421],[107.181,10.5457],[107.1781,10.5479],[107.1771,10.5515],[107.1752,10.5519],[107.1739,10.5577],[107.1716,10.5596],[107.1684,10.5594],[107.1697,10.5549],[107.1715,10.5413],[107.1711,10.5349],[107.1689,10.5349],[107.1657,10.5366],[107.1574,10.5322],[107.1521,10.5359],[107.1481,10.5357],[107.1409,10.5265],[107.138,10.5209],[107.1363,10.5154],[107.1343,10.5136],[107.131,10.5089],[107.1282,10.509],[107.1245,10.5076],[107.1244,10.4998],[107.1237,10.4957],[107.1267,10.4931],[107.1267,10.4906],[107.1246,10.4903],[107.1223,10.4882],[107.1216,10.4853],[107.1227,10.4831],[107.1207,10.4808],[107.1226,10.4789],[107.1209,10.4755],[107.1184,10.4755],[107.1165,10.4774],[107.1131,10.4772],[107.1147,10.47],[107.1182,10.4653],[107.1193,10.4586],[107.1281,10.457],[107.1305,10.4574],[107.1309,10.4623],[107.1346,10.4622],[107.1363,10.457],[107.139,10.4546],[107.1417,10.4552],[107.1428,10.4606],[107.1422,10.4661],[107.1428,10.4674],[107.1463,10.4673],[107.154,10.4645],[107.1568,10.4669],[107.1583,10.4716],[107.1596,10.4733],[107.164,10.4739],[107.1698,10.477],[107.1717,10.4828],[107.1697,10.4854],[107.1692,10.4883],[107.166,10.4913],[107.1652,10.4954],[107.1666,10.5004],[107.1732,10.5096],[107.1716,10.5134],[107.1725,10.5162],[107.1773,10.5193],[107.1779,10.5212],[107.1826,10.5271],[107.1842,10.5297],[107.1839,10.5333],[107.1848,10.5356],[107.1838,10.5381],[107.1846,10.5419]]]},"properties":{"ma_xa":"26566","ten_xa":"Long Hương","sap_nhap":"Tân Hưng (thành phố Bà Rịa), Kim Dinh, Long Hương","tru_so":"Đường Trịnh Đình Thảo, tổ 9, khu phố Kim Sơn, phường Kim Dinh, TP Bà Rịa, tỉnh Bà Rịa - Vũng Tàu cũ","loai":"Phường","cap":2,"stt":6,"dtich_km2":41.22,"dan_so":31457,"matdo_km2":763.15,"ma_tinh":"79","ten_tinh":"TP. Hồ Chí Minh"}},
{"type":"Feature","geometry":{"type":"Polygon","coordinates":[[[106.5862,11.2445],[106.5897,11.25],[106.5896,11.2545],[106.5883,11.2629],[106.5765,11.2617],[106.5748,11.2614],[106.5687,11.2584],[106.5576,11.2548],[106.5559,11.2594],[106.552,11.257],[106.5488,11.257],[106.5477,11.2606],[106.5443,11.2586],[106.5415,11.2585],[106.5351,11.2525],[106.5303,11.2522],[106.53,11.2508],[106.5255,11.2491],[106.5228,11.2451],[106.5188,11.2453],[106.5205,11.2405],[106.5186,11.2384],[106.5155,11.2391],[106.5099,11.2343],[106.5116,11.2301],[106.5102,11.2275],[106.5063,11.2272],[106.5049,11.229],[106.5003,11.2305],[106.4975,11.233],[106.4975,11.2312],[106.5003,11.2271],[106.5051,11.2258],[106.5146,11.2215],[106.5182,11.2174],[106.5177,11.2144],[106.5211,11.2108],[106.5218,11.2055],[106.5196,11.2009],[106.5223,11.1974],[106.5217,11.1925],[106.5232,11.1908],[106.5234,11.1866],[106.5246,11.1843],[106.527,11.1827],[106.5273,11.1806],[106.5305,11.1774],[106.5323,11.1776],[106.5317,11.1736],[106.5341,11.1697],[106.5366,11.1677],[106.5407,11.1664],[106.544,11.1665],[106.5444,11.1598],[106.5421,11.1591],[106.5486,11.1377],[106.551,11.1367],[106.5515,11.1332],[106.5544,11.1332],[106.5544,11.126],[106.5621,11.1261],[106.5619,11.1166],[106.5619,11.1007],[106.568,11.1008],[106.568,11.0858],[106.5688,11.086],[106.5734,11.0793],[106.5852,11.0855],[106.5863,11.08],[106.5877,11.0767],[106.5906,11.073],[106.5938,11.0761],[106.5918,11.0792],[106.5908,11.083],[106.5932,11.0848],[106.5951,11.0889],[106.5955,11.0947],[106.5969,11.1003],[106.595,11.1044],[106.5914,11.1095],[106.5874,11.1114],[106.5837,11.1151],[106.5808,11.1204],[106.5824,11.1234],[106.5861,11.1258],[106.5889,11.1286],[106.5916,11.1289],[106.5921,11.1246],[106.6036,11.1259],[106.6035,11.1269],[106.6116,11.1284],[106.604,11.1349],[106.6038,11.1413],[106.5972,11.1491],[106.5901,11.1533],[106.5922,11.1558],[106.5943,11.1606],[106.5923,11.1638],[106.5931,11.1661],[106.597,11.1705],[106.5954,11.1717],[106.5936,11.1689],[106.5894,11.1698],[106.591,11.1731],[106.5903,11.1762],[106.5881,11.1766],[106.5863,11.1792],[106.5897,11.1856],[106.5891,11.1925],[106.5876,11.1981],[106.5844,11.2018],[106.5851,11.2055],[106.5845,11.2082],[106.5823,11.212],[106.5795,11.2248],[106.5897,11.2275],[106.5951,11.2282],[106.5974,11.2271],[106.5983,11.2298],[106.5963,11.2319],[106.5942,11.2323],[106.5927,11.2345],[106.5853,11.2411],[106.5862,11.2445]]]},"properties":{"ma_xa":"25840","ten_xa":"Long Nguyên","sap_nhap":"An Điền, Long Nguyên, Mỹ Phước (1 phần)","tru_so":"Khu phố Kiến An, phường An Điền, TP Bến Cát, tỉnh Bình Dương cũ","loai":"Phường","cap":2,"stt":48,"dtich_km2":108,"dan_so":53387,"matdo_km2":494.32,"ma_tinh":"79","ten_tinh":"TP. Hồ Chí Minh"}},
{"type":"Feature","geometry":{"type":"Polygon","coordinates":[[[106.8708,10.8267],[106.8639,10.8349],[106.8575,10.8415],[106.8551,10.8403],[106.8521,10.8353],[106.8485,10.834],[106.8458,10.8313],[106.8431,10.8307],[106.839,10.8327],[106.8367,10.8311],[106.8358,10.8268],[106.8296,10.8274],[106.8261,10.826],[106.8249,10.8256],[106.82,10.829],[106.8155,10.8307],[106.8113,10.8301],[106.8064,10.8271],[106.808,10.8244],[106.8104,10.8175],[106.8134,10.8139],[106.8172,10.8055],[106.8257,10.8071],[106.8328,10.8078],[106.8359,10.8061],[106.8383,10.8024],[106.8388,10.7996],[106.8374,10.7934],[106.841,10.7897],[106.8435,10.7827],[106.8423,10.7809],[106.8376,10.7843],[106.8344,10.7843],[106.8331,10.781],[106.8347,10.7787],[106.8391,10.7757],[106.8412,10.773],[106.8447,10.7747],[106.8498,10.7749],[106.8554,10.7732],[106.8579,10.7712],[106.8627,10.7654],[106.8663,10.7648],[106.8703,10.7671],[106.8715,10.77],[106.8713,10.7768],[106.8697,10.7797],[106.8655,10.7848],[106.8651,10.7872],[106.8663,10.7904],[106.8702,10.7942],[106.8782,10.8007],[106.8811,10.8048],[106.8819,10.8077],[106.8817,10.8125],[106.8775,10.8196],[106.8726,10.8247],[106.8708,10.8267]]]},"properties":{"ma_xa":"26857","ten_xa":"Long Phước","sap_nhap":"Trường Thạnh, Long Phước","tru_so":"239 Khu phố Long Thuận, phường Long Phước, TP Thủ Đức cũ","loai":"Phường","cap":2,"stt":135,"dtich_km2":34.29,"dan_so":53092,"matdo_km2":1548.32,"ma_tinh":"79","ten_tinh":"TP. Hồ Chí Minh"}},
{"type":"Feature","geometry":{"type":"MultiPolygon","coordinates":[[[[107.0756,10.4347],[107.0725,10.4363],[107.0718,10.4346],[107.0749,10.4328],[107.0756,10.4347]]],[[[107.0727,10.4415],[107.0675,10.4434],[107.0639,10.4418],[107.068,10.4388],[107.072,10.4367],[107.078,10.4358],[107.0758,10.439],[107.0727,10.4415]]],[[[107.1131,10.4772],[107.109,10.4773],[107.1051,10.4749],[107.1003,10.4756],[107.0958,10.479],[107.0892,10.4824],[107.085,10.4801],[107.0805,10.4801],[107.0767,10.4779],[107.0737,10.4792],[107.0702,10.4839],[107.0671,10.4837],[107.066,10.4819],[107.0605,10.4774],[107.0561,10.4775],[107.0502,10.4784],[107.0481,10.477],[107.0449,10.4721],[107.0396,10.4692],[107.0438,10.4672],[107.0422,10.4658],[107.0467,10.4613],[107.0484,10.4565],[107.0518,10.4528],[107.0564,10.4464],[107.063,10.4429],[107.0683,10.4443],[107.0734,10.4424],[107.079,10.437],[107.0813,10.4336],[107.0831,10.4352],[107.0872,10.4364],[107.0906,10.434],[107.0935,10.4356],[107.0964,10.4342],[107.1021,10.4359],[107.1137,10.4362],[107.1157,10.4303],[107.1156,10.4287],[107.1176,10.4215],[107.1172,10.4188],[107.1186,10.4168],[107.118,10.4144],[107.1202,10.4145],[107.1225,10.4144],[107.1268,10.4161],[107.1366,10.4163],[107.1432,10.4179],[107.1466,10.4213],[107.148,10.4241],[107.1498,10.4421],[107.1507,10.4453],[107.1535,10.4481],[107.1518,10.4535],[107.1549,10.4554],[107.1544,10.4581],[107.1519,10.4613],[107.154,10.4645],[107.1463,10.4673],[107.1428,10.4674],[107.1422,10.4661],[107.1428,10.4606],[107.1417,10.4552],[107.139,10.4546],[107.1363,10.457],[107.1346,10.4622],[107.1309,10.4623],[107.1305,10.4574],[107.1281,10.457],[107.1193,10.4586],[107.1182,10.4653],[107.1147,10.47],[107.1131,10.4772]]]]},"properties":{"ma_xa":"26545","ten_xa":"Long Sơn","sap_nhap":"Long Sơn","tru_so":"Thôn 1, xã Long Sơn, TP Vũng Tàu, tỉnh Bà Rịa - Vũng Tàu cũ","loai":"Xã","cap":2,"stt":164,"dtich_km2":56.5,"dan_so":17767,"matdo_km2":314.46,"ma_tinh":"79","ten_tinh":"TP. Hồ Chí Minh"}},
{"type":"Feature","geometry":{"type":"Polygon","coordinates":[[[106.8412,10.773],[106.8391,10.7757],[106.8347,10.7787],[106.8331,10.781],[106.8344,10.7843],[106.8376,10.7843],[106.8423,10.7809],[106.8435,10.7827],[106.841,10.7897],[106.8374,10.7934],[106.8388,10.7996],[106.8383,10.8024],[106.8359,10.8061],[106.8328,10.8078],[106.8257,10.8071],[106.8172,10.8055],[106.8134,10.8139],[106.8104,10.8175],[106.808,10.8244],[106.8064,10.8271],[106.8043,10.8254],[106.8031,10.8211],[106.7989,10.821],[106.7899,10.815],[106.7934,10.8079],[106.7933,10.8053],[106.7898,10.8047],[106.7885,10.8014],[106.7851,10.8007],[106.7819,10.7987],[106.7811,10.7944],[106.7816,10.7904],[106.7868,10.7907],[106.787,10.7846],[106.7845,10.7813],[106.7899,10.7785],[106.7977,10.7785],[106.7987,10.776],[106.8026,10.7749],[106.8043,10.7762],[106.81,10.7747],[106.8168,10.78],[106.8196,10.7807],[106.8229,10.7802],[106.8252,10.7777],[106.8262,10.7742],[106.8253,10.7698],[106.8234,10.7662],[106.8229,10.7627],[106.8247,10.7597],[106.8282,10.76],[106.8362,10.7698],[106.8412,10.773]]]},"properties":{"ma_xa":"26860","ten_xa":"Long Trường","sap_nhap":"Phú Hữu, Long Trường","tru_so":"1314 đường Nguyễn Duy Trinh, phường Long Trường, TP Thủ Đức cũ","loai":"Phường","cap":2,"stt":136,"dtich_km2":24.49,"dan_so":73669,"matdo_km2":3008.13,"ma_tinh":"79","ten_tinh":"TP. Hồ Chí Minh"}},
{"type":"Feature","geometry":{"type":"Polygon","coordinates":[[[106.6507,10.7534],[106.6511,10.7563],[106.6615,10.7584],[106.66,10.7638],[106.6508,10.7589],[106.6493,10.758],[106.6375,10.7587],[106.6353,10.7578],[106.6376,10.7547],[106.6507,10.7534]]]},"properties":{"ma_xa":"27238","ten_xa":"Minh Phụng","sap_nhap":"Phường 1 (Quận 11), Phường 7 (Quận 11), Phường 16 (Quận 11)","tru_so":"139B Thuận Kiều, quận 11 cũ","loai":"Phường","cap":2,"stt":90,"dtich_km2":1.27,"dan_so":90808,"matdo_km2":71502.36,"ma_tinh":"79","ten_tinh":"TP. Hồ Chí Minh"}},
{"type":"Feature","geometry":{"type":"Polygon","coordinates":[[[106.5563,11.4848],[106.5546,11.4813],[106.5544,11.4787],[106.5515,11.4766],[106.55,11.4728],[106.5482,11.4707],[106.5432,11.4679],[106.54,11.4679],[106.5374,11.4703],[106.5311,11.4736],[106.5246,11.48],[106.5192,11.4826],[106.5182,11.4816],[106.5146,11.4823],[106.5083,11.4882],[106.5034,11.4892],[106.5024,11.491],[106.4973,11.4959],[106.4932,11.4976],[106.49,11.4979],[106.4887,11.4996],[106.4862,11.498],[106.482,11.4993],[106.477,11.4957],[106.4704,11.4962],[106.467,11.4983],[106.4532,11.4984],[106.4465,11.4996],[106.4439,11.4984],[106.4355,11.501],[106.4324,11.5001],[106.4294,11.497],[106.4232,11.4956],[106.4231,11.4927],[106.4192,11.4884],[106.4197,11.4848],[106.4176,11.4821],[106.4152,11.4823],[106.4148,11.4779],[106.4117,11.4762],[106.411,11.4739],[106.413,11.4723],[106.4122,11.4699],[106.4101,11.4682],[106.4047,11.468],[106.4058,11.4626],[106.4023,11.4632],[106.3973,11.4609],[106.3945,11.4611],[106.3925,11.4566],[106.3882,11.4569],[106.3852,11.4558],[106.3851,11.4541],[106.3791,11.4531],[106.3771,11.4516],[106.3741,11.4519],[106.3718,11.4523],[106.3715,11.4491],[106.3684,11.4467],[106.366,11.4425],[106.3687,11.4384],[106.368,11.4343],[106.3646,11.4298],[106.3658,11.4276],[106.3655,11.424],[106.3696,11.427],[106.3777,11.4232],[106.3801,11.4202],[106.3857,11.4194],[106.3876,11.4208],[106.3913,11.4198],[106.3949,11.4203],[106.3988,11.4195],[106.4028,11.4204],[106.4104,11.4182],[106.417,11.4181],[106.4201,11.4145],[106.4236,11.4135],[106.4244,11.4114],[106.4286,11.4085],[106.4349,11.4058],[106.4346,11.4017],[106.4375,11.4012],[106.4348,11.3959],[106.4347,11.3905],[106.4378,11.3884],[106.4382,11.3863],[106.4476,11.3886],[106.46,11.3916],[106.4606,11.3943],[106.459,11.3972],[106.4639,11.4035],[106.4631,11.4041],[106.4811,11.4247],[106.4939,11.4138],[106.4949,11.4136],[106.4984,11.419],[106.5019,11.4186],[106.5057,11.4223],[106.5064,11.426],[106.5121,11.4261],[106.5118,11.4238],[106.5159,11.4214],[106.5192,11.4142],[106.5188,11.4089],[106.5294,11.4067],[106.5278,11.4048],[106.5243,11.3935],[106.526,11.393],[106.525,11.3888],[106.5289,11.3905],[106.5337,11.391],[106.5386,11.3938],[106.5416,11.3904],[106.5446,11.3933],[106.546,11.4005],[106.548,11.4033],[106.5481,11.4072],[106.5467,11.4155],[106.5448,11.4196],[106.5411,11.4239],[106.5448,11.4297],[106.5463,11.4335],[106.5487,11.4363],[106.5553,11.44],[106.5591,11.4396],[106.561,11.4421],[106.5652,11.4451],[106.5679,11.4491],[106.5694,11.4498],[106.5724,11.4537],[106.5732,11.4565],[106.5688,11.4627],[106.5602,11.4721],[106.5563,11.4848]]]},"properties":{"ma_xa":"25780","ten_xa":"Minh Thạnh","sap_nhap":"Minh Hòa, Minh Tân (1 phần), Minh Thạnh (1 phần)","tru_so":"Tổ 3, ấp Hòa Cường, xã Minh Hòa, huyện Dầu Tiếng, tỉnh Bình Dương cũ","loai":"Xã","cap":2,"stt":59,"dtich_km2":159.06,"dan_so":24215,"matdo_km2":152.24,"ma_tinh":"79","ten_tinh":"TP. Hồ Chí Minh"}},
{"type":"Feature","geometry":{"type":"Polygon","coordinates":[[[107.2581,10.6643],[107.2489,10.6649],[107.2485,10.6631],[107.2415,10.665],[107.2294,10.6674],[107.2292,10.6662],[107.2144,10.6667],[107.2143,10.6636],[107.2161,10.6602],[107.2161,10.6565],[107.2133,10.6537],[107.2126,10.65],[107.2138,10.6456],[107.2119,10.6452],[107.2081,10.6477],[107.2067,10.6502],[107.1986,10.6522],[107.1966,10.6547],[107.1948,10.6537],[107.1917,10.6483],[107.187,10.6496],[107.1787,10.6369],[107.1787,10.6313],[107.1804,10.6276],[107.1786,10.6249],[107.169,10.6243],[107.1667,10.6195],[107.1647,10.6187],[107.1603,10.6133],[107.1602,10.6107],[107.1624,10.6084],[107.1642,10.6012],[107.1682,10.5983],[107.1669,10.595],[107.1675,10.5929],[107.1663,10.5877],[107.1693,10.5826],[107.1704,10.5778],[107.1704,10.5852],[107.173,10.5852],[107.173,10.5881],[107.176,10.59],[107.1816,10.5901],[107.1847,10.5867],[107.1895,10.5858],[107.192,10.5868],[107.1966,10.587],[107.1993,10.5847],[107.2106,10.5846],[107.2158,10.5849],[107.2186,10.5837],[107.2268,10.5818],[107.2278,10.5842],[107.2527,10.5841],[107.2519,10.5858],[107.2527,10.5925],[107.2452,10.5925],[107.247,10.5996],[107.2485,10.5992],[107.2497,10.6038],[107.2476,10.6043],[107.2491,10.609],[107.2483,10.6136],[107.2523,10.6283],[107.2529,10.6282],[107.2494,10.631],[107.2471,10.6303],[107.2433,10.6313],[107.2447,10.6363],[107.2491,10.638],[107.2506,10.6393],[107.2511,10.6425],[107.2532,10.6468],[107.2537,10.6507],[107.2567,10.6545],[107.2564,10.6597],[107.2581,10.6643]]]},"properties":{"ma_xa":"26575","ten_xa":"Ngãi Giao","sap_nhap":"Ngãi Giao (thị trấn), Bình Ba, Suối Nghệ","tru_so":"70 Trần Hưng Đạo, thị trấn Ngãi Giao, huyện Châu Đức, tỉnh Bà Rịa - Vũng Tàu cũ","loai":"Xã","cap":2,"stt":13,"dtich_km2":69.3,"dan_so":49065,"matdo_km2":708.01,"ma_tinh":"79","ten_tinh":"TP. Hồ Chí Minh"}},
{"type":"Feature","geometry":{"type":"Polygon","coordinates":[[[107.3058,10.6183],[107.3021,10.6184],[107.2998,10.6158],[107.298,10.616],[107.2949,10.6135],[107.2853,10.609],[107.2802,10.613],[107.278,10.6098],[107.276,10.6107],[107.2723,10.6101],[107.2665,10.6131],[107.2654,10.6116],[107.2596,10.6175],[107.2591,10.6222],[107.258,10.6226],[107.2578,10.627],[107.2529,10.6282],[107.2523,10.6283],[107.2483,10.6136],[107.2491,10.609],[107.2476,10.6043],[107.2497,10.6038],[107.2485,10.5992],[107.247,10.5996],[107.2452,10.5925],[107.2527,10.5925],[107.2519,10.5858],[107.2527,10.5841],[107.2278,10.5842],[107.2268,10.5818],[107.2186,10.5837],[107.2158,10.5849],[107.2106,10.5846],[107.1993,10.5847],[107.1966,10.587],[107.192,10.5868],[107.1895,10.5858],[107.1847,10.5867],[107.1816,10.5901],[107.176,10.59],[107.173,10.5881],[107.173,10.5852],[107.1704,10.5852],[107.1704,10.5778],[107.1709,10.5698],[107.1736,10.5667],[107.1726,10.5639],[107.1737,10.5621],[107.1716,10.5596],[107.1739,10.5577],[107.1752,10.5519],[107.1771,10.5515],[107.1781,10.5479],[107.181,10.5457],[107.1829,10.5421],[107.1846,10.5419],[107.1907,10.5406],[107.1942,10.5443],[107.1965,10.5444],[107.1965,10.5507],[107.1992,10.5513],[107.2019,10.5537],[107.2086,10.5539],[107.2116,10.5506],[107.2134,10.5516],[107.2141,10.5543],[107.2178,10.554],[107.2202,10.5632],[107.2269,10.5622],[107.2288,10.5614],[107.2267,10.5525],[107.2338,10.5498],[107.2407,10.5419],[107.243,10.5381],[107.2464,10.5403],[107.2471,10.5445],[107.249,10.5452],[107.2492,10.5499],[107.253,10.5493],[107.2534,10.5533],[107.255,10.5554],[107.2567,10.5603],[107.2586,10.5601],[107.2593,10.563],[107.2621,10.566],[107.2652,10.5674],[107.2673,10.572],[107.2715,10.5691],[107.2737,10.5695],[107.2741,10.5773],[107.2764,10.5767],[107.2772,10.5746],[107.2797,10.5734],[107.2821,10.5708],[107.2845,10.5708],[107.2863,10.5724],[107.2888,10.5682],[107.2888,10.5664],[107.2929,10.5668],[107.2954,10.5656],[107.2962,10.563],[107.3,10.5598],[107.3048,10.5596],[107.3069,10.5623],[107.3045,10.5635],[107.3038,10.5661],[107.3044,10.5726],[107.3062,10.5755],[107.3032,10.5806],[107.3003,10.582],[107.3002,10.5837],[107.2967,10.586],[107.2982,10.5875],[107.2984,10.5982],[107.3038,10.5993],[107.3055,10.6028],[107.3082,10.6051],[107.3098,10.6085],[107.3086,10.6122],[107.3049,10.6132],[107.3058,10.6183]]]},"properties":{"ma_xa":"26617","ten_xa":"Nghĩa Thành","sap_nhap":"Đá Bạc, Nghĩa Thành","tru_so":"đường số 6, xã Nghĩa Thành, huyện Châu Đức, tỉnh Bà Rịa - Vũng Tàu cũ","loai":"Xã","cap":2,"stt":18,"dtich_km2":65.67,"dan_so":27819,"matdo_km2":423.62,"ma_tinh":"79","ten_tinh":"TP. Hồ Chí Minh"}},
{"type":"Feature","geometry":{"type":"Polygon","coordinates":[[[106.7209,10.7222],[106.7182,10.7191],[106.7128,10.7205],[106.7089,10.7198],[106.7073,10.7239],[106.7031,10.7252],[106.6984,10.7242],[106.6902,10.7255],[106.689,10.7215],[106.6894,10.719],[106.6884,10.7153],[106.6887,10.7126],[106.6858,10.7116],[106.6808,10.7145],[106.6768,10.7097],[106.6734,10.7043],[106.6744,10.7022],[106.6733,10.6922],[106.6757,10.6886],[106.676,10.6861],[106.6793,10.6822],[106.6816,10.684],[106.686,10.686],[106.6896,10.6855],[106.6891,10.6899],[106.6906,10.6944],[106.6944,10.6915],[106.6985,10.6921],[106.7015,10.6889],[106.7028,10.6888],[106.7086,10.6845],[106.7091,10.6824],[106.7132,10.6824],[106.7191,10.6806],[106.7261,10.6807],[106.7276,10.6769],[106.7273,10.6723],[106.7293,10.6672],[106.7309,10.6663],[106.7384,10.6654],[106.7402,10.6681],[106.7436,10.6704],[106.7485,10.6709],[106.7646,10.6654],[106.7694,10.6655],[106.7724,10.6681],[106.7765,10.6745],[106.7732,10.6768],[106.7655,10.686],[106.7607,10.69],[106.7563,10.6948],[106.7533,10.7006],[106.7522,10.705],[106.7445,10.7032],[106.7378,10.7036],[106.7353,10.7029],[106.7342,10.6993],[106.7311,10.6978],[106.7267,10.6993],[106.7248,10.7058],[106.7256,10.7102],[106.7232,10.7148],[106.725,10.7197],[106.7238,10.7217],[106.7209,10.7222]]]},"properties":{"ma_xa":"27655","ten_xa":"Nhà Bè","sap_nhap":"Nhà Bè (thị trấn), Phú Xuân, Phước Kiển, Phước Lộc","tru_so":"330 đường Nguyễn Bình, xã Phú Xuân, huyện Nhà Bè cũ","loai":"Xã","cap":2,"stt":162,"dtich_km2":37.1,"dan_so":125832,"matdo_km2":3391.7,"ma_tinh":"79","ten_tinh":"TP. Hồ Chí Minh"}},
{"type":"Feature","geometry":{"type":"Polygon","coordinates":[[[106.6816,10.7911],[106.671,10.7893],[106.6667,10.7896],[106.6643,10.7871],[106.6646,10.7869],[106.6817,10.7778],[106.6845,10.7844],[106.6816,10.7911]]]},"properties":{"ma_xa":"27142","ten_xa":"Nhiêu Lộc","sap_nhap":"Phường 9, Phường 11, Phường 12 và Phường 14 (Quận 3)","tru_so":"82 Bà Huyện Thanh Quan, phường 9, quận 3 cũ","loai":"Phường","cap":2,"stt":69,"dtich_km2":1.71,"dan_so":88090,"matdo_km2":51514.62,"ma_tinh":"79","ten_tinh":"TP. Hồ Chí Minh"}},
{"type":"Feature","geometry":{"type":"Polygon","coordinates":[[[106.5239,11.0738],[106.5211,11.0744],[106.5169,11.0731],[106.5137,11.0712],[106.5132,11.0685],[106.5101,11.0652],[106.5078,11.0645],[106.5034,11.0648],[106.491,11.0611],[106.4855,11.0576],[106.4851,11.0565],[106.4759,11.0503],[106.4761,11.0487],[106.4734,11.0467],[106.4707,11.0435],[106.4684,11.046],[106.4654,11.0466],[106.462,11.0484],[106.4579,11.0522],[106.4569,11.0547],[106.4552,11.0486],[106.4545,11.0407],[106.4504,11.0377],[106.4449,11.0324],[106.4397,11.0231],[106.4448,11.0205],[106.4468,11.0172],[106.45,11.0157],[106.4558,11.0152],[106.4614,11.0137],[106.4629,11.0147],[106.4644,11.0109],[106.4628,11.008],[106.4648,11.005],[106.4642,11.0008],[106.467,11.0005],[106.4683,10.9938],[106.475,10.9899],[106.4798,10.9892],[106.4798,10.9873],[106.4864,10.9866],[106.4859,10.9983],[106.491,10.9962],[106.4911,10.9996],[106.4898,11.0069],[106.5008,11.0081],[106.5061,11.0082],[106.5093,11.0067],[106.5155,11.0072],[106.5162,11.008],[106.5372,11.0179],[106.5481,11.0236],[106.5472,11.0249],[106.5542,11.0284],[106.5461,11.043],[106.5484,11.0437],[106.5499,11.0463],[106.5484,11.0476],[106.5461,11.052],[106.5433,11.0538],[106.536,11.0565],[106.5325,11.0597],[106.5286,11.067],[106.5259,11.0687],[106.5239,11.0738]]]},"properties":{"ma_xa":"27511","ten_xa":"Nhuận Đức","sap_nhap":"Phạm Văn Cội, Trung Lập Hạ, Nhuận Đức","tru_so":"1A đường Bà Thiên Ấp Ngã 4, xã Nhuận Đức, huyện Củ Chi cũ","loai":"Xã","cap":2,"stt":155,"dtich_km2":62.06,"dan_so":40239,"matdo_km2":648.39,"ma_tinh":"79","ten_tinh":"TP. Hồ Chí Minh"}},
{"type":"Feature","geometry":{"type":"Polygon","coordinates":[[[106.5938,11.0761],[106.5906,11.073],[106.5877,11.0767],[106.5863,11.08],[106.5852,11.0855],[106.5734,11.0793],[106.5671,11.076],[106.5641,11.0688],[106.5614,11.0642],[106.5592,11.0622],[106.5558,11.0574],[106.5607,11.0522],[106.5586,11.0483],[106.5587,11.0455],[106.5668,11.0449],[106.5685,11.0473],[106.5691,11.051],[106.5711,11.0538],[106.5728,11.0543],[106.5799,11.0473],[106.5809,11.0425],[106.5827,11.0382],[106.584,11.0373],[106.5889,11.0362],[106.5911,11.037],[106.592,11.0411],[106.5937,11.0441],[106.5978,11.0458],[106.6002,11.0447],[106.6029,11.0411],[106.6027,11.0386],[106.5959,11.0307],[106.5951,11.0257],[106.5963,11.0202],[106.5981,11.0157],[106.5999,11.0143],[106.6079,11.0119],[106.6159,11.0115],[106.6174,11.0164],[106.6218,11.0183],[106.6203,11.021],[106.6248,11.0211],[106.6359,11.0243],[106.6394,11.0241],[106.6428,11.0227],[106.6446,11.0232],[106.6477,11.026],[106.6449,11.0278],[106.6401,11.0342],[106.6342,11.045],[106.6306,11.0432],[106.626,11.0439],[106.6242,11.0538],[106.6156,11.0511],[106.6143,11.0543],[106.6167,11.0582],[106.6144,11.0625],[106.6064,11.0669],[106.606,11.0712],[106.6042,11.0721],[106.5964,11.0747],[106.5938,11.0761]]]},"properties":{"ma_xa":"25768","ten_xa":"Phú An","sap_nhap":"Tân An, Phú An, Hiệp An (1 phần)","tru_so":"143 đường Nguyễn Đức Cảnh, khu phố 4, phường Hiệp An, TP Thủ Dầu Một, tỉnh Bình Dương cũ","loai":"Phường","cap":2,"stt":46,"dtich_km2":34.97,"dan_so":46142,"matdo_km2":1319.47,"ma_tinh":"79","ten_tinh":"TP. Hồ Chí Minh"}},
{"type":"Feature","geometry":{"type":"Polygon","coordinates":[[[106.6041,10.7042],[106.6171,10.7097],[106.6238,10.7111],[106.6268,10.7125],[106.6316,10.7171],[106.6363,10.7274],[106.6411,10.733],[106.6546,10.7411],[106.6617,10.7429],[106.6632,10.747],[106.6698,10.7495],[106.667,10.7501],[106.6649,10.7501],[106.6588,10.7481],[106.655,10.7461],[106.6462,10.741],[106.6344,10.7335],[106.6277,10.73],[106.6202,10.7266],[106.619,10.7162],[106.616,10.7143],[106.6038,10.711],[106.6041,10.7042]]]},"properties":{"ma_xa":"27427","ten_xa":"Phú Định","sap_nhap":"Phường 14 (Quận 8), Phường 15 (Quận 8), Xóm Củi, Phường 16 (Quận 8, 1 phần)","tru_so":"đang cập nhật","loai":"Phường","cap":2,"stt":85,"dtich_km2":5.85,"dan_so":150389,"matdo_km2":25707.52,"ma_tinh":"79","ten_tinh":"TP. Hồ Chí Minh"}},
{"type":"Feature","geometry":{"type":"Polygon","coordinates":[[[106.9004,11.3404],[106.8892,11.3407],[106.8844,11.3397],[106.8804,11.334],[106.8714,11.3257],[106.8699,11.3215],[106.8722,11.3176],[106.8729,11.314],[106.8743,11.3125],[106.8754,11.3084],[106.8692,11.311],[106.8653,11.312],[106.8654,11.3149],[106.8623,11.3142],[106.8588,11.3151],[106.8571,11.3173],[106.8555,11.3218],[106.8567,11.3243],[106.8554,11.3289],[106.8583,11.3349],[106.8613,11.3354],[106.863,11.3383],[106.863,11.3424],[106.8614,11.3445],[106.8567,11.3459],[106.858,11.3502],[106.8558,11.3536],[106.8567,11.3579],[106.8582,11.3605],[106.8572,11.3658],[106.8574,11.3686],[106.8556,11.3701],[106.857,11.3722],[106.8566,11.375],[106.8547,11.3767],[106.8418,11.375],[106.8382,11.3769],[106.8355,11.3772],[106.8343,11.3805],[106.8267,11.3806],[106.8237,11.3832],[106.8184,11.3785],[106.8117,11.3758],[106.8003,11.381],[106.7983,11.3788],[106.7979,11.3716],[106.7968,11.3693],[106.7938,11.3691],[106.7877,11.3658],[106.7854,11.3579],[106.7809,11.3552],[106.7785,11.3502],[106.7758,11.348],[106.7753,11.3448],[106.7767,11.3414],[106.7759,11.3387],[106.777,11.3343],[106.7759,11.3316],[106.7797,11.3255],[106.7792,11.3221],[106.7803,11.3184],[106.7809,11.3142],[106.7842,11.3091],[106.7846,11.3038],[106.7833,11.2998],[106.7841,11.2957],[106.7864,11.2914],[106.7884,11.2905],[106.7916,11.2861],[106.7945,11.2843],[106.797,11.2779],[106.7968,11.2757],[106.8006,11.2714],[106.8055,11.2639],[106.8114,11.2602],[106.8182,11.2578],[106.8191,11.2555],[106.8234,11.2538],[106.8265,11.2534],[106.8269,11.2554],[106.8308,11.2564],[106.835,11.2548],[106.8374,11.2557],[106.8389,11.2543],[106.8414,11.2497],[106.8448,11.2475],[106.8473,11.2484],[106.8495,11.2515],[106.8501,11.2538],[106.8554,11.2554],[106.8602,11.2528],[106.8666,11.2527],[106.8716,11.2503],[106.8724,11.249],[106.88,11.2457],[106.8845,11.2425],[106.8863,11.2452],[106.8864,11.2474],[106.884,11.2513],[106.8857,11.2534],[106.8887,11.2508],[106.8906,11.2471],[106.8898,11.2441],[106.8869,11.2422],[106.8877,11.2386],[106.8926,11.2386],[106.9028,11.2419],[106.905,11.2394],[106.9072,11.2329],[106.9089,11.2311],[106.9136,11.2304],[106.9137,11.2325],[106.918,11.2356],[106.914,11.2359],[106.9111,11.2382],[106.9105,11.2409],[106.9122,11.242],[106.9145,11.2405],[106.917,11.2427],[106.9202,11.2415],[106.9236,11.2417],[106.9264,11.2448],[106.9279,11.2436],[106.9308,11.2439],[106.9317,11.2458],[106.9279,11.2485],[106.9277,11.2521],[106.9257,11.2527],[106.9253,11.2559],[106.9273,11.2583],[106.9258,11.2594],[106.9256,11.2671],[106.9273,11.2691],[106.9246,11.2706],[106.9279,11.2722],[106.9304,11.2754],[106.9302,11.2788],[106.9331,11.2788],[106.9332,11.2821],[106.9344,11.2851],[106.9332,11.2871],[106.9375,11.2882],[106.9389,11.2917],[106.9415,11.2932],[106.9391,11.2958],[106.9399,11.3015],[106.9372,11.3056],[106.9381,11.3081],[106.943,11.3168],[106.9472,11.318],[106.9476,11.321],[106.9511,11.3217],[106.9523,11.3234],[106.953,11.3289],[106.9504,11.3331],[106.9514,11.3354],[106.951,11.3381],[106.9474,11.3414],[106.9462,11.3458],[106.9441,11.3481],[106.9438,11.3515],[106.945,11.3542],[106.9402,11.3564],[106.9344,11.3554],[106.9315,11.3535],[106.9301,11.3547],[106.9233,11.3545],[106.9212,11.3524],[106.9177,11.356],[106.9148,11.3559],[106.9065,11.3522],[106.9045,11.3491],[106.9036,11.3437],[106.9004,11.3404]]]},"properties":{"ma_xa":"25858","ten_xa":"Phú Giáo","sap_nhap":"Phước Vĩnh (thị trấn), An Bình, Tam Lập (1 phần)","tru_so":" 02 đường Hùng Vương, khu phố 02, thị trấn Phước Vĩnh, huyện Phú Giáo, tỉnh Bình Dương cũ","loai":"Xã","cap":2,"stt":56,"dtich_km2":192.83,"dan_so":42739,"matdo_km2":221.64,"ma_tinh":"79","ten_tinh":"TP. Hồ Chí Minh"}},
{"type":"Feature","geometry":{"type":"Polygon","coordinates":[[[106.5827,11.0382],[106.5809,11.0425],[106.5799,11.0473],[106.5728,11.0543],[106.5711,11.0538],[106.5691,11.051],[106.5685,11.0473],[106.5668,11.0449],[106.5587,11.0455],[106.5519,11.0457],[106.5499,11.0463],[106.5484,11.0437],[106.5461,11.043],[106.5542,11.0284],[106.5472,11.0249],[106.5481,11.0236],[106.5372,11.0179],[106.5162,11.008],[106.5155,11.0072],[106.5197,11.0031],[106.522,11.0031],[106.5321,10.9969],[106.5387,10.9955],[106.5377,10.984],[106.5434,10.9778],[106.5614,10.9711],[106.5641,10.9687],[106.5687,10.9592],[106.5785,10.9401],[106.5807,10.9337],[106.5837,10.9287],[106.6002,10.9234],[106.6012,10.9233],[106.6029,10.9231],[106.606,10.9268],[106.6254,10.9496],[106.6256,10.9523],[106.6245,10.9576],[106.6163,10.9601],[106.6092,10.9602],[106.6104,10.9641],[106.6087,10.9678],[106.6088,10.9721],[106.6105,10.9745],[106.5985,10.9748],[106.5931,10.9758],[106.5941,10.9825],[106.5765,10.9837],[106.5701,10.999],[106.566,11.007],[106.5812,11.0154],[106.578,11.0186],[106.5795,11.0216],[106.5784,11.0266],[106.5801,11.028],[106.5775,11.0308],[106.578,11.0331],[106.581,11.0352],[106.5827,11.0382]]]},"properties":{"ma_xa":"27541","ten_xa":"Phú Hòa Đông","sap_nhap":"Tân Thạnh Tây, Tân Thạnh Đông, Phú Hòa Đông","tru_so":"269 tỉnh lộ 8, ấp 2A, xã Tân Thạnh Tây, huyện Củ Chi cũ ","loai":"Xã","cap":2,"stt":156,"dtich_km2":59.75,"dan_so":97766,"matdo_km2":1636.25,"ma_tinh":"79","ten_tinh":"TP. Hồ Chí Minh"}},
{"type":"Feature","geometry":{"type":"Polygon","coordinates":[[[106.6342,10.759],[106.629,10.7603],[106.6247,10.7608],[106.6241,10.7625],[106.6253,10.7575],[106.6244,10.756],[106.6238,10.7457],[106.6231,10.7451],[106.6398,10.7492],[106.6376,10.7547],[106.6353,10.7578],[106.6342,10.759]]]},"properties":{"ma_xa":"27349","ten_xa":"Phú Lâm","sap_nhap":"Phường 12 (Quận 6), Phường 13 (Quận 6), Phường 14 (Quận 6)","tru_so":"241/3 đường Tân Hòa Đông, phường 14, quận 6 cũ","loai":"Phường","cap":2,"stt":79,"dtich_km2":2,"dan_so":87513,"matdo_km2":43756.5,"ma_tinh":"79","ten_tinh":"TP. Hồ Chí Minh"}},
{"type":"Feature","geometry":{"type":"Polygon","coordinates":[[[106.7027,11.0026],[106.6957,11.0079],[106.6925,11.004],[106.689,11.0051],[106.687,11.003],[106.6863,11.0002],[106.6838,10.9966],[106.681,10.999],[106.6735,11.0041],[106.669,11.0065],[106.6668,11.0056],[106.6641,11.0086],[106.6589,11.0116],[106.6568,11.0088],[106.6493,11.0058],[106.6456,11.0051],[106.6478,10.9982],[106.6562,10.9928],[106.6609,10.9922],[106.6634,10.9905],[106.6655,10.9865],[106.6671,10.9809],[106.6715,10.9727],[106.6818,10.9671],[106.6893,10.9636],[106.6901,10.9648],[106.6946,10.9668],[106.7007,10.9707],[106.7013,10.978],[106.6968,10.9872],[106.6971,10.99],[106.706,10.9956],[106.7072,10.9967],[106.7027,11.0026]]]},"properties":{"ma_xa":"25750","ten_xa":"Phú Lợi","sap_nhap":"Phú Hòa, Phú Lợi, Hiệp Thành (thành phố Thủ Dầu Một, 1 phần)","tru_so":"438 đường Phú Lợi, khu phố 8, phường Phú Hòa, TP Thủ Dầu Một, tỉnh Bình Dương cũ","loai":"Phường","cap":2,"stt":39,"dtich_km2":17.96,"dan_so":107721,"matdo_km2":5999.16,"ma_tinh":"79","ten_tinh":"TP. Hồ Chí Minh"}},
{"type":"Feature","geometry":{"type":"Polygon","coordinates":[[[107.091,10.6532],[107.0747,10.6538],[107.067,10.6535],[107.0645,10.6569],[107.0579,10.6569],[107.0544,10.6582],[107.0444,10.6574],[107.0386,10.6549],[107.0212,10.6467],[107.0191,10.6454],[107.0134,10.6437],[107.0134,10.6414],[107.015,10.6368],[107.0169,10.6337],[107.0155,10.632],[107.0126,10.6327],[107.0082,10.6371],[107.0054,10.6377],[106.9997,10.6346],[106.9974,10.632],[106.9963,10.6273],[106.9975,10.6229],[107,10.6193],[107.0076,10.6133],[107.0174,10.6065],[107.0195,10.6037],[107.0203,10.599],[107.0239,10.5924],[107.0267,10.5887],[107.0266,10.5831],[107.024,10.578],[107.0146,10.565],[107.011,10.5576],[107.0115,10.5515],[107.0143,10.5484],[107.024,10.5462],[107.0249,10.5455],[107.0267,10.5465],[107.031,10.5465],[107.0318,10.5475],[107.0309,10.5522],[107.0359,10.5555],[107.0319,10.5601],[107.032,10.5676],[107.0338,10.5688],[107.0344,10.5715],[107.0362,10.5729],[107.0404,10.5713],[107.0433,10.5728],[107.0405,10.578],[107.0473,10.5778],[107.0481,10.5748],[107.0531,10.5776],[107.0611,10.5776],[107.0615,10.5757],[107.0665,10.5777],[107.0761,10.5804],[107.0784,10.5823],[107.0886,10.5822],[107.0898,10.5819],[107.0927,10.5902],[107.0893,10.5963],[107.087,10.6017],[107.0855,10.6014],[107.0822,10.604],[107.0769,10.6052],[107.078,10.6096],[107.0819,10.6089],[107.0844,10.6161],[107.0819,10.6181],[107.0812,10.6204],[107.0789,10.6221],[107.0783,10.6253],[107.0827,10.6278],[107.0815,10.6304],[107.0773,10.6343],[107.0735,10.6435],[107.0752,10.6464],[107.0783,10.649],[107.0814,10.6494],[107.0851,10.6488],[107.091,10.6532]]]},"properties":{"ma_xa":"26704","ten_xa":"Phú Mỹ","sap_nhap":"Phú Mỹ (thành phố Phú Mỹ), Mỹ Xuân","tru_so":"Quốc lộ 51, phường Phú Mỹ - TP Phú Mỹ, tỉnh Bà Rịa - Vũng Tàu cũ","loai":"Phường","cap":2,"stt":7,"dtich_km2":70.92,"dan_so":78641,"matdo_km2":1108.87,"ma_tinh":"79","ten_tinh":"TP. Hồ Chí Minh"}},
{"type":"Feature","geometry":{"type":"Polygon","coordinates":[[[106.6786,10.7993],[106.6677,10.8002],[106.6685,10.7982],[106.6682,10.7938],[106.666,10.7908],[106.6667,10.7896],[106.671,10.7893],[106.6816,10.7911],[106.682,10.7916],[106.6779,10.7942],[106.6796,10.7967],[106.6786,10.7993]]]},"properties":{"ma_xa":"27073","ten_xa":"Phú Nhuận","sap_nhap":"Phường 8 (quận Phú Nhuận), Phường 10 (quận Phú Nhuận), Phường 11 (quận Phú Nhuận), Phường 13 (quận Phú Nhuận), Phường 15 (quận Phú Nhuận, 1 phần)","tru_so":"159 Nguyễn Văn Trỗi, phường 11, quận Phú Nhuận cũ","loai":"Phường","cap":2,"stt":117,"dtich_km2":1.46,"dan_so":68420,"matdo_km2":46863.01,"ma_tinh":"79","ten_tinh":"TP. Hồ Chí Minh"}},
{"type":"Feature","geometry":{"type":"Polygon","coordinates":[[[106.636,10.7817],[106.6343,10.7807],[106.6208,10.7847],[106.6188,10.7846],[106.6213,10.7771],[106.6216,10.7737],[106.6241,10.7625],[106.6247,10.7608],[106.629,10.7603],[106.6342,10.759],[106.6326,10.7605],[106.6318,10.7698],[106.6328,10.7747],[106.6346,10.7773],[106.636,10.7817]]]},"properties":{"ma_xa":"27028","ten_xa":"Phú Thạnh","sap_nhap":"Hiệp Tân, Phú Thạnh, Tân Thới Hòa (1 phần)","tru_so":"275 Nguyễn Sơn, phường Phú Thạnh, quận Tân Phú và UBND phường Hiệp Tân cũ (cơ sở 2)","loai":"Phường","cap":2,"stt":128,"dtich_km2":2.99,"dan_so":103780,"matdo_km2":34709.03,"ma_tinh":"79","ten_tinh":"TP. Hồ Chí Minh"}},
{"type":"Feature","geometry":{"type":"Polygon","coordinates":[[[106.66,10.7638],[106.656,10.7782],[106.6533,10.7758],[106.6521,10.769],[106.6464,10.7653],[106.6512,10.7628],[106.6508,10.7589],[106.66,10.7638]]]},"properties":{"ma_xa":"27226","ten_xa":"Phú Thọ","sap_nhap":"Phường 11 (Quận 11), Phường 15 (Quận 11), Phường 8 (Quận 11, 1 phần)","tru_so":"233 - 235 Lê Đại Hành, phường 11, quận 11 và 35-37 Bình Thới, phường 11, quận 11 cũ","loai":"Phường","cap":2,"stt":93,"dtich_km2":1.37,"dan_so":65369,"matdo_km2":47714.6,"ma_tinh":"79","ten_tinh":"TP. Hồ Chí Minh"}},
{"type":"Feature","geometry":{"type":"Polygon","coordinates":[[[106.6392,10.7931],[106.6306,10.7943],[106.6294,10.7905],[106.6267,10.7886],[106.6239,10.7893],[106.6244,10.7945],[106.6239,10.7993],[106.6223,10.8006],[106.6165,10.7984],[106.6137,10.7967],[106.6174,10.7881],[106.6188,10.7846],[106.6208,10.7847],[106.6343,10.7807],[106.636,10.7817],[106.6368,10.7871],[106.6412,10.7871],[106.6392,10.7931]]]},"properties":{"ma_xa":"27022","ten_xa":"Phú Thọ Hòa","sap_nhap":"Phú Thọ Hòa, Tân Thành (1 phần), Tân Quý (1 phần)","tru_so":"146 Độc Lập, phường Tân Thành, quận Tân Phú cũ và UBND phường Phú Thọ Hòa cũ (cơ sở 2)","loai":"Phường","cap":2,"stt":126,"dtich_km2":3.02,"dan_so":140436,"matdo_km2":46501.99,"ma_tinh":"79","ten_tinh":"TP. Hồ Chí Minh"}},
{"type":"Feature","geometry":{"type":"Polygon","coordinates":[[[106.7697,10.7442],[106.7588,10.7445],[106.7518,10.7419],[106.7492,10.7418],[106.7459,10.7433],[106.7447,10.7451],[106.7305,10.7375],[106.7311,10.7333],[106.7332,10.7273],[106.7366,10.7202],[106.7373,10.7073],[106.7378,10.7036],[106.7445,10.7032],[106.7522,10.705],[106.7514,10.7085],[106.7518,10.7167],[106.7563,10.7259],[106.7605,10.7327],[106.7697,10.7442]]]},"properties":{"ma_xa":"27484","ten_xa":"Phú Thuận","sap_nhap":"Phú Thuận, Phú Mỹ (Quận 7, 1 phần)","tru_so":"1203 Huỳnh Tấn Phát, khu phố 3, phường Phú Thuận, quận 7 cũ","loai":"Phường","cap":2,"stt":81,"dtich_km2":10.55,"dan_so":84089,"matdo_km2":7970.52,"ma_tinh":"79","ten_tinh":"TP. Hồ Chí Minh"}},
{"type":"Feature","geometry":{"type":"Polygon","coordinates":[[[107.3756,10.4968],[107.3746,10.4953],[107.3719,10.4953],[107.3694,10.4985],[107.3652,10.4969],[107.3642,10.4951],[107.3553,10.4946],[107.3496,10.4917],[107.3435,10.4869],[107.3386,10.4855],[107.3358,10.4833],[107.3304,10.4807],[107.3227,10.4831],[107.3194,10.4859],[107.3142,10.4864],[107.3125,10.4875],[107.3113,10.4842],[107.3082,10.4831],[107.3074,10.4813],[107.3017,10.4818],[107.3009,10.4864],[107.299,10.4879],[107.2958,10.488],[107.2955,10.4742],[107.2883,10.4722],[107.2859,10.4737],[107.2832,10.4723],[107.2807,10.4736],[107.2788,10.4705],[107.2742,10.4651],[107.2711,10.4642],[107.2639,10.4595],[107.2593,10.4606],[107.2573,10.4621],[107.2566,10.4576],[107.2546,10.4516],[107.2501,10.4453],[107.2546,10.4429],[107.251,10.4383],[107.2518,10.435],[107.2539,10.4344],[107.2562,10.4302],[107.2527,10.4293],[107.2483,10.4259],[107.2445,10.4256],[107.2444,10.4211],[107.2471,10.4207],[107.2496,10.418],[107.2509,10.4151],[107.2538,10.4117],[107.2579,10.41],[107.2579,10.406],[107.2534,10.4006],[107.2524,10.3954],[107.2507,10.3941],[107.2546,10.3795],[107.2593,10.3829],[107.2628,10.3892],[107.2672,10.3953],[107.2692,10.3958],[107.2728,10.3986],[107.2762,10.4035],[107.2872,10.4166],[107.2972,10.4269],[107.2993,10.4282],[107.3081,10.4358],[107.3183,10.4452],[107.3304,10.452],[107.3332,10.4527],[107.3369,10.4557],[107.3421,10.4567],[107.3462,10.4588],[107.3533,10.4639],[107.3639,10.4686],[107.3663,10.47],[107.3688,10.4741],[107.3631,10.4759],[107.3641,10.4796],[107.3662,10.478],[107.3681,10.4792],[107.3694,10.4824],[107.3723,10.4817],[107.3732,10.4847],[107.3707,10.4853],[107.3737,10.4908],[107.3768,10.4924],[107.3756,10.4968]]]},"properties":{"ma_xa":"26686","ten_xa":"Phước Hải","sap_nhap":"Phước Hải (thị trấn), Phước Hội","tru_so":"Xã Phước Hội, huyện Long Đất, tỉnh Bà Rịa - Vũng Tàu cũ","loai":"Xã","cap":2,"stt":23,"dtich_km2":70.04,"dan_so":43615,"matdo_km2":622.72,"ma_tinh":"79","ten_tinh":"TP. Hồ Chí Minh"}},
{"type":"Feature","geometry":{"type":"Polygon","coordinates":[[[106.8495,11.2515],[106.8473,11.2484],[106.8448,11.2475],[106.8414,11.2497],[106.8389,11.2543],[106.8374,11.2557],[106.835,11.2548],[106.8308,11.2564],[106.8269,11.2554],[106.8265,11.2534],[106.8234,11.2538],[106.8191,11.2555],[106.8182,11.2578],[106.8114,11.2602],[106.8055,11.2639],[106.8006,11.2714],[106.7968,11.2757],[106.797,11.2779],[106.7945,11.2843],[106.7916,11.2861],[106.7884,11.2905],[106.7864,11.2914],[106.7841,11.2957],[106.7833,11.2998],[106.7846,11.3038],[106.7842,11.3091],[106.7809,11.3142],[106.7803,11.3184],[106.7772,11.3188],[106.7736,11.3172],[106.7764,11.3146],[106.7698,11.3151],[106.7696,11.3072],[106.7634,11.3067],[106.7607,11.3055],[106.7591,11.3019],[106.7595,11.3],[106.7549,11.2959],[106.7503,11.2907],[106.7508,11.2877],[106.7414,11.2783],[106.7405,11.2784],[106.7375,11.2721],[106.7331,11.2719],[106.7301,11.2725],[106.7308,11.2773],[106.7266,11.2799],[106.7219,11.28],[106.7237,11.2752],[106.7268,11.2705],[106.7278,11.264],[106.7302,11.2629],[106.7291,11.2599],[106.7262,11.2604],[106.721,11.2587],[106.721,11.2521],[106.7195,11.2521],[106.7117,11.2413],[106.7094,11.2395],[106.7062,11.2392],[106.7043,11.2364],[106.7061,11.2331],[106.7063,11.2302],[106.7083,11.2247],[106.7103,11.2249],[106.712,11.2108],[106.7217,11.2028],[106.7247,11.1896],[106.7291,11.1903],[106.7322,11.1917],[106.7323,11.1973],[106.7348,11.1999],[106.7408,11.2006],[106.7467,11.2001],[106.7508,11.2052],[106.7509,11.208],[106.7529,11.2098],[106.7581,11.2105],[106.7586,11.1908],[106.7625,11.1904],[106.7643,11.1884],[106.7802,11.1888],[106.7899,11.1885],[106.7937,11.1891],[106.7944,11.1931],[106.7941,11.2019],[106.8038,11.1939],[106.8116,11.2026],[106.8136,11.2055],[106.8163,11.2062],[106.8202,11.2115],[106.8198,11.2153],[106.8217,11.2177],[106.8237,11.2177],[106.8234,11.2144],[106.8243,11.2126],[106.8291,11.2093],[106.8318,11.2093],[106.8358,11.2118],[106.839,11.2134],[106.8389,11.216],[106.8371,11.2174],[106.8322,11.2183],[106.8271,11.2179],[106.8279,11.2208],[106.8313,11.2261],[106.8336,11.2273],[106.8395,11.226],[106.8415,11.2275],[106.8447,11.2327],[106.8497,11.2344],[106.8542,11.2379],[106.8538,11.2413],[106.8493,11.2434],[106.8486,11.2465],[106.8495,11.2515]]]},"properties":{"ma_xa":"25882","ten_xa":"Phước Hòa","sap_nhap":"Vĩnh Hòa, Phước Hòa, Tam Lập (1 phần)","tru_so":"Tổ 3, ấp Trảng Sắn, xã Vĩnh Hoà, huyện Phú Giáo, tỉnh Bình Dương cũ","loai":"Xã","cap":2,"stt":55,"dtich_km2":128.07,"dan_so":42470,"matdo_km2":331.62,"ma_tinh":"79","ten_tinh":"TP. Hồ Chí Minh"}},
{"type":"Feature","geometry":{"type":"Polygon","coordinates":[[[106.7899,10.815],[106.7884,10.816],[106.7877,10.8211],[106.7837,10.8244],[106.7817,10.8277],[106.7773,10.8309],[106.7737,10.8344],[106.7712,10.8355],[106.7713,10.8386],[106.7691,10.841],[106.7595,10.8241],[106.757,10.8132],[106.7617,10.8146],[106.7638,10.8133],[106.7656,10.8089],[106.7674,10.8082],[106.7749,10.8078],[106.7768,10.809],[106.7811,10.7944],[106.7819,10.7987],[106.7851,10.8007],[106.7885,10.8014],[106.7898,10.8047],[106.7933,10.8053],[106.7934,10.8079],[106.7899,10.815]]]},"properties":{"ma_xa":"26848","ten_xa":"Phước Long","sap_nhap":"Phước Bình, Phước Long A, Phước Long B","tru_so":"183 đường Đỗ Xuân Hợp, phường Phước Long B, TP Thủ Đức cũ","loai":"Phường","cap":2,"stt":139,"dtich_km2":9.23,"dan_so":137331,"matdo_km2":14878.76,"ma_tinh":"79","ten_tinh":"TP. Hồ Chí Minh"}},
{"type":"Feature","geometry":{"type":"Polygon","coordinates":[[[107.2118,10.4232],[107.208,10.4265],[107.2074,10.4306],[107.2104,10.4332],[107.211,10.4358],[107.2082,10.4391],[107.1983,10.4427],[107.1965,10.4467],[107.1873,10.4511],[107.1855,10.457],[107.1831,10.4574],[107.1807,10.4548],[107.1796,10.4567],[107.1791,10.461],[107.1749,10.4628],[107.1674,10.4643],[107.1665,10.4719],[107.164,10.4739],[107.1596,10.4733],[107.1583,10.4716],[107.1568,10.4669],[107.154,10.4645],[107.1519,10.4613],[107.1544,10.4581],[107.1549,10.4554],[107.1518,10.4535],[107.1535,10.4481],[107.1507,10.4453],[107.1498,10.4421],[107.148,10.4241],[107.1466,10.4213],[107.1432,10.4179],[107.1366,10.4163],[107.1268,10.4161],[107.1225,10.4144],[107.1202,10.4145],[107.1216,10.4093],[107.1201,10.4047],[107.1224,10.4001],[107.1192,10.3965],[107.1197,10.3945],[107.123,10.3945],[107.121,10.3892],[107.1255,10.3833],[107.129,10.3809],[107.1295,10.3786],[107.1321,10.3765],[107.1465,10.3845],[107.1541,10.387],[107.159,10.3916],[107.1592,10.3935],[107.1657,10.3998],[107.1658,10.4018],[107.1713,10.4015],[107.1728,10.4046],[107.1786,10.4085],[107.1833,10.4149],[107.1855,10.423],[107.1873,10.4275],[107.1892,10.4289],[107.1922,10.427],[107.1935,10.4212],[107.1972,10.4207],[107.2006,10.4219],[107.2033,10.4191],[107.2065,10.4185],[107.2105,10.4196],[107.2118,10.4232]]]},"properties":{"ma_xa":"26542","ten_xa":"Phước Thắng","sap_nhap":"Phường 11 (thành phố Vũng Tàu), Phường 12 (thành phố Vũng Tàu)","tru_so":"7A Nguyễn Gia Thiều, phường 12, TP Vũng Tàu, tỉnh Bà Rịa - Vũng Tàu cũ","loai":"Phường","cap":2,"stt":4,"dtich_km2":47.35,"dan_so":52589,"matdo_km2":1110.64,"ma_tinh":"79","ten_tinh":"TP. Hồ Chí Minh"}},
{"type":"Feature","geometry":{"type":"Polygon","coordinates":[[[106.797,11.4911],[106.7904,11.4918],[106.7861,11.4889],[106.7838,11.4888],[106.7793,11.4864],[106.778,11.4846],[106.7742,11.4825],[106.7695,11.4822],[106.7674,11.4811],[106.7626,11.4801],[106.7592,11.4777],[106.7537,11.4761],[106.7529,11.4724],[106.7499,11.4684],[106.7502,11.4663],[106.7526,11.4623],[106.7523,11.4585],[106.7531,11.4556],[106.7562,11.4538],[106.7562,11.4504],[106.7534,11.4466],[106.7503,11.4445],[106.7417,11.4407],[106.7412,11.4393],[106.7418,11.4342],[106.7382,11.4323],[106.7291,11.4331],[106.7257,11.4301],[106.7262,11.4237],[106.7235,11.4227],[106.7203,11.423],[106.7187,11.4145],[106.7099,11.4069],[106.7088,11.4047],[106.7098,11.4001],[106.7043,11.3962],[106.7106,11.3918],[106.7117,11.3876],[106.7147,11.3842],[106.7234,11.3799],[106.7277,11.3813],[106.7276,11.3785],[106.7292,11.3764],[106.7338,11.3734],[106.7321,11.3672],[106.7333,11.3609],[106.7333,11.3575],[106.7348,11.3532],[106.7336,11.3493],[106.7312,11.3455],[106.7319,11.3432],[106.7351,11.3405],[106.7357,11.3362],[106.7351,11.329],[106.7301,11.3286],[106.7294,11.325],[106.7315,11.3222],[106.7315,11.3191],[106.7297,11.3184],[106.7262,11.3145],[106.7241,11.3109],[106.7253,11.3068],[106.7281,11.3059],[106.7308,11.3033],[106.734,11.2987],[106.7325,11.2927],[106.7313,11.2907],[106.7316,11.2876],[106.7333,11.2855],[106.7396,11.2811],[106.7405,11.2784],[106.7414,11.2783],[106.7508,11.2877],[106.7503,11.2907],[106.7549,11.2959],[106.7595,11.3],[106.7591,11.3019],[106.7607,11.3055],[106.7634,11.3067],[106.7696,11.3072],[106.7698,11.3151],[106.7764,11.3146],[106.7736,11.3172],[106.7772,11.3188],[106.7803,11.3184],[106.7792,11.3221],[106.7797,11.3255],[106.7759,11.3316],[106.777,11.3343],[106.7759,11.3387],[106.7767,11.3414],[106.7753,11.3448],[106.7758,11.348],[106.7785,11.3502],[106.7809,11.3552],[106.7854,11.3579],[106.7877,11.3658],[106.7938,11.3691],[106.7968,11.3693],[106.7979,11.3716],[106.7983,11.3788],[106.8003,11.381],[106.7985,11.3826],[106.7962,11.3795],[106.7936,11.3795],[106.7936,11.3829],[106.7894,11.3829],[106.7884,11.3859],[106.789,11.4012],[106.7809,11.4012],[106.7744,11.4021],[106.7701,11.4038],[106.7711,11.4118],[106.7705,11.4266],[106.777,11.4265],[106.782,11.428],[106.792,11.4358],[106.7945,11.4399],[106.7999,11.4461],[106.805,11.4501],[106.8063,11.4533],[106.806,11.4572],[106.8087,11.4611],[106.8074,11.4628],[106.8038,11.4707],[106.8029,11.4767],[106.8028,11.4821],[106.7999,11.488],[106.797,11.4911]]]},"properties":{"ma_xa":"25864","ten_xa":"Phước Thành","sap_nhap":"Tân Hiệp (huyện Phú Giáo), An Thái, Phước Sang","tru_so":"Tổ 4, ấp Sa Dụp, xã Phước Sang, huyện Phú Giáo, tỉnh Bình Dương cũ","loai":"Xã","cap":2,"stt":54,"dtich_km2":123.49,"dan_so":15803,"matdo_km2":127.97,"ma_tinh":"79","ten_tinh":"TP. Hồ Chí Minh"}},
{"type":"Feature","geometry":{"type":"MultiPolygon","coordinates":[[[[107.1321,10.3765],[107.1295,10.3786],[107.129,10.3809],[107.1255,10.3833],[107.121,10.3892],[107.123,10.3945],[107.1197,10.3945],[107.1192,10.3965],[107.1224,10.4001],[107.1201,10.4047],[107.1216,10.4093],[107.1202,10.4145],[107.118,10.4144],[107.1174,10.4114],[107.1087,10.4085],[107.1056,10.4035],[107.1044,10.3965],[107.1028,10.394],[107.0937,10.39],[107.0925,10.3878],[107.0808,10.392],[107.0768,10.392],[107.0742,10.39],[107.0723,10.3864],[107.0777,10.3846],[107.082,10.383],[107.0917,10.3787],[107.0941,10.3834],[107.0944,10.3863],[107.0974,10.3861],[107.0973,10.383],[107.1011,10.3799],[107.1004,10.3751],[107.1017,10.3746],[107.1064,10.3786],[107.1105,10.3808],[107.1139,10.3748],[107.1191,10.3675],[107.1261,10.3718],[107.1321,10.3765]]],[[[107.096,10.3995],[107.0949,10.3963],[107.0969,10.3949],[107.0984,10.3973],[107.0986,10.4018],[107.096,10.3995]]]]},"properties":{"ma_xa":"26536","ten_xa":"Rạch Dừa","sap_nhap":"Phường 10 (thành phố Vũng Tàu), Thắng Nhất, Rạch Dừa","tru_so":"219/28 Lưu Chí Hiếu, phường 10, TP Vũng Tàu, tỉnh Bà Rịa - Vũng Tàu cũ","loai":"Phường","cap":2,"stt":3,"dtich_km2":19.7,"dan_so":76281,"matdo_km2":3872.13,"ma_tinh":"79","ten_tinh":"TP. Hồ Chí Minh"}},
{"type":"Feature","geometry":{"type":"Polygon","coordinates":[[[106.7153,10.7852],[106.7124,10.7878],[106.7096,10.7874],[106.7063,10.7916],[106.7019,10.7931],[106.6948,10.7856],[106.6981,10.7829],[106.695,10.7796],[106.6991,10.7758],[106.7013,10.7706],[106.6974,10.7671],[106.6993,10.7641],[106.7012,10.7653],[106.7031,10.7676],[106.7085,10.7695],[106.7086,10.7769],[106.7114,10.783],[106.7153,10.7852]]]},"properties":{"ma_xa":"26740","ten_xa":"Sài Gòn","sap_nhap":"Bến Nghé, Đa Kao (1 phần), Nguyễn Thái Bình (1 phần)","tru_so":"45 - 47 Lê Duẩn, phường Bến Nghé, quận 1 cũ","loai":"Phường","cap":2,"stt":63,"dtich_km2":3.04,"dan_so":47022,"matdo_km2":15467.76,"ma_tinh":"79","ten_tinh":"TP. Hồ Chí Minh"}},
{"type":"Feature","geometry":{"type":"Polygon","coordinates":[[[106.7367,10.8846],[106.731,10.8859],[106.733,10.8908],[106.7292,10.8894],[106.7258,10.891],[106.7176,10.8964],[106.7131,10.8899],[106.7138,10.8875],[106.7173,10.8879],[106.7166,10.8847],[106.718,10.8808],[106.7134,10.879],[106.7152,10.8775],[106.7214,10.8764],[106.7235,10.8717],[106.727,10.8693],[106.7269,10.8617],[106.7294,10.8608],[106.7318,10.8551],[106.7351,10.8537],[106.7342,10.8496],[106.738,10.847],[106.7409,10.8466],[106.7406,10.8492],[106.7425,10.8556],[106.7423,10.8581],[106.7438,10.8599],[106.7464,10.8602],[106.7486,10.8588],[106.7517,10.859],[106.752,10.8635],[106.75,10.8643],[106.746,10.8717],[106.7464,10.8739],[106.7514,10.8755],[106.7504,10.8773],[106.7472,10.8774],[106.7447,10.8801],[106.7412,10.8813],[106.7372,10.8803],[106.7342,10.8805],[106.7367,10.8846]]]},"properties":{"ma_xa":"26803","ten_xa":"Tam Bình","sap_nhap":"Bình Chiểu, Tam Phú, Tam Bình","tru_so":"707 Tỉnh lộ 43, khu phố 3, phường Tam Bình, TP Thủ Đức cũ","loai":"Phường","cap":2,"stt":131,"dtich_km2":10.71,"dan_so":153414,"matdo_km2":14324.37,"ma_tinh":"79","ten_tinh":"TP. Hồ Chí Minh"}},
{"type":"Feature","geometry":{"type":"Polygon","coordinates":[[[107.2464,10.5403],[107.243,10.5381],[107.2407,10.5419],[107.2338,10.5498],[107.2267,10.5525],[107.2288,10.5614],[107.2269,10.5622],[107.2202,10.5632],[107.2178,10.554],[107.2141,10.5543],[107.2134,10.5516],[107.2116,10.5506],[107.2086,10.5539],[107.2019,10.5537],[107.1992,10.5513],[107.1965,10.5507],[107.1965,10.5444],[107.1942,10.5443],[107.1907,10.5406],[107.1846,10.5419],[107.1838,10.5381],[107.1848,10.5356],[107.1839,10.5333],[107.1842,10.5297],[107.1826,10.5271],[107.186,10.525],[107.1879,10.5178],[107.1896,10.5157],[107.1814,10.509],[107.1925,10.5023],[107.1969,10.5],[107.2048,10.497],[107.2143,10.4948],[107.2187,10.4979],[107.222,10.498],[107.2226,10.5016],[107.2247,10.5037],[107.227,10.5034],[107.2279,10.5056],[107.2311,10.5069],[107.2363,10.5069],[107.2375,10.5095],[107.24,10.5099],[107.2415,10.5129],[107.2407,10.5144],[107.243,10.5203],[107.2435,10.526],[107.2463,10.527],[107.2473,10.531],[107.2455,10.5358],[107.2464,10.5403]]]},"properties":{"ma_xa":"26572","ten_xa":"Tam Long","sap_nhap":"Long Tâm, Hòa Long, Long Phước","tru_so":"Xã Hòa Long, thành phố Bà Rịa, tỉnh Bà Rịa - Vũng Tàu cũ","loai":"Phường","cap":2,"stt":8,"dtich_km2":34.7,"dan_so":41130,"matdo_km2":1185.3,"ma_tinh":"79","ten_tinh":"TP. Hồ Chí Minh"}},
{"type":"Feature","geometry":{"type":"Polygon","coordinates":[[[107.1191,10.3675],[107.1139,10.3748],[107.1105,10.3808],[107.1064,10.3786],[107.1017,10.3746],[107.1004,10.3751],[107.1011,10.3799],[107.0973,10.383],[107.0974,10.3861],[107.0944,10.3863],[107.0941,10.3834],[107.0917,10.3787],[107.082,10.383],[107.0802,10.3813],[107.0816,10.3788],[107.0814,10.3753],[107.0843,10.3691],[107.0767,10.3702],[107.0755,10.3619],[107.0928,10.349],[107.0984,10.3508],[107.1013,10.3495],[107.1109,10.3608],[107.1191,10.3675]]]},"properties":{"ma_xa":"26526","ten_xa":"Tam Thắng","sap_nhap":"Phường 7 (thành phố Vũng Tàu), Phường 8 (thành phố Vũng Tàu), Phường 9 (thành phố Vũng Tàu), Nguyễn An Ninh","tru_so":"603 Nguyễn An Ninh, phường Nguyễn An Ninh, TP Vũng Tàu, tỉnh Bà Rịa - Vũng Tàu cũ","loai":"Phường","cap":2,"stt":2,"dtich_km2":11.76,"dan_so":86420,"matdo_km2":7348.64,"ma_tinh":"79","ten_tinh":"TP. Hồ Chí Minh"}},
{"type":"Feature","geometry":{"type":"Polygon","coordinates":[[[106.5155,11.0072],[106.5093,11.0067],[106.5061,11.0082],[106.5008,11.0081],[106.4898,11.0069],[106.4911,10.9996],[106.491,10.9962],[106.4859,10.9983],[106.4864,10.9866],[106.4798,10.9873],[106.4798,10.9892],[106.475,10.9899],[106.4683,10.9938],[106.467,11.0005],[106.4642,11.0008],[106.4648,11.005],[106.4628,11.008],[106.4644,11.0109],[106.4629,11.0147],[106.4614,11.0137],[106.4558,11.0152],[106.45,11.0157],[106.4493,11.0123],[106.4423,11.0006],[106.4398,10.9998],[106.4366,10.9943],[106.4283,10.9886],[106.4333,10.9789],[106.4314,10.9724],[106.426,10.963],[106.44,10.9521],[106.4535,10.9419],[106.4873,10.925],[106.4877,10.9263],[106.4986,10.9473],[106.498,10.9502],[106.5007,10.9546],[106.4983,10.96],[106.5002,10.9631],[106.5,10.9707],[106.5018,10.97],[106.5033,10.9735],[106.5031,10.978],[106.5051,10.9799],[106.5,10.9842],[106.4968,10.9859],[106.4993,10.9899],[106.5133,11.0045],[106.5155,11.0072]]]},"properties":{"ma_xa":"27496","ten_xa":"Tân An Hội","sap_nhap":"Củ Chi (thị trấn), Phước Hiệp, Tân An Hội","tru_so":"77 Tỉnh lộ 8, thị trấn Củ Chi, huyện Củ Chi cũ ","loai":"Xã","cap":2,"stt":152,"dtich_km2":53.51,"dan_so":84342,"matdo_km2":1576.19,"ma_tinh":"79","ten_tinh":"TP. Hồ Chí Minh"}},
{"type":"Feature","geometry":{"type":"Polygon","coordinates":[[[106.648,10.8093],[106.6444,10.811],[106.6413,10.8097],[106.6395,10.8077],[106.6362,10.8063],[106.6347,10.8075],[106.6358,10.8038],[106.6392,10.7931],[106.6412,10.7871],[106.6416,10.786],[106.6458,10.7969],[106.647,10.7968],[106.648,10.8093]]]},"properties":{"ma_xa":"27004","ten_xa":"Tân Bình","sap_nhap":"Phường 13 (quận Tân Bình), Phường 14 (quận Tân Bình), Phường 15 (quận Tân Bình, 1 phần)","tru_so":"387A Trường Chinh, phường 14, quận Tân Bình cũ","loai":"Phường","cap":2,"stt":122,"dtich_km2":2.12,"dan_so":89373,"matdo_km2":42157.08,"ma_tinh":"79","ten_tinh":"TP. Hồ Chí Minh"}},
{"type":"Feature","geometry":{"type":"Polygon","coordinates":[[[106.6916,10.7955],[106.6877,10.7949],[106.6861,10.7925],[106.6948,10.7856],[106.7019,10.7931],[106.6949,10.7935],[106.6916,10.7955]]]},"properties":{"ma_xa":"26737","ten_xa":"Tân Định","sap_nhap":"Tân Định (Quận 1), Đa Kao (1 phần)","tru_so":" 58B Nguyễn Đình Chiểu, phường Đa Kao, quận 1 cũ","loai":"Phường","cap":2,"stt":64,"dtich_km2":1.23,"dan_so":48524,"matdo_km2":39450.41,"ma_tinh":"79","ten_tinh":"TP. Hồ Chí Minh"}},
{"type":"Feature","geometry":{"type":"Polygon","coordinates":[[[106.7834,10.9654],[106.7815,10.9711],[106.7782,10.9753],[106.7728,10.9766],[106.7689,10.9805],[106.7608,10.9811],[106.7577,10.9761],[106.75,10.9772],[106.749,10.9709],[106.7528,10.9665],[106.7528,10.9641],[106.7472,10.9575],[106.7453,10.9537],[106.747,10.9472],[106.7483,10.9447],[106.7495,10.9395],[106.7507,10.9372],[106.7562,10.9294],[106.7603,10.9274],[106.7636,10.9306],[106.7659,10.9255],[106.7763,10.9185],[106.7891,10.9172],[106.7934,10.9154],[106.797,10.9127],[106.802,10.9199],[106.7987,10.922],[106.7944,10.9237],[106.7881,10.9221],[106.7915,10.9264],[106.7918,10.9297],[106.7907,10.9319],[106.7854,10.9333],[106.782,10.9383],[106.7793,10.9369],[106.7784,10.9389],[106.7746,10.9399],[106.7708,10.9428],[106.7693,10.9477],[106.769,10.9518],[106.7645,10.9522],[106.7627,10.9533],[106.7645,10.9561],[106.7648,10.9598],[106.7624,10.9611],[106.7621,10.9634],[106.7659,10.9644],[106.7692,10.9641],[106.7729,10.9621],[106.7736,10.9592],[106.7764,10.9599],[106.7784,10.9624],[106.7827,10.9643],[106.7834,10.9654]]]},"properties":{"ma_xa":"25945","ten_xa":"Tân Đông Hiệp","sap_nhap":"Tân Bình, Thái Hòa (1 phần), Tân Đông Hiệp (1 phần)","tru_so":"880 đường Nguyễn Thị Minh Khai, phường Tân Bình, tỉnh Bình Dương cũ","loai":"Phường","cap":2,"stt":30,"dtich_km2":21.47,"dan_so":100243,"matdo_km2":4668.98,"ma_tinh":"79","ten_tinh":"TP. Hồ Chí Minh"}},
{"type":"Feature","geometry":{"type":"Polygon","coordinates":[[[107.1481,10.5357],[107.1465,10.5427],[107.1415,10.5482],[107.1327,10.5569],[107.1274,10.5547],[107.1214,10.5532],[107.1177,10.5564],[107.1139,10.5566],[107.1125,10.5534],[107.1096,10.551],[107.1062,10.55],[107.1028,10.545],[107.1009,10.5406],[107.1006,10.5374],[107.1035,10.5356],[107.1019,10.5336],[107.0993,10.5351],[107.0959,10.5314],[107.0953,10.529],[107.0928,10.5286],[107.0895,10.5263],[107.0881,10.5282],[107.0854,10.526],[107.0838,10.5274],[107.0798,10.5266],[107.0783,10.5245],[107.0788,10.5196],[107.0804,10.5181],[107.0802,10.5151],[107.0783,10.514],[107.0778,10.5105],[107.0745,10.5104],[107.0713,10.5092],[107.0689,10.5099],[107.0665,10.5052],[107.0629,10.5063],[107.0625,10.503],[107.059,10.4993],[107.0592,10.4964],[107.0581,10.4942],[107.0473,10.4835],[107.045,10.4769],[107.0449,10.4721],[107.0481,10.477],[107.0502,10.4784],[107.0561,10.4775],[107.0605,10.4774],[107.066,10.4819],[107.0671,10.4837],[107.0702,10.4839],[107.0737,10.4792],[107.0767,10.4779],[107.0805,10.4801],[107.085,10.4801],[107.0892,10.4824],[107.0958,10.479],[107.1003,10.4756],[107.1051,10.4749],[107.109,10.4773],[107.1131,10.4772],[107.1165,10.4774],[107.1184,10.4755],[107.1209,10.4755],[107.1226,10.4789],[107.1207,10.4808],[107.1227,10.4831],[107.1216,10.4853],[107.1223,10.4882],[107.1246,10.4903],[107.1267,10.4906],[107.1267,10.4931],[107.1237,10.4957],[107.1244,10.4998],[107.1245,10.5076],[107.1282,10.509],[107.131,10.5089],[107.1343,10.5136],[107.1363,10.5154],[107.138,10.5209],[107.1409,10.5265],[107.1481,10.5357]]]},"properties":{"ma_xa":"26710","ten_xa":"Tân Hải","sap_nhap":"Tân Hòa, Tân Hải","tru_so":"Phường Tân Hải, TP Phú Mỹ, tỉnh Bà Rịa - Vũng Tàu cũ","loai":"Phường","cap":2,"stt":11,"dtich_km2":51.86,"dan_so":30297,"matdo_km2":584.21,"ma_tinh":"79","ten_tinh":"TP. Hồ Chí Minh"}},
{"type":"Feature","geometry":{"type":"Polygon","coordinates":[[[106.7714,11.0897],[106.7663,11.0921],[106.764,11.0926],[106.7575,11.0877],[106.7569,11.0914],[106.7524,11.0916],[106.7526,11.096],[106.748,11.0965],[106.7482,11.101],[106.743,11.1039],[106.7439,11.11],[106.7416,11.1104],[106.7378,11.1087],[106.7346,11.105],[106.7292,11.1014],[106.7269,11.0985],[106.726,11.0945],[106.7287,11.0865],[106.7273,11.0822],[106.7284,11.0797],[106.7266,11.0752],[106.7225,11.0712],[106.7208,11.0669],[106.7215,11.0654],[106.7228,11.0628],[106.7108,11.0594],[106.7131,11.0572],[106.7173,11.049],[106.7187,11.045],[106.719,11.041],[106.7132,11.0403],[106.7135,11.0367],[106.7103,11.032],[106.7143,11.0336],[106.7187,11.034],[106.7272,11.0323],[106.7331,11.0323],[106.7375,11.0304],[106.7377,11.0281],[106.7414,11.0212],[106.7444,11.0194],[106.752,11.0135],[106.7577,11.016],[106.7599,11.0209],[106.7615,11.0213],[106.7645,11.0254],[106.7696,11.0222],[106.778,11.0136],[106.7796,11.0154],[106.7813,11.0204],[106.7795,11.0234],[106.7805,11.0286],[106.7791,11.0351],[106.7801,11.0374],[106.7827,11.0397],[106.7832,11.0438],[106.7805,11.0441],[106.7801,11.0477],[106.7733,11.0518],[106.7716,11.0546],[106.7677,11.0581],[106.7672,11.0678],[106.7604,11.0679],[106.7714,11.0897]]]},"properties":{"ma_xa":"25920","ten_xa":"Tân Hiệp","sap_nhap":"Khánh Bình, Tân Hiệp","tru_so":"Đường Nguyễn Khuyến, khu phố Tân Bình, phường Tân Hiệp, TP Tân Uyên, tỉnh Bình Dương cũ","loai":"Phường","cap":2,"stt":43,"dtich_km2":47.06,"dan_so":142494,"matdo_km2":3027.92,"ma_tinh":"79","ten_tinh":"TP. Hồ Chí Minh"}},
{"type":"Feature","geometry":{"type":"Polygon","coordinates":[[[106.6643,10.7871],[106.6607,10.789],[106.6569,10.7846],[106.6542,10.7845],[106.6525,10.7903],[106.6501,10.7822],[106.6498,10.7774],[106.648,10.7748],[106.6521,10.769],[106.6533,10.7758],[106.656,10.7782],[106.6602,10.7822],[106.6646,10.7869],[106.6643,10.7871]]]},"properties":{"ma_xa":"26995","ten_xa":"Tân Hòa","sap_nhap":"Phường 6 (quận Tân Bình), Phường 8 (quận Tân Bình), Phường 9 (quận Tân Bình)","tru_so":"356 Bắc Hải, phường 6, quận Tân Bình cũ","loai":"Phường","cap":2,"stt":120,"dtich_km2":1.47,"dan_so":93437,"matdo_km2":63562.59,"ma_tinh":"79","ten_tinh":"TP. Hồ Chí Minh"}},
{"type":"Feature","geometry":{"type":"Polygon","coordinates":[[[106.7158,10.7525],[106.7099,10.7524],[106.7051,10.7524],[106.6927,10.7524],[106.6903,10.752],[106.6904,10.7499],[106.6927,10.7464],[106.6921,10.7414],[106.695,10.7361],[106.6932,10.7329],[106.6903,10.73],[106.6902,10.7255],[106.6984,10.7242],[106.7031,10.7252],[106.7073,10.7239],[106.7089,10.7198],[106.7128,10.7205],[106.7182,10.7191],[106.7209,10.7222],[106.7187,10.7244],[106.7166,10.7289],[106.7127,10.7331],[106.7124,10.7345],[106.7159,10.7383],[106.7158,10.7525]]]},"properties":{"ma_xa":"27475","ten_xa":"Tân Hưng","sap_nhap":"Tân Phong, Tân Quy, Tân Kiểng, Tân Hưng","tru_so":"9 đường 2A phường Tân Hưng, quận 7 cũ","loai":"Phường","cap":2,"stt":83,"dtich_km2":8.54,"dan_so":153674,"matdo_km2":17994.61,"ma_tinh":"79","ten_tinh":"TP. Hồ Chí Minh"}},
{"type":"Feature","geometry":{"type":"Polygon","coordinates":[[[106.778,11.0136],[106.7696,11.0222],[106.7645,11.0254],[106.7615,11.0213],[106.7599,11.0209],[106.7577,11.016],[106.752,11.0135],[106.7444,11.0194],[106.7414,11.0212],[106.7377,11.0281],[106.7375,11.0304],[106.7331,11.0323],[106.7272,11.0323],[106.7187,11.034],[106.7143,11.0336],[106.7103,11.032],[106.7046,11.03],[106.7061,11.0269],[106.7061,11.0235],[106.7081,11.0168],[106.7057,11.0124],[106.708,11.0029],[106.7034,11.0037],[106.7027,11.0026],[106.7072,10.9967],[106.7077,10.9917],[106.7107,10.9917],[106.7148,10.9951],[106.719,10.9932],[106.7229,10.99],[106.7232,10.9922],[106.7265,10.9909],[106.7301,10.9879],[106.7378,10.9864],[106.7424,10.9866],[106.7407,10.9816],[106.741,10.9781],[106.75,10.9772],[106.7577,10.9761],[106.7608,10.9811],[106.7689,10.9805],[106.7728,10.9766],[106.7782,10.9753],[106.7815,10.9711],[106.7834,10.9654],[106.7872,10.9681],[106.7947,10.9704],[106.7961,10.9737],[106.7946,10.9757],[106.7827,10.986],[106.7787,10.9929],[106.775,11.0022],[106.7753,11.0074],[106.7772,11.0089],[106.778,11.0136]]]},"properties":{"ma_xa":"25891","ten_xa":"Tân Khánh","sap_nhap":"Thạnh Phước, Tân Phước Khánh, Tân Vĩnh Hiệp, Thạnh Hội, Thái Hòa (1 phần)","tru_so":"Đường Lý Tự trọng, khu phố Khánh Hòa, phường Tân Phước Khánh, TP Tân Uyên, tỉnh Bình Dương cũ","loai":"Phường","cap":2,"stt":44,"dtich_km2":38.23,"dan_so":126393,"matdo_km2":3306.12,"ma_tinh":"79","ten_tinh":"TP. Hồ Chí Minh"}},
{"type":"Feature","geometry":{"type":"Polygon","coordinates":[[[106.7159,10.7383],[106.7124,10.7345],[106.7127,10.7331],[106.7166,10.7289],[106.7187,10.7244],[106.7209,10.7222],[106.7238,10.7217],[106.725,10.7197],[106.7232,10.7148],[106.7256,10.7102],[106.7248,10.7058],[106.7267,10.6993],[106.7311,10.6978],[106.7342,10.6993],[106.7353,10.7029],[106.7378,10.7036],[106.7373,10.7073],[106.7366,10.7202],[106.7332,10.7273],[106.7311,10.7333],[106.7305,10.7375],[106.7159,10.7383]]]},"properties":{"ma_xa":"27487","ten_xa":"Tân Mỹ","sap_nhap":"Tân Phú (Quận 7), Phú Mỹ (Quận 7, 1 phần)","tru_so":"7 Tân Phú, phường Tân Phú, quận 7 cũ","loai":"Phường","cap":2,"stt":82,"dtich_km2":6.45,"dan_so":68124,"matdo_km2":10561.86,"ma_tinh":"79","ten_tinh":"TP. Hồ Chí Minh"}},
{"type":"Feature","geometry":{"type":"Polygon","coordinates":[[[106.5588,10.7364],[106.5587,10.7345],[106.5387,10.7446],[106.5348,10.7359],[106.5362,10.7109],[106.5284,10.715],[106.5272,10.7091],[106.529,10.7022],[106.5339,10.6881],[106.5357,10.6855],[106.5473,10.6871],[106.5477,10.6867],[106.5503,10.6857],[106.5515,10.6796],[106.5537,10.6753],[106.5573,10.6759],[106.5613,10.6734],[106.5643,10.6781],[106.5695,10.6795],[106.5704,10.6728],[106.5768,10.6734],[106.5779,10.6713],[106.5828,10.6761],[106.5894,10.6817],[106.5932,10.686],[106.5945,10.6898],[106.597,10.6975],[106.5973,10.7016],[106.6041,10.7042],[106.6038,10.711],[106.6037,10.7129],[106.5994,10.7111],[106.5861,10.7161],[106.5828,10.717],[106.5724,10.7171],[106.568,10.7164],[106.5676,10.7221],[106.5684,10.7241],[106.5654,10.7296],[106.5677,10.7344],[106.5588,10.7364]]]},"properties":{"ma_xa":"27595","ten_xa":"Tân Nhựt","sap_nhap":"Tân Túc (thị trấn), Tân Nhựt, Tân Tạo A (1 phần), Tân Kiên (1 phần), Phường 16 (Quận 8, 1 phần)","tru_so":"79 đường Tân Túc, thị trấn Tân Túc, huyện Bình Chánh cũ","loai":"Xã","cap":2,"stt":144,"dtich_km2":43.67,"dan_so":115513,"matdo_km2":2645.13,"ma_tinh":"79","ten_tinh":"TP. Hồ Chí Minh"}},
{"type":"Feature","geometry":{"type":"Polygon","coordinates":[[[106.6412,10.7871],[106.6368,10.7871],[106.636,10.7817],[106.6346,10.7773],[106.6328,10.7747],[106.6318,10.7698],[106.6326,10.7605],[106.6342,10.759],[106.6357,10.7628],[106.6356,10.7696],[106.6376,10.769],[106.6443,10.775],[106.6477,10.7752],[106.6433,10.7814],[106.6416,10.786],[106.6412,10.7871]]]},"properties":{"ma_xa":"27031","ten_xa":"Tân Phú","sap_nhap":"Phú Trung, Hòa Thạnh, Tân Thới Hòa (1 phần), Tân Thành (1 phần)","tru_so":"70A Thoại Ngọc Hầu, phường Hòa Thạnh, quận Tân Phú cũ ","loai":"Phường","cap":2,"stt":127,"dtich_km2":2.52,"dan_so":93117,"matdo_km2":36951.19,"ma_tinh":"79","ten_tinh":"TP. Hồ Chí Minh"}},
{"type":"Feature","geometry":{"type":"MultiPolygon","coordinates":[[[[107.0157,10.4873],[107.0153,10.4915],[107.0131,10.4929],[107.0092,10.4907],[107.0077,10.4883],[107.0129,10.4855],[107.0162,10.483],[107.0174,10.4838],[107.0157,10.4873]]],[[[107.1139,10.5566],[107.1141,10.5584],[107.1086,10.5631],[107.1088,10.5654],[107.1047,10.5724],[107.1046,10.5756],[107.1028,10.5795],[107.0987,10.5799],[107.1001,10.5846],[107.0955,10.5862],[107.0947,10.589],[107.0927,10.5902],[107.0898,10.5819],[107.0886,10.5822],[107.0784,10.5823],[107.0761,10.5804],[107.0665,10.5777],[107.0615,10.5757],[107.0611,10.5776],[107.0531,10.5776],[107.0481,10.5748],[107.0473,10.5778],[107.0405,10.578],[107.0433,10.5728],[107.0404,10.5713],[107.0362,10.5729],[107.0344,10.5715],[107.0338,10.5688],[107.032,10.5676],[107.0319,10.5601],[107.0359,10.5555],[107.0309,10.5522],[107.0318,10.5475],[107.031,10.5465],[107.0267,10.5465],[107.0249,10.5455],[107.0264,10.5447],[107.0277,10.5403],[107.0272,10.5378],[107.0233,10.5325],[107.0179,10.5281],[107.0129,10.5215],[107.0116,10.5177],[107.0073,10.5113],[107.0034,10.5086],[107.0002,10.5071],[106.9977,10.5044],[106.9975,10.5001],[106.9985,10.499],[107.0017,10.499],[107.0037,10.4957],[107.0062,10.4951],[107.0079,10.4932],[107.0148,10.4947],[107.0176,10.4932],[107.018,10.4887],[107.0192,10.486],[107.0221,10.4829],[107.0203,10.48],[107.0196,10.4741],[107.0238,10.471],[107.026,10.4713],[107.026,10.4754],[107.0396,10.4692],[107.0449,10.4721],[107.045,10.4769],[107.0473,10.4835],[107.0581,10.4942],[107.0592,10.4964],[107.059,10.4993],[107.0625,10.503],[107.0629,10.5063],[107.0665,10.5052],[107.0689,10.5099],[107.0713,10.5092],[107.0745,10.5104],[107.0778,10.5105],[107.0783,10.514],[107.0802,10.5151],[107.0804,10.5181],[107.0788,10.5196],[107.0783,10.5245],[107.0798,10.5266],[107.0838,10.5274],[107.0854,10.526],[107.0881,10.5282],[107.0895,10.5263],[107.0928,10.5286],[107.0953,10.529],[107.0959,10.5314],[107.0993,10.5351],[107.1019,10.5336],[107.1035,10.5356],[107.1006,10.5374],[107.1009,10.5406],[107.1028,10.545],[107.1062,10.55],[107.1096,10.551],[107.1125,10.5534],[107.1139,10.5566]]]]},"properties":{"ma_xa":"26713","ten_xa":"Tân Phước","sap_nhap":"Phước Hòa, Tân Phước","tru_so":"Đường Độc Lập, khu phố Tân Lộc, phường Phước Hòa, thị xã Phú Mỹ, tỉnh Bà Rịa - Vũng Tàu cũ","loai":"Phường","cap":2,"stt":10,"dtich_km2":83.62,"dan_so":29363,"matdo_km2":351.15,"ma_tinh":"79","ten_tinh":"TP. Hồ Chí Minh"}},
{"type":"Feature","geometry":{"type":"Polygon","coordinates":[[[106.6636,10.8307],[106.6596,10.8329],[106.6556,10.836],[106.6463,10.8374],[106.6426,10.8282],[106.6381,10.83],[106.6324,10.833],[106.6297,10.827],[106.6279,10.8247],[106.6303,10.8217],[106.6347,10.8075],[106.6362,10.8063],[106.6395,10.8077],[106.6413,10.8097],[106.6444,10.811],[106.648,10.8093],[106.6533,10.8089],[106.6535,10.8113],[106.6569,10.8126],[106.6548,10.8153],[106.6606,10.8174],[106.6663,10.8196],[106.6675,10.8161],[106.6742,10.818],[106.6732,10.8223],[106.6783,10.8251],[106.6778,10.8269],[106.6742,10.8263],[106.6732,10.8279],[106.6704,10.8272],[106.6661,10.8284],[106.6636,10.8307]]]},"properties":{"ma_xa":"27007","ten_xa":"Tân Sơn","sap_nhap":"Phường 15 (quận Tân Bình, 1 phần)","tru_so":"822 Trường Chinh, phường 15, quận Tân Bình cũ","loai":"Phường","cap":2,"stt":123,"dtich_km2":10.12,"dan_so":77229,"matdo_km2":7631.32,"ma_tinh":"79","ten_tinh":"TP. Hồ Chí Minh"}},
{"type":"Feature","geometry":{"type":"Polygon","coordinates":[[[106.6742,10.818],[106.6675,10.8161],[106.6663,10.8196],[106.6606,10.8174],[106.6618,10.8161],[106.6616,10.8098],[106.6647,10.8094],[106.6636,10.8027],[106.6594,10.7988],[106.6608,10.7962],[106.6593,10.7933],[106.6609,10.7921],[106.666,10.7908],[106.6682,10.7938],[106.6685,10.7982],[106.6677,10.8002],[106.6688,10.8021],[106.6695,10.8067],[106.6724,10.8107],[106.6728,10.8141],[106.6757,10.8153],[106.6742,10.818]]]},"properties":{"ma_xa":"26977","ten_xa":"Tân Sơn Hòa","sap_nhap":"Phường 1 (quận Tân Bình), Phường 2 (quận Tân Bình), Phường 3 (quận Tân Bình)","tru_so":"291 Lê Văn Sỹ, phường 1, quận Tân Bình cũ","loai":"Phường","cap":2,"stt":118,"dtich_km2":2.62,"dan_so":64150,"matdo_km2":24484.73,"ma_tinh":"79","ten_tinh":"TP. Hồ Chí Minh"}},
{"type":"Feature","geometry":{"type":"Polygon","coordinates":[[[106.666,10.7908],[106.6609,10.7921],[106.6593,10.7933],[106.6608,10.7962],[106.6594,10.7988],[106.6636,10.8027],[106.6647,10.8094],[106.6616,10.8098],[106.6618,10.8161],[106.6606,10.8174],[106.6548,10.8153],[106.6569,10.8126],[106.6535,10.8113],[106.6533,10.8089],[106.6526,10.8015],[106.6546,10.7965],[106.6525,10.7903],[106.6542,10.7845],[106.6569,10.7846],[106.6607,10.789],[106.6643,10.7871],[106.6667,10.7896],[106.666,10.7908]]]},"properties":{"ma_xa":"26968","ten_xa":"Tân Sơn Nhất","sap_nhap":"Phường 4 (quận Tân Bình), Phường 5 (quận Tân Bình), Phường 7 (quận Tân Bình)","tru_so":"25/4-6 Hoàng Việt, phường 4, quận Tân Bình cũ","loai":"Phường","cap":2,"stt":119,"dtich_km2":3.19,"dan_so":84639,"matdo_km2":26532.6,"ma_tinh":"79","ten_tinh":"TP. Hồ Chí Minh"}},
{"type":"Feature","geometry":{"type":"Polygon","coordinates":[[[106.6358,10.8038],[106.6328,10.8035],[106.6311,10.8054],[106.6217,10.8075],[106.6223,10.8006],[106.6239,10.7993],[106.6244,10.7945],[106.6239,10.7893],[106.6267,10.7886],[106.6294,10.7905],[106.6306,10.7943],[106.6392,10.7931],[106.6358,10.8038]]]},"properties":{"ma_xa":"27019","ten_xa":"Tân Sơn Nhì","sap_nhap":"Tân Sơn Nhì, Sơn Kỳ (1 phần), Tân Quý (1 phần), Tân Thành (1 phần)","tru_so":"48 Tân Quý, phường Tân Quý, quận Tân Phú  cũ và UBND phường Tân Sơn Nhì cũ (cơ sở 2)","loai":"Phường","cap":2,"stt":125,"dtich_km2":3.46,"dan_so":117277,"matdo_km2":33895.09,"ma_tinh":"79","ten_tinh":"TP. Hồ Chí Minh"}},
{"type":"Feature","geometry":{"type":"Polygon","coordinates":[[[106.6066,10.758],[106.603,10.7588],[106.6033,10.7618],[106.5987,10.7628],[106.5962,10.7624],[106.5905,10.7652],[106.5869,10.7645],[106.5853,10.7629],[106.5838,10.7575],[106.5734,10.7604],[106.5681,10.755],[106.5595,10.749],[106.5593,10.7421],[106.5583,10.7395],[106.5588,10.7364],[106.5677,10.7344],[106.5654,10.7296],[106.5684,10.7241],[106.5676,10.7221],[106.568,10.7164],[106.5724,10.7171],[106.5828,10.717],[106.5861,10.7161],[106.5994,10.7111],[106.6037,10.7129],[106.6041,10.7173],[106.6001,10.7179],[106.6028,10.7337],[106.6023,10.736],[106.5975,10.7436],[106.6041,10.7454],[106.6041,10.7519],[106.6058,10.7522],[106.6066,10.758]]]},"properties":{"ma_xa":"27457","ten_xa":"Tân Tạo","sap_nhap":"Tân Tạo A (1 phần), Tân Tạo (1 phần), Tân Kiên (1 phần)","tru_so":"1409 Tỉnh lộ 10, phường Tân Tạo A, quận Bình Tân cũ","loai":"Phường","cap":2,"stt":100,"dtich_km2":14.71,"dan_so":113363,"matdo_km2":7706.53,"ma_tinh":"79","ten_tinh":"TP. Hồ Chí Minh"}},
{"type":"Feature","geometry":{"type":"Polygon","coordinates":[[[107.1654,10.685],[107.1666,10.6876],[107.1667,10.6909],[107.165,10.7002],[107.1665,10.7071],[107.1635,10.7096],[107.1653,10.7137],[107.1628,10.7145],[107.1598,10.7104],[107.1397,10.7096],[107.1384,10.708],[107.137,10.7035],[107.1368,10.7003],[107.1342,10.6948],[107.1338,10.6851],[107.1262,10.6823],[107.1226,10.6793],[107.1229,10.6773],[107.1212,10.6731],[107.1195,10.6732],[107.117,10.6707],[107.111,10.6696],[107.1072,10.6652],[107.1012,10.6626],[107.1007,10.6588],[107.0991,10.6572],[107.0965,10.652],[107.091,10.6532],[107.0851,10.6488],[107.0814,10.6494],[107.0783,10.649],[107.0752,10.6464],[107.0735,10.6435],[107.0773,10.6343],[107.0815,10.6304],[107.0827,10.6278],[107.0873,10.6287],[107.0922,10.6284],[107.0947,10.6293],[107.1006,10.6263],[107.1092,10.6271],[107.113,10.6264],[107.1114,10.6197],[107.1214,10.6183],[107.1215,10.6207],[107.1252,10.6203],[107.127,10.6224],[107.1306,10.6217],[107.1313,10.6199],[107.1388,10.6215],[107.1414,10.6162],[107.1442,10.6168],[107.1449,10.6148],[107.1536,10.6189],[107.1578,10.6152],[107.16,10.62],[107.163,10.6201],[107.1647,10.6187],[107.1667,10.6195],[107.169,10.6243],[107.1666,10.627],[107.166,10.6327],[107.1643,10.635],[107.1652,10.6391],[107.1643,10.6417],[107.1677,10.6472],[107.1663,10.6553],[107.1649,10.6593],[107.1667,10.6662],[107.1631,10.6732],[107.1605,10.6751],[107.1598,10.6805],[107.163,10.6824],[107.1654,10.685]]]},"properties":{"ma_xa":"26725","ten_xa":"Tân Thành","sap_nhap":"Hắc Dịch, Sông Xoài","tru_so":"Phường Hắc Dịch, TP Phú Mỹ, tỉnh Bà Rịa - Vũng Tàu cũ","loai":"Phường","cap":2,"stt":9,"dtich_km2":61.63,"dan_so":33943,"matdo_km2":550.75,"ma_tinh":"79","ten_tinh":"TP. Hồ Chí Minh"}},
{"type":"Feature","geometry":{"type":"Polygon","coordinates":[[[106.6509,10.8598],[106.6498,10.8613],[106.6488,10.881],[106.6472,10.8899],[106.6469,10.8948],[106.6434,10.8939],[106.6426,10.8924],[106.6393,10.8918],[106.6319,10.8918],[106.6287,10.8858],[106.6254,10.8836],[106.6279,10.8812],[106.6248,10.8772],[106.6268,10.8752],[106.6305,10.8742],[106.6368,10.8704],[106.6318,10.861],[106.6328,10.8588],[106.6376,10.8556],[106.643,10.8522],[106.6464,10.8546],[106.6471,10.8579],[106.6509,10.8598]]]},"properties":{"ma_xa":"26782","ten_xa":"Tân Thới Hiệp","sap_nhap":"Hiệp Thành (Quận 12), Tân Thới Hiệp ","tru_so":"Trụ sở UBND phường Tân Thới Hiệp, quận 12 cũ","loai":"Phường","cap":2,"stt":96,"dtich_km2":8.06,"dan_so":168060,"matdo_km2":20851.12,"ma_tinh":"79","ten_tinh":"TP. Hồ Chí Minh"}},
{"type":"Feature","geometry":{"type":"Polygon","coordinates":[[[106.7447,10.7451],[106.7442,10.7475],[106.7466,10.7537],[106.7518,10.7599],[106.753,10.7641],[106.7518,10.7694],[106.7475,10.7736],[106.744,10.7763],[106.7403,10.7776],[106.7378,10.777],[106.7354,10.7746],[106.7333,10.7629],[106.7304,10.76],[106.7262,10.7592],[106.7221,10.7593],[106.7202,10.755],[106.7183,10.7531],[106.7158,10.7525],[106.7159,10.7383],[106.7305,10.7375],[106.7447,10.7451]]]},"properties":{"ma_xa":"27478","ten_xa":"Tân Thuận","sap_nhap":"Bình Thuận, Tân Thuận Đông, Tân Thuận Tây","tru_so":"đang cập nhật","loai":"Phường","cap":2,"stt":80,"dtich_km2":10.16,"dan_so":148090,"matdo_km2":14575.79,"ma_tinh":"79","ten_tinh":"TP. Hồ Chí Minh"}},
{"type":"Feature","geometry":{"type":"Polygon","coordinates":[[[106.8096,11.1739],[106.8077,11.1736],[106.8055,11.1701],[106.8011,11.1651],[106.7917,11.1623],[106.7886,11.1632],[106.7817,11.1599],[106.7807,11.1574],[106.7783,11.1548],[106.7735,11.1547],[106.7738,11.1408],[106.7799,11.1407],[106.7794,11.1338],[106.7836,11.137],[106.784,11.1327],[106.7835,11.124],[106.7833,11.1137],[106.7789,11.1138],[106.7788,11.0954],[106.7744,11.0955],[106.7714,11.0897],[106.7604,11.0679],[106.7672,11.0678],[106.7677,11.0581],[106.7716,11.0546],[106.7733,11.0518],[106.7801,11.0477],[106.7805,11.0441],[106.7832,11.0438],[106.7827,11.0397],[106.7801,11.0374],[106.7791,11.0351],[106.7805,11.0286],[106.7795,11.0234],[106.7813,11.0204],[106.7796,11.0154],[106.778,11.0136],[106.7772,11.0089],[106.783,11.0129],[106.7846,11.0175],[106.7886,11.019],[106.7944,11.0235],[106.8002,11.0249],[106.8049,11.0253],[106.8096,11.0266],[106.8125,11.0305],[106.8131,11.0353],[106.812,11.0402],[106.8095,11.045],[106.8062,11.0485],[106.8001,11.0525],[106.7988,11.0566],[106.8033,11.06],[106.8166,11.0636],[106.8218,11.0652],[106.8259,11.0652],[106.8297,11.0624],[106.8322,11.0556],[106.8346,11.0513],[106.837,11.0456],[106.8436,11.0481],[106.8484,11.0507],[106.854,11.0582],[106.8618,11.062],[106.8679,11.075],[106.8665,11.0779],[106.8757,11.0933],[106.8703,11.094],[106.8667,11.0932],[106.8587,11.0946],[106.8503,11.0928],[106.8459,11.0912],[106.8428,11.0887],[106.8397,11.0884],[106.8364,11.0868],[106.8334,11.087],[106.8277,11.0893],[106.8231,11.0959],[106.8239,11.1016],[106.8225,11.1107],[106.8214,11.1139],[106.8222,11.1189],[106.8237,11.1193],[106.8223,11.1279],[106.8222,11.1371],[106.8263,11.1374],[106.8264,11.1476],[106.8286,11.1497],[106.8286,11.1537],[106.8248,11.1552],[106.824,11.1579],[106.8239,11.1661],[106.8164,11.1663],[106.8114,11.1678],[106.8096,11.1739]]]},"properties":{"ma_xa":"25888","ten_xa":"Tân Uyên","sap_nhap":"Uyên Hưng, Bạch Đằng, Tân Lập, Tân Mỹ (1 phần)","tru_so":"ĐT 747, khu phố 1, phường Uyên Hưng, TP Tân Uyên, tỉnh Bình Dương cũ","loai":"Phường","cap":2,"stt":42,"dtich_km2":94.67,"dan_so":73032,"matdo_km2":771.44,"ma_tinh":"79","ten_tinh":"TP. Hồ Chí Minh"}},
{"type":"Feature","geometry":{"type":"Polygon","coordinates":[[[106.5677,10.7629],[106.5705,10.7697],[106.5732,10.768],[106.5755,10.7688],[106.5778,10.7723],[106.582,10.7753],[106.5851,10.775],[106.5868,10.7761],[106.5888,10.7794],[106.5881,10.7817],[106.5892,10.7873],[106.5865,10.7882],[106.5844,10.7908],[106.5846,10.7973],[106.5829,10.7973],[106.5835,10.8064],[106.5846,10.8068],[106.5859,10.8128],[106.5834,10.8135],[106.5818,10.8156],[106.5794,10.8137],[106.5652,10.8047],[106.5631,10.802],[106.5565,10.8034],[106.5511,10.8035],[106.5403,10.8026],[106.5414,10.8066],[106.5194,10.8121],[106.5107,10.8148],[106.5063,10.795],[106.5057,10.7937],[106.5326,10.7803],[106.5582,10.7673],[106.5677,10.7629]]]},"properties":{"ma_xa":"27604","ten_xa":"Tân Vĩnh Lộc","sap_nhap":"Vĩnh Lộc B, Phạm Văn Hai (1 phần), Tân Tạo (1 phần)","tru_so":"2206 đường Trần Văn Giàu, ấp 8 xã Phạm Văn Hai, huyện Bình Chánh cũ và 1304 đường Vĩnh Lộc, xã Vĩnh Lộc B, huyện Bình Chánh cũ","loai":"Xã","cap":2,"stt":142,"dtich_km2":34.05,"dan_so":163839,"matdo_km2":4811.72,"ma_tinh":"79","ten_tinh":"TP. Hồ Chí Minh"}},
{"type":"Feature","geometry":{"type":"Polygon","coordinates":[[[106.8261,10.826],[106.8228,10.834],[106.8203,10.8387],[106.8184,10.8399],[106.8198,10.8428],[106.8183,10.8445],[106.8223,10.8477],[106.8193,10.8542],[106.8184,10.8603],[106.8184,10.8648],[106.8137,10.8661],[106.814,10.8701],[106.8076,10.8717],[106.8036,10.8673],[106.7769,10.8515],[106.774,10.8491],[106.7691,10.841],[106.7713,10.8386],[106.7712,10.8355],[106.7737,10.8344],[106.7773,10.8309],[106.7817,10.8277],[106.7837,10.8244],[106.7877,10.8211],[106.7884,10.816],[106.7899,10.815],[106.7989,10.821],[106.8031,10.8211],[106.8043,10.8254],[106.8064,10.8271],[106.8113,10.8301],[106.8155,10.8307],[106.82,10.829],[106.8249,10.8256],[106.8261,10.826]]]},"properties":{"ma_xa":"26842","ten_xa":"Tăng Nhơn Phú","sap_nhap":"Tân Phú (thành phố Thủ Đức), Hiệp Phú, Tăng Nhơn Phú A, Tăng Nhơn Phú B, Long Thạnh Mỹ (1 phần)","tru_so":"29 Lê Văn Việt, phường Tăng Nhơn Phú A, TP Thủ Đức cũ","loai":"Phường","cap":2,"stt":133,"dtich_km2":16.51,"dan_so":208233,"matdo_km2":12612.54,"ma_tinh":"79","ten_tinh":"TP. Hồ Chí Minh"}},
{"type":"Feature","geometry":{"type":"Polygon","coordinates":[[[106.4975,11.233],[106.4947,11.2352],[106.4921,11.2419],[106.4826,11.2364],[106.4722,11.2216],[106.4653,11.2198],[106.467,11.2154],[106.471,11.2166],[106.4735,11.2076],[106.4781,11.2091],[106.4792,11.2049],[106.4631,11.1952],[106.4319,11.1884],[106.4338,11.1794],[106.4311,11.1775],[106.429,11.1743],[106.4314,11.1735],[106.4326,11.171],[106.4335,11.1645],[106.4359,11.1617],[106.4366,11.1558],[106.432,11.1502],[106.4299,11.1489],[106.4347,11.1433],[106.436,11.141],[106.4441,11.1361],[106.4478,11.136],[106.4513,11.1363],[106.4561,11.1408],[106.4579,11.1451],[106.4581,11.1516],[106.4563,11.1533],[106.4519,11.1518],[106.4518,11.1562],[106.4531,11.1586],[106.4565,11.1602],[106.4588,11.1586],[106.4641,11.1597],[106.4711,11.1539],[106.4674,11.1484],[106.472,11.1434],[106.4784,11.1423],[106.4824,11.1424],[106.4894,11.1446],[106.4962,11.143],[106.5023,11.1403],[106.5076,11.1419],[106.5112,11.1359],[106.5144,11.1277],[106.5175,11.1243],[106.5212,11.122],[106.5259,11.1215],[106.5278,11.1152],[106.5262,11.1056],[106.5245,11.104],[106.5176,11.1022],[106.5168,11.0987],[106.5216,11.0913],[106.5241,11.0899],[106.5272,11.0916],[106.531,11.0924],[106.5338,11.0899],[106.5334,11.0879],[106.5287,11.0831],[106.5258,11.0793],[106.5239,11.0738],[106.5259,11.0687],[106.5286,11.067],[106.5325,11.0597],[106.536,11.0565],[106.5433,11.0538],[106.5461,11.052],[106.5484,11.0476],[106.5499,11.0463],[106.5519,11.0457],[106.5587,11.0455],[106.5586,11.0483],[106.5607,11.0522],[106.5558,11.0574],[106.5592,11.0622],[106.5614,11.0642],[106.5641,11.0688],[106.5671,11.076],[106.5734,11.0793],[106.5688,11.086],[106.568,11.0858],[106.568,11.1008],[106.5619,11.1007],[106.5619,11.1166],[106.5621,11.1261],[106.5544,11.126],[106.5544,11.1332],[106.5515,11.1332],[106.551,11.1367],[106.5486,11.1377],[106.5421,11.1591],[106.5444,11.1598],[106.544,11.1665],[106.5407,11.1664],[106.5366,11.1677],[106.5341,11.1697],[106.5317,11.1736],[106.5323,11.1776],[106.5305,11.1774],[106.5273,11.1806],[106.527,11.1827],[106.5246,11.1843],[106.5234,11.1866],[106.5232,11.1908],[106.5217,11.1925],[106.5223,11.1974],[106.5196,11.2009],[106.5218,11.2055],[106.5211,11.2108],[106.5177,11.2144],[106.5182,11.2174],[106.5146,11.2215],[106.5051,11.2258],[106.5003,11.2271],[106.4975,11.2312],[106.4975,11.233]]]},"properties":{"ma_xa":"25843","ten_xa":"Tây Nam","sap_nhap":"An Tây, Thanh Tuyền (1 phần), An Lập (1 phần)","tru_so":"Khu phố Lồ ồ, phường An Tây, TP Bến Cát, tỉnh Bình Dương cũ","loai":"Phường","cap":2,"stt":47,"dtich_km2":119.8,"dan_so":56784,"matdo_km2":473.99,"ma_tinh":"79","ten_tinh":"TP. Hồ Chí Minh"}},
{"type":"Feature","geometry":{"type":"Polygon","coordinates":[[[106.6347,10.8075],[106.6303,10.8217],[106.6279,10.8247],[106.6238,10.8199],[106.6196,10.8186],[106.616,10.8195],[106.6112,10.8166],[106.6076,10.8131],[106.615,10.8093],[106.6099,10.8032],[106.6137,10.7967],[106.6165,10.7984],[106.6223,10.8006],[106.6217,10.8075],[106.6311,10.8054],[106.6328,10.8035],[106.6358,10.8038],[106.6347,10.8075]]]},"properties":{"ma_xa":"27013","ten_xa":"Tây Thạnh","sap_nhap":"Tây Thạnh, Sơn Kỳ (1 phần)","tru_so":"200/12 Nguyễn Hữu Tiến, phường Tây Thạnh, quận Tân Phú cũ và Nhà Văn hóa Lao động (cơ sở 2)","loai":"Phường","cap":2,"stt":124,"dtich_km2":3.95,"dan_so":72616,"matdo_km2":18383.8,"ma_tinh":"79","ten_tinh":"TP. Hồ Chí Minh"}},
{"type":"Feature","geometry":{"type":"Polygon","coordinates":[[[106.4569,11.0547],[106.4559,11.0561],[106.4558,11.0606],[106.4523,11.0721],[106.4515,11.0789],[106.4518,11.0822],[106.4453,11.0971],[106.447,11.0993],[106.4448,11.1044],[106.4398,11.1075],[106.4374,11.1099],[106.4338,11.1002],[106.4315,11.0983],[106.4308,11.0921],[106.426,11.0916],[106.4265,11.0844],[106.426,11.078],[106.4274,11.0748],[106.4252,11.0686],[106.4257,11.0666],[106.4228,11.0661],[106.4202,11.0633],[106.4213,11.0553],[106.4203,11.052],[106.4247,11.0473],[106.4226,11.0466],[106.4227,11.0428],[106.4204,11.0376],[106.4143,11.0331],[106.4114,11.0292],[106.4089,11.0225],[106.4095,11.018],[106.409,11.0148],[106.4113,11.013],[106.4128,11.0089],[106.4063,11.0062],[106.4052,11.0037],[106.4026,11.0032],[106.3913,10.9997],[106.3851,10.9993],[106.3807,10.9984],[106.3785,11.0001],[106.367,10.9987],[106.36,10.9953],[106.3567,10.9916],[106.3618,10.9847],[106.3697,10.9742],[106.3735,10.9695],[106.4117,10.9737],[106.426,10.963],[106.4314,10.9724],[106.4333,10.9789],[106.4283,10.9886],[106.4366,10.9943],[106.4398,10.9998],[106.4423,11.0006],[106.4493,11.0123],[106.45,11.0157],[106.4468,11.0172],[106.4448,11.0205],[106.4397,11.0231],[106.4449,11.0324],[106.4504,11.0377],[106.4545,11.0407],[106.4552,11.0486],[106.4569,11.0547]]]},"properties":{"ma_xa":"27526","ten_xa":"Thái Mỹ","sap_nhap":"Trung Lập Thượng, Phước Thạnh, Thái Mỹ","tru_so":"712 đường Phan Văn Khải, ấp Phước Hưng, xã Phước Thạnh, huyện Củ Chi cũ","loai":"Xã","cap":2,"stt":153,"dtich_km2":62.44,"dan_so":49862,"matdo_km2":798.56,"ma_tinh":"79","ten_tinh":"TP. Hồ Chí Minh"}},
{"type":"Feature","geometry":{"type":"Polygon","coordinates":[[[106.4921,11.2419],[106.4909,11.246],[106.4919,11.2488],[106.4908,11.2509],[106.4926,11.2534],[106.4885,11.2604],[106.4875,11.2635],[106.485,11.2652],[106.4834,11.2683],[106.4827,11.2727],[106.4803,11.2751],[106.4788,11.2784],[106.4783,11.2828],[106.4749,11.2929],[106.4726,11.2946],[106.4735,11.2966],[106.472,11.2984],[106.4725,11.3028],[106.4669,11.3055],[106.4687,11.3114],[106.4711,11.3135],[106.4701,11.3203],[106.4734,11.3237],[106.4726,11.326],[106.471,11.3234],[106.4671,11.3199],[106.4548,11.307],[106.4365,11.3109],[106.4216,11.3054],[106.397,11.288],[106.3923,11.2867],[106.3963,11.271],[106.3972,11.2715],[106.402,11.2672],[106.4034,11.2616],[106.4078,11.2626],[106.4092,11.2574],[106.4045,11.257],[106.3957,11.255],[106.3962,11.253],[106.3873,11.2508],[106.3843,11.2522],[106.3728,11.2493],[106.3722,11.2476],[106.3744,11.2421],[106.373,11.2411],[106.378,11.2342],[106.3783,11.2295],[106.3835,11.2285],[106.3837,11.2265],[106.3821,11.2244],[106.3798,11.2189],[106.3838,11.2151],[106.3887,11.2132],[106.3876,11.2091],[106.3867,11.2028],[106.3845,11.2005],[106.3837,11.1942],[106.3889,11.1852],[106.3943,11.1846],[106.3982,11.1817],[106.402,11.1821],[106.4049,11.1849],[106.4104,11.1828],[106.4093,11.1804],[106.4103,11.1774],[106.4099,11.1736],[106.4162,11.1744],[106.4233,11.1709],[106.4259,11.1705],[106.429,11.1743],[106.4311,11.1775],[106.4338,11.1794],[106.4319,11.1884],[106.4631,11.1952],[106.4792,11.2049],[106.4781,11.2091],[106.4735,11.2076],[106.471,11.2166],[106.467,11.2154],[106.4653,11.2198],[106.4722,11.2216],[106.4826,11.2364],[106.4921,11.2419]]]},"properties":{"ma_xa":"25807","ten_xa":"Thanh An","sap_nhap":"Thanh An, Định Hiệp (1 phần), Thanh Tuyền (1 phần), An Lập (1 phần)","tru_so":"Tổ 1, ấp Cần Giăng, xã Thanh An, huyện Dầu Tiếng, tỉnh Bình Dương cũ","loai":"Xã","cap":2,"stt":62,"dtich_km2":136.72,"dan_so":25324,"matdo_km2":185.23,"ma_tinh":"79","ten_tinh":"TP. Hồ Chí Minh"}},
{"type":"Feature","geometry":{"type":"MultiPolygon","coordinates":[[[[106.9754,10.4676],[106.978,10.4724],[106.9767,10.4733],[106.9718,10.4685],[106.9737,10.4636],[106.9738,10.4599],[106.9763,10.461],[106.9754,10.4676]]],[[[107.0249,10.5455],[107.024,10.5462],[107.0143,10.5484],[107.0115,10.5515],[107.011,10.5576],[107.0146,10.565],[107.024,10.578],[107.0266,10.5831],[107.0267,10.5887],[107.0239,10.5924],[107.0203,10.599],[107.0195,10.6037],[107.0174,10.6065],[107.0076,10.6133],[107.0068,10.6102],[107.0036,10.6108],[107.0007,10.6071],[106.9985,10.6077],[106.9965,10.6055],[106.9904,10.6048],[106.9904,10.6001],[106.9859,10.5961],[106.9872,10.5896],[106.9863,10.5852],[106.9837,10.5791],[106.9777,10.5827],[106.9741,10.5828],[106.9676,10.5901],[106.9636,10.5914],[106.9612,10.5932],[106.9556,10.5941],[106.9463,10.5973],[106.9422,10.5966],[106.9384,10.5991],[106.9358,10.5997],[106.9367,10.5968],[106.935,10.5913],[106.9325,10.5863],[106.9293,10.5851],[106.9205,10.5773],[106.9185,10.5732],[106.918,10.5693],[106.919,10.5676],[106.9222,10.5661],[106.9302,10.5649],[106.9334,10.5609],[106.9347,10.5524],[106.9332,10.548],[106.9306,10.544],[106.9238,10.5362],[106.9205,10.5317],[106.9282,10.5283],[106.9369,10.5261],[106.9429,10.5232],[106.9466,10.5191],[106.9488,10.5122],[106.9492,10.5082],[106.9492,10.499],[106.9507,10.4901],[106.9508,10.4869],[106.9492,10.4834],[106.9397,10.4749],[106.9381,10.4714],[106.9386,10.4699],[106.9447,10.4722],[106.9476,10.4722],[106.9516,10.4708],[106.9537,10.4687],[106.9562,10.4695],[106.9582,10.4671],[106.9621,10.4648],[106.9665,10.4641],[106.9675,10.4697],[106.9692,10.4758],[106.9721,10.4808],[106.9758,10.4839],[106.9768,10.4874],[106.975,10.4885],[106.9742,10.4917],[106.9747,10.4983],[106.9841,10.499],[106.9831,10.496],[106.9843,10.492],[106.9915,10.499],[106.9985,10.499],[106.9975,10.5001],[106.9977,10.5044],[107.0002,10.5071],[107.0034,10.5086],[107.0073,10.5113],[107.0116,10.5177],[107.0129,10.5215],[107.0179,10.5281],[107.0233,10.5325],[107.0272,10.5378],[107.0277,10.5403],[107.0264,10.5447],[107.0249,10.5455]]]]},"properties":{"ma_xa":"27676","ten_xa":"Thạnh An","sap_nhap":"Thạnh An","tru_so":"Trụ sở UBND xã Thạnh An cũ, tọa lạc ấp Thạnh Bình, huyện Cần Giờ cũ","loai":"Xã","cap":2,"stt":168,"dtich_km2":131.31,"dan_so":5180,"matdo_km2":39.45,"ma_tinh":"79","ten_tinh":"TP. Hồ Chí Minh"}},
{"type":"Feature","geometry":{"type":"Polygon","coordinates":[[[106.7153,10.7852],[106.7203,10.7865],[106.7241,10.789],[106.7262,10.7922],[106.7275,10.7981],[106.7265,10.8014],[106.7229,10.8066],[106.7222,10.8098],[106.7209,10.8101],[106.7175,10.8143],[106.7121,10.8094],[106.7114,10.8028],[106.71,10.7956],[106.7063,10.7916],[106.7096,10.7874],[106.7124,10.7878],[106.7153,10.7852]]]},"properties":{"ma_xa":"26956","ten_xa":"Thạnh Mỹ Tây","sap_nhap":"Phường 19, Phường 22, Phường 25","tru_so":"85/16 Phạm Viết Chánh, 85/8 Phạm Viết Chánh và 5 Phạm Viết Chánh, quận Bình Thạnh cũ","loai":"Phường","cap":2,"stt":107,"dtich_km2":4.4,"dan_so":153216,"matdo_km2":34821.82,"ma_tinh":"79","ten_tinh":"TP. Hồ Chí Minh"}},
{"type":"Feature","geometry":{"type":"Polygon","coordinates":[[[106.688,10.9013],[106.6816,10.8985],[106.6797,10.9035],[106.6707,10.9012],[106.6706,10.8979],[106.6689,10.8916],[106.6634,10.893],[106.6532,10.8918],[106.6522,10.8949],[106.6469,10.8948],[106.6472,10.8899],[106.6488,10.881],[106.6498,10.8613],[106.6509,10.8598],[106.6523,10.8607],[106.6571,10.8577],[106.6593,10.8576],[106.6628,10.8555],[106.668,10.8575],[106.6721,10.8604],[106.6735,10.8601],[106.6752,10.8568],[106.6758,10.853],[106.6763,10.8583],[106.6788,10.8677],[106.6769,10.8712],[106.677,10.876],[106.6798,10.8824],[106.6818,10.8855],[106.6849,10.8882],[106.6891,10.8963],[106.688,10.9013]]]},"properties":{"ma_xa":"26773","ten_xa":"Thới An","sap_nhap":"Thạnh Xuân, Thới An","tru_so":"Trụ sở UBND phường Thới An, quận 12 cũ","loai":"Phường","cap":2,"stt":97,"dtich_km2":14.9,"dan_so":125657,"matdo_km2":8433.36,"ma_tinh":"79","ten_tinh":"TP. Hồ Chí Minh"}},
{"type":"Feature","geometry":{"type":"Polygon","coordinates":[[[106.6555,11.133],[106.6402,11.1335],[106.6394,11.133],[106.639,11.1216],[106.6365,11.1178],[106.6346,11.1171],[106.6307,11.1184],[106.631,11.1215],[106.6304,11.1276],[106.6212,11.1269],[106.6199,11.1244],[106.6147,11.122],[106.6133,11.1266],[106.6116,11.1284],[106.6035,11.1269],[106.6036,11.1259],[106.5921,11.1246],[106.5916,11.1289],[106.5889,11.1286],[106.5861,11.1258],[106.5824,11.1234],[106.5808,11.1204],[106.5837,11.1151],[106.5874,11.1114],[106.5914,11.1095],[106.595,11.1044],[106.5969,11.1003],[106.5955,11.0947],[106.5951,11.0889],[106.5932,11.0848],[106.5908,11.083],[106.5918,11.0792],[106.5938,11.0761],[106.5964,11.0747],[106.6042,11.0721],[106.609,11.0781],[106.6136,11.0785],[106.6155,11.0831],[106.6193,11.08],[106.6268,11.0792],[106.6279,11.0762],[106.6374,11.08],[106.6586,11.0916],[106.6565,11.0971],[106.6566,11.1078],[106.6576,11.1077],[106.6589,11.1223],[106.6554,11.1236],[106.6555,11.133]]]},"properties":{"ma_xa":"25846","ten_xa":"Thới Hòa","sap_nhap":"Thới Hòa","tru_so":"Khu phố 3A, phường Thới Hoà, TP Bến Cát, tỉnh Bình Dương cũ","loai":"Phường","cap":2,"stt":167,"dtich_km2":37.93,"dan_so":79601,"matdo_km2":2098.63,"ma_tinh":"79","ten_tinh":"TP. Hồ Chí Minh"}},
{"type":"Feature","geometry":{"type":"Polygon","coordinates":[[[106.6636,10.8307],[106.6652,10.8387],[106.6648,10.845],[106.6569,10.8477],[106.6561,10.8514],[106.6509,10.8495],[106.6401,10.8443],[106.6472,10.8393],[106.6463,10.8374],[106.6556,10.836],[106.6596,10.8329],[106.6636,10.8307]]]},"properties":{"ma_xa":"26898","ten_xa":"Thông Tây Hội","sap_nhap":"Phường 8 (quận Gò Vấp), Phường 11 (quận Gò Vấp)","tru_so":"175 Nguyễn văn Khối, phường 8, quận Gò Vấp cũ","loai":"Phường","cap":2,"stt":113,"dtich_km2":3.24,"dan_so":121192,"matdo_km2":37404.94,"ma_tinh":"79","ten_tinh":"TP. Hồ Chí Minh"}},
{"type":"Feature","geometry":{"type":"Polygon","coordinates":[[[106.6893,10.9636],[106.6818,10.9671],[106.6715,10.9727],[106.6671,10.9809],[106.6655,10.9865],[106.6634,10.9905],[106.6609,10.9922],[106.6562,10.9928],[106.6478,10.9982],[106.6443,10.9967],[106.6443,10.9886],[106.6429,10.9871],[106.6434,10.981],[106.647,10.9811],[106.6488,10.9798],[106.6503,10.974],[106.6488,10.9679],[106.649,10.9635],[106.652,10.9541],[106.6521,10.9462],[106.6513,10.9422],[106.6542,10.9402],[106.6583,10.9403],[106.661,10.9462],[106.6634,10.9468],[106.6655,10.9435],[106.6683,10.944],[106.6701,10.9469],[106.666,10.9516],[106.6683,10.9521],[106.6691,10.9544],[106.6723,10.9564],[106.6728,10.9585],[106.68,10.9615],[106.6817,10.9573],[106.6857,10.9601],[106.6893,10.9636]]]},"properties":{"ma_xa":"25747","ten_xa":"Thủ Dầu Một","sap_nhap":"Phú Cường, Phú Thọ, Chánh Nghĩa, Hiệp Thành (thành phố Thủ Dầu Một, 1 phần), Chánh Mỹ (1 phần)","tru_so":"1 đường Quang Trung, khu phố 6, phường Phú Cường, TP Thủ Dầu Một, tỉnh Bình Dương cũ","loai":"Phường","cap":2,"stt":38,"dtich_km2":15.68,"dan_so":88132,"matdo_km2":5620.66,"ma_tinh":"79","ten_tinh":"TP. Hồ Chí Minh"}},
{"type":"Feature","geometry":{"type":"Polygon","coordinates":[[[106.774,10.8491],[106.7744,10.8518],[106.7729,10.8545],[106.769,10.8544],[106.7641,10.8571],[106.7609,10.861],[106.7517,10.859],[106.7486,10.8588],[106.7464,10.8602],[106.7438,10.8599],[106.7423,10.8581],[106.7425,10.8556],[106.7406,10.8492],[106.7409,10.8466],[106.7496,10.8436],[106.7487,10.84],[106.7467,10.8378],[106.7493,10.8366],[106.7473,10.8336],[106.7495,10.8319],[106.7514,10.8285],[106.7515,10.8155],[106.7512,10.813],[106.757,10.8132],[106.7595,10.8241],[106.7691,10.841],[106.774,10.8491]]]},"properties":{"ma_xa":"26824","ten_xa":"Thủ Đức","sap_nhap":"Bình Thọ, Linh Chiểu, Trường Thọ, Linh Tây (1 phần), Linh Đông (1 phần)","tru_so":"2 Nguyễn Công Trứ, phường Bình Thọ, TP Thủ Đức cũ","loai":"Phường","cap":2,"stt":130,"dtich_km2":8.81,"dan_so":118952,"matdo_km2":13501.93,"ma_tinh":"79","ten_tinh":"TP. Hồ Chí Minh"}},
{"type":"Feature","geometry":{"type":"Polygon","coordinates":[[[106.7029,10.937],[106.706,10.9413],[106.7073,10.947],[106.7061,10.9506],[106.7024,10.9516],[106.6999,10.954],[106.7017,10.9557],[106.6966,10.9601],[106.6893,10.9636],[106.6857,10.9601],[106.6817,10.9573],[106.68,10.9615],[106.6728,10.9585],[106.6723,10.9564],[106.6691,10.9544],[106.6683,10.9521],[106.666,10.9516],[106.6701,10.9469],[106.6683,10.944],[106.6655,10.9435],[106.6634,10.9468],[106.661,10.9462],[106.6583,10.9403],[106.6542,10.9402],[106.6513,10.9422],[106.65,10.9381],[106.6504,10.9338],[106.6522,10.9303],[106.6574,10.9258],[106.6623,10.9229],[106.6698,10.9208],[106.6756,10.9227],[106.6808,10.9234],[106.6804,10.9259],[106.6837,10.929],[106.6857,10.932],[106.688,10.9337],[106.6893,10.9367],[106.6922,10.9392],[106.6951,10.9394],[106.7029,10.937]]]},"properties":{"ma_xa":"25978","ten_xa":"Thuận An","sap_nhap":"Hưng Định, An Thạnh, An Sơn","tru_so":"289 đường Hưng Định 31, khu phố Hưng Thọ, phường Hưng Định, TP Thuận An, tỉnh Bình Dương cũ","loai":"Phường","cap":2,"stt":31,"dtich_km2":16.11,"dan_so":64689,"matdo_km2":4015.46,"ma_tinh":"79","ten_tinh":"TP. Hồ Chí Minh"}},
{"type":"Feature","geometry":{"type":"Polygon","coordinates":[[[106.7229,10.99],[106.719,10.9932],[106.7148,10.9951],[106.7107,10.9917],[106.7077,10.9917],[106.7072,10.9967],[106.706,10.9956],[106.6971,10.99],[106.6968,10.9872],[106.7013,10.978],[106.7007,10.9707],[106.6946,10.9668],[106.6901,10.9648],[106.6893,10.9636],[106.6966,10.9601],[106.7017,10.9557],[106.6999,10.954],[106.7024,10.9516],[106.7061,10.9506],[106.7073,10.947],[106.706,10.9413],[106.7029,10.937],[106.7062,10.9329],[106.7108,10.9322],[106.7118,10.9281],[106.7156,10.931],[106.719,10.9311],[106.7188,10.9351],[106.7235,10.9351],[106.725,10.9398],[106.7235,10.9424],[106.7268,10.9461],[106.7257,10.957],[106.7263,10.9608],[106.7251,10.9645],[106.7265,10.9669],[106.7252,10.9704],[106.7191,10.9717],[106.7161,10.9738],[106.7222,10.984],[106.7229,10.99]]]},"properties":{"ma_xa":"25969","ten_xa":"Thuận Giao","sap_nhap":"Thuận Giao, Bình Chuẩn (1 phần)","tru_so":"743, đường Thủ Khoa Huân, phường Bình Chuẩn, TP Thuận An, tỉnh Bình Dương cũ","loai":"Phường","cap":2,"stt":32,"dtich_km2":16.81,"dan_so":150781,"matdo_km2":8969.72,"ma_tinh":"79","ten_tinh":"TP. Hồ Chí Minh"}},
{"type":"Feature","geometry":{"type":"Polygon","coordinates":[[[106.9525,11.0711],[106.9522,11.073],[106.9453,11.0772],[106.945,11.0794],[106.9471,11.084],[106.9467,11.088],[106.9479,11.0907],[106.9506,11.0937],[106.9525,11.0973],[106.9586,11.0995],[106.9596,11.1016],[106.9578,11.1046],[106.9587,11.1078],[106.9656,11.1081],[106.9654,11.1117],[106.9624,11.117],[106.9583,11.1203],[106.9555,11.1265],[106.9534,11.1289],[106.9563,11.1329],[106.9569,11.1362],[106.9542,11.1385],[106.9553,11.1421],[106.9646,11.1425],[106.9667,11.1451],[106.9655,11.1488],[106.9642,11.1499],[106.9582,11.1514],[106.9555,11.1535],[106.9557,11.1586],[106.9533,11.1638],[106.948,11.1661],[106.9416,11.1673],[106.9414,11.1697],[106.9449,11.1733],[106.946,11.1762],[106.9401,11.1785],[106.9376,11.1817],[106.9354,11.1866],[106.9333,11.189],[106.9275,11.1897],[106.9241,11.1869],[106.9214,11.1888],[106.9198,11.1891],[106.9185,11.1857],[106.9171,11.1849],[106.9155,11.1782],[106.9185,11.1775],[106.9188,11.174],[106.9168,11.1714],[106.9152,11.166],[106.909,11.1672],[106.9079,11.1619],[106.9038,11.1507],[106.8985,11.1475],[106.8972,11.1445],[106.8986,11.1414],[106.9054,11.1301],[106.9072,11.1281],[106.9018,11.124],[106.8935,11.1206],[106.8876,11.1177],[106.8859,11.115],[106.8817,11.1063],[106.8801,11.1018],[106.8799,11.0956],[106.8766,11.0955],[106.8757,11.0933],[106.8665,11.0779],[106.8679,11.075],[106.8618,11.062],[106.854,11.0582],[106.8484,11.0507],[106.8436,11.0481],[106.837,11.0456],[106.8386,11.0413],[106.8407,11.0391],[106.8464,11.0358],[106.8567,11.0334],[106.8596,11.0317],[106.8658,11.0247],[106.8691,11.0216],[106.8734,11.0199],[106.8762,11.0205],[106.8881,11.0261],[106.8951,11.0278],[106.898,11.0272],[106.9028,11.0236],[106.9075,11.022],[106.9107,11.0253],[106.9114,11.0281],[106.9118,11.038],[106.9127,11.0413],[106.9145,11.043],[106.9213,11.0459],[106.9228,11.0471],[106.9232,11.0506],[106.922,11.0553],[106.9274,11.059],[106.9299,11.0625],[106.9334,11.0648],[106.936,11.0642],[106.9379,11.0623],[106.94,11.0582],[106.9416,11.0569],[106.9451,11.0571],[106.9476,11.0592],[106.9488,11.0666],[106.9525,11.0711]]]},"properties":{"ma_xa":"25909","ten_xa":"Thường Tân","sap_nhap":"Lạc An, Hiếu Liêm, Thường Tân, Tân Mỹ (1 phần)","tru_so":"Ấp 4, xã ã Lạc An, huyện Bắc Tân Uyên, tỉnh Bình Dương cũ","loai":"Xã","cap":2,"stt":52,"dtich_km2":120.7,"dan_so":21238,"matdo_km2":175.96,"ma_tinh":"79","ten_tinh":"TP. Hồ Chí Minh"}},
{"type":"Feature","geometry":{"type":"Polygon","coordinates":[[[106.5726,11.3762],[106.5702,11.3734],[106.563,11.37],[106.5556,11.3716],[106.5531,11.3731],[106.5468,11.3829],[106.541,11.3872],[106.5391,11.3879],[106.5355,11.3853],[106.5295,11.3836],[106.5298,11.3809],[106.5319,11.374],[106.543,11.3351],[106.5465,11.3356],[106.5474,11.3321],[106.5495,11.3294],[106.5437,11.3238],[106.5409,11.3228],[106.5386,11.3203],[106.5367,11.3164],[106.5411,11.3127],[106.5453,11.311],[106.5489,11.3086],[106.5535,11.302],[106.5599,11.2975],[106.5621,11.2947],[106.5674,11.2924],[106.5733,11.2932],[106.5766,11.2948],[106.5834,11.2932],[106.5862,11.2946],[106.5865,11.3052],[106.5864,11.3183],[106.6087,11.319],[106.6253,11.3187],[106.6319,11.3158],[106.6318,11.3175],[106.6447,11.3185],[106.6541,11.3108],[106.6633,11.3186],[106.6581,11.319],[106.6522,11.3251],[106.6463,11.3303],[106.6455,11.3335],[106.6457,11.3381],[106.6437,11.3414],[106.6476,11.3443],[106.6484,11.3458],[106.653,11.3489],[106.6554,11.3525],[106.659,11.3559],[106.6556,11.3568],[106.6519,11.3594],[106.647,11.359],[106.6369,11.3598],[106.6326,11.3588],[106.6256,11.3601],[106.622,11.3623],[106.6181,11.3621],[106.6161,11.3632],[106.6133,11.3764],[106.6132,11.3874],[106.5991,11.3863],[106.5921,11.3807],[106.5884,11.3817],[106.5847,11.38],[106.5809,11.38],[106.5761,11.3785],[106.5726,11.3762]]]},"properties":{"ma_xa":"25819","ten_xa":"Trừ Văn Thố","sap_nhap":"Trừ Văn Thố, Cây Trường II, Lai Uyên (thị trấn, 1 phần)","tru_so":"Ấp ông Thanh, xã Cây Trường, huyện Bàu Bàng cũ","loai":"Xã","cap":2,"stt":57,"dtich_km2":76.56,"dan_so":24533,"matdo_km2":320.44,"ma_tinh":"79","ten_tinh":"TP. Hồ Chí Minh"}},
{"type":"Feature","geometry":{"type":"Polygon","coordinates":[[[106.6153,10.8427],[106.621,10.8473],[106.6317,10.8524],[106.6376,10.8556],[106.6328,10.8588],[106.6318,10.861],[106.6368,10.8704],[106.6305,10.8742],[106.6268,10.8752],[106.6248,10.8772],[106.6194,10.8712],[106.6149,10.8703],[106.6155,10.8674],[106.6072,10.8553],[106.6153,10.8427]]]},"properties":{"ma_xa":"26785","ten_xa":"Trung Mỹ Tây","sap_nhap":"Tân Chánh Hiệp, Trung Mỹ Tây","tru_so":"Trụ sở UBND phường Trung Mỹ Tây, quận 12 cũ","loai":"Phường","cap":2,"stt":95,"dtich_km2":6.93,"dan_so":126470,"matdo_km2":18249.64,"ma_tinh":"79","ten_tinh":"TP. Hồ Chí Minh"}},
{"type":"Feature","geometry":{"type":"Polygon","coordinates":[[[106.7051,10.7524],[106.7061,10.7562],[106.7012,10.7561],[106.6969,10.7617],[106.687,10.7533],[106.6866,10.7519],[106.6903,10.752],[106.6927,10.7524],[106.7051,10.7524]]]},"properties":{"ma_xa":"27286","ten_xa":"Vĩnh Hội","sap_nhap":"Phường 1 (Quận 4), Phường 3 (Quận 4), Phường 2 (Quận 4, 1 phần), Phường 4 (Quận 4, 1 phần)","tru_so":"183 Tôn Thất Thuyết, phường 4 cũ","loai":"Phường","cap":2,"stt":72,"dtich_km2":1.17,"dan_so":63015,"matdo_km2":53858.97,"ma_tinh":"79","ten_tinh":"TP. Hồ Chí Minh"}},
{"type":"Feature","geometry":{"type":"Polygon","coordinates":[[[106.5936,10.8275],[106.5905,10.832],[106.5862,10.8331],[106.5822,10.8327],[106.5765,10.8384],[106.5758,10.8426],[106.5693,10.8428],[106.5661,10.8411],[106.5632,10.8414],[106.5624,10.8447],[106.556,10.8431],[106.5452,10.8448],[106.5448,10.8431],[106.5287,10.8475],[106.5349,10.8719],[106.5259,10.8736],[106.5201,10.8522],[106.5107,10.8148],[106.5194,10.8121],[106.5414,10.8066],[106.5403,10.8026],[106.5511,10.8035],[106.5565,10.8034],[106.5631,10.802],[106.5652,10.8047],[106.5794,10.8137],[106.5818,10.8156],[106.5904,10.8234],[106.5936,10.8275]]]},"properties":{"ma_xa":"27601","ten_xa":"Vĩnh Lộc","sap_nhap":"Vĩnh Lộc A, Phạm Văn Hai (1 phần)","tru_so":"F7/16, đường Vĩnh Lộc, ấp 67 xã Vĩnh Lộc A, huyện Bình Chánh cũ","loai":"Xã","cap":2,"stt":141,"dtich_km2":30.55,"dan_so":167521,"matdo_km2":5483.5,"ma_tinh":"79","ten_tinh":"TP. Hồ Chí Minh"}},
{"type":"Feature","geometry":{"type":"Polygon","coordinates":[[[106.7625,11.1904],[106.7586,11.1908],[106.7581,11.2105],[106.7529,11.2098],[106.7509,11.208],[106.7508,11.2052],[106.7467,11.2001],[106.7408,11.2006],[106.7348,11.1999],[106.7323,11.1973],[106.7322,11.1917],[106.7291,11.1903],[106.7247,11.1896],[106.7217,11.2028],[106.709,11.2014],[106.7036,11.2005],[106.6993,11.1967],[106.6968,11.1967],[106.6954,11.1937],[106.6908,11.1908],[106.6887,11.1875],[106.6836,11.1826],[106.6834,11.1776],[106.6793,11.162],[106.679,11.1578],[106.6801,11.1553],[106.682,11.1552],[106.6835,11.1505],[106.6832,11.1418],[106.6858,11.1338],[106.6885,11.1287],[106.6917,11.1237],[106.6935,11.1185],[106.6942,11.1139],[106.693,11.1113],[106.6925,11.1071],[106.6929,11.1027],[106.6957,11.1005],[106.6994,11.0951],[106.7008,11.0923],[106.7068,11.0881],[106.7137,11.08],[106.7182,11.0682],[106.7215,11.0654],[106.7208,11.0669],[106.7225,11.0712],[106.7266,11.0752],[106.7284,11.0797],[106.7273,11.0822],[106.7287,11.0865],[106.726,11.0945],[106.7269,11.0985],[106.7292,11.1014],[106.7346,11.105],[106.7378,11.1087],[106.7373,11.1117],[106.7381,11.115],[106.7354,11.1169],[106.7376,11.1203],[106.7339,11.1207],[106.7347,11.1234],[106.7366,11.1248],[106.7356,11.1268],[106.7371,11.1284],[106.7369,11.132],[106.7356,11.1347],[106.7327,11.1335],[106.7324,11.1364],[106.728,11.136],[106.7275,11.1384],[106.7241,11.1368],[106.7228,11.1388],[106.72,11.1391],[106.719,11.1418],[106.7162,11.1407],[106.7138,11.1371],[106.7125,11.1429],[106.7125,11.1486],[106.7219,11.1717],[106.7251,11.1803],[106.7345,11.1817],[106.7349,11.1813],[106.7533,11.1818],[106.7546,11.1842],[106.76,11.1889],[106.7625,11.1904]]]},"properties":{"ma_xa":"25912","ten_xa":"Vĩnh Tân","sap_nhap":"Vĩnh Tân, Tân Bình (thị trấn)","tru_so":"ĐT 742, khu phố 4, phường Vĩnh Tân, TP Tân Uyên, tỉnh Bình Dương cũ","loai":"Phường","cap":2,"stt":40,"dtich_km2":61.35,"dan_so":61865,"matdo_km2":1008.39,"ma_tinh":"79","ten_tinh":"TP. Hồ Chí Minh"}},
{"type":"Feature","geometry":{"type":"Polygon","coordinates":[[[107.0777,10.3846],[107.0735,10.3824],[107.072,10.3828],[107.0682,10.381],[107.0634,10.3868],[107.0583,10.3864],[107.0554,10.3812],[107.0549,10.3779],[107.0554,10.3741],[107.0579,10.3714],[107.0621,10.3683],[107.0624,10.3657],[107.0602,10.361],[107.0599,10.3576],[107.0621,10.3538],[107.0666,10.3506],[107.0698,10.3494],[107.0735,10.3459],[107.0742,10.3425],[107.0714,10.3394],[107.0715,10.3347],[107.0736,10.3311],[107.0807,10.3274],[107.0834,10.3232],[107.0865,10.3237],[107.0897,10.3321],[107.0932,10.3385],[107.0992,10.3477],[107.1013,10.3495],[107.0984,10.3508],[107.0928,10.349],[107.0755,10.3619],[107.0767,10.3702],[107.0843,10.3691],[107.0814,10.3753],[107.0816,10.3788],[107.0802,10.3813],[107.082,10.383],[107.0777,10.3846]]]},"properties":{"ma_xa":"26506","ten_xa":"Vũng Tàu","sap_nhap":"Phường 1 (thành phố Vũng Tàu), Phường 2 (thành phố Vũng Tàu), Phường 3 (thành phố Vũng Tàu), Phường 4 (thành phố Vũng Tàu), Phường 5 (thành phố Vũng Tàu), Thắng Nhì, Thắng Tam","tru_so":"87-89 Lý Thường Kiệt, phường 1, TP Vũng Tàu, tỉnh Bà Rịa - Vũng Tàu cũ","loai":"Phường","cap":2,"stt":1,"dtich_km2":16.86,"dan_so":117413,"matdo_km2":6964,"ma_tinh":"79","ten_tinh":"TP. Hồ Chí Minh"}},
{"type":"Feature","geometry":{"type":"Polygon","coordinates":[[[106.6817,10.7654],[106.6744,10.7677],[106.6775,10.7715],[106.6827,10.7758],[106.6817,10.7778],[106.6796,10.7749],[106.6671,10.7677],[106.6689,10.7599],[106.675,10.7613],[106.6817,10.7654]]]},"properties":{"ma_xa":"27190","ten_xa":"Vườn Lài","sap_nhap":"Phường 1 (Quận 10), Phường 2 (Quận 10), Phường 4 (Quận 10), Phường 9 (Quận 10), Phường 10 (Quận 10)","tru_so":"đang cập nhật","loai":"Phường","cap":2,"stt":88,"dtich_km2":1.28,"dan_so":104076,"matdo_km2":81309.38,"ma_tinh":"79","ten_tinh":"TP. Hồ Chí Minh"}},
{"type":"Feature","geometry":{"type":"Polygon","coordinates":[[[106.7158,10.7525],[106.7183,10.7531],[106.7202,10.755],[106.7221,10.7593],[106.7131,10.7633],[106.7101,10.7661],[106.7085,10.7695],[106.7031,10.7676],[106.7012,10.7653],[106.7111,10.7588],[106.7092,10.7555],[106.7099,10.7524],[106.7158,10.7525]]]},"properties":{"ma_xa":"27259","ten_xa":"Xóm Chiếu","sap_nhap":"Phường 13, Phường 16, Phường 18, Phường 15 (Quận 4, 1 phần)","tru_so":"18 Đoàn Như Hài, phường 13, quận 4 cũ","loai":"Phường","cap":2,"stt":70,"dtich_km2":1.94,"dan_so":57875,"matdo_km2":29832.47,"ma_tinh":"79","ten_tinh":"TP. Hồ Chí Minh"}},
{"type":"Feature","geometry":{"type":"Polygon","coordinates":[[[106.6948,10.7856],[106.6861,10.7925],[106.682,10.7916],[106.6816,10.7911],[106.6845,10.7844],[106.6817,10.7778],[106.6827,10.7758],[106.6848,10.7729],[106.6868,10.775],[106.6894,10.7736],[106.695,10.7796],[106.6981,10.7829],[106.6948,10.7856]]]},"properties":{"ma_xa":"27139","ten_xa":"Xuân Hòa","sap_nhap":"Võ Thị Sáu, Phường 4 (Quận 3, 1 phần)","tru_so":"99 - 99A Trần Quốc Thảo, phường Võ Thị Sáu, quận 3 cũ","loai":"Phường","cap":2,"stt":68,"dtich_km2":2.22,"dan_so":48464,"matdo_km2":21830.63,"ma_tinh":"79","ten_tinh":"TP. Hồ Chí Minh"}},
{"type":"Feature","geometry":{"type":"Polygon","coordinates":[[[107.3559,10.6719],[107.3522,10.6785],[107.3442,10.6754],[107.3383,10.6779],[107.3317,10.6774],[107.3282,10.6764],[107.3269,10.6743],[107.324,10.6731],[107.322,10.6701],[107.3198,10.6664],[107.3162,10.6662],[107.3134,10.6617],[107.3094,10.6576],[107.3071,10.6563],[107.3038,10.6582],[107.302,10.6546],[107.3044,10.6491],[107.306,10.6433],[107.2993,10.6442],[107.2995,10.6398],[107.2958,10.6392],[107.2974,10.637],[107.297,10.6329],[107.3003,10.6298],[107.3058,10.6183],[107.3049,10.6132],[107.3086,10.6122],[107.3098,10.6085],[107.3082,10.6051],[107.3055,10.6028],[107.3038,10.5993],[107.2984,10.5982],[107.2982,10.5875],[107.2967,10.586],[107.3002,10.5837],[107.3003,10.582],[107.3032,10.5806],[107.3062,10.5755],[107.3044,10.5726],[107.3038,10.5661],[107.3045,10.5635],[107.3069,10.5623],[107.312,10.5597],[107.3153,10.5563],[107.3225,10.5576],[107.3223,10.5598],[107.3267,10.5631],[107.3303,10.5608],[107.3337,10.5619],[107.335,10.5642],[107.3426,10.5681],[107.3477,10.5669],[107.3527,10.572],[107.3523,10.5742],[107.3553,10.5768],[107.3554,10.5802],[107.3589,10.5808],[107.3623,10.5826],[107.3621,10.5872],[107.3646,10.5919],[107.365,10.5945],[107.3635,10.5979],[107.359,10.5984],[107.3598,10.6008],[107.357,10.6013],[107.3552,10.605],[107.3512,10.6065],[107.3533,10.6137],[107.3561,10.612],[107.3581,10.6146],[107.356,10.6197],[107.3531,10.6221],[107.3566,10.6252],[107.356,10.6308],[107.3586,10.6353],[107.3616,10.6381],[107.3638,10.6383],[107.3661,10.6413],[107.3645,10.6463],[107.3666,10.6486],[107.3685,10.6538],[107.3645,10.6565],[107.3559,10.6719]]]},"properties":{"ma_xa":"26584","ten_xa":"Xuân Sơn","sap_nhap":"Suối Rao, Sơn Bình, Xuân Sơn","tru_so":"Tổ 10, thôn Xuân Tân, xã Xuân Sơn, huyện Châu Đức, tỉnh Bà Rịa - Vũng Tàu cũ","loai":"Xã","cap":2,"stt":17,"dtich_km2":73.81,"dan_so":27368,"matdo_km2":370.79,"ma_tinh":"79","ten_tinh":"TP. Hồ Chí Minh"}},
{"type":"Feature","geometry":{"type":"Polygon","coordinates":[[[106.563,10.9182],[106.561,10.9171],[106.5369,10.916],[106.5088,10.9195],[106.4956,10.9209],[106.5036,10.9166],[106.5058,10.9159],[106.5314,10.9027],[106.5328,10.8997],[106.5316,10.8957],[106.5259,10.8736],[106.5349,10.8719],[106.5411,10.8707],[106.5579,10.8683],[106.5661,10.8715],[106.5718,10.8699],[106.577,10.8654],[106.5767,10.8612],[106.5774,10.8598],[106.581,10.8576],[106.5835,10.8577],[106.589,10.8592],[106.5921,10.8616],[106.5952,10.8626],[106.598,10.8581],[106.6018,10.8575],[106.6042,10.8555],[106.6062,10.8569],[106.6013,10.8638],[106.5839,10.8885],[106.5862,10.889],[106.5889,10.8923],[106.5756,10.9003],[106.563,10.9182]]]},"properties":{"ma_xa":"27577","ten_xa":"Xuân Thới Sơn","sap_nhap":"Tân Thới Nhì, Xuân Thới Đông, Xuân Thới Sơn","tru_so":"Trụ sở Đảng ủy - HĐND - UBND xã Xuân Thới Sơn cũ","loai":"Xã","cap":2,"stt":160,"dtich_km2":35.21,"dan_so":103643,"matdo_km2":2943.57,"ma_tinh":"79","ten_tinh":"TP. Hồ Chí Minh"}},
{"type":"Feature","geometry":{"type":"Polygon","coordinates":[[[107.5003,10.6066],[107.4967,10.605],[107.4948,10.6057],[107.4924,10.6087],[107.4941,10.6115],[107.4777,10.6112],[107.4761,10.61],[107.4775,10.6033],[107.4791,10.6011],[107.4756,10.5955],[107.4736,10.5913],[107.4734,10.5863],[107.4725,10.5824],[107.4669,10.5792],[107.4649,10.577],[107.4573,10.5771],[107.4442,10.5766],[107.4444,10.5784],[107.4397,10.5786],[107.4386,10.5835],[107.4337,10.5829],[107.4293,10.5858],[107.4284,10.5877],[107.4253,10.5872],[107.4243,10.5889],[107.4203,10.5888],[107.4197,10.5876],[107.4152,10.5894],[107.4132,10.5892],[107.4105,10.588],[107.4097,10.5851],[107.4077,10.5847],[107.4032,10.5816],[107.4029,10.5773],[107.4014,10.5771],[107.4017,10.5727],[107.4046,10.5709],[107.4068,10.5708],[107.4107,10.566],[107.4103,10.5609],[107.4092,10.5593],[107.4078,10.5542],[107.4093,10.551],[107.4135,10.5465],[107.4167,10.5444],[107.4157,10.5399],[107.4192,10.5367],[107.4217,10.536],[107.424,10.5315],[107.4236,10.5249],[107.4393,10.5107],[107.4509,10.499],[107.4608,10.4893],[107.4634,10.493],[107.4667,10.4962],[107.4707,10.4983],[107.476,10.499],[107.4837,10.4966],[107.4872,10.4971],[107.498,10.5009],[107.5004,10.4996],[107.5077,10.5008],[107.5077,10.5026],[107.5098,10.5426],[107.5094,10.548],[107.5084,10.5509],[107.5088,10.5534],[107.512,10.5559],[107.5156,10.5573],[107.5186,10.56],[107.5175,10.5626],[107.5126,10.5669],[107.5112,10.5732],[107.5118,10.5805],[107.511,10.5856],[107.5088,10.5886],[107.5062,10.5903],[107.5043,10.5944],[107.5029,10.5953],[107.5045,10.6005],[107.5025,10.6044],[107.5003,10.6066]]]},"properties":{"ma_xa":"26632","ten_xa":"Xuyên Mộc","sap_nhap":"Bông Trang, Bưng Riềng, Xuyên Mộc","tru_so":"Quốc lộ 55, ấp Trang Hoàng, xã Bông Trang, huyện Xuyên Mộc, tỉnh Bà Rịa - Vũng Tàu cũ","loai":"Xã","cap":2,"stt":20,"dtich_km2":102.96,"dan_so":26917,"matdo_km2":261.43,"ma_tinh":"79","ten_tinh":"TP. Hồ Chí Minh"}}
]}