{"type":"FeatureCollection", "features": [
{"type":"Feature","geometry":{"type":"Polygon","coordinates":[[[106.1217,20.6179],[106.1183,20.6171],[106.1035,20.6178],[106.0963,20.6156],[106.0921,20.6137],[106.0883,20.611],[106.084,20.6064],[106.0815,20.6047],[106.0769,20.6031],[106.0706,20.6034],[106.0652,20.6047],[106.0616,20.6063],[106.0607,20.6015],[106.0573,20.5995],[106.0578,20.5963],[106.0602,20.5964],[106.0599,20.5929],[106.0608,20.5907],[106.0678,20.5806],[106.0729,20.5753],[106.0699,20.5736],[106.0733,20.5689],[106.0713,20.5675],[106.0702,20.564],[106.0703,20.5564],[106.0718,20.5526],[106.0743,20.5508],[106.0751,20.5538],[106.0792,20.5503],[106.0799,20.5519],[106.0854,20.5515],[106.0867,20.5554],[106.0888,20.5575],[106.0897,20.5661],[106.0963,20.566],[106.0963,20.5672],[106.1018,20.5673],[106.1028,20.571],[106.0993,20.5709],[106.0989,20.575],[106.0996,20.5813],[106.1012,20.5814],[106.1012,20.5858],[106.1069,20.5861],[106.1073,20.5838],[106.1105,20.5843],[106.1175,20.5801],[106.1213,20.5843],[106.1297,20.5848],[106.1298,20.5963],[106.1288,20.605],[106.1253,20.6146],[106.1217,20.6179]]]},"properties":{"ma_xa":"13579","ten_xa":"Bắc Lý","sap_nhap":"Chân Lý, Đạo Lý, Bắc Lý","tru_so":"đang cập nhật","loai":"Xã","cap":2,"stt":44,"dtich_km2":31.17,"dan_so":30984,"matdo_km2":994.03,"ma_tinh":"37","ten_tinh":"Ninh Bình"}},
{"type":"Feature","geometry":{"type":"Polygon","coordinates":[[[106.0965,20.517],[106.0973,20.522],[106.0972,20.5278],[106.0964,20.53],[106.0926,20.533],[106.0898,20.534],[106.0846,20.5336],[106.0754,20.5266],[106.0699,20.5245],[106.0623,20.5285],[106.0563,20.5309],[106.0477,20.5329],[106.0436,20.5328],[106.0427,20.5316],[106.0347,20.5289],[106.034,20.5243],[106.0339,20.5128],[106.0338,20.5034],[106.0354,20.5012],[106.0338,20.4976],[106.0334,20.4937],[106.0314,20.4911],[106.0304,20.4879],[106.0333,20.482],[106.0316,20.4801],[106.0313,20.4785],[106.0333,20.4721],[106.0321,20.467],[106.031,20.4556],[106.0298,20.4508],[106.0298,20.4464],[106.0373,20.4464],[106.0424,20.4502],[106.0414,20.4574],[106.0427,20.4626],[106.0433,20.469],[106.044,20.4705],[106.0475,20.4725],[106.056,20.4732],[106.0596,20.4716],[106.0632,20.4668],[106.0661,20.4651],[106.0719,20.4682],[106.0749,20.4682],[106.0746,20.4737],[106.0788,20.473],[106.084,20.4796],[106.0872,20.4817],[106.0868,20.488],[106.0809,20.487],[106.0771,20.4915],[106.0783,20.4959],[106.0752,20.5018],[106.0737,20.5017],[106.0735,20.5067],[106.067,20.5067],[106.0667,20.5096],[106.0771,20.5102],[106.0808,20.5132],[106.0839,20.5133],[106.0912,20.5149],[106.0965,20.517]]]},"properties":{"ma_xa":"13540","ten_xa":"Bình An","sap_nhap":"Trung Lương, Ngọc Lũ, Bình An","tru_so":"đang cập nhật","loai":"Xã","cap":2,"stt":34,"dtich_km2":37.76,"dan_so":38881,"matdo_km2":1029.69,"ma_tinh":"37","ten_tinh":"Ninh Bình"}},
{"type":"Feature","geometry":{"type":"Polygon","coordinates":[[[106.1418,20.5082],[106.1419,20.514],[106.14,20.5208],[106.1382,20.5229],[106.1337,20.5225],[106.1283,20.5177],[106.1173,20.5098],[106.1146,20.5088],[106.1078,20.5087],[106.1014,20.5095],[106.0972,20.5119],[106.0965,20.517],[106.0912,20.5149],[106.0839,20.5133],[106.0808,20.5132],[106.0771,20.5102],[106.0667,20.5096],[106.067,20.5067],[106.0735,20.5067],[106.0737,20.5017],[106.0752,20.5018],[106.0783,20.4959],[106.0771,20.4915],[106.0809,20.487],[106.0868,20.488],[106.0872,20.4817],[106.084,20.4796],[106.0788,20.473],[106.0746,20.4737],[106.0749,20.4682],[106.0767,20.4633],[106.0797,20.4613],[106.0821,20.4619],[106.0848,20.4656],[106.0867,20.4639],[106.0889,20.4592],[106.092,20.4565],[106.1004,20.4551],[106.105,20.4641],[106.1054,20.4675],[106.104,20.4715],[106.0981,20.4786],[106.0997,20.4809],[106.1027,20.4818],[106.1018,20.4848],[106.0997,20.4863],[106.1023,20.4893],[106.1097,20.4902],[106.113,20.4927],[106.1153,20.4967],[106.1228,20.4963],[106.1266,20.4971],[106.1287,20.4995],[106.1305,20.499],[106.1348,20.4952],[106.1404,20.4946],[106.1418,20.5082]]]},"properties":{"ma_xa":"13531","ten_xa":"Bình Giang","sap_nhap":"Bồ Đề, Vũ Bản, An Ninh","tru_so":"đang cập nhật","loai":"Xã","cap":2,"stt":35,"dtich_km2":24.15,"dan_so":24343,"matdo_km2":1007.99,"ma_tinh":"37","ten_tinh":"Ninh Bình"}},
{"type":"Feature","geometry":{"type":"Polygon","coordinates":[[[106.0288,20.5717],[106.0289,20.5761],[106.0277,20.5779],[106.0231,20.5805],[106.0182,20.5819],[106.0132,20.5824],[106.0051,20.5821],[106.0028,20.5778],[106.0032,20.5732],[106.0024,20.572],[106.0029,20.5696],[106.0059,20.5641],[106.0041,20.56],[106.0024,20.5595],[106.0002,20.5622],[105.9951,20.5638],[105.9946,20.5589],[105.9904,20.5588],[105.9898,20.555],[105.9832,20.5529],[105.9825,20.5505],[105.989,20.5433],[105.988,20.5416],[105.9898,20.5398],[105.995,20.5381],[105.9991,20.539],[105.9993,20.5357],[105.9974,20.5356],[105.9972,20.5305],[105.9989,20.531],[105.9982,20.5255],[105.9993,20.5226],[106.0066,20.5237],[106.0139,20.5238],[106.0164,20.5216],[106.0177,20.5174],[106.0196,20.5147],[106.0227,20.5155],[106.0244,20.5122],[106.0339,20.5128],[106.034,20.5243],[106.0347,20.5289],[106.0351,20.5317],[106.0318,20.5348],[106.0298,20.5386],[106.0276,20.5462],[106.0269,20.5581],[106.0272,20.5631],[106.0288,20.5717]]]},"properties":{"ma_xa":"13504","ten_xa":"Bình Lục","sap_nhap":"Bình Nghĩa, Tràng An, Đồng Du","tru_so":"đang cập nhật","loai":"Xã","cap":2,"stt":32,"dtich_km2":23.97,"dan_so":35225,"matdo_km2":1469.55,"ma_tinh":"37","ten_tinh":"Ninh Bình"}},
{"type":"Feature","geometry":{"type":"Polygon","coordinates":[[[106.105,19.9999],[106.0983,20.002],[106.0867,20],[106.0838,20.0243],[106.0719,20.0206],[106.0635,20.0174],[106.0612,20.0179],[106.0604,20.0166],[106.0533,20.0052],[106.0514,20.0034],[106.0464,20.0011],[106.0377,20.0011],[106.0331,19.9996],[106.028,19.9943],[106.0254,19.989],[106.024,19.9826],[106.0243,19.9752],[106.0253,19.9656],[106.0254,19.9597],[106.0294,19.9623],[106.0312,19.9601],[106.0405,19.9693],[106.0427,19.9728],[106.0513,19.9846],[106.0565,19.9804],[106.0586,19.978],[106.0674,19.9662],[106.0691,19.9646],[106.0734,19.9642],[106.0791,19.9669],[106.0886,19.9754],[106.0913,19.9674],[106.0907,19.9648],[106.0948,19.9639],[106.0948,19.969],[106.0969,19.9786],[106.1003,19.9885],[106.105,19.9999]]]},"properties":{"ma_xa":"14623","ten_xa":"Bình Minh","sap_nhap":"Bình Minh (thị trấn), Cồn Thoi, Kim Mỹ","tru_so":"đang cập nhật","loai":"Xã","cap":2,"stt":30,"dtich_km2":34.44,"dan_so":31090,"matdo_km2":902.73,"ma_tinh":"37","ten_tinh":"Ninh Bình"}},
{"type":"Feature","geometry":{"type":"Polygon","coordinates":[[[106.0339,20.5128],[106.0244,20.5122],[106.0227,20.5155],[106.0196,20.5147],[106.0177,20.5174],[106.0164,20.5216],[106.0139,20.5238],[106.0066,20.5237],[105.9993,20.5226],[105.9978,20.5195],[105.9924,20.5173],[105.9892,20.517],[105.9885,20.5128],[105.9844,20.497],[105.9843,20.4923],[105.9808,20.4917],[105.9809,20.488],[105.9809,20.484],[105.9843,20.4837],[105.9844,20.4806],[105.9868,20.4783],[105.9872,20.4751],[105.9844,20.4734],[105.9847,20.4658],[105.9839,20.4591],[105.9851,20.4589],[105.986,20.4546],[105.9907,20.4518],[105.991,20.4499],[105.9949,20.4503],[105.997,20.4492],[106.0052,20.4491],[106.0051,20.4508],[106.0091,20.4506],[106.0085,20.4484],[106.0109,20.4472],[106.0132,20.4513],[106.0174,20.4537],[106.0131,20.466],[106.0097,20.4662],[106.0102,20.4772],[106.0131,20.482],[106.0187,20.4823],[106.0214,20.4857],[106.0302,20.4823],[106.0316,20.4801],[106.0333,20.482],[106.0304,20.4879],[106.0314,20.4911],[106.0334,20.4937],[106.0338,20.4976],[106.0354,20.5012],[106.0338,20.5034],[106.0339,20.5128]]]},"properties":{"ma_xa":"13501","ten_xa":"Bình Mỹ","sap_nhap":"Bình Mỹ (thị trấn), Đồn Xá, La Sơ","tru_so":"đang cập nhật","loai":"Xã","cap":2,"stt":33,"dtich_km2":30.28,"dan_so":33253,"matdo_km2":1098.18,"ma_tinh":"37","ten_tinh":"Ninh Bình"}},
{"type":"Feature","geometry":{"type":"Polygon","coordinates":[[[106.0316,20.4801],[106.0302,20.4823],[106.0214,20.4857],[106.0187,20.4823],[106.0131,20.482],[106.0102,20.4772],[106.0097,20.4662],[106.0131,20.466],[106.0174,20.4537],[106.0132,20.4513],[106.0109,20.4472],[106.0085,20.4484],[106.0091,20.4506],[106.0051,20.4508],[106.0052,20.4491],[105.997,20.4492],[105.9949,20.4503],[105.991,20.4499],[105.9886,20.4477],[105.9884,20.4456],[105.9837,20.4442],[105.9818,20.4407],[105.9822,20.4313],[105.9862,20.4318],[105.9875,20.429],[105.9941,20.4294],[105.9949,20.4275],[105.993,20.4257],[105.991,20.4185],[105.99,20.4171],[105.9911,20.4107],[105.9895,20.4106],[105.9894,20.4039],[105.9912,20.4037],[105.9927,20.4003],[105.9969,20.3979],[105.9956,20.3954],[106.0018,20.3963],[106.0005,20.3998],[106.0047,20.4025],[106.0134,20.3995],[106.0211,20.4027],[106.0283,20.4019],[106.0245,20.4057],[106.0242,20.4099],[106.0213,20.4112],[106.0201,20.4134],[106.0204,20.4177],[106.0236,20.4228],[106.0238,20.4287],[106.0251,20.433],[106.0285,20.4367],[106.0304,20.4409],[106.0288,20.445],[106.0298,20.4464],[106.0298,20.4508],[106.031,20.4556],[106.0321,20.467],[106.0333,20.4721],[106.0313,20.4785],[106.0316,20.4801]]]},"properties":{"ma_xa":"13558","ten_xa":"Bình Sơn","sap_nhap":"Tiêu Động, An Lão, An Đổ","tru_so":"đang cập nhật","loai":"Xã","cap":2,"stt":36,"dtich_km2":28.06,"dan_so":32475,"matdo_km2":1157.34,"ma_tinh":"37","ten_tinh":"Ninh Bình"}},
{"type":"Feature","geometry":{"type":"Polygon","coordinates":[[[106.3251,20.2792],[106.3227,20.279],[106.317,20.2819],[106.3141,20.2821],[106.3102,20.2786],[106.3078,20.2774],[106.3031,20.2766],[106.3005,20.2734],[106.2975,20.2721],[106.2922,20.2718],[106.2915,20.2674],[106.2871,20.2667],[106.2852,20.269],[106.2835,20.2687],[106.2804,20.2643],[106.2766,20.2644],[106.2748,20.2677],[106.2722,20.2691],[106.271,20.2666],[106.2675,20.2658],[106.2662,20.2677],[106.2648,20.279],[106.2592,20.2788],[106.2578,20.2828],[106.2552,20.2808],[106.2489,20.2801],[106.2496,20.2753],[106.2471,20.2755],[106.2453,20.2703],[106.242,20.2678],[106.2433,20.2652],[106.243,20.2622],[106.2439,20.2569],[106.2433,20.2543],[106.2535,20.2491],[106.2559,20.2506],[106.2599,20.251],[106.264,20.2497],[106.2703,20.2447],[106.2739,20.2398],[106.2762,20.238],[106.2812,20.237],[106.2851,20.2383],[106.295,20.2455],[106.3018,20.2495],[106.3114,20.2569],[106.3186,20.2637],[106.3215,20.2686],[106.3251,20.2792]]]},"properties":{"ma_xa":"14056","ten_xa":"Cát Thành","sap_nhap":"Cát Thành (thị trấn), Việt Hùng, Trực Đạo","tru_so":"đang cập nhật","loai":"Xã","cap":2,"stt":67,"dtich_km2":23.07,"dan_so":39035,"matdo_km2":1692.02,"ma_tinh":"37","ten_tinh":"Ninh Bình"}},
{"type":"Feature","geometry":{"type":"Polygon","coordinates":[[[106.1631,20.1241],[106.1604,20.1276],[106.1405,20.1565],[106.1306,20.15],[106.1276,20.1475],[106.1303,20.1436],[106.1231,20.1384],[106.121,20.1426],[106.1153,20.1522],[106.1138,20.1515],[106.1084,20.1492],[106.1143,20.1395],[106.1238,20.1219],[106.142,20.0875],[106.1449,20.087],[106.1456,20.0926],[106.1489,20.1026],[106.1531,20.1105],[106.1571,20.1182],[106.1631,20.1241]]]},"properties":{"ma_xa":"14653","ten_xa":"Chất Bình","sap_nhap":"Xuân Chính, Hồi Ninh, Chất Bình","tru_so":"đang cập nhật","loai":"Xã","cap":2,"stt":24,"dtich_km2":18.6,"dan_so":17237,"matdo_km2":926.72,"ma_tinh":"37","ten_tinh":"Ninh Bình"}},
{"type":"Feature","geometry":{"type":"Polygon","coordinates":[[[105.9128,20.5293],[105.9048,20.5289],[105.9038,20.5274],[105.8968,20.5283],[105.8941,20.5277],[105.889,20.5188],[105.89,20.5177],[105.8841,20.5137],[105.883,20.5164],[105.8772,20.517],[105.8786,20.5122],[105.8733,20.5094],[105.8649,20.5093],[105.863,20.5061],[105.8626,20.5037],[105.8642,20.5012],[105.8625,20.4988],[105.8631,20.4971],[105.8625,20.4921],[105.8679,20.4931],[105.8721,20.4979],[105.878,20.4989],[105.8788,20.4947],[105.8802,20.4928],[105.8829,20.4928],[105.8861,20.4907],[105.8887,20.4909],[105.8901,20.4876],[105.9081,20.4891],[105.9084,20.4846],[105.9126,20.4845],[105.9148,20.4869],[105.9167,20.4888],[105.9165,20.4928],[105.9191,20.4941],[105.9185,20.4985],[105.916,20.4983],[105.916,20.5017],[105.918,20.5018],[105.917,20.5112],[105.9139,20.5108],[105.9123,20.5132],[105.9093,20.514],[105.9116,20.5176],[105.9131,20.5237],[105.9128,20.5293]]]},"properties":{"ma_xa":"13318","ten_xa":"Châu Sơn","sap_nhap":"Thanh Tuyền, Châu Sơn, Kiện Khê (thị trấn)","tru_so":"đang cập nhật","loai":"Phường","cap":2,"stt":109,"dtich_km2":17.45,"dan_so":33348,"matdo_km2":1911.06,"ma_tinh":"37","ten_tinh":"Ninh Bình"}},
{"type":"Feature","geometry":{"type":"Polygon","coordinates":[[[106.2922,20.2718],[106.2916,20.2739],[106.2928,20.277],[106.29,20.2811],[106.2865,20.2898],[106.2854,20.2906],[106.2846,20.2962],[106.2835,20.2984],[106.2805,20.3001],[106.2816,20.3026],[106.2912,20.3082],[106.2906,20.3098],[106.2847,20.3161],[106.2854,20.3169],[106.2804,20.3234],[106.2825,20.3254],[106.2784,20.3297],[106.2705,20.3267],[106.265,20.3267],[106.2571,20.3158],[106.2514,20.3129],[106.2509,20.3103],[106.2525,20.3073],[106.2563,20.3037],[106.2626,20.2992],[106.2667,20.2948],[106.2682,20.2922],[106.2619,20.289],[106.261,20.2854],[106.2578,20.2828],[106.2592,20.2788],[106.2648,20.279],[106.2662,20.2677],[106.2675,20.2658],[106.271,20.2666],[106.2722,20.2691],[106.2748,20.2677],[106.2766,20.2644],[106.2804,20.2643],[106.2835,20.2687],[106.2852,20.269],[106.2871,20.2667],[106.2915,20.2674],[106.2922,20.2718]]]},"properties":{"ma_xa":"14026","ten_xa":"Cổ Lễ","sap_nhap":"Cổ Lễ (thị trấn), Trung Đông, Trực Tuấn","tru_so":"đang cập nhật","loai":"Xã","cap":2,"stt":65,"dtich_km2":18.33,"dan_so":40163,"matdo_km2":2191.11,"ma_tinh":"37","ten_tinh":"Ninh Bình"}},
{"type":"Feature","geometry":{"type":"Polygon","coordinates":[[[105.6429,20.3386],[105.6393,20.3391],[105.6347,20.344],[105.6272,20.3466],[105.6232,20.3444],[105.6217,20.345],[105.6169,20.3506],[105.6147,20.3515],[105.6098,20.3562],[105.6057,20.3591],[105.6035,20.359],[105.6008,20.3628],[105.5938,20.3652],[105.5895,20.3659],[105.5816,20.3697],[105.5804,20.3695],[105.5767,20.3647],[105.571,20.3595],[105.5669,20.3593],[105.5634,20.3577],[105.5593,20.3587],[105.5561,20.3584],[105.5541,20.3602],[105.5471,20.3622],[105.5457,20.3609],[105.5428,20.3615],[105.5447,20.352],[105.5505,20.3468],[105.549,20.3379],[105.5476,20.3351],[105.5493,20.3336],[105.5515,20.3291],[105.5545,20.3275],[105.5568,20.3294],[105.5602,20.3271],[105.5626,20.3273],[105.5649,20.3241],[105.5634,20.3217],[105.5633,20.3166],[105.5654,20.3155],[105.5704,20.3185],[105.5773,20.3134],[105.5785,20.3118],[105.586,20.3115],[105.5935,20.3139],[105.5996,20.3118],[105.6035,20.308],[105.6112,20.2968],[105.6099,20.2928],[105.6202,20.282],[105.6242,20.2816],[105.6277,20.2792],[105.6328,20.2786],[105.6349,20.2774],[105.6406,20.2779],[105.6508,20.2734],[105.6507,20.2716],[105.6567,20.2673],[105.6607,20.2627],[105.6622,20.2625],[105.6651,20.2585],[105.6686,20.2562],[105.6706,20.2534],[105.6691,20.2504],[105.6712,20.2474],[105.6727,20.2482],[105.6776,20.2475],[105.6788,20.2436],[105.678,20.2418],[105.6815,20.2382],[105.6821,20.2353],[105.6895,20.2316],[105.6935,20.2309],[105.6947,20.2326],[105.7023,20.2303],[105.7125,20.2297],[105.7146,20.2326],[105.7217,20.2295],[105.7267,20.2346],[105.7319,20.236],[105.7389,20.2342],[105.7388,20.2397],[105.7363,20.2419],[105.7365,20.2485],[105.7348,20.2541],[105.7408,20.2535],[105.7432,20.2558],[105.7489,20.2565],[105.7522,20.2633],[105.7559,20.2665],[105.7525,20.2698],[105.7577,20.2758],[105.7587,20.2787],[105.7623,20.2804],[105.7683,20.2842],[105.766,20.2869],[105.7668,20.2892],[105.7643,20.2919],[105.7607,20.2935],[105.7558,20.2901],[105.7552,20.2912],[105.7464,20.2904],[105.7461,20.286],[105.7426,20.2848],[105.7369,20.2886],[105.7392,20.29],[105.7374,20.2927],[105.7343,20.2923],[105.7325,20.289],[105.7274,20.2831],[105.7252,20.2846],[105.7201,20.2804],[105.719,20.2826],[105.7141,20.2867],[105.7148,20.2877],[105.7131,20.292],[105.7091,20.2929],[105.7062,20.2949],[105.7053,20.2977],[105.7004,20.2989],[105.7011,20.3018],[105.6986,20.3029],[105.6978,20.3048],[105.6925,20.309],[105.6925,20.3106],[105.6886,20.3062],[105.6857,20.3051],[105.6758,20.3056],[105.6735,20.3093],[105.6706,20.309],[105.6653,20.3147],[105.6656,20.3163],[105.6585,20.3219],[105.6523,20.3254],[105.6492,20.328],[105.6491,20.3294],[105.646,20.3332],[105.6429,20.3386]]]},"properties":{"ma_xa":"14404","ten_xa":"Cúc Phương","sap_nhap":"Văn Phương, Cúc Phương","tru_so":"đang cập nhật","loai":"Xã","cap":2,"stt":11,"dtich_km2":132.68,"dan_so":8650,"matdo_km2":65.19,"ma_tinh":"37","ten_tinh":"Ninh Bình"}},
{"type":"Feature","geometry":{"type":"Polygon","coordinates":[[[105.8577,20.3501],[105.8549,20.3506],[105.853,20.3464],[105.8568,20.3461],[105.8524,20.3385],[105.8482,20.3333],[105.8485,20.3309],[105.8444,20.3299],[105.8383,20.3245],[105.8355,20.3229],[105.8367,20.3187],[105.8479,20.3076],[105.8482,20.3027],[105.8547,20.3012],[105.8635,20.2999],[105.8668,20.3027],[105.8714,20.3019],[105.8735,20.2997],[105.8751,20.2946],[105.8807,20.2901],[105.8865,20.2898],[105.8894,20.2913],[105.8955,20.2963],[105.8992,20.2999],[105.9019,20.3052],[105.8973,20.3084],[105.8987,20.3102],[105.8957,20.3127],[105.8948,20.3154],[105.8964,20.3198],[105.8918,20.3247],[105.8899,20.3236],[105.8819,20.3302],[105.8805,20.3288],[105.8748,20.3344],[105.8743,20.3362],[105.8711,20.3374],[105.8588,20.3457],[105.8577,20.3501]]]},"properties":{"ma_xa":"14500","ten_xa":"Đại Hoàng","sap_nhap":"Tiến Thắng (huyện Gia Viễn), Gia Phương, Gia Trung","tru_so":"đang cập nhật","loai":"Xã","cap":2,"stt":2,"dtich_km2":23.75,"dan_so":23848,"matdo_km2":1004.13,"ma_tinh":"37","ten_tinh":"Ninh Bình"}},
{"type":"Feature","geometry":{"type":"Polygon","coordinates":[[[106.0962,20.0499],[106.0884,20.0601],[106.0794,20.071],[106.0749,20.0673],[106.0763,20.0657],[106.0759,20.0628],[106.0735,20.0513],[106.0709,20.0476],[106.0661,20.0372],[106.0663,20.0332],[106.0612,20.0179],[106.0635,20.0174],[106.0719,20.0206],[106.0838,20.0243],[106.0867,20],[106.0983,20.002],[106.105,19.9999],[106.1104,20.0144],[106.1118,20.0207],[106.1133,20.0349],[106.1096,20.0349],[106.1033,20.0306],[106.1025,20.0377],[106.0962,20.0499]]]},"properties":{"ma_xa":"14677","ten_xa":"Định Hóa","sap_nhap":"Văn Hải, Kim Tân, Định Hóa","tru_so":"đang cập nhật","loai":"Xã","cap":2,"stt":29,"dtich_km2":21.44,"dan_so":24438,"matdo_km2":1139.83,"ma_tinh":"37","ten_tinh":"Ninh Bình"}},
{"type":"Feature","geometry":{"type":"Polygon","coordinates":[[[106.1404,20.4946],[106.1348,20.4952],[106.1305,20.499],[106.1287,20.4995],[106.1266,20.4971],[106.1228,20.4963],[106.1153,20.4967],[106.113,20.4927],[106.1097,20.4902],[106.1023,20.4893],[106.1107,20.4796],[106.1129,20.4774],[106.1162,20.4784],[106.1189,20.469],[106.12,20.4635],[106.1179,20.4616],[106.1285,20.4528],[106.1329,20.4466],[106.1347,20.4462],[106.1423,20.4468],[106.1427,20.4437],[106.1414,20.4422],[106.1382,20.4415],[106.1379,20.4342],[106.1346,20.4325],[106.1265,20.4315],[106.1227,20.43],[106.1183,20.4307],[106.1177,20.4256],[106.1228,20.4265],[106.1307,20.4227],[106.1325,20.4205],[106.1315,20.4186],[106.1312,20.4148],[106.134,20.4116],[106.1344,20.416],[106.1356,20.4204],[106.1392,20.426],[106.1447,20.4261],[106.1473,20.4302],[106.1578,20.4278],[106.1603,20.4283],[106.163,20.4344],[106.1543,20.4376],[106.1562,20.4403],[106.152,20.4441],[106.1506,20.4464],[106.1506,20.4501],[106.1485,20.4497],[106.1504,20.4553],[106.1534,20.4567],[106.1521,20.4607],[106.1522,20.4676],[106.1497,20.4686],[106.1451,20.4692],[106.1422,20.472],[106.1398,20.4767],[106.1387,20.4812],[106.139,20.486],[106.1404,20.4946]]]},"properties":{"ma_xa":"13693","ten_xa":"Đông A","sap_nhap":"Lộc Hòa, Mỹ Thắng, Mỹ Hà","tru_so":"đang cập nhật","loai":"Phường","cap":2,"stt":124,"dtich_km2":22.07,"dan_so":31802,"matdo_km2":1440.96,"ma_tinh":"37","ten_tinh":"Ninh Bình"}},
{"type":"Feature","geometry":{"type":"Polygon","coordinates":[[[106.0375,20.2238],[106.0314,20.2301],[106.0291,20.2361],[106.0309,20.2399],[106.0365,20.2411],[106.0454,20.2406],[106.0488,20.2426],[106.0495,20.2443],[106.0489,20.249],[106.0444,20.2543],[106.0406,20.2554],[106.033,20.2519],[106.0285,20.2505],[106.0196,20.2498],[106.0103,20.2505],[106.0078,20.2468],[106.0061,20.2481],[106.0046,20.2435],[106.0008,20.2434],[106,20.2391],[105.9967,20.233],[105.9942,20.2267],[105.9885,20.2144],[105.9887,20.2117],[105.9861,20.2075],[105.9859,20.2051],[105.9877,20.1983],[105.9907,20.1968],[105.9976,20.1945],[106.0057,20.1931],[106.008,20.1932],[106.0151,20.1954],[106.0173,20.1956],[106.0198,20.1976],[106.0197,20.1994],[106.0237,20.2053],[106.0257,20.2036],[106.0339,20.2159],[106.0314,20.2171],[106.0375,20.2238]]]},"properties":{"ma_xa":"14566","ten_xa":"Đông Hoa Lư","sap_nhap":"Ninh Phúc, Khánh Hòa, Khánh Phú, Khánh An","tru_so":"đang cập nhật","loai":"Phường","cap":2,"stt":101,"dtich_km2":25.62,"dan_so":34414,"matdo_km2":1343.25,"ma_tinh":"37","ten_tinh":"Ninh Bình"}},
{"type":"Feature","geometry":{"type":"Polygon","coordinates":[[[106.0006,20.1321],[105.9999,20.1342],[105.9958,20.1374],[105.9913,20.1354],[105.986,20.1358],[105.9698,20.1361],[105.9683,20.1354],[105.9676,20.1305],[105.9652,20.13],[105.9656,20.1273],[105.9674,20.124],[105.9675,20.1184],[105.9665,20.1162],[105.9624,20.1187],[105.9586,20.1146],[105.9518,20.1174],[105.9492,20.1124],[105.9482,20.1169],[105.9458,20.1188],[105.9427,20.1177],[105.9379,20.1186],[105.9341,20.1163],[105.9297,20.1151],[105.9285,20.1132],[105.9308,20.1118],[105.9291,20.1048],[105.9246,20.1014],[105.9301,20.0906],[105.9401,20.0835],[105.9469,20.0745],[105.9522,20.0741],[105.9545,20.0719],[105.9597,20.0654],[105.9679,20.0662],[105.9717,20.066],[105.9743,20.0674],[105.9774,20.0666],[105.9827,20.0688],[105.9889,20.0684],[105.9936,20.0688],[105.9965,20.0679],[106.0017,20.0668],[106.0115,20.0656],[106.0111,20.0679],[106.015,20.0696],[106.0139,20.0712],[106.0133,20.077],[106.0111,20.0817],[106.0071,20.0925],[106.0072,20.094],[106.0046,20.0973],[106.0012,20.1041],[106.001,20.1064],[105.9981,20.1066],[105.9963,20.1084],[105.9983,20.1105],[106.0029,20.1121],[106.003,20.1158],[105.9968,20.1214],[105.9988,20.1256],[106.0006,20.1321]]]},"properties":{"ma_xa":"14746","ten_xa":"Đồng Thái","sap_nhap":"Yên Đồng (huyện Yên Mô), Yên Thành, Yên Thái","tru_so":"đang cập nhật","loai":"Xã","cap":2,"stt":23,"dtich_km2":47.6,"dan_so":24049,"matdo_km2":505.23,"ma_tinh":"37","ten_tinh":"Ninh Bình"}},
{"type":"Feature","geometry":{"type":"Polygon","coordinates":[[[106.1734,20.2551],[106.169,20.2648],[106.1588,20.282],[106.1634,20.2838],[106.1593,20.2922],[106.1553,20.2969],[106.1535,20.3032],[106.1477,20.3109],[106.1439,20.3047],[106.1416,20.2974],[106.1416,20.2926],[106.1436,20.2846],[106.1439,20.2797],[106.1424,20.2738],[106.1397,20.2701],[106.137,20.2684],[106.1329,20.2676],[106.1237,20.2692],[106.1184,20.2692],[106.1146,20.2665],[106.1097,20.2609],[106.1002,20.2535],[106.0979,20.2503],[106.0976,20.2458],[106.1008,20.2369],[106.102,20.2274],[106.1032,20.2227],[106.1053,20.2181],[106.109,20.2161],[106.1128,20.2165],[106.1303,20.2217],[106.1297,20.2311],[106.1322,20.2328],[106.1287,20.2412],[106.1241,20.249],[106.1359,20.2556],[106.1411,20.2477],[106.1577,20.2527],[106.1615,20.2545],[106.1701,20.2564],[106.1734,20.2551]]]},"properties":{"ma_xa":"13900","ten_xa":"Đồng Thịnh","sap_nhap":"Hoàng Nam, Đồng Thịnh","tru_so":"đang cập nhật","loai":"Xã","cap":2,"stt":91,"dtich_km2":30.45,"dan_so":30888,"matdo_km2":1014.38,"ma_tinh":"37","ten_tinh":"Ninh Bình"}},
{"type":"Feature","geometry":{"type":"Polygon","coordinates":[[[105.958,20.6508],[105.9503,20.6528],[105.9466,20.6542],[105.9444,20.6564],[105.9434,20.6632],[105.946,20.6661],[105.9468,20.6686],[105.9469,20.6761],[105.9456,20.6796],[105.9433,20.682],[105.938,20.6805],[105.9321,20.6799],[105.9195,20.6752],[105.919,20.6745],[105.9211,20.6707],[105.9283,20.6715],[105.9283,20.6683],[105.9331,20.6683],[105.9331,20.6569],[105.9262,20.6563],[105.9241,20.655],[105.9179,20.655],[105.9179,20.6431],[105.915,20.6407],[105.9188,20.6373],[105.9214,20.6284],[105.9331,20.6311],[105.9344,20.6266],[105.9388,20.6276],[105.9395,20.6245],[105.9438,20.6255],[105.941,20.6368],[105.9439,20.6374],[105.9443,20.6398],[105.9518,20.6382],[105.9517,20.6341],[105.9611,20.6334],[105.9612,20.6287],[105.9632,20.6269],[105.9656,20.6255],[105.9675,20.6279],[105.974,20.6299],[105.9724,20.6349],[105.9744,20.6355],[105.9726,20.6417],[105.977,20.6461],[105.9664,20.6479],[105.958,20.6508]]]},"properties":{"ma_xa":"13348","ten_xa":"Đồng Văn","sap_nhap":"Bạch Thượng, Yên Bắc, Đồng Văn","tru_so":"đang cập nhật","loai":"Phường","cap":2,"stt":113,"dtich_km2":18.88,"dan_so":34484,"matdo_km2":1826.48,"ma_tinh":"37","ten_tinh":"Ninh Bình"}},
{"type":"Feature","geometry":{"type":"Polygon","coordinates":[[[105.9395,20.6245],[105.9388,20.6276],[105.9344,20.6266],[105.9331,20.6311],[105.9214,20.6284],[105.9188,20.6373],[105.915,20.6407],[105.9179,20.6431],[105.9179,20.655],[105.9241,20.655],[105.9262,20.6563],[105.9331,20.6569],[105.9331,20.6683],[105.9283,20.6683],[105.9283,20.6715],[105.9211,20.6707],[105.919,20.6745],[105.9174,20.6743],[105.9076,20.6687],[105.9054,20.6684],[105.9056,20.6647],[105.9032,20.6645],[105.8986,20.6684],[105.8961,20.6688],[105.8958,20.6661],[105.8965,20.6517],[105.8914,20.6482],[105.8944,20.6442],[105.8973,20.6394],[105.9007,20.641],[105.9044,20.6408],[105.906,20.6349],[105.9041,20.6326],[105.9119,20.6195],[105.9142,20.6204],[105.916,20.6184],[105.9223,20.62],[105.9232,20.6208],[105.9395,20.6245]]]},"properties":{"ma_xa":"13336","ten_xa":"Duy Hà","sap_nhap":"Duy Minh, Duy Hải, Hoàng Đông (1 phần)","tru_so":"đang cập nhật","loai":"Phường","cap":2,"stt":114,"dtich_km2":15.46,"dan_so":24310,"matdo_km2":1572.45,"ma_tinh":"37","ten_tinh":"Ninh Bình"}},
{"type":"Feature","geometry":{"type":"Polygon","coordinates":[[[106.0352,20.658],[106.0364,20.6631],[106.0375,20.6717],[106.0363,20.678],[106.0351,20.6805],[106.028,20.6919],[106.024,20.6965],[106.0128,20.7026],[106.0049,20.7037],[106.0032,20.7036],[106.0023,20.7015],[105.9957,20.6974],[105.998,20.6923],[105.9918,20.6892],[105.994,20.6832],[105.9961,20.6814],[105.9975,20.6784],[105.9945,20.6772],[105.9923,20.6786],[105.9927,20.6814],[105.9886,20.6825],[105.9848,20.6805],[105.9785,20.6738],[105.979,20.6717],[105.9775,20.6658],[105.9691,20.6652],[105.964,20.6637],[105.9604,20.6613],[105.9578,20.6586],[105.9569,20.656],[105.958,20.6508],[105.9664,20.6479],[105.977,20.6461],[105.9816,20.6459],[105.9861,20.645],[105.9905,20.6409],[105.9939,20.6334],[105.9965,20.6326],[105.9955,20.643],[105.9964,20.6463],[106.0022,20.6481],[106.0062,20.6485],[106.0043,20.6428],[106.0094,20.6439],[106.0132,20.6525],[106.0159,20.6566],[106.0313,20.6566],[106.0352,20.658]]]},"properties":{"ma_xa":"13330","ten_xa":"Duy Tân","sap_nhap":"Châu Giang, Mộc Hoàn, Hòa Mạc (1 phần)","tru_so":"đang cập nhật","loai":"Phường","cap":2,"stt":112,"dtich_km2":28.86,"dan_so":28299,"matdo_km2":980.56,"ma_tinh":"37","ten_tinh":"Ninh Bình"}},
{"type":"Feature","geometry":{"type":"Polygon","coordinates":[[[106.0336,20.653],[106.0352,20.658],[106.0313,20.6566],[106.0159,20.6566],[106.0132,20.6525],[106.0094,20.6439],[106.0043,20.6428],[106.0062,20.6485],[106.0022,20.6481],[105.9964,20.6463],[105.9955,20.643],[105.9965,20.6326],[105.9939,20.6334],[105.9905,20.6409],[105.9861,20.645],[105.9816,20.6459],[105.977,20.6461],[105.9726,20.6417],[105.9744,20.6355],[105.9724,20.6349],[105.974,20.6299],[105.9675,20.6279],[105.9656,20.6255],[105.9632,20.6269],[105.9625,20.6239],[105.9647,20.6235],[105.9637,20.6207],[105.9644,20.6127],[105.966,20.6117],[105.9687,20.6066],[105.9698,20.5995],[105.9691,20.5971],[105.9809,20.5968],[105.9808,20.6],[105.984,20.6074],[105.9886,20.6136],[105.9915,20.6202],[105.9947,20.6254],[105.9969,20.627],[106.0001,20.6261],[106.0019,20.6205],[106.0042,20.6173],[106.0073,20.6154],[106.0125,20.6143],[106.0175,20.6148],[106.0267,20.6181],[106.0329,20.6184],[106.0409,20.6187],[106.0435,20.62],[106.0437,20.6223],[106.0364,20.6311],[106.0334,20.6381],[106.0325,20.6452],[106.0336,20.653]]]},"properties":{"ma_xa":"13324","ten_xa":"Duy Tiên","sap_nhap":"Chuyên Ngoại, Trác Văn, Yên Nam, Hòa Mạc (1 phần)","tru_so":"đang cập nhật","loai":"Phường","cap":2,"stt":111,"dtich_km2":28.93,"dan_so":39957,"matdo_km2":1381.16,"ma_tinh":"37","ten_tinh":"Ninh Bình"}},
{"type":"Feature","geometry":{"type":"Polygon","coordinates":[[[105.8347,20.423],[105.8303,20.4253],[105.829,20.4302],[105.8249,20.4296],[105.8267,20.425],[105.8287,20.4232],[105.8288,20.4175],[105.8264,20.4191],[105.8234,20.4181],[105.8209,20.4205],[105.8187,20.417],[105.815,20.4173],[105.8122,20.4191],[105.8095,20.4186],[105.808,20.4155],[105.8042,20.4155],[105.8052,20.4107],[105.8025,20.4066],[105.7945,20.4058],[105.7983,20.4006],[105.8061,20.3961],[105.8065,20.3924],[105.8033,20.3867],[105.8036,20.3845],[105.8083,20.3815],[105.8134,20.3791],[105.8145,20.3758],[105.8143,20.3698],[105.8074,20.3643],[105.7988,20.3533],[105.8006,20.3503],[105.8064,20.3484],[105.8083,20.3471],[105.8092,20.3443],[105.8094,20.3393],[105.8112,20.3352],[105.8157,20.3328],[105.8176,20.3357],[105.8168,20.3444],[105.8221,20.3472],[105.8228,20.3496],[105.8251,20.3514],[105.8315,20.3495],[105.8316,20.3511],[105.8359,20.3507],[105.8363,20.3569],[105.8381,20.362],[105.8407,20.366],[105.8439,20.3653],[105.8453,20.3679],[105.8434,20.371],[105.838,20.3735],[105.8408,20.3856],[105.8369,20.3874],[105.8391,20.3932],[105.8369,20.3948],[105.836,20.3976],[105.8394,20.3983],[105.8389,20.405],[105.8416,20.406],[105.8373,20.4104],[105.8375,20.4127],[105.836,20.4158],[105.8364,20.4182],[105.8336,20.4209],[105.8347,20.423]]]},"properties":{"ma_xa":"14482","ten_xa":"Gia Hưng","sap_nhap":"Liên Sơn (huyện Gia Viễn), Gia Phú, Gia Hưng","tru_so":"đang cập nhật","loai":"Xã","cap":2,"stt":3,"dtich_km2":28.37,"dan_so":21669,"matdo_km2":763.8,"ma_tinh":"37","ten_tinh":"Ninh Bình"}},
{"type":"Feature","geometry":{"type":"Polygon","coordinates":[[[105.8209,20.4205],[105.8214,20.4223],[105.8188,20.4254],[105.8149,20.4248],[105.8077,20.4291],[105.7986,20.4393],[105.7935,20.448],[105.7925,20.4543],[105.7875,20.4531],[105.7887,20.4477],[105.7865,20.4448],[105.7827,20.4368],[105.7748,20.4348],[105.7738,20.4405],[105.7673,20.4409],[105.7661,20.4396],[105.7618,20.4398],[105.7605,20.4415],[105.7548,20.4411],[105.7517,20.4387],[105.7531,20.4294],[105.7554,20.4238],[105.7568,20.4179],[105.7592,20.4165],[105.7589,20.4146],[105.7554,20.4144],[105.7525,20.4127],[105.7535,20.4097],[105.7522,20.4075],[105.7528,20.405],[105.7548,20.4034],[105.756,20.399],[105.7534,20.3989],[105.755,20.3948],[105.7546,20.3881],[105.756,20.3843],[105.7581,20.3834],[105.7594,20.3798],[105.7621,20.3798],[105.7633,20.3776],[105.7655,20.3771],[105.7672,20.3727],[105.7721,20.3703],[105.7794,20.3717],[105.7807,20.3729],[105.7841,20.3724],[105.7811,20.3659],[105.7823,20.3644],[105.7871,20.3637],[105.7892,20.3663],[105.7941,20.3658],[105.7905,20.3703],[105.7911,20.374],[105.7873,20.3775],[105.7801,20.3791],[105.7774,20.3826],[105.78,20.3839],[105.7826,20.3868],[105.7875,20.3868],[105.7901,20.3892],[105.7952,20.3858],[105.7983,20.3856],[105.8033,20.3867],[105.8065,20.3924],[105.8061,20.3961],[105.7983,20.4006],[105.7945,20.4058],[105.8025,20.4066],[105.8052,20.4107],[105.8042,20.4155],[105.808,20.4155],[105.8095,20.4186],[105.8122,20.4191],[105.815,20.4173],[105.8187,20.417],[105.8209,20.4205]]]},"properties":{"ma_xa":"14389","ten_xa":"Gia Lâm","sap_nhap":"Gia Sơn, Xích Thổ, Gia Lâm","tru_so":"đang cập nhật","loai":"Xã","cap":2,"stt":8,"dtich_km2":37.61,"dan_so":20189,"matdo_km2":536.8,"ma_tinh":"37","ten_tinh":"Ninh Bình"}},
{"type":"Feature","geometry":{"type":"Polygon","coordinates":[[[105.8482,20.3027],[105.8479,20.3076],[105.8367,20.3187],[105.8355,20.3229],[105.8286,20.3282],[105.8249,20.3268],[105.8236,20.3223],[105.8207,20.3203],[105.8184,20.3213],[105.8154,20.3248],[105.8131,20.3239],[105.812,20.3216],[105.8075,20.3224],[105.8065,20.321],[105.8006,20.3178],[105.8004,20.3162],[105.802,20.3081],[105.8044,20.308],[105.8055,20.2996],[105.8096,20.2975],[105.8108,20.2941],[105.8105,20.2904],[105.8086,20.2884],[105.8155,20.2864],[105.8153,20.2843],[105.8185,20.2807],[105.8197,20.2765],[105.8211,20.275],[105.8238,20.2754],[105.8315,20.2726],[105.8366,20.2754],[105.8391,20.2815],[105.8377,20.2854],[105.8376,20.2902],[105.841,20.2952],[105.8436,20.2968],[105.8482,20.3027]]]},"properties":{"ma_xa":"14524","ten_xa":"Gia Phong","sap_nhap":"Gia Lạc, Gia Minh, Gia Phong","tru_so":"đang cập nhật","loai":"Xã","cap":2,"stt":4,"dtich_km2":18.53,"dan_so":13034,"matdo_km2":703.4,"ma_tinh":"37","ten_tinh":"Ninh Bình"}},
{"type":"Feature","geometry":{"type":"Polygon","coordinates":[[[105.9348,20.368],[105.9305,20.3669],[105.9252,20.3631],[105.9203,20.3638],[105.9168,20.3727],[105.9117,20.376],[105.9091,20.3754],[105.9094,20.3727],[105.9045,20.3734],[105.9033,20.3719],[105.8985,20.3754],[105.898,20.3786],[105.8923,20.3831],[105.8933,20.3864],[105.8922,20.3879],[105.8886,20.3889],[105.8883,20.3865],[105.8899,20.3835],[105.8843,20.3792],[105.8859,20.3763],[105.8886,20.3755],[105.8903,20.3725],[105.8886,20.3693],[105.8909,20.3683],[105.8944,20.3686],[105.8978,20.361],[105.9023,20.357],[105.9058,20.3527],[105.9076,20.3534],[105.9115,20.3493],[105.9112,20.3462],[105.9188,20.3441],[105.9198,20.3421],[105.9233,20.3413],[105.9271,20.3427],[105.9309,20.3343],[105.9282,20.3343],[105.9279,20.331],[105.9253,20.3293],[105.9272,20.3243],[105.9361,20.3274],[105.9368,20.3299],[105.9425,20.3331],[105.9467,20.3362],[105.9497,20.3399],[105.9532,20.3485],[105.9541,20.3525],[105.9535,20.3545],[105.9495,20.3556],[105.9424,20.3548],[105.9377,20.3563],[105.9368,20.3593],[105.9371,20.364],[105.9348,20.368]]]},"properties":{"ma_xa":"14494","ten_xa":"Gia Trấn","sap_nhap":"Gia Thanh, Gia Xuân, Gia Trấn","tru_so":"đang cập nhật","loai":"Xã","cap":2,"stt":6,"dtich_km2":18.76,"dan_so":20619,"matdo_km2":1099.09,"ma_tinh":"37","ten_tinh":"Ninh Bình"}},
{"type":"Feature","geometry":{"type":"Polygon","coordinates":[[[105.8033,20.3867],[105.7983,20.3856],[105.7952,20.3858],[105.7901,20.3892],[105.7875,20.3868],[105.7826,20.3868],[105.78,20.3839],[105.7774,20.3826],[105.7801,20.3791],[105.7873,20.3775],[105.7911,20.374],[105.7905,20.3703],[105.7941,20.3658],[105.7892,20.3663],[105.7871,20.3637],[105.7823,20.3644],[105.7811,20.3659],[105.7841,20.3724],[105.7807,20.3729],[105.7794,20.3717],[105.7721,20.3703],[105.7672,20.3727],[105.7655,20.3771],[105.7633,20.3776],[105.7621,20.3798],[105.7594,20.3798],[105.7582,20.3757],[105.7589,20.3743],[105.756,20.3715],[105.7572,20.3672],[105.7564,20.3648],[105.7574,20.3627],[105.7557,20.3612],[105.7583,20.356],[105.7594,20.3508],[105.7576,20.3499],[105.7582,20.3466],[105.7622,20.3469],[105.7643,20.3507],[105.7717,20.3472],[105.7757,20.3492],[105.7796,20.3459],[105.779,20.3443],[105.7812,20.3413],[105.7814,20.3382],[105.7833,20.3366],[105.7824,20.3302],[105.7802,20.3285],[105.781,20.3237],[105.7842,20.3216],[105.7845,20.3197],[105.7847,20.3162],[105.787,20.3136],[105.7929,20.3171],[105.8006,20.3178],[105.8065,20.321],[105.8075,20.3224],[105.8084,20.3235],[105.8081,20.3279],[105.8089,20.3299],[105.8117,20.3317],[105.8112,20.3352],[105.8094,20.3393],[105.8092,20.3443],[105.8083,20.3471],[105.8064,20.3484],[105.8006,20.3503],[105.7988,20.3533],[105.8074,20.3643],[105.8143,20.3698],[105.8145,20.3758],[105.8134,20.3791],[105.8083,20.3815],[105.8036,20.3845],[105.8033,20.3867]]]},"properties":{"ma_xa":"14401","ten_xa":"Gia Tường","sap_nhap":"Gia Thủy, Đức Long, Gia Tường","tru_so":"đang cập nhật","loai":"Xã","cap":2,"stt":9,"dtich_km2":27.09,"dan_so":19489,"matdo_km2":719.42,"ma_tinh":"37","ten_tinh":"Ninh Bình"}},
{"type":"Feature","geometry":{"type":"Polygon","coordinates":[[[105.8843,20.3792],[105.8827,20.3784],[105.8737,20.3769],[105.8721,20.3808],[105.8669,20.3804],[105.8662,20.3752],[105.8665,20.3722],[105.8684,20.3649],[105.8708,20.361],[105.8673,20.3532],[105.8608,20.3555],[105.8577,20.3501],[105.8588,20.3457],[105.8711,20.3374],[105.8743,20.3362],[105.8748,20.3344],[105.8805,20.3288],[105.8819,20.3302],[105.8899,20.3236],[105.8918,20.3247],[105.8964,20.3198],[105.8948,20.3154],[105.8957,20.3127],[105.8987,20.3102],[105.8973,20.3084],[105.9019,20.3052],[105.9059,20.3128],[105.9103,20.3181],[105.9171,20.3201],[105.9272,20.3243],[105.9253,20.3293],[105.9279,20.331],[105.9282,20.3343],[105.9309,20.3343],[105.9271,20.3427],[105.9233,20.3413],[105.9198,20.3421],[105.9188,20.3441],[105.9112,20.3462],[105.9115,20.3493],[105.9076,20.3534],[105.9058,20.3527],[105.9023,20.357],[105.8978,20.361],[105.8944,20.3686],[105.8909,20.3683],[105.8886,20.3693],[105.8903,20.3725],[105.8886,20.3755],[105.8859,20.3763],[105.8843,20.3792]]]},"properties":{"ma_xa":"14488","ten_xa":"Gia Vân","sap_nhap":"Gia Lập, Gia Vân, Gia Tân (1 phần)","tru_so":"đang cập nhật","loai":"Xã","cap":2,"stt":5,"dtich_km2":26.94,"dan_so":25920,"matdo_km2":962.14,"ma_tinh":"37","ten_tinh":"Ninh Bình"}},
{"type":"Feature","geometry":{"type":"Polygon","coordinates":[[[105.8886,20.3889],[105.8861,20.3922],[105.8795,20.3981],[105.8777,20.4023],[105.8744,20.4073],[105.8688,20.4095],[105.8682,20.4118],[105.8656,20.4148],[105.8652,20.4175],[105.8629,20.4185],[105.8581,20.4262],[105.8533,20.4238],[105.8494,20.4235],[105.8489,20.422],[105.8415,20.4203],[105.8369,20.421],[105.8347,20.423],[105.8336,20.4209],[105.8364,20.4182],[105.836,20.4158],[105.8375,20.4127],[105.8373,20.4104],[105.8416,20.406],[105.8389,20.405],[105.8394,20.3983],[105.836,20.3976],[105.8369,20.3948],[105.8391,20.3932],[105.8369,20.3874],[105.8408,20.3856],[105.838,20.3735],[105.8434,20.371],[105.8453,20.3679],[105.8439,20.3653],[105.8407,20.366],[105.8381,20.362],[105.8363,20.3569],[105.8359,20.3507],[105.8316,20.3511],[105.8315,20.3495],[105.8251,20.3514],[105.8228,20.3496],[105.8221,20.3472],[105.8168,20.3444],[105.8176,20.3357],[105.8157,20.3328],[105.8112,20.3352],[105.8117,20.3317],[105.8089,20.3299],[105.8081,20.3279],[105.8084,20.3235],[105.8075,20.3224],[105.812,20.3216],[105.8131,20.3239],[105.8154,20.3248],[105.8184,20.3213],[105.8207,20.3203],[105.8236,20.3223],[105.8249,20.3268],[105.8286,20.3282],[105.8355,20.3229],[105.8383,20.3245],[105.8444,20.3299],[105.8485,20.3309],[105.8482,20.3333],[105.8524,20.3385],[105.8568,20.3461],[105.853,20.3464],[105.8549,20.3506],[105.8577,20.3501],[105.8608,20.3555],[105.8673,20.3532],[105.8708,20.361],[105.8684,20.3649],[105.8665,20.3722],[105.8662,20.3752],[105.8669,20.3804],[105.8721,20.3808],[105.8737,20.3769],[105.8827,20.3784],[105.8843,20.3792],[105.8899,20.3835],[105.8883,20.3865],[105.8886,20.3889]]]},"properties":{"ma_xa":"14464","ten_xa":"Gia Viễn","sap_nhap":"Thịnh Vượng (thị trấn), Gia Hòa","tru_so":"đang cập nhật","loai":"Xã","cap":2,"stt":1,"dtich_km2":39.8,"dan_so":28921,"matdo_km2":726.66,"ma_tinh":"37","ten_tinh":"Ninh Bình"}},
{"type":"Feature","geometry":{"type":"Polygon","coordinates":[[[106.3999,20.2618],[106.3914,20.2642],[106.3894,20.2603],[106.3864,20.2613],[106.3855,20.2587],[106.375,20.2587],[106.3707,20.2607],[106.37,20.2532],[106.368,20.249],[106.3678,20.2454],[106.3704,20.245],[106.3868,20.2465],[106.3891,20.2464],[106.3881,20.2422],[106.3861,20.2398],[106.3875,20.2341],[106.3861,20.2325],[106.3868,20.2289],[106.396,20.2232],[106.3936,20.2208],[106.4041,20.2086],[106.4048,20.2051],[106.4097,20.2067],[106.4201,20.2066],[106.4286,20.2077],[106.4358,20.2108],[106.4372,20.2129],[106.4361,20.2147],[106.4208,20.2353],[106.4194,20.2365],[106.4156,20.2472],[106.4128,20.2452],[106.4073,20.2511],[106.404,20.2499],[106.3999,20.2607],[106.3999,20.2618]]]},"properties":{"ma_xa":"14194","ten_xa":"Giao Bình","sap_nhap":"Giao Yến, Bạch Long, Giao Tân","tru_so":"đang cập nhật","loai":"Xã","cap":2,"stt":89,"dtich_km2":21.75,"dan_so":26708,"matdo_km2":1227.95,"ma_tinh":"37","ten_tinh":"Ninh Bình"}},
{"type":"Feature","geometry":{"type":"Polygon","coordinates":[[[106.5074,20.2089],[106.5154,20.2107],[106.524,20.2138],[106.5283,20.2163],[106.5303,20.221],[106.5328,20.2225],[106.5366,20.2229],[106.54,20.2246],[106.5419,20.2268],[106.5443,20.2315],[106.5478,20.2433],[106.5473,20.249],[106.5454,20.2523],[106.5451,20.255],[106.5432,20.256],[106.5317,20.2677],[106.5216,20.2775],[106.5209,20.2765],[106.5033,20.2607],[106.5006,20.2586],[106.4931,20.2659],[106.4915,20.2686],[106.4939,20.2706],[106.4987,20.2803],[106.4984,20.2824],[106.5038,20.2825],[106.5041,20.2895],[106.5039,20.2993],[106.5005,20.309],[106.4955,20.3069],[106.492,20.303],[106.4862,20.2963],[106.4815,20.2933],[106.4756,20.2909],[106.4683,20.2893],[106.4611,20.2891],[106.4545,20.2899],[106.4528,20.2861],[106.4603,20.2782],[106.4815,20.2571],[106.4783,20.2544],[106.4951,20.2369],[106.5064,20.2244],[106.5086,20.2198],[106.5119,20.2187],[106.5129,20.2142],[106.5087,20.211],[106.5074,20.2089]]]},"properties":{"ma_xa":"14182","ten_xa":"Giao Hoà","sap_nhap":"Hồng Thuận, Giao An, Giao Lạc","tru_so":"đang cập nhật","loai":"Xã","cap":2,"stt":85,"dtich_km2":29.62,"dan_so":41717,"matdo_km2":1408.41,"ma_tinh":"37","ten_tinh":"Ninh Bình"}},
{"type":"Feature","geometry":{"type":"Polygon","coordinates":[[[106.4345,20.2724],[106.4308,20.2786],[106.4289,20.2781],[106.4292,20.2744],[106.4269,20.274],[106.4253,20.2702],[106.4203,20.2723],[106.4171,20.27],[106.4161,20.2666],[106.4128,20.2679],[106.4044,20.2663],[106.4049,20.2648],[106.4001,20.2631],[106.3999,20.2618],[106.3999,20.2607],[106.404,20.2499],[106.4073,20.2511],[106.4128,20.2452],[106.4156,20.2472],[106.4194,20.2365],[106.4208,20.2353],[106.4361,20.2147],[106.4372,20.2129],[106.4391,20.2088],[106.4404,20.202],[106.4504,20.2028],[106.4529,20.2087],[106.455,20.2105],[106.463,20.2125],[106.4608,20.2172],[106.4544,20.2248],[106.4577,20.2267],[106.4522,20.2343],[106.4503,20.2333],[106.4408,20.2442],[106.446,20.245],[106.4479,20.2425],[106.4534,20.2462],[106.4394,20.2653],[106.4345,20.2724]]]},"properties":{"ma_xa":"14179","ten_xa":"Giao Hưng","sap_nhap":"Giao Nhân, Giao Long, Giao Châu","tru_so":"đang cập nhật","loai":"Xã","cap":2,"stt":88,"dtich_km2":21.74,"dan_so":27985,"matdo_km2":1287.26,"ma_tinh":"37","ten_tinh":"Ninh Bình"}},
{"type":"Feature","geometry":{"type":"MultiPolygon","coordinates":[[[[106.5371,20.1965],[106.5351,20.195],[106.545,20.1926],[106.5518,20.193],[106.5518,20.194],[106.5457,20.1949],[106.5396,20.1975],[106.5371,20.1965]]],[[[106.5678,20.2005],[106.5682,20.203],[106.5606,20.198],[106.5602,20.1956],[106.5678,20.2005]]],[[[106.5963,20.2279],[106.5948,20.233],[106.593,20.2349],[106.5891,20.2359],[106.5878,20.2337],[106.592,20.2309],[106.5937,20.2263],[106.5932,20.2217],[106.5909,20.2164],[106.5922,20.2154],[106.5957,20.2232],[106.5963,20.2279]]],[[[106.5765,20.2685],[106.5658,20.277],[106.5629,20.2798],[106.5554,20.2883],[106.5515,20.2922],[106.5435,20.299],[106.5376,20.305],[106.5313,20.3139],[106.5277,20.3162],[106.5247,20.3157],[106.5143,20.3097],[106.508,20.3086],[106.5005,20.309],[106.5039,20.2993],[106.5041,20.2895],[106.5038,20.2825],[106.4984,20.2824],[106.4987,20.2803],[106.4939,20.2706],[106.4915,20.2686],[106.4931,20.2659],[106.5006,20.2586],[106.5033,20.2607],[106.5209,20.2765],[106.5216,20.2775],[106.5317,20.2677],[106.5432,20.256],[106.5451,20.255],[106.5454,20.2523],[106.5473,20.249],[106.5478,20.2433],[106.5443,20.2315],[106.5419,20.2268],[106.54,20.2246],[106.5366,20.2229],[106.5328,20.2225],[106.5303,20.221],[106.5283,20.2163],[106.524,20.2138],[106.5154,20.2107],[106.5074,20.2089],[106.493,20.21],[106.4699,20.2125],[106.463,20.2125],[106.455,20.2105],[106.4529,20.2087],[106.4504,20.2028],[106.46,20.2036],[106.4681,20.1989],[106.4812,20.1955],[106.4852,20.1953],[106.5129,20.1961],[106.5144,20.1943],[106.5179,20.1949],[106.5227,20.197],[106.5281,20.1985],[106.531,20.2003],[106.5327,20.1993],[106.5357,20.2014],[106.5363,20.2052],[106.5387,20.2038],[106.5389,20.2011],[106.5472,20.201],[106.5557,20.2016],[106.564,20.2035],[106.5723,20.2101],[106.5791,20.2136],[106.5831,20.2162],[106.5845,20.2201],[106.5859,20.2317],[106.5825,20.2396],[106.5809,20.2486],[106.5789,20.2517],[106.5828,20.2543],[106.5797,20.2593],[106.574,20.2663],[106.5765,20.2685]]]]},"properties":{"ma_xa":"14161","ten_xa":"Giao Minh","sap_nhap":"Giao Thiện, Giao Hương, Giao Thanh","tru_so":"đang cập nhật","loai":"Xã","cap":2,"stt":84,"dtich_km2":27.74,"dan_so":29261,"matdo_km2":1054.83,"ma_tinh":"37","ten_tinh":"Ninh Bình"}},
{"type":"Feature","geometry":{"type":"Polygon","coordinates":[[[106.4048,20.2051],[106.4041,20.2086],[106.3936,20.2208],[106.396,20.2232],[106.3868,20.2289],[106.3861,20.2325],[106.3875,20.2341],[106.3861,20.2398],[106.3881,20.2422],[106.3891,20.2464],[106.3868,20.2465],[106.3704,20.245],[106.3678,20.2454],[106.3675,20.243],[106.3654,20.2393],[106.3621,20.2325],[106.3575,20.2278],[106.3542,20.223],[106.3517,20.2183],[106.3517,20.2095],[106.3508,20.2064],[106.3515,20.2036],[106.3555,20.1988],[106.3567,20.1957],[106.3564,20.1891],[106.3534,20.1872],[106.3517,20.184],[106.3532,20.177],[106.3556,20.1765],[106.3598,20.1775],[106.3623,20.1799],[106.3662,20.1809],[106.3716,20.1848],[106.3848,20.1922],[106.3855,20.1957],[106.3895,20.1991],[106.3933,20.1996],[106.3959,20.2009],[106.4042,20.2021],[106.4048,20.2051]]]},"properties":{"ma_xa":"14212","ten_xa":"Giao Ninh","sap_nhap":"Quất Lâm (thị trấn), Giao Phong, Giao Thịnh","tru_so":"đang cập nhật","loai":"Xã","cap":2,"stt":90,"dtich_km2":25.81,"dan_so":33777,"matdo_km2":1308.68,"ma_tinh":"37","ten_tinh":"Ninh Bình"}},
{"type":"Feature","geometry":{"type":"Polygon","coordinates":[[[106.4783,20.2544],[106.4698,20.2441],[106.4655,20.2483],[106.4684,20.2498],[106.4614,20.2588],[106.4445,20.2795],[106.4405,20.2762],[106.4381,20.2732],[106.4345,20.2724],[106.4394,20.2653],[106.4534,20.2462],[106.4479,20.2425],[106.446,20.245],[106.4408,20.2442],[106.4503,20.2333],[106.4522,20.2343],[106.4577,20.2267],[106.4544,20.2248],[106.4608,20.2172],[106.463,20.2125],[106.4699,20.2125],[106.493,20.21],[106.5074,20.2089],[106.5087,20.211],[106.5129,20.2142],[106.5119,20.2187],[106.5086,20.2198],[106.5064,20.2244],[106.4951,20.2369],[106.4783,20.2544]]]},"properties":{"ma_xa":"14203","ten_xa":"Giao Phúc","sap_nhap":"Giao Xuân, Giao Hà, Giao Hải","tru_so":"đang cập nhật","loai":"Xã","cap":2,"stt":87,"dtich_km2":19.47,"dan_so":29758,"matdo_km2":1528.4,"ma_tinh":"37","ten_tinh":"Ninh Bình"}},
{"type":"Feature","geometry":{"type":"Polygon","coordinates":[[[106.4783,20.2544],[106.4815,20.2571],[106.4603,20.2782],[106.4528,20.2861],[106.4545,20.2899],[106.4452,20.2925],[106.4384,20.2957],[106.4327,20.2993],[106.4262,20.2929],[106.4195,20.2891],[106.4111,20.285],[106.4043,20.2834],[106.3961,20.2826],[106.3885,20.2821],[106.3793,20.2807],[106.3745,20.2764],[106.3714,20.2674],[106.3707,20.2607],[106.375,20.2587],[106.3855,20.2587],[106.3864,20.2613],[106.3894,20.2603],[106.3914,20.2642],[106.3999,20.2618],[106.4001,20.2631],[106.4049,20.2648],[106.4044,20.2663],[106.4128,20.2679],[106.4161,20.2666],[106.4171,20.27],[106.4203,20.2723],[106.4253,20.2702],[106.4269,20.274],[106.4292,20.2744],[106.4289,20.2781],[106.4308,20.2786],[106.4345,20.2724],[106.4381,20.2732],[106.4405,20.2762],[106.4445,20.2795],[106.4614,20.2588],[106.4684,20.2498],[106.4655,20.2483],[106.4698,20.2441],[106.4783,20.2544]]]},"properties":{"ma_xa":"14167","ten_xa":"Giao Thuỷ","sap_nhap":"Giao Thủy (thị trấn), Bình Hòa","tru_so":"đang cập nhật","loai":"Xã","cap":2,"stt":86,"dtich_km2":23.52,"dan_so":46557,"matdo_km2":1979.46,"ma_tinh":"37","ten_tinh":"Ninh Bình"}},
{"type":"Feature","geometry":{"type":"Polygon","coordinates":[[[105.9681,20.5596],[105.9634,20.5656],[105.961,20.5661],[105.9598,20.5687],[105.9609,20.5713],[105.9584,20.5731],[105.9589,20.5754],[105.9611,20.5758],[105.9628,20.5814],[105.9619,20.5873],[105.9557,20.5869],[105.954,20.5857],[105.9499,20.5879],[105.9483,20.6051],[105.9471,20.6122],[105.9438,20.6255],[105.9395,20.6245],[105.9232,20.6208],[105.9223,20.62],[105.916,20.6184],[105.9211,20.6136],[105.9228,20.6096],[105.9227,20.6056],[105.9195,20.6065],[105.9212,20.6017],[105.9244,20.5962],[105.9248,20.5915],[105.9216,20.5921],[105.921,20.589],[105.9199,20.5856],[105.92,20.5693],[105.9187,20.5648],[105.9155,20.5623],[105.9139,20.556],[105.9107,20.5506],[105.9144,20.5498],[105.9155,20.5484],[105.9222,20.5451],[105.925,20.5417],[105.9314,20.5437],[105.9361,20.5475],[105.936,20.5504],[105.9377,20.5518],[105.9409,20.5522],[105.9455,20.551],[105.9446,20.5476],[105.9467,20.5459],[105.9544,20.5455],[105.9587,20.5468],[105.9639,20.5516],[105.9679,20.5544],[105.9681,20.5596]]]},"properties":{"ma_xa":"13366","ten_xa":"Hà Nam","sap_nhap":"Lam Hạ, Tân Hiệp, Quang Trung (thành phố Phủ Lý, 1 phần), Hoàng Đông (1 phần), Tiên Nội (1 phần), Tiên Ngoại (1 phần)","tru_so":"đang cập nhật","loai":"Phường","cap":2,"stt":106,"dtich_km2":29.98,"dan_so":33343,"matdo_km2":1112.17,"ma_tinh":"37","ten_tinh":"Ninh Bình"}},
{"type":"Feature","geometry":{"type":"Polygon","coordinates":[[[106.2406,20.1591],[106.2244,20.1592],[106.2253,20.1618],[106.2107,20.1603],[106.1972,20.1585],[106.1867,20.1589],[106.1808,20.1425],[106.1782,20.1427],[106.1807,20.1339],[106.1824,20.1306],[106.1885,20.1234],[106.1951,20.1173],[106.1984,20.1123],[106.2001,20.113],[106.217,20.1145],[106.2175,20.1177],[106.2207,20.1174],[106.2222,20.1243],[106.2292,20.1214],[106.2313,20.1228],[106.2348,20.1392],[106.2406,20.1591]]]},"properties":{"ma_xa":"14281","ten_xa":"Hải An","sap_nhap":"Hải Phong, Hải Giang, Hải An","tru_so":"đang cập nhật","loai":"Xã","cap":2,"stt":80,"dtich_km2":25.19,"dan_so":26920,"matdo_km2":1068.68,"ma_tinh":"37","ten_tinh":"Ninh Bình"}},
{"type":"Feature","geometry":{"type":"Polygon","coordinates":[[[106.2581,20.1687],[106.2633,20.191],[106.2678,20.203],[106.2707,20.2137],[106.2767,20.2128],[106.2781,20.2117],[106.2802,20.2199],[106.2815,20.2276],[106.2813,20.2298],[106.2788,20.236],[106.2762,20.238],[106.2739,20.2398],[106.2703,20.2447],[106.264,20.2497],[106.2599,20.251],[106.2559,20.2506],[106.2535,20.2491],[106.2473,20.2412],[106.2425,20.2369],[106.2466,20.231],[106.2422,20.2294],[106.2431,20.2252],[106.2451,20.2252],[106.2453,20.2211],[106.2501,20.2171],[106.2544,20.2163],[106.2519,20.2057],[106.2488,20.1907],[106.2406,20.1591],[106.2348,20.1392],[106.2472,20.1357],[106.2499,20.1359],[106.2581,20.1687]]]},"properties":{"ma_xa":"14236","ten_xa":"Hải Anh","sap_nhap":"Hải Minh, Hải Đường, Hải Anh","tru_so":"đang cập nhật","loai":"Xã","cap":2,"stt":77,"dtich_km2":26.13,"dan_so":51246,"matdo_km2":1961.19,"ma_tinh":"37","ten_tinh":"Ninh Bình"}},
{"type":"Feature","geometry":{"type":"Polygon","coordinates":[[[106.3039,20.2238],[106.3044,20.228],[106.2974,20.2315],[106.2982,20.2348],[106.301,20.2418],[106.3,20.2438],[106.295,20.2455],[106.2851,20.2383],[106.2812,20.237],[106.2762,20.238],[106.2788,20.236],[106.2813,20.2298],[106.2815,20.2276],[106.2802,20.2199],[106.2781,20.2117],[106.2767,20.2128],[106.2707,20.2137],[106.2678,20.203],[106.2633,20.191],[106.2581,20.1687],[106.2705,20.1657],[106.2838,20.1621],[106.2864,20.1784],[106.2867,20.1804],[106.2898,20.1862],[106.2917,20.1851],[106.2967,20.1945],[106.2985,20.1985],[106.3018,20.1971],[106.3036,20.1992],[106.3002,20.2023],[106.3024,20.2051],[106.3007,20.2063],[106.3042,20.2112],[106.3052,20.2179],[106.3037,20.2185],[106.3039,20.2238]]]},"properties":{"ma_xa":"14215","ten_xa":"Hải Hậu","sap_nhap":"Yên Định (thị trấn), Hải Trung, Hải Long","tru_so":"đang cập nhật","loai":"Xã","cap":2,"stt":76,"dtich_km2":23.87,"dan_so":45227,"matdo_km2":1894.72,"ma_tinh":"37","ten_tinh":"Ninh Bình"}},
{"type":"Feature","geometry":{"type":"Polygon","coordinates":[[[106.3654,20.2393],[106.36,20.2429],[106.3599,20.2464],[106.3562,20.2447],[106.3581,20.2429],[106.3567,20.2406],[106.3514,20.2379],[106.3487,20.2399],[106.3457,20.2388],[106.344,20.2367],[106.3417,20.2388],[106.3359,20.2375],[106.3281,20.2427],[106.3243,20.2434],[106.3239,20.2354],[106.3222,20.217],[106.3158,20.218],[106.3166,20.2282],[106.3137,20.2297],[106.3125,20.2325],[106.3103,20.2298],[106.3077,20.2306],[106.3085,20.223],[106.3039,20.2238],[106.3037,20.2185],[106.3052,20.2179],[106.3042,20.2112],[106.3007,20.2063],[106.3024,20.2051],[106.3002,20.2023],[106.3036,20.1992],[106.3018,20.1971],[106.2985,20.1985],[106.2967,20.1945],[106.2917,20.1851],[106.2898,20.1862],[106.2867,20.1804],[106.2864,20.1784],[106.2939,20.1757],[106.3119,20.1759],[106.3123,20.1786],[106.3207,20.1803],[106.3241,20.1805],[106.3245,20.1749],[106.3237,20.1654],[106.324,20.1634],[106.3286,20.1672],[106.3301,20.163],[106.3413,20.1665],[106.3441,20.1719],[106.346,20.1734],[106.3532,20.177],[106.3517,20.184],[106.3534,20.1872],[106.3564,20.1891],[106.3567,20.1957],[106.3555,20.1988],[106.3515,20.2036],[106.3508,20.2064],[106.3517,20.2095],[106.3517,20.2183],[106.3542,20.223],[106.3575,20.2278],[106.3621,20.2325],[106.3654,20.2393]]]},"properties":{"ma_xa":"14248","ten_xa":"Hải Hưng","sap_nhap":"Hải Nam, Hải Lộc, Hải Hưng","tru_so":"đang cập nhật","loai":"Xã","cap":2,"stt":79,"dtich_km2":39.89,"dan_so":64918,"matdo_km2":1627.43,"ma_tinh":"37","ten_tinh":"Ninh Bình"}},
{"type":"Feature","geometry":{"type":"Polygon","coordinates":[[[106.3532,20.177],[106.346,20.1734],[106.3441,20.1719],[106.3413,20.1665],[106.3301,20.163],[106.3286,20.1672],[106.324,20.1634],[106.3237,20.1654],[106.3245,20.1749],[106.3241,20.1805],[106.3207,20.1803],[106.3123,20.1786],[106.3119,20.1759],[106.2939,20.1757],[106.2864,20.1784],[106.2838,20.1621],[106.2821,20.151],[106.2791,20.1342],[106.2807,20.1314],[106.2802,20.1281],[106.3008,20.1304],[106.3026,20.1408],[106.3215,20.1415],[106.3242,20.1412],[106.327,20.1442],[106.3408,20.1567],[106.3455,20.1613],[106.3481,20.1652],[106.3531,20.1698],[106.356,20.1746],[106.3598,20.1775],[106.3556,20.1765],[106.3532,20.177]]]},"properties":{"ma_xa":"14287","ten_xa":"Hải Quang","sap_nhap":"Hải Đông, Hải Tây, Hải Quang","tru_so":"đang cập nhật","loai":"Xã","cap":2,"stt":81,"dtich_km2":24.68,"dan_so":25798,"matdo_km2":1045.3,"ma_tinh":"37","ten_tinh":"Ninh Bình"}},
{"type":"Feature","geometry":{"type":"MultiPolygon","coordinates":[[[[106.1964,19.999],[106.1954,19.9953],[106.1972,19.995],[106.2021,19.9994],[106.1983,20.003],[106.1964,19.999]]],[[[106.2313,20.1228],[106.2292,20.1214],[106.2222,20.1243],[106.2207,20.1174],[106.2175,20.1177],[106.217,20.1145],[106.2001,20.113],[106.1984,20.1123],[106.2028,20.1002],[106.207,20.0904],[106.2089,20.0848],[106.2095,20.0805],[106.2094,20.0714],[106.208,20.0623],[106.2087,20.0543],[106.21,20.05],[106.2094,20.0435],[106.2062,20.0341],[106.2049,20.0315],[106.2008,20.025],[106.1983,20.0198],[106.1965,20.0094],[106.1942,20.005],[106.2005,20.0047],[106.2027,20.0061],[106.2087,20.0134],[106.2159,20.0204],[106.2273,20.0339],[106.229,20.0368],[106.2349,20.0422],[106.2354,20.0434],[106.2361,20.0534],[106.2382,20.0699],[106.2363,20.0732],[106.2381,20.08],[106.2393,20.0822],[106.2406,20.093],[106.227,20.0993],[106.2287,20.1077],[106.2302,20.1186],[106.2313,20.1228]]]]},"properties":{"ma_xa":"14221","ten_xa":"Hải Thịnh","sap_nhap":"Thịnh Long (thị trấn), Hải Châu, Hải Ninh","tru_so":"đang cập nhật","loai":"Xã","cap":2,"stt":83,"dtich_km2":32.92,"dan_so":33521,"matdo_km2":1018.26,"ma_tinh":"37","ten_tinh":"Ninh Bình"}},
{"type":"Feature","geometry":{"type":"Polygon","coordinates":[[[106.3242,20.1412],[106.3215,20.1415],[106.3026,20.1408],[106.3008,20.1304],[106.2802,20.1281],[106.2807,20.1314],[106.2791,20.1342],[106.2821,20.151],[106.2838,20.1621],[106.2705,20.1657],[106.2581,20.1687],[106.2499,20.1359],[106.2483,20.1276],[106.2543,20.1261],[106.254,20.1233],[106.2638,20.1236],[106.2671,20.1228],[106.2668,20.1185],[106.274,20.118],[106.2743,20.1149],[106.2774,20.1147],[106.2792,20.1057],[106.2815,20.0975],[106.2798,20.0975],[106.2804,20.0936],[106.2818,20.0933],[106.2833,20.0956],[106.2933,20.1071],[106.2944,20.1074],[106.3011,20.1133],[106.3049,20.1194],[106.3162,20.1325],[106.3213,20.1375],[106.3242,20.1412]]]},"properties":{"ma_xa":"14218","ten_xa":"Hải Tiến","sap_nhap":"Cồn (thị trấn), Hải Sơn, Hải Tân","tru_so":"đang cập nhật","loai":"Xã","cap":2,"stt":78,"dtich_km2":24.19,"dan_so":44728,"matdo_km2":1849.03,"ma_tinh":"37","ten_tinh":"Ninh Bình"}},
{"type":"Feature","geometry":{"type":"Polygon","coordinates":[[[106.2499,20.1359],[106.2472,20.1357],[106.2348,20.1392],[106.2313,20.1228],[106.2302,20.1186],[106.2287,20.1077],[106.227,20.0993],[106.2406,20.093],[106.2393,20.0822],[106.2381,20.08],[106.2363,20.0732],[106.2382,20.0699],[106.2361,20.0534],[106.2354,20.0434],[106.2505,20.0606],[106.2543,20.0625],[106.2582,20.0664],[106.2628,20.0732],[106.2726,20.0835],[106.2734,20.0836],[106.2818,20.0933],[106.2804,20.0936],[106.2798,20.0975],[106.2815,20.0975],[106.2792,20.1057],[106.2774,20.1147],[106.2743,20.1149],[106.274,20.118],[106.2668,20.1185],[106.2671,20.1228],[106.2638,20.1236],[106.254,20.1233],[106.2543,20.1261],[106.2483,20.1276],[106.2499,20.1359]]]},"properties":{"ma_xa":"14308","ten_xa":"Hải Xuân","sap_nhap":"Hải Phú, Hải Hòa, Hải Xuân","tru_so":"đang cập nhật","loai":"Xã","cap":2,"stt":82,"dtich_km2":31.27,"dan_so":44001,"matdo_km2":1407.13,"ma_tinh":"37","ten_tinh":"Ninh Bình"}},
{"type":"Feature","geometry":{"type":"Polygon","coordinates":[[[106.1187,20.4133],[106.1189,20.4149],[106.1161,20.417],[106.1147,20.4129],[106.1006,20.4106],[106.0995,20.416],[106.0916,20.4217],[106.0876,20.4282],[106.085,20.429],[106.0813,20.4273],[106.0787,20.4288],[106.0803,20.4343],[106.0803,20.4406],[106.0829,20.4446],[106.0816,20.447],[106.0832,20.4489],[106.0796,20.4504],[106.0757,20.4464],[106.0713,20.4478],[106.0678,20.4461],[106.0649,20.448],[106.0584,20.4462],[106.0584,20.4482],[106.057,20.448],[106.0564,20.4418],[106.0569,20.4331],[106.0533,20.4329],[106.055,20.4276],[106.0552,20.4232],[106.05,20.417],[106.0481,20.4162],[106.0497,20.4116],[106.0487,20.408],[106.0547,20.4068],[106.0545,20.4049],[106.0569,20.4026],[106.0627,20.4032],[106.067,20.4015],[106.0675,20.4052],[106.0722,20.405],[106.0724,20.4036],[106.0812,20.4039],[106.0791,20.4013],[106.0793,20.3989],[106.0736,20.3967],[106.0781,20.3905],[106.0778,20.3854],[106.0828,20.3824],[106.0805,20.3792],[106.0803,20.3753],[106.0841,20.3755],[106.084,20.3729],[106.0869,20.3718],[106.0889,20.3684],[106.0943,20.3679],[106.0948,20.365],[106.0967,20.3633],[106.1028,20.3658],[106.1068,20.3682],[106.106,20.3727],[106.1092,20.3737],[106.1077,20.3767],[106.1109,20.3795],[106.1145,20.3801],[106.1157,20.3816],[106.1111,20.3859],[106.1028,20.3846],[106.1013,20.3862],[106.1014,20.3939],[106.0934,20.3942],[106.0934,20.397],[106.1003,20.3989],[106.1034,20.3986],[106.1161,20.4104],[106.1187,20.4133]]]},"properties":{"ma_xa":"13753","ten_xa":"Hiển Khánh","sap_nhap":"Hợp Hưng, Trung Thành, Quang Trung, Hiển Khánh","tru_so":"đang cập nhật","loai":"Xã","cap":2,"stt":55,"dtich_km2":30.24,"dan_so":29965,"matdo_km2":990.91,"ma_tinh":"37","ten_tinh":"Ninh Bình"}},
{"type":"Feature","geometry":{"type":"Polygon","coordinates":[[[105.9725,20.3072],[105.9659,20.3032],[105.9573,20.3004],[105.9548,20.3002],[105.9517,20.3062],[105.9506,20.3111],[105.9474,20.3097],[105.947,20.3049],[105.9404,20.3031],[105.9421,20.2949],[105.9362,20.2933],[105.9371,20.2899],[105.9391,20.2873],[105.9393,20.2843],[105.936,20.2764],[105.9332,20.2722],[105.9371,20.2698],[105.9312,20.2665],[105.9278,20.2666],[105.9258,20.2629],[105.9221,20.2642],[105.9189,20.2614],[105.9156,20.261],[105.9118,20.2557],[105.9065,20.2545],[105.9029,20.2556],[105.9013,20.2527],[105.9041,20.2488],[105.91,20.2485],[105.9112,20.2459],[105.9162,20.2449],[105.9145,20.2416],[105.9163,20.2406],[105.9181,20.2372],[105.9205,20.2375],[105.9263,20.2332],[105.9281,20.2331],[105.9319,20.2296],[105.939,20.2275],[105.9437,20.2322],[105.9489,20.2294],[105.954,20.2237],[105.9565,20.2232],[105.9589,20.2251],[105.9588,20.2277],[105.9613,20.2292],[105.9671,20.2279],[105.967,20.2323],[105.9698,20.2392],[105.9721,20.2379],[105.9812,20.2359],[105.9844,20.2373],[105.9869,20.2412],[105.9855,20.247],[105.9952,20.244],[106.0008,20.2434],[106.0046,20.2435],[106.0061,20.2481],[106.0078,20.2468],[106.0103,20.2505],[106.0019,20.2521],[105.9917,20.2561],[105.9816,20.2635],[105.9808,20.2656],[105.9818,20.2693],[105.9846,20.2757],[105.9864,20.2835],[105.9863,20.2865],[105.9849,20.2912],[105.9806,20.298],[105.9725,20.3072]]]},"properties":{"ma_xa":"14329","ten_xa":"Hoa Lư","sap_nhap":"Ninh Mỹ, Ninh Khánh, Đông Thành, Tân Thành, Vân Giang, Nam Thành, Nam Bình, Bích Đào, Ninh Khang, Ninh Nhất, Ninh Tiến","tru_so":"đang cập nhật","loai":"Phường","cap":2,"stt":99,"dtich_km2":53.72,"dan_so":148406,"matdo_km2":2762.58,"ma_tinh":"37","ten_tinh":"Ninh Bình"}},
{"type":"Feature","geometry":{"type":"Polygon","coordinates":[[[106.2028,20.1002],[106.1809,20.0987],[106.1811,20.1039],[106.1799,20.1058],[106.1591,20.1082],[106.1531,20.1105],[106.1489,20.1026],[106.1456,20.0926],[106.1449,20.087],[106.1439,20.0746],[106.1416,20.0665],[106.1443,20.0654],[106.152,20.0637],[106.1601,20.0633],[106.1589,20.0603],[106.1672,20.0591],[106.167,20.0612],[106.1861,20.0633],[106.1867,20.0598],[106.1907,20.0601],[106.2045,20.0715],[106.2094,20.0714],[106.2095,20.0805],[106.2089,20.0848],[106.207,20.0904],[106.2028,20.1002]]]},"properties":{"ma_xa":"13927","ten_xa":"Hồng Phong","sap_nhap":"Nghĩa Hồng, Nghĩa Phong, Nghĩa Phú","tru_so":"đang cập nhật","loai":"Xã","cap":2,"stt":94,"dtich_km2":29.21,"dan_so":28215,"matdo_km2":965.94,"ma_tinh":"37","ten_tinh":"Ninh Bình"}},
{"type":"Feature","geometry":{"type":"Polygon","coordinates":[[[106.2278,20.3725],[106.2261,20.3741],[106.2237,20.3738],[106.2215,20.3768],[106.2217,20.3792],[106.2193,20.3816],[106.2195,20.384],[106.2158,20.396],[106.2133,20.3963],[106.2131,20.3935],[106.2109,20.3913],[106.2085,20.3909],[106.2097,20.387],[106.2096,20.384],[106.2059,20.3836],[106.2068,20.3812],[106.2043,20.3787],[106.2047,20.3769],[106.201,20.3759],[106.2006,20.3781],[106.1925,20.3789],[106.1928,20.3812],[106.191,20.3863],[106.192,20.3888],[106.1952,20.3892],[106.1957,20.3914],[106.194,20.3959],[106.1963,20.3965],[106.1957,20.401],[106.1941,20.401],[106.1929,20.4059],[106.1955,20.4072],[106.1948,20.4125],[106.1935,20.4137],[106.1868,20.4139],[106.1865,20.4121],[106.1829,20.4104],[106.1842,20.4066],[106.1802,20.4071],[106.1802,20.4053],[106.1756,20.4067],[106.1731,20.409],[106.1712,20.4036],[106.1655,20.3945],[106.1611,20.3902],[106.1591,20.387],[106.1549,20.3774],[106.153,20.3694],[106.1529,20.363],[106.1549,20.359],[106.1574,20.3572],[106.1622,20.3573],[106.1636,20.3585],[106.1645,20.3639],[106.1687,20.3637],[106.1704,20.362],[106.1693,20.3572],[106.1658,20.3511],[106.1732,20.3495],[106.1795,20.3501],[106.1791,20.3598],[106.1735,20.3646],[106.1752,20.3731],[106.1772,20.3751],[106.1843,20.3739],[106.1836,20.3696],[106.1896,20.3658],[106.193,20.3655],[106.2016,20.3664],[106.2054,20.3697],[106.2072,20.3651],[106.2033,20.3639],[106.2039,20.3601],[106.2006,20.3595],[106.2009,20.357],[106.2046,20.3571],[106.2067,20.3558],[106.2139,20.3586],[106.2237,20.3588],[106.2242,20.3532],[106.2256,20.3507],[106.2276,20.3505],[106.2311,20.3527],[106.2328,20.3516],[106.2337,20.3592],[106.232,20.3585],[106.2287,20.363],[106.2284,20.3702],[106.2278,20.3725]]]},"properties":{"ma_xa":"13984","ten_xa":"Hồng Quang","sap_nhap":"Hồng Quang (huyện Nam Trực), Nghĩa An, Nam Vân","tru_so":"đang cập nhật","loai":"Phường","cap":2,"stt":128,"dtich_km2":27.53,"dan_so":35784,"matdo_km2":1299.82,"ma_tinh":"37","ten_tinh":"Ninh Bình"}},
{"type":"Feature","geometry":{"type":"Polygon","coordinates":[[[106.1198,20.1908],[106.1137,20.2013],[106.1071,20.2072],[106.1028,20.2079],[106.0992,20.2072],[106.0894,20.1987],[106.088,20.1968],[106.0847,20.1893],[106.0798,20.1801],[106.0861,20.1763],[106.1005,20.166],[106.1102,20.1572],[106.1138,20.1515],[106.1153,20.1522],[106.121,20.1426],[106.1231,20.1384],[106.1303,20.1436],[106.1276,20.1475],[106.1306,20.15],[106.1405,20.1565],[106.1316,20.1693],[106.1248,20.1814],[106.1198,20.1908]]]},"properties":{"ma_xa":"14614","ten_xa":"Khánh Hội","sap_nhap":"Khánh Mậu, Khánh Thủy, Khánh Hội","tru_so":"đang cập nhật","loai":"Xã","cap":2,"stt":18,"dtich_km2":22.89,"dan_so":23641,"matdo_km2":1032.81,"ma_tinh":"37","ten_tinh":"Ninh Bình"}},
{"type":"Feature","geometry":{"type":"Polygon","coordinates":[[[106.1138,20.1515],[106.1102,20.1572],[106.1005,20.166],[106.0861,20.1763],[106.0798,20.1801],[106.0713,20.1719],[106.0644,20.1639],[106.0578,20.1558],[106.0538,20.1495],[106.0518,20.1481],[106.0526,20.1456],[106.0524,20.1416],[106.0556,20.1367],[106.0638,20.1278],[106.0713,20.1339],[106.0735,20.1311],[106.0756,20.133],[106.0733,20.1356],[106.0772,20.1395],[106.0856,20.1286],[106.0924,20.1308],[106.0915,20.1326],[106.0833,20.1419],[106.0877,20.1461],[106.0907,20.1417],[106.0919,20.1423],[106.1084,20.1492],[106.1138,20.1515]]]},"properties":{"ma_xa":"14611","ten_xa":"Khánh Nhạc","sap_nhap":"Khánh Hồng, Khánh Nhạc","tru_so":"đang cập nhật","loai":"Xã","cap":2,"stt":16,"dtich_km2":19.58,"dan_so":25612,"matdo_km2":1308.07,"ma_tinh":"37","ten_tinh":"Ninh Bình"}},
{"type":"Feature","geometry":{"type":"Polygon","coordinates":[[[106.1303,20.2217],[106.1128,20.2165],[106.109,20.2161],[106.1053,20.2181],[106.1032,20.2227],[106.102,20.2274],[106.1008,20.2369],[106.0976,20.2458],[106.0979,20.2503],[106.096,20.2535],[106.0931,20.255],[106.0875,20.2528],[106.0847,20.249],[106.0834,20.245],[106.0819,20.2389],[106.0789,20.2333],[106.0744,20.2284],[106.0705,20.2251],[106.0728,20.2215],[106.0699,20.2189],[106.0739,20.2158],[106.0761,20.2152],[106.078,20.2167],[106.0797,20.2148],[106.0771,20.2092],[106.0729,20.2015],[106.0702,20.1986],[106.0691,20.1954],[106.0747,20.1914],[106.0787,20.1931],[106.0847,20.1893],[106.088,20.1968],[106.0894,20.1987],[106.0992,20.2072],[106.1028,20.2079],[106.1071,20.2072],[106.1137,20.2013],[106.1198,20.1908],[106.1252,20.1953],[106.1293,20.1928],[106.1393,20.2051],[106.144,20.2131],[106.1507,20.2221],[106.1531,20.2213],[106.1527,20.2245],[106.1508,20.2273],[106.1464,20.2277],[106.1303,20.2217]]]},"properties":{"ma_xa":"14563","ten_xa":"Khánh Thiện","sap_nhap":"Khánh Cường, Khánh Lợi, Khánh Thiện","tru_so":"đang cập nhật","loai":"Xã","cap":2,"stt":17,"dtich_km2":24.51,"dan_so":25693,"matdo_km2":1048.27,"ma_tinh":"37","ten_tinh":"Ninh Bình"}},
{"type":"Feature","geometry":{"type":"Polygon","coordinates":[[[106.1631,20.1241],[106.1674,20.1288],[106.1684,20.1346],[106.1678,20.1404],[106.1649,20.1523],[106.1633,20.1609],[106.1629,20.1668],[106.1624,20.1858],[106.1599,20.1978],[106.1579,20.2034],[106.1542,20.213],[106.1531,20.2176],[106.1531,20.2213],[106.1507,20.2221],[106.144,20.2131],[106.1393,20.2051],[106.1293,20.1928],[106.1252,20.1953],[106.1198,20.1908],[106.1248,20.1814],[106.1316,20.1693],[106.1405,20.1565],[106.1604,20.1276],[106.1631,20.1241]]]},"properties":{"ma_xa":"14608","ten_xa":"Khánh Trung","sap_nhap":"Khánh Thành, Khánh Công, Khánh Trung","tru_so":"đang cập nhật","loai":"Xã","cap":2,"stt":19,"dtich_km2":26.42,"dan_so":26453,"matdo_km2":1001.25,"ma_tinh":"37","ten_tinh":"Ninh Bình"}},
{"type":"Feature","geometry":{"type":"Polygon","coordinates":[[[105.921,20.589],[105.9135,20.5907],[105.9147,20.5922],[105.9112,20.595],[105.9146,20.5991],[105.9074,20.6035],[105.9075,20.6045],[105.9013,20.6046],[105.8969,20.6],[105.8943,20.603],[105.8929,20.6007],[105.8895,20.5977],[105.8873,20.5857],[105.8853,20.5876],[105.88,20.5858],[105.872,20.5953],[105.868,20.5924],[105.8662,20.5937],[105.8613,20.5951],[105.8575,20.5977],[105.8533,20.594],[105.8512,20.5878],[105.8519,20.5857],[105.8547,20.5821],[105.8489,20.5798],[105.8461,20.5823],[105.8445,20.5798],[105.8373,20.5766],[105.8373,20.5743],[105.8398,20.5736],[105.8426,20.5744],[105.8493,20.5754],[105.8526,20.5746],[105.8537,20.571],[105.8515,20.5688],[105.8555,20.5668],[105.8589,20.5659],[105.863,20.5696],[105.8689,20.5738],[105.8776,20.576],[105.8823,20.5758],[105.8853,20.5749],[105.8861,20.5791],[105.895,20.5802],[105.8983,20.5819],[105.9014,20.5789],[105.9096,20.5855],[105.912,20.5868],[105.9199,20.5856],[105.921,20.589]]]},"properties":{"ma_xa":"13384","ten_xa":"Kim Bảng","sap_nhap":"Quế, Ngọc Sơn, Văn Xá","tru_so":"đang cập nhật","loai":"Phường","cap":2,"stt":121,"dtich_km2":15.22,"dan_so":23232,"matdo_km2":1526.41,"ma_tinh":"37","ten_tinh":"Ninh Bình"}},
{"type":"Feature","geometry":{"type":"MultiPolygon","coordinates":[[[[106.0691,19.8677],[106.0747,19.8715],[106.0769,19.8757],[106.0773,19.881],[106.0754,19.8833],[106.073,19.8813],[106.0746,19.8785],[106.0723,19.8768],[106.0727,19.8746],[106.0701,19.8718],[106.0655,19.8709],[106.0648,19.8681],[106.0691,19.8677]]],[[[106.0948,19.9229],[106.0941,19.9228],[106.0934,19.9243],[106.0891,19.9301],[106.0862,19.9266],[106.0783,19.9229],[106.0743,19.9216],[106.0748,19.9183],[106.0724,19.9155],[106.0676,19.9144],[106.0673,19.9121],[106.0709,19.9124],[106.0727,19.9101],[106.0725,19.9069],[106.0782,19.9079],[106.0829,19.9103],[106.0987,19.9237],[106.0977,19.927],[106.0948,19.9229]]],[[[106.0948,19.9639],[106.0907,19.9648],[106.0913,19.9674],[106.0886,19.9754],[106.0791,19.9669],[106.0734,19.9642],[106.0691,19.9646],[106.0674,19.9662],[106.0586,19.978],[106.0565,19.9804],[106.0513,19.9846],[106.0427,19.9728],[106.0405,19.9693],[106.0312,19.9601],[106.0429,19.9442],[106.0422,19.9438],[106.0438,19.9372],[106.0472,19.9321],[106.0518,19.9278],[106.0548,19.928],[106.0594,19.924],[106.0591,19.9219],[106.0632,19.9181],[106.0672,19.9169],[106.0675,19.9157],[106.0726,19.9162],[106.0743,19.9179],[106.0738,19.9219],[106.0793,19.9239],[106.085,19.9277],[106.0881,19.9318],[106.0944,19.9232],[106.0976,19.9273],[106.1007,19.9241],[106.1039,19.929],[106.1032,19.934],[106.1064,19.935],[106.1042,19.9395],[106.0984,19.9494],[106.0962,19.9549],[106.0948,19.9639]]],[[[106.0328,19.9567],[106.0305,19.9552],[106.0308,19.9527],[106.0345,19.9493],[106.0371,19.9511],[106.0328,19.9567]]],[[[106.0272,19.954],[106.0297,19.955],[106.029,19.9574],[106.026,19.9582],[106.0272,19.954]]]]},"properties":{"ma_xa":"14698","ten_xa":"Kim Đông","sap_nhap":"Kim Trung, Kim Đông, khu vực bãi bồi ven biển (do huyện Kim Sơn quản lý)","tru_so":"đang cập nhật","loai":"Xã","cap":2,"stt":31,"dtich_km2":81.82,"dan_so":9409,"matdo_km2":115,"ma_tinh":"37","ten_tinh":"Ninh Bình"}},
{"type":"Feature","geometry":{"type":"Polygon","coordinates":[[[106.1449,20.087],[106.142,20.0875],[106.1238,20.1219],[106.1143,20.1395],[106.1084,20.1492],[106.0919,20.1423],[106.0983,20.1327],[106.134,20.0652],[106.137,20.0602],[106.1416,20.0665],[106.1439,20.0746],[106.1449,20.087]]]},"properties":{"ma_xa":"14638","ten_xa":"Kim Sơn","sap_nhap":"Kim Định, Ân Hòa, Hùng Tiến","tru_so":"đang cập nhật","loai":"Xã","cap":2,"stt":25,"dtich_km2":17.6,"dan_so":20161,"matdo_km2":1145.51,"ma_tinh":"37","ten_tinh":"Ninh Bình"}},
{"type":"Feature","geometry":{"type":"Polygon","coordinates":[[[105.916,20.6184],[105.9142,20.6204],[105.9119,20.6195],[105.9041,20.6326],[105.906,20.6349],[105.9044,20.6408],[105.9007,20.641],[105.8973,20.6394],[105.8944,20.6442],[105.8921,20.6432],[105.8925,20.6361],[105.8878,20.6271],[105.8797,20.6269],[105.8766,20.6223],[105.8733,20.6189],[105.8782,20.6172],[105.8828,20.619],[105.8831,20.6111],[105.8884,20.6081],[105.8894,20.604],[105.8929,20.6007],[105.8943,20.603],[105.8969,20.6],[105.9013,20.6046],[105.9075,20.6045],[105.9074,20.6035],[105.9146,20.5991],[105.9112,20.595],[105.9147,20.5922],[105.9135,20.5907],[105.921,20.589],[105.9216,20.5921],[105.9248,20.5915],[105.9244,20.5962],[105.9212,20.6017],[105.9195,20.6065],[105.9227,20.6056],[105.9228,20.6096],[105.9211,20.6136],[105.916,20.6184]]]},"properties":{"ma_xa":"13402","ten_xa":"Kim Thanh","sap_nhap":"Tân Tựu, Hoàng Tây","tru_so":"đang cập nhật","loai":"Phường","cap":2,"stt":119,"dtich_km2":13.49,"dan_so":26050,"matdo_km2":1931.06,"ma_tinh":"37","ten_tinh":"Ninh Bình"}},
{"type":"Feature","geometry":{"type":"Polygon","coordinates":[[[106.0962,20.0499],[106.0804,20.08],[106.0764,20.0884],[106.0609,20.1182],[106.0572,20.1155],[106.0488,20.1077],[106.0439,20.1026],[106.0362,20.0976],[106.0336,20.0955],[106.041,20.0933],[106.0399,20.0898],[106.0427,20.0891],[106.041,20.0816],[106.0303,20.0858],[106.0287,20.0809],[106.0316,20.0795],[106.0308,20.0742],[106.0333,20.0736],[106.0328,20.0712],[106.0287,20.0714],[106.0303,20.0663],[106.0331,20.0604],[106.0376,20.06],[106.0398,20.0617],[106.0719,20.0666],[106.0759,20.0628],[106.0763,20.0657],[106.0749,20.0673],[106.0794,20.071],[106.0884,20.0601],[106.0962,20.0499]]]},"properties":{"ma_xa":"14674","ten_xa":"Lai Thành","sap_nhap":"Yên Lộc (huyện Kim Sơn), Tân Thành, Lai Thành","tru_so":"đang cập nhật","loai":"Xã","cap":2,"stt":28,"dtich_km2":22.07,"dan_so":28718,"matdo_km2":1301.22,"ma_tinh":"37","ten_tinh":"Ninh Bình"}},
{"type":"Feature","geometry":{"type":"Polygon","coordinates":[[[105.8929,20.6007],[105.8894,20.604],[105.8884,20.6081],[105.8831,20.6111],[105.8828,20.619],[105.8782,20.6172],[105.8733,20.6189],[105.8766,20.6223],[105.8797,20.6269],[105.8878,20.6271],[105.8925,20.6361],[105.8921,20.6432],[105.8944,20.6442],[105.8914,20.6482],[105.8849,20.645],[105.8797,20.6432],[105.8759,20.6432],[105.8659,20.6455],[105.8593,20.6447],[105.8546,20.6465],[105.8524,20.6434],[105.8526,20.64],[105.8463,20.6394],[105.8463,20.6357],[105.8435,20.6336],[105.84,20.6332],[105.8416,20.6295],[105.8424,20.6216],[105.8434,20.6181],[105.8555,20.6108],[105.8559,20.6097],[105.8617,20.6038],[105.8587,20.6025],[105.8574,20.6018],[105.8627,20.596],[105.8662,20.5937],[105.868,20.5924],[105.872,20.5953],[105.88,20.5858],[105.8853,20.5876],[105.8873,20.5857],[105.8895,20.5977],[105.8929,20.6007]]]},"properties":{"ma_xa":"13393","ten_xa":"Lê Hồ","sap_nhap":"Đại Cương, Đồng Hoá, Lê Hồ","tru_so":"đang cập nhật","loai":"Phường","cap":2,"stt":116,"dtich_km2":22.27,"dan_so":32373,"matdo_km2":1453.66,"ma_tinh":"37","ten_tinh":"Ninh Bình"}},
{"type":"Feature","geometry":{"type":"Polygon","coordinates":[[[105.9892,20.517],[105.9873,20.5208],[105.9839,20.5238],[105.9822,20.5272],[105.9765,20.5264],[105.9748,20.524],[105.9759,20.5186],[105.9749,20.5166],[105.97,20.5151],[105.9638,20.5144],[105.957,20.5158],[105.9541,20.5145],[105.952,20.516],[105.9456,20.5135],[105.9449,20.5173],[105.9402,20.5149],[105.9367,20.5185],[105.9285,20.5166],[105.9281,20.5142],[105.9255,20.514],[105.9231,20.5164],[105.9174,20.5154],[105.917,20.5112],[105.918,20.5018],[105.916,20.5017],[105.916,20.4983],[105.9185,20.4985],[105.9191,20.4941],[105.9165,20.4928],[105.9167,20.4888],[105.9148,20.4869],[105.9199,20.487],[105.9249,20.4856],[105.931,20.4824],[105.9344,20.4826],[105.9348,20.4883],[105.9338,20.4909],[105.9352,20.4949],[105.9366,20.4946],[105.9393,20.5033],[105.9436,20.505],[105.9437,20.5013],[105.9477,20.4988],[105.9468,20.4943],[105.9491,20.4943],[105.9501,20.4913],[105.952,20.4898],[105.9547,20.4895],[105.957,20.4842],[105.9603,20.4859],[105.9655,20.4867],[105.9658,20.4923],[105.9691,20.4988],[105.9736,20.4982],[105.9735,20.4939],[105.9766,20.4949],[105.9775,20.4901],[105.9809,20.488],[105.9808,20.4917],[105.9843,20.4923],[105.9844,20.497],[105.9885,20.5128],[105.9892,20.517]]]},"properties":{"ma_xa":"13456","ten_xa":"Liêm Hà","sap_nhap":"Liêm Phong, Liêm Cần, Thanh Hà","tru_so":"đang cập nhật","loai":"Xã","cap":2,"stt":37,"dtich_km2":20.95,"dan_so":27732,"matdo_km2":1323.72,"ma_tinh":"37","ten_tinh":"Ninh Bình"}},
{"type":"Feature","geometry":{"type":"Polygon","coordinates":[[[105.9993,20.5226],[105.9982,20.5255],[105.9989,20.531],[105.9972,20.5305],[105.9974,20.5356],[105.9993,20.5357],[105.9991,20.539],[105.995,20.5381],[105.9898,20.5398],[105.988,20.5416],[105.989,20.5433],[105.9825,20.5505],[105.9832,20.5529],[105.9898,20.555],[105.9904,20.5588],[105.9946,20.5589],[105.9951,20.5638],[105.9884,20.5675],[105.9872,20.565],[105.9835,20.5641],[105.9733,20.5586],[105.9706,20.5581],[105.9681,20.5596],[105.9679,20.5544],[105.9639,20.5516],[105.9587,20.5468],[105.9544,20.5455],[105.9467,20.5459],[105.9446,20.5476],[105.9455,20.551],[105.9409,20.5522],[105.9377,20.5518],[105.936,20.5504],[105.9384,20.5479],[105.9382,20.542],[105.9446,20.5404],[105.9494,20.5381],[105.9499,20.5303],[105.9488,20.5284],[105.9422,20.5229],[105.9444,20.5199],[105.9449,20.5173],[105.9456,20.5135],[105.952,20.516],[105.9541,20.5145],[105.957,20.5158],[105.9638,20.5144],[105.97,20.5151],[105.9749,20.5166],[105.9759,20.5186],[105.9748,20.524],[105.9765,20.5264],[105.9822,20.5272],[105.9839,20.5238],[105.9873,20.5208],[105.9892,20.517],[105.9924,20.5173],[105.9978,20.5195],[105.9993,20.5226]]]},"properties":{"ma_xa":"13444","ten_xa":"Liêm Tuyền","sap_nhap":"Tân Liêm, Đinh Xá, Trịnh Xá","tru_so":"đang cập nhật","loai":"Phường","cap":2,"stt":110,"dtich_km2":21.44,"dan_so":27781,"matdo_km2":1295.76,"ma_tinh":"37","ten_tinh":"Ninh Bình"}},
{"type":"Feature","geometry":{"type":"Polygon","coordinates":[[[106.1622,20.3404],[106.1594,20.3398],[106.154,20.3412],[106.1523,20.3436],[106.1507,20.3485],[106.1509,20.3507],[106.146,20.3493],[106.1413,20.351],[106.1395,20.346],[106.1337,20.3478],[106.1327,20.3449],[106.1305,20.3431],[106.1241,20.3456],[106.1213,20.3506],[106.118,20.3492],[106.1128,20.3499],[106.1086,20.3533],[106.1045,20.3513],[106.0993,20.3487],[106.0961,20.346],[106.0913,20.3447],[106.09,20.3381],[106.094,20.3325],[106.096,20.3322],[106.0972,20.3252],[106.0996,20.3234],[106.1001,20.3119],[106.1006,20.3008],[106.1112,20.3023],[106.1259,20.305],[106.1288,20.3082],[106.1325,20.3054],[106.1352,20.3088],[106.1385,20.3061],[106.1439,20.3047],[106.1477,20.3109],[106.1522,20.3164],[106.1583,20.3216],[106.166,20.3271],[106.1685,20.3296],[106.17,20.3331],[106.1695,20.3362],[106.1638,20.3372],[106.1622,20.3404]]]},"properties":{"ma_xa":"13786","ten_xa":"Liên Minh","sap_nhap":"Vĩnh Hào, Đại Thắng, Liên Minh","tru_so":"đang cập nhật","loai":"Xã","cap":2,"stt":57,"dtich_km2":31.05,"dan_so":29825,"matdo_km2":960.55,"ma_tinh":"37","ten_tinh":"Ninh Bình"}},
{"type":"Feature","geometry":{"type":"Polygon","coordinates":[[[106.0329,20.6184],[106.0267,20.6181],[106.0175,20.6148],[106.0125,20.6143],[106.0073,20.6154],[106.0042,20.6173],[106.0019,20.6205],[106.0001,20.6261],[105.9969,20.627],[105.9947,20.6254],[105.9915,20.6202],[105.9886,20.6136],[105.984,20.6074],[105.9808,20.6],[105.9809,20.5968],[105.9822,20.5899],[105.9837,20.5855],[105.9883,20.5792],[105.9915,20.5763],[105.9948,20.5746],[106.0024,20.572],[106.0032,20.5732],[106.0028,20.5778],[106.0051,20.5821],[106.0132,20.5824],[106.0188,20.5883],[106.0232,20.602],[106.0275,20.6053],[106.0312,20.6068],[106.0331,20.609],[106.0334,20.6121],[106.0322,20.6158],[106.0329,20.6184]]]},"properties":{"ma_xa":"13573","ten_xa":"Lý Nhân","sap_nhap":"Chính Lý, Hợp Lý, Văn Lý","tru_so":"đang cập nhật","loai":"Xã","cap":2,"stt":42,"dtich_km2":18.38,"dan_so":32183,"matdo_km2":1750.98,"ma_tinh":"37","ten_tinh":"Ninh Bình"}},
{"type":"Feature","geometry":{"type":"Polygon","coordinates":[[[105.8968,20.5283],[105.892,20.5339],[105.8942,20.5355],[105.8924,20.5382],[105.8883,20.5404],[105.8888,20.5421],[105.893,20.547],[105.8915,20.5484],[105.8926,20.5508],[105.8957,20.5519],[105.891,20.559],[105.8903,20.5627],[105.8912,20.5688],[105.8901,20.5717],[105.8853,20.5749],[105.8823,20.5758],[105.8776,20.576],[105.8689,20.5738],[105.863,20.5696],[105.8589,20.5659],[105.8555,20.5668],[105.8515,20.5688],[105.8537,20.571],[105.8526,20.5746],[105.8493,20.5754],[105.8426,20.5744],[105.8432,20.5733],[105.8402,20.5692],[105.8306,20.5615],[105.8314,20.5584],[105.8286,20.5539],[105.8297,20.552],[105.829,20.5487],[105.8267,20.5457],[105.8266,20.5421],[105.8274,20.5367],[105.8254,20.5349],[105.8275,20.5328],[105.8285,20.5279],[105.8238,20.523],[105.8245,20.5212],[105.8223,20.5082],[105.8201,20.506],[105.8196,20.5001],[105.821,20.4936],[105.8246,20.4887],[105.8358,20.4843],[105.8376,20.4808],[105.8417,20.4808],[105.8441,20.4779],[105.8488,20.4787],[105.8524,20.4782],[105.8566,20.4801],[105.856,20.483],[105.8569,20.4894],[105.8625,20.4921],[105.8631,20.4971],[105.8625,20.4988],[105.8642,20.5012],[105.8626,20.5037],[105.863,20.5061],[105.8649,20.5093],[105.8733,20.5094],[105.8786,20.5122],[105.8772,20.517],[105.883,20.5164],[105.8841,20.5137],[105.89,20.5177],[105.889,20.5188],[105.8941,20.5277],[105.8968,20.5283]]]},"properties":{"ma_xa":"13435","ten_xa":"Lý Thường Kiệt","sap_nhap":"Liên Sơn, Thanh Sơn (thị xã Kim Bảng), Thi Sơn","tru_so":"đang cập nhật","loai":"Phường","cap":2,"stt":118,"dtich_km2":53.66,"dan_so":22958,"matdo_km2":427.84,"ma_tinh":"37","ten_tinh":"Ninh Bình"}},
{"type":"Feature","geometry":{"type":"Polygon","coordinates":[[[106.0584,20.4482],[106.0593,20.4484],[106.0594,20.4556],[106.0555,20.4562],[106.0473,20.4593],[106.0472,20.4616],[106.0427,20.4626],[106.0414,20.4574],[106.0424,20.4502],[106.0373,20.4464],[106.0298,20.4464],[106.0288,20.445],[106.0304,20.4409],[106.0285,20.4367],[106.0251,20.433],[106.0238,20.4287],[106.0236,20.4228],[106.0204,20.4177],[106.0201,20.4134],[106.0213,20.4112],[106.0242,20.4099],[106.0245,20.4057],[106.0283,20.4019],[106.0306,20.3986],[106.037,20.3992],[106.0424,20.4027],[106.0443,20.4032],[106.0468,20.3967],[106.0438,20.3912],[106.0419,20.3896],[106.0444,20.3865],[106.0418,20.3861],[106.0427,20.3812],[106.0414,20.3785],[106.0382,20.3779],[106.0411,20.372],[106.0388,20.3692],[106.041,20.3648],[106.044,20.3628],[106.0467,20.3632],[106.0498,20.3645],[106.0571,20.3648],[106.0645,20.367],[106.0662,20.3644],[106.0712,20.3677],[106.0716,20.3721],[106.0739,20.3735],[106.0752,20.3714],[106.0788,20.3734],[106.0803,20.3753],[106.0805,20.3792],[106.0828,20.3824],[106.0778,20.3854],[106.0781,20.3905],[106.0736,20.3967],[106.0793,20.3989],[106.0791,20.4013],[106.0812,20.4039],[106.0724,20.4036],[106.0722,20.405],[106.0675,20.4052],[106.067,20.4015],[106.0627,20.4032],[106.0569,20.4026],[106.0545,20.4049],[106.0547,20.4068],[106.0487,20.408],[106.0497,20.4116],[106.0481,20.4162],[106.05,20.417],[106.0552,20.4232],[106.055,20.4276],[106.0533,20.4329],[106.0569,20.4331],[106.0564,20.4418],[106.057,20.448],[106.0584,20.4482]]]},"properties":{"ma_xa":"13750","ten_xa":"Minh Tân","sap_nhap":"Cộng Hòa, Minh Tân","tru_so":"đang cập nhật","loai":"Xã","cap":2,"stt":54,"dtich_km2":33.09,"dan_so":29965,"matdo_km2":905.56,"ma_tinh":"37","ten_tinh":"Ninh Bình"}},
{"type":"Feature","geometry":{"type":"Polygon","coordinates":[[[106.2406,20.1591],[106.2488,20.1907],[106.2519,20.2057],[106.2544,20.2163],[106.2501,20.2171],[106.2453,20.2211],[106.2451,20.2252],[106.2431,20.2252],[106.2422,20.2294],[106.2466,20.231],[106.2425,20.2369],[106.2389,20.2344],[106.2215,20.2241],[106.2192,20.2226],[106.2228,20.2195],[106.226,20.2126],[106.2251,20.2075],[106.2228,20.2075],[106.2212,20.2046],[106.2201,20.2003],[106.2198,20.1931],[106.2185,20.187],[106.2174,20.1873],[106.2158,20.1806],[106.2139,20.1706],[106.2107,20.1603],[106.2253,20.1618],[106.2244,20.1592],[106.2406,20.1591]]]},"properties":{"ma_xa":"14071","ten_xa":"Minh Thái","sap_nhap":"Trực Đại, Trực Thái, Trực Thắng","tru_so":"đang cập nhật","loai":"Xã","cap":2,"stt":70,"dtich_km2":23.44,"dan_so":33330,"matdo_km2":1421.93,"ma_tinh":"37","ten_tinh":"Ninh Bình"}},
{"type":"Feature","geometry":{"type":"Polygon","coordinates":[[[106.1315,20.4186],[106.1325,20.4205],[106.1307,20.4227],[106.1228,20.4265],[106.1177,20.4256],[106.1183,20.4307],[106.1227,20.43],[106.1265,20.4315],[106.1346,20.4325],[106.1379,20.4342],[106.1382,20.4415],[106.1414,20.4422],[106.1427,20.4437],[106.1423,20.4468],[106.1347,20.4462],[106.1329,20.4466],[106.1285,20.4528],[106.1179,20.4616],[106.12,20.4635],[106.1189,20.469],[106.1162,20.4784],[106.1129,20.4774],[106.1107,20.4796],[106.1023,20.4893],[106.0997,20.4863],[106.1018,20.4848],[106.1027,20.4818],[106.0997,20.4809],[106.0981,20.4786],[106.104,20.4715],[106.1054,20.4675],[106.105,20.4641],[106.1004,20.4551],[106.092,20.4565],[106.0889,20.4592],[106.0867,20.4639],[106.0848,20.4656],[106.0821,20.4619],[106.0797,20.4613],[106.0767,20.4633],[106.0749,20.4682],[106.0719,20.4682],[106.0661,20.4651],[106.0632,20.4668],[106.0596,20.4716],[106.056,20.4732],[106.0475,20.4725],[106.044,20.4705],[106.0433,20.469],[106.0427,20.4626],[106.0472,20.4616],[106.0473,20.4593],[106.0555,20.4562],[106.0594,20.4556],[106.0593,20.4484],[106.0584,20.4482],[106.0584,20.4462],[106.0649,20.448],[106.0678,20.4461],[106.0713,20.4478],[106.0757,20.4464],[106.0796,20.4504],[106.0832,20.4489],[106.0816,20.447],[106.0829,20.4446],[106.0803,20.4406],[106.0803,20.4343],[106.0787,20.4288],[106.0813,20.4273],[106.085,20.429],[106.0876,20.4282],[106.0916,20.4217],[106.0995,20.416],[106.1006,20.4106],[106.1147,20.4129],[106.1161,20.417],[106.1189,20.4149],[106.1187,20.4133],[106.119,20.4126],[106.129,20.415],[106.129,20.417],[106.1315,20.4186]]]},"properties":{"ma_xa":"13708","ten_xa":"Mỹ Lộc","sap_nhap":"Hưng Lộc, Mỹ Thuận, Mỹ Lộc","tru_so":"đang cập nhật","loai":"Phường","cap":2,"stt":129,"dtich_km2":35.54,"dan_so":38068,"matdo_km2":1071.13,"ma_tinh":"37","ten_tinh":"Ninh Bình"}},
{"type":"Feature","geometry":{"type":"Polygon","coordinates":[[[106.1962,20.4409],[106.19,20.4411],[106.1854,20.4471],[106.1791,20.4442],[106.175,20.4434],[106.1756,20.4519],[106.1777,20.4508],[106.1787,20.4536],[106.176,20.4575],[106.1782,20.4584],[106.1785,20.4637],[106.1742,20.4675],[106.1762,20.4718],[106.18,20.4775],[106.1802,20.48],[106.1719,20.4733],[106.1674,20.4727],[106.1578,20.4727],[106.1497,20.4686],[106.1522,20.4676],[106.1521,20.4607],[106.1534,20.4567],[106.1504,20.4553],[106.1485,20.4497],[106.1506,20.4501],[106.1506,20.4464],[106.152,20.4441],[106.1562,20.4403],[106.1543,20.4376],[106.163,20.4344],[106.1603,20.4283],[106.1635,20.4245],[106.1649,20.4174],[106.1648,20.4138],[106.1633,20.4081],[106.1661,20.407],[106.1712,20.4036],[106.1731,20.409],[106.1756,20.4067],[106.1802,20.4053],[106.1802,20.4071],[106.1842,20.4066],[106.1829,20.4104],[106.1865,20.4121],[106.1868,20.4139],[106.1801,20.4207],[106.1875,20.4282],[106.192,20.4336],[106.1962,20.4409]]]},"properties":{"ma_xa":"13669","ten_xa":"Nam Định","sap_nhap":"Quang Trung (thành phố Nam Định), Vị Xuyên, Lộc Vượng, Cửa Bắc, Trần Hưng Đạo, Năng Tĩnh, Cửa Nam, Mỹ Phúc","tru_so":"đang cập nhật","loai":"Phường","cap":2,"stt":122,"dtich_km2":19.91,"dan_so":188751,"matdo_km2":9480.21,"ma_tinh":"37","ten_tinh":"Ninh Bình"}},
{"type":"Feature","geometry":{"type":"Polygon","coordinates":[[[106.2156,20.2808],[106.2142,20.2844],[106.2092,20.2825],[106.2086,20.2847],[106.2025,20.283],[106.2022,20.2857],[106.1988,20.2846],[106.1984,20.2868],[106.1889,20.2835],[106.188,20.2927],[106.1865,20.3034],[106.1773,20.3052],[106.1743,20.3041],[106.1738,20.31],[106.172,20.3126],[106.1694,20.3137],[106.1677,20.3183],[106.1594,20.3188],[106.1583,20.3216],[106.1522,20.3164],[106.1477,20.3109],[106.1535,20.3032],[106.1553,20.2969],[106.1593,20.2922],[106.1634,20.2838],[106.1588,20.282],[106.169,20.2648],[106.1734,20.2551],[106.1775,20.2524],[106.1805,20.252],[106.1814,20.2553],[106.1843,20.2572],[106.1879,20.2582],[106.1887,20.2617],[106.1918,20.2625],[106.1912,20.2666],[106.1973,20.2671],[106.1974,20.2649],[106.1994,20.2633],[106.2053,20.2663],[106.2047,20.2682],[106.2113,20.2665],[106.2112,20.2686],[106.2143,20.2705],[106.2137,20.278],[106.2156,20.2808]]]},"properties":{"ma_xa":"14014","ten_xa":"Nam Đồng","sap_nhap":"Đồng Sơn, Nam Thái","tru_so":"đang cập nhật","loai":"Xã","cap":2,"stt":51,"dtich_km2":23.42,"dan_so":28348,"matdo_km2":1210.42,"ma_tinh":"37","ten_tinh":"Ninh Bình"}},
{"type":"Feature","geometry":{"type":"Polygon","coordinates":[[[105.9029,20.2556],[105.893,20.256],[105.8902,20.2549],[105.8916,20.252],[105.8897,20.2498],[105.8913,20.2454],[105.896,20.2411],[105.8971,20.2379],[105.8961,20.2363],[105.8844,20.2352],[105.879,20.233],[105.8776,20.2311],[105.8788,20.2279],[105.8815,20.224],[105.8854,20.2197],[105.888,20.2188],[105.8918,20.2157],[105.8932,20.2131],[105.8969,20.2091],[105.8991,20.2056],[105.9005,20.2051],[105.9077,20.1976],[105.9104,20.1981],[105.9109,20.1955],[105.9165,20.1926],[105.9246,20.19],[105.9272,20.1879],[105.9302,20.1869],[105.936,20.1821],[105.9364,20.1793],[105.9335,20.1798],[105.9325,20.1773],[105.9344,20.1754],[105.9399,20.1723],[105.9439,20.1743],[105.9444,20.1783],[105.9489,20.1803],[105.9495,20.1823],[105.947,20.1847],[105.9498,20.189],[105.9542,20.1901],[105.9549,20.1936],[105.96,20.1944],[105.9663,20.1925],[105.9696,20.1952],[105.9761,20.1931],[105.9816,20.1928],[105.9817,20.1947],[105.9853,20.1967],[105.9903,20.1959],[105.9907,20.1968],[105.9877,20.1983],[105.9859,20.2051],[105.9861,20.2075],[105.9887,20.2117],[105.9885,20.2144],[105.9942,20.2267],[105.9967,20.233],[106,20.2391],[106.0008,20.2434],[105.9952,20.244],[105.9855,20.247],[105.9869,20.2412],[105.9844,20.2373],[105.9812,20.2359],[105.9721,20.2379],[105.9698,20.2392],[105.967,20.2323],[105.9671,20.2279],[105.9613,20.2292],[105.9588,20.2277],[105.9589,20.2251],[105.9565,20.2232],[105.954,20.2237],[105.9489,20.2294],[105.9437,20.2322],[105.939,20.2275],[105.9319,20.2296],[105.9281,20.2331],[105.9263,20.2332],[105.9205,20.2375],[105.9181,20.2372],[105.9163,20.2406],[105.9145,20.2416],[105.9162,20.2449],[105.9112,20.2459],[105.91,20.2485],[105.9041,20.2488],[105.9013,20.2527],[105.9029,20.2556]]]},"properties":{"ma_xa":"14359","ten_xa":"Nam Hoa Lư","sap_nhap":"Ninh Phong, Ninh Sơn, Ninh Vân, Ninh An, Ninh Hải","tru_so":"đang cập nhật","loai":"Phường","cap":2,"stt":100,"dtich_km2":54.3,"dan_so":53514,"matdo_km2":985.52,"ma_tinh":"37","ten_tinh":"Ninh Bình"}},
{"type":"Feature","geometry":{"type":"Polygon","coordinates":[[[106.2866,20.3896],[106.2851,20.3957],[106.281,20.4018],[106.2776,20.4033],[106.2744,20.4035],[106.2671,20.405],[106.2613,20.4064],[106.2584,20.4064],[106.2571,20.3986],[106.2555,20.3981],[106.2489,20.3993],[106.2451,20.3965],[106.2437,20.3968],[106.2374,20.3917],[106.2403,20.3864],[106.2397,20.3799],[106.2355,20.377],[106.235,20.3736],[106.2332,20.3713],[106.2297,20.3736],[106.2278,20.3725],[106.2284,20.3702],[106.2287,20.363],[106.232,20.3585],[106.2337,20.3592],[106.2328,20.3516],[106.2333,20.3435],[106.2353,20.3413],[106.2368,20.3373],[106.2316,20.333],[106.2302,20.3294],[106.2324,20.3287],[106.2343,20.3262],[106.2358,20.3219],[106.2362,20.3176],[106.239,20.3189],[106.2384,20.3206],[106.243,20.3229],[106.2452,20.3205],[106.2517,20.3233],[106.2501,20.3271],[106.2525,20.3281],[106.2509,20.3333],[106.2545,20.3361],[106.2522,20.3438],[106.2523,20.3486],[106.2538,20.3544],[106.2558,20.358],[106.2583,20.3606],[106.2662,20.3669],[106.2793,20.3756],[106.2824,20.3781],[106.285,20.3815],[106.2862,20.3849],[106.2866,20.3896]]]},"properties":{"ma_xa":"13987","ten_xa":"Nam Hồng","sap_nhap":"Tân Thịnh, Nam Thắng, Nam Hồng","tru_so":"đang cập nhật","loai":"Xã","cap":2,"stt":53,"dtich_km2":28.81,"dan_so":31823,"matdo_km2":1104.58,"ma_tinh":"37","ten_tinh":"Ninh Bình"}},
{"type":"Feature","geometry":{"type":"Polygon","coordinates":[[[106.1773,20.5304],[106.1754,20.5356],[106.1731,20.5463],[106.1716,20.5501],[106.1667,20.5477],[106.1653,20.5462],[106.1628,20.5405],[106.1631,20.5363],[106.1618,20.5347],[106.1592,20.5396],[106.155,20.538],[106.1542,20.5391],[106.1437,20.5354],[106.1403,20.536],[106.1415,20.5324],[106.14,20.5251],[106.1421,20.5244],[106.1444,20.5258],[106.1502,20.5166],[106.152,20.5168],[106.1516,20.5102],[106.1501,20.5085],[106.1441,20.5091],[106.1418,20.5082],[106.1404,20.4946],[106.139,20.486],[106.1387,20.4812],[106.1398,20.4767],[106.1422,20.472],[106.1451,20.4692],[106.1497,20.4686],[106.1578,20.4727],[106.1674,20.4727],[106.1719,20.4733],[106.1802,20.48],[106.1835,20.4848],[106.1796,20.4927],[106.1783,20.5003],[106.1796,20.5125],[106.1795,20.5198],[106.1773,20.5304]]]},"properties":{"ma_xa":"13627","ten_xa":"Nam Lý","sap_nhap":"Tiến Thắng (huyện Lý Nhân), Phú Phúc, Hòa Hậu","tru_so":"đang cập nhật","loai":"Xã","cap":2,"stt":48,"dtich_km2":28.69,"dan_so":37887,"matdo_km2":1320.56,"ma_tinh":"37","ten_tinh":"Ninh Bình"}},
{"type":"Feature","geometry":{"type":"Polygon","coordinates":[[[106.2141,20.3285],[106.2144,20.3266],[106.2105,20.3259],[106.2051,20.3258],[106.2002,20.3316],[106.197,20.3339],[106.1734,20.3295],[106.17,20.3331],[106.1685,20.3296],[106.166,20.3271],[106.1583,20.3216],[106.1594,20.3188],[106.1677,20.3183],[106.1694,20.3137],[106.172,20.3126],[106.1738,20.31],[106.1743,20.3041],[106.1773,20.3052],[106.1865,20.3034],[106.188,20.2927],[106.1889,20.2835],[106.1984,20.2868],[106.1988,20.2846],[106.2022,20.2857],[106.2025,20.283],[106.2086,20.2847],[106.2092,20.2825],[106.2142,20.2844],[106.2156,20.2808],[106.217,20.2804],[106.2185,20.2833],[106.2179,20.2885],[106.2238,20.2893],[106.2234,20.2933],[106.2283,20.2933],[106.2276,20.3001],[106.2262,20.3053],[106.2239,20.3047],[106.2225,20.3098],[106.2238,20.3134],[106.2206,20.3257],[106.2179,20.3288],[106.2141,20.3285]]]},"properties":{"ma_xa":"14011","ten_xa":"Nam Minh","sap_nhap":"Nam Dương, Bình Minh, Nam Tiến","tru_so":"đang cập nhật","loai":"Xã","cap":2,"stt":50,"dtich_km2":24.79,"dan_so":38121,"matdo_km2":1537.76,"ma_tinh":"37","ten_tinh":"Ninh Bình"}},
{"type":"Feature","geometry":{"type":"Polygon","coordinates":[[[106.2328,20.3516],[106.2311,20.3527],[106.2276,20.3505],[106.2256,20.3507],[106.2248,20.3485],[106.2239,20.3397],[106.2196,20.336],[106.2155,20.3343],[106.2132,20.3348],[106.2141,20.3285],[106.2179,20.3288],[106.2206,20.3257],[106.2238,20.3134],[106.2225,20.3098],[106.2239,20.3047],[106.2262,20.3053],[106.2276,20.3001],[106.2283,20.2933],[106.2234,20.2933],[106.2238,20.2893],[106.2179,20.2885],[106.2185,20.2833],[106.217,20.2804],[106.2242,20.2809],[106.2265,20.2784],[106.2265,20.2744],[106.2303,20.2729],[106.2291,20.2689],[106.227,20.2651],[106.2285,20.2635],[106.2324,20.2636],[106.2335,20.266],[106.2367,20.2655],[106.2377,20.2686],[106.242,20.2678],[106.2453,20.2703],[106.2471,20.2755],[106.2496,20.2753],[106.2489,20.2801],[106.2552,20.2808],[106.2578,20.2828],[106.261,20.2854],[106.2619,20.289],[106.2682,20.2922],[106.2667,20.2948],[106.2626,20.2992],[106.2563,20.3037],[106.2525,20.3073],[106.2509,20.3103],[106.2514,20.3129],[106.2571,20.3158],[106.265,20.3267],[106.259,20.3297],[106.2562,20.3329],[106.2545,20.3361],[106.2509,20.3333],[106.2525,20.3281],[106.2501,20.3271],[106.2517,20.3233],[106.2452,20.3205],[106.243,20.3229],[106.2384,20.3206],[106.239,20.3189],[106.2362,20.3176],[106.2358,20.3219],[106.2343,20.3262],[106.2324,20.3287],[106.2302,20.3294],[106.2316,20.333],[106.2368,20.3373],[106.2353,20.3413],[106.2333,20.3435],[106.2328,20.3516]]]},"properties":{"ma_xa":"14005","ten_xa":"Nam Ninh","sap_nhap":"Nam Hoa, Nam Lợi, Nam Hải, Nam Thanh","tru_so":"đang cập nhật","loai":"Xã","cap":2,"stt":52,"dtich_km2":25.8,"dan_so":37668,"matdo_km2":1460,"ma_tinh":"37","ten_tinh":"Ninh Bình"}},
{"type":"Feature","geometry":{"type":"Polygon","coordinates":[[[106.2256,20.3507],[106.2242,20.3532],[106.2237,20.3588],[106.2139,20.3586],[106.2067,20.3558],[106.2046,20.3571],[106.2009,20.357],[106.2006,20.3595],[106.2039,20.3601],[106.2033,20.3639],[106.2072,20.3651],[106.2054,20.3697],[106.2016,20.3664],[106.193,20.3655],[106.1896,20.3658],[106.1836,20.3696],[106.1843,20.3739],[106.1772,20.3751],[106.1752,20.3731],[106.1735,20.3646],[106.1791,20.3598],[106.1795,20.3501],[106.1732,20.3495],[106.1658,20.3511],[106.1637,20.3469],[106.1622,20.3404],[106.1638,20.3372],[106.1695,20.3362],[106.17,20.3331],[106.1734,20.3295],[106.197,20.3339],[106.2002,20.3316],[106.2051,20.3258],[106.2105,20.3259],[106.2144,20.3266],[106.2141,20.3285],[106.2132,20.3348],[106.2155,20.3343],[106.2196,20.336],[106.2239,20.3397],[106.2248,20.3485],[106.2256,20.3507]]]},"properties":{"ma_xa":"13966","ten_xa":"Nam Trực","sap_nhap":"Nam Giang (thị trấn), Nam Cường, Nam Hùng","tru_so":"đang cập nhật","loai":"Xã","cap":2,"stt":49,"dtich_km2":20.47,"dan_so":39822,"matdo_km2":1945.38,"ma_tinh":"37","ten_tinh":"Ninh Bình"}},
{"type":"Feature","geometry":{"type":"Polygon","coordinates":[[[106.0616,20.6063],[106.0542,20.6116],[106.0437,20.6223],[106.0435,20.62],[106.0409,20.6187],[106.0329,20.6184],[106.0322,20.6158],[106.0334,20.6121],[106.0331,20.609],[106.0312,20.6068],[106.0275,20.6053],[106.0232,20.602],[106.0188,20.5883],[106.0132,20.5824],[106.0182,20.5819],[106.0231,20.5805],[106.0277,20.5779],[106.0289,20.5761],[106.0288,20.5717],[106.032,20.5698],[106.0374,20.5704],[106.0385,20.5721],[106.0425,20.5717],[106.047,20.5733],[106.0516,20.5607],[106.0584,20.5607],[106.0629,20.5585],[106.066,20.556],[106.0703,20.5564],[106.0702,20.564],[106.0713,20.5675],[106.0733,20.5689],[106.0699,20.5736],[106.0729,20.5753],[106.0678,20.5806],[106.0608,20.5907],[106.0599,20.5929],[106.0602,20.5964],[106.0578,20.5963],[106.0573,20.5995],[106.0607,20.6015],[106.0616,20.6063]]]},"properties":{"ma_xa":"13591","ten_xa":"Nam Xang","sap_nhap":"Công Lý, Nguyên Lý, Đức Lý","tru_so":"đang cập nhật","loai":"Xã","cap":2,"stt":43,"dtich_km2":22.7,"dan_so":34150,"matdo_km2":1504.41,"ma_tinh":"37","ten_tinh":"Ninh Bình"}},
{"type":"Feature","geometry":{"type":"Polygon","coordinates":[[[106.1734,20.2551],[106.1701,20.2564],[106.1615,20.2545],[106.1577,20.2527],[106.1411,20.2477],[106.1359,20.2556],[106.1241,20.249],[106.1287,20.2412],[106.1322,20.2328],[106.1297,20.2311],[106.1303,20.2217],[106.1464,20.2277],[106.1508,20.2273],[106.1527,20.2245],[106.1531,20.2213],[106.1531,20.2176],[106.1542,20.213],[106.1579,20.2034],[106.1628,20.2039],[106.1661,20.206],[106.1722,20.2064],[106.1723,20.2099],[106.1864,20.2068],[106.1894,20.2046],[106.1906,20.202],[106.1972,20.2073],[106.1961,20.212],[106.1959,20.2182],[106.1971,20.2214],[106.1943,20.2232],[106.1941,20.2265],[106.1922,20.2277],[106.1896,20.2323],[106.1879,20.2325],[106.1828,20.2301],[106.1813,20.234],[106.1814,20.238],[106.1788,20.2471],[106.1757,20.249],[106.1775,20.2524],[106.1734,20.2551]]]},"properties":{"ma_xa":"13891","ten_xa":"Nghĩa Hưng","sap_nhap":"Liễu Đề (thị trấn), Nghĩa Thái, Nghĩa Châu, Nghĩa Trung","tru_so":"đang cập nhật","loai":"Xã","cap":2,"stt":92,"dtich_km2":26.31,"dan_so":38631,"matdo_km2":1468.3,"ma_tinh":"37","ten_tinh":"Ninh Bình"}},
{"type":"Feature","geometry":{"type":"Polygon","coordinates":[[[106.1525,19.9969],[106.1562,19.9978],[106.156,20.0023],[106.1521,20.0023],[106.1512,20.0374],[106.1499,20.0377],[106.1501,20.0434],[106.1448,20.045],[106.1447,20.0502],[106.1383,20.052],[106.126,20.056],[106.1203,20.0533],[106.1169,20.0507],[106.1142,20.0445],[106.1133,20.0349],[106.1118,20.0207],[106.1104,20.0144],[106.105,19.9999],[106.1003,19.9885],[106.0969,19.9786],[106.0948,19.969],[106.1034,19.9716],[106.1034,19.9808],[106.1063,19.9895],[106.1168,19.9896],[106.1171,19.9965],[106.1328,19.9966],[106.1439,19.9995],[106.1477,19.9995],[106.1525,19.9969]]]},"properties":{"ma_xa":"13957","ten_xa":"Nghĩa Lâm","sap_nhap":"Nghĩa Hùng, Nghĩa Hải, Nghĩa Lâm","tru_so":"đang cập nhật","loai":"Xã","cap":2,"stt":96,"dtich_km2":28.1,"dan_so":30959,"matdo_km2":1101.74,"ma_tinh":"37","ten_tinh":"Ninh Bình"}},
{"type":"Feature","geometry":{"type":"Polygon","coordinates":[[[106.1906,20.202],[106.1894,20.2046],[106.1864,20.2068],[106.1723,20.2099],[106.1722,20.2064],[106.1661,20.206],[106.1628,20.2039],[106.1579,20.2034],[106.1599,20.1978],[106.1624,20.1858],[106.1629,20.1668],[106.1633,20.1609],[106.1649,20.1523],[106.1678,20.1404],[106.1684,20.1346],[106.1674,20.1288],[106.1631,20.1241],[106.1571,20.1182],[106.1531,20.1105],[106.1591,20.1082],[106.1799,20.1058],[106.1811,20.1039],[106.1809,20.0987],[106.2028,20.1002],[106.1984,20.1123],[106.1951,20.1173],[106.1885,20.1234],[106.1824,20.1306],[106.1807,20.1339],[106.1782,20.1427],[106.1777,20.1446],[106.1786,20.1614],[106.1791,20.1671],[106.1814,20.182],[106.1849,20.1929],[106.1876,20.1981],[106.1906,20.202]]]},"properties":{"ma_xa":"13918","ten_xa":"Nghĩa Sơn","sap_nhap":"Nghĩa Lạc, Nghĩa Sơn","tru_so":"đang cập nhật","loai":"Xã","cap":2,"stt":93,"dtich_km2":26.83,"dan_so":28669,"matdo_km2":1068.54,"ma_tinh":"37","ten_tinh":"Ninh Bình"}},
{"type":"Feature","geometry":{"type":"Polygon","coordinates":[[[105.8287,20.6635],[105.823,20.6645],[105.8195,20.6608],[105.8253,20.6539],[105.8278,20.652],[105.833,20.6499],[105.8341,20.6482],[105.8324,20.6452],[105.8265,20.6415],[105.8188,20.6375],[105.8137,20.6334],[105.8114,20.6295],[105.8134,20.6237],[105.8128,20.6186],[105.8127,20.6166],[105.8076,20.6127],[105.8057,20.6094],[105.8079,20.6061],[105.8113,20.6046],[105.8085,20.6022],[105.8066,20.5989],[105.8037,20.5988],[105.8031,20.5928],[105.8009,20.5893],[105.8014,20.5841],[105.7992,20.5806],[105.8087,20.5795],[105.8188,20.5875],[105.8206,20.5957],[105.8249,20.5996],[105.8303,20.6013],[105.8411,20.6036],[105.843,20.6027],[105.8462,20.603],[105.8504,20.6049],[105.854,20.6078],[105.8587,20.6025],[105.8617,20.6038],[105.8559,20.6097],[105.8555,20.6108],[105.8434,20.6181],[105.8424,20.6216],[105.8416,20.6295],[105.84,20.6332],[105.8435,20.6336],[105.8463,20.6357],[105.8463,20.6394],[105.8526,20.64],[105.8524,20.6434],[105.8546,20.6465],[105.8505,20.651],[105.8431,20.6562],[105.8402,20.6572],[105.8396,20.6597],[105.8287,20.6635]]]},"properties":{"ma_xa":"13396","ten_xa":"Nguyễn Uý","sap_nhap":"Tượng Lĩnh, Tân Sơn, Nguyễn Úy","tru_so":"đang cập nhật","loai":"Phường","cap":2,"stt":117,"dtich_km2":24.21,"dan_so":27676,"matdo_km2":1143.16,"ma_tinh":"37","ten_tinh":"Ninh Bình"}},
{"type":"Feature","geometry":{"type":"Polygon","coordinates":[[[106.1716,20.5501],[106.1686,20.5557],[106.166,20.5584],[106.1599,20.5627],[106.1536,20.5657],[106.1408,20.5698],[106.1394,20.5675],[106.1319,20.5671],[106.1288,20.5639],[106.1284,20.5548],[106.1203,20.555],[106.118,20.5577],[106.1125,20.5576],[106.1094,20.5567],[106.1091,20.5543],[106.1121,20.5516],[106.1133,20.5456],[106.1157,20.5461],[106.1198,20.5354],[106.1158,20.5324],[106.1108,20.5307],[106.1069,20.5304],[106.107,20.522],[106.1057,20.5211],[106.1121,20.515],[106.113,20.5156],[106.1173,20.5098],[106.1283,20.5177],[106.1337,20.5225],[106.1382,20.5229],[106.14,20.5208],[106.1419,20.514],[106.1418,20.5082],[106.1441,20.5091],[106.1501,20.5085],[106.1516,20.5102],[106.152,20.5168],[106.1502,20.5166],[106.1444,20.5258],[106.1421,20.5244],[106.14,20.5251],[106.1415,20.5324],[106.1403,20.536],[106.1437,20.5354],[106.1542,20.5391],[106.155,20.538],[106.1592,20.5396],[106.1618,20.5347],[106.1631,20.5363],[106.1628,20.5405],[106.1653,20.5462],[106.1667,20.5477],[106.1716,20.5501]]]},"properties":{"ma_xa":"13609","ten_xa":"Nhân Hà","sap_nhap":"Nhân Thịnh, Nhân Mỹ, Xuân Khê","tru_so":"đang cập nhật","loai":"Xã","cap":2,"stt":47,"dtich_km2":23.98,"dan_so":24535,"matdo_km2":1023.14,"ma_tinh":"37","ten_tinh":"Ninh Bình"}},
{"type":"Feature","geometry":{"type":"Polygon","coordinates":[[[105.7727,20.314],[105.7723,20.3163],[105.7743,20.322],[105.7722,20.3239],[105.77,20.3229],[105.769,20.3187],[105.7667,20.3187],[105.7633,20.3213],[105.7568,20.323],[105.7549,20.3255],[105.7523,20.3266],[105.751,20.3302],[105.7467,20.3304],[105.7398,20.3342],[105.7381,20.3362],[105.7357,20.3358],[105.7329,20.3379],[105.7299,20.3377],[105.7277,20.3338],[105.723,20.3288],[105.7114,20.3245],[105.708,20.3265],[105.7035,20.3248],[105.7048,20.3221],[105.7009,20.3202],[105.6969,20.314],[105.6933,20.3125],[105.6925,20.3106],[105.6925,20.309],[105.6978,20.3048],[105.6986,20.3029],[105.7011,20.3018],[105.7004,20.2989],[105.7053,20.2977],[105.7062,20.2949],[105.7091,20.2929],[105.7131,20.292],[105.7148,20.2877],[105.7141,20.2867],[105.719,20.2826],[105.7201,20.2804],[105.7252,20.2846],[105.7274,20.2831],[105.7325,20.289],[105.7343,20.2923],[105.7374,20.2927],[105.7392,20.29],[105.7369,20.2886],[105.7426,20.2848],[105.7461,20.286],[105.7464,20.2904],[105.7552,20.2912],[105.7558,20.2901],[105.7607,20.2935],[105.7643,20.2919],[105.7682,20.2945],[105.7682,20.2972],[105.773,20.2996],[105.7794,20.3065],[105.774,20.3086],[105.7727,20.314]]]},"properties":{"ma_xa":"14428","ten_xa":"Nho Quan","sap_nhap":"Nho Quan (thị trấn), Đồng Phong, Yên Quang","tru_so":"đang cập nhật","loai":"Xã","cap":2,"stt":7,"dtich_km2":32.62,"dan_so":33204,"matdo_km2":1017.9,"ma_tinh":"37","ten_tinh":"Ninh Bình"}},
{"type":"Feature","geometry":{"type":"Polygon","coordinates":[[[106.2107,20.1603],[106.2139,20.1706],[106.2158,20.1806],[106.2174,20.1873],[106.2185,20.187],[106.2198,20.1931],[106.2201,20.2003],[106.2212,20.2046],[106.2228,20.2075],[106.2251,20.2075],[106.226,20.2126],[106.2228,20.2195],[106.2192,20.2226],[106.211,20.2164],[106.1972,20.2073],[106.1906,20.202],[106.1876,20.1981],[106.1849,20.1929],[106.1814,20.182],[106.1791,20.1671],[106.1786,20.1614],[106.1777,20.1446],[106.1782,20.1427],[106.1808,20.1425],[106.1867,20.1589],[106.1972,20.1585],[106.2107,20.1603]]]},"properties":{"ma_xa":"14077","ten_xa":"Ninh Cường","sap_nhap":"Ninh Cường (thị trấn), Trực Cường, Trực Hùng","tru_so":"đang cập nhật","loai":"Xã","cap":2,"stt":71,"dtich_km2":22.28,"dan_so":32887,"matdo_km2":1476.08,"ma_tinh":"37","ten_tinh":"Ninh Bình"}},
{"type":"Feature","geometry":{"type":"Polygon","coordinates":[[[106.3242,20.2979],[106.3178,20.2961],[106.3149,20.2967],[106.3124,20.3001],[106.3118,20.3064],[106.312,20.3169],[106.3111,20.3233],[106.3122,20.3323],[106.3179,20.3394],[106.3198,20.3433],[106.3193,20.3449],[106.3152,20.3451],[106.3072,20.3421],[106.3029,20.3412],[106.2962,20.3409],[106.2849,20.3332],[106.2784,20.3297],[106.2825,20.3254],[106.2804,20.3234],[106.2854,20.3169],[106.2847,20.3161],[106.2906,20.3098],[106.2912,20.3082],[106.2816,20.3026],[106.2805,20.3001],[106.2835,20.2984],[106.2846,20.2962],[106.2854,20.2906],[106.2865,20.2898],[106.29,20.2811],[106.2928,20.277],[106.2916,20.2739],[106.2922,20.2718],[106.2975,20.2721],[106.3005,20.2734],[106.3031,20.2766],[106.3078,20.2774],[106.3102,20.2786],[106.3141,20.2821],[106.317,20.2819],[106.3227,20.279],[106.3251,20.2792],[106.3297,20.2911],[106.33,20.295],[106.3286,20.2979],[106.3242,20.2979]]]},"properties":{"ma_xa":"14038","ten_xa":"Ninh Giang","sap_nhap":"Trực Chính, Phương Định, Liêm Hải","tru_so":"đang cập nhật","loai":"Xã","cap":2,"stt":66,"dtich_km2":23.69,"dan_so":38745,"matdo_km2":1635.5,"ma_tinh":"37","ten_tinh":"Ninh Bình"}},
{"type":"Feature","geometry":{"type":"Polygon","coordinates":[[[106.1203,20.0533],[106.1188,20.0552],[106.115,20.0562],[106.0792,20.1266],[106.0781,20.1262],[106.0735,20.1311],[106.0713,20.1339],[106.0638,20.1278],[106.0676,20.1246],[106.0712,20.1237],[106.0609,20.1182],[106.0764,20.0884],[106.0804,20.08],[106.0962,20.0499],[106.1025,20.0377],[106.1033,20.0306],[106.1096,20.0349],[106.1133,20.0349],[106.1142,20.0445],[106.1169,20.0507],[106.1203,20.0533]]]},"properties":{"ma_xa":"14620","ten_xa":"Phát Diệm","sap_nhap":"Phát Diệm (thị trấn), Thượng Kiệm, Kim Chính","tru_so":"đang cập nhật","loai":"Xã","cap":2,"stt":27,"dtich_km2":23.1,"dan_so":37617,"matdo_km2":1628.44,"ma_tinh":"37","ten_tinh":"Ninh Bình"}},
{"type":"Feature","geometry":{"type":"Polygon","coordinates":[[[105.9966,20.3665],[105.9922,20.3732],[105.9845,20.3832],[105.9803,20.3833],[105.9806,20.3805],[105.9761,20.377],[105.9732,20.3713],[105.971,20.3706],[105.9698,20.373],[105.9669,20.3747],[105.9607,20.3733],[105.9559,20.3826],[105.9579,20.3837],[105.9567,20.3861],[105.9636,20.3899],[105.9621,20.3936],[105.9511,20.3877],[105.9496,20.389],[105.9448,20.3883],[105.9421,20.3984],[105.9388,20.3989],[105.9311,20.3978],[105.9274,20.3993],[105.9252,20.3978],[105.9238,20.3951],[105.9259,20.3814],[105.9279,20.3781],[105.9324,20.3751],[105.9366,20.3757],[105.9347,20.3716],[105.9348,20.368],[105.9371,20.364],[105.9368,20.3593],[105.9377,20.3563],[105.9424,20.3548],[105.9495,20.3556],[105.9535,20.3545],[105.9541,20.3525],[105.9532,20.3485],[105.9497,20.3399],[105.9467,20.3362],[105.9425,20.3331],[105.9368,20.3299],[105.9361,20.3274],[105.9393,20.3255],[105.954,20.3192],[105.9552,20.3232],[105.9633,20.3247],[105.9659,20.3264],[105.9683,20.3304],[105.9708,20.3273],[105.9793,20.3372],[105.991,20.3439],[105.9989,20.3418],[105.9989,20.3455],[105.9947,20.3613],[105.9948,20.3645],[105.9966,20.3665]]]},"properties":{"ma_xa":"13822","ten_xa":"Phong Doanh","sap_nhap":"Phú Hưng, Yên Thọ, Yên Chính","tru_so":"đang cập nhật","loai":"Xã","cap":2,"stt":64,"dtich_km2":34.98,"dan_so":37231,"matdo_km2":1064.35,"ma_tinh":"37","ten_tinh":"Ninh Bình"}},
{"type":"Feature","geometry":{"type":"Polygon","coordinates":[[[105.7489,20.2565],[105.7432,20.2558],[105.7408,20.2535],[105.7348,20.2541],[105.7365,20.2485],[105.7363,20.2419],[105.7388,20.2397],[105.7389,20.2342],[105.7319,20.236],[105.7267,20.2346],[105.7217,20.2295],[105.7146,20.2326],[105.7125,20.2297],[105.7023,20.2303],[105.6947,20.2326],[105.6935,20.2309],[105.6947,20.2261],[105.6961,20.2251],[105.6927,20.2214],[105.694,20.2213],[105.701,20.218],[105.7037,20.215],[105.7109,20.2117],[105.7142,20.2084],[105.716,20.2084],[105.7184,20.2061],[105.7233,20.2051],[105.727,20.2008],[105.7307,20.1994],[105.7323,20.1953],[105.7357,20.1938],[105.7379,20.1941],[105.7421,20.1871],[105.7398,20.1852],[105.7477,20.1826],[105.7501,20.1822],[105.7584,20.1787],[105.7619,20.1789],[105.7641,20.1777],[105.768,20.1774],[105.771,20.1759],[105.7724,20.177],[105.7753,20.1762],[105.777,20.1723],[105.782,20.1729],[105.7868,20.1704],[105.7928,20.171],[105.7962,20.1716],[105.8001,20.169],[105.8036,20.1685],[105.8049,20.1712],[105.8075,20.1722],[105.8136,20.1697],[105.8178,20.1686],[105.8195,20.1706],[105.8192,20.1755],[105.8218,20.1795],[105.8262,20.1797],[105.8284,20.1812],[105.8313,20.1881],[105.8266,20.1948],[105.8227,20.1966],[105.8235,20.1992],[105.8202,20.2033],[105.8194,20.2064],[105.823,20.2084],[105.8242,20.2143],[105.8243,20.216],[105.8213,20.2182],[105.8217,20.2232],[105.8154,20.2286],[105.8137,20.2269],[105.8112,20.2303],[105.8041,20.2299],[105.8009,20.2281],[105.7986,20.2281],[105.7932,20.226],[105.7902,20.2287],[105.7865,20.2333],[105.785,20.2381],[105.7782,20.237],[105.7774,20.234],[105.7724,20.2351],[105.7685,20.2385],[105.768,20.2406],[105.7602,20.2485],[105.7587,20.249],[105.7556,20.2539],[105.751,20.2551],[105.7489,20.2565]]]},"properties":{"ma_xa":"14458","ten_xa":"Phú Long","sap_nhap":"Kỳ Phú, Phú Long","tru_so":"đang cập nhật","loai":"Xã","cap":2,"stt":12,"dtich_km2":74.79,"dan_so":13685,"matdo_km2":182.98,"ma_tinh":"37","ten_tinh":"Ninh Bình"}},
{"type":"Feature","geometry":{"type":"Polygon","coordinates":[[[105.936,20.5504],[105.9361,20.5475],[105.9314,20.5437],[105.925,20.5417],[105.9222,20.5451],[105.9155,20.5484],[105.9144,20.5498],[105.9107,20.5506],[105.91,20.5427],[105.9128,20.5293],[105.9131,20.5237],[105.9116,20.5176],[105.9093,20.514],[105.9123,20.5132],[105.9139,20.5108],[105.917,20.5112],[105.9174,20.5154],[105.9231,20.5164],[105.9255,20.514],[105.9281,20.5142],[105.9285,20.5166],[105.9367,20.5185],[105.9402,20.5149],[105.9449,20.5173],[105.9444,20.5199],[105.9422,20.5229],[105.9488,20.5284],[105.9499,20.5303],[105.9494,20.5381],[105.9446,20.5404],[105.9382,20.542],[105.9384,20.5479],[105.936,20.5504]]]},"properties":{"ma_xa":"13285","ten_xa":"Phủ Lý","sap_nhap":"Châu Cầu, Thanh Châu, Liêm Chính, Quang Trung (thành phố Phủ Lý, 1 phần)","tru_so":"đang cập nhật","loai":"Phường","cap":2,"stt":107,"dtich_km2":11.84,"dan_so":62893,"matdo_km2":5311.91,"ma_tinh":"37","ten_tinh":"Ninh Bình"}},
{"type":"Feature","geometry":{"type":"Polygon","coordinates":[[[105.6972,20.412],[105.6911,20.4121],[105.6882,20.4106],[105.686,20.411],[105.6848,20.4066],[105.6884,20.4024],[105.6915,20.4038],[105.6947,20.4027],[105.698,20.3961],[105.696,20.3931],[105.6929,20.394],[105.6927,20.3917],[105.6952,20.3906],[105.6978,20.3875],[105.7038,20.3863],[105.7064,20.3844],[105.7069,20.3793],[105.7046,20.3755],[105.708,20.3692],[105.7125,20.3657],[105.71,20.3602],[105.7141,20.3577],[105.7153,20.3538],[105.7187,20.3507],[105.7189,20.3489],[105.7233,20.3446],[105.7246,20.342],[105.7298,20.339],[105.7299,20.3377],[105.7329,20.3379],[105.7357,20.3358],[105.7381,20.3362],[105.7398,20.3342],[105.7467,20.3304],[105.751,20.3302],[105.7523,20.3266],[105.7549,20.3255],[105.7568,20.323],[105.7633,20.3213],[105.7667,20.3187],[105.769,20.3187],[105.77,20.3229],[105.7722,20.3239],[105.7743,20.322],[105.7723,20.3163],[105.7727,20.314],[105.7795,20.3157],[105.7845,20.3197],[105.7842,20.3216],[105.781,20.3237],[105.7802,20.3285],[105.7824,20.3302],[105.7833,20.3366],[105.7814,20.3382],[105.7812,20.3413],[105.779,20.3443],[105.7796,20.3459],[105.7757,20.3492],[105.7717,20.3472],[105.7643,20.3507],[105.7622,20.3469],[105.7582,20.3466],[105.7576,20.3499],[105.7594,20.3508],[105.7583,20.356],[105.7557,20.3612],[105.7574,20.3627],[105.7564,20.3648],[105.7572,20.3672],[105.7466,20.3671],[105.7454,20.3722],[105.7463,20.3795],[105.7459,20.3822],[105.7419,20.3843],[105.7332,20.3848],[105.7298,20.3857],[105.7297,20.3895],[105.7319,20.3972],[105.728,20.3996],[105.7283,20.4019],[105.725,20.4019],[105.7194,20.4074],[105.7115,20.4084],[105.7053,20.412],[105.7011,20.4097],[105.6972,20.412]]]},"properties":{"ma_xa":"14407","ten_xa":"Phú Sơn","sap_nhap":"Thạch Bình, Lạc Vân, Phú Sơn","tru_so":"đang cập nhật","loai":"Xã","cap":2,"stt":10,"dtich_km2":41.12,"dan_so":22712,"matdo_km2":552.33,"ma_tinh":"37","ten_tinh":"Ninh Bình"}},
{"type":"Feature","geometry":{"type":"Polygon","coordinates":[[[105.9107,20.5506],[105.9139,20.556],[105.9155,20.5623],[105.9187,20.5648],[105.92,20.5693],[105.9199,20.5856],[105.912,20.5868],[105.9096,20.5855],[105.9014,20.5789],[105.8983,20.5819],[105.895,20.5802],[105.8861,20.5791],[105.8853,20.5749],[105.8901,20.5717],[105.8912,20.5688],[105.8903,20.5627],[105.891,20.559],[105.8957,20.5519],[105.8926,20.5508],[105.8915,20.5484],[105.893,20.547],[105.8888,20.5421],[105.8883,20.5404],[105.8924,20.5382],[105.8942,20.5355],[105.892,20.5339],[105.8968,20.5283],[105.9038,20.5274],[105.9048,20.5289],[105.9128,20.5293],[105.91,20.5427],[105.9107,20.5506]]]},"properties":{"ma_xa":"13291","ten_xa":"Phù Vân","sap_nhap":"Lê Hồng Phong, Kim Bình, Phù Vân","tru_so":"đang cập nhật","loai":"Phường","cap":2,"stt":108,"dtich_km2":19.34,"dan_so":40927,"matdo_km2":2116.18,"ma_tinh":"37","ten_tinh":"Ninh Bình"}},
{"type":"Feature","geometry":{"type":"Polygon","coordinates":[[[106.2215,20.2241],[106.2201,20.2268],[106.2181,20.2406],[106.2182,20.2472],[106.2139,20.2476],[106.214,20.2499],[106.2103,20.2492],[106.2097,20.2511],[106.2056,20.2507],[106.203,20.2632],[106.198,20.2612],[106.1976,20.2625],[106.1928,20.2603],[106.1918,20.2625],[106.1887,20.2617],[106.1879,20.2582],[106.1843,20.2572],[106.1814,20.2553],[106.1805,20.252],[106.1775,20.2524],[106.1757,20.249],[106.1788,20.2471],[106.1814,20.238],[106.1813,20.234],[106.1828,20.2301],[106.1879,20.2325],[106.1896,20.2323],[106.1922,20.2277],[106.1941,20.2265],[106.1943,20.2232],[106.1971,20.2214],[106.1959,20.2182],[106.1961,20.212],[106.1972,20.2073],[106.211,20.2164],[106.2192,20.2226],[106.2215,20.2241]]]},"properties":{"ma_xa":"14062","ten_xa":"Quang Hưng","sap_nhap":"Trực Khang, Trực Mỹ, Trực Thuận","tru_so":"đang cập nhật","loai":"Xã","cap":2,"stt":69,"dtich_km2":15.89,"dan_so":20701,"matdo_km2":1302.77,"ma_tinh":"37","ten_tinh":"Ninh Bình"}},
{"type":"Feature","geometry":{"type":"Polygon","coordinates":[[[106.0919,20.1423],[106.0907,20.1417],[106.0877,20.1461],[106.0833,20.1419],[106.0915,20.1326],[106.0924,20.1308],[106.0856,20.1286],[106.0772,20.1395],[106.0733,20.1356],[106.0756,20.133],[106.0735,20.1311],[106.0781,20.1262],[106.0792,20.1266],[106.115,20.0562],[106.1188,20.0552],[106.1203,20.0533],[106.126,20.056],[106.1322,20.0576],[106.137,20.0602],[106.134,20.0652],[106.0983,20.1327],[106.0919,20.1423]]]},"properties":{"ma_xa":"14647","ten_xa":"Quang Thiện","sap_nhap":"Như Hòa, Đồng Hướng, Quang Thiện","tru_so":"đang cập nhật","loai":"Xã","cap":2,"stt":26,"dtich_km2":20.73,"dan_so":26860,"matdo_km2":1295.71,"ma_tinh":"37","ten_tinh":"Ninh Bình"}},
{"type":"Feature","geometry":{"type":"Polygon","coordinates":[[[106.2094,20.0714],[106.2045,20.0715],[106.1907,20.0601],[106.1867,20.0598],[106.1861,20.0633],[106.167,20.0612],[106.1672,20.0591],[106.1589,20.0603],[106.1601,20.0633],[106.152,20.0637],[106.1443,20.0654],[106.1416,20.0665],[106.137,20.0602],[106.1322,20.0576],[106.126,20.056],[106.1383,20.052],[106.1447,20.0502],[106.1448,20.045],[106.1501,20.0434],[106.1499,20.0377],[106.1512,20.0374],[106.1521,20.0023],[106.156,20.0023],[106.1562,19.9978],[106.1525,19.9969],[106.1553,19.9928],[106.1608,19.9926],[106.1777,19.9993],[106.1711,20.0215],[106.1753,20.0227],[106.1738,20.0278],[106.1766,20.0285],[106.1756,20.0338],[106.1796,20.0344],[106.1822,20.0335],[106.1819,20.0377],[106.1867,20.0392],[106.1874,20.0346],[106.1898,20.0339],[106.1907,20.0359],[106.196,20.0371],[106.1994,20.035],[106.2008,20.0331],[106.2049,20.0315],[106.2062,20.0341],[106.2094,20.0435],[106.21,20.05],[106.2087,20.0543],[106.208,20.0623],[106.2094,20.0714]]]},"properties":{"ma_xa":"13939","ten_xa":"Quỹ Nhất","sap_nhap":"Quỹ Nhất (thị trấn), Nghĩa Thành, Nghĩa Lợi","tru_so":"đang cập nhật","loai":"Xã","cap":2,"stt":95,"dtich_km2":32.7,"dan_so":32984,"matdo_km2":1008.69,"ma_tinh":"37","ten_tinh":"Ninh Bình"}},
{"type":"Feature","geometry":{"type":"Polygon","coordinates":[[[105.8169,20.2615],[105.8166,20.2578],[105.8137,20.2552],[105.8076,20.256],[105.8016,20.2602],[105.7993,20.2628],[105.7986,20.2655],[105.7939,20.2637],[105.796,20.262],[105.7929,20.2598],[105.7907,20.2629],[105.7885,20.2579],[105.7885,20.2551],[105.7842,20.2514],[105.783,20.249],[105.7789,20.2458],[105.768,20.2406],[105.7685,20.2385],[105.7724,20.2351],[105.7774,20.234],[105.7782,20.237],[105.785,20.2381],[105.7865,20.2333],[105.7902,20.2287],[105.7932,20.226],[105.7986,20.2281],[105.8009,20.2281],[105.8041,20.2299],[105.8112,20.2303],[105.8137,20.2269],[105.8154,20.2286],[105.8217,20.2232],[105.8213,20.2182],[105.8243,20.216],[105.8242,20.2143],[105.8321,20.213],[105.8361,20.2138],[105.8388,20.2168],[105.8369,20.2195],[105.8424,20.2231],[105.8436,20.2224],[105.8473,20.2271],[105.8496,20.2367],[105.8515,20.2389],[105.8486,20.2439],[105.8454,20.2459],[105.8441,20.2482],[105.8396,20.2484],[105.8378,20.2506],[105.8371,20.2536],[105.8348,20.2572],[105.8325,20.258],[105.8273,20.2626],[105.8169,20.2615]]]},"properties":{"ma_xa":"14452","ten_xa":"Quỳnh Lưu","sap_nhap":"Phú Lộc, Quỳnh Lưu","tru_so":"đang cập nhật","loai":"Xã","cap":2,"stt":14,"dtich_km2":26.49,"dan_so":18035,"matdo_km2":680.82,"ma_tinh":"37","ten_tinh":"Ninh Bình"}},
{"type":"Feature","geometry":{"type":"Polygon","coordinates":[[[106.2049,20.0315],[106.2008,20.0331],[106.1994,20.035],[106.196,20.0371],[106.1907,20.0359],[106.1898,20.0339],[106.1874,20.0346],[106.1867,20.0392],[106.1819,20.0377],[106.1822,20.0335],[106.1796,20.0344],[106.1756,20.0338],[106.1766,20.0285],[106.1738,20.0278],[106.1753,20.0227],[106.1711,20.0215],[106.1777,19.9993],[106.1608,19.9926],[106.1553,19.9928],[106.1525,19.9969],[106.1477,19.9995],[106.1439,19.9995],[106.1328,19.9966],[106.1171,19.9965],[106.1168,19.9896],[106.1063,19.9895],[106.1034,19.9808],[106.1034,19.9716],[106.0948,19.969],[106.0948,19.9639],[106.0962,19.9549],[106.0984,19.9494],[106.1042,19.9395],[106.1064,19.935],[106.1092,19.9353],[106.1105,19.9285],[106.1099,19.926],[106.107,19.9206],[106.1045,19.9172],[106.0997,19.9122],[106.0956,19.9073],[106.0938,19.9036],[106.097,19.9026],[106.0976,19.8987],[106.0938,19.8972],[106.0937,19.894],[106.0898,19.8935],[106.0894,19.8915],[106.092,19.8867],[106.0913,19.8848],[106.0985,19.8864],[106.1046,19.889],[106.1098,19.8936],[106.1215,19.905],[106.1327,19.9183],[106.1413,19.9295],[106.1489,19.9405],[106.1491,19.9448],[106.1505,19.9471],[106.1544,19.9442],[106.158,19.9492],[106.16,19.9508],[106.1648,19.9584],[106.1702,19.963],[106.1754,19.9685],[106.174,19.9696],[106.1795,19.9777],[106.179,19.9802],[106.1827,19.9824],[106.1862,19.9905],[106.1885,19.9944],[106.1891,20.0012],[106.1888,20.0051],[106.1942,20.005],[106.1965,20.0094],[106.1983,20.0198],[106.2008,20.025],[106.2049,20.0315]]]},"properties":{"ma_xa":"13894","ten_xa":"Rạng Đông","sap_nhap":"Nam Điền (huyện Nghĩa Hưng), Phúc Thắng, Rạng Đông (thị trấn)","tru_so":"đang cập nhật","loai":"Xã","cap":2,"stt":97,"dtich_km2":32.39,"dan_so":30956,"matdo_km2":955.73,"ma_tinh":"37","ten_tinh":"Ninh Bình"}},
{"type":"Feature","geometry":{"type":"Polygon","coordinates":[[[105.8587,20.6025],[105.854,20.6078],[105.8504,20.6049],[105.8462,20.603],[105.843,20.6027],[105.8411,20.6036],[105.8303,20.6013],[105.8249,20.5996],[105.8206,20.5957],[105.8188,20.5875],[105.8087,20.5795],[105.7992,20.5806],[105.7987,20.5767],[105.7969,20.5742],[105.7965,20.5697],[105.7947,20.5676],[105.7902,20.5664],[105.7844,20.5665],[105.7787,20.5658],[105.7763,20.5647],[105.7687,20.5653],[105.7705,20.5623],[105.7704,20.56],[105.7717,20.5544],[105.7735,20.5497],[105.7773,20.5464],[105.7839,20.5388],[105.7853,20.5363],[105.7867,20.532],[105.7884,20.5302],[105.7876,20.5277],[105.7908,20.5245],[105.7928,20.5191],[105.7922,20.5165],[105.7947,20.5149],[105.7951,20.5117],[105.8011,20.5138],[105.8036,20.5106],[105.8035,20.5045],[105.8061,20.4995],[105.8102,20.499],[105.8096,20.5026],[105.8201,20.506],[105.8223,20.5082],[105.8245,20.5212],[105.8238,20.523],[105.8285,20.5279],[105.8275,20.5328],[105.8254,20.5349],[105.8274,20.5367],[105.8266,20.5421],[105.8267,20.5457],[105.829,20.5487],[105.8297,20.552],[105.8286,20.5539],[105.8314,20.5584],[105.8306,20.5615],[105.8402,20.5692],[105.8432,20.5733],[105.8426,20.5744],[105.8398,20.5736],[105.8373,20.5743],[105.8373,20.5766],[105.8445,20.5798],[105.8461,20.5823],[105.8489,20.5798],[105.8547,20.5821],[105.8519,20.5857],[105.8512,20.5878],[105.8533,20.594],[105.8575,20.5977],[105.8613,20.5951],[105.8662,20.5937],[105.8627,20.596],[105.8574,20.6018],[105.8587,20.6025]]]},"properties":{"ma_xa":"13420","ten_xa":"Tam Chúc","sap_nhap":"Ba Sao, Khả Phong, Thuỵ Lôi","tru_so":"đang cập nhật","loai":"Phường","cap":2,"stt":120,"dtich_km2":46.56,"dan_so":18114,"matdo_km2":389.05,"ma_tinh":"37","ten_tinh":"Ninh Bình"}},
{"type":"Feature","geometry":{"type":"Polygon","coordinates":[[[105.9294,20.162],[105.9265,20.1639],[105.9161,20.1681],[105.9107,20.171],[105.907,20.1742],[105.9031,20.1726],[105.9,20.1751],[105.8962,20.1741],[105.8908,20.175],[105.89,20.1773],[105.8859,20.1785],[105.879,20.1769],[105.8769,20.1778],[105.8738,20.1764],[105.8725,20.1791],[105.8693,20.181],[105.8571,20.1828],[105.854,20.1811],[105.8526,20.1828],[105.8488,20.1843],[105.8455,20.1866],[105.8395,20.1877],[105.8313,20.1881],[105.8284,20.1812],[105.8262,20.1797],[105.8218,20.1795],[105.8192,20.1755],[105.8195,20.1706],[105.8178,20.1686],[105.8136,20.1697],[105.8075,20.1722],[105.8049,20.1712],[105.8036,20.1685],[105.8001,20.169],[105.7962,20.1716],[105.7928,20.171],[105.7954,20.1671],[105.8,20.1652],[105.8016,20.1625],[105.8055,20.1621],[105.8086,20.1578],[105.8124,20.1573],[105.8157,20.1556],[105.821,20.1524],[105.8265,20.1528],[105.828,20.1514],[105.8316,20.1506],[105.8323,20.1465],[105.8355,20.1423],[105.839,20.1408],[105.8417,20.1426],[105.8447,20.1417],[105.8471,20.1396],[105.8494,20.1397],[105.8547,20.1378],[105.8567,20.1361],[105.8571,20.138],[105.8599,20.1425],[105.8689,20.1444],[105.8728,20.1432],[105.8821,20.146],[105.896,20.148],[105.8994,20.1497],[105.9111,20.1538],[105.9179,20.1554],[105.9206,20.1569],[105.9234,20.1601],[105.9294,20.162]]]},"properties":{"ma_xa":"14362","ten_xa":"Tam Điệp","sap_nhap":"Bắc Sơn, Tây Sơn, Quang Sơn","tru_so":"đang cập nhật","loai":"Phường","cap":2,"stt":102,"dtich_km2":41.2,"dan_so":26845,"matdo_km2":651.58,"ma_tinh":"37","ten_tinh":"Ninh Bình"}},
{"type":"Feature","geometry":{"type":"Polygon","coordinates":[[[105.9818,20.4407],[105.9769,20.4391],[105.9772,20.4337],[105.974,20.4269],[105.9738,20.4232],[105.9686,20.424],[105.9688,20.4255],[105.9638,20.4251],[105.9627,20.422],[105.9609,20.422],[105.958,20.4176],[105.9548,20.4148],[105.9483,20.4134],[105.9502,20.4036],[105.9421,20.3984],[105.9448,20.3883],[105.9496,20.389],[105.9511,20.3877],[105.9621,20.3936],[105.9636,20.3899],[105.9567,20.3861],[105.9579,20.3837],[105.9559,20.3826],[105.9607,20.3733],[105.9669,20.3747],[105.9698,20.373],[105.971,20.3706],[105.9732,20.3713],[105.9761,20.377],[105.9806,20.3805],[105.9803,20.3833],[105.9845,20.3832],[105.9922,20.3732],[105.9966,20.3665],[105.9989,20.367],[106.0044,20.3702],[106.0063,20.3692],[106.0074,20.366],[106.0123,20.3657],[106.0237,20.3676],[106.0298,20.3614],[106.0293,20.3566],[106.0315,20.3544],[106.0396,20.3584],[106.0421,20.3583],[106.0443,20.3599],[106.0475,20.3593],[106.0467,20.3632],[106.044,20.3628],[106.041,20.3648],[106.0388,20.3692],[106.0411,20.372],[106.0382,20.3779],[106.0414,20.3785],[106.0427,20.3812],[106.0418,20.3861],[106.0444,20.3865],[106.0419,20.3896],[106.0438,20.3912],[106.0468,20.3967],[106.0443,20.4032],[106.0424,20.4027],[106.037,20.3992],[106.0306,20.3986],[106.0283,20.4019],[106.0211,20.4027],[106.0134,20.3995],[106.0047,20.4025],[106.0005,20.3998],[106.0018,20.3963],[105.9956,20.3954],[105.9969,20.3979],[105.9927,20.4003],[105.9912,20.4037],[105.9894,20.4039],[105.9895,20.4106],[105.9911,20.4107],[105.99,20.4171],[105.991,20.4185],[105.993,20.4257],[105.9949,20.4275],[105.9941,20.4294],[105.9875,20.429],[105.9862,20.4318],[105.9822,20.4313],[105.9818,20.4407]]]},"properties":{"ma_xa":"13807","ten_xa":"Tân Minh","sap_nhap":"Trung Nghĩa, Tân Minh","tru_so":"đang cập nhật","loai":"Xã","cap":2,"stt":63,"dtich_km2":44.65,"dan_so":34937,"matdo_km2":782.46,"ma_tinh":"37","ten_tinh":"Ninh Bình"}},
{"type":"Feature","geometry":{"type":"Polygon","coordinates":[[[105.957,20.4842],[105.9547,20.4895],[105.952,20.4898],[105.9501,20.4913],[105.9491,20.4943],[105.9468,20.4943],[105.9477,20.4988],[105.9437,20.5013],[105.9436,20.505],[105.9393,20.5033],[105.9366,20.4946],[105.9352,20.4949],[105.9338,20.4909],[105.9348,20.4883],[105.9344,20.4826],[105.931,20.4824],[105.9249,20.4856],[105.9199,20.487],[105.9148,20.4869],[105.9126,20.4845],[105.9084,20.4846],[105.9081,20.4891],[105.8901,20.4876],[105.8887,20.4909],[105.8861,20.4907],[105.8829,20.4928],[105.8802,20.4928],[105.8788,20.4947],[105.878,20.4989],[105.8721,20.4979],[105.8679,20.4931],[105.8625,20.4921],[105.8569,20.4894],[105.856,20.483],[105.8566,20.4801],[105.8524,20.4782],[105.8513,20.4632],[105.8524,20.4523],[105.8587,20.4511],[105.863,20.4515],[105.867,20.4544],[105.8654,20.4576],[105.8671,20.4622],[105.8696,20.4629],[105.8704,20.4656],[105.8742,20.4676],[105.8799,20.4692],[105.8816,20.4689],[105.8859,20.4704],[105.89,20.4701],[105.8906,20.4712],[105.9011,20.4645],[105.9072,20.4658],[105.9069,20.4628],[105.9098,20.4618],[105.9181,20.4638],[105.9178,20.4614],[105.9206,20.4596],[105.9273,20.459],[105.9292,20.456],[105.9332,20.4531],[105.933,20.4517],[105.9378,20.4514],[105.9374,20.4496],[105.9429,20.4491],[105.9475,20.4521],[105.9493,20.4555],[105.9478,20.4575],[105.9475,20.4606],[105.9519,20.4669],[105.9543,20.4654],[105.958,20.4658],[105.9594,20.4688],[105.9567,20.4706],[105.9568,20.474],[105.9593,20.4774],[105.957,20.4842]]]},"properties":{"ma_xa":"13474","ten_xa":"Tân Thanh","sap_nhap":"Tân Thanh (thị trấn), Thanh Thủy, Thanh Phong","tru_so":"đang cập nhật","loai":"Xã","cap":2,"stt":38,"dtich_km2":36.35,"dan_so":26315,"matdo_km2":723.93,"ma_tinh":"37","ten_tinh":"Ninh Bình"}},
{"type":"Feature","geometry":{"type":"Polygon","coordinates":[[[105.954,20.3192],[105.9393,20.3255],[105.9361,20.3274],[105.9272,20.3243],[105.9171,20.3201],[105.9103,20.3181],[105.9059,20.3128],[105.9019,20.3052],[105.8992,20.2999],[105.8955,20.2963],[105.8894,20.2913],[105.8865,20.2898],[105.8807,20.2901],[105.8751,20.2946],[105.8735,20.2997],[105.8714,20.3019],[105.8668,20.3027],[105.8635,20.2999],[105.8547,20.3012],[105.8482,20.3027],[105.8436,20.2968],[105.841,20.2952],[105.8376,20.2902],[105.8377,20.2854],[105.8391,20.2815],[105.8366,20.2754],[105.8315,20.2726],[105.8238,20.2754],[105.8211,20.275],[105.8183,20.2717],[105.8161,20.2651],[105.8169,20.2615],[105.8273,20.2626],[105.8325,20.258],[105.8348,20.2572],[105.8371,20.2536],[105.8378,20.2506],[105.8396,20.2484],[105.8441,20.2482],[105.8454,20.2459],[105.8486,20.2439],[105.8515,20.2389],[105.8496,20.2367],[105.8473,20.2271],[105.8436,20.2224],[105.8424,20.2231],[105.8369,20.2195],[105.8388,20.2168],[105.8438,20.217],[105.8464,20.2142],[105.8492,20.2159],[105.8524,20.216],[105.8622,20.206],[105.8702,20.1999],[105.8756,20.2046],[105.8787,20.2057],[105.8816,20.2084],[105.8792,20.2108],[105.8851,20.2128],[105.888,20.2188],[105.8854,20.2197],[105.8815,20.224],[105.8788,20.2279],[105.8776,20.2311],[105.879,20.233],[105.8844,20.2352],[105.8961,20.2363],[105.8971,20.2379],[105.896,20.2411],[105.8913,20.2454],[105.8897,20.2498],[105.8916,20.252],[105.8902,20.2549],[105.893,20.256],[105.9029,20.2556],[105.9065,20.2545],[105.9118,20.2557],[105.9156,20.261],[105.9189,20.2614],[105.9221,20.2642],[105.9258,20.2629],[105.9278,20.2666],[105.9312,20.2665],[105.9371,20.2698],[105.9332,20.2722],[105.936,20.2764],[105.9393,20.2843],[105.9391,20.2873],[105.9371,20.2899],[105.9362,20.2933],[105.9421,20.2949],[105.9404,20.3031],[105.947,20.3049],[105.9474,20.3097],[105.9506,20.3111],[105.9517,20.3062],[105.9548,20.3002],[105.9573,20.3004],[105.9659,20.3032],[105.9725,20.3072],[105.9671,20.3127],[105.9627,20.3155],[105.954,20.3192]]]},"properties":{"ma_xa":"14533","ten_xa":"Tây Hoa Lư","sap_nhap":"Ninh Giang, Trường Yên, Ninh Hòa, Phúc Sơn, Gia Sinh, Gia Tân (1 phần)","tru_so":"đang cập nhật","loai":"Phường","cap":2,"stt":98,"dtich_km2":84.96,"dan_so":46648,"matdo_km2":549.06,"ma_tinh":"37","ten_tinh":"Ninh Bình"}},
{"type":"Feature","geometry":{"type":"Polygon","coordinates":[[[105.9809,20.488],[105.9775,20.4901],[105.9766,20.4949],[105.9735,20.4939],[105.9736,20.4982],[105.9691,20.4988],[105.9658,20.4923],[105.9655,20.4867],[105.9603,20.4859],[105.957,20.4842],[105.9593,20.4774],[105.9568,20.474],[105.9567,20.4706],[105.9594,20.4688],[105.958,20.4658],[105.9543,20.4654],[105.9519,20.4669],[105.9475,20.4606],[105.9478,20.4575],[105.9493,20.4555],[105.9475,20.4521],[105.9483,20.4497],[105.9504,20.448],[105.9488,20.4436],[105.9511,20.4413],[105.9515,20.4359],[105.9489,20.4319],[105.9511,20.4296],[105.9512,20.4274],[105.9536,20.4246],[105.9548,20.4148],[105.958,20.4176],[105.9609,20.422],[105.9627,20.422],[105.9638,20.4251],[105.9688,20.4255],[105.9686,20.424],[105.9738,20.4232],[105.974,20.4269],[105.9772,20.4337],[105.9769,20.4391],[105.9818,20.4407],[105.9837,20.4442],[105.9884,20.4456],[105.9886,20.4477],[105.991,20.4499],[105.9907,20.4518],[105.986,20.4546],[105.9851,20.4589],[105.9839,20.4591],[105.9847,20.4658],[105.9844,20.4734],[105.9872,20.4751],[105.9868,20.4783],[105.9844,20.4806],[105.9843,20.4837],[105.9809,20.484],[105.9809,20.488]]]},"properties":{"ma_xa":"13483","ten_xa":"Thanh Bình","sap_nhap":"Liêm Sơn, Liêm Thuận, Liêm Túc","tru_so":"đang cập nhật","loai":"Xã","cap":2,"stt":39,"dtich_km2":23.85,"dan_so":21685,"matdo_km2":909.22,"ma_tinh":"37","ten_tinh":"Ninh Bình"}},
{"type":"Feature","geometry":{"type":"Polygon","coordinates":[[[105.9069,20.4628],[105.9072,20.4658],[105.9011,20.4645],[105.8906,20.4712],[105.89,20.4701],[105.8859,20.4704],[105.8816,20.4689],[105.8799,20.4692],[105.8742,20.4676],[105.8704,20.4656],[105.8696,20.4629],[105.8671,20.4622],[105.8654,20.4576],[105.867,20.4544],[105.863,20.4515],[105.8587,20.4511],[105.8524,20.4523],[105.8523,20.4476],[105.8537,20.4416],[105.8546,20.4334],[105.8537,20.4325],[105.8565,20.4265],[105.8581,20.4262],[105.8629,20.4185],[105.8652,20.4175],[105.8656,20.4148],[105.8682,20.4118],[105.8688,20.4095],[105.8744,20.4073],[105.8777,20.4023],[105.8795,20.3981],[105.8861,20.3922],[105.8886,20.3889],[105.8922,20.3879],[105.8933,20.3864],[105.8923,20.3831],[105.898,20.3786],[105.8985,20.3754],[105.9033,20.3719],[105.9045,20.3734],[105.9094,20.3727],[105.9091,20.3754],[105.9117,20.376],[105.9168,20.3727],[105.9203,20.3638],[105.9252,20.3631],[105.9305,20.3669],[105.9348,20.368],[105.9347,20.3716],[105.9366,20.3757],[105.9324,20.3751],[105.9279,20.3781],[105.9259,20.3814],[105.9238,20.3951],[105.9252,20.3978],[105.9274,20.3993],[105.9263,20.4034],[105.924,20.4048],[105.9206,20.4054],[105.9177,20.4098],[105.9177,20.4177],[105.9168,20.4285],[105.9137,20.429],[105.9099,20.4431],[105.9099,20.4496],[105.9091,20.4558],[105.9069,20.4628]]]},"properties":{"ma_xa":"13489","ten_xa":"Thanh Lâm","sap_nhap":"Thanh Nghị, Thanh Tân, Thanh Hải","tru_so":"đang cập nhật","loai":"Xã","cap":2,"stt":40,"dtich_km2":52.91,"dan_so":29550,"matdo_km2":558.5,"ma_tinh":"37","ten_tinh":"Ninh Bình"}},
{"type":"Feature","geometry":{"type":"Polygon","coordinates":[[[105.9475,20.4521],[105.9429,20.4491],[105.9374,20.4496],[105.9378,20.4514],[105.933,20.4517],[105.9332,20.4531],[105.9292,20.456],[105.9273,20.459],[105.9206,20.4596],[105.9178,20.4614],[105.9181,20.4638],[105.9098,20.4618],[105.9069,20.4628],[105.9091,20.4558],[105.9099,20.4496],[105.9099,20.4431],[105.9137,20.429],[105.9168,20.4285],[105.9177,20.4177],[105.9177,20.4098],[105.9206,20.4054],[105.924,20.4048],[105.9263,20.4034],[105.9274,20.3993],[105.9311,20.3978],[105.9388,20.3989],[105.9421,20.3984],[105.9502,20.4036],[105.9483,20.4134],[105.9548,20.4148],[105.9536,20.4246],[105.9512,20.4274],[105.9511,20.4296],[105.9489,20.4319],[105.9515,20.4359],[105.9511,20.4413],[105.9488,20.4436],[105.9504,20.448],[105.9483,20.4497],[105.9475,20.4521]]]},"properties":{"ma_xa":"13495","ten_xa":"Thanh Liêm","sap_nhap":"Thanh Hương, Thanh Tâm, Thanh Nguyên","tru_so":"đang cập nhật","loai":"Xã","cap":2,"stt":41,"dtich_km2":23.27,"dan_so":23609,"matdo_km2":1014.57,"ma_tinh":"37","ten_tinh":"Ninh Bình"}},
{"type":"Feature","geometry":{"type":"Polygon","coordinates":[[[106.1157,20.3816],[106.1273,20.3854],[106.1316,20.3888],[106.1345,20.3876],[106.1387,20.3937],[106.1402,20.3939],[106.1418,20.3972],[106.1402,20.4005],[106.144,20.4014],[106.1456,20.4039],[106.1502,20.4051],[106.1479,20.4106],[106.1583,20.4155],[106.1607,20.4178],[106.1576,20.4191],[106.1556,20.4228],[106.1587,20.4234],[106.1593,20.4259],[106.1578,20.4278],[106.1473,20.4302],[106.1447,20.4261],[106.1392,20.426],[106.1356,20.4204],[106.1344,20.416],[106.134,20.4116],[106.1312,20.4148],[106.1315,20.4186],[106.129,20.417],[106.129,20.415],[106.119,20.4126],[106.1187,20.4133],[106.1161,20.4104],[106.1034,20.3986],[106.1003,20.3989],[106.0934,20.397],[106.0934,20.3942],[106.1014,20.3939],[106.1013,20.3862],[106.1028,20.3846],[106.1111,20.3859],[106.1157,20.3816]]]},"properties":{"ma_xa":"13699","ten_xa":"Thành Nam","sap_nhap":"Mỹ Xá, Đại An","tru_so":"đang cập nhật","loai":"Phường","cap":2,"stt":126,"dtich_km2":16.03,"dan_so":30830,"matdo_km2":1923.27,"ma_tinh":"37","ten_tinh":"Ninh Bình"}},
{"type":"Feature","geometry":{"type":"Polygon","coordinates":[[[105.8006,20.3178],[105.7929,20.3171],[105.787,20.3136],[105.7847,20.3162],[105.7845,20.3197],[105.7795,20.3157],[105.7727,20.314],[105.774,20.3086],[105.7794,20.3065],[105.773,20.2996],[105.7682,20.2972],[105.7682,20.2945],[105.7643,20.2919],[105.7668,20.2892],[105.766,20.2869],[105.7683,20.2842],[105.7623,20.2804],[105.7587,20.2787],[105.7577,20.2758],[105.7525,20.2698],[105.7559,20.2665],[105.7522,20.2633],[105.7489,20.2565],[105.751,20.2551],[105.7556,20.2539],[105.7587,20.249],[105.7602,20.2485],[105.768,20.2406],[105.7789,20.2458],[105.783,20.249],[105.7842,20.2514],[105.7885,20.2551],[105.7885,20.2579],[105.7907,20.2629],[105.7929,20.2598],[105.796,20.262],[105.7939,20.2637],[105.7986,20.2655],[105.7993,20.2628],[105.8016,20.2602],[105.8076,20.256],[105.8137,20.2552],[105.8166,20.2578],[105.8169,20.2615],[105.8161,20.2651],[105.8183,20.2717],[105.8211,20.275],[105.8197,20.2765],[105.8185,20.2807],[105.8153,20.2843],[105.8155,20.2864],[105.8086,20.2884],[105.8105,20.2904],[105.8108,20.2941],[105.8096,20.2975],[105.8055,20.2996],[105.8044,20.308],[105.802,20.3081],[105.8004,20.3162],[105.8006,20.3178]]]},"properties":{"ma_xa":"14434","ten_xa":"Thanh Sơn","sap_nhap":"Thanh Sơn (huyện Nho Quan), Thượng Hòa, Văn Phú","tru_so":"đang cập nhật","loai":"Xã","cap":2,"stt":13,"dtich_km2":35.69,"dan_so":23758,"matdo_km2":665.68,"ma_tinh":"37","ten_tinh":"Ninh Bình"}},
{"type":"Feature","geometry":{"type":"Polygon","coordinates":[[[106.2236,20.4525],[106.2258,20.4623],[106.2255,20.4648],[106.2226,20.472],[106.2186,20.4758],[106.2141,20.4777],[106.2076,20.4796],[106.2011,20.4801],[106.1918,20.4793],[106.189,20.48],[106.1835,20.4848],[106.1802,20.48],[106.18,20.4775],[106.1762,20.4718],[106.1742,20.4675],[106.1785,20.4637],[106.1782,20.4584],[106.176,20.4575],[106.1787,20.4536],[106.1777,20.4508],[106.1756,20.4519],[106.175,20.4434],[106.1791,20.4442],[106.1854,20.4471],[106.19,20.4411],[106.1962,20.4409],[106.1996,20.4434],[106.2031,20.4438],[106.2064,20.4404],[106.2046,20.4322],[106.2064,20.4301],[106.2099,20.4297],[106.219,20.4438],[106.2204,20.4457],[106.2236,20.4525]]]},"properties":{"ma_xa":"13684","ten_xa":"Thiên Trường","sap_nhap":"Lộc Hạ, Mỹ Tân, Mỹ Trung","tru_so":"đang cập nhật","loai":"Phường","cap":2,"stt":123,"dtich_km2":20.53,"dan_so":31031,"matdo_km2":1511.5,"ma_tinh":"37","ten_tinh":"Ninh Bình"}},
{"type":"Feature","geometry":{"type":"Polygon","coordinates":[[[105.9632,20.6269],[105.9612,20.6287],[105.9611,20.6334],[105.9517,20.6341],[105.9518,20.6382],[105.9443,20.6398],[105.9439,20.6374],[105.941,20.6368],[105.9438,20.6255],[105.9471,20.6122],[105.9483,20.6051],[105.9499,20.5879],[105.954,20.5857],[105.9557,20.5869],[105.9619,20.5873],[105.9628,20.5814],[105.9611,20.5758],[105.9589,20.5754],[105.9584,20.5731],[105.9609,20.5713],[105.9598,20.5687],[105.961,20.5661],[105.9634,20.5656],[105.9681,20.5596],[105.9706,20.5581],[105.9733,20.5586],[105.9835,20.5641],[105.9872,20.565],[105.9884,20.5675],[105.9951,20.5638],[106.0002,20.5622],[106.0024,20.5595],[106.0041,20.56],[106.0059,20.5641],[106.0029,20.5696],[106.0024,20.572],[105.9948,20.5746],[105.9915,20.5763],[105.9883,20.5792],[105.9837,20.5855],[105.9822,20.5899],[105.9809,20.5968],[105.9691,20.5971],[105.9698,20.5995],[105.9687,20.6066],[105.966,20.6117],[105.9644,20.6127],[105.9637,20.6207],[105.9647,20.6235],[105.9625,20.6239],[105.9632,20.6269]]]},"properties":{"ma_xa":"13363","ten_xa":"Tiên Sơn","sap_nhap":"Tiên Sơn, Tiên Nội (1 phần), Tiên Ngoại (1 phần)","tru_so":"đang cập nhật","loai":"Phường","cap":2,"stt":115,"dtich_km2":23.96,"dan_so":27062,"matdo_km2":1129.47,"ma_tinh":"37","ten_tinh":"Ninh Bình"}},
{"type":"Feature","geometry":{"type":"Polygon","coordinates":[[[106.1297,20.5848],[106.1213,20.5843],[106.1175,20.5801],[106.1105,20.5843],[106.1073,20.5838],[106.1069,20.5861],[106.1012,20.5858],[106.1012,20.5814],[106.0996,20.5813],[106.0989,20.575],[106.0993,20.5709],[106.1028,20.571],[106.1018,20.5673],[106.0963,20.5672],[106.0963,20.566],[106.0897,20.5661],[106.0888,20.5575],[106.0867,20.5554],[106.0854,20.5515],[106.0799,20.5519],[106.0792,20.5503],[106.0751,20.5538],[106.0743,20.5508],[106.0712,20.5403],[106.0712,20.5367],[106.0754,20.5266],[106.0846,20.5336],[106.0898,20.534],[106.0926,20.533],[106.0964,20.53],[106.0972,20.5278],[106.0973,20.522],[106.0965,20.517],[106.0972,20.5119],[106.1014,20.5095],[106.1078,20.5087],[106.1146,20.5088],[106.1173,20.5098],[106.113,20.5156],[106.1121,20.515],[106.1057,20.5211],[106.107,20.522],[106.1069,20.5304],[106.1108,20.5307],[106.1158,20.5324],[106.1198,20.5354],[106.1157,20.5461],[106.1133,20.5456],[106.1121,20.5516],[106.1091,20.5543],[106.1094,20.5567],[106.1125,20.5576],[106.118,20.5577],[106.1203,20.555],[106.1284,20.5548],[106.1288,20.5639],[106.1319,20.5671],[106.1394,20.5675],[106.1408,20.5698],[106.1363,20.5714],[106.1335,20.5735],[106.1307,20.579],[106.1297,20.5848]]]},"properties":{"ma_xa":"13594","ten_xa":"Trần Thương","sap_nhap":"Trần Hưng Đạo, Nhân Nghĩa, Nhân Bình","tru_so":"đang cập nhật","loai":"Xã","cap":2,"stt":46,"dtich_km2":26.32,"dan_so":21933,"matdo_km2":833.32,"ma_tinh":"37","ten_tinh":"Ninh Bình"}},
{"type":"Feature","geometry":{"type":"Polygon","coordinates":[[[106.242,20.2678],[106.2377,20.2686],[106.2367,20.2655],[106.2335,20.266],[106.2324,20.2636],[106.2285,20.2635],[106.227,20.2651],[106.2291,20.2689],[106.2303,20.2729],[106.2265,20.2744],[106.2265,20.2784],[106.2242,20.2809],[106.217,20.2804],[106.2156,20.2808],[106.2137,20.278],[106.2143,20.2705],[106.2112,20.2686],[106.2113,20.2665],[106.2047,20.2682],[106.2053,20.2663],[106.1994,20.2633],[106.1974,20.2649],[106.1973,20.2671],[106.1912,20.2666],[106.1918,20.2625],[106.1928,20.2603],[106.1976,20.2625],[106.198,20.2612],[106.203,20.2632],[106.2056,20.2507],[106.2097,20.2511],[106.2103,20.2492],[106.214,20.2499],[106.2139,20.2476],[106.2182,20.2472],[106.2181,20.2406],[106.2201,20.2268],[106.2215,20.2241],[106.2389,20.2344],[106.2425,20.2369],[106.2473,20.2412],[106.2535,20.2491],[106.2433,20.2543],[106.2439,20.2569],[106.243,20.2622],[106.2433,20.2652],[106.242,20.2678]]]},"properties":{"ma_xa":"14053","ten_xa":"Trực Ninh","sap_nhap":"Trực Thanh, Trực Nội, Trực Hưng","tru_so":"đang cập nhật","loai":"Xã","cap":2,"stt":68,"dtich_km2":17.26,"dan_so":18453,"matdo_km2":1069.12,"ma_tinh":"37","ten_tinh":"Ninh Bình"}},
{"type":"Feature","geometry":{"type":"Polygon","coordinates":[[[105.9656,20.1273],[105.9606,20.1268],[105.9589,20.1288],[105.955,20.1302],[105.9537,20.1322],[105.9489,20.1366],[105.9435,20.1356],[105.9349,20.1448],[105.9398,20.1475],[105.9425,20.1476],[105.9411,20.1509],[105.9359,20.1526],[105.9311,20.155],[105.927,20.1582],[105.9296,20.1621],[105.9294,20.162],[105.9234,20.1601],[105.9206,20.1569],[105.9179,20.1554],[105.9111,20.1538],[105.8994,20.1497],[105.896,20.148],[105.8821,20.146],[105.8728,20.1432],[105.8689,20.1444],[105.8599,20.1425],[105.8571,20.138],[105.8567,20.1361],[105.8596,20.1333],[105.8605,20.1307],[105.8641,20.1297],[105.8687,20.1246],[105.8726,20.1235],[105.8735,20.1218],[105.8787,20.1229],[105.8852,20.1195],[105.887,20.1206],[105.8903,20.1189],[105.8942,20.1186],[105.8979,20.1142],[105.9015,20.1126],[105.9032,20.1099],[105.9057,20.1093],[105.9065,20.1073],[105.9091,20.1068],[105.9103,20.1049],[105.913,20.1063],[105.9158,20.1062],[105.9227,20.1014],[105.9246,20.1014],[105.9291,20.1048],[105.9308,20.1118],[105.9285,20.1132],[105.9297,20.1151],[105.9341,20.1163],[105.9379,20.1186],[105.9427,20.1177],[105.9458,20.1188],[105.9482,20.1169],[105.9492,20.1124],[105.9518,20.1174],[105.9586,20.1146],[105.9624,20.1187],[105.9665,20.1162],[105.9675,20.1184],[105.9674,20.124],[105.9656,20.1273]]]},"properties":{"ma_xa":"14365","ten_xa":"Trung Sơn","sap_nhap":"Nam Sơn, Trung Sơn, Đông Sơn","tru_so":"đang cập nhật","loai":"Phường","cap":2,"stt":104,"dtich_km2":38.15,"dan_so":31539,"matdo_km2":826.71,"ma_tinh":"37","ten_tinh":"Ninh Bình"}},
{"type":"Feature","geometry":{"type":"Polygon","coordinates":[[[106.1712,20.4036],[106.1661,20.407],[106.1633,20.4081],[106.1648,20.4138],[106.1649,20.4174],[106.1635,20.4245],[106.1603,20.4283],[106.1578,20.4278],[106.1593,20.4259],[106.1587,20.4234],[106.1556,20.4228],[106.1576,20.4191],[106.1607,20.4178],[106.1583,20.4155],[106.1479,20.4106],[106.1502,20.4051],[106.1456,20.4039],[106.144,20.4014],[106.1402,20.4005],[106.1418,20.3972],[106.1402,20.3939],[106.1387,20.3937],[106.1345,20.3876],[106.1316,20.3888],[106.1273,20.3854],[106.1157,20.3816],[106.1145,20.3801],[106.1109,20.3795],[106.1077,20.3767],[106.1092,20.3737],[106.106,20.3727],[106.1068,20.3682],[106.1028,20.3658],[106.0967,20.3633],[106.0976,20.3614],[106.1008,20.3583],[106.1007,20.3563],[106.1045,20.3513],[106.1086,20.3533],[106.1128,20.3499],[106.118,20.3492],[106.1213,20.3506],[106.1241,20.3456],[106.1305,20.3431],[106.1327,20.3449],[106.1337,20.3478],[106.1395,20.346],[106.1413,20.351],[106.146,20.3493],[106.1509,20.3507],[106.1507,20.3485],[106.1523,20.3436],[106.154,20.3412],[106.1594,20.3398],[106.1622,20.3404],[106.1637,20.3469],[106.1658,20.3511],[106.1693,20.3572],[106.1704,20.362],[106.1687,20.3637],[106.1645,20.3639],[106.1636,20.3585],[106.1622,20.3573],[106.1574,20.3572],[106.1549,20.359],[106.1529,20.363],[106.153,20.3694],[106.1549,20.3774],[106.1591,20.387],[106.1611,20.3902],[106.1655,20.3945],[106.1712,20.4036]]]},"properties":{"ma_xa":"13777","ten_xa":"Trường Thi","sap_nhap":"Trường Thi, Thành Lợi","tru_so":"đang cập nhật","loai":"Phường","cap":2,"stt":127,"dtich_km2":31.5,"dan_so":69988,"matdo_km2":2221.84,"ma_tinh":"37","ten_tinh":"Ninh Bình"}},
{"type":"Feature","geometry":{"type":"Polygon","coordinates":[[[106.1001,20.3119],[106.0962,20.3143],[106.094,20.3135],[106.0854,20.3135],[106.0825,20.3119],[106.0817,20.3102],[106.0763,20.311],[106.076,20.3135],[106.0735,20.3159],[106.0707,20.317],[106.0701,20.3194],[106.0661,20.3212],[106.0604,20.3167],[106.0553,20.3185],[106.0536,20.3134],[106.0525,20.3074],[106.0495,20.3006],[106.0463,20.2997],[106.0464,20.3026],[106.0435,20.3035],[106.0399,20.307],[106.0348,20.3077],[106.0281,20.3068],[106.0281,20.3091],[106.0206,20.3084],[106.0211,20.3044],[106.0194,20.3039],[106.0203,20.3007],[106.0162,20.297],[106.0173,20.2938],[106.0167,20.2888],[106.015,20.2865],[106.0214,20.2752],[106.023,20.2725],[106.0282,20.2725],[106.0256,20.278],[106.0324,20.2804],[106.0336,20.2774],[106.0363,20.2781],[106.0375,20.2759],[106.045,20.2788],[106.0452,20.2822],[106.0555,20.2809],[106.064,20.2761],[106.0701,20.2765],[106.0698,20.2742],[106.0745,20.2749],[106.077,20.2748],[106.0765,20.2778],[106.0736,20.2772],[106.0739,20.2805],[106.0764,20.2819],[106.0843,20.2829],[106.0837,20.2871],[106.0815,20.2873],[106.0814,20.2979],[106.081,20.3027],[106.0882,20.3028],[106.0924,20.3007],[106.0969,20.3014],[106.1006,20.3008],[106.1001,20.3119]]]},"properties":{"ma_xa":"13864","ten_xa":"Vạn Thắng","sap_nhap":"Yên Thắng (huyện Ý Yên), Yên Tiến, Yên Lương","tru_so":"đang cập nhật","loai":"Xã","cap":2,"stt":61,"dtich_km2":26.22,"dan_so":35807,"matdo_km2":1365.64,"ma_tinh":"37","ten_tinh":"Ninh Bình"}},
{"type":"Feature","geometry":{"type":"Polygon","coordinates":[[[106.2099,20.4297],[106.2064,20.4301],[106.2046,20.4322],[106.2064,20.4404],[106.2031,20.4438],[106.1996,20.4434],[106.1962,20.4409],[106.192,20.4336],[106.1875,20.4282],[106.1801,20.4207],[106.1868,20.4139],[106.1935,20.4137],[106.1948,20.4125],[106.1955,20.4072],[106.1929,20.4059],[106.1941,20.401],[106.1957,20.401],[106.1963,20.3965],[106.194,20.3959],[106.1957,20.3914],[106.1952,20.3892],[106.192,20.3888],[106.191,20.3863],[106.1928,20.3812],[106.1925,20.3789],[106.2006,20.3781],[106.201,20.3759],[106.2047,20.3769],[106.2043,20.3787],[106.2068,20.3812],[106.2059,20.3836],[106.2096,20.384],[106.2097,20.387],[106.2085,20.3909],[106.2109,20.3913],[106.2131,20.3935],[106.2133,20.3963],[106.2158,20.396],[106.2195,20.384],[106.2193,20.3816],[106.2217,20.3792],[106.2215,20.3768],[106.2237,20.3738],[106.2261,20.3741],[106.2278,20.3725],[106.2297,20.3736],[106.2332,20.3713],[106.235,20.3736],[106.2355,20.377],[106.2397,20.3799],[106.2403,20.3864],[106.2374,20.3917],[106.2437,20.3968],[106.2451,20.3965],[106.2489,20.3993],[106.2555,20.3981],[106.2571,20.3986],[106.2584,20.4064],[106.2459,20.4051],[106.2336,20.4059],[106.2266,20.4079],[106.2191,20.4122],[106.2152,20.4162],[106.2111,20.4217],[106.2098,20.4249],[106.2099,20.4297]]]},"properties":{"ma_xa":"13972","ten_xa":"Vị Khê","sap_nhap":"Nam Điền (huyện Nam Trực), Nam Phong","tru_so":"đang cập nhật","loai":"Phường","cap":2,"stt":125,"dtich_km2":25.27,"dan_so":36210,"matdo_km2":1432.92,"ma_tinh":"37","ten_tinh":"Ninh Bình"}},
{"type":"Feature","geometry":{"type":"Polygon","coordinates":[[[106.0703,20.5564],[106.066,20.556],[106.0629,20.5585],[106.0584,20.5607],[106.0516,20.5607],[106.047,20.5733],[106.0425,20.5717],[106.0385,20.5721],[106.0374,20.5704],[106.032,20.5698],[106.0288,20.5717],[106.0272,20.5631],[106.0269,20.5581],[106.0276,20.5462],[106.0298,20.5386],[106.0318,20.5348],[106.0351,20.5317],[106.0347,20.5289],[106.0427,20.5316],[106.0436,20.5328],[106.0477,20.5329],[106.0563,20.5309],[106.0623,20.5285],[106.0699,20.5245],[106.0754,20.5266],[106.0712,20.5367],[106.0712,20.5403],[106.0743,20.5508],[106.0718,20.5526],[106.0703,20.5564]]]},"properties":{"ma_xa":"13597","ten_xa":"Vĩnh Trụ","sap_nhap":"Vĩnh Trụ (thị trấn), Nhân Chính, Nhân Khang","tru_so":"đang cập nhật","loai":"Xã","cap":2,"stt":45,"dtich_km2":17.59,"dan_so":36158,"matdo_km2":2055.6,"ma_tinh":"37","ten_tinh":"Ninh Bình"}},
{"type":"Feature","geometry":{"type":"Polygon","coordinates":[[[106.0967,20.3633],[106.0948,20.365],[106.0943,20.3679],[106.0889,20.3684],[106.0869,20.3718],[106.084,20.3729],[106.0841,20.3755],[106.0803,20.3753],[106.0788,20.3734],[106.0752,20.3714],[106.0739,20.3735],[106.0716,20.3721],[106.0712,20.3677],[106.0662,20.3644],[106.0694,20.3618],[106.0679,20.3573],[106.0697,20.3556],[106.0678,20.3529],[106.0675,20.3466],[106.066,20.3407],[106.0638,20.336],[106.0575,20.3297],[106.0571,20.3248],[106.0553,20.3185],[106.0604,20.3167],[106.0661,20.3212],[106.0701,20.3194],[106.0707,20.317],[106.0735,20.3159],[106.076,20.3135],[106.0763,20.311],[106.0817,20.3102],[106.0825,20.3119],[106.0854,20.3135],[106.094,20.3135],[106.0962,20.3143],[106.1001,20.3119],[106.0996,20.3234],[106.0972,20.3252],[106.096,20.3322],[106.094,20.3325],[106.09,20.3381],[106.0913,20.3447],[106.0961,20.346],[106.0993,20.3487],[106.1045,20.3513],[106.1007,20.3563],[106.1008,20.3583],[106.0976,20.3614],[106.0967,20.3633]]]},"properties":{"ma_xa":"13741","ten_xa":"Vụ Bản","sap_nhap":"Gôi (thị trấn), Kim Thái, Tam Thanh","tru_so":"đang cập nhật","loai":"Xã","cap":2,"stt":56,"dtich_km2":21.56,"dan_so":26675,"matdo_km2":1237.24,"ma_tinh":"37","ten_tinh":"Ninh Bình"}},
{"type":"Feature","geometry":{"type":"Polygon","coordinates":[[[106.0467,20.3632],[106.0475,20.3593],[106.0443,20.3599],[106.0421,20.3583],[106.0396,20.3584],[106.0315,20.3544],[106.0293,20.3566],[106.0298,20.3614],[106.0237,20.3676],[106.0123,20.3657],[106.0074,20.366],[106.0063,20.3692],[106.0044,20.3702],[105.9989,20.367],[105.9966,20.3665],[105.9948,20.3645],[105.9947,20.3613],[105.9989,20.3455],[106.0026,20.3483],[106.0079,20.346],[106.0125,20.3504],[106.014,20.3445],[106.0124,20.3443],[106.0154,20.3376],[106.0168,20.337],[106.0206,20.3391],[106.0253,20.3349],[106.0273,20.3312],[106.0293,20.3313],[106.0304,20.327],[106.03,20.324],[106.0254,20.3228],[106.0259,20.3161],[106.0273,20.3161],[106.0269,20.3111],[106.0281,20.3091],[106.0281,20.3068],[106.0348,20.3077],[106.0399,20.307],[106.0435,20.3035],[106.0464,20.3026],[106.0463,20.2997],[106.0495,20.3006],[106.0525,20.3074],[106.0536,20.3134],[106.0553,20.3185],[106.0571,20.3248],[106.0575,20.3297],[106.0638,20.336],[106.066,20.3407],[106.0675,20.3466],[106.0678,20.3529],[106.0697,20.3556],[106.0679,20.3573],[106.0694,20.3618],[106.0662,20.3644],[106.0645,20.367],[106.0571,20.3648],[106.0498,20.3645],[106.0467,20.3632]]]},"properties":{"ma_xa":"13834","ten_xa":"Vũ Dương","sap_nhap":"Yên Mỹ (huyện Ý Yên), Yên Bình, Yên Dương, Yên Ninh","tru_so":"đang cập nhật","loai":"Xã","cap":2,"stt":62,"dtich_km2":30.59,"dan_so":39429,"matdo_km2":1288.95,"ma_tinh":"37","ten_tinh":"Ninh Bình"}},
{"type":"Feature","geometry":{"type":"Polygon","coordinates":[[[106.3955,20.3405],[106.3935,20.3382],[106.3895,20.3398],[106.3867,20.3399],[106.381,20.3385],[106.3771,20.3386],[106.3726,20.3397],[106.3715,20.3379],[106.3743,20.3363],[106.3728,20.3339],[106.361,20.3416],[106.361,20.3365],[106.3584,20.338],[106.3542,20.3421],[106.3529,20.3409],[106.3452,20.3364],[106.335,20.3316],[106.3406,20.3196],[106.3418,20.3148],[106.3452,20.3054],[106.3478,20.3078],[106.3478,20.3111],[106.351,20.3114],[106.3515,20.3149],[106.357,20.3163],[106.3564,20.3127],[106.3683,20.3151],[106.3722,20.3123],[106.3743,20.3137],[106.3771,20.3109],[106.3801,20.31],[106.3815,20.3082],[106.3837,20.3093],[106.3882,20.3073],[106.3915,20.3038],[106.3924,20.3053],[106.3959,20.3027],[106.3944,20.3002],[106.3997,20.2936],[106.3955,20.2909],[106.3953,20.2854],[106.3961,20.2826],[106.4043,20.2834],[106.4111,20.285],[106.4195,20.2891],[106.4262,20.2929],[106.4327,20.2993],[106.4293,20.3026],[106.4198,20.3134],[106.4154,20.3197],[106.4125,20.3246],[106.4083,20.3305],[106.4047,20.3342],[106.3983,20.3389],[106.3955,20.3405]]]},"properties":{"ma_xa":"14104","ten_xa":"Xuân Giang","sap_nhap":"Xuân Tân, Xuân Phú, Xuân Giang","tru_so":"đang cập nhật","loai":"Xã","cap":2,"stt":74,"dtich_km2":32.04,"dan_so":46053,"matdo_km2":1437.36,"ma_tinh":"37","ten_tinh":"Ninh Bình"}},
{"type":"Feature","geometry":{"type":"Polygon","coordinates":[[[106.3824,20.3446],[106.3756,20.3444],[106.3708,20.3456],[106.3634,20.3487],[106.3554,20.3543],[106.3493,20.3625],[106.3434,20.3748],[106.3417,20.3766],[106.3386,20.3771],[106.3359,20.3761],[106.3324,20.3732],[106.3227,20.3623],[106.3191,20.3596],[106.3133,20.3562],[106.3061,20.3507],[106.2993,20.3434],[106.2962,20.3409],[106.3029,20.3412],[106.3072,20.3421],[106.3152,20.3451],[106.3193,20.3449],[106.3198,20.3433],[106.3179,20.3394],[106.3122,20.3323],[106.3111,20.3233],[106.312,20.3169],[106.3118,20.3064],[106.3124,20.3001],[106.3149,20.2967],[106.3178,20.2961],[106.3242,20.2979],[106.3241,20.3027],[106.3263,20.3053],[106.328,20.3105],[106.3262,20.315],[106.3293,20.3159],[106.3291,20.3184],[106.3406,20.3196],[106.335,20.3316],[106.3452,20.3364],[106.3529,20.3409],[106.3542,20.3421],[106.3584,20.338],[106.361,20.3365],[106.361,20.3416],[106.3728,20.3339],[106.3743,20.3363],[106.3715,20.3379],[106.3726,20.3397],[106.3771,20.3386],[106.381,20.3385],[106.3867,20.3399],[106.3895,20.3398],[106.3935,20.3382],[106.3955,20.3405],[106.3889,20.3436],[106.3824,20.3446]]]},"properties":{"ma_xa":"14095","ten_xa":"Xuân Hồng","sap_nhap":"Xuân Châu, Xuân Thành, Xuân Thượng, Xuân Hồng","tru_so":"đang cập nhật","loai":"Xã","cap":2,"stt":75,"dtich_km2":27.61,"dan_so":40698,"matdo_km2":1474.03,"ma_tinh":"37","ten_tinh":"Ninh Bình"}},
{"type":"Feature","geometry":{"type":"Polygon","coordinates":[[[106.3961,20.2826],[106.3953,20.2854],[106.3955,20.2909],[106.3997,20.2936],[106.3944,20.3002],[106.3959,20.3027],[106.3924,20.3053],[106.3915,20.3038],[106.3882,20.3073],[106.3837,20.3093],[106.3815,20.3082],[106.3801,20.31],[106.3771,20.3109],[106.3743,20.3137],[106.3722,20.3123],[106.3683,20.3151],[106.3564,20.3127],[106.357,20.3163],[106.3515,20.3149],[106.351,20.3114],[106.3478,20.3111],[106.3478,20.3078],[106.3452,20.3054],[106.345,20.2994],[106.3494,20.2987],[106.3505,20.2958],[106.3547,20.2915],[106.3561,20.2866],[106.3539,20.2855],[106.3537,20.2802],[106.3543,20.2776],[106.3528,20.2754],[106.3476,20.2746],[106.3476,20.2633],[106.3585,20.264],[106.3584,20.2503],[106.3599,20.2464],[106.36,20.2429],[106.3654,20.2393],[106.3675,20.243],[106.3678,20.2454],[106.368,20.249],[106.37,20.2532],[106.3707,20.2607],[106.3714,20.2674],[106.3745,20.2764],[106.3793,20.2807],[106.3885,20.2821],[106.3961,20.2826]]]},"properties":{"ma_xa":"14122","ten_xa":"Xuân Hưng","sap_nhap":"Xuân Vinh, Trà Lũ, Thọ Nghiệp","tru_so":"đang cập nhật","loai":"Xã","cap":2,"stt":73,"dtich_km2":23.17,"dan_so":53539,"matdo_km2":2310.7,"ma_tinh":"37","ten_tinh":"Ninh Bình"}},
{"type":"Feature","geometry":{"type":"Polygon","coordinates":[[[106.3452,20.3054],[106.3418,20.3148],[106.3406,20.3196],[106.3291,20.3184],[106.3293,20.3159],[106.3262,20.315],[106.328,20.3105],[106.3263,20.3053],[106.3241,20.3027],[106.3242,20.2979],[106.3286,20.2979],[106.33,20.295],[106.3297,20.2911],[106.3251,20.2792],[106.3215,20.2686],[106.3186,20.2637],[106.3114,20.2569],[106.3018,20.2495],[106.295,20.2455],[106.3,20.2438],[106.301,20.2418],[106.2982,20.2348],[106.2974,20.2315],[106.3044,20.228],[106.3039,20.2238],[106.3085,20.223],[106.3077,20.2306],[106.3103,20.2298],[106.3125,20.2325],[106.3137,20.2297],[106.3166,20.2282],[106.3158,20.218],[106.3222,20.217],[106.3239,20.2354],[106.3243,20.2434],[106.3281,20.2427],[106.3359,20.2375],[106.3417,20.2388],[106.344,20.2367],[106.3457,20.2388],[106.3487,20.2399],[106.3514,20.2379],[106.3567,20.2406],[106.3581,20.2429],[106.3562,20.2447],[106.3599,20.2464],[106.3584,20.2503],[106.3585,20.264],[106.3476,20.2633],[106.3476,20.2746],[106.3528,20.2754],[106.3543,20.2776],[106.3537,20.2802],[106.3539,20.2855],[106.3561,20.2866],[106.3547,20.2915],[106.3505,20.2958],[106.3494,20.2987],[106.345,20.2994],[106.3452,20.3054]]]},"properties":{"ma_xa":"14089","ten_xa":"Xuân Trường","sap_nhap":"Xuân Trường (thị trấn), Xuân Phúc, Xuân Ninh, Xuân Ngọc","tru_so":"đang cập nhật","loai":"Xã","cap":2,"stt":72,"dtich_km2":33.29,"dan_so":71656,"matdo_km2":2152.48,"ma_tinh":"37","ten_tinh":"Ninh Bình"}},
{"type":"Feature","geometry":{"type":"Polygon","coordinates":[[[106.0281,20.3091],[106.0269,20.3111],[106.0273,20.3161],[106.0259,20.3161],[106.0254,20.3228],[106.03,20.324],[106.0304,20.327],[106.0293,20.3313],[106.0273,20.3312],[106.0253,20.3349],[106.0206,20.3391],[106.0168,20.337],[106.0154,20.3376],[106.0124,20.3443],[106.014,20.3445],[106.0125,20.3504],[106.0079,20.346],[106.0026,20.3483],[105.9989,20.3455],[105.9989,20.3418],[105.991,20.3439],[105.9793,20.3372],[105.9708,20.3273],[105.9683,20.3304],[105.9659,20.3264],[105.9633,20.3247],[105.9552,20.3232],[105.954,20.3192],[105.9627,20.3155],[105.9671,20.3127],[105.9725,20.3072],[105.9806,20.298],[105.9849,20.2912],[105.9863,20.2865],[105.9864,20.2835],[105.9846,20.2757],[105.9818,20.2693],[105.9808,20.2656],[105.9816,20.2635],[105.9917,20.2561],[106.0019,20.2521],[106.0103,20.2505],[106.0196,20.2498],[106.0239,20.2582],[106.0237,20.2608],[106.0215,20.2618],[106.017,20.2677],[106.0198,20.2714],[106.0214,20.2752],[106.015,20.2865],[106.0167,20.2888],[106.0173,20.2938],[106.0162,20.297],[106.0203,20.3007],[106.0194,20.3039],[106.0211,20.3044],[106.0206,20.3084],[106.0281,20.3091]]]},"properties":{"ma_xa":"13795","ten_xa":"Ý Yên","sap_nhap":"Yên Phong, Hồng Quang (huyện Ý Yên), Yên Khánh, Lâm (thị trấn)","tru_so":"đang cập nhật","loai":"Xã","cap":2,"stt":58,"dtich_km2":46.73,"dan_so":53419,"matdo_km2":1143.14,"ma_tinh":"37","ten_tinh":"Ninh Bình"}},
{"type":"Feature","geometry":{"type":"Polygon","coordinates":[[[106.1439,20.3047],[106.1385,20.3061],[106.1352,20.3088],[106.1325,20.3054],[106.1288,20.3082],[106.1259,20.305],[106.1112,20.3023],[106.1006,20.3008],[106.0969,20.3014],[106.0924,20.3007],[106.0882,20.3028],[106.081,20.3027],[106.0814,20.2979],[106.0815,20.2873],[106.0837,20.2871],[106.0843,20.2829],[106.0764,20.2819],[106.0739,20.2805],[106.0736,20.2772],[106.0765,20.2778],[106.077,20.2748],[106.0745,20.2749],[106.0746,20.2719],[106.0728,20.2713],[106.073,20.264],[106.075,20.2553],[106.0731,20.255],[106.0753,20.2502],[106.0774,20.251],[106.0792,20.248],[106.0834,20.245],[106.0847,20.249],[106.0875,20.2528],[106.0931,20.255],[106.096,20.2535],[106.0979,20.2503],[106.1002,20.2535],[106.1097,20.2609],[106.1146,20.2665],[106.1184,20.2692],[106.1237,20.2692],[106.1329,20.2676],[106.137,20.2684],[106.1397,20.2701],[106.1424,20.2738],[106.1439,20.2797],[106.1436,20.2846],[106.1416,20.2926],[106.1416,20.2974],[106.1439,20.3047]]]},"properties":{"ma_xa":"13870","ten_xa":"Yên Cường","sap_nhap":"Yên Nhân, Yên Lộc (huyện Ý Yên), Yên Phúc, Yên Cường","tru_so":"đang cập nhật","loai":"Xã","cap":2,"stt":60,"dtich_km2":32.44,"dan_so":42810,"matdo_km2":1319.67,"ma_tinh":"37","ten_tinh":"Ninh Bình"}},
{"type":"Feature","geometry":{"type":"Polygon","coordinates":[[[106.0745,20.2749],[106.0698,20.2742],[106.0701,20.2765],[106.064,20.2761],[106.0555,20.2809],[106.0452,20.2822],[106.045,20.2788],[106.0375,20.2759],[106.0363,20.2781],[106.0336,20.2774],[106.0324,20.2804],[106.0256,20.278],[106.0282,20.2725],[106.023,20.2725],[106.0214,20.2752],[106.0198,20.2714],[106.017,20.2677],[106.0215,20.2618],[106.0237,20.2608],[106.0239,20.2582],[106.0196,20.2498],[106.0285,20.2505],[106.033,20.2519],[106.0406,20.2554],[106.0444,20.2543],[106.0489,20.249],[106.0495,20.2443],[106.0488,20.2426],[106.0454,20.2406],[106.0365,20.2411],[106.0309,20.2399],[106.0291,20.2361],[106.0314,20.2301],[106.0375,20.2238],[106.0427,20.2199],[106.0478,20.2175],[106.051,20.2169],[106.0564,20.2172],[106.0626,20.2199],[106.0705,20.2251],[106.0744,20.2284],[106.0789,20.2333],[106.0819,20.2389],[106.0834,20.245],[106.0792,20.248],[106.0774,20.251],[106.0753,20.2502],[106.0731,20.255],[106.075,20.2553],[106.073,20.264],[106.0728,20.2713],[106.0746,20.2719],[106.0745,20.2749]]]},"properties":{"ma_xa":"13879","ten_xa":"Yên Đồng","sap_nhap":"Yên Đồng (huyện Ý Yên), Yên Trị, Yên Khang","tru_so":"đang cập nhật","loai":"Xã","cap":2,"stt":59,"dtich_km2":30.53,"dan_so":35898,"matdo_km2":1175.83,"ma_tinh":"37","ten_tinh":"Ninh Bình"}},
{"type":"Feature","geometry":{"type":"Polygon","coordinates":[[[106.0847,20.1893],[106.0787,20.1931],[106.0747,20.1914],[106.0691,20.1954],[106.0702,20.1986],[106.0729,20.2015],[106.0771,20.2092],[106.0797,20.2148],[106.078,20.2167],[106.0761,20.2152],[106.0739,20.2158],[106.0699,20.2189],[106.0728,20.2215],[106.0705,20.2251],[106.0626,20.2199],[106.0564,20.2172],[106.051,20.2169],[106.0478,20.2175],[106.0427,20.2199],[106.0375,20.2238],[106.0314,20.2171],[106.0339,20.2159],[106.0257,20.2036],[106.0237,20.2053],[106.0197,20.1994],[106.0198,20.1976],[106.0173,20.1956],[106.0227,20.1952],[106.0311,20.1856],[106.0305,20.1791],[106.0328,20.1778],[106.0431,20.1744],[106.0494,20.173],[106.0505,20.172],[106.05,20.1682],[106.0509,20.1588],[106.0504,20.1528],[106.0518,20.1481],[106.0538,20.1495],[106.0578,20.1558],[106.0644,20.1639],[106.0713,20.1719],[106.0798,20.1801],[106.0847,20.1893]]]},"properties":{"ma_xa":"14560","ten_xa":"Yên Khánh","sap_nhap":"Yên Ninh (thị trấn), Khánh Cư, Khánh Vân, Khánh Hải","tru_so":"đang cập nhật","loai":"Xã","cap":2,"stt":15,"dtich_km2":29.88,"dan_so":40134,"matdo_km2":1343.17,"ma_tinh":"37","ten_tinh":"Ninh Bình"}},
{"type":"Feature","geometry":{"type":"Polygon","coordinates":[[[106.0362,20.0976],[106.0287,20.1036],[106.0218,20.1075],[106.0208,20.1088],[106.022,20.113],[106.0213,20.1165],[106.0245,20.1193],[106.0293,20.1203],[106.0341,20.1256],[106.0351,20.1276],[106.0314,20.1287],[106.0281,20.1332],[106.0246,20.134],[106.0222,20.1363],[106.0223,20.1336],[106.0193,20.1322],[106.0106,20.1319],[106.007,20.1309],[106.0006,20.1321],[105.9988,20.1256],[105.9968,20.1214],[106.003,20.1158],[106.0029,20.1121],[105.9983,20.1105],[105.9963,20.1084],[105.9981,20.1066],[106.001,20.1064],[106.0012,20.1041],[106.0046,20.0973],[106.0072,20.094],[106.0071,20.0925],[106.0111,20.0817],[106.0133,20.077],[106.0139,20.0712],[106.015,20.0696],[106.0111,20.0679],[106.0115,20.0656],[106.0144,20.0648],[106.0181,20.0596],[106.0237,20.0587],[106.0266,20.0597],[106.0287,20.0592],[106.0331,20.0604],[106.0303,20.0663],[106.0287,20.0714],[106.0328,20.0712],[106.0333,20.0736],[106.0308,20.0742],[106.0316,20.0795],[106.0287,20.0809],[106.0303,20.0858],[106.041,20.0816],[106.0427,20.0891],[106.0399,20.0898],[106.041,20.0933],[106.0336,20.0955],[106.0362,20.0976]]]},"properties":{"ma_xa":"14743","ten_xa":"Yên Mạc","sap_nhap":"Yên Mỹ (huyện Yên Mô), Yên Lâm, Yên Mạc","tru_so":"đang cập nhật","loai":"Xã","cap":2,"stt":22,"dtich_km2":20.6,"dan_so":22524,"matdo_km2":1093.4,"ma_tinh":"37","ten_tinh":"Ninh Bình"}},
{"type":"Feature","geometry":{"type":"Polygon","coordinates":[[[106.0222,20.1363],[106.0213,20.1386],[106.0228,20.1411],[106.0218,20.1427],[106.0247,20.1497],[106.0246,20.1607],[106.0234,20.1671],[106.0382,20.1723],[106.0423,20.173],[106.0431,20.1744],[106.0328,20.1778],[106.0305,20.1791],[106.0311,20.1856],[106.0227,20.1952],[106.0173,20.1956],[106.0151,20.1954],[106.008,20.1932],[106.0088,20.1907],[106.0027,20.1869],[105.9956,20.1818],[105.9911,20.1777],[105.9903,20.1715],[105.983,20.17],[105.9804,20.1701],[105.9784,20.168],[105.9769,20.1645],[105.979,20.1631],[105.978,20.159],[105.9743,20.156],[105.9695,20.1569],[105.967,20.1542],[105.9683,20.1444],[105.9773,20.143],[105.992,20.1435],[105.9941,20.1385],[105.9958,20.1374],[105.9999,20.1342],[106.0006,20.1321],[106.007,20.1309],[106.0106,20.1319],[106.0193,20.1322],[106.0223,20.1336],[106.0222,20.1363]]]},"properties":{"ma_xa":"14701","ten_xa":"Yên Mô","sap_nhap":"Yên Thịnh (thị trấn), Khánh Dương, Yên Hòa","tru_so":"đang cập nhật","loai":"Xã","cap":2,"stt":20,"dtich_km2":28.6,"dan_so":35415,"matdo_km2":1238.29,"ma_tinh":"37","ten_tinh":"Ninh Bình"}},
{"type":"Feature","geometry":{"type":"Polygon","coordinates":[[[105.9344,20.1754],[105.9325,20.1773],[105.9335,20.1798],[105.9364,20.1793],[105.936,20.1821],[105.9302,20.1869],[105.9272,20.1879],[105.9246,20.19],[105.9165,20.1926],[105.9109,20.1955],[105.9104,20.1981],[105.9077,20.1976],[105.9005,20.2051],[105.8991,20.2056],[105.8969,20.2091],[105.8932,20.2131],[105.8918,20.2157],[105.888,20.2188],[105.8851,20.2128],[105.8792,20.2108],[105.8816,20.2084],[105.8787,20.2057],[105.8756,20.2046],[105.8702,20.1999],[105.8622,20.206],[105.8524,20.216],[105.8492,20.2159],[105.8464,20.2142],[105.8438,20.217],[105.8388,20.2168],[105.8361,20.2138],[105.8321,20.213],[105.8242,20.2143],[105.823,20.2084],[105.8194,20.2064],[105.8202,20.2033],[105.8235,20.1992],[105.8227,20.1966],[105.8266,20.1948],[105.8313,20.1881],[105.8395,20.1877],[105.8455,20.1866],[105.8488,20.1843],[105.8526,20.1828],[105.854,20.1811],[105.8571,20.1828],[105.8693,20.181],[105.8725,20.1791],[105.8738,20.1764],[105.8769,20.1778],[105.879,20.1769],[105.8859,20.1785],[105.89,20.1773],[105.8908,20.175],[105.8962,20.1741],[105.9,20.1751],[105.9031,20.1726],[105.907,20.1742],[105.9107,20.171],[105.9161,20.1681],[105.9265,20.1639],[105.9294,20.162],[105.9296,20.1621],[105.9336,20.1636],[105.9382,20.1662],[105.9379,20.1692],[105.9322,20.1721],[105.9344,20.1754]]]},"properties":{"ma_xa":"14371","ten_xa":"Yên Sơn","sap_nhap":"Tân Bình, Quảng Lạc, Yên Sơn","tru_so":"đang cập nhật","loai":"Phường","cap":2,"stt":103,"dtich_km2":35.86,"dan_so":21196,"matdo_km2":591.08,"ma_tinh":"37","ten_tinh":"Ninh Bình"}},
{"type":"Feature","geometry":{"type":"Polygon","coordinates":[[[106.008,20.1932],[106.0057,20.1931],[105.9976,20.1945],[105.9907,20.1968],[105.9903,20.1959],[105.9853,20.1967],[105.9817,20.1947],[105.9816,20.1928],[105.9761,20.1931],[105.9696,20.1952],[105.9663,20.1925],[105.96,20.1944],[105.9549,20.1936],[105.9542,20.1901],[105.9498,20.189],[105.947,20.1847],[105.9495,20.1823],[105.9489,20.1803],[105.9444,20.1783],[105.9439,20.1743],[105.9399,20.1723],[105.9344,20.1754],[105.9322,20.1721],[105.9379,20.1692],[105.9382,20.1662],[105.9336,20.1636],[105.9296,20.1621],[105.927,20.1582],[105.9311,20.155],[105.9359,20.1526],[105.9411,20.1509],[105.9425,20.1476],[105.9398,20.1475],[105.9349,20.1448],[105.9435,20.1356],[105.9489,20.1366],[105.9537,20.1322],[105.955,20.1302],[105.9589,20.1288],[105.9606,20.1268],[105.9656,20.1273],[105.9652,20.13],[105.9676,20.1305],[105.9683,20.1354],[105.9698,20.1361],[105.986,20.1358],[105.9913,20.1354],[105.9958,20.1374],[105.9941,20.1385],[105.992,20.1435],[105.9773,20.143],[105.9683,20.1444],[105.967,20.1542],[105.9695,20.1569],[105.9743,20.156],[105.978,20.159],[105.979,20.1631],[105.9769,20.1645],[105.9784,20.168],[105.9804,20.1701],[105.983,20.17],[105.9903,20.1715],[105.9911,20.1777],[105.9956,20.1818],[106.0027,20.1869],[106.0088,20.1907],[106.008,20.1932]]]},"properties":{"ma_xa":"14725","ten_xa":"Yên Thắng","sap_nhap":"Yên Thắng (huyện Yên Mô), Khánh Thượng, Yên Bình","tru_so":"đang cập nhật","loai":"Phường","cap":2,"stt":105,"dtich_km2":29.95,"dan_so":28405,"matdo_km2":948.41,"ma_tinh":"37","ten_tinh":"Ninh Bình"}},
{"type":"Feature","geometry":{"type":"Polygon","coordinates":[[[106.0518,20.1481],[106.0504,20.1528],[106.0509,20.1588],[106.05,20.1682],[106.0505,20.172],[106.0494,20.173],[106.0431,20.1744],[106.0423,20.173],[106.0382,20.1723],[106.0234,20.1671],[106.0246,20.1607],[106.0247,20.1497],[106.0218,20.1427],[106.0228,20.1411],[106.0213,20.1386],[106.0222,20.1363],[106.0246,20.134],[106.0281,20.1332],[106.0314,20.1287],[106.0351,20.1276],[106.0341,20.1256],[106.0293,20.1203],[106.0245,20.1193],[106.0213,20.1165],[106.022,20.113],[106.0208,20.1088],[106.0218,20.1075],[106.0287,20.1036],[106.0362,20.0976],[106.0439,20.1026],[106.0488,20.1077],[106.0572,20.1155],[106.0609,20.1182],[106.0712,20.1237],[106.0676,20.1246],[106.0638,20.1278],[106.0556,20.1367],[106.0524,20.1416],[106.0526,20.1456],[106.0518,20.1481]]]},"properties":{"ma_xa":"14728","ten_xa":"Yên Từ","sap_nhap":"Yên Phong, Yên Nhân (huyện Yên Mô), Yên Từ","tru_so":"đang cập nhật","loai":"Xã","cap":2,"stt":21,"dtich_km2":23.98,"dan_so":31917,"matdo_km2":1330.98,"ma_tinh":"37","ten_tinh":"Ninh Bình"}}
]}