{"type":"FeatureCollection", "features": [
{"type":"Feature","geometry":{"type":"Polygon","coordinates":[[[108.8973,15.1459],[108.8936,15.1428],[108.8914,15.1419],[108.8859,15.1435],[108.8819,15.1475],[108.8797,15.1453],[108.8825,15.1429],[108.8774,15.1421],[108.8698,15.1417],[108.8582,15.1422],[108.8524,15.1437],[108.8495,15.1455],[108.8452,15.1432],[108.8426,15.1399],[108.8414,15.1367],[108.8334,15.1292],[108.8278,15.1259],[108.8235,15.1254],[108.8205,15.1189],[108.823,15.1195],[108.8243,15.1161],[108.8225,15.1125],[108.8255,15.1122],[108.8246,15.1088],[108.8251,15.1055],[108.8224,15.101],[108.8275,15.1009],[108.8301,15.099],[108.8331,15.1001],[108.8366,15.0971],[108.8435,15.1018],[108.8477,15.1009],[108.8487,15.0985],[108.8556,15.0994],[108.859,15.1019],[108.8612,15.1058],[108.8632,15.1043],[108.8717,15.106],[108.8811,15.1031],[108.8807,15.1048],[108.8834,15.1081],[108.8856,15.1061],[108.8876,15.1071],[108.8896,15.1123],[108.8891,15.1147],[108.8959,15.1119],[108.8968,15.1092],[108.8947,15.1059],[108.8987,15.1015],[108.8997,15.096],[108.9022,15.0946],[108.904,15.0958],[108.8989,15.1208],[108.8976,15.1288],[108.898,15.1374],[108.8974,15.1398],[108.8973,15.1459]]]},"properties":{"ma_xa":"21034","ten_xa":"An Phú","sap_nhap":"Nghĩa Hà, Nghĩa Dõng, Nghĩa Dũng, An Phú ","tru_so":"đang cập nhật","loai":"Xã","cap":2,"stt":3,"dtich_km2":33.93,"dan_so":71426,"matdo_km2":2105.1,"ma_tinh":"51","ten_tinh":"Quảng Ngãi"}},
{"type":"Feature","geometry":{"type":"Polygon","coordinates":[[[108.6035,14.8495],[108.6016,14.8501],[108.5981,14.8468],[108.5946,14.8461],[108.5901,14.8428],[108.5876,14.8398],[108.5835,14.8371],[108.5861,14.8357],[108.5855,14.8321],[108.5872,14.8299],[108.5874,14.8265],[108.5917,14.8208],[108.594,14.8159],[108.5931,14.8141],[108.5954,14.8096],[108.5975,14.8091],[108.5963,14.8068],[108.5981,14.8023],[108.5964,14.798],[108.5973,14.7963],[108.5963,14.7912],[108.5985,14.7885],[108.6002,14.7824],[108.5984,14.7798],[108.5993,14.7781],[108.5981,14.7753],[108.6,14.7726],[108.6003,14.7636],[108.6014,14.7615],[108.6037,14.7613],[108.6099,14.7663],[108.6121,14.7708],[108.6139,14.7674],[108.6207,14.7652],[108.6229,14.7659],[108.6252,14.7639],[108.6299,14.7647],[108.6368,14.764],[108.6391,14.762],[108.6418,14.7576],[108.6422,14.7553],[108.6464,14.7512],[108.6512,14.745],[108.6522,14.7424],[108.6563,14.7413],[108.6567,14.7366],[108.6529,14.732],[108.6569,14.7285],[108.6545,14.7262],[108.6512,14.7259],[108.65,14.7232],[108.648,14.7221],[108.6472,14.719],[108.6509,14.7158],[108.65,14.7136],[108.6516,14.7115],[108.6466,14.7103],[108.6508,14.7086],[108.6515,14.706],[108.6513,14.7006],[108.6533,14.6997],[108.6522,14.6968],[108.6561,14.6927],[108.657,14.6882],[108.6607,14.6907],[108.6633,14.6912],[108.666,14.6955],[108.6647,14.7007],[108.6665,14.7063],[108.6692,14.7089],[108.6733,14.7111],[108.675,14.7135],[108.678,14.714],[108.6803,14.7122],[108.6841,14.714],[108.6866,14.7162],[108.6915,14.7158],[108.6947,14.7198],[108.6978,14.7224],[108.6956,14.7318],[108.6968,14.7356],[108.7017,14.7413],[108.7029,14.7441],[108.706,14.7464],[108.7057,14.7478],[108.708,14.7519],[108.7076,14.753],[108.7092,14.7887],[108.7048,14.7924],[108.6996,14.7903],[108.697,14.7916],[108.6932,14.7956],[108.6914,14.799],[108.6867,14.7978],[108.6841,14.7919],[108.6825,14.7899],[108.6784,14.7885],[108.672,14.7908],[108.6655,14.7951],[108.6626,14.7977],[108.6602,14.7953],[108.6566,14.7959],[108.654,14.7986],[108.6533,14.804],[108.6515,14.8095],[108.6524,14.8151],[108.6499,14.8193],[108.6482,14.8206],[108.6445,14.8188],[108.642,14.8201],[108.6374,14.8196],[108.6327,14.8213],[108.6275,14.8242],[108.6219,14.8296],[108.6177,14.8385],[108.6106,14.8399],[108.606,14.8426],[108.607,14.8446],[108.6062,14.8491],[108.6035,14.8495]]]},"properties":{"ma_xa":"21499","ten_xa":"Ba Dinh","sap_nhap":"Ba Giang, Ba Dinh","tru_so":"đang cập nhật","loai":"Xã","cap":2,"stt":50,"dtich_km2":97.05,"dan_so":7257,"matdo_km2":74.78,"ma_tinh":"51","ten_tinh":"Quảng Ngãi"}},
{"type":"Feature","geometry":{"type":"Polygon","coordinates":[[[108.8164,14.8504],[108.8132,14.8486],[108.8078,14.8474],[108.8055,14.8486],[108.803,14.8474],[108.7982,14.8515],[108.7952,14.855],[108.7893,14.8534],[108.7854,14.8534],[108.7839,14.8567],[108.7873,14.8607],[108.7852,14.8616],[108.7803,14.8665],[108.7737,14.8695],[108.7702,14.8695],[108.7641,14.8682],[108.7637,14.8734],[108.7614,14.8789],[108.7581,14.882],[108.756,14.8826],[108.7494,14.887],[108.7441,14.882],[108.7382,14.8866],[108.7381,14.8877],[108.7371,14.8851],[108.7379,14.8815],[108.7373,14.8794],[108.7339,14.8767],[108.7334,14.8752],[108.7356,14.8693],[108.7317,14.8688],[108.7287,14.8663],[108.7293,14.8648],[108.7262,14.8609],[108.7275,14.859],[108.7281,14.8548],[108.7271,14.8532],[108.7276,14.85],[108.7215,14.8425],[108.7216,14.8384],[108.7265,14.8353],[108.7273,14.8334],[108.7317,14.8301],[108.7345,14.8234],[108.7353,14.8163],[108.7328,14.8129],[108.7317,14.8097],[108.7289,14.8074],[108.7301,14.8042],[108.7344,14.804],[108.7393,14.8016],[108.7436,14.8016],[108.7497,14.7971],[108.752,14.7918],[108.7527,14.7866],[108.7544,14.7862],[108.7625,14.788],[108.7723,14.7926],[108.774,14.7968],[108.779,14.7967],[108.7821,14.799],[108.7837,14.7973],[108.786,14.7927],[108.7894,14.7883],[108.7873,14.78],[108.7855,14.7768],[108.7873,14.7737],[108.7942,14.7722],[108.8007,14.7628],[108.8014,14.7607],[108.8035,14.7635],[108.8066,14.7646],[108.8089,14.7623],[108.8143,14.7606],[108.8147,14.7592],[108.8194,14.7599],[108.8274,14.7581],[108.8287,14.761],[108.8308,14.7606],[108.833,14.7634],[108.8343,14.7697],[108.8368,14.7744],[108.8403,14.7777],[108.8397,14.7798],[108.8416,14.7836],[108.8439,14.7855],[108.8461,14.7896],[108.8469,14.7929],[108.8449,14.7992],[108.8429,14.8032],[108.8399,14.8048],[108.8382,14.8075],[108.8357,14.807],[108.832,14.809],[108.826,14.811],[108.8299,14.8139],[108.8277,14.8168],[108.8233,14.8174],[108.8214,14.8187],[108.8204,14.8218],[108.822,14.8224],[108.8177,14.8281],[108.8155,14.8294],[108.8149,14.8317],[108.8163,14.8343],[108.8246,14.8393],[108.8238,14.8412],[108.8198,14.8446],[108.8184,14.8482],[108.8164,14.8504]]]},"properties":{"ma_xa":"21496","ten_xa":"Ba Động","sap_nhap":"Ba Liên, Ba Thành, Ba Động ","tru_so":"đang cập nhật","loai":"Xã","cap":2,"stt":53,"dtich_km2":103.01,"dan_so":7688,"matdo_km2":74.63,"ma_tinh":"51","ten_tinh":"Quảng Ngãi"}},
{"type":"Feature","geometry":{"type":"Polygon","coordinates":[[[108.7403,15.2487],[108.7269,15.2477],[108.7218,15.2488],[108.714,15.2536],[108.7082,15.2559],[108.7056,15.2551],[108.7053,15.2577],[108.6978,15.2571],[108.695,15.2561],[108.6935,15.2541],[108.6936,15.2506],[108.6917,15.2501],[108.6872,15.2452],[108.6822,15.2459],[108.6791,15.2426],[108.676,15.2433],[108.6743,15.2422],[108.6709,15.2449],[108.6677,15.244],[108.6657,15.2457],[108.6623,15.2454],[108.6563,15.2426],[108.6547,15.2401],[108.6407,15.2407],[108.6396,15.236],[108.6318,15.2414],[108.631,15.2425],[108.6256,15.2403],[108.6225,15.2403],[108.6161,15.2389],[108.6157,15.237],[108.6172,15.2315],[108.6149,15.2291],[108.6134,15.225],[108.6156,15.2176],[108.6119,15.2146],[108.6109,15.2121],[108.6151,15.2112],[108.6202,15.2073],[108.621,15.2023],[108.6276,15.1989],[108.6314,15.1993],[108.6331,15.2009],[108.6368,15.2014],[108.6395,15.1983],[108.6428,15.1987],[108.6413,15.1949],[108.6424,15.1892],[108.6444,15.1845],[108.651,15.1821],[108.6545,15.1822],[108.6586,15.1791],[108.6626,15.1795],[108.663,15.1737],[108.6615,15.1708],[108.667,15.1689],[108.6696,15.1653],[108.6718,15.1653],[108.6749,15.1696],[108.676,15.1692],[108.6781,15.1708],[108.6868,15.1694],[108.6896,15.1697],[108.6902,15.1735],[108.6893,15.1774],[108.6904,15.1811],[108.6926,15.1826],[108.6938,15.1854],[108.6918,15.1871],[108.6922,15.192],[108.6939,15.1926],[108.6927,15.1956],[108.6891,15.1957],[108.6886,15.1973],[108.695,15.1968],[108.6972,15.2033],[108.6963,15.206],[108.6918,15.212],[108.6954,15.215],[108.6969,15.2214],[108.7009,15.2236],[108.7005,15.2261],[108.7029,15.2264],[108.7042,15.2216],[108.7062,15.2219],[108.7085,15.2251],[108.713,15.2255],[108.7173,15.2239],[108.7203,15.2251],[108.7203,15.228],[108.7241,15.2293],[108.7225,15.2326],[108.7241,15.2335],[108.723,15.2355],[108.7243,15.2387],[108.7267,15.2413],[108.7322,15.2435],[108.7377,15.245],[108.7403,15.2487]]]},"properties":{"ma_xa":"21205","ten_xa":"Ba Gia","sap_nhap":"Tịnh Bắc, Tịnh Hiệp, Tịnh Trà","tru_so":"đang cập nhật","loai":"Xã","cap":2,"stt":17,"dtich_km2":66.14,"dan_so":21511,"matdo_km2":325.23,"ma_tinh":"51","ten_tinh":"Quảng Ngãi"}},
{"type":"Feature","geometry":{"type":"Polygon","coordinates":[[[108.657,14.6882],[108.6561,14.6927],[108.6522,14.6968],[108.6533,14.6997],[108.6513,14.7006],[108.6515,14.706],[108.6508,14.7086],[108.6466,14.7103],[108.6516,14.7115],[108.65,14.7136],[108.6509,14.7158],[108.6472,14.719],[108.648,14.7221],[108.65,14.7232],[108.6512,14.7259],[108.6545,14.7262],[108.6569,14.7285],[108.6529,14.732],[108.6567,14.7366],[108.6563,14.7413],[108.6522,14.7424],[108.6512,14.745],[108.6464,14.7512],[108.6422,14.7553],[108.6418,14.7576],[108.6391,14.762],[108.6368,14.764],[108.6299,14.7647],[108.6252,14.7639],[108.6229,14.7659],[108.6207,14.7652],[108.6139,14.7674],[108.6121,14.7708],[108.6099,14.7663],[108.6037,14.7613],[108.6014,14.7615],[108.6003,14.7636],[108.5987,14.7623],[108.6005,14.7556],[108.6003,14.7523],[108.598,14.7495],[108.5959,14.745],[108.5944,14.7434],[108.5948,14.7407],[108.5875,14.7321],[108.5839,14.7307],[108.5819,14.7243],[108.5789,14.7218],[108.5762,14.7184],[108.5745,14.7145],[108.5715,14.712],[108.5719,14.7086],[108.5701,14.7055],[108.5746,14.7009],[108.5763,14.7028],[108.5786,14.703],[108.5816,14.705],[108.5866,14.7057],[108.5892,14.6995],[108.5922,14.6967],[108.5945,14.693],[108.5948,14.6897],[108.5978,14.6882],[108.6008,14.6895],[108.6051,14.6849],[108.6046,14.6801],[108.6054,14.6757],[108.6072,14.6704],[108.6057,14.6626],[108.6075,14.6615],[108.6134,14.6554],[108.6128,14.6496],[108.6134,14.6482],[108.6121,14.645],[108.6093,14.6423],[108.6127,14.6338],[108.6112,14.6292],[108.6077,14.6286],[108.6011,14.6226],[108.6029,14.6194],[108.6025,14.6162],[108.6047,14.6139],[108.6056,14.6096],[108.6025,14.606],[108.5989,14.6035],[108.6016,14.5991],[108.5963,14.5953],[108.5934,14.5957],[108.5894,14.5923],[108.5878,14.593],[108.5849,14.5899],[108.5806,14.5909],[108.5792,14.5867],[108.5747,14.5874],[108.5721,14.5897],[108.5719,14.5926],[108.5677,14.594],[108.5571,14.5941],[108.554,14.5919],[108.5472,14.5894],[108.5495,14.5881],[108.5508,14.5854],[108.5546,14.5859],[108.559,14.5853],[108.5601,14.586],[108.564,14.5833],[108.5664,14.5799],[108.5699,14.5795],[108.5731,14.5766],[108.5729,14.5735],[108.5771,14.5708],[108.5808,14.5711],[108.583,14.5684],[108.5878,14.5665],[108.5922,14.5661],[108.5965,14.5625],[108.5958,14.5566],[108.5975,14.5557],[108.5965,14.5522],[108.5961,14.5467],[108.6001,14.5431],[108.6023,14.5389],[108.6048,14.5358],[108.6084,14.5336],[108.6118,14.5347],[108.6131,14.5324],[108.6174,14.5361],[108.6188,14.5437],[108.6219,14.5422],[108.6285,14.5451],[108.6272,14.5477],[108.6278,14.5505],[108.6295,14.552],[108.6326,14.5524],[108.6339,14.5512],[108.6399,14.5494],[108.6432,14.5506],[108.6422,14.5542],[108.6445,14.5573],[108.6445,14.5592],[108.6404,14.5648],[108.6454,14.568],[108.6524,14.5694],[108.6577,14.5737],[108.6598,14.5768],[108.6634,14.5775],[108.6675,14.58],[108.6717,14.5799],[108.6772,14.5845],[108.6767,14.5888],[108.6752,14.5905],[108.6775,14.5923],[108.68,14.5967],[108.6831,14.5959],[108.6878,14.5918],[108.6911,14.5937],[108.6947,14.5945],[108.6982,14.597],[108.6981,14.5994],[108.7028,14.6062],[108.7027,14.6088],[108.7009,14.6128],[108.7055,14.6149],[108.708,14.6131],[108.7059,14.6097],[108.7072,14.6068],[108.713,14.6023],[108.7164,14.6019],[108.7192,14.5985],[108.7242,14.5954],[108.729,14.5938],[108.7312,14.5918],[108.7337,14.5897],[108.7379,14.5888],[108.7406,14.591],[108.7406,14.5947],[108.7441,14.5945],[108.7451,14.5925],[108.7488,14.592],[108.7536,14.5932],[108.7571,14.5933],[108.7607,14.5992],[108.7635,14.5998],[108.7634,14.6027],[108.7617,14.6054],[108.7619,14.6094],[108.761,14.6161],[108.7617,14.6202],[108.7652,14.6221],[108.7666,14.6277],[108.7661,14.6324],[108.7643,14.6377],[108.7655,14.6424],[108.7638,14.6461],[108.7647,14.6476],[108.7638,14.6542],[108.7622,14.6555],[108.7612,14.6632],[108.7595,14.6671],[108.7628,14.6708],[108.7639,14.6748],[108.7632,14.6769],[108.7659,14.6808],[108.7658,14.6839],[108.7671,14.6883],[108.766,14.6895],[108.7611,14.6913],[108.7527,14.688],[108.7494,14.6897],[108.7467,14.6889],[108.7459,14.6862],[108.7421,14.6859],[108.7395,14.689],[108.7359,14.6892],[108.7332,14.6883],[108.731,14.6897],[108.7259,14.6887],[108.7236,14.6863],[108.7193,14.6858],[108.7158,14.6827],[108.7118,14.6872],[108.7094,14.6879],[108.7066,14.6869],[108.7012,14.6886],[108.693,14.6884],[108.6874,14.6868],[108.6809,14.6863],[108.6786,14.6867],[108.6751,14.6839],[108.6711,14.6822],[108.667,14.6834],[108.6632,14.683],[108.6589,14.684],[108.657,14.6882]]]},"properties":{"ma_xa":"21523","ten_xa":"Ba Tô","sap_nhap":"Ba Lế, Ba Nam, Ba Tô","tru_so":"đang cập nhật","loai":"Xã","cap":2,"stt":49,"dtich_km2":274.4,"dan_so":9555,"matdo_km2":34.82,"ma_tinh":"51","ten_tinh":"Quảng Ngãi"}},
{"type":"Feature","geometry":{"type":"Polygon","coordinates":[[[108.8014,14.7607],[108.8007,14.7628],[108.7942,14.7722],[108.7873,14.7737],[108.7855,14.7768],[108.7873,14.78],[108.7894,14.7883],[108.786,14.7927],[108.7837,14.7973],[108.7821,14.799],[108.779,14.7967],[108.774,14.7968],[108.7723,14.7926],[108.7625,14.788],[108.7544,14.7862],[108.7527,14.7866],[108.752,14.7918],[108.7497,14.7971],[108.7436,14.8016],[108.7393,14.8016],[108.7344,14.804],[108.7301,14.8042],[108.7276,14.8039],[108.7261,14.8007],[108.7208,14.7944],[108.7217,14.7887],[108.7178,14.7886],[108.7151,14.7869],[108.7092,14.7887],[108.7076,14.753],[108.708,14.7519],[108.7057,14.7478],[108.706,14.7464],[108.7029,14.7441],[108.7017,14.7413],[108.6968,14.7356],[108.6956,14.7318],[108.6978,14.7224],[108.6947,14.7198],[108.6915,14.7158],[108.6866,14.7162],[108.6841,14.714],[108.6803,14.7122],[108.678,14.714],[108.675,14.7135],[108.6733,14.7111],[108.6692,14.7089],[108.6665,14.7063],[108.6647,14.7007],[108.666,14.6955],[108.6633,14.6912],[108.6607,14.6907],[108.657,14.6882],[108.6589,14.684],[108.6632,14.683],[108.667,14.6834],[108.6711,14.6822],[108.6751,14.6839],[108.6786,14.6867],[108.6809,14.6863],[108.6874,14.6868],[108.693,14.6884],[108.7012,14.6886],[108.7066,14.6869],[108.7094,14.6879],[108.7118,14.6872],[108.7158,14.6827],[108.7193,14.6858],[108.7236,14.6863],[108.7259,14.6887],[108.731,14.6897],[108.7332,14.6883],[108.7359,14.6892],[108.7395,14.689],[108.7421,14.6859],[108.7459,14.6862],[108.7467,14.6889],[108.7494,14.6897],[108.7527,14.688],[108.7611,14.6913],[108.766,14.6895],[108.7676,14.6948],[108.7718,14.6967],[108.7729,14.7016],[108.7747,14.7039],[108.7768,14.7045],[108.7767,14.7089],[108.7803,14.7097],[108.788,14.7152],[108.7907,14.7225],[108.7892,14.7271],[108.7899,14.7322],[108.787,14.7354],[108.7812,14.7368],[108.7805,14.7406],[108.7818,14.7435],[108.7818,14.7468],[108.787,14.7478],[108.7874,14.7519],[108.7896,14.7546],[108.7914,14.7548],[108.7937,14.7578],[108.8014,14.7607]]]},"properties":{"ma_xa":"21484","ten_xa":"Ba Tơ","sap_nhap":"Ba Tơ, Ba Cung, Ba Bích","tru_so":"đang cập nhật","loai":"Xã","cap":2,"stt":51,"dtich_km2":120.91,"dan_so":12263,"matdo_km2":101.42,"ma_tinh":"51","ten_tinh":"Quảng Ngãi"}},
{"type":"Feature","geometry":{"type":"Polygon","coordinates":[[[108.5975,14.8091],[108.5894,14.8078],[108.5839,14.8076],[108.5804,14.8085],[108.575,14.8071],[108.5683,14.8036],[108.5657,14.8032],[108.5603,14.8053],[108.5576,14.8039],[108.5531,14.8102],[108.5511,14.8119],[108.544,14.8159],[108.5388,14.81],[108.5343,14.8105],[108.5325,14.8091],[108.5264,14.8082],[108.5238,14.8093],[108.5177,14.8077],[108.5129,14.8091],[108.5087,14.8085],[108.5063,14.8048],[108.5025,14.8077],[108.4995,14.8064],[108.4938,14.8012],[108.496,14.7936],[108.5001,14.7918],[108.5017,14.7882],[108.5002,14.7847],[108.5024,14.7795],[108.5055,14.7771],[108.5092,14.7774],[108.5162,14.7741],[108.5182,14.7701],[108.5203,14.7626],[108.5219,14.7588],[108.5257,14.7537],[108.525,14.7511],[108.5269,14.7489],[108.5277,14.7448],[108.5252,14.7437],[108.5255,14.7413],[108.523,14.7407],[108.5224,14.7369],[108.5185,14.7297],[108.517,14.7246],[108.5182,14.7216],[108.5158,14.7207],[108.5134,14.7176],[108.5129,14.7138],[108.5108,14.711],[108.5079,14.7109],[108.5031,14.7083],[108.5016,14.7033],[108.4969,14.7016],[108.4961,14.6994],[108.499,14.6958],[108.5022,14.6949],[108.5028,14.6914],[108.5045,14.6897],[108.5072,14.6902],[108.5119,14.6877],[108.5223,14.6843],[108.5276,14.683],[108.5337,14.6824],[108.54,14.6825],[108.5443,14.6842],[108.5462,14.6875],[108.5501,14.6894],[108.551,14.6862],[108.5526,14.6851],[108.5561,14.6869],[108.5596,14.6861],[108.5596,14.6846],[108.563,14.683],[108.5643,14.6799],[108.5677,14.6784],[108.5704,14.6733],[108.5738,14.6702],[108.5769,14.6687],[108.579,14.6694],[108.5806,14.6677],[108.5871,14.6688],[108.5954,14.6707],[108.5969,14.6703],[108.6013,14.6724],[108.6054,14.6757],[108.6046,14.6801],[108.6051,14.6849],[108.6008,14.6895],[108.5978,14.6882],[108.5948,14.6897],[108.5945,14.693],[108.5922,14.6967],[108.5892,14.6995],[108.5866,14.7057],[108.5816,14.705],[108.5786,14.703],[108.5763,14.7028],[108.5746,14.7009],[108.5701,14.7055],[108.5719,14.7086],[108.5715,14.712],[108.5745,14.7145],[108.5762,14.7184],[108.5789,14.7218],[108.5819,14.7243],[108.5839,14.7307],[108.5875,14.7321],[108.5948,14.7407],[108.5944,14.7434],[108.5959,14.745],[108.598,14.7495],[108.6003,14.7523],[108.6005,14.7556],[108.5987,14.7623],[108.6003,14.7636],[108.6,14.7726],[108.5981,14.7753],[108.5993,14.7781],[108.5984,14.7798],[108.6002,14.7824],[108.5985,14.7885],[108.5963,14.7912],[108.5973,14.7963],[108.5964,14.798],[108.5981,14.8023],[108.5963,14.8068],[108.5975,14.8091]]]},"properties":{"ma_xa":"21529","ten_xa":"Ba Vì","sap_nhap":"Ba Tiêu, Ba Ngạc, Ba Vì","tru_so":"đang cập nhật","loai":"Xã","cap":2,"stt":48,"dtich_km2":125.4,"dan_so":11372,"matdo_km2":90.69,"ma_tinh":"51","ten_tinh":"Quảng Ngãi"}},
{"type":"Feature","geometry":{"type":"Polygon","coordinates":[[[108.7164,14.8893],[108.7158,14.8875],[108.7086,14.8856],[108.7036,14.8828],[108.6994,14.8813],[108.6978,14.8866],[108.6908,14.8858],[108.6873,14.8825],[108.6817,14.8834],[108.6825,14.8859],[108.6765,14.8885],[108.6719,14.8916],[108.6686,14.8969],[108.6646,14.8989],[108.6549,14.8974],[108.6506,14.8943],[108.6466,14.8936],[108.6404,14.8893],[108.6343,14.8831],[108.6312,14.8785],[108.6307,14.875],[108.6283,14.875],[108.628,14.8721],[108.6264,14.8712],[108.6236,14.8675],[108.6211,14.867],[108.621,14.8645],[108.6169,14.8594],[108.6091,14.8562],[108.6075,14.8528],[108.6035,14.8495],[108.6062,14.8491],[108.607,14.8446],[108.606,14.8426],[108.6106,14.8399],[108.6177,14.8385],[108.6219,14.8296],[108.6275,14.8242],[108.6327,14.8213],[108.6374,14.8196],[108.642,14.8201],[108.6445,14.8188],[108.6482,14.8206],[108.6499,14.8193],[108.6524,14.8151],[108.6515,14.8095],[108.6533,14.804],[108.654,14.7986],[108.6566,14.7959],[108.6602,14.7953],[108.6626,14.7977],[108.6655,14.7951],[108.672,14.7908],[108.6784,14.7885],[108.6825,14.7899],[108.6841,14.7919],[108.6867,14.7978],[108.6914,14.799],[108.6932,14.7956],[108.697,14.7916],[108.6996,14.7903],[108.7048,14.7924],[108.7092,14.7887],[108.7151,14.7869],[108.7178,14.7886],[108.7217,14.7887],[108.7208,14.7944],[108.7261,14.8007],[108.7276,14.8039],[108.7301,14.8042],[108.7289,14.8074],[108.7317,14.8097],[108.7328,14.8129],[108.7353,14.8163],[108.7345,14.8234],[108.7317,14.8301],[108.7273,14.8334],[108.7265,14.8353],[108.7216,14.8384],[108.7215,14.8425],[108.7276,14.85],[108.7271,14.8532],[108.7281,14.8548],[108.7275,14.859],[108.7262,14.8609],[108.7293,14.8648],[108.7287,14.8663],[108.7317,14.8688],[108.7356,14.8693],[108.7334,14.8752],[108.7339,14.8767],[108.7373,14.8794],[108.7379,14.8815],[108.7371,14.8851],[108.7381,14.8877],[108.7354,14.886],[108.7272,14.8869],[108.7245,14.8882],[108.7164,14.8893]]]},"properties":{"ma_xa":"21490","ten_xa":"Ba Vinh","sap_nhap":"Ba Điền, Ba Vinh","tru_so":"đang cập nhật","loai":"Xã","cap":2,"stt":52,"dtich_km2":115,"dan_so":6425,"matdo_km2":55.87,"ma_tinh":"51","ten_tinh":"Quảng Ngãi"}},
{"type":"Feature","geometry":{"type":"Polygon","coordinates":[[[108.6054,14.6757],[108.6013,14.6724],[108.5969,14.6703],[108.5954,14.6707],[108.5871,14.6688],[108.5806,14.6677],[108.579,14.6694],[108.5769,14.6687],[108.5738,14.6702],[108.5704,14.6733],[108.5677,14.6784],[108.5643,14.6799],[108.563,14.683],[108.5596,14.6846],[108.5596,14.6861],[108.5561,14.6869],[108.5526,14.6851],[108.551,14.6862],[108.5501,14.6894],[108.5462,14.6875],[108.5443,14.6842],[108.54,14.6825],[108.5337,14.6824],[108.5276,14.683],[108.5223,14.6843],[108.5119,14.6877],[108.5126,14.685],[108.5104,14.6809],[108.5095,14.6771],[108.506,14.673],[108.5059,14.6678],[108.5038,14.666],[108.5015,14.6665],[108.4997,14.6637],[108.4985,14.6595],[108.4958,14.6576],[108.4931,14.6528],[108.493,14.6512],[108.4904,14.6491],[108.4916,14.6458],[108.4843,14.6443],[108.4839,14.641],[108.4808,14.6343],[108.4809,14.628],[108.4821,14.6256],[108.4848,14.6234],[108.4883,14.6241],[108.4888,14.6216],[108.4934,14.6208],[108.4976,14.6215],[108.4988,14.6228],[108.5033,14.6247],[108.5065,14.6208],[108.5109,14.6211],[108.5199,14.6231],[108.5286,14.623],[108.5276,14.6201],[108.5283,14.617],[108.5321,14.6114],[108.5342,14.6036],[108.5372,14.6014],[108.5389,14.5978],[108.5445,14.5926],[108.5472,14.5894],[108.554,14.5919],[108.5571,14.5941],[108.5677,14.594],[108.5719,14.5926],[108.5721,14.5897],[108.5747,14.5874],[108.5792,14.5867],[108.5806,14.5909],[108.5849,14.5899],[108.5878,14.593],[108.5894,14.5923],[108.5934,14.5957],[108.5963,14.5953],[108.6016,14.5991],[108.5989,14.6035],[108.6025,14.606],[108.6056,14.6096],[108.6047,14.6139],[108.6025,14.6162],[108.6029,14.6194],[108.6011,14.6226],[108.6077,14.6286],[108.6112,14.6292],[108.6127,14.6338],[108.6093,14.6423],[108.6121,14.645],[108.6134,14.6482],[108.6128,14.6496],[108.6134,14.6554],[108.6075,14.6615],[108.6057,14.6626],[108.6072,14.6704],[108.6054,14.6757]]]},"properties":{"ma_xa":"21538","ten_xa":"Ba Xa","sap_nhap":"Không sắp xếp","tru_so":"đang cập nhật","loai":"Xã","cap":2,"stt":55,"dtich_km2":102.79,"dan_so":5452,"matdo_km2":53.04,"ma_tinh":"51","ten_tinh":"Quảng Ngãi"}},
{"type":"Feature","geometry":{"type":"Polygon","coordinates":[[[108.7474,15.2684],[108.7476,15.2707],[108.7462,15.2741],[108.7473,15.2768],[108.7503,15.2766],[108.7481,15.2884],[108.7464,15.2893],[108.7409,15.2881],[108.7342,15.2894],[108.7304,15.2877],[108.727,15.2839],[108.7237,15.2811],[108.7186,15.2779],[108.7145,15.2717],[108.71,15.27],[108.706,15.2669],[108.7032,15.2662],[108.6988,15.2669],[108.6934,15.2722],[108.6896,15.272],[108.6864,15.27],[108.6754,15.2674],[108.6713,15.2639],[108.666,15.2643],[108.6643,15.2633],[108.6566,15.2621],[108.6528,15.2634],[108.646,15.2601],[108.6423,15.2602],[108.6379,15.2584],[108.6326,15.25],[108.6304,15.2478],[108.631,15.2425],[108.6318,15.2414],[108.6396,15.236],[108.6407,15.2407],[108.6547,15.2401],[108.6563,15.2426],[108.6623,15.2454],[108.6657,15.2457],[108.6677,15.244],[108.6709,15.2449],[108.6743,15.2422],[108.676,15.2433],[108.6791,15.2426],[108.6822,15.2459],[108.6872,15.2452],[108.6917,15.2501],[108.6936,15.2506],[108.6935,15.2541],[108.695,15.2561],[108.6978,15.2571],[108.7053,15.2577],[108.7056,15.2551],[108.7082,15.2559],[108.714,15.2536],[108.7218,15.2488],[108.7269,15.2477],[108.7403,15.2487],[108.7394,15.2534],[108.7405,15.2606],[108.7416,15.2626],[108.744,15.2622],[108.7464,15.2636],[108.7458,15.2661],[108.7474,15.2684]]]},"properties":{"ma_xa":"21100","ten_xa":"Bình Chương","sap_nhap":"Bình Mỹ, Bình Chương","tru_so":"đang cập nhật","loai":"Xã","cap":2,"stt":12,"dtich_km2":30.79,"dan_so":16565,"matdo_km2":538,"ma_tinh":"51","ten_tinh":"Quảng Ngãi"}},
{"type":"Feature","geometry":{"type":"Polygon","coordinates":[[[108.727,15.2839],[108.7236,15.2874],[108.7199,15.2883],[108.7201,15.2901],[108.7163,15.2908],[108.7154,15.2948],[108.7112,15.2986],[108.709,15.2989],[108.7051,15.3046],[108.7093,15.3097],[108.707,15.3119],[108.7068,15.3139],[108.7081,15.3227],[108.7055,15.3277],[108.7025,15.3307],[108.7031,15.3329],[108.7013,15.335],[108.6982,15.3356],[108.6968,15.3386],[108.6941,15.3385],[108.689,15.3416],[108.6864,15.3466],[108.6902,15.3473],[108.6914,15.349],[108.6947,15.3484],[108.6982,15.3494],[108.7006,15.354],[108.7,15.3611],[108.6971,15.3639],[108.6947,15.3695],[108.6929,15.3682],[108.6865,15.3691],[108.6847,15.3676],[108.6803,15.3669],[108.6797,15.3696],[108.6765,15.3692],[108.6732,15.3648],[108.6679,15.365],[108.6654,15.3661],[108.662,15.3699],[108.6596,15.3661],[108.6561,15.3662],[108.6551,15.3688],[108.6487,15.3662],[108.6448,15.3681],[108.6419,15.3679],[108.6402,15.3642],[108.6344,15.363],[108.6328,15.3599],[108.6282,15.3561],[108.6227,15.3576],[108.6151,15.3531],[108.603,15.3525],[108.6018,15.3501],[108.6027,15.3457],[108.5966,15.344],[108.5919,15.3468],[108.5874,15.3419],[108.5827,15.3355],[108.5804,15.3354],[108.5785,15.3318],[108.5786,15.3295],[108.5768,15.3242],[108.5795,15.3213],[108.5797,15.3167],[108.5819,15.3117],[108.5834,15.3107],[108.5829,15.3073],[108.5866,15.3045],[108.5883,15.2992],[108.593,15.297],[108.5963,15.2978],[108.6001,15.2967],[108.6055,15.2937],[108.6102,15.2847],[108.613,15.2823],[108.6147,15.2779],[108.6179,15.2736],[108.6202,15.2735],[108.6219,15.2667],[108.6233,15.2661],[108.6234,15.2602],[108.6275,15.2608],[108.6322,15.2595],[108.6364,15.2622],[108.6423,15.2602],[108.646,15.2601],[108.6528,15.2634],[108.6566,15.2621],[108.6643,15.2633],[108.666,15.2643],[108.6713,15.2639],[108.6754,15.2674],[108.6864,15.27],[108.6896,15.272],[108.6934,15.2722],[108.6988,15.2669],[108.7032,15.2662],[108.706,15.2669],[108.71,15.27],[108.7145,15.2717],[108.7186,15.2779],[108.7237,15.2811],[108.727,15.2839]]]},"properties":{"ma_xa":"21085","ten_xa":"Bình Minh","sap_nhap":"Bình Khương, Bình An, Bình Minh","tru_so":"đang cập nhật","loai":"Xã","cap":2,"stt":11,"dtich_km2":128.6,"dan_so":19673,"matdo_km2":152.98,"ma_tinh":"51","ten_tinh":"Quảng Ngãi"}},
{"type":"Feature","geometry":{"type":"Polygon","coordinates":[[[108.7755,15.3857],[108.7739,15.3844],[108.7714,15.3887],[108.7677,15.3879],[108.7617,15.3883],[108.7559,15.3893],[108.749,15.3921],[108.7393,15.3986],[108.7373,15.3966],[108.7363,15.3937],[108.7301,15.3856],[108.7232,15.3772],[108.7232,15.3755],[108.7189,15.3725],[108.7135,15.3722],[108.7102,15.3708],[108.7067,15.371],[108.7013,15.3732],[108.6985,15.3697],[108.6947,15.3695],[108.6971,15.3639],[108.7,15.3611],[108.7006,15.354],[108.6982,15.3494],[108.6947,15.3484],[108.6914,15.349],[108.6902,15.3473],[108.6864,15.3466],[108.689,15.3416],[108.6941,15.3385],[108.6968,15.3386],[108.6982,15.3356],[108.7013,15.335],[108.7031,15.3329],[108.7025,15.3307],[108.7055,15.3277],[108.7081,15.3227],[108.7068,15.3139],[108.707,15.3119],[108.7093,15.3097],[108.7051,15.3046],[108.709,15.2989],[108.7112,15.2986],[108.7154,15.2948],[108.7163,15.2908],[108.7201,15.2901],[108.7199,15.2883],[108.7236,15.2874],[108.727,15.2839],[108.7304,15.2877],[108.7342,15.2894],[108.7409,15.2881],[108.7464,15.2893],[108.7481,15.2884],[108.7503,15.2766],[108.7473,15.2768],[108.7462,15.2741],[108.7476,15.2707],[108.7474,15.2684],[108.7508,15.2704],[108.7519,15.2663],[108.7656,15.2681],[108.7664,15.2657],[108.7684,15.2658],[108.7723,15.2627],[108.7784,15.2673],[108.7812,15.2654],[108.7854,15.2666],[108.7876,15.2652],[108.7887,15.2679],[108.7868,15.2698],[108.7904,15.2739],[108.7914,15.2765],[108.7888,15.278],[108.7884,15.283],[108.7894,15.2878],[108.7841,15.2916],[108.7833,15.2943],[108.7806,15.2968],[108.7774,15.2973],[108.7799,15.3005],[108.7835,15.3069],[108.7753,15.3101],[108.7786,15.3112],[108.782,15.309],[108.7841,15.3146],[108.7834,15.3161],[108.7801,15.316],[108.7799,15.3176],[108.7843,15.3198],[108.7798,15.3234],[108.7835,15.3284],[108.7843,15.3311],[108.7887,15.3341],[108.79,15.3369],[108.7835,15.3376],[108.7823,15.3396],[108.778,15.3409],[108.7802,15.3448],[108.7793,15.3557],[108.7801,15.3587],[108.7786,15.3678],[108.7766,15.3746],[108.7745,15.3798],[108.7761,15.3819],[108.7755,15.3857]]]},"properties":{"ma_xa":"21040","ten_xa":"Bình Sơn","sap_nhap":"Châu Ổ, Bình Thạnh, Bình Chánh, Bình Dương, Bình Nguyên, Bình Trung, Bình Long ","tru_so":"đang cập nhật","loai":"Xã","cap":2,"stt":13,"dtich_km2":100.07,"dan_so":89058,"matdo_km2":889.96,"ma_tinh":"51","ten_tinh":"Quảng Ngãi"}},
{"type":"Feature","geometry":{"type":"Polygon","coordinates":[[[107.7011,14.7328],[107.6949,14.738],[107.693,14.7381],[107.6869,14.7414],[107.6811,14.7419],[107.6778,14.7433],[107.6761,14.7386],[107.6735,14.7357],[107.6729,14.7327],[107.6709,14.7329],[107.6618,14.7388],[107.6679,14.748],[107.6681,14.7516],[107.6706,14.7563],[107.6687,14.7605],[107.6634,14.7641],[107.6436,14.7813],[107.6405,14.785],[107.637,14.7871],[107.6291,14.7835],[107.6268,14.7814],[107.609,14.771],[107.5963,14.7629],[107.5888,14.7728],[107.5837,14.7747],[107.5776,14.7739],[107.5769,14.7754],[107.5695,14.7773],[107.5672,14.7795],[107.563,14.7796],[107.5633,14.7812],[107.5587,14.7822],[107.5588,14.7843],[107.5565,14.7851],[107.5546,14.7839],[107.5512,14.7857],[107.5453,14.7821],[107.543,14.7793],[107.5391,14.7818],[107.541,14.7855],[107.5395,14.7889],[107.5369,14.7888],[107.5362,14.791],[107.5336,14.791],[107.5291,14.7942],[107.5284,14.7961],[107.5236,14.7944],[107.5208,14.7918],[107.5187,14.792],[107.5139,14.7879],[107.5069,14.787],[107.5054,14.7857],[107.5096,14.7836],[107.5111,14.7847],[107.5154,14.7848],[107.5171,14.7787],[107.5204,14.7761],[107.5258,14.7761],[107.5282,14.772],[107.5306,14.7716],[107.5304,14.7675],[107.5312,14.7654],[107.5335,14.765],[107.5338,14.7606],[107.5366,14.7567],[107.5386,14.7552],[107.5395,14.7524],[107.5421,14.7505],[107.5418,14.749],[107.5376,14.7437],[107.5379,14.7411],[107.5336,14.7374],[107.5292,14.735],[107.5259,14.7347],[107.5259,14.7327],[107.5232,14.7307],[107.5214,14.7276],[107.525,14.7224],[107.5271,14.7237],[107.5316,14.7231],[107.5354,14.725],[107.5422,14.7218],[107.5484,14.721],[107.556,14.7214],[107.5569,14.7185],[107.5554,14.7124],[107.5558,14.7097],[107.5596,14.7046],[107.559,14.7006],[107.5597,14.6959],[107.5588,14.6899],[107.5556,14.6838],[107.5529,14.6818],[107.5521,14.6793],[107.5499,14.6793],[107.5492,14.6767],[107.5503,14.675],[107.5503,14.6709],[107.5546,14.6673],[107.5544,14.6643],[107.5523,14.6639],[107.5481,14.6587],[107.5492,14.6541],[107.5517,14.6488],[107.5507,14.6462],[107.5446,14.6437],[107.5423,14.6398],[107.5435,14.6375],[107.5424,14.6348],[107.5376,14.6344],[107.5382,14.6322],[107.5413,14.6291],[107.5414,14.626],[107.538,14.6219],[107.5426,14.6173],[107.5449,14.6113],[107.5475,14.6065],[107.5534,14.6055],[107.5544,14.604],[107.573,14.6063],[107.5764,14.6078],[107.5788,14.607],[107.5805,14.61],[107.5828,14.6109],[107.5834,14.6158],[107.5821,14.6182],[107.5884,14.6211],[107.5938,14.6214],[107.5971,14.6161],[107.6003,14.6172],[107.6017,14.6202],[107.605,14.6201],[107.6031,14.6234],[107.6076,14.6246],[107.6093,14.6274],[107.6089,14.6297],[107.611,14.6305],[107.6161,14.636],[107.6219,14.6471],[107.6223,14.6493],[107.6251,14.6509],[107.6266,14.6551],[107.629,14.6572],[107.6291,14.659],[107.6338,14.6629],[107.6345,14.6648],[107.6391,14.6713],[107.6414,14.6716],[107.6418,14.6763],[107.6444,14.6761],[107.646,14.6741],[107.6489,14.6748],[107.6501,14.6731],[107.6531,14.6723],[107.6586,14.6726],[107.6613,14.6736],[107.663,14.6726],[107.6691,14.6779],[107.6707,14.6757],[107.6735,14.6755],[107.6778,14.6779],[107.6805,14.6825],[107.6843,14.6868],[107.6851,14.6908],[107.6884,14.6912],[107.6904,14.693],[107.6955,14.6902],[107.6974,14.6863],[107.7004,14.6846],[107.703,14.6843],[107.7035,14.6812],[107.7061,14.6782],[107.7083,14.6779],[107.7113,14.6793],[107.7131,14.6816],[107.7166,14.6838],[107.7172,14.6812],[107.7203,14.6796],[107.7229,14.6754],[107.7299,14.6725],[107.7324,14.6723],[107.7402,14.6695],[107.7383,14.6715],[107.7374,14.6763],[107.7347,14.6779],[107.7318,14.6814],[107.7308,14.6855],[107.7251,14.6933],[107.7218,14.6954],[107.7212,14.6984],[107.7164,14.6994],[107.7161,14.7021],[107.7122,14.7031],[107.7131,14.7061],[107.7121,14.7105],[107.7096,14.7141],[107.7112,14.7182],[107.7088,14.72],[107.7055,14.729],[107.7025,14.7292],[107.7011,14.7328]]]},"properties":{"ma_xa":"23377","ten_xa":"Bờ Y","sap_nhap":"Plei Kần, xã Đăk Xú, Pờ Y","tru_so":"đang cập nhật","loai":"Xã","cap":2,"stt":75,"dtich_km2":242.11,"dan_so":35375,"matdo_km2":146.11,"ma_tinh":"51","ten_tinh":"Quảng Ngãi"}},
{"type":"Feature","geometry":{"type":"Polygon","coordinates":[[[108.5751,15.2145],[108.5713,15.2132],[108.5608,15.2159],[108.5573,15.2196],[108.5548,15.22],[108.5527,15.2181],[108.5477,15.2161],[108.5447,15.2235],[108.5375,15.2234],[108.5344,15.226],[108.5288,15.2268],[108.5238,15.2246],[108.5225,15.2215],[108.5195,15.2185],[108.517,15.2176],[108.5175,15.2141],[108.5164,15.2121],[108.5129,15.2105],[108.5103,15.2103],[108.506,15.2073],[108.5032,15.2075],[108.5007,15.2043],[108.4943,15.2034],[108.4907,15.2037],[108.4878,15.2025],[108.4835,15.1936],[108.4811,15.1904],[108.4831,15.1856],[108.4812,15.1786],[108.4794,15.1764],[108.4793,15.1732],[108.4806,15.1701],[108.4799,15.165],[108.479,15.164],[108.4735,15.1637],[108.4694,15.161],[108.4694,15.154],[108.4701,15.1522],[108.4683,15.1506],[108.4625,15.1418],[108.4632,15.1381],[108.4624,15.1354],[108.4589,15.1342],[108.4559,15.1302],[108.4599,15.1233],[108.4593,15.12],[108.4561,15.1149],[108.4565,15.1122],[108.4544,15.1091],[108.4607,15.1086],[108.4634,15.1062],[108.4638,15.1044],[108.4678,15.1033],[108.4703,15.1039],[108.4739,15.1063],[108.4752,15.1095],[108.4784,15.1113],[108.485,15.1068],[108.4887,15.1057],[108.4926,15.1056],[108.4982,15.1077],[108.4996,15.1107],[108.5018,15.1137],[108.5033,15.1173],[108.507,15.1159],[108.5101,15.1173],[108.5144,15.1177],[108.5186,15.1164],[108.5214,15.1166],[108.5214,15.1199],[108.5228,15.124],[108.5232,15.1278],[108.5268,15.1277],[108.5326,15.1311],[108.5359,15.1321],[108.541,15.1382],[108.5506,15.1419],[108.5619,15.1549],[108.5652,15.1596],[108.5694,15.1609],[108.5784,15.1574],[108.583,15.1612],[108.5856,15.1615],[108.5888,15.1652],[108.5932,15.1679],[108.6016,15.1703],[108.6013,15.1744],[108.5997,15.176],[108.6,15.1849],[108.5977,15.1853],[108.5964,15.1897],[108.5937,15.1945],[108.5951,15.2],[108.5986,15.1999],[108.5993,15.2058],[108.6007,15.209],[108.6022,15.2092],[108.6052,15.213],[108.602,15.2152],[108.5967,15.2201],[108.5928,15.2209],[108.5892,15.2157],[108.5846,15.2146],[108.5751,15.2145]]]},"properties":{"ma_xa":"21136","ten_xa":"Cà Đam","sap_nhap":"Trà Tân, Trà Bùi (1 phần)","tru_so":"đang cập nhật","loai":"Xã","cap":2,"stt":36,"dtich_km2":112.35,"dan_so":4336,"matdo_km2":38.59,"ma_tinh":"51","ten_tinh":"Quảng Ngãi"}},
{"type":"Feature","geometry":{"type":"Polygon","coordinates":[[[108.8235,15.1254],[108.8209,15.126],[108.8176,15.1293],[108.8125,15.1314],[108.8104,15.1283],[108.7991,15.126],[108.7977,15.1207],[108.8005,15.1199],[108.7998,15.1091],[108.8032,15.1068],[108.8033,15.1003],[108.8051,15.099],[108.8104,15.0972],[108.8136,15.0945],[108.8181,15.0978],[108.8182,15.1018],[108.8224,15.101],[108.8251,15.1055],[108.8246,15.1088],[108.8255,15.1122],[108.8225,15.1125],[108.8243,15.1161],[108.823,15.1195],[108.8205,15.1189],[108.8235,15.1254]]]},"properties":{"ma_xa":"21025","ten_xa":"Cẩm Thành","sap_nhap":"Nguyễn Nghiêm, Trần Hưng Đạo, Nghĩa Chánh, Chánh Lộ","tru_so":"đang cập nhật","loai":"Phường","cap":2,"stt":4,"dtich_km2":7.93,"dan_so":60996,"matdo_km2":7691.8,"ma_tinh":"51","ten_tinh":"Quảng Ngãi"}},
{"type":"Feature","geometry":{"type":"Polygon","coordinates":[[[108.0031,14.3378],[108.0019,14.3434],[107.9998,14.3448],[107.9957,14.3445],[107.9917,14.3421],[107.9879,14.3437],[107.9868,14.3468],[107.9872,14.3509],[107.9901,14.355],[107.9892,14.3565],[107.9795,14.3534],[107.9703,14.3535],[107.9698,14.3501],[107.9705,14.3465],[107.9752,14.3442],[107.9744,14.3407],[107.9789,14.3392],[107.9785,14.3339],[107.9808,14.3329],[107.9806,14.3297],[107.977,14.3264],[107.9762,14.3235],[107.9767,14.3196],[107.9796,14.3166],[107.9818,14.3119],[107.9799,14.3095],[107.9793,14.3055],[107.9778,14.3048],[107.9777,14.2997],[107.9766,14.2975],[107.9776,14.2931],[107.9811,14.2913],[107.9871,14.2918],[107.9906,14.2908],[107.9974,14.2912],[107.9981,14.2934],[107.9978,14.2978],[107.9988,14.3005],[107.9986,14.306],[107.9954,14.3135],[107.9927,14.3152],[107.9932,14.3176],[107.9984,14.3206],[107.9985,14.3225],[108.0008,14.3275],[108.0005,14.3332],[108.0031,14.3378]]]},"properties":{"ma_xa":"23302","ten_xa":"Đăk BLa","sap_nhap":"Trần Hưng Đạo, Lê Lợi, Nguyễn Trãi ","tru_so":"đang cập nhật","loai":"Phường","cap":2,"stt":59,"dtich_km2":14.99,"dan_so":21816,"matdo_km2":1455.37,"ma_tinh":"51","ten_tinh":"Quảng Ngãi"}},
{"type":"Feature","geometry":{"type":"Polygon","coordinates":[[[108.0806,14.4233],[108.0689,14.4159],[108.0635,14.4192],[108.06,14.4236],[108.0562,14.4301],[108.0443,14.4352],[108.0341,14.4343],[108.032,14.435],[108.0287,14.4404],[108.0256,14.4432],[108.0199,14.4527],[108.0142,14.4522],[108.0123,14.4498],[108.0097,14.4511],[108.0062,14.4511],[108.0049,14.4483],[108.0021,14.4468],[107.9984,14.4462],[107.9958,14.4478],[107.9942,14.4457],[107.9938,14.4429],[107.9964,14.4359],[107.9933,14.4374],[107.984,14.4379],[107.9828,14.4342],[107.978,14.4323],[107.9806,14.4311],[107.9837,14.4272],[107.985,14.4273],[107.988,14.4208],[107.9913,14.4163],[107.9922,14.4121],[107.9905,14.4105],[107.9924,14.4064],[107.989,14.4038],[107.9888,14.3994],[107.9867,14.3903],[107.985,14.3902],[107.9841,14.387],[107.9821,14.3868],[107.9806,14.3896],[107.9779,14.3913],[107.9746,14.3913],[107.9689,14.3958],[107.966,14.3936],[107.9596,14.3913],[107.9598,14.3856],[107.9626,14.3758],[107.9624,14.3698],[107.9634,14.3671],[107.9693,14.3688],[107.9709,14.3714],[107.9727,14.3696],[107.9753,14.3716],[107.9773,14.3716],[107.9888,14.3676],[107.9908,14.3712],[107.9998,14.363],[107.9998,14.3622],[108.0096,14.3623],[108.0087,14.3643],[108.0086,14.37],[108.0091,14.3797],[108.0116,14.3814],[108.02,14.3831],[108.0176,14.3877],[108.0176,14.3899],[108.0193,14.3957],[108.0186,14.3976],[108.0231,14.401],[108.0262,14.4025],[108.0295,14.4053],[108.0319,14.4041],[108.0357,14.4041],[108.0362,14.4057],[108.048,14.4054],[108.0518,14.4059],[108.0567,14.4085],[108.0596,14.4068],[108.0643,14.4058],[108.066,14.4037],[108.0687,14.4032],[108.0715,14.4007],[108.0723,14.3985],[108.0771,14.3984],[108.0788,14.3971],[108.0819,14.3969],[108.0827,14.4026],[108.0795,14.4046],[108.0815,14.4148],[108.0802,14.4176],[108.0806,14.4233]]]},"properties":{"ma_xa":"23284","ten_xa":"Đăk Cấm","sap_nhap":"Ngô Mây, Duy Tân, Đăk Cấm ","tru_so":"đang cập nhật","loai":"Phường","cap":2,"stt":58,"dtich_km2":66.33,"dan_so":29799,"matdo_km2":449.25,"ma_tinh":"51","ten_tinh":"Quảng Ngãi"}},
{"type":"Feature","geometry":{"type":"Polygon","coordinates":[[[107.9642,14.4965],[107.9583,14.5034],[107.9404,14.5032],[107.941,14.5055],[107.9313,14.5337],[107.9299,14.5385],[107.9308,14.543],[107.9218,14.5375],[107.9174,14.5304],[107.9134,14.5268],[107.9112,14.526],[107.9097,14.5204],[107.9035,14.5171],[107.897,14.5118],[107.8992,14.5075],[107.8988,14.5055],[107.8965,14.5038],[107.8909,14.5063],[107.8891,14.5086],[107.8863,14.5067],[107.8845,14.5025],[107.8886,14.496],[107.8886,14.4903],[107.8848,14.4854],[107.8852,14.4819],[107.8868,14.4782],[107.8877,14.4703],[107.8865,14.4677],[107.8834,14.4647],[107.8828,14.4624],[107.8822,14.4504],[107.8807,14.4402],[107.8794,14.4367],[107.8817,14.4354],[107.8815,14.4253],[107.8935,14.4285],[107.9,14.4265],[107.9058,14.4276],[107.914,14.4246],[107.9155,14.4226],[107.9153,14.4184],[107.9198,14.4145],[107.9241,14.414],[107.9236,14.41],[107.925,14.4068],[107.9246,14.4047],[107.9281,14.4038],[107.9314,14.4001],[107.9486,14.3974],[107.9485,14.4019],[107.9534,14.4053],[107.9607,14.4132],[107.9627,14.4177],[107.968,14.4228],[107.9686,14.4264],[107.9738,14.4292],[107.978,14.4323],[107.9828,14.4342],[107.984,14.4379],[107.9787,14.4417],[107.9783,14.446],[107.9762,14.4495],[107.9741,14.4508],[107.9729,14.4558],[107.9761,14.4575],[107.9731,14.4608],[107.9729,14.4644],[107.9638,14.4694],[107.9673,14.4756],[107.9653,14.4768],[107.9675,14.4792],[107.9672,14.4837],[107.9681,14.488],[107.9654,14.4912],[107.9642,14.4965]]]},"properties":{"ma_xa":"23500","ten_xa":"Đăk Hà","sap_nhap":"Đăk Hà, xã Hà Mòn, Đăk La ","tru_so":"đang cập nhật","loai":"Xã","cap":2,"stt":67,"dtich_km2":104.08,"dan_so":36087,"matdo_km2":346.72,"ma_tinh":"51","ten_tinh":"Quảng Ngãi"}},
{"type":"Feature","geometry":{"type":"Polygon","coordinates":[[[108.2122,14.5635],[108.211,14.5698],[108.2133,14.5709],[108.2202,14.5792],[108.2201,14.582],[108.2242,14.5857],[108.2256,14.5882],[108.2247,14.5917],[108.2263,14.5946],[108.2257,14.5963],[108.2268,14.6007],[108.2296,14.6009],[108.2317,14.6041],[108.2347,14.6041],[108.2345,14.6072],[108.2364,14.6081],[108.2401,14.6074],[108.2407,14.6095],[108.2392,14.6144],[108.2374,14.6164],[108.2381,14.6193],[108.2413,14.6223],[108.2402,14.6254],[108.2378,14.6264],[108.2398,14.6291],[108.2423,14.6352],[108.2403,14.6397],[108.2408,14.6432],[108.2429,14.6468],[108.2406,14.6528],[108.2396,14.6578],[108.2371,14.6618],[108.2362,14.6653],[108.2368,14.6675],[108.2352,14.6697],[108.2329,14.6752],[108.2321,14.6807],[108.2299,14.685],[108.2303,14.6937],[108.2298,14.6965],[108.2308,14.7011],[108.2346,14.7022],[108.2355,14.7074],[108.2341,14.71],[108.2347,14.7157],[108.2336,14.7196],[108.2299,14.7205],[108.2284,14.7223],[108.2296,14.7291],[108.2279,14.7326],[108.2255,14.7347],[108.2219,14.7348],[108.2214,14.7374],[108.2149,14.7406],[108.2148,14.7427],[108.2119,14.7458],[108.2009,14.7509],[108.1977,14.7516],[108.1922,14.7517],[108.1903,14.7498],[108.1868,14.7514],[108.1835,14.7549],[108.1813,14.7542],[108.1784,14.7505],[108.1738,14.7481],[108.173,14.7455],[108.1668,14.7476],[108.1635,14.7476],[108.1582,14.7487],[108.1564,14.7505],[108.15,14.7528],[108.1463,14.7515],[108.1458,14.7558],[108.143,14.7572],[108.1433,14.7599],[108.1388,14.7607],[108.1293,14.765],[108.1261,14.7652],[108.1248,14.7658],[108.1198,14.7639],[108.1152,14.7535],[108.1131,14.7495],[108.1099,14.7491],[108.1062,14.7457],[108.1036,14.7392],[108.093,14.7313],[108.0926,14.7284],[108.0884,14.7254],[108.089,14.7197],[108.0842,14.7199],[108.0809,14.719],[108.074,14.714],[108.0729,14.7121],[108.0742,14.7089],[108.0726,14.7041],[108.0753,14.7029],[108.074,14.6963],[108.0708,14.6931],[108.0723,14.6879],[108.0689,14.6829],[108.0621,14.6817],[108.0611,14.6789],[108.0626,14.6757],[108.0622,14.6731],[108.0697,14.6685],[108.0722,14.6661],[108.0737,14.6621],[108.0724,14.6581],[108.0737,14.6531],[108.0762,14.648],[108.075,14.6459],[108.0761,14.641],[108.0751,14.6358],[108.0705,14.6312],[108.0685,14.6319],[108.0645,14.6303],[108.0625,14.6258],[108.0648,14.624],[108.0644,14.6219],[108.0661,14.6193],[108.066,14.6124],[108.0675,14.6098],[108.0665,14.6075],[108.0691,14.6039],[108.07,14.599],[108.0653,14.5928],[108.0665,14.5902],[108.0685,14.5892],[108.0658,14.5806],[108.0659,14.5754],[108.0638,14.5705],[108.0621,14.5686],[108.0589,14.5673],[108.0592,14.5641],[108.0634,14.559],[108.0681,14.5592],[108.0686,14.5568],[108.0707,14.5556],[108.0746,14.5553],[108.0786,14.5532],[108.0805,14.5506],[108.088,14.5477],[108.092,14.5429],[108.0929,14.5393],[108.0951,14.5371],[108.1021,14.5378],[108.1084,14.5339],[108.1108,14.5266],[108.1097,14.5238],[108.1102,14.5198],[108.1085,14.512],[108.1065,14.5093],[108.1094,14.5009],[108.1094,14.4976],[108.1148,14.491],[108.1169,14.4899],[108.1187,14.4866],[108.1235,14.4828],[108.1319,14.4823],[108.135,14.4814],[108.138,14.4792],[108.1408,14.4841],[108.1433,14.4866],[108.145,14.4868],[108.1434,14.492],[108.1461,14.4915],[108.1509,14.4941],[108.1537,14.4949],[108.1578,14.4938],[108.1644,14.4966],[108.1678,14.494],[108.1716,14.4933],[108.1752,14.4949],[108.1784,14.4888],[108.1814,14.4873],[108.1842,14.4891],[108.1946,14.4933],[108.1958,14.4968],[108.1997,14.503],[108.2019,14.5094],[108.208,14.51],[108.2139,14.5091],[108.2166,14.5099],[108.222,14.5074],[108.2243,14.5092],[108.223,14.5133],[108.2288,14.5187],[108.2249,14.5215],[108.2248,14.526],[108.2172,14.5289],[108.2153,14.5319],[108.2158,14.5353],[108.2135,14.5379],[108.2147,14.5411],[108.2074,14.5463],[108.2062,14.5487],[108.2095,14.554],[108.2072,14.5551],[108.2057,14.5595],[108.2087,14.5629],[108.2122,14.5635]]]},"properties":{"ma_xa":"23485","ten_xa":"Đăk Kôi","sap_nhap":"Đăk Tơ Lung, Đăk Kôi","tru_so":"đang cập nhật","loai":"Xã","cap":2,"stt":87,"dtich_km2":450.48,"dan_so":5950,"matdo_km2":13.21,"ma_tinh":"51","ten_tinh":"Quảng Ngãi"}},
{"type":"Feature","geometry":{"type":"Polygon","coordinates":[[[107.6213,15.0509],[107.6154,15.0457],[107.6112,15.0478],[107.6081,15.0473],[107.6053,15.0457],[107.6042,15.0477],[107.601,15.0492],[107.5976,15.0492],[107.5945,15.0515],[107.5928,15.0501],[107.5946,15.0459],[107.5926,15.0448],[107.5896,15.0374],[107.5874,15.0354],[107.5882,15.0297],[107.5841,15.0282],[107.5773,15.0291],[107.5763,15.032],[107.5693,15.0359],[107.5664,15.0347],[107.5647,15.0355],[107.5564,15.0426],[107.5439,15.0487],[107.5392,15.0493],[107.5373,15.047],[107.5347,15.0462],[107.5342,15.0443],[107.5302,15.0405],[107.5281,15.0413],[107.5234,15.0386],[107.5191,15.0383],[107.5199,15.0351],[107.5173,15.034],[107.5157,15.0304],[107.5092,15.0268],[107.5031,15.024],[107.5011,15.0216],[107.4959,15.0199],[107.4922,15.0238],[107.4832,15.0223],[107.4786,15.0222],[107.4734,15.0195],[107.4711,15.014],[107.4689,15.0115],[107.4676,15.0076],[107.4704,14.9998],[107.4699,14.9983],[107.4717,14.9949],[107.4749,14.9931],[107.4783,14.9924],[107.4762,14.9872],[107.4725,14.9865],[107.4671,14.9868],[107.4679,14.9835],[107.4697,14.9837],[107.4728,14.979],[107.473,14.9761],[107.4784,14.974],[107.4811,14.9719],[107.4809,14.9663],[107.4784,14.9614],[107.4783,14.9581],[107.4826,14.9529],[107.4831,14.9509],[107.4879,14.9471],[107.49,14.9435],[107.4995,14.9428],[107.5004,14.9379],[107.4988,14.9369],[107.5029,14.9342],[107.5051,14.9313],[107.5051,14.9288],[107.511,14.9293],[107.5131,14.931],[107.5156,14.9311],[107.5212,14.9296],[107.5223,14.9301],[107.5299,14.9282],[107.5295,14.9225],[107.5307,14.919],[107.5372,14.9133],[107.5389,14.9089],[107.5415,14.9081],[107.5476,14.9042],[107.55,14.9047],[107.5538,14.9011],[107.5613,14.9028],[107.5689,14.897],[107.5709,14.8931],[107.5736,14.8911],[107.5762,14.8933],[107.5832,14.8927],[107.5858,14.8908],[107.5852,14.8835],[107.5885,14.8793],[107.5874,14.8764],[107.5915,14.8732],[107.5891,14.8699],[107.5904,14.8683],[107.5901,14.8649],[107.5964,14.8655],[107.6013,14.8676],[107.604,14.8706],[107.6094,14.8709],[107.6148,14.8703],[107.6213,14.8654],[107.6234,14.8625],[107.6291,14.8654],[107.6317,14.8627],[107.6338,14.8635],[107.6386,14.863],[107.6432,14.8659],[107.649,14.8665],[107.6526,14.8694],[107.6568,14.8685],[107.658,14.8705],[107.6614,14.8732],[107.6634,14.8758],[107.6612,14.8772],[107.6606,14.8821],[107.6564,14.8872],[107.656,14.8908],[107.6547,14.893],[107.6552,14.8963],[107.6533,14.9026],[107.6501,14.9067],[107.65,14.9081],[107.6438,14.9151],[107.6428,14.9203],[107.6389,14.9259],[107.639,14.9275],[107.6369,14.9333],[107.6337,14.9349],[107.6346,14.941],[107.6341,14.9429],[107.6365,14.9446],[107.639,14.9493],[107.6436,14.9512],[107.6453,14.9592],[107.6516,14.9674],[107.6536,14.9684],[107.6548,14.971],[107.6545,14.9751],[107.6556,14.9773],[107.6593,14.9795],[107.6571,14.9831],[107.6576,14.9852],[107.656,14.9885],[107.6541,15.0003],[107.6519,15.0038],[107.6518,15.0066],[107.6498,15.0116],[107.6497,15.0141],[107.6465,15.0186],[107.642,15.0186],[107.6365,15.0207],[107.6309,15.0286],[107.6316,15.0304],[107.6285,15.0391],[107.6229,15.0446],[107.6213,15.0481],[107.6213,15.0509]]]},"properties":{"ma_xa":"23368","ten_xa":"Đăk Long","sap_nhap":"Không sắp xếp","tru_so":"đang cập nhật","loai":"Xã","cap":2,"stt":93,"dtich_km2":280.5,"dan_so":5193,"matdo_km2":18.51,"ma_tinh":"51","ten_tinh":"Quảng Ngãi"}},
{"type":"Feature","geometry":{"type":"Polygon","coordinates":[[[107.9308,14.543],[107.9319,14.543],[107.9365,14.5495],[107.949,14.5566],[107.9514,14.557],[107.9561,14.561],[107.9587,14.5617],[107.9609,14.565],[107.963,14.5664],[107.9669,14.5673],[107.9698,14.5703],[107.9705,14.5742],[107.9734,14.5837],[107.9733,14.5891],[107.9769,14.5925],[107.9763,14.5951],[107.9774,14.5989],[107.9813,14.6006],[107.9832,14.6027],[107.9875,14.6033],[107.9883,14.61],[107.988,14.6142],[107.9862,14.6159],[107.9852,14.6192],[107.9882,14.6258],[107.9883,14.6302],[107.9922,14.6342],[107.9905,14.6368],[107.9923,14.6417],[107.9914,14.6438],[107.9938,14.6461],[107.997,14.6518],[107.993,14.6546],[107.9733,14.6519],[107.9657,14.6407],[107.9565,14.6445],[107.9549,14.6442],[107.9503,14.6459],[107.9488,14.6422],[107.9505,14.6411],[107.9522,14.6371],[107.9523,14.6297],[107.9478,14.6208],[107.9427,14.6192],[107.9343,14.6183],[107.9296,14.6131],[107.9258,14.6117],[107.9242,14.6129],[107.9243,14.6157],[107.9207,14.6203],[107.9205,14.622],[107.9178,14.6233],[107.9169,14.6272],[107.9148,14.6293],[107.9146,14.6261],[107.9129,14.624],[107.9106,14.6237],[107.9119,14.6187],[107.9107,14.6137],[107.9104,14.6081],[107.9085,14.599],[107.9059,14.5967],[107.9045,14.593],[107.8973,14.585],[107.8905,14.5883],[107.887,14.5883],[107.8825,14.585],[107.8816,14.5793],[107.8797,14.5774],[107.8755,14.5774],[107.8745,14.5715],[107.8759,14.5702],[107.8754,14.5665],[107.8734,14.5637],[107.874,14.5608],[107.8716,14.5595],[107.87,14.557],[107.8692,14.5492],[107.8658,14.5491],[107.8624,14.5472],[107.8634,14.5444],[107.8635,14.5299],[107.8628,14.524],[107.8617,14.5202],[107.8608,14.5162],[107.8614,14.5054],[107.8649,14.4993],[107.8682,14.4973],[107.8692,14.4924],[107.8733,14.491],[107.8848,14.4854],[107.8886,14.4903],[107.8886,14.496],[107.8845,14.5025],[107.8863,14.5067],[107.8891,14.5086],[107.8909,14.5063],[107.8965,14.5038],[107.8988,14.5055],[107.8992,14.5075],[107.897,14.5118],[107.9035,14.5171],[107.9097,14.5204],[107.9112,14.526],[107.9134,14.5268],[107.9174,14.5304],[107.9218,14.5375],[107.9308,14.543]]]},"properties":{"ma_xa":"23512","ten_xa":"Đăk Mar","sap_nhap":"Đăk Hring, Đăk Mar","tru_so":"đang cập nhật","loai":"Xã","cap":2,"stt":64,"dtich_km2":112.79,"dan_so":19599,"matdo_km2":173.77,"ma_tinh":"51","ten_tinh":"Quảng Ngãi"}},
{"type":"Feature","geometry":{"type":"Polygon","coordinates":[[[107.7482,14.954],[107.7504,14.9609],[107.752,14.9639],[107.7497,14.9658],[107.7486,14.9727],[107.75,14.9784],[107.7496,14.9812],[107.7513,14.9829],[107.7523,14.9889],[107.7507,14.9916],[107.7471,14.9945],[107.7444,14.9999],[107.7329,15.0097],[107.7326,15.0121],[107.7299,15.0146],[107.7284,15.0133],[107.7188,15.0163],[107.7154,15.0189],[107.7128,15.0195],[107.7095,15.0245],[107.7073,15.0258],[107.7063,15.0286],[107.701,15.0333],[107.6974,15.0328],[107.6973,15.035],[107.6932,15.0359],[107.688,15.0348],[107.688,15.0327],[107.6815,15.0296],[107.6804,15.0275],[107.6759,15.0247],[107.6732,15.019],[107.6675,15.0208],[107.6637,15.0186],[107.66,15.0192],[107.6531,15.0224],[107.6471,15.0197],[107.6465,15.0186],[107.6497,15.0141],[107.6498,15.0116],[107.6518,15.0066],[107.6519,15.0038],[107.6541,15.0003],[107.656,14.9885],[107.6576,14.9852],[107.6571,14.9831],[107.6593,14.9795],[107.6556,14.9773],[107.6545,14.9751],[107.6548,14.971],[107.6536,14.9684],[107.6516,14.9674],[107.6453,14.9592],[107.6436,14.9512],[107.639,14.9493],[107.6365,14.9446],[107.6341,14.9429],[107.6346,14.941],[107.6337,14.9349],[107.6369,14.9333],[107.639,14.9275],[107.6389,14.9259],[107.6428,14.9203],[107.6438,14.9151],[107.65,14.9081],[107.6501,14.9067],[107.6533,14.9026],[107.6552,14.8963],[107.6547,14.893],[107.656,14.8908],[107.6564,14.8872],[107.6606,14.8821],[107.6612,14.8772],[107.6634,14.8758],[107.6614,14.8732],[107.658,14.8705],[107.6568,14.8685],[107.6526,14.8694],[107.649,14.8665],[107.652,14.866],[107.6544,14.8636],[107.6573,14.8574],[107.6605,14.8568],[107.6669,14.8638],[107.6708,14.8638],[107.6731,14.8614],[107.6751,14.8621],[107.6784,14.8609],[107.6802,14.8624],[107.6869,14.8603],[107.6883,14.861],[107.6931,14.8675],[107.6982,14.866],[107.7051,14.867],[107.7078,14.8653],[107.71,14.8689],[107.7088,14.8704],[107.7048,14.8712],[107.7037,14.8745],[107.7087,14.8755],[107.7087,14.8791],[107.7097,14.8823],[107.7095,14.8851],[107.7112,14.8875],[107.7129,14.8961],[107.7124,14.902],[107.7136,14.903],[107.7185,14.9155],[107.7184,14.9203],[107.7213,14.9232],[107.7194,14.9254],[107.7187,14.9289],[107.7236,14.9315],[107.7243,14.9334],[107.7207,14.9365],[107.7229,14.9388],[107.7187,14.9442],[107.7184,14.9496],[107.7245,14.9495],[107.7279,14.9505],[107.7339,14.9495],[107.7371,14.9472],[107.7399,14.9468],[107.7423,14.9497],[107.739,14.9509],[107.7397,14.9531],[107.7389,14.9566],[107.7437,14.953],[107.7482,14.954]]]},"properties":{"ma_xa":"23374","ten_xa":"Đăk Môn","sap_nhap":"Đăk Kroong, Đăk Môn","tru_so":"đang cập nhật","loai":"Xã","cap":2,"stt":82,"dtich_km2":150.8,"dan_so":13685,"matdo_km2":90.75,"ma_tinh":"51","ten_tinh":"Quảng Ngãi"}},
{"type":"Feature","geometry":{"type":"Polygon","coordinates":[[[107.777,15.1285],[107.7737,15.1301],[107.7527,15.1408],[107.7469,15.1369],[107.7421,15.1411],[107.7402,15.1465],[107.7404,15.1483],[107.7385,15.1514],[107.7387,15.1558],[107.733,15.1576],[107.7285,15.1551],[107.7296,15.1512],[107.7264,15.1507],[107.7229,15.1526],[107.7176,15.1531],[107.7105,15.1574],[107.7067,15.1556],[107.7055,15.153],[107.7051,15.1477],[107.7027,15.1457],[107.6988,15.1458],[107.6935,15.1401],[107.6914,15.1385],[107.6871,15.1374],[107.6862,15.1319],[107.683,15.1294],[107.6826,15.1254],[107.6799,15.1246],[107.6811,15.1191],[107.6785,15.117],[107.676,15.1128],[107.6777,15.1091],[107.6813,15.1076],[107.6808,15.104],[107.6832,15.0993],[107.6832,15.0967],[107.6853,15.0938],[107.687,15.088],[107.6846,15.0773],[107.6856,15.0718],[107.684,15.0701],[107.6872,15.0657],[107.69,15.0565],[107.6895,15.0524],[107.6874,15.0479],[107.6897,15.0457],[107.6865,15.0423],[107.688,15.0348],[107.6932,15.0359],[107.6973,15.035],[107.6974,15.0328],[107.701,15.0333],[107.7063,15.0286],[107.7073,15.0258],[107.7095,15.0245],[107.7128,15.0195],[107.7154,15.0189],[107.7188,15.0163],[107.7284,15.0133],[107.7299,15.0146],[107.7326,15.0121],[107.7329,15.0097],[107.7444,14.9999],[107.7471,14.9945],[107.7507,14.9916],[107.7523,14.9889],[107.7513,14.9829],[107.7496,14.9812],[107.75,14.9784],[107.7486,14.9727],[107.7497,14.9658],[107.752,14.9639],[107.7504,14.9609],[107.7482,14.954],[107.7512,14.9552],[107.7531,14.9543],[107.7548,14.9581],[107.7565,14.9591],[107.7567,14.9623],[107.7604,14.9636],[107.7603,14.9681],[107.7587,14.9682],[107.7605,14.9735],[107.7652,14.975],[107.7648,14.9703],[107.7683,14.9677],[107.7714,14.9723],[107.7759,14.9747],[107.7784,14.9727],[107.7815,14.9734],[107.7845,14.9784],[107.7847,14.9815],[107.7877,14.985],[107.7944,14.9859],[107.7992,14.9899],[107.8022,14.991],[107.803,14.9932],[107.8022,14.9975],[107.8048,15.0018],[107.8048,15.0048],[107.8064,15.0074],[107.8064,15.0097],[107.8047,15.0133],[107.8023,15.0145],[107.8008,15.0198],[107.8015,15.0241],[107.7941,15.0414],[107.7957,15.0433],[107.7977,15.0478],[107.7965,15.049],[107.7964,15.0527],[107.7945,15.0561],[107.7873,15.0639],[107.787,15.0687],[107.7886,15.0719],[107.7861,15.0754],[107.7865,15.078],[107.7848,15.0801],[107.7862,15.0857],[107.7846,15.0925],[107.7861,15.0956],[107.7872,15.1034],[107.7887,15.1044],[107.7881,15.1125],[107.786,15.1141],[107.7843,15.1169],[107.7798,15.1211],[107.777,15.1285]]]},"properties":{"ma_xa":"23341","ten_xa":"Đăk Pék","sap_nhap":"Đăk Glei, Đăk Pék","tru_so":"đang cập nhật","loai":"Xã","cap":2,"stt":81,"dtich_km2":182.72,"dan_so":17434,"matdo_km2":95.41,"ma_tinh":"51","ten_tinh":"Quảng Ngãi"}},
{"type":"Feature","geometry":{"type":"Polygon","coordinates":[[[107.6612,15.3858],[107.6602,15.3884],[107.6556,15.3933],[107.6554,15.3965],[107.6456,15.4043],[107.6425,15.406],[107.6426,15.4078],[107.639,15.412],[107.6384,15.4151],[107.6313,15.4175],[107.6297,15.4155],[107.624,15.4145],[107.6209,15.409],[107.6191,15.4082],[107.6171,15.4045],[107.6149,15.4032],[107.614,15.3993],[107.6139,15.3936],[107.6088,15.3934],[107.6067,15.3913],[107.6062,15.3886],[107.6004,15.3862],[107.5969,15.3837],[107.5982,15.3777],[107.6007,15.3756],[107.6039,15.3745],[107.604,15.3714],[107.6071,15.37],[107.6093,15.3672],[107.6059,15.3633],[107.6052,15.3571],[107.6053,15.3505],[107.6066,15.35],[107.6063,15.3459],[107.6097,15.3412],[107.6093,15.3374],[107.611,15.3341],[107.6151,15.3334],[107.6167,15.3303],[107.6212,15.33],[107.6224,15.3329],[107.627,15.3322],[107.6267,15.3275],[107.6313,15.3249],[107.6315,15.3229],[107.6342,15.317],[107.6338,15.313],[107.6302,15.3105],[107.6247,15.3113],[107.6235,15.3064],[107.6204,15.3007],[107.6224,15.2952],[107.6189,15.2944],[107.6167,15.2913],[107.6155,15.2874],[107.6168,15.2812],[107.6165,15.274],[107.6157,15.2716],[107.6186,15.2707],[107.6186,15.2682],[107.6206,15.2656],[107.6207,15.2628],[107.6193,15.2555],[107.6208,15.252],[107.6198,15.2455],[107.624,15.2399],[107.6235,15.2352],[107.625,15.2321],[107.6276,15.2307],[107.6304,15.2316],[107.6336,15.2309],[107.6305,15.2278],[107.6248,15.2265],[107.6228,15.2254],[107.6211,15.2268],[107.6192,15.2235],[107.6189,15.2207],[107.6214,15.2174],[107.6219,15.2143],[107.62,15.2123],[107.6178,15.2132],[107.6115,15.212],[107.6045,15.2056],[107.6022,15.2043],[107.5993,15.2064],[107.5984,15.2087],[107.5945,15.2111],[107.5929,15.2088],[107.5945,15.205],[107.5887,15.2027],[107.5873,15.2011],[107.5828,15.2007],[107.5833,15.1971],[107.5876,15.1966],[107.5915,15.1943],[107.5982,15.1882],[107.5983,15.1854],[107.6014,15.1857],[107.603,15.1822],[107.6074,15.1746],[107.6109,15.171],[107.6118,15.165],[107.6159,15.1587],[107.6166,15.1547],[107.6196,15.1522],[107.623,15.1522],[107.6266,15.1499],[107.6234,15.1458],[107.6234,15.1433],[107.6256,15.1411],[107.6225,15.1353],[107.6182,15.1325],[107.613,15.1317],[107.608,15.1329],[107.6086,15.1292],[107.6109,15.1256],[107.616,15.1227],[107.6193,15.1177],[107.619,15.1152],[107.622,15.1122],[107.6229,15.1095],[107.6221,15.1046],[107.6171,15.1042],[107.6112,15.1002],[107.6069,15.0954],[107.598,15.0889],[107.5982,15.0869],[107.601,15.0841],[107.6032,15.0777],[107.609,15.0702],[107.6108,15.0667],[107.6149,15.0663],[107.6155,15.0614],[107.6213,15.0509],[107.6213,15.0481],[107.6229,15.0446],[107.6285,15.0391],[107.6316,15.0304],[107.6309,15.0286],[107.6365,15.0207],[107.642,15.0186],[107.6465,15.0186],[107.6471,15.0197],[107.6531,15.0224],[107.66,15.0192],[107.6637,15.0186],[107.6675,15.0208],[107.6732,15.019],[107.6759,15.0247],[107.6804,15.0275],[107.6815,15.0296],[107.688,15.0327],[107.688,15.0348],[107.6865,15.0423],[107.6897,15.0457],[107.6874,15.0479],[107.6895,15.0524],[107.69,15.0565],[107.6872,15.0657],[107.684,15.0701],[107.6856,15.0718],[107.6846,15.0773],[107.687,15.088],[107.6853,15.0938],[107.6832,15.0967],[107.6832,15.0993],[107.6808,15.104],[107.6813,15.1076],[107.6777,15.1091],[107.676,15.1128],[107.6785,15.117],[107.6811,15.1191],[107.6799,15.1246],[107.6826,15.1254],[107.683,15.1294],[107.6862,15.1319],[107.6871,15.1374],[107.6914,15.1385],[107.6935,15.1401],[107.6988,15.1458],[107.7027,15.1457],[107.7051,15.1477],[107.7055,15.153],[107.7067,15.1556],[107.7105,15.1574],[107.7176,15.1531],[107.7229,15.1526],[107.7264,15.1507],[107.7296,15.1512],[107.7285,15.1551],[107.733,15.1576],[107.7387,15.1558],[107.7385,15.1514],[107.7404,15.1483],[107.7402,15.1465],[107.7421,15.1411],[107.7469,15.1369],[107.7527,15.1408],[107.7737,15.1301],[107.777,15.1285],[107.7755,15.1297],[107.7728,15.1349],[107.7707,15.1373],[107.7704,15.1429],[107.7675,15.1456],[107.769,15.1502],[107.7665,15.1537],[107.7666,15.1563],[107.7642,15.1588],[107.7657,15.1611],[107.764,15.1631],[107.7635,15.1664],[107.7617,15.171],[107.7635,15.173],[107.7644,15.1764],[107.7648,15.1819],[107.7669,15.185],[107.7659,15.1884],[107.7682,15.1931],[107.7705,15.1961],[107.7707,15.1998],[107.7695,15.2029],[107.7708,15.2094],[107.7704,15.2118],[107.7722,15.2157],[107.7718,15.22],[107.7745,15.2234],[107.772,15.2269],[107.7718,15.2308],[107.7683,15.2333],[107.7603,15.2355],[107.752,15.2345],[107.7503,15.232],[107.7466,15.2297],[107.7423,15.2303],[107.7383,15.2291],[107.7337,15.2317],[107.7337,15.2345],[107.7366,15.2346],[107.737,15.2379],[107.7352,15.2416],[107.7355,15.2454],[107.7346,15.2492],[107.7326,15.2532],[107.7319,15.257],[107.7322,15.261],[107.7297,15.2629],[107.729,15.2674],[107.7303,15.2705],[107.729,15.277],[107.7294,15.2809],[107.7283,15.2841],[107.7286,15.2865],[107.7271,15.2886],[107.7286,15.294],[107.7299,15.2954],[107.7279,15.3032],[107.7309,15.3048],[107.7304,15.308],[107.724,15.308],[107.7205,15.3055],[107.7144,15.3056],[107.7079,15.303],[107.7049,15.3078],[107.7013,15.3118],[107.6975,15.3134],[107.6929,15.3175],[107.6916,15.3248],[107.6902,15.3261],[107.6865,15.3267],[107.6845,15.3303],[107.6791,15.3345],[107.6792,15.3401],[107.6768,15.344],[107.6745,15.3431],[107.6689,15.3455],[107.6687,15.3484],[107.667,15.349],[107.6628,15.3547],[107.6623,15.3577],[107.664,15.3617],[107.664,15.3651],[107.6629,15.3683],[107.6595,15.373],[107.6614,15.3786],[107.6612,15.3858]]]},"properties":{"ma_xa":"23344","ten_xa":"Đăk Plô","sap_nhap":"Đăk Nhoong, Đăk Man, Đăk Plô","tru_so":"đang cập nhật","loai":"Xã","cap":2,"stt":80,"dtich_km2":433.41,"dan_so":5629,"matdo_km2":12.99,"ma_tinh":"51","ten_tinh":"Quảng Ngãi"}},
{"type":"Feature","geometry":{"type":"Polygon","coordinates":[[[108.1415,14.7948],[108.1369,14.7976],[108.1292,14.7951],[108.1298,14.7983],[108.1287,14.8004],[108.1214,14.8011],[108.1172,14.7998],[108.1141,14.797],[108.1127,14.7977],[108.1055,14.7985],[108.1066,14.8026],[108.1053,14.8065],[108.103,14.8088],[108.1031,14.812],[108.1015,14.8138],[108.1006,14.8169],[108.0981,14.8174],[108.0978,14.8223],[108.0961,14.8242],[108.0932,14.8241],[108.0907,14.8219],[108.0888,14.8223],[108.0849,14.8194],[108.0804,14.8197],[108.0744,14.8176],[108.0651,14.8118],[108.0587,14.8129],[108.0551,14.8171],[108.0527,14.8173],[108.0507,14.8209],[108.0517,14.8226],[108.0451,14.8292],[108.042,14.8296],[108.038,14.8286],[108.0334,14.8246],[108.0343,14.8202],[108.0357,14.8182],[108.0274,14.8138],[108.0243,14.8153],[108.0197,14.8129],[108.0177,14.8094],[108.0157,14.8089],[108.0145,14.806],[108.0153,14.8024],[108.0093,14.7982],[108.0029,14.7971],[107.9995,14.7956],[107.9974,14.7915],[107.9989,14.7882],[107.999,14.7836],[108.0027,14.7826],[108.0053,14.7786],[108.0032,14.7761],[108.0016,14.7701],[108.0037,14.7669],[108.0022,14.7646],[108.0035,14.7617],[108.003,14.7592],[108.0013,14.7581],[107.9997,14.7545],[107.9946,14.7533],[107.9918,14.7517],[107.9851,14.7508],[107.981,14.752],[107.9787,14.7544],[107.9774,14.7522],[107.9778,14.7496],[107.9704,14.7469],[107.9671,14.7518],[107.961,14.748],[107.9581,14.7489],[107.9548,14.7481],[107.9477,14.7479],[107.9451,14.7403],[107.94,14.7389],[107.9381,14.7376],[107.9254,14.7338],[107.913,14.7285],[107.9109,14.7242],[107.9068,14.719],[107.9061,14.7162],[107.908,14.7138],[107.9077,14.7106],[107.9031,14.7076],[107.9007,14.7073],[107.8985,14.7032],[107.8933,14.7002],[107.8923,14.6978],[107.8922,14.6938],[107.8932,14.6918],[107.8889,14.6858],[107.8871,14.6823],[107.8734,14.6818],[107.876,14.6708],[107.8777,14.6678],[107.8771,14.6655],[107.88,14.6631],[107.8828,14.6593],[107.8806,14.6533],[107.8841,14.6512],[107.8833,14.6473],[107.8869,14.6434],[107.888,14.6385],[107.8868,14.6325],[107.888,14.6303],[107.8872,14.6269],[107.8893,14.6211],[107.8914,14.6189],[107.8961,14.6195],[107.8981,14.6233],[107.8982,14.6264],[107.8971,14.6303],[107.902,14.6318],[107.9148,14.6293],[107.9169,14.6272],[107.9178,14.6233],[107.9205,14.622],[107.9207,14.6203],[107.9243,14.6157],[107.9242,14.6129],[107.9258,14.6117],[107.9296,14.6131],[107.9343,14.6183],[107.9427,14.6192],[107.9478,14.6208],[107.9523,14.6297],[107.9522,14.6371],[107.9505,14.6411],[107.9488,14.6422],[107.9503,14.6459],[107.9549,14.6442],[107.9565,14.6445],[107.9657,14.6407],[107.9733,14.6519],[107.993,14.6546],[107.997,14.6518],[107.9981,14.6532],[108.0027,14.6547],[108.0103,14.6529],[108.0126,14.6504],[108.0164,14.6508],[108.0234,14.6459],[108.0273,14.6463],[108.0291,14.6443],[108.0324,14.6461],[108.0329,14.6477],[108.0375,14.6504],[108.0415,14.6481],[108.0451,14.6507],[108.0513,14.653],[108.0554,14.6519],[108.059,14.6565],[108.059,14.6595],[108.0625,14.6652],[108.0616,14.6693],[108.0622,14.6731],[108.0626,14.6757],[108.0611,14.6789],[108.0621,14.6817],[108.0689,14.6829],[108.0723,14.6879],[108.0708,14.6931],[108.074,14.6963],[108.0753,14.7029],[108.0726,14.7041],[108.0742,14.7089],[108.0729,14.7121],[108.074,14.714],[108.0809,14.719],[108.0842,14.7199],[108.089,14.7197],[108.0884,14.7254],[108.0926,14.7284],[108.093,14.7313],[108.1036,14.7392],[108.1062,14.7457],[108.1099,14.7491],[108.1131,14.7495],[108.1152,14.7535],[108.1198,14.7639],[108.1248,14.7658],[108.1261,14.7652],[108.1268,14.7743],[108.1274,14.7759],[108.1258,14.7789],[108.1318,14.7897],[108.1378,14.7901],[108.1381,14.7924],[108.1415,14.7948]]]},"properties":{"ma_xa":"23504","ten_xa":"Đăk Pxi","sap_nhap":"Đăk Long, Đăk Pxi","tru_so":"đang cập nhật","loai":"Xã","cap":2,"stt":63,"dtich_km2":325.35,"dan_so":11194,"matdo_km2":34.41,"ma_tinh":"51","ten_tinh":"Quảng Ngãi"}},
{"type":"Feature","geometry":{"type":"Polygon","coordinates":[[[107.9467,14.2429],[107.9492,14.2426],[107.953,14.2363],[107.9549,14.2313],[107.9613,14.2275],[107.9678,14.2324],[107.9739,14.2381],[107.977,14.2394],[107.9818,14.2447],[107.9866,14.2452],[107.9887,14.244],[107.9922,14.2455],[107.9981,14.2443],[108.0018,14.2444],[108.0072,14.2399],[108.01,14.2396],[108.0116,14.2408],[108.015,14.241],[108.0168,14.2447],[108.0169,14.2494],[108.0201,14.2483],[108.0248,14.252],[108.0257,14.2546],[108.0245,14.2564],[108.0276,14.2604],[108.031,14.2665],[108.0341,14.269],[108.0347,14.274],[108.037,14.2746],[108.0401,14.2774],[108.0431,14.277],[108.0456,14.2731],[108.0494,14.2732],[108.0529,14.2695],[108.055,14.2664],[108.0573,14.2654],[108.0597,14.2705],[108.0623,14.2723],[108.0625,14.2751],[108.0666,14.2777],[108.066,14.2812],[108.0685,14.2838],[108.0669,14.2855],[108.0677,14.289],[108.0705,14.2933],[108.072,14.2942],[108.0706,14.299],[108.0734,14.3009],[108.0722,14.3038],[108.0737,14.3066],[108.0775,14.309],[108.0818,14.3106],[108.081,14.3136],[108.0848,14.3133],[108.0882,14.3152],[108.0873,14.3174],[108.0883,14.3228],[108.0866,14.3249],[108.0815,14.3266],[108.0785,14.329],[108.0786,14.3324],[108.0818,14.3343],[108.0827,14.3379],[108.0863,14.3407],[108.0861,14.3615],[108.0867,14.371],[108.0848,14.3731],[108.0836,14.3777],[108.0849,14.3799],[108.0845,14.3836],[108.0802,14.3859],[108.0775,14.3903],[108.0819,14.3969],[108.0788,14.3971],[108.0771,14.3984],[108.0723,14.3985],[108.0715,14.4007],[108.0687,14.4032],[108.066,14.4037],[108.0643,14.4058],[108.0596,14.4068],[108.0567,14.4085],[108.0518,14.4059],[108.048,14.4054],[108.0362,14.4057],[108.0357,14.4041],[108.0319,14.4041],[108.0295,14.4053],[108.0262,14.4025],[108.0231,14.401],[108.0186,14.3976],[108.0193,14.3957],[108.0176,14.3899],[108.0176,14.3877],[108.02,14.3831],[108.024,14.3788],[108.0275,14.3784],[108.0296,14.3759],[108.0282,14.368],[108.0294,14.3656],[108.0272,14.3635],[108.028,14.3592],[108.0323,14.3559],[108.0396,14.3566],[108.0416,14.3563],[108.0434,14.3539],[108.0421,14.3513],[108.0361,14.3476],[108.0299,14.3446],[108.0246,14.3403],[108.0189,14.339],[108.018,14.3356],[108.0218,14.3296],[108.0192,14.3273],[108.0155,14.3263],[108.0094,14.3261],[108.0075,14.3269],[108.0055,14.3301],[108.0031,14.3378],[108.0005,14.3332],[108.0008,14.3275],[107.9985,14.3225],[107.9984,14.3206],[107.9932,14.3176],[107.9927,14.3152],[107.9954,14.3135],[107.9986,14.306],[107.9988,14.3005],[107.9978,14.2978],[107.9981,14.2934],[107.9974,14.2912],[107.9906,14.2908],[107.9871,14.2918],[107.9811,14.2913],[107.9776,14.2931],[107.9766,14.2975],[107.9777,14.2997],[107.9778,14.3048],[107.9793,14.3055],[107.9799,14.3095],[107.9818,14.3119],[107.9796,14.3166],[107.9767,14.3196],[107.9762,14.3235],[107.977,14.3264],[107.9701,14.3237],[107.9682,14.3223],[107.9679,14.3195],[107.9646,14.3179],[107.9598,14.3144],[107.9564,14.3111],[107.9535,14.3118],[107.953,14.3089],[107.9548,14.3027],[107.9541,14.2994],[107.9549,14.2922],[107.9541,14.2899],[107.9511,14.2885],[107.9483,14.2853],[107.9477,14.2826],[107.9487,14.2783],[107.9396,14.2783],[107.9395,14.2738],[107.9352,14.2702],[107.9393,14.2679],[107.9367,14.264],[107.9419,14.2603],[107.937,14.2545],[107.9315,14.2419],[107.9387,14.2392],[107.9437,14.2393],[107.9467,14.2429]]]},"properties":{"ma_xa":"23332","ten_xa":"Đăk Rơ Wa","sap_nhap":"Hòa Bình, Chư Hreng, Đăk Blà, Đăk Rơ Wa","tru_so":"đang cập nhật","loai":"Xã","cap":2,"stt":62,"dtich_km2":157.98,"dan_so":25221,"matdo_km2":159.65,"ma_tinh":"51","ten_tinh":"Quảng Ngãi"}},
{"type":"Feature","geometry":{"type":"Polygon","coordinates":[[[108.3595,14.566],[108.3536,14.5644],[108.3474,14.565],[108.3437,14.5625],[108.3359,14.5632],[108.3354,14.561],[108.3332,14.5607],[108.3321,14.5579],[108.3296,14.5588],[108.3225,14.5572],[108.3192,14.5591],[108.3144,14.5586],[108.3106,14.5556],[108.3073,14.5561],[108.3019,14.5546],[108.2983,14.5559],[108.2936,14.5555],[108.289,14.5583],[108.2844,14.5586],[108.2811,14.5618],[108.2741,14.5639],[108.2705,14.5642],[108.2695,14.5676],[108.2625,14.569],[108.2588,14.5675],[108.2536,14.5713],[108.2498,14.5727],[108.2448,14.5709],[108.2415,14.572],[108.2406,14.5685],[108.2385,14.5698],[108.2362,14.5692],[108.2368,14.5648],[108.2339,14.5646],[108.2332,14.5629],[108.2294,14.5626],[108.2277,14.5592],[108.2235,14.5586],[108.2211,14.56],[108.2169,14.5602],[108.2122,14.5635],[108.2087,14.5629],[108.2057,14.5595],[108.2072,14.5551],[108.2095,14.554],[108.2062,14.5487],[108.2074,14.5463],[108.2147,14.5411],[108.2135,14.5379],[108.2158,14.5353],[108.2153,14.5319],[108.2172,14.5289],[108.2248,14.526],[108.2291,14.526],[108.2318,14.5228],[108.2334,14.5193],[108.233,14.5159],[108.2346,14.5123],[108.2337,14.5095],[108.2333,14.5029],[108.2323,14.5021],[108.2367,14.4971],[108.2395,14.4957],[108.2441,14.498],[108.251,14.4962],[108.2528,14.4976],[108.2579,14.4953],[108.2586,14.4922],[108.2609,14.49],[108.2634,14.4899],[108.2655,14.4878],[108.2676,14.482],[108.2685,14.464],[108.2645,14.4623],[108.2632,14.459],[108.2609,14.4574],[108.2557,14.4507],[108.2523,14.4451],[108.2519,14.4411],[108.2498,14.4347],[108.2523,14.4304],[108.2516,14.4217],[108.2467,14.4206],[108.2444,14.4172],[108.2387,14.416],[108.239,14.4133],[108.2341,14.413],[108.2307,14.415],[108.229,14.4177],[108.2273,14.4173],[108.2246,14.4205],[108.2192,14.4179],[108.2199,14.4168],[108.211,14.4116],[108.2104,14.4096],[108.2074,14.4085],[108.2069,14.4044],[108.2101,14.4029],[108.211,14.4006],[108.2054,14.3991],[108.2055,14.3963],[108.2069,14.3909],[108.205,14.388],[108.2071,14.3836],[108.2089,14.3869],[108.2137,14.3872],[108.2178,14.3891],[108.221,14.3916],[108.2255,14.3911],[108.2296,14.3923],[108.2325,14.3898],[108.2396,14.3929],[108.2424,14.3956],[108.2473,14.3961],[108.2486,14.3934],[108.2518,14.3909],[108.2602,14.3905],[108.2641,14.3876],[108.2702,14.3885],[108.2742,14.3864],[108.2783,14.3876],[108.2806,14.3893],[108.2855,14.3888],[108.2921,14.3899],[108.2966,14.392],[108.2963,14.3993],[108.2921,14.4043],[108.2916,14.4073],[108.2941,14.41],[108.2958,14.4146],[108.2985,14.4198],[108.302,14.4199],[108.3076,14.4233],[108.3125,14.4328],[108.3163,14.4347],[108.3181,14.4379],[108.3231,14.4423],[108.3241,14.4542],[108.3265,14.4585],[108.3287,14.4585],[108.3317,14.4615],[108.3317,14.4675],[108.3333,14.4701],[108.3351,14.4707],[108.3391,14.4776],[108.3434,14.4811],[108.3464,14.4865],[108.3457,14.4876],[108.3488,14.4929],[108.3532,14.4945],[108.3569,14.4921],[108.3592,14.4949],[108.3634,14.4942],[108.3633,14.4963],[108.3655,14.4981],[108.3658,14.5008],[108.3695,14.5033],[108.3706,14.5055],[108.3768,14.511],[108.3814,14.5116],[108.3813,14.5143],[108.3835,14.521],[108.3833,14.5265],[108.378,14.5287],[108.3759,14.5311],[108.3737,14.5303],[108.3711,14.5313],[108.3695,14.5342],[108.3719,14.5392],[108.3745,14.5409],[108.3749,14.5467],[108.3704,14.5532],[108.3678,14.5582],[108.362,14.5613],[108.3592,14.5636],[108.3595,14.566]]]},"properties":{"ma_xa":"23479","ten_xa":"Đăk Rve","sap_nhap":"Đăk Rve, Đăk Pne","tru_so":"đang cập nhật","loai":"Xã","cap":2,"stt":89,"dtich_km2":212.54,"dan_so":8184,"matdo_km2":38.51,"ma_tinh":"51","ten_tinh":"Quảng Ngãi"}},
{"type":"Feature","geometry":{"type":"Polygon","coordinates":[[[107.9063,14.9982],[107.9076,15.0011],[107.9069,15.0041],[107.9096,15.0065],[107.9081,15.0125],[107.9066,15.0132],[107.9057,15.0164],[107.9018,15.0168],[107.899,15.0214],[107.8953,15.0294],[107.8935,15.0288],[107.8899,15.0223],[107.8867,15.0226],[107.8847,15.0158],[107.882,15.0141],[107.8801,15.0164],[107.8784,15.0143],[107.8734,15.0167],[107.8721,15.019],[107.8682,15.0202],[107.8646,15.0189],[107.862,15.0166],[107.8581,15.0167],[107.8537,15.0182],[107.8464,15.0183],[107.845,15.0151],[107.8409,15.0128],[107.837,15.0077],[107.8349,15.0084],[107.8311,15.0044],[107.8237,15.0032],[107.8187,15.0041],[107.8162,15.0061],[107.8111,15.0084],[107.8064,15.0074],[107.8048,15.0048],[107.8048,15.0018],[107.8022,14.9975],[107.803,14.9932],[107.8022,14.991],[107.7992,14.9899],[107.7944,14.9859],[107.7877,14.985],[107.7847,14.9815],[107.7845,14.9784],[107.7815,14.9734],[107.7838,14.9681],[107.7812,14.9618],[107.7815,14.9602],[107.7804,14.9542],[107.7783,14.9502],[107.7771,14.9461],[107.7823,14.9375],[107.7827,14.9357],[107.7807,14.9312],[107.7816,14.9294],[107.7878,14.9251],[107.7891,14.9215],[107.7888,14.9178],[107.7912,14.915],[107.7925,14.9088],[107.7938,14.9067],[107.789,14.9017],[107.7892,14.8983],[107.7861,14.8962],[107.7842,14.8907],[107.7851,14.8863],[107.7893,14.8829],[107.7914,14.8836],[107.794,14.8801],[107.7925,14.8748],[107.7906,14.874],[107.7891,14.8702],[107.7861,14.8676],[107.7836,14.8674],[107.7802,14.8686],[107.7829,14.8626],[107.7818,14.8564],[107.78,14.8542],[107.7804,14.8517],[107.7793,14.8494],[107.7765,14.8472],[107.7762,14.8434],[107.7778,14.841],[107.7752,14.8377],[107.7804,14.8384],[107.7888,14.843],[107.7928,14.8466],[107.7966,14.846],[107.798,14.8431],[107.8002,14.8413],[107.8064,14.8409],[107.8097,14.842],[107.8111,14.8489],[107.8098,14.8555],[107.8114,14.8585],[107.8143,14.8617],[107.8181,14.8605],[107.8231,14.8569],[107.8247,14.8578],[107.8253,14.862],[107.83,14.8663],[107.8342,14.8672],[107.8345,14.8704],[107.837,14.8741],[107.8416,14.8759],[107.8441,14.8832],[107.8479,14.8843],[107.8537,14.8896],[107.8719,14.9052],[107.8745,14.9116],[107.8765,14.9143],[107.8789,14.9154],[107.8863,14.9231],[107.8899,14.9257],[107.8936,14.9261],[107.8966,14.9274],[107.8947,14.9403],[107.8926,14.9437],[107.8916,14.9471],[107.8872,14.9533],[107.8874,14.9605],[107.8862,14.9645],[107.8861,14.9708],[107.8881,14.9759],[107.8918,14.9782],[107.8963,14.9836],[107.8975,14.9868],[107.9002,14.9908],[107.9041,14.993],[107.9063,14.9982]]]},"properties":{"ma_xa":"23416","ten_xa":"Đăk Sao","sap_nhap":"Đăk Na, Đăk Sao","tru_so":"đang cập nhật","loai":"Xã","cap":2,"stt":71,"dtich_km2":172.29,"dan_so":6676,"matdo_km2":38.75,"ma_tinh":"51","ten_tinh":"Quảng Ngãi"}},
{"type":"Feature","geometry":{"type":"Polygon","coordinates":[[[107.8048,14.6828],[107.804,14.6865],[107.8025,14.689],[107.7982,14.6924],[107.7903,14.6945],[107.787,14.6909],[107.7833,14.6904],[107.7827,14.6884],[107.7765,14.6854],[107.773,14.6866],[107.7636,14.6821],[107.7571,14.6841],[107.7565,14.6828],[107.7512,14.6824],[107.7481,14.6815],[107.7475,14.6833],[107.7439,14.6858],[107.7362,14.6847],[107.7354,14.6833],[107.7318,14.6814],[107.7347,14.6779],[107.7374,14.6763],[107.7383,14.6715],[107.7402,14.6695],[107.743,14.6666],[107.7432,14.6603],[107.7485,14.6575],[107.7474,14.656],[107.7466,14.6507],[107.7435,14.6463],[107.7374,14.6424],[107.7398,14.6368],[107.738,14.6351],[107.7418,14.6327],[107.7472,14.6304],[107.7469,14.628],[107.749,14.6242],[107.7498,14.6204],[107.7565,14.6167],[107.759,14.6132],[107.7636,14.6132],[107.7653,14.6113],[107.7715,14.6084],[107.776,14.6051],[107.7772,14.6024],[107.7752,14.5981],[107.7713,14.5926],[107.7736,14.5904],[107.7734,14.5887],[107.7762,14.5815],[107.7751,14.5782],[107.7784,14.5725],[107.7773,14.5685],[107.7799,14.5666],[107.7825,14.5668],[107.7852,14.5627],[107.786,14.5598],[107.7912,14.5517],[107.7926,14.5473],[107.7948,14.5439],[107.7947,14.5413],[107.8019,14.543],[107.8065,14.5456],[107.8119,14.5455],[107.8159,14.5469],[107.8172,14.5442],[107.8198,14.5419],[107.8239,14.5408],[107.8264,14.5384],[107.8288,14.541],[107.8322,14.541],[107.8374,14.5373],[107.8406,14.5374],[107.8431,14.5334],[107.8498,14.5296],[107.8494,14.5276],[107.8507,14.5244],[107.8602,14.5213],[107.8617,14.5202],[107.8628,14.524],[107.8635,14.5299],[107.8634,14.5444],[107.8624,14.5472],[107.8658,14.5491],[107.8692,14.5492],[107.87,14.557],[107.8716,14.5595],[107.874,14.5608],[107.8734,14.5637],[107.8754,14.5665],[107.8759,14.5702],[107.8745,14.5715],[107.8755,14.5774],[107.8797,14.5774],[107.8816,14.5793],[107.8825,14.585],[107.887,14.5883],[107.8905,14.5883],[107.8973,14.585],[107.9045,14.593],[107.9059,14.5967],[107.9085,14.599],[107.9104,14.6081],[107.9107,14.6137],[107.9119,14.6187],[107.9106,14.6237],[107.9129,14.624],[107.9146,14.6261],[107.9148,14.6293],[107.902,14.6318],[107.8971,14.6303],[107.8982,14.6264],[107.8981,14.6233],[107.8961,14.6195],[107.8914,14.6189],[107.8893,14.6211],[107.8872,14.6269],[107.888,14.6303],[107.8868,14.6325],[107.888,14.6385],[107.8869,14.6434],[107.8833,14.6473],[107.8841,14.6512],[107.8806,14.6533],[107.8828,14.6593],[107.88,14.6631],[107.8771,14.6655],[107.8777,14.6678],[107.876,14.6708],[107.8734,14.6818],[107.8572,14.6858],[107.8551,14.689],[107.8517,14.689],[107.8437,14.6866],[107.8407,14.6867],[107.8349,14.6821],[107.8318,14.6815],[107.8162,14.6813],[107.813,14.6859],[107.8091,14.6855],[107.8048,14.6828]]]},"properties":{"ma_xa":"23401","ten_xa":"Đăk Tô","sap_nhap":"Đăk Tô, Tân Cảnh, Pô Kô, Diên Bình ","tru_so":"đang cập nhật","loai":"Xã","cap":2,"stt":69,"dtich_km2":218.38,"dan_so":35216,"matdo_km2":161.26,"ma_tinh":"51","ten_tinh":"Quảng Ngãi"}},
{"type":"Feature","geometry":{"type":"Polygon","coordinates":[[[107.9208,14.8897],[107.9193,14.8956],[107.9171,14.8973],[107.9068,14.9086],[107.9024,14.9151],[107.8998,14.9212],[107.8966,14.9274],[107.8936,14.9261],[107.8899,14.9257],[107.8863,14.9231],[107.8789,14.9154],[107.8765,14.9143],[107.8745,14.9116],[107.8719,14.9052],[107.8537,14.8896],[107.8479,14.8843],[107.8441,14.8832],[107.8416,14.8759],[107.837,14.8741],[107.8345,14.8704],[107.8342,14.8672],[107.83,14.8663],[107.8253,14.862],[107.8247,14.8578],[107.8231,14.8569],[107.8181,14.8605],[107.8143,14.8617],[107.8114,14.8585],[107.8098,14.8555],[107.8111,14.8489],[107.8097,14.842],[107.8064,14.8409],[107.8076,14.8374],[107.8074,14.8308],[107.8093,14.8257],[107.8094,14.8226],[107.8112,14.8138],[107.8122,14.8116],[107.8124,14.8073],[107.814,14.8018],[107.8164,14.7978],[107.8251,14.7932],[107.8286,14.7919],[107.8389,14.7904],[107.8474,14.7887],[107.8492,14.7863],[107.8536,14.7832],[107.8569,14.7853],[107.8643,14.7817],[107.8697,14.7856],[107.8689,14.7877],[107.8703,14.7896],[107.8751,14.7925],[107.8768,14.7928],[107.88,14.7987],[107.8903,14.8074],[107.8921,14.8111],[107.8976,14.8127],[107.8994,14.8113],[107.9018,14.8122],[107.907,14.8166],[107.9087,14.8191],[107.9147,14.8235],[107.9184,14.8307],[107.9231,14.8352],[107.9255,14.8365],[107.9251,14.8417],[107.9281,14.8448],[107.9303,14.8494],[107.9342,14.8506],[107.9368,14.8563],[107.9382,14.8576],[107.9394,14.8614],[107.9397,14.875],[107.9366,14.8798],[107.9328,14.8787],[107.9254,14.8892],[107.9208,14.8897]]]},"properties":{"ma_xa":"23419","ten_xa":"Đăk Tờ Kan","sap_nhap":"Đăk Rơ Ông, Đăk Tờ Kan ","tru_so":"đang cập nhật","loai":"Xã","cap":2,"stt":72,"dtich_km2":131.84,"dan_so":8921,"matdo_km2":67.67,"ma_tinh":"51","ten_tinh":"Quảng Ngãi"}},
{"type":"Feature","geometry":{"type":"Polygon","coordinates":[[[108.0592,14.5641],[108.0589,14.5673],[108.0621,14.5686],[108.0638,14.5705],[108.0659,14.5754],[108.0658,14.5806],[108.0685,14.5892],[108.0665,14.5902],[108.0653,14.5928],[108.07,14.599],[108.0691,14.6039],[108.0665,14.6075],[108.0675,14.6098],[108.066,14.6124],[108.0661,14.6193],[108.0644,14.6219],[108.0648,14.624],[108.0625,14.6258],[108.0645,14.6303],[108.0685,14.6319],[108.0705,14.6312],[108.0751,14.6358],[108.0761,14.641],[108.075,14.6459],[108.0762,14.648],[108.0737,14.6531],[108.0724,14.6581],[108.0737,14.6621],[108.0722,14.6661],[108.0697,14.6685],[108.0622,14.6731],[108.0616,14.6693],[108.0625,14.6652],[108.059,14.6595],[108.059,14.6565],[108.0554,14.6519],[108.0513,14.653],[108.0451,14.6507],[108.0415,14.6481],[108.0375,14.6504],[108.0329,14.6477],[108.0324,14.6461],[108.0291,14.6443],[108.0273,14.6463],[108.0234,14.6459],[108.0164,14.6508],[108.0126,14.6504],[108.0103,14.6529],[108.0027,14.6547],[107.9981,14.6532],[107.997,14.6518],[107.9938,14.6461],[107.9914,14.6438],[107.9923,14.6417],[107.9905,14.6368],[107.9922,14.6342],[107.9883,14.6302],[107.9882,14.6258],[107.9852,14.6192],[107.9862,14.6159],[107.988,14.6142],[107.9883,14.61],[107.9875,14.6033],[107.9832,14.6027],[107.9813,14.6006],[107.9774,14.5989],[107.9763,14.5951],[107.9769,14.5925],[107.9733,14.5891],[107.9734,14.5837],[107.9705,14.5742],[107.9698,14.5703],[107.9669,14.5673],[107.963,14.5664],[107.9609,14.565],[107.9587,14.5617],[107.9561,14.561],[107.9514,14.557],[107.949,14.5566],[107.9365,14.5495],[107.9319,14.543],[107.9308,14.543],[107.9299,14.5385],[107.9313,14.5337],[107.941,14.5055],[107.9404,14.5032],[107.9583,14.5034],[107.9642,14.4965],[107.9661,14.499],[107.9699,14.507],[107.9689,14.5113],[107.9776,14.5219],[107.994,14.5239],[107.9946,14.5346],[107.9943,14.5391],[107.9952,14.5421],[107.9951,14.5458],[107.9968,14.5494],[107.9952,14.5554],[108.0005,14.5537],[108.0042,14.5537],[108.0063,14.5558],[108.009,14.5559],[108.0106,14.5539],[108.0129,14.5533],[108.0227,14.5607],[108.0242,14.5642],[108.0268,14.5646],[108.0335,14.5611],[108.0345,14.5581],[108.0365,14.5569],[108.0384,14.5526],[108.0408,14.5504],[108.0444,14.5513],[108.047,14.5552],[108.0504,14.5582],[108.0535,14.5595],[108.0556,14.5634],[108.0592,14.5641]]]},"properties":{"ma_xa":"23510","ten_xa":"Đăk Ui","sap_nhap":"Đăk Ngọk, Đăk Ui","tru_so":"đang cập nhật","loai":"Xã","cap":2,"stt":65,"dtich_km2":132.52,"dan_so":12077,"matdo_km2":91.13,"ma_tinh":"51","ten_tinh":"Quảng Ngãi"}},
{"type":"Feature","geometry":{"type":"Polygon","coordinates":[[[108.9117,14.7831],[108.9073,14.7824],[108.9044,14.7804],[108.8769,14.7936],[108.8563,14.808],[108.8543,14.8096],[108.8497,14.8057],[108.8474,14.7988],[108.8449,14.7992],[108.8469,14.7929],[108.8461,14.7896],[108.8439,14.7855],[108.8416,14.7836],[108.8397,14.7798],[108.8403,14.7777],[108.8368,14.7744],[108.8343,14.7697],[108.833,14.7634],[108.8308,14.7606],[108.8287,14.761],[108.8274,14.7581],[108.8194,14.7599],[108.8147,14.7592],[108.8143,14.7606],[108.8089,14.7623],[108.8066,14.7646],[108.8035,14.7635],[108.8014,14.7607],[108.7937,14.7578],[108.7914,14.7548],[108.7896,14.7546],[108.7874,14.7519],[108.787,14.7478],[108.7818,14.7468],[108.7818,14.7435],[108.7805,14.7406],[108.7812,14.7368],[108.787,14.7354],[108.7899,14.7322],[108.7892,14.7271],[108.7907,14.7225],[108.788,14.7152],[108.7803,14.7097],[108.7767,14.7089],[108.7768,14.7045],[108.7747,14.7039],[108.7729,14.7016],[108.7718,14.6967],[108.7676,14.6948],[108.766,14.6895],[108.7671,14.6883],[108.7658,14.6839],[108.7659,14.6808],[108.7632,14.6769],[108.7639,14.6748],[108.7673,14.6746],[108.7689,14.6779],[108.7725,14.6776],[108.7772,14.6743],[108.7805,14.6708],[108.783,14.6702],[108.7868,14.6709],[108.7885,14.6695],[108.7921,14.6697],[108.7987,14.6687],[108.802,14.6708],[108.8073,14.6693],[108.8099,14.6712],[108.8129,14.6704],[108.8152,14.6726],[108.8209,14.6752],[108.8223,14.6767],[108.8255,14.6758],[108.8286,14.6784],[108.8306,14.6813],[108.8316,14.6845],[108.8342,14.6879],[108.8352,14.6912],[108.8388,14.6944],[108.8417,14.6931],[108.8462,14.6869],[108.8455,14.6842],[108.8467,14.682],[108.8518,14.6841],[108.8518,14.6893],[108.8529,14.6913],[108.8563,14.6911],[108.8604,14.6927],[108.8634,14.6953],[108.8655,14.6931],[108.8726,14.6909],[108.8744,14.688],[108.8796,14.6852],[108.8835,14.6847],[108.8893,14.6823],[108.8922,14.6862],[108.8934,14.6859],[108.8975,14.687],[108.9033,14.6865],[108.9064,14.6885],[108.9068,14.6913],[108.9141,14.6942],[108.9178,14.695],[108.9216,14.6981],[108.9251,14.6982],[108.9253,14.7],[108.9277,14.7027],[108.9285,14.6987],[108.9331,14.6975],[108.9369,14.6957],[108.9397,14.6954],[108.9424,14.6896],[108.9469,14.6874],[108.9504,14.6873],[108.9499,14.6851],[108.9545,14.6836],[108.9545,14.6811],[108.9582,14.6835],[108.9594,14.6862],[108.9681,14.6814],[108.9706,14.6782],[108.9733,14.6759],[108.9732,14.6729],[108.9744,14.678],[108.9738,14.6834],[108.9756,14.6859],[108.9759,14.6893],[108.9795,14.6925],[108.9769,14.697],[108.977,14.7001],[108.9748,14.7004],[108.9711,14.7053],[108.9699,14.7088],[108.9699,14.7135],[108.969,14.7153],[108.9709,14.728],[108.968,14.7293],[108.9649,14.7335],[108.9623,14.7341],[108.9582,14.7399],[108.9539,14.7417],[108.9536,14.7439],[108.9466,14.7426],[108.9437,14.7461],[108.937,14.7497],[108.9327,14.7551],[108.934,14.7567],[108.9373,14.7664],[108.9349,14.7702],[108.9345,14.7763],[108.9303,14.7776],[108.9255,14.778],[108.9236,14.7793],[108.9205,14.7778],[108.9161,14.7786],[108.9126,14.7808],[108.9117,14.7831]]]},"properties":{"ma_xa":"21520","ten_xa":"Đặng Thùy Trâm","sap_nhap":"Ba Trang, Ba Khâm ","tru_so":"đang cập nhật","loai":"Xã","cap":2,"stt":54,"dtich_km2":199.4,"dan_so":4494,"matdo_km2":22.54,"ma_tinh":"51","ten_tinh":"Quảng Ngãi"}},
{"type":"Feature","geometry":{"type":"Polygon","coordinates":[[[108.8155,15.0319],[108.805,15.034],[108.7994,15.0374],[108.7974,15.0397],[108.7953,15.0447],[108.7957,15.0495],[108.7981,15.0524],[108.7969,15.0536],[108.794,15.0524],[108.7924,15.0542],[108.7891,15.0537],[108.788,15.0497],[108.7851,15.0484],[108.7836,15.0511],[108.7805,15.0519],[108.7804,15.0441],[108.7809,15.0388],[108.784,15.0369],[108.7839,15.0348],[108.7861,15.0323],[108.7868,15.028],[108.7849,15.0265],[108.7847,15.0227],[108.7858,15.021],[108.785,15.0183],[108.7804,15.0125],[108.7772,15.0151],[108.7689,15.0133],[108.7698,15.0069],[108.7683,15.0037],[108.7688,15.0013],[108.7656,15.0005],[108.7698,14.998],[108.7756,14.9919],[108.7854,14.9944],[108.7886,14.993],[108.7941,14.9974],[108.796,14.9953],[108.7952,14.9918],[108.7922,14.9905],[108.7927,14.9857],[108.7899,14.9798],[108.7902,14.976],[108.7889,14.9703],[108.7929,14.9691],[108.7957,14.9662],[108.8025,14.9632],[108.8036,14.9591],[108.8026,14.955],[108.8044,14.9528],[108.8069,14.9529],[108.8112,14.9556],[108.8158,14.9562],[108.8183,14.9573],[108.8213,14.9603],[108.8246,14.9647],[108.8311,14.9645],[108.8329,14.9629],[108.8341,14.9589],[108.8378,14.9584],[108.8395,14.9567],[108.8429,14.9594],[108.8462,14.9601],[108.8471,14.9719],[108.8496,14.9741],[108.8516,14.9786],[108.8549,14.9831],[108.8545,14.9842],[108.8499,14.9861],[108.8486,14.9879],[108.8439,14.9888],[108.8417,14.9938],[108.8432,14.9955],[108.8395,14.999],[108.8415,15.0013],[108.8419,15.0058],[108.8403,15.0087],[108.8353,15.0121],[108.8344,15.0149],[108.836,15.0168],[108.844,15.0188],[108.8411,15.0224],[108.8444,15.0248],[108.8397,15.0304],[108.8382,15.0279],[108.8358,15.0272],[108.8315,15.0237],[108.825,15.0228],[108.8216,15.0256],[108.8193,15.0254],[108.8165,15.0229],[108.8137,15.0281],[108.8165,15.0301],[108.8155,15.0319]]]},"properties":{"ma_xa":"21385","ten_xa":"Đình Cương","sap_nhap":"Hành Đức, Hành Phước, Hành Thịnh ","tru_so":"đang cập nhật","loai":"Xã","cap":2,"stt":25,"dtich_km2":53.96,"dan_so":36083,"matdo_km2":668.7,"ma_tinh":"51","ten_tinh":"Quảng Ngãi"}},
{"type":"Feature","geometry":{"type":"Polygon","coordinates":[[[108.8737,15.2916],[108.8681,15.2822],[108.867,15.2792],[108.864,15.2779],[108.8626,15.2758],[108.866,15.2714],[108.8627,15.2674],[108.8598,15.2698],[108.8513,15.2688],[108.8512,15.2714],[108.8496,15.2757],[108.8478,15.2766],[108.844,15.276],[108.8351,15.279],[108.8322,15.281],[108.8289,15.2815],[108.8274,15.2792],[108.8249,15.2801],[108.821,15.2777],[108.8201,15.2797],[108.8178,15.2807],[108.8183,15.2858],[108.8102,15.2971],[108.8076,15.295],[108.8053,15.2955],[108.8038,15.2931],[108.8042,15.2908],[108.8019,15.2858],[108.7995,15.2837],[108.7982,15.2801],[108.7904,15.2739],[108.7868,15.2698],[108.7887,15.2679],[108.7876,15.2652],[108.7854,15.2666],[108.7812,15.2654],[108.7784,15.2673],[108.7723,15.2627],[108.7684,15.2658],[108.7664,15.2657],[108.7656,15.2681],[108.7519,15.2663],[108.7527,15.2621],[108.7548,15.2595],[108.7567,15.2595],[108.7592,15.2569],[108.7604,15.2529],[108.7628,15.2545],[108.7674,15.2547],[108.7675,15.2499],[108.769,15.2469],[108.7715,15.2447],[108.7681,15.2409],[108.7681,15.2389],[108.7659,15.2377],[108.7683,15.2305],[108.7698,15.2224],[108.779,15.2192],[108.7787,15.2225],[108.7802,15.2238],[108.781,15.2281],[108.7864,15.2298],[108.7891,15.2297],[108.7947,15.2344],[108.7996,15.235],[108.802,15.2368],[108.803,15.2398],[108.8071,15.2415],[108.815,15.2403],[108.8205,15.2428],[108.8255,15.242],[108.8275,15.2425],[108.8343,15.2419],[108.8337,15.2383],[108.8285,15.2359],[108.8264,15.2301],[108.8293,15.2239],[108.8288,15.2205],[108.8247,15.2157],[108.8209,15.2139],[108.817,15.2078],[108.8174,15.2033],[108.8232,15.198],[108.8258,15.202],[108.8293,15.2012],[108.8333,15.2039],[108.8359,15.2036],[108.8438,15.1987],[108.8472,15.2021],[108.8497,15.2071],[108.852,15.2087],[108.86,15.2028],[108.8628,15.2058],[108.8647,15.2054],[108.865,15.2023],[108.8614,15.2009],[108.8592,15.196],[108.8575,15.1886],[108.8626,15.1854],[108.8658,15.185],[108.8702,15.1876],[108.8736,15.1919],[108.8768,15.1916],[108.879,15.1885],[108.8816,15.1867],[108.8841,15.1873],[108.8845,15.1892],[108.8822,15.1939],[108.8836,15.1963],[108.8837,15.1998],[108.8806,15.2016],[108.882,15.205],[108.8863,15.2068],[108.8923,15.2064],[108.8952,15.2087],[108.9006,15.2088],[108.9022,15.2102],[108.9046,15.2151],[108.9122,15.2174],[108.9154,15.2117],[108.9176,15.2136],[108.9225,15.2141],[108.9253,15.2111],[108.9278,15.2103],[108.9328,15.2133],[108.9358,15.2165],[108.9372,15.2204],[108.9372,15.2248],[108.9415,15.2268],[108.9407,15.2304],[108.9426,15.2354],[108.9407,15.2368],[108.9397,15.2434],[108.937,15.2447],[108.936,15.2473],[108.9337,15.2459],[108.9302,15.2464],[108.9272,15.2487],[108.9238,15.2454],[108.9209,15.2444],[108.9161,15.2453],[108.9106,15.2484],[108.906,15.2516],[108.9005,15.2563],[108.8959,15.2612],[108.8881,15.2709],[108.8832,15.2782],[108.8792,15.2835],[108.8737,15.2916]]]},"properties":{"ma_xa":"21109","ten_xa":"Đông Sơn","sap_nhap":"Bình Hiệp, Bình Thanh, Bình Tân Phú, Bình Châu, Tịnh Hòa ","tru_so":"đang cập nhật","loai":"Xã","cap":2,"stt":15,"dtich_km2":115.83,"dan_so":56334,"matdo_km2":486.35,"ma_tinh":"51","ten_tinh":"Quảng Ngãi"}},
{"type":"Feature","geometry":{"type":"Polygon","coordinates":[[[108.5874,15.3419],[108.5867,15.3433],[108.5803,15.3453],[108.577,15.3439],[108.5628,15.3357],[108.5591,15.3342],[108.5564,15.3344],[108.5525,15.3366],[108.5498,15.335],[108.5441,15.3346],[108.5434,15.3329],[108.5378,15.3305],[108.5332,15.3316],[108.5344,15.3274],[108.5372,15.3231],[108.5363,15.3153],[108.5386,15.3117],[108.5429,15.309],[108.5442,15.3052],[108.5483,15.3],[108.545,15.2977],[108.5504,15.2936],[108.5517,15.2901],[108.5532,15.2896],[108.553,15.2832],[108.5563,15.2788],[108.5579,15.2784],[108.5635,15.2743],[108.5637,15.2701],[108.5656,15.2682],[108.5629,15.2654],[108.5608,15.2656],[108.558,15.2684],[108.5584,15.2617],[108.5575,15.2599],[108.5542,15.2581],[108.5527,15.2559],[108.5518,15.2499],[108.5562,15.2496],[108.5623,15.2509],[108.5643,15.2501],[108.5691,15.2503],[108.5704,15.2483],[108.5708,15.2445],[108.5748,15.2415],[108.5753,15.2283],[108.5744,15.2201],[108.5751,15.2145],[108.5846,15.2146],[108.5892,15.2157],[108.5928,15.2209],[108.5967,15.2201],[108.602,15.2152],[108.6052,15.213],[108.6084,15.2111],[108.6109,15.2121],[108.6119,15.2146],[108.6156,15.2176],[108.6134,15.225],[108.6149,15.2291],[108.6172,15.2315],[108.6157,15.237],[108.6161,15.2389],[108.6225,15.2403],[108.6256,15.2403],[108.631,15.2425],[108.6304,15.2478],[108.6326,15.25],[108.6379,15.2584],[108.6423,15.2602],[108.6364,15.2622],[108.6322,15.2595],[108.6275,15.2608],[108.6234,15.2602],[108.6233,15.2661],[108.6219,15.2667],[108.6202,15.2735],[108.6179,15.2736],[108.6147,15.2779],[108.613,15.2823],[108.6102,15.2847],[108.6055,15.2937],[108.6001,15.2967],[108.5963,15.2978],[108.593,15.297],[108.5883,15.2992],[108.5866,15.3045],[108.5829,15.3073],[108.5834,15.3107],[108.5819,15.3117],[108.5797,15.3167],[108.5795,15.3213],[108.5768,15.3242],[108.5786,15.3295],[108.5785,15.3318],[108.5804,15.3354],[108.5827,15.3355],[108.5874,15.3419]]]},"properties":{"ma_xa":"21127","ten_xa":"Đông Trà Bồng","sap_nhap":"Trà Bình, Trà Phú, Trà Giang","tru_so":"đang cập nhật","loai":"Xã","cap":2,"stt":33,"dtich_km2":74.83,"dan_so":11197,"matdo_km2":149.63,"ma_tinh":"51","ten_tinh":"Quảng Ngãi"}},
{"type":"Feature","geometry":{"type":"Polygon","coordinates":[[[107.7815,14.9734],[107.7784,14.9727],[107.7759,14.9747],[107.7714,14.9723],[107.7683,14.9677],[107.7648,14.9703],[107.7652,14.975],[107.7605,14.9735],[107.7587,14.9682],[107.7603,14.9681],[107.7604,14.9636],[107.7567,14.9623],[107.7565,14.9591],[107.7548,14.9581],[107.7531,14.9543],[107.7512,14.9552],[107.7482,14.954],[107.7437,14.953],[107.7389,14.9566],[107.7397,14.9531],[107.739,14.9509],[107.7423,14.9497],[107.7399,14.9468],[107.7371,14.9472],[107.7339,14.9495],[107.7279,14.9505],[107.7245,14.9495],[107.7184,14.9496],[107.7187,14.9442],[107.7229,14.9388],[107.7207,14.9365],[107.7243,14.9334],[107.7236,14.9315],[107.7187,14.9289],[107.7194,14.9254],[107.7213,14.9232],[107.7184,14.9203],[107.7185,14.9155],[107.7136,14.903],[107.7124,14.902],[107.7129,14.8961],[107.7112,14.8875],[107.7095,14.8851],[107.7097,14.8823],[107.7087,14.8791],[107.7087,14.8755],[107.7037,14.8745],[107.7048,14.8712],[107.7088,14.8704],[107.71,14.8689],[107.7078,14.8653],[107.7051,14.867],[107.6982,14.866],[107.6931,14.8675],[107.6883,14.861],[107.6869,14.8603],[107.6802,14.8624],[107.6784,14.8609],[107.6751,14.8621],[107.6731,14.8614],[107.6708,14.8638],[107.6669,14.8638],[107.6605,14.8568],[107.6573,14.8574],[107.6544,14.8636],[107.652,14.866],[107.649,14.8665],[107.6432,14.8659],[107.6386,14.863],[107.6338,14.8635],[107.6317,14.8627],[107.6291,14.8654],[107.6234,14.8625],[107.6213,14.8654],[107.6148,14.8703],[107.6094,14.8709],[107.604,14.8706],[107.6013,14.8676],[107.5964,14.8655],[107.5901,14.8649],[107.5843,14.8617],[107.5809,14.8589],[107.579,14.8546],[107.5747,14.8543],[107.5698,14.8524],[107.5661,14.849],[107.5657,14.8444],[107.5625,14.8419],[107.5621,14.8395],[107.5546,14.8341],[107.551,14.8338],[107.549,14.8317],[107.5469,14.8314],[107.5409,14.8269],[107.5407,14.8207],[107.5327,14.8171],[107.5281,14.8141],[107.5238,14.8142],[107.5222,14.8116],[107.5237,14.805],[107.5193,14.8021],[107.5162,14.8022],[107.5146,14.7991],[107.5103,14.7963],[107.5074,14.7925],[107.508,14.7892],[107.506,14.7881],[107.5054,14.7857],[107.5069,14.787],[107.5139,14.7879],[107.5187,14.792],[107.5208,14.7918],[107.5236,14.7944],[107.5284,14.7961],[107.5291,14.7942],[107.5336,14.791],[107.5362,14.791],[107.5369,14.7888],[107.5395,14.7889],[107.541,14.7855],[107.5391,14.7818],[107.543,14.7793],[107.5453,14.7821],[107.5512,14.7857],[107.5546,14.7839],[107.5565,14.7851],[107.5588,14.7843],[107.5587,14.7822],[107.5633,14.7812],[107.563,14.7796],[107.5672,14.7795],[107.5695,14.7773],[107.5769,14.7754],[107.5776,14.7739],[107.5837,14.7747],[107.5888,14.7728],[107.5963,14.7629],[107.609,14.771],[107.6268,14.7814],[107.6291,14.7835],[107.637,14.7871],[107.6405,14.785],[107.6436,14.7813],[107.6634,14.7641],[107.6687,14.7605],[107.6706,14.7563],[107.6681,14.7516],[107.6679,14.748],[107.6618,14.7388],[107.6709,14.7329],[107.6729,14.7327],[107.6735,14.7357],[107.6761,14.7386],[107.6778,14.7433],[107.6811,14.7419],[107.6869,14.7414],[107.693,14.7381],[107.6949,14.738],[107.7011,14.7328],[107.7014,14.7349],[107.7043,14.7381],[107.703,14.7419],[107.7043,14.7442],[107.7045,14.7484],[107.7003,14.7514],[107.7004,14.7532],[107.706,14.756],[107.7088,14.7587],[107.7154,14.7611],[107.7212,14.7639],[107.7234,14.7659],[107.7244,14.77],[107.7262,14.7721],[107.7277,14.7782],[107.7298,14.7795],[107.7336,14.7851],[107.7392,14.7909],[107.7397,14.7935],[107.7353,14.8012],[107.736,14.8081],[107.7343,14.8106],[107.7373,14.8136],[107.7428,14.8166],[107.7446,14.8167],[107.7492,14.8192],[107.7543,14.8187],[107.754,14.8246],[107.7587,14.8288],[107.7643,14.8293],[107.7681,14.8346],[107.7735,14.8363],[107.7752,14.8377],[107.7778,14.841],[107.7762,14.8434],[107.7765,14.8472],[107.7793,14.8494],[107.7804,14.8517],[107.78,14.8542],[107.7818,14.8564],[107.7829,14.8626],[107.7802,14.8686],[107.7836,14.8674],[107.7861,14.8676],[107.7891,14.8702],[107.7906,14.874],[107.7925,14.8748],[107.794,14.8801],[107.7914,14.8836],[107.7893,14.8829],[107.7851,14.8863],[107.7842,14.8907],[107.7861,14.8962],[107.7892,14.8983],[107.789,14.9017],[107.7938,14.9067],[107.7925,14.9088],[107.7912,14.915],[107.7888,14.9178],[107.7891,14.9215],[107.7878,14.9251],[107.7816,14.9294],[107.7807,14.9312],[107.7827,14.9357],[107.7823,14.9375],[107.7771,14.9461],[107.7783,14.9502],[107.7804,14.9542],[107.7815,14.9602],[107.7812,14.9618],[107.7838,14.9681],[107.7815,14.9734]]]},"properties":{"ma_xa":"23383","ten_xa":"Dục Nông","sap_nhap":"Đăk Ang, Đăk Dục, Đăk Nông ","tru_so":"đang cập nhật","loai":"Xã","cap":2,"stt":77,"dtich_km2":321.99,"dan_so":15771,"matdo_km2":48.98,"ma_tinh":"51","ten_tinh":"Quảng Ngãi"}},
{"type":"Feature","geometry":{"type":"Polygon","coordinates":[[[109.0003,14.8261],[108.9877,14.8259],[108.9848,14.8275],[108.9799,14.833],[108.9771,14.8346],[108.9715,14.8344],[108.97,14.8377],[108.9683,14.8365],[108.9675,14.8314],[108.9657,14.8295],[108.9619,14.834],[108.9613,14.8364],[108.9575,14.8384],[108.9537,14.8358],[108.9491,14.8376],[108.9433,14.8422],[108.9383,14.8442],[108.9332,14.8423],[108.9284,14.842],[108.9231,14.8381],[108.9179,14.8324],[108.9145,14.8342],[108.9136,14.8322],[108.914,14.8278],[108.9196,14.8257],[108.9236,14.8215],[108.9211,14.8166],[108.9207,14.805],[108.9198,14.8035],[108.9199,14.7976],[108.9176,14.796],[108.9161,14.7924],[108.9167,14.7889],[108.9127,14.7834],[108.9117,14.7831],[108.9126,14.7808],[108.9161,14.7786],[108.9205,14.7778],[108.9236,14.7793],[108.9255,14.778],[108.9303,14.7776],[108.9345,14.7763],[108.9349,14.7702],[108.9373,14.7664],[108.934,14.7567],[108.9327,14.7551],[108.937,14.7497],[108.9437,14.7461],[108.9466,14.7426],[108.9536,14.7439],[108.9549,14.7473],[108.9533,14.7486],[108.9551,14.7525],[108.954,14.7548],[108.9546,14.7595],[108.959,14.7624],[108.9622,14.766],[108.965,14.7715],[108.9663,14.7727],[108.968,14.7778],[108.9704,14.7809],[108.9734,14.7803],[108.9746,14.7838],[108.9828,14.7859],[108.9831,14.7836],[108.9873,14.7839],[108.9885,14.785],[108.9909,14.7821],[108.9915,14.7792],[108.9937,14.7789],[108.9959,14.7806],[108.9996,14.781],[108.9994,14.7856],[109.0029,14.7874],[109.0054,14.7863],[109.0076,14.7822],[109.0123,14.7836],[109.013,14.7829],[109.022,14.7871],[109.013,14.8021],[109.0016,14.822],[109.0003,14.8261]]]},"properties":{"ma_xa":"21439","ten_xa":"Đức Phổ","sap_nhap":"Nguyễn Nghiêm, Phổ Hòa, Phổ Minh, Phổ Vinh, Phổ Ninh  ","tru_so":"đang cập nhật","loai":"Phường","cap":2,"stt":8,"dtich_km2":69.33,"dan_so":41358,"matdo_km2":596.54,"ma_tinh":"51","ten_tinh":"Quảng Ngãi"}},
{"type":"Feature","geometry":{"type":"Polygon","coordinates":[[[107.9703,14.3535],[107.9662,14.3547],[107.9651,14.3572],[107.965,14.3623],[107.9633,14.3639],[107.9573,14.3636],[107.955,14.3563],[107.9524,14.358],[107.9498,14.3658],[107.9465,14.3682],[107.9416,14.3706],[107.9373,14.3739],[107.9344,14.3738],[107.9298,14.3669],[107.9268,14.3583],[107.9244,14.3549],[107.9101,14.3607],[107.908,14.363],[107.9069,14.3683],[107.9052,14.3704],[107.9018,14.3715],[107.8957,14.3697],[107.8918,14.3666],[107.889,14.367],[107.8881,14.3699],[107.8856,14.3707],[107.8813,14.3679],[107.8787,14.3649],[107.8835,14.3605],[107.8815,14.3537],[107.8795,14.3509],[107.8785,14.3442],[107.8751,14.3399],[107.8737,14.3362],[107.8666,14.3311],[107.8606,14.3249],[107.858,14.3214],[107.8565,14.3173],[107.8518,14.3131],[107.8511,14.3114],[107.856,14.3059],[107.857,14.3034],[107.8569,14.2991],[107.8549,14.2953],[107.8534,14.2849],[107.8528,14.2758],[107.8608,14.2733],[107.8633,14.2746],[107.8678,14.277],[107.873,14.2757],[107.8745,14.2795],[107.877,14.28],[107.8786,14.2749],[107.8807,14.2737],[107.8871,14.2718],[107.8912,14.2742],[107.8923,14.2731],[107.8958,14.2732],[107.9049,14.2646],[107.9105,14.2614],[107.9158,14.2617],[107.9176,14.258],[107.9207,14.2573],[107.9232,14.2528],[107.9268,14.2497],[107.9281,14.2461],[107.9315,14.2419],[107.937,14.2545],[107.9419,14.2603],[107.9367,14.264],[107.9393,14.2679],[107.9352,14.2702],[107.9395,14.2738],[107.9396,14.2783],[107.9487,14.2783],[107.9477,14.2826],[107.9483,14.2853],[107.9511,14.2885],[107.9541,14.2899],[107.9549,14.2922],[107.9541,14.2994],[107.9548,14.3027],[107.953,14.3089],[107.9535,14.3118],[107.9564,14.3111],[107.9598,14.3144],[107.9646,14.3179],[107.9679,14.3195],[107.9682,14.3223],[107.9701,14.3237],[107.977,14.3264],[107.9806,14.3297],[107.9808,14.3329],[107.9785,14.3339],[107.9789,14.3392],[107.9744,14.3407],[107.9752,14.3442],[107.9705,14.3465],[107.9698,14.3501],[107.9703,14.3535]]]},"properties":{"ma_xa":"23326","ten_xa":"Ia Chim","sap_nhap":"Đoàn Kết, Đăk Năng, Ia Chim ","tru_so":"đang cập nhật","loai":"Xã","cap":2,"stt":61,"dtich_km2":115.49,"dan_so":21142,"matdo_km2":183.06,"ma_tinh":"51","ten_tinh":"Quảng Ngãi"}},
{"type":"Feature","geometry":{"type":"Polygon","coordinates":[[[107.533,14.245],[107.53,14.2437],[107.5271,14.2468],[107.5256,14.2504],[107.5235,14.2515],[107.5211,14.255],[107.5187,14.2627],[107.5216,14.2723],[107.5218,14.2784],[107.5205,14.2819],[107.5148,14.2839],[107.5153,14.2882],[107.5117,14.2956],[107.5118,14.3006],[107.513,14.3078],[107.514,14.308],[107.5175,14.3129],[107.516,14.3198],[107.5137,14.321],[107.512,14.3195],[107.5059,14.3181],[107.5033,14.3167],[107.5018,14.3184],[107.4947,14.3161],[107.4915,14.3145],[107.4914,14.311],[107.488,14.3094],[107.4871,14.3057],[107.4823,14.3079],[107.4795,14.3059],[107.4818,14.3011],[107.4764,14.2986],[107.4748,14.2993],[107.472,14.3051],[107.469,14.3044],[107.4685,14.3077],[107.4634,14.31],[107.4605,14.314],[107.4611,14.3152],[107.4584,14.3181],[107.4538,14.3196],[107.4495,14.3237],[107.4471,14.3245],[107.4456,14.3283],[107.4474,14.3323],[107.4466,14.3345],[107.4483,14.3364],[107.4493,14.3397],[107.4481,14.3426],[107.4455,14.3433],[107.4437,14.3452],[107.44,14.3463],[107.4343,14.3532],[107.4354,14.3561],[107.4382,14.359],[107.4378,14.362],[107.4393,14.3639],[107.4336,14.3669],[107.4307,14.3653],[107.4272,14.3663],[107.4242,14.3683],[107.4205,14.3677],[107.416,14.3631],[107.412,14.3614],[107.4104,14.3634],[107.4103,14.3543],[107.4085,14.3514],[107.4087,14.3476],[107.4073,14.345],[107.4047,14.3444],[107.4011,14.3407],[107.4019,14.3388],[107.3991,14.3322],[107.3923,14.327],[107.389,14.3263],[107.3914,14.3237],[107.3917,14.3209],[107.3907,14.3164],[107.3935,14.3136],[107.3969,14.3127],[107.3967,14.3076],[107.4004,14.3054],[107.4012,14.3031],[107.4047,14.3029],[107.4067,14.299],[107.4064,14.291],[107.4054,14.2889],[107.4059,14.2859],[107.4075,14.2843],[107.4074,14.2818],[107.4096,14.2755],[107.4081,14.2726],[107.4098,14.2705],[107.4087,14.2686],[107.4094,14.2645],[107.4082,14.2613],[107.4052,14.2602],[107.4019,14.2553],[107.3996,14.2501],[107.3998,14.2476],[107.4031,14.2438],[107.4063,14.2373],[107.4062,14.2339],[107.4026,14.2318],[107.4021,14.2299],[107.3978,14.2268],[107.3951,14.222],[107.3955,14.2177],[107.3926,14.2094],[107.3891,14.2105],[107.3857,14.2039],[107.3857,14.2003],[107.3838,14.199],[107.3833,14.1961],[107.3815,14.1929],[107.3816,14.1882],[107.3788,14.1858],[107.3794,14.1838],[107.3775,14.1801],[107.3749,14.1787],[107.3685,14.1805],[107.3657,14.1785],[107.3635,14.174],[107.3581,14.169],[107.3621,14.1639],[107.3616,14.16],[107.3578,14.1569],[107.3525,14.1542],[107.3534,14.1505],[107.3508,14.1474],[107.3506,14.1451],[107.3482,14.1438],[107.3454,14.1397],[107.345,14.1366],[107.3404,14.133],[107.3377,14.127],[107.3383,14.1236],[107.3376,14.1205],[107.3342,14.1151],[107.3362,14.1125],[107.3345,14.1067],[107.3322,14.1045],[107.3338,14.1019],[107.3393,14.098],[107.3408,14.0957],[107.345,14.0964],[107.3484,14.0914],[107.3553,14.091],[107.357,14.0897],[107.3605,14.0839],[107.364,14.0858],[107.3672,14.0846],[107.3779,14.0818],[107.382,14.0797],[107.3852,14.0856],[107.3944,14.0907],[107.4034,14.0918],[107.4116,14.0948],[107.4141,14.0948],[107.4146,14.0915],[107.422,14.0837],[107.4245,14.0849],[107.429,14.0823],[107.4289,14.0799],[107.4318,14.0797],[107.4374,14.0771],[107.4376,14.092],[107.4372,14.096],[107.4381,14.1006],[107.4375,14.1049],[107.44,14.1069],[107.4414,14.1096],[107.4387,14.1127],[107.4391,14.1154],[107.4424,14.1186],[107.4399,14.121],[107.4417,14.128],[107.448,14.1264],[107.4498,14.1289],[107.4505,14.1324],[107.4486,14.1371],[107.4494,14.1407],[107.4515,14.143],[107.4523,14.1481],[107.4561,14.1468],[107.4571,14.1478],[107.4564,14.1538],[107.4546,14.1551],[107.4555,14.1587],[107.4549,14.1631],[107.4576,14.1655],[107.4565,14.1701],[107.4575,14.1746],[107.4567,14.1783],[107.4552,14.1805],[107.4554,14.1829],[107.4584,14.1841],[107.458,14.1859],[107.454,14.1866],[107.4574,14.1901],[107.4615,14.1915],[107.4671,14.1956],[107.4674,14.1974],[107.4707,14.1987],[107.4716,14.2021],[107.475,14.2019],[107.4766,14.2047],[107.4797,14.208],[107.4783,14.2113],[107.4794,14.2124],[107.4822,14.2195],[107.4842,14.2274],[107.4874,14.2266],[107.4939,14.2286],[107.4973,14.2282],[107.4998,14.232],[107.5057,14.2351],[107.5079,14.2392],[107.5106,14.2406],[107.5164,14.2401],[107.5237,14.2383],[107.5289,14.2391],[107.5323,14.2411],[107.533,14.245]]]},"properties":{"ma_xa":"23535","ten_xa":"Ia Đal","sap_nhap":"Không sắp xếp","tru_so":"đang cập nhật","loai":"Xã","cap":2,"stt":96,"dtich_km2":218.11,"dan_so":5069,"matdo_km2":23.24,"ma_tinh":"51","ten_tinh":"Quảng Ngãi"}},
{"type":"Feature","geometry":{"type":"Polygon","coordinates":[[[107.6879,14.2223],[107.6857,14.2233],[107.6849,14.2264],[107.6833,14.2274],[107.6833,14.2303],[107.6814,14.232],[107.6808,14.235],[107.6752,14.2349],[107.6725,14.2375],[107.6707,14.241],[107.6667,14.2408],[107.6605,14.2427],[107.6577,14.2416],[107.6542,14.2422],[107.6515,14.2415],[107.6469,14.2445],[107.6458,14.2477],[107.6407,14.2495],[107.6382,14.2457],[107.6307,14.2457],[107.6287,14.2473],[107.627,14.2453],[107.622,14.2446],[107.6169,14.2445],[107.6105,14.245],[107.608,14.2471],[107.6059,14.2469],[107.6034,14.244],[107.5981,14.2397],[107.5962,14.2416],[107.5945,14.2454],[107.5902,14.2483],[107.5883,14.2478],[107.5813,14.2514],[107.576,14.2499],[107.5681,14.2557],[107.5698,14.2572],[107.5724,14.2627],[107.5706,14.265],[107.567,14.2619],[107.5647,14.2619],[107.5594,14.2603],[107.5526,14.2606],[107.5488,14.2591],[107.5439,14.2614],[107.5413,14.2589],[107.5362,14.2565],[107.5332,14.2507],[107.5353,14.2454],[107.533,14.245],[107.5323,14.2411],[107.5289,14.2391],[107.5237,14.2383],[107.5164,14.2401],[107.5106,14.2406],[107.5079,14.2392],[107.5057,14.2351],[107.4998,14.232],[107.4973,14.2282],[107.4939,14.2286],[107.4874,14.2266],[107.4842,14.2274],[107.4822,14.2195],[107.4794,14.2124],[107.4783,14.2113],[107.4797,14.208],[107.4766,14.2047],[107.475,14.2019],[107.4716,14.2021],[107.4707,14.1987],[107.4674,14.1974],[107.4671,14.1956],[107.4615,14.1915],[107.4574,14.1901],[107.454,14.1866],[107.458,14.1859],[107.4584,14.1841],[107.4554,14.1829],[107.4552,14.1805],[107.4567,14.1783],[107.4575,14.1746],[107.4565,14.1701],[107.4576,14.1655],[107.4549,14.1631],[107.4555,14.1587],[107.4546,14.1551],[107.4564,14.1538],[107.4571,14.1478],[107.4561,14.1468],[107.4523,14.1481],[107.4515,14.143],[107.4494,14.1407],[107.4486,14.1371],[107.4505,14.1324],[107.4498,14.1289],[107.448,14.1264],[107.4417,14.128],[107.4399,14.121],[107.4424,14.1186],[107.4391,14.1154],[107.4387,14.1127],[107.4414,14.1096],[107.44,14.1069],[107.4375,14.1049],[107.4381,14.1006],[107.4372,14.096],[107.4376,14.092],[107.4374,14.0771],[107.4318,14.0797],[107.4289,14.0799],[107.429,14.0823],[107.4245,14.0849],[107.422,14.0837],[107.4146,14.0915],[107.4141,14.0948],[107.4116,14.0948],[107.4034,14.0918],[107.3944,14.0907],[107.3852,14.0856],[107.382,14.0797],[107.3833,14.0735],[107.3816,14.0702],[107.3814,14.0669],[107.378,14.0642],[107.3692,14.0666],[107.3649,14.0635],[107.3647,14.0604],[107.3662,14.0569],[107.364,14.052],[107.3639,14.05],[107.3656,14.0442],[107.3659,14.0358],[107.363,14.031],[107.3566,14.0272],[107.358,14.021],[107.3569,14.0178],[107.3655,14.013],[107.3727,14.0048],[107.3779,13.9974],[107.3807,13.9956],[107.3847,13.989],[107.3904,13.9905],[107.3919,13.99],[107.3971,13.9919],[107.4018,13.9902],[107.4034,13.9888],[107.4068,13.9897],[107.4093,13.9919],[107.4196,13.9952],[107.4238,13.9956],[107.4268,13.9992],[107.4287,13.9978],[107.4311,13.9934],[107.4345,13.9949],[107.4364,13.9969],[107.4428,13.9979],[107.4444,13.9952],[107.4447,13.99],[107.4526,13.9806],[107.4558,13.9796],[107.4547,13.9747],[107.4543,13.9684],[107.4553,13.963],[107.4533,13.949],[107.4532,13.9448],[107.4537,13.9293],[107.4581,13.9267],[107.4578,13.9237],[107.4612,13.9262],[107.4615,13.9297],[107.4652,13.9325],[107.4688,13.9334],[107.4706,13.9374],[107.4699,13.9457],[107.4687,13.952],[107.4747,13.9574],[107.4779,13.9594],[107.4824,13.9599],[107.4881,13.9617],[107.4981,13.9697],[107.5018,13.9708],[107.5049,13.9732],[107.5114,13.9836],[107.5142,13.984],[107.5234,13.982],[107.5256,13.9824],[107.5264,13.9849],[107.5229,13.999],[107.5222,14.0085],[107.523,14.0107],[107.526,14.0129],[107.5306,14.0138],[107.5426,14.0124],[107.5442,14.0137],[107.5467,14.0219],[107.5498,14.025],[107.5571,14.0261],[107.5622,14.0247],[107.57,14.0206],[107.5745,14.0193],[107.5793,14.0197],[107.584,14.0213],[107.5958,14.0265],[107.5993,14.029],[107.6004,14.0319],[107.6002,14.04],[107.6014,14.0459],[107.6049,14.0498],[107.6111,14.0525],[107.6124,14.0539],[107.6131,14.0611],[107.6149,14.064],[107.6165,14.0641],[107.6204,14.0612],[107.6258,14.0556],[107.6301,14.0542],[107.6353,14.0548],[107.6394,14.0601],[107.6434,14.0636],[107.6488,14.0654],[107.6508,14.0685],[107.6506,14.0747],[107.6526,14.0786],[107.6562,14.0817],[107.6574,14.0839],[107.6567,14.0876],[107.6541,14.0911],[107.6503,14.0947],[107.6482,14.0981],[107.6492,14.1007],[107.6512,14.1019],[107.6551,14.102],[107.6577,14.1034],[107.6575,14.1086],[107.659,14.1176],[107.6612,14.124],[107.661,14.1279],[107.6617,14.1325],[107.6645,14.136],[107.6651,14.138],[107.6608,14.1461],[107.6592,14.1535],[107.66,14.1575],[107.6582,14.1617],[107.6581,14.1652],[107.6595,14.168],[107.6639,14.1723],[107.6689,14.1753],[107.672,14.1788],[107.6737,14.1829],[107.6772,14.1876],[107.6784,14.1902],[107.6786,14.1949],[107.678,14.1999],[107.6801,14.2038],[107.6832,14.206],[107.6866,14.2146],[107.6877,14.221],[107.6879,14.2223]]]},"properties":{"ma_xa":"23538","ten_xa":"Ia Tơi","sap_nhap":"Ia Dom, Ia Tơi","tru_so":"đang cập nhật","loai":"Xã","cap":2,"stt":86,"dtich_km2":762.1,"dan_so":7210,"matdo_km2":9.46,"ma_tinh":"51","ten_tinh":"Quảng Ngãi"}},
{"type":"Feature","geometry":{"type":"Polygon","coordinates":[[[109.0695,14.7143],[109.036,14.7652],[109.0286,14.7775],[109.015,14.7995],[109.0129,14.8036],[109.0052,14.8162],[109.0007,14.8258],[109.0004,14.8297],[108.9981,14.8314],[108.9968,14.8291],[109.0004,14.8295],[109.0003,14.8261],[109.0016,14.822],[109.013,14.8021],[109.022,14.7871],[109.013,14.7829],[109.0123,14.7836],[109.0076,14.7822],[109.0054,14.7863],[109.0029,14.7874],[108.9994,14.7856],[108.9996,14.781],[108.9959,14.7806],[108.9937,14.7789],[108.9915,14.7792],[108.9909,14.7821],[108.9885,14.785],[108.9873,14.7839],[108.9831,14.7836],[108.9828,14.7859],[108.9746,14.7838],[108.9734,14.7803],[108.9704,14.7809],[108.968,14.7778],[108.9663,14.7727],[108.965,14.7715],[108.9622,14.766],[108.959,14.7624],[108.9546,14.7595],[108.954,14.7548],[108.9551,14.7525],[108.9533,14.7486],[108.9549,14.7473],[108.9536,14.7439],[108.9539,14.7417],[108.9582,14.7399],[108.9623,14.7341],[108.9649,14.7335],[108.968,14.7293],[108.9709,14.728],[108.969,14.7153],[108.9699,14.7135],[108.9699,14.7088],[108.9711,14.7053],[108.9748,14.7004],[108.977,14.7001],[108.9769,14.697],[108.9795,14.6925],[108.9759,14.6893],[108.9756,14.6859],[108.9738,14.6834],[108.9744,14.678],[108.9732,14.6729],[108.976,14.6726],[108.978,14.6706],[108.9811,14.6722],[108.9832,14.6715],[108.9882,14.672],[108.9941,14.6743],[108.9976,14.67],[109.0017,14.6684],[109.0042,14.6683],[109.0084,14.6704],[109.0141,14.6666],[109.0171,14.6664],[109.0179,14.6707],[109.0196,14.6733],[109.0227,14.674],[109.025,14.6731],[109.0283,14.682],[109.03,14.6847],[109.0324,14.6855],[109.0383,14.6843],[109.0412,14.6897],[109.045,14.6917],[109.0475,14.6914],[109.0473,14.6954],[109.0449,14.6959],[109.0444,14.7005],[109.048,14.7029],[109.0496,14.7059],[109.0526,14.7062],[109.0553,14.7097],[109.0605,14.7128],[109.064,14.7121],[109.0676,14.7162],[109.0695,14.7143]]]},"properties":{"ma_xa":"21472","ten_xa":"Khánh Cường","sap_nhap":"Phổ Khánh, Phổ Cường ","tru_so":"đang cập nhật","loai":"Xã","cap":2,"stt":9,"dtich_km2":103.98,"dan_so":28964,"matdo_km2":278.55,"ma_tinh":"51","ten_tinh":"Quảng Ngãi"}},
{"type":"Feature","geometry":{"type":"Polygon","coordinates":[[[108.2071,14.3836],[108.205,14.388],[108.2069,14.3909],[108.2055,14.3963],[108.2054,14.3991],[108.211,14.4006],[108.2101,14.4029],[108.2069,14.4044],[108.2074,14.4085],[108.2104,14.4096],[108.211,14.4116],[108.2199,14.4168],[108.2192,14.4179],[108.2246,14.4205],[108.2273,14.4173],[108.229,14.4177],[108.2307,14.415],[108.2341,14.413],[108.239,14.4133],[108.2387,14.416],[108.2444,14.4172],[108.2467,14.4206],[108.2516,14.4217],[108.2523,14.4304],[108.2498,14.4347],[108.2519,14.4411],[108.2523,14.4451],[108.2557,14.4507],[108.2609,14.4574],[108.2632,14.459],[108.2645,14.4623],[108.2685,14.464],[108.2676,14.482],[108.2655,14.4878],[108.2634,14.4899],[108.2609,14.49],[108.2586,14.4922],[108.2579,14.4953],[108.2528,14.4976],[108.251,14.4962],[108.2441,14.498],[108.2395,14.4957],[108.2367,14.4971],[108.2323,14.5021],[108.2333,14.5029],[108.2337,14.5095],[108.2346,14.5123],[108.233,14.5159],[108.2334,14.5193],[108.2318,14.5228],[108.2291,14.526],[108.2248,14.526],[108.2249,14.5215],[108.2288,14.5187],[108.223,14.5133],[108.2243,14.5092],[108.222,14.5074],[108.2166,14.5099],[108.2139,14.5091],[108.208,14.51],[108.2019,14.5094],[108.1997,14.503],[108.1958,14.4968],[108.1946,14.4933],[108.1842,14.4891],[108.1814,14.4873],[108.1784,14.4888],[108.1752,14.4949],[108.1716,14.4933],[108.1678,14.494],[108.1644,14.4966],[108.1578,14.4938],[108.1537,14.4949],[108.1509,14.4941],[108.1461,14.4915],[108.1434,14.492],[108.145,14.4868],[108.1433,14.4866],[108.1408,14.4841],[108.138,14.4792],[108.135,14.4814],[108.1319,14.4823],[108.1235,14.4828],[108.1187,14.4866],[108.1169,14.4899],[108.1148,14.491],[108.1094,14.4976],[108.1045,14.4954],[108.102,14.4914],[108.0996,14.4906],[108.0967,14.4857],[108.0939,14.486],[108.0911,14.4826],[108.0848,14.4815],[108.0828,14.4775],[108.0846,14.4744],[108.0863,14.4739],[108.0883,14.4689],[108.0871,14.4649],[108.0844,14.4632],[108.0846,14.4611],[108.0867,14.4576],[108.0858,14.4494],[108.0891,14.4463],[108.0892,14.4442],[108.0866,14.4428],[108.0853,14.4393],[108.083,14.4364],[108.084,14.4345],[108.0834,14.4309],[108.081,14.4273],[108.0806,14.4233],[108.0802,14.4176],[108.0815,14.4148],[108.0795,14.4046],[108.0827,14.4026],[108.0819,14.3969],[108.0775,14.3903],[108.0802,14.3859],[108.0845,14.3836],[108.0849,14.3799],[108.0836,14.3777],[108.0848,14.3731],[108.0867,14.371],[108.0861,14.3615],[108.0863,14.3407],[108.0827,14.3379],[108.0818,14.3343],[108.1004,14.3351],[108.1048,14.3389],[108.1039,14.3422],[108.1049,14.3438],[108.1107,14.3446],[108.1124,14.3459],[108.111,14.3501],[108.1086,14.3531],[108.112,14.3581],[108.1127,14.3609],[108.1148,14.3632],[108.1195,14.3623],[108.1249,14.3577],[108.1272,14.3566],[108.133,14.3561],[108.1395,14.357],[108.1395,14.3601],[108.1421,14.3595],[108.1477,14.3603],[108.1496,14.3595],[108.145,14.3547],[108.1435,14.3522],[108.1459,14.3478],[108.1484,14.3488],[108.1536,14.3487],[108.1513,14.3514],[108.1519,14.3536],[108.1559,14.3535],[108.158,14.3561],[108.1583,14.3585],[108.1604,14.3628],[108.1625,14.3618],[108.1641,14.3646],[108.1662,14.3644],[108.17,14.3681],[108.1727,14.3669],[108.1771,14.3678],[108.19,14.3689],[108.1928,14.3739],[108.1983,14.3727],[108.2007,14.3753],[108.205,14.3779],[108.2044,14.3803],[108.2071,14.3836]]]},"properties":{"ma_xa":"23497","ten_xa":"Kon Braih","sap_nhap":"Đăk Tờ Re, Đăk Ruồng, Tân Lập","tru_so":"đang cập nhật","loai":"Xã","cap":2,"stt":88,"dtich_km2":250.89,"dan_so":18373,"matdo_km2":73.23,"ma_tinh":"51","ten_tinh":"Quảng Ngãi"}},
{"type":"Feature","geometry":{"type":"Polygon","coordinates":[[[107.9381,14.7376],[107.9374,14.7433],[107.9311,14.7488],[107.9292,14.749],[107.9224,14.7609],[107.9186,14.7633],[107.917,14.766],[107.9141,14.7668],[107.9022,14.7668],[107.9117,14.781],[107.9117,14.7881],[107.9096,14.7943],[107.9118,14.7977],[107.9123,14.8056],[107.9119,14.8069],[107.9138,14.8116],[107.9141,14.8143],[107.907,14.8166],[107.9018,14.8122],[107.8994,14.8113],[107.8976,14.8127],[107.8921,14.8111],[107.8903,14.8074],[107.88,14.7987],[107.8768,14.7928],[107.8751,14.7925],[107.8703,14.7896],[107.8689,14.7877],[107.8697,14.7856],[107.8643,14.7817],[107.8569,14.7853],[107.8536,14.7832],[107.8492,14.7863],[107.8474,14.7887],[107.8389,14.7904],[107.8286,14.7919],[107.8251,14.7932],[107.8164,14.7978],[107.814,14.8018],[107.8124,14.8073],[107.8091,14.807],[107.8081,14.804],[107.8052,14.8006],[107.8039,14.7972],[107.7996,14.7954],[107.7975,14.7905],[107.7985,14.7868],[107.7996,14.774],[107.8047,14.7679],[107.8043,14.7658],[107.8054,14.7606],[107.8074,14.7589],[107.8141,14.7559],[107.815,14.7543],[107.8195,14.7541],[107.8256,14.7509],[107.8276,14.7506],[107.8293,14.7481],[107.8283,14.7461],[107.8263,14.738],[107.8277,14.7357],[107.8298,14.7354],[107.8331,14.7316],[107.8336,14.7287],[107.8311,14.7267],[107.8278,14.7195],[107.8298,14.7173],[107.8293,14.7146],[107.8253,14.7105],[107.8207,14.7074],[107.8056,14.6897],[107.8048,14.6828],[107.8091,14.6855],[107.813,14.6859],[107.8162,14.6813],[107.8318,14.6815],[107.8349,14.6821],[107.8407,14.6867],[107.8437,14.6866],[107.8517,14.689],[107.8551,14.689],[107.8572,14.6858],[107.8734,14.6818],[107.8871,14.6823],[107.8889,14.6858],[107.8932,14.6918],[107.8922,14.6938],[107.8923,14.6978],[107.8933,14.7002],[107.8985,14.7032],[107.9007,14.7073],[107.9031,14.7076],[107.9077,14.7106],[107.908,14.7138],[107.9061,14.7162],[107.9068,14.719],[107.9109,14.7242],[107.913,14.7285],[107.9254,14.7338],[107.9381,14.7376]]]},"properties":{"ma_xa":"23430","ten_xa":"Kon Đào","sap_nhap":"Văn Lem, Đăk Trăm, Kon Đào ","tru_so":"đang cập nhật","loai":"Xã","cap":2,"stt":70,"dtich_km2":129.34,"dan_so":13340,"matdo_km2":103.14,"ma_tinh":"51","ten_tinh":"Quảng Ngãi"}},
{"type":"Feature","geometry":{"type":"Polygon","coordinates":[[[108.3682,14.8725],[108.3682,14.874],[108.3655,14.8769],[108.3662,14.8788],[108.3641,14.8819],[108.3614,14.8829],[108.3546,14.8782],[108.3526,14.8792],[108.3498,14.8826],[108.3496,14.887],[108.3504,14.8889],[108.3508,14.895],[108.349,14.8978],[108.346,14.8975],[108.3441,14.9008],[108.3397,14.9055],[108.3384,14.9081],[108.3362,14.9077],[108.3303,14.9105],[108.3281,14.9097],[108.3225,14.9121],[108.3216,14.9074],[108.3246,14.9043],[108.3259,14.9012],[108.325,14.8983],[108.3263,14.896],[108.3213,14.891],[108.3182,14.889],[108.3155,14.8886],[108.3136,14.8863],[108.3078,14.8867],[108.3055,14.8836],[108.3046,14.8809],[108.3024,14.8788],[108.2972,14.8777],[108.2955,14.8748],[108.2918,14.8713],[108.2926,14.869],[108.2932,14.861],[108.2915,14.8601],[108.289,14.8524],[108.2863,14.8484],[108.2864,14.8367],[108.2848,14.8328],[108.2853,14.8272],[108.2836,14.825],[108.2847,14.8234],[108.2843,14.8187],[108.2853,14.8159],[108.2933,14.815],[108.2972,14.8113],[108.299,14.8084],[108.2979,14.8061],[108.2988,14.8041],[108.2981,14.7982],[108.2952,14.7957],[108.2916,14.7895],[108.2879,14.7877],[108.2882,14.7854],[108.2914,14.7838],[108.2891,14.7775],[108.2906,14.7759],[108.2894,14.7729],[108.2902,14.7705],[108.2872,14.7679],[108.2858,14.7617],[108.2879,14.7601],[108.29,14.7562],[108.2929,14.7565],[108.2973,14.7501],[108.2999,14.749],[108.3044,14.7456],[108.3066,14.7413],[108.3099,14.7399],[108.315,14.7356],[108.3177,14.7309],[108.3229,14.7294],[108.3255,14.7249],[108.3297,14.7237],[108.3349,14.7173],[108.3401,14.7172],[108.3531,14.7132],[108.3552,14.7112],[108.3628,14.7081],[108.3731,14.6981],[108.3759,14.6903],[108.3785,14.6869],[108.3773,14.6845],[108.378,14.6783],[108.3812,14.6726],[108.3815,14.6668],[108.3829,14.6602],[108.3824,14.653],[108.3807,14.652],[108.3783,14.646],[108.3782,14.644],[108.374,14.6403],[108.3757,14.6373],[108.3781,14.6359],[108.3791,14.6317],[108.3863,14.6275],[108.3883,14.628],[108.3913,14.6235],[108.3928,14.6176],[108.3949,14.6167],[108.3938,14.6124],[108.3944,14.6031],[108.3971,14.6035],[108.4,14.5993],[108.403,14.5983],[108.4035,14.595],[108.4069,14.5915],[108.4085,14.5922],[108.4106,14.5874],[108.4131,14.5845],[108.4123,14.5825],[108.4149,14.5736],[108.4169,14.5713],[108.4233,14.566],[108.4253,14.5609],[108.4271,14.56],[108.431,14.56],[108.4363,14.5587],[108.4377,14.5568],[108.4433,14.5555],[108.4443,14.5566],[108.4524,14.5562],[108.4586,14.5517],[108.461,14.5538],[108.4653,14.5511],[108.4827,14.5493],[108.4867,14.5463],[108.494,14.5445],[108.4959,14.5427],[108.5041,14.5468],[108.5076,14.5449],[108.5116,14.5461],[108.5121,14.5511],[108.5167,14.5514],[108.518,14.5503],[108.5228,14.5528],[108.5242,14.5561],[108.5289,14.5564],[108.5288,14.5587],[108.5305,14.5603],[108.5292,14.5624],[108.5309,14.5661],[108.5308,14.5727],[108.5317,14.578],[108.5358,14.5826],[108.5404,14.5837],[108.543,14.5875],[108.5472,14.5894],[108.5445,14.5926],[108.5389,14.5978],[108.5372,14.6014],[108.5342,14.6036],[108.5321,14.6114],[108.5283,14.617],[108.5276,14.6201],[108.5286,14.623],[108.5199,14.6231],[108.5109,14.6211],[108.5065,14.6208],[108.5033,14.6247],[108.4988,14.6228],[108.4976,14.6215],[108.4934,14.6208],[108.4888,14.6216],[108.4883,14.6241],[108.4848,14.6234],[108.4821,14.6256],[108.4809,14.628],[108.4808,14.6343],[108.4839,14.641],[108.4843,14.6443],[108.4916,14.6458],[108.4904,14.6491],[108.493,14.6512],[108.4931,14.6528],[108.4958,14.6576],[108.4985,14.6595],[108.4997,14.6637],[108.5015,14.6665],[108.5038,14.666],[108.5059,14.6678],[108.506,14.673],[108.5095,14.6771],[108.5104,14.6809],[108.5126,14.685],[108.5119,14.6877],[108.5072,14.6902],[108.5045,14.6897],[108.5028,14.6914],[108.5022,14.6949],[108.499,14.6958],[108.4961,14.6994],[108.4969,14.7016],[108.5016,14.7033],[108.5031,14.7083],[108.5079,14.7109],[108.5108,14.711],[108.5129,14.7138],[108.5134,14.7176],[108.5158,14.7207],[108.5182,14.7216],[108.517,14.7246],[108.5185,14.7297],[108.5224,14.7369],[108.523,14.7407],[108.5255,14.7413],[108.5252,14.7437],[108.5277,14.7448],[108.5269,14.7489],[108.525,14.7511],[108.5257,14.7537],[108.5219,14.7588],[108.5203,14.7626],[108.5182,14.7701],[108.5162,14.7741],[108.5092,14.7774],[108.5055,14.7771],[108.5024,14.7795],[108.5002,14.7847],[108.5017,14.7882],[108.5001,14.7918],[108.496,14.7936],[108.4938,14.8012],[108.4716,14.7929],[108.4694,14.7931],[108.4635,14.7915],[108.4615,14.7902],[108.4567,14.7904],[108.4525,14.8014],[108.4488,14.8029],[108.4438,14.8037],[108.4411,14.8028],[108.4354,14.8058],[108.4357,14.808],[108.4319,14.8098],[108.4299,14.8123],[108.4302,14.8161],[108.4243,14.8181],[108.4133,14.8162],[108.409,14.8188],[108.4054,14.8199],[108.403,14.823],[108.3975,14.8244],[108.3945,14.8268],[108.3913,14.8323],[108.3878,14.835],[108.3845,14.836],[108.3824,14.8394],[108.3816,14.8437],[108.3777,14.8448],[108.3753,14.8493],[108.3743,14.8555],[108.3724,14.8565],[108.371,14.8611],[108.3706,14.8654],[108.3675,14.8681],[108.369,14.8711],[108.3682,14.8725]]]},"properties":{"ma_xa":"23476","ten_xa":"Kon Plông","sap_nhap":"Ngọk Tem, Hiếu, Pờ Ê","tru_so":"đang cập nhật","loai":"Xã","cap":2,"stt":92,"dtich_km2":556.8,"dan_so":9334,"matdo_km2":16.76,"ma_tinh":"51","ten_tinh":"Quảng Ngãi"}},
{"type":"Feature","geometry":{"type":"Polygon","coordinates":[[[108.0031,14.3378],[108.0055,14.3301],[108.0075,14.3269],[108.0094,14.3261],[108.0155,14.3263],[108.0192,14.3273],[108.0218,14.3296],[108.018,14.3356],[108.0189,14.339],[108.0246,14.3403],[108.0299,14.3446],[108.0361,14.3476],[108.0421,14.3513],[108.0434,14.3539],[108.0416,14.3563],[108.0396,14.3566],[108.0323,14.3559],[108.028,14.3592],[108.0272,14.3635],[108.0294,14.3656],[108.0282,14.368],[108.0296,14.3759],[108.0275,14.3784],[108.024,14.3788],[108.02,14.3831],[108.0116,14.3814],[108.0091,14.3797],[108.0086,14.37],[108.0087,14.3643],[108.0096,14.3623],[107.9998,14.3622],[107.9998,14.363],[107.9908,14.3712],[107.9888,14.3676],[107.9879,14.3618],[107.9892,14.3565],[107.9901,14.355],[107.9872,14.3509],[107.9868,14.3468],[107.9879,14.3437],[107.9917,14.3421],[107.9957,14.3445],[107.9998,14.3448],[108.0019,14.3434],[108.0031,14.3378]]]},"properties":{"ma_xa":"23293","ten_xa":"Kon Tum","sap_nhap":"Quang Trung, Quyết Thắng, Thắng Lợi, Trường Chinh, Thống Nhất ","tru_so":"đang cập nhật","loai":"Phường","cap":2,"stt":57,"dtich_km2":19.14,"dan_so":77456,"matdo_km2":4046.81,"ma_tinh":"51","ten_tinh":"Quảng Ngãi"}},
{"type":"Feature","geometry":{"type":"Polygon","coordinates":[[[108.9565,14.9182],[108.9476,14.9392],[108.9391,14.9609],[108.9366,14.9598],[108.9252,14.9512],[108.9209,14.9545],[108.919,14.9535],[108.9171,14.9556],[108.9146,14.9612],[108.9041,14.9578],[108.8946,14.9585],[108.897,14.9543],[108.8966,14.9516],[108.8991,14.9458],[108.9012,14.9455],[108.9048,14.9398],[108.8976,14.9344],[108.9,14.9277],[108.896,14.9259],[108.8939,14.9262],[108.8874,14.9253],[108.8872,14.9224],[108.8856,14.9213],[108.8841,14.9179],[108.8803,14.9168],[108.88,14.9187],[108.8686,14.9123],[108.8682,14.9107],[108.8586,14.9068],[108.8543,14.9056],[108.8305,14.8978],[108.8221,14.8832],[108.8269,14.8869],[108.8317,14.8875],[108.8338,14.8904],[108.8323,14.8936],[108.8546,14.8928],[108.8735,14.8866],[108.874,14.8881],[108.8785,14.8898],[108.8834,14.8894],[108.889,14.8874],[108.8901,14.8822],[108.9021,14.882],[108.9074,14.8848],[108.9091,14.8827],[108.9155,14.8817],[108.9168,14.8798],[108.9203,14.8804],[108.9232,14.8835],[108.9263,14.8854],[108.9301,14.8862],[108.9349,14.8855],[108.9381,14.884],[108.9393,14.8876],[108.9364,14.898],[108.9302,14.9063],[108.9298,14.9105],[108.9384,14.9131],[108.9397,14.9104],[108.9434,14.9111],[108.9502,14.9138],[108.9495,14.9151],[108.9565,14.9182]]]},"properties":{"ma_xa":"21433","ten_xa":"Lân Phong","sap_nhap":"Đức Phong, Đức Lân","tru_so":"đang cập nhật","loai":"Xã","cap":2,"stt":31,"dtich_km2":57.01,"dan_so":36123,"matdo_km2":633.63,"ma_tinh":"51","ten_tinh":"Quảng Ngãi"}},
{"type":"Feature","geometry":{"type":"Polygon","coordinates":[[[108.8997,15.096],[108.897,15.094],[108.8872,15.0945],[108.8867,15.0907],[108.8886,15.0879],[108.8894,15.0867],[108.8932,15.086],[108.8924,15.0838],[108.8891,15.0804],[108.8866,15.0762],[108.8868,15.0737],[108.8909,15.0665],[108.8912,15.0645],[108.8885,15.0613],[108.8809,15.0598],[108.876,15.05],[108.8726,15.0462],[108.8667,15.0452],[108.8592,15.0462],[108.8547,15.0449],[108.8504,15.0395],[108.8495,15.0352],[108.8521,15.03],[108.8524,15.0278],[108.8505,15.0221],[108.8489,15.0191],[108.844,15.0188],[108.836,15.0168],[108.8344,15.0149],[108.8353,15.0121],[108.8403,15.0087],[108.8419,15.0058],[108.8415,15.0013],[108.8395,14.999],[108.8432,14.9955],[108.8417,14.9938],[108.8439,14.9888],[108.8486,14.9879],[108.8499,14.9861],[108.8545,14.9842],[108.856,14.9878],[108.8601,14.9883],[108.8666,14.988],[108.8661,14.9916],[108.8643,14.9928],[108.8617,14.9972],[108.8628,15.0001],[108.8626,15.0038],[108.8583,15.0093],[108.8624,15.0132],[108.8655,15.0148],[108.8701,15.0192],[108.8702,15.0213],[108.8719,15.0259],[108.8744,15.027],[108.8766,15.0263],[108.8849,15.0304],[108.8924,15.0303],[108.898,15.0284],[108.9006,15.0292],[108.9003,15.024],[108.9011,15.0228],[108.908,15.0224],[108.9177,15.0242],[108.9137,15.039],[108.9073,15.0652],[108.9044,15.0762],[108.9029,15.0842],[108.903,15.0873],[108.9043,15.0927],[108.904,15.0958],[108.9022,15.0946],[108.8997,15.096]]]},"properties":{"ma_xa":"21409","ten_xa":"Long Phụng","sap_nhap":"Thắng Lợi, Đức Nhuận, Đức Hiệp ","tru_so":"đang cập nhật","loai":"Xã","cap":2,"stt":28,"dtich_km2":36.1,"dan_so":39973,"matdo_km2":1107.29,"ma_tinh":"51","ten_tinh":"Quảng Ngãi"}},
{"type":"Feature","geometry":{"type":"MultiPolygon","coordinates":[[[[109.1135,15.3925],[109.1109,15.3916],[109.0997,15.3901],[109.0959,15.3892],[109.0927,15.3862],[109.0928,15.3846],[109.096,15.3785],[109.0971,15.3748],[109.0997,15.3755],[109.1067,15.3734],[109.1117,15.3726],[109.1195,15.3691],[109.1251,15.3703],[109.1283,15.3727],[109.129,15.3744],[109.1343,15.3774],[109.1361,15.3768],[109.1407,15.3773],[109.1441,15.3761],[109.1469,15.3803],[109.1449,15.3848],[109.1426,15.3882],[109.1328,15.3894],[109.1284,15.3913],[109.1254,15.3917],[109.122,15.3907],[109.1189,15.3919],[109.1135,15.3925]]],[[[109.0827,15.4331],[109.0779,15.4317],[109.0769,15.4283],[109.0785,15.4265],[109.0832,15.4263],[109.087,15.4291],[109.0857,15.4328],[109.0827,15.4331]]]]},"properties":{"ma_xa":"21548","ten_xa":"Lý Sơn","sap_nhap":"","tru_so":"đang cập nhật","loai":"Đặc khu","cap":2,"stt":56,"dtich_km2":10.4,"dan_so":25639,"matdo_km2":2465.29,"ma_tinh":"51","ten_tinh":"Quảng Ngãi"}},
{"type":"Feature","geometry":{"type":"Polygon","coordinates":[[[108.2385,15.0321],[108.2343,15.0317],[108.2301,15.0326],[108.2244,15.0294],[108.2226,15.0309],[108.22,15.0296],[108.2172,15.0322],[108.2133,15.0318],[108.2095,15.0338],[108.2085,15.0372],[108.204,15.0401],[108.2024,15.0425],[108.1998,15.0439],[108.1965,15.041],[108.1941,15.0424],[108.1919,15.0458],[108.1918,15.0489],[108.1892,15.0514],[108.1853,15.0538],[108.1843,15.0557],[108.1785,15.0587],[108.1771,15.0602],[108.1711,15.0618],[108.1684,15.0613],[108.1662,15.0594],[108.1624,15.0611],[108.1595,15.0598],[108.1577,15.0573],[108.1568,15.0542],[108.1541,15.052],[108.1497,15.0508],[108.149,15.0466],[108.1463,15.0457],[108.1494,15.0404],[108.1518,15.0374],[108.1498,15.034],[108.151,15.0295],[108.153,15.0277],[108.1503,15.0234],[108.1491,15.0226],[108.1494,15.0177],[108.1521,15.0095],[108.1504,15.0025],[108.1525,15.0004],[108.1542,14.9949],[108.1568,14.9933],[108.158,14.991],[108.1576,14.9877],[108.1598,14.9782],[108.1629,14.9753],[108.1609,14.9723],[108.1578,14.9712],[108.1553,14.9676],[108.1497,14.9626],[108.149,14.9614],[108.1416,14.9591],[108.1379,14.9598],[108.1358,14.962],[108.1334,14.9593],[108.1294,14.9592],[108.1266,14.9612],[108.125,14.9598],[108.1268,14.9584],[108.1344,14.9469],[108.1392,14.9435],[108.1413,14.9403],[108.1412,14.9386],[108.144,14.9366],[108.1489,14.9351],[108.1499,14.9329],[108.1524,14.9318],[108.152,14.9291],[108.156,14.9258],[108.1568,14.9231],[108.1551,14.9214],[108.1543,14.9182],[108.158,14.9152],[108.158,14.9129],[108.1544,14.9103],[108.1521,14.9071],[108.1448,14.9055],[108.1396,14.9061],[108.1381,14.9014],[108.1344,14.9002],[108.1333,14.8985],[108.135,14.8953],[108.1326,14.8927],[108.128,14.8909],[108.1253,14.8851],[108.1291,14.8807],[108.1305,14.8767],[108.1394,14.8742],[108.1393,14.8703],[108.1373,14.8626],[108.1391,14.8583],[108.1369,14.8538],[108.1391,14.8435],[108.1424,14.8405],[108.1398,14.8375],[108.149,14.837],[108.1477,14.831],[108.1448,14.8291],[108.1445,14.8265],[108.1421,14.8235],[108.1417,14.8193],[108.1424,14.8164],[108.1408,14.815],[108.1382,14.8102],[108.1389,14.8073],[108.1381,14.8032],[108.1394,14.8019],[108.1427,14.8012],[108.1494,14.8016],[108.1518,14.8045],[108.1536,14.8042],[108.157,14.7984],[108.1598,14.7978],[108.1651,14.7981],[108.168,14.8002],[108.1705,14.8001],[108.172,14.802],[108.1786,14.8013],[108.1808,14.8041],[108.18,14.8068],[108.1801,14.8121],[108.1808,14.8148],[108.1851,14.818],[108.1866,14.8173],[108.189,14.8215],[108.1884,14.8232],[108.1917,14.827],[108.1918,14.8298],[108.1967,14.8322],[108.2005,14.8312],[108.2027,14.8279],[108.2051,14.8216],[108.2086,14.8212],[108.212,14.8184],[108.2162,14.8196],[108.217,14.8161],[108.2164,14.8109],[108.2223,14.8063],[108.2261,14.8043],[108.2252,14.8027],[108.2261,14.7998],[108.2282,14.7991],[108.2308,14.8004],[108.2408,14.7981],[108.2393,14.7947],[108.2419,14.7927],[108.2417,14.7883],[108.2428,14.7868],[108.2489,14.7851],[108.2559,14.7861],[108.257,14.7879],[108.263,14.7877],[108.267,14.785],[108.2704,14.7787],[108.2747,14.779],[108.2787,14.7814],[108.2835,14.7828],[108.2882,14.7854],[108.2879,14.7877],[108.2916,14.7895],[108.2952,14.7957],[108.2981,14.7982],[108.2988,14.8041],[108.2979,14.8061],[108.299,14.8084],[108.2972,14.8113],[108.2933,14.815],[108.2853,14.8159],[108.2843,14.8187],[108.2847,14.8234],[108.2836,14.825],[108.2853,14.8272],[108.2848,14.8328],[108.2864,14.8367],[108.2863,14.8484],[108.289,14.8524],[108.2915,14.8601],[108.2932,14.861],[108.2926,14.869],[108.2918,14.8713],[108.2955,14.8748],[108.2972,14.8777],[108.3024,14.8788],[108.3046,14.8809],[108.3055,14.8836],[108.3078,14.8867],[108.3136,14.8863],[108.3155,14.8886],[108.3182,14.889],[108.3213,14.891],[108.3263,14.896],[108.325,14.8983],[108.3259,14.9012],[108.3246,14.9043],[108.3216,14.9074],[108.3225,14.9121],[108.3209,14.9135],[108.3212,14.9166],[108.3191,14.9184],[108.3215,14.921],[108.3198,14.9241],[108.32,14.9281],[108.3177,14.9305],[108.3167,14.9333],[108.3141,14.935],[108.3158,14.9393],[108.3127,14.9459],[108.3093,14.9472],[108.3082,14.949],[108.3033,14.9511],[108.3011,14.9547],[108.298,14.9576],[108.2912,14.9608],[108.2859,14.9624],[108.2827,14.9659],[108.2836,14.9737],[108.2807,14.9774],[108.2766,14.9774],[108.2747,14.9809],[108.2721,14.9831],[108.269,14.9818],[108.2666,14.987],[108.2647,14.9885],[108.2631,14.9981],[108.2608,15.0001],[108.2599,15.0031],[108.2571,15.0052],[108.2549,15.0053],[108.2511,15.0145],[108.2513,15.0169],[108.2537,15.0198],[108.2518,15.022],[108.2484,15.0225],[108.2501,15.0262],[108.2465,15.0278],[108.2454,15.0298],[108.241,15.0303],[108.2385,15.0321]]]},"properties":{"ma_xa":"23455","ten_xa":"Măng Bút","sap_nhap":"Đăk Nên, Đăk Ring, Măng Bút ","tru_so":"đang cập nhật","loai":"Xã","cap":2,"stt":91,"dtich_km2":417.53,"dan_so":9100,"matdo_km2":21.79,"ma_tinh":"51","ten_tinh":"Quảng Ngãi"}},
{"type":"Feature","geometry":{"type":"Polygon","coordinates":[[[108.2882,14.7854],[108.2835,14.7828],[108.2787,14.7814],[108.2747,14.779],[108.2704,14.7787],[108.267,14.785],[108.263,14.7877],[108.257,14.7879],[108.2559,14.7861],[108.2489,14.7851],[108.2428,14.7868],[108.2417,14.7883],[108.2419,14.7927],[108.2393,14.7947],[108.2408,14.7981],[108.2308,14.8004],[108.2282,14.7991],[108.2261,14.7998],[108.2252,14.8027],[108.2261,14.8043],[108.2223,14.8063],[108.2164,14.8109],[108.217,14.8161],[108.2162,14.8196],[108.212,14.8184],[108.2086,14.8212],[108.2051,14.8216],[108.2027,14.8279],[108.2005,14.8312],[108.1967,14.8322],[108.1918,14.8298],[108.1917,14.827],[108.1884,14.8232],[108.189,14.8215],[108.1866,14.8173],[108.1851,14.818],[108.1808,14.8148],[108.1801,14.8121],[108.18,14.8068],[108.1808,14.8041],[108.1786,14.8013],[108.172,14.802],[108.1705,14.8001],[108.168,14.8002],[108.1651,14.7981],[108.1598,14.7978],[108.157,14.7984],[108.1536,14.8042],[108.1518,14.8045],[108.1494,14.8016],[108.1427,14.8012],[108.1394,14.8019],[108.1409,14.7991],[108.1415,14.7948],[108.1381,14.7924],[108.1378,14.7901],[108.1318,14.7897],[108.1258,14.7789],[108.1274,14.7759],[108.1268,14.7743],[108.1261,14.7652],[108.1293,14.765],[108.1388,14.7607],[108.1433,14.7599],[108.143,14.7572],[108.1458,14.7558],[108.1463,14.7515],[108.15,14.7528],[108.1564,14.7505],[108.1582,14.7487],[108.1635,14.7476],[108.1668,14.7476],[108.173,14.7455],[108.1738,14.7481],[108.1784,14.7505],[108.1813,14.7542],[108.1835,14.7549],[108.1868,14.7514],[108.1903,14.7498],[108.1922,14.7517],[108.1977,14.7516],[108.2009,14.7509],[108.2119,14.7458],[108.2148,14.7427],[108.2149,14.7406],[108.2214,14.7374],[108.2219,14.7348],[108.2255,14.7347],[108.2279,14.7326],[108.2296,14.7291],[108.2284,14.7223],[108.2299,14.7205],[108.2336,14.7196],[108.2347,14.7157],[108.2341,14.71],[108.2355,14.7074],[108.2346,14.7022],[108.2308,14.7011],[108.2298,14.6965],[108.2303,14.6937],[108.2299,14.685],[108.2321,14.6807],[108.2329,14.6752],[108.2352,14.6697],[108.2368,14.6675],[108.2362,14.6653],[108.2371,14.6618],[108.2396,14.6578],[108.2406,14.6528],[108.2429,14.6468],[108.2408,14.6432],[108.2403,14.6397],[108.2423,14.6352],[108.2398,14.6291],[108.2378,14.6264],[108.2402,14.6254],[108.2413,14.6223],[108.2381,14.6193],[108.2374,14.6164],[108.2392,14.6144],[108.2407,14.6095],[108.2401,14.6074],[108.2364,14.6081],[108.2345,14.6072],[108.2347,14.6041],[108.2317,14.6041],[108.2296,14.6009],[108.2268,14.6007],[108.2257,14.5963],[108.2263,14.5946],[108.2247,14.5917],[108.2256,14.5882],[108.2242,14.5857],[108.2201,14.582],[108.2202,14.5792],[108.2133,14.5709],[108.211,14.5698],[108.2122,14.5635],[108.2169,14.5602],[108.2211,14.56],[108.2235,14.5586],[108.2277,14.5592],[108.2294,14.5626],[108.2332,14.5629],[108.2339,14.5646],[108.2368,14.5648],[108.2362,14.5692],[108.2385,14.5698],[108.2406,14.5685],[108.2415,14.572],[108.2448,14.5709],[108.2498,14.5727],[108.2536,14.5713],[108.2588,14.5675],[108.2625,14.569],[108.2695,14.5676],[108.2705,14.5642],[108.2741,14.5639],[108.2811,14.5618],[108.2844,14.5586],[108.289,14.5583],[108.2936,14.5555],[108.2983,14.5559],[108.3019,14.5546],[108.3073,14.5561],[108.3106,14.5556],[108.3144,14.5586],[108.3192,14.5591],[108.3225,14.5572],[108.3296,14.5588],[108.3321,14.5579],[108.3332,14.5607],[108.3354,14.561],[108.3359,14.5632],[108.3437,14.5625],[108.3474,14.565],[108.3536,14.5644],[108.3595,14.566],[108.357,14.5705],[108.3576,14.5757],[108.3569,14.5787],[108.3584,14.5811],[108.3628,14.5817],[108.367,14.5844],[108.3675,14.5877],[108.3713,14.5961],[108.3748,14.5983],[108.3755,14.6006],[108.3826,14.5986],[108.384,14.5971],[108.3874,14.5984],[108.3885,14.6016],[108.3938,14.6002],[108.3944,14.6031],[108.3938,14.6124],[108.3949,14.6167],[108.3928,14.6176],[108.3913,14.6235],[108.3883,14.628],[108.3863,14.6275],[108.3791,14.6317],[108.3781,14.6359],[108.3757,14.6373],[108.374,14.6403],[108.3782,14.644],[108.3783,14.646],[108.3807,14.652],[108.3824,14.653],[108.3829,14.6602],[108.3815,14.6668],[108.3812,14.6726],[108.378,14.6783],[108.3773,14.6845],[108.3785,14.6869],[108.3759,14.6903],[108.3731,14.6981],[108.3628,14.7081],[108.3552,14.7112],[108.3531,14.7132],[108.3401,14.7172],[108.3349,14.7173],[108.3297,14.7237],[108.3255,14.7249],[108.3229,14.7294],[108.3177,14.7309],[108.315,14.7356],[108.3099,14.7399],[108.3066,14.7413],[108.3044,14.7456],[108.2999,14.749],[108.2973,14.7501],[108.2929,14.7565],[108.29,14.7562],[108.2879,14.7601],[108.2858,14.7617],[108.2872,14.7679],[108.2902,14.7705],[108.2894,14.7729],[108.2906,14.7759],[108.2891,14.7775],[108.2914,14.7838],[108.2882,14.7854]]]},"properties":{"ma_xa":"23473","ten_xa":"Măng Đen","sap_nhap":"Măng Đen, Măng Cành, Đăk Tăng ","tru_so":"đang cập nhật","loai":"Xã","cap":2,"stt":90,"dtich_km2":396.93,"dan_so":9438,"matdo_km2":23.78,"ma_tinh":"51","ten_tinh":"Quảng Ngãi"}},
{"type":"Feature","geometry":{"type":"Polygon","coordinates":[[[108.125,14.9598],[108.1178,14.9593],[108.1123,14.9553],[108.1098,14.955],[108.1063,14.9513],[108.1011,14.9526],[108.0923,14.9524],[108.0864,14.9557],[108.0825,14.9607],[108.0813,14.9663],[108.0748,14.9702],[108.0725,14.9694],[108.066,14.9713],[108.0604,14.9721],[108.0599,14.9746],[108.055,14.981],[108.0487,14.9865],[108.0498,14.9899],[108.0475,14.9923],[108.0399,14.994],[108.0311,14.9968],[108.0296,14.9978],[108.0224,14.9986],[108.0156,15.0008],[108.0098,14.9983],[108.0036,15.0023],[108.0006,15.0021],[107.9984,15.0008],[107.9948,15.0008],[107.991,14.9991],[107.9873,15.0012],[107.9832,15.0067],[107.983,15.0103],[107.9789,15.0104],[107.9702,15.0149],[107.965,15.0221],[107.9628,15.0292],[107.9568,15.0373],[107.9523,15.0363],[107.9491,15.0338],[107.948,15.0299],[107.9457,15.0267],[107.9464,15.0241],[107.9441,15.0214],[107.9481,15.0182],[107.9471,15.0126],[107.9459,15.0095],[107.9429,15.0055],[107.933,15.0049],[107.9227,15.0047],[107.9186,15.0031],[107.9124,14.999],[107.9063,14.9982],[107.9041,14.993],[107.9002,14.9908],[107.8975,14.9868],[107.8963,14.9836],[107.8918,14.9782],[107.8881,14.9759],[107.8861,14.9708],[107.8862,14.9645],[107.8874,14.9605],[107.8872,14.9533],[107.8916,14.9471],[107.8926,14.9437],[107.8947,14.9403],[107.8966,14.9274],[107.8998,14.9212],[107.9024,14.9151],[107.9068,14.9086],[107.9171,14.8973],[107.9193,14.8956],[107.9208,14.8897],[107.9251,14.8925],[107.9317,14.89],[107.944,14.8908],[107.9471,14.8902],[107.9524,14.8946],[107.9567,14.9008],[107.9579,14.9006],[107.962,14.9034],[107.969,14.9051],[107.97,14.9062],[107.9759,14.9042],[107.9797,14.9081],[107.9824,14.9064],[107.9825,14.9025],[107.9857,14.9006],[107.984,14.8987],[107.9818,14.8936],[107.9853,14.8864],[107.9852,14.8831],[107.9877,14.8808],[107.9885,14.8751],[107.993,14.8735],[107.9945,14.8697],[107.998,14.8668],[107.9978,14.864],[108.002,14.8624],[108.0118,14.8626],[108.0148,14.8645],[108.0178,14.865],[108.0219,14.8612],[108.0202,14.8573],[108.0216,14.8531],[108.0211,14.8468],[108.0199,14.845],[108.0204,14.8404],[108.0237,14.8378],[108.0264,14.8381],[108.0298,14.8359],[108.0295,14.8321],[108.0276,14.8287],[108.0284,14.8244],[108.0248,14.8201],[108.0221,14.8198],[108.0153,14.8148],[108.0164,14.8119],[108.014,14.8104],[108.0145,14.806],[108.0157,14.8089],[108.0177,14.8094],[108.0197,14.8129],[108.0243,14.8153],[108.0274,14.8138],[108.0357,14.8182],[108.0343,14.8202],[108.0334,14.8246],[108.038,14.8286],[108.042,14.8296],[108.0451,14.8292],[108.0517,14.8226],[108.0507,14.8209],[108.0527,14.8173],[108.0551,14.8171],[108.0587,14.8129],[108.0651,14.8118],[108.0744,14.8176],[108.0804,14.8197],[108.0849,14.8194],[108.0888,14.8223],[108.0907,14.8219],[108.0932,14.8241],[108.0961,14.8242],[108.0978,14.8223],[108.0981,14.8174],[108.1006,14.8169],[108.1015,14.8138],[108.1031,14.812],[108.103,14.8088],[108.1053,14.8065],[108.1066,14.8026],[108.1055,14.7985],[108.1127,14.7977],[108.1141,14.797],[108.1172,14.7998],[108.1214,14.8011],[108.1287,14.8004],[108.1298,14.7983],[108.1292,14.7951],[108.1369,14.7976],[108.1415,14.7948],[108.1409,14.7991],[108.1394,14.8019],[108.1381,14.8032],[108.1389,14.8073],[108.1382,14.8102],[108.1408,14.815],[108.1424,14.8164],[108.1417,14.8193],[108.1421,14.8235],[108.1445,14.8265],[108.1448,14.8291],[108.1477,14.831],[108.149,14.837],[108.1398,14.8375],[108.1424,14.8405],[108.1391,14.8435],[108.1369,14.8538],[108.1391,14.8583],[108.1373,14.8626],[108.1393,14.8703],[108.1394,14.8742],[108.1305,14.8767],[108.1291,14.8807],[108.1253,14.8851],[108.128,14.8909],[108.1326,14.8927],[108.135,14.8953],[108.1333,14.8985],[108.1344,14.9002],[108.1381,14.9014],[108.1396,14.9061],[108.1448,14.9055],[108.1521,14.9071],[108.1544,14.9103],[108.158,14.9129],[108.158,14.9152],[108.1543,14.9182],[108.1551,14.9214],[108.1568,14.9231],[108.156,14.9258],[108.152,14.9291],[108.1524,14.9318],[108.1499,14.9329],[108.1489,14.9351],[108.144,14.9366],[108.1412,14.9386],[108.1413,14.9403],[108.1392,14.9435],[108.1344,14.9469],[108.1268,14.9584],[108.125,14.9598]]]},"properties":{"ma_xa":"23446","ten_xa":"Măng Ri","sap_nhap":"Ngọk Yêu, Văn Xuôi, Tê Xăng, Ngọk Lây, Măng Ri","tru_so":"đang cập nhật","loai":"Xã","cap":2,"stt":74,"dtich_km2":401.18,"dan_so":8690,"matdo_km2":21.66,"ma_tinh":"51","ten_tinh":"Quảng Ngãi"}},
{"type":"Feature","geometry":{"type":"Polygon","coordinates":[[[108.7409,14.9435],[108.7288,14.9452],[108.7273,14.9466],[108.7229,14.947],[108.7212,14.9442],[108.7189,14.9451],[108.7125,14.9448],[108.7091,14.9418],[108.7032,14.9395],[108.698,14.9308],[108.6956,14.9324],[108.6967,14.9342],[108.692,14.9358],[108.6846,14.9429],[108.6855,14.9476],[108.6839,14.9498],[108.6803,14.9517],[108.6772,14.9543],[108.6752,14.9572],[108.6701,14.9618],[108.6646,14.9602],[108.6621,14.9618],[108.6567,14.9671],[108.6557,14.9689],[108.6508,14.9709],[108.6475,14.9701],[108.6464,14.9644],[108.6409,14.9637],[108.64,14.96],[108.6406,14.957],[108.6353,14.9571],[108.6331,14.9581],[108.6294,14.9535],[108.6256,14.9555],[108.6248,14.9576],[108.6294,14.9625],[108.6264,14.9663],[108.6204,14.9684],[108.6192,14.9664],[108.6162,14.966],[108.6093,14.9599],[108.6092,14.9536],[108.6102,14.9479],[108.6087,14.9444],[108.6098,14.9413],[108.6128,14.9394],[108.6146,14.9339],[108.6118,14.9329],[108.606,14.9278],[108.6078,14.925],[108.6005,14.9205],[108.5982,14.9199],[108.5963,14.9173],[108.5933,14.9164],[108.5928,14.9141],[108.5867,14.9131],[108.585,14.9105],[108.5789,14.9086],[108.5765,14.9067],[108.5765,14.9033],[108.5776,14.9008],[108.5839,14.8953],[108.5901,14.8918],[108.5929,14.8878],[108.5937,14.8851],[108.5918,14.8802],[108.5913,14.8712],[108.5903,14.8677],[108.5931,14.8649],[108.5938,14.8611],[108.5957,14.8598],[108.598,14.8559],[108.602,14.8528],[108.6035,14.8495],[108.6075,14.8528],[108.6091,14.8562],[108.6169,14.8594],[108.621,14.8645],[108.6211,14.867],[108.6236,14.8675],[108.6264,14.8712],[108.628,14.8721],[108.6283,14.875],[108.6307,14.875],[108.6312,14.8785],[108.6343,14.8831],[108.6404,14.8893],[108.6466,14.8936],[108.6506,14.8943],[108.6549,14.8974],[108.6646,14.8989],[108.6686,14.8969],[108.6719,14.8916],[108.6765,14.8885],[108.6825,14.8859],[108.6817,14.8834],[108.6873,14.8825],[108.6908,14.8858],[108.6978,14.8866],[108.6994,14.8813],[108.7036,14.8828],[108.7086,14.8856],[108.7158,14.8875],[108.7164,14.8893],[108.7178,14.893],[108.7222,14.8955],[108.7216,14.8976],[108.7239,14.9018],[108.723,14.9045],[108.7259,14.9088],[108.7276,14.9129],[108.7276,14.9158],[108.7296,14.9205],[108.7264,14.9286],[108.7263,14.9321],[108.7298,14.9341],[108.7319,14.9375],[108.735,14.94],[108.7409,14.9435]]]},"properties":{"ma_xa":"21361","ten_xa":"Minh Long","sap_nhap":"Long Hiệp, Thanh An, Long Môn","tru_so":"đang cập nhật","loai":"Xã","cap":2,"stt":46,"dtich_km2":124.74,"dan_so":10085,"matdo_km2":80.85,"ma_tinh":"51","ten_tinh":"Quảng Ngãi"}},
{"type":"Feature","geometry":{"type":"Polygon","coordinates":[[[108.9177,15.0242],[108.908,15.0224],[108.9011,15.0228],[108.9003,15.024],[108.9006,15.0292],[108.898,15.0284],[108.8924,15.0303],[108.8849,15.0304],[108.8766,15.0263],[108.8744,15.027],[108.8719,15.0259],[108.8702,15.0213],[108.8701,15.0192],[108.8655,15.0148],[108.8624,15.0132],[108.8583,15.0093],[108.8626,15.0038],[108.8628,15.0001],[108.8617,14.9972],[108.8643,14.9928],[108.8661,14.9916],[108.8666,14.988],[108.8707,14.9886],[108.8723,14.9905],[108.8751,14.9903],[108.8753,14.9863],[108.8728,14.9806],[108.8791,14.9809],[108.8796,14.9817],[108.8858,14.981],[108.884,14.977],[108.884,14.9746],[108.8892,14.9711],[108.8919,14.9709],[108.8911,14.9654],[108.8928,14.9624],[108.8931,14.9595],[108.8946,14.9585],[108.9041,14.9578],[108.9146,14.9612],[108.9171,14.9556],[108.919,14.9535],[108.9209,14.9545],[108.9252,14.9512],[108.9366,14.9598],[108.9391,14.9609],[108.936,14.9691],[108.9281,14.9913],[108.9198,15.0168],[108.9177,15.0242]]]},"properties":{"ma_xa":"21421","ten_xa":"Mỏ Cày","sap_nhap":"Đức Chánh, Đức Thạnh, Đức Minh ","tru_so":"đang cập nhật","loai":"Xã","cap":2,"stt":29,"dtich_km2":44.8,"dan_so":38587,"matdo_km2":861.32,"ma_tinh":"51","ten_tinh":"Quảng Ngãi"}},
{"type":"Feature","geometry":{"type":"Polygon","coordinates":[[[108.8946,14.9585],[108.8931,14.9595],[108.8928,14.9624],[108.8911,14.9654],[108.8919,14.9709],[108.8892,14.9711],[108.884,14.9746],[108.884,14.977],[108.8858,14.981],[108.8796,14.9817],[108.8791,14.9809],[108.8728,14.9806],[108.8753,14.9863],[108.8751,14.9903],[108.8723,14.9905],[108.8707,14.9886],[108.8666,14.988],[108.8601,14.9883],[108.856,14.9878],[108.8545,14.9842],[108.8549,14.9831],[108.8516,14.9786],[108.8496,14.9741],[108.8471,14.9719],[108.8462,14.9601],[108.8429,14.9594],[108.8395,14.9567],[108.8378,14.9584],[108.8341,14.9589],[108.8329,14.9629],[108.8311,14.9645],[108.8246,14.9647],[108.8213,14.9603],[108.8183,14.9573],[108.8158,14.9562],[108.8112,14.9556],[108.8069,14.9529],[108.8044,14.9528],[108.7986,14.9451],[108.7948,14.9432],[108.7939,14.9396],[108.7944,14.9361],[108.796,14.9332],[108.7937,14.9278],[108.7915,14.9257],[108.7945,14.9212],[108.7949,14.9133],[108.7938,14.91],[108.7948,14.9083],[108.8007,14.9078],[108.8028,14.9031],[108.8052,14.9002],[108.8063,14.8968],[108.8108,14.8965],[108.815,14.8949],[108.8179,14.8949],[108.8229,14.8932],[108.8242,14.8902],[108.824,14.8875],[108.8209,14.8847],[108.8221,14.8832],[108.8305,14.8978],[108.8543,14.9056],[108.8586,14.9068],[108.8682,14.9107],[108.8686,14.9123],[108.88,14.9187],[108.8803,14.9168],[108.8841,14.9179],[108.8856,14.9213],[108.8872,14.9224],[108.8874,14.9253],[108.8939,14.9262],[108.896,14.9259],[108.9,14.9277],[108.8976,14.9344],[108.9048,14.9398],[108.9012,14.9455],[108.8991,14.9458],[108.8966,14.9516],[108.897,14.9543],[108.8946,14.9585]]]},"properties":{"ma_xa":"21400","ten_xa":"Mộ Đức","sap_nhap":"Mộ Đức, Đức Hòa, Đức Phú, Đức Tân ","tru_so":"đang cập nhật","loai":"Xã","cap":2,"stt":30,"dtich_km2":76.17,"dan_so":35895,"matdo_km2":471.25,"ma_tinh":"51","ten_tinh":"Quảng Ngãi"}},
{"type":"Feature","geometry":{"type":"Polygon","coordinates":[[[107.6973,14.462],[107.6963,14.4644],[107.6925,14.4677],[107.6893,14.4689],[107.6854,14.4728],[107.681,14.4751],[107.6784,14.4715],[107.6725,14.4704],[107.6698,14.4667],[107.6637,14.4639],[107.656,14.4669],[107.6523,14.4658],[107.6504,14.464],[107.6514,14.4612],[107.6502,14.4596],[107.6459,14.4582],[107.644,14.4565],[107.6357,14.4575],[107.6345,14.4596],[107.6292,14.459],[107.6271,14.4577],[107.625,14.4537],[107.6257,14.4522],[107.621,14.4456],[107.6175,14.4435],[107.61,14.4429],[107.6065,14.441],[107.6033,14.4432],[107.6007,14.4467],[107.5964,14.4462],[107.5939,14.4424],[107.5917,14.4416],[107.5876,14.4431],[107.583,14.4436],[107.581,14.4453],[107.5772,14.447],[107.5724,14.4513],[107.5689,14.4533],[107.567,14.4518],[107.5605,14.4515],[107.557,14.4546],[107.5548,14.4552],[107.5525,14.4576],[107.5453,14.4587],[107.5418,14.4609],[107.5368,14.4578],[107.5345,14.458],[107.5324,14.46],[107.5257,14.4616],[107.5247,14.4596],[107.5221,14.459],[107.5128,14.4597],[107.506,14.4597],[107.5037,14.458],[107.5018,14.4557],[107.5008,14.4525],[107.5016,14.4504],[107.4995,14.4479],[107.4996,14.445],[107.4962,14.4383],[107.4962,14.4355],[107.4925,14.4339],[107.4897,14.4298],[107.4896,14.4248],[107.4907,14.4227],[107.4904,14.4196],[107.4888,14.4159],[107.49,14.4134],[107.4887,14.4068],[107.4852,14.4053],[107.4838,14.4036],[107.4808,14.4036],[107.4759,14.4056],[107.4762,14.4073],[107.4714,14.4083],[107.4691,14.4053],[107.4658,14.4048],[107.4592,14.4072],[107.4581,14.4098],[107.4582,14.413],[107.4559,14.4171],[107.4573,14.42],[107.452,14.4223],[107.4484,14.4261],[107.4455,14.4251],[107.4388,14.4212],[107.4355,14.4158],[107.4327,14.4159],[107.4278,14.4129],[107.4258,14.4099],[107.4242,14.4046],[107.4239,14.4006],[107.428,14.4],[107.4288,14.3967],[107.4283,14.393],[107.4313,14.3906],[107.4312,14.3888],[107.4334,14.3866],[107.4324,14.3852],[107.4334,14.381],[107.4242,14.3739],[107.422,14.3712],[107.4205,14.3677],[107.4242,14.3683],[107.4272,14.3663],[107.4307,14.3653],[107.4336,14.3669],[107.4393,14.3639],[107.4378,14.362],[107.4382,14.359],[107.4354,14.3561],[107.4343,14.3532],[107.44,14.3463],[107.4437,14.3452],[107.4455,14.3433],[107.4481,14.3426],[107.4493,14.3397],[107.4483,14.3364],[107.4466,14.3345],[107.4474,14.3323],[107.4456,14.3283],[107.4471,14.3245],[107.4495,14.3237],[107.4538,14.3196],[107.4584,14.3181],[107.4611,14.3152],[107.4605,14.314],[107.4634,14.31],[107.4685,14.3077],[107.469,14.3044],[107.472,14.3051],[107.4748,14.2993],[107.4764,14.2986],[107.4818,14.3011],[107.4795,14.3059],[107.4823,14.3079],[107.4871,14.3057],[107.488,14.3094],[107.4914,14.311],[107.4915,14.3145],[107.4947,14.3161],[107.5018,14.3184],[107.5033,14.3167],[107.5059,14.3181],[107.512,14.3195],[107.5137,14.321],[107.516,14.3198],[107.5175,14.3129],[107.514,14.308],[107.513,14.3078],[107.5118,14.3006],[107.5117,14.2956],[107.5153,14.2882],[107.5148,14.2839],[107.5205,14.2819],[107.5218,14.2784],[107.5216,14.2723],[107.5187,14.2627],[107.5211,14.255],[107.5235,14.2515],[107.5256,14.2504],[107.5271,14.2468],[107.53,14.2437],[107.533,14.245],[107.5353,14.2454],[107.5332,14.2507],[107.5362,14.2565],[107.5413,14.2589],[107.5439,14.2614],[107.5488,14.2591],[107.5526,14.2606],[107.5594,14.2603],[107.5647,14.2619],[107.567,14.2619],[107.5706,14.265],[107.5724,14.2627],[107.5698,14.2572],[107.5681,14.2557],[107.576,14.2499],[107.5813,14.2514],[107.5883,14.2478],[107.5902,14.2483],[107.5945,14.2454],[107.5962,14.2416],[107.5981,14.2397],[107.6034,14.244],[107.6059,14.2469],[107.608,14.2471],[107.6105,14.245],[107.6169,14.2445],[107.622,14.2446],[107.627,14.2453],[107.6287,14.2473],[107.6307,14.2457],[107.6382,14.2457],[107.6407,14.2495],[107.6458,14.2477],[107.6469,14.2445],[107.6515,14.2415],[107.6542,14.2422],[107.6577,14.2416],[107.6605,14.2427],[107.6667,14.2408],[107.6707,14.241],[107.6725,14.2375],[107.6752,14.2349],[107.6808,14.235],[107.6814,14.232],[107.6833,14.2303],[107.6833,14.2274],[107.6849,14.2264],[107.6857,14.2233],[107.6879,14.2223],[107.6934,14.227],[107.6939,14.2309],[107.6927,14.2358],[107.6941,14.2468],[107.6915,14.2516],[107.6892,14.2532],[107.6905,14.2582],[107.6915,14.2665],[107.6896,14.275],[107.6877,14.2787],[107.6838,14.2801],[107.6839,14.2834],[107.6796,14.2858],[107.6809,14.2929],[107.6822,14.2968],[107.6829,14.3019],[107.6821,14.3115],[107.6844,14.314],[107.6835,14.3177],[107.6847,14.3195],[107.6893,14.3233],[107.6939,14.3241],[107.6972,14.3273],[107.7033,14.3271],[107.7107,14.3292],[107.7197,14.326],[107.7188,14.3325],[107.7192,14.3373],[107.7227,14.3396],[107.728,14.3415],[107.7278,14.344],[107.7309,14.3474],[107.7328,14.3531],[107.7363,14.3581],[107.7372,14.3613],[107.7396,14.3638],[107.7398,14.366],[107.7357,14.3702],[107.735,14.3744],[107.7331,14.3781],[107.7266,14.3788],[107.7235,14.3782],[107.7212,14.3809],[107.7227,14.3833],[107.7199,14.3906],[107.7191,14.4018],[107.7184,14.4043],[107.7105,14.4094],[107.7081,14.4119],[107.7045,14.4176],[107.6995,14.4204],[107.6968,14.4209],[107.6961,14.4234],[107.7024,14.4259],[107.7049,14.4292],[107.7062,14.4335],[107.7036,14.4379],[107.6984,14.4418],[107.7012,14.4452],[107.7005,14.4464],[107.7025,14.4518],[107.7005,14.4591],[107.6973,14.462]]]},"properties":{"ma_xa":"23536","ten_xa":"Mô Rai","sap_nhap":"Không sắp xếp","tru_so":"đang cập nhật","loai":"Xã","cap":2,"stt":95,"dtich_km2":583.92,"dan_so":6375,"matdo_km2":10.92,"ma_tinh":"51","ten_tinh":"Quảng Ngãi"}},
{"type":"Feature","geometry":{"type":"Polygon","coordinates":[[[108.7683,15.1286],[108.7662,15.1291],[108.7638,15.1317],[108.7597,15.1396],[108.7577,15.142],[108.7512,15.1464],[108.7471,15.1463],[108.7358,15.1474],[108.7294,15.1475],[108.7225,15.1505],[108.7127,15.154],[108.7108,15.154],[108.7106,15.1497],[108.7231,15.1431],[108.7209,15.1392],[108.7172,15.1298],[108.7135,15.1303],[108.7094,15.1177],[108.7078,15.115],[108.7048,15.1119],[108.6996,15.1055],[108.6992,15.1025],[108.6999,15.0928],[108.7049,15.0921],[108.7059,15.0898],[108.7091,15.0862],[108.708,15.0833],[108.7095,15.0783],[108.7148,15.0797],[108.7171,15.0831],[108.7196,15.0852],[108.7246,15.0878],[108.7274,15.0869],[108.7322,15.0868],[108.7309,15.081],[108.7319,15.0795],[108.7356,15.0773],[108.7387,15.0742],[108.7412,15.0764],[108.7452,15.077],[108.7518,15.0759],[108.7529,15.0783],[108.7561,15.0771],[108.7592,15.0818],[108.7663,15.0809],[108.7667,15.0824],[108.7702,15.0838],[108.7675,15.0868],[108.7712,15.0885],[108.7725,15.0879],[108.777,15.0888],[108.7788,15.0899],[108.7815,15.0881],[108.7805,15.0857],[108.7868,15.0856],[108.7887,15.0849],[108.7902,15.088],[108.794,15.0874],[108.7957,15.0894],[108.7983,15.0943],[108.7924,15.1023],[108.7874,15.105],[108.7832,15.1024],[108.7808,15.1021],[108.7813,15.0989],[108.778,15.1002],[108.7709,15.102],[108.7686,15.1008],[108.7652,15.1018],[108.762,15.105],[108.7597,15.1045],[108.7587,15.1069],[108.7609,15.108],[108.7623,15.1176],[108.7598,15.1183],[108.7607,15.1243],[108.7636,15.1266],[108.7683,15.1286]]]},"properties":{"ma_xa":"21250","ten_xa":"Nghĩa Giang","sap_nhap":"Nghĩa Thuận, Nghĩa Kỳ, Nghĩa Điền ","tru_so":"đang cập nhật","loai":"Xã","cap":2,"stt":22,"dtich_km2":47.74,"dan_so":39371,"matdo_km2":824.7,"ma_tinh":"51","ten_tinh":"Quảng Ngãi"}},
{"type":"Feature","geometry":{"type":"Polygon","coordinates":[[[108.7957,15.0894],[108.794,15.0874],[108.7902,15.088],[108.7887,15.0849],[108.7868,15.0856],[108.7805,15.0857],[108.7815,15.0881],[108.7788,15.0899],[108.777,15.0888],[108.7725,15.0879],[108.7712,15.0885],[108.7675,15.0868],[108.7702,15.0838],[108.7667,15.0824],[108.7663,15.0809],[108.7592,15.0818],[108.7561,15.0771],[108.7554,15.0745],[108.7625,15.0681],[108.7622,15.0659],[108.7593,15.0626],[108.7592,15.0583],[108.7581,15.0574],[108.7595,15.0531],[108.7621,15.0516],[108.7636,15.0484],[108.7681,15.049],[108.7706,15.0383],[108.7731,15.0372],[108.7754,15.0392],[108.7809,15.0388],[108.7804,15.0441],[108.7805,15.0519],[108.7836,15.0511],[108.7851,15.0484],[108.788,15.0497],[108.7891,15.0537],[108.7924,15.0542],[108.794,15.0524],[108.7969,15.0536],[108.7981,15.0524],[108.7957,15.0495],[108.7953,15.0447],[108.7974,15.0397],[108.7994,15.0374],[108.805,15.034],[108.8155,15.0319],[108.8194,15.0347],[108.8259,15.0356],[108.8262,15.0381],[108.8241,15.0405],[108.8219,15.0499],[108.8199,15.0547],[108.8203,15.0574],[108.8179,15.0596],[108.8165,15.0576],[108.8121,15.0597],[108.8095,15.0576],[108.8063,15.0626],[108.8035,15.0645],[108.7977,15.0639],[108.7963,15.0625],[108.793,15.0621],[108.7928,15.0642],[108.7896,15.065],[108.7898,15.0679],[108.7888,15.0721],[108.7866,15.0747],[108.7895,15.0775],[108.7922,15.0786],[108.7936,15.0857],[108.7957,15.0894]]]},"properties":{"ma_xa":"21364","ten_xa":"Nghĩa Hành","sap_nhap":"Chợ Chùa, Hành Thuận, Hành Trung ","tru_so":"đang cập nhật","loai":"Xã","cap":2,"stt":24,"dtich_km2":24.4,"dan_so":31533,"matdo_km2":1292.34,"ma_tinh":"51","ten_tinh":"Quảng Ngãi"}},
{"type":"Feature","geometry":{"type":"Polygon","coordinates":[[[108.8125,15.1314],[108.8089,15.1335],[108.8051,15.1372],[108.7996,15.1397],[108.7938,15.1413],[108.7894,15.1407],[108.7838,15.1374],[108.7827,15.1354],[108.7716,15.1292],[108.7683,15.1286],[108.7636,15.1266],[108.7607,15.1243],[108.7598,15.1183],[108.7623,15.1176],[108.7609,15.108],[108.7587,15.1069],[108.7597,15.1045],[108.762,15.105],[108.7652,15.1018],[108.7686,15.1008],[108.7709,15.102],[108.778,15.1002],[108.7813,15.0989],[108.7808,15.1021],[108.7832,15.1024],[108.7874,15.105],[108.7924,15.1023],[108.7983,15.0943],[108.8009,15.0959],[108.8036,15.0961],[108.8051,15.099],[108.8033,15.1003],[108.8032,15.1068],[108.7998,15.1091],[108.8005,15.1199],[108.7977,15.1207],[108.7991,15.126],[108.8104,15.1283],[108.8125,15.1314]]]},"properties":{"ma_xa":"21028","ten_xa":"Nghĩa Lộ","sap_nhap":"Lê Hồng Phong, Trần Phú, Quảng Phú, Nghĩa Lộ ","tru_so":"đang cập nhật","loai":"Phường","cap":2,"stt":5,"dtich_km2":17.07,"dan_so":73556,"matdo_km2":4309.08,"ma_tinh":"51","ten_tinh":"Quảng Ngãi"}},
{"type":"Feature","geometry":{"type":"Polygon","coordinates":[[[107.9281,15.2098],[107.9224,15.21],[107.9144,15.2119],[107.9113,15.2068],[107.9056,15.2061],[107.9033,15.2065],[107.8995,15.2049],[107.8977,15.2013],[107.8945,15.1979],[107.8928,15.1949],[107.8898,15.1938],[107.8905,15.1918],[107.8945,15.1867],[107.8981,15.1862],[107.9035,15.1822],[107.9062,15.1788],[107.907,15.1716],[107.9089,15.1694],[107.9102,15.1659],[107.9076,15.1619],[107.9082,15.1583],[107.9076,15.1559],[107.9029,15.156],[107.8963,15.1519],[107.8935,15.1513],[107.8911,15.1488],[107.8906,15.1462],[107.8886,15.1436],[107.8847,15.1428],[107.8831,15.1387],[107.8828,15.1351],[107.8838,15.1328],[107.8826,15.1287],[107.8859,15.1246],[107.8898,15.1236],[107.8943,15.1235],[107.901,15.1166],[107.8961,15.1155],[107.8936,15.1142],[107.893,15.1123],[107.89,15.1132],[107.8881,15.1086],[107.8906,15.1066],[107.8894,15.1037],[107.8901,15.0943],[107.8876,15.0867],[107.888,15.0855],[107.8862,15.0804],[107.8899,15.0743],[107.8897,15.0728],[107.8954,15.0656],[107.8946,15.0639],[107.8972,15.0579],[107.8958,15.0562],[107.8966,15.0523],[107.8952,15.0496],[107.8965,15.0472],[107.8961,15.045],[107.8971,15.0412],[107.8958,15.0363],[107.8968,15.0333],[107.8953,15.0294],[107.899,15.0214],[107.9018,15.0168],[107.9057,15.0164],[107.9066,15.0132],[107.9081,15.0125],[107.9096,15.0065],[107.9069,15.0041],[107.9076,15.0011],[107.9063,14.9982],[107.9124,14.999],[107.9186,15.0031],[107.9227,15.0047],[107.933,15.0049],[107.9429,15.0055],[107.9459,15.0095],[107.9471,15.0126],[107.9481,15.0182],[107.9441,15.0214],[107.9464,15.0241],[107.9457,15.0267],[107.948,15.0299],[107.9491,15.0338],[107.9523,15.0363],[107.9568,15.0373],[107.9586,15.0381],[107.9597,15.0429],[107.9577,15.0453],[107.9535,15.0485],[107.9504,15.0536],[107.9531,15.0551],[107.9556,15.0587],[107.958,15.0597],[107.9607,15.0633],[107.9653,15.0657],[107.9715,15.0668],[107.9762,15.0693],[107.9753,15.0734],[107.9784,15.0787],[107.9781,15.0822],[107.9803,15.087],[107.9834,15.0894],[107.9834,15.0922],[107.9888,15.0958],[107.9886,15.0988],[107.9929,15.1075],[107.993,15.1104],[107.9958,15.1145],[107.999,15.1176],[108.0022,15.1188],[108.0024,15.1222],[107.9994,15.124],[107.9984,15.1283],[108.0007,15.1299],[108.0007,15.1344],[108.0043,15.1426],[107.9996,15.1507],[107.9999,15.1561],[107.9948,15.1574],[107.9915,15.1569],[107.9861,15.1595],[107.983,15.1637],[107.9821,15.1662],[107.9784,15.1666],[107.9692,15.169],[107.9658,15.1693],[107.9626,15.1721],[107.9558,15.1742],[107.9504,15.1751],[107.9494,15.1799],[107.9498,15.1836],[107.9471,15.1877],[107.9442,15.1881],[107.9414,15.1901],[107.9371,15.1906],[107.9335,15.1953],[107.9338,15.2006],[107.9314,15.2026],[107.9312,15.2069],[107.9281,15.2098]]]},"properties":{"ma_xa":"23365","ten_xa":"Ngọc Linh","sap_nhap":"Mường Hoong, Ngọc Linh","tru_so":"đang cập nhật","loai":"Xã","cap":2,"stt":79,"dtich_km2":180.35,"dan_so":6458,"matdo_km2":35.81,"ma_tinh":"51","ten_tinh":"Quảng Ngãi"}},
{"type":"Feature","geometry":{"type":"Polygon","coordinates":[[[107.978,14.4323],[107.9738,14.4292],[107.9686,14.4264],[107.968,14.4228],[107.9627,14.4177],[107.9607,14.4132],[107.9534,14.4053],[107.9485,14.4019],[107.9486,14.3974],[107.9314,14.4001],[107.9281,14.4038],[107.9246,14.4047],[107.925,14.4068],[107.9236,14.41],[107.9241,14.414],[107.9198,14.4145],[107.9153,14.4184],[107.9155,14.4226],[107.914,14.4246],[107.9058,14.4276],[107.9,14.4265],[107.8935,14.4285],[107.8815,14.4253],[107.8817,14.4354],[107.8794,14.4367],[107.8756,14.4262],[107.8744,14.4245],[107.8717,14.4251],[107.8685,14.4244],[107.8671,14.4188],[107.8642,14.4132],[107.8632,14.4074],[107.8621,14.3959],[107.8651,14.3947],[107.8669,14.3927],[107.8712,14.3911],[107.87,14.3875],[107.8697,14.383],[107.8709,14.3786],[107.8751,14.3702],[107.8787,14.3649],[107.8813,14.3679],[107.8856,14.3707],[107.8881,14.3699],[107.889,14.367],[107.8918,14.3666],[107.8957,14.3697],[107.9018,14.3715],[107.9052,14.3704],[107.9069,14.3683],[107.908,14.363],[107.9101,14.3607],[107.9244,14.3549],[107.9268,14.3583],[107.9298,14.3669],[107.9344,14.3738],[107.9373,14.3739],[107.9416,14.3706],[107.9465,14.3682],[107.9498,14.3658],[107.9524,14.358],[107.955,14.3563],[107.9573,14.3636],[107.9633,14.3639],[107.965,14.3623],[107.9651,14.3572],[107.9662,14.3547],[107.9703,14.3535],[107.9795,14.3534],[107.9892,14.3565],[107.9879,14.3618],[107.9888,14.3676],[107.9773,14.3716],[107.9753,14.3716],[107.9727,14.3696],[107.9709,14.3714],[107.9693,14.3688],[107.9634,14.3671],[107.9624,14.3698],[107.9626,14.3758],[107.9598,14.3856],[107.9596,14.3913],[107.966,14.3936],[107.9689,14.3958],[107.9746,14.3913],[107.9779,14.3913],[107.9806,14.3896],[107.9821,14.3868],[107.9841,14.387],[107.985,14.3902],[107.9867,14.3903],[107.9888,14.3994],[107.989,14.4038],[107.9924,14.4064],[107.9905,14.4105],[107.9922,14.4121],[107.9913,14.4163],[107.988,14.4208],[107.985,14.4273],[107.9837,14.4272],[107.9806,14.4311],[107.978,14.4323]]]},"properties":{"ma_xa":"23317","ten_xa":"Ngọk Bay","sap_nhap":"Kroong, Vinh Quang, Ngọk Bay ","tru_so":"đang cập nhật","loai":"Xã","cap":2,"stt":60,"dtich_km2":62.09,"dan_so":23391,"matdo_km2":376.73,"ma_tinh":"51","ten_tinh":"Quảng Ngãi"}},
{"type":"Feature","geometry":{"type":"Polygon","coordinates":[[[108.0592,14.5641],[108.0556,14.5634],[108.0535,14.5595],[108.0504,14.5582],[108.047,14.5552],[108.0444,14.5513],[108.0408,14.5504],[108.0384,14.5526],[108.0365,14.5569],[108.0345,14.5581],[108.0335,14.5611],[108.0268,14.5646],[108.0242,14.5642],[108.0227,14.5607],[108.0129,14.5533],[108.0106,14.5539],[108.009,14.5559],[108.0063,14.5558],[108.0042,14.5537],[108.0005,14.5537],[107.9952,14.5554],[107.9968,14.5494],[107.9951,14.5458],[107.9952,14.5421],[107.9943,14.5391],[107.9946,14.5346],[107.994,14.5239],[107.9776,14.5219],[107.9689,14.5113],[107.9699,14.507],[107.9661,14.499],[107.9642,14.4965],[107.9654,14.4912],[107.9681,14.488],[107.9672,14.4837],[107.9675,14.4792],[107.9653,14.4768],[107.9673,14.4756],[107.9638,14.4694],[107.9729,14.4644],[107.9731,14.4608],[107.9761,14.4575],[107.9729,14.4558],[107.9741,14.4508],[107.9762,14.4495],[107.9783,14.446],[107.9787,14.4417],[107.984,14.4379],[107.9933,14.4374],[107.9964,14.4359],[107.9938,14.4429],[107.9942,14.4457],[107.9958,14.4478],[107.9984,14.4462],[108.0021,14.4468],[108.0049,14.4483],[108.0062,14.4511],[108.0097,14.4511],[108.0123,14.4498],[108.0142,14.4522],[108.0199,14.4527],[108.0256,14.4432],[108.0287,14.4404],[108.032,14.435],[108.0341,14.4343],[108.0443,14.4352],[108.0562,14.4301],[108.06,14.4236],[108.0635,14.4192],[108.0689,14.4159],[108.0806,14.4233],[108.081,14.4273],[108.0834,14.4309],[108.084,14.4345],[108.083,14.4364],[108.0853,14.4393],[108.0866,14.4428],[108.0892,14.4442],[108.0891,14.4463],[108.0858,14.4494],[108.0867,14.4576],[108.0846,14.4611],[108.0844,14.4632],[108.0871,14.4649],[108.0883,14.4689],[108.0863,14.4739],[108.0846,14.4744],[108.0828,14.4775],[108.0848,14.4815],[108.0911,14.4826],[108.0939,14.486],[108.0967,14.4857],[108.0996,14.4906],[108.102,14.4914],[108.1045,14.4954],[108.1094,14.4976],[108.1094,14.5009],[108.1065,14.5093],[108.1085,14.512],[108.1102,14.5198],[108.1097,14.5238],[108.1108,14.5266],[108.1084,14.5339],[108.1021,14.5378],[108.0951,14.5371],[108.0929,14.5393],[108.092,14.5429],[108.088,14.5477],[108.0805,14.5506],[108.0786,14.5532],[108.0746,14.5553],[108.0707,14.5556],[108.0686,14.5568],[108.0681,14.5592],[108.0634,14.559],[108.0592,14.5641]]]},"properties":{"ma_xa":"23515","ten_xa":"Ngọk Réo","sap_nhap":"Ngọk Wang, Ngọk Réo","tru_so":"đang cập nhật","loai":"Xã","cap":2,"stt":66,"dtich_km2":170.29,"dan_so":11916,"matdo_km2":69.97,"ma_tinh":"51","ten_tinh":"Quảng Ngãi"}},
{"type":"Feature","geometry":{"type":"Polygon","coordinates":[[[107.8064,14.8409],[107.8002,14.8413],[107.798,14.8431],[107.7966,14.846],[107.7928,14.8466],[107.7888,14.843],[107.7804,14.8384],[107.7752,14.8377],[107.7735,14.8363],[107.7681,14.8346],[107.7643,14.8293],[107.7587,14.8288],[107.754,14.8246],[107.7543,14.8187],[107.7492,14.8192],[107.7446,14.8167],[107.7428,14.8166],[107.7373,14.8136],[107.7343,14.8106],[107.736,14.8081],[107.7353,14.8012],[107.7397,14.7935],[107.7392,14.7909],[107.7336,14.7851],[107.7298,14.7795],[107.7277,14.7782],[107.7262,14.7721],[107.7244,14.77],[107.7234,14.7659],[107.7212,14.7639],[107.7154,14.7611],[107.7088,14.7587],[107.706,14.756],[107.7004,14.7532],[107.7003,14.7514],[107.7045,14.7484],[107.7043,14.7442],[107.703,14.7419],[107.7043,14.7381],[107.7014,14.7349],[107.7011,14.7328],[107.7025,14.7292],[107.7055,14.729],[107.7088,14.72],[107.7112,14.7182],[107.7096,14.7141],[107.7121,14.7105],[107.7131,14.7061],[107.7122,14.7031],[107.7161,14.7021],[107.7164,14.6994],[107.7212,14.6984],[107.7218,14.6954],[107.7251,14.6933],[107.7308,14.6855],[107.7318,14.6814],[107.7354,14.6833],[107.7362,14.6847],[107.7439,14.6858],[107.7475,14.6833],[107.7481,14.6815],[107.7512,14.6824],[107.7565,14.6828],[107.7571,14.6841],[107.7636,14.6821],[107.773,14.6866],[107.7765,14.6854],[107.7827,14.6884],[107.7833,14.6904],[107.787,14.6909],[107.7903,14.6945],[107.7982,14.6924],[107.8025,14.689],[107.804,14.6865],[107.8048,14.6828],[107.8056,14.6897],[107.8207,14.7074],[107.8253,14.7105],[107.8293,14.7146],[107.8298,14.7173],[107.8278,14.7195],[107.8311,14.7267],[107.8336,14.7287],[107.8331,14.7316],[107.8298,14.7354],[107.8277,14.7357],[107.8263,14.738],[107.8283,14.7461],[107.8293,14.7481],[107.8276,14.7506],[107.8256,14.7509],[107.8195,14.7541],[107.815,14.7543],[107.8141,14.7559],[107.8074,14.7589],[107.8054,14.7606],[107.8043,14.7658],[107.8047,14.7679],[107.7996,14.774],[107.7985,14.7868],[107.7975,14.7905],[107.7996,14.7954],[107.8039,14.7972],[107.8052,14.8006],[107.8081,14.804],[107.8091,14.807],[107.8124,14.8073],[107.8122,14.8116],[107.8112,14.8138],[107.8094,14.8226],[107.8093,14.8257],[107.8074,14.8308],[107.8076,14.8374],[107.8064,14.8409]]]},"properties":{"ma_xa":"23428","ten_xa":"Ngọk Tụ","sap_nhap":"Đăk Rơ Nga, Ngọk Tụ","tru_so":"đang cập nhật","loai":"Xã","cap":2,"stt":68,"dtich_km2":160.97,"dan_so":8460,"matdo_km2":52.56,"ma_tinh":"51","ten_tinh":"Quảng Ngãi"}},
{"type":"Feature","geometry":{"type":"Polygon","coordinates":[[[108.9168,14.8798],[108.9155,14.8817],[108.9091,14.8827],[108.9074,14.8848],[108.9021,14.882],[108.8901,14.8822],[108.889,14.8874],[108.8834,14.8894],[108.8785,14.8898],[108.874,14.8881],[108.8735,14.8866],[108.8546,14.8928],[108.8323,14.8936],[108.8338,14.8904],[108.8317,14.8875],[108.8269,14.8869],[108.8221,14.8832],[108.8299,14.8759],[108.8294,14.8697],[108.8285,14.8687],[108.83,14.863],[108.8281,14.8613],[108.8185,14.8584],[108.8164,14.8504],[108.8184,14.8482],[108.8198,14.8446],[108.8238,14.8412],[108.8246,14.8393],[108.8163,14.8343],[108.8149,14.8317],[108.8155,14.8294],[108.8177,14.8281],[108.822,14.8224],[108.8204,14.8218],[108.8214,14.8187],[108.8233,14.8174],[108.8277,14.8168],[108.8299,14.8139],[108.826,14.811],[108.832,14.809],[108.8357,14.807],[108.8382,14.8075],[108.8399,14.8048],[108.8429,14.8032],[108.8449,14.7992],[108.8474,14.7988],[108.8497,14.8057],[108.8543,14.8096],[108.8563,14.808],[108.8769,14.7936],[108.9044,14.7804],[108.9073,14.7824],[108.9117,14.7831],[108.9127,14.7834],[108.9167,14.7889],[108.9161,14.7924],[108.9176,14.796],[108.9199,14.7976],[108.9198,14.8035],[108.9207,14.805],[108.9211,14.8166],[108.9236,14.8215],[108.9196,14.8257],[108.914,14.8278],[108.9136,14.8322],[108.9145,14.8342],[108.9094,14.8342],[108.9079,14.8409],[108.9083,14.846],[108.9062,14.8591],[108.9075,14.8618],[108.907,14.8669],[108.9071,14.8716],[108.9081,14.8731],[108.9123,14.876],[108.9136,14.8789],[108.9168,14.8798]]]},"properties":{"ma_xa":"21457","ten_xa":"Nguyễn Nghiêm","sap_nhap":"Phổ Nhơn, Phổ Phong ","tru_so":"đang cập nhật","loai":"Xã","cap":2,"stt":7,"dtich_km2":95.33,"dan_so":18041,"matdo_km2":189.25,"ma_tinh":"51","ten_tinh":"Quảng Ngãi"}},
{"type":"Feature","geometry":{"type":"Polygon","coordinates":[[[108.7561,15.0771],[108.7529,15.0783],[108.7518,15.0759],[108.7452,15.077],[108.7412,15.0764],[108.7387,15.0742],[108.7356,15.0773],[108.7319,15.0795],[108.7309,15.081],[108.7322,15.0868],[108.7274,15.0869],[108.7246,15.0878],[108.7196,15.0852],[108.7171,15.0831],[108.7148,15.0797],[108.7095,15.0783],[108.7075,15.078],[108.7025,15.0735],[108.7018,15.0718],[108.6988,15.0703],[108.6935,15.0635],[108.694,15.0619],[108.6917,15.0599],[108.6876,15.0581],[108.6893,15.0541],[108.6931,15.051],[108.6945,15.0455],[108.6972,15.0414],[108.7035,15.0393],[108.704,15.0345],[108.7063,15.0297],[108.7125,15.0288],[108.7143,15.0219],[108.7158,15.0205],[108.7185,15.0155],[108.7225,15.0123],[108.7246,15.0115],[108.7284,15.0133],[108.7302,15.0157],[108.7339,15.0127],[108.7369,15.0139],[108.7398,15.0134],[108.7459,15.0171],[108.748,15.0091],[108.7509,15.0054],[108.7531,14.9982],[108.7522,14.9941],[108.7568,14.9961],[108.7593,15.0008],[108.7638,15],[108.7656,15.0005],[108.7688,15.0013],[108.7683,15.0037],[108.7698,15.0069],[108.7689,15.0133],[108.7772,15.0151],[108.7804,15.0125],[108.785,15.0183],[108.7858,15.021],[108.7847,15.0227],[108.7849,15.0265],[108.7868,15.028],[108.7861,15.0323],[108.7839,15.0348],[108.784,15.0369],[108.7809,15.0388],[108.7754,15.0392],[108.7731,15.0372],[108.7706,15.0383],[108.7681,15.049],[108.7636,15.0484],[108.7621,15.0516],[108.7595,15.0531],[108.7581,15.0574],[108.7592,15.0583],[108.7593,15.0626],[108.7622,15.0659],[108.7625,15.0681],[108.7554,15.0745],[108.7561,15.0771]]]},"properties":{"ma_xa":"21370","ten_xa":"Phước Giang","sap_nhap":"Hành Dũng, Hành Nhân. Hành Minh","tru_so":"đang cập nhật","loai":"Xã","cap":2,"stt":27,"dtich_km2":57.02,"dan_so":23842,"matdo_km2":418.13,"ma_tinh":"51","ten_tinh":"Quảng Ngãi"}},
{"type":"Feature","geometry":{"type":"Polygon","coordinates":[[[107.7947,14.5413],[107.7948,14.5439],[107.7926,14.5473],[107.7912,14.5517],[107.786,14.5598],[107.7852,14.5627],[107.7825,14.5668],[107.7799,14.5666],[107.7773,14.5685],[107.7784,14.5725],[107.7751,14.5782],[107.7762,14.5815],[107.7734,14.5887],[107.7736,14.5904],[107.7713,14.5926],[107.7752,14.5981],[107.7772,14.6024],[107.776,14.6051],[107.7715,14.6084],[107.7653,14.6113],[107.7636,14.6132],[107.759,14.6132],[107.7531,14.6118],[107.7504,14.6049],[107.7508,14.6041],[107.747,14.5971],[107.7429,14.5953],[107.7398,14.5963],[107.7372,14.5957],[107.7337,14.5891],[107.7297,14.5883],[107.7284,14.5866],[107.7245,14.5849],[107.7219,14.5847],[107.7165,14.5828],[107.7115,14.5835],[107.7065,14.5857],[107.7036,14.5884],[107.6985,14.5892],[107.6887,14.5845],[107.6824,14.5845],[107.6801,14.5854],[107.6786,14.583],[107.6752,14.5833],[107.6733,14.58],[107.6739,14.5779],[107.6708,14.5722],[107.6714,14.5695],[107.6678,14.5691],[107.6654,14.5656],[107.6635,14.5653],[107.6643,14.5611],[107.6602,14.5549],[107.6622,14.5527],[107.6589,14.5423],[107.6594,14.5403],[107.6547,14.5352],[107.6544,14.5336],[107.6498,14.5325],[107.6162,14.5299],[107.6094,14.5292],[107.608,14.5268],[107.6037,14.5257],[107.599,14.5205],[107.5952,14.5193],[107.5876,14.5194],[107.5863,14.5156],[107.5849,14.5146],[107.5744,14.5125],[107.562,14.5109],[107.5579,14.5122],[107.5542,14.5056],[107.5507,14.5055],[107.5476,14.5068],[107.5441,14.507],[107.5433,14.5097],[107.5378,14.5073],[107.5326,14.5063],[107.522,14.5021],[107.5233,14.5051],[107.5222,14.5065],[107.5182,14.5068],[107.5165,14.5107],[107.5148,14.512],[107.5111,14.5118],[107.5067,14.5088],[107.5099,14.5029],[107.5115,14.5027],[107.512,14.4985],[107.5082,14.4958],[107.5089,14.4936],[107.5083,14.489],[107.5048,14.4865],[107.5033,14.4825],[107.5041,14.4809],[107.503,14.4757],[107.5028,14.4698],[107.4996,14.4663],[107.4996,14.4642],[107.5016,14.4612],[107.5036,14.4604],[107.5037,14.458],[107.506,14.4597],[107.5128,14.4597],[107.5221,14.459],[107.5247,14.4596],[107.5257,14.4616],[107.5324,14.46],[107.5345,14.458],[107.5368,14.4578],[107.5418,14.4609],[107.5453,14.4587],[107.5525,14.4576],[107.5548,14.4552],[107.557,14.4546],[107.5605,14.4515],[107.567,14.4518],[107.5689,14.4533],[107.5724,14.4513],[107.5772,14.447],[107.581,14.4453],[107.583,14.4436],[107.5876,14.4431],[107.5917,14.4416],[107.5939,14.4424],[107.5964,14.4462],[107.6007,14.4467],[107.6033,14.4432],[107.6065,14.441],[107.61,14.4429],[107.6175,14.4435],[107.621,14.4456],[107.6257,14.4522],[107.625,14.4537],[107.6271,14.4577],[107.6292,14.459],[107.6345,14.4596],[107.6357,14.4575],[107.644,14.4565],[107.6459,14.4582],[107.6502,14.4596],[107.6514,14.4612],[107.6504,14.464],[107.6523,14.4658],[107.656,14.4669],[107.6637,14.4639],[107.6698,14.4667],[107.6725,14.4704],[107.6784,14.4715],[107.681,14.4751],[107.6854,14.4728],[107.6893,14.4689],[107.6925,14.4677],[107.6963,14.4644],[107.6973,14.462],[107.7158,14.46],[107.7194,14.456],[107.7201,14.4534],[107.7225,14.4507],[107.726,14.4513],[107.7308,14.4574],[107.7316,14.4606],[107.7349,14.4618],[107.736,14.4709],[107.7361,14.4762],[107.7395,14.4764],[107.7451,14.4795],[107.7486,14.4778],[107.7521,14.4831],[107.7554,14.4819],[107.76,14.4846],[107.7632,14.4873],[107.7643,14.4908],[107.7669,14.4953],[107.7651,14.4975],[107.7664,14.499],[107.7703,14.4995],[107.773,14.5022],[107.7797,14.5011],[107.7844,14.5039],[107.789,14.5046],[107.8043,14.5116],[107.8021,14.5141],[107.8021,14.5174],[107.7989,14.5176],[107.801,14.5247],[107.7981,14.5264],[107.8,14.5314],[107.7947,14.5413]]]},"properties":{"ma_xa":"23530","ten_xa":"Rờ Kơi","sap_nhap":"Không sắp xếp","tru_so":"đang cập nhật","loai":"Xã","cap":2,"stt":94,"dtich_km2":298.29,"dan_so":6395,"matdo_km2":21.44,"ma_tinh":"51","ten_tinh":"Quảng Ngãi"}},
{"type":"Feature","geometry":{"type":"Polygon","coordinates":[[[107.8617,14.5202],[107.8602,14.5213],[107.8507,14.5244],[107.8494,14.5276],[107.8498,14.5296],[107.8431,14.5334],[107.8406,14.5374],[107.8374,14.5373],[107.8322,14.541],[107.8288,14.541],[107.8264,14.5384],[107.8239,14.5408],[107.8198,14.5419],[107.8172,14.5442],[107.8159,14.5469],[107.8119,14.5455],[107.8065,14.5456],[107.8019,14.543],[107.7947,14.5413],[107.8,14.5314],[107.7981,14.5264],[107.801,14.5247],[107.7989,14.5176],[107.8021,14.5174],[107.8021,14.5141],[107.8043,14.5116],[107.8051,14.5085],[107.8074,14.5049],[107.8068,14.5013],[107.8054,14.4985],[107.8058,14.4965],[107.8103,14.4926],[107.811,14.4894],[107.8134,14.4859],[107.8141,14.4793],[107.8175,14.4717],[107.8133,14.4683],[107.8123,14.4637],[107.8132,14.4549],[107.8157,14.4496],[107.8196,14.4451],[107.8152,14.4421],[107.8134,14.44],[107.8029,14.4344],[107.8021,14.4309],[107.7993,14.4274],[107.7955,14.4261],[107.795,14.4238],[107.7957,14.4186],[107.7972,14.4176],[107.8025,14.409],[107.8038,14.4055],[107.8068,14.4042],[107.8078,14.4017],[107.8109,14.4019],[107.813,14.3988],[107.8103,14.3956],[107.8123,14.3933],[107.8152,14.3935],[107.8168,14.3889],[107.8204,14.3889],[107.8245,14.3861],[107.8352,14.3771],[107.8364,14.3753],[107.8378,14.3652],[107.8342,14.3601],[107.8342,14.3568],[107.833,14.3542],[107.8307,14.3523],[107.8301,14.348],[107.8317,14.3471],[107.836,14.3476],[107.8351,14.3416],[107.8355,14.3361],[107.8385,14.3298],[107.8471,14.3288],[107.8531,14.3243],[107.858,14.3214],[107.8606,14.3249],[107.8666,14.3311],[107.8737,14.3362],[107.8751,14.3399],[107.8785,14.3442],[107.8795,14.3509],[107.8815,14.3537],[107.8835,14.3605],[107.8787,14.3649],[107.8751,14.3702],[107.8709,14.3786],[107.8697,14.383],[107.87,14.3875],[107.8712,14.3911],[107.8669,14.3927],[107.8651,14.3947],[107.8621,14.3959],[107.8632,14.4074],[107.8642,14.4132],[107.8671,14.4188],[107.8685,14.4244],[107.8717,14.4251],[107.8744,14.4245],[107.8756,14.4262],[107.8794,14.4367],[107.8807,14.4402],[107.8822,14.4504],[107.8828,14.4624],[107.8834,14.4647],[107.8865,14.4677],[107.8877,14.4703],[107.8868,14.4782],[107.8852,14.4819],[107.8848,14.4854],[107.8733,14.491],[107.8692,14.4924],[107.8682,14.4973],[107.8649,14.4993],[107.8614,14.5054],[107.8608,14.5162],[107.8617,14.5202]]]},"properties":{"ma_xa":"23534","ten_xa":"Sa Bình","sap_nhap":"Sa Nghĩa, Hơ Moong, Sa Bình","tru_so":"đang cập nhật","loai":"Xã","cap":2,"stt":84,"dtich_km2":140.32,"dan_so":16711,"matdo_km2":119.09,"ma_tinh":"51","ten_tinh":"Quảng Ngãi"}},
{"type":"Feature","geometry":{"type":"Polygon","coordinates":[[[109.0819,14.5784],[109.0817,14.5818],[109.0796,14.5846],[109.0721,14.6026],[109.0734,14.6064],[109.0708,14.6118],[109.0703,14.6152],[109.0724,14.62],[109.0691,14.6291],[109.0706,14.6331],[109.0683,14.6354],[109.067,14.6404],[109.0657,14.6493],[109.0657,14.6582],[109.0676,14.6637],[109.0716,14.6663],[109.0735,14.6665],[109.0761,14.6648],[109.0789,14.6666],[109.0817,14.6668],[109.0833,14.6686],[109.0839,14.673],[109.0803,14.6793],[109.0752,14.6902],[109.0743,14.6947],[109.0776,14.6982],[109.078,14.7019],[109.0767,14.7055],[109.0737,14.7073],[109.073,14.7107],[109.0695,14.7143],[109.0676,14.7162],[109.064,14.7121],[109.0605,14.7128],[109.0553,14.7097],[109.0526,14.7062],[109.0496,14.7059],[109.048,14.7029],[109.0444,14.7005],[109.0449,14.6959],[109.0473,14.6954],[109.0475,14.6914],[109.045,14.6917],[109.0412,14.6897],[109.0383,14.6843],[109.0324,14.6855],[109.03,14.6847],[109.0283,14.682],[109.025,14.6731],[109.0227,14.674],[109.0196,14.6733],[109.0179,14.6707],[109.0171,14.6664],[109.0166,14.6644],[109.0177,14.6602],[109.0203,14.6574],[109.0231,14.6571],[109.0247,14.6522],[109.0276,14.6508],[109.027,14.6474],[109.031,14.6465],[109.0317,14.6488],[109.0344,14.6483],[109.0368,14.6453],[109.04,14.6383],[109.043,14.636],[109.0458,14.6302],[109.0452,14.6256],[109.0425,14.6248],[109.0424,14.623],[109.0457,14.6198],[109.0463,14.6152],[109.0442,14.6115],[109.0451,14.6092],[109.0485,14.6083],[109.0482,14.6039],[109.0542,14.6029],[109.0555,14.5983],[109.0596,14.592],[109.0619,14.592],[109.0667,14.5905],[109.0715,14.5839],[109.0738,14.5823],[109.0794,14.581],[109.0819,14.5784]]]},"properties":{"ma_xa":"21478","ten_xa":"Sa Huỳnh","sap_nhap":"Phổ Thạnh, Phổ Châu ","tru_so":"đang cập nhật","loai":"Phường","cap":2,"stt":10,"dtich_km2":49.95,"dan_so":32396,"matdo_km2":648.57,"ma_tinh":"51","ten_tinh":"Quảng Ngãi"}},
{"type":"Feature","geometry":{"type":"Polygon","coordinates":[[[107.7402,14.6695],[107.7324,14.6723],[107.7299,14.6725],[107.7229,14.6754],[107.7203,14.6796],[107.7172,14.6812],[107.7166,14.6838],[107.7131,14.6816],[107.7113,14.6793],[107.7083,14.6779],[107.7061,14.6782],[107.7035,14.6812],[107.703,14.6843],[107.7004,14.6846],[107.6974,14.6863],[107.6955,14.6902],[107.6904,14.693],[107.6884,14.6912],[107.6851,14.6908],[107.6843,14.6868],[107.6805,14.6825],[107.6778,14.6779],[107.6735,14.6755],[107.6707,14.6757],[107.6691,14.6779],[107.663,14.6726],[107.6613,14.6736],[107.6586,14.6726],[107.6531,14.6723],[107.6501,14.6731],[107.6489,14.6748],[107.646,14.6741],[107.6444,14.6761],[107.6418,14.6763],[107.6414,14.6716],[107.6391,14.6713],[107.6345,14.6648],[107.6338,14.6629],[107.6291,14.659],[107.629,14.6572],[107.6266,14.6551],[107.6251,14.6509],[107.6223,14.6493],[107.6219,14.6471],[107.6161,14.636],[107.611,14.6305],[107.6089,14.6297],[107.6093,14.6274],[107.6076,14.6246],[107.6031,14.6234],[107.605,14.6201],[107.6017,14.6202],[107.6003,14.6172],[107.5971,14.6161],[107.5938,14.6214],[107.5884,14.6211],[107.5821,14.6182],[107.5834,14.6158],[107.5828,14.6109],[107.5805,14.61],[107.5788,14.607],[107.5764,14.6078],[107.573,14.6063],[107.5544,14.604],[107.5534,14.6055],[107.5475,14.6065],[107.5449,14.6113],[107.5424,14.6071],[107.5385,14.6041],[107.5383,14.6025],[107.5332,14.5991],[107.5307,14.5998],[107.5288,14.598],[107.5255,14.5989],[107.5215,14.5922],[107.5224,14.59],[107.5204,14.5874],[107.5171,14.587],[107.5195,14.5821],[107.5215,14.5812],[107.5231,14.5772],[107.5236,14.5731],[107.5221,14.5724],[107.5234,14.5669],[107.5227,14.5657],[107.5254,14.5631],[107.5248,14.5614],[107.529,14.56],[107.532,14.556],[107.5316,14.5529],[107.5298,14.5514],[107.5291,14.5454],[107.5262,14.5439],[107.5278,14.5389],[107.5273,14.5369],[107.525,14.5348],[107.5254,14.5323],[107.5234,14.5317],[107.5219,14.5293],[107.5224,14.5259],[107.5237,14.5235],[107.5214,14.5198],[107.5189,14.5182],[107.5185,14.5153],[107.5148,14.512],[107.5165,14.5107],[107.5182,14.5068],[107.5222,14.5065],[107.5233,14.5051],[107.522,14.5021],[107.5326,14.5063],[107.5378,14.5073],[107.5433,14.5097],[107.5441,14.507],[107.5476,14.5068],[107.5507,14.5055],[107.5542,14.5056],[107.5579,14.5122],[107.562,14.5109],[107.5744,14.5125],[107.5849,14.5146],[107.5863,14.5156],[107.5876,14.5194],[107.5952,14.5193],[107.599,14.5205],[107.6037,14.5257],[107.608,14.5268],[107.6094,14.5292],[107.6162,14.5299],[107.6498,14.5325],[107.6544,14.5336],[107.6547,14.5352],[107.6594,14.5403],[107.6589,14.5423],[107.6622,14.5527],[107.6602,14.5549],[107.6643,14.5611],[107.6635,14.5653],[107.6654,14.5656],[107.6678,14.5691],[107.6714,14.5695],[107.6708,14.5722],[107.6739,14.5779],[107.6733,14.58],[107.6752,14.5833],[107.6786,14.583],[107.6801,14.5854],[107.6824,14.5845],[107.6887,14.5845],[107.6985,14.5892],[107.7036,14.5884],[107.7065,14.5857],[107.7115,14.5835],[107.7165,14.5828],[107.7219,14.5847],[107.7245,14.5849],[107.7284,14.5866],[107.7297,14.5883],[107.7337,14.5891],[107.7372,14.5957],[107.7398,14.5963],[107.7429,14.5953],[107.747,14.5971],[107.7508,14.6041],[107.7504,14.6049],[107.7531,14.6118],[107.759,14.6132],[107.7565,14.6167],[107.7498,14.6204],[107.749,14.6242],[107.7469,14.628],[107.7472,14.6304],[107.7418,14.6327],[107.738,14.6351],[107.7398,14.6368],[107.7374,14.6424],[107.7435,14.6463],[107.7466,14.6507],[107.7474,14.656],[107.7485,14.6575],[107.7432,14.6603],[107.743,14.6666],[107.7402,14.6695]]]},"properties":{"ma_xa":"23392","ten_xa":"Sa Loong","sap_nhap":"Đăk Kan, Sa Loong ","tru_so":"đang cập nhật","loai":"Xã","cap":2,"stt":76,"dtich_km2":275.26,"dan_so":12676,"matdo_km2":46.05,"ma_tinh":"51","ten_tinh":"Quảng Ngãi"}},
{"type":"Feature","geometry":{"type":"Polygon","coordinates":[[[107.8168,14.3889],[107.8152,14.3935],[107.8123,14.3933],[107.8103,14.3956],[107.813,14.3988],[107.8109,14.4019],[107.8078,14.4017],[107.8068,14.4042],[107.8038,14.4055],[107.8025,14.409],[107.7972,14.4176],[107.7957,14.4186],[107.795,14.4238],[107.7955,14.4261],[107.7993,14.4274],[107.8021,14.4309],[107.8029,14.4344],[107.8134,14.44],[107.8152,14.4421],[107.8196,14.4451],[107.8157,14.4496],[107.8132,14.4549],[107.8123,14.4637],[107.8133,14.4683],[107.8175,14.4717],[107.8141,14.4793],[107.8134,14.4859],[107.811,14.4894],[107.8103,14.4926],[107.8058,14.4965],[107.8054,14.4985],[107.8068,14.5013],[107.8074,14.5049],[107.8051,14.5085],[107.8043,14.5116],[107.789,14.5046],[107.7844,14.5039],[107.7797,14.5011],[107.773,14.5022],[107.7703,14.4995],[107.7664,14.499],[107.7651,14.4975],[107.7669,14.4953],[107.7643,14.4908],[107.7632,14.4873],[107.76,14.4846],[107.7554,14.4819],[107.7521,14.4831],[107.7486,14.4778],[107.7451,14.4795],[107.7395,14.4764],[107.7361,14.4762],[107.736,14.4709],[107.7349,14.4618],[107.7316,14.4606],[107.7308,14.4574],[107.726,14.4513],[107.7225,14.4507],[107.7201,14.4534],[107.7194,14.456],[107.7158,14.46],[107.6973,14.462],[107.7005,14.4591],[107.7025,14.4518],[107.7005,14.4464],[107.7012,14.4452],[107.6984,14.4418],[107.7036,14.4379],[107.7062,14.4335],[107.7049,14.4292],[107.7024,14.4259],[107.6961,14.4234],[107.6968,14.4209],[107.6995,14.4204],[107.7045,14.4176],[107.7081,14.4119],[107.7105,14.4094],[107.7184,14.4043],[107.7191,14.4018],[107.7199,14.3906],[107.7227,14.3833],[107.7212,14.3809],[107.7235,14.3782],[107.7266,14.3788],[107.7331,14.3781],[107.735,14.3744],[107.7357,14.3702],[107.7398,14.366],[107.746,14.3701],[107.7545,14.3704],[107.7583,14.3717],[107.7629,14.3701],[107.7682,14.3697],[107.7735,14.3715],[107.7814,14.3732],[107.7816,14.3709],[107.7857,14.3697],[107.7903,14.3697],[107.795,14.3686],[107.8005,14.3738],[107.8024,14.3765],[107.8053,14.3757],[107.8068,14.3813],[107.8106,14.3828],[107.8139,14.3819],[107.8157,14.3833],[107.8168,14.3889]]]},"properties":{"ma_xa":"23527","ten_xa":"Sa Thầy","sap_nhap":"Sa Thầy, Sa Sơn, Sa Nhơn","tru_so":"đang cập nhật","loai":"Xã","cap":2,"stt":83,"dtich_km2":137.89,"dan_so":19965,"matdo_km2":144.79,"ma_tinh":"51","ten_tinh":"Quảng Ngãi"}},
{"type":"Feature","geometry":{"type":"Polygon","coordinates":[[[108.4996,15.1107],[108.4982,15.1077],[108.4926,15.1056],[108.4887,15.1057],[108.485,15.1068],[108.4784,15.1113],[108.4752,15.1095],[108.4739,15.1063],[108.4703,15.1039],[108.4678,15.1033],[108.4638,15.1044],[108.4634,15.1062],[108.4607,15.1086],[108.4544,15.1091],[108.4494,15.1065],[108.4477,15.1041],[108.4425,15.1037],[108.4336,15.1041],[108.4316,15.1023],[108.4304,15.0989],[108.4272,15.093],[108.4239,15.0914],[108.4218,15.0893],[108.419,15.0899],[108.4116,15.0843],[108.4095,15.0853],[108.4041,15.0818],[108.4016,15.084],[108.3975,15.0853],[108.3949,15.085],[108.386,15.0908],[108.3825,15.091],[108.3807,15.094],[108.3781,15.0957],[108.3742,15.0958],[108.3704,15.0997],[108.3685,15.0989],[108.3647,15.1006],[108.3628,15.1004],[108.3557,15.0925],[108.3581,15.0896],[108.3577,15.0851],[108.3537,15.0837],[108.3509,15.0859],[108.3493,15.0835],[108.3471,15.0829],[108.339,15.0843],[108.336,15.0808],[108.3309,15.0763],[108.3278,15.0772],[108.3254,15.0767],[108.3229,15.0742],[108.3199,15.074],[108.3232,15.0714],[108.3239,15.0649],[108.3269,15.0641],[108.3282,15.0619],[108.3336,15.0571],[108.3344,15.0536],[108.3391,15.0524],[108.3407,15.0506],[108.3441,15.0491],[108.3491,15.0498],[108.35,15.051],[108.3556,15.0528],[108.3568,15.0546],[108.3606,15.0541],[108.3627,15.0553],[108.3667,15.0538],[108.3733,15.0498],[108.376,15.0467],[108.3809,15.0471],[108.3835,15.0449],[108.3871,15.0432],[108.389,15.0387],[108.3956,15.0312],[108.4001,15.0312],[108.4023,15.0281],[108.4064,15.0263],[108.4126,15.0191],[108.417,15.0177],[108.417,15.015],[108.4128,15.0085],[108.4143,15.0044],[108.4133,15.0002],[108.4158,14.9967],[108.4168,14.9918],[108.4189,14.9883],[108.4198,14.9809],[108.4253,14.9782],[108.4269,14.9736],[108.4274,14.9689],[108.4312,14.9662],[108.4321,14.9621],[108.4309,14.9584],[108.4332,14.9535],[108.4368,14.9525],[108.4402,14.9554],[108.4424,14.956],[108.443,14.9588],[108.4458,14.9596],[108.4478,14.9568],[108.453,14.9468],[108.4547,14.9419],[108.459,14.9401],[108.4619,14.9397],[108.4659,14.9413],[108.4649,14.9446],[108.4707,14.9411],[108.4765,14.9472],[108.4762,14.9493],[108.4737,14.9527],[108.4763,14.9567],[108.4744,14.9593],[108.4714,14.9596],[108.4712,14.9624],[108.4696,14.9663],[108.4679,14.9671],[108.4702,14.9723],[108.4701,14.9748],[108.4734,14.9772],[108.477,14.9826],[108.4773,14.9879],[108.4759,14.9936],[108.4757,14.9996],[108.4765,15.001],[108.4659,15.0119],[108.466,15.0174],[108.4673,15.0229],[108.4694,15.0254],[108.4653,15.0278],[108.4707,15.0317],[108.4703,15.0334],[108.4731,15.0355],[108.4747,15.0342],[108.4841,15.0306],[108.4864,15.0339],[108.4903,15.034],[108.4954,15.033],[108.4996,15.0351],[108.5041,15.0317],[108.5038,15.0368],[108.5027,15.0403],[108.5032,15.0432],[108.4978,15.048],[108.4992,15.0537],[108.4977,15.0566],[108.4972,15.0598],[108.5011,15.0633],[108.5024,15.0676],[108.4999,15.0709],[108.5032,15.0752],[108.5046,15.0795],[108.5046,15.0828],[108.5083,15.0855],[108.51,15.0879],[108.5057,15.0931],[108.5052,15.0978],[108.4997,15.1035],[108.5013,15.1082],[108.4996,15.1107]]]},"properties":{"ma_xa":"21289","ten_xa":"Sơn Hà","sap_nhap":"Di Lăng, Sơn Bao, Sơn Thượng ","tru_so":"đang cập nhật","loai":"Xã","cap":2,"stt":40,"dtich_km2":163.44,"dan_so":20326,"matdo_km2":124.36,"ma_tinh":"51","ten_tinh":"Quảng Ngãi"}},
{"type":"Feature","geometry":{"type":"Polygon","coordinates":[[[108.5784,15.1574],[108.5694,15.1609],[108.5652,15.1596],[108.5619,15.1549],[108.5506,15.1419],[108.541,15.1382],[108.5359,15.1321],[108.5326,15.1311],[108.5268,15.1277],[108.5232,15.1278],[108.5228,15.124],[108.5214,15.1199],[108.5214,15.1166],[108.5186,15.1164],[108.5144,15.1177],[108.5101,15.1173],[108.507,15.1159],[108.5033,15.1173],[108.5018,15.1137],[108.4996,15.1107],[108.5013,15.1082],[108.4997,15.1035],[108.5052,15.0978],[108.5057,15.0931],[108.51,15.0879],[108.5083,15.0855],[108.5046,15.0828],[108.5046,15.0795],[108.5032,15.0752],[108.4999,15.0709],[108.5024,15.0676],[108.5011,15.0633],[108.4972,15.0598],[108.4977,15.0566],[108.4992,15.0537],[108.4978,15.048],[108.5032,15.0432],[108.5027,15.0403],[108.5038,15.0368],[108.5041,15.0317],[108.5064,15.0275],[108.5079,15.0277],[108.5115,15.0296],[108.5146,15.0288],[108.5192,15.0334],[108.519,15.0355],[108.5248,15.0411],[108.5277,15.0425],[108.5298,15.041],[108.5329,15.0433],[108.5333,15.0471],[108.5405,15.0541],[108.5399,15.0579],[108.5427,15.0611],[108.5485,15.0604],[108.5507,15.0617],[108.553,15.0652],[108.553,15.0674],[108.5583,15.0695],[108.5618,15.0743],[108.5628,15.0711],[108.5659,15.0718],[108.5669,15.0801],[108.568,15.0817],[108.574,15.0849],[108.58,15.0858],[108.5818,15.0875],[108.5869,15.0832],[108.5916,15.0827],[108.5931,15.0815],[108.5934,15.0763],[108.5901,15.0756],[108.5901,15.0737],[108.5858,15.0631],[108.5903,15.0602],[108.5909,15.0554],[108.5904,15.0477],[108.5951,15.0454],[108.6037,15.0396],[108.6058,15.0373],[108.6088,15.0381],[108.6127,15.0349],[108.6155,15.0291],[108.618,15.0265],[108.62,15.026],[108.6219,15.0205],[108.624,15.0193],[108.6242,15.0172],[108.6267,15.0149],[108.6337,15.0133],[108.6407,15.0168],[108.6415,15.0213],[108.6407,15.0236],[108.6425,15.0271],[108.6446,15.0277],[108.646,15.0297],[108.6454,15.0323],[108.6462,15.0356],[108.6454,15.04],[108.6403,15.0423],[108.6419,15.0472],[108.6452,15.0496],[108.6485,15.05],[108.6501,15.0614],[108.6513,15.0633],[108.6558,15.0654],[108.659,15.0712],[108.6564,15.0738],[108.6561,15.0767],[108.6541,15.0819],[108.6498,15.0844],[108.648,15.0925],[108.6491,15.0943],[108.648,15.0968],[108.6433,15.0978],[108.6426,15.1017],[108.641,15.1027],[108.6422,15.11],[108.64,15.112],[108.6391,15.1155],[108.6344,15.1195],[108.6288,15.1215],[108.6244,15.1249],[108.6237,15.1265],[108.6208,15.1272],[108.6151,15.1267],[108.6033,15.1287],[108.5992,15.1303],[108.5964,15.1302],[108.5926,15.1334],[108.5894,15.1343],[108.5893,15.1378],[108.5875,15.1413],[108.5836,15.1466],[108.5765,15.1502],[108.5763,15.1547],[108.5784,15.1574]]]},"properties":{"ma_xa":"21292","ten_xa":"Sơn Hạ","sap_nhap":"Sơn Thành, Sơn Nham, Sơn Hạ","tru_so":"đang cập nhật","loai":"Xã","cap":2,"stt":38,"dtich_km2":154.29,"dan_so":24775,"matdo_km2":160.57,"ma_tinh":"51","ten_tinh":"Quảng Ngãi"}},
{"type":"Feature","geometry":{"type":"Polygon","coordinates":[[[108.5963,14.9173],[108.5946,14.924],[108.5914,14.9261],[108.591,14.9288],[108.5887,14.932],[108.5853,14.9328],[108.5774,14.933],[108.5745,14.931],[108.57,14.9315],[108.57,14.9278],[108.5687,14.9254],[108.5701,14.923],[108.5718,14.9171],[108.5644,14.912],[108.5597,14.9114],[108.5587,14.9131],[108.5534,14.9167],[108.5468,14.9107],[108.5431,14.9113],[108.5421,14.9075],[108.5389,14.9044],[108.5388,14.9027],[108.5351,14.9023],[108.5326,14.9041],[108.5313,14.9073],[108.5286,14.9104],[108.5259,14.9107],[108.5256,14.908],[108.527,14.9046],[108.5239,14.9007],[108.5222,14.9012],[108.5204,14.9047],[108.517,14.906],[108.5108,14.9051],[108.5075,14.9011],[108.5045,14.9003],[108.5033,14.9029],[108.4996,14.905],[108.4956,14.909],[108.4937,14.9095],[108.4845,14.9092],[108.4841,14.9117],[108.4796,14.9155],[108.4761,14.9143],[108.4733,14.9149],[108.4747,14.9056],[108.4766,14.9031],[108.4723,14.8964],[108.4692,14.8937],[108.4695,14.8917],[108.4723,14.8889],[108.472,14.8851],[108.4654,14.8865],[108.4635,14.8876],[108.4604,14.8862],[108.456,14.8858],[108.4536,14.8838],[108.456,14.8807],[108.4548,14.8781],[108.4545,14.8744],[108.4511,14.8739],[108.4494,14.8721],[108.4493,14.8659],[108.4453,14.8614],[108.4454,14.8554],[108.4421,14.8524],[108.4368,14.8524],[108.4339,14.8508],[108.4271,14.8504],[108.4247,14.8457],[108.4202,14.8442],[108.4189,14.8368],[108.4143,14.8324],[108.4107,14.8322],[108.4051,14.8294],[108.4072,14.8242],[108.4064,14.8219],[108.403,14.823],[108.4054,14.8199],[108.409,14.8188],[108.4133,14.8162],[108.4243,14.8181],[108.4302,14.8161],[108.4299,14.8123],[108.4319,14.8098],[108.4357,14.808],[108.4354,14.8058],[108.4411,14.8028],[108.4438,14.8037],[108.4488,14.8029],[108.4525,14.8014],[108.4567,14.7904],[108.4615,14.7902],[108.4635,14.7915],[108.4694,14.7931],[108.4716,14.7929],[108.4938,14.8012],[108.4995,14.8064],[108.5025,14.8077],[108.5063,14.8048],[108.5087,14.8085],[108.5129,14.8091],[108.5177,14.8077],[108.5238,14.8093],[108.5264,14.8082],[108.5325,14.8091],[108.5343,14.8105],[108.5388,14.81],[108.544,14.8159],[108.5511,14.8119],[108.5531,14.8102],[108.5576,14.8039],[108.5603,14.8053],[108.5657,14.8032],[108.5683,14.8036],[108.575,14.8071],[108.5804,14.8085],[108.5839,14.8076],[108.5894,14.8078],[108.5975,14.8091],[108.5954,14.8096],[108.5931,14.8141],[108.594,14.8159],[108.5917,14.8208],[108.5874,14.8265],[108.5872,14.8299],[108.5855,14.8321],[108.5861,14.8357],[108.5835,14.8371],[108.5876,14.8398],[108.5901,14.8428],[108.5946,14.8461],[108.5981,14.8468],[108.6016,14.8501],[108.6035,14.8495],[108.602,14.8528],[108.598,14.8559],[108.5957,14.8598],[108.5938,14.8611],[108.5931,14.8649],[108.5903,14.8677],[108.5913,14.8712],[108.5918,14.8802],[108.5937,14.8851],[108.5929,14.8878],[108.5901,14.8918],[108.5839,14.8953],[108.5776,14.9008],[108.5765,14.9033],[108.5765,14.9067],[108.5789,14.9086],[108.585,14.9105],[108.5867,14.9131],[108.5928,14.9141],[108.5933,14.9164],[108.5963,14.9173]]]},"properties":{"ma_xa":"21325","ten_xa":"Sơn Kỳ","sap_nhap":"Sơn Ba, Sơn Kỳ ","tru_so":"đang cập nhật","loai":"Xã","cap":2,"stt":42,"dtich_km2":188.07,"dan_so":12070,"matdo_km2":64.18,"ma_tinh":"51","ten_tinh":"Quảng Ngãi"}},
{"type":"Feature","geometry":{"type":"Polygon","coordinates":[[[108.6446,15.0277],[108.6425,15.0271],[108.6407,15.0236],[108.6415,15.0213],[108.6407,15.0168],[108.6337,15.0133],[108.6267,15.0149],[108.6242,15.0172],[108.624,15.0193],[108.6219,15.0205],[108.62,15.026],[108.618,15.0265],[108.6155,15.0291],[108.6127,15.0349],[108.6088,15.0381],[108.6058,15.0373],[108.6037,15.0396],[108.5951,15.0454],[108.5904,15.0477],[108.5909,15.0554],[108.5903,15.0602],[108.5858,15.0631],[108.5901,15.0737],[108.5901,15.0756],[108.5934,15.0763],[108.5931,15.0815],[108.5916,15.0827],[108.5869,15.0832],[108.5818,15.0875],[108.58,15.0858],[108.574,15.0849],[108.568,15.0817],[108.5669,15.0801],[108.5659,15.0718],[108.5628,15.0711],[108.5618,15.0743],[108.5583,15.0695],[108.553,15.0674],[108.553,15.0652],[108.5507,15.0617],[108.5485,15.0604],[108.5427,15.0611],[108.5399,15.0579],[108.5405,15.0541],[108.5333,15.0471],[108.5329,15.0433],[108.5298,15.041],[108.5277,15.0425],[108.5248,15.0411],[108.519,15.0355],[108.5192,15.0334],[108.5146,15.0288],[108.5115,15.0296],[108.5079,15.0277],[108.5101,15.0202],[108.514,15.0184],[108.5168,15.016],[108.5173,15.014],[108.5207,15.0084],[108.5242,15.0038],[108.5281,15.0004],[108.5285,14.9977],[108.527,14.9884],[108.529,14.9867],[108.5292,14.983],[108.5283,14.9755],[108.529,14.9704],[108.5306,14.9645],[108.5346,14.9613],[108.5356,14.9571],[108.5407,14.9535],[108.5446,14.9524],[108.5481,14.945],[108.5469,14.9414],[108.5475,14.9365],[108.5509,14.9323],[108.555,14.9295],[108.563,14.9286],[108.565,14.9302],[108.57,14.9315],[108.5745,14.931],[108.5774,14.933],[108.5853,14.9328],[108.5887,14.932],[108.591,14.9288],[108.5914,14.9261],[108.5946,14.924],[108.5963,14.9173],[108.5982,14.9199],[108.6005,14.9205],[108.6078,14.925],[108.606,14.9278],[108.6118,14.9329],[108.6146,14.9339],[108.6128,14.9394],[108.6098,14.9413],[108.6087,14.9444],[108.6102,14.9479],[108.6092,14.9536],[108.6093,14.9599],[108.6162,14.966],[108.6192,14.9664],[108.6204,14.9684],[108.6229,14.9769],[108.6268,14.9807],[108.6324,14.9844],[108.6327,14.9865],[108.6371,14.9932],[108.6396,14.9956],[108.6454,14.9973],[108.6489,14.9969],[108.6548,14.9948],[108.6558,14.9968],[108.6541,15.0036],[108.6526,15.0139],[108.649,15.0169],[108.6489,15.0221],[108.6449,15.0263],[108.6446,15.0277]]]},"properties":{"ma_xa":"21307","ten_xa":"Sơn Linh","sap_nhap":"Sơn Giang, Sơn Cao, Sơn Linh ","tru_so":"đang cập nhật","loai":"Xã","cap":2,"stt":39,"dtich_km2":126.7,"dan_so":17139,"matdo_km2":135.27,"ma_tinh":"51","ten_tinh":"Quảng Ngãi"}},
{"type":"Feature","geometry":{"type":"Polygon","coordinates":[[[108.7522,14.9941],[108.7531,14.9982],[108.7509,15.0054],[108.748,15.0091],[108.7459,15.0171],[108.7398,15.0134],[108.7369,15.0139],[108.7339,15.0127],[108.7302,15.0157],[108.7284,15.0133],[108.7246,15.0115],[108.7225,15.0123],[108.7185,15.0155],[108.7158,15.0205],[108.7143,15.0219],[108.7125,15.0288],[108.7063,15.0297],[108.704,15.0345],[108.7035,15.0393],[108.6972,15.0414],[108.6945,15.0455],[108.691,15.0439],[108.688,15.0406],[108.6854,15.0362],[108.6804,15.0371],[108.6776,15.0362],[108.6729,15.0321],[108.6712,15.0321],[108.6673,15.0232],[108.6618,15.0233],[108.6568,15.0204],[108.6513,15.0218],[108.6468,15.0266],[108.6446,15.0277],[108.6449,15.0263],[108.6489,15.0221],[108.649,15.0169],[108.6526,15.0139],[108.6541,15.0036],[108.6558,14.9968],[108.6548,14.9948],[108.6489,14.9969],[108.6454,14.9973],[108.6396,14.9956],[108.6371,14.9932],[108.6327,14.9865],[108.6324,14.9844],[108.6268,14.9807],[108.6229,14.9769],[108.6204,14.9684],[108.6264,14.9663],[108.6294,14.9625],[108.6248,14.9576],[108.6256,14.9555],[108.6294,14.9535],[108.6331,14.9581],[108.6353,14.9571],[108.6406,14.957],[108.64,14.96],[108.6409,14.9637],[108.6464,14.9644],[108.6475,14.9701],[108.6508,14.9709],[108.6557,14.9689],[108.6567,14.9671],[108.6621,14.9618],[108.6646,14.9602],[108.6701,14.9618],[108.6752,14.9572],[108.6772,14.9543],[108.6803,14.9517],[108.6839,14.9498],[108.6855,14.9476],[108.6846,14.9429],[108.692,14.9358],[108.6967,14.9342],[108.6956,14.9324],[108.698,14.9308],[108.7032,14.9395],[108.7091,14.9418],[108.7125,14.9448],[108.7189,14.9451],[108.7212,14.9442],[108.7229,14.947],[108.7273,14.9466],[108.7288,14.9452],[108.7409,14.9435],[108.7434,14.9485],[108.7496,14.9519],[108.753,14.9502],[108.7574,14.9605],[108.7578,14.9641],[108.7514,14.9682],[108.7484,14.9696],[108.7465,14.9736],[108.7482,14.9774],[108.7544,14.9796],[108.7568,14.9816],[108.76,14.981],[108.7624,14.9791],[108.7706,14.9785],[108.7721,14.9825],[108.7703,14.9856],[108.7661,14.9891],[108.7599,14.9914],[108.7549,14.9919],[108.7522,14.9941]]]},"properties":{"ma_xa":"21349","ten_xa":"Sơn Mai","sap_nhap":"Long Mai, Long Sơn","tru_so":"đang cập nhật","loai":"Xã","cap":2,"stt":47,"dtich_km2":112.56,"dan_so":9892,"matdo_km2":87.88,"ma_tinh":"51","ten_tinh":"Quảng Ngãi"}},
{"type":"Feature","geometry":{"type":"Polygon","coordinates":[[[108.4168,14.9918],[108.4158,14.9967],[108.4133,15.0002],[108.4143,15.0044],[108.4128,15.0085],[108.417,15.015],[108.417,15.0177],[108.4126,15.0191],[108.4064,15.0263],[108.4023,15.0281],[108.4001,15.0312],[108.3956,15.0312],[108.389,15.0387],[108.3871,15.0432],[108.3835,15.0449],[108.3809,15.0471],[108.376,15.0467],[108.3733,15.0498],[108.3667,15.0538],[108.3627,15.0553],[108.3606,15.0541],[108.3568,15.0546],[108.3556,15.0528],[108.35,15.051],[108.3534,15.0461],[108.3536,15.0411],[108.3547,15.0369],[108.3549,15.0279],[108.3601,15.0285],[108.3638,15.0275],[108.3671,15.0254],[108.3714,15.0216],[108.3743,15.0181],[108.37,15.0165],[108.3651,15.0157],[108.3635,15.0143],[108.3605,15.009],[108.3543,15.0068],[108.3479,15.009],[108.3457,15.0089],[108.3425,15.0103],[108.3381,15.0104],[108.3329,15.0127],[108.3275,15.0085],[108.3273,15.0063],[108.3246,15.0052],[108.3214,15.0055],[108.3192,15.0038],[108.3114,14.9996],[108.3104,14.9935],[108.3088,14.9917],[108.311,14.989],[108.3107,14.9857],[108.3069,14.985],[108.3014,14.978],[108.3012,14.9744],[108.2973,14.9715],[108.2944,14.9674],[108.2913,14.9667],[108.2859,14.9624],[108.2912,14.9608],[108.298,14.9576],[108.3011,14.9547],[108.3033,14.9511],[108.3082,14.949],[108.3093,14.9472],[108.3127,14.9459],[108.3158,14.9393],[108.3141,14.935],[108.3167,14.9333],[108.3177,14.9305],[108.32,14.9281],[108.3198,14.9241],[108.3215,14.921],[108.3191,14.9184],[108.3212,14.9166],[108.3209,14.9135],[108.3225,14.9121],[108.3281,14.9097],[108.3303,14.9105],[108.3362,14.9077],[108.3384,14.9081],[108.3397,14.9055],[108.3441,14.9008],[108.346,14.8975],[108.349,14.8978],[108.3508,14.895],[108.3504,14.8889],[108.3496,14.887],[108.3498,14.8826],[108.3526,14.8792],[108.3546,14.8782],[108.3614,14.8829],[108.3641,14.8819],[108.3662,14.8788],[108.3655,14.8769],[108.3682,14.874],[108.3682,14.8725],[108.3713,14.8782],[108.374,14.8788],[108.3785,14.8829],[108.379,14.8848],[108.383,14.8865],[108.3888,14.8863],[108.3944,14.8891],[108.4005,14.8896],[108.4047,14.8887],[108.4034,14.8915],[108.4005,14.8949],[108.3956,14.8974],[108.3924,14.8978],[108.391,14.9],[108.3876,14.9011],[108.3858,14.9028],[108.3863,14.9074],[108.3808,14.9123],[108.3776,14.9183],[108.375,14.9189],[108.3729,14.9258],[108.3738,14.9274],[108.3733,14.9343],[108.3736,14.9383],[108.3718,14.9396],[108.3709,14.9445],[108.3718,14.9466],[108.371,14.9499],[108.373,14.9572],[108.3747,14.9603],[108.373,14.9622],[108.3726,14.9652],[108.3679,14.9747],[108.3719,14.9764],[108.3724,14.9797],[108.3744,14.9811],[108.3784,14.9801],[108.3821,14.9822],[108.3828,14.9846],[108.389,14.9841],[108.3914,14.9875],[108.3937,14.9875],[108.3997,14.9908],[108.4038,14.9905],[108.4057,14.9927],[108.4129,14.9933],[108.4168,14.9918]]]},"properties":{"ma_xa":"21340","ten_xa":"Sơn Tây","sap_nhap":"Sơn Long, Sơn Tân, Sơn Dung ","tru_so":"đang cập nhật","loai":"Xã","cap":2,"stt":43,"dtich_km2":127.06,"dan_so":9832,"matdo_km2":77.38,"ma_tinh":"51","ten_tinh":"Quảng Ngãi"}},
{"type":"Feature","geometry":{"type":"Polygon","coordinates":[[[108.4168,14.9918],[108.4129,14.9933],[108.4057,14.9927],[108.4038,14.9905],[108.3997,14.9908],[108.3937,14.9875],[108.3914,14.9875],[108.389,14.9841],[108.3828,14.9846],[108.3821,14.9822],[108.3784,14.9801],[108.3744,14.9811],[108.3724,14.9797],[108.3719,14.9764],[108.3679,14.9747],[108.3726,14.9652],[108.373,14.9622],[108.3747,14.9603],[108.373,14.9572],[108.371,14.9499],[108.3718,14.9466],[108.3709,14.9445],[108.3718,14.9396],[108.3736,14.9383],[108.3733,14.9343],[108.3738,14.9274],[108.3729,14.9258],[108.375,14.9189],[108.3776,14.9183],[108.3808,14.9123],[108.3863,14.9074],[108.3858,14.9028],[108.3876,14.9011],[108.391,14.9],[108.3924,14.8978],[108.3956,14.8974],[108.4005,14.8949],[108.4034,14.8915],[108.4047,14.8887],[108.4005,14.8896],[108.3944,14.8891],[108.3888,14.8863],[108.383,14.8865],[108.379,14.8848],[108.3785,14.8829],[108.374,14.8788],[108.3713,14.8782],[108.3682,14.8725],[108.369,14.8711],[108.3675,14.8681],[108.3706,14.8654],[108.371,14.8611],[108.3724,14.8565],[108.3743,14.8555],[108.3753,14.8493],[108.3777,14.8448],[108.3816,14.8437],[108.3824,14.8394],[108.3845,14.836],[108.3878,14.835],[108.3913,14.8323],[108.3945,14.8268],[108.3975,14.8244],[108.403,14.823],[108.4064,14.8219],[108.4072,14.8242],[108.4051,14.8294],[108.4107,14.8322],[108.4143,14.8324],[108.4189,14.8368],[108.4202,14.8442],[108.4247,14.8457],[108.4271,14.8504],[108.4339,14.8508],[108.4368,14.8524],[108.4421,14.8524],[108.4454,14.8554],[108.4453,14.8614],[108.4493,14.8659],[108.4494,14.8721],[108.4511,14.8739],[108.4545,14.8744],[108.4548,14.8781],[108.456,14.8807],[108.4536,14.8838],[108.456,14.8858],[108.4604,14.8862],[108.4635,14.8876],[108.4654,14.8865],[108.472,14.8851],[108.4723,14.8889],[108.4695,14.8917],[108.4692,14.8937],[108.4723,14.8964],[108.4766,14.9031],[108.4747,14.9056],[108.4733,14.9149],[108.4761,14.9143],[108.4796,14.9155],[108.4813,14.9197],[108.4776,14.9202],[108.4743,14.9245],[108.4723,14.93],[108.4769,14.9334],[108.4783,14.9386],[108.4817,14.9413],[108.4805,14.944],[108.4765,14.9472],[108.4707,14.9411],[108.4649,14.9446],[108.4659,14.9413],[108.4619,14.9397],[108.459,14.9401],[108.4547,14.9419],[108.453,14.9468],[108.4478,14.9568],[108.4458,14.9596],[108.443,14.9588],[108.4424,14.956],[108.4402,14.9554],[108.4368,14.9525],[108.4332,14.9535],[108.4309,14.9584],[108.4321,14.9621],[108.4312,14.9662],[108.4274,14.9689],[108.4269,14.9736],[108.4253,14.9782],[108.4198,14.9809],[108.4189,14.9883],[108.4168,14.9918]]]},"properties":{"ma_xa":"21343","ten_xa":"Sơn Tây Hạ","sap_nhap":"Sơn Tinh, Sơn Lập, Sơn Màu","tru_so":"đang cập nhật","loai":"Xã","cap":2,"stt":45,"dtich_km2":136.15,"dan_so":5690,"matdo_km2":41.79,"ma_tinh":"51","ten_tinh":"Quảng Ngãi"}},
{"type":"Feature","geometry":{"type":"Polygon","coordinates":[[[108.3199,15.074],[108.3161,15.0761],[108.3138,15.0758],[108.3089,15.0796],[108.3068,15.0838],[108.3057,15.0898],[108.3039,15.0919],[108.2995,15.0918],[108.299,15.0944],[108.2952,15.097],[108.2924,15.1028],[108.2901,15.1045],[108.2879,15.108],[108.2857,15.1075],[108.2816,15.111],[108.2782,15.1108],[108.276,15.1091],[108.2697,15.1111],[108.2687,15.1134],[108.2644,15.1153],[108.2603,15.1183],[108.2571,15.1151],[108.2574,15.1076],[108.2595,15.1059],[108.2597,15.1027],[108.2585,15.1012],[108.2591,15.0973],[108.2562,15.0932],[108.2574,15.0908],[108.2539,15.0878],[108.2511,15.0843],[108.2452,15.0833],[108.2418,15.0805],[108.235,15.0783],[108.2365,15.0742],[108.2406,15.0694],[108.242,15.0649],[108.2402,15.0577],[108.2398,15.0535],[108.2381,15.051],[108.2383,15.0469],[108.2398,15.0461],[108.243,15.0421],[108.2427,15.039],[108.2385,15.0321],[108.241,15.0303],[108.2454,15.0298],[108.2465,15.0278],[108.2501,15.0262],[108.2484,15.0225],[108.2518,15.022],[108.2537,15.0198],[108.2513,15.0169],[108.2511,15.0145],[108.2549,15.0053],[108.2571,15.0052],[108.2599,15.0031],[108.2608,15.0001],[108.2631,14.9981],[108.2647,14.9885],[108.2666,14.987],[108.269,14.9818],[108.2721,14.9831],[108.2747,14.9809],[108.2766,14.9774],[108.2807,14.9774],[108.2836,14.9737],[108.2827,14.9659],[108.2859,14.9624],[108.2913,14.9667],[108.2944,14.9674],[108.2973,14.9715],[108.3012,14.9744],[108.3014,14.978],[108.3069,14.985],[108.3107,14.9857],[108.311,14.989],[108.3088,14.9917],[108.3104,14.9935],[108.3114,14.9996],[108.3192,15.0038],[108.3214,15.0055],[108.3246,15.0052],[108.3273,15.0063],[108.3275,15.0085],[108.3329,15.0127],[108.3381,15.0104],[108.3425,15.0103],[108.3457,15.0089],[108.3479,15.009],[108.3543,15.0068],[108.3605,15.009],[108.3635,15.0143],[108.3651,15.0157],[108.37,15.0165],[108.3743,15.0181],[108.3714,15.0216],[108.3671,15.0254],[108.3638,15.0275],[108.3601,15.0285],[108.3549,15.0279],[108.3547,15.0369],[108.3536,15.0411],[108.3534,15.0461],[108.35,15.051],[108.3491,15.0498],[108.3441,15.0491],[108.3407,15.0506],[108.3391,15.0524],[108.3344,15.0536],[108.3336,15.0571],[108.3282,15.0619],[108.3269,15.0641],[108.3239,15.0649],[108.3232,15.0714],[108.3199,15.074]]]},"properties":{"ma_xa":"21334","ten_xa":"Sơn Tây Thượng","sap_nhap":"Sơn Mùa, Sơn Liên, Sơn Bua","tru_so":"đang cập nhật","loai":"Xã","cap":2,"stt":44,"dtich_km2":122.43,"dan_so":7421,"matdo_km2":60.61,"ma_tinh":"51","ten_tinh":"Quảng Ngãi"}},
{"type":"Feature","geometry":{"type":"Polygon","coordinates":[[[108.5041,15.0317],[108.4996,15.0351],[108.4954,15.033],[108.4903,15.034],[108.4864,15.0339],[108.4841,15.0306],[108.4747,15.0342],[108.4731,15.0355],[108.4703,15.0334],[108.4707,15.0317],[108.4653,15.0278],[108.4694,15.0254],[108.4673,15.0229],[108.466,15.0174],[108.4659,15.0119],[108.4765,15.001],[108.4757,14.9996],[108.4759,14.9936],[108.4773,14.9879],[108.477,14.9826],[108.4734,14.9772],[108.4701,14.9748],[108.4702,14.9723],[108.4679,14.9671],[108.4696,14.9663],[108.4712,14.9624],[108.4714,14.9596],[108.4744,14.9593],[108.4763,14.9567],[108.4737,14.9527],[108.4762,14.9493],[108.4765,14.9472],[108.4805,14.944],[108.4817,14.9413],[108.4783,14.9386],[108.4769,14.9334],[108.4723,14.93],[108.4743,14.9245],[108.4776,14.9202],[108.4813,14.9197],[108.4796,14.9155],[108.4841,14.9117],[108.4845,14.9092],[108.4937,14.9095],[108.4956,14.909],[108.4996,14.905],[108.5033,14.9029],[108.5045,14.9003],[108.5075,14.9011],[108.5108,14.9051],[108.517,14.906],[108.5204,14.9047],[108.5222,14.9012],[108.5239,14.9007],[108.527,14.9046],[108.5256,14.908],[108.5259,14.9107],[108.5286,14.9104],[108.5313,14.9073],[108.5326,14.9041],[108.5351,14.9023],[108.5388,14.9027],[108.5389,14.9044],[108.5421,14.9075],[108.5431,14.9113],[108.5468,14.9107],[108.5534,14.9167],[108.5587,14.9131],[108.5597,14.9114],[108.5644,14.912],[108.5718,14.9171],[108.5701,14.923],[108.5687,14.9254],[108.57,14.9278],[108.57,14.9315],[108.565,14.9302],[108.563,14.9286],[108.555,14.9295],[108.5509,14.9323],[108.5475,14.9365],[108.5469,14.9414],[108.5481,14.945],[108.5446,14.9524],[108.5407,14.9535],[108.5356,14.9571],[108.5346,14.9613],[108.5306,14.9645],[108.529,14.9704],[108.5283,14.9755],[108.5292,14.983],[108.529,14.9867],[108.527,14.9884],[108.5285,14.9977],[108.5281,15.0004],[108.5242,15.0038],[108.5207,15.0084],[108.5173,15.014],[108.5168,15.016],[108.514,15.0184],[108.5101,15.0202],[108.5079,15.0277],[108.5064,15.0275],[108.5041,15.0317]]]},"properties":{"ma_xa":"21319","ten_xa":"Sơn Thủy","sap_nhap":"Sơn Trung, Sơn Hải, Sơn Thủy","tru_so":"đang cập nhật","loai":"Xã","cap":2,"stt":41,"dtich_km2":95.77,"dan_so":12658,"matdo_km2":132.17,"ma_tinh":"51","ten_tinh":"Quảng Ngãi"}},
{"type":"Feature","geometry":{"type":"Polygon","coordinates":[[[108.7713,15.18],[108.7677,15.1817],[108.764,15.1777],[108.7592,15.1837],[108.7553,15.1873],[108.7522,15.1864],[108.7448,15.1858],[108.741,15.1835],[108.7403,15.1907],[108.7378,15.1918],[108.741,15.1968],[108.7389,15.2],[108.7356,15.2021],[108.7351,15.2051],[108.7319,15.2059],[108.7308,15.2096],[108.7315,15.2117],[108.731,15.2187],[108.7275,15.2207],[108.7294,15.2237],[108.7259,15.2326],[108.7241,15.2335],[108.7225,15.2326],[108.7241,15.2293],[108.7203,15.228],[108.7203,15.2251],[108.7173,15.2239],[108.713,15.2255],[108.7085,15.2251],[108.7062,15.2219],[108.7042,15.2216],[108.7029,15.2264],[108.7005,15.2261],[108.7009,15.2236],[108.6969,15.2214],[108.6954,15.215],[108.6918,15.212],[108.6963,15.206],[108.6972,15.2033],[108.695,15.1968],[108.6886,15.1973],[108.6891,15.1957],[108.6927,15.1956],[108.6939,15.1926],[108.6922,15.192],[108.6918,15.1871],[108.6938,15.1854],[108.6926,15.1826],[108.6904,15.1811],[108.6893,15.1774],[108.6902,15.1735],[108.6896,15.1697],[108.6868,15.1694],[108.6781,15.1708],[108.676,15.1692],[108.6788,15.1659],[108.6774,15.1636],[108.6806,15.1618],[108.6845,15.1621],[108.6884,15.1579],[108.687,15.1565],[108.692,15.1498],[108.694,15.1503],[108.7005,15.1539],[108.7108,15.154],[108.7127,15.154],[108.7225,15.1505],[108.7294,15.1475],[108.7358,15.1474],[108.7471,15.1463],[108.7512,15.1464],[108.7577,15.142],[108.7597,15.1396],[108.7638,15.1317],[108.7662,15.1291],[108.7683,15.1286],[108.7716,15.1292],[108.7827,15.1354],[108.7806,15.138],[108.7802,15.1409],[108.7818,15.1433],[108.7792,15.1456],[108.7803,15.1491],[108.7754,15.1476],[108.7724,15.1534],[108.7737,15.1557],[108.7761,15.1572],[108.7768,15.1606],[108.7739,15.1685],[108.7713,15.18]]]},"properties":{"ma_xa":"21220","ten_xa":"Sơn Tịnh","sap_nhap":"Tịnh Hà, Tịnh Bình, Tịnh Sơn ","tru_so":"đang cập nhật","loai":"Xã","cap":2,"stt":18,"dtich_km2":59.78,"dan_so":42380,"matdo_km2":708.93,"ma_tinh":"51","ten_tinh":"Quảng Ngãi"}},
{"type":"Feature","geometry":{"type":"Polygon","coordinates":[[[108.4027,15.2136],[108.3978,15.2183],[108.3959,15.2219],[108.3932,15.2238],[108.393,15.2259],[108.3907,15.2273],[108.3868,15.2339],[108.3881,15.239],[108.3848,15.2405],[108.3813,15.2397],[108.3779,15.2412],[108.3759,15.2405],[108.3693,15.2441],[108.3675,15.2418],[108.3674,15.239],[108.3642,15.2375],[108.3609,15.2381],[108.3576,15.234],[108.3545,15.2324],[108.3515,15.2339],[108.3469,15.2341],[108.3409,15.2362],[108.3383,15.2334],[108.334,15.2336],[108.3322,15.2351],[108.3294,15.2403],[108.3226,15.2442],[108.3194,15.2447],[108.3158,15.2471],[108.3098,15.2405],[108.3078,15.2394],[108.309,15.2369],[108.3068,15.2341],[108.3043,15.2327],[108.3033,15.23],[108.2997,15.2283],[108.3001,15.2259],[108.3054,15.2272],[108.3075,15.2254],[108.3084,15.2212],[108.307,15.2188],[108.3064,15.2149],[108.3045,15.2098],[108.299,15.2064],[108.2968,15.2035],[108.2925,15.2023],[108.2913,15.1979],[108.2953,15.1943],[108.2981,15.195],[108.3018,15.1935],[108.3029,15.1875],[108.3,15.1856],[108.2997,15.1819],[108.3017,15.1805],[108.3059,15.1745],[108.3042,15.171],[108.2979,15.1702],[108.295,15.1685],[108.291,15.1618],[108.2887,15.16],[108.2896,15.1578],[108.2866,15.1566],[108.2859,15.1535],[108.2829,15.1533],[108.2837,15.1492],[108.2807,15.1454],[108.2774,15.144],[108.279,15.1403],[108.2782,15.1372],[108.2745,15.136],[108.275,15.1308],[108.2735,15.1292],[108.2705,15.129],[108.2689,15.1265],[108.2665,15.1265],[108.2632,15.1241],[108.2625,15.1205],[108.2603,15.1183],[108.2644,15.1153],[108.2687,15.1134],[108.2697,15.1111],[108.276,15.1091],[108.2782,15.1108],[108.2816,15.111],[108.2857,15.1075],[108.2879,15.108],[108.2901,15.1045],[108.2924,15.1028],[108.2952,15.097],[108.299,15.0944],[108.2995,15.0918],[108.3039,15.0919],[108.3057,15.0898],[108.3068,15.0838],[108.3089,15.0796],[108.3138,15.0758],[108.3161,15.0761],[108.3199,15.074],[108.3229,15.0742],[108.3254,15.0767],[108.3278,15.0772],[108.3309,15.0763],[108.336,15.0808],[108.339,15.0843],[108.3471,15.0829],[108.3493,15.0835],[108.3509,15.0859],[108.3537,15.0837],[108.3577,15.0851],[108.3581,15.0896],[108.3557,15.0925],[108.3628,15.1004],[108.364,15.1007],[108.3705,15.1053],[108.3704,15.107],[108.3743,15.1088],[108.3748,15.1101],[108.3718,15.1149],[108.3747,15.119],[108.3776,15.1208],[108.3785,15.124],[108.3776,15.1257],[108.3667,15.1394],[108.3699,15.1419],[108.3755,15.1414],[108.3801,15.1417],[108.3835,15.1454],[108.385,15.1502],[108.3863,15.1518],[108.3862,15.1574],[108.3891,15.1633],[108.3861,15.1649],[108.3832,15.1675],[108.3865,15.1753],[108.3883,15.1864],[108.3948,15.1899],[108.3953,15.1914],[108.399,15.1924],[108.4025,15.1951],[108.4051,15.2014],[108.4032,15.2063],[108.4041,15.2113],[108.4027,15.2136]]]},"properties":{"ma_xa":"21154","ten_xa":"Tây Trà","sap_nhap":"Sơn Trà, Trà Phong, Trà Xinh ","tru_so":"đang cập nhật","loai":"Xã","cap":2,"stt":34,"dtich_km2":170.86,"dan_so":11617,"matdo_km2":67.99,"ma_tinh":"51","ten_tinh":"Quảng Ngãi"}},
{"type":"Feature","geometry":{"type":"Polygon","coordinates":[[[108.4675,15.2032],[108.4641,15.2005],[108.4608,15.2034],[108.4586,15.2034],[108.4558,15.2062],[108.4514,15.2079],[108.4467,15.2116],[108.4435,15.2101],[108.4376,15.2098],[108.4339,15.2119],[108.4308,15.2107],[108.4293,15.2115],[108.4258,15.2108],[108.426,15.2137],[108.4239,15.2164],[108.4202,15.2115],[108.4185,15.2105],[108.4119,15.2135],[108.4106,15.2162],[108.4078,15.217],[108.4027,15.2136],[108.4041,15.2113],[108.4032,15.2063],[108.4051,15.2014],[108.4025,15.1951],[108.399,15.1924],[108.3953,15.1914],[108.3948,15.1899],[108.3883,15.1864],[108.3865,15.1753],[108.3832,15.1675],[108.3861,15.1649],[108.3891,15.1633],[108.3862,15.1574],[108.3863,15.1518],[108.385,15.1502],[108.3835,15.1454],[108.3801,15.1417],[108.3755,15.1414],[108.3699,15.1419],[108.3667,15.1394],[108.3776,15.1257],[108.3785,15.124],[108.3776,15.1208],[108.3747,15.119],[108.3718,15.1149],[108.3748,15.1101],[108.3743,15.1088],[108.3704,15.107],[108.3705,15.1053],[108.364,15.1007],[108.3628,15.1004],[108.3647,15.1006],[108.3685,15.0989],[108.3704,15.0997],[108.3742,15.0958],[108.3781,15.0957],[108.3807,15.094],[108.3825,15.091],[108.386,15.0908],[108.3949,15.085],[108.3975,15.0853],[108.4016,15.084],[108.4041,15.0818],[108.4095,15.0853],[108.4116,15.0843],[108.419,15.0899],[108.4218,15.0893],[108.4239,15.0914],[108.4272,15.093],[108.4304,15.0989],[108.4316,15.1023],[108.4336,15.1041],[108.4425,15.1037],[108.4477,15.1041],[108.4494,15.1065],[108.4544,15.1091],[108.4565,15.1122],[108.4561,15.1149],[108.4593,15.12],[108.4599,15.1233],[108.4559,15.1302],[108.4589,15.1342],[108.4624,15.1354],[108.4632,15.1381],[108.4625,15.1418],[108.4683,15.1506],[108.4701,15.1522],[108.4694,15.154],[108.4694,15.161],[108.4735,15.1637],[108.479,15.164],[108.4799,15.165],[108.4806,15.1701],[108.4793,15.1732],[108.4794,15.1764],[108.4812,15.1786],[108.4831,15.1856],[108.4811,15.1904],[108.4835,15.1936],[108.4878,15.2025],[108.4815,15.2077],[108.4709,15.2099],[108.4695,15.2059],[108.4675,15.2032]]]},"properties":{"ma_xa":"21157","ten_xa":"Tây Trà Bồng","sap_nhap":"Hương Trà,Trà Tây, Trà Bùi (1 phần) ","tru_so":"đang cập nhật","loai":"Xã","cap":2,"stt":37,"dtich_km2":129.05,"dan_so":8078,"matdo_km2":62.6,"ma_tinh":"51","ten_tinh":"Quảng Ngãi"}},
{"type":"Feature","geometry":{"type":"Polygon","coordinates":[[[108.4675,15.2032],[108.4673,15.2052],[108.4637,15.2098],[108.4595,15.2217],[108.4641,15.2227],[108.4645,15.2288],[108.4604,15.2327],[108.4602,15.2361],[108.4586,15.2375],[108.4563,15.245],[108.4532,15.2502],[108.4575,15.2521],[108.4582,15.2546],[108.4552,15.2583],[108.4558,15.262],[108.4518,15.266],[108.441,15.2664],[108.4358,15.2658],[108.4364,15.2713],[108.436,15.2762],[108.4378,15.282],[108.4361,15.284],[108.4386,15.2864],[108.4357,15.2966],[108.4321,15.2988],[108.4314,15.3023],[108.4276,15.3024],[108.4272,15.3076],[108.4262,15.311],[108.4217,15.3115],[108.4157,15.3065],[108.4133,15.3081],[108.4104,15.3082],[108.4066,15.3107],[108.4037,15.3092],[108.4028,15.3057],[108.4027,15.3003],[108.3924,15.2985],[108.3876,15.302],[108.3811,15.3035],[108.3784,15.3033],[108.3677,15.298],[108.3659,15.2976],[108.3643,15.2944],[108.359,15.2953],[108.3557,15.2967],[108.3516,15.2958],[108.3425,15.2985],[108.3374,15.2965],[108.3354,15.2969],[108.3299,15.3],[108.3248,15.3005],[108.3219,15.3019],[108.319,15.3012],[108.3144,15.2984],[108.3115,15.2922],[108.307,15.2897],[108.304,15.2866],[108.2994,15.2789],[108.3038,15.2776],[108.3053,15.2747],[108.3062,15.268],[108.3054,15.2673],[108.3031,15.2587],[108.3014,15.2568],[108.2931,15.2529],[108.2917,15.2476],[108.287,15.2448],[108.2834,15.2449],[108.281,15.2437],[108.2824,15.2415],[108.2846,15.2356],[108.2893,15.2342],[108.2896,15.2323],[108.2857,15.2284],[108.286,15.2267],[108.2924,15.2282],[108.3001,15.2259],[108.2997,15.2283],[108.3033,15.23],[108.3043,15.2327],[108.3068,15.2341],[108.309,15.2369],[108.3078,15.2394],[108.3098,15.2405],[108.3158,15.2471],[108.3194,15.2447],[108.3226,15.2442],[108.3294,15.2403],[108.3322,15.2351],[108.334,15.2336],[108.3383,15.2334],[108.3409,15.2362],[108.3469,15.2341],[108.3515,15.2339],[108.3545,15.2324],[108.3576,15.234],[108.3609,15.2381],[108.3642,15.2375],[108.3674,15.239],[108.3675,15.2418],[108.3693,15.2441],[108.3759,15.2405],[108.3779,15.2412],[108.3813,15.2397],[108.3848,15.2405],[108.3881,15.239],[108.3868,15.2339],[108.3907,15.2273],[108.393,15.2259],[108.3932,15.2238],[108.3959,15.2219],[108.3978,15.2183],[108.4027,15.2136],[108.4078,15.217],[108.4106,15.2162],[108.4119,15.2135],[108.4185,15.2105],[108.4202,15.2115],[108.4239,15.2164],[108.426,15.2137],[108.4258,15.2108],[108.4293,15.2115],[108.4308,15.2107],[108.4339,15.2119],[108.4376,15.2098],[108.4435,15.2101],[108.4467,15.2116],[108.4514,15.2079],[108.4558,15.2062],[108.4586,15.2034],[108.4608,15.2034],[108.4641,15.2005],[108.4675,15.2032]]]},"properties":{"ma_xa":"21124","ten_xa":"Thanh Bồng","sap_nhap":"Trà Lâm, Trà Hiệp, Trà Thanh ","tru_so":"đang cập nhật","loai":"Xã","cap":2,"stt":35,"dtich_km2":133.88,"dan_so":7426,"matdo_km2":55.47,"ma_tinh":"51","ten_tinh":"Quảng Ngãi"}},
{"type":"Feature","geometry":{"type":"Polygon","coordinates":[[[108.7656,15.0005],[108.7638,15],[108.7593,15.0008],[108.7568,14.9961],[108.7522,14.9941],[108.7549,14.9919],[108.7599,14.9914],[108.7661,14.9891],[108.7703,14.9856],[108.7721,14.9825],[108.7706,14.9785],[108.7624,14.9791],[108.76,14.981],[108.7568,14.9816],[108.7544,14.9796],[108.7482,14.9774],[108.7465,14.9736],[108.7484,14.9696],[108.7514,14.9682],[108.7578,14.9641],[108.7574,14.9605],[108.753,14.9502],[108.7496,14.9519],[108.7434,14.9485],[108.7409,14.9435],[108.735,14.94],[108.7319,14.9375],[108.7298,14.9341],[108.7263,14.9321],[108.7264,14.9286],[108.7296,14.9205],[108.7276,14.9158],[108.7276,14.9129],[108.7259,14.9088],[108.723,14.9045],[108.7239,14.9018],[108.7216,14.8976],[108.7222,14.8955],[108.7178,14.893],[108.7164,14.8893],[108.7245,14.8882],[108.7272,14.8869],[108.7354,14.886],[108.7381,14.8877],[108.7382,14.8866],[108.7441,14.882],[108.7494,14.887],[108.756,14.8826],[108.7581,14.882],[108.7614,14.8789],[108.7637,14.8734],[108.7641,14.8682],[108.7702,14.8695],[108.7737,14.8695],[108.7803,14.8665],[108.7852,14.8616],[108.7873,14.8607],[108.7839,14.8567],[108.7854,14.8534],[108.7893,14.8534],[108.7952,14.855],[108.7982,14.8515],[108.803,14.8474],[108.8055,14.8486],[108.8078,14.8474],[108.8132,14.8486],[108.8164,14.8504],[108.8185,14.8584],[108.8281,14.8613],[108.83,14.863],[108.8285,14.8687],[108.8294,14.8697],[108.8299,14.8759],[108.8221,14.8832],[108.8209,14.8847],[108.824,14.8875],[108.8242,14.8902],[108.8229,14.8932],[108.8179,14.8949],[108.815,14.8949],[108.8108,14.8965],[108.8063,14.8968],[108.8052,14.9002],[108.8028,14.9031],[108.8007,14.9078],[108.7948,14.9083],[108.7938,14.91],[108.7949,14.9133],[108.7945,14.9212],[108.7915,14.9257],[108.7937,14.9278],[108.796,14.9332],[108.7944,14.9361],[108.7939,14.9396],[108.7948,14.9432],[108.7986,14.9451],[108.8044,14.9528],[108.8026,14.955],[108.8036,14.9591],[108.8025,14.9632],[108.7957,14.9662],[108.7929,14.9691],[108.7889,14.9703],[108.7902,14.976],[108.7899,14.9798],[108.7927,14.9857],[108.7922,14.9905],[108.7952,14.9918],[108.796,14.9953],[108.7941,14.9974],[108.7886,14.993],[108.7854,14.9944],[108.7756,14.9919],[108.7698,14.998],[108.7656,15.0005]]]},"properties":{"ma_xa":"21388","ten_xa":"Thiện Tín","sap_nhap":"Hành Thiện, Hành Tín Tây, Hành Tín Đông ","tru_so":"đang cập nhật","loai":"Xã","cap":2,"stt":26,"dtich_km2":99.1,"dan_so":17357,"matdo_km2":175.15,"ma_tinh":"51","ten_tinh":"Quảng Ngãi"}},
{"type":"Feature","geometry":{"type":"Polygon","coordinates":[[[108.7519,15.2663],[108.7508,15.2704],[108.7474,15.2684],[108.7458,15.2661],[108.7464,15.2636],[108.744,15.2622],[108.7416,15.2626],[108.7405,15.2606],[108.7394,15.2534],[108.7403,15.2487],[108.7377,15.245],[108.7322,15.2435],[108.7267,15.2413],[108.7243,15.2387],[108.723,15.2355],[108.7241,15.2335],[108.7259,15.2326],[108.7294,15.2237],[108.7275,15.2207],[108.731,15.2187],[108.7315,15.2117],[108.7308,15.2096],[108.7319,15.2059],[108.7351,15.2051],[108.7356,15.2021],[108.7389,15.2],[108.741,15.1968],[108.7378,15.1918],[108.7403,15.1907],[108.741,15.1835],[108.7448,15.1858],[108.7522,15.1864],[108.7553,15.1873],[108.7592,15.1837],[108.764,15.1777],[108.7677,15.1817],[108.7713,15.18],[108.7714,15.1836],[108.7745,15.1863],[108.7792,15.1858],[108.7788,15.1819],[108.7834,15.1781],[108.7863,15.178],[108.7879,15.1816],[108.7918,15.1822],[108.7911,15.1765],[108.7964,15.1742],[108.798,15.1725],[108.8069,15.1696],[108.8081,15.1706],[108.808,15.1743],[108.8067,15.1815],[108.8004,15.184],[108.8011,15.1874],[108.7985,15.1891],[108.8026,15.1922],[108.8034,15.1894],[108.8067,15.1876],[108.8094,15.1899],[108.8118,15.1894],[108.8146,15.1904],[108.8185,15.1903],[108.8216,15.1884],[108.8249,15.1884],[108.8257,15.1897],[108.8229,15.1921],[108.8225,15.1952],[108.8232,15.198],[108.8174,15.2033],[108.817,15.2078],[108.8209,15.2139],[108.8247,15.2157],[108.8288,15.2205],[108.8293,15.2239],[108.8264,15.2301],[108.8285,15.2359],[108.8337,15.2383],[108.8343,15.2419],[108.8275,15.2425],[108.8255,15.242],[108.8205,15.2428],[108.815,15.2403],[108.8071,15.2415],[108.803,15.2398],[108.802,15.2368],[108.7996,15.235],[108.7947,15.2344],[108.7891,15.2297],[108.7864,15.2298],[108.781,15.2281],[108.7802,15.2238],[108.7787,15.2225],[108.779,15.2192],[108.7698,15.2224],[108.7683,15.2305],[108.7659,15.2377],[108.7681,15.2389],[108.7681,15.2409],[108.7715,15.2447],[108.769,15.2469],[108.7675,15.2499],[108.7674,15.2547],[108.7628,15.2545],[108.7604,15.2529],[108.7592,15.2569],[108.7567,15.2595],[108.7548,15.2595],[108.7527,15.2621],[108.7519,15.2663]]]},"properties":{"ma_xa":"21181","ten_xa":"Thọ Phong","sap_nhap":"Tịnh Phong, Tịnh Thọ","tru_so":"đang cập nhật","loai":"Xã","cap":2,"stt":19,"dtich_km2":66.64,"dan_so":27787,"matdo_km2":416.97,"ma_tinh":"51","ten_tinh":"Quảng Ngãi"}},
{"type":"Feature","geometry":{"type":"Polygon","coordinates":[[[108.8973,15.1459],[108.8979,15.1516],[108.8954,15.1663],[108.8947,15.1744],[108.8951,15.1865],[108.8962,15.1929],[108.8984,15.1976],[108.9023,15.202],[108.9051,15.2039],[108.9106,15.206],[108.9154,15.2053],[108.9166,15.2012],[108.9185,15.201],[108.9223,15.2034],[108.9211,15.2059],[108.9185,15.2056],[108.918,15.2082],[108.9154,15.2117],[108.9122,15.2174],[108.9046,15.2151],[108.9022,15.2102],[108.9006,15.2088],[108.8952,15.2087],[108.8923,15.2064],[108.8863,15.2068],[108.882,15.205],[108.8806,15.2016],[108.8837,15.1998],[108.8836,15.1963],[108.8822,15.1939],[108.8845,15.1892],[108.8841,15.1873],[108.8816,15.1867],[108.879,15.1885],[108.8768,15.1916],[108.8736,15.1919],[108.8702,15.1876],[108.8658,15.185],[108.8626,15.1854],[108.8575,15.1886],[108.8592,15.196],[108.8614,15.2009],[108.865,15.2023],[108.8647,15.2054],[108.8628,15.2058],[108.86,15.2028],[108.852,15.2087],[108.8497,15.2071],[108.8472,15.2021],[108.8438,15.1987],[108.8359,15.2036],[108.8333,15.2039],[108.8293,15.2012],[108.8258,15.202],[108.8232,15.198],[108.8225,15.1952],[108.8229,15.1921],[108.8257,15.1897],[108.8249,15.1884],[108.8216,15.1884],[108.8185,15.1903],[108.8198,15.1869],[108.825,15.1843],[108.8257,15.1809],[108.8287,15.1756],[108.8295,15.1699],[108.8285,15.1679],[108.8277,15.1587],[108.8303,15.1588],[108.8311,15.1609],[108.8334,15.162],[108.8366,15.1609],[108.8415,15.1551],[108.8418,15.1526],[108.8462,15.1517],[108.849,15.1501],[108.8495,15.1455],[108.8524,15.1437],[108.8582,15.1422],[108.8698,15.1417],[108.8774,15.1421],[108.8825,15.1429],[108.8797,15.1453],[108.8819,15.1475],[108.8859,15.1435],[108.8914,15.1419],[108.8936,15.1428],[108.8973,15.1459]]]},"properties":{"ma_xa":"21211","ten_xa":"Tịnh Khê","sap_nhap":"Tịnh Kỳ, Tịnh Châu, Tịnh Long, Tịnh Thiện, Tịnh Khê","tru_so":"đang cập nhật","loai":"Xã","cap":2,"stt":1,"dtich_km2":46.05,"dan_so":55919,"matdo_km2":1214.31,"ma_tinh":"51","ten_tinh":"Quảng Ngãi"}},
{"type":"Feature","geometry":{"type":"Polygon","coordinates":[[[108.5751,15.2145],[108.5744,15.2201],[108.5753,15.2283],[108.5748,15.2415],[108.5708,15.2445],[108.5704,15.2483],[108.5691,15.2503],[108.5643,15.2501],[108.5623,15.2509],[108.5562,15.2496],[108.5518,15.2499],[108.5527,15.2559],[108.5542,15.2581],[108.5575,15.2599],[108.5584,15.2617],[108.558,15.2684],[108.5608,15.2656],[108.5629,15.2654],[108.5656,15.2682],[108.5637,15.2701],[108.5635,15.2743],[108.5579,15.2784],[108.5563,15.2788],[108.553,15.2832],[108.5532,15.2896],[108.5517,15.2901],[108.5504,15.2936],[108.545,15.2977],[108.5483,15.3],[108.5442,15.3052],[108.5429,15.309],[108.5386,15.3117],[108.5363,15.3153],[108.5372,15.3231],[108.5344,15.3274],[108.5332,15.3316],[108.5332,15.3276],[108.5287,15.3236],[108.5257,15.3201],[108.5196,15.3228],[108.5155,15.3217],[108.5139,15.3231],[108.508,15.3261],[108.5025,15.3252],[108.4993,15.3239],[108.4977,15.3221],[108.497,15.3184],[108.4946,15.3147],[108.4885,15.3113],[108.4859,15.3084],[108.4808,15.3081],[108.4785,15.3094],[108.4772,15.3117],[108.4704,15.3098],[108.4684,15.3107],[108.4642,15.3096],[108.4607,15.3095],[108.4581,15.3105],[108.4506,15.31],[108.4482,15.312],[108.4443,15.3119],[108.4374,15.3134],[108.4357,15.3165],[108.4355,15.3217],[108.4341,15.3259],[108.4305,15.3256],[108.4281,15.3222],[108.4267,15.3157],[108.4217,15.3115],[108.4262,15.311],[108.4272,15.3076],[108.4276,15.3024],[108.4314,15.3023],[108.4321,15.2988],[108.4357,15.2966],[108.4386,15.2864],[108.4361,15.284],[108.4378,15.282],[108.436,15.2762],[108.4364,15.2713],[108.4358,15.2658],[108.441,15.2664],[108.4518,15.266],[108.4558,15.262],[108.4552,15.2583],[108.4582,15.2546],[108.4575,15.2521],[108.4532,15.2502],[108.4563,15.245],[108.4586,15.2375],[108.4602,15.2361],[108.4604,15.2327],[108.4645,15.2288],[108.4641,15.2227],[108.4595,15.2217],[108.4637,15.2098],[108.4673,15.2052],[108.4675,15.2032],[108.4695,15.2059],[108.4709,15.2099],[108.4815,15.2077],[108.4878,15.2025],[108.4907,15.2037],[108.4943,15.2034],[108.5007,15.2043],[108.5032,15.2075],[108.506,15.2073],[108.5103,15.2103],[108.5129,15.2105],[108.5164,15.2121],[108.5175,15.2141],[108.517,15.2176],[108.5195,15.2185],[108.5225,15.2215],[108.5238,15.2246],[108.5288,15.2268],[108.5344,15.226],[108.5375,15.2234],[108.5447,15.2235],[108.5477,15.2161],[108.5527,15.2181],[108.5548,15.22],[108.5573,15.2196],[108.5608,15.2159],[108.5713,15.2132],[108.5751,15.2145]]]},"properties":{"ma_xa":"21115","ten_xa":"Trà Bồng","sap_nhap":"Trà Xuân, Trà Sơn, Trà Thủy ","tru_so":"đang cập nhật","loai":"Xã","cap":2,"stt":32,"dtich_km2":139.43,"dan_so":18926,"matdo_km2":135.74,"ma_tinh":"51","ten_tinh":"Quảng Ngãi"}},
{"type":"Feature","geometry":{"type":"Polygon","coordinates":[[[108.9968,14.8291],[108.9971,14.8344],[108.9872,14.8537],[108.9852,14.8572],[108.9747,14.8784],[108.9598,14.9105],[108.9565,14.9182],[108.9495,14.9151],[108.9502,14.9138],[108.9434,14.9111],[108.9397,14.9104],[108.9384,14.9131],[108.9298,14.9105],[108.9302,14.9063],[108.9364,14.898],[108.9393,14.8876],[108.9381,14.884],[108.9349,14.8855],[108.9301,14.8862],[108.9263,14.8854],[108.9232,14.8835],[108.9203,14.8804],[108.9168,14.8798],[108.9136,14.8789],[108.9123,14.876],[108.9081,14.8731],[108.9071,14.8716],[108.907,14.8669],[108.9075,14.8618],[108.9062,14.8591],[108.9083,14.846],[108.9079,14.8409],[108.9094,14.8342],[108.9145,14.8342],[108.9179,14.8324],[108.9231,14.8381],[108.9284,14.842],[108.9332,14.8423],[108.9383,14.8442],[108.9433,14.8422],[108.9491,14.8376],[108.9537,14.8358],[108.9575,14.8384],[108.9613,14.8364],[108.9619,14.834],[108.9657,14.8295],[108.9675,14.8314],[108.9683,14.8365],[108.97,14.8377],[108.9715,14.8344],[108.9771,14.8346],[108.9799,14.833],[108.9848,14.8275],[108.9877,14.8259],[109.0003,14.8261],[109.0004,14.8295],[108.9968,14.8291]]]},"properties":{"ma_xa":"21451","ten_xa":"Trà Câu","sap_nhap":"Phổ Văn, Phổ Quang, Phổ An, Phổ Thuận ","tru_so":"đang cập nhật","loai":"Phường","cap":2,"stt":6,"dtich_km2":54.46,"dan_so":45524,"matdo_km2":835.92,"ma_tinh":"51","ten_tinh":"Quảng Ngãi"}},
{"type":"Feature","geometry":{"type":"Polygon","coordinates":[[[108.692,15.1498],[108.6855,15.1473],[108.681,15.1425],[108.6794,15.1398],[108.6754,15.1367],[108.6693,15.1355],[108.6635,15.1375],[108.6602,15.1409],[108.6586,15.1446],[108.6545,15.1507],[108.6529,15.1519],[108.6469,15.1596],[108.6461,15.1621],[108.642,15.1647],[108.6318,15.162],[108.6253,15.158],[108.6201,15.1535],[108.6169,15.1494],[108.6126,15.141],[108.614,15.1372],[108.6141,15.1332],[108.6151,15.1267],[108.6208,15.1272],[108.6237,15.1265],[108.6244,15.1249],[108.6288,15.1215],[108.6344,15.1195],[108.6391,15.1155],[108.64,15.112],[108.6422,15.11],[108.641,15.1027],[108.6426,15.1017],[108.6433,15.0978],[108.648,15.0968],[108.6491,15.0943],[108.648,15.0925],[108.6498,15.0844],[108.6541,15.0819],[108.6561,15.0767],[108.6564,15.0738],[108.659,15.0712],[108.6558,15.0654],[108.6513,15.0633],[108.6501,15.0614],[108.6485,15.05],[108.6452,15.0496],[108.6419,15.0472],[108.6403,15.0423],[108.6454,15.04],[108.6462,15.0356],[108.6454,15.0323],[108.646,15.0297],[108.6446,15.0277],[108.6468,15.0266],[108.6513,15.0218],[108.6568,15.0204],[108.6618,15.0233],[108.6673,15.0232],[108.6712,15.0321],[108.6729,15.0321],[108.6776,15.0362],[108.6804,15.0371],[108.6854,15.0362],[108.688,15.0406],[108.691,15.0439],[108.6945,15.0455],[108.6931,15.051],[108.6893,15.0541],[108.6876,15.0581],[108.6917,15.0599],[108.694,15.0619],[108.6935,15.0635],[108.6988,15.0703],[108.7018,15.0718],[108.7025,15.0735],[108.7075,15.078],[108.7095,15.0783],[108.708,15.0833],[108.7091,15.0862],[108.7059,15.0898],[108.7049,15.0921],[108.6999,15.0928],[108.6992,15.1025],[108.6996,15.1055],[108.7048,15.1119],[108.7078,15.115],[108.7094,15.1177],[108.7135,15.1303],[108.7172,15.1298],[108.7209,15.1392],[108.7231,15.1431],[108.7106,15.1497],[108.7108,15.154],[108.7005,15.1539],[108.694,15.1503],[108.692,15.1498]]]},"properties":{"ma_xa":"21244","ten_xa":"Trà Giang","sap_nhap":"Nghĩa Sơn, Nghĩa Lâm, Nghĩa Thắng","tru_so":"đang cập nhật","loai":"Xã","cap":2,"stt":23,"dtich_km2":91.72,"dan_so":20801,"matdo_km2":226.79,"ma_tinh":"51","ten_tinh":"Quảng Ngãi"}},
{"type":"Feature","geometry":{"type":"Polygon","coordinates":[[[108.6052,15.213],[108.6022,15.2092],[108.6007,15.209],[108.5993,15.2058],[108.5986,15.1999],[108.5951,15.2],[108.5937,15.1945],[108.5964,15.1897],[108.5977,15.1853],[108.6,15.1849],[108.5997,15.176],[108.6013,15.1744],[108.6016,15.1703],[108.5932,15.1679],[108.5888,15.1652],[108.5856,15.1615],[108.583,15.1612],[108.5784,15.1574],[108.5763,15.1547],[108.5765,15.1502],[108.5836,15.1466],[108.5875,15.1413],[108.5893,15.1378],[108.5894,15.1343],[108.5926,15.1334],[108.5964,15.1302],[108.5992,15.1303],[108.6033,15.1287],[108.6151,15.1267],[108.6141,15.1332],[108.614,15.1372],[108.6126,15.141],[108.6169,15.1494],[108.6201,15.1535],[108.6253,15.158],[108.6318,15.162],[108.642,15.1647],[108.6461,15.1621],[108.6469,15.1596],[108.6529,15.1519],[108.6545,15.1507],[108.6586,15.1446],[108.6602,15.1409],[108.6635,15.1375],[108.6693,15.1355],[108.6754,15.1367],[108.6794,15.1398],[108.681,15.1425],[108.6855,15.1473],[108.692,15.1498],[108.687,15.1565],[108.6884,15.1579],[108.6845,15.1621],[108.6806,15.1618],[108.6774,15.1636],[108.6788,15.1659],[108.676,15.1692],[108.6749,15.1696],[108.6718,15.1653],[108.6696,15.1653],[108.667,15.1689],[108.6615,15.1708],[108.663,15.1737],[108.6626,15.1795],[108.6586,15.1791],[108.6545,15.1822],[108.651,15.1821],[108.6444,15.1845],[108.6424,15.1892],[108.6413,15.1949],[108.6428,15.1987],[108.6395,15.1983],[108.6368,15.2014],[108.6331,15.2009],[108.6314,15.1993],[108.6276,15.1989],[108.621,15.2023],[108.6202,15.2073],[108.6151,15.2112],[108.6109,15.2121],[108.6084,15.2111],[108.6052,15.213]]]},"properties":{"ma_xa":"21196","ten_xa":"Trường Giang","sap_nhap":"Tịnh Giang, Tịnh Đông, Tịnh Minh ","tru_so":"đang cập nhật","loai":"Xã","cap":2,"stt":16,"dtich_km2":51.3,"dan_so":22047,"matdo_km2":429.77,"ma_tinh":"51","ten_tinh":"Quảng Ngãi"}},
{"type":"Feature","geometry":{"type":"Polygon","coordinates":[[[108.8185,15.1903],[108.8146,15.1904],[108.8118,15.1894],[108.8094,15.1899],[108.8067,15.1876],[108.8034,15.1894],[108.8026,15.1922],[108.7985,15.1891],[108.8011,15.1874],[108.8004,15.184],[108.8067,15.1815],[108.808,15.1743],[108.8081,15.1706],[108.8069,15.1696],[108.798,15.1725],[108.7964,15.1742],[108.7911,15.1765],[108.7918,15.1822],[108.7879,15.1816],[108.7863,15.178],[108.7834,15.1781],[108.7788,15.1819],[108.7792,15.1858],[108.7745,15.1863],[108.7714,15.1836],[108.7713,15.18],[108.7739,15.1685],[108.7768,15.1606],[108.7761,15.1572],[108.7737,15.1557],[108.7724,15.1534],[108.7754,15.1476],[108.7803,15.1491],[108.7792,15.1456],[108.7818,15.1433],[108.7802,15.1409],[108.7806,15.138],[108.7827,15.1354],[108.7838,15.1374],[108.7894,15.1407],[108.7938,15.1413],[108.7996,15.1397],[108.8051,15.1372],[108.8089,15.1335],[108.8125,15.1314],[108.8176,15.1293],[108.8209,15.126],[108.8235,15.1254],[108.8278,15.1259],[108.8334,15.1292],[108.8414,15.1367],[108.8426,15.1399],[108.8452,15.1432],[108.8495,15.1455],[108.849,15.1501],[108.8462,15.1517],[108.8418,15.1526],[108.8415,15.1551],[108.8366,15.1609],[108.8334,15.162],[108.8311,15.1609],[108.8303,15.1588],[108.8277,15.1587],[108.8285,15.1679],[108.8295,15.1699],[108.8287,15.1756],[108.8257,15.1809],[108.825,15.1843],[108.8198,15.1869],[108.8185,15.1903]]]},"properties":{"ma_xa":"21172","ten_xa":"Trương Quang Trọng","sap_nhap":"Trương Quang Trọng, Tịnh Ấn Tây, Tịnh Ấn Đông, Tịnh An ","tru_so":"đang cập nhật","loai":"Phường","cap":2,"stt":2,"dtich_km2":34.65,"dan_so":49308,"matdo_km2":1423.03,"ma_tinh":"51","ten_tinh":"Quảng Ngãi"}},
{"type":"Feature","geometry":{"type":"Polygon","coordinates":[[[108.0145,14.806],[108.014,14.8104],[108.0164,14.8119],[108.0153,14.8148],[108.0221,14.8198],[108.0248,14.8201],[108.0284,14.8244],[108.0276,14.8287],[108.0295,14.8321],[108.0298,14.8359],[108.0264,14.8381],[108.0237,14.8378],[108.0204,14.8404],[108.0199,14.845],[108.0211,14.8468],[108.0216,14.8531],[108.0202,14.8573],[108.0219,14.8612],[108.0178,14.865],[108.0148,14.8645],[108.0118,14.8626],[108.002,14.8624],[107.9978,14.864],[107.998,14.8668],[107.9945,14.8697],[107.993,14.8735],[107.9885,14.8751],[107.9877,14.8808],[107.9852,14.8831],[107.9853,14.8864],[107.9818,14.8936],[107.984,14.8987],[107.9857,14.9006],[107.9825,14.9025],[107.9824,14.9064],[107.9797,14.9081],[107.9759,14.9042],[107.97,14.9062],[107.969,14.9051],[107.962,14.9034],[107.9579,14.9006],[107.9567,14.9008],[107.9524,14.8946],[107.9471,14.8902],[107.944,14.8908],[107.9317,14.89],[107.9251,14.8925],[107.9208,14.8897],[107.9254,14.8892],[107.9328,14.8787],[107.9366,14.8798],[107.9397,14.875],[107.9394,14.8614],[107.9382,14.8576],[107.9368,14.8563],[107.9342,14.8506],[107.9303,14.8494],[107.9281,14.8448],[107.9251,14.8417],[107.9255,14.8365],[107.9231,14.8352],[107.9184,14.8307],[107.9147,14.8235],[107.9087,14.8191],[107.907,14.8166],[107.9141,14.8143],[107.9138,14.8116],[107.9119,14.8069],[107.9123,14.8056],[107.9118,14.7977],[107.9096,14.7943],[107.9117,14.7881],[107.9117,14.781],[107.9022,14.7668],[107.9141,14.7668],[107.917,14.766],[107.9186,14.7633],[107.9224,14.7609],[107.9292,14.749],[107.9311,14.7488],[107.9374,14.7433],[107.9381,14.7376],[107.94,14.7389],[107.9451,14.7403],[107.9477,14.7479],[107.9548,14.7481],[107.9581,14.7489],[107.961,14.748],[107.9671,14.7518],[107.9704,14.7469],[107.9778,14.7496],[107.9774,14.7522],[107.9787,14.7544],[107.981,14.752],[107.9851,14.7508],[107.9918,14.7517],[107.9946,14.7533],[107.9997,14.7545],[108.0013,14.7581],[108.003,14.7592],[108.0035,14.7617],[108.0022,14.7646],[108.0037,14.7669],[108.0016,14.7701],[108.0032,14.7761],[108.0053,14.7786],[108.0027,14.7826],[107.999,14.7836],[107.9989,14.7882],[107.9974,14.7915],[107.9995,14.7956],[108.0029,14.7971],[108.0093,14.7982],[108.0153,14.8024],[108.0145,14.806]]]},"properties":{"ma_xa":"23425","ten_xa":"Tu Mơ Rông","sap_nhap":"Đăk Hà, Tu Mơ Rông ","tru_so":"đang cập nhật","loai":"Xã","cap":2,"stt":73,"dtich_km2":152.13,"dan_so":6677,"matdo_km2":43.89,"ma_tinh":"51","ten_tinh":"Quảng Ngãi"}},
{"type":"Feature","geometry":{"type":"Polygon","coordinates":[[[108.8997,15.096],[108.8987,15.1015],[108.8947,15.1059],[108.8968,15.1092],[108.8959,15.1119],[108.8891,15.1147],[108.8896,15.1123],[108.8876,15.1071],[108.8856,15.1061],[108.8834,15.1081],[108.8807,15.1048],[108.8811,15.1031],[108.8717,15.106],[108.8632,15.1043],[108.8612,15.1058],[108.859,15.1019],[108.8556,15.0994],[108.8487,15.0985],[108.8477,15.1009],[108.8435,15.1018],[108.8366,15.0971],[108.8331,15.1001],[108.8301,15.099],[108.8275,15.1009],[108.8224,15.101],[108.8182,15.1018],[108.8181,15.0978],[108.8136,15.0945],[108.8104,15.0972],[108.8051,15.099],[108.8036,15.0961],[108.8009,15.0959],[108.7983,15.0943],[108.7957,15.0894],[108.7936,15.0857],[108.7922,15.0786],[108.7895,15.0775],[108.7866,15.0747],[108.7888,15.0721],[108.7898,15.0679],[108.7896,15.065],[108.7928,15.0642],[108.793,15.0621],[108.7963,15.0625],[108.7977,15.0639],[108.8035,15.0645],[108.8063,15.0626],[108.8095,15.0576],[108.8121,15.0597],[108.8165,15.0576],[108.8179,15.0596],[108.8203,15.0574],[108.8199,15.0547],[108.8244,15.0555],[108.8252,15.0577],[108.828,15.0576],[108.8292,15.0589],[108.8336,15.0596],[108.8374,15.062],[108.8395,15.0594],[108.8431,15.0626],[108.8462,15.0643],[108.845,15.0659],[108.8483,15.0677],[108.8502,15.0702],[108.8525,15.0682],[108.8564,15.0693],[108.8587,15.0717],[108.8615,15.071],[108.8635,15.0721],[108.8668,15.0711],[108.8679,15.0726],[108.8709,15.0719],[108.872,15.068],[108.8758,15.0672],[108.8778,15.071],[108.8752,15.073],[108.8795,15.0754],[108.8788,15.0771],[108.8811,15.0811],[108.8846,15.081],[108.8852,15.0853],[108.8886,15.0879],[108.8867,15.0907],[108.8872,15.0945],[108.897,15.094],[108.8997,15.096]]]},"properties":{"ma_xa":"21235","ten_xa":"Tư Nghĩa","sap_nhap":"La Hà, Nghĩa Trung, Nghĩa Thương, Nghĩa Hòa ","tru_so":"đang cập nhật","loai":"Xã","cap":2,"stt":20,"dtich_km2":41.93,"dan_so":59172,"matdo_km2":1411.21,"ma_tinh":"51","ten_tinh":"Quảng Ngãi"}},
{"type":"Feature","geometry":{"type":"Polygon","coordinates":[[[108.8737,15.2916],[108.8706,15.2975],[108.8695,15.3011],[108.8727,15.3089],[108.8755,15.3121],[108.8761,15.3148],[108.8791,15.3164],[108.8808,15.3191],[108.8804,15.3247],[108.8832,15.3251],[108.8823,15.3288],[108.8775,15.3284],[108.8743,15.3299],[108.8695,15.3308],[108.8664,15.3336],[108.8636,15.3405],[108.8641,15.3438],[108.8659,15.3466],[108.8702,15.3485],[108.8708,15.3518],[108.868,15.3509],[108.8657,15.3533],[108.8616,15.3494],[108.8618,15.3471],[108.8599,15.3458],[108.8552,15.3481],[108.851,15.3483],[108.8483,15.3505],[108.8429,15.3561],[108.8371,15.3635],[108.8276,15.3779],[108.8276,15.3835],[108.8285,15.3842],[108.8322,15.3915],[108.8319,15.3973],[108.8277,15.3979],[108.8264,15.4006],[108.8236,15.4038],[108.822,15.412],[108.8259,15.4139],[108.8283,15.4163],[108.8242,15.4195],[108.8189,15.4181],[108.819,15.4166],[108.8145,15.4123],[108.8089,15.4126],[108.8047,15.4152],[108.7986,15.4214],[108.7961,15.4227],[108.7953,15.417],[108.7972,15.4142],[108.8012,15.411],[108.8023,15.409],[108.8073,15.4081],[108.8077,15.4032],[108.8051,15.3987],[108.8027,15.3968],[108.7992,15.4014],[108.7949,15.3999],[108.7949,15.3942],[108.7889,15.3941],[108.7883,15.392],[108.7829,15.3924],[108.7779,15.3916],[108.7774,15.3872],[108.7755,15.3857],[108.7761,15.3819],[108.7745,15.3798],[108.7766,15.3746],[108.7786,15.3678],[108.7801,15.3587],[108.7793,15.3557],[108.7802,15.3448],[108.778,15.3409],[108.7823,15.3396],[108.7835,15.3376],[108.79,15.3369],[108.7887,15.3341],[108.7843,15.3311],[108.7835,15.3284],[108.7798,15.3234],[108.7843,15.3198],[108.7799,15.3176],[108.7801,15.316],[108.7834,15.3161],[108.7841,15.3146],[108.782,15.309],[108.7786,15.3112],[108.7753,15.3101],[108.7835,15.3069],[108.7799,15.3005],[108.7774,15.2973],[108.7806,15.2968],[108.7833,15.2943],[108.7841,15.2916],[108.7894,15.2878],[108.7884,15.283],[108.7888,15.278],[108.7914,15.2765],[108.7904,15.2739],[108.7982,15.2801],[108.7995,15.2837],[108.8019,15.2858],[108.8042,15.2908],[108.8038,15.2931],[108.8053,15.2955],[108.8076,15.295],[108.8102,15.2971],[108.8183,15.2858],[108.8178,15.2807],[108.8201,15.2797],[108.821,15.2777],[108.8249,15.2801],[108.8274,15.2792],[108.8289,15.2815],[108.8322,15.281],[108.8351,15.279],[108.844,15.276],[108.8478,15.2766],[108.8496,15.2757],[108.8512,15.2714],[108.8513,15.2688],[108.8598,15.2698],[108.8627,15.2674],[108.866,15.2714],[108.8626,15.2758],[108.864,15.2779],[108.867,15.2792],[108.8681,15.2822],[108.8737,15.2916]]]},"properties":{"ma_xa":"21061","ten_xa":"Vạn Tường","sap_nhap":"Bình Thuận, Bình Đông, Bình Trị, Bình Hải, Bình Hòa, Bình Phước ","tru_so":"đang cập nhật","loai":"Xã","cap":2,"stt":14,"dtich_km2":109.28,"dan_so":60612,"matdo_km2":554.65,"ma_tinh":"51","ten_tinh":"Quảng Ngãi"}},
{"type":"Feature","geometry":{"type":"Polygon","coordinates":[[[108.844,15.0188],[108.8489,15.0191],[108.8505,15.0221],[108.8524,15.0278],[108.8521,15.03],[108.8495,15.0352],[108.8504,15.0395],[108.8547,15.0449],[108.8592,15.0462],[108.8667,15.0452],[108.8726,15.0462],[108.876,15.05],[108.8809,15.0598],[108.8885,15.0613],[108.8912,15.0645],[108.8909,15.0665],[108.8868,15.0737],[108.8866,15.0762],[108.8891,15.0804],[108.8924,15.0838],[108.8932,15.086],[108.8894,15.0867],[108.8886,15.0879],[108.8852,15.0853],[108.8846,15.081],[108.8811,15.0811],[108.8788,15.0771],[108.8795,15.0754],[108.8752,15.073],[108.8778,15.071],[108.8758,15.0672],[108.872,15.068],[108.8709,15.0719],[108.8679,15.0726],[108.8668,15.0711],[108.8635,15.0721],[108.8615,15.071],[108.8587,15.0717],[108.8564,15.0693],[108.8525,15.0682],[108.8502,15.0702],[108.8483,15.0677],[108.845,15.0659],[108.8462,15.0643],[108.8431,15.0626],[108.8395,15.0594],[108.8374,15.062],[108.8336,15.0596],[108.8292,15.0589],[108.828,15.0576],[108.8252,15.0577],[108.8244,15.0555],[108.8199,15.0547],[108.8219,15.0499],[108.8241,15.0405],[108.8262,15.0381],[108.8259,15.0356],[108.8194,15.0347],[108.8155,15.0319],[108.8165,15.0301],[108.8137,15.0281],[108.8165,15.0229],[108.8193,15.0254],[108.8216,15.0256],[108.825,15.0228],[108.8315,15.0237],[108.8358,15.0272],[108.8382,15.0279],[108.8397,15.0304],[108.8444,15.0248],[108.8411,15.0224],[108.844,15.0188]]]},"properties":{"ma_xa":"21238","ten_xa":"Vệ Giang","sap_nhap":"Sông Vệ, Nghĩa Hiệp, Nghĩa Phương ","tru_so":"đang cập nhật","loai":"Xã","cap":2,"stt":21,"dtich_km2":24.21,"dan_so":38683,"matdo_km2":1597.81,"ma_tinh":"51","ten_tinh":"Quảng Ngãi"}},
{"type":"Feature","geometry":{"type":"Polygon","coordinates":[[[107.8209,15.2153],[107.8193,15.2162],[107.8152,15.2132],[107.809,15.2118],[107.8067,15.213],[107.8022,15.2138],[107.7998,15.2159],[107.7962,15.217],[107.7914,15.2177],[107.7886,15.2192],[107.7857,15.2182],[107.7807,15.2191],[107.7745,15.2234],[107.7718,15.22],[107.7722,15.2157],[107.7704,15.2118],[107.7708,15.2094],[107.7695,15.2029],[107.7707,15.1998],[107.7705,15.1961],[107.7682,15.1931],[107.7659,15.1884],[107.7669,15.185],[107.7648,15.1819],[107.7644,15.1764],[107.7635,15.173],[107.7617,15.171],[107.7635,15.1664],[107.764,15.1631],[107.7657,15.1611],[107.7642,15.1588],[107.7666,15.1563],[107.7665,15.1537],[107.769,15.1502],[107.7675,15.1456],[107.7704,15.1429],[107.7707,15.1373],[107.7728,15.1349],[107.7755,15.1297],[107.777,15.1285],[107.7798,15.1211],[107.7843,15.1169],[107.786,15.1141],[107.7881,15.1125],[107.7887,15.1044],[107.7872,15.1034],[107.7861,15.0956],[107.7846,15.0925],[107.7862,15.0857],[107.7848,15.0801],[107.7865,15.078],[107.7861,15.0754],[107.7886,15.0719],[107.787,15.0687],[107.7873,15.0639],[107.7945,15.0561],[107.7964,15.0527],[107.7965,15.049],[107.7977,15.0478],[107.7957,15.0433],[107.7941,15.0414],[107.8015,15.0241],[107.8008,15.0198],[107.8023,15.0145],[107.8047,15.0133],[107.8064,15.0097],[107.8064,15.0074],[107.8111,15.0084],[107.8162,15.0061],[107.8187,15.0041],[107.8237,15.0032],[107.8311,15.0044],[107.8349,15.0084],[107.837,15.0077],[107.8409,15.0128],[107.845,15.0151],[107.8464,15.0183],[107.8537,15.0182],[107.8581,15.0167],[107.862,15.0166],[107.8646,15.0189],[107.8682,15.0202],[107.8721,15.019],[107.8734,15.0167],[107.8784,15.0143],[107.8801,15.0164],[107.882,15.0141],[107.8847,15.0158],[107.8867,15.0226],[107.8899,15.0223],[107.8935,15.0288],[107.8953,15.0294],[107.8968,15.0333],[107.8958,15.0363],[107.8971,15.0412],[107.8961,15.045],[107.8965,15.0472],[107.8952,15.0496],[107.8966,15.0523],[107.8958,15.0562],[107.8972,15.0579],[107.8946,15.0639],[107.8954,15.0656],[107.8897,15.0728],[107.8899,15.0743],[107.8862,15.0804],[107.888,15.0855],[107.8876,15.0867],[107.8901,15.0943],[107.8894,15.1037],[107.8906,15.1066],[107.8881,15.1086],[107.89,15.1132],[107.893,15.1123],[107.8936,15.1142],[107.8961,15.1155],[107.901,15.1166],[107.8943,15.1235],[107.8898,15.1236],[107.8859,15.1246],[107.8826,15.1287],[107.8838,15.1328],[107.8828,15.1351],[107.8831,15.1387],[107.8847,15.1428],[107.8886,15.1436],[107.8906,15.1462],[107.8911,15.1488],[107.8935,15.1513],[107.8963,15.1519],[107.9029,15.156],[107.9076,15.1559],[107.9082,15.1583],[107.9076,15.1619],[107.9102,15.1659],[107.9089,15.1694],[107.907,15.1716],[107.9062,15.1788],[107.9035,15.1822],[107.8981,15.1862],[107.8945,15.1867],[107.8905,15.1918],[107.8898,15.1938],[107.885,15.1965],[107.8801,15.1971],[107.8792,15.2016],[107.8759,15.2054],[107.8731,15.2098],[107.8699,15.2105],[107.8671,15.2099],[107.8612,15.2105],[107.8584,15.2093],[107.8549,15.2103],[107.8509,15.2075],[107.8424,15.2078],[107.8404,15.2089],[107.8378,15.2071],[107.835,15.2084],[107.8326,15.2081],[107.8288,15.2092],[107.8266,15.2118],[107.8221,15.214],[107.8209,15.2153]]]},"properties":{"ma_xa":"23356","ten_xa":"Xốp","sap_nhap":"Đăk Choong, Xốp ","tru_so":"đang cập nhật","loai":"Xã","cap":2,"stt":78,"dtich_km2":265.86,"dan_so":6518,"matdo_km2":24.52,"ma_tinh":"51","ten_tinh":"Quảng Ngãi"}},
{"type":"Feature","geometry":{"type":"Polygon","coordinates":[[[107.858,14.3214],[107.8531,14.3243],[107.8471,14.3288],[107.8385,14.3298],[107.8355,14.3361],[107.8351,14.3416],[107.836,14.3476],[107.8317,14.3471],[107.8301,14.348],[107.8307,14.3523],[107.833,14.3542],[107.8342,14.3568],[107.8342,14.3601],[107.8378,14.3652],[107.8364,14.3753],[107.8352,14.3771],[107.8245,14.3861],[107.8204,14.3889],[107.8168,14.3889],[107.8157,14.3833],[107.8139,14.3819],[107.8106,14.3828],[107.8068,14.3813],[107.8053,14.3757],[107.8024,14.3765],[107.8005,14.3738],[107.795,14.3686],[107.7903,14.3697],[107.7857,14.3697],[107.7816,14.3709],[107.7814,14.3732],[107.7735,14.3715],[107.7682,14.3697],[107.7629,14.3701],[107.7583,14.3717],[107.7545,14.3704],[107.746,14.3701],[107.7398,14.366],[107.7396,14.3638],[107.7372,14.3613],[107.7363,14.3581],[107.7328,14.3531],[107.7309,14.3474],[107.7278,14.344],[107.728,14.3415],[107.7227,14.3396],[107.7192,14.3373],[107.7188,14.3325],[107.7197,14.326],[107.7107,14.3292],[107.7033,14.3271],[107.6972,14.3273],[107.6939,14.3241],[107.6893,14.3233],[107.6847,14.3195],[107.6835,14.3177],[107.6844,14.314],[107.6821,14.3115],[107.6829,14.3019],[107.6822,14.2968],[107.6809,14.2929],[107.6796,14.2858],[107.6839,14.2834],[107.6838,14.2801],[107.6877,14.2787],[107.6896,14.275],[107.6915,14.2665],[107.6905,14.2582],[107.6892,14.2532],[107.6915,14.2516],[107.6941,14.2468],[107.6927,14.2358],[107.6939,14.2309],[107.6934,14.227],[107.6879,14.2223],[107.6877,14.221],[107.692,14.2202],[107.6955,14.2171],[107.7003,14.2155],[107.7071,14.217],[107.7129,14.214],[107.7158,14.2136],[107.7217,14.2154],[107.7291,14.2143],[107.7316,14.2134],[107.7383,14.2091],[107.7426,14.2073],[107.7487,14.2064],[107.7575,14.2025],[107.7601,14.2018],[107.7629,14.2029],[107.7634,14.2054],[107.7629,14.2124],[107.7642,14.2136],[107.7688,14.214],[107.7715,14.2156],[107.7728,14.2183],[107.7748,14.2187],[107.7783,14.216],[107.7807,14.2193],[107.7827,14.2247],[107.7846,14.2256],[107.7869,14.2246],[107.7886,14.2213],[107.7911,14.2208],[107.7946,14.2217],[107.7991,14.2197],[107.8054,14.2141],[107.808,14.2125],[107.8132,14.2132],[107.815,14.2143],[107.8176,14.2137],[107.8211,14.2186],[107.82,14.2214],[107.8213,14.2245],[107.8235,14.2243],[107.8266,14.2272],[107.8285,14.2329],[107.8346,14.2319],[107.8372,14.235],[107.8399,14.249],[107.8407,14.2555],[107.8384,14.2622],[107.8385,14.266],[107.8408,14.2689],[107.8445,14.2711],[107.8504,14.2722],[107.8528,14.2758],[107.8534,14.2849],[107.8549,14.2953],[107.8569,14.2991],[107.857,14.3034],[107.856,14.3059],[107.8511,14.3114],[107.8518,14.3131],[107.8565,14.3173],[107.858,14.3214]]]},"properties":{"ma_xa":"23548","ten_xa":"Ya Ly","sap_nhap":"Ya Xiêr, Ya Tăng, Ya Ly","tru_so":"đang cập nhật","loai":"Xã","cap":2,"stt":85,"dtich_km2":271.31,"dan_so":10726,"matdo_km2":39.53,"ma_tinh":"51","ten_tinh":"Quảng Ngãi"}}
]}