{"type":"FeatureCollection", "features": [
{"type":"Feature","geometry":{"type":"Polygon","coordinates":[[[109.2941,13.1725],[109.2933,13.1752],[109.291,13.1759],[109.2861,13.1798],[109.2856,13.1774],[109.2825,13.1792],[109.2812,13.1769],[109.2781,13.1746],[109.2765,13.1709],[109.2766,13.1688],[109.2656,13.1715],[109.2626,13.1728],[109.2547,13.1688],[109.2516,13.1678],[109.2505,13.1737],[109.2449,13.1725],[109.2442,13.1643],[109.2417,13.1635],[109.2428,13.16],[109.2411,13.1576],[109.2362,13.1541],[109.2319,13.1533],[109.2275,13.1565],[109.2233,13.1575],[109.2187,13.1548],[109.2153,13.154],[109.2119,13.1549],[109.2063,13.1612],[109.2046,13.1625],[109.196,13.1668],[109.1924,13.1667],[109.1866,13.1684],[109.183,13.1663],[109.1817,13.1582],[109.1799,13.1546],[109.1783,13.1536],[109.1896,13.1442],[109.1959,13.14],[109.2,13.1367],[109.2017,13.1299],[109.2047,13.1275],[109.2094,13.1286],[109.2114,13.1299],[109.2142,13.1284],[109.2164,13.1222],[109.2181,13.1151],[109.2223,13.1162],[109.226,13.1138],[109.2263,13.1124],[109.2305,13.111],[109.2359,13.1083],[109.2438,13.1073],[109.2455,13.1036],[109.2454,13.0985],[109.25,13.0977],[109.2518,13.099],[109.2563,13.0976],[109.2565,13.0953],[109.2614,13.0953],[109.2647,13.0938],[109.267,13.0953],[109.2722,13.097],[109.2758,13.0944],[109.284,13.1016],[109.2907,13.1058],[109.2978,13.1077],[109.3102,13.1131],[109.3043,13.1214],[109.3001,13.1284],[109.2969,13.1357],[109.2944,13.1431],[109.2927,13.1505],[109.2922,13.1572],[109.2927,13.1633],[109.2941,13.1699],[109.2941,13.1725]]]},"properties":{"ma_xa":"22045","ten_xa":"Bình Kiến","sap_nhap":"An Phú, Hòa Kiến, Bình Kiến, Phường 9 (1 phần)","tru_so":"đang cập nhật","loai":"Phường","cap":2,"stt":71,"dtich_km2":73.71,"dan_so":44406,"matdo_km2":602.44,"ma_tinh":"66","ten_tinh":"Đắk Lắk"}},
{"type":"Feature","geometry":{"type":"Polygon","coordinates":[[[107.7051,13.0693],[107.7001,13.0719],[107.6783,13.0716],[107.6633,13.0694],[107.6536,13.0701],[107.6471,13.0718],[107.6442,13.0718],[107.6373,13.073],[107.6341,13.0751],[107.6224,13.0738],[107.6108,13.0768],[107.5999,13.078],[107.5869,13.0802],[107.5818,13.0814],[107.5798,13.0836],[107.5765,13.0837],[107.5643,13.0866],[107.5595,13.088],[107.5513,13.0886],[107.538,13.0873],[107.5281,13.0851],[107.5179,13.0837],[107.5114,13.085],[107.4931,13.0432],[107.4896,13.0333],[107.4919,13.0265],[107.4939,13.0267],[107.4946,13.0226],[107.4916,13.0199],[107.4915,13.0158],[107.493,13.011],[107.4909,13.0044],[107.4911,13.0011],[107.4981,12.9982],[107.498,12.9917],[107.4964,12.9881],[107.4978,12.982],[107.4999,12.9791],[107.5035,12.9772],[107.5035,12.9738],[107.499,12.9728],[107.495,12.9738],[107.4894,12.9715],[107.4873,12.9699],[107.4871,12.9677],[107.49,12.9646],[107.4867,12.9615],[107.4861,12.9598],[107.4867,12.9547],[107.4851,12.9532],[107.4875,12.9494],[107.4842,12.9481],[107.4853,12.9457],[107.4848,12.9428],[107.4874,12.9425],[107.4931,12.937],[107.4922,12.9314],[107.4943,12.9294],[107.4926,12.9271],[107.4926,12.9239],[107.4949,12.9237],[107.4961,12.9194],[107.5022,12.9156],[107.4995,12.9111],[107.4965,12.9108],[107.4947,12.9092],[107.4972,12.9045],[107.4914,12.8982],[107.4921,12.894],[107.4966,12.893],[107.4986,12.8776],[107.5016,12.8752],[107.5034,12.8719],[107.5076,12.8696],[107.5107,12.8698],[107.513,12.8655],[107.5132,12.8628],[107.5114,12.8575],[107.521,12.8543],[107.5253,12.8484],[107.5258,12.8437],[107.5272,12.8397],[107.5319,12.8393],[107.5409,12.8348],[107.5425,12.8331],[107.5419,12.8295],[107.5433,12.8263],[107.5466,12.8216],[107.5495,12.8233],[107.5522,12.8178],[107.5545,12.8173],[107.5526,12.8131],[107.5522,12.8073],[107.5548,12.8037],[107.557,12.8047],[107.5604,12.7954],[107.5633,12.7966],[107.5705,12.7978],[107.5757,12.7979],[107.5774,12.7965],[107.5824,12.7954],[107.5861,12.7959],[107.5887,12.7952],[107.5927,12.7961],[107.5934,12.7982],[107.5959,12.8002],[107.5999,12.8016],[107.6025,12.798],[107.6048,12.7978],[107.6077,12.7959],[107.6114,12.7971],[107.6146,12.7992],[107.6182,12.8],[107.6227,12.8],[107.629,12.803],[107.6344,12.8039],[107.6402,12.7967],[107.643,12.7958],[107.6501,12.7967],[107.6547,12.7979],[107.6609,12.7984],[107.6645,12.7961],[107.6693,12.7963],[107.6786,12.7919],[107.6819,12.7915],[107.6866,12.7891],[107.6889,12.79],[107.7038,12.7885],[107.7089,12.7868],[107.7141,12.7869],[107.7251,12.7851],[107.7317,12.781],[107.7433,12.7846],[107.748,12.7833],[107.7479,12.7806],[107.7527,12.7805],[107.7617,12.7785],[107.765,12.7805],[107.7716,12.7792],[107.7808,12.7782],[107.786,12.7786],[107.7941,12.7805],[107.7964,12.7796],[107.8025,12.7799],[107.8059,12.7833],[107.8075,12.7866],[107.8114,12.785],[107.8115,12.7884],[107.8134,12.7895],[107.8181,12.7896],[107.8199,12.7957],[107.8222,12.7965],[107.8218,12.7987],[107.824,12.802],[107.8199,12.8054],[107.8164,12.8113],[107.8159,12.8159],[107.8172,12.8223],[107.8175,12.8291],[107.8163,12.8303],[107.8208,12.8386],[107.8222,12.8432],[107.8197,12.8486],[107.816,12.8527],[107.8116,12.8521],[107.8113,12.8554],[107.8136,12.8573],[107.8128,12.8611],[107.808,12.8643],[107.8059,12.8672],[107.8054,12.874],[107.8068,12.8755],[107.813,12.8732],[107.8175,12.8733],[107.8203,12.8773],[107.8218,12.8811],[107.8276,12.8818],[107.83,12.8846],[107.8337,12.8843],[107.8381,12.8854],[107.8403,12.8885],[107.8418,12.8942],[107.8472,12.8945],[107.8485,12.8984],[107.852,12.9026],[107.8549,12.9032],[107.8564,12.9069],[107.8606,12.908],[107.8737,12.9065],[107.8828,12.9037],[107.8857,12.9046],[107.9011,12.9053],[107.9041,12.9052],[107.9073,12.9063],[107.9205,12.908],[107.9227,12.909],[107.926,12.9113],[107.9313,12.92],[107.9327,12.9236],[107.9358,12.9271],[107.9367,12.9292],[107.9403,12.9302],[107.9431,12.9329],[107.9462,12.9373],[107.9469,12.9397],[107.9489,12.9417],[107.9507,12.9467],[107.9524,12.9494],[107.9557,12.9509],[107.9582,12.9555],[107.957,12.9564],[107.9616,12.9596],[107.9666,12.9603],[107.968,12.9623],[107.9667,12.965],[107.9688,12.9748],[107.9717,12.9754],[107.9678,12.98],[107.9655,12.9886],[107.9671,12.9895],[107.9678,12.9929],[107.9645,12.9984],[107.966,13.0042],[107.9624,13.0085],[107.9635,13.0107],[107.9601,13.008],[107.9559,13.0018],[107.9472,12.9879],[107.937,12.9837],[107.9329,12.9836],[107.9263,12.9807],[107.9239,12.9785],[107.9173,12.9779],[107.9162,12.9755],[107.9127,12.9747],[107.9088,12.9776],[107.9077,12.9728],[107.9048,12.9711],[107.9033,12.9664],[107.9012,12.9657],[107.9022,12.9626],[107.9048,12.959],[107.9057,12.9562],[107.9037,12.9531],[107.9009,12.9519],[107.8991,12.9527],[107.8953,12.9568],[107.893,12.9581],[107.8875,12.9585],[107.8852,12.9618],[107.8853,12.9668],[107.8872,12.9707],[107.8832,12.973],[107.8787,12.98],[107.876,12.9834],[107.8689,12.9844],[107.8673,12.9838],[107.861,12.9844],[107.8577,12.9834],[107.8528,12.9855],[107.8526,12.9891],[107.8453,12.9952],[107.8458,12.9995],[107.8429,12.9987],[107.8379,12.9951],[107.8342,12.9958],[107.8204,12.9969],[107.8153,12.9997],[107.8024,13.0003],[107.7936,12.999],[107.7882,12.9964],[107.7695,12.9917],[107.7654,12.9951],[107.7651,12.9969],[107.7422,13.0212],[107.737,13.0208],[107.7335,13.0225],[107.729,13.0269],[107.7285,13.0284],[107.7249,13.0319],[107.7244,13.0346],[107.721,13.0387],[107.7177,13.0455],[107.7153,13.0487],[107.7141,13.0519],[107.7149,13.0551],[107.7097,13.0645],[107.7068,13.0683],[107.7051,13.0693]]]},"properties":{"ma_xa":"24235","ten_xa":"Buôn Đôn","sap_nhap":"Krông Na","tru_so":"đang cập nhật","loai":"Xã","cap":2,"stt":17,"dtich_km2":1113.79,"dan_so":6582,"matdo_km2":5.91,"ma_tinh":"66","ten_tinh":"Đắk Lắk"}},
{"type":"Feature","geometry":{"type":"Polygon","coordinates":[[[108.2822,12.9294],[108.28,12.9329],[108.2801,12.9357],[108.2779,12.9374],[108.2733,12.9388],[108.2713,12.9421],[108.272,12.9466],[108.2696,12.9484],[108.2631,12.9467],[108.2592,12.9449],[108.255,12.9412],[108.2484,12.9481],[108.2467,12.9482],[108.2432,12.9459],[108.2438,12.9434],[108.2407,12.9423],[108.2359,12.9391],[108.2325,12.9383],[108.2324,12.9365],[108.2293,12.9316],[108.226,12.9292],[108.2279,12.9266],[108.2284,12.9222],[108.2305,12.9219],[108.2314,12.9183],[108.2307,12.9152],[108.2337,12.9116],[108.2299,12.91],[108.2263,12.905],[108.226,12.9019],[108.2151,12.9017],[108.2116,12.9011],[108.2121,12.897],[108.2141,12.8962],[108.2148,12.8887],[108.2165,12.8871],[108.2149,12.8843],[108.2127,12.8828],[108.2127,12.881],[108.2159,12.8772],[108.217,12.8731],[108.2214,12.8695],[108.2208,12.8678],[108.2162,12.8663],[108.2166,12.8646],[108.2153,12.8606],[108.2182,12.8574],[108.2214,12.8494],[108.2224,12.8479],[108.2289,12.848],[108.2321,12.8473],[108.2339,12.8438],[108.2409,12.8466],[108.2428,12.8456],[108.2493,12.8464],[108.2527,12.848],[108.2605,12.8471],[108.2678,12.8475],[108.2688,12.8481],[108.2702,12.8482],[108.2776,12.8451],[108.281,12.8453],[108.2836,12.8494],[108.2783,12.8522],[108.2748,12.8516],[108.2721,12.8523],[108.2717,12.855],[108.2699,12.857],[108.2698,12.8612],[108.2671,12.8651],[108.2695,12.8693],[108.2724,12.8704],[108.2772,12.8708],[108.2778,12.876],[108.2829,12.8774],[108.2819,12.8791],[108.2824,12.884],[108.2836,12.8859],[108.2822,12.8876],[108.283,12.8904],[108.2779,12.8926],[108.2774,12.8954],[108.2789,12.8982],[108.2811,12.8968],[108.2851,12.8993],[108.2849,12.9026],[108.2873,12.9053],[108.2867,12.9093],[108.2838,12.9128],[108.2815,12.9132],[108.2814,12.9164],[108.2865,12.9194],[108.2854,12.9209],[108.2872,12.924],[108.2822,12.9294]]]},"properties":{"ma_xa":"24305","ten_xa":"Buôn Hồ","sap_nhap":"Đạt Hiếu, An Bình, An Lạc, Thiện An, Thống Nhất, Đoàn Kết","tru_so":"đang cập nhật","loai":"Phường","cap":2,"stt":8,"dtich_km2":66.54,"dan_so":62780,"matdo_km2":943.49,"ma_tinh":"66","ten_tinh":"Đắk Lắk"}},
{"type":"Feature","geometry":{"type":"Polygon","coordinates":[[[108.0793,12.742],[108.0698,12.7421],[108.07,12.7459],[108.0609,12.7465],[108.0616,12.7416],[108.0538,12.7439],[108.0488,12.744],[108.0463,12.7452],[108.042,12.7434],[108.0392,12.7443],[108.0339,12.7445],[108.0302,12.7439],[108.028,12.7461],[108.0255,12.7463],[108.0235,12.7378],[108.0201,12.7377],[108.0165,12.7355],[108.0123,12.7355],[108.0047,12.7379],[108.002,12.7367],[107.9981,12.7364],[107.9959,12.7409],[107.9935,12.7417],[107.9892,12.7411],[107.9831,12.7379],[107.9811,12.7393],[107.9782,12.7368],[107.9759,12.7407],[107.9731,12.7438],[107.9674,12.7419],[107.9664,12.7395],[107.9665,12.7364],[107.968,12.7311],[107.97,12.7296],[107.9777,12.7132],[107.9799,12.7111],[107.9811,12.7047],[107.9825,12.7042],[107.9839,12.6995],[107.9885,12.6987],[107.9951,12.6989],[107.9982,12.6957],[108.003,12.6946],[108.0066,12.6909],[108.01,12.6902],[108.0144,12.6864],[108.02,12.6849],[108.0265,12.6896],[108.0272,12.6875],[108.0314,12.6863],[108.0313,12.6825],[108.0279,12.6821],[108.028,12.6773],[108.0248,12.6761],[108.0247,12.6726],[108.0222,12.6723],[108.014,12.6765],[108.0064,12.6766],[108.0043,12.6729],[108.0033,12.6694],[108.0029,12.6641],[108.0017,12.6624],[108.0063,12.6593],[108.0095,12.6598],[108.0111,12.6587],[108.0116,12.6607],[108.0147,12.661],[108.0164,12.6624],[108.0205,12.6623],[108.0212,12.6599],[108.0234,12.6596],[108.0265,12.6622],[108.0289,12.6584],[108.036,12.6641],[108.0392,12.6672],[108.0436,12.6637],[108.049,12.6647],[108.0509,12.6609],[108.0556,12.6603],[108.0599,12.6553],[108.065,12.6562],[108.0674,12.6569],[108.0678,12.66],[108.0652,12.66],[108.0609,12.6626],[108.0608,12.6666],[108.0625,12.6678],[108.0614,12.6719],[108.0594,12.6749],[108.0594,12.678],[108.0572,12.6808],[108.0572,12.687],[108.0583,12.6891],[108.0561,12.6947],[108.0642,12.7046],[108.0649,12.7059],[108.0762,12.7201],[108.0786,12.7225],[108.0793,12.742]]]},"properties":{"ma_xa":"24133","ten_xa":"Buôn Ma Thuột","sap_nhap":"Thành Công, Tân Tiến, Tân Thành, Tự An, Tân Lợi, Cư Êbur","tru_so":"đang cập nhật","loai":"Phường","cap":2,"stt":2,"dtich_km2":71.99,"dan_so":169596,"matdo_km2":2355.83,"ma_tinh":"66","ten_tinh":"Đắk Lắk"}},
{"type":"Feature","geometry":{"type":"Polygon","coordinates":[[[108.2688,12.8481],[108.2678,12.8475],[108.2605,12.8471],[108.2527,12.848],[108.2493,12.8464],[108.2428,12.8456],[108.2409,12.8466],[108.2339,12.8438],[108.2321,12.8473],[108.2289,12.848],[108.2224,12.8479],[108.2214,12.8494],[108.2182,12.8574],[108.2153,12.8606],[108.2166,12.8646],[108.2162,12.8663],[108.2115,12.8654],[108.2077,12.8618],[108.2038,12.8602],[108.2037,12.858],[108.2011,12.8576],[108.1961,12.8528],[108.1946,12.8474],[108.192,12.8447],[108.1912,12.8425],[108.192,12.8386],[108.1916,12.8358],[108.1886,12.8323],[108.1879,12.8303],[108.1905,12.83],[108.1957,12.8264],[108.2004,12.825],[108.2044,12.8253],[108.2062,12.8232],[108.2086,12.8174],[108.2044,12.8058],[108.2018,12.8028],[108.1992,12.7974],[108.1967,12.795],[108.2003,12.7902],[108.2018,12.7899],[108.2059,12.7916],[108.2146,12.7888],[108.2183,12.7828],[108.2202,12.7813],[108.2266,12.7638],[108.2276,12.759],[108.2309,12.7598],[108.2348,12.7578],[108.239,12.7585],[108.2487,12.7584],[108.2519,12.7591],[108.2542,12.7571],[108.2588,12.7567],[108.2608,12.7544],[108.2616,12.7549],[108.2707,12.7546],[108.2718,12.7558],[108.2705,12.7599],[108.2771,12.7648],[108.2815,12.766],[108.2873,12.7637],[108.2943,12.7635],[108.3012,12.7678],[108.3085,12.7778],[108.3099,12.7778],[108.3105,12.7851],[108.3154,12.7937],[108.3144,12.802],[108.3152,12.8044],[108.312,12.8081],[108.3105,12.8116],[108.3115,12.813],[108.3102,12.817],[108.3114,12.8183],[108.3102,12.8216],[108.3061,12.824],[108.2996,12.8215],[108.295,12.8213],[108.2941,12.8228],[108.2899,12.8241],[108.2886,12.8267],[108.2844,12.8235],[108.2822,12.8268],[108.2777,12.8252],[108.2772,12.828],[108.2741,12.8336],[108.2729,12.8387],[108.2702,12.8412],[108.2706,12.8426],[108.2688,12.8481]]]},"properties":{"ma_xa":"24340","ten_xa":"Cư Bao","sap_nhap":"Bình Tân, Bình Thuận, Cư Bao","tru_so":"đang cập nhật","loai":"Phường","cap":2,"stt":9,"dtich_km2":104.94,"dan_so":36911,"matdo_km2":351.73,"ma_tinh":"66","ten_tinh":"Đắk Lắk"}},
{"type":"Feature","geometry":{"type":"Polygon","coordinates":[[[108.1297,12.8417],[108.134,12.8437],[108.1401,12.8445],[108.1438,12.8459],[108.1458,12.8491],[108.1444,12.8517],[108.1415,12.8526],[108.1411,12.86],[108.1426,12.86],[108.1448,12.8638],[108.1436,12.8649],[108.1402,12.8645],[108.1381,12.8664],[108.1341,12.863],[108.1296,12.8615],[108.1295,12.8658],[108.1269,12.8682],[108.1286,12.877],[108.1297,12.8852],[108.127,12.8865],[108.1291,12.8943],[108.1268,12.8969],[108.1196,12.896],[108.1165,12.895],[108.1168,12.8992],[108.1139,12.9024],[108.1145,12.904],[108.1106,12.9074],[108.1053,12.9065],[108.1001,12.9063],[108.0963,12.9038],[108.0893,12.9034],[108.0876,12.9051],[108.0811,12.9072],[108.0808,12.912],[108.0838,12.9132],[108.0786,12.9229],[108.0751,12.9237],[108.0748,12.9258],[108.0704,12.9275],[108.0673,12.9253],[108.0625,12.9192],[108.0548,12.9209],[108.0529,12.9175],[108.049,12.9193],[108.0462,12.9182],[108.0419,12.9197],[108.038,12.9171],[108.0336,12.9163],[108.03,12.9168],[108.0282,12.9186],[108.0234,12.9183],[108.0241,12.9123],[108.0231,12.9091],[108.0255,12.9088],[108.0254,12.9063],[108.0268,12.9027],[108.0237,12.8989],[108.0217,12.898],[108.0178,12.8982],[108.0157,12.8965],[108.0151,12.8887],[108.0161,12.8839],[108.0116,12.8799],[108.0129,12.8762],[108.0122,12.8681],[108.0162,12.8615],[108.0138,12.856],[108.0099,12.8551],[108.0129,12.8497],[108.0121,12.8468],[108.0138,12.8453],[108.0136,12.8403],[108.0106,12.8379],[108.0096,12.833],[108.0066,12.8326],[108.0061,12.8281],[108.0068,12.8265],[108.0115,12.8249],[108.0137,12.8268],[108.0215,12.8265],[108.0237,12.8254],[108.0263,12.8242],[108.0311,12.8273],[108.037,12.8274],[108.039,12.8246],[108.0455,12.8245],[108.0475,12.8261],[108.0511,12.825],[108.0544,12.8257],[108.0607,12.8229],[108.0707,12.8224],[108.0706,12.8238],[108.0756,12.8235],[108.0761,12.8318],[108.0819,12.8364],[108.0858,12.838],[108.09,12.8407],[108.0928,12.8435],[108.1042,12.835],[108.1082,12.842],[108.1114,12.8413],[108.118,12.8384],[108.1184,12.8402],[108.1225,12.8384],[108.1255,12.8389],[108.1268,12.841],[108.1297,12.8417]]]},"properties":{"ma_xa":"24280","ten_xa":"Cư M’gar","sap_nhap":"Ea H’đing, Ea Kpam, Cư M’gar","tru_so":"đang cập nhật","loai":"Xã","cap":2,"stt":22,"dtich_km2":114.98,"dan_so":32368,"matdo_km2":281.51,"ma_tinh":"66","ten_tinh":"Đắk Lắk"}},
{"type":"Feature","geometry":{"type":"Polygon","coordinates":[[[108.9912,12.7047],[108.9921,12.7092],[108.995,12.715],[108.9934,12.7184],[108.9947,12.7206],[108.9902,12.7233],[108.9868,12.7278],[108.9864,12.7351],[108.9848,12.7382],[108.9844,12.7445],[108.9882,12.7468],[108.9884,12.7512],[108.9913,12.754],[108.9908,12.7586],[108.9914,12.761],[108.9874,12.7673],[108.9858,12.7708],[108.9869,12.7725],[108.9883,12.7778],[108.9873,12.7822],[108.9846,12.7834],[108.9808,12.7828],[108.9808,12.7866],[108.9773,12.7844],[108.9746,12.7866],[108.9753,12.79],[108.9725,12.7898],[108.976,12.7963],[108.9747,12.7997],[108.9713,12.7995],[108.9741,12.8047],[108.9738,12.8071],[108.9717,12.8085],[108.9722,12.8153],[108.9705,12.8163],[108.9632,12.816],[108.96,12.8133],[108.9569,12.8116],[108.9521,12.8103],[108.9476,12.8109],[108.9461,12.8061],[108.9448,12.8055],[108.9412,12.8072],[108.94,12.805],[108.9402,12.8022],[108.9369,12.8014],[108.9377,12.7963],[108.9402,12.7922],[108.9396,12.7896],[108.937,12.7904],[108.9331,12.7863],[108.9299,12.7849],[108.9334,12.7804],[108.9376,12.778],[108.9335,12.7747],[108.9335,12.778],[108.9308,12.7799],[108.9281,12.7755],[108.9265,12.7741],[108.9278,12.7694],[108.9257,12.7657],[108.9229,12.7677],[108.9207,12.7623],[108.9194,12.7604],[108.9162,12.7596],[108.9167,12.7647],[108.9183,12.7678],[108.9163,12.7715],[108.9138,12.7687],[108.9111,12.7683],[108.9096,12.7642],[108.9076,12.7621],[108.9008,12.7626],[108.8977,12.7558],[108.8998,12.7544],[108.8985,12.7525],[108.8944,12.7532],[108.8919,12.7525],[108.8919,12.7494],[108.8872,12.7473],[108.8831,12.7494],[108.8776,12.7494],[108.8765,12.7566],[108.8713,12.7586],[108.8687,12.7574],[108.8684,12.7545],[108.861,12.7542],[108.8604,12.7521],[108.8561,12.7502],[108.8528,12.7517],[108.8497,12.7517],[108.8427,12.7484],[108.8424,12.7456],[108.8385,12.7454],[108.8379,12.7416],[108.8327,12.7381],[108.8287,12.7401],[108.8267,12.7427],[108.8212,12.7383],[108.8186,12.7415],[108.8145,12.7437],[108.8119,12.743],[108.811,12.741],[108.8079,12.7416],[108.806,12.7433],[108.803,12.7438],[108.7995,12.7413],[108.797,12.7434],[108.7944,12.7471],[108.7922,12.7483],[108.7897,12.7533],[108.7876,12.7537],[108.7848,12.7519],[108.775,12.7616],[108.7738,12.7646],[108.7677,12.7687],[108.7678,12.7706],[108.7647,12.7718],[108.7626,12.7744],[108.7599,12.7691],[108.7577,12.7674],[108.7549,12.7634],[108.7553,12.7611],[108.7524,12.7588],[108.748,12.7532],[108.7465,12.7503],[108.7463,12.7445],[108.7436,12.7416],[108.7461,12.7402],[108.7467,12.7363],[108.7486,12.733],[108.7461,12.7296],[108.7432,12.7279],[108.737,12.7306],[108.7352,12.7251],[108.7326,12.7239],[108.7331,12.7188],[108.737,12.713],[108.7392,12.7111],[108.7444,12.7086],[108.7448,12.7074],[108.7496,12.7032],[108.7495,12.6983],[108.7531,12.6914],[108.7572,12.6903],[108.7583,12.6855],[108.7602,12.6829],[108.7632,12.6809],[108.7638,12.6781],[108.7661,12.6748],[108.7688,12.6663],[108.7746,12.6496],[108.7768,12.649],[108.7781,12.6461],[108.7813,12.6451],[108.7863,12.6488],[108.7949,12.6518],[108.7947,12.6545],[108.7958,12.6587],[108.8018,12.667],[108.8019,12.6685],[108.8069,12.6699],[108.811,12.6746],[108.8145,12.6805],[108.8183,12.6852],[108.8237,12.6854],[108.8272,12.6874],[108.8304,12.6867],[108.8335,12.6841],[108.8384,12.683],[108.8441,12.6801],[108.8487,12.6797],[108.8515,12.681],[108.8542,12.6778],[108.857,12.6758],[108.8611,12.6747],[108.8605,12.6694],[108.8662,12.6661],[108.8704,12.6626],[108.8746,12.6629],[108.8768,12.6614],[108.8798,12.6652],[108.8832,12.6666],[108.8887,12.6675],[108.893,12.6716],[108.8967,12.6727],[108.9005,12.6727],[108.9034,12.6707],[108.9087,12.6645],[108.9114,12.6634],[108.914,12.6606],[108.9139,12.6548],[108.9125,12.6499],[108.9128,12.6461],[108.9121,12.6399],[108.9184,12.6379],[108.921,12.6405],[108.9234,12.6412],[108.9261,12.6401],[108.929,12.6432],[108.9314,12.6434],[108.936,12.6483],[108.9409,12.6473],[108.9401,12.6528],[108.9383,12.6546],[108.9375,12.6599],[108.9396,12.662],[108.9418,12.666],[108.9435,12.6719],[108.9462,12.6741],[108.9471,12.6776],[108.9508,12.6804],[108.9555,12.6872],[108.9587,12.6849],[108.9629,12.684],[108.9658,12.6856],[108.9712,12.6831],[108.9761,12.6831],[108.9782,12.6821],[108.984,12.6886],[108.9869,12.6894],[108.9893,12.6928],[108.9863,12.6974],[108.9877,12.7005],[108.9866,12.7039],[108.9912,12.7047]]]},"properties":{"ma_xa":"24436","ten_xa":"Cư M’ta","sap_nhap":"Cư Króa, Cư M’ta","tru_so":"đang cập nhật","loai":"Xã","cap":2,"stt":49,"dtich_km2":261.06,"dan_so":13592,"matdo_km2":52.06,"ma_tinh":"66","ten_tinh":"Đắk Lắk"}},
{"type":"Feature","geometry":{"type":"Polygon","coordinates":[[[108.1851,13.1227],[108.1824,13.1231],[108.1789,13.1199],[108.1699,13.1218],[108.1668,13.1249],[108.1637,13.124],[108.1613,13.1212],[108.1592,13.1214],[108.152,13.1174],[108.1469,13.1154],[108.1434,13.115],[108.1403,13.1124],[108.1382,13.109],[108.1388,13.1053],[108.1367,13.1011],[108.1345,13.0998],[108.1335,13.0953],[108.1302,13.0899],[108.1305,13.0885],[108.1268,13.0833],[108.1223,13.0822],[108.1203,13.0791],[108.1182,13.0778],[108.1114,13.0763],[108.1083,13.0735],[108.1099,13.0716],[108.107,13.0659],[108.1033,13.0715],[108.1025,13.0676],[108.1004,13.0654],[108.1011,13.0626],[108.0999,13.0595],[108.0962,13.0589],[108.1002,13.0567],[108.1032,13.0578],[108.1073,13.057],[108.1084,13.0544],[108.1076,13.0514],[108.1096,13.0496],[108.1102,13.0455],[108.1076,13.0462],[108.1041,13.0458],[108.1019,13.0437],[108.1009,13.0407],[108.1016,13.0365],[108.1043,13.0299],[108.1039,13.0263],[108.1024,13.0238],[108.1025,13.0204],[108.101,13.0115],[108.1017,13.011],[108.1001,13.0057],[108.1031,13.0037],[108.1057,13.0042],[108.1051,12.9983],[108.1053,12.992],[108.1035,12.9901],[108.1046,12.9857],[108.1093,12.9823],[108.115,12.9805],[108.1164,12.9788],[108.1208,12.9773],[108.1251,12.9774],[108.126,12.9739],[108.1292,12.9695],[108.128,12.9655],[108.1292,12.9632],[108.1315,12.9638],[108.1347,12.968],[108.1411,12.9738],[108.1426,12.9769],[108.1532,12.979],[108.1565,12.9776],[108.1621,12.9734],[108.1718,12.9715],[108.174,12.9696],[108.1752,12.9728],[108.1791,12.9787],[108.1794,12.9816],[108.1819,12.9823],[108.188,12.9874],[108.193,12.9881],[108.1936,12.9891],[108.1933,12.9909],[108.1888,12.9933],[108.1896,12.9971],[108.1916,12.9977],[108.1911,13.0009],[108.1931,13.0009],[108.1931,13.0051],[108.1919,13.0068],[108.1926,13.012],[108.1898,13.0137],[108.1906,13.0163],[108.1885,13.0195],[108.1926,13.0216],[108.1931,13.0232],[108.1901,13.0303],[108.1986,13.0359],[108.2039,13.0356],[108.2077,13.0384],[108.211,13.0386],[108.2112,13.0409],[108.213,13.0435],[108.2051,13.0434],[108.202,13.0429],[108.2008,13.0445],[108.1978,13.0451],[108.1927,13.0427],[108.1915,13.044],[108.1844,13.046],[108.1855,13.0477],[108.1889,13.0468],[108.1892,13.0487],[108.1857,13.0501],[108.1832,13.0533],[108.1829,13.0577],[108.1849,13.0615],[108.1845,13.0671],[108.1807,13.067],[108.183,13.0703],[108.1858,13.0697],[108.1879,13.0714],[108.1899,13.071],[108.1915,13.0735],[108.1955,13.0773],[108.1986,13.0794],[108.1961,13.0813],[108.1909,13.0876],[108.1908,13.0897],[108.1941,13.0914],[108.1981,13.0968],[108.2021,13.0969],[108.2058,13.0989],[108.2049,13.1012],[108.206,13.105],[108.203,13.1074],[108.1984,13.1094],[108.1962,13.1114],[108.1908,13.1197],[108.1876,13.12],[108.1851,13.1227]]]},"properties":{"ma_xa":"24313","ten_xa":"Cư Pơng","sap_nhap":"Ea Sin, Cư Pơng","tru_so":"đang cập nhật","loai":"Xã","cap":2,"stt":26,"dtich_km2":137.81,"dan_so":17687,"matdo_km2":128.34,"ma_tinh":"66","ten_tinh":"Đắk Lắk"}},
{"type":"Feature","geometry":{"type":"Polygon","coordinates":[[[108.774,12.8987],[108.7729,12.9082],[108.7711,12.9118],[108.7703,12.9164],[108.765,12.9192],[108.7625,12.9223],[108.7606,12.9277],[108.7616,12.9312],[108.7578,12.934],[108.756,12.9339],[108.7538,12.9398],[108.7535,12.9448],[108.7475,12.9459],[108.7437,12.9485],[108.7356,12.9479],[108.7336,12.952],[108.7247,12.9527],[108.7239,12.9518],[108.7201,12.9542],[108.7178,12.9482],[108.7147,12.9466],[108.7111,12.9458],[108.7107,12.9429],[108.7138,12.9393],[108.7178,12.9357],[108.7225,12.9349],[108.7249,12.9319],[108.7247,12.9253],[108.7217,12.9203],[108.7151,12.9167],[108.7103,12.9161],[108.7046,12.9146],[108.6994,12.9115],[108.6903,12.9109],[108.6811,12.9093],[108.6746,12.9093],[108.6714,12.9085],[108.6571,12.9063],[108.6478,12.9053],[108.6404,12.9037],[108.6252,12.8995],[108.6205,12.8975],[108.6176,12.8947],[108.6141,12.8937],[108.6126,12.892],[108.6132,12.883],[108.6105,12.8762],[108.6109,12.8719],[108.61,12.8654],[108.6031,12.8667],[108.5985,12.8637],[108.5982,12.8612],[108.5961,12.8607],[108.5946,12.8571],[108.5954,12.8545],[108.594,12.8507],[108.5947,12.8471],[108.5934,12.8451],[108.5918,12.8394],[108.5898,12.8349],[108.5935,12.8311],[108.592,12.8286],[108.5977,12.8241],[108.596,12.8201],[108.5958,12.8142],[108.5914,12.8123],[108.5894,12.807],[108.5873,12.8057],[108.5881,12.8032],[108.5854,12.8003],[108.5819,12.7986],[108.5835,12.7942],[108.5856,12.7908],[108.5884,12.7882],[108.5887,12.785],[108.5908,12.7836],[108.5916,12.7806],[108.5963,12.7778],[108.599,12.7766],[108.6026,12.7736],[108.6037,12.7713],[108.6072,12.7694],[108.609,12.7704],[108.6122,12.7685],[108.6188,12.7674],[108.6206,12.7691],[108.6257,12.7679],[108.628,12.7689],[108.6332,12.7688],[108.6374,12.7706],[108.6419,12.7687],[108.6493,12.7679],[108.6499,12.7689],[108.6553,12.7708],[108.6571,12.7722],[108.6551,12.775],[108.6474,12.7805],[108.6469,12.7831],[108.6444,12.786],[108.6461,12.7958],[108.65,12.7978],[108.6516,12.8009],[108.6551,12.8014],[108.6655,12.8069],[108.6665,12.8056],[108.6764,12.8015],[108.6797,12.8009],[108.6826,12.8039],[108.6877,12.8049],[108.6923,12.8045],[108.6912,12.8091],[108.6919,12.8146],[108.6908,12.8206],[108.6885,12.8256],[108.6887,12.8291],[108.6826,12.8373],[108.6828,12.8409],[108.6878,12.8405],[108.6887,12.8414],[108.6888,12.8492],[108.6925,12.8498],[108.6943,12.8519],[108.6939,12.8609],[108.6907,12.861],[108.6883,12.8628],[108.6905,12.8728],[108.693,12.874],[108.6972,12.8734],[108.698,12.8749],[108.7031,12.8727],[108.7064,12.8735],[108.7135,12.8714],[108.7134,12.8693],[108.7208,12.8684],[108.7263,12.8643],[108.7319,12.8633],[108.7334,12.8599],[108.736,12.8595],[108.7426,12.851],[108.746,12.8481],[108.7489,12.8491],[108.7677,12.8575],[108.7707,12.8584],[108.7737,12.8634],[108.7782,12.8649],[108.7826,12.8682],[108.7893,12.8634],[108.7934,12.8679],[108.7894,12.871],[108.7887,12.8753],[108.786,12.8775],[108.7842,12.886],[108.7846,12.8898],[108.7824,12.8926],[108.7808,12.8966],[108.7775,12.8987],[108.774,12.8987]]]},"properties":{"ma_xa":"24415","ten_xa":"Cư Prao","sap_nhap":"Ea Pil, Cư Prao","tru_so":"đang cập nhật","loai":"Xã","cap":2,"stt":51,"dtich_km2":204.89,"dan_so":13765,"matdo_km2":67.18,"ma_tinh":"66","ten_tinh":"Đắk Lắk"}},
{"type":"Feature","geometry":{"type":"Polygon","coordinates":[[[108.7188,12.5522],[108.7184,12.5576],[108.7152,12.5601],[108.7166,12.563],[108.715,12.5641],[108.7112,12.5641],[108.7076,12.5663],[108.7082,12.5695],[108.7121,12.572],[108.7096,12.5748],[108.7042,12.5783],[108.7029,12.5818],[108.7002,12.5827],[108.6997,12.5845],[108.6956,12.5869],[108.6942,12.596],[108.6918,12.5972],[108.6918,12.5999],[108.6894,12.6037],[108.686,12.6048],[108.6838,12.6041],[108.6797,12.6067],[108.684,12.6116],[108.6813,12.6133],[108.6807,12.6154],[108.6753,12.619],[108.6747,12.6169],[108.6758,12.6113],[108.6723,12.6057],[108.6677,12.6042],[108.6657,12.5984],[108.6601,12.5986],[108.6573,12.594],[108.6552,12.5919],[108.6498,12.5901],[108.6461,12.5894],[108.642,12.5914],[108.6396,12.5881],[108.6368,12.588],[108.6323,12.589],[108.6289,12.5869],[108.6281,12.5845],[108.6181,12.5818],[108.6151,12.5793],[108.6134,12.5792],[108.6113,12.5754],[108.6055,12.5749],[108.6021,12.5734],[108.5993,12.5763],[108.5955,12.5757],[108.5884,12.5772],[108.5873,12.579],[108.5834,12.5789],[108.5807,12.5809],[108.5742,12.5807],[108.5718,12.5796],[108.5698,12.5813],[108.5551,12.5855],[108.5522,12.5895],[108.5519,12.5928],[108.5496,12.5926],[108.5482,12.589],[108.5433,12.5868],[108.5378,12.5885],[108.5326,12.5894],[108.5275,12.5892],[108.526,12.5911],[108.5156,12.5943],[108.5131,12.6031],[108.5109,12.6054],[108.4993,12.6052],[108.4982,12.6045],[108.4969,12.5997],[108.4921,12.601],[108.4886,12.5992],[108.4868,12.6004],[108.4852,12.6013],[108.4789,12.5981],[108.4759,12.5987],[108.4736,12.5929],[108.4704,12.5953],[108.4694,12.5927],[108.462,12.5854],[108.4555,12.5785],[108.4543,12.5759],[108.4506,12.5724],[108.4524,12.5681],[108.4519,12.5625],[108.4459,12.5561],[108.4473,12.5527],[108.4474,12.5496],[108.4451,12.5442],[108.4415,12.5446],[108.4385,12.543],[108.4362,12.5447],[108.4368,12.5466],[108.4329,12.5468],[108.4301,12.5446],[108.4312,12.5419],[108.4266,12.54],[108.4279,12.5293],[108.4275,12.5259],[108.4283,12.5228],[108.428,12.5193],[108.429,12.5174],[108.4287,12.5143],[108.4303,12.5095],[108.4318,12.4976],[108.4307,12.4954],[108.4365,12.4907],[108.4409,12.4899],[108.4433,12.4812],[108.4389,12.4773],[108.4393,12.4717],[108.4433,12.4667],[108.4439,12.463],[108.4427,12.4598],[108.4385,12.4565],[108.439,12.4544],[108.4418,12.4509],[108.4422,12.4477],[108.4349,12.4396],[108.4347,12.4375],[108.4323,12.4336],[108.4285,12.4311],[108.4263,12.4287],[108.4244,12.4233],[108.4271,12.4149],[108.4287,12.4122],[108.4336,12.4097],[108.4359,12.4108],[108.4414,12.4095],[108.448,12.4059],[108.4518,12.4063],[108.4603,12.4123],[108.4634,12.4128],[108.4667,12.4161],[108.4672,12.4189],[108.4751,12.4212],[108.4764,12.4229],[108.4803,12.4252],[108.4797,12.4289],[108.4827,12.4348],[108.4833,12.4381],[108.483,12.4427],[108.4836,12.4468],[108.4807,12.4508],[108.4809,12.4536],[108.4783,12.4577],[108.4768,12.4624],[108.4814,12.4677],[108.4839,12.4686],[108.4838,12.4705],[108.4858,12.473],[108.4869,12.4815],[108.4923,12.4832],[108.4948,12.4816],[108.4972,12.4887],[108.5006,12.4906],[108.5019,12.4949],[108.5048,12.4964],[108.508,12.4909],[108.5116,12.4883],[108.5155,12.4834],[108.5177,12.4876],[108.5248,12.49],[108.5288,12.49],[108.53,12.4877],[108.533,12.4872],[108.5346,12.4938],[108.5339,12.4963],[108.5351,12.4978],[108.5347,12.5031],[108.5383,12.5039],[108.5397,12.4991],[108.5416,12.5008],[108.546,12.5012],[108.5486,12.5048],[108.5543,12.5042],[108.5568,12.5051],[108.5597,12.5039],[108.5608,12.5054],[108.5647,12.5035],[108.5674,12.5047],[108.5703,12.5038],[108.576,12.5053],[108.5763,12.5072],[108.579,12.5093],[108.5845,12.5117],[108.5936,12.5108],[108.5977,12.5069],[108.6017,12.5073],[108.6036,12.5104],[108.6078,12.5107],[108.6154,12.5101],[108.6188,12.5088],[108.6214,12.511],[108.6256,12.5119],[108.6281,12.5141],[108.629,12.518],[108.6306,12.5196],[108.634,12.5194],[108.6372,12.5205],[108.6434,12.5215],[108.6454,12.5209],[108.6525,12.5222],[108.666,12.5244],[108.6726,12.5238],[108.6736,12.5262],[108.6774,12.5259],[108.6813,12.5335],[108.6837,12.5357],[108.686,12.5355],[108.6943,12.5376],[108.699,12.5417],[108.7026,12.543],[108.7031,12.5454],[108.7061,12.5478],[108.7119,12.55],[108.7146,12.5518],[108.7163,12.5504],[108.7188,12.5522]]]},"properties":{"ma_xa":"24478","ten_xa":"Cư Pui","sap_nhap":"Hòa Phong (huyện Krông Bông), Cư Pui","tru_so":"đang cập nhật","loai":"Xã","cap":2,"stt":57,"dtich_km2":314.08,"dan_so":27561,"matdo_km2":87.75,"ma_tinh":"66","ten_tinh":"Đắk Lắk"}},
{"type":"Feature","geometry":{"type":"Polygon","coordinates":[[[108.6545,12.7132],[108.6452,12.7137],[108.6439,12.7152],[108.6406,12.7143],[108.6414,12.7065],[108.634,12.7046],[108.6291,12.7079],[108.6271,12.7077],[108.6242,12.7098],[108.6193,12.7102],[108.6145,12.7095],[108.6117,12.7113],[108.6078,12.7103],[108.6048,12.708],[108.6016,12.7086],[108.5989,12.7072],[108.597,12.7044],[108.594,12.7022],[108.5908,12.6986],[108.59,12.6965],[108.5859,12.6928],[108.5844,12.69],[108.581,12.687],[108.578,12.6845],[108.5777,12.6821],[108.5755,12.6811],[108.5736,12.6773],[108.5712,12.6748],[108.5661,12.6733],[108.5655,12.6715],[108.5625,12.669],[108.5628,12.6644],[108.566,12.6612],[108.5661,12.6588],[108.5683,12.6539],[108.5698,12.6529],[108.5716,12.6488],[108.5724,12.6418],[108.5774,12.64],[108.5802,12.6378],[108.5802,12.6341],[108.5841,12.6269],[108.5851,12.622],[108.5845,12.6186],[108.5903,12.6137],[108.5899,12.607],[108.5885,12.6071],[108.581,12.6],[108.5815,12.5978],[108.5795,12.5945],[108.5788,12.5897],[108.58,12.5873],[108.5807,12.5809],[108.5834,12.5789],[108.5873,12.579],[108.5884,12.5772],[108.5955,12.5757],[108.5993,12.5763],[108.6021,12.5734],[108.6055,12.5749],[108.6113,12.5754],[108.6134,12.5792],[108.6151,12.5793],[108.6181,12.5818],[108.6281,12.5845],[108.6289,12.5869],[108.6323,12.589],[108.6368,12.588],[108.6396,12.5881],[108.642,12.5914],[108.6461,12.5894],[108.6498,12.5901],[108.6552,12.5919],[108.6573,12.594],[108.6601,12.5986],[108.6657,12.5984],[108.6677,12.6042],[108.6723,12.6057],[108.6758,12.6113],[108.6747,12.6169],[108.6753,12.619],[108.6737,12.6234],[108.675,12.6251],[108.6775,12.6235],[108.6781,12.6299],[108.6777,12.6321],[108.679,12.6344],[108.6826,12.6336],[108.6844,12.6343],[108.6923,12.6336],[108.6951,12.6342],[108.6949,12.6374],[108.6923,12.6417],[108.6912,12.6474],[108.6921,12.6491],[108.6929,12.6557],[108.6919,12.6573],[108.6932,12.663],[108.6898,12.6638],[108.6862,12.6662],[108.6808,12.673],[108.6798,12.6776],[108.6815,12.6813],[108.6788,12.685],[108.6762,12.6871],[108.6765,12.6896],[108.6751,12.6987],[108.675,12.7021],[108.6771,12.7066],[108.6734,12.7059],[108.665,12.7109],[108.6611,12.7113],[108.6579,12.7129],[108.6545,12.7132]]]},"properties":{"ma_xa":"24406","ten_xa":"Cư Yang","sap_nhap":"Cư Bông, Cư Yang","tru_so":"đang cập nhật","loai":"Xã","cap":2,"stt":45,"dtich_km2":149.43,"dan_so":16682,"matdo_km2":111.64,"ma_tinh":"66","ten_tinh":"Đắk Lắk"}},
{"type":"Feature","geometry":{"type":"Polygon","coordinates":[[[108.1879,12.8303],[108.1851,12.8281],[108.1807,12.8275],[108.1754,12.8289],[108.1731,12.8317],[108.1703,12.8336],[108.1658,12.8344],[108.162,12.8319],[108.1581,12.8334],[108.1553,12.8328],[108.1532,12.8348],[108.1509,12.8335],[108.1478,12.8345],[108.1444,12.8332],[108.1449,12.8294],[108.142,12.8265],[108.1352,12.8236],[108.135,12.82],[108.1381,12.8201],[108.1374,12.8173],[108.134,12.8181],[108.1261,12.8162],[108.1231,12.8169],[108.1227,12.8139],[108.1187,12.8113],[108.1237,12.8036],[108.1155,12.8038],[108.1165,12.796],[108.1197,12.7914],[108.1241,12.788],[108.1263,12.7845],[108.1331,12.7799],[108.132,12.7756],[108.1302,12.7733],[108.1326,12.7715],[108.1299,12.768],[108.1273,12.766],[108.1216,12.7647],[108.1215,12.7665],[108.1163,12.7658],[108.1165,12.7617],[108.1172,12.7552],[108.1189,12.7554],[108.1191,12.7507],[108.1174,12.7507],[108.1171,12.7438],[108.1216,12.7417],[108.1242,12.7412],[108.1337,12.7366],[108.1412,12.7426],[108.1441,12.7398],[108.1457,12.7361],[108.1484,12.7254],[108.1506,12.7237],[108.1573,12.7241],[108.16,12.7163],[108.1646,12.717],[108.1653,12.7148],[108.1676,12.7172],[108.1733,12.7184],[108.1798,12.7227],[108.1849,12.7236],[108.1836,12.733],[108.1838,12.735],[108.192,12.7364],[108.1946,12.7372],[108.1959,12.7358],[108.1965,12.7324],[108.1991,12.7308],[108.2025,12.7333],[108.2044,12.7364],[108.2029,12.7385],[108.203,12.7453],[108.2058,12.7486],[108.2089,12.7479],[108.2145,12.7479],[108.2159,12.7449],[108.2216,12.746],[108.2196,12.7511],[108.2202,12.7547],[108.2243,12.7576],[108.2276,12.759],[108.2266,12.7638],[108.2202,12.7813],[108.2183,12.7828],[108.2146,12.7888],[108.2059,12.7916],[108.2018,12.7899],[108.2003,12.7902],[108.1967,12.795],[108.1992,12.7974],[108.2018,12.8028],[108.2044,12.8058],[108.2086,12.8174],[108.2062,12.8232],[108.2044,12.8253],[108.2004,12.825],[108.1957,12.8264],[108.1905,12.83],[108.1879,12.8303]]]},"properties":{"ma_xa":"24301","ten_xa":"Cuôr Đăng","sap_nhap":"Ea Drơng, Cuôr Đăng","tru_so":"đang cập nhật","loai":"Xã","cap":2,"stt":21,"dtich_km2":102.84,"dan_so":28804,"matdo_km2":280.09,"ma_tinh":"66","ten_tinh":"Đắk Lắk"}},
{"type":"Feature","geometry":{"type":"Polygon","coordinates":[[[108.2077,12.3802],[108.2062,12.382],[108.207,12.3844],[108.2034,12.3909],[108.2015,12.3858],[108.1957,12.3875],[108.1932,12.3867],[108.1888,12.3875],[108.1866,12.3907],[108.1859,12.3937],[108.1837,12.3945],[108.1828,12.3977],[108.1807,12.3974],[108.1721,12.402],[108.1657,12.4066],[108.1626,12.4106],[108.1602,12.41],[108.1568,12.4177],[108.1582,12.4196],[108.1641,12.4208],[108.1666,12.4236],[108.1666,12.4258],[108.1704,12.4317],[108.1737,12.4337],[108.1765,12.4343],[108.1734,12.4375],[108.1747,12.4414],[108.1754,12.4479],[108.1751,12.4504],[108.1728,12.4534],[108.1699,12.4537],[108.1673,12.4494],[108.1641,12.446],[108.164,12.4407],[108.16,12.4389],[108.159,12.4352],[108.161,12.4329],[108.1603,12.4311],[108.1571,12.4294],[108.1521,12.4282],[108.1494,12.4311],[108.1428,12.433],[108.1402,12.432],[108.1354,12.4339],[108.1334,12.4314],[108.1362,12.4284],[108.1326,12.4278],[108.1297,12.4313],[108.1277,12.4314],[108.13,12.4227],[108.1252,12.4221],[108.1247,12.418],[108.1219,12.4172],[108.1184,12.4175],[108.1151,12.4154],[108.1115,12.4144],[108.1093,12.4196],[108.1071,12.417],[108.1043,12.4198],[108.1004,12.4193],[108.0992,12.4236],[108.0993,12.4264],[108.0955,12.428],[108.0936,12.4304],[108.0913,12.4305],[108.0894,12.4284],[108.0812,12.4311],[108.0746,12.4305],[108.0729,12.4284],[108.0683,12.4247],[108.0633,12.4288],[108.061,12.4272],[108.0579,12.4277],[108.0536,12.4266],[108.0507,12.4168],[108.0468,12.4165],[108.0424,12.415],[108.0392,12.4167],[108.0349,12.4153],[108.0325,12.4195],[108.0306,12.4176],[108.0273,12.4184],[108.0265,12.4159],[108.0208,12.416],[108.0198,12.4114],[108.0139,12.4096],[108.013,12.4043],[108.0029,12.4041],[108.0004,12.4027],[107.9975,12.4025],[107.9989,12.3995],[108.0018,12.3974],[108.0017,12.3932],[107.9965,12.3926],[107.9989,12.3873],[107.9982,12.3819],[107.9997,12.3744],[108.0042,12.3725],[108.0062,12.3733],[108.012,12.3714],[108.0134,12.3696],[108.0224,12.3724],[108.0243,12.3703],[108.022,12.368],[108.0233,12.3626],[108.0227,12.3606],[108.0248,12.3575],[108.0329,12.3564],[108.0375,12.3479],[108.0405,12.3467],[108.042,12.3429],[108.0504,12.3439],[108.0537,12.3469],[108.0577,12.347],[108.0661,12.3502],[108.0683,12.3457],[108.0701,12.3464],[108.0731,12.3452],[108.0797,12.3459],[108.0841,12.3504],[108.089,12.3484],[108.089,12.3458],[108.0944,12.3441],[108.1002,12.3456],[108.1036,12.345],[108.1092,12.3472],[108.1144,12.3531],[108.1141,12.3575],[108.1131,12.3594],[108.1148,12.3627],[108.1252,12.3642],[108.1254,12.3661],[108.1292,12.3675],[108.1345,12.3737],[108.1347,12.3766],[108.1372,12.3796],[108.137,12.3838],[108.1396,12.3875],[108.1408,12.3856],[108.1456,12.3833],[108.1479,12.3791],[108.1536,12.3802],[108.1573,12.3789],[108.1591,12.3771],[108.1689,12.3736],[108.1801,12.3758],[108.1877,12.3807],[108.1934,12.3824],[108.1977,12.3807],[108.2043,12.3771],[108.2077,12.3802]]]},"properties":{"ma_xa":"24595","ten_xa":"Đắk Liêng","sap_nhap":"Buôn Tría, Buôn Triết, Đắk Liêng","tru_so":"đang cập nhật","loai":"Xã","cap":2,"stt":59,"dtich_km2":135.55,"dan_so":22881,"matdo_km2":168.8,"ma_tinh":"66","ten_tinh":"Đắk Lắk"}},
{"type":"Feature","geometry":{"type":"Polygon","coordinates":[[[108.2077,12.3802],[108.2043,12.3771],[108.1977,12.3807],[108.1934,12.3824],[108.1877,12.3807],[108.1801,12.3758],[108.1689,12.3736],[108.1591,12.3771],[108.1573,12.3789],[108.1536,12.3802],[108.1479,12.3791],[108.1456,12.3833],[108.1408,12.3856],[108.1396,12.3875],[108.137,12.3838],[108.1372,12.3796],[108.1347,12.3766],[108.1345,12.3737],[108.1292,12.3675],[108.1254,12.3661],[108.1252,12.3642],[108.1148,12.3627],[108.1131,12.3594],[108.1141,12.3575],[108.1144,12.3531],[108.1092,12.3472],[108.1036,12.345],[108.1002,12.3456],[108.0944,12.3441],[108.0934,12.3378],[108.097,12.3355],[108.0975,12.3321],[108.094,12.3251],[108.0958,12.3225],[108.0962,12.3176],[108.0935,12.3129],[108.0905,12.3108],[108.0898,12.3091],[108.0955,12.3077],[108.0981,12.3078],[108.0999,12.306],[108.1061,12.3043],[108.1107,12.3001],[108.1133,12.3001],[108.1159,12.2938],[108.1174,12.2922],[108.118,12.2866],[108.1166,12.2818],[108.1145,12.2793],[108.1148,12.276],[108.1167,12.2744],[108.117,12.271],[108.12,12.2685],[108.1201,12.2662],[108.1182,12.2647],[108.1157,12.2651],[108.1129,12.262],[108.1196,12.2552],[108.1203,12.2534],[108.124,12.2521],[108.1243,12.2467],[108.123,12.245],[108.1266,12.2401],[108.1316,12.2401],[108.1366,12.2432],[108.1354,12.2478],[108.1375,12.2476],[108.1403,12.2502],[108.1438,12.2484],[108.1489,12.2495],[108.1505,12.247],[108.1542,12.2485],[108.1616,12.2487],[108.1648,12.2459],[108.1746,12.2469],[108.1755,12.248],[108.1824,12.2488],[108.1855,12.2521],[108.1845,12.2537],[108.1855,12.2579],[108.1887,12.26],[108.1923,12.2602],[108.1974,12.2556],[108.201,12.2556],[108.2072,12.2577],[108.2099,12.2548],[108.2134,12.2529],[108.2174,12.2479],[108.2212,12.2466],[108.2268,12.2468],[108.2308,12.2453],[108.2341,12.2469],[108.2374,12.2469],[108.2361,12.2515],[108.2375,12.2538],[108.2363,12.2571],[108.2417,12.2577],[108.2464,12.2619],[108.2489,12.2651],[108.2553,12.2668],[108.2568,12.2661],[108.2608,12.2691],[108.2646,12.2696],[108.2654,12.2721],[108.2692,12.2757],[108.2714,12.2752],[108.2754,12.2779],[108.281,12.2766],[108.2826,12.2775],[108.2895,12.2771],[108.2969,12.2787],[108.2983,12.2809],[108.3003,12.2803],[108.3021,12.2819],[108.3028,12.2848],[108.308,12.2876],[108.3101,12.2899],[108.3126,12.2898],[108.3197,12.2924],[108.3244,12.2913],[108.3263,12.2921],[108.3276,12.2975],[108.3298,12.2985],[108.3319,12.302],[108.3339,12.3036],[108.3362,12.3076],[108.3425,12.3117],[108.3442,12.3115],[108.3494,12.313],[108.3535,12.3133],[108.3467,12.3195],[108.3429,12.319],[108.3402,12.3226],[108.3383,12.3262],[108.3385,12.3287],[108.3344,12.3298],[108.3317,12.3321],[108.3309,12.3359],[108.3271,12.3376],[108.3254,12.3345],[108.317,12.3329],[108.3126,12.3333],[108.3058,12.3356],[108.3021,12.3349],[108.3009,12.3333],[108.2973,12.3319],[108.2921,12.3328],[108.2863,12.3383],[108.2813,12.3386],[108.2758,12.3421],[108.2739,12.3417],[108.2698,12.3468],[108.2627,12.3465],[108.2609,12.349],[108.2579,12.3481],[108.2484,12.3518],[108.2428,12.357],[108.2398,12.3563],[108.2387,12.3544],[108.232,12.3576],[108.2276,12.358],[108.2276,12.36],[108.225,12.3645],[108.2194,12.3668],[108.2163,12.3688],[108.2152,12.3745],[108.2133,12.3754],[108.2077,12.3802]]]},"properties":{"ma_xa":"24598","ten_xa":"Đắk Phơi","sap_nhap":"Đắk Nuê, Đắk Phơi","tru_so":"đang cập nhật","loai":"Xã","cap":2,"stt":61,"dtich_km2":266.83,"dan_so":14726,"matdo_km2":55.19,"ma_tinh":"66","ten_tinh":"Đắk Lắk"}},
{"type":"Feature","geometry":{"type":"Polygon","coordinates":[[[108.392,12.5531],[108.3895,12.5581],[108.3823,12.5611],[108.3791,12.5583],[108.3764,12.5659],[108.3722,12.569],[108.3704,12.5738],[108.3709,12.579],[108.3762,12.5865],[108.3739,12.5938],[108.3702,12.5955],[108.3583,12.5973],[108.354,12.5957],[108.3554,12.6059],[108.3563,12.6088],[108.3551,12.6106],[108.3506,12.6131],[108.3466,12.6175],[108.3492,12.6213],[108.3464,12.6257],[108.3424,12.627],[108.3397,12.626],[108.3343,12.6268],[108.3253,12.6261],[108.3211,12.6272],[108.317,12.6265],[108.3075,12.6268],[108.295,12.624],[108.2864,12.6265],[108.2851,12.6261],[108.2815,12.6258],[108.2805,12.6246],[108.2815,12.6199],[108.2801,12.6183],[108.2815,12.6146],[108.2795,12.6107],[108.2805,12.6094],[108.2803,12.6021],[108.2821,12.5964],[108.28,12.5929],[108.2797,12.5881],[108.2752,12.5861],[108.2768,12.5789],[108.2788,12.5759],[108.2791,12.5737],[108.2758,12.57],[108.2697,12.567],[108.2665,12.5643],[108.2637,12.5637],[108.2621,12.5611],[108.2548,12.5562],[108.2542,12.554],[108.2545,12.5517],[108.252,12.5506],[108.2532,12.5481],[108.2514,12.5436],[108.2475,12.5403],[108.2507,12.5337],[108.2524,12.5319],[108.2524,12.5272],[108.2559,12.5258],[108.2564,12.523],[108.2598,12.5258],[108.2627,12.5249],[108.2624,12.5281],[108.2667,12.5342],[108.2678,12.534],[108.2715,12.53],[108.2717,12.5272],[108.2699,12.5235],[108.2729,12.523],[108.2752,12.5276],[108.2779,12.5276],[108.2792,12.5241],[108.2808,12.5236],[108.2846,12.5248],[108.2822,12.5285],[108.2814,12.5332],[108.284,12.536],[108.2871,12.5351],[108.2892,12.5324],[108.2901,12.5295],[108.2921,12.5294],[108.2961,12.5346],[108.3006,12.531],[108.302,12.5265],[108.3021,12.5303],[108.3031,12.532],[108.3016,12.536],[108.3032,12.5412],[108.3063,12.5422],[108.3086,12.5446],[108.3128,12.5408],[108.3153,12.5401],[108.3192,12.5406],[108.3196,12.5433],[108.3188,12.5472],[108.3201,12.5504],[108.323,12.552],[108.3286,12.5521],[108.3311,12.5486],[108.3348,12.5469],[108.3369,12.5435],[108.3404,12.5406],[108.336,12.5402],[108.3343,12.537],[108.3377,12.5368],[108.344,12.5397],[108.3465,12.5374],[108.3503,12.5382],[108.3522,12.5346],[108.3544,12.534],[108.3561,12.5357],[108.3565,12.5397],[108.3583,12.5404],[108.3616,12.538],[108.3628,12.5409],[108.3657,12.5419],[108.3657,12.5377],[108.368,12.5369],[108.3732,12.5419],[108.3743,12.5373],[108.3783,12.5393],[108.3813,12.5396],[108.3794,12.5353],[108.3825,12.5353],[108.388,12.5365],[108.3888,12.5377],[108.386,12.5411],[108.3866,12.5435],[108.391,12.547],[108.391,12.5517],[108.392,12.5531]]]},"properties":{"ma_xa":"24454","ten_xa":"Dang Kang","sap_nhap":"Hòa Thành (huyện Krông Bông), Cư Kty, Dang Kang","tru_so":"đang cập nhật","loai":"Xã","cap":2,"stt":54,"dtich_km2":105.91,"dan_so":21301,"matdo_km2":201.12,"ma_tinh":"66","ten_tinh":"Đắk Lắk"}},
{"type":"Feature","geometry":{"type":"Polygon","coordinates":[[[108.43,13.1417],[108.4259,13.1442],[108.4228,13.1485],[108.4188,13.1518],[108.4147,13.1532],[108.4115,13.1524],[108.4064,13.1542],[108.3997,13.1528],[108.3962,13.1557],[108.3923,13.1566],[108.3876,13.1537],[108.3842,13.1525],[108.3792,13.1524],[108.3768,13.1473],[108.3748,13.1467],[108.3721,13.144],[108.3693,13.1372],[108.3656,13.1354],[108.3673,13.1272],[108.3647,13.1257],[108.3624,13.1293],[108.3566,13.1318],[108.356,13.1348],[108.3533,13.1374],[108.3479,13.139],[108.3444,13.1459],[108.3429,13.1456],[108.3385,13.1418],[108.3324,13.1423],[108.3254,13.1459],[108.3217,13.1459],[108.3201,13.1473],[108.3147,13.1491],[108.312,13.1484],[108.3151,13.1443],[108.314,13.1406],[108.3115,13.14],[108.3104,13.1361],[108.3046,13.1332],[108.3009,13.1328],[108.297,13.1297],[108.2918,13.1305],[108.288,13.13],[108.2844,13.126],[108.2816,13.1244],[108.2794,13.125],[108.2781,13.1232],[108.2791,13.1188],[108.2844,13.1121],[108.2829,13.1073],[108.283,13.104],[108.2816,13.1008],[108.2752,13.0976],[108.2746,13.0943],[108.278,13.0937],[108.2781,13.0793],[108.2767,13.0743],[108.2776,13.0713],[108.2747,13.0682],[108.2761,13.0648],[108.2811,13.0623],[108.2796,13.0604],[108.2826,13.0574],[108.286,13.0607],[108.2887,13.0578],[108.2881,13.0567],[108.2919,13.0533],[108.2947,13.0516],[108.2962,13.0468],[108.2992,13.0452],[108.2996,13.0367],[108.2985,13.031],[108.2969,13.0281],[108.2987,13.0247],[108.3013,13.0226],[108.3055,13.0223],[108.3066,13.0183],[108.3096,13.0163],[108.3111,13.012],[108.3095,13.009],[108.3114,13.0073],[108.3116,13.004],[108.3136,13.0043],[108.3149,13.0003],[108.3213,12.9947],[108.322,12.9927],[108.321,12.9897],[108.3189,12.9868],[108.3224,12.9867],[108.3224,12.9888],[108.3253,12.9894],[108.3263,12.9914],[108.3352,12.997],[108.3328,13.0035],[108.3301,13.0063],[108.3287,13.0096],[108.3287,13.0157],[108.3262,13.0196],[108.3302,13.021],[108.3364,13.0213],[108.3368,13.0236],[108.3413,13.025],[108.3439,13.0219],[108.3484,13.0218],[108.356,13.0246],[108.3589,13.0239],[108.3639,13.0263],[108.3644,13.0288],[108.3676,13.0302],[108.3734,13.0302],[108.3739,13.0341],[108.3686,13.0353],[108.3732,13.04],[108.374,13.0445],[108.3717,13.0468],[108.3724,13.0499],[108.3742,13.0499],[108.3779,13.053],[108.3856,13.0516],[108.3869,13.0534],[108.3903,13.0516],[108.3918,13.0527],[108.3955,13.052],[108.3982,13.0555],[108.3978,13.0582],[108.3997,13.064],[108.3989,13.0686],[108.4006,13.0726],[108.4033,13.075],[108.4041,13.0792],[108.4069,13.0808],[108.4063,13.0847],[108.4094,13.0894],[108.4141,13.0897],[108.4175,13.0959],[108.4195,13.0952],[108.4205,13.0996],[108.4153,13.1037],[108.418,13.1081],[108.4118,13.1113],[108.4099,13.1157],[108.4205,13.1207],[108.4254,13.121],[108.43,13.1188],[108.4358,13.1252],[108.4354,13.1315],[108.43,13.1417]]]},"properties":{"ma_xa":"24346","ten_xa":"Dliê Ya","sap_nhap":"Ea Tóh, Ea Tân, Dliê Ya","tru_so":"đang cập nhật","loai":"Xã","cap":2,"stt":33,"dtich_km2":179.73,"dan_so":46569,"matdo_km2":259.11,"ma_tinh":"66","ten_tinh":"Đắk Lắk"}},
{"type":"Feature","geometry":{"type":"Polygon","coordinates":[[[109.3537,12.9801],[109.3488,12.9859],[109.3494,12.9882],[109.3442,13.0032],[109.3378,13.0027],[109.339,13.0104],[109.3356,13.0112],[109.335,13.0156],[109.3324,13.0196],[109.3294,13.0206],[109.3288,13.0183],[109.3201,13.0123],[109.3189,13.0105],[109.3138,13.0103],[109.3137,13.008],[109.3064,13.0085],[109.3032,13.0075],[109.3025,13.004],[109.2998,13.0053],[109.2932,13.0049],[109.2915,13.0059],[109.2904,13.0066],[109.2847,13.0051],[109.2815,13.002],[109.2799,13.0037],[109.2755,13.0024],[109.2785,12.9937],[109.2764,12.9908],[109.2777,12.9896],[109.2765,12.9847],[109.2738,12.9847],[109.2738,12.9789],[109.2763,12.9762],[109.2721,12.9723],[109.2742,12.9609],[109.2758,12.9549],[109.2752,12.9525],[109.2769,12.9447],[109.2795,12.9437],[109.2822,12.9376],[109.2835,12.9374],[109.2888,12.9408],[109.2939,12.9427],[109.2999,12.9464],[109.3033,12.9477],[109.3064,12.9451],[109.3091,12.9407],[109.3066,12.938],[109.307,12.9363],[109.3004,12.929],[109.3046,12.9256],[109.3039,12.9216],[109.3046,12.9152],[109.3058,12.9144],[109.3047,12.9106],[109.3065,12.9033],[109.3122,12.9008],[109.3143,12.8968],[109.3183,12.8958],[109.3219,12.8959],[109.325,12.8938],[109.3308,12.8972],[109.3329,12.9016],[109.3362,12.9012],[109.3373,12.9046],[109.3398,12.9059],[109.3411,12.9089],[109.3465,12.9109],[109.3486,12.9103],[109.35,12.9213],[109.3518,12.923],[109.3504,12.9261],[109.3505,12.9288],[109.3475,12.934],[109.3481,12.9363],[109.3443,12.9403],[109.3389,12.9479],[109.3406,12.9495],[109.3425,12.954],[109.3443,12.9549],[109.3449,12.9573],[109.3427,12.9605],[109.3456,12.9676],[109.3433,12.9719],[109.3469,12.973],[109.3493,12.9713],[109.3526,12.9763],[109.3537,12.9801]]]},"properties":{"ma_xa":"22258","ten_xa":"Đông Hòa","sap_nhap":"Hòa Vinh, Hòa Xuân Tây, Hòa Tân Đông","tru_so":"đang cập nhật","loai":"Phường","cap":2,"stt":78,"dtich_km2":77.54,"dan_so":47632,"matdo_km2":614.29,"ma_tinh":"66","ten_tinh":"Đắk Lắk"}},
{"type":"Feature","geometry":{"type":"Polygon","coordinates":[[[109.0907,13.4661],[109.0849,13.4687],[109.0795,13.4703],[109.0745,13.4639],[109.0705,13.462],[109.0666,13.4583],[109.0633,13.4622],[109.0597,13.4641],[109.0532,13.4626],[109.0529,13.4607],[109.0456,13.4529],[109.0434,13.4529],[109.0389,13.4554],[109.0342,13.4529],[109.0334,13.4492],[109.0354,13.4456],[109.0348,13.4439],[109.027,13.4454],[109.0238,13.4427],[109.0223,13.4363],[109.023,13.4323],[109.0273,13.429],[109.0259,13.426],[109.0232,13.4237],[109.0211,13.4234],[109.0095,13.417],[109.0058,13.416],[109.0027,13.4165],[108.9994,13.4185],[108.9959,13.4169],[108.9961,13.4152],[108.9982,13.4127],[108.9988,13.4067],[109.0014,13.4014],[109.0017,13.3984],[109.0069,13.3914],[109.0073,13.388],[109.01,13.3853],[109.0114,13.3853],[109.0142,13.3824],[109.0178,13.3772],[109.0184,13.3755],[109.024,13.3643],[109.024,13.3597],[109.0268,13.3596],[109.0268,13.3556],[109.0248,13.353],[109.0266,13.3492],[109.0303,13.3462],[109.0311,13.3446],[109.0335,13.3447],[109.0358,13.3428],[109.0422,13.3403],[109.0437,13.3381],[109.0463,13.3387],[109.0509,13.3368],[109.0515,13.3383],[109.0551,13.3406],[109.0599,13.3414],[109.059,13.3437],[109.0586,13.3496],[109.0666,13.3457],[109.0695,13.3462],[109.0747,13.346],[109.0799,13.3486],[109.0816,13.3536],[109.0813,13.3595],[109.0854,13.3587],[109.0884,13.3592],[109.0938,13.3563],[109.0945,13.3538],[109.0987,13.3537],[109.1037,13.3503],[109.1062,13.3531],[109.1085,13.3492],[109.1081,13.3442],[109.1094,13.3404],[109.1113,13.3405],[109.112,13.3371],[109.1112,13.3311],[109.1092,13.3281],[109.1122,13.3273],[109.1126,13.3219],[109.1145,13.3234],[109.1193,13.3235],[109.1219,13.3211],[109.1242,13.3212],[109.1287,13.323],[109.1319,13.3229],[109.1375,13.3205],[109.1412,13.3213],[109.1448,13.3182],[109.1486,13.3189],[109.1499,13.3221],[109.1528,13.3224],[109.1565,13.3228],[109.163,13.3258],[109.1637,13.324],[109.1683,13.3241],[109.169,13.3213],[109.1715,13.3205],[109.1771,13.3217],[109.1785,13.3247],[109.1763,13.3275],[109.1765,13.3346],[109.1808,13.3394],[109.1858,13.3464],[109.1894,13.3485],[109.1916,13.352],[109.189,13.3574],[109.1822,13.3618],[109.1822,13.3643],[109.1801,13.3667],[109.1823,13.3699],[109.1802,13.3716],[109.1809,13.3735],[109.1746,13.3723],[109.1694,13.3738],[109.1682,13.3757],[109.1708,13.3791],[109.1723,13.3828],[109.1702,13.3852],[109.1735,13.388],[109.1731,13.39],[109.1764,13.3917],[109.1749,13.3936],[109.1761,13.3971],[109.1747,13.3995],[109.1744,13.4032],[109.173,13.4039],[109.1716,13.4078],[109.1671,13.4113],[109.1654,13.4091],[109.1636,13.4124],[109.1616,13.4125],[109.1568,13.4178],[109.1552,13.4164],[109.1516,13.411],[109.1472,13.4112],[109.1382,13.4142],[109.1356,13.4196],[109.1368,13.4227],[109.1308,13.426],[109.1291,13.4288],[109.1238,13.4308],[109.1229,13.4337],[109.1236,13.4364],[109.122,13.4385],[109.1213,13.4427],[109.1189,13.4452],[109.1193,13.4465],[109.1158,13.4495],[109.1138,13.4533],[109.1102,13.4525],[109.1073,13.4559],[109.1043,13.455],[109.103,13.4581],[109.0965,13.4628],[109.092,13.4642],[109.0907,13.4661]]]},"properties":{"ma_xa":"22081","ten_xa":"Đồng Xuân","sap_nhap":"La Hai (thị trấn), Xuân Sơn Nam, Xuân Sơn Bắc, Xuân Long, Xuân Quang 2","tru_so":"đang cập nhật","loai":"Xã","cap":2,"stt":102,"dtich_km2":206.26,"dan_so":26907,"matdo_km2":130.45,"ma_tinh":"66","ten_tinh":"Đắk Lắk"}},
{"type":"Feature","geometry":{"type":"Polygon","coordinates":[[[108.2542,12.554],[108.2493,12.552],[108.2429,12.5482],[108.2389,12.5484],[108.2356,12.5445],[108.2312,12.5435],[108.2281,12.546],[108.2254,12.5469],[108.2236,12.552],[108.2262,12.5612],[108.2259,12.5648],[108.2242,12.568],[108.2257,12.5693],[108.2218,12.5735],[108.2226,12.5757],[108.2165,12.5798],[108.2138,12.58],[108.2078,12.5861],[108.2043,12.5884],[108.2017,12.5891],[108.1999,12.5931],[108.1975,12.5947],[108.1964,12.5974],[108.1924,12.593],[108.1895,12.587],[108.1853,12.5854],[108.1821,12.588],[108.181,12.5874],[108.1771,12.5918],[108.1733,12.5932],[108.1712,12.5901],[108.1673,12.5884],[108.1642,12.584],[108.1611,12.5837],[108.1603,12.586],[108.1572,12.5858],[108.1548,12.5815],[108.1517,12.5816],[108.1501,12.5792],[108.1464,12.581],[108.1411,12.5765],[108.133,12.5758],[108.1288,12.5697],[108.1283,12.5677],[108.1237,12.5675],[108.1234,12.5722],[108.105,12.5719],[108.0966,12.5707],[108.094,12.5685],[108.0895,12.5682],[108.0817,12.5668],[108.0789,12.5677],[108.0765,12.5665],[108.0762,12.5643],[108.0784,12.5616],[108.0791,12.5547],[108.0818,12.5545],[108.0853,12.5521],[108.0845,12.5496],[108.0862,12.5468],[108.089,12.5454],[108.0925,12.547],[108.1018,12.5462],[108.1053,12.5481],[108.1082,12.5483],[108.1114,12.5469],[108.1142,12.5493],[108.1184,12.5465],[108.1182,12.5425],[108.1207,12.537],[108.1208,12.5296],[108.1267,12.5268],[108.1303,12.5237],[108.1387,12.5242],[108.1403,12.5226],[108.1488,12.5237],[108.1519,12.523],[108.1632,12.525],[108.1667,12.5238],[108.1667,12.5215],[108.1652,12.5177],[108.1679,12.5091],[108.168,12.5053],[108.1696,12.5004],[108.1685,12.4962],[108.1738,12.4946],[108.1765,12.4906],[108.1783,12.4954],[108.1783,12.4998],[108.1823,12.5009],[108.183,12.5035],[108.1811,12.5083],[108.1839,12.5103],[108.1874,12.5096],[108.188,12.5135],[108.191,12.5129],[108.1946,12.5148],[108.1955,12.5187],[108.1973,12.5194],[108.2016,12.5175],[108.2046,12.5193],[108.2071,12.5171],[108.2074,12.5144],[108.2123,12.5129],[108.2149,12.5156],[108.2177,12.5151],[108.22,12.5177],[108.2188,12.52],[108.2203,12.5222],[108.2235,12.5211],[108.2242,12.5168],[108.2217,12.5113],[108.2247,12.5099],[108.2269,12.5134],[108.2282,12.5175],[108.2338,12.5179],[108.237,12.5165],[108.2428,12.5177],[108.247,12.5225],[108.2476,12.525],[108.2509,12.5267],[108.2509,12.5295],[108.2497,12.5324],[108.2507,12.5337],[108.2475,12.5403],[108.2514,12.5436],[108.2532,12.5481],[108.252,12.5506],[108.2545,12.5517],[108.2542,12.554]]]},"properties":{"ma_xa":"24561","ten_xa":"Dray Bhăng","sap_nhap":"Hòa Hiệp, Dray Bhăng, Ea Bhốk (1 phần)","tru_so":"đang cập nhật","loai":"Xã","cap":2,"stt":64,"dtich_km2":101.37,"dan_so":39801,"matdo_km2":392.63,"ma_tinh":"66","ten_tinh":"Đắk Lắk"}},
{"type":"Feature","geometry":{"type":"Polygon","coordinates":[[[109.0568,13.0259],[109.0539,13.0251],[109.0489,13.0293],[109.0444,13.03],[109.0399,13.0288],[109.0352,13.0297],[109.0325,13.0286],[109.0292,13.0305],[109.0237,13.0311],[109.0204,13.033],[109.018,13.0372],[109.0131,13.0395],[109.0099,13.0444],[109.0067,13.0447],[109.0009,13.0431],[108.9968,13.0386],[108.9956,13.0342],[108.9936,13.0316],[108.9929,13.0277],[108.9906,13.025],[108.981,13.025],[108.977,13.0274],[108.9727,13.0344],[108.9685,13.0386],[108.9607,13.0407],[108.9581,13.0432],[108.9531,13.0448],[108.9467,13.049],[108.9388,13.0575],[108.9319,13.0636],[108.9306,13.0689],[108.9277,13.0712],[108.9227,13.0704],[108.92,13.0679],[108.9188,13.0606],[108.9169,13.0587],[108.9161,13.055],[108.9129,13.0495],[108.9156,13.0442],[108.9178,13.0382],[108.9178,13.0356],[108.9201,13.0301],[108.9181,13.0278],[108.9113,13.0268],[108.9092,13.0253],[108.9087,13.0228],[108.9064,13.0199],[108.9,13.0195],[108.8976,13.0181],[108.8947,13.0138],[108.9002,13.0114],[108.901,13.0099],[108.9046,13.0083],[108.9058,13.0103],[108.9162,13.0092],[108.9226,13.0066],[108.9234,13.0048],[108.9265,13.0043],[108.9306,13.002],[108.9296,12.999],[108.9335,12.9995],[108.9353,12.9985],[108.9402,12.9979],[108.9447,12.9986],[108.951,13.0005],[108.954,13.0006],[108.9519,12.9966],[108.9516,12.9917],[108.9495,12.9919],[108.9476,12.9898],[108.9408,12.9866],[108.9442,12.9805],[108.9443,12.9769],[108.9419,12.9732],[108.9437,12.9668],[108.9401,12.96],[108.937,12.9586],[108.9357,12.953],[108.9361,12.949],[108.9376,12.9464],[108.9384,12.9421],[108.9405,12.9414],[108.9393,12.938],[108.9416,12.9362],[108.9427,12.9334],[108.9458,12.9296],[108.9464,12.9269],[108.9676,12.931],[109.0006,12.9044],[109.0039,12.899],[109.004,12.8965],[109.002,12.8936],[108.9984,12.8917],[109.0012,12.8875],[109.0023,12.8912],[109.004,12.8911],[109.0085,12.8949],[109.0077,12.8982],[109.0106,12.9001],[109.0112,12.9022],[109.015,12.9012],[109.0164,12.9022],[109.018,12.9074],[109.0234,12.9124],[109.0222,12.9196],[109.0203,12.9216],[109.0202,12.9263],[109.0225,12.9361],[109.0258,12.9407],[109.0259,12.9448],[109.0304,12.9495],[109.0311,12.9546],[109.0278,12.9586],[109.0268,12.9658],[109.0275,12.9711],[109.0298,12.9726],[109.0304,12.975],[109.0339,12.9746],[109.0355,12.9796],[109.037,12.9805],[109.0385,12.9847],[109.0386,12.9872],[109.0368,12.9932],[109.041,12.9964],[109.0411,13],[109.0447,12.9998],[109.0443,13.0045],[109.0467,13.0063],[109.046,13.0101],[109.0434,13.0121],[109.0451,13.0151],[109.0463,13.0197],[109.0507,13.0232],[109.0558,13.024],[109.0568,13.0259]]]},"properties":{"ma_xa":"22222","ten_xa":"Đức Bình","sap_nhap":"Sơn Giang, Đức Bình Đông, Đức Bình Tây, Ea Bia (1 phần)","tru_so":"đang cập nhật","loai":"Xã","cap":2,"stt":97,"dtich_km2":160.36,"dan_so":15896,"matdo_km2":99.13,"ma_tinh":"66","ten_tinh":"Đắk Lắk"}},
{"type":"Feature","geometry":{"type":"Polygon","coordinates":[[[108.1765,12.4906],[108.1738,12.4946],[108.1685,12.4962],[108.1696,12.5004],[108.168,12.5053],[108.1679,12.5091],[108.1652,12.5177],[108.1667,12.5215],[108.1667,12.5238],[108.1632,12.525],[108.1519,12.523],[108.1488,12.5237],[108.1403,12.5226],[108.1387,12.5242],[108.1303,12.5237],[108.1267,12.5268],[108.1208,12.5296],[108.1172,12.5267],[108.1126,12.5265],[108.1078,12.5257],[108.1037,12.5262],[108.0983,12.5249],[108.0982,12.5224],[108.0955,12.5209],[108.0953,12.5189],[108.0912,12.5173],[108.0902,12.5143],[108.0862,12.5128],[108.0844,12.5101],[108.0827,12.5106],[108.0812,12.5078],[108.0796,12.5074],[108.0786,12.5011],[108.0771,12.4975],[108.0751,12.4886],[108.0728,12.4883],[108.0706,12.4824],[108.0689,12.4817],[108.0674,12.4784],[108.0651,12.4755],[108.0634,12.4751],[108.0571,12.4697],[108.0572,12.4605],[108.0578,12.4574],[108.0595,12.4564],[108.0625,12.4521],[108.066,12.4491],[108.067,12.447],[108.0696,12.4466],[108.0696,12.4437],[108.0722,12.4349],[108.0746,12.4305],[108.0812,12.4311],[108.0894,12.4284],[108.0913,12.4305],[108.0936,12.4304],[108.0955,12.428],[108.0993,12.4264],[108.0992,12.4236],[108.1004,12.4193],[108.1043,12.4198],[108.1071,12.417],[108.1093,12.4196],[108.1115,12.4144],[108.1151,12.4154],[108.1184,12.4175],[108.1219,12.4172],[108.1247,12.418],[108.1252,12.4221],[108.13,12.4227],[108.1277,12.4314],[108.1297,12.4313],[108.1326,12.4278],[108.1362,12.4284],[108.1334,12.4314],[108.1354,12.4339],[108.1402,12.432],[108.1428,12.433],[108.1494,12.4311],[108.1521,12.4282],[108.1571,12.4294],[108.1603,12.4311],[108.161,12.4329],[108.159,12.4352],[108.16,12.4389],[108.164,12.4407],[108.1641,12.446],[108.1673,12.4494],[108.1699,12.4537],[108.1706,12.4555],[108.1692,12.4582],[108.168,12.463],[108.1733,12.4678],[108.1764,12.4678],[108.178,12.4708],[108.175,12.474],[108.178,12.4775],[108.1787,12.4827],[108.1765,12.4843],[108.1765,12.4906]]]},"properties":{"ma_xa":"24568","ten_xa":"Dur Kmăl","sap_nhap":"Băng A Drênh, Dur Kmăl","tru_so":"đang cập nhật","loai":"Xã","cap":2,"stt":67,"dtich_km2":114.49,"dan_so":12594,"matdo_km2":110,"ma_tinh":"66","ten_tinh":"Đắk Lắk"}},
{"type":"Feature","geometry":{"type":"Polygon","coordinates":[[[108.8947,13.0138],[108.8876,13.0107],[108.8835,13.0111],[108.8736,13.0136],[108.8711,13.0153],[108.8664,13.0218],[108.8546,13.0328],[108.8509,13.035],[108.8426,13.0386],[108.8383,13.0413],[108.8363,13.0438],[108.8309,13.0483],[108.8271,13.0535],[108.818,13.0597],[108.8151,13.0574],[108.8127,13.0522],[108.8088,13.0512],[108.8049,13.0516],[108.8017,13.0505],[108.7985,13.047],[108.796,13.0463],[108.796,13.0439],[108.793,13.0416],[108.7852,13.042],[108.7833,13.0406],[108.7805,13.042],[108.7788,13.04],[108.7734,13.0398],[108.7722,13.0366],[108.7808,13.0302],[108.7861,13.0276],[108.7875,13.0214],[108.7848,13.0079],[108.7818,13.0094],[108.7794,13.0081],[108.7742,13.0069],[108.7689,13.0051],[108.7666,13.0019],[108.7685,13.0013],[108.7695,12.9985],[108.772,12.9961],[108.7698,12.993],[108.7716,12.9875],[108.7747,12.986],[108.7743,12.9807],[108.7702,12.9799],[108.7699,12.9776],[108.7727,12.973],[108.7737,12.9668],[108.7761,12.9648],[108.7796,12.9596],[108.7799,12.9565],[108.7792,12.95],[108.7818,12.9451],[108.7824,12.9426],[108.7798,12.9392],[108.776,12.9391],[108.7753,12.9359],[108.7793,12.9339],[108.78,12.931],[108.7789,12.9289],[108.7805,12.9237],[108.7868,12.9193],[108.7872,12.9173],[108.7907,12.9157],[108.7897,12.9126],[108.7852,12.9101],[108.7862,12.9069],[108.7827,12.9029],[108.774,12.8987],[108.7775,12.8987],[108.7808,12.8966],[108.7824,12.8926],[108.7846,12.8898],[108.7842,12.886],[108.786,12.8775],[108.7887,12.8753],[108.7894,12.871],[108.7934,12.8679],[108.7954,12.8671],[108.7979,12.8712],[108.8019,12.8712],[108.8037,12.8735],[108.8076,12.8731],[108.8113,12.8753],[108.8151,12.875],[108.8144,12.8762],[108.8155,12.8856],[108.821,12.8874],[108.8223,12.889],[108.8227,12.8931],[108.8226,12.9012],[108.83,12.906],[108.8313,12.9057],[108.8368,12.909],[108.8385,12.9111],[108.8378,12.9158],[108.8395,12.9164],[108.84,12.9216],[108.8442,12.9188],[108.8468,12.9204],[108.8451,12.9256],[108.8456,12.9275],[108.8433,12.9316],[108.841,12.9337],[108.8417,12.9394],[108.8438,12.9398],[108.8445,12.9429],[108.8507,12.9462],[108.8546,12.9452],[108.8541,12.9502],[108.8568,12.9507],[108.8575,12.9537],[108.8567,12.9595],[108.8596,12.9611],[108.8573,12.9653],[108.8595,12.9711],[108.8614,12.9723],[108.8549,12.9765],[108.8517,12.9758],[108.8462,12.9759],[108.8449,12.9737],[108.8411,12.9745],[108.8419,12.9773],[108.8384,12.9823],[108.838,12.9848],[108.8407,12.9905],[108.8465,12.9925],[108.8493,12.9914],[108.8536,12.991],[108.8568,12.9943],[108.8619,12.9929],[108.8666,12.9936],[108.8689,12.9956],[108.8695,12.9982],[108.8775,13.004],[108.882,13.0013],[108.8857,13.0043],[108.8869,13.0065],[108.8947,13.0138]]]},"properties":{"ma_xa":"22225","ten_xa":"Ea Bá","sap_nhap":"Ea Bá, Ea Bar (huyện Sông Hinh, 1 phần)","tru_so":"đang cập nhật","loai":"Xã","cap":2,"stt":96,"dtich_km2":131.79,"dan_so":8316,"matdo_km2":63.1,"ma_tinh":"66","ten_tinh":"Đắk Lắk"}},
{"type":"Feature","geometry":{"type":"Polygon","coordinates":[[[107.8171,13.1509],[107.817,13.1478],[107.8126,13.1492],[107.8114,13.1538],[107.8094,13.1522],[107.8034,13.1557],[107.8052,13.1574],[107.8056,13.1611],[107.8045,13.1652],[107.7996,13.1659],[107.797,13.1648],[107.7957,13.1692],[107.792,13.1696],[107.7913,13.1713],[107.7927,13.1743],[107.7878,13.1798],[107.7893,13.1816],[107.7872,13.1836],[107.79,13.1867],[107.79,13.1907],[107.7867,13.1882],[107.7842,13.1891],[107.7833,13.1942],[107.7838,13.1971],[107.7796,13.1969],[107.7755,13.1987],[107.7746,13.1962],[107.7704,13.2026],[107.771,13.2094],[107.7669,13.2122],[107.7664,13.2167],[107.7679,13.2198],[107.7659,13.221],[107.7648,13.2249],[107.7624,13.2252],[107.7596,13.2219],[107.7611,13.2183],[107.7611,13.215],[107.7599,13.2113],[107.755,13.2085],[107.7502,13.2072],[107.7472,13.2076],[107.7466,13.204],[107.7404,13.2042],[107.739,13.2013],[107.7354,13.2012],[107.732,13.2026],[107.7296,13.2054],[107.7257,13.2065],[107.7224,13.2101],[107.7189,13.2127],[107.7181,13.2158],[107.7074,13.2226],[107.7052,13.2223],[107.7007,13.2174],[107.6922,13.2212],[107.6886,13.2214],[107.6846,13.2228],[107.6848,13.216],[107.6844,13.2116],[107.6869,13.2083],[107.6874,13.2013],[107.689,13.1981],[107.6873,13.1964],[107.6879,13.1945],[107.6866,13.1909],[107.688,13.1899],[107.6898,13.1859],[107.691,13.1855],[107.6938,13.1807],[107.6917,13.1778],[107.6935,13.1757],[107.6936,13.1719],[107.6964,13.1684],[107.6975,13.1644],[107.6963,13.1604],[107.694,13.1583],[107.6844,13.1566],[107.6775,13.1592],[107.6716,13.1592],[107.6683,13.1572],[107.6654,13.1565],[107.6602,13.1534],[107.6598,13.1517],[107.6553,13.1488],[107.6513,13.1482],[107.6463,13.1494],[107.6419,13.149],[107.6375,13.1495],[107.6319,13.1525],[107.6194,13.1553],[107.6118,13.1541],[107.607,13.1516],[107.6015,13.1538],[107.5982,13.1595],[107.5972,13.1627],[107.5946,13.1637],[107.5939,13.1666],[107.5877,13.1701],[107.5829,13.1741],[107.5775,13.1772],[107.5689,13.1848],[107.5657,13.1869],[107.5658,13.1897],[107.5622,13.1947],[107.5592,13.1958],[107.535,13.1397],[107.5114,13.085],[107.5179,13.0837],[107.5281,13.0851],[107.538,13.0873],[107.5513,13.0886],[107.5595,13.088],[107.5643,13.0866],[107.5765,13.0837],[107.5798,13.0836],[107.5818,13.0814],[107.5869,13.0802],[107.5999,13.078],[107.6108,13.0768],[107.6224,13.0738],[107.6341,13.0751],[107.6373,13.073],[107.6442,13.0718],[107.6471,13.0718],[107.6536,13.0701],[107.6633,13.0694],[107.6783,13.0716],[107.7001,13.0719],[107.7051,13.0693],[107.7101,13.0703],[107.7134,13.0686],[107.7177,13.0694],[107.7254,13.0676],[107.7269,13.0658],[107.7335,13.0647],[107.7426,13.0652],[107.7545,13.0636],[107.7599,13.0604],[107.7712,13.0619],[107.7734,13.0641],[107.7734,13.0665],[107.7762,13.0675],[107.7785,13.07],[107.7812,13.071],[107.7879,13.0706],[107.7881,13.0734],[107.8015,13.0711],[107.8032,13.0686],[107.8132,13.0705],[107.8161,13.0719],[107.8157,13.0737],[107.8198,13.0771],[107.8223,13.0761],[107.8275,13.0778],[107.8286,13.0801],[107.8313,13.0766],[107.8341,13.0769],[107.8347,13.0741],[107.8372,13.0748],[107.8378,13.0767],[107.8408,13.0775],[107.8418,13.0823],[107.8465,13.085],[107.85,13.0851],[107.854,13.084],[107.8621,13.0851],[107.8626,13.0837],[107.8666,13.0838],[107.867,13.0857],[107.871,13.0855],[107.8747,13.0875],[107.8761,13.0893],[107.8797,13.0906],[107.8794,13.0945],[107.8721,13.0969],[107.87,13.0989],[107.8686,13.1028],[107.8697,13.1066],[107.8644,13.1037],[107.8622,13.1066],[107.8583,13.1041],[107.8561,13.105],[107.8545,13.108],[107.8498,13.1091],[107.8419,13.1128],[107.8417,13.1146],[107.8386,13.1166],[107.8388,13.1195],[107.8407,13.1207],[107.8401,13.1239],[107.8379,13.1235],[107.8324,13.1263],[107.829,13.1265],[107.8288,13.13],[107.8269,13.1319],[107.8232,13.1296],[107.8213,13.1309],[107.8254,13.1329],[107.8251,13.1355],[107.8231,13.1364],[107.8221,13.1403],[107.8204,13.1419],[107.8216,13.1442],[107.8182,13.1482],[107.8171,13.1509]]]},"properties":{"ma_xa":"24229","ten_xa":"Ea Bung","sap_nhap":"Ya Tờ Mốt, Ea Bung","tru_so":"đang cập nhật","loai":"Xã","cap":2,"stt":12,"dtich_km2":390.08,"dan_so":9677,"matdo_km2":24.81,"ma_tinh":"66","ten_tinh":"Đắk Lắk"}},
{"type":"Feature","geometry":{"type":"Polygon","coordinates":[[[108.1972,13.2913],[108.1927,13.2954],[108.1914,13.2983],[108.1874,13.3018],[108.1843,13.3028],[108.1816,13.3061],[108.1794,13.307],[108.1733,13.3075],[108.1695,13.3063],[108.1668,13.3025],[108.1666,13.2931],[108.169,13.2876],[108.1671,13.2855],[108.1677,13.2829],[108.1655,13.2823],[108.164,13.2875],[108.1609,13.2889],[108.16,13.2921],[108.1539,13.2924],[108.1543,13.2876],[108.1519,13.2852],[108.1521,13.2772],[108.1461,13.2769],[108.1412,13.2754],[108.1371,13.2723],[108.1377,13.2677],[108.1372,13.2645],[108.1384,13.2624],[108.1394,13.2553],[108.139,13.2474],[108.1375,13.2461],[108.1384,13.2402],[108.1407,13.2349],[108.1396,13.2326],[108.1403,13.2278],[108.1418,13.2269],[108.1439,13.2139],[108.1464,13.2132],[108.1489,13.2094],[108.1514,13.2102],[108.1543,13.207],[108.1596,13.2048],[108.1606,13.2075],[108.1651,13.2089],[108.1659,13.2075],[108.1696,13.2105],[108.1711,13.2152],[108.1764,13.2207],[108.1843,13.223],[108.1882,13.2232],[108.1893,13.218],[108.1936,13.21],[108.1942,13.2068],[108.1979,13.2],[108.1997,13.1936],[108.2021,13.1928],[108.2027,13.1887],[108.2051,13.1812],[108.207,13.1795],[108.2073,13.1772],[108.2104,13.1731],[108.214,13.173],[108.2203,13.1756],[108.2281,13.1764],[108.2299,13.1735],[108.232,13.1721],[108.2312,13.1688],[108.2395,13.1633],[108.2405,13.1614],[108.2385,13.1565],[108.2422,13.1565],[108.2425,13.1535],[108.2459,13.1509],[108.2486,13.1515],[108.2571,13.1455],[108.2616,13.1475],[108.2705,13.1472],[108.2725,13.1466],[108.2745,13.1439],[108.2732,13.1382],[108.2763,13.1357],[108.2753,13.1332],[108.2785,13.132],[108.2802,13.1295],[108.2781,13.1232],[108.2794,13.125],[108.2816,13.1244],[108.2844,13.126],[108.288,13.13],[108.2918,13.1305],[108.297,13.1297],[108.3009,13.1328],[108.3046,13.1332],[108.3104,13.1361],[108.3115,13.14],[108.314,13.1406],[108.3151,13.1443],[108.312,13.1484],[108.3096,13.1493],[108.3075,13.1517],[108.3081,13.1553],[108.3048,13.1591],[108.3064,13.1652],[108.3095,13.1655],[108.3074,13.1692],[108.3077,13.172],[108.3102,13.1743],[108.31,13.1801],[108.3072,13.1814],[108.3035,13.1813],[108.3011,13.18],[108.2994,13.1774],[108.2966,13.1813],[108.2924,13.1816],[108.2908,13.1833],[108.2877,13.1826],[108.2837,13.1843],[108.284,13.191],[108.2822,13.1962],[108.2801,13.1979],[108.2802,13.2044],[108.2822,13.2088],[108.2803,13.2107],[108.2768,13.2111],[108.2781,13.2169],[108.2753,13.2188],[108.2732,13.226],[108.2714,13.2257],[108.2684,13.2285],[108.269,13.2335],[108.2668,13.2344],[108.2642,13.2383],[108.2605,13.2501],[108.2575,13.2524],[108.2581,13.2569],[108.2565,13.2606],[108.253,13.26],[108.2515,13.2649],[108.247,13.2583],[108.2481,13.2543],[108.2433,13.2529],[108.2434,13.2502],[108.2396,13.2474],[108.2386,13.2523],[108.2352,13.2573],[108.2356,13.2598],[108.2285,13.2664],[108.2281,13.2686],[108.2256,13.2697],[108.2255,13.2716],[108.2226,13.2755],[108.2196,13.2765],[108.2183,13.2785],[108.2158,13.2783],[108.2133,13.2813],[108.2114,13.2807],[108.2095,13.2826],[108.2059,13.2829],[108.2023,13.2874],[108.1998,13.2873],[108.1972,13.2913]]]},"properties":{"ma_xa":"24181","ten_xa":"Ea Drăng","sap_nhap":"Ea Drăng (thị trấn), Ea Ral, Dliê Yang","tru_so":"đang cập nhật","loai":"Xã","cap":2,"stt":28,"dtich_km2":171.34,"dan_so":54475,"matdo_km2":317.94,"ma_tinh":"66","ten_tinh":"Đắk Lắk"}},
{"type":"Feature","geometry":{"type":"Polygon","coordinates":[[[108.3348,12.9242],[108.3251,12.9244],[108.3189,12.9258],[108.31,12.9243],[108.3055,12.9213],[108.3033,12.9174],[108.3008,12.9216],[108.3016,12.9274],[108.3014,12.9306],[108.2991,12.9295],[108.2855,12.929],[108.2822,12.9294],[108.2872,12.924],[108.2854,12.9209],[108.2865,12.9194],[108.2814,12.9164],[108.2815,12.9132],[108.2838,12.9128],[108.2867,12.9093],[108.2873,12.9053],[108.2849,12.9026],[108.2851,12.8993],[108.2811,12.8968],[108.2789,12.8982],[108.2774,12.8954],[108.2779,12.8926],[108.283,12.8904],[108.2822,12.8876],[108.2836,12.8859],[108.2824,12.884],[108.2819,12.8791],[108.2829,12.8774],[108.2778,12.876],[108.2772,12.8708],[108.2724,12.8704],[108.2695,12.8693],[108.2671,12.8651],[108.2698,12.8612],[108.2699,12.857],[108.2717,12.855],[108.2721,12.8523],[108.2748,12.8516],[108.2783,12.8522],[108.2836,12.8494],[108.281,12.8453],[108.2776,12.8451],[108.2702,12.8482],[108.2688,12.8481],[108.2706,12.8426],[108.2702,12.8412],[108.2729,12.8387],[108.2741,12.8336],[108.2772,12.828],[108.2777,12.8252],[108.2822,12.8268],[108.2844,12.8235],[108.2886,12.8267],[108.2899,12.8241],[108.2941,12.8228],[108.295,12.8213],[108.2996,12.8215],[108.3061,12.824],[108.3102,12.8216],[108.3114,12.8183],[108.3102,12.817],[108.3115,12.813],[108.3105,12.8116],[108.312,12.8081],[108.3152,12.8044],[108.3144,12.802],[108.3154,12.7937],[108.3198,12.7954],[108.3275,12.8002],[108.3357,12.8038],[108.3437,12.8074],[108.3443,12.8105],[108.3439,12.8144],[108.3477,12.8156],[108.3527,12.8182],[108.35,12.8213],[108.3474,12.83],[108.3511,12.833],[108.3529,12.8329],[108.3606,12.8364],[108.3659,12.8373],[108.3713,12.8393],[108.3719,12.8394],[108.3725,12.847],[108.3716,12.8534],[108.3726,12.8559],[108.3705,12.8644],[108.369,12.8663],[108.3699,12.8686],[108.3683,12.8729],[108.3696,12.8775],[108.3672,12.8792],[108.3681,12.8818],[108.3656,12.8866],[108.3654,12.8894],[108.3626,12.8959],[108.3638,12.8993],[108.3627,12.9019],[108.3602,12.9051],[108.3515,12.9089],[108.3499,12.911],[108.3437,12.9134],[108.3431,12.9164],[108.3359,12.9185],[108.3348,12.9242]]]},"properties":{"ma_xa":"24328","ten_xa":"Ea Drông","sap_nhap":"Ea Siên, Ea Drông","tru_so":"đang cập nhật","loai":"Xã","cap":2,"stt":7,"dtich_km2":111.13,"dan_so":23951,"matdo_km2":215.52,"ma_tinh":"66","ten_tinh":"Đắk Lắk"}},
{"type":"Feature","geometry":{"type":"Polygon","coordinates":[[[108.2092,13.3766],[108.2052,13.3731],[108.2027,13.3733],[108.1998,13.3777],[108.1933,13.3806],[108.1903,13.3804],[108.1883,13.3822],[108.186,13.3809],[108.1824,13.3819],[108.18,13.3843],[108.1772,13.3845],[108.1767,13.3879],[108.1746,13.3877],[108.1739,13.3915],[108.1649,13.3942],[108.1609,13.4013],[108.1575,13.4016],[108.1555,13.3997],[108.1496,13.4015],[108.1471,13.4048],[108.1447,13.4042],[108.1447,13.4071],[108.1417,13.4087],[108.1404,13.4068],[108.1369,13.4071],[108.1351,13.4093],[108.1321,13.409],[108.1296,13.4114],[108.1262,13.4092],[108.1207,13.4119],[108.1164,13.4154],[108.112,13.4166],[108.11,13.4155],[108.1065,13.4116],[108.0985,13.41],[108.0939,13.4076],[108.0896,13.4091],[108.0885,13.4073],[108.0841,13.4047],[108.082,13.4021],[108.0798,13.4043],[108.077,13.4041],[108.073,13.3994],[108.0704,13.4028],[108.0702,13.407],[108.0684,13.4098],[108.0662,13.4088],[108.0555,13.4082],[108.0566,13.4114],[108.0538,13.4123],[108.0474,13.4071],[108.0459,13.4041],[108.0456,13.4011],[108.0395,13.4003],[108.0385,13.4022],[108.0355,13.4024],[108.0354,13.3998],[108.0332,13.3957],[108.0302,13.395],[108.0271,13.3954],[108.0256,13.3917],[108.0208,13.3866],[108.0146,13.3862],[108.0122,13.3825],[108.0078,13.3814],[108.0053,13.3839],[107.9995,13.3871],[107.9984,13.3897],[107.9963,13.3906],[107.9928,13.3888],[107.9893,13.3921],[107.9826,13.3928],[107.9804,13.3912],[107.9799,13.3887],[107.9815,13.3856],[107.9809,13.3838],[107.9757,13.3836],[107.9735,13.3815],[107.9703,13.3829],[107.97,13.3787],[107.9663,13.3733],[107.9667,13.3667],[107.9701,13.3651],[107.9707,13.3627],[107.9734,13.3594],[107.9747,13.354],[107.9725,13.3458],[107.9745,13.3422],[107.9736,13.3379],[107.9759,13.3326],[107.9784,13.3301],[107.9803,13.3226],[107.9795,13.32],[107.9804,13.3173],[107.9824,13.3158],[107.9836,13.3128],[107.9828,13.3096],[107.9839,13.3071],[107.9863,13.307],[107.9855,13.3004],[107.9888,13.2999],[107.9901,13.2968],[107.9924,13.2968],[107.9953,13.2943],[107.9983,13.294],[108.0004,13.2909],[108.0027,13.29],[108.0007,13.2788],[108.0016,13.2749],[108.0061,13.2719],[108.0138,13.2686],[108.0175,13.2663],[108.0286,13.2644],[108.0301,13.2611],[108.0343,13.2591],[108.0356,13.262],[108.0393,13.2643],[108.044,13.2654],[108.0479,13.2687],[108.0544,13.2711],[108.0576,13.271],[108.0597,13.2726],[108.0703,13.273],[108.0851,13.2887],[108.098,13.2923],[108.1017,13.2883],[108.1023,13.2848],[108.1047,13.2815],[108.1072,13.2821],[108.1098,13.2795],[108.1139,13.2798],[108.1312,13.2741],[108.133,13.2706],[108.1363,13.2706],[108.1371,13.2723],[108.1412,13.2754],[108.1461,13.2769],[108.1521,13.2772],[108.1519,13.2852],[108.1543,13.2876],[108.1539,13.2924],[108.16,13.2921],[108.1609,13.2889],[108.164,13.2875],[108.1655,13.2823],[108.1677,13.2829],[108.1671,13.2855],[108.169,13.2876],[108.1666,13.2931],[108.1668,13.3025],[108.1695,13.3063],[108.1733,13.3075],[108.1794,13.307],[108.1816,13.3061],[108.1843,13.3028],[108.1874,13.3018],[108.1914,13.2983],[108.1927,13.2954],[108.1972,13.2913],[108.2093,13.3036],[108.2122,13.3053],[108.2197,13.314],[108.2237,13.314],[108.226,13.3152],[108.227,13.3198],[108.2249,13.3247],[108.2252,13.3268],[108.2342,13.3408],[108.2375,13.3472],[108.2382,13.3526],[108.2351,13.3553],[108.2341,13.3593],[108.2341,13.3643],[108.2372,13.3644],[108.2374,13.3701],[108.2368,13.3721],[108.2353,13.3713],[108.2314,13.3716],[108.2275,13.3701],[108.2224,13.371],[108.2203,13.3725],[108.2131,13.3682],[108.2092,13.3766]]]},"properties":{"ma_xa":"24184","ten_xa":"Ea H’leo","sap_nhap":"Ea H’leo","tru_so":"đang cập nhật","loai":"Xã","cap":2,"stt":30,"dtich_km2":340.06,"dan_so":16235,"matdo_km2":47.74,"ma_tinh":"66","ten_tinh":"Đắk Lắk"}},
{"type":"Feature","geometry":{"type":"Polygon","coordinates":[[[108.2636,13.3722],[108.2597,13.3693],[108.253,13.3696],[108.249,13.3682],[108.247,13.3695],[108.2422,13.368],[108.2395,13.3708],[108.2368,13.3721],[108.2374,13.3701],[108.2372,13.3644],[108.2341,13.3643],[108.2341,13.3593],[108.2351,13.3553],[108.2382,13.3526],[108.2375,13.3472],[108.2342,13.3408],[108.2252,13.3268],[108.2249,13.3247],[108.227,13.3198],[108.226,13.3152],[108.2237,13.314],[108.2197,13.314],[108.2122,13.3053],[108.2093,13.3036],[108.1972,13.2913],[108.1998,13.2873],[108.2023,13.2874],[108.2059,13.2829],[108.2095,13.2826],[108.2114,13.2807],[108.2133,13.2813],[108.2158,13.2783],[108.2183,13.2785],[108.2196,13.2765],[108.2226,13.2755],[108.2255,13.2716],[108.2256,13.2697],[108.2281,13.2686],[108.2285,13.2664],[108.2356,13.2598],[108.2352,13.2573],[108.2386,13.2523],[108.2396,13.2474],[108.2434,13.2502],[108.2433,13.2529],[108.2481,13.2543],[108.247,13.2583],[108.2515,13.2649],[108.253,13.26],[108.2565,13.2606],[108.2581,13.2569],[108.2575,13.2524],[108.2605,13.2501],[108.2642,13.2383],[108.2668,13.2344],[108.269,13.2335],[108.2684,13.2285],[108.2714,13.2257],[108.2732,13.226],[108.2753,13.2188],[108.2781,13.2169],[108.2768,13.2111],[108.2803,13.2107],[108.2822,13.2088],[108.2802,13.2044],[108.2801,13.1979],[108.2822,13.1962],[108.284,13.191],[108.2837,13.1843],[108.2877,13.1826],[108.2908,13.1833],[108.2924,13.1816],[108.2966,13.1813],[108.2994,13.1774],[108.3011,13.18],[108.3035,13.1813],[108.3072,13.1814],[108.31,13.1801],[108.3102,13.1743],[108.3077,13.172],[108.3074,13.1692],[108.3095,13.1655],[108.3064,13.1652],[108.3048,13.1591],[108.3081,13.1553],[108.3075,13.1517],[108.3096,13.1493],[108.312,13.1484],[108.3147,13.1491],[108.3201,13.1473],[108.3217,13.1459],[108.3254,13.1459],[108.3324,13.1423],[108.3385,13.1418],[108.3429,13.1456],[108.3444,13.1459],[108.3479,13.139],[108.3533,13.1374],[108.356,13.1348],[108.3566,13.1318],[108.3624,13.1293],[108.3647,13.1257],[108.3673,13.1272],[108.3656,13.1354],[108.3693,13.1372],[108.3721,13.144],[108.3748,13.1467],[108.3768,13.1473],[108.3792,13.1524],[108.3842,13.1525],[108.3876,13.1537],[108.3923,13.1566],[108.3962,13.1557],[108.3997,13.1528],[108.4064,13.1542],[108.4115,13.1524],[108.4147,13.1532],[108.4188,13.1518],[108.4228,13.1485],[108.4259,13.1442],[108.43,13.1417],[108.4321,13.1416],[108.4341,13.1455],[108.4374,13.146],[108.4366,13.148],[108.4439,13.1492],[108.447,13.1483],[108.451,13.1497],[108.454,13.1487],[108.4578,13.1457],[108.4659,13.148],[108.4615,13.151],[108.4608,13.156],[108.4639,13.1624],[108.4604,13.1654],[108.4573,13.1657],[108.4468,13.1745],[108.444,13.1756],[108.4408,13.1794],[108.4378,13.1799],[108.4352,13.1833],[108.4311,13.1868],[108.4291,13.1905],[108.4271,13.192],[108.4257,13.1963],[108.4234,13.1983],[108.4224,13.2022],[108.4226,13.2075],[108.4176,13.2147],[108.4182,13.2171],[108.4163,13.2214],[108.4187,13.2248],[108.4221,13.2265],[108.4201,13.2282],[108.4203,13.2307],[108.4175,13.2333],[108.4179,13.2376],[108.4214,13.2397],[108.4208,13.2417],[108.4174,13.2435],[108.4138,13.2464],[108.4107,13.2478],[108.4095,13.256],[108.4052,13.2605],[108.3993,13.256],[108.3968,13.2555],[108.3868,13.2575],[108.3824,13.2609],[108.3811,13.2631],[108.3765,13.2672],[108.3722,13.2676],[108.3719,13.2705],[108.3738,13.2728],[108.3744,13.2755],[108.373,13.2778],[108.3731,13.2819],[108.3712,13.2919],[108.3697,13.2935],[108.3706,13.2979],[108.3693,13.3014],[108.3726,13.3024],[108.3667,13.3104],[108.3644,13.3106],[108.3614,13.3154],[108.3568,13.3146],[108.3555,13.316],[108.3548,13.3214],[108.3529,13.3235],[108.354,13.3263],[108.3536,13.3291],[108.3501,13.3315],[108.3464,13.3322],[108.3452,13.334],[108.3474,13.3389],[108.3442,13.3381],[108.3387,13.3384],[108.3374,13.3376],[108.3309,13.34],[108.3284,13.3429],[108.3244,13.3429],[108.3209,13.3455],[108.3126,13.3427],[108.2965,13.3506],[108.2921,13.352],[108.2896,13.3513],[108.2874,13.3521],[108.287,13.3548],[108.2817,13.3605],[108.2636,13.3722]]]},"properties":{"ma_xa":"24187","ten_xa":"Ea Hiao","sap_nhap":"Ea Sol, Ea Hiao","tru_so":"đang cập nhật","loai":"Xã","cap":2,"stt":31,"dtich_km2":361.69,"dan_so":30796,"matdo_km2":85.14,"ma_tinh":"66","ten_tinh":"Đắk Lắk"}},
{"type":"Feature","geometry":{"type":"Polygon","coordinates":[[[108.065,12.6562],[108.0599,12.6553],[108.0556,12.6603],[108.0509,12.6609],[108.049,12.6647],[108.0436,12.6637],[108.0392,12.6672],[108.036,12.6641],[108.0289,12.6584],[108.0265,12.6622],[108.0234,12.6596],[108.0212,12.6599],[108.0205,12.6623],[108.0164,12.6624],[108.0147,12.661],[108.0116,12.6607],[108.0111,12.6587],[108.0114,12.6565],[108.0134,12.6549],[108.0144,12.6496],[108.0162,12.6457],[108.0153,12.643],[108.0175,12.6418],[108.0175,12.6387],[108.0146,12.6358],[108.0171,12.6307],[108.0158,12.624],[108.0182,12.6204],[108.0167,12.6164],[108.0197,12.6177],[108.026,12.6051],[108.0243,12.6027],[108.0288,12.5978],[108.0276,12.5971],[108.0287,12.5935],[108.0267,12.5915],[108.0278,12.5897],[108.0263,12.5876],[108.0291,12.5853],[108.0303,12.5811],[108.0295,12.5782],[108.0304,12.5751],[108.0325,12.5734],[108.0351,12.5731],[108.0362,12.566],[108.0374,12.5625],[108.0427,12.5616],[108.0449,12.5602],[108.0484,12.5602],[108.0511,12.5572],[108.0589,12.5574],[108.0594,12.5549],[108.0634,12.5531],[108.0719,12.5531],[108.0791,12.5547],[108.0784,12.5616],[108.0762,12.5643],[108.0765,12.5665],[108.0789,12.5677],[108.0817,12.5668],[108.0811,12.5723],[108.0819,12.5756],[108.0815,12.5932],[108.0751,12.5921],[108.0729,12.5937],[108.0726,12.5962],[108.0702,12.5971],[108.0668,12.5964],[108.0664,12.5996],[108.0638,12.6038],[108.0605,12.6065],[108.0681,12.6136],[108.0736,12.6136],[108.071,12.6176],[108.0715,12.6227],[108.0697,12.6291],[108.073,12.6306],[108.0756,12.634],[108.0666,12.6345],[108.0688,12.6434],[108.068,12.6482],[108.0666,12.6497],[108.0672,12.6526],[108.065,12.6562]]]},"properties":{"ma_xa":"24169","ten_xa":"Ea Kao","sap_nhap":"Ea Tam, Ea Kao","tru_so":"đang cập nhật","loai":"Phường","cap":2,"stt":6,"dtich_km2":60.7,"dan_so":57070,"matdo_km2":940.2,"ma_tinh":"66","ten_tinh":"Đắk Lắk"}},
{"type":"Feature","geometry":{"type":"Polygon","coordinates":[[[108.5471,12.7621],[108.5435,12.7639],[108.5431,12.7672],[108.544,12.7734],[108.5433,12.7771],[108.5383,12.7804],[108.5337,12.7816],[108.5273,12.786],[108.5245,12.7885],[108.5245,12.7909],[108.5208,12.7935],[108.5204,12.7962],[108.5227,12.8008],[108.526,12.8036],[108.5253,12.8134],[108.5272,12.8166],[108.5272,12.8188],[108.5242,12.8206],[108.5194,12.8219],[108.5162,12.8195],[108.5152,12.8201],[108.514,12.8255],[108.5111,12.8263],[108.5103,12.83],[108.5064,12.8281],[108.5058,12.8244],[108.503,12.8265],[108.4999,12.8262],[108.4988,12.8274],[108.4961,12.8244],[108.4943,12.83],[108.495,12.8335],[108.4926,12.8345],[108.4928,12.837],[108.4908,12.8398],[108.4892,12.8446],[108.4868,12.8451],[108.4852,12.848],[108.4857,12.8504],[108.4815,12.8547],[108.4791,12.8558],[108.4798,12.8615],[108.482,12.862],[108.4856,12.8668],[108.4861,12.8719],[108.4885,12.8778],[108.4802,12.8863],[108.4766,12.8871],[108.4744,12.8861],[108.4707,12.8884],[108.4707,12.8902],[108.4674,12.891],[108.4665,12.8929],[108.4636,12.8938],[108.4613,12.8922],[108.457,12.8948],[108.4524,12.8957],[108.451,12.8948],[108.4478,12.8967],[108.4432,12.8867],[108.4424,12.8833],[108.4402,12.8815],[108.4405,12.879],[108.4354,12.8718],[108.4286,12.8687],[108.4226,12.8691],[108.4149,12.8673],[108.4134,12.8652],[108.4089,12.8642],[108.4087,12.8623],[108.4049,12.8597],[108.4022,12.8589],[108.3959,12.86],[108.3883,12.858],[108.3862,12.8587],[108.3833,12.8547],[108.3816,12.8545],[108.3789,12.8505],[108.3761,12.8479],[108.3728,12.8421],[108.3719,12.8394],[108.3713,12.8393],[108.3781,12.8337],[108.3823,12.8322],[108.3846,12.8276],[108.3854,12.8236],[108.3871,12.8217],[108.3904,12.8208],[108.398,12.8202],[108.401,12.8186],[108.4028,12.8158],[108.4056,12.8173],[108.4101,12.8136],[108.4125,12.813],[108.4168,12.8087],[108.4189,12.8079],[108.421,12.8044],[108.4215,12.7998],[108.4261,12.7945],[108.4269,12.7903],[108.4254,12.7881],[108.4303,12.7814],[108.4316,12.7772],[108.4306,12.7756],[108.4317,12.772],[108.4349,12.7683],[108.4367,12.7675],[108.4401,12.7613],[108.4405,12.7589],[108.4439,12.7541],[108.4477,12.7515],[108.4502,12.7484],[108.4563,12.7479],[108.4521,12.7453],[108.4516,12.7406],[108.4484,12.7378],[108.4462,12.7418],[108.4436,12.7398],[108.445,12.7365],[108.4415,12.7349],[108.4422,12.7332],[108.4401,12.7307],[108.4341,12.7282],[108.4352,12.7204],[108.4426,12.7206],[108.4454,12.7222],[108.4502,12.7232],[108.4535,12.7223],[108.4573,12.719],[108.4616,12.7197],[108.4636,12.7181],[108.4664,12.7192],[108.4692,12.7217],[108.4747,12.7178],[108.4759,12.715],[108.4822,12.7095],[108.4853,12.7129],[108.4884,12.7107],[108.4894,12.7126],[108.4887,12.7209],[108.4922,12.7253],[108.4967,12.7233],[108.4988,12.7205],[108.5021,12.7201],[108.5034,12.7179],[108.5068,12.7186],[108.5114,12.7171],[108.5152,12.7188],[108.5202,12.7188],[108.5253,12.7134],[108.5263,12.7105],[108.5293,12.7097],[108.5286,12.7128],[108.5353,12.7326],[108.538,12.7358],[108.5419,12.7448],[108.5471,12.7621]]]},"properties":{"ma_xa":"24373","ten_xa":"Ea Kar","sap_nhap":"Ea Kar (thị trấn), Cư Huê, Ea Đar, Ea Kmút, Cư Ni, Xuân Phú","tru_so":"đang cập nhật","loai":"Xã","cap":2,"stt":42,"dtich_km2":198.67,"dan_so":87972,"matdo_km2":442.8,"ma_tinh":"66","ten_tinh":"Đắk Lắk"}},
{"type":"Feature","geometry":{"type":"Polygon","coordinates":[[[108.2781,13.1232],[108.2802,13.1295],[108.2785,13.132],[108.2753,13.1332],[108.2763,13.1357],[108.2732,13.1382],[108.2745,13.1439],[108.2725,13.1466],[108.2705,13.1472],[108.2616,13.1475],[108.2571,13.1455],[108.2486,13.1515],[108.2459,13.1509],[108.2425,13.1535],[108.2422,13.1565],[108.2385,13.1565],[108.2405,13.1614],[108.2395,13.1633],[108.2312,13.1688],[108.232,13.1721],[108.2299,13.1735],[108.2281,13.1764],[108.2203,13.1756],[108.214,13.173],[108.2104,13.1731],[108.2073,13.1772],[108.207,13.1795],[108.2051,13.1812],[108.2027,13.1887],[108.2021,13.1928],[108.1997,13.1936],[108.1979,13.2],[108.1942,13.2068],[108.1936,13.21],[108.1893,13.218],[108.1882,13.2232],[108.1843,13.223],[108.1764,13.2207],[108.1711,13.2152],[108.1696,13.2105],[108.1659,13.2075],[108.1651,13.2089],[108.1606,13.2075],[108.1596,13.2048],[108.1543,13.207],[108.1514,13.2102],[108.1489,13.2094],[108.1464,13.2132],[108.1439,13.2139],[108.141,13.2124],[108.1393,13.2138],[108.1338,13.2098],[108.1327,13.2063],[108.1267,13.204],[108.1256,13.2007],[108.1238,13.1997],[108.1274,13.1871],[108.1263,13.1831],[108.1226,13.1797],[108.1222,13.1774],[108.1195,13.1733],[108.1281,13.1687],[108.1291,13.1612],[108.1253,13.1587],[108.1217,13.1597],[108.1183,13.1567],[108.114,13.1555],[108.111,13.1562],[108.1076,13.1552],[108.1009,13.1518],[108.0965,13.1519],[108.0943,13.1488],[108.0912,13.1501],[108.0876,13.1503],[108.0834,13.1531],[108.0834,13.1554],[108.0779,13.1563],[108.0766,13.1576],[108.0738,13.1564],[108.0703,13.1594],[108.0675,13.1598],[108.067,13.1566],[108.0566,13.1528],[108.0458,13.1497],[108.0408,13.1494],[108.0384,13.1466],[108.0362,13.1455],[108.0333,13.147],[108.0298,13.1468],[108.0258,13.1447],[108.0237,13.1476],[108.0167,13.1437],[108.0142,13.1406],[108.0117,13.1418],[108.0086,13.1371],[108.0072,13.1373],[108.005,13.1408],[108.0018,13.1414],[108.0008,13.1431],[107.9984,13.1529],[107.9926,13.156],[107.9904,13.1528],[107.9869,13.1505],[107.9844,13.1472],[107.9773,13.148],[107.9769,13.1464],[107.986,13.1414],[107.9842,13.1373],[107.9856,13.1235],[107.9809,13.1224],[107.9801,13.1198],[107.9839,13.1188],[107.9865,13.1168],[107.9871,13.1139],[107.9933,13.1112],[107.9976,13.1078],[108.001,13.1079],[108.0025,13.1061],[108.0054,13.105],[108.0085,13.1054],[108.0091,13.1033],[108.0172,13.1023],[108.0196,13.1032],[108.0211,13.1017],[108.0245,13.1041],[108.0276,13.1042],[108.0287,13.1014],[108.0327,13.102],[108.0359,13.1012],[108.0378,13.1023],[108.0412,13.0996],[108.0424,13.1024],[108.0456,13.1031],[108.0479,13.1024],[108.0489,13.0986],[108.0477,13.0945],[108.0485,13.0914],[108.0471,13.0902],[108.0481,13.0872],[108.0416,13.0767],[108.0368,13.0742],[108.0408,13.0726],[108.0375,13.0672],[108.0453,13.0596],[108.0431,13.0562],[108.044,13.0545],[108.0471,13.0561],[108.0505,13.0559],[108.0511,13.0532],[108.0474,13.0525],[108.0457,13.0488],[108.0473,13.0479],[108.0531,13.0483],[108.0553,13.0515],[108.0586,13.0507],[108.0625,13.0528],[108.0675,13.0505],[108.0701,13.0524],[108.0691,13.0543],[108.0665,13.0559],[108.0659,13.0589],[108.0759,13.056],[108.0759,13.059],[108.0715,13.0617],[108.0746,13.0636],[108.0791,13.0624],[108.0807,13.0644],[108.0784,13.0662],[108.0785,13.0679],[108.0834,13.0703],[108.0847,13.0673],[108.0887,13.067],[108.0918,13.0633],[108.0923,13.0603],[108.094,13.058],[108.0962,13.0589],[108.0999,13.0595],[108.1011,13.0626],[108.1004,13.0654],[108.1025,13.0676],[108.1033,13.0715],[108.107,13.0659],[108.1099,13.0716],[108.1083,13.0735],[108.1114,13.0763],[108.1182,13.0778],[108.1203,13.0791],[108.1223,13.0822],[108.1268,13.0833],[108.1305,13.0885],[108.1302,13.0899],[108.1335,13.0953],[108.1345,13.0998],[108.1367,13.1011],[108.1388,13.1053],[108.1382,13.109],[108.1403,13.1124],[108.1434,13.115],[108.1469,13.1154],[108.152,13.1174],[108.1592,13.1214],[108.1613,13.1212],[108.1637,13.124],[108.1668,13.1249],[108.1699,13.1218],[108.1789,13.1199],[108.1824,13.1231],[108.1851,13.1227],[108.1879,13.1237],[108.1923,13.1228],[108.1951,13.1237],[108.1968,13.1221],[108.2023,13.1191],[108.2096,13.116],[108.2146,13.1118],[108.216,13.1081],[108.2217,13.1076],[108.2231,13.1058],[108.2261,13.1079],[108.2337,13.1106],[108.2349,13.1128],[108.2374,13.1131],[108.2398,13.115],[108.2452,13.1152],[108.2468,13.1174],[108.2522,13.1186],[108.2569,13.1188],[108.2559,13.1234],[108.2566,13.1255],[108.26,13.1265],[108.2654,13.1224],[108.2742,13.1249],[108.2781,13.1232]]]},"properties":{"ma_xa":"24208","ten_xa":"Ea Khăl","sap_nhap":"Ea Nam, Ea Tir, Ea Khăl","tru_so":"đang cập nhật","loai":"Xã","cap":2,"stt":27,"dtich_km2":247.05,"dan_so":29956,"matdo_km2":121.25,"ma_tinh":"66","ten_tinh":"Đắk Lắk"}},
{"type":"Feature","geometry":{"type":"Polygon","coordinates":[[[108.0368,13.0742],[108.0324,13.076],[108.0261,13.0709],[108.0207,13.0712],[108.0158,13.0692],[108.0116,13.0635],[108.0105,13.0573],[108.0061,13.0529],[108.0039,13.0533],[108.0041,13.056],[108.0008,13.0569],[107.9989,13.051],[108.001,13.045],[107.9984,13.0402],[107.9989,13.0353],[108.0006,13.0332],[108.001,13.0306],[107.995,13.029],[107.9907,13.0253],[107.9834,13.0224],[107.9813,13.0204],[107.9764,13.0237],[107.9762,13.0261],[107.9731,13.0264],[107.9715,13.0242],[107.9683,13.0219],[107.9663,13.0217],[107.9663,13.0179],[107.9618,13.0183],[107.9605,13.0173],[107.9595,13.0103],[107.961,13.0091],[107.9635,13.0107],[107.9624,13.0085],[107.966,13.0042],[107.9645,12.9984],[107.9678,12.9929],[107.9671,12.9895],[107.9655,12.9886],[107.9678,12.98],[107.9717,12.9754],[107.9688,12.9748],[107.9667,12.965],[107.968,12.9623],[107.9666,12.9603],[107.9616,12.9596],[107.957,12.9564],[107.9582,12.9555],[107.9557,12.9509],[107.9524,12.9494],[107.9507,12.9467],[107.9489,12.9417],[107.9469,12.9397],[107.9462,12.9373],[107.9512,12.9374],[107.9544,12.9348],[107.9569,12.9365],[107.9651,12.9368],[107.9685,12.9362],[107.9717,12.9335],[107.9792,12.9337],[107.9813,12.9322],[107.9859,12.9307],[107.9834,12.927],[107.9839,12.9235],[107.9888,12.9218],[107.9916,12.922],[107.995,12.9243],[107.9992,12.9257],[107.9992,12.928],[108.0038,12.9292],[108.0033,12.9254],[108.0054,12.9223],[108.0081,12.9241],[108.01,12.9241],[108.0123,12.9266],[108.0151,12.9247],[108.014,12.9227],[108.0109,12.9213],[108.015,12.9192],[108.0163,12.9164],[108.0234,12.9183],[108.0282,12.9186],[108.03,12.9168],[108.0336,12.9163],[108.038,12.9171],[108.0419,12.9197],[108.0439,12.9214],[108.0443,12.9238],[108.0523,12.9262],[108.0575,12.9369],[108.061,12.9393],[108.0613,12.9425],[108.0626,12.9448],[108.0621,12.9485],[108.0663,12.951],[108.0676,12.9492],[108.0678,12.9455],[108.0694,12.9443],[108.0723,12.9457],[108.078,12.9502],[108.0817,12.9511],[108.0871,12.9505],[108.0909,12.9516],[108.0935,12.9533],[108.0956,12.9578],[108.1014,12.9666],[108.1039,12.9685],[108.1078,12.9739],[108.1163,12.9728],[108.1203,12.9743],[108.1251,12.9774],[108.1208,12.9773],[108.1164,12.9788],[108.115,12.9805],[108.1093,12.9823],[108.1046,12.9857],[108.1035,12.9901],[108.1053,12.992],[108.1051,12.9983],[108.1057,13.0042],[108.1031,13.0037],[108.1001,13.0057],[108.1017,13.011],[108.101,13.0115],[108.1025,13.0204],[108.1024,13.0238],[108.1039,13.0263],[108.1043,13.0299],[108.1016,13.0365],[108.1009,13.0407],[108.1019,13.0437],[108.1041,13.0458],[108.1076,13.0462],[108.1102,13.0455],[108.1096,13.0496],[108.1076,13.0514],[108.1084,13.0544],[108.1073,13.057],[108.1032,13.0578],[108.1002,13.0567],[108.0962,13.0589],[108.094,13.058],[108.0923,13.0603],[108.0918,13.0633],[108.0887,13.067],[108.0847,13.0673],[108.0834,13.0703],[108.0785,13.0679],[108.0784,13.0662],[108.0807,13.0644],[108.0791,13.0624],[108.0746,13.0636],[108.0715,13.0617],[108.0759,13.059],[108.0759,13.056],[108.0659,13.0589],[108.0665,13.0559],[108.0691,13.0543],[108.0701,13.0524],[108.0675,13.0505],[108.0625,13.0528],[108.0586,13.0507],[108.0553,13.0515],[108.0531,13.0483],[108.0473,13.0479],[108.0457,13.0488],[108.0474,13.0525],[108.0511,13.0532],[108.0505,13.0559],[108.0471,13.0561],[108.044,13.0545],[108.0431,13.0562],[108.0453,13.0596],[108.0375,13.0672],[108.0408,13.0726],[108.0368,13.0742]]]},"properties":{"ma_xa":"24265","ten_xa":"Ea Kiết","sap_nhap":"Ea Kuêh, Ea Kiết","tru_so":"đang cập nhật","loai":"Xã","cap":2,"stt":18,"dtich_km2":201.83,"dan_so":20177,"matdo_km2":99.97,"ma_tinh":"66","ten_tinh":"Đắk Lắk"}},
{"type":"Feature","geometry":{"type":"Polygon","coordinates":[[[108.4502,12.7232],[108.4454,12.7222],[108.4426,12.7206],[108.4352,12.7204],[108.4341,12.7282],[108.4401,12.7307],[108.4422,12.7332],[108.4415,12.7349],[108.445,12.7365],[108.4436,12.7398],[108.4462,12.7418],[108.4484,12.7378],[108.4516,12.7406],[108.4521,12.7453],[108.4563,12.7479],[108.4502,12.7484],[108.4477,12.7515],[108.4439,12.7541],[108.4405,12.7589],[108.4401,12.7613],[108.4367,12.7675],[108.4349,12.7683],[108.4317,12.772],[108.4306,12.7756],[108.4316,12.7772],[108.4303,12.7814],[108.4254,12.7881],[108.4269,12.7903],[108.4261,12.7945],[108.4215,12.7998],[108.421,12.8044],[108.4189,12.8079],[108.4168,12.8087],[108.4125,12.813],[108.4101,12.8136],[108.4056,12.8173],[108.4028,12.8158],[108.401,12.8186],[108.398,12.8202],[108.3904,12.8208],[108.3871,12.8217],[108.3854,12.8236],[108.3846,12.8276],[108.3823,12.8322],[108.3781,12.8337],[108.3713,12.8393],[108.3659,12.8373],[108.3606,12.8364],[108.3529,12.8329],[108.3511,12.833],[108.3474,12.83],[108.35,12.8213],[108.3527,12.8182],[108.3477,12.8156],[108.3439,12.8144],[108.3443,12.8105],[108.3437,12.8074],[108.3357,12.8038],[108.3344,12.8003],[108.3376,12.7965],[108.3398,12.7969],[108.3427,12.7936],[108.3439,12.791],[108.3466,12.7893],[108.3495,12.793],[108.3539,12.7912],[108.3637,12.7932],[108.3659,12.7813],[108.3614,12.7805],[108.362,12.7774],[108.3675,12.7752],[108.3716,12.7742],[108.3743,12.7746],[108.3768,12.7692],[108.3793,12.7689],[108.379,12.7637],[108.3739,12.7624],[108.3743,12.7566],[108.3774,12.7514],[108.3738,12.7484],[108.3764,12.7464],[108.3777,12.7439],[108.377,12.7404],[108.378,12.7373],[108.3818,12.732],[108.3825,12.729],[108.385,12.7263],[108.3825,12.7239],[108.3846,12.7217],[108.3882,12.7216],[108.3895,12.7191],[108.3861,12.7173],[108.3901,12.7121],[108.392,12.7072],[108.3937,12.7084],[108.3952,12.704],[108.403,12.7004],[108.404,12.697],[108.4031,12.6949],[108.405,12.6924],[108.4096,12.6936],[108.4184,12.6859],[108.4216,12.6826],[108.4241,12.6871],[108.4248,12.6909],[108.4266,12.6905],[108.4317,12.6928],[108.4379,12.6918],[108.4442,12.6951],[108.4517,12.697],[108.4568,12.6934],[108.4599,12.6921],[108.4612,12.6942],[108.4602,12.6979],[108.4571,12.7018],[108.4561,12.7081],[108.4549,12.7083],[108.4542,12.7156],[108.4516,12.719],[108.4502,12.7232]]]},"properties":{"ma_xa":"24496","ten_xa":"Ea Kly","sap_nhap":"Krông Búk, Ea Kly","tru_so":"đang cập nhật","loai":"Xã","cap":2,"stt":40,"dtich_km2":107.63,"dan_so":40161,"matdo_km2":373.14,"ma_tinh":"66","ten_tinh":"Đắk Lắk"}},
{"type":"Feature","geometry":{"type":"Polygon","coordinates":[[[108.6754,12.996],[108.6738,12.999],[108.6703,13.0019],[108.6676,13.0013],[108.6638,13.0033],[108.6578,12.9992],[108.6517,13.0017],[108.6457,13.0078],[108.6453,13.0108],[108.6296,13.01],[108.6267,13.0076],[108.6182,13.0102],[108.6143,13.0076],[108.6123,13.012],[108.6098,13.0135],[108.6058,13.0195],[108.6041,13.0197],[108.6006,13.0179],[108.599,13.0221],[108.594,13.0264],[108.592,13.0296],[108.5874,13.0287],[108.585,13.0291],[108.5778,13.0283],[108.574,13.0237],[108.5723,13.0234],[108.5686,13.0196],[108.5465,13.0283],[108.5361,13.0326],[108.5332,13.0329],[108.5295,13.0345],[108.5227,13.0328],[108.5184,13.0339],[108.5157,13.0326],[108.5131,13.0344],[108.4956,13.0327],[108.4957,13.0303],[108.4923,13.0272],[108.4922,13.0228],[108.4898,13.0207],[108.4864,13.0204],[108.4777,13.021],[108.4772,13.0184],[108.4801,13.0127],[108.4791,13.0102],[108.4807,13.009],[108.4815,13.0041],[108.4828,13.0019],[108.4814,12.9955],[108.4817,12.9933],[108.4816,12.9869],[108.482,12.981],[108.4815,12.979],[108.4861,12.9759],[108.4986,12.9722],[108.4983,12.9679],[108.4961,12.9656],[108.497,12.963],[108.4969,12.9552],[108.4989,12.9523],[108.4981,12.9505],[108.4993,12.9455],[108.5008,12.9439],[108.5015,12.9396],[108.5003,12.937],[108.5012,12.9342],[108.5037,12.9329],[108.5082,12.9286],[108.5199,12.9224],[108.5181,12.9165],[108.5159,12.9148],[108.5071,12.911],[108.5026,12.9103],[108.499,12.912],[108.4973,12.908],[108.4951,12.9086],[108.4893,12.9066],[108.4875,12.9097],[108.485,12.9084],[108.483,12.9089],[108.4767,12.9148],[108.4742,12.9137],[108.4724,12.9152],[108.4715,12.9191],[108.4686,12.917],[108.4679,12.9137],[108.4627,12.9174],[108.4592,12.9219],[108.4629,12.9232],[108.4619,12.928],[108.4577,12.9281],[108.456,12.9247],[108.4522,12.9258],[108.446,12.9223],[108.4456,12.9207],[108.4476,12.9181],[108.4449,12.9159],[108.4464,12.9101],[108.4481,12.9085],[108.4488,12.9051],[108.4478,12.9022],[108.4492,12.9],[108.4478,12.8967],[108.451,12.8948],[108.4524,12.8957],[108.457,12.8948],[108.4613,12.8922],[108.4636,12.8938],[108.4665,12.8929],[108.4674,12.891],[108.4707,12.8902],[108.4707,12.8884],[108.4744,12.8861],[108.4766,12.8871],[108.4802,12.8863],[108.4885,12.8778],[108.4861,12.8719],[108.4856,12.8668],[108.482,12.862],[108.4798,12.8615],[108.4791,12.8558],[108.4815,12.8547],[108.4857,12.8504],[108.4852,12.848],[108.4868,12.8451],[108.4892,12.8446],[108.4908,12.8398],[108.4928,12.837],[108.4926,12.8345],[108.495,12.8335],[108.4943,12.83],[108.4961,12.8244],[108.4988,12.8274],[108.4999,12.8262],[108.503,12.8265],[108.5058,12.8244],[108.5064,12.8281],[108.5103,12.83],[108.5111,12.8263],[108.514,12.8255],[108.5152,12.8201],[108.5162,12.8195],[108.5194,12.8219],[108.5242,12.8206],[108.5272,12.8188],[108.5272,12.8166],[108.5253,12.8134],[108.526,12.8036],[108.5227,12.8008],[108.5204,12.7962],[108.5208,12.7935],[108.5245,12.7909],[108.5245,12.7885],[108.5273,12.786],[108.5337,12.7816],[108.5383,12.7804],[108.5433,12.7771],[108.544,12.7734],[108.5431,12.7672],[108.5435,12.7639],[108.5471,12.7621],[108.5473,12.7642],[108.5522,12.762],[108.5573,12.7623],[108.5608,12.7603],[108.564,12.7609],[108.5696,12.763],[108.5733,12.763],[108.5775,12.7649],[108.5819,12.768],[108.5899,12.7724],[108.5945,12.7745],[108.5963,12.7778],[108.5916,12.7806],[108.5908,12.7836],[108.5887,12.785],[108.5884,12.7882],[108.5856,12.7908],[108.5835,12.7942],[108.5819,12.7986],[108.5854,12.8003],[108.5881,12.8032],[108.5873,12.8057],[108.5894,12.807],[108.5914,12.8123],[108.5958,12.8142],[108.596,12.8201],[108.5977,12.8241],[108.592,12.8286],[108.5935,12.8311],[108.5898,12.8349],[108.5918,12.8394],[108.5934,12.8451],[108.5947,12.8471],[108.594,12.8507],[108.5954,12.8545],[108.5946,12.8571],[108.5961,12.8607],[108.5982,12.8612],[108.5985,12.8637],[108.6031,12.8667],[108.61,12.8654],[108.6109,12.8719],[108.6105,12.8762],[108.6132,12.883],[108.6126,12.892],[108.6141,12.8937],[108.6176,12.8947],[108.6205,12.8975],[108.6252,12.8995],[108.6404,12.9037],[108.6478,12.9053],[108.6571,12.9063],[108.6714,12.9085],[108.6746,12.9093],[108.6811,12.9093],[108.6903,12.9109],[108.6994,12.9115],[108.7046,12.9146],[108.7103,12.9161],[108.7151,12.9167],[108.7217,12.9203],[108.7247,12.9253],[108.7249,12.9319],[108.7225,12.9349],[108.7178,12.9357],[108.7138,12.9393],[108.7107,12.9429],[108.7068,12.942],[108.7039,12.9429],[108.7008,12.9473],[108.7005,12.9492],[108.7035,12.9511],[108.7047,12.9541],[108.7056,12.9643],[108.7043,12.9663],[108.6924,12.9724],[108.6922,12.9777],[108.6893,12.9814],[108.6824,12.9814],[108.678,12.9836],[108.6774,12.986],[108.674,12.9899],[108.6727,12.9942],[108.6754,12.996]]]},"properties":{"ma_xa":"24376","ten_xa":"Ea Knốp","sap_nhap":"Ea Knốp (thị trấn), Ea Tih, Ea Sô, Ea Sar","tru_so":"đang cập nhật","loai":"Xã","cap":2,"stt":44,"dtich_km2":448.65,"dan_so":37016,"matdo_km2":82.51,"ma_tinh":"66","ten_tinh":"Đắk Lắk"}},
{"type":"Feature","geometry":{"type":"Polygon","coordinates":[[[108.2608,12.7544],[108.2588,12.7567],[108.2542,12.7571],[108.2519,12.7591],[108.2487,12.7584],[108.239,12.7585],[108.2348,12.7578],[108.2309,12.7598],[108.2276,12.759],[108.2243,12.7576],[108.2202,12.7547],[108.2196,12.7511],[108.2216,12.746],[108.2159,12.7449],[108.2145,12.7479],[108.2089,12.7479],[108.2058,12.7486],[108.203,12.7453],[108.2029,12.7385],[108.2044,12.7364],[108.2025,12.7333],[108.1991,12.7308],[108.1965,12.7324],[108.1959,12.7358],[108.1946,12.7372],[108.192,12.7364],[108.1838,12.735],[108.1836,12.733],[108.1849,12.7236],[108.1798,12.7227],[108.1733,12.7184],[108.1676,12.7172],[108.1653,12.7148],[108.162,12.7136],[108.1622,12.7118],[108.149,12.7094],[108.1492,12.7057],[108.1503,12.7013],[108.1568,12.7035],[108.1573,12.7019],[108.1555,12.6992],[108.152,12.6961],[108.1458,12.696],[108.144,12.695],[108.1413,12.6959],[108.1386,12.694],[108.1365,12.6939],[108.134,12.6919],[108.1319,12.6874],[108.1303,12.6834],[108.1348,12.6797],[108.1348,12.6768],[108.1368,12.6688],[108.1379,12.6621],[108.1479,12.6626],[108.146,12.6579],[108.1459,12.6556],[108.1569,12.6557],[108.1567,12.6507],[108.1721,12.6609],[108.1719,12.6628],[108.1791,12.6632],[108.2005,12.6627],[108.2033,12.6621],[108.2075,12.661],[108.2118,12.6609],[108.2145,12.6597],[108.2156,12.6512],[108.2186,12.6427],[108.2204,12.6423],[108.2206,12.6376],[108.2187,12.6355],[108.2226,12.6316],[108.2275,12.6289],[108.2303,12.6316],[108.2347,12.6341],[108.2373,12.6363],[108.2394,12.6365],[108.2438,12.6388],[108.2489,12.6389],[108.2559,12.643],[108.2577,12.6463],[108.2607,12.6476],[108.2646,12.6467],[108.2662,12.6454],[108.27,12.6467],[108.2635,12.656],[108.2627,12.6606],[108.2637,12.6669],[108.2614,12.6667],[108.2588,12.6648],[108.2546,12.6691],[108.2521,12.6695],[108.2482,12.6727],[108.2512,12.6767],[108.2544,12.6832],[108.2573,12.6947],[108.2567,12.7064],[108.2556,12.7137],[108.2634,12.7151],[108.2635,12.7229],[108.2632,12.7327],[108.2616,12.7399],[108.2632,12.7415],[108.2594,12.744],[108.2607,12.747],[108.2642,12.749],[108.2627,12.7537],[108.2608,12.7544]]]},"properties":{"ma_xa":"24505","ten_xa":"Ea Knuếc","sap_nhap":"Hòa Đông, Ea Kênh, Ea Knuếc","tru_so":"đang cập nhật","loai":"Xã","cap":2,"stt":37,"dtich_km2":122.39,"dan_so":43748,"matdo_km2":357.45,"ma_tinh":"66","ten_tinh":"Đắk Lắk"}},
{"type":"Feature","geometry":{"type":"Polygon","coordinates":[[[108.2033,12.6621],[108.2005,12.6627],[108.1791,12.6632],[108.1719,12.6628],[108.1721,12.6609],[108.1567,12.6507],[108.1569,12.6557],[108.1459,12.6556],[108.147,12.6508],[108.143,12.6523],[108.14,12.6519],[108.1356,12.6528],[108.1297,12.6518],[108.1264,12.6495],[108.1244,12.6504],[108.1195,12.6474],[108.1172,12.6488],[108.1123,12.6485],[108.1099,12.6462],[108.1087,12.6426],[108.1066,12.639],[108.1029,12.636],[108.1008,12.6331],[108.0967,12.6296],[108.0926,12.6289],[108.0918,12.6272],[108.0872,12.6261],[108.0842,12.6226],[108.0823,12.6267],[108.0843,12.6315],[108.0771,12.6329],[108.0756,12.634],[108.073,12.6306],[108.0697,12.6291],[108.0715,12.6227],[108.071,12.6176],[108.0736,12.6136],[108.0681,12.6136],[108.0605,12.6065],[108.0638,12.6038],[108.0664,12.5996],[108.0668,12.5964],[108.0702,12.5971],[108.0726,12.5962],[108.0729,12.5937],[108.0751,12.5921],[108.0815,12.5932],[108.0819,12.5756],[108.0811,12.5723],[108.0817,12.5668],[108.0895,12.5682],[108.094,12.5685],[108.0966,12.5707],[108.105,12.5719],[108.1234,12.5722],[108.1237,12.5675],[108.1283,12.5677],[108.1288,12.5697],[108.133,12.5758],[108.1411,12.5765],[108.1464,12.581],[108.1501,12.5792],[108.1517,12.5816],[108.1548,12.5815],[108.1572,12.5858],[108.1603,12.586],[108.1611,12.5837],[108.1642,12.584],[108.1673,12.5884],[108.1712,12.5901],[108.1733,12.5932],[108.1771,12.5918],[108.1788,12.5945],[108.1781,12.5963],[108.1813,12.6],[108.179,12.6033],[108.1802,12.6075],[108.1803,12.6126],[108.1828,12.6203],[108.1892,12.6242],[108.1907,12.6257],[108.1919,12.6318],[108.1943,12.6333],[108.1945,12.6375],[108.1975,12.6413],[108.1984,12.6447],[108.1986,12.651],[108.1999,12.6532],[108.202,12.6539],[108.204,12.6583],[108.2033,12.6621]]]},"properties":{"ma_xa":"24544","ten_xa":"Ea Ktur","sap_nhap":"Ea Tiêu, Ea Ktur, Ea Bhốk (1 phần)","tru_so":"đang cập nhật","loai":"Xã","cap":2,"stt":65,"dtich_km2":100.72,"dan_so":54269,"matdo_km2":538.81,"ma_tinh":"66","ten_tinh":"Đắk Lắk"}},
{"type":"Feature","geometry":{"type":"Polygon","coordinates":[[[108.818,13.0597],[108.8159,13.0635],[108.8135,13.0702],[108.8111,13.0743],[108.8068,13.078],[108.8063,13.0813],[108.809,13.0866],[108.8081,13.0909],[108.8031,13.0935],[108.7982,13.094],[108.7922,13.0935],[108.789,13.0943],[108.7836,13.0983],[108.7738,13.1017],[108.7724,13.1011],[108.7708,13.0967],[108.7678,13.095],[108.7646,13.095],[108.7563,13.1016],[108.7507,13.0918],[108.7565,13.0327],[108.7453,13.029],[108.7313,13.0232],[108.7138,13.0176],[108.6929,13.0167],[108.6894,13.009],[108.686,13.004],[108.6817,13.0012],[108.6819,12.999],[108.6796,12.9971],[108.6754,12.996],[108.6727,12.9942],[108.674,12.9899],[108.6774,12.986],[108.678,12.9836],[108.6824,12.9814],[108.6893,12.9814],[108.6922,12.9777],[108.6924,12.9724],[108.7043,12.9663],[108.7056,12.9643],[108.7047,12.9541],[108.7035,12.9511],[108.7005,12.9492],[108.7008,12.9473],[108.7039,12.9429],[108.7068,12.942],[108.7107,12.9429],[108.7111,12.9458],[108.7147,12.9466],[108.7178,12.9482],[108.7201,12.9542],[108.7239,12.9518],[108.7247,12.9527],[108.7336,12.952],[108.7356,12.9479],[108.7437,12.9485],[108.7475,12.9459],[108.7535,12.9448],[108.7538,12.9398],[108.756,12.9339],[108.7578,12.934],[108.7616,12.9312],[108.7606,12.9277],[108.7625,12.9223],[108.765,12.9192],[108.7703,12.9164],[108.7711,12.9118],[108.7729,12.9082],[108.774,12.8987],[108.7827,12.9029],[108.7862,12.9069],[108.7852,12.9101],[108.7897,12.9126],[108.7907,12.9157],[108.7872,12.9173],[108.7868,12.9193],[108.7805,12.9237],[108.7789,12.9289],[108.78,12.931],[108.7793,12.9339],[108.7753,12.9359],[108.776,12.9391],[108.7798,12.9392],[108.7824,12.9426],[108.7818,12.9451],[108.7792,12.95],[108.7799,12.9565],[108.7796,12.9596],[108.7761,12.9648],[108.7737,12.9668],[108.7727,12.973],[108.7699,12.9776],[108.7702,12.9799],[108.7743,12.9807],[108.7747,12.986],[108.7716,12.9875],[108.7698,12.993],[108.772,12.9961],[108.7695,12.9985],[108.7685,13.0013],[108.7666,13.0019],[108.7689,13.0051],[108.7742,13.0069],[108.7794,13.0081],[108.7818,13.0094],[108.7848,13.0079],[108.7875,13.0214],[108.7861,13.0276],[108.7808,13.0302],[108.7722,13.0366],[108.7734,13.0398],[108.7788,13.04],[108.7805,13.042],[108.7833,13.0406],[108.7852,13.042],[108.793,13.0416],[108.796,13.0439],[108.796,13.0463],[108.7985,13.047],[108.8017,13.0505],[108.8049,13.0516],[108.8088,13.0512],[108.8127,13.0522],[108.8151,13.0574],[108.818,13.0597]]]},"properties":{"ma_xa":"22237","ten_xa":"Ea Ly","sap_nhap":"Ea Lâm, Ea Ly, Ea Bar (huyện Sông Hinh, 1 phần)","tru_so":"đang cập nhật","loai":"Xã","cap":2,"stt":95,"dtich_km2":140.35,"dan_so":12104,"matdo_km2":86.24,"ma_tinh":"66","ten_tinh":"Đắk Lắk"}},
{"type":"Feature","geometry":{"type":"Polygon","coordinates":[[[108.0234,12.9183],[108.0163,12.9164],[108.015,12.9192],[108.0109,12.9213],[108.014,12.9227],[108.0151,12.9247],[108.0123,12.9266],[108.01,12.9241],[108.0081,12.9241],[108.0054,12.9223],[108.0033,12.9254],[108.0038,12.9292],[107.9992,12.928],[107.9992,12.9257],[107.995,12.9243],[107.9916,12.922],[107.9888,12.9218],[107.9839,12.9235],[107.9834,12.927],[107.9859,12.9307],[107.9813,12.9322],[107.9792,12.9337],[107.9717,12.9335],[107.9685,12.9362],[107.9651,12.9368],[107.9569,12.9365],[107.9544,12.9348],[107.9512,12.9374],[107.9462,12.9373],[107.9431,12.9329],[107.9403,12.9302],[107.9367,12.9292],[107.9358,12.9271],[107.9327,12.9236],[107.9313,12.92],[107.926,12.9113],[107.9227,12.909],[107.9241,12.9018],[107.9236,12.8934],[107.9242,12.8895],[107.9223,12.8886],[107.9244,12.8832],[107.9239,12.8815],[107.9198,12.8804],[107.9218,12.8785],[107.9236,12.8788],[107.9258,12.876],[107.9298,12.8764],[107.9334,12.8751],[107.934,12.8723],[107.9334,12.8677],[107.9341,12.8666],[107.933,12.8617],[107.9309,12.8608],[107.9316,12.8575],[107.9296,12.8519],[107.9302,12.8497],[107.9261,12.8488],[107.9275,12.845],[107.9267,12.842],[107.9245,12.8421],[107.9226,12.8401],[107.9226,12.8335],[107.9246,12.8318],[107.9228,12.8295],[107.9185,12.8273],[107.9187,12.8262],[107.9151,12.8227],[107.9176,12.8216],[107.9193,12.8234],[107.9222,12.8209],[107.9246,12.8228],[107.9267,12.8198],[107.9301,12.8207],[107.9367,12.8197],[107.938,12.8127],[107.937,12.8096],[107.9383,12.8071],[107.9412,12.8064],[107.9452,12.8028],[107.9518,12.801],[107.9516,12.7986],[107.9548,12.799],[107.9538,12.8024],[107.9577,12.8032],[107.9617,12.8005],[107.9655,12.8023],[107.9682,12.802],[107.9735,12.8065],[107.9742,12.8102],[107.9785,12.8096],[107.9804,12.8141],[107.9856,12.8141],[107.984,12.8105],[107.9996,12.806],[108.0029,12.807],[108.0032,12.8005],[108.0045,12.796],[108.004,12.7941],[108.0049,12.7851],[108.0098,12.7844],[108.0111,12.7852],[108.0133,12.7852],[108.0178,12.788],[108.0206,12.7928],[108.0233,12.7944],[108.0225,12.7963],[108.018,12.7933],[108.0178,12.797],[108.0199,12.8079],[108.0223,12.816],[108.0171,12.8182],[108.018,12.8208],[108.0223,12.8219],[108.0237,12.8254],[108.0215,12.8265],[108.0137,12.8268],[108.0115,12.8249],[108.0068,12.8265],[108.0061,12.8281],[108.0066,12.8326],[108.0096,12.833],[108.0106,12.8379],[108.0136,12.8403],[108.0138,12.8453],[108.0121,12.8468],[108.0129,12.8497],[108.0099,12.8551],[108.0138,12.856],[108.0162,12.8615],[108.0122,12.8681],[108.0129,12.8762],[108.0116,12.8799],[108.0161,12.8839],[108.0151,12.8887],[108.0157,12.8965],[108.0178,12.8982],[108.0217,12.898],[108.0237,12.8989],[108.0268,12.9027],[108.0254,12.9063],[108.0255,12.9088],[108.0231,12.9091],[108.0241,12.9123],[108.0234,12.9183]]]},"properties":{"ma_xa":"24286","ten_xa":"Ea M’Droh","sap_nhap":"Quảng Hiệp, Ea M’nang, Ea M’Droh","tru_so":"đang cập nhật","loai":"Xã","cap":2,"stt":19,"dtich_km2":134,"dan_so":33268,"matdo_km2":248.27,"ma_tinh":"66","ten_tinh":"Đắk Lắk"}},
{"type":"Feature","geometry":{"type":"Polygon","coordinates":[[[108.0362,12.566],[108.0257,12.5665],[108.0237,12.5677],[108.0185,12.5668],[108.0147,12.5697],[108.0134,12.5721],[108.0063,12.5721],[108.002,12.5731],[107.9966,12.5754],[107.9874,12.5782],[107.9825,12.5768],[107.9818,12.5808],[107.979,12.5819],[107.9772,12.5843],[107.9764,12.5883],[107.9732,12.5912],[107.9696,12.5918],[107.969,12.5934],[107.9658,12.5937],[107.9617,12.5889],[107.961,12.5855],[107.9588,12.584],[107.9542,12.5771],[107.956,12.5712],[107.9546,12.5676],[107.9548,12.5656],[107.9524,12.5624],[107.9497,12.557],[107.9454,12.5566],[107.9428,12.5575],[107.9398,12.5546],[107.9343,12.5542],[107.9286,12.556],[107.925,12.5555],[107.9233,12.5588],[107.9209,12.5569],[107.9173,12.5576],[107.914,12.5561],[107.9088,12.5552],[107.9038,12.5565],[107.8951,12.5575],[107.8961,12.5546],[107.8954,12.5525],[107.8925,12.5514],[107.8881,12.5476],[107.8876,12.545],[107.8882,12.5397],[107.8929,12.5392],[107.895,12.5382],[107.9014,12.5326],[107.9046,12.5283],[107.908,12.5275],[107.9101,12.5254],[107.9139,12.5259],[107.915,12.529],[107.9197,12.5291],[107.9228,12.528],[107.9271,12.5285],[107.9294,12.5261],[107.9364,12.5269],[107.9425,12.5258],[107.9484,12.5208],[107.9531,12.5208],[107.9578,12.5188],[107.9604,12.516],[107.9692,12.5104],[107.9727,12.5091],[107.9764,12.5056],[107.9784,12.5024],[107.9795,12.4966],[107.9827,12.495],[107.9866,12.4951],[107.9904,12.4955],[107.9988,12.4929],[108.0018,12.4928],[108.0061,12.495],[108.0084,12.4982],[108.0134,12.4993],[108.0159,12.5014],[108.0217,12.4987],[108.0242,12.4961],[108.0274,12.5011],[108.0306,12.5018],[108.0382,12.5097],[108.0469,12.5054],[108.0492,12.5049],[108.0598,12.5066],[108.0615,12.5083],[108.0668,12.507],[108.0749,12.5058],[108.0796,12.5074],[108.0812,12.5078],[108.0827,12.5106],[108.0844,12.5101],[108.0862,12.5128],[108.0902,12.5143],[108.0912,12.5173],[108.0953,12.5189],[108.0955,12.5209],[108.0982,12.5224],[108.0983,12.5249],[108.1037,12.5262],[108.1078,12.5257],[108.1126,12.5265],[108.1172,12.5267],[108.1208,12.5296],[108.1207,12.537],[108.1182,12.5425],[108.1184,12.5465],[108.1142,12.5493],[108.1114,12.5469],[108.1082,12.5483],[108.1053,12.5481],[108.1018,12.5462],[108.0925,12.547],[108.089,12.5454],[108.0862,12.5468],[108.0845,12.5496],[108.0853,12.5521],[108.0818,12.5545],[108.0791,12.5547],[108.0719,12.5531],[108.0634,12.5531],[108.0594,12.5549],[108.0589,12.5574],[108.0511,12.5572],[108.0484,12.5602],[108.0449,12.5602],[108.0427,12.5616],[108.0374,12.5625],[108.0362,12.566]]]},"properties":{"ma_xa":"24559","ten_xa":"Ea Na","sap_nhap":"Ea Bông, Dray Sáp, Ea Na","tru_so":"đang cập nhật","loai":"Xã","cap":2,"stt":68,"dtich_km2":134.18,"dan_so":42164,"matdo_km2":314.23,"ma_tinh":"66","ten_tinh":"Đắk Lắk"}},
{"type":"Feature","geometry":{"type":"Polygon","coordinates":[[[108.27,12.6467],[108.2662,12.6454],[108.2646,12.6467],[108.2607,12.6476],[108.2577,12.6463],[108.2559,12.643],[108.2489,12.6389],[108.2438,12.6388],[108.2394,12.6365],[108.2373,12.6363],[108.2347,12.6341],[108.2303,12.6316],[108.2275,12.6289],[108.2226,12.6316],[108.2187,12.6355],[108.2206,12.6376],[108.2204,12.6423],[108.2186,12.6427],[108.2156,12.6512],[108.2145,12.6597],[108.2118,12.6609],[108.2075,12.661],[108.2033,12.6621],[108.204,12.6583],[108.202,12.6539],[108.1999,12.6532],[108.1986,12.651],[108.1984,12.6447],[108.1975,12.6413],[108.1945,12.6375],[108.1943,12.6333],[108.1919,12.6318],[108.1907,12.6257],[108.1892,12.6242],[108.1828,12.6203],[108.1803,12.6126],[108.1802,12.6075],[108.179,12.6033],[108.1813,12.6],[108.1781,12.5963],[108.1788,12.5945],[108.1771,12.5918],[108.181,12.5874],[108.1821,12.588],[108.1853,12.5854],[108.1895,12.587],[108.1924,12.593],[108.1964,12.5974],[108.1975,12.5947],[108.1999,12.5931],[108.2017,12.5891],[108.2043,12.5884],[108.2078,12.5861],[108.2138,12.58],[108.2165,12.5798],[108.2226,12.5757],[108.2218,12.5735],[108.2257,12.5693],[108.2242,12.568],[108.2259,12.5648],[108.2262,12.5612],[108.2236,12.552],[108.2254,12.5469],[108.2281,12.546],[108.2312,12.5435],[108.2356,12.5445],[108.2389,12.5484],[108.2429,12.5482],[108.2493,12.552],[108.2542,12.554],[108.2548,12.5562],[108.2621,12.5611],[108.2637,12.5637],[108.2665,12.5643],[108.2697,12.567],[108.2758,12.57],[108.2791,12.5737],[108.2788,12.5759],[108.2768,12.5789],[108.2752,12.5861],[108.2797,12.5881],[108.28,12.5929],[108.2821,12.5964],[108.2803,12.6021],[108.2805,12.6094],[108.2795,12.6107],[108.2815,12.6146],[108.2801,12.6183],[108.2815,12.6199],[108.2805,12.6246],[108.2815,12.6258],[108.2851,12.6261],[108.2795,12.6323],[108.2822,12.6369],[108.2787,12.6386],[108.2776,12.641],[108.2733,12.6435],[108.27,12.6467]]]},"properties":{"ma_xa":"24540","ten_xa":"Ea Ning","sap_nhap":"Cư Êwi, Ea Hu, Ea Ning","tru_so":"đang cập nhật","loai":"Xã","cap":2,"stt":63,"dtich_km2":86.21,"dan_so":34175,"matdo_km2":396.42,"ma_tinh":"66","ten_tinh":"Đắk Lắk"}},
{"type":"Feature","geometry":{"type":"Polygon","coordinates":[[[108.0111,12.7852],[108.0098,12.7844],[108.0049,12.7851],[108.004,12.7941],[108.0045,12.796],[108.0032,12.8005],[108.0029,12.807],[107.9996,12.806],[107.984,12.8105],[107.9856,12.8141],[107.9804,12.8141],[107.9785,12.8096],[107.9742,12.8102],[107.9735,12.8065],[107.9682,12.802],[107.9655,12.8023],[107.9617,12.8005],[107.9577,12.8032],[107.9538,12.8024],[107.9548,12.799],[107.9516,12.7986],[107.9495,12.7963],[107.9492,12.7935],[107.952,12.7849],[107.9523,12.7819],[107.9508,12.7809],[107.9508,12.7778],[107.9527,12.7732],[107.9528,12.7634],[107.95,12.764],[107.9445,12.7633],[107.9443,12.7597],[107.943,12.7563],[107.9409,12.7561],[107.9372,12.7522],[107.9339,12.7506],[107.9322,12.7513],[107.9297,12.7498],[107.9269,12.7504],[107.9261,12.753],[107.9231,12.7531],[107.918,12.7559],[107.9173,12.7593],[107.9141,12.7601],[107.9036,12.7601],[107.8943,12.7518],[107.906,12.746],[107.9085,12.7434],[107.9118,12.7368],[107.9116,12.7338],[107.9096,12.7304],[107.9015,12.7253],[107.8994,12.7247],[107.8964,12.7189],[107.8957,12.7113],[107.9021,12.7058],[107.9051,12.7015],[107.9119,12.6942],[107.9112,12.6901],[107.9148,12.6892],[107.9171,12.6905],[107.9255,12.6909],[107.9296,12.6904],[107.9302,12.6867],[107.9338,12.6861],[107.9366,12.6838],[107.9402,12.6827],[107.9408,12.6812],[107.9485,12.6772],[107.9552,12.6761],[107.9586,12.6766],[107.965,12.6751],[107.9671,12.6736],[107.9684,12.6702],[107.9727,12.668],[107.9828,12.6714],[107.9847,12.6735],[107.9848,12.6818],[107.9865,12.6831],[107.985,12.6897],[107.988,12.6942],[107.9873,12.6958],[107.9885,12.6987],[107.9839,12.6995],[107.9825,12.7042],[107.9811,12.7047],[107.9799,12.7111],[107.9777,12.7132],[107.97,12.7296],[107.968,12.7311],[107.9665,12.7364],[107.9664,12.7395],[107.9674,12.7419],[107.9731,12.7438],[107.9759,12.7407],[107.9782,12.7368],[107.9811,12.7393],[107.9831,12.7379],[107.9892,12.7411],[107.9935,12.7417],[107.9959,12.7409],[107.9981,12.7364],[108.002,12.7367],[108.0047,12.7379],[108.0123,12.7355],[108.0165,12.7355],[108.0201,12.7377],[108.0235,12.7378],[108.0255,12.7463],[108.0221,12.7486],[108.0189,12.748],[108.0164,12.7499],[108.0148,12.753],[108.0118,12.7533],[108.0078,12.7578],[108.0065,12.764],[108.0052,12.7672],[108.0055,12.7764],[108.01,12.7776],[108.0111,12.7852]]]},"properties":{"ma_xa":"24250","ten_xa":"Ea Nuôl","sap_nhap":"Ea Bar (huyện Buôn Đôn), Cuôr Knia, Ea Nuôl","tru_so":"đang cập nhật","loai":"Xã","cap":2,"stt":16,"dtich_km2":111.74,"dan_so":43706,"matdo_km2":391.14,"ma_tinh":"66","ten_tinh":"Đắk Lắk"}},
{"type":"Feature","geometry":{"type":"Polygon","coordinates":[[[108.5293,12.7097],[108.5263,12.7105],[108.5253,12.7134],[108.5202,12.7188],[108.5152,12.7188],[108.5114,12.7171],[108.5068,12.7186],[108.5034,12.7179],[108.5021,12.7201],[108.4988,12.7205],[108.4967,12.7233],[108.4922,12.7253],[108.4887,12.7209],[108.4894,12.7126],[108.4884,12.7107],[108.4853,12.7129],[108.4822,12.7095],[108.4759,12.715],[108.4747,12.7178],[108.4692,12.7217],[108.4664,12.7192],[108.4636,12.7181],[108.4616,12.7197],[108.4573,12.719],[108.4535,12.7223],[108.4502,12.7232],[108.4516,12.719],[108.4542,12.7156],[108.4549,12.7083],[108.4561,12.7081],[108.4571,12.7018],[108.4602,12.6979],[108.4612,12.6942],[108.4599,12.6921],[108.4582,12.6878],[108.4587,12.6857],[108.4638,12.6877],[108.4659,12.6902],[108.471,12.6879],[108.4755,12.6886],[108.4733,12.6906],[108.4758,12.6936],[108.4821,12.6913],[108.4831,12.6875],[108.4827,12.6834],[108.4858,12.6778],[108.4851,12.6757],[108.4882,12.6722],[108.4903,12.667],[108.4924,12.6673],[108.4943,12.661],[108.4963,12.6586],[108.4975,12.6549],[108.4944,12.6529],[108.4931,12.6489],[108.4884,12.6453],[108.488,12.6426],[108.4841,12.6378],[108.4849,12.6357],[108.4845,12.6268],[108.4836,12.625],[108.4851,12.6221],[108.4841,12.6195],[108.4805,12.6175],[108.4856,12.6139],[108.4865,12.6109],[108.4852,12.6071],[108.4874,12.6053],[108.4868,12.6004],[108.4886,12.5992],[108.4921,12.601],[108.4969,12.5997],[108.4982,12.6045],[108.4993,12.6052],[108.5109,12.6054],[108.5131,12.6031],[108.5156,12.5943],[108.526,12.5911],[108.5275,12.5892],[108.5326,12.5894],[108.5378,12.5885],[108.5433,12.5868],[108.5482,12.589],[108.5496,12.5926],[108.5519,12.5928],[108.5522,12.5895],[108.5551,12.5855],[108.5698,12.5813],[108.5718,12.5796],[108.5742,12.5807],[108.5807,12.5809],[108.58,12.5873],[108.5788,12.5897],[108.5795,12.5945],[108.5815,12.5978],[108.581,12.6],[108.5885,12.6071],[108.5899,12.607],[108.5903,12.6137],[108.5845,12.6186],[108.5851,12.622],[108.5841,12.6269],[108.5802,12.6341],[108.5802,12.6378],[108.5774,12.64],[108.5724,12.6418],[108.5716,12.6488],[108.5698,12.6529],[108.5683,12.6539],[108.5661,12.6588],[108.566,12.6612],[108.5628,12.6644],[108.5625,12.669],[108.5655,12.6715],[108.5661,12.6733],[108.5712,12.6748],[108.5736,12.6773],[108.5755,12.6811],[108.5777,12.6821],[108.578,12.6845],[108.581,12.687],[108.577,12.6852],[108.5738,12.682],[108.5706,12.6848],[108.5704,12.6879],[108.573,12.6897],[108.5716,12.6913],[108.5746,12.6951],[108.5727,12.697],[108.5741,12.6991],[108.5735,12.7024],[108.5686,12.7036],[108.5645,12.7036],[108.5625,12.7061],[108.5594,12.7066],[108.5556,12.7055],[108.5541,12.7041],[108.5517,12.7052],[108.5475,12.7107],[108.544,12.7116],[108.5403,12.7103],[108.541,12.7081],[108.5396,12.7049],[108.5373,12.7054],[108.5351,12.7035],[108.533,12.7039],[108.5293,12.7097]]]},"properties":{"ma_xa":"24403","ten_xa":"Ea Ô","sap_nhap":"Cư Elang, Ea Ô","tru_so":"đang cập nhật","loai":"Xã","cap":2,"stt":43,"dtich_km2":137.73,"dan_so":23852,"matdo_km2":173.18,"ma_tinh":"66","ten_tinh":"Đắk Lắk"}},
{"type":"Feature","geometry":{"type":"Polygon","coordinates":[[[108.6571,12.7722],[108.6553,12.7708],[108.6499,12.7689],[108.6493,12.7679],[108.6419,12.7687],[108.6374,12.7706],[108.6332,12.7688],[108.628,12.7689],[108.6257,12.7679],[108.6206,12.7691],[108.6188,12.7674],[108.6122,12.7685],[108.609,12.7704],[108.6072,12.7694],[108.6037,12.7713],[108.6026,12.7736],[108.599,12.7766],[108.5963,12.7778],[108.5945,12.7745],[108.5899,12.7724],[108.5819,12.768],[108.5775,12.7649],[108.5733,12.763],[108.5696,12.763],[108.564,12.7609],[108.5608,12.7603],[108.5573,12.7623],[108.5522,12.762],[108.5473,12.7642],[108.5471,12.7621],[108.5419,12.7448],[108.538,12.7358],[108.5353,12.7326],[108.5286,12.7128],[108.5293,12.7097],[108.533,12.7039],[108.5351,12.7035],[108.5373,12.7054],[108.5396,12.7049],[108.541,12.7081],[108.5403,12.7103],[108.544,12.7116],[108.5475,12.7107],[108.5517,12.7052],[108.5541,12.7041],[108.5556,12.7055],[108.5594,12.7066],[108.5625,12.7061],[108.5645,12.7036],[108.5686,12.7036],[108.5735,12.7024],[108.5741,12.6991],[108.5727,12.697],[108.5746,12.6951],[108.5716,12.6913],[108.573,12.6897],[108.5704,12.6879],[108.5706,12.6848],[108.5738,12.682],[108.577,12.6852],[108.581,12.687],[108.5844,12.69],[108.5859,12.6928],[108.59,12.6965],[108.5908,12.6986],[108.594,12.7022],[108.597,12.7044],[108.5989,12.7072],[108.6016,12.7086],[108.6048,12.708],[108.6078,12.7103],[108.6117,12.7113],[108.6145,12.7095],[108.6193,12.7102],[108.6242,12.7098],[108.6271,12.7077],[108.6291,12.7079],[108.634,12.7046],[108.6414,12.7065],[108.6406,12.7143],[108.6439,12.7152],[108.6452,12.7137],[108.6545,12.7132],[108.6554,12.7167],[108.6573,12.7187],[108.6583,12.7226],[108.6615,12.726],[108.6656,12.7277],[108.669,12.7275],[108.6756,12.7257],[108.6796,12.7286],[108.6839,12.731],[108.6857,12.7349],[108.6879,12.7364],[108.6873,12.7405],[108.6857,12.745],[108.6846,12.7506],[108.6852,12.7572],[108.6825,12.7625],[108.6769,12.765],[108.6746,12.768],[108.6659,12.768],[108.6628,12.7702],[108.6571,12.7722]]]},"properties":{"ma_xa":"24400","ten_xa":"Ea Păl","sap_nhap":"Cư Prông, Ea Păl","tru_so":"đang cập nhật","loai":"Xã","cap":2,"stt":46,"dtich_km2":102.52,"dan_so":15049,"matdo_km2":146.79,"ma_tinh":"66","ten_tinh":"Đắk Lắk"}},
{"type":"Feature","geometry":{"type":"Polygon","coordinates":[[[108.4216,12.6826],[108.4184,12.6859],[108.4096,12.6936],[108.405,12.6924],[108.4031,12.6949],[108.404,12.697],[108.403,12.7004],[108.3952,12.704],[108.3937,12.7084],[108.392,12.7072],[108.3901,12.7121],[108.3861,12.7173],[108.3895,12.7191],[108.3882,12.7216],[108.3846,12.7217],[108.3825,12.7239],[108.385,12.7263],[108.3825,12.729],[108.3818,12.732],[108.378,12.7373],[108.377,12.7404],[108.3777,12.7439],[108.3764,12.7464],[108.3738,12.7484],[108.3774,12.7514],[108.3743,12.7566],[108.3739,12.7624],[108.379,12.7637],[108.3793,12.7689],[108.3768,12.7692],[108.3743,12.7746],[108.3716,12.7742],[108.3675,12.7752],[108.362,12.7774],[108.3614,12.7805],[108.3659,12.7813],[108.3637,12.7932],[108.3539,12.7912],[108.3495,12.793],[108.3466,12.7893],[108.3439,12.791],[108.3427,12.7936],[108.3398,12.7969],[108.3376,12.7965],[108.3344,12.8003],[108.3357,12.8038],[108.3275,12.8002],[108.3198,12.7954],[108.3154,12.7937],[108.3105,12.7851],[108.3099,12.7778],[108.3085,12.7778],[108.3012,12.7678],[108.3071,12.7667],[108.3092,12.7642],[108.3195,12.7653],[108.3244,12.7601],[108.3281,12.7539],[108.3307,12.7541],[108.3312,12.7503],[108.3336,12.7491],[108.3333,12.7461],[108.337,12.7437],[108.3395,12.7394],[108.3388,12.7376],[108.3396,12.7334],[108.3398,12.727],[108.3386,12.725],[108.3401,12.7195],[108.3397,12.7176],[108.3417,12.7146],[108.3457,12.7134],[108.3465,12.7118],[108.352,12.7103],[108.3548,12.7106],[108.357,12.7077],[108.3604,12.7055],[108.3611,12.7011],[108.3552,12.7016],[108.3559,12.6978],[108.3494,12.6962],[108.3489,12.6895],[108.3538,12.6795],[108.3594,12.6803],[108.3594,12.6768],[108.3618,12.6685],[108.3595,12.6666],[108.3604,12.6641],[108.3631,12.6631],[108.3656,12.665],[108.3675,12.6683],[108.3739,12.6685],[108.3747,12.665],[108.3775,12.6606],[108.3804,12.6575],[108.3822,12.6533],[108.3855,12.6508],[108.3901,12.6518],[108.396,12.6554],[108.398,12.6535],[108.3984,12.648],[108.4026,12.6477],[108.4045,12.6511],[108.4069,12.6537],[108.407,12.6568],[108.4115,12.6578],[108.4109,12.6599],[108.4139,12.6623],[108.4137,12.6675],[108.4158,12.6686],[108.4204,12.6725],[108.4185,12.6757],[108.4188,12.6805],[108.4216,12.6826]]]},"properties":{"ma_xa":"24502","ten_xa":"Ea Phê","sap_nhap":"Ea Kuăng, Ea Hiu, Ea Phê","tru_so":"đang cập nhật","loai":"Xã","cap":2,"stt":39,"dtich_km2":84.66,"dan_so":48605,"matdo_km2":574.12,"ma_tinh":"66","ten_tinh":"Đắk Lắk"}},
{"type":"Feature","geometry":{"type":"Polygon","coordinates":[[[108.8151,12.875],[108.8113,12.8753],[108.8076,12.8731],[108.8037,12.8735],[108.8019,12.8712],[108.7979,12.8712],[108.7954,12.8671],[108.7934,12.8679],[108.7893,12.8634],[108.7826,12.8682],[108.7782,12.8649],[108.7737,12.8634],[108.7707,12.8584],[108.7677,12.8575],[108.7684,12.8554],[108.7679,12.8495],[108.7733,12.8397],[108.777,12.8339],[108.7794,12.8326],[108.7817,12.8284],[108.7846,12.8263],[108.7845,12.8231],[108.7889,12.8181],[108.7911,12.8167],[108.7953,12.8109],[108.7933,12.8093],[108.7939,12.8072],[108.7928,12.8036],[108.7905,12.802],[108.7898,12.7963],[108.7861,12.791],[108.7817,12.7951],[108.7796,12.7945],[108.7738,12.7953],[108.7705,12.7938],[108.7687,12.7953],[108.7669,12.7932],[108.7632,12.7915],[108.7622,12.7897],[108.7565,12.7883],[108.7539,12.783],[108.7519,12.7808],[108.7529,12.7793],[108.7581,12.7797],[108.7626,12.7744],[108.7647,12.7718],[108.7678,12.7706],[108.7677,12.7687],[108.7738,12.7646],[108.775,12.7616],[108.7848,12.7519],[108.7876,12.7537],[108.7897,12.7533],[108.7922,12.7483],[108.7944,12.7471],[108.797,12.7434],[108.7995,12.7413],[108.803,12.7438],[108.806,12.7433],[108.8079,12.7416],[108.811,12.741],[108.8119,12.743],[108.8145,12.7437],[108.8186,12.7415],[108.8212,12.7383],[108.8267,12.7427],[108.8287,12.7401],[108.8327,12.7381],[108.8379,12.7416],[108.8385,12.7454],[108.8424,12.7456],[108.8427,12.7484],[108.8497,12.7517],[108.8528,12.7517],[108.8561,12.7502],[108.8604,12.7521],[108.861,12.7542],[108.8684,12.7545],[108.8687,12.7574],[108.8713,12.7586],[108.8765,12.7566],[108.8776,12.7494],[108.8831,12.7494],[108.8872,12.7473],[108.8919,12.7494],[108.8919,12.7525],[108.8944,12.7532],[108.8985,12.7525],[108.8998,12.7544],[108.8977,12.7558],[108.9008,12.7626],[108.9076,12.7621],[108.9096,12.7642],[108.9111,12.7683],[108.9138,12.7687],[108.9163,12.7715],[108.9183,12.7678],[108.9167,12.7647],[108.9162,12.7596],[108.9194,12.7604],[108.9207,12.7623],[108.9229,12.7677],[108.9257,12.7657],[108.9278,12.7694],[108.9265,12.7741],[108.9281,12.7755],[108.9308,12.7799],[108.9335,12.778],[108.9335,12.7747],[108.9376,12.778],[108.9334,12.7804],[108.9299,12.7849],[108.9331,12.7863],[108.937,12.7904],[108.9396,12.7896],[108.9402,12.7922],[108.9377,12.7963],[108.9369,12.8014],[108.9402,12.8022],[108.94,12.805],[108.9382,12.8105],[108.9273,12.8105],[108.9158,12.811],[108.9112,12.8087],[108.9037,12.8145],[108.9024,12.8135],[108.8939,12.8156],[108.8912,12.8149],[108.8868,12.817],[108.8839,12.815],[108.8797,12.8142],[108.8752,12.8163],[108.8683,12.8162],[108.8658,12.8189],[108.8652,12.8242],[108.8612,12.8263],[108.858,12.826],[108.8533,12.8309],[108.8534,12.8332],[108.8506,12.8332],[108.8493,12.8368],[108.8501,12.8411],[108.8476,12.8444],[108.85,12.8504],[108.8521,12.8513],[108.8504,12.8544],[108.8479,12.8551],[108.8457,12.8571],[108.8405,12.8568],[108.8391,12.8595],[108.8345,12.8619],[108.8327,12.8616],[108.8317,12.8653],[108.8294,12.8674],[108.8261,12.868],[108.8228,12.8661],[108.8205,12.8689],[108.8177,12.8693],[108.8163,12.8709],[108.8175,12.8731],[108.8151,12.875]]]},"properties":{"ma_xa":"24433","ten_xa":"Ea Riêng","sap_nhap":"Ea H’Mlay, Ea M’Doal, Ea Riêng","tru_so":"đang cập nhật","loai":"Xã","cap":2,"stt":48,"dtich_km2":167.56,"dan_so":15719,"matdo_km2":93.81,"ma_tinh":"66","ten_tinh":"Đắk Lắk"}},
{"type":"Feature","geometry":{"type":"Polygon","coordinates":[[[107.9229,13.3852],[107.9189,13.386],[107.9139,13.3881],[107.9083,13.388],[107.9075,13.3888],[107.9012,13.3886],[107.8982,13.3872],[107.8865,13.3847],[107.8855,13.3883],[107.8831,13.3879],[107.8827,13.3903],[107.8794,13.3907],[107.8791,13.3926],[107.8756,13.3941],[107.851,13.3896],[107.8389,13.4005],[107.8318,13.3967],[107.8196,13.3925],[107.8158,13.3928],[107.8138,13.394],[107.8051,13.3944],[107.8013,13.3938],[107.8009,13.3909],[107.7976,13.3885],[107.7978,13.3863],[107.7998,13.3824],[107.7979,13.3808],[107.7957,13.3825],[107.7921,13.3819],[107.7875,13.3782],[107.7882,13.3778],[107.795,13.3599],[107.7969,13.3541],[107.8042,13.3344],[107.8059,13.3289],[107.8094,13.3229],[107.8145,13.3149],[107.8163,13.3058],[107.8198,13.3005],[107.8249,13.2974],[107.829,13.293],[107.8296,13.2906],[107.8347,13.2841],[107.8346,13.281],[107.8323,13.2808],[107.8295,13.2783],[107.8294,13.2762],[107.8265,13.2746],[107.8221,13.2752],[107.8193,13.2726],[107.8141,13.2737],[107.8118,13.2731],[107.8077,13.2751],[107.8032,13.273],[107.8013,13.2731],[107.7961,13.2698],[107.7904,13.2645],[107.787,13.2622],[107.7829,13.263],[107.7799,13.2644],[107.7764,13.2636],[107.7697,13.2644],[107.7639,13.2643],[107.7575,13.2628],[107.7557,13.2642],[107.7531,13.2626],[107.7575,13.2587],[107.7583,13.2557],[107.7602,13.2531],[107.7539,13.2477],[107.75,13.2435],[107.7502,13.2385],[107.7571,13.234],[107.7577,13.2271],[107.7558,13.2236],[107.7596,13.2219],[107.7624,13.2252],[107.7648,13.2249],[107.7659,13.221],[107.7679,13.2198],[107.7664,13.2167],[107.7669,13.2122],[107.771,13.2094],[107.7704,13.2026],[107.7746,13.1962],[107.7755,13.1987],[107.7796,13.1969],[107.7838,13.1971],[107.7833,13.1942],[107.7842,13.1891],[107.7867,13.1882],[107.79,13.1907],[107.79,13.1867],[107.7872,13.1836],[107.7893,13.1816],[107.7878,13.1798],[107.7927,13.1743],[107.7913,13.1713],[107.792,13.1696],[107.7957,13.1692],[107.797,13.1648],[107.7996,13.1659],[107.8045,13.1652],[107.8056,13.1611],[107.8052,13.1574],[107.8034,13.1557],[107.8094,13.1522],[107.8114,13.1538],[107.8126,13.1492],[107.817,13.1478],[107.8171,13.1509],[107.8231,13.157],[107.8266,13.1594],[107.8288,13.1649],[107.8316,13.1704],[107.8361,13.1695],[107.8389,13.1709],[107.8452,13.1714],[107.8431,13.1657],[107.8445,13.1645],[107.8478,13.165],[107.8483,13.1626],[107.8503,13.1604],[107.8551,13.1619],[107.8593,13.1609],[107.8606,13.1589],[107.8672,13.1576],[107.8749,13.1541],[107.879,13.1538],[107.88,13.1509],[107.8835,13.1502],[107.8885,13.1526],[107.892,13.1532],[107.8935,13.1559],[107.8983,13.1561],[107.8997,13.1519],[107.9019,13.1504],[107.9137,13.1502],[107.9119,13.1533],[107.9153,13.1535],[107.9187,13.1551],[107.925,13.1531],[107.9289,13.1538],[107.9357,13.152],[107.9383,13.1531],[107.9416,13.1524],[107.9427,13.1499],[107.9463,13.1479],[107.9488,13.1484],[107.9521,13.1473],[107.9559,13.1484],[107.9564,13.1455],[107.9608,13.1433],[107.9639,13.1452],[107.9685,13.1426],[107.9703,13.1459],[107.9733,13.1489],[107.9773,13.148],[107.9789,13.1536],[107.981,13.1546],[107.9812,13.1577],[107.9776,13.1633],[107.9746,13.1653],[107.9771,13.1688],[107.9806,13.1711],[107.9828,13.1752],[107.9861,13.1746],[107.9878,13.1756],[107.9881,13.1794],[107.9916,13.1809],[107.992,13.1827],[107.9907,13.1866],[107.9886,13.1896],[107.9893,13.1919],[107.9873,13.1948],[107.9865,13.2032],[107.9889,13.2107],[107.9889,13.2163],[107.99,13.2204],[107.9873,13.2216],[107.986,13.224],[107.9827,13.2274],[107.9813,13.2311],[107.9777,13.2329],[107.9811,13.2361],[107.9865,13.2357],[107.9878,13.2365],[107.9937,13.2447],[107.9991,13.2481],[107.9999,13.251],[107.9985,13.2561],[108.0009,13.2607],[107.9977,13.2647],[107.9972,13.2687],[107.9982,13.2723],[108.0016,13.2749],[108.0007,13.2788],[108.0027,13.29],[108.0004,13.2909],[107.9983,13.294],[107.9953,13.2943],[107.9924,13.2968],[107.9901,13.2968],[107.9888,13.2999],[107.9855,13.3004],[107.9863,13.307],[107.9839,13.3071],[107.9828,13.3096],[107.9836,13.3128],[107.9824,13.3158],[107.9804,13.3173],[107.9795,13.32],[107.9803,13.3226],[107.9784,13.3301],[107.9759,13.3326],[107.9736,13.3379],[107.9745,13.3422],[107.9725,13.3458],[107.9747,13.354],[107.9734,13.3594],[107.9707,13.3627],[107.9701,13.3651],[107.9667,13.3667],[107.9663,13.3733],[107.97,13.3787],[107.9703,13.3829],[107.9663,13.3805],[107.9636,13.3799],[107.9578,13.381],[107.9545,13.3849],[107.9522,13.3858],[107.9492,13.3849],[107.9494,13.381],[107.9474,13.3798],[107.9453,13.3807],[107.9435,13.3791],[107.9439,13.3761],[107.9428,13.3736],[107.9406,13.3739],[107.9374,13.376],[107.9327,13.3757],[107.9229,13.3852]]]},"properties":{"ma_xa":"24217","ten_xa":"Ea Rốk","sap_nhap":"Ia Jlơi, Cư Kbang, Ea Rốk","tru_so":"đang cập nhật","loai":"Xã","cap":2,"stt":11,"dtich_km2":544.6,"dan_so":28785,"matdo_km2":52.86,"ma_tinh":"66","ten_tinh":"Đắk Lắk"}},
{"type":"Feature","geometry":{"type":"Polygon","coordinates":[[[107.9773,13.148],[107.9733,13.1489],[107.9703,13.1459],[107.9685,13.1426],[107.9639,13.1452],[107.9608,13.1433],[107.9564,13.1455],[107.9559,13.1484],[107.9521,13.1473],[107.9488,13.1484],[107.9463,13.1479],[107.9427,13.1499],[107.9416,13.1524],[107.9383,13.1531],[107.9357,13.152],[107.9289,13.1538],[107.925,13.1531],[107.9187,13.1551],[107.9153,13.1535],[107.9119,13.1533],[107.9137,13.1502],[107.9019,13.1504],[107.8997,13.1519],[107.8983,13.1561],[107.8935,13.1559],[107.892,13.1532],[107.8885,13.1526],[107.8835,13.1502],[107.88,13.1509],[107.879,13.1538],[107.8749,13.1541],[107.8672,13.1576],[107.8606,13.1589],[107.8593,13.1609],[107.8551,13.1619],[107.8503,13.1604],[107.8483,13.1626],[107.8478,13.165],[107.8445,13.1645],[107.8431,13.1657],[107.8452,13.1714],[107.8389,13.1709],[107.8361,13.1695],[107.8316,13.1704],[107.8288,13.1649],[107.8266,13.1594],[107.8231,13.157],[107.8171,13.1509],[107.8182,13.1482],[107.8216,13.1442],[107.8204,13.1419],[107.8221,13.1403],[107.8231,13.1364],[107.8251,13.1355],[107.8254,13.1329],[107.8213,13.1309],[107.8232,13.1296],[107.8269,13.1319],[107.8288,13.13],[107.829,13.1265],[107.8324,13.1263],[107.8379,13.1235],[107.8401,13.1239],[107.8407,13.1207],[107.8388,13.1195],[107.8386,13.1166],[107.8417,13.1146],[107.8419,13.1128],[107.8498,13.1091],[107.8545,13.108],[107.8561,13.105],[107.8583,13.1041],[107.8622,13.1066],[107.8644,13.1037],[107.8697,13.1066],[107.8686,13.1028],[107.87,13.0989],[107.8721,13.0969],[107.8794,13.0945],[107.8797,13.0906],[107.8761,13.0893],[107.8747,13.0875],[107.871,13.0855],[107.867,13.0857],[107.8666,13.0838],[107.8626,13.0837],[107.8621,13.0851],[107.854,13.084],[107.85,13.0851],[107.8465,13.085],[107.8418,13.0823],[107.8408,13.0775],[107.8378,13.0767],[107.8372,13.0748],[107.8347,13.0741],[107.8341,13.0769],[107.8313,13.0766],[107.8286,13.0801],[107.8275,13.0778],[107.8223,13.0761],[107.8198,13.0771],[107.8157,13.0737],[107.8161,13.0719],[107.8132,13.0705],[107.8032,13.0686],[107.8015,13.0711],[107.7881,13.0734],[107.7879,13.0706],[107.7812,13.071],[107.7785,13.07],[107.7762,13.0675],[107.7734,13.0665],[107.7734,13.0641],[107.7712,13.0619],[107.7599,13.0604],[107.7545,13.0636],[107.7426,13.0652],[107.7335,13.0647],[107.7269,13.0658],[107.7254,13.0676],[107.7177,13.0694],[107.7134,13.0686],[107.7101,13.0703],[107.7051,13.0693],[107.7068,13.0683],[107.7097,13.0645],[107.7149,13.0551],[107.7141,13.0519],[107.7153,13.0487],[107.7177,13.0455],[107.721,13.0387],[107.7244,13.0346],[107.7249,13.0319],[107.7285,13.0284],[107.729,13.0269],[107.7335,13.0225],[107.737,13.0208],[107.7422,13.0212],[107.7651,12.9969],[107.7654,12.9951],[107.7695,12.9917],[107.7882,12.9964],[107.7936,12.999],[107.8024,13.0003],[107.8153,12.9997],[107.8204,12.9969],[107.8342,12.9958],[107.8379,12.9951],[107.8429,12.9987],[107.8458,12.9995],[107.8453,12.9952],[107.8526,12.9891],[107.8528,12.9855],[107.8577,12.9834],[107.861,12.9844],[107.8673,12.9838],[107.8689,12.9844],[107.876,12.9834],[107.8787,12.98],[107.8832,12.973],[107.8872,12.9707],[107.8853,12.9668],[107.8852,12.9618],[107.8875,12.9585],[107.893,12.9581],[107.8953,12.9568],[107.8991,12.9527],[107.9009,12.9519],[107.9037,12.9531],[107.9057,12.9562],[107.9048,12.959],[107.9022,12.9626],[107.9012,12.9657],[107.9033,12.9664],[107.9048,12.9711],[107.9077,12.9728],[107.9088,12.9776],[107.9127,12.9747],[107.9162,12.9755],[107.9173,12.9779],[107.9239,12.9785],[107.9263,12.9807],[107.9329,12.9836],[107.937,12.9837],[107.9472,12.9879],[107.9559,13.0018],[107.9601,13.008],[107.9635,13.0107],[107.961,13.0091],[107.9595,13.0103],[107.9605,13.0173],[107.9618,13.0183],[107.9663,13.0179],[107.9663,13.0217],[107.9683,13.0219],[107.9715,13.0242],[107.9731,13.0264],[107.9762,13.0261],[107.9764,13.0237],[107.9813,13.0204],[107.9834,13.0224],[107.9907,13.0253],[107.995,13.029],[108.001,13.0306],[108.0006,13.0332],[107.9989,13.0353],[107.9984,13.0402],[108.001,13.045],[107.9989,13.051],[108.0008,13.0569],[108.0041,13.056],[108.0039,13.0533],[108.0061,13.0529],[108.0105,13.0573],[108.0116,13.0635],[108.0158,13.0692],[108.0207,13.0712],[108.0261,13.0709],[108.0324,13.076],[108.0368,13.0742],[108.0416,13.0767],[108.0481,13.0872],[108.0471,13.0902],[108.0485,13.0914],[108.0477,13.0945],[108.0489,13.0986],[108.0479,13.1024],[108.0456,13.1031],[108.0424,13.1024],[108.0412,13.0996],[108.0378,13.1023],[108.0359,13.1012],[108.0327,13.102],[108.0287,13.1014],[108.0276,13.1042],[108.0245,13.1041],[108.0211,13.1017],[108.0196,13.1032],[108.0172,13.1023],[108.0091,13.1033],[108.0085,13.1054],[108.0054,13.105],[108.0025,13.1061],[108.001,13.1079],[107.9976,13.1078],[107.9933,13.1112],[107.9871,13.1139],[107.9865,13.1168],[107.9839,13.1188],[107.9801,13.1198],[107.9809,13.1224],[107.9856,13.1235],[107.9842,13.1373],[107.986,13.1414],[107.9769,13.1464],[107.9773,13.148]]]},"properties":{"ma_xa":"24211","ten_xa":"Ea Súp","sap_nhap":"Ea Súp (thị trấn), Cư M’Lan, Ea Lê","tru_so":"đang cập nhật","loai":"Xã","cap":2,"stt":10,"dtich_km2":418.72,"dan_so":30762,"matdo_km2":73.47,"ma_tinh":"66","ten_tinh":"Đắk Lắk"}},
{"type":"Feature","geometry":{"type":"Polygon","coordinates":[[[108.9121,12.6399],[108.9128,12.6461],[108.9125,12.6499],[108.9139,12.6548],[108.914,12.6606],[108.9114,12.6634],[108.9087,12.6645],[108.9034,12.6707],[108.9005,12.6727],[108.8967,12.6727],[108.893,12.6716],[108.8887,12.6675],[108.8832,12.6666],[108.8798,12.6652],[108.8768,12.6614],[108.8746,12.6629],[108.8704,12.6626],[108.8662,12.6661],[108.8605,12.6694],[108.8611,12.6747],[108.857,12.6758],[108.8542,12.6778],[108.8515,12.681],[108.8487,12.6797],[108.8441,12.6801],[108.8384,12.683],[108.8335,12.6841],[108.8304,12.6867],[108.8272,12.6874],[108.8237,12.6854],[108.8183,12.6852],[108.8145,12.6805],[108.811,12.6746],[108.8069,12.6699],[108.8019,12.6685],[108.8018,12.667],[108.7958,12.6587],[108.7947,12.6545],[108.7949,12.6518],[108.7863,12.6488],[108.7813,12.6451],[108.7781,12.6461],[108.7768,12.649],[108.7746,12.6496],[108.7649,12.6357],[108.762,12.6324],[108.7619,12.6272],[108.7604,12.626],[108.755,12.6258],[108.7526,12.6265],[108.7524,12.6205],[108.7569,12.6223],[108.7576,12.6173],[108.7613,12.6131],[108.7614,12.6033],[108.7585,12.5989],[108.7614,12.5935],[108.7608,12.5909],[108.7625,12.5869],[108.7661,12.5843],[108.7682,12.5854],[108.7709,12.5852],[108.773,12.5833],[108.7752,12.583],[108.7759,12.5873],[108.7795,12.587],[108.7863,12.5913],[108.7888,12.5923],[108.7943,12.5919],[108.8019,12.593],[108.8017,12.5908],[108.7994,12.5861],[108.8106,12.583],[108.8121,12.5809],[108.8121,12.5773],[108.8152,12.5756],[108.8142,12.5696],[108.8127,12.5667],[108.8088,12.5643],[108.8098,12.5623],[108.8067,12.5576],[108.8072,12.5557],[108.8041,12.5529],[108.8067,12.5515],[108.8086,12.5521],[108.8154,12.5494],[108.8142,12.5478],[108.8183,12.5452],[108.8217,12.5453],[108.8264,12.5439],[108.8311,12.5415],[108.8372,12.5425],[108.8487,12.5413],[108.8543,12.5374],[108.8603,12.5367],[108.8685,12.5365],[108.8747,12.5398],[108.877,12.543],[108.8828,12.5412],[108.8875,12.5446],[108.89,12.5453],[108.8929,12.5499],[108.8925,12.5568],[108.8933,12.5605],[108.8959,12.5645],[108.893,12.5679],[108.8932,12.5712],[108.8944,12.575],[108.891,12.5759],[108.8923,12.5801],[108.9005,12.5822],[108.9033,12.5855],[108.905,12.5862],[108.9077,12.5903],[108.9103,12.592],[108.9162,12.5982],[108.9177,12.6035],[108.9126,12.6122],[108.9098,12.6158],[108.9067,12.6185],[108.906,12.6214],[108.9006,12.624],[108.8975,12.6269],[108.9057,12.635],[108.9081,12.639],[108.9121,12.6399]]]},"properties":{"ma_xa":"24445","ten_xa":"Ea Trang","sap_nhap":"Ea Trang","tru_so":"đang cập nhật","loai":"Xã","cap":2,"stt":52,"dtich_km2":207.4,"dan_so":6585,"matdo_km2":31.75,"ma_tinh":"66","ten_tinh":"Đắk Lắk"}},
{"type":"Feature","geometry":{"type":"Polygon","coordinates":[[[108.174,12.9696],[108.1718,12.9715],[108.1621,12.9734],[108.1565,12.9776],[108.1532,12.979],[108.1426,12.9769],[108.1411,12.9738],[108.1347,12.968],[108.1315,12.9638],[108.1292,12.9632],[108.128,12.9655],[108.1292,12.9695],[108.126,12.9739],[108.1251,12.9774],[108.1203,12.9743],[108.1163,12.9728],[108.1078,12.9739],[108.1039,12.9685],[108.1014,12.9666],[108.0956,12.9578],[108.0935,12.9533],[108.0909,12.9516],[108.0871,12.9505],[108.0817,12.9511],[108.078,12.9502],[108.0723,12.9457],[108.0694,12.9443],[108.0678,12.9455],[108.0676,12.9492],[108.0663,12.951],[108.0621,12.9485],[108.0626,12.9448],[108.0613,12.9425],[108.061,12.9393],[108.0575,12.9369],[108.0523,12.9262],[108.0443,12.9238],[108.0439,12.9214],[108.0419,12.9197],[108.0462,12.9182],[108.049,12.9193],[108.0529,12.9175],[108.0548,12.9209],[108.0625,12.9192],[108.0673,12.9253],[108.0704,12.9275],[108.0748,12.9258],[108.0751,12.9237],[108.0786,12.9229],[108.0838,12.9132],[108.0808,12.912],[108.0811,12.9072],[108.0876,12.9051],[108.0893,12.9034],[108.0963,12.9038],[108.1001,12.9063],[108.1053,12.9065],[108.1106,12.9074],[108.1145,12.904],[108.1139,12.9024],[108.1168,12.8992],[108.1165,12.895],[108.1196,12.896],[108.1268,12.8969],[108.1291,12.8943],[108.127,12.8865],[108.1297,12.8852],[108.1286,12.877],[108.1269,12.8682],[108.1295,12.8658],[108.1296,12.8615],[108.1341,12.863],[108.1381,12.8664],[108.1402,12.8645],[108.1436,12.8649],[108.1448,12.8638],[108.1426,12.86],[108.1411,12.86],[108.1415,12.8526],[108.1444,12.8517],[108.1458,12.8491],[108.1438,12.8459],[108.1401,12.8445],[108.134,12.8437],[108.1297,12.8417],[108.1328,12.8376],[108.1358,12.8359],[108.1431,12.8341],[108.1444,12.8332],[108.1478,12.8345],[108.1509,12.8335],[108.1532,12.8348],[108.1553,12.8328],[108.1581,12.8334],[108.162,12.8319],[108.1658,12.8344],[108.1703,12.8336],[108.1731,12.8317],[108.1754,12.8289],[108.1807,12.8275],[108.1851,12.8281],[108.1879,12.8303],[108.1886,12.8323],[108.1916,12.8358],[108.192,12.8386],[108.1912,12.8425],[108.192,12.8447],[108.1946,12.8474],[108.1961,12.8528],[108.2011,12.8576],[108.2037,12.858],[108.2038,12.8602],[108.2077,12.8618],[108.2115,12.8654],[108.2162,12.8663],[108.2208,12.8678],[108.2214,12.8695],[108.217,12.8731],[108.2159,12.8772],[108.2127,12.881],[108.2127,12.8828],[108.2149,12.8843],[108.2165,12.8871],[108.2148,12.8887],[108.2141,12.8962],[108.2121,12.897],[108.2116,12.9011],[108.2077,12.9018],[108.2055,12.9001],[108.1997,12.9023],[108.1992,12.9081],[108.1994,12.916],[108.2023,12.9216],[108.203,12.9243],[108.2019,12.9417],[108.1986,12.945],[108.1917,12.9498],[108.1873,12.9508],[108.1851,12.9526],[108.1799,12.9523],[108.1791,12.9553],[108.1712,12.9611],[108.1699,12.9647],[108.1703,12.9675],[108.174,12.9696]]]},"properties":{"ma_xa":"24277","ten_xa":"Ea Tul","sap_nhap":"Ea Tar, Cư Dliê Mnông, Ea Tul","tru_so":"đang cập nhật","loai":"Xã","cap":2,"stt":23,"dtich_km2":159.51,"dan_so":34876,"matdo_km2":218.64,"ma_tinh":"66","ten_tinh":"Đắk Lắk"}},
{"type":"Feature","geometry":{"type":"Polygon","coordinates":[[[107.9516,12.7986],[107.9518,12.801],[107.9452,12.8028],[107.9412,12.8064],[107.9383,12.8071],[107.937,12.8096],[107.938,12.8127],[107.9367,12.8197],[107.9301,12.8207],[107.9267,12.8198],[107.9246,12.8228],[107.9222,12.8209],[107.9193,12.8234],[107.9176,12.8216],[107.9151,12.8227],[107.9187,12.8262],[107.9185,12.8273],[107.9228,12.8295],[107.9246,12.8318],[107.9226,12.8335],[107.9226,12.8401],[107.9245,12.8421],[107.9267,12.842],[107.9275,12.845],[107.9261,12.8488],[107.9302,12.8497],[107.9296,12.8519],[107.9316,12.8575],[107.9309,12.8608],[107.933,12.8617],[107.9341,12.8666],[107.9334,12.8677],[107.934,12.8723],[107.9334,12.8751],[107.9298,12.8764],[107.9258,12.876],[107.9236,12.8788],[107.9218,12.8785],[107.9198,12.8804],[107.9239,12.8815],[107.9244,12.8832],[107.9223,12.8886],[107.9242,12.8895],[107.9236,12.8934],[107.9241,12.9018],[107.9227,12.909],[107.9205,12.908],[107.9073,12.9063],[107.9041,12.9052],[107.9011,12.9053],[107.8857,12.9046],[107.8828,12.9037],[107.8737,12.9065],[107.8606,12.908],[107.8564,12.9069],[107.8549,12.9032],[107.852,12.9026],[107.8485,12.8984],[107.8472,12.8945],[107.8418,12.8942],[107.8403,12.8885],[107.8381,12.8854],[107.8337,12.8843],[107.83,12.8846],[107.8276,12.8818],[107.8218,12.8811],[107.8203,12.8773],[107.8175,12.8733],[107.813,12.8732],[107.8068,12.8755],[107.8054,12.874],[107.8059,12.8672],[107.808,12.8643],[107.8128,12.8611],[107.8136,12.8573],[107.8113,12.8554],[107.8116,12.8521],[107.816,12.8527],[107.8197,12.8486],[107.8222,12.8432],[107.8208,12.8386],[107.8163,12.8303],[107.8175,12.8291],[107.8172,12.8223],[107.8159,12.8159],[107.8164,12.8113],[107.8199,12.8054],[107.824,12.802],[107.8289,12.8014],[107.8353,12.8039],[107.8436,12.8108],[107.8464,12.8124],[107.8496,12.8117],[107.856,12.8067],[107.8566,12.8042],[107.8601,12.8006],[107.8636,12.7981],[107.8641,12.7962],[107.8629,12.7932],[107.8545,12.7828],[107.854,12.7777],[107.8569,12.7719],[107.8569,12.7687],[107.8559,12.7626],[107.8605,12.7563],[107.8649,12.7544],[107.868,12.7513],[107.8696,12.7527],[107.8743,12.7514],[107.8818,12.754],[107.8856,12.7542],[107.8943,12.7518],[107.9036,12.7601],[107.9141,12.7601],[107.9173,12.7593],[107.918,12.7559],[107.9231,12.7531],[107.9261,12.753],[107.9269,12.7504],[107.9297,12.7498],[107.9322,12.7513],[107.9339,12.7506],[107.9372,12.7522],[107.9409,12.7561],[107.943,12.7563],[107.9443,12.7597],[107.9445,12.7633],[107.95,12.764],[107.9528,12.7634],[107.9527,12.7732],[107.9508,12.7778],[107.9508,12.7809],[107.9523,12.7819],[107.952,12.7849],[107.9492,12.7935],[107.9495,12.7963],[107.9516,12.7986]]]},"properties":{"ma_xa":"24241","ten_xa":"Ea Wer","sap_nhap":"Ea Huar, Tân Hòa, Ea Wer","tru_so":"đang cập nhật","loai":"Xã","cap":2,"stt":15,"dtich_km2":184.61,"dan_so":29708,"matdo_km2":160.92,"ma_tinh":"66","ten_tinh":"Đắk Lắk"}},
{"type":"Feature","geometry":{"type":"Polygon","coordinates":[[[108.1371,13.2723],[108.1363,13.2706],[108.133,13.2706],[108.1312,13.2741],[108.1139,13.2798],[108.1098,13.2795],[108.1072,13.2821],[108.1047,13.2815],[108.1023,13.2848],[108.1017,13.2883],[108.098,13.2923],[108.0851,13.2887],[108.0703,13.273],[108.0597,13.2726],[108.0576,13.271],[108.0544,13.2711],[108.0479,13.2687],[108.044,13.2654],[108.0393,13.2643],[108.0356,13.262],[108.0343,13.2591],[108.0301,13.2611],[108.0286,13.2644],[108.0175,13.2663],[108.0138,13.2686],[108.0061,13.2719],[108.0016,13.2749],[107.9982,13.2723],[107.9972,13.2687],[107.9977,13.2647],[108.0009,13.2607],[107.9985,13.2561],[107.9999,13.251],[107.9991,13.2481],[107.9937,13.2447],[107.9878,13.2365],[107.9865,13.2357],[107.9811,13.2361],[107.9777,13.2329],[107.9813,13.2311],[107.9827,13.2274],[107.986,13.224],[107.9873,13.2216],[107.99,13.2204],[107.9889,13.2163],[107.9889,13.2107],[107.9865,13.2032],[107.9873,13.1948],[107.9893,13.1919],[107.9886,13.1896],[107.9907,13.1866],[107.992,13.1827],[107.9916,13.1809],[107.9881,13.1794],[107.9878,13.1756],[107.9861,13.1746],[107.9828,13.1752],[107.9806,13.1711],[107.9771,13.1688],[107.9746,13.1653],[107.9776,13.1633],[107.9812,13.1577],[107.981,13.1546],[107.9789,13.1536],[107.9773,13.148],[107.9844,13.1472],[107.9869,13.1505],[107.9904,13.1528],[107.9926,13.156],[107.9984,13.1529],[108.0008,13.1431],[108.0018,13.1414],[108.005,13.1408],[108.0072,13.1373],[108.0086,13.1371],[108.0117,13.1418],[108.0142,13.1406],[108.0167,13.1437],[108.0237,13.1476],[108.0258,13.1447],[108.0298,13.1468],[108.0333,13.147],[108.0362,13.1455],[108.0384,13.1466],[108.0408,13.1494],[108.0458,13.1497],[108.0566,13.1528],[108.067,13.1566],[108.0675,13.1598],[108.0703,13.1594],[108.0738,13.1564],[108.0766,13.1576],[108.0779,13.1563],[108.0834,13.1554],[108.0834,13.1531],[108.0876,13.1503],[108.0912,13.1501],[108.0943,13.1488],[108.0965,13.1519],[108.1009,13.1518],[108.1076,13.1552],[108.111,13.1562],[108.114,13.1555],[108.1183,13.1567],[108.1217,13.1597],[108.1253,13.1587],[108.1291,13.1612],[108.1281,13.1687],[108.1195,13.1733],[108.1222,13.1774],[108.1226,13.1797],[108.1263,13.1831],[108.1274,13.1871],[108.1238,13.1997],[108.1256,13.2007],[108.1267,13.204],[108.1327,13.2063],[108.1338,13.2098],[108.1393,13.2138],[108.141,13.2124],[108.1439,13.2139],[108.1418,13.2269],[108.1403,13.2278],[108.1396,13.2326],[108.1407,13.2349],[108.1384,13.2402],[108.1375,13.2461],[108.139,13.2474],[108.1394,13.2553],[108.1384,13.2624],[108.1372,13.2645],[108.1377,13.2677],[108.1371,13.2723]]]},"properties":{"ma_xa":"24193","ten_xa":"Ea Wy","sap_nhap":"Cư A Mung, Cư Mốt, Ea Wy","tru_so":"đang cập nhật","loai":"Xã","cap":2,"stt":29,"dtich_km2":213.94,"dan_so":28567,"matdo_km2":133.53,"ma_tinh":"66","ten_tinh":"Đắk Lắk"}},
{"type":"Feature","geometry":{"type":"Polygon","coordinates":[[[109.4314,12.9449],[109.4252,12.9507],[109.4221,12.9543],[109.4079,12.9689],[109.3835,12.999],[109.3746,13.0106],[109.3682,13.0199],[109.3615,13.0306],[109.3499,13.0507],[109.3468,13.0473],[109.34,13.0341],[109.3349,13.0273],[109.3305,13.0248],[109.3294,13.0206],[109.3324,13.0196],[109.335,13.0156],[109.3356,13.0112],[109.339,13.0104],[109.3378,13.0027],[109.3442,13.0032],[109.3494,12.9882],[109.3488,12.9859],[109.3537,12.9801],[109.3575,12.9808],[109.36,12.9796],[109.3623,12.9762],[109.3665,12.9753],[109.3667,12.9711],[109.3682,12.9688],[109.3669,12.9644],[109.3693,12.9615],[109.3727,12.9594],[109.3791,12.9591],[109.3808,12.958],[109.3831,12.9591],[109.3951,12.9502],[109.4001,12.9442],[109.4039,12.9442],[109.4055,12.9471],[109.4095,12.9498],[109.4142,12.9508],[109.4185,12.9474],[109.4284,12.9445],[109.4314,12.9449]]]},"properties":{"ma_xa":"22261","ten_xa":"Hòa Hiệp","sap_nhap":"Hòa Hiệp Trung, Hòa Hiệp Nam, Hòa Hiệp Bắc (1 phần)","tru_so":"đang cập nhật","loai":"Phường","cap":2,"stt":79,"dtich_km2":40.81,"dan_so":53597,"matdo_km2":1313.33,"ma_tinh":"66","ten_tinh":"Đắk Lắk"}},
{"type":"Feature","geometry":{"type":"Polygon","coordinates":[[[109.2139,12.9758],[109.2137,12.9773],[109.209,12.9797],[109.2047,12.9802],[109.198,12.9784],[109.1972,12.9762],[109.1924,12.9757],[109.1886,12.9727],[109.184,12.9742],[109.179,12.9698],[109.1756,12.9693],[109.1729,12.9705],[109.1699,12.97],[109.1682,12.9675],[109.17,12.9655],[109.169,12.9625],[109.1764,12.9531],[109.1747,12.9498],[109.1698,12.9457],[109.1658,12.9449],[109.1578,12.9467],[109.1549,12.946],[109.1511,12.9418],[109.1476,12.9389],[109.1427,12.9388],[109.1406,12.9411],[109.1364,12.9404],[109.1332,12.9365],[109.1261,12.9377],[109.124,12.9366],[109.1206,12.9382],[109.1189,12.9414],[109.1167,12.9403],[109.1149,12.9375],[109.1092,12.9359],[109.1048,12.9319],[109.1051,12.9265],[109.1079,12.9203],[109.1096,12.9191],[109.1064,12.9158],[109.0976,12.912],[109.0938,12.9119],[109.0944,12.9052],[109.0925,12.8997],[109.0961,12.8951],[109.1018,12.8892],[109.1044,12.8905],[109.1071,12.8889],[109.1107,12.8891],[109.114,12.8882],[109.117,12.8892],[109.1175,12.8848],[109.1149,12.8827],[109.1145,12.8782],[109.1118,12.8758],[109.1111,12.8738],[109.1114,12.8684],[109.1166,12.8671],[109.1128,12.8606],[109.1073,12.8599],[109.1035,12.8586],[109.0979,12.8593],[109.0955,12.857],[109.0919,12.8554],[109.0946,12.8514],[109.0941,12.8467],[109.0993,12.8462],[109.0932,12.8356],[109.0908,12.8269],[109.0918,12.8234],[109.0944,12.8202],[109.0963,12.8194],[109.0976,12.8165],[109.0982,12.8104],[109.0999,12.8055],[109.1052,12.8043],[109.1078,12.8003],[109.1115,12.7968],[109.1152,12.798],[109.1198,12.7991],[109.1234,12.7981],[109.1277,12.7928],[109.1282,12.7906],[109.1304,12.7868],[109.1347,12.7861],[109.1355,12.7843],[109.1403,12.7804],[109.1451,12.782],[109.1474,12.7859],[109.1463,12.7927],[109.1507,12.7972],[109.1535,12.804],[109.1524,12.8053],[109.1556,12.8081],[109.1565,12.8114],[109.1551,12.813],[109.1595,12.8148],[109.1613,12.8181],[109.1618,12.8222],[109.1664,12.8267],[109.1704,12.8275],[109.1763,12.8267],[109.1784,12.8294],[109.1813,12.8276],[109.1852,12.8292],[109.1902,12.8287],[109.1956,12.8319],[109.1958,12.838],[109.197,12.8399],[109.1963,12.842],[109.1979,12.8496],[109.2044,12.859],[109.2029,12.8639],[109.2009,12.8674],[109.2016,12.8719],[109.1982,12.8811],[109.2006,12.8858],[109.2059,12.8885],[109.2091,12.894],[109.2111,12.8963],[109.2137,12.8974],[109.2136,12.9044],[109.2122,12.9091],[109.2159,12.9156],[109.2183,12.9249],[109.2204,12.9264],[109.2224,12.9252],[109.2219,12.9316],[109.2207,12.9345],[109.2217,12.9394],[109.2262,12.94],[109.2271,12.9435],[109.2259,12.9463],[109.2284,12.947],[109.2303,12.9495],[109.2344,12.9489],[109.2313,12.9554],[109.2337,12.9579],[109.2313,12.9706],[109.2286,12.9713],[109.2239,12.9752],[109.2203,12.9754],[109.2171,12.9767],[109.2139,12.9758]]]},"properties":{"ma_xa":"22285","ten_xa":"Hòa Mỹ","sap_nhap":"Hòa Mỹ Đông, Hòa Mỹ Tây","tru_so":"đang cập nhật","loai":"Xã","cap":2,"stt":89,"dtich_km2":190.14,"dan_so":26530,"matdo_km2":139.53,"ma_tinh":"66","ten_tinh":"Đắk Lắk"}},
{"type":"Feature","geometry":{"type":"Polygon","coordinates":[[[107.9684,12.6702],[107.9671,12.6736],[107.965,12.6751],[107.9586,12.6766],[107.9552,12.6761],[107.9485,12.6772],[107.9408,12.6812],[107.9402,12.6827],[107.9366,12.6838],[107.9338,12.6861],[107.9302,12.6867],[107.9296,12.6904],[107.9255,12.6909],[107.9171,12.6905],[107.9148,12.6892],[107.9112,12.6901],[107.9105,12.6863],[107.9088,12.6858],[107.9065,12.6811],[107.9053,12.6749],[107.9076,12.6726],[107.9072,12.6702],[107.9134,12.6649],[107.9147,12.6588],[107.9126,12.656],[107.9088,12.6551],[107.9055,12.653],[107.9045,12.6498],[107.9078,12.6462],[107.9105,12.6459],[107.917,12.6482],[107.9199,12.6466],[107.9212,12.6429],[107.9205,12.6389],[107.9189,12.6354],[107.9219,12.6329],[107.9227,12.6301],[107.9222,12.6252],[107.9205,12.6218],[107.9206,12.6195],[107.9229,12.6182],[107.9266,12.6183],[107.9291,12.616],[107.9287,12.6086],[107.9288,12.601],[107.9297,12.5991],[107.9343,12.598],[107.9349,12.5954],[107.934,12.5924],[107.9341,12.5872],[107.9326,12.5832],[107.9282,12.5809],[107.9194,12.58],[107.9138,12.578],[107.9124,12.5765],[107.9085,12.5756],[107.9042,12.5705],[107.8989,12.5675],[107.8959,12.5671],[107.8933,12.5649],[107.8932,12.5612],[107.8919,12.5597],[107.8951,12.5575],[107.9038,12.5565],[107.9088,12.5552],[107.914,12.5561],[107.9173,12.5576],[107.9209,12.5569],[107.9233,12.5588],[107.925,12.5555],[107.9286,12.556],[107.9343,12.5542],[107.9398,12.5546],[107.9428,12.5575],[107.9454,12.5566],[107.9497,12.557],[107.9524,12.5624],[107.9548,12.5656],[107.9546,12.5676],[107.956,12.5712],[107.9542,12.5771],[107.9588,12.584],[107.961,12.5855],[107.9617,12.5889],[107.9658,12.5937],[107.969,12.5934],[107.9696,12.5918],[107.9732,12.5912],[107.9764,12.5883],[107.9772,12.5843],[107.979,12.5819],[107.9818,12.5808],[107.9825,12.5768],[107.9874,12.5782],[107.9966,12.5754],[108.002,12.5731],[108.0063,12.5721],[108.0134,12.5721],[108.0147,12.5697],[108.0185,12.5668],[108.0237,12.5677],[108.0257,12.5665],[108.0362,12.566],[108.0351,12.5731],[108.0325,12.5734],[108.0304,12.5751],[108.0295,12.5782],[108.0303,12.5811],[108.0291,12.5853],[108.0263,12.5876],[108.0278,12.5897],[108.0267,12.5915],[108.0287,12.5935],[108.0276,12.5971],[108.0288,12.5978],[108.0243,12.6027],[108.026,12.6051],[108.0197,12.6177],[108.0167,12.6164],[108.0088,12.6167],[108.0061,12.6144],[108.0059,12.6122],[108.0004,12.6114],[107.9979,12.612],[107.9954,12.615],[107.9936,12.6217],[107.9935,12.6254],[107.9914,12.627],[107.9871,12.6259],[107.986,12.632],[107.9864,12.6344],[107.9825,12.6397],[107.9854,12.6415],[107.9851,12.6437],[107.9796,12.6437],[107.9719,12.6495],[107.9631,12.6574],[107.9678,12.6627],[107.9696,12.6657],[107.9684,12.6702]]]},"properties":{"ma_xa":"24175","ten_xa":"Hòa Phú","sap_nhap":"Hòa Phú (thành phố Buôn Ma Thuột), Hòa Xuân, Hòa Khánh","tru_so":"đang cập nhật","loai":"Xã","cap":2,"stt":1,"dtich_km2":109.07,"dan_so":48822,"matdo_km2":447.62,"ma_tinh":"66","ten_tinh":"Đắk Lắk"}},
{"type":"Feature","geometry":{"type":"Polygon","coordinates":[[[108.302,12.5265],[108.3006,12.531],[108.2961,12.5346],[108.2921,12.5294],[108.2901,12.5295],[108.2892,12.5324],[108.2871,12.5351],[108.284,12.536],[108.2814,12.5332],[108.2822,12.5285],[108.2846,12.5248],[108.2808,12.5236],[108.2792,12.5241],[108.2779,12.5276],[108.2752,12.5276],[108.2729,12.523],[108.2699,12.5235],[108.2717,12.5272],[108.2715,12.53],[108.2678,12.534],[108.2667,12.5342],[108.2624,12.5281],[108.2627,12.5249],[108.2598,12.5258],[108.2564,12.523],[108.2559,12.5258],[108.2524,12.5272],[108.2524,12.5319],[108.2507,12.5337],[108.2497,12.5324],[108.2509,12.5295],[108.2509,12.5267],[108.2476,12.525],[108.247,12.5225],[108.2428,12.5177],[108.237,12.5165],[108.2338,12.5179],[108.2282,12.5175],[108.2269,12.5134],[108.2247,12.5099],[108.2217,12.5113],[108.2242,12.5168],[108.2235,12.5211],[108.2203,12.5222],[108.2188,12.52],[108.22,12.5177],[108.2177,12.5151],[108.2149,12.5156],[108.2123,12.5129],[108.2074,12.5144],[108.2071,12.5171],[108.2046,12.5193],[108.2016,12.5175],[108.1973,12.5194],[108.1955,12.5187],[108.1946,12.5148],[108.191,12.5129],[108.188,12.5135],[108.1874,12.5096],[108.1839,12.5103],[108.1811,12.5083],[108.183,12.5035],[108.1823,12.5009],[108.1783,12.4998],[108.1783,12.4954],[108.1765,12.4906],[108.1765,12.4843],[108.1787,12.4827],[108.1824,12.4799],[108.1833,12.4762],[108.1871,12.4759],[108.1924,12.4767],[108.1948,12.4785],[108.1956,12.4811],[108.1986,12.4824],[108.1998,12.4806],[108.2041,12.4785],[108.2098,12.478],[108.214,12.4749],[108.2155,12.4747],[108.2176,12.4716],[108.2202,12.4698],[108.2229,12.4653],[108.2247,12.4672],[108.2269,12.4733],[108.2301,12.4742],[108.2331,12.4706],[108.2347,12.4704],[108.239,12.4674],[108.2418,12.4665],[108.2469,12.4699],[108.2495,12.47],[108.2527,12.4679],[108.2593,12.4664],[108.2674,12.4665],[108.2696,12.4657],[108.276,12.4605],[108.2764,12.4569],[108.2788,12.4548],[108.2827,12.4546],[108.2899,12.45],[108.2978,12.4486],[108.2988,12.4449],[108.2953,12.4421],[108.2968,12.4329],[108.3004,12.4314],[108.3022,12.4331],[108.3055,12.4341],[108.3075,12.4359],[108.3116,12.4355],[108.3136,12.437],[108.3206,12.4394],[108.3262,12.4379],[108.3295,12.4611],[108.333,12.4734],[108.3342,12.4786],[108.3368,12.4818],[108.3407,12.4837],[108.3396,12.4856],[108.3355,12.4862],[108.3331,12.4885],[108.3325,12.4916],[108.3342,12.4934],[108.3313,12.4985],[108.3268,12.4998],[108.3253,12.5036],[108.3256,12.5075],[108.3245,12.5107],[108.3256,12.5147],[108.3235,12.5203],[108.3187,12.5196],[108.3148,12.5206],[108.3113,12.5228],[108.3069,12.5217],[108.3021,12.5237],[108.302,12.5265]]]},"properties":{"ma_xa":"24472","ten_xa":"Hòa Sơn","sap_nhap":"Yang Reh, Ea Trul, Hòa Sơn","tru_so":"đang cập nhật","loai":"Xã","cap":2,"stt":53,"dtich_km2":108.55,"dan_so":25392,"matdo_km2":233.92,"ma_tinh":"66","ten_tinh":"Đắk Lắk"}},
{"type":"Feature","geometry":{"type":"Polygon","coordinates":[[[109.3004,12.929],[109.2957,12.9282],[109.2928,12.9266],[109.2881,12.9304],[109.2847,12.9302],[109.2832,12.9281],[109.2806,12.927],[109.2759,12.9271],[109.2711,12.9296],[109.2686,12.9292],[109.2652,12.9327],[109.2634,12.9356],[109.2636,12.9409],[109.2645,12.943],[109.2669,12.9424],[109.2685,12.9448],[109.2708,12.9436],[109.2733,12.9465],[109.2731,12.9502],[109.2681,12.9515],[109.2674,12.963],[109.2649,12.966],[109.268,12.969],[109.2673,12.9718],[109.2648,12.9709],[109.2607,12.972],[109.2607,12.9741],[109.2585,12.9783],[109.2547,12.9767],[109.2511,12.9835],[109.2491,12.9812],[109.2391,12.9883],[109.2334,12.9889],[109.231,12.9874],[109.2248,12.988],[109.2249,12.9901],[109.2197,12.9904],[109.2135,12.9891],[109.2119,12.986],[109.2122,12.9806],[109.2142,12.9781],[109.2139,12.9758],[109.2171,12.9767],[109.2203,12.9754],[109.2239,12.9752],[109.2286,12.9713],[109.2313,12.9706],[109.2337,12.9579],[109.2313,12.9554],[109.2344,12.9489],[109.2303,12.9495],[109.2284,12.947],[109.2259,12.9463],[109.2271,12.9435],[109.2262,12.94],[109.2217,12.9394],[109.2207,12.9345],[109.2219,12.9316],[109.2224,12.9252],[109.2204,12.9264],[109.2183,12.9249],[109.2159,12.9156],[109.2122,12.9091],[109.2136,12.9044],[109.2137,12.8974],[109.2111,12.8963],[109.2091,12.894],[109.2059,12.8885],[109.2006,12.8858],[109.1982,12.8811],[109.2016,12.8719],[109.2009,12.8674],[109.2029,12.8639],[109.2044,12.859],[109.1979,12.8496],[109.1963,12.842],[109.197,12.8399],[109.1958,12.838],[109.1956,12.8319],[109.1987,12.8297],[109.2015,12.8292],[109.2088,12.8298],[109.2112,12.8281],[109.2139,12.8279],[109.2157,12.8254],[109.2167,12.8208],[109.2197,12.8166],[109.2235,12.8156],[109.2257,12.8134],[109.2298,12.8144],[109.2328,12.8178],[109.237,12.8204],[109.2392,12.8233],[109.2457,12.827],[109.2472,12.8306],[109.2502,12.8333],[109.2527,12.8334],[109.2524,12.8368],[109.2587,12.8375],[109.2617,12.8358],[109.2658,12.8363],[109.27,12.8333],[109.2744,12.8335],[109.2769,12.835],[109.2783,12.8336],[109.2836,12.8329],[109.2852,12.834],[109.2925,12.8357],[109.296,12.8377],[109.2979,12.8407],[109.2999,12.8417],[109.303,12.8394],[109.3077,12.8394],[109.3119,12.8433],[109.3155,12.8427],[109.3153,12.8393],[109.32,12.8359],[109.3212,12.8387],[109.3242,12.8407],[109.327,12.8414],[109.3285,12.8442],[109.3289,12.8483],[109.3276,12.851],[109.3275,12.8543],[109.3291,12.8621],[109.3284,12.8663],[109.3283,12.8714],[109.33,12.8759],[109.33,12.8802],[109.3243,12.8804],[109.3226,12.8814],[109.3192,12.8811],[109.3146,12.8845],[109.3132,12.8868],[109.3155,12.8934],[109.3183,12.8958],[109.3143,12.8968],[109.3122,12.9008],[109.3065,12.9033],[109.3047,12.9106],[109.3058,12.9144],[109.3046,12.9152],[109.3039,12.9216],[109.3046,12.9256],[109.3004,12.929]]]},"properties":{"ma_xa":"22276","ten_xa":"Hòa Thịnh","sap_nhap":"Hòa Đồng, Hòa Thịnh","tru_so":"đang cập nhật","loai":"Xã","cap":2,"stt":88,"dtich_km2":159.23,"dan_so":30602,"matdo_km2":192.19,"ma_tinh":"66","ten_tinh":"Đắk Lắk"}},
{"type":"Feature","geometry":{"type":"MultiPolygon","coordinates":[[[[109.397,12.8313],[109.3936,12.834],[109.3908,12.8286],[109.3927,12.8265],[109.397,12.8313]]],[[[109.4314,12.9449],[109.4284,12.9445],[109.4185,12.9474],[109.4142,12.9508],[109.4095,12.9498],[109.4055,12.9471],[109.4039,12.9442],[109.4001,12.9442],[109.3951,12.9502],[109.3831,12.9591],[109.3808,12.958],[109.3791,12.9591],[109.3727,12.9594],[109.3693,12.9615],[109.3669,12.9644],[109.3682,12.9688],[109.3667,12.9711],[109.3665,12.9753],[109.3623,12.9762],[109.36,12.9796],[109.3575,12.9808],[109.3537,12.9801],[109.3526,12.9763],[109.3493,12.9713],[109.3469,12.973],[109.3433,12.9719],[109.3456,12.9676],[109.3427,12.9605],[109.3449,12.9573],[109.3443,12.9549],[109.3425,12.954],[109.3406,12.9495],[109.3389,12.9479],[109.3443,12.9403],[109.3481,12.9363],[109.3475,12.934],[109.3505,12.9288],[109.3504,12.9261],[109.3518,12.923],[109.35,12.9213],[109.3486,12.9103],[109.3465,12.9109],[109.3411,12.9089],[109.3398,12.9059],[109.3373,12.9046],[109.3362,12.9012],[109.3329,12.9016],[109.3308,12.8972],[109.325,12.8938],[109.3219,12.8959],[109.3183,12.8958],[109.3155,12.8934],[109.3132,12.8868],[109.3146,12.8845],[109.3192,12.8811],[109.3226,12.8814],[109.3243,12.8804],[109.33,12.8802],[109.33,12.8759],[109.3283,12.8714],[109.3284,12.8663],[109.3291,12.8621],[109.3275,12.8543],[109.3276,12.851],[109.3289,12.8483],[109.3367,12.8489],[109.3384,12.8497],[109.3412,12.848],[109.3417,12.8507],[109.3444,12.854],[109.3492,12.8572],[109.356,12.8594],[109.3575,12.858],[109.3617,12.8598],[109.3629,12.8616],[109.3623,12.8649],[109.3656,12.8691],[109.372,12.8638],[109.3726,12.8606],[109.377,12.8533],[109.3882,12.8427],[109.3912,12.8443],[109.3911,12.848],[109.3932,12.8514],[109.3952,12.8528],[109.3979,12.8529],[109.4032,12.8592],[109.4005,12.8652],[109.4022,12.8673],[109.4099,12.8695],[109.4135,12.8692],[109.4144,12.8711],[109.4211,12.8731],[109.4188,12.8754],[109.4205,12.8774],[109.4231,12.8767],[109.427,12.8788],[109.43,12.8814],[109.4369,12.8812],[109.4379,12.8803],[109.4371,12.8746],[109.4381,12.8696],[109.4356,12.8669],[109.4335,12.863],[109.431,12.8625],[109.4247,12.8566],[109.4237,12.8545],[109.42,12.8497],[109.4216,12.8479],[109.4246,12.8471],[109.4292,12.8475],[109.4321,12.8524],[109.4367,12.8549],[109.4383,12.8569],[109.4423,12.857],[109.4464,12.8581],[109.451,12.8585],[109.4537,12.8622],[109.4534,12.8669],[109.4515,12.8687],[109.4518,12.874],[109.4512,12.8766],[109.4525,12.8798],[109.4552,12.881],[109.4578,12.8806],[109.457,12.8839],[109.4545,12.89],[109.4573,12.8933],[109.4584,12.8977],[109.4553,12.898],[109.4533,12.8969],[109.4514,12.8996],[109.4534,12.9044],[109.453,12.9078],[109.4559,12.9125],[109.4548,12.9141],[109.4515,12.915],[109.4487,12.9168],[109.4452,12.9159],[109.4337,12.9305],[109.4305,12.9354],[109.4289,12.9394],[109.4311,12.9414],[109.4314,12.9449]]]]},"properties":{"ma_xa":"22291","ten_xa":"Hòa Xuân","sap_nhap":"Hòa Tâm, Hòa Xuân Đông, Hòa Xuân Nam","tru_so":"đang cập nhật","loai":"Xã","cap":2,"stt":77,"dtich_km2":129.33,"dan_so":22962,"matdo_km2":177.55,"ma_tinh":"66","ten_tinh":"Đắk Lắk"}},
{"type":"Feature","geometry":{"type":"Polygon","coordinates":[[[107.7583,13.2557],[107.7575,13.2587],[107.7531,13.2626],[107.7557,13.2642],[107.7575,13.2628],[107.7639,13.2643],[107.7697,13.2644],[107.7764,13.2636],[107.7799,13.2644],[107.7829,13.263],[107.787,13.2622],[107.7904,13.2645],[107.7961,13.2698],[107.8013,13.2731],[107.8032,13.273],[107.8077,13.2751],[107.8118,13.2731],[107.8141,13.2737],[107.8193,13.2726],[107.8221,13.2752],[107.8265,13.2746],[107.8294,13.2762],[107.8295,13.2783],[107.8323,13.2808],[107.8346,13.281],[107.8347,13.2841],[107.8296,13.2906],[107.829,13.293],[107.8249,13.2974],[107.8198,13.3005],[107.8163,13.3058],[107.8145,13.3149],[107.8094,13.3229],[107.8059,13.3289],[107.8042,13.3344],[107.7969,13.3541],[107.795,13.3599],[107.7882,13.3778],[107.7875,13.3782],[107.786,13.3758],[107.7812,13.3752],[107.7789,13.3734],[107.7756,13.3726],[107.7743,13.3702],[107.7678,13.3692],[107.766,13.3658],[107.7644,13.3649],[107.762,13.3678],[107.7633,13.3711],[107.7622,13.3721],[107.7593,13.3697],[107.7557,13.3688],[107.7515,13.3693],[107.7514,13.3656],[107.7479,13.3634],[107.7455,13.3646],[107.7401,13.3644],[107.7382,13.3667],[107.7358,13.3674],[107.7299,13.3661],[107.7248,13.3694],[107.7213,13.3693],[107.7194,13.3707],[107.7175,13.3741],[107.7124,13.373],[107.7119,13.3705],[107.7093,13.3703],[107.7077,13.373],[107.7041,13.375],[107.6961,13.3728],[107.6928,13.3704],[107.6904,13.3665],[107.6897,13.3626],[107.6857,13.3641],[107.6836,13.362],[107.6756,13.358],[107.6742,13.3566],[107.6726,13.3519],[107.6705,13.3495],[107.6656,13.3509],[107.6625,13.3502],[107.6573,13.3466],[107.6544,13.3427],[107.6497,13.3422],[107.6505,13.3336],[107.6497,13.3263],[107.6471,13.3256],[107.6414,13.3289],[107.6399,13.3282],[107.6398,13.3241],[107.6378,13.3218],[107.6336,13.322],[107.6303,13.3203],[107.6301,13.3164],[107.6282,13.3142],[107.6257,13.3153],[107.6208,13.3128],[107.6155,13.3112],[107.6147,13.3078],[107.6197,13.3064],[107.6239,13.3023],[107.6266,13.3027],[107.6318,13.3049],[107.6348,13.3045],[107.6381,13.3004],[107.6375,13.2989],[107.6305,13.2964],[107.6282,13.2914],[107.6289,13.2897],[107.6318,13.2893],[107.6343,13.2904],[107.6381,13.2895],[107.6449,13.2855],[107.6528,13.283],[107.6562,13.2806],[107.6598,13.283],[107.6653,13.2845],[107.6692,13.2871],[107.6719,13.2872],[107.6776,13.2855],[107.6813,13.2812],[107.6818,13.2758],[107.6854,13.2728],[107.6952,13.2725],[107.6985,13.2756],[107.7047,13.2794],[107.7072,13.2789],[107.7095,13.2761],[107.714,13.2749],[107.7203,13.2775],[107.7248,13.277],[107.7276,13.2749],[107.7291,13.2703],[107.7278,13.2659],[107.7254,13.2639],[107.7253,13.257],[107.7272,13.2521],[107.7296,13.2497],[107.7322,13.2493],[107.7349,13.2506],[107.7384,13.2562],[107.7406,13.2576],[107.7468,13.2576],[107.7497,13.2559],[107.7566,13.2567],[107.7583,13.2557]]]},"properties":{"ma_xa":"24214","ten_xa":"Ia Lốp","sap_nhap":"Ia Lốp","tru_so":"đang cập nhật","loai":"Xã","cap":2,"stt":14,"dtich_km2":194.09,"dan_so":6502,"matdo_km2":33.5,"ma_tinh":"66","ten_tinh":"Đắk Lắk"}},
{"type":"Feature","geometry":{"type":"Polygon","coordinates":[[[107.7583,13.2557],[107.7566,13.2567],[107.7497,13.2559],[107.7468,13.2576],[107.7406,13.2576],[107.7384,13.2562],[107.7349,13.2506],[107.7322,13.2493],[107.7296,13.2497],[107.7272,13.2521],[107.7253,13.257],[107.7254,13.2639],[107.7278,13.2659],[107.7291,13.2703],[107.7276,13.2749],[107.7248,13.277],[107.7203,13.2775],[107.714,13.2749],[107.7095,13.2761],[107.7072,13.2789],[107.7047,13.2794],[107.6985,13.2756],[107.6952,13.2725],[107.6854,13.2728],[107.6818,13.2758],[107.6813,13.2812],[107.6776,13.2855],[107.6719,13.2872],[107.6692,13.2871],[107.6653,13.2845],[107.6598,13.283],[107.6562,13.2806],[107.6528,13.283],[107.6449,13.2855],[107.6381,13.2895],[107.6343,13.2904],[107.6318,13.2893],[107.6289,13.2897],[107.6282,13.2914],[107.6305,13.2964],[107.6375,13.2989],[107.6381,13.3004],[107.6348,13.3045],[107.6318,13.3049],[107.6266,13.3027],[107.6239,13.3023],[107.6197,13.3064],[107.6147,13.3078],[107.6067,13.3045],[107.5954,13.2784],[107.5821,13.249],[107.5695,13.2194],[107.5592,13.1958],[107.5622,13.1947],[107.5658,13.1897],[107.5657,13.1869],[107.5689,13.1848],[107.5775,13.1772],[107.5829,13.1741],[107.5877,13.1701],[107.5939,13.1666],[107.5946,13.1637],[107.5972,13.1627],[107.5982,13.1595],[107.6015,13.1538],[107.607,13.1516],[107.6118,13.1541],[107.6194,13.1553],[107.6319,13.1525],[107.6375,13.1495],[107.6419,13.149],[107.6463,13.1494],[107.6513,13.1482],[107.6553,13.1488],[107.6598,13.1517],[107.6602,13.1534],[107.6654,13.1565],[107.6683,13.1572],[107.6716,13.1592],[107.6775,13.1592],[107.6844,13.1566],[107.694,13.1583],[107.6963,13.1604],[107.6975,13.1644],[107.6964,13.1684],[107.6936,13.1719],[107.6935,13.1757],[107.6917,13.1778],[107.6938,13.1807],[107.691,13.1855],[107.6898,13.1859],[107.688,13.1899],[107.6866,13.1909],[107.6879,13.1945],[107.6873,13.1964],[107.689,13.1981],[107.6874,13.2013],[107.6869,13.2083],[107.6844,13.2116],[107.6848,13.216],[107.6846,13.2228],[107.6886,13.2214],[107.6922,13.2212],[107.7007,13.2174],[107.7052,13.2223],[107.7074,13.2226],[107.7181,13.2158],[107.7189,13.2127],[107.7224,13.2101],[107.7257,13.2065],[107.7296,13.2054],[107.732,13.2026],[107.7354,13.2012],[107.739,13.2013],[107.7404,13.2042],[107.7466,13.204],[107.7472,13.2076],[107.7502,13.2072],[107.755,13.2085],[107.7599,13.2113],[107.7611,13.215],[107.7611,13.2183],[107.7596,13.2219],[107.7558,13.2236],[107.7577,13.2271],[107.7571,13.234],[107.7502,13.2385],[107.75,13.2435],[107.7539,13.2477],[107.7602,13.2531],[107.7583,13.2557]]]},"properties":{"ma_xa":"24221","ten_xa":"Ia Rvê","sap_nhap":"Ia Rvê","tru_so":"đang cập nhật","loai":"Xã","cap":2,"stt":13,"dtich_km2":217.83,"dan_so":6847,"matdo_km2":31.43,"ma_tinh":"66","ten_tinh":"Đắk Lắk"}},
{"type":"Feature","geometry":{"type":"Polygon","coordinates":[[[108.7392,12.7111],[108.7351,12.7043],[108.724,12.7082],[108.7183,12.7108],[108.7146,12.7154],[108.7129,12.7157],[108.7067,12.7188],[108.7045,12.7187],[108.7027,12.7217],[108.6993,12.7228],[108.6857,12.7349],[108.6839,12.731],[108.6796,12.7286],[108.6756,12.7257],[108.669,12.7275],[108.6656,12.7277],[108.6615,12.726],[108.6583,12.7226],[108.6573,12.7187],[108.6554,12.7167],[108.6545,12.7132],[108.6579,12.7129],[108.6611,12.7113],[108.665,12.7109],[108.6734,12.7059],[108.6771,12.7066],[108.675,12.7021],[108.6751,12.6987],[108.6765,12.6896],[108.6762,12.6871],[108.6788,12.685],[108.6815,12.6813],[108.6798,12.6776],[108.6808,12.673],[108.6862,12.6662],[108.6898,12.6638],[108.6932,12.663],[108.6919,12.6573],[108.6929,12.6557],[108.6921,12.6491],[108.6912,12.6474],[108.6923,12.6417],[108.6949,12.6374],[108.6951,12.6342],[108.6923,12.6336],[108.6844,12.6343],[108.6826,12.6336],[108.679,12.6344],[108.6777,12.6321],[108.6781,12.6299],[108.6775,12.6235],[108.675,12.6251],[108.6737,12.6234],[108.6753,12.619],[108.6807,12.6154],[108.6813,12.6133],[108.684,12.6116],[108.6797,12.6067],[108.6838,12.6041],[108.686,12.6048],[108.6894,12.6037],[108.6918,12.5999],[108.6918,12.5972],[108.6942,12.596],[108.6956,12.5869],[108.6997,12.5845],[108.7002,12.5827],[108.7029,12.5818],[108.7042,12.5783],[108.7096,12.5748],[108.7121,12.572],[108.7082,12.5695],[108.7076,12.5663],[108.7112,12.5641],[108.715,12.5641],[108.7166,12.563],[108.7152,12.5601],[108.7184,12.5576],[108.7188,12.5522],[108.722,12.5503],[108.7206,12.5473],[108.7235,12.5464],[108.7255,12.5436],[108.7239,12.5407],[108.7222,12.5355],[108.725,12.5298],[108.7281,12.5271],[108.7292,12.5241],[108.7274,12.5198],[108.7244,12.516],[108.7191,12.5022],[108.715,12.4952],[108.7105,12.4908],[108.7064,12.4848],[108.7038,12.4797],[108.7045,12.4775],[108.7037,12.4748],[108.7073,12.4773],[108.7085,12.4792],[108.7109,12.4791],[108.7129,12.4825],[108.7155,12.4839],[108.72,12.4826],[108.7211,12.4806],[108.7282,12.479],[108.7313,12.4771],[108.7357,12.4761],[108.7398,12.4761],[108.7435,12.4793],[108.7483,12.4804],[108.7488,12.4873],[108.7506,12.4928],[108.7506,12.4975],[108.7541,12.4991],[108.7567,12.4992],[108.7636,12.4979],[108.7674,12.501],[108.7679,12.5037],[108.7753,12.5042],[108.7785,12.5056],[108.7831,12.5015],[108.7867,12.5017],[108.7886,12.4999],[108.7918,12.4998],[108.7951,12.4967],[108.795,12.4943],[108.7977,12.4914],[108.7956,12.4862],[108.7992,12.4812],[108.8021,12.4821],[108.805,12.4811],[108.8089,12.4853],[108.8116,12.4847],[108.8176,12.4818],[108.8199,12.4791],[108.8194,12.4755],[108.8248,12.4737],[108.827,12.4711],[108.8292,12.4716],[108.8346,12.4693],[108.8338,12.4667],[108.8372,12.4632],[108.84,12.4623],[108.8472,12.4626],[108.8486,12.4586],[108.8501,12.4578],[108.8553,12.4579],[108.8639,12.453],[108.8705,12.4536],[108.8679,12.4562],[108.8695,12.4586],[108.8708,12.4633],[108.8702,12.4674],[108.8745,12.469],[108.8787,12.4801],[108.8741,12.4841],[108.8686,12.4862],[108.8667,12.4887],[108.8624,12.4905],[108.8606,12.4954],[108.8648,12.5013],[108.8715,12.5056],[108.8732,12.509],[108.8721,12.5105],[108.8746,12.5143],[108.8781,12.5142],[108.873,12.5222],[108.8727,12.5254],[108.8757,12.5303],[108.8774,12.5318],[108.8802,12.5385],[108.8828,12.5412],[108.877,12.543],[108.8747,12.5398],[108.8685,12.5365],[108.8603,12.5367],[108.8543,12.5374],[108.8487,12.5413],[108.8372,12.5425],[108.8311,12.5415],[108.8264,12.5439],[108.8217,12.5453],[108.8183,12.5452],[108.8142,12.5478],[108.8154,12.5494],[108.8086,12.5521],[108.8067,12.5515],[108.8041,12.5529],[108.8072,12.5557],[108.8067,12.5576],[108.8098,12.5623],[108.8088,12.5643],[108.8127,12.5667],[108.8142,12.5696],[108.8152,12.5756],[108.8121,12.5773],[108.8121,12.5809],[108.8106,12.583],[108.7994,12.5861],[108.8017,12.5908],[108.8019,12.593],[108.7943,12.5919],[108.7888,12.5923],[108.7863,12.5913],[108.7795,12.587],[108.7759,12.5873],[108.7752,12.583],[108.773,12.5833],[108.7709,12.5852],[108.7682,12.5854],[108.7661,12.5843],[108.7625,12.5869],[108.7608,12.5909],[108.7614,12.5935],[108.7585,12.5989],[108.7614,12.6033],[108.7613,12.6131],[108.7576,12.6173],[108.7569,12.6223],[108.7524,12.6205],[108.7526,12.6265],[108.755,12.6258],[108.7604,12.626],[108.7619,12.6272],[108.762,12.6324],[108.7649,12.6357],[108.7746,12.6496],[108.7688,12.6663],[108.7661,12.6748],[108.7638,12.6781],[108.7632,12.6809],[108.7602,12.6829],[108.7583,12.6855],[108.7572,12.6903],[108.7531,12.6914],[108.7495,12.6983],[108.7496,12.7032],[108.7448,12.7074],[108.7444,12.7086],[108.7392,12.7111]]]},"properties":{"ma_xa":"24444","ten_xa":"Krông Á","sap_nhap":"Cư San, Krông Á","tru_so":"đang cập nhật","loai":"Xã","cap":2,"stt":50,"dtich_km2":291.6,"dan_so":12900,"matdo_km2":44.24,"ma_tinh":"66","ten_tinh":"Đắk Lắk"}},
{"type":"Feature","geometry":{"type":"Polygon","coordinates":[[[108.0796,12.5074],[108.0749,12.5058],[108.0668,12.507],[108.0615,12.5083],[108.0598,12.5066],[108.0492,12.5049],[108.0469,12.5054],[108.0382,12.5097],[108.0306,12.5018],[108.0274,12.5011],[108.0242,12.4961],[108.0217,12.4987],[108.0159,12.5014],[108.0134,12.4993],[108.0084,12.4982],[108.0061,12.495],[108.0018,12.4928],[107.9988,12.4929],[107.9904,12.4955],[107.9866,12.4951],[107.9877,12.4934],[107.9917,12.4921],[107.9905,12.4868],[107.9929,12.4848],[107.9961,12.4864],[107.9977,12.4857],[107.9976,12.4819],[108.0015,12.477],[107.9995,12.473],[107.9967,12.472],[107.9952,12.4701],[107.9957,12.4659],[107.9919,12.4638],[107.9918,12.4595],[107.9871,12.4519],[107.9854,12.4466],[107.977,12.4437],[107.9743,12.4411],[107.9666,12.4365],[107.9614,12.4374],[107.9542,12.4416],[107.9485,12.44],[107.9455,12.4406],[107.9441,12.4374],[107.9397,12.4338],[107.9347,12.4308],[107.9298,12.4317],[107.9328,12.4279],[107.9309,12.4239],[107.9293,12.4239],[107.9274,12.4264],[107.9244,12.4281],[107.9216,12.4255],[107.9244,12.421],[107.9238,12.4169],[107.9293,12.417],[107.9326,12.4178],[107.9399,12.4174],[107.9401,12.4086],[107.9461,12.4086],[107.9474,12.4053],[107.9496,12.405],[107.9511,12.4003],[107.9546,12.4003],[107.9565,12.3992],[107.9613,12.399],[107.9645,12.3978],[107.967,12.3986],[107.973,12.398],[107.9752,12.399],[107.9791,12.3956],[107.9809,12.3981],[107.9863,12.3976],[107.9911,12.3991],[107.9975,12.4025],[108.0004,12.4027],[108.0029,12.4041],[108.013,12.4043],[108.0139,12.4096],[108.0198,12.4114],[108.0208,12.416],[108.0265,12.4159],[108.0273,12.4184],[108.0306,12.4176],[108.0325,12.4195],[108.0349,12.4153],[108.0392,12.4167],[108.0424,12.415],[108.0468,12.4165],[108.0507,12.4168],[108.0536,12.4266],[108.0579,12.4277],[108.061,12.4272],[108.0633,12.4288],[108.0683,12.4247],[108.0729,12.4284],[108.0746,12.4305],[108.0722,12.4349],[108.0696,12.4437],[108.0696,12.4466],[108.067,12.447],[108.066,12.4491],[108.0625,12.4521],[108.0595,12.4564],[108.0578,12.4574],[108.0572,12.4605],[108.0571,12.4697],[108.0634,12.4751],[108.0651,12.4755],[108.0674,12.4784],[108.0689,12.4817],[108.0706,12.4824],[108.0728,12.4883],[108.0751,12.4886],[108.0771,12.4975],[108.0786,12.5011],[108.0796,12.5074]]]},"properties":{"ma_xa":"24538","ten_xa":"Krông Ana","sap_nhap":"Buôn Trấp (thị trấn), Bình Hòa, Quảng Điền","tru_so":"đang cập nhật","loai":"Xã","cap":2,"stt":66,"dtich_km2":107.23,"dan_so":48491,"matdo_km2":452.21,"ma_tinh":"66","ten_tinh":"Đắk Lắk"}},
{"type":"Feature","geometry":{"type":"Polygon","coordinates":[[[108.4266,12.54],[108.4252,12.5388],[108.4215,12.5396],[108.421,12.5369],[108.4168,12.5371],[108.4163,12.5397],[108.4089,12.5458],[108.41,12.5483],[108.4139,12.5483],[108.4125,12.5528],[108.409,12.5542],[108.4085,12.5594],[108.4051,12.5538],[108.4013,12.5562],[108.3998,12.5557],[108.3945,12.5488],[108.392,12.5531],[108.391,12.5517],[108.391,12.547],[108.3866,12.5435],[108.386,12.5411],[108.3888,12.5377],[108.388,12.5365],[108.3825,12.5353],[108.3794,12.5353],[108.3813,12.5396],[108.3783,12.5393],[108.3743,12.5373],[108.3732,12.5419],[108.368,12.5369],[108.3657,12.5377],[108.3657,12.5419],[108.3628,12.5409],[108.3616,12.538],[108.3583,12.5404],[108.3565,12.5397],[108.3561,12.5357],[108.3544,12.534],[108.3522,12.5346],[108.3503,12.5382],[108.3465,12.5374],[108.344,12.5397],[108.3377,12.5368],[108.3343,12.537],[108.336,12.5402],[108.3404,12.5406],[108.3369,12.5435],[108.3348,12.5469],[108.3311,12.5486],[108.3286,12.5521],[108.323,12.552],[108.3201,12.5504],[108.3188,12.5472],[108.3196,12.5433],[108.3192,12.5406],[108.3153,12.5401],[108.3128,12.5408],[108.3086,12.5446],[108.3063,12.5422],[108.3032,12.5412],[108.3016,12.536],[108.3031,12.532],[108.3021,12.5303],[108.302,12.5265],[108.3021,12.5237],[108.3069,12.5217],[108.3113,12.5228],[108.3148,12.5206],[108.3187,12.5196],[108.3235,12.5203],[108.3256,12.5147],[108.3245,12.5107],[108.3256,12.5075],[108.3253,12.5036],[108.3268,12.4998],[108.3313,12.4985],[108.3342,12.4934],[108.3325,12.4916],[108.3331,12.4885],[108.3355,12.4862],[108.3396,12.4856],[108.3407,12.4837],[108.3368,12.4818],[108.3342,12.4786],[108.333,12.4734],[108.3295,12.4611],[108.3262,12.4379],[108.3309,12.4388],[108.3383,12.4355],[108.3406,12.4332],[108.3454,12.4312],[108.3472,12.4246],[108.3496,12.4231],[108.3541,12.4229],[108.3566,12.4252],[108.3583,12.4241],[108.3621,12.4239],[108.3648,12.4222],[108.3655,12.4204],[108.3692,12.4181],[108.3752,12.4183],[108.3809,12.4198],[108.3825,12.4151],[108.3872,12.4099],[108.3902,12.4081],[108.3954,12.4082],[108.399,12.4098],[108.4071,12.4061],[108.4097,12.4034],[108.412,12.4024],[108.4174,12.4033],[108.4245,12.4061],[108.4309,12.4072],[108.4336,12.4097],[108.4287,12.4122],[108.4271,12.4149],[108.4244,12.4233],[108.4263,12.4287],[108.4285,12.4311],[108.4323,12.4336],[108.4347,12.4375],[108.4349,12.4396],[108.4422,12.4477],[108.4418,12.4509],[108.439,12.4544],[108.4385,12.4565],[108.4427,12.4598],[108.4439,12.463],[108.4433,12.4667],[108.4393,12.4717],[108.4389,12.4773],[108.4433,12.4812],[108.4409,12.4899],[108.4365,12.4907],[108.4307,12.4954],[108.4318,12.4976],[108.4303,12.5095],[108.4287,12.5143],[108.429,12.5174],[108.428,12.5193],[108.4283,12.5228],[108.4275,12.5259],[108.4279,12.5293],[108.4266,12.54]]]},"properties":{"ma_xa":"24448","ten_xa":"Krông Bông","sap_nhap":"Krông Kmar (thị trấn), Hòa Lễ, Khuê Ngọc Điền","tru_so":"đang cập nhật","loai":"Xã","cap":2,"stt":55,"dtich_km2":166.03,"dan_so":23168,"matdo_km2":139.54,"ma_tinh":"66","ten_tinh":"Đắk Lắk"}},
{"type":"Feature","geometry":{"type":"Polygon","coordinates":[[[108.2781,13.1232],[108.2742,13.1249],[108.2654,13.1224],[108.26,13.1265],[108.2566,13.1255],[108.2559,13.1234],[108.2569,13.1188],[108.2522,13.1186],[108.2468,13.1174],[108.2452,13.1152],[108.2398,13.115],[108.2374,13.1131],[108.2349,13.1128],[108.2337,13.1106],[108.2261,13.1079],[108.2231,13.1058],[108.2217,13.1076],[108.216,13.1081],[108.2146,13.1118],[108.2096,13.116],[108.2023,13.1191],[108.1968,13.1221],[108.1951,13.1237],[108.1923,13.1228],[108.1879,13.1237],[108.1851,13.1227],[108.1876,13.12],[108.1908,13.1197],[108.1962,13.1114],[108.1984,13.1094],[108.203,13.1074],[108.206,13.105],[108.2049,13.1012],[108.2058,13.0989],[108.2021,13.0969],[108.1981,13.0968],[108.1941,13.0914],[108.1908,13.0897],[108.1909,13.0876],[108.1961,13.0813],[108.1986,13.0794],[108.1955,13.0773],[108.1915,13.0735],[108.1899,13.071],[108.1879,13.0714],[108.1858,13.0697],[108.183,13.0703],[108.1807,13.067],[108.1845,13.0671],[108.1849,13.0615],[108.1829,13.0577],[108.1832,13.0533],[108.1857,13.0501],[108.1892,13.0487],[108.1889,13.0468],[108.1855,13.0477],[108.1844,13.046],[108.1915,13.044],[108.1927,13.0427],[108.1978,13.0451],[108.2008,13.0445],[108.202,13.0429],[108.2051,13.0434],[108.213,13.0435],[108.2112,13.0409],[108.211,13.0386],[108.2077,13.0384],[108.2039,13.0356],[108.1986,13.0359],[108.1901,13.0303],[108.1931,13.0232],[108.1926,13.0216],[108.1885,13.0195],[108.1906,13.0163],[108.1898,13.0137],[108.1926,13.012],[108.1919,13.0068],[108.1931,13.0051],[108.1931,13.0009],[108.1911,13.0009],[108.1916,12.9977],[108.1896,12.9971],[108.1888,12.9933],[108.1933,12.9909],[108.1936,12.9891],[108.1959,12.9892],[108.2019,12.9908],[108.2082,12.9951],[108.2136,12.9963],[108.2155,12.9993],[108.2234,12.9988],[108.23,12.9997],[108.2316,12.9967],[108.2417,12.9967],[108.246,12.9993],[108.249,12.9992],[108.2541,13.0005],[108.2584,12.9998],[108.2637,13.0009],[108.2666,12.9994],[108.2703,13.0014],[108.2722,12.9977],[108.272,12.9945],[108.2795,12.9952],[108.2853,12.9958],[108.2867,12.9984],[108.2841,13.0035],[108.2854,13.0042],[108.2839,13.0079],[108.2842,13.0108],[108.2864,13.0123],[108.2881,13.0193],[108.2914,13.0223],[108.294,13.0263],[108.2969,13.0281],[108.2985,13.031],[108.2996,13.0367],[108.2992,13.0452],[108.2962,13.0468],[108.2947,13.0516],[108.2919,13.0533],[108.2881,13.0567],[108.2887,13.0578],[108.286,13.0607],[108.2826,13.0574],[108.2796,13.0604],[108.2811,13.0623],[108.2761,13.0648],[108.2747,13.0682],[108.2776,13.0713],[108.2767,13.0743],[108.2781,13.0793],[108.278,13.0937],[108.2746,13.0943],[108.2752,13.0976],[108.2816,13.1008],[108.283,13.104],[108.2829,13.1073],[108.2844,13.1121],[108.2791,13.1188],[108.2781,13.1232]]]},"properties":{"ma_xa":"24310","ten_xa":"Krông Búk","sap_nhap":"Cư Né, Chứ Kbô","tru_so":"đang cập nhật","loai":"Xã","cap":2,"stt":25,"dtich_km2":134.83,"dan_so":30822,"matdo_km2":228.6,"ma_tinh":"66","ten_tinh":"Đắk Lắk"}},
{"type":"Feature","geometry":{"type":"Polygon","coordinates":[[[108.3734,13.0302],[108.3676,13.0302],[108.3644,13.0288],[108.3639,13.0263],[108.3589,13.0239],[108.356,13.0246],[108.3484,13.0218],[108.3439,13.0219],[108.3413,13.025],[108.3368,13.0236],[108.3364,13.0213],[108.3302,13.021],[108.3262,13.0196],[108.3287,13.0157],[108.3287,13.0096],[108.3301,13.0063],[108.3328,13.0035],[108.3352,12.997],[108.3263,12.9914],[108.3253,12.9894],[108.3224,12.9888],[108.3224,12.9867],[108.3189,12.9868],[108.321,12.9897],[108.322,12.9927],[108.3213,12.9947],[108.3149,13.0003],[108.3136,13.0043],[108.3116,13.004],[108.3114,13.0073],[108.3095,13.009],[108.3111,13.012],[108.3096,13.0163],[108.3066,13.0183],[108.3055,13.0223],[108.3013,13.0226],[108.2987,13.0247],[108.2969,13.0281],[108.294,13.0263],[108.2914,13.0223],[108.2881,13.0193],[108.2864,13.0123],[108.2842,13.0108],[108.2839,13.0079],[108.2854,13.0042],[108.2841,13.0035],[108.2867,12.9984],[108.2853,12.9958],[108.2795,12.9952],[108.2777,12.9944],[108.2764,12.9914],[108.276,12.9879],[108.2778,12.9859],[108.2808,12.9847],[108.2851,12.9844],[108.2928,12.9768],[108.2933,12.9751],[108.2973,12.9698],[108.2954,12.9666],[108.291,12.9665],[108.2898,12.9652],[108.291,12.9613],[108.2889,12.9545],[108.2861,12.9507],[108.2853,12.9454],[108.2919,12.9443],[108.2949,12.9416],[108.2985,12.9426],[108.2991,12.9382],[108.3014,12.9306],[108.3016,12.9274],[108.3008,12.9216],[108.3033,12.9174],[108.3055,12.9213],[108.31,12.9243],[108.3189,12.9258],[108.3251,12.9244],[108.3348,12.9242],[108.3357,12.9273],[108.3364,12.9362],[108.3377,12.9366],[108.3391,12.9325],[108.346,12.9346],[108.3481,12.934],[108.3511,12.929],[108.353,12.9279],[108.3611,12.9257],[108.3646,12.9254],[108.3685,12.9265],[108.3768,12.9259],[108.3786,12.9239],[108.3849,12.9209],[108.3888,12.9212],[108.3931,12.9206],[108.3954,12.9231],[108.4024,12.9219],[108.4039,12.9252],[108.4026,12.9283],[108.3989,12.9302],[108.3914,12.9324],[108.3888,12.9338],[108.3846,12.9383],[108.3848,12.9416],[108.3882,12.9474],[108.3882,12.9503],[108.3868,12.9532],[108.3852,12.9526],[108.3811,12.9555],[108.3814,12.9572],[108.3876,12.9611],[108.3864,12.9645],[108.3808,12.9651],[108.3783,12.9682],[108.3769,12.9712],[108.3793,12.9768],[108.3778,12.9814],[108.3729,12.9837],[108.3716,12.9925],[108.3716,12.9965],[108.3682,12.998],[108.366,13.0008],[108.3675,13.0048],[108.3717,13.0067],[108.3745,13.0047],[108.3778,13.0084],[108.3745,13.0108],[108.3779,13.014],[108.3808,13.0122],[108.3819,13.0163],[108.3842,13.0153],[108.3873,13.0188],[108.3861,13.0208],[108.3831,13.0203],[108.3799,13.0186],[108.3793,13.0232],[108.3746,13.0223],[108.3711,13.0271],[108.3734,13.0302]]]},"properties":{"ma_xa":"24343","ten_xa":"Krông Năng","sap_nhap":"Krông Năng (thị trấn), Phú Lộc, Ea Hồ","tru_so":"đang cập nhật","loai":"Xã","cap":2,"stt":32,"dtich_km2":98.34,"dan_so":43678,"matdo_km2":444.15,"ma_tinh":"66","ten_tinh":"Đắk Lắk"}},
{"type":"Feature","geometry":{"type":"Polygon","coordinates":[[[108.4511,12.2758],[108.4487,12.2793],[108.4464,12.2797],[108.4467,12.2844],[108.4438,12.2864],[108.4426,12.2886],[108.4402,12.287],[108.437,12.2883],[108.4342,12.2919],[108.4284,12.2936],[108.4198,12.2929],[108.4181,12.296],[108.4156,12.2956],[108.4119,12.2975],[108.4071,12.3014],[108.4053,12.3051],[108.4022,12.3057],[108.3953,12.3096],[108.391,12.3082],[108.3899,12.3069],[108.3841,12.3057],[108.3793,12.3062],[108.3726,12.3045],[108.3671,12.302],[108.3656,12.2988],[108.3634,12.2991],[108.3605,12.3014],[108.3619,12.3036],[108.3585,12.3058],[108.3548,12.3102],[108.3535,12.3133],[108.3494,12.313],[108.3442,12.3115],[108.3425,12.3117],[108.3362,12.3076],[108.3339,12.3036],[108.3319,12.302],[108.3298,12.2985],[108.3276,12.2975],[108.3263,12.2921],[108.3244,12.2913],[108.3197,12.2924],[108.3126,12.2898],[108.3101,12.2899],[108.308,12.2876],[108.3028,12.2848],[108.3021,12.2819],[108.3003,12.2803],[108.2983,12.2809],[108.2969,12.2787],[108.2895,12.2771],[108.2826,12.2775],[108.281,12.2766],[108.2754,12.2779],[108.2714,12.2752],[108.2692,12.2757],[108.2654,12.2721],[108.2646,12.2696],[108.2608,12.2691],[108.2568,12.2661],[108.2553,12.2668],[108.2489,12.2651],[108.2464,12.2619],[108.2417,12.2577],[108.2363,12.2571],[108.2375,12.2538],[108.2361,12.2515],[108.2374,12.2469],[108.2341,12.2469],[108.2308,12.2453],[108.2268,12.2468],[108.2212,12.2466],[108.2174,12.2479],[108.2134,12.2529],[108.2099,12.2548],[108.2072,12.2577],[108.201,12.2556],[108.1974,12.2556],[108.1923,12.2602],[108.1887,12.26],[108.1855,12.2579],[108.1845,12.2537],[108.1855,12.2521],[108.1824,12.2488],[108.1755,12.248],[108.1746,12.2469],[108.1648,12.2459],[108.1616,12.2487],[108.1542,12.2485],[108.1505,12.247],[108.1489,12.2495],[108.1438,12.2484],[108.1403,12.2502],[108.1375,12.2476],[108.1354,12.2478],[108.1366,12.2432],[108.1316,12.2401],[108.1266,12.2401],[108.123,12.245],[108.1243,12.2467],[108.124,12.2521],[108.1203,12.2534],[108.1196,12.2552],[108.1129,12.262],[108.1102,12.2626],[108.1069,12.2656],[108.1018,12.2674],[108.0972,12.2651],[108.0897,12.264],[108.088,12.2632],[108.0793,12.263],[108.0704,12.2651],[108.0625,12.2644],[108.0742,12.2547],[108.076,12.2524],[108.0762,12.249],[108.0781,12.2457],[108.0839,12.2388],[108.0845,12.2369],[108.0839,12.2328],[108.0854,12.2261],[108.0865,12.2242],[108.0916,12.2185],[108.094,12.2171],[108.0975,12.2103],[108.1025,12.2079],[108.1065,12.2046],[108.1106,12.1999],[108.1126,12.1965],[108.1137,12.1929],[108.1128,12.1854],[108.1134,12.1837],[108.1166,12.1805],[108.1192,12.1758],[108.1237,12.1755],[108.1303,12.1792],[108.1317,12.1812],[108.1369,12.1817],[108.1474,12.1867],[108.1535,12.1884],[108.1567,12.1902],[108.1618,12.196],[108.1661,12.1965],[108.1672,12.1953],[108.1673,12.1904],[108.1682,12.1885],[108.1721,12.1871],[108.1732,12.1845],[108.1724,12.1796],[108.1747,12.1797],[108.1751,12.1827],[108.1781,12.1855],[108.1816,12.1845],[108.1818,12.182],[108.1848,12.1795],[108.1839,12.1773],[108.185,12.1743],[108.1887,12.1745],[108.1937,12.1772],[108.1956,12.1766],[108.1984,12.1728],[108.2019,12.1731],[108.2047,12.1707],[108.2095,12.173],[108.2087,12.1757],[108.2101,12.179],[108.2134,12.1808],[108.2163,12.1839],[108.2176,12.1837],[108.2201,12.1802],[108.2213,12.1768],[108.2205,12.1732],[108.223,12.1721],[108.2246,12.174],[108.2244,12.177],[108.226,12.1824],[108.2279,12.183],[108.2295,12.1804],[108.2299,12.1774],[108.233,12.1757],[108.2381,12.1759],[108.2377,12.1723],[108.2395,12.1621],[108.2415,12.1607],[108.244,12.1621],[108.2451,12.1666],[108.2473,12.1691],[108.2533,12.1715],[108.252,12.1754],[108.2504,12.1753],[108.2483,12.1783],[108.2522,12.1878],[108.2557,12.1908],[108.2597,12.1912],[108.2604,12.1928],[108.2593,12.1995],[108.2639,12.2029],[108.2669,12.2038],[108.269,12.2029],[108.2723,12.2046],[108.2735,12.2102],[108.2779,12.2144],[108.283,12.2128],[108.2845,12.2111],[108.288,12.21],[108.2904,12.2112],[108.2949,12.2083],[108.2952,12.2027],[108.2981,12.2038],[108.3005,12.2085],[108.3041,12.2101],[108.3067,12.2126],[108.3104,12.2145],[108.3121,12.2184],[108.318,12.2183],[108.3212,12.2198],[108.3211,12.2234],[108.3229,12.2254],[108.3274,12.2281],[108.3287,12.2277],[108.3317,12.2308],[108.3403,12.2283],[108.3399,12.2338],[108.3381,12.2349],[108.3335,12.2352],[108.3355,12.2394],[108.3342,12.2445],[108.3359,12.2481],[108.34,12.2478],[108.3426,12.2467],[108.3475,12.2478],[108.3518,12.2528],[108.3567,12.255],[108.3613,12.2531],[108.3709,12.2534],[108.3725,12.2507],[108.3769,12.2498],[108.3811,12.2456],[108.3849,12.2441],[108.3874,12.241],[108.3913,12.2419],[108.3945,12.2437],[108.3999,12.2426],[108.4077,12.2449],[108.4127,12.2436],[108.4163,12.2478],[108.4219,12.2503],[108.4272,12.2516],[108.4276,12.2577],[108.4291,12.2589],[108.4322,12.2585],[108.4338,12.2546],[108.4363,12.2537],[108.4378,12.2498],[108.4399,12.2524],[108.4367,12.2557],[108.4366,12.2579],[108.4397,12.2588],[108.4396,12.262],[108.4421,12.2651],[108.441,12.2683],[108.4418,12.276],[108.4449,12.2768],[108.4459,12.2728],[108.4507,12.2733],[108.4511,12.2758]]]},"properties":{"ma_xa":"24604","ten_xa":"Krông Nô","sap_nhap":"Krông Nô","tru_so":"đang cập nhật","loai":"Xã","cap":2,"stt":62,"dtich_km2":282.01,"dan_so":10301,"matdo_km2":36.53,"ma_tinh":"66","ten_tinh":"Đắk Lắk"}},
{"type":"Feature","geometry":{"type":"Polygon","coordinates":[[[108.3595,12.6666],[108.3618,12.6685],[108.3594,12.6768],[108.3594,12.6803],[108.3538,12.6795],[108.3489,12.6895],[108.3494,12.6962],[108.3559,12.6978],[108.3552,12.7016],[108.3611,12.7011],[108.3604,12.7055],[108.357,12.7077],[108.3548,12.7106],[108.352,12.7103],[108.3465,12.7118],[108.3457,12.7134],[108.3417,12.7146],[108.3397,12.7176],[108.3401,12.7195],[108.3386,12.725],[108.3398,12.727],[108.3396,12.7334],[108.3388,12.7376],[108.3395,12.7394],[108.337,12.7437],[108.3333,12.7461],[108.3336,12.7491],[108.3312,12.7503],[108.3307,12.7541],[108.3281,12.7539],[108.3244,12.7601],[108.3195,12.7653],[108.3092,12.7642],[108.3071,12.7667],[108.3012,12.7678],[108.2943,12.7635],[108.2873,12.7637],[108.2815,12.766],[108.2771,12.7648],[108.2705,12.7599],[108.2718,12.7558],[108.2707,12.7546],[108.2616,12.7549],[108.2608,12.7544],[108.2627,12.7537],[108.2642,12.749],[108.2607,12.747],[108.2594,12.744],[108.2632,12.7415],[108.2616,12.7399],[108.2632,12.7327],[108.2635,12.7229],[108.2634,12.7151],[108.2556,12.7137],[108.2567,12.7064],[108.2573,12.6947],[108.2544,12.6832],[108.2512,12.6767],[108.2482,12.6727],[108.2521,12.6695],[108.2546,12.6691],[108.2588,12.6648],[108.2614,12.6667],[108.2637,12.6669],[108.2627,12.6606],[108.2635,12.656],[108.27,12.6467],[108.2733,12.6435],[108.2776,12.641],[108.2787,12.6386],[108.2822,12.6369],[108.2859,12.638],[108.2887,12.6374],[108.2888,12.6401],[108.287,12.6419],[108.289,12.6434],[108.2902,12.6398],[108.2944,12.6406],[108.2974,12.643],[108.3008,12.6445],[108.3006,12.6413],[108.304,12.6408],[108.307,12.6447],[108.3054,12.647],[108.313,12.65],[108.3147,12.6513],[108.3255,12.6517],[108.3283,12.6531],[108.3344,12.6549],[108.3348,12.6599],[108.3372,12.6627],[108.3418,12.6646],[108.3411,12.6676],[108.338,12.6678],[108.3388,12.6756],[108.3376,12.6785],[108.3351,12.6806],[108.3352,12.685],[108.338,12.686],[108.3389,12.6834],[108.3453,12.6851],[108.3486,12.678],[108.3526,12.6725],[108.354,12.6652],[108.3595,12.6666]]]},"properties":{"ma_xa":"24490","ten_xa":"Krông Pắc","sap_nhap":"Phước An (thị trấn), Hòa An (huyện Krông Pắc), Ea Yông, Hòa Tiến","tru_so":"đang cập nhật","loai":"Xã","cap":2,"stt":36,"dtich_km2":112.52,"dan_so":68682,"matdo_km2":610.4,"ma_tinh":"66","ten_tinh":"Đắk Lắk"}},
{"type":"Feature","geometry":{"type":"Polygon","coordinates":[[[108.3262,12.4379],[108.3206,12.4394],[108.3136,12.437],[108.3116,12.4355],[108.3075,12.4359],[108.3055,12.4341],[108.3022,12.4331],[108.3004,12.4314],[108.2968,12.4329],[108.2953,12.4421],[108.2988,12.4449],[108.2978,12.4486],[108.2899,12.45],[108.2827,12.4546],[108.2788,12.4548],[108.2764,12.4569],[108.276,12.4605],[108.2696,12.4657],[108.2674,12.4665],[108.2593,12.4664],[108.2527,12.4679],[108.2495,12.47],[108.2469,12.4699],[108.2418,12.4665],[108.239,12.4674],[108.2347,12.4704],[108.2331,12.4706],[108.2301,12.4742],[108.2269,12.4733],[108.2247,12.4672],[108.2229,12.4653],[108.2202,12.4698],[108.2176,12.4716],[108.2155,12.4747],[108.214,12.4749],[108.2098,12.478],[108.2041,12.4785],[108.1998,12.4806],[108.1986,12.4824],[108.1956,12.4811],[108.1948,12.4785],[108.1924,12.4767],[108.1871,12.4759],[108.1833,12.4762],[108.1824,12.4799],[108.1787,12.4827],[108.178,12.4775],[108.175,12.474],[108.178,12.4708],[108.1764,12.4678],[108.1733,12.4678],[108.168,12.463],[108.1692,12.4582],[108.1706,12.4555],[108.1699,12.4537],[108.1728,12.4534],[108.1751,12.4504],[108.1754,12.4479],[108.1747,12.4414],[108.1734,12.4375],[108.1765,12.4343],[108.1737,12.4337],[108.1704,12.4317],[108.1666,12.4258],[108.1666,12.4236],[108.1641,12.4208],[108.1582,12.4196],[108.1568,12.4177],[108.1602,12.41],[108.1626,12.4106],[108.1657,12.4066],[108.1721,12.402],[108.1807,12.3974],[108.1828,12.3977],[108.1837,12.3945],[108.1859,12.3937],[108.1866,12.3907],[108.1888,12.3875],[108.1932,12.3867],[108.1957,12.3875],[108.2015,12.3858],[108.2034,12.3909],[108.207,12.3844],[108.2062,12.382],[108.2077,12.3802],[108.2133,12.3754],[108.2152,12.3745],[108.2163,12.3688],[108.2194,12.3668],[108.225,12.3645],[108.2276,12.36],[108.2276,12.358],[108.232,12.3576],[108.2387,12.3544],[108.2398,12.3563],[108.2428,12.357],[108.2484,12.3518],[108.2579,12.3481],[108.2609,12.349],[108.2627,12.3465],[108.2698,12.3468],[108.2739,12.3417],[108.2758,12.3421],[108.2813,12.3386],[108.2863,12.3383],[108.2921,12.3328],[108.2973,12.3319],[108.3009,12.3333],[108.3021,12.3349],[108.3058,12.3356],[108.3126,12.3333],[108.317,12.3329],[108.3254,12.3345],[108.3271,12.3376],[108.3309,12.3359],[108.3317,12.3321],[108.3344,12.3298],[108.3385,12.3287],[108.3383,12.3262],[108.3402,12.3226],[108.3429,12.319],[108.3467,12.3195],[108.3535,12.3133],[108.3548,12.3102],[108.3585,12.3058],[108.3619,12.3036],[108.3605,12.3014],[108.3634,12.2991],[108.3656,12.2988],[108.3671,12.302],[108.3726,12.3045],[108.3793,12.3062],[108.3841,12.3057],[108.3899,12.3069],[108.391,12.3082],[108.3953,12.3096],[108.4022,12.3057],[108.4053,12.3051],[108.4071,12.3014],[108.4119,12.2975],[108.4156,12.2956],[108.4181,12.296],[108.4198,12.2929],[108.4284,12.2936],[108.4342,12.2919],[108.437,12.2883],[108.4402,12.287],[108.4426,12.2886],[108.4438,12.2864],[108.4467,12.2844],[108.4464,12.2797],[108.4487,12.2793],[108.4511,12.2758],[108.4549,12.2788],[108.4559,12.2812],[108.4588,12.2804],[108.4572,12.2769],[108.4601,12.2757],[108.461,12.2777],[108.464,12.2795],[108.4663,12.284],[108.4648,12.2863],[108.4665,12.2884],[108.4653,12.2966],[108.4686,12.296],[108.4697,12.2941],[108.4704,12.2889],[108.4719,12.2879],[108.4758,12.295],[108.4745,12.2994],[108.4779,12.2988],[108.4833,12.3013],[108.4809,12.3032],[108.4813,12.3081],[108.4846,12.3093],[108.4872,12.3096],[108.4885,12.3124],[108.489,12.3162],[108.4929,12.3194],[108.493,12.3206],[108.497,12.3212],[108.4986,12.3224],[108.5029,12.3234],[108.4974,12.3288],[108.499,12.3306],[108.4965,12.3327],[108.4887,12.3362],[108.4885,12.3378],[108.4859,12.3396],[108.4823,12.3454],[108.482,12.3489],[108.4794,12.3524],[108.4765,12.3522],[108.4755,12.3564],[108.4761,12.3584],[108.4738,12.3645],[108.472,12.3664],[108.4713,12.3701],[108.4682,12.3772],[108.4649,12.3755],[108.4618,12.3774],[108.4611,12.3827],[108.4571,12.3862],[108.4568,12.3909],[108.4554,12.3929],[108.4394,12.4045],[108.4381,12.4066],[108.4336,12.4097],[108.4309,12.4072],[108.4245,12.4061],[108.4174,12.4033],[108.412,12.4024],[108.4097,12.4034],[108.4071,12.4061],[108.399,12.4098],[108.3954,12.4082],[108.3902,12.4081],[108.3872,12.4099],[108.3825,12.4151],[108.3809,12.4198],[108.3752,12.4183],[108.3692,12.4181],[108.3655,12.4204],[108.3648,12.4222],[108.3621,12.4239],[108.3583,12.4241],[108.3566,12.4252],[108.3541,12.4229],[108.3496,12.4231],[108.3472,12.4246],[108.3454,12.4312],[108.3406,12.4332],[108.3383,12.4355],[108.3309,12.4388],[108.3262,12.4379]]]},"properties":{"ma_xa":"24580","ten_xa":"Liên Sơn Lắk","sap_nhap":"Liên Sơn (thị trấn), Yang Tao, Bông Krang","tru_so":"đang cập nhật","loai":"Xã","cap":2,"stt":58,"dtich_km2":398.82,"dan_so":26772,"matdo_km2":67.13,"ma_tinh":"66","ten_tinh":"Đắk Lắk"}},
{"type":"Feature","geometry":{"type":"Polygon","coordinates":[[[108.7677,12.8575],[108.7489,12.8491],[108.746,12.8481],[108.7426,12.851],[108.736,12.8595],[108.7334,12.8599],[108.7319,12.8633],[108.7263,12.8643],[108.7208,12.8684],[108.7134,12.8693],[108.7135,12.8714],[108.7064,12.8735],[108.7031,12.8727],[108.698,12.8749],[108.6972,12.8734],[108.693,12.874],[108.6905,12.8728],[108.6883,12.8628],[108.6907,12.861],[108.6939,12.8609],[108.6943,12.8519],[108.6925,12.8498],[108.6888,12.8492],[108.6887,12.8414],[108.6878,12.8405],[108.6828,12.8409],[108.6826,12.8373],[108.6887,12.8291],[108.6885,12.8256],[108.6908,12.8206],[108.6919,12.8146],[108.6912,12.8091],[108.6923,12.8045],[108.6877,12.8049],[108.6826,12.8039],[108.6797,12.8009],[108.6764,12.8015],[108.6665,12.8056],[108.6655,12.8069],[108.6551,12.8014],[108.6516,12.8009],[108.65,12.7978],[108.6461,12.7958],[108.6444,12.786],[108.6469,12.7831],[108.6474,12.7805],[108.6551,12.775],[108.6571,12.7722],[108.6628,12.7702],[108.6659,12.768],[108.6746,12.768],[108.6769,12.765],[108.6825,12.7625],[108.6852,12.7572],[108.6846,12.7506],[108.6857,12.745],[108.6873,12.7405],[108.6879,12.7364],[108.6857,12.7349],[108.6993,12.7228],[108.7027,12.7217],[108.7045,12.7187],[108.7067,12.7188],[108.7129,12.7157],[108.7146,12.7154],[108.7183,12.7108],[108.724,12.7082],[108.7351,12.7043],[108.7392,12.7111],[108.737,12.713],[108.7331,12.7188],[108.7326,12.7239],[108.7352,12.7251],[108.737,12.7306],[108.7432,12.7279],[108.7461,12.7296],[108.7486,12.733],[108.7467,12.7363],[108.7461,12.7402],[108.7436,12.7416],[108.7463,12.7445],[108.7465,12.7503],[108.748,12.7532],[108.7524,12.7588],[108.7553,12.7611],[108.7549,12.7634],[108.7577,12.7674],[108.7599,12.7691],[108.7626,12.7744],[108.7581,12.7797],[108.7529,12.7793],[108.7519,12.7808],[108.7539,12.783],[108.7565,12.7883],[108.7622,12.7897],[108.7632,12.7915],[108.7669,12.7932],[108.7687,12.7953],[108.7705,12.7938],[108.7738,12.7953],[108.7796,12.7945],[108.7817,12.7951],[108.7861,12.791],[108.7898,12.7963],[108.7905,12.802],[108.7928,12.8036],[108.7939,12.8072],[108.7933,12.8093],[108.7953,12.8109],[108.7911,12.8167],[108.7889,12.8181],[108.7845,12.8231],[108.7846,12.8263],[108.7817,12.8284],[108.7794,12.8326],[108.777,12.8339],[108.7733,12.8397],[108.7679,12.8495],[108.7684,12.8554],[108.7677,12.8575]]]},"properties":{"ma_xa":"24412","ten_xa":"M’Drắk","sap_nhap":"M’Drắk (thị trấn), Krông Jing, Ea Lai","tru_so":"đang cập nhật","loai":"Xã","cap":2,"stt":47,"dtich_km2":151.87,"dan_so":22808,"matdo_km2":150.18,"ma_tinh":"66","ten_tinh":"Đắk Lắk"}},
{"type":"Feature","geometry":{"type":"Polygon","coordinates":[[[107.9238,12.4169],[107.9207,12.4168],[107.9188,12.4188],[107.9165,12.4175],[107.9168,12.4153],[107.9215,12.4131],[107.9271,12.4142],[107.9273,12.4114],[107.9252,12.4095],[107.9168,12.4071],[107.9128,12.403],[107.9124,12.4003],[107.9144,12.3952],[107.9169,12.3915],[107.9206,12.3902],[107.9252,12.3895],[107.9203,12.3845],[107.9204,12.3814],[107.9236,12.38],[107.9253,12.3828],[107.9276,12.3816],[107.9275,12.3781],[107.9293,12.3757],[107.9314,12.3751],[107.9315,12.372],[107.9347,12.3676],[107.9322,12.3641],[107.9335,12.3615],[107.9334,12.3581],[107.9308,12.3543],[107.9338,12.3514],[107.9345,12.3483],[107.9335,12.3449],[107.9366,12.3396],[107.9393,12.3386],[107.9445,12.3348],[107.9453,12.3319],[107.9435,12.3289],[107.9454,12.3256],[107.9484,12.325],[107.9507,12.3229],[107.9517,12.3198],[107.9539,12.3179],[107.9579,12.3169],[107.9681,12.3132],[107.974,12.3071],[107.9742,12.3045],[107.9731,12.2997],[107.9756,12.297],[107.9802,12.2969],[107.987,12.3012],[107.9984,12.3045],[108.0003,12.3035],[108.0038,12.2962],[108.0055,12.2964],[108.0118,12.2998],[108.015,12.3031],[108.0167,12.3015],[108.019,12.2955],[108.0197,12.2903],[108.0227,12.2902],[108.0261,12.2882],[108.0314,12.2883],[108.0398,12.289],[108.0411,12.2865],[108.0385,12.2827],[108.0395,12.2758],[108.0421,12.2681],[108.0446,12.2656],[108.0505,12.2638],[108.055,12.2631],[108.0601,12.2636],[108.0625,12.2644],[108.0704,12.2651],[108.0793,12.263],[108.088,12.2632],[108.0897,12.264],[108.0972,12.2651],[108.1018,12.2674],[108.1069,12.2656],[108.1102,12.2626],[108.1129,12.262],[108.1157,12.2651],[108.1182,12.2647],[108.1201,12.2662],[108.12,12.2685],[108.117,12.271],[108.1167,12.2744],[108.1148,12.276],[108.1145,12.2793],[108.1166,12.2818],[108.118,12.2866],[108.1174,12.2922],[108.1159,12.2938],[108.1133,12.3001],[108.1107,12.3001],[108.1061,12.3043],[108.0999,12.306],[108.0981,12.3078],[108.0955,12.3077],[108.0898,12.3091],[108.0905,12.3108],[108.0935,12.3129],[108.0962,12.3176],[108.0958,12.3225],[108.094,12.3251],[108.0975,12.3321],[108.097,12.3355],[108.0934,12.3378],[108.0944,12.3441],[108.089,12.3458],[108.089,12.3484],[108.0841,12.3504],[108.0797,12.3459],[108.0731,12.3452],[108.0701,12.3464],[108.0683,12.3457],[108.0661,12.3502],[108.0577,12.347],[108.0537,12.3469],[108.0504,12.3439],[108.042,12.3429],[108.0405,12.3467],[108.0375,12.3479],[108.0329,12.3564],[108.0248,12.3575],[108.0227,12.3606],[108.0233,12.3626],[108.022,12.368],[108.0243,12.3703],[108.0224,12.3724],[108.0134,12.3696],[108.012,12.3714],[108.0062,12.3733],[108.0042,12.3725],[107.9997,12.3744],[107.9982,12.3819],[107.9989,12.3873],[107.9965,12.3926],[108.0017,12.3932],[108.0018,12.3974],[107.9989,12.3995],[107.9975,12.4025],[107.9911,12.3991],[107.9863,12.3976],[107.9809,12.3981],[107.9791,12.3956],[107.9752,12.399],[107.973,12.398],[107.967,12.3986],[107.9645,12.3978],[107.9613,12.399],[107.9565,12.3992],[107.9546,12.4003],[107.9511,12.4003],[107.9496,12.405],[107.9474,12.4053],[107.9461,12.4086],[107.9401,12.4086],[107.9399,12.4174],[107.9326,12.4178],[107.9293,12.417],[107.9238,12.4169]]]},"properties":{"ma_xa":"24607","ten_xa":"Nam Ka","sap_nhap":"Ea Rbin, Nam Ka","tru_so":"đang cập nhật","loai":"Xã","cap":2,"stt":60,"dtich_km2":172.86,"dan_so":6424,"matdo_km2":37.16,"ma_tinh":"66","ten_tinh":"Đắk Lắk"}},
{"type":"Feature","geometry":{"type":"MultiPolygon","coordinates":[[[[109.3333,13.2869],[109.3315,13.2894],[109.3284,13.2868],[109.3297,13.284],[109.3291,13.2796],[109.3308,13.2762],[109.3369,13.2755],[109.338,13.2771],[109.341,13.2769],[109.3435,13.2804],[109.3422,13.2834],[109.3396,13.2836],[109.3333,13.2869]]],[[[109.2949,13.2189],[109.2971,13.22],[109.2977,13.2231],[109.2999,13.2255],[109.3033,13.2272],[109.3052,13.2265],[109.3076,13.2302],[109.3048,13.2307],[109.3028,13.2383],[109.302,13.2445],[109.3026,13.248],[109.3042,13.251],[109.3089,13.2509],[109.3159,13.2546],[109.315,13.2571],[109.3134,13.2664],[109.3116,13.2707],[109.3095,13.2735],[109.3096,13.2757],[109.3074,13.277],[109.3016,13.2827],[109.298,13.2873],[109.2931,13.2958],[109.2917,13.2975],[109.285,13.3132],[109.2823,13.3123],[109.2839,13.3061],[109.2858,13.3024],[109.2886,13.2936],[109.2919,13.2873],[109.2905,13.2843],[109.2867,13.2839],[109.2813,13.2928],[109.2789,13.2947],[109.2678,13.2954],[109.2672,13.3002],[109.2646,13.3061],[109.2574,13.3101],[109.2549,13.3091],[109.2465,13.312],[109.2415,13.3085],[109.2375,13.3093],[109.2356,13.3073],[109.2309,13.309],[109.2244,13.3069],[109.2269,13.3044],[109.2303,13.3035],[109.2292,13.3011],[109.2313,13.2979],[109.2345,13.295],[109.2324,13.2889],[109.2304,13.2869],[109.2285,13.2831],[109.229,13.2798],[109.2256,13.2775],[109.2227,13.2782],[109.2193,13.2766],[109.2208,13.2707],[109.2182,13.267],[109.2146,13.2655],[109.2126,13.2681],[109.2087,13.2668],[109.2104,13.266],[109.207,13.2628],[109.2035,13.2581],[109.195,13.2515],[109.1965,13.249],[109.1978,13.2407],[109.2036,13.2261],[109.2016,13.224],[109.2005,13.2172],[109.2006,13.213],[109.2035,13.2138],[109.2063,13.2108],[109.2093,13.2028],[109.2085,13.2002],[109.2109,13.1989],[109.2145,13.1987],[109.2175,13.1969],[109.2251,13.198],[109.2253,13.2029],[109.2288,13.204],[109.2336,13.2088],[109.2356,13.2092],[109.2388,13.2066],[109.2428,13.205],[109.2477,13.2073],[109.2531,13.2054],[109.2553,13.2058],[109.2618,13.2121],[109.2641,13.2122],[109.2668,13.2156],[109.2694,13.2211],[109.2822,13.2253],[109.2863,13.2246],[109.2882,13.2227],[109.2949,13.2189]]]]},"properties":{"ma_xa":"22147","ten_xa":"Ô Loan","sap_nhap":"An Hiệp, An Hòa Hải, An Cư","tru_so":"đang cập nhật","loai":"Xã","cap":2,"stt":82,"dtich_km2":103.48,"dan_so":40278,"matdo_km2":389.23,"ma_tinh":"66","ten_tinh":"Đắk Lắk"}},
{"type":"Feature","geometry":{"type":"Polygon","coordinates":[[[109.1309,13.1322],[109.1276,13.1314],[109.1244,13.1321],[109.1157,13.1325],[109.112,13.1309],[109.1135,13.1259],[109.114,13.1219],[109.1111,13.1155],[109.1137,13.1151],[109.1146,13.1086],[109.1127,13.1078],[109.1116,13.1051],[109.1115,13.1001],[109.1074,13.0982],[109.1085,13.0936],[109.1075,13.0894],[109.1054,13.0885],[109.1011,13.0902],[109.0991,13.0879],[109.0975,13.0835],[109.0917,13.0834],[109.0887,13.0801],[109.086,13.0806],[109.0861,13.0768],[109.0849,13.0749],[109.085,13.0714],[109.0828,13.0712],[109.0835,13.0675],[109.0792,13.0606],[109.0839,13.056],[109.0847,13.0532],[109.0832,13.0487],[109.0866,13.0444],[109.0873,13.0384],[109.0919,13.0292],[109.0941,13.0268],[109.0982,13.0259],[109.1022,13.0276],[109.1069,13.0321],[109.1103,13.0326],[109.1131,13.0314],[109.114,13.0291],[109.1138,13.022],[109.1125,13.0161],[109.1135,13.0117],[109.1177,13.0033],[109.1216,13.0011],[109.126,12.9968],[109.1283,12.9966],[109.1352,12.9936],[109.1448,12.995],[109.1506,12.9931],[109.1555,12.9897],[109.1612,12.9907],[109.165,12.9938],[109.1696,12.9948],[109.1748,12.9968],[109.1752,12.999],[109.1787,13.0008],[109.1818,13.0059],[109.1855,13.0116],[109.191,13.014],[109.1951,13.0133],[109.2003,13.0107],[109.208,13.0102],[109.2143,13.0136],[109.2247,13.0175],[109.2296,13.0214],[109.2337,13.0222],[109.2424,13.0197],[109.2488,13.0192],[109.2534,13.0228],[109.2737,13.0365],[109.2666,13.0501],[109.2626,13.0598],[109.2606,13.0675],[109.2574,13.0683],[109.2524,13.0656],[109.2493,13.0668],[109.2452,13.0647],[109.2398,13.061],[109.2389,13.0623],[109.2246,13.0536],[109.2215,13.0547],[109.2202,13.0536],[109.2127,13.0526],[109.2099,13.0517],[109.2001,13.0508],[109.1984,13.0489],[109.1953,13.0479],[109.1833,13.0524],[109.1788,13.0596],[109.1769,13.0604],[109.1751,13.0583],[109.1724,13.0574],[109.1711,13.0608],[109.1685,13.0623],[109.1668,13.0614],[109.1637,13.0619],[109.1627,13.065],[109.1539,13.0662],[109.1536,13.0683],[109.1507,13.0706],[109.1499,13.0742],[109.1521,13.0764],[109.1521,13.0806],[109.1507,13.0827],[109.151,13.0875],[109.1553,13.0915],[109.1525,13.0994],[109.1505,13.1009],[109.1462,13.1019],[109.1447,13.1067],[109.1396,13.1125],[109.1396,13.1158],[109.1362,13.1196],[109.1359,13.1244],[109.1317,13.1296],[109.1309,13.1322]]]},"properties":{"ma_xa":"22319","ten_xa":"Phú Hòa 1","sap_nhap":"Phú Hòa (thị trấn), Hòa Thắng (huyện Phú Hòa), Hòa Định Đông, Hòa Định Tây, Hòa Hội, Hòa An (huyện Phú Hòa, 1 phần)","tru_so":"đang cập nhật","loai":"Xã","cap":2,"stt":85,"dtich_km2":142.54,"dan_so":54212,"matdo_km2":380.33,"ma_tinh":"66","ten_tinh":"Đắk Lắk"}},
{"type":"Feature","geometry":{"type":"Polygon","coordinates":[[[109.1783,13.1536],[109.1762,13.1434],[109.1611,13.1431],[109.1595,13.1445],[109.1552,13.1505],[109.155,13.1554],[109.1493,13.1485],[109.1463,13.146],[109.1432,13.1466],[109.1393,13.1397],[109.1391,13.1341],[109.1366,13.1324],[109.1347,13.1296],[109.1309,13.1322],[109.1317,13.1296],[109.1359,13.1244],[109.1362,13.1196],[109.1396,13.1158],[109.1396,13.1125],[109.1447,13.1067],[109.1462,13.1019],[109.1505,13.1009],[109.1525,13.0994],[109.1553,13.0915],[109.151,13.0875],[109.1507,13.0827],[109.1521,13.0806],[109.1521,13.0764],[109.1499,13.0742],[109.1507,13.0706],[109.1536,13.0683],[109.1539,13.0662],[109.1627,13.065],[109.1637,13.0619],[109.1668,13.0614],[109.1685,13.0623],[109.1711,13.0608],[109.1724,13.0574],[109.1751,13.0583],[109.1769,13.0604],[109.1788,13.0596],[109.1833,13.0524],[109.1953,13.0479],[109.1984,13.0489],[109.2001,13.0508],[109.2099,13.0517],[109.2127,13.0526],[109.2202,13.0536],[109.2215,13.0547],[109.2246,13.0536],[109.2389,13.0623],[109.2398,13.061],[109.2452,13.0647],[109.2493,13.0668],[109.2524,13.0656],[109.2574,13.0683],[109.2606,13.0675],[109.2577,13.0829],[109.2565,13.0953],[109.2563,13.0976],[109.2518,13.099],[109.25,13.0977],[109.2454,13.0985],[109.2455,13.1036],[109.2438,13.1073],[109.2359,13.1083],[109.2305,13.111],[109.2263,13.1124],[109.226,13.1138],[109.2223,13.1162],[109.2181,13.1151],[109.2164,13.1222],[109.2142,13.1284],[109.2114,13.1299],[109.2094,13.1286],[109.2047,13.1275],[109.2017,13.1299],[109.2,13.1367],[109.1959,13.14],[109.1896,13.1442],[109.1783,13.1536]]]},"properties":{"ma_xa":"22303","ten_xa":"Phú Hòa 2","sap_nhap":"Hòa Quang Nam, Hòa Quang Bắc, Hòa Trị (1 phần)","tru_so":"đang cập nhật","loai":"Xã","cap":2,"stt":86,"dtich_km2":95.78,"dan_so":38691,"matdo_km2":403.96,"ma_tinh":"66","ten_tinh":"Đắk Lắk"}},
{"type":"Feature","geometry":{"type":"Polygon","coordinates":[[[108.8504,13.5687],[108.8486,13.5667],[108.8444,13.5642],[108.8373,13.5645],[108.8345,13.5663],[108.8268,13.5651],[108.8254,13.5689],[108.8218,13.5728],[108.8188,13.571],[108.8159,13.5734],[108.8144,13.577],[108.7961,13.5777],[108.7903,13.5774],[108.7892,13.578],[108.7846,13.5772],[108.7823,13.5731],[108.7805,13.5717],[108.7804,13.5688],[108.7736,13.5695],[108.7684,13.5619],[108.7576,13.5627],[108.7531,13.565],[108.7487,13.5663],[108.7476,13.5643],[108.7475,13.555],[108.745,13.5549],[108.7416,13.5569],[108.7391,13.5568],[108.7396,13.5515],[108.7358,13.5488],[108.7347,13.5441],[108.7322,13.5396],[108.7348,13.537],[108.7331,13.5288],[108.73,13.5248],[108.7274,13.5235],[108.7274,13.5195],[108.7235,13.5194],[108.7187,13.5182],[108.7147,13.5184],[108.7137,13.5167],[108.7128,13.508],[108.7129,13.5009],[108.7088,13.4991],[108.7086,13.4934],[108.7038,13.4883],[108.7039,13.4848],[108.7073,13.4829],[108.711,13.4759],[108.7125,13.476],[108.7154,13.4734],[108.7149,13.4706],[108.7131,13.4691],[108.7135,13.4638],[108.7165,13.4631],[108.7212,13.4643],[108.724,13.4629],[108.7272,13.4636],[108.7286,13.4615],[108.7348,13.458],[108.7376,13.4586],[108.7391,13.4575],[108.7437,13.457],[108.7481,13.4589],[108.7521,13.4638],[108.755,13.4606],[108.7575,13.4595],[108.7604,13.4645],[108.7632,13.4633],[108.7656,13.4644],[108.7701,13.4648],[108.7726,13.4666],[108.7771,13.4668],[108.7796,13.466],[108.7828,13.4673],[108.7892,13.4683],[108.7906,13.4714],[108.793,13.4739],[108.7951,13.472],[108.7943,13.4666],[108.7957,13.4648],[108.7945,13.4627],[108.7923,13.4626],[108.7925,13.4584],[108.79,13.4532],[108.7962,13.4519],[108.7953,13.4499],[108.7963,13.4474],[108.8002,13.4468],[108.8011,13.4426],[108.804,13.4379],[108.8057,13.4368],[108.806,13.4342],[108.8044,13.4324],[108.8044,13.4299],[108.8063,13.4238],[108.805,13.4221],[108.8048,13.4186],[108.8056,13.4141],[108.807,13.4108],[108.805,13.407],[108.8077,13.402],[108.8069,13.4004],[108.8092,13.398],[108.813,13.3978],[108.8194,13.399],[108.8223,13.3971],[108.8219,13.3953],[108.8262,13.39],[108.8289,13.3823],[108.8327,13.3816],[108.8337,13.3775],[108.8358,13.3738],[108.8393,13.3708],[108.8459,13.3737],[108.8473,13.373],[108.8499,13.3684],[108.8536,13.3673],[108.858,13.3716],[108.8617,13.374],[108.8633,13.3731],[108.8665,13.3736],[108.8714,13.3754],[108.8746,13.3728],[108.8797,13.3673],[108.881,13.3652],[108.8858,13.3642],[108.8868,13.362],[108.8912,13.3594],[108.8899,13.355],[108.8882,13.352],[108.89,13.3492],[108.8915,13.3441],[108.8974,13.3414],[108.902,13.3386],[108.9078,13.3328],[108.9136,13.331],[108.9154,13.3289],[108.9174,13.3289],[108.9255,13.3243],[108.9257,13.3226],[108.9292,13.3169],[108.9372,13.3128],[108.9422,13.3145],[108.9456,13.3185],[108.9511,13.3205],[108.9522,13.3194],[108.9555,13.3218],[108.957,13.3214],[108.9601,13.3234],[108.9599,13.3267],[108.9633,13.3278],[108.9666,13.3273],[108.9698,13.3306],[108.9726,13.329],[108.9749,13.3302],[108.9795,13.3268],[108.9822,13.3298],[108.9851,13.3298],[108.988,13.3266],[108.9883,13.324],[108.9919,13.3193],[108.9907,13.3173],[108.9932,13.3128],[108.9954,13.3103],[108.9974,13.3053],[109.0015,13.302],[109.0034,13.2967],[109.0032,13.2926],[109.0064,13.2916],[109.0085,13.2881],[109.0095,13.2914],[109.0129,13.2913],[109.0167,13.2921],[109.0171,13.2942],[109.0202,13.2953],[109.0208,13.2999],[109.0229,13.3053],[109.0253,13.3067],[109.0273,13.3098],[109.0286,13.3213],[109.0274,13.3236],[109.0277,13.3265],[109.0298,13.3277],[109.0291,13.3312],[109.0266,13.3323],[109.0266,13.335],[109.0281,13.3379],[109.0289,13.3426],[109.0311,13.3446],[109.0303,13.3462],[109.0266,13.3492],[109.0248,13.353],[109.0268,13.3556],[109.0268,13.3596],[109.024,13.3597],[109.024,13.3643],[109.0184,13.3755],[109.0178,13.3772],[109.0142,13.3824],[109.0114,13.3853],[109.01,13.3853],[109.0073,13.388],[109.0069,13.3914],[109.0017,13.3984],[109.0014,13.4014],[108.9988,13.4067],[108.9982,13.4127],[108.9961,13.4152],[108.9944,13.4161],[108.9927,13.4207],[108.99,13.4241],[108.9877,13.4293],[108.9856,13.4306],[108.9845,13.4331],[108.9865,13.4361],[108.9864,13.4399],[108.9833,13.4431],[108.9838,13.447],[108.9787,13.4516],[108.9782,13.4556],[108.9714,13.459],[108.9685,13.4612],[108.9648,13.4603],[108.9643,13.4617],[108.9666,13.4654],[108.9651,13.4677],[108.9642,13.4734],[108.9647,13.4759],[108.9677,13.4786],[108.9667,13.4833],[108.9651,13.4866],[108.9625,13.4893],[108.9632,13.4946],[108.9628,13.4982],[108.9576,13.4995],[108.9535,13.5026],[108.9505,13.5018],[108.9495,13.5093],[108.9511,13.5141],[108.9483,13.5183],[108.9504,13.522],[108.9491,13.5232],[108.9488,13.5265],[108.9447,13.527],[108.944,13.529],[108.9411,13.5284],[108.9366,13.5311],[108.936,13.5326],[108.9327,13.5319],[108.924,13.5369],[108.9224,13.5402],[108.9184,13.5401],[108.9144,13.5413],[108.912,13.5402],[108.9088,13.5416],[108.9062,13.5392],[108.9033,13.5381],[108.8963,13.5412],[108.8942,13.541],[108.8935,13.5382],[108.8917,13.5368],[108.8892,13.5371],[108.8673,13.5349],[108.8663,13.538],[108.8678,13.5395],[108.8648,13.5434],[108.86,13.5445],[108.858,13.5482],[108.8575,13.5522],[108.8561,13.5539],[108.8559,13.5583],[108.8533,13.5603],[108.8514,13.5678],[108.8504,13.5687]]]},"properties":{"ma_xa":"22096","ten_xa":"Phú Mỡ","sap_nhap":"Xuân Quang 1, Phú Mỡ","tru_so":"đang cập nhật","loai":"Xã","cap":2,"stt":100,"dtich_km2":547.2,"dan_so":9007,"matdo_km2":16.46,"ma_tinh":"66","ten_tinh":"Đắk Lắk"}},
{"type":"Feature","geometry":{"type":"Polygon","coordinates":[[[108.4817,12.9933],[108.4797,12.9924],[108.4688,12.9985],[108.4663,12.9971],[108.4622,12.9987],[108.4587,12.999],[108.4547,12.9951],[108.4496,12.998],[108.4409,12.9989],[108.437,12.9983],[108.4338,12.9996],[108.4279,12.9999],[108.4173,12.9984],[108.4175,12.9967],[108.4125,12.997],[108.4099,12.9941],[108.4095,12.9852],[108.4123,12.9816],[108.414,12.9774],[108.414,12.9751],[108.4161,12.971],[108.422,12.9689],[108.4249,12.9655],[108.427,12.9653],[108.4315,12.96],[108.4323,12.9535],[108.4374,12.9528],[108.4367,12.947],[108.4353,12.9455],[108.4323,12.9471],[108.4285,12.9441],[108.4258,12.9431],[108.4172,12.9426],[108.4163,12.9455],[108.4115,12.9411],[108.4101,12.9379],[108.4081,12.9382],[108.4074,12.9346],[108.4026,12.9283],[108.4039,12.9252],[108.4024,12.9219],[108.3954,12.9231],[108.3931,12.9206],[108.3888,12.9212],[108.3849,12.9209],[108.3786,12.9239],[108.3768,12.9259],[108.3685,12.9265],[108.3646,12.9254],[108.3611,12.9257],[108.353,12.9279],[108.3511,12.929],[108.3481,12.934],[108.346,12.9346],[108.3391,12.9325],[108.3377,12.9366],[108.3364,12.9362],[108.3357,12.9273],[108.3348,12.9242],[108.3359,12.9185],[108.3431,12.9164],[108.3437,12.9134],[108.3499,12.911],[108.3515,12.9089],[108.3602,12.9051],[108.3627,12.9019],[108.3638,12.8993],[108.3626,12.8959],[108.3654,12.8894],[108.3656,12.8866],[108.3681,12.8818],[108.3672,12.8792],[108.3696,12.8775],[108.3683,12.8729],[108.3699,12.8686],[108.369,12.8663],[108.3705,12.8644],[108.3726,12.8559],[108.3716,12.8534],[108.3725,12.847],[108.3719,12.8394],[108.3728,12.8421],[108.3761,12.8479],[108.3789,12.8505],[108.3816,12.8545],[108.3833,12.8547],[108.3862,12.8587],[108.3883,12.858],[108.3959,12.86],[108.4022,12.8589],[108.4049,12.8597],[108.4087,12.8623],[108.4089,12.8642],[108.4134,12.8652],[108.4149,12.8673],[108.4226,12.8691],[108.4286,12.8687],[108.4354,12.8718],[108.4405,12.879],[108.4402,12.8815],[108.4424,12.8833],[108.4432,12.8867],[108.4478,12.8967],[108.4492,12.9],[108.4478,12.9022],[108.4488,12.9051],[108.4481,12.9085],[108.4464,12.9101],[108.4449,12.9159],[108.4476,12.9181],[108.4456,12.9207],[108.446,12.9223],[108.4522,12.9258],[108.456,12.9247],[108.4577,12.9281],[108.4619,12.928],[108.4629,12.9232],[108.4592,12.9219],[108.4627,12.9174],[108.4679,12.9137],[108.4686,12.917],[108.4715,12.9191],[108.4724,12.9152],[108.4742,12.9137],[108.4767,12.9148],[108.483,12.9089],[108.485,12.9084],[108.4875,12.9097],[108.4893,12.9066],[108.4951,12.9086],[108.4973,12.908],[108.499,12.912],[108.5026,12.9103],[108.5071,12.911],[108.5159,12.9148],[108.5181,12.9165],[108.5199,12.9224],[108.5082,12.9286],[108.5037,12.9329],[108.5012,12.9342],[108.5003,12.937],[108.5015,12.9396],[108.5008,12.9439],[108.4993,12.9455],[108.4981,12.9505],[108.4989,12.9523],[108.4969,12.9552],[108.497,12.963],[108.4961,12.9656],[108.4983,12.9679],[108.4986,12.9722],[108.4861,12.9759],[108.4815,12.979],[108.482,12.981],[108.4816,12.9869],[108.4817,12.9933]]]},"properties":{"ma_xa":"24364","ten_xa":"Phú Xuân","sap_nhap":"Ea Púk, Ea Dăh, Phú Xuân","tru_so":"đang cập nhật","loai":"Xã","cap":2,"stt":35,"dtich_km2":140.74,"dan_so":34836,"matdo_km2":247.52,"ma_tinh":"66","ten_tinh":"Đắk Lắk"}},
{"type":"Feature","geometry":{"type":"Polygon","coordinates":[[[109.3499,13.0507],[109.341,13.0658],[109.3412,13.0668],[109.3375,13.0734],[109.3352,13.0785],[109.3289,13.0876],[109.3248,13.085],[109.3172,13.0818],[109.3157,13.0767],[109.3113,13.0716],[109.3089,13.0699],[109.3049,13.0684],[109.2995,13.0644],[109.2954,13.0602],[109.2948,13.0565],[109.2882,13.0535],[109.2845,13.0524],[109.2799,13.0465],[109.2843,13.04],[109.2859,13.0354],[109.2884,13.0332],[109.2881,13.0307],[109.291,13.0263],[109.2903,13.0241],[109.2904,13.0128],[109.2915,13.0059],[109.2932,13.0049],[109.2998,13.0053],[109.3025,13.004],[109.3032,13.0075],[109.3064,13.0085],[109.3137,13.008],[109.3138,13.0103],[109.3189,13.0105],[109.3201,13.0123],[109.3288,13.0183],[109.3294,13.0206],[109.3305,13.0248],[109.3349,13.0273],[109.34,13.0341],[109.3468,13.0473],[109.3499,13.0507]]]},"properties":{"ma_xa":"22240","ten_xa":"Phú Yên","sap_nhap":"Phú Đông, Phú Lâm, Phú Thạnh, Hòa Thành (thị xã Đông Hòa), Hòa Hiệp Bắc (1 phần), Hòa Bình 1 (1 phần)","tru_so":"đang cập nhật","loai":"Phường","cap":2,"stt":70,"dtich_km2":44.04,"dan_so":61799,"matdo_km2":1403.25,"ma_tinh":"66","ten_tinh":"Đắk Lắk"}},
{"type":"Feature","geometry":{"type":"Polygon","coordinates":[[[108.2795,12.9952],[108.272,12.9945],[108.2722,12.9977],[108.2703,13.0014],[108.2666,12.9994],[108.2637,13.0009],[108.2584,12.9998],[108.2541,13.0005],[108.249,12.9992],[108.246,12.9993],[108.2417,12.9967],[108.2316,12.9967],[108.23,12.9997],[108.2234,12.9988],[108.2155,12.9993],[108.2136,12.9963],[108.2082,12.9951],[108.2019,12.9908],[108.1959,12.9892],[108.1936,12.9891],[108.193,12.9881],[108.188,12.9874],[108.1819,12.9823],[108.1794,12.9816],[108.1791,12.9787],[108.1752,12.9728],[108.174,12.9696],[108.1703,12.9675],[108.1699,12.9647],[108.1712,12.9611],[108.1791,12.9553],[108.1799,12.9523],[108.1851,12.9526],[108.1873,12.9508],[108.1917,12.9498],[108.1986,12.945],[108.2019,12.9417],[108.203,12.9243],[108.2023,12.9216],[108.1994,12.916],[108.1992,12.9081],[108.1997,12.9023],[108.2055,12.9001],[108.2077,12.9018],[108.2116,12.9011],[108.2151,12.9017],[108.226,12.9019],[108.2263,12.905],[108.2299,12.91],[108.2337,12.9116],[108.2307,12.9152],[108.2314,12.9183],[108.2305,12.9219],[108.2284,12.9222],[108.2279,12.9266],[108.226,12.9292],[108.2293,12.9316],[108.2324,12.9365],[108.2325,12.9383],[108.2359,12.9391],[108.2407,12.9423],[108.2438,12.9434],[108.2432,12.9459],[108.2467,12.9482],[108.2484,12.9481],[108.255,12.9412],[108.2592,12.9449],[108.2631,12.9467],[108.2696,12.9484],[108.272,12.9466],[108.2713,12.9421],[108.2733,12.9388],[108.2779,12.9374],[108.2801,12.9357],[108.28,12.9329],[108.2822,12.9294],[108.2855,12.929],[108.2991,12.9295],[108.3014,12.9306],[108.2991,12.9382],[108.2985,12.9426],[108.2949,12.9416],[108.2919,12.9443],[108.2853,12.9454],[108.2861,12.9507],[108.2889,12.9545],[108.291,12.9613],[108.2898,12.9652],[108.291,12.9665],[108.2954,12.9666],[108.2973,12.9698],[108.2933,12.9751],[108.2928,12.9768],[108.2851,12.9844],[108.2808,12.9847],[108.2778,12.9859],[108.276,12.9879],[108.2764,12.9914],[108.2777,12.9944],[108.2795,12.9952]]]},"properties":{"ma_xa":"24316","ten_xa":"Pơng Drang","sap_nhap":"Pơng Drang (thị trấn), Ea Ngai, Tân Lập","tru_so":"đang cập nhật","loai":"Xã","cap":2,"stt":24,"dtich_km2":85.03,"dan_so":30208,"matdo_km2":355.26,"ma_tinh":"66","ten_tinh":"Đắk Lắk"}},
{"type":"Feature","geometry":{"type":"Polygon","coordinates":[[[108.1297,12.8417],[108.1268,12.841],[108.1255,12.8389],[108.1225,12.8384],[108.1184,12.8402],[108.118,12.8384],[108.1114,12.8413],[108.1082,12.842],[108.1042,12.835],[108.0928,12.8435],[108.09,12.8407],[108.0858,12.838],[108.0819,12.8364],[108.0761,12.8318],[108.0756,12.8235],[108.0706,12.8238],[108.0707,12.8224],[108.0607,12.8229],[108.0544,12.8257],[108.0511,12.825],[108.0475,12.8261],[108.0455,12.8245],[108.039,12.8246],[108.037,12.8274],[108.0311,12.8273],[108.0263,12.8242],[108.0237,12.8254],[108.0223,12.8219],[108.018,12.8208],[108.0171,12.8182],[108.0223,12.816],[108.0199,12.8079],[108.0178,12.797],[108.018,12.7933],[108.0225,12.7963],[108.0233,12.7944],[108.0206,12.7928],[108.0178,12.788],[108.0133,12.7852],[108.0111,12.7852],[108.01,12.7776],[108.0055,12.7764],[108.0052,12.7672],[108.0065,12.764],[108.0078,12.7578],[108.0118,12.7533],[108.0148,12.753],[108.0164,12.7499],[108.0189,12.748],[108.0221,12.7486],[108.0255,12.7463],[108.028,12.7461],[108.0302,12.7439],[108.0339,12.7445],[108.0392,12.7443],[108.042,12.7434],[108.0463,12.7452],[108.0488,12.744],[108.0538,12.7439],[108.0616,12.7416],[108.0609,12.7465],[108.07,12.7459],[108.0698,12.7421],[108.0793,12.742],[108.0833,12.74],[108.0838,12.7439],[108.0815,12.7473],[108.0858,12.7504],[108.0824,12.7553],[108.0854,12.7559],[108.0889,12.7552],[108.0884,12.7641],[108.09,12.7658],[108.0953,12.7669],[108.0973,12.7646],[108.1039,12.7636],[108.1054,12.7624],[108.1109,12.7608],[108.1165,12.7617],[108.1163,12.7658],[108.1215,12.7665],[108.1216,12.7647],[108.1273,12.766],[108.1299,12.768],[108.1326,12.7715],[108.1302,12.7733],[108.132,12.7756],[108.1331,12.7799],[108.1263,12.7845],[108.1241,12.788],[108.1197,12.7914],[108.1165,12.796],[108.1155,12.8038],[108.1237,12.8036],[108.1187,12.8113],[108.1227,12.8139],[108.1231,12.8169],[108.1261,12.8162],[108.134,12.8181],[108.1374,12.8173],[108.1381,12.8201],[108.135,12.82],[108.1352,12.8236],[108.142,12.8265],[108.1449,12.8294],[108.1444,12.8332],[108.1431,12.8341],[108.1358,12.8359],[108.1328,12.8376],[108.1297,12.8417]]]},"properties":{"ma_xa":"24259","ten_xa":"Quảng Phú","sap_nhap":"Quảng Phú (thị trấn), Ea Pốk (thị trấn), Cư Suê, Quảng Tiến","tru_so":"đang cập nhật","loai":"Xã","cap":2,"stt":20,"dtich_km2":111.34,"dan_so":61104,"matdo_km2":548.81,"ma_tinh":"66","ten_tinh":"Đắk Lắk"}},
{"type":"Feature","geometry":{"type":"Polygon","coordinates":[[[109.0375,13.1741],[109.0319,13.1697],[109.029,13.1662],[109.0177,13.1656],[109.011,13.1627],[109.0096,13.1658],[109.0069,13.1642],[108.9977,13.1617],[108.9963,13.1627],[108.9924,13.1621],[108.9902,13.1642],[108.9856,13.1659],[108.9841,13.1695],[108.9806,13.171],[108.9782,13.17],[108.9764,13.1734],[108.9742,13.1731],[108.9711,13.1746],[108.9703,13.1795],[108.9667,13.178],[108.9621,13.1794],[108.9599,13.1769],[108.957,13.1808],[108.9536,13.1773],[108.9498,13.1791],[108.9458,13.1782],[108.9428,13.1766],[108.9312,13.1772],[108.9305,13.1742],[108.924,13.1767],[108.9189,13.1797],[108.9228,13.185],[108.922,13.1871],[108.9188,13.1882],[108.9162,13.1873],[108.9085,13.1815],[108.9035,13.1817],[108.8967,13.1778],[108.8935,13.1787],[108.89,13.1784],[108.8896,13.1762],[108.8857,13.174],[108.8837,13.1745],[108.8732,13.1668],[108.8788,13.163],[108.8748,13.1573],[108.8819,13.1577],[108.8837,13.1588],[108.8856,13.1559],[108.8878,13.1549],[108.886,13.1515],[108.8902,13.1485],[108.8936,13.1478],[108.896,13.1503],[108.8989,13.1485],[108.8977,13.1444],[108.8989,13.1416],[108.8967,13.1377],[108.9025,13.1318],[108.8985,13.128],[108.8949,13.1228],[108.8948,13.1168],[108.8969,13.1155],[108.8983,13.1126],[108.9033,13.1132],[108.9056,13.1145],[108.9073,13.1126],[108.9075,13.1093],[108.9114,13.1069],[108.9105,13.1039],[108.9113,13.102],[108.9154,13.0999],[108.9176,13.0996],[108.9221,13.0969],[108.926,13.0967],[108.9275,13.0936],[108.9313,13.0916],[108.9308,13.0892],[108.9276,13.0882],[108.923,13.0798],[108.9231,13.0775],[108.9201,13.0739],[108.9227,13.0704],[108.9277,13.0712],[108.9306,13.0689],[108.9319,13.0636],[108.9388,13.0575],[108.9467,13.049],[108.9531,13.0448],[108.9581,13.0432],[108.9607,13.0407],[108.9685,13.0386],[108.9727,13.0344],[108.977,13.0274],[108.981,13.025],[108.9906,13.025],[108.9929,13.0277],[108.9936,13.0316],[108.9956,13.0342],[108.9968,13.0386],[109.0009,13.0431],[109.0067,13.0447],[109.0099,13.0444],[109.0131,13.0395],[109.018,13.0372],[109.0204,13.033],[109.0237,13.0311],[109.0292,13.0305],[109.0325,13.0286],[109.0352,13.0297],[109.0399,13.0288],[109.0444,13.03],[109.0489,13.0293],[109.0539,13.0251],[109.0568,13.0259],[109.0599,13.0271],[109.0678,13.0315],[109.0726,13.0357],[109.0739,13.0378],[109.0754,13.0429],[109.078,13.0471],[109.0804,13.0489],[109.0832,13.0487],[109.0847,13.0532],[109.0839,13.056],[109.0792,13.0606],[109.0835,13.0675],[109.0828,13.0712],[109.085,13.0714],[109.0849,13.0749],[109.0861,13.0768],[109.086,13.0806],[109.0887,13.0801],[109.0917,13.0834],[109.0975,13.0835],[109.0991,13.0879],[109.1011,13.0902],[109.1054,13.0885],[109.1075,13.0894],[109.1085,13.0936],[109.1074,13.0982],[109.1115,13.1001],[109.1116,13.1051],[109.1049,13.107],[109.103,13.1104],[109.0964,13.1093],[109.093,13.1073],[109.0917,13.103],[109.0884,13.1039],[109.0838,13.1035],[109.0812,13.101],[109.0786,13.1028],[109.0732,13.1038],[109.0721,13.1082],[109.0682,13.1105],[109.0669,13.1099],[109.0561,13.1147],[109.0554,13.1173],[109.0533,13.12],[109.0523,13.124],[109.0531,13.1263],[109.0503,13.1288],[109.0502,13.1322],[109.0531,13.1338],[109.055,13.1365],[109.0545,13.1399],[109.0615,13.141],[109.0632,13.1429],[109.0661,13.1419],[109.0679,13.1474],[109.0648,13.1507],[109.0613,13.1506],[109.0564,13.1483],[109.0523,13.1539],[109.0498,13.1562],[109.0466,13.1569],[109.044,13.159],[109.0451,13.1625],[109.0442,13.1646],[109.0442,13.1689],[109.0375,13.1741]]]},"properties":{"ma_xa":"22165","ten_xa":"Sơn Hòa","sap_nhap":"Củng Sơn (thị trấn), Suối Bạc, Sơn Hà, Sơn Nguyên, Sơn Phước","tru_so":"đang cập nhật","loai":"Xã","cap":2,"stt":91,"dtich_km2":267.39,"dan_so":40825,"matdo_km2":152.68,"ma_tinh":"66","ten_tinh":"Đắk Lắk"}},
{"type":"Feature","geometry":{"type":"Polygon","coordinates":[[[109.1818,13.0059],[109.1787,13.0008],[109.1752,12.999],[109.1748,12.9968],[109.1696,12.9948],[109.165,12.9938],[109.1612,12.9907],[109.1555,12.9897],[109.1506,12.9931],[109.1448,12.995],[109.1352,12.9936],[109.1283,12.9966],[109.126,12.9968],[109.1216,13.0011],[109.1177,13.0033],[109.1135,13.0117],[109.1125,13.0161],[109.1138,13.022],[109.114,13.0291],[109.1131,13.0314],[109.1103,13.0326],[109.1069,13.0321],[109.1022,13.0276],[109.0982,13.0259],[109.0941,13.0268],[109.0919,13.0292],[109.0873,13.0384],[109.0866,13.0444],[109.0832,13.0487],[109.0804,13.0489],[109.078,13.0471],[109.0754,13.0429],[109.0739,13.0378],[109.0726,13.0357],[109.0678,13.0315],[109.0599,13.0271],[109.0568,13.0259],[109.0558,13.024],[109.0507,13.0232],[109.0463,13.0197],[109.0451,13.0151],[109.0434,13.0121],[109.046,13.0101],[109.0467,13.0063],[109.0443,13.0045],[109.0447,12.9998],[109.0411,13],[109.041,12.9964],[109.0368,12.9932],[109.0386,12.9872],[109.0385,12.9847],[109.037,12.9805],[109.0355,12.9796],[109.0339,12.9746],[109.0304,12.975],[109.0298,12.9726],[109.0275,12.9711],[109.0268,12.9658],[109.0278,12.9586],[109.0311,12.9546],[109.0304,12.9495],[109.0259,12.9448],[109.0258,12.9407],[109.0225,12.9361],[109.0202,12.9263],[109.0203,12.9216],[109.0222,12.9196],[109.0234,12.9124],[109.018,12.9074],[109.0164,12.9022],[109.015,12.9012],[109.0112,12.9022],[109.0106,12.9001],[109.0077,12.8982],[109.0085,12.8949],[109.004,12.8911],[109.0023,12.8912],[109.0012,12.8875],[109.0013,12.8824],[109.0004,12.8763],[109.0003,12.8719],[109.0059,12.8687],[109.0131,12.8705],[109.0174,12.8695],[109.0243,12.8654],[109.0268,12.8659],[109.0332,12.8631],[109.0354,12.8582],[109.0387,12.8601],[109.0416,12.8596],[109.0448,12.8555],[109.046,12.8519],[109.0479,12.8511],[109.0524,12.8513],[109.0586,12.8579],[109.0606,12.8576],[109.0674,12.8603],[109.0716,12.8586],[109.0718,12.8556],[109.0734,12.8537],[109.0802,12.8499],[109.0832,12.8504],[109.0877,12.8549],[109.0919,12.8554],[109.0955,12.857],[109.0979,12.8593],[109.1035,12.8586],[109.1073,12.8599],[109.1128,12.8606],[109.1166,12.8671],[109.1114,12.8684],[109.1111,12.8738],[109.1118,12.8758],[109.1145,12.8782],[109.1149,12.8827],[109.1175,12.8848],[109.117,12.8892],[109.114,12.8882],[109.1107,12.8891],[109.1071,12.8889],[109.1044,12.8905],[109.1018,12.8892],[109.0961,12.8951],[109.0925,12.8997],[109.0944,12.9052],[109.0938,12.9119],[109.0976,12.912],[109.1064,12.9158],[109.1096,12.9191],[109.1079,12.9203],[109.1051,12.9265],[109.1048,12.9319],[109.1092,12.9359],[109.1149,12.9375],[109.1167,12.9403],[109.1189,12.9414],[109.1206,12.9382],[109.124,12.9366],[109.1261,12.9377],[109.1332,12.9365],[109.1364,12.9404],[109.1406,12.9411],[109.1427,12.9388],[109.1476,12.9389],[109.1511,12.9418],[109.1549,12.946],[109.1578,12.9467],[109.1658,12.9449],[109.1698,12.9457],[109.1747,12.9498],[109.1764,12.9531],[109.169,12.9625],[109.17,12.9655],[109.1682,12.9675],[109.1699,12.97],[109.1729,12.9705],[109.1756,12.9693],[109.179,12.9698],[109.184,12.9742],[109.1886,12.9727],[109.1924,12.9757],[109.1893,12.9773],[109.1826,12.9789],[109.1843,12.9818],[109.1827,12.9868],[109.1805,12.9873],[109.1794,12.9894],[109.1827,12.9921],[109.1815,12.9951],[109.1818,13.0059]]]},"properties":{"ma_xa":"22250","ten_xa":"Sơn Thành","sap_nhap":"Hòa Phú (huyện Tây Hòa), Sơn Thành Đông, Sơn Thành Tây","tru_so":"đang cập nhật","loai":"Xã","cap":2,"stt":90,"dtich_km2":218.11,"dan_so":27838,"matdo_km2":127.63,"ma_tinh":"66","ten_tinh":"Đắk Lắk"}},
{"type":"Feature","geometry":{"type":"MultiPolygon","coordinates":[[[[109.2498,13.4484],[109.2538,13.4508],[109.2527,13.4525],[109.2496,13.451],[109.2498,13.4484]]],[[[109.273,13.4546],[109.2748,13.4568],[109.2738,13.4599],[109.2709,13.4594],[109.273,13.4546]]],[[[109.2894,13.5281],[109.2866,13.5223],[109.2857,13.5142],[109.2818,13.5139],[109.2788,13.5153],[109.2745,13.5191],[109.268,13.5214],[109.2651,13.5237],[109.2631,13.5269],[109.2622,13.5339],[109.2582,13.5365],[109.2513,13.5375],[109.2479,13.5385],[109.2462,13.5369],[109.237,13.5382],[109.2335,13.5377],[109.2319,13.5354],[109.2289,13.5356],[109.2282,13.5372],[109.2241,13.5355],[109.223,13.532],[109.224,13.5304],[109.22,13.5282],[109.2163,13.5301],[109.2082,13.5308],[109.2013,13.5321],[109.2012,13.5279],[109.2022,13.5244],[109.2048,13.5229],[109.2036,13.5196],[109.201,13.5176],[109.2017,13.5153],[109.2,13.5068],[109.2008,13.5019],[109.2051,13.5014],[109.2058,13.498],[109.2046,13.4942],[109.2064,13.4893],[109.208,13.4879],[109.2115,13.4873],[109.2108,13.4842],[109.2091,13.4825],[109.2094,13.48],[109.2068,13.4758],[109.2074,13.4729],[109.2052,13.4686],[109.2043,13.4654],[109.2021,13.4611],[109.2073,13.4567],[109.2063,13.4553],[109.2095,13.4482],[109.2122,13.4437],[109.2169,13.4424],[109.2155,13.4457],[109.2165,13.4479],[109.2224,13.4466],[109.2237,13.4474],[109.2261,13.4556],[109.2245,13.4593],[109.2288,13.4664],[109.2327,13.4703],[109.2335,13.4722],[109.2327,13.4776],[109.2304,13.4779],[109.2293,13.4807],[109.2343,13.4861],[109.2402,13.4871],[109.2427,13.4885],[109.2416,13.4922],[109.2438,13.4926],[109.246,13.49],[109.2515,13.4822],[109.2607,13.4798],[109.2634,13.4808],[109.2703,13.4752],[109.2722,13.4717],[109.2753,13.4696],[109.277,13.4649],[109.2811,13.4617],[109.2842,13.4626],[109.2902,13.4596],[109.2922,13.457],[109.2928,13.4507],[109.2909,13.4468],[109.2883,13.4457],[109.2839,13.4476],[109.2832,13.4435],[109.2805,13.4431],[109.2781,13.4386],[109.2774,13.4348],[109.2714,13.433],[109.2657,13.4348],[109.2619,13.4325],[109.2588,13.4278],[109.2589,13.4263],[109.2645,13.4214],[109.2656,13.4152],[109.2682,13.4123],[109.2716,13.4154],[109.278,13.4148],[109.2818,13.4155],[109.2882,13.4153],[109.2889,13.4175],[109.2917,13.417],[109.2942,13.4146],[109.2946,13.4124],[109.2928,13.4111],[109.2927,13.4087],[109.2956,13.4053],[109.3002,13.406],[109.2992,13.4119],[109.3039,13.4165],[109.3055,13.4151],[109.3112,13.4135],[109.3095,13.4182],[109.3117,13.4273],[109.3101,13.438],[109.3129,13.4417],[109.3198,13.4443],[109.3156,13.4515],[109.3155,13.4551],[109.3166,13.4594],[109.3184,13.4624],[109.3224,13.4654],[109.3253,13.4648],[109.3261,13.4623],[109.3301,13.4624],[109.3305,13.4642],[109.3288,13.4671],[109.33,13.4689],[109.3275,13.4703],[109.3258,13.4728],[109.3221,13.4733],[109.3187,13.4701],[109.3198,13.467],[109.3144,13.4643],[109.3095,13.4647],[109.306,13.4662],[109.3011,13.4702],[109.297,13.4755],[109.2943,13.48],[109.2908,13.4875],[109.2877,13.4972],[109.2877,13.5005],[109.2901,13.5072],[109.2946,13.5117],[109.2973,13.5122],[109.3009,13.5099],[109.3004,13.5164],[109.3009,13.5179],[109.2993,13.5222],[109.2952,13.5263],[109.2894,13.5281]]]]},"properties":{"ma_xa":"22051","ten_xa":"Sông Cầu","sap_nhap":"Xuân Yên, Xuân Phú, Xuân Phương, Xuân Thịnh","tru_so":"đang cập nhật","loai":"Phường","cap":2,"stt":76,"dtich_km2":90.49,"dan_so":38891,"matdo_km2":429.78,"ma_tinh":"66","ten_tinh":"Đắk Lắk"}},
{"type":"Feature","geometry":{"type":"Polygon","coordinates":[[[109.0012,12.8875],[108.9984,12.8917],[109.002,12.8936],[109.004,12.8965],[109.0039,12.899],[109.0006,12.9044],[108.9676,12.931],[108.9464,12.9269],[108.9458,12.9296],[108.9427,12.9334],[108.9416,12.9362],[108.9393,12.938],[108.9405,12.9414],[108.9384,12.9421],[108.9376,12.9464],[108.9361,12.949],[108.9357,12.953],[108.937,12.9586],[108.9401,12.96],[108.9437,12.9668],[108.9419,12.9732],[108.9443,12.9769],[108.9442,12.9805],[108.9408,12.9866],[108.9476,12.9898],[108.9495,12.9919],[108.9516,12.9917],[108.9519,12.9966],[108.954,13.0006],[108.951,13.0005],[108.9447,12.9986],[108.9402,12.9979],[108.9353,12.9985],[108.9335,12.9995],[108.9296,12.999],[108.9306,13.002],[108.9265,13.0043],[108.9234,13.0048],[108.9226,13.0066],[108.9162,13.0092],[108.9058,13.0103],[108.9046,13.0083],[108.901,13.0099],[108.9002,13.0114],[108.8947,13.0138],[108.8869,13.0065],[108.8857,13.0043],[108.882,13.0013],[108.8775,13.004],[108.8695,12.9982],[108.8689,12.9956],[108.8666,12.9936],[108.8619,12.9929],[108.8568,12.9943],[108.8536,12.991],[108.8493,12.9914],[108.8465,12.9925],[108.8407,12.9905],[108.838,12.9848],[108.8384,12.9823],[108.8419,12.9773],[108.8411,12.9745],[108.8449,12.9737],[108.8462,12.9759],[108.8517,12.9758],[108.8549,12.9765],[108.8614,12.9723],[108.8595,12.9711],[108.8573,12.9653],[108.8596,12.9611],[108.8567,12.9595],[108.8575,12.9537],[108.8568,12.9507],[108.8541,12.9502],[108.8546,12.9452],[108.8507,12.9462],[108.8445,12.9429],[108.8438,12.9398],[108.8417,12.9394],[108.841,12.9337],[108.8433,12.9316],[108.8456,12.9275],[108.8451,12.9256],[108.8468,12.9204],[108.8442,12.9188],[108.84,12.9216],[108.8395,12.9164],[108.8378,12.9158],[108.8385,12.9111],[108.8368,12.909],[108.8313,12.9057],[108.83,12.906],[108.8226,12.9012],[108.8227,12.8931],[108.8223,12.889],[108.821,12.8874],[108.8155,12.8856],[108.8144,12.8762],[108.8151,12.875],[108.8175,12.8731],[108.8163,12.8709],[108.8177,12.8693],[108.8205,12.8689],[108.8228,12.8661],[108.8261,12.868],[108.8294,12.8674],[108.8317,12.8653],[108.8327,12.8616],[108.8345,12.8619],[108.8391,12.8595],[108.8405,12.8568],[108.8457,12.8571],[108.8479,12.8551],[108.8504,12.8544],[108.8521,12.8513],[108.85,12.8504],[108.8476,12.8444],[108.8501,12.8411],[108.8493,12.8368],[108.8506,12.8332],[108.8534,12.8332],[108.8533,12.8309],[108.858,12.826],[108.8612,12.8263],[108.8652,12.8242],[108.8658,12.8189],[108.8683,12.8162],[108.8752,12.8163],[108.8797,12.8142],[108.8839,12.815],[108.8868,12.817],[108.8912,12.8149],[108.8939,12.8156],[108.9024,12.8135],[108.9037,12.8145],[108.9112,12.8087],[108.9158,12.811],[108.9273,12.8105],[108.9382,12.8105],[108.94,12.805],[108.9412,12.8072],[108.9448,12.8055],[108.9461,12.8061],[108.9476,12.8109],[108.9521,12.8103],[108.9569,12.8116],[108.96,12.8133],[108.9632,12.816],[108.9705,12.8163],[108.9722,12.8153],[108.9717,12.8085],[108.9738,12.8071],[108.9741,12.8047],[108.9713,12.7995],[108.9747,12.7997],[108.976,12.7963],[108.9725,12.7898],[108.9753,12.79],[108.9746,12.7866],[108.9773,12.7844],[108.9808,12.7866],[108.9808,12.7828],[108.9846,12.7834],[108.9873,12.7822],[108.9883,12.7778],[108.9869,12.7725],[108.9858,12.7708],[108.9874,12.7673],[108.9914,12.761],[108.9908,12.7586],[108.9913,12.754],[108.9884,12.7512],[108.9882,12.7468],[108.9844,12.7445],[108.9848,12.7382],[108.9864,12.7351],[108.9868,12.7278],[108.9902,12.7233],[108.9947,12.7206],[108.9934,12.7184],[108.995,12.715],[108.9921,12.7092],[108.9912,12.7047],[109.0042,12.7141],[109.0049,12.7163],[109.0087,12.7191],[109.0117,12.7192],[109.0179,12.7227],[109.0163,12.7263],[109.0146,12.7279],[109.0161,12.7301],[109.0208,12.7318],[109.0248,12.7362],[109.0278,12.7347],[109.0313,12.7349],[109.0333,12.7367],[109.0382,12.7367],[109.0393,12.7393],[109.0372,12.744],[109.0386,12.7458],[109.0431,12.7444],[109.0458,12.747],[109.0487,12.7476],[109.0536,12.7458],[109.0557,12.7471],[109.0585,12.7446],[109.065,12.7513],[109.0681,12.7536],[109.0729,12.749],[109.0736,12.7467],[109.0785,12.7443],[109.0844,12.7431],[109.0853,12.7439],[109.0901,12.7474],[109.0897,12.7496],[109.0922,12.751],[109.0908,12.7558],[109.0903,12.76],[109.0917,12.7635],[109.0955,12.7643],[109.0967,12.7656],[109.1015,12.7683],[109.102,12.7728],[109.1057,12.7731],[109.1064,12.7765],[109.1094,12.781],[109.1087,12.7847],[109.1123,12.7859],[109.1147,12.7892],[109.1152,12.7931],[109.114,12.7954],[109.1152,12.798],[109.1115,12.7968],[109.1078,12.8003],[109.1052,12.8043],[109.0999,12.8055],[109.0982,12.8104],[109.0976,12.8165],[109.0963,12.8194],[109.0944,12.8202],[109.0918,12.8234],[109.0908,12.8269],[109.0932,12.8356],[109.0993,12.8462],[109.0941,12.8467],[109.0946,12.8514],[109.0919,12.8554],[109.0877,12.8549],[109.0832,12.8504],[109.0802,12.8499],[109.0734,12.8537],[109.0718,12.8556],[109.0716,12.8586],[109.0674,12.8603],[109.0606,12.8576],[109.0586,12.8579],[109.0524,12.8513],[109.0479,12.8511],[109.046,12.8519],[109.0448,12.8555],[109.0416,12.8596],[109.0387,12.8601],[109.0354,12.8582],[109.0332,12.8631],[109.0268,12.8659],[109.0243,12.8654],[109.0174,12.8695],[109.0131,12.8705],[109.0059,12.8687],[109.0003,12.8719],[109.0004,12.8763],[109.0013,12.8824],[109.0012,12.8875]]]},"properties":{"ma_xa":"22207","ten_xa":"Sông Hinh","sap_nhap":"Hai Riêng (thị trấn), Ea Trol, Sông Hinh, Ea Bia (1 phần)","tru_so":"đang cập nhật","loai":"Xã","cap":2,"stt":98,"dtich_km2":460.13,"dan_so":23841,"matdo_km2":51.81,"ma_tinh":"66","ten_tinh":"Đắk Lắk"}},
{"type":"Feature","geometry":{"type":"Polygon","coordinates":[[[108.8732,13.1668],[108.8691,13.1705],[108.8662,13.1702],[108.8653,13.1725],[108.8591,13.1734],[108.8578,13.1715],[108.8545,13.1704],[108.8502,13.1737],[108.8462,13.1727],[108.8406,13.1673],[108.8424,13.1645],[108.8372,13.1615],[108.8338,13.1626],[108.8298,13.1651],[108.8255,13.1621],[108.8245,13.1572],[108.8246,13.1547],[108.8224,13.1535],[108.8211,13.1561],[108.8151,13.1591],[108.8125,13.1579],[108.8107,13.1551],[108.8072,13.1525],[108.8055,13.1463],[108.803,13.1478],[108.8039,13.1506],[108.8026,13.1519],[108.7978,13.1521],[108.7961,13.1414],[108.7931,13.1417],[108.7914,13.1468],[108.7902,13.147],[108.7869,13.1415],[108.7827,13.1424],[108.7808,13.1464],[108.7783,13.147],[108.7757,13.1443],[108.7776,13.138],[108.7732,13.1357],[108.7671,13.1344],[108.7642,13.1351],[108.7616,13.1337],[108.7605,13.1252],[108.7615,13.124],[108.7666,13.1231],[108.769,13.121],[108.7692,13.119],[108.7675,13.1169],[108.7643,13.1174],[108.7601,13.1153],[108.757,13.1074],[108.7563,13.1016],[108.7646,13.095],[108.7678,13.095],[108.7708,13.0967],[108.7724,13.1011],[108.7738,13.1017],[108.7836,13.0983],[108.789,13.0943],[108.7922,13.0935],[108.7982,13.094],[108.8031,13.0935],[108.8081,13.0909],[108.809,13.0866],[108.8063,13.0813],[108.8068,13.078],[108.8111,13.0743],[108.8135,13.0702],[108.8159,13.0635],[108.818,13.0597],[108.8271,13.0535],[108.8309,13.0483],[108.8363,13.0438],[108.8383,13.0413],[108.8426,13.0386],[108.8509,13.035],[108.8546,13.0328],[108.8664,13.0218],[108.8711,13.0153],[108.8736,13.0136],[108.8835,13.0111],[108.8876,13.0107],[108.8947,13.0138],[108.8976,13.0181],[108.9,13.0195],[108.9064,13.0199],[108.9087,13.0228],[108.9092,13.0253],[108.9113,13.0268],[108.9181,13.0278],[108.9201,13.0301],[108.9178,13.0356],[108.9178,13.0382],[108.9156,13.0442],[108.9129,13.0495],[108.9161,13.055],[108.9169,13.0587],[108.9188,13.0606],[108.92,13.0679],[108.9227,13.0704],[108.9201,13.0739],[108.9231,13.0775],[108.923,13.0798],[108.9276,13.0882],[108.9308,13.0892],[108.9313,13.0916],[108.9275,13.0936],[108.926,13.0967],[108.9221,13.0969],[108.9176,13.0996],[108.9154,13.0999],[108.9113,13.102],[108.9105,13.1039],[108.9114,13.1069],[108.9075,13.1093],[108.9073,13.1126],[108.9056,13.1145],[108.9033,13.1132],[108.8983,13.1126],[108.8969,13.1155],[108.8948,13.1168],[108.8949,13.1228],[108.8985,13.128],[108.9025,13.1318],[108.8967,13.1377],[108.8989,13.1416],[108.8977,13.1444],[108.8989,13.1485],[108.896,13.1503],[108.8936,13.1478],[108.8902,13.1485],[108.886,13.1515],[108.8878,13.1549],[108.8856,13.1559],[108.8837,13.1588],[108.8819,13.1577],[108.8748,13.1573],[108.8788,13.163],[108.8732,13.1668]]]},"properties":{"ma_xa":"22192","ten_xa":"Suối Trai","sap_nhap":"Ea Chà Rang, Krông Pa, Suối Trai","tru_so":"đang cập nhật","loai":"Xã","cap":2,"stt":94,"dtich_km2":186.95,"dan_so":11387,"matdo_km2":60.91,"ma_tinh":"66","ten_tinh":"Đắk Lắk"}},
{"type":"Feature","geometry":{"type":"Polygon","coordinates":[[[108.4659,13.148],[108.4578,13.1457],[108.454,13.1487],[108.451,13.1497],[108.447,13.1483],[108.4439,13.1492],[108.4366,13.148],[108.4374,13.146],[108.4341,13.1455],[108.4321,13.1416],[108.43,13.1417],[108.4354,13.1315],[108.4358,13.1252],[108.43,13.1188],[108.4254,13.121],[108.4205,13.1207],[108.4099,13.1157],[108.4118,13.1113],[108.418,13.1081],[108.4153,13.1037],[108.4205,13.0996],[108.4195,13.0952],[108.4175,13.0959],[108.4141,13.0897],[108.4094,13.0894],[108.4063,13.0847],[108.4069,13.0808],[108.4041,13.0792],[108.4033,13.075],[108.4006,13.0726],[108.3989,13.0686],[108.3997,13.064],[108.3978,13.0582],[108.3982,13.0555],[108.3955,13.052],[108.3918,13.0527],[108.3903,13.0516],[108.3869,13.0534],[108.3856,13.0516],[108.3779,13.053],[108.3742,13.0499],[108.3724,13.0499],[108.3717,13.0468],[108.374,13.0445],[108.3732,13.04],[108.3686,13.0353],[108.3739,13.0341],[108.3734,13.0302],[108.3711,13.0271],[108.3746,13.0223],[108.3793,13.0232],[108.3799,13.0186],[108.3831,13.0203],[108.3861,13.0208],[108.3873,13.0188],[108.3842,13.0153],[108.3819,13.0163],[108.3808,13.0122],[108.3779,13.014],[108.3745,13.0108],[108.3778,13.0084],[108.3745,13.0047],[108.3717,13.0067],[108.3675,13.0048],[108.366,13.0008],[108.3682,12.998],[108.3716,12.9965],[108.3716,12.9925],[108.3729,12.9837],[108.3778,12.9814],[108.3793,12.9768],[108.3769,12.9712],[108.3783,12.9682],[108.3808,12.9651],[108.3864,12.9645],[108.3876,12.9611],[108.3814,12.9572],[108.3811,12.9555],[108.3852,12.9526],[108.3868,12.9532],[108.3882,12.9503],[108.3882,12.9474],[108.3848,12.9416],[108.3846,12.9383],[108.3888,12.9338],[108.3914,12.9324],[108.3989,12.9302],[108.4026,12.9283],[108.4074,12.9346],[108.4081,12.9382],[108.4101,12.9379],[108.4115,12.9411],[108.4163,12.9455],[108.4172,12.9426],[108.4258,12.9431],[108.4285,12.9441],[108.4323,12.9471],[108.4353,12.9455],[108.4367,12.947],[108.4374,12.9528],[108.4323,12.9535],[108.4315,12.96],[108.427,12.9653],[108.4249,12.9655],[108.422,12.9689],[108.4161,12.971],[108.414,12.9751],[108.414,12.9774],[108.4123,12.9816],[108.4095,12.9852],[108.4099,12.9941],[108.4125,12.997],[108.4175,12.9967],[108.4173,12.9984],[108.4279,12.9999],[108.4338,12.9996],[108.437,12.9983],[108.4409,12.9989],[108.4496,12.998],[108.4547,12.9951],[108.4587,12.999],[108.4622,12.9987],[108.4663,12.9971],[108.4688,12.9985],[108.4797,12.9924],[108.4817,12.9933],[108.4814,12.9955],[108.4828,13.0019],[108.4815,13.0041],[108.4807,13.009],[108.4791,13.0102],[108.4801,13.0127],[108.4772,13.0184],[108.4777,13.021],[108.4864,13.0204],[108.4898,13.0207],[108.4922,13.0228],[108.4923,13.0272],[108.4957,13.0303],[108.4956,13.0327],[108.5131,13.0344],[108.5108,13.0374],[108.5137,13.0402],[108.5136,13.0421],[108.5112,13.046],[108.5148,13.0551],[108.5166,13.0581],[108.5166,13.0605],[108.5212,13.0634],[108.5174,13.0678],[108.5193,13.0713],[108.5181,13.0733],[108.5149,13.0716],[108.513,13.0758],[108.5093,13.0801],[108.5055,13.0817],[108.5031,13.0838],[108.5005,13.0843],[108.4991,13.09],[108.4954,13.0956],[108.4884,13.0988],[108.4922,13.1022],[108.4931,13.1062],[108.4905,13.1087],[108.4872,13.1116],[108.4763,13.1153],[108.4728,13.1184],[108.4654,13.1172],[108.4614,13.1203],[108.46,13.124],[108.4576,13.1257],[108.4572,13.1288],[108.4595,13.1305],[108.4605,13.1346],[108.4676,13.1357],[108.468,13.14],[108.4643,13.1414],[108.4659,13.148]]]},"properties":{"ma_xa":"24352","ten_xa":"Tam Giang","sap_nhap":"Ea Tam, Cư Klông, Tam Giang","tru_so":"đang cập nhật","loai":"Xã","cap":2,"stt":34,"dtich_km2":195.8,"dan_so":25470,"matdo_km2":130.08,"ma_tinh":"66","ten_tinh":"Đắk Lắk"}},
{"type":"Feature","geometry":{"type":"Polygon","coordinates":[[[108.1165,12.7617],[108.1109,12.7608],[108.1054,12.7624],[108.1039,12.7636],[108.0973,12.7646],[108.0953,12.7669],[108.09,12.7658],[108.0884,12.7641],[108.0889,12.7552],[108.0854,12.7559],[108.0824,12.7553],[108.0858,12.7504],[108.0815,12.7473],[108.0838,12.7439],[108.0833,12.74],[108.0793,12.742],[108.0786,12.7225],[108.0762,12.7201],[108.0649,12.7059],[108.0642,12.7046],[108.0561,12.6947],[108.0583,12.6891],[108.0652,12.6936],[108.0697,12.6926],[108.0712,12.6955],[108.0806,12.6906],[108.0818,12.6915],[108.0871,12.6924],[108.0881,12.6941],[108.0924,12.6918],[108.0934,12.6947],[108.0986,12.6954],[108.1014,12.6944],[108.1025,12.6922],[108.1087,12.6919],[108.1141,12.6939],[108.1159,12.69],[108.1179,12.6893],[108.1185,12.6856],[108.1319,12.6874],[108.134,12.6919],[108.1365,12.6939],[108.1386,12.694],[108.1413,12.6959],[108.144,12.695],[108.1458,12.696],[108.152,12.6961],[108.1555,12.6992],[108.1573,12.7019],[108.1568,12.7035],[108.1503,12.7013],[108.1492,12.7057],[108.149,12.7094],[108.1622,12.7118],[108.162,12.7136],[108.1653,12.7148],[108.1646,12.717],[108.16,12.7163],[108.1573,12.7241],[108.1506,12.7237],[108.1484,12.7254],[108.1457,12.7361],[108.1441,12.7398],[108.1412,12.7426],[108.1337,12.7366],[108.1242,12.7412],[108.1216,12.7417],[108.1171,12.7438],[108.1174,12.7507],[108.1191,12.7507],[108.1189,12.7554],[108.1172,12.7552],[108.1165,12.7617]]]},"properties":{"ma_xa":"24163","ten_xa":"Tân An","sap_nhap":"Tân An, Ea Tu, Hòa Thuận","tru_so":"đang cập nhật","loai":"Phường","cap":2,"stt":3,"dtich_km2":56.41,"dan_so":64122,"matdo_km2":1136.71,"ma_tinh":"66","ten_tinh":"Đắk Lắk"}},
{"type":"Feature","geometry":{"type":"Polygon","coordinates":[[[108.1319,12.6874],[108.1185,12.6856],[108.1179,12.6893],[108.1159,12.69],[108.1141,12.6939],[108.1087,12.6919],[108.1025,12.6922],[108.1014,12.6944],[108.0986,12.6954],[108.0934,12.6947],[108.0924,12.6918],[108.0881,12.6941],[108.0871,12.6924],[108.0818,12.6915],[108.0806,12.6906],[108.0712,12.6955],[108.0697,12.6926],[108.0652,12.6936],[108.0583,12.6891],[108.0572,12.687],[108.0572,12.6808],[108.0594,12.678],[108.0594,12.6749],[108.0614,12.6719],[108.0625,12.6678],[108.0608,12.6666],[108.0609,12.6626],[108.0652,12.66],[108.0678,12.66],[108.0674,12.6569],[108.065,12.6562],[108.0672,12.6526],[108.0666,12.6497],[108.068,12.6482],[108.0688,12.6434],[108.0666,12.6345],[108.0756,12.634],[108.0771,12.6329],[108.0843,12.6315],[108.0823,12.6267],[108.0842,12.6226],[108.0872,12.6261],[108.0918,12.6272],[108.0926,12.6289],[108.0967,12.6296],[108.1008,12.6331],[108.1029,12.636],[108.1066,12.639],[108.1087,12.6426],[108.1099,12.6462],[108.1123,12.6485],[108.1172,12.6488],[108.1195,12.6474],[108.1244,12.6504],[108.1264,12.6495],[108.1297,12.6518],[108.1356,12.6528],[108.14,12.6519],[108.143,12.6523],[108.147,12.6508],[108.1459,12.6556],[108.146,12.6579],[108.1479,12.6626],[108.1379,12.6621],[108.1368,12.6688],[108.1348,12.6768],[108.1348,12.6797],[108.1303,12.6834],[108.1319,12.6874]]]},"properties":{"ma_xa":"24121","ten_xa":"Tân Lập","sap_nhap":"Tân Hòa, Tân Lập, Hòa Thắng (thành phố Buôn Ma Thuột)","tru_so":"đang cập nhật","loai":"Phường","cap":2,"stt":4,"dtich_km2":46.7,"dan_so":73316,"matdo_km2":1569.94,"ma_tinh":"66","ten_tinh":"Đắk Lắk"}},
{"type":"Feature","geometry":{"type":"Polygon","coordinates":[[[108.3595,12.6666],[108.354,12.6652],[108.3526,12.6725],[108.3486,12.678],[108.3453,12.6851],[108.3389,12.6834],[108.338,12.686],[108.3352,12.685],[108.3351,12.6806],[108.3376,12.6785],[108.3388,12.6756],[108.338,12.6678],[108.3411,12.6676],[108.3418,12.6646],[108.3372,12.6627],[108.3348,12.6599],[108.3344,12.6549],[108.3283,12.6531],[108.3255,12.6517],[108.3147,12.6513],[108.313,12.65],[108.3054,12.647],[108.307,12.6447],[108.304,12.6408],[108.3006,12.6413],[108.3008,12.6445],[108.2974,12.643],[108.2944,12.6406],[108.2902,12.6398],[108.289,12.6434],[108.287,12.6419],[108.2888,12.6401],[108.2887,12.6374],[108.2859,12.638],[108.2822,12.6369],[108.2795,12.6323],[108.2851,12.6261],[108.2864,12.6265],[108.295,12.624],[108.3075,12.6268],[108.317,12.6265],[108.3211,12.6272],[108.3253,12.6261],[108.3343,12.6268],[108.3397,12.626],[108.3424,12.627],[108.3464,12.6257],[108.3492,12.6213],[108.3466,12.6175],[108.3506,12.6131],[108.3551,12.6106],[108.3563,12.6088],[108.3554,12.6059],[108.354,12.5957],[108.3583,12.5973],[108.3702,12.5955],[108.3739,12.5938],[108.3762,12.5865],[108.3709,12.579],[108.3704,12.5738],[108.3722,12.569],[108.3764,12.5659],[108.3791,12.5583],[108.3823,12.5611],[108.3895,12.5581],[108.392,12.5531],[108.3945,12.5488],[108.3998,12.5557],[108.4013,12.5562],[108.4051,12.5538],[108.4085,12.5594],[108.4102,12.5638],[108.4089,12.5693],[108.4107,12.5717],[108.4124,12.5769],[108.4104,12.5804],[108.4109,12.5845],[108.4075,12.5874],[108.4022,12.5876],[108.4012,12.5895],[108.4034,12.5916],[108.4013,12.5939],[108.402,12.6016],[108.4001,12.6037],[108.4032,12.6078],[108.4057,12.6053],[108.4079,12.6064],[108.4077,12.6093],[108.412,12.6074],[108.4139,12.6088],[108.4179,12.6076],[108.4202,12.6093],[108.4194,12.6113],[108.4209,12.6164],[108.4256,12.6216],[108.4226,12.626],[108.4188,12.6287],[108.4193,12.6327],[108.4219,12.6363],[108.4253,12.6374],[108.4272,12.6398],[108.4249,12.6453],[108.4238,12.6452],[108.4181,12.6518],[108.4132,12.6536],[108.4069,12.6537],[108.4045,12.6511],[108.4026,12.6477],[108.3984,12.648],[108.398,12.6535],[108.396,12.6554],[108.3901,12.6518],[108.3855,12.6508],[108.3822,12.6533],[108.3804,12.6575],[108.3775,12.6606],[108.3747,12.665],[108.3739,12.6685],[108.3675,12.6683],[108.3656,12.665],[108.3631,12.6631],[108.3604,12.6641],[108.3595,12.6666]]]},"properties":{"ma_xa":"24526","ten_xa":"Tân Tiến","sap_nhap":"Ea Yiêng, Ea Uy, Tân Tiến","tru_so":"đang cập nhật","loai":"Xã","cap":2,"stt":38,"dtich_km2":89.43,"dan_so":28767,"matdo_km2":321.67,"ma_tinh":"66","ten_tinh":"Đắk Lắk"}},
{"type":"Feature","geometry":{"type":"Polygon","coordinates":[[[109.2915,13.0059],[109.2904,13.0128],[109.2903,13.0241],[109.291,13.0263],[109.2881,13.0307],[109.2884,13.0332],[109.2859,13.0354],[109.2843,13.04],[109.2799,13.0465],[109.2779,13.0419],[109.2752,13.0401],[109.2737,13.0365],[109.2534,13.0228],[109.2488,13.0192],[109.2424,13.0197],[109.2337,13.0222],[109.2296,13.0214],[109.2247,13.0175],[109.2143,13.0136],[109.208,13.0102],[109.2003,13.0107],[109.1951,13.0133],[109.191,13.014],[109.1855,13.0116],[109.1818,13.0059],[109.1815,12.9951],[109.1827,12.9921],[109.1794,12.9894],[109.1805,12.9873],[109.1827,12.9868],[109.1843,12.9818],[109.1826,12.9789],[109.1893,12.9773],[109.1924,12.9757],[109.1972,12.9762],[109.198,12.9784],[109.2047,12.9802],[109.209,12.9797],[109.2137,12.9773],[109.2139,12.9758],[109.2142,12.9781],[109.2122,12.9806],[109.2119,12.986],[109.2135,12.9891],[109.2197,12.9904],[109.2249,12.9901],[109.2248,12.988],[109.231,12.9874],[109.2334,12.9889],[109.2391,12.9883],[109.2491,12.9812],[109.2511,12.9835],[109.2547,12.9767],[109.2585,12.9783],[109.2607,12.9741],[109.2607,12.972],[109.2648,12.9709],[109.2673,12.9718],[109.268,12.969],[109.2649,12.966],[109.2674,12.963],[109.2681,12.9515],[109.2731,12.9502],[109.2733,12.9465],[109.2708,12.9436],[109.2685,12.9448],[109.2669,12.9424],[109.2645,12.943],[109.2636,12.9409],[109.2634,12.9356],[109.2652,12.9327],[109.2686,12.9292],[109.2711,12.9296],[109.2759,12.9271],[109.2806,12.927],[109.2832,12.9281],[109.2847,12.9302],[109.2881,12.9304],[109.2928,12.9266],[109.2957,12.9282],[109.3004,12.929],[109.307,12.9363],[109.3066,12.938],[109.3091,12.9407],[109.3064,12.9451],[109.3033,12.9477],[109.2999,12.9464],[109.2939,12.9427],[109.2888,12.9408],[109.2835,12.9374],[109.2822,12.9376],[109.2795,12.9437],[109.2769,12.9447],[109.2752,12.9525],[109.2758,12.9549],[109.2742,12.9609],[109.2721,12.9723],[109.2763,12.9762],[109.2738,12.9789],[109.2738,12.9847],[109.2765,12.9847],[109.2777,12.9896],[109.2764,12.9908],[109.2785,12.9937],[109.2755,13.0024],[109.2799,13.0037],[109.2815,13.002],[109.2847,13.0051],[109.2904,13.0066],[109.2915,13.0059]]]},"properties":{"ma_xa":"22255","ten_xa":"Tây Hòa","sap_nhap":"Phú Thứ (thị trấn), Hòa Phong (huyện Tây Hòa), Hòa Tân Tây, Hòa Bình 1 (1 phần)","tru_so":"đang cập nhật","loai":"Xã","cap":2,"stt":87,"dtich_km2":55.14,"dan_so":49720,"matdo_km2":901.7,"ma_tinh":"66","ten_tinh":"Đắk Lắk"}},
{"type":"Feature","geometry":{"type":"Polygon","coordinates":[[[109.0085,13.2881],[109.0064,13.2916],[109.0032,13.2926],[109.0034,13.2967],[109.0015,13.302],[108.9974,13.3053],[108.9954,13.3103],[108.9932,13.3128],[108.9907,13.3173],[108.9919,13.3193],[108.9883,13.324],[108.988,13.3266],[108.9851,13.3298],[108.9822,13.3298],[108.9795,13.3268],[108.9749,13.3302],[108.9726,13.329],[108.9698,13.3306],[108.9666,13.3273],[108.9633,13.3278],[108.9599,13.3267],[108.9601,13.3234],[108.957,13.3214],[108.9555,13.3218],[108.9522,13.3194],[108.9511,13.3205],[108.9456,13.3185],[108.9422,13.3145],[108.9372,13.3128],[108.9292,13.3169],[108.9257,13.3226],[108.9255,13.3243],[108.9174,13.3289],[108.9154,13.3289],[108.9136,13.331],[108.9078,13.3328],[108.902,13.3386],[108.8974,13.3414],[108.8915,13.3441],[108.89,13.3492],[108.8882,13.352],[108.8899,13.355],[108.8912,13.3594],[108.8868,13.362],[108.8858,13.3642],[108.881,13.3652],[108.8797,13.3673],[108.8746,13.3728],[108.8714,13.3754],[108.8665,13.3736],[108.8633,13.3731],[108.8617,13.374],[108.858,13.3716],[108.8536,13.3673],[108.8499,13.3684],[108.8473,13.373],[108.8459,13.3737],[108.8393,13.3708],[108.8358,13.3738],[108.8337,13.3775],[108.8327,13.3816],[108.8289,13.3823],[108.8262,13.39],[108.8219,13.3953],[108.8223,13.3971],[108.8194,13.399],[108.813,13.3978],[108.8092,13.398],[108.8069,13.4004],[108.8077,13.3933],[108.8043,13.3909],[108.805,13.3895],[108.8052,13.3803],[108.8071,13.3762],[108.8063,13.3698],[108.8065,13.3668],[108.8102,13.3603],[108.8084,13.3573],[108.8102,13.3548],[108.8147,13.3535],[108.8147,13.3507],[108.8169,13.3497],[108.8179,13.3475],[108.8208,13.3458],[108.8217,13.3439],[108.8247,13.3438],[108.8273,13.3401],[108.8276,13.3365],[108.8364,13.3285],[108.8395,13.3251],[108.8408,13.3224],[108.8404,13.3187],[108.8437,13.3157],[108.8438,13.3138],[108.846,13.3105],[108.8472,13.3067],[108.8522,13.2973],[108.8559,13.2925],[108.8592,13.2899],[108.86,13.2879],[108.863,13.2872],[108.8667,13.289],[108.8682,13.2886],[108.8718,13.2829],[108.8731,13.2797],[108.8717,13.2777],[108.8713,13.2681],[108.8698,13.267],[108.8681,13.2612],[108.8704,13.2576],[108.8708,13.254],[108.8704,13.2466],[108.8647,13.2253],[108.862,13.2255],[108.8598,13.2237],[108.8567,13.2236],[108.8536,13.218],[108.8501,13.2177],[108.8517,13.2103],[108.8505,13.2076],[108.8475,13.2044],[108.8484,13.2011],[108.8539,13.1962],[108.8551,13.1942],[108.8531,13.1921],[108.8495,13.1915],[108.8484,13.19],[108.8497,13.1862],[108.8498,13.1818],[108.8482,13.1795],[108.8456,13.1826],[108.8437,13.1798],[108.8445,13.1767],[108.8427,13.1736],[108.8385,13.1704],[108.8406,13.1673],[108.8462,13.1727],[108.8502,13.1737],[108.8545,13.1704],[108.8578,13.1715],[108.8591,13.1734],[108.8653,13.1725],[108.8662,13.1702],[108.8691,13.1705],[108.8732,13.1668],[108.8837,13.1745],[108.8857,13.174],[108.8896,13.1762],[108.89,13.1784],[108.8935,13.1787],[108.8967,13.1778],[108.9035,13.1817],[108.9085,13.1815],[108.9162,13.1873],[108.9188,13.1882],[108.922,13.1871],[108.9228,13.185],[108.9189,13.1797],[108.924,13.1767],[108.9305,13.1742],[108.9312,13.1772],[108.9428,13.1766],[108.9458,13.1782],[108.9498,13.1791],[108.9536,13.1773],[108.957,13.1808],[108.9599,13.1769],[108.9621,13.1794],[108.9667,13.178],[108.9703,13.1795],[108.9711,13.1746],[108.9742,13.1731],[108.9764,13.1734],[108.9782,13.17],[108.9806,13.171],[108.9841,13.1695],[108.9856,13.1659],[108.9902,13.1642],[108.9924,13.1621],[108.9963,13.1627],[108.9977,13.1617],[109.0069,13.1642],[109.0096,13.1658],[109.011,13.1627],[109.0177,13.1656],[109.029,13.1662],[109.0319,13.1697],[109.0375,13.1741],[109.034,13.1763],[109.0303,13.1751],[109.0285,13.1761],[109.0225,13.1824],[109.0209,13.187],[109.0207,13.1896],[109.0223,13.1937],[109.0261,13.1969],[109.0232,13.205],[109.0267,13.2095],[109.0256,13.2127],[109.0255,13.2166],[109.0265,13.2192],[109.0247,13.2236],[109.0217,13.2253],[109.0211,13.2282],[109.0187,13.2299],[109.0163,13.2333],[109.0191,13.2366],[109.0205,13.2411],[109.0209,13.2455],[109.0182,13.2497],[109.0178,13.2553],[109.0188,13.2567],[109.0199,13.2615],[109.0166,13.2631],[109.0188,13.2682],[109.0186,13.27],[109.0147,13.2734],[109.0141,13.2772],[109.0121,13.2788],[109.0105,13.286],[109.0085,13.2881]]]},"properties":{"ma_xa":"22171","ten_xa":"Tây Sơn","sap_nhap":"Sơn Hội, Cà Lúi, Phước Tân","tru_so":"đang cập nhật","loai":"Xã","cap":2,"stt":93,"dtich_km2":334.62,"dan_so":11052,"matdo_km2":33.03,"ma_tinh":"66","ten_tinh":"Đắk Lắk"}},
{"type":"Feature","geometry":{"type":"Polygon","coordinates":[[[108.0111,12.6587],[108.0095,12.6598],[108.0063,12.6593],[108.0017,12.6624],[108.0029,12.6641],[108.0033,12.6694],[108.0043,12.6729],[108.0064,12.6766],[108.014,12.6765],[108.0222,12.6723],[108.0247,12.6726],[108.0248,12.6761],[108.028,12.6773],[108.0279,12.6821],[108.0313,12.6825],[108.0314,12.6863],[108.0272,12.6875],[108.0265,12.6896],[108.02,12.6849],[108.0144,12.6864],[108.01,12.6902],[108.0066,12.6909],[108.003,12.6946],[107.9982,12.6957],[107.9951,12.6989],[107.9885,12.6987],[107.9873,12.6958],[107.988,12.6942],[107.985,12.6897],[107.9865,12.6831],[107.9848,12.6818],[107.9847,12.6735],[107.9828,12.6714],[107.9727,12.668],[107.9684,12.6702],[107.9696,12.6657],[107.9678,12.6627],[107.9631,12.6574],[107.9719,12.6495],[107.9796,12.6437],[107.9851,12.6437],[107.9854,12.6415],[107.9825,12.6397],[107.9864,12.6344],[107.986,12.632],[107.9871,12.6259],[107.9914,12.627],[107.9935,12.6254],[107.9936,12.6217],[107.9954,12.615],[107.9979,12.612],[108.0004,12.6114],[108.0059,12.6122],[108.0061,12.6144],[108.0088,12.6167],[108.0167,12.6164],[108.0182,12.6204],[108.0158,12.624],[108.0171,12.6307],[108.0146,12.6358],[108.0175,12.6387],[108.0175,12.6418],[108.0153,12.643],[108.0162,12.6457],[108.0144,12.6496],[108.0134,12.6549],[108.0114,12.6565],[108.0111,12.6587]]]},"properties":{"ma_xa":"24154","ten_xa":"Thành Nhất","sap_nhap":"Khánh Xuân, Thành Nhất","tru_so":"đang cập nhật","loai":"Phường","cap":2,"stt":5,"dtich_km2":32.22,"dan_so":52466,"matdo_km2":1628.37,"ma_tinh":"66","ten_tinh":"Đắk Lắk"}},
{"type":"Feature","geometry":{"type":"Polygon","coordinates":[[[109.2316,13.3669],[109.2298,13.3659],[109.2247,13.3657],[109.2234,13.3636],[109.221,13.3631],[109.2186,13.3651],[109.2192,13.3675],[109.2142,13.3735],[109.2104,13.3719],[109.2062,13.3676],[109.2004,13.3684],[109.1976,13.368],[109.1959,13.3654],[109.1999,13.3617],[109.1982,13.3583],[109.1946,13.3591],[109.1908,13.3589],[109.189,13.3574],[109.1916,13.352],[109.1894,13.3485],[109.1858,13.3464],[109.1808,13.3394],[109.1765,13.3346],[109.1763,13.3275],[109.1785,13.3247],[109.1771,13.3217],[109.1715,13.3205],[109.169,13.3213],[109.1683,13.3241],[109.1637,13.324],[109.163,13.3258],[109.1565,13.3228],[109.1528,13.3224],[109.1561,13.3187],[109.1626,13.3106],[109.1671,13.3066],[109.175,13.3046],[109.1763,13.2986],[109.1809,13.2994],[109.1863,13.2976],[109.1878,13.2959],[109.1879,13.293],[109.1907,13.2916],[109.1899,13.2894],[109.1835,13.2844],[109.1841,13.2811],[109.1813,13.2798],[109.1816,13.2777],[109.184,13.2747],[109.1862,13.2753],[109.19,13.2721],[109.1917,13.2764],[109.1961,13.276],[109.1982,13.279],[109.2011,13.2802],[109.2041,13.2747],[109.2069,13.2679],[109.2087,13.2668],[109.2126,13.2681],[109.2146,13.2655],[109.2182,13.267],[109.2208,13.2707],[109.2193,13.2766],[109.2227,13.2782],[109.2256,13.2775],[109.229,13.2798],[109.2285,13.2831],[109.2304,13.2869],[109.2324,13.2889],[109.2345,13.295],[109.2313,13.2979],[109.2292,13.3011],[109.2303,13.3035],[109.2269,13.3044],[109.2244,13.3069],[109.222,13.314],[109.2192,13.3167],[109.2166,13.3251],[109.2143,13.3274],[109.2159,13.3289],[109.2197,13.335],[109.2205,13.3396],[109.2266,13.3451],[109.2277,13.3498],[109.2342,13.3531],[109.2345,13.3577],[109.239,13.3604],[109.2416,13.3638],[109.2378,13.3616],[109.2329,13.3611],[109.2316,13.3669]]]},"properties":{"ma_xa":"22114","ten_xa":"Tuy An Bắc","sap_nhap":"Chí Thạnh (thị trấn), An Dân, An Định","tru_so":"đang cập nhật","loai":"Xã","cap":2,"stt":80,"dtich_km2":52.32,"dan_so":26174,"matdo_km2":500.27,"ma_tinh":"66","ten_tinh":"Đắk Lắk"}},
{"type":"Feature","geometry":{"type":"Polygon","coordinates":[[[109.285,13.3132],[109.2836,13.3171],[109.2827,13.3228],[109.2836,13.3302],[109.2852,13.3334],[109.289,13.3365],[109.2925,13.3357],[109.2933,13.3341],[109.2971,13.3335],[109.2988,13.3349],[109.2977,13.337],[109.2984,13.3397],[109.2956,13.3417],[109.2917,13.3466],[109.2907,13.3502],[109.2915,13.3538],[109.296,13.356],[109.2944,13.3587],[109.2943,13.3639],[109.2919,13.3655],[109.2875,13.3655],[109.2847,13.3641],[109.2804,13.3635],[109.276,13.366],[109.2732,13.3646],[109.2695,13.3642],[109.2703,13.3603],[109.2656,13.3571],[109.2606,13.3576],[109.2551,13.3606],[109.2524,13.3586],[109.2501,13.3627],[109.2452,13.3643],[109.2416,13.3638],[109.239,13.3604],[109.2345,13.3577],[109.2342,13.3531],[109.2277,13.3498],[109.2266,13.3451],[109.2205,13.3396],[109.2197,13.335],[109.2159,13.3289],[109.2143,13.3274],[109.2166,13.3251],[109.2192,13.3167],[109.222,13.314],[109.2244,13.3069],[109.2309,13.309],[109.2356,13.3073],[109.2375,13.3093],[109.2415,13.3085],[109.2465,13.312],[109.2549,13.3091],[109.2574,13.3101],[109.2646,13.3061],[109.2672,13.3002],[109.2678,13.2954],[109.2789,13.2947],[109.2813,13.2928],[109.2867,13.2839],[109.2905,13.2843],[109.2919,13.2873],[109.2886,13.2936],[109.2858,13.3024],[109.2839,13.3061],[109.2823,13.3123],[109.285,13.3132]]]},"properties":{"ma_xa":"22120","ten_xa":"Tuy An Đông","sap_nhap":"An Ninh Đông, An Ninh Tây, An Thạch","tru_so":"đang cập nhật","loai":"Xã","cap":2,"stt":81,"dtich_km2":46.05,"dan_so":40108,"matdo_km2":870.97,"ma_tinh":"66","ten_tinh":"Đắk Lắk"}},
{"type":"Feature","geometry":{"type":"MultiPolygon","coordinates":[[[[109.3135,13.1801],[109.3103,13.18],[109.3085,13.176],[109.3128,13.1732],[109.3124,13.1783],[109.3135,13.1801]]],[[[109.2949,13.2189],[109.2882,13.2227],[109.2863,13.2246],[109.2822,13.2253],[109.2694,13.2211],[109.2668,13.2156],[109.2641,13.2122],[109.2618,13.2121],[109.2553,13.2058],[109.2531,13.2054],[109.2477,13.2073],[109.2428,13.205],[109.2388,13.2066],[109.2356,13.2092],[109.2336,13.2088],[109.2288,13.204],[109.2253,13.2029],[109.2251,13.198],[109.2175,13.1969],[109.2145,13.1987],[109.2109,13.1989],[109.2085,13.2002],[109.2093,13.2028],[109.2063,13.2108],[109.2035,13.2138],[109.2006,13.213],[109.2014,13.2117],[109.2001,13.2074],[109.2008,13.2039],[109.1949,13.1989],[109.1903,13.1989],[109.1875,13.1956],[109.1857,13.1868],[109.1823,13.1833],[109.1779,13.1814],[109.1764,13.1797],[109.1742,13.1802],[109.1714,13.1775],[109.1637,13.1762],[109.1607,13.1771],[109.1582,13.1739],[109.1582,13.1713],[109.1559,13.1688],[109.1531,13.1699],[109.1478,13.1695],[109.1454,13.1687],[109.1479,13.1659],[109.1483,13.1608],[109.1519,13.1566],[109.155,13.1554],[109.1552,13.1505],[109.1595,13.1445],[109.1611,13.1431],[109.1762,13.1434],[109.1783,13.1536],[109.1799,13.1546],[109.1817,13.1582],[109.183,13.1663],[109.1866,13.1684],[109.1924,13.1667],[109.196,13.1668],[109.2046,13.1625],[109.2063,13.1612],[109.2119,13.1549],[109.2153,13.154],[109.2187,13.1548],[109.2233,13.1575],[109.2275,13.1565],[109.2319,13.1533],[109.2362,13.1541],[109.2411,13.1576],[109.2428,13.16],[109.2417,13.1635],[109.2442,13.1643],[109.2449,13.1725],[109.2505,13.1737],[109.2516,13.1678],[109.2547,13.1688],[109.2626,13.1728],[109.2656,13.1715],[109.2766,13.1688],[109.2765,13.1709],[109.2781,13.1746],[109.2812,13.1769],[109.2825,13.1792],[109.2856,13.1774],[109.2861,13.1798],[109.291,13.1759],[109.2933,13.1752],[109.2941,13.1725],[109.2952,13.1726],[109.2968,13.1789],[109.2989,13.1832],[109.302,13.1877],[109.3037,13.189],[109.3006,13.1937],[109.2988,13.195],[109.2954,13.2044],[109.2937,13.2108],[109.2933,13.2171],[109.2949,13.2189]]]]},"properties":{"ma_xa":"22153","ten_xa":"Tuy An Nam","sap_nhap":"An Thọ, An Mỹ, An Chấn","tru_so":"đang cập nhật","loai":"Xã","cap":2,"stt":83,"dtich_km2":69.99,"dan_so":29805,"matdo_km2":425.85,"ma_tinh":"66","ten_tinh":"Đắk Lắk"}},
{"type":"Feature","geometry":{"type":"Polygon","coordinates":[[[109.1528,13.3224],[109.1499,13.3221],[109.1486,13.3189],[109.1448,13.3182],[109.1412,13.3213],[109.1375,13.3205],[109.1319,13.3229],[109.1287,13.323],[109.1242,13.3212],[109.1219,13.3211],[109.1193,13.3235],[109.1145,13.3234],[109.1126,13.3219],[109.1102,13.3171],[109.1064,13.3158],[109.1045,13.308],[109.1044,13.3007],[109.1032,13.2953],[109.1067,13.2919],[109.1071,13.2893],[109.1068,13.2793],[109.1059,13.2781],[109.1062,13.2741],[109.108,13.2729],[109.1099,13.2667],[109.1092,13.2646],[109.11,13.2618],[109.1051,13.2579],[109.1033,13.2549],[109.0983,13.2522],[109.0982,13.2493],[109.0955,13.249],[109.0938,13.2467],[109.1008,13.2402],[109.1047,13.235],[109.109,13.232],[109.1109,13.2287],[109.1112,13.2248],[109.1169,13.2176],[109.1208,13.2153],[109.1202,13.2115],[109.1216,13.2092],[109.1252,13.2089],[109.128,13.2027],[109.1307,13.1999],[109.1294,13.1966],[109.1319,13.195],[109.1329,13.1904],[109.1348,13.1877],[109.1376,13.1869],[109.1371,13.1808],[109.1391,13.1793],[109.143,13.1732],[109.1451,13.1714],[109.1454,13.1687],[109.1478,13.1695],[109.1531,13.1699],[109.1559,13.1688],[109.1582,13.1713],[109.1582,13.1739],[109.1607,13.1771],[109.1637,13.1762],[109.1714,13.1775],[109.1742,13.1802],[109.1764,13.1797],[109.1779,13.1814],[109.1823,13.1833],[109.1857,13.1868],[109.1875,13.1956],[109.1903,13.1989],[109.1949,13.1989],[109.2008,13.2039],[109.2001,13.2074],[109.2014,13.2117],[109.2006,13.213],[109.2005,13.2172],[109.2016,13.224],[109.2036,13.2261],[109.1978,13.2407],[109.1965,13.249],[109.195,13.2515],[109.2035,13.2581],[109.207,13.2628],[109.2104,13.266],[109.2087,13.2668],[109.2069,13.2679],[109.2041,13.2747],[109.2011,13.2802],[109.1982,13.279],[109.1961,13.276],[109.1917,13.2764],[109.19,13.2721],[109.1862,13.2753],[109.184,13.2747],[109.1816,13.2777],[109.1813,13.2798],[109.1841,13.2811],[109.1835,13.2844],[109.1899,13.2894],[109.1907,13.2916],[109.1879,13.293],[109.1878,13.2959],[109.1863,13.2976],[109.1809,13.2994],[109.1763,13.2986],[109.175,13.3046],[109.1671,13.3066],[109.1626,13.3106],[109.1561,13.3187],[109.1528,13.3224]]]},"properties":{"ma_xa":"22132","ten_xa":"Tuy An Tây","sap_nhap":"An Nghiệp, An Xuân, An Lĩnh","tru_so":"đang cập nhật","loai":"Xã","cap":2,"stt":84,"dtich_km2":136.2,"dan_so":12913,"matdo_km2":94.81,"ma_tinh":"66","ten_tinh":"Đắk Lắk"}},
{"type":"Feature","geometry":{"type":"Polygon","coordinates":[[[109.3289,13.0876],[109.3266,13.092],[109.3199,13.1],[109.3102,13.1131],[109.2978,13.1077],[109.2907,13.1058],[109.284,13.1016],[109.2758,13.0944],[109.2722,13.097],[109.267,13.0953],[109.2647,13.0938],[109.2614,13.0953],[109.2565,13.0953],[109.2577,13.0829],[109.2606,13.0675],[109.2626,13.0598],[109.2666,13.0501],[109.2737,13.0365],[109.2752,13.0401],[109.2779,13.0419],[109.2799,13.0465],[109.2845,13.0524],[109.2882,13.0535],[109.2948,13.0565],[109.2954,13.0602],[109.2995,13.0644],[109.3049,13.0684],[109.3089,13.0699],[109.3113,13.0716],[109.3157,13.0767],[109.3172,13.0818],[109.3248,13.085],[109.3289,13.0876]]]},"properties":{"ma_xa":"22015","ten_xa":"Tuy Hòa","sap_nhap":"Phường 1, Phường 2, Phường 4, Phường 5, Phường 7, Phường 9 (1 phần), Hòa An (huyện Phú Hòa, 1 phần), Hòa Trị (1 phần)","tru_so":"đang cập nhật","loai":"Phường","cap":2,"stt":69,"dtich_km2":33.77,"dan_so":126118,"matdo_km2":3734.62,"ma_tinh":"66","ten_tinh":"Đắk Lắk"}},
{"type":"Feature","geometry":{"type":"Polygon","coordinates":[[[109.0938,13.2467],[109.0832,13.248],[109.0776,13.2475],[109.0723,13.2485],[109.0718,13.2502],[109.0654,13.2505],[109.0626,13.2501],[109.0553,13.2398],[109.0506,13.2395],[109.0455,13.241],[109.0424,13.2401],[109.0401,13.2421],[109.0388,13.2459],[109.0333,13.2516],[109.0305,13.2529],[109.028,13.2553],[109.0259,13.2551],[109.0235,13.2581],[109.0208,13.2555],[109.0188,13.2567],[109.0178,13.2553],[109.0182,13.2497],[109.0209,13.2455],[109.0205,13.2411],[109.0191,13.2366],[109.0163,13.2333],[109.0187,13.2299],[109.0211,13.2282],[109.0217,13.2253],[109.0247,13.2236],[109.0265,13.2192],[109.0255,13.2166],[109.0256,13.2127],[109.0267,13.2095],[109.0232,13.205],[109.0261,13.1969],[109.0223,13.1937],[109.0207,13.1896],[109.0209,13.187],[109.0225,13.1824],[109.0285,13.1761],[109.0303,13.1751],[109.034,13.1763],[109.0375,13.1741],[109.0442,13.1689],[109.0442,13.1646],[109.0451,13.1625],[109.044,13.159],[109.0466,13.1569],[109.0498,13.1562],[109.0523,13.1539],[109.0564,13.1483],[109.0613,13.1506],[109.0648,13.1507],[109.0679,13.1474],[109.0661,13.1419],[109.0632,13.1429],[109.0615,13.141],[109.0545,13.1399],[109.055,13.1365],[109.0531,13.1338],[109.0502,13.1322],[109.0503,13.1288],[109.0531,13.1263],[109.0523,13.124],[109.0533,13.12],[109.0554,13.1173],[109.0561,13.1147],[109.0669,13.1099],[109.0682,13.1105],[109.0721,13.1082],[109.0732,13.1038],[109.0786,13.1028],[109.0812,13.101],[109.0838,13.1035],[109.0884,13.1039],[109.0917,13.103],[109.093,13.1073],[109.0964,13.1093],[109.103,13.1104],[109.1049,13.107],[109.1116,13.1051],[109.1127,13.1078],[109.1146,13.1086],[109.1137,13.1151],[109.1111,13.1155],[109.114,13.1219],[109.1135,13.1259],[109.112,13.1309],[109.1157,13.1325],[109.1244,13.1321],[109.1276,13.1314],[109.1309,13.1322],[109.1347,13.1296],[109.1366,13.1324],[109.1391,13.1341],[109.1393,13.1397],[109.1432,13.1466],[109.1463,13.146],[109.1493,13.1485],[109.155,13.1554],[109.1519,13.1566],[109.1483,13.1608],[109.1479,13.1659],[109.1454,13.1687],[109.1451,13.1714],[109.143,13.1732],[109.1391,13.1793],[109.1371,13.1808],[109.1376,13.1869],[109.1348,13.1877],[109.1329,13.1904],[109.1319,13.195],[109.1294,13.1966],[109.1307,13.1999],[109.128,13.2027],[109.1252,13.2089],[109.1216,13.2092],[109.1202,13.2115],[109.1208,13.2153],[109.1169,13.2176],[109.1112,13.2248],[109.1109,13.2287],[109.109,13.232],[109.1047,13.235],[109.1008,13.2402],[109.0938,13.2467]]]},"properties":{"ma_xa":"22177","ten_xa":"Vân Hòa","sap_nhap":"Sơn Long, Sơn Xuân, Sơn Định","tru_so":"đang cập nhật","loai":"Xã","cap":2,"stt":92,"dtich_km2":151.47,"dan_so":6661,"matdo_km2":43.98,"ma_tinh":"66","ten_tinh":"Đắk Lắk"}},
{"type":"Feature","geometry":{"type":"Polygon","coordinates":[[[108.4216,12.6826],[108.4188,12.6805],[108.4185,12.6757],[108.4204,12.6725],[108.4158,12.6686],[108.4137,12.6675],[108.4139,12.6623],[108.4109,12.6599],[108.4115,12.6578],[108.407,12.6568],[108.4069,12.6537],[108.4132,12.6536],[108.4181,12.6518],[108.4238,12.6452],[108.4249,12.6453],[108.4272,12.6398],[108.4253,12.6374],[108.4219,12.6363],[108.4193,12.6327],[108.4188,12.6287],[108.4226,12.626],[108.4256,12.6216],[108.4209,12.6164],[108.4194,12.6113],[108.4202,12.6093],[108.4179,12.6076],[108.4139,12.6088],[108.412,12.6074],[108.4077,12.6093],[108.4079,12.6064],[108.4057,12.6053],[108.4032,12.6078],[108.4001,12.6037],[108.402,12.6016],[108.4013,12.5939],[108.4034,12.5916],[108.4012,12.5895],[108.4022,12.5876],[108.4075,12.5874],[108.4109,12.5845],[108.4104,12.5804],[108.4124,12.5769],[108.4107,12.5717],[108.4089,12.5693],[108.4102,12.5638],[108.4085,12.5594],[108.409,12.5542],[108.4125,12.5528],[108.4139,12.5483],[108.41,12.5483],[108.4089,12.5458],[108.4163,12.5397],[108.4168,12.5371],[108.421,12.5369],[108.4215,12.5396],[108.4252,12.5388],[108.4266,12.54],[108.4312,12.5419],[108.4301,12.5446],[108.4329,12.5468],[108.4368,12.5466],[108.4362,12.5447],[108.4385,12.543],[108.4415,12.5446],[108.4451,12.5442],[108.4474,12.5496],[108.4473,12.5527],[108.4459,12.5561],[108.4519,12.5625],[108.4524,12.5681],[108.4506,12.5724],[108.4543,12.5759],[108.4555,12.5785],[108.462,12.5854],[108.4694,12.5927],[108.4704,12.5953],[108.4736,12.5929],[108.4759,12.5987],[108.4789,12.5981],[108.4852,12.6013],[108.4868,12.6004],[108.4874,12.6053],[108.4852,12.6071],[108.4865,12.6109],[108.4856,12.6139],[108.4805,12.6175],[108.4841,12.6195],[108.4851,12.6221],[108.4836,12.625],[108.4845,12.6268],[108.4849,12.6357],[108.4841,12.6378],[108.488,12.6426],[108.4884,12.6453],[108.4931,12.6489],[108.4944,12.6529],[108.4975,12.6549],[108.4963,12.6586],[108.4943,12.661],[108.4924,12.6673],[108.4903,12.667],[108.4882,12.6722],[108.4851,12.6757],[108.4858,12.6778],[108.4827,12.6834],[108.4831,12.6875],[108.4821,12.6913],[108.4758,12.6936],[108.4733,12.6906],[108.4755,12.6886],[108.471,12.6879],[108.4659,12.6902],[108.4638,12.6877],[108.4587,12.6857],[108.4582,12.6878],[108.4599,12.6921],[108.4568,12.6934],[108.4517,12.697],[108.4442,12.6951],[108.4379,12.6918],[108.4317,12.6928],[108.4266,12.6905],[108.4248,12.6909],[108.4241,12.6871],[108.4216,12.6826]]]},"properties":{"ma_xa":"24529","ten_xa":"Vụ Bổn","sap_nhap":"Vụ Bổn","tru_so":"đang cập nhật","loai":"Xã","cap":2,"stt":41,"dtich_km2":109.13,"dan_so":18111,"matdo_km2":165.96,"ma_tinh":"66","ten_tinh":"Đắk Lắk"}},
{"type":"Feature","geometry":{"type":"Polygon","coordinates":[[[109.2539,13.5939],[109.2448,13.5846],[109.2427,13.5841],[109.2419,13.587],[109.2396,13.5906],[109.2351,13.593],[109.233,13.5951],[109.2302,13.5999],[109.2264,13.6043],[109.2243,13.6088],[109.2201,13.6056],[109.2189,13.6025],[109.2121,13.5913],[109.209,13.5855],[109.207,13.5833],[109.2014,13.58],[109.2003,13.5771],[109.1951,13.5747],[109.1928,13.5756],[109.188,13.5762],[109.1844,13.5751],[109.183,13.5726],[109.1794,13.5716],[109.1772,13.5696],[109.1725,13.5699],[109.1715,13.5734],[109.1683,13.5804],[109.1668,13.581],[109.1615,13.588],[109.1559,13.5853],[109.1558,13.5807],[109.1533,13.5748],[109.1511,13.5733],[109.1501,13.5698],[109.1486,13.5683],[109.1557,13.5566],[109.1587,13.553],[109.1583,13.5511],[109.1601,13.5489],[109.1622,13.5408],[109.1662,13.5405],[109.1673,13.5345],[109.1704,13.5306],[109.1731,13.5313],[109.1758,13.5254],[109.1782,13.5234],[109.1793,13.5208],[109.1838,13.518],[109.1868,13.5173],[109.1864,13.5213],[109.1869,13.5244],[109.1903,13.5292],[109.1961,13.5318],[109.2013,13.5321],[109.2082,13.5308],[109.2163,13.5301],[109.22,13.5282],[109.224,13.5304],[109.223,13.532],[109.2241,13.5355],[109.2282,13.5372],[109.2289,13.5356],[109.2319,13.5354],[109.2335,13.5377],[109.237,13.5382],[109.2462,13.5369],[109.2479,13.5385],[109.2513,13.5375],[109.2582,13.5365],[109.2622,13.5339],[109.2631,13.5269],[109.2651,13.5237],[109.268,13.5214],[109.2745,13.5191],[109.2788,13.5153],[109.2818,13.5139],[109.2857,13.5142],[109.2866,13.5223],[109.2894,13.5281],[109.2872,13.5286],[109.2848,13.5321],[109.2806,13.5318],[109.2785,13.5345],[109.2764,13.545],[109.2797,13.5505],[109.2782,13.5517],[109.2796,13.5561],[109.2808,13.5573],[109.2841,13.5562],[109.2858,13.559],[109.2883,13.5593],[109.2903,13.5623],[109.2884,13.5643],[109.2897,13.5674],[109.2926,13.5692],[109.2941,13.5682],[109.2985,13.5676],[109.2956,13.5723],[109.2917,13.5732],[109.2898,13.5751],[109.2868,13.5722],[109.28,13.573],[109.2743,13.576],[109.2661,13.5821],[109.2582,13.5893],[109.2539,13.5939]]]},"properties":{"ma_xa":"22060","ten_xa":"Xuân Cảnh","sap_nhap":"Xuân Bình, Xuân Cảnh","tru_so":"đang cập nhật","loai":"Xã","cap":2,"stt":73,"dtich_km2":83.81,"dan_so":23972,"matdo_km2":286.03,"ma_tinh":"66","ten_tinh":"Đắk Lắk"}},
{"type":"Feature","geometry":{"type":"Polygon","coordinates":[[[109.2224,13.4466],[109.2165,13.4479],[109.2155,13.4457],[109.2169,13.4424],[109.2174,13.4332],[109.2144,13.4215],[109.2129,13.4102],[109.2132,13.4003],[109.2112,13.386],[109.2142,13.386],[109.2201,13.3845],[109.2397,13.3834],[109.2404,13.3809],[109.2404,13.3701],[109.2316,13.3669],[109.2329,13.3611],[109.2378,13.3616],[109.2416,13.3638],[109.2452,13.3643],[109.2501,13.3627],[109.2524,13.3586],[109.2551,13.3606],[109.2502,13.366],[109.2464,13.3751],[109.245,13.3811],[109.2444,13.3866],[109.245,13.3878],[109.2391,13.3909],[109.2371,13.3904],[109.236,13.3932],[109.2302,13.3922],[109.227,13.3901],[109.2229,13.3892],[109.2197,13.3914],[109.217,13.3948],[109.2193,13.3985],[109.222,13.3964],[109.2275,13.3969],[109.2265,13.4003],[109.2295,13.4049],[109.2306,13.4132],[109.2225,13.4139],[109.2194,13.4156],[109.2192,13.4178],[109.2221,13.4199],[109.2251,13.421],[109.2257,13.4248],[109.2292,13.4262],[109.2323,13.424],[109.235,13.4275],[109.2378,13.4279],[109.2387,13.4298],[109.2349,13.4316],[109.2311,13.4303],[109.2277,13.4317],[109.2272,13.4366],[109.2231,13.4403],[109.2224,13.4466]]]},"properties":{"ma_xa":"22076","ten_xa":"Xuân Đài","sap_nhap":"Xuân Thành, Xuân Đài","tru_so":"đang cập nhật","loai":"Phường","cap":2,"stt":75,"dtich_km2":13.4,"dan_so":21574,"matdo_km2":1610,"ma_tinh":"66","ten_tinh":"Đắk Lắk"}},
{"type":"Feature","geometry":{"type":"Polygon","coordinates":[[[109.1163,13.5844],[109.1146,13.5847],[109.1114,13.5875],[109.1061,13.5846],[109.1003,13.5834],[109.0991,13.5783],[109.0967,13.5775],[109.0959,13.5741],[109.0918,13.5715],[109.0886,13.5722],[109.0843,13.5671],[109.053,13.5693],[109.0502,13.5616],[109.0452,13.5592],[109.0417,13.5529],[109.0415,13.5491],[109.0383,13.546],[109.0343,13.5453],[109.033,13.5415],[109.0335,13.5399],[109.0317,13.5339],[109.0275,13.5302],[109.0239,13.529],[109.0191,13.5301],[109.0175,13.5258],[109.0131,13.5269],[109.01,13.5268],[109.0095,13.5239],[109.007,13.5228],[108.999,13.5227],[108.9969,13.5243],[108.9894,13.5277],[108.9858,13.5267],[108.9835,13.5275],[108.9811,13.526],[108.9784,13.5281],[108.9747,13.5285],[108.9729,13.5261],[108.9488,13.5265],[108.9491,13.5232],[108.9504,13.522],[108.9483,13.5183],[108.9511,13.5141],[108.9495,13.5093],[108.9505,13.5018],[108.9535,13.5026],[108.9576,13.4995],[108.9628,13.4982],[108.9632,13.4946],[108.9625,13.4893],[108.9651,13.4866],[108.9667,13.4833],[108.9677,13.4786],[108.9647,13.4759],[108.9642,13.4734],[108.9651,13.4677],[108.9666,13.4654],[108.9643,13.4617],[108.9648,13.4603],[108.9685,13.4612],[108.9714,13.459],[108.9782,13.4556],[108.9787,13.4516],[108.9838,13.447],[108.9833,13.4431],[108.9864,13.4399],[108.9865,13.4361],[108.9845,13.4331],[108.9856,13.4306],[108.9877,13.4293],[108.99,13.4241],[108.9927,13.4207],[108.9944,13.4161],[108.9961,13.4152],[108.9959,13.4169],[108.9994,13.4185],[109.0027,13.4165],[109.0058,13.416],[109.0095,13.417],[109.0211,13.4234],[109.0232,13.4237],[109.0259,13.426],[109.0273,13.429],[109.023,13.4323],[109.0223,13.4363],[109.0238,13.4427],[109.027,13.4454],[109.0348,13.4439],[109.0354,13.4456],[109.0334,13.4492],[109.0342,13.4529],[109.0389,13.4554],[109.0434,13.4529],[109.0456,13.4529],[109.0529,13.4607],[109.0532,13.4626],[109.0597,13.4641],[109.0633,13.4622],[109.0666,13.4583],[109.0705,13.462],[109.0745,13.4639],[109.0795,13.4703],[109.0849,13.4687],[109.0907,13.4661],[109.0949,13.468],[109.0954,13.4711],[109.0973,13.4721],[109.1019,13.4723],[109.1048,13.4745],[109.1067,13.4772],[109.1126,13.4826],[109.1145,13.483],[109.1182,13.4863],[109.1188,13.4942],[109.1205,13.497],[109.1213,13.5041],[109.1183,13.5103],[109.1054,13.5302],[109.1009,13.5399],[109.1013,13.5458],[109.1066,13.5477],[109.1164,13.5714],[109.1168,13.5756],[109.1158,13.5772],[109.1163,13.5844]]]},"properties":{"ma_xa":"22090","ten_xa":"Xuân Lãnh","sap_nhap":"Đa Lộc, Xuân Lãnh","tru_so":"đang cập nhật","loai":"Xã","cap":2,"stt":99,"dtich_km2":174.65,"dan_so":15933,"matdo_km2":91.23,"ma_tinh":"66","ten_tinh":"Đắk Lắk"}},
{"type":"Feature","geometry":{"type":"Polygon","coordinates":[[[109.2338,13.6709],[109.2306,13.673],[109.229,13.6761],[109.2267,13.6781],[109.2212,13.6796],[109.2183,13.6816],[109.2158,13.6814],[109.2124,13.679],[109.2082,13.6807],[109.205,13.6859],[109.205,13.6889],[109.2033,13.6936],[109.1971,13.6945],[109.1904,13.6936],[109.187,13.6905],[109.1839,13.6862],[109.183,13.6837],[109.1773,13.6823],[109.1694,13.6831],[109.1676,13.6787],[109.1629,13.6764],[109.1564,13.6777],[109.1561,13.6756],[109.157,13.6689],[109.1548,13.6644],[109.1553,13.6634],[109.1532,13.6594],[109.1535,13.6573],[109.1511,13.6552],[109.1541,13.6461],[109.1526,13.6392],[109.1534,13.6362],[109.1527,13.634],[109.1497,13.6321],[109.1466,13.6325],[109.1449,13.6304],[109.1406,13.6336],[109.14,13.6352],[109.1365,13.6364],[109.1242,13.6446],[109.1223,13.6442],[109.1197,13.6408],[109.1188,13.635],[109.1212,13.6342],[109.1237,13.6294],[109.1267,13.6266],[109.1272,13.6233],[109.1264,13.6202],[109.1254,13.6163],[109.1289,13.6107],[109.1291,13.6067],[109.133,13.5962],[109.1366,13.5913],[109.1388,13.5907],[109.1405,13.5818],[109.142,13.5808],[109.1405,13.5757],[109.1419,13.5722],[109.1452,13.5712],[109.1486,13.5683],[109.1501,13.5698],[109.1511,13.5733],[109.1533,13.5748],[109.1558,13.5807],[109.1559,13.5853],[109.1615,13.588],[109.1668,13.581],[109.1683,13.5804],[109.1715,13.5734],[109.1725,13.5699],[109.1772,13.5696],[109.1794,13.5716],[109.183,13.5726],[109.1844,13.5751],[109.188,13.5762],[109.1928,13.5756],[109.1951,13.5747],[109.2003,13.5771],[109.2014,13.58],[109.207,13.5833],[109.209,13.5855],[109.2121,13.5913],[109.2189,13.6025],[109.2201,13.6056],[109.2243,13.6088],[109.2264,13.6043],[109.2302,13.5999],[109.233,13.5951],[109.2351,13.593],[109.2396,13.5906],[109.2419,13.587],[109.2427,13.5841],[109.2448,13.5846],[109.2539,13.5939],[109.2497,13.5989],[109.2417,13.6104],[109.2365,13.6188],[109.2327,13.6257],[109.2284,13.6349],[109.2259,13.6412],[109.2262,13.645],[109.2298,13.6456],[109.2283,13.6522],[109.2329,13.6549],[109.2324,13.6582],[109.2304,13.6624],[109.2302,13.6661],[109.2317,13.6693],[109.2338,13.6709]]]},"properties":{"ma_xa":"22057","ten_xa":"Xuân Lộc","sap_nhap":"Xuân Hải, Xuân Lộc","tru_so":"đang cập nhật","loai":"Xã","cap":2,"stt":74,"dtich_km2":114.01,"dan_so":27609,"matdo_km2":242.16,"ma_tinh":"66","ten_tinh":"Đắk Lắk"}},
{"type":"Feature","geometry":{"type":"Polygon","coordinates":[[[109.1126,13.3219],[109.1122,13.3273],[109.1092,13.3281],[109.1112,13.3311],[109.112,13.3371],[109.1113,13.3405],[109.1094,13.3404],[109.1081,13.3442],[109.1085,13.3492],[109.1062,13.3531],[109.1037,13.3503],[109.0987,13.3537],[109.0945,13.3538],[109.0938,13.3563],[109.0884,13.3592],[109.0854,13.3587],[109.0813,13.3595],[109.0816,13.3536],[109.0799,13.3486],[109.0747,13.346],[109.0695,13.3462],[109.0666,13.3457],[109.0586,13.3496],[109.059,13.3437],[109.0599,13.3414],[109.0551,13.3406],[109.0515,13.3383],[109.0509,13.3368],[109.0463,13.3387],[109.0437,13.3381],[109.0422,13.3403],[109.0358,13.3428],[109.0335,13.3447],[109.0311,13.3446],[109.0289,13.3426],[109.0281,13.3379],[109.0266,13.335],[109.0266,13.3323],[109.0291,13.3312],[109.0298,13.3277],[109.0277,13.3265],[109.0274,13.3236],[109.0286,13.3213],[109.0273,13.3098],[109.0253,13.3067],[109.0229,13.3053],[109.0208,13.2999],[109.0202,13.2953],[109.0171,13.2942],[109.0167,13.2921],[109.0129,13.2913],[109.0095,13.2914],[109.0085,13.2881],[109.0105,13.286],[109.0121,13.2788],[109.0141,13.2772],[109.0147,13.2734],[109.0186,13.27],[109.0188,13.2682],[109.0166,13.2631],[109.0199,13.2615],[109.0188,13.2567],[109.0208,13.2555],[109.0235,13.2581],[109.0259,13.2551],[109.028,13.2553],[109.0305,13.2529],[109.0333,13.2516],[109.0388,13.2459],[109.0401,13.2421],[109.0424,13.2401],[109.0455,13.241],[109.0506,13.2395],[109.0553,13.2398],[109.0626,13.2501],[109.0654,13.2505],[109.0718,13.2502],[109.0723,13.2485],[109.0776,13.2475],[109.0832,13.248],[109.0938,13.2467],[109.0955,13.249],[109.0982,13.2493],[109.0983,13.2522],[109.1033,13.2549],[109.1051,13.2579],[109.11,13.2618],[109.1092,13.2646],[109.1099,13.2667],[109.108,13.2729],[109.1062,13.2741],[109.1059,13.2781],[109.1068,13.2793],[109.1071,13.2893],[109.1067,13.2919],[109.1032,13.2953],[109.1044,13.3007],[109.1045,13.308],[109.1064,13.3158],[109.1102,13.3171],[109.1126,13.3219]]]},"properties":{"ma_xa":"22111","ten_xa":"Xuân Phước","sap_nhap":"Xuân Quang 3, Xuân Phước","tru_so":"đang cập nhật","loai":"Xã","cap":2,"stt":101,"dtich_km2":102.81,"dan_so":16197,"matdo_km2":157.54,"ma_tinh":"66","ten_tinh":"Đắk Lắk"}},
{"type":"Feature","geometry":{"type":"Polygon","coordinates":[[[109.1264,13.6202],[109.1188,13.6187],[109.1152,13.6145],[109.1159,13.6115],[109.1153,13.6083],[109.1181,13.6036],[109.1153,13.6003],[109.1135,13.5965],[109.1138,13.5913],[109.1183,13.587],[109.1163,13.5844],[109.1158,13.5772],[109.1168,13.5756],[109.1164,13.5714],[109.1066,13.5477],[109.1013,13.5458],[109.1009,13.5399],[109.1054,13.5302],[109.1183,13.5103],[109.1213,13.5041],[109.1205,13.497],[109.1188,13.4942],[109.1182,13.4863],[109.1145,13.483],[109.1126,13.4826],[109.1067,13.4772],[109.1048,13.4745],[109.1019,13.4723],[109.0973,13.4721],[109.0954,13.4711],[109.0949,13.468],[109.0907,13.4661],[109.092,13.4642],[109.0965,13.4628],[109.103,13.4581],[109.1043,13.455],[109.1073,13.4559],[109.1102,13.4525],[109.1138,13.4533],[109.1158,13.4495],[109.1193,13.4465],[109.1189,13.4452],[109.1213,13.4427],[109.122,13.4385],[109.1236,13.4364],[109.1229,13.4337],[109.1238,13.4308],[109.1291,13.4288],[109.1308,13.426],[109.1368,13.4227],[109.1356,13.4196],[109.1382,13.4142],[109.1472,13.4112],[109.1516,13.411],[109.1552,13.4164],[109.1568,13.4178],[109.1616,13.4125],[109.1636,13.4124],[109.1654,13.4091],[109.1671,13.4113],[109.1716,13.4078],[109.173,13.4039],[109.1744,13.4032],[109.1747,13.3995],[109.1761,13.3971],[109.1749,13.3936],[109.1764,13.3917],[109.1731,13.39],[109.1735,13.388],[109.1702,13.3852],[109.1723,13.3828],[109.1708,13.3791],[109.1682,13.3757],[109.1694,13.3738],[109.1746,13.3723],[109.1809,13.3735],[109.1802,13.3716],[109.1823,13.3699],[109.1801,13.3667],[109.1822,13.3643],[109.1822,13.3618],[109.189,13.3574],[109.1908,13.3589],[109.1946,13.3591],[109.1982,13.3583],[109.1999,13.3617],[109.1959,13.3654],[109.1976,13.368],[109.2004,13.3684],[109.2062,13.3676],[109.2104,13.3719],[109.2142,13.3735],[109.2192,13.3675],[109.2186,13.3651],[109.221,13.3631],[109.2234,13.3636],[109.2247,13.3657],[109.2298,13.3659],[109.2316,13.3669],[109.2404,13.3701],[109.2404,13.3809],[109.2397,13.3834],[109.2201,13.3845],[109.2142,13.386],[109.2112,13.386],[109.2132,13.4003],[109.2129,13.4102],[109.2144,13.4215],[109.2174,13.4332],[109.2169,13.4424],[109.2122,13.4437],[109.2095,13.4482],[109.2063,13.4553],[109.2073,13.4567],[109.2021,13.4611],[109.2043,13.4654],[109.2052,13.4686],[109.2074,13.4729],[109.2068,13.4758],[109.2094,13.48],[109.2091,13.4825],[109.2108,13.4842],[109.2115,13.4873],[109.208,13.4879],[109.2064,13.4893],[109.2046,13.4942],[109.2058,13.498],[109.2051,13.5014],[109.2008,13.5019],[109.2,13.5068],[109.2017,13.5153],[109.201,13.5176],[109.2036,13.5196],[109.2048,13.5229],[109.2022,13.5244],[109.2012,13.5279],[109.2013,13.5321],[109.1961,13.5318],[109.1903,13.5292],[109.1869,13.5244],[109.1864,13.5213],[109.1868,13.5173],[109.1838,13.518],[109.1793,13.5208],[109.1782,13.5234],[109.1758,13.5254],[109.1731,13.5313],[109.1704,13.5306],[109.1673,13.5345],[109.1662,13.5405],[109.1622,13.5408],[109.1601,13.5489],[109.1583,13.5511],[109.1587,13.553],[109.1557,13.5566],[109.1486,13.5683],[109.1452,13.5712],[109.1419,13.5722],[109.1405,13.5757],[109.142,13.5808],[109.1405,13.5818],[109.1388,13.5907],[109.1366,13.5913],[109.133,13.5962],[109.1291,13.6067],[109.1289,13.6107],[109.1254,13.6163],[109.1264,13.6202]]]},"properties":{"ma_xa":"22075","ten_xa":"Xuân Thọ","sap_nhap":"Xuân Lâm, Xuân Thọ 1, Xuân Thọ 2","tru_so":"đang cập nhật","loai":"Xã","cap":2,"stt":72,"dtich_km2":192.12,"dan_so":10793,"matdo_km2":56.18,"ma_tinh":"66","ten_tinh":"Đắk Lắk"}},
{"type":"Feature","geometry":{"type":"Polygon","coordinates":[[[108.7037,12.4748],[108.7045,12.4775],[108.7038,12.4797],[108.7064,12.4848],[108.7105,12.4908],[108.715,12.4952],[108.7191,12.5022],[108.7244,12.516],[108.7274,12.5198],[108.7292,12.5241],[108.7281,12.5271],[108.725,12.5298],[108.7222,12.5355],[108.7239,12.5407],[108.7255,12.5436],[108.7235,12.5464],[108.7206,12.5473],[108.722,12.5503],[108.7188,12.5522],[108.7163,12.5504],[108.7146,12.5518],[108.7119,12.55],[108.7061,12.5478],[108.7031,12.5454],[108.7026,12.543],[108.699,12.5417],[108.6943,12.5376],[108.686,12.5355],[108.6837,12.5357],[108.6813,12.5335],[108.6774,12.5259],[108.6736,12.5262],[108.6726,12.5238],[108.666,12.5244],[108.6525,12.5222],[108.6454,12.5209],[108.6434,12.5215],[108.6372,12.5205],[108.634,12.5194],[108.6306,12.5196],[108.629,12.518],[108.6281,12.5141],[108.6256,12.5119],[108.6214,12.511],[108.6188,12.5088],[108.6154,12.5101],[108.6078,12.5107],[108.6036,12.5104],[108.6017,12.5073],[108.5977,12.5069],[108.5936,12.5108],[108.5845,12.5117],[108.579,12.5093],[108.5763,12.5072],[108.576,12.5053],[108.5703,12.5038],[108.5674,12.5047],[108.5647,12.5035],[108.5608,12.5054],[108.5597,12.5039],[108.5568,12.5051],[108.5543,12.5042],[108.5486,12.5048],[108.546,12.5012],[108.5416,12.5008],[108.5397,12.4991],[108.5383,12.5039],[108.5347,12.5031],[108.5351,12.4978],[108.5339,12.4963],[108.5346,12.4938],[108.533,12.4872],[108.53,12.4877],[108.5288,12.49],[108.5248,12.49],[108.5177,12.4876],[108.5155,12.4834],[108.5116,12.4883],[108.508,12.4909],[108.5048,12.4964],[108.5019,12.4949],[108.5006,12.4906],[108.4972,12.4887],[108.4948,12.4816],[108.4923,12.4832],[108.4869,12.4815],[108.4858,12.473],[108.4838,12.4705],[108.4839,12.4686],[108.4814,12.4677],[108.4768,12.4624],[108.4783,12.4577],[108.4809,12.4536],[108.4807,12.4508],[108.4836,12.4468],[108.483,12.4427],[108.4833,12.4381],[108.4827,12.4348],[108.4797,12.4289],[108.4803,12.4252],[108.4764,12.4229],[108.4751,12.4212],[108.4672,12.4189],[108.4667,12.4161],[108.4634,12.4128],[108.4603,12.4123],[108.4518,12.4063],[108.448,12.4059],[108.4414,12.4095],[108.4359,12.4108],[108.4336,12.4097],[108.4381,12.4066],[108.4394,12.4045],[108.4554,12.3929],[108.4568,12.3909],[108.4571,12.3862],[108.4611,12.3827],[108.4618,12.3774],[108.4649,12.3755],[108.4682,12.3772],[108.4713,12.3701],[108.472,12.3664],[108.4738,12.3645],[108.4761,12.3584],[108.4755,12.3564],[108.4765,12.3522],[108.4794,12.3524],[108.482,12.3489],[108.4823,12.3454],[108.4859,12.3396],[108.4885,12.3378],[108.4887,12.3362],[108.4965,12.3327],[108.499,12.3306],[108.4974,12.3288],[108.5029,12.3234],[108.4986,12.3224],[108.497,12.3212],[108.493,12.3206],[108.4929,12.3194],[108.489,12.3162],[108.4885,12.3124],[108.4872,12.3096],[108.4846,12.3093],[108.485,12.3055],[108.4871,12.3045],[108.4908,12.3065],[108.4927,12.3048],[108.4945,12.2988],[108.4996,12.2923],[108.4985,12.2864],[108.4989,12.2849],[108.5023,12.2814],[108.5041,12.2824],[108.5084,12.2776],[108.5144,12.2776],[108.5162,12.2799],[108.5195,12.2795],[108.5206,12.2808],[108.5244,12.2792],[108.5288,12.2804],[108.5314,12.2792],[108.5339,12.2817],[108.5355,12.2817],[108.5393,12.2842],[108.5392,12.2875],[108.536,12.2905],[108.5388,12.2938],[108.5398,12.2964],[108.5421,12.2976],[108.5453,12.2972],[108.5505,12.2922],[108.5519,12.2956],[108.5557,12.2956],[108.5569,12.2927],[108.5606,12.2931],[108.5652,12.2922],[108.5693,12.2955],[108.5705,12.2924],[108.5754,12.2881],[108.5782,12.2889],[108.5788,12.2863],[108.5837,12.2856],[108.5868,12.2881],[108.5897,12.2877],[108.5884,12.2826],[108.5904,12.2791],[108.5928,12.2789],[108.5962,12.2768],[108.6015,12.2794],[108.6038,12.2796],[108.6078,12.2833],[108.6135,12.283],[108.6179,12.2835],[108.6223,12.2906],[108.629,12.29],[108.6332,12.2916],[108.637,12.2913],[108.6382,12.2936],[108.6462,12.2941],[108.6492,12.293],[108.652,12.2952],[108.6563,12.2967],[108.6586,12.2964],[108.6662,12.299],[108.668,12.3006],[108.6688,12.3051],[108.6708,12.3046],[108.6734,12.306],[108.6745,12.3099],[108.68,12.3162],[108.6803,12.3196],[108.6843,12.3226],[108.6827,12.3252],[108.6828,12.3339],[108.6801,12.3378],[108.6803,12.3401],[108.6781,12.3418],[108.6768,12.3482],[108.6787,12.3545],[108.6801,12.3556],[108.6829,12.3612],[108.6852,12.3613],[108.6875,12.3643],[108.687,12.3696],[108.6891,12.3717],[108.6893,12.3737],[108.6875,12.3781],[108.6833,12.3792],[108.6828,12.3812],[108.6855,12.3831],[108.6859,12.3883],[108.6841,12.391],[108.6813,12.3911],[108.6781,12.3926],[108.6764,12.395],[108.6728,12.4018],[108.6778,12.4077],[108.6796,12.4148],[108.6766,12.4154],[108.6748,12.4184],[108.672,12.4196],[108.6693,12.4225],[108.6727,12.4279],[108.6728,12.4319],[108.6802,12.4383],[108.683,12.4428],[108.6844,12.4464],[108.6866,12.4497],[108.6932,12.4565],[108.6958,12.4576],[108.6991,12.4612],[108.6989,12.4687],[108.6995,12.4719],[108.7017,12.4745],[108.7037,12.4748]]]},"properties":{"ma_xa":"24484","ten_xa":"Yang Mao","sap_nhap":"Cư Drăm, Yang Mao","tru_so":"đang cập nhật","loai":"Xã","cap":2,"stt":56,"dtich_km2":562.38,"dan_so":16970,"matdo_km2":30.18,"ma_tinh":"66","ten_tinh":"Đắk Lắk"}}
]}