{"type":"FeatureCollection", "features": [
{"type":"Feature","geometry":{"type":"Polygon","coordinates":[[[105.731,21.663],[105.7279,21.6634],[105.7274,21.6659],[105.7263,21.6661],[105.725,21.6645],[105.7236,21.6618],[105.7167,21.6522],[105.7152,21.6509],[105.7101,21.6514],[105.707,21.6535],[105.703,21.6495],[105.6985,21.6469],[105.6952,21.6479],[105.6926,21.651],[105.6907,21.6508],[105.6883,21.6529],[105.6847,21.6519],[105.6805,21.6547],[105.6781,21.6539],[105.673,21.6563],[105.6677,21.6553],[105.6653,21.65],[105.6623,21.6468],[105.6658,21.6433],[105.6675,21.6382],[105.6671,21.6359],[105.6725,21.6324],[105.6713,21.6281],[105.6781,21.6256],[105.6802,21.6243],[105.684,21.6239],[105.6888,21.6173],[105.6909,21.6191],[105.6985,21.6207],[105.7064,21.6216],[105.71,21.6229],[105.7107,21.6172],[105.7084,21.6139],[105.712,21.6086],[105.7125,21.6056],[105.7189,21.6059],[105.7249,21.6047],[105.7277,21.6055],[105.7318,21.6039],[105.7382,21.6045],[105.7384,21.6022],[105.7426,21.5962],[105.7441,21.5955],[105.7554,21.5961],[105.7585,21.5923],[105.7631,21.5917],[105.7657,21.5941],[105.7681,21.5943],[105.7714,21.5905],[105.7714,21.5918],[105.7759,21.5997],[105.7738,21.6004],[105.7752,21.6036],[105.7731,21.6041],[105.7733,21.6075],[105.77,21.6083],[105.7719,21.6151],[105.7756,21.6145],[105.7743,21.618],[105.7697,21.6213],[105.7637,21.6239],[105.7607,21.623],[105.7591,21.6266],[105.7567,21.6276],[105.7551,21.6322],[105.7505,21.6343],[105.7478,21.6318],[105.7444,21.6351],[105.7443,21.6391],[105.7421,21.6399],[105.7434,21.6425],[105.7409,21.6476],[105.7329,21.6509],[105.7306,21.6564],[105.7336,21.6595],[105.731,21.663]]]},"properties":{"ma_xa":"05809","ten_xa":"An Khánh","sap_nhap":"Cù Vân, Hà Thượng, An Khánh","tru_so":"đang cập nhật","loai":"Xã","cap":2,"stt":14,"dtich_km2":45.09,"dan_so":20104,"matdo_km2":445.86,"ma_tinh":"19","ten_tinh":"Thái Nguyên"}},
{"type":"Feature","geometry":{"type":"Polygon","coordinates":[[[105.6888,22.4815],[105.6847,22.4888],[105.6849,22.4906],[105.6818,22.4931],[105.6829,22.4994],[105.6864,22.5052],[105.6831,22.5107],[105.6819,22.508],[105.6783,22.5052],[105.6741,22.506],[105.6681,22.5031],[105.6622,22.5014],[105.6598,22.4984],[105.6564,22.5018],[105.6525,22.5041],[105.6485,22.5017],[105.6437,22.4974],[105.6438,22.4955],[105.6398,22.4917],[105.6348,22.4948],[105.632,22.4957],[105.6295,22.4981],[105.6258,22.4976],[105.6229,22.496],[105.6204,22.4962],[105.6109,22.4946],[105.6088,22.4927],[105.6019,22.4882],[105.5981,22.4889],[105.5933,22.4899],[105.59,22.4888],[105.586,22.4898],[105.5796,22.4881],[105.5816,22.4833],[105.5803,22.4789],[105.5724,22.4728],[105.5669,22.4693],[105.5659,22.4663],[105.5631,22.4631],[105.5595,22.4624],[105.5584,22.4534],[105.5595,22.4513],[105.5557,22.4461],[105.5552,22.4417],[105.5567,22.4401],[105.5557,22.4377],[105.5484,22.4377],[105.5506,22.4343],[105.5533,22.4326],[105.554,22.4289],[105.5503,22.4205],[105.5509,22.4161],[105.5535,22.4114],[105.5556,22.4117],[105.5587,22.4098],[105.5608,22.411],[105.5648,22.4165],[105.5708,22.4192],[105.5714,22.4161],[105.5748,22.4114],[105.5741,22.4063],[105.5754,22.4054],[105.5737,22.4004],[105.5802,22.3876],[105.5841,22.3865],[105.5905,22.3838],[105.5955,22.3877],[105.6006,22.3938],[105.6069,22.3944],[105.608,22.3935],[105.609,22.3886],[105.6109,22.3868],[105.6145,22.3863],[105.6188,22.3886],[105.6221,22.3916],[105.6254,22.391],[105.6289,22.3889],[105.6299,22.385],[105.6353,22.3846],[105.64,22.3796],[105.6401,22.3767],[105.6386,22.373],[105.6405,22.3717],[105.6372,22.368],[105.6407,22.3669],[105.6463,22.3704],[105.6534,22.3776],[105.6531,22.3843],[105.6544,22.3902],[105.6577,22.3913],[105.6648,22.3881],[105.6682,22.3856],[105.6718,22.3849],[105.6772,22.3817],[105.6786,22.3836],[105.6817,22.384],[105.6895,22.3903],[105.6933,22.3927],[105.6968,22.3923],[105.7021,22.3946],[105.7067,22.3984],[105.705,22.4029],[105.7,22.408],[105.6952,22.4111],[105.6911,22.4119],[105.6877,22.4136],[105.6852,22.4165],[105.6848,22.4195],[105.6814,22.4221],[105.6821,22.4241],[105.6815,22.4311],[105.6829,22.4362],[105.6814,22.4385],[105.681,22.4446],[105.6834,22.4493],[105.6757,22.4531],[105.6744,22.4582],[105.6708,22.4621],[105.6716,22.4655],[105.67,22.4665],[105.6692,22.4706],[105.664,22.4749],[105.669,22.4768],[105.6705,22.4759],[105.6745,22.4772],[105.6752,22.4804],[105.6774,22.4797],[105.6797,22.4814],[105.6849,22.4797],[105.687,22.4818],[105.6888,22.4815]]]},"properties":{"ma_xa":"01906","ten_xa":"Ba Bể","sap_nhap":"Cao Thượng, Nam Mẫu, Khang Ninh","tru_so":"đang cập nhật","loai":"Xã","cap":2,"stt":58,"dtich_km2":148.08,"dan_so":11773,"matdo_km2":79.5,"ma_tinh":"19","ten_tinh":"Thái Nguyên"}},
{"type":"Feature","geometry":{"type":"Polygon","coordinates":[[[105.8448,21.4719],[105.8458,21.4741],[105.8428,21.4774],[105.8412,21.4823],[105.8385,21.4864],[105.8436,21.4896],[105.8443,21.4936],[105.8423,21.4972],[105.8359,21.506],[105.8359,21.5087],[105.8313,21.5133],[105.8316,21.5189],[105.8278,21.5219],[105.8262,21.5241],[105.8236,21.5246],[105.8174,21.5203],[105.8155,21.5202],[105.8155,21.5161],[105.8137,21.5145],[105.8142,21.5103],[105.812,21.5089],[105.8159,21.5064],[105.8211,21.5051],[105.8195,21.5017],[105.8165,21.499],[105.8195,21.4924],[105.8177,21.489],[105.8189,21.4827],[105.8177,21.481],[105.8088,21.4844],[105.8037,21.4805],[105.801,21.4807],[105.7995,21.4778],[105.7965,21.4771],[105.7933,21.4733],[105.7932,21.471],[105.7968,21.4683],[105.793,21.4635],[105.7958,21.4589],[105.7964,21.4553],[105.8009,21.4525],[105.8017,21.4508],[105.8056,21.4499],[105.8077,21.4523],[105.8124,21.4536],[105.8195,21.4585],[105.8218,21.4586],[105.824,21.4551],[105.8262,21.4557],[105.8256,21.459],[105.8235,21.462],[105.8201,21.4631],[105.8196,21.4655],[105.8229,21.4668],[105.8235,21.4695],[105.8309,21.4695],[105.8448,21.4719]]]},"properties":{"ma_xa":"05533","ten_xa":"Bá Xuyên","sap_nhap":"Mỏ Chè, Châu Sơn, Bá Xuyên","tru_so":"đang cập nhật","loai":"Phường","cap":2,"stt":35,"dtich_km2":21.13,"dan_so":20065,"matdo_km2":949.6,"ma_tinh":"19","ten_tinh":"Thái Nguyên"}},
{"type":"Feature","geometry":{"type":"Polygon","coordinates":[[[105.8392,22.1538],[105.8304,22.1526],[105.8274,22.1512],[105.825,22.1515],[105.8207,22.1561],[105.8186,22.156],[105.8156,22.1536],[105.8164,22.1502],[105.8136,22.1469],[105.809,22.1489],[105.8033,22.1465],[105.7991,22.1411],[105.7954,22.1392],[105.7975,22.1391],[105.7994,22.1355],[105.8039,22.1364],[105.804,22.1337],[105.8021,22.1297],[105.7994,22.1279],[105.7992,22.124],[105.7979,22.1209],[105.8001,22.1151],[105.7986,22.1117],[105.7971,22.1107],[105.7973,22.1078],[105.7963,22.1042],[105.798,22.1007],[105.801,22.098],[105.8011,22.0965],[105.8066,22.0952],[105.8114,22.0923],[105.8137,22.0945],[105.8162,22.0927],[105.8167,22.0908],[105.82,22.089],[105.821,22.086],[105.8233,22.085],[105.8295,22.0873],[105.8328,22.0905],[105.8353,22.0899],[105.8374,22.092],[105.8415,22.0932],[105.8544,22.0898],[105.857,22.0877],[105.8556,22.0831],[105.859,22.0796],[105.8568,22.0711],[105.8597,22.0642],[105.863,22.0634],[105.8666,22.0661],[105.8672,22.0629],[105.8708,22.0623],[105.8729,22.0642],[105.8754,22.0707],[105.8796,22.0697],[105.8849,22.0757],[105.8908,22.0727],[105.8948,22.0686],[105.896,22.0703],[105.8971,22.0751],[105.9,22.082],[105.9037,22.0848],[105.9104,22.0816],[105.9128,22.084],[105.9173,22.0848],[105.9207,22.084],[105.9222,22.0814],[105.9262,22.0807],[105.9288,22.0842],[105.9308,22.0896],[105.9294,22.0921],[105.9258,22.0957],[105.9234,22.097],[105.9213,22.1007],[105.9212,22.1036],[105.9225,22.1057],[105.9228,22.1111],[105.9257,22.1129],[105.9235,22.1186],[105.9233,22.1225],[105.9203,22.1231],[105.9189,22.1217],[105.9156,22.1232],[105.9115,22.1237],[105.907,22.1265],[105.9025,22.1278],[105.8977,22.1276],[105.8943,22.1267],[105.8918,22.1233],[105.8893,22.123],[105.8847,22.1256],[105.8838,22.1287],[105.8852,22.1355],[105.8842,22.1369],[105.8746,22.1361],[105.8714,22.135],[105.8677,22.1325],[105.8635,22.135],[105.8601,22.132],[105.858,22.1288],[105.8526,22.1282],[105.8489,22.1305],[105.8433,22.1305],[105.8403,22.1331],[105.8391,22.1358],[105.8361,22.137],[105.8349,22.1411],[105.8315,22.1444],[105.8338,22.1507],[105.8377,22.1513],[105.8392,22.1538]]]},"properties":{"ma_xa":"01843","ten_xa":"Bắc Kạn","sap_nhap":"Sông Cầu, Phùng Chí Kiên, Xuất Hóa, Nông Thượng","tru_so":"đang cập nhật","loai":"Phường","cap":2,"stt":80,"dtich_km2":72,"dan_so":25387,"matdo_km2":352.6,"ma_tinh":"19","ten_tinh":"Thái Nguyên"}},
{"type":"Feature","geometry":{"type":"Polygon","coordinates":[[[105.9079,21.5404],[105.9034,21.5425],[105.898,21.5399],[105.8925,21.5397],[105.8898,21.5377],[105.8907,21.5349],[105.8915,21.5337],[105.8899,21.5305],[105.8861,21.5273],[105.8843,21.5193],[105.88,21.5187],[105.8794,21.5211],[105.8756,21.5217],[105.8746,21.5244],[105.8718,21.5221],[105.8687,21.5212],[105.8675,21.525],[105.8623,21.5213],[105.8564,21.5238],[105.8539,21.5218],[105.8515,21.5233],[105.8495,21.5216],[105.8453,21.5241],[105.8421,21.5246],[105.8398,21.5286],[105.8375,21.5296],[105.8332,21.5291],[105.8323,21.53],[105.8239,21.5296],[105.8228,21.5274],[105.8236,21.5246],[105.8262,21.5241],[105.8278,21.5219],[105.8316,21.5189],[105.8313,21.5133],[105.8359,21.5087],[105.8359,21.506],[105.8423,21.4972],[105.8443,21.4936],[105.8436,21.4896],[105.8385,21.4864],[105.8412,21.4823],[105.8428,21.4774],[105.8458,21.4741],[105.8448,21.4719],[105.847,21.4676],[105.8488,21.4689],[105.8546,21.4695],[105.8565,21.4682],[105.8583,21.4713],[105.8629,21.4719],[105.8685,21.4749],[105.8699,21.4774],[105.8781,21.4856],[105.878,21.4871],[105.8848,21.4908],[105.8874,21.4934],[105.8885,21.4967],[105.8904,21.4972],[105.8939,21.501],[105.8961,21.5078],[105.8986,21.5097],[105.8999,21.5124],[105.9027,21.5127],[105.9067,21.5168],[105.9086,21.5144],[105.9135,21.5165],[105.9146,21.5189],[105.9124,21.5233],[105.9102,21.5252],[105.9058,21.5316],[105.9059,21.5342],[105.909,21.5376],[105.9079,21.5404]]]},"properties":{"ma_xa":"05528","ten_xa":"Bách Quang","sap_nhap":"Lương Sơn, Bách Quang, Tân Quang","tru_so":"đang cập nhật","loai":"Phường","cap":2,"stt":36,"dtich_km2":35.02,"dan_so":26668,"matdo_km2":761.51,"ma_tinh":"19","ten_tinh":"Thái Nguyên"}},
{"type":"Feature","geometry":{"type":"Polygon","coordinates":[[[105.7954,22.1392],[105.7948,22.1421],[105.792,22.1463],[105.787,22.1479],[105.7854,22.1513],[105.7817,22.1543],[105.7765,22.1535],[105.7751,22.1517],[105.7716,22.1519],[105.7697,22.1493],[105.7628,22.1505],[105.7616,22.1518],[105.755,22.153],[105.752,22.1497],[105.7479,22.1503],[105.7451,22.1491],[105.743,22.1463],[105.7387,22.1453],[105.7344,22.1477],[105.731,22.1488],[105.729,22.1523],[105.7231,22.1525],[105.7199,22.1537],[105.718,22.1523],[105.7147,22.1541],[105.7091,22.1545],[105.7018,22.1577],[105.6958,22.1557],[105.6949,22.158],[105.6878,22.163],[105.6875,22.1679],[105.6833,22.1738],[105.6849,22.1786],[105.6886,22.1814],[105.6892,22.1862],[105.6874,22.1912],[105.6874,22.1946],[105.6899,22.199],[105.6881,22.2015],[105.6982,22.2079],[105.7008,22.2107],[105.7001,22.2148],[105.6957,22.2214],[105.6957,22.2237],[105.6916,22.2261],[105.6779,22.2221],[105.6759,22.2206],[105.6699,22.2174],[105.6642,22.2133],[105.6637,22.2106],[105.6665,22.2069],[105.6647,22.2048],[105.6613,22.2045],[105.6581,22.2012],[105.6523,22.1929],[105.649,22.186],[105.6522,22.1823],[105.6577,22.1804],[105.6571,22.176],[105.655,22.1729],[105.6505,22.1715],[105.646,22.1658],[105.6428,22.1631],[105.6405,22.1599],[105.6401,22.1526],[105.642,22.1496],[105.6405,22.1469],[105.6407,22.1428],[105.6381,22.1407],[105.6364,22.1367],[105.6342,22.1355],[105.6339,22.1291],[105.6326,22.1266],[105.635,22.121],[105.6403,22.1217],[105.6418,22.1194],[105.647,22.1184],[105.6506,22.1163],[105.6518,22.1122],[105.652,22.1077],[105.6533,22.1058],[105.6517,22.1028],[105.6543,22.0989],[105.6571,22.0981],[105.6586,22.0956],[105.6604,22.0958],[105.6622,22.0907],[105.6635,22.0896],[105.6689,22.0904],[105.6732,22.0891],[105.6765,22.089],[105.679,22.091],[105.6825,22.0911],[105.6848,22.0894],[105.6876,22.0901],[105.6933,22.0896],[105.696,22.0845],[105.6971,22.0874],[105.7016,22.0907],[105.7012,22.0939],[105.7047,22.1005],[105.7077,22.101],[105.7098,22.0992],[105.7129,22.0986],[105.7157,22.0996],[105.72,22.0983],[105.7244,22.0995],[105.7267,22.0967],[105.7301,22.0966],[105.7331,22.0935],[105.7375,22.0923],[105.7406,22.0961],[105.7469,22.0973],[105.7501,22.0995],[105.7526,22.0972],[105.7575,22.0968],[105.7579,22.1001],[105.7649,22.1007],[105.768,22.1021],[105.7714,22.1009],[105.7735,22.1018],[105.7767,22.1004],[105.7791,22.0979],[105.7821,22.0987],[105.7891,22.0991],[105.7922,22.1006],[105.798,22.1007],[105.7963,22.1042],[105.7973,22.1078],[105.7971,22.1107],[105.7986,22.1117],[105.8001,22.1151],[105.7979,22.1209],[105.7992,22.124],[105.7994,22.1279],[105.8021,22.1297],[105.804,22.1337],[105.8039,22.1364],[105.7994,22.1355],[105.7975,22.1391],[105.7954,22.1392]]]},"properties":{"ma_xa":"02014","ten_xa":"Bạch Thông","sap_nhap":"Đồng Thắng, Dương Phong, Quang Thuận","tru_so":"đang cập nhật","loai":"Xã","cap":2,"stt":77,"dtich_km2":127.84,"dan_so":8251,"matdo_km2":64.54,"ma_tinh":"19","ten_tinh":"Thái Nguyên"}},
{"type":"Feature","geometry":{"type":"Polygon","coordinates":[[[105.7491,22.7293],[105.7469,22.7295],[105.7451,22.736],[105.7404,22.7412],[105.7356,22.7391],[105.7361,22.7348],[105.7355,22.7309],[105.7298,22.7252],[105.7268,22.7241],[105.7241,22.7257],[105.7231,22.7289],[105.7195,22.7284],[105.7187,22.7227],[105.7132,22.722],[105.7105,22.7247],[105.7096,22.7273],[105.7056,22.7258],[105.7018,22.7205],[105.6986,22.7246],[105.6967,22.7291],[105.6933,22.7231],[105.6923,22.7183],[105.689,22.719],[105.6876,22.718],[105.6821,22.7201],[105.6722,22.7254],[105.6702,22.7233],[105.6653,22.7243],[105.6635,22.723],[105.6619,22.7186],[105.6559,22.7152],[105.6566,22.7115],[105.6541,22.7079],[105.6487,22.704],[105.6463,22.6984],[105.645,22.6995],[105.6371,22.6989],[105.6339,22.7007],[105.6316,22.6987],[105.6223,22.6997],[105.6217,22.7016],[105.6186,22.7016],[105.6186,22.6992],[105.6105,22.6937],[105.6096,22.6894],[105.6079,22.6872],[105.6012,22.6832],[105.6002,22.6757],[105.6026,22.6716],[105.6022,22.6676],[105.5985,22.666],[105.5926,22.667],[105.5882,22.6665],[105.5838,22.6679],[105.5823,22.6694],[105.5792,22.6679],[105.5756,22.6642],[105.5815,22.6595],[105.5853,22.6572],[105.5894,22.6562],[105.5934,22.6511],[105.5917,22.6482],[105.5888,22.6467],[105.5857,22.6417],[105.5841,22.6412],[105.5765,22.6346],[105.5763,22.6309],[105.5742,22.6258],[105.5775,22.6243],[105.5817,22.6253],[105.5865,22.624],[105.5879,22.6222],[105.5929,22.621],[105.5958,22.6163],[105.5991,22.6143],[105.6017,22.6096],[105.6018,22.6061],[105.6036,22.6015],[105.6022,22.6],[105.6021,22.5962],[105.6035,22.5955],[105.6045,22.5889],[105.6067,22.5851],[105.6105,22.584],[105.6133,22.5819],[105.6164,22.5825],[105.6212,22.5797],[105.6257,22.5796],[105.6282,22.5781],[105.637,22.5783],[105.6418,22.5805],[105.6435,22.5828],[105.6467,22.5822],[105.6528,22.5852],[105.6568,22.5833],[105.6578,22.5807],[105.6668,22.5758],[105.6719,22.5799],[105.6787,22.583],[105.68,22.5856],[105.6836,22.5867],[105.6861,22.5898],[105.6871,22.5937],[105.6893,22.5961],[105.6862,22.601],[105.684,22.6033],[105.6865,22.6067],[105.687,22.6096],[105.6905,22.6138],[105.6928,22.6132],[105.6976,22.615],[105.7038,22.6193],[105.711,22.627],[105.7158,22.6273],[105.7232,22.6301],[105.7271,22.6336],[105.7277,22.6364],[105.7286,22.6389],[105.7332,22.6416],[105.7369,22.6417],[105.7402,22.6432],[105.7409,22.65],[105.7446,22.6533],[105.7463,22.6568],[105.7481,22.6583],[105.7496,22.6647],[105.7531,22.6663],[105.7542,22.6682],[105.7595,22.6704],[105.7613,22.6742],[105.7678,22.6786],[105.7707,22.6834],[105.7731,22.6839],[105.7749,22.6893],[105.7771,22.6921],[105.7723,22.6935],[105.7679,22.694],[105.7661,22.6962],[105.7624,22.6962],[105.7591,22.6988],[105.7563,22.7023],[105.7523,22.71],[105.7518,22.7127],[105.7558,22.7159],[105.7595,22.7206],[105.7578,22.7265],[105.755,22.7283],[105.7519,22.7267],[105.7491,22.7293]]]},"properties":{"ma_xa":"01864","ten_xa":"Bằng Thành","sap_nhap":"Bộc Bố, Nhạn Môn, Giáo Hiệu, Bằng Thành","tru_so":"đang cập nhật","loai":"Xã","cap":2,"stt":55,"dtich_km2":208.22,"dan_so":13984,"matdo_km2":67.16,"ma_tinh":"19","ten_tinh":"Thái Nguyên"}},
{"type":"Feature","geometry":{"type":"Polygon","coordinates":[[[106.1008,22.5354],[106.0975,22.5354],[106.0947,22.5334],[106.093,22.5352],[106.092,22.5386],[106.0934,22.5426],[106.0948,22.5438],[106.0952,22.5471],[106.0909,22.5481],[106.0865,22.5532],[106.0833,22.5525],[106.0783,22.5527],[106.0734,22.5546],[106.0739,22.5594],[106.0762,22.5631],[106.0793,22.5663],[106.0821,22.5667],[106.0827,22.5718],[106.0793,22.5738],[106.0757,22.5724],[106.0715,22.5729],[106.0666,22.5683],[106.0641,22.5704],[106.058,22.5714],[106.0535,22.5749],[106.048,22.5782],[106.0466,22.5769],[106.0463,22.5735],[106.0425,22.5677],[106.0425,22.5655],[106.0379,22.562],[106.0345,22.5612],[106.0263,22.558],[106.0227,22.5607],[106.0189,22.56],[106.0137,22.5567],[106.0073,22.5555],[106.0036,22.5527],[106.0031,22.5485],[106.0002,22.547],[105.9941,22.5456],[105.9908,22.5433],[105.9935,22.537],[105.996,22.5347],[105.9938,22.5298],[105.9937,22.5211],[105.9952,22.5196],[105.9964,22.5145],[105.9954,22.5105],[105.9974,22.5068],[105.9953,22.5053],[105.9942,22.502],[105.9924,22.5002],[105.993,22.4977],[105.9914,22.4944],[105.9916,22.4921],[105.988,22.4901],[105.9859,22.4854],[105.9814,22.4827],[105.976,22.4757],[105.9808,22.47],[105.9783,22.466],[105.9831,22.4643],[105.99,22.4637],[105.9955,22.4687],[105.9987,22.4668],[106.0017,22.468],[106.0053,22.4665],[106.014,22.4702],[106.0156,22.4719],[106.019,22.4726],[106.0225,22.4749],[106.0276,22.476],[106.0296,22.4695],[106.0266,22.4664],[106.0284,22.4644],[106.0341,22.4651],[106.0347,22.4669],[106.0415,22.4715],[106.0488,22.4678],[106.0495,22.4641],[106.0479,22.4625],[106.0496,22.4599],[106.0527,22.4588],[106.0564,22.4593],[106.0608,22.4582],[106.0631,22.4565],[106.0669,22.457],[106.0725,22.4568],[106.0763,22.4536],[106.0804,22.4484],[106.0903,22.4474],[106.0945,22.4459],[106.0988,22.4482],[106.1002,22.4501],[106.1044,22.4525],[106.1095,22.4628],[106.1122,22.466],[106.1197,22.472],[106.117,22.4784],[106.1146,22.4827],[106.1167,22.4882],[106.1167,22.4954],[106.1187,22.4992],[106.1179,22.5067],[106.1195,22.5097],[106.118,22.512],[106.1125,22.5128],[106.1063,22.5159],[106.1019,22.5163],[106.1003,22.5189],[106.1016,22.522],[106.095,22.5278],[106.0958,22.5309],[106.0995,22.5327],[106.1008,22.5354]]]},"properties":{"ma_xa":"01942","ten_xa":"Bằng Vân","sap_nhap":"Thượng Ân, Bằng Vân","tru_so":"đang cập nhật","loai":"Xã","cap":2,"stt":64,"dtich_km2":133.01,"dan_so":5643,"matdo_km2":42.43,"ma_tinh":"19","ten_tinh":"Thái Nguyên"}},
{"type":"Feature","geometry":{"type":"Polygon","coordinates":[[[105.603,21.8245],[105.5974,21.8223],[105.5955,21.8249],[105.5921,21.8236],[105.5894,21.8247],[105.5895,21.8266],[105.5849,21.8312],[105.5807,21.8286],[105.5753,21.8308],[105.5746,21.8326],[105.5757,21.8365],[105.5726,21.8375],[105.5709,21.8403],[105.5662,21.8438],[105.5646,21.8377],[105.5635,21.8362],[105.5654,21.8322],[105.564,21.8309],[105.5661,21.8275],[105.5691,21.827],[105.5702,21.8252],[105.566,21.8229],[105.5652,21.8192],[105.5656,21.8165],[105.561,21.8149],[105.559,21.8129],[105.5536,21.8116],[105.5507,21.8067],[105.5514,21.8037],[105.5562,21.7999],[105.554,21.7925],[105.5493,21.7896],[105.5477,21.7867],[105.5491,21.7806],[105.5439,21.7777],[105.5418,21.7773],[105.5386,21.775],[105.5335,21.7696],[105.5263,21.7686],[105.5258,21.7679],[105.5257,21.7677],[105.5253,21.7666],[105.5251,21.7663],[105.525,21.7652],[105.5315,21.7612],[105.5331,21.7593],[105.5378,21.7593],[105.5433,21.7606],[105.5457,21.7532],[105.553,21.7517],[105.5552,21.7521],[105.5643,21.7481],[105.5676,21.7451],[105.5701,21.7482],[105.5723,21.7476],[105.578,21.7484],[105.5819,21.7508],[105.5841,21.7543],[105.5859,21.7646],[105.5896,21.7676],[105.5922,21.7668],[105.5981,21.7668],[105.5967,21.7705],[105.597,21.7736],[105.5996,21.7749],[105.6013,21.7783],[105.6066,21.7811],[105.6076,21.7853],[105.6044,21.7875],[105.5996,21.7867],[105.5953,21.7872],[105.5904,21.7911],[105.591,21.7935],[105.5898,21.7982],[105.5934,21.7999],[105.5945,21.8026],[105.5987,21.803],[105.5994,21.8056],[105.6028,21.8084],[105.6059,21.808],[105.6047,21.8114],[105.6025,21.8121],[105.603,21.8146],[105.5994,21.8166],[105.5997,21.819],[105.6023,21.8207],[105.603,21.8245]]]},"properties":{"ma_xa":"05605","ten_xa":"Bình Thành","sap_nhap":"Sơn Phú, Bình Thành","tru_so":"đang cập nhật","loai":"Xã","cap":2,"stt":46,"dtich_km2":43.3,"dan_so":11525,"matdo_km2":266.17,"ma_tinh":"19","ten_tinh":"Thái Nguyên"}},
{"type":"Feature","geometry":{"type":"Polygon","coordinates":[[[105.6141,21.8727],[105.6123,21.8711],[105.6087,21.8702],[105.6048,21.866],[105.5994,21.8616],[105.5935,21.856],[105.5923,21.8598],[105.5891,21.8606],[105.5858,21.8664],[105.5882,21.8687],[105.5869,21.8709],[105.5896,21.872],[105.59,21.8744],[105.5874,21.8752],[105.5856,21.8773],[105.5828,21.8782],[105.5829,21.881],[105.5805,21.8838],[105.5798,21.8878],[105.5807,21.8907],[105.5793,21.8917],[105.5837,21.8959],[105.5831,21.9018],[105.5783,21.902],[105.5716,21.9015],[105.5688,21.8989],[105.5661,21.8991],[105.5659,21.8935],[105.5675,21.8914],[105.5679,21.8874],[105.5595,21.8792],[105.5569,21.8785],[105.5539,21.8824],[105.5491,21.8847],[105.5467,21.8848],[105.5431,21.891],[105.5402,21.8899],[105.5355,21.8902],[105.5341,21.8883],[105.5287,21.8876],[105.5249,21.888],[105.5215,21.885],[105.5195,21.8821],[105.5198,21.8802],[105.5183,21.8771],[105.5182,21.8741],[105.5204,21.8734],[105.5224,21.8698],[105.523,21.866],[105.5254,21.8631],[105.5266,21.8575],[105.5289,21.8519],[105.5272,21.8502],[105.5294,21.8478],[105.532,21.85],[105.5388,21.8481],[105.5418,21.8487],[105.5508,21.8465],[105.5534,21.8479],[105.5558,21.8467],[105.5655,21.8462],[105.5662,21.8438],[105.5709,21.8403],[105.5726,21.8375],[105.5757,21.8365],[105.5746,21.8326],[105.5753,21.8308],[105.5807,21.8286],[105.5849,21.8312],[105.5895,21.8266],[105.5894,21.8247],[105.5921,21.8236],[105.5955,21.8249],[105.5974,21.8223],[105.603,21.8245],[105.6081,21.8233],[105.6096,21.8245],[105.615,21.8227],[105.6173,21.8278],[105.6161,21.8299],[105.6166,21.8342],[105.6185,21.8356],[105.6229,21.8352],[105.6271,21.8377],[105.6253,21.8427],[105.6234,21.8444],[105.6221,21.8484],[105.6194,21.8479],[105.6177,21.8494],[105.6205,21.8518],[105.6198,21.8568],[105.6173,21.8593],[105.6161,21.8656],[105.6179,21.8681],[105.6141,21.8727]]]},"properties":{"ma_xa":"05587","ten_xa":"Bình Yên","sap_nhap":"Trung Lương, Định Biên, Thanh Định, Bình Yên","tru_so":"đang cập nhật","loai":"Xã","cap":2,"stt":42,"dtich_km2":48.36,"dan_so":16106,"matdo_km2":333.04,"ma_tinh":"19","ten_tinh":"Thái Nguyên"}},
{"type":"Feature","geometry":{"type":"Polygon","coordinates":[[[105.9633,22.1314],[105.9573,22.1347],[105.9545,22.1347],[105.9519,22.1373],[105.9485,22.1375],[105.9484,22.1414],[105.9467,22.147],[105.9451,22.1486],[105.945,22.1512],[105.9421,22.1572],[105.939,22.1598],[105.9361,22.1603],[105.9358,22.1625],[105.9389,22.1645],[105.9369,22.1668],[105.9332,22.1676],[105.9358,22.1701],[105.938,22.1763],[105.9379,22.1797],[105.9434,22.191],[105.9449,22.1981],[105.9478,22.2009],[105.9489,22.2053],[105.9481,22.2072],[105.9487,22.2106],[105.9454,22.2116],[105.943,22.2099],[105.9396,22.2101],[105.9361,22.2083],[105.9267,22.2103],[105.9274,22.219],[105.9261,22.2236],[105.9277,22.2257],[105.9234,22.2293],[105.9216,22.2329],[105.921,22.2381],[105.9216,22.2403],[105.9146,22.2524],[105.9108,22.2475],[105.9097,22.244],[105.9061,22.2425],[105.9052,22.2411],[105.9011,22.2399],[105.901,22.2377],[105.8981,22.2373],[105.8951,22.2332],[105.8922,22.2322],[105.8908,22.23],[105.8853,22.2293],[105.8815,22.2282],[105.8761,22.2293],[105.874,22.2323],[105.8766,22.2355],[105.8792,22.2361],[105.8797,22.2392],[105.8722,22.242],[105.8726,22.2438],[105.8706,22.2484],[105.8688,22.2483],[105.8588,22.2515],[105.8584,22.2449],[105.8564,22.242],[105.8559,22.2378],[105.8515,22.2392],[105.8457,22.2378],[105.8423,22.2347],[105.8421,22.2321],[105.8382,22.2311],[105.8364,22.2318],[105.8301,22.2321],[105.8252,22.2297],[105.824,22.2268],[105.8187,22.2248],[105.8157,22.2201],[105.8114,22.2188],[105.809,22.2163],[105.8052,22.2156],[105.8071,22.2121],[105.8116,22.2127],[105.8186,22.2103],[105.8234,22.2063],[105.8281,22.2046],[105.8309,22.2018],[105.8335,22.2006],[105.841,22.2009],[105.8414,22.1974],[105.8441,22.1962],[105.8475,22.1932],[105.8508,22.1942],[105.8544,22.1907],[105.8559,22.1879],[105.8589,22.1858],[105.8665,22.1862],[105.8675,22.1839],[105.8653,22.182],[105.8645,22.1794],[105.8651,22.1731],[105.8681,22.1711],[105.8733,22.1691],[105.8745,22.1663],[105.874,22.1637],[105.8771,22.1615],[105.8845,22.1578],[105.8897,22.1528],[105.8857,22.1514],[105.8853,22.1451],[105.8837,22.1412],[105.8842,22.1369],[105.8852,22.1355],[105.8838,22.1287],[105.8847,22.1256],[105.8893,22.123],[105.8918,22.1233],[105.8943,22.1267],[105.8977,22.1276],[105.9025,22.1278],[105.907,22.1265],[105.9115,22.1237],[105.9156,22.1232],[105.9189,22.1217],[105.9203,22.1231],[105.9233,22.1225],[105.9247,22.1243],[105.9276,22.1249],[105.9318,22.1298],[105.9345,22.1295],[105.9404,22.126],[105.9445,22.1226],[105.9456,22.1201],[105.9483,22.1199],[105.9516,22.1181],[105.9581,22.1201],[105.9606,22.122],[105.9639,22.1228],[105.9645,22.127],[105.9633,22.1314]]]},"properties":{"ma_xa":"02008","ten_xa":"Cẩm Giàng","sap_nhap":"Quân Hà, Nguyên Phúc, Mỹ Thanh, Cẩm Giàng","tru_so":"đang cập nhật","loai":"Xã","cap":2,"stt":75,"dtich_km2":110.79,"dan_so":11342,"matdo_km2":102.37,"ma_tinh":"19","ten_tinh":"Thái Nguyên"}},
{"type":"Feature","geometry":{"type":"Polygon","coordinates":[[[105.5756,22.6642],[105.5735,22.6654],[105.5681,22.6652],[105.5629,22.6629],[105.5624,22.6603],[105.5577,22.6588],[105.5575,22.6574],[105.5491,22.657],[105.5449,22.6539],[105.5411,22.6495],[105.5412,22.6401],[105.5393,22.6339],[105.5312,22.6333],[105.5315,22.6301],[105.5297,22.6284],[105.5302,22.6214],[105.529,22.6191],[105.5328,22.6174],[105.5333,22.6144],[105.5384,22.611],[105.5398,22.6074],[105.5429,22.6051],[105.5496,22.5978],[105.5471,22.594],[105.5464,22.5886],[105.5484,22.5853],[105.5492,22.5801],[105.5512,22.5783],[105.5515,22.5759],[105.5537,22.5745],[105.5572,22.5744],[105.5588,22.573],[105.5601,22.5686],[105.5636,22.5645],[105.5634,22.56],[105.5721,22.5619],[105.5743,22.5613],[105.5784,22.5577],[105.58,22.5544],[105.5857,22.5523],[105.5859,22.5491],[105.5877,22.5486],[105.5889,22.5452],[105.5916,22.5436],[105.5916,22.5381],[105.5953,22.5307],[105.5949,22.5261],[105.5985,22.5213],[105.598,22.5169],[105.5933,22.5146],[105.5914,22.5098],[105.5918,22.5078],[105.5961,22.5038],[105.594,22.4987],[105.5948,22.4916],[105.5981,22.4889],[105.6019,22.4882],[105.6088,22.4927],[105.6109,22.4946],[105.6204,22.4962],[105.6229,22.496],[105.6258,22.4976],[105.6295,22.4981],[105.632,22.4957],[105.6348,22.4948],[105.6398,22.4917],[105.6438,22.4955],[105.6437,22.4974],[105.6485,22.5017],[105.6525,22.5041],[105.6564,22.5018],[105.6598,22.4984],[105.6622,22.5014],[105.6681,22.5031],[105.6741,22.506],[105.6783,22.5052],[105.6819,22.508],[105.6831,22.5107],[105.6822,22.5134],[105.6794,22.517],[105.6785,22.5205],[105.6785,22.5265],[105.6754,22.5317],[105.6725,22.5331],[105.6712,22.537],[105.6719,22.5417],[105.6753,22.5432],[105.6738,22.5474],[105.6765,22.5541],[105.6758,22.5565],[105.6768,22.5594],[105.6733,22.5624],[105.6732,22.5661],[105.6683,22.5694],[105.6683,22.5727],[105.6668,22.5758],[105.6578,22.5807],[105.6568,22.5833],[105.6528,22.5852],[105.6467,22.5822],[105.6435,22.5828],[105.6418,22.5805],[105.637,22.5783],[105.6282,22.5781],[105.6257,22.5796],[105.6212,22.5797],[105.6164,22.5825],[105.6133,22.5819],[105.6105,22.584],[105.6067,22.5851],[105.6045,22.5889],[105.6035,22.5955],[105.6021,22.5962],[105.6022,22.6],[105.6036,22.6015],[105.6018,22.6061],[105.6017,22.6096],[105.5991,22.6143],[105.5958,22.6163],[105.5929,22.621],[105.5879,22.6222],[105.5865,22.624],[105.5817,22.6253],[105.5775,22.6243],[105.5742,22.6258],[105.5763,22.6309],[105.5765,22.6346],[105.5841,22.6412],[105.5857,22.6417],[105.5888,22.6467],[105.5917,22.6482],[105.5934,22.6511],[105.5894,22.6562],[105.5853,22.6572],[105.5815,22.6595],[105.5756,22.6642]]]},"properties":{"ma_xa":"01879","ten_xa":"Cao Minh","sap_nhap":"Công Bằng, Cổ Linh, Cao Tân","tru_so":"đang cập nhật","loai":"Xã","cap":2,"stt":57,"dtich_km2":134.89,"dan_so":12807,"matdo_km2":94.94,"ma_tinh":"19","ten_tinh":"Thái Nguyên"}},
{"type":"Feature","geometry":{"type":"Polygon","coordinates":[[[105.6361,22.2451],[105.6336,22.2445],[105.6304,22.2457],[105.6283,22.2444],[105.6257,22.2395],[105.6223,22.2368],[105.6224,22.2338],[105.6193,22.2293],[105.6168,22.2283],[105.6145,22.2223],[105.6111,22.2246],[105.6066,22.2256],[105.6033,22.2248],[105.6003,22.2259],[105.5974,22.2309],[105.5952,22.2326],[105.5923,22.2331],[105.5912,22.2352],[105.5857,22.236],[105.5813,22.2347],[105.5765,22.2381],[105.5745,22.241],[105.5717,22.2419],[105.5711,22.2444],[105.5691,22.2449],[105.5669,22.2424],[105.5528,22.2368],[105.5505,22.2367],[105.5478,22.2315],[105.548,22.2283],[105.5435,22.2196],[105.5488,22.2167],[105.5472,22.212],[105.5476,22.2093],[105.5528,22.2045],[105.5485,22.203],[105.549,22.2006],[105.5509,22.1996],[105.5517,22.1969],[105.5561,22.1914],[105.5563,22.1876],[105.5575,22.1836],[105.5551,22.181],[105.5555,22.1745],[105.5545,22.1697],[105.5522,22.1659],[105.5543,22.1622],[105.5551,22.1559],[105.5529,22.1532],[105.5562,22.1501],[105.5575,22.1428],[105.5559,22.1395],[105.5532,22.1377],[105.5534,22.1356],[105.5514,22.1297],[105.5486,22.1256],[105.5448,22.1266],[105.5411,22.1267],[105.536,22.1252],[105.5315,22.1271],[105.5326,22.1215],[105.5345,22.1217],[105.5365,22.1196],[105.5355,22.1174],[105.5363,22.1142],[105.5384,22.1124],[105.5416,22.1116],[105.5395,22.1051],[105.5369,22.1036],[105.5343,22.1006],[105.5299,22.0977],[105.5348,22.097],[105.5463,22.0999],[105.5502,22.1002],[105.5536,22.0995],[105.556,22.1026],[105.5583,22.1033],[105.5607,22.1006],[105.5641,22.099],[105.5626,22.0975],[105.5623,22.0943],[105.5597,22.0937],[105.5568,22.0912],[105.5564,22.089],[105.5578,22.0842],[105.5615,22.0822],[105.5601,22.0799],[105.5605,22.0771],[105.5656,22.0696],[105.5712,22.0695],[105.5708,22.072],[105.5745,22.0821],[105.5766,22.0851],[105.5798,22.0851],[105.581,22.0882],[105.5822,22.0969],[105.5856,22.0962],[105.5861,22.0909],[105.5915,22.0925],[105.5937,22.0956],[105.5975,22.0957],[105.6024,22.0968],[105.6041,22.0982],[105.6016,22.104],[105.6021,22.1054],[105.5999,22.1091],[105.5999,22.1109],[105.6038,22.1132],[105.6054,22.1153],[105.6076,22.1152],[105.6137,22.1204],[105.6091,22.1264],[105.6063,22.1287],[105.6069,22.1306],[105.6106,22.1341],[105.6107,22.1379],[105.6126,22.1401],[105.6106,22.1425],[105.6103,22.1464],[105.6093,22.1481],[105.6124,22.1519],[105.6177,22.1544],[105.621,22.1574],[105.6254,22.1581],[105.629,22.1563],[105.6338,22.1603],[105.6405,22.1599],[105.6428,22.1631],[105.646,22.1658],[105.6505,22.1715],[105.655,22.1729],[105.6571,22.176],[105.6577,22.1804],[105.6522,22.1823],[105.649,22.186],[105.6523,22.1929],[105.6581,22.2012],[105.6613,22.2045],[105.6647,22.2048],[105.6665,22.2069],[105.6637,22.2106],[105.6642,22.2133],[105.6699,22.2174],[105.6759,22.2206],[105.676,22.223],[105.673,22.2267],[105.6681,22.2249],[105.6649,22.2221],[105.66,22.2242],[105.6554,22.2299],[105.6507,22.232],[105.6513,22.2371],[105.6506,22.2386],[105.6431,22.2431],[105.6388,22.2434],[105.6361,22.2451]]]},"properties":{"ma_xa":"02020","ten_xa":"Chợ Đồn","sap_nhap":"Bằng Lũng (thị trấn), Ngọc Phái, Phương Viên, Bằng Lãng","tru_so":"đang cập nhật","loai":"Xã","cap":2,"stt":71,"dtich_km2":142.1,"dan_so":16252,"matdo_km2":114.37,"ma_tinh":"19","ten_tinh":"Thái Nguyên"}},
{"type":"Feature","geometry":{"type":"Polygon","coordinates":[[[105.8824,21.937],[105.8807,21.939],[105.8746,21.9398],[105.87,21.9422],[105.8621,21.9425],[105.8608,21.9448],[105.8547,21.9487],[105.8491,21.9484],[105.8506,21.9441],[105.8504,21.9418],[105.8478,21.9385],[105.8467,21.9293],[105.8436,21.9283],[105.8424,21.9239],[105.8435,21.9213],[105.8416,21.9171],[105.8414,21.9127],[105.837,21.9112],[105.8343,21.9082],[105.8283,21.9089],[105.8229,21.9121],[105.8161,21.9125],[105.8117,21.9151],[105.808,21.9124],[105.8076,21.9085],[105.8033,21.9044],[105.8027,21.902],[105.7996,21.9008],[105.7974,21.9017],[105.7928,21.9097],[105.7898,21.9101],[105.7865,21.912],[105.7843,21.9144],[105.7844,21.9189],[105.7865,21.9203],[105.7872,21.9227],[105.7859,21.9256],[105.7876,21.9293],[105.7877,21.9322],[105.7786,21.9321],[105.7779,21.9332],[105.7774,21.9313],[105.7724,21.9262],[105.7707,21.9256],[105.7704,21.9213],[105.7669,21.9192],[105.7643,21.9145],[105.7711,21.9101],[105.7717,21.9022],[105.7746,21.8955],[105.7811,21.8895],[105.7772,21.8886],[105.7758,21.887],[105.7714,21.8868],[105.771,21.8825],[105.7724,21.8806],[105.7729,21.8765],[105.7703,21.8733],[105.7688,21.8698],[105.7683,21.8645],[105.7699,21.8614],[105.7689,21.8564],[105.7656,21.8535],[105.766,21.8506],[105.7643,21.8484],[105.7636,21.8452],[105.7605,21.8435],[105.7614,21.8374],[105.7578,21.8349],[105.758,21.8324],[105.7603,21.8308],[105.761,21.8277],[105.7593,21.8207],[105.761,21.8169],[105.7642,21.8156],[105.7673,21.8131],[105.7709,21.8118],[105.7788,21.811],[105.7823,21.8086],[105.7861,21.8044],[105.7923,21.8056],[105.7969,21.8047],[105.7993,21.8051],[105.8007,21.8066],[105.8002,21.809],[105.8012,21.8123],[105.803,21.8141],[105.8038,21.8192],[105.8014,21.8225],[105.804,21.8278],[105.8051,21.8343],[105.8069,21.8352],[105.8122,21.8426],[105.8157,21.8447],[105.8222,21.8468],[105.8352,21.8461],[105.8386,21.8452],[105.8426,21.8452],[105.8482,21.844],[105.8524,21.8441],[105.855,21.8456],[105.8604,21.846],[105.8631,21.8498],[105.8643,21.8514],[105.8625,21.8589],[105.8632,21.8607],[105.8684,21.859],[105.8715,21.856],[105.8769,21.8571],[105.8814,21.8572],[105.8829,21.8582],[105.883,21.8621],[105.8854,21.863],[105.888,21.8664],[105.8889,21.8701],[105.8917,21.875],[105.8958,21.8795],[105.9007,21.886],[105.9086,21.8936],[105.8934,21.8962],[105.8923,21.8948],[105.8845,21.8941],[105.8832,21.8965],[105.8769,21.8982],[105.8697,21.898],[105.8683,21.9029],[105.8696,21.9065],[105.8724,21.9087],[105.8797,21.9097],[105.8751,21.9151],[105.8758,21.9216],[105.8806,21.9239],[105.8809,21.9319],[105.8831,21.9343],[105.8824,21.937]]]},"properties":{"ma_xa":"02086","ten_xa":"Chợ Mới","sap_nhap":"Đồng Tâm (thị trấn), Quảng Chu, Như Cố","tru_so":"đang cập nhật","loai":"Xã","cap":2,"stt":90,"dtich_km2":118.98,"dan_so":14219,"matdo_km2":119.51,"ma_tinh":"19","ten_tinh":"Thái Nguyên"}},
{"type":"Feature","geometry":{"type":"Polygon","coordinates":[[[105.7616,22.4864],[105.7573,22.4841],[105.7546,22.4854],[105.7482,22.4827],[105.7432,22.4812],[105.7397,22.4813],[105.7358,22.4802],[105.7333,22.481],[105.7305,22.4851],[105.7191,22.4879],[105.7179,22.4898],[105.7147,22.4912],[105.712,22.49],[105.7074,22.4899],[105.7021,22.4874],[105.6966,22.4839],[105.6927,22.4836],[105.6894,22.4843],[105.6888,22.4815],[105.687,22.4818],[105.6849,22.4797],[105.6797,22.4814],[105.6774,22.4797],[105.6752,22.4804],[105.6745,22.4772],[105.6705,22.4759],[105.669,22.4768],[105.664,22.4749],[105.6692,22.4706],[105.67,22.4665],[105.6716,22.4655],[105.6708,22.4621],[105.6744,22.4582],[105.6757,22.4531],[105.6834,22.4493],[105.681,22.4446],[105.6814,22.4385],[105.6829,22.4362],[105.6815,22.4311],[105.6821,22.4241],[105.6814,22.4221],[105.6848,22.4195],[105.6852,22.4165],[105.6877,22.4136],[105.6911,22.4119],[105.6952,22.4111],[105.7,22.408],[105.705,22.4029],[105.7067,22.3984],[105.7099,22.3978],[105.7137,22.3953],[105.7217,22.394],[105.7226,22.3899],[105.7223,22.3819],[105.7255,22.3796],[105.7283,22.3796],[105.733,22.3782],[105.7378,22.3822],[105.7408,22.3827],[105.7434,22.3855],[105.747,22.3871],[105.75,22.3866],[105.7566,22.3888],[105.759,22.3931],[105.7582,22.3979],[105.7619,22.3999],[105.7647,22.4072],[105.7687,22.4071],[105.7744,22.4171],[105.7812,22.4184],[105.7823,22.4199],[105.7881,22.4219],[105.7868,22.4255],[105.7816,22.4294],[105.7779,22.4311],[105.7785,22.4355],[105.7778,22.4381],[105.7705,22.4428],[105.768,22.4438],[105.7617,22.4489],[105.7613,22.4566],[105.7647,22.459],[105.7654,22.463],[105.7638,22.466],[105.7639,22.4699],[105.7619,22.472],[105.7641,22.4807],[105.7658,22.4836],[105.7641,22.4859],[105.7616,22.4864]]]},"properties":{"ma_xa":"01912","ten_xa":"Chợ Rã","sap_nhap":"Chợ Rã (thị trấn), Thượng Giáo, Địa Linh","tru_so":"đang cập nhật","loai":"Xã","cap":2,"stt":59,"dtich_km2":92.81,"dan_so":14507,"matdo_km2":156.31,"ma_tinh":"19","ten_tinh":"Thái Nguyên"}},
{"type":"Feature","geometry":{"type":"Polygon","coordinates":[[[106.0646,22.1709],[106.0637,22.1745],[106.0614,22.178],[106.0607,22.1815],[106.0616,22.1849],[106.0575,22.1852],[106.0536,22.1884],[106.0471,22.1826],[106.0432,22.1817],[106.0392,22.1825],[106.0376,22.1792],[106.0327,22.1777],[106.0297,22.1779],[106.0274,22.1753],[106.0205,22.1763],[106.0191,22.1772],[106.0115,22.1779],[106.0124,22.1752],[106.0117,22.1693],[106.0091,22.166],[106.0097,22.162],[106.0085,22.1607],[106,22.1582],[105.9969,22.1566],[105.9943,22.1585],[105.9886,22.1598],[105.9852,22.1635],[105.9827,22.1675],[105.9794,22.1685],[105.9766,22.1615],[105.9747,22.1601],[105.9729,22.1564],[105.9755,22.1525],[105.9736,22.1484],[105.9703,22.1459],[105.9695,22.1421],[105.9628,22.14],[105.9633,22.1314],[105.9645,22.127],[105.9639,22.1228],[105.9606,22.122],[105.9581,22.1201],[105.9516,22.1181],[105.9483,22.1199],[105.9456,22.1201],[105.9438,22.1175],[105.9436,22.1147],[105.9461,22.113],[105.9514,22.1074],[105.9501,22.1039],[105.9558,22.1037],[105.9565,22.1023],[105.9632,22.1022],[105.9661,22.0984],[105.972,22.0999],[105.9784,22.0965],[105.9826,22.0934],[105.9865,22.0917],[105.9898,22.0913],[105.9938,22.0894],[105.996,22.0904],[105.9998,22.0903],[105.9985,22.087],[105.9995,22.0822],[105.9942,22.0798],[105.9929,22.0768],[105.9953,22.0733],[105.9947,22.0707],[105.9897,22.0679],[105.9887,22.0661],[105.9835,22.0678],[105.9769,22.0652],[105.9733,22.0613],[105.9718,22.0564],[105.969,22.0559],[105.9658,22.0528],[105.9674,22.0488],[105.9668,22.0453],[105.965,22.0427],[105.9627,22.0425],[105.9617,22.0392],[105.9675,22.0344],[105.9672,22.0312],[105.9699,22.0356],[105.9738,22.0366],[105.9832,22.037],[105.9848,22.0358],[105.9877,22.0412],[105.9923,22.0454],[105.9959,22.0444],[105.9979,22.0456],[106.0011,22.0529],[106.0031,22.0532],[106.0093,22.0497],[106.0141,22.049],[106.0155,22.0512],[106.0294,22.0496],[106.0334,22.0503],[106.0395,22.0429],[106.0438,22.0433],[106.0463,22.0418],[106.0524,22.0419],[106.0573,22.043],[106.0596,22.0459],[106.0717,22.0483],[106.0739,22.0498],[106.1012,22.0404],[106.1029,22.0459],[106.101,22.0508],[106.1021,22.0559],[106.1,22.0588],[106.1023,22.0619],[106.1021,22.0638],[106.0986,22.0675],[106.1,22.0714],[106.1055,22.0728],[106.1077,22.0743],[106.1078,22.0765],[106.1089,22.0838],[106.1078,22.0865],[106.1039,22.0882],[106.0948,22.0883],[106.0944,22.0866],[106.0904,22.0864],[106.0882,22.0875],[106.0845,22.0874],[106.0805,22.0859],[106.0733,22.0866],[106.0711,22.0876],[106.0681,22.0865],[106.0651,22.0831],[106.0584,22.082],[106.055,22.0844],[106.0561,22.0882],[106.0584,22.0903],[106.0577,22.0962],[106.056,22.0979],[106.0579,22.1017],[106.0562,22.1051],[106.0598,22.1084],[106.0621,22.1092],[106.0648,22.112],[106.0669,22.1162],[106.0635,22.1233],[106.0644,22.1273],[106.0637,22.1304],[106.0606,22.1336],[106.0608,22.1355],[106.0584,22.1381],[106.0514,22.1414],[106.0504,22.1453],[106.0491,22.1458],[106.0462,22.1508],[106.0508,22.155],[106.051,22.1588],[106.0524,22.1609],[106.0568,22.1638],[106.0577,22.1674],[106.0606,22.1697],[106.0625,22.1689],[106.0646,22.1709]]]},"properties":{"ma_xa":"02185","ten_xa":"Côn Minh","sap_nhap":"Quang Phong, Dương Sơn, Côn Minh","tru_so":"đang cập nhật","loai":"Xã","cap":2,"stt":85,"dtich_km2":146.26,"dan_so":6635,"matdo_km2":45.36,"ma_tinh":"19","ten_tinh":"Thái Nguyên"}},
{"type":"Feature","geometry":{"type":"Polygon","coordinates":[[[106.201,22.3161],[106.201,22.3229],[106.205,22.3285],[106.2056,22.3323],[106.2092,22.3369],[106.2116,22.3413],[106.2146,22.342],[106.2153,22.3451],[106.2201,22.3478],[106.217,22.3581],[106.214,22.3604],[106.2102,22.362],[106.2087,22.3684],[106.2058,22.3693],[106.2008,22.3739],[106.1989,22.3747],[106.1913,22.376],[106.1871,22.38],[106.1879,22.3841],[106.1843,22.3871],[106.1799,22.3861],[106.1748,22.3876],[106.171,22.3852],[106.1656,22.3843],[106.1648,22.3825],[106.1612,22.3815],[106.1608,22.3767],[106.1566,22.3713],[106.1519,22.3698],[106.1458,22.365],[106.1438,22.3647],[106.1415,22.3608],[106.1417,22.3591],[106.1376,22.3578],[106.1324,22.3553],[106.1291,22.3484],[106.123,22.3453],[106.1215,22.3454],[106.1176,22.3424],[106.1169,22.3376],[106.1189,22.3342],[106.119,22.3313],[106.1177,22.3274],[106.1128,22.3212],[106.1131,22.3152],[106.1122,22.3126],[106.1128,22.3085],[106.1147,22.3058],[106.1169,22.3048],[106.1241,22.2985],[106.1259,22.3005],[106.1293,22.301],[106.1313,22.298],[106.1313,22.2932],[106.1291,22.2904],[106.1294,22.288],[106.1244,22.2855],[106.1243,22.2797],[106.1217,22.2769],[106.1261,22.2759],[106.1324,22.2721],[106.1435,22.2703],[106.1453,22.2678],[106.1476,22.2668],[106.1492,22.2622],[106.1525,22.2595],[106.1587,22.2646],[106.1664,22.2675],[106.1695,22.2702],[106.1753,22.2693],[106.1786,22.2646],[106.1816,22.2645],[106.184,22.2616],[106.1875,22.2601],[106.1894,22.2563],[106.1939,22.2534],[106.2005,22.2544],[106.2017,22.2571],[106.2117,22.2572],[106.2217,22.2552],[106.2261,22.2599],[106.2257,22.2613],[106.2296,22.2637],[106.2378,22.2607],[106.2371,22.2576],[106.2345,22.2539],[106.2353,22.2507],[106.2386,22.2473],[106.242,22.2471],[106.2429,22.2483],[106.2472,22.256],[106.2448,22.2601],[106.2444,22.2635],[106.2454,22.2669],[106.2345,22.2792],[106.2328,22.2793],[106.2281,22.2825],[106.2239,22.2826],[106.2237,22.2879],[106.2201,22.2902],[106.2162,22.2883],[106.2135,22.2889],[106.2107,22.2911],[106.2088,22.2971],[106.2068,22.3003],[106.2046,22.3015],[106.2035,22.307],[106.2002,22.3096],[106.1996,22.3142],[106.201,22.3161]]]},"properties":{"ma_xa":"02152","ten_xa":"Cường Lợi","sap_nhap":"Văn Vũ, Cường Lợi","tru_so":"đang cập nhật","loai":"Xã","cap":2,"stt":82,"dtich_km2":117.85,"dan_so":5731,"matdo_km2":48.63,"ma_tinh":"19","ten_tinh":"Thái Nguyên"}},
{"type":"Feature","geometry":{"type":"Polygon","coordinates":[[[105.6457,21.6631],[105.6437,21.663],[105.641,21.6605],[105.6384,21.6596],[105.6386,21.6567],[105.6371,21.6532],[105.6354,21.6521],[105.6348,21.6485],[105.6357,21.6436],[105.6331,21.637],[105.6299,21.6326],[105.6225,21.6316],[105.6213,21.6279],[105.6237,21.6266],[105.6253,21.6281],[105.6309,21.6257],[105.6312,21.624],[105.6344,21.622],[105.6376,21.6235],[105.64,21.6224],[105.642,21.6243],[105.6446,21.6239],[105.6491,21.6261],[105.6528,21.6235],[105.6561,21.6221],[105.6585,21.6186],[105.6586,21.6155],[105.6648,21.6096],[105.6658,21.604],[105.6685,21.599],[105.6779,21.59],[105.6895,21.5831],[105.7021,21.5769],[105.6961,21.5748],[105.6918,21.5741],[105.6894,21.575],[105.683,21.5729],[105.681,21.5737],[105.6726,21.5706],[105.6711,21.5684],[105.6718,21.5631],[105.67,21.5615],[105.6667,21.5503],[105.6686,21.5466],[105.6753,21.5419],[105.6769,21.5402],[105.6876,21.5373],[105.6906,21.5349],[105.6952,21.5332],[105.704,21.5277],[105.7083,21.5237],[105.7123,21.5234],[105.7174,21.5187],[105.7183,21.5169],[105.7215,21.5169],[105.7236,21.5156],[105.7305,21.5094],[105.7338,21.5076],[105.7414,21.501],[105.7429,21.4971],[105.7468,21.4954],[105.7511,21.4966],[105.7533,21.4939],[105.7563,21.4935],[105.7584,21.4914],[105.7576,21.4938],[105.7608,21.4966],[105.758,21.498],[105.7585,21.5014],[105.7569,21.5019],[105.7535,21.5074],[105.7516,21.5129],[105.7489,21.5154],[105.7501,21.5169],[105.7455,21.5237],[105.7446,21.5241],[105.7447,21.5295],[105.7475,21.5344],[105.7524,21.5369],[105.7474,21.5428],[105.7494,21.5466],[105.7512,21.5524],[105.7548,21.5517],[105.7572,21.5525],[105.7592,21.5508],[105.7623,21.5521],[105.7682,21.5523],[105.769,21.5545],[105.7717,21.5552],[105.7749,21.5493],[105.7764,21.5498],[105.7784,21.546],[105.7836,21.548],[105.7853,21.5593],[105.779,21.5574],[105.7757,21.5596],[105.7773,21.5633],[105.7774,21.5674],[105.7759,21.5701],[105.7766,21.5723],[105.7724,21.5762],[105.768,21.5764],[105.7689,21.5803],[105.7667,21.582],[105.7683,21.5844],[105.7725,21.5879],[105.7714,21.5905],[105.7681,21.5943],[105.7657,21.5941],[105.7631,21.5917],[105.7585,21.5923],[105.7554,21.5961],[105.7441,21.5955],[105.7426,21.5962],[105.7384,21.6022],[105.7382,21.6045],[105.7318,21.6039],[105.7277,21.6055],[105.7249,21.6047],[105.7189,21.6059],[105.7125,21.6056],[105.712,21.6086],[105.7084,21.6139],[105.7107,21.6172],[105.71,21.6229],[105.7064,21.6216],[105.6985,21.6207],[105.6909,21.6191],[105.6888,21.6173],[105.684,21.6239],[105.6802,21.6243],[105.6781,21.6256],[105.6713,21.6281],[105.6725,21.6324],[105.6671,21.6359],[105.6675,21.6382],[105.6658,21.6433],[105.6623,21.6468],[105.6613,21.6507],[105.6585,21.6565],[105.6576,21.6597],[105.6548,21.6611],[105.6526,21.6608],[105.6501,21.6622],[105.6457,21.6631]]]},"properties":{"ma_xa":"05488","ten_xa":"Đại Phúc","sap_nhap":"Hùng Sơn (thị trấn), Phúc Xuân, Phúc Trìu, Tân Thái, Phúc Tân","tru_so":"đang cập nhật","loai":"Xã","cap":2,"stt":8,"dtich_km2":107.47,"dan_so":39220,"matdo_km2":364.94,"ma_tinh":"19","ten_tinh":"Thái Nguyên"}},
{"type":"Feature","geometry":{"type":"Polygon","coordinates":[[[105.6225,21.6316],[105.6203,21.6338],[105.6176,21.6343],[105.6156,21.6319],[105.6107,21.631],[105.6034,21.6288],[105.5969,21.6285],[105.5954,21.6261],[105.5922,21.6246],[105.5883,21.6257],[105.5831,21.6253],[105.5852,21.6224],[105.5813,21.6202],[105.5781,21.6163],[105.5777,21.6129],[105.5758,21.6114],[105.5754,21.608],[105.5768,21.6051],[105.5745,21.6038],[105.5732,21.601],[105.5743,21.5985],[105.5712,21.5983],[105.5678,21.5935],[105.5641,21.5931],[105.5585,21.59],[105.5536,21.5815],[105.5537,21.5755],[105.5527,21.5738],[105.5583,21.5701],[105.5628,21.5605],[105.5632,21.5587],[105.5665,21.556],[105.5679,21.5533],[105.5705,21.5523],[105.5807,21.541],[105.5836,21.54],[105.5834,21.5354],[105.5882,21.5338],[105.5935,21.5342],[105.5969,21.5337],[105.6005,21.5439],[105.5998,21.5464],[105.601,21.5545],[105.6034,21.5569],[105.6067,21.5575],[105.6074,21.5595],[105.6112,21.5634],[105.6125,21.5685],[105.6113,21.5713],[105.6076,21.5717],[105.6064,21.5769],[105.6087,21.5771],[105.6152,21.582],[105.6188,21.5822],[105.6235,21.5798],[105.6273,21.5804],[105.6277,21.582],[105.6361,21.583],[105.6397,21.5842],[105.6461,21.5846],[105.6456,21.5827],[105.6496,21.5812],[105.652,21.5787],[105.6561,21.5783],[105.6581,21.5793],[105.6586,21.5824],[105.6639,21.5811],[105.6692,21.5809],[105.6724,21.5831],[105.6779,21.59],[105.6685,21.599],[105.6658,21.604],[105.6648,21.6096],[105.6586,21.6155],[105.6585,21.6186],[105.6561,21.6221],[105.6528,21.6235],[105.6491,21.6261],[105.6446,21.6239],[105.642,21.6243],[105.64,21.6224],[105.6376,21.6235],[105.6344,21.622],[105.6312,21.624],[105.6309,21.6257],[105.6253,21.6281],[105.6237,21.6266],[105.6213,21.6279],[105.6225,21.6316]]]},"properties":{"ma_xa":"05830","ten_xa":"Đại Từ","sap_nhap":"Bình Thuận, Khôi Kỳ, Mỹ Yên, Lục Ba","tru_so":"đang cập nhật","loai":"Xã","cap":2,"stt":9,"dtich_km2":69.42,"dan_so":27021,"matdo_km2":389.24,"ma_tinh":"19","ten_tinh":"Thái Nguyên"}},
{"type":"Feature","geometry":{"type":"Polygon","coordinates":[[[106.1744,21.749],[106.1684,21.7498],[106.1654,21.7554],[106.1602,21.7552],[106.157,21.7504],[106.1584,21.7466],[106.1557,21.7447],[106.1555,21.7409],[106.1569,21.737],[106.1537,21.7358],[106.1509,21.7335],[106.1491,21.73],[106.1481,21.7242],[106.149,21.7206],[106.1507,21.7181],[106.148,21.7127],[106.1479,21.7098],[106.151,21.7072],[106.1506,21.7049],[106.1467,21.7035],[106.1406,21.7049],[106.1371,21.7031],[106.1309,21.7063],[106.126,21.7058],[106.1219,21.7096],[106.1193,21.7099],[106.1171,21.7062],[106.1182,21.7028],[106.1141,21.6971],[106.1084,21.6977],[106.106,21.6954],[106.106,21.6916],[106.1089,21.6883],[106.1094,21.6845],[106.1033,21.6816],[106.1025,21.6786],[106.105,21.6784],[106.112,21.6762],[106.1127,21.6734],[106.111,21.6723],[106.1097,21.6645],[106.1049,21.6562],[106.1007,21.6589],[106.0944,21.6585],[106.0908,21.6611],[106.086,21.6602],[106.0807,21.6574],[106.0792,21.6578],[106.0756,21.6548],[106.0783,21.6516],[106.0816,21.6499],[106.0864,21.6485],[106.0869,21.6456],[106.091,21.6429],[106.0927,21.6379],[106.0894,21.6331],[106.0894,21.6298],[106.0919,21.6264],[106.0921,21.6235],[106.099,21.625],[106.1023,21.6216],[106.1064,21.6221],[106.111,21.6188],[106.1135,21.6187],[106.1184,21.6162],[106.1249,21.6166],[106.1263,21.6157],[106.1364,21.6186],[106.1371,21.6204],[106.1422,21.6233],[106.1467,21.6227],[106.1549,21.6255],[106.1602,21.6265],[106.1643,21.6244],[106.1652,21.6216],[106.1674,21.6192],[106.172,21.6122],[106.177,21.6075],[106.1812,21.6049],[106.1853,21.604],[106.1879,21.6114],[106.1911,21.6118],[106.1954,21.6176],[106.1974,21.6187],[106.1979,21.6214],[106.1953,21.6243],[106.1946,21.6268],[106.1981,21.6327],[106.193,21.6359],[106.1914,21.6438],[106.1928,21.6479],[106.1997,21.6526],[106.204,21.6539],[106.2062,21.6595],[106.2057,21.6627],[106.21,21.6658],[106.2148,21.6673],[106.2164,21.6699],[106.2216,21.6727],[106.2209,21.6748],[106.2249,21.6783],[106.2256,21.6831],[106.2249,21.6846],[106.226,21.6905],[106.2273,21.6935],[106.2302,21.6972],[106.2328,21.6992],[106.2319,21.7016],[106.2344,21.7053],[106.2383,21.7179],[106.2359,21.7213],[106.2354,21.7268],[106.2309,21.7274],[106.2298,21.7305],[106.2254,21.7318],[106.2215,21.7302],[106.2181,21.7264],[106.2091,21.7319],[106.2083,21.7332],[106.1966,21.7354],[106.1947,21.7378],[106.196,21.7413],[106.19,21.7437],[106.1864,21.7417],[106.1821,21.7416],[106.1807,21.7441],[106.1783,21.7439],[106.1744,21.749]]]},"properties":{"ma_xa":"05755","ten_xa":"Dân Tiến","sap_nhap":"Bình Long, Phương Giao, Dân Tiến","tru_so":"đang cập nhật","loai":"Xã","cap":2,"stt":50,"dtich_km2":144.28,"dan_so":19390,"matdo_km2":134.39,"ma_tinh":"19","ten_tinh":"Thái Nguyên"}},
{"type":"Feature","geometry":{"type":"Polygon","coordinates":[[[105.9311,21.5001],[105.9261,21.4995],[105.9209,21.4954],[105.9163,21.4961],[105.9144,21.4978],[105.915,21.5019],[105.9184,21.506],[105.9226,21.5083],[105.9262,21.5125],[105.9259,21.5164],[105.9212,21.515],[105.918,21.5152],[105.9146,21.5189],[105.9135,21.5165],[105.9086,21.5144],[105.9067,21.5168],[105.9027,21.5127],[105.8999,21.5124],[105.8986,21.5097],[105.8961,21.5078],[105.8939,21.501],[105.8904,21.4972],[105.8885,21.4967],[105.8874,21.4934],[105.8848,21.4908],[105.8888,21.4888],[105.8913,21.4788],[105.8916,21.4745],[105.8891,21.4725],[105.8891,21.4699],[105.8919,21.4699],[105.892,21.4573],[105.8956,21.4573],[105.897,21.4607],[105.9039,21.4588],[105.9076,21.4544],[105.9096,21.4539],[105.9115,21.4507],[105.9093,21.4465],[105.9087,21.4414],[105.9101,21.4395],[105.9112,21.4332],[105.9102,21.4285],[105.9127,21.4256],[105.9146,21.4207],[105.9135,21.4193],[105.9172,21.4135],[105.9196,21.4147],[105.9217,21.4137],[105.9279,21.4129],[105.9297,21.411],[105.9317,21.4057],[105.936,21.4009],[105.9377,21.4011],[105.9409,21.399],[105.9422,21.4011],[105.9447,21.4],[105.9508,21.4041],[105.9529,21.4066],[105.956,21.404],[105.955,21.4016],[105.9572,21.4008],[105.9593,21.4034],[105.9562,21.4081],[105.9543,21.4128],[105.9565,21.4166],[105.9587,21.424],[105.9574,21.4299],[105.9612,21.4362],[105.96,21.4374],[105.9646,21.4455],[105.9633,21.4441],[105.9575,21.4441],[105.9544,21.441],[105.9524,21.4411],[105.9478,21.4379],[105.9446,21.4377],[105.9439,21.4352],[105.94,21.4328],[105.9354,21.4332],[105.9307,21.4371],[105.9271,21.4368],[105.9252,21.4388],[105.9255,21.4422],[105.9307,21.4447],[105.9317,21.448],[105.935,21.4502],[105.9345,21.4563],[105.9315,21.4621],[105.9265,21.4628],[105.9258,21.4652],[105.9265,21.4684],[105.9262,21.4731],[105.925,21.4745],[105.9207,21.4766],[105.9199,21.4782],[105.9157,21.4797],[105.9169,21.483],[105.9218,21.4828],[105.9224,21.4851],[105.9263,21.4898],[105.9282,21.4878],[105.9318,21.4885],[105.9311,21.4903],[105.9314,21.4946],[105.9332,21.4958],[105.9311,21.5001]]]},"properties":{"ma_xa":"05941","ten_xa":"Điềm Thụy","sap_nhap":"Hà Châu, Nga My, Điềm Thụy, Thượng Đình (1 phần)","tru_so":"đang cập nhật","loai":"Xã","cap":2,"stt":25,"dtich_km2":42.03,"dan_so":41860,"matdo_km2":995.96,"ma_tinh":"19","ten_tinh":"Thái Nguyên"}},
{"type":"Feature","geometry":{"type":"Polygon","coordinates":[[[105.6572,21.9135],[105.6549,21.9143],[105.6524,21.9178],[105.6465,21.9201],[105.6457,21.9231],[105.64,21.9211],[105.6366,21.9182],[105.6355,21.9201],[105.6324,21.9217],[105.6307,21.9238],[105.6277,21.9243],[105.6263,21.9269],[105.6217,21.9292],[105.6178,21.9326],[105.6131,21.9344],[105.6108,21.9382],[105.611,21.9406],[105.6069,21.9423],[105.6037,21.9398],[105.599,21.9418],[105.5961,21.9397],[105.5916,21.9396],[105.5899,21.9415],[105.5868,21.9428],[105.5847,21.9451],[105.5808,21.9452],[105.5795,21.9507],[105.5755,21.9577],[105.5701,21.9582],[105.5685,21.9566],[105.5632,21.9555],[105.5557,21.9575],[105.5517,21.9528],[105.5501,21.9494],[105.5523,21.9433],[105.5511,21.9396],[105.5522,21.9347],[105.5505,21.9316],[105.5511,21.9209],[105.5535,21.9187],[105.5542,21.9148],[105.553,21.9088],[105.5453,21.9048],[105.5469,21.8955],[105.5431,21.891],[105.5467,21.8848],[105.5491,21.8847],[105.5539,21.8824],[105.5569,21.8785],[105.5595,21.8792],[105.5679,21.8874],[105.5675,21.8914],[105.5659,21.8935],[105.5661,21.8991],[105.5688,21.8989],[105.5716,21.9015],[105.5783,21.902],[105.5831,21.9018],[105.5837,21.8959],[105.5793,21.8917],[105.5807,21.8907],[105.5798,21.8878],[105.5805,21.8838],[105.5829,21.881],[105.5828,21.8782],[105.5856,21.8773],[105.5874,21.8752],[105.59,21.8744],[105.5896,21.872],[105.5869,21.8709],[105.5882,21.8687],[105.5858,21.8664],[105.5891,21.8606],[105.5923,21.8598],[105.5935,21.856],[105.5994,21.8616],[105.6048,21.866],[105.6087,21.8702],[105.6123,21.8711],[105.6141,21.8727],[105.6153,21.8756],[105.6172,21.8755],[105.6211,21.8791],[105.6251,21.8854],[105.6273,21.8903],[105.6297,21.888],[105.6364,21.8876],[105.6401,21.8892],[105.6434,21.8927],[105.6462,21.8977],[105.6501,21.901],[105.653,21.9048],[105.6554,21.9053],[105.6566,21.9078],[105.6557,21.9124],[105.6572,21.9135]]]},"properties":{"ma_xa":"05569","ten_xa":"Định Hóa","sap_nhap":"Chợ Chu (thị trấn), Phúc Chu, Bảo Linh, Đồng Thịnh","tru_so":"đang cập nhật","loai":"Xã","cap":2,"stt":41,"dtich_km2":67.3,"dan_so":22333,"matdo_km2":331.84,"ma_tinh":"19","ten_tinh":"Thái Nguyên"}},
{"type":"Feature","geometry":{"type":"Polygon","coordinates":[[[105.8217,21.705],[105.8173,21.7049],[105.8138,21.7064],[105.8151,21.7104],[105.8072,21.7087],[105.8015,21.7048],[105.7986,21.7048],[105.7949,21.7018],[105.7909,21.6962],[105.7876,21.6956],[105.7868,21.6926],[105.7935,21.6849],[105.7922,21.6787],[105.7937,21.6731],[105.7917,21.6699],[105.7912,21.6664],[105.7964,21.6646],[105.8023,21.6584],[105.8049,21.6524],[105.8099,21.6498],[105.8092,21.6478],[105.8142,21.6487],[105.8173,21.6484],[105.8187,21.6443],[105.8228,21.6425],[105.8262,21.6401],[105.8272,21.6372],[105.8302,21.6374],[105.8323,21.6353],[105.8379,21.6344],[105.8369,21.6315],[105.8412,21.6299],[105.8438,21.6315],[105.8455,21.6283],[105.8493,21.6276],[105.8455,21.6235],[105.8482,21.622],[105.8515,21.6237],[105.8528,21.6268],[105.8575,21.6277],[105.8582,21.6327],[105.8569,21.6353],[105.8574,21.6414],[105.8599,21.6407],[105.8625,21.6429],[105.8595,21.6448],[105.8589,21.6484],[105.856,21.6496],[105.8574,21.6523],[105.8544,21.6535],[105.8533,21.6559],[105.8557,21.6573],[105.8586,21.6618],[105.8614,21.6601],[105.8654,21.6631],[105.8635,21.6669],[105.8586,21.6672],[105.861,21.6754],[105.8642,21.6766],[105.8668,21.6758],[105.8683,21.6731],[105.871,21.6713],[105.8756,21.6749],[105.8768,21.6778],[105.8796,21.677],[105.883,21.6744],[105.8843,21.6771],[105.8845,21.6812],[105.8823,21.6829],[105.8833,21.6881],[105.8866,21.6867],[105.8868,21.689],[105.8897,21.6905],[105.8895,21.6927],[105.8891,21.6961],[105.8869,21.6979],[105.8784,21.6986],[105.8765,21.6962],[105.8726,21.6949],[105.8669,21.6952],[105.8607,21.6935],[105.8537,21.6953],[105.8468,21.6977],[105.8473,21.6994],[105.8428,21.7048],[105.8385,21.7041],[105.8326,21.7018],[105.8258,21.7025],[105.8217,21.705]]]},"properties":{"ma_xa":"05692","ten_xa":"Đồng Hỷ","sap_nhap":"Hóa Thượng (thị trấn), Sông Cầu (thị trấn), Minh Lập, Hóa Trung","tru_so":"đang cập nhật","loai":"Xã","cap":2,"stt":28,"dtich_km2":53.72,"dan_so":31012,"matdo_km2":577.29,"ma_tinh":"19","ten_tinh":"Thái Nguyên"}},
{"type":"Feature","geometry":{"type":"Polygon","coordinates":[[[105.733,22.3782],[105.7283,22.3796],[105.7255,22.3796],[105.7223,22.3819],[105.7226,22.3899],[105.7217,22.394],[105.7137,22.3953],[105.7099,22.3978],[105.7067,22.3984],[105.7021,22.3946],[105.6968,22.3923],[105.6933,22.3927],[105.6895,22.3903],[105.6817,22.384],[105.6786,22.3836],[105.6772,22.3817],[105.6718,22.3849],[105.6682,22.3856],[105.6648,22.3881],[105.6577,22.3913],[105.6544,22.3902],[105.6531,22.3843],[105.6534,22.3776],[105.6463,22.3704],[105.6407,22.3669],[105.6372,22.368],[105.6353,22.3629],[105.6361,22.3602],[105.6396,22.3596],[105.6484,22.3606],[105.6516,22.3552],[105.6523,22.3479],[105.6505,22.3451],[105.6477,22.3447],[105.643,22.3427],[105.6368,22.3392],[105.633,22.3382],[105.629,22.3383],[105.6251,22.3349],[105.6244,22.3316],[105.6227,22.329],[105.6233,22.3254],[105.6192,22.3219],[105.6207,22.3215],[105.6208,22.3178],[105.6222,22.3162],[105.621,22.3112],[105.6238,22.308],[105.628,22.3065],[105.6315,22.3065],[105.6398,22.3075],[105.6443,22.3038],[105.6442,22.3002],[105.6461,22.2981],[105.6484,22.298],[105.6508,22.2938],[105.6549,22.2945],[105.6565,22.292],[105.6618,22.2893],[105.6616,22.2877],[105.6583,22.284],[105.6545,22.2812],[105.6546,22.2742],[105.6531,22.2731],[105.6538,22.2702],[105.6502,22.2662],[105.6503,22.2641],[105.6482,22.2607],[105.6446,22.2584],[105.6427,22.2545],[105.6381,22.2503],[105.6361,22.2451],[105.6388,22.2434],[105.6431,22.2431],[105.6506,22.2386],[105.6513,22.2371],[105.6507,22.232],[105.6554,22.2299],[105.66,22.2242],[105.6649,22.2221],[105.6681,22.2249],[105.673,22.2267],[105.676,22.223],[105.6759,22.2206],[105.6779,22.2221],[105.6916,22.2261],[105.7024,22.2268],[105.7045,22.2245],[105.7114,22.2269],[105.711,22.2341],[105.7127,22.2398],[105.7102,22.2446],[105.7103,22.2478],[105.7089,22.2503],[105.7087,22.2542],[105.7063,22.2602],[105.7134,22.2634],[105.7149,22.2631],[105.7175,22.2661],[105.7227,22.2678],[105.7274,22.273],[105.7302,22.2738],[105.7356,22.2728],[105.7389,22.2745],[105.7435,22.2744],[105.7469,22.2733],[105.7529,22.2733],[105.7567,22.2705],[105.7643,22.2707],[105.7654,22.2718],[105.7721,22.2722],[105.774,22.276],[105.7798,22.2774],[105.7881,22.282],[105.7889,22.2855],[105.7875,22.2873],[105.7885,22.2896],[105.7859,22.2985],[105.7871,22.3015],[105.7853,22.3036],[105.7854,22.3073],[105.7838,22.3098],[105.781,22.3108],[105.7788,22.3143],[105.7766,22.3198],[105.7754,22.3253],[105.7715,22.3262],[105.7718,22.3355],[105.7688,22.3408],[105.7673,22.3414],[105.7661,22.3447],[105.7611,22.3462],[105.7568,22.3482],[105.7571,22.3558],[105.7546,22.3556],[105.7468,22.3613],[105.7466,22.3641],[105.7429,22.3652],[105.7391,22.3689],[105.738,22.371],[105.7341,22.3727],[105.7326,22.3758],[105.733,22.3782]]]},"properties":{"ma_xa":"01933","ten_xa":"Đồng Phúc","sap_nhap":"Quảng Khê, Hoàng Trĩ, Bằng Phúc, Đồng Phúc","tru_so":"đang cập nhật","loai":"Xã","cap":2,"stt":62,"dtich_km2":199.11,"dan_so":11722,"matdo_km2":58.87,"ma_tinh":"19","ten_tinh":"Thái Nguyên"}},
{"type":"Feature","geometry":{"type":"Polygon","coordinates":[[[105.6246,21.7725],[105.6218,21.7734],[105.6158,21.7719],[105.6149,21.7693],[105.6129,21.769],[105.6069,21.7661],[105.5981,21.7668],[105.5922,21.7668],[105.5896,21.7676],[105.5859,21.7646],[105.5841,21.7543],[105.5819,21.7508],[105.578,21.7484],[105.5723,21.7476],[105.5701,21.7482],[105.5676,21.7451],[105.5643,21.7481],[105.5552,21.7521],[105.553,21.7517],[105.5457,21.7532],[105.5433,21.7606],[105.5378,21.7593],[105.5331,21.7593],[105.5315,21.7612],[105.525,21.7652],[105.5209,21.7608],[105.5181,21.7556],[105.514,21.7548],[105.509,21.7503],[105.5119,21.7431],[105.5163,21.7393],[105.5159,21.737],[105.5169,21.7344],[105.5223,21.73],[105.5258,21.7241],[105.53,21.7225],[105.5332,21.7245],[105.5349,21.727],[105.5383,21.7292],[105.5418,21.7301],[105.5459,21.7291],[105.5531,21.7261],[105.5558,21.7239],[105.5611,21.7272],[105.5623,21.7291],[105.5689,21.7318],[105.5785,21.7294],[105.5798,21.7222],[105.5792,21.7181],[105.5803,21.7165],[105.5807,21.7108],[105.5843,21.7055],[105.5885,21.7049],[105.5927,21.7056],[105.5946,21.7049],[105.5979,21.7058],[105.6001,21.7036],[105.6032,21.7042],[105.6081,21.7086],[105.6113,21.7079],[105.6142,21.7046],[105.619,21.7045],[105.6214,21.7089],[105.6248,21.712],[105.6292,21.7178],[105.6338,21.7194],[105.6406,21.7204],[105.6438,21.7217],[105.6427,21.7291],[105.644,21.7325],[105.6422,21.7358],[105.6443,21.7384],[105.6419,21.7426],[105.644,21.7471],[105.6439,21.7498],[105.6396,21.7564],[105.6403,21.7592],[105.6359,21.766],[105.6326,21.7672],[105.633,21.7696],[105.6296,21.7707],[105.6278,21.7695],[105.6251,21.7704],[105.6246,21.7725]]]},"properties":{"ma_xa":"05776","ten_xa":"Đức Lương","sap_nhap":"Minh Tiến, Phúc Lương, Đức Lương","tru_so":"đang cập nhật","loai":"Xã","cap":2,"stt":10,"dtich_km2":60.9,"dan_so":13181,"matdo_km2":216.44,"ma_tinh":"19","ten_tinh":"Thái Nguyên"}},
{"type":"Feature","geometry":{"type":"Polygon","coordinates":[[[105.8842,22.1369],[105.8837,22.1412],[105.8853,22.1451],[105.8857,22.1514],[105.8897,22.1528],[105.8845,22.1578],[105.8771,22.1615],[105.874,22.1637],[105.8745,22.1663],[105.8733,22.1691],[105.8681,22.1711],[105.8651,22.1731],[105.8645,22.1794],[105.8653,22.182],[105.8675,22.1839],[105.8665,22.1862],[105.8589,22.1858],[105.8559,22.1879],[105.8544,22.1907],[105.8508,22.1942],[105.8475,22.1932],[105.8441,22.1962],[105.8414,22.1974],[105.841,22.2009],[105.8335,22.2006],[105.8309,22.2018],[105.8281,22.2046],[105.8234,22.2063],[105.8186,22.2103],[105.8116,22.2127],[105.8071,22.2121],[105.8086,22.2093],[105.8101,22.2036],[105.8085,22.2],[105.8108,22.1993],[105.8185,22.1953],[105.8236,22.1916],[105.824,22.1889],[105.8274,22.1859],[105.828,22.1834],[105.8268,22.1813],[105.8271,22.1774],[105.8258,22.1747],[105.8269,22.1705],[105.8335,22.1634],[105.8336,22.1594],[105.8369,22.1587],[105.8379,22.1547],[105.8392,22.1538],[105.8377,22.1513],[105.8338,22.1507],[105.8315,22.1444],[105.8349,22.1411],[105.8361,22.137],[105.8391,22.1358],[105.8403,22.1331],[105.8433,22.1305],[105.8489,22.1305],[105.8526,22.1282],[105.858,22.1288],[105.8601,22.132],[105.8635,22.135],[105.8677,22.1325],[105.8714,22.135],[105.8746,22.1361],[105.8842,22.1369]]]},"properties":{"ma_xa":"01840","ten_xa":"Đức Xuân","sap_nhap":"Nguyễn Thị Minh Khai, Huyền Tụng, Đức Xuân","tru_so":"đang cập nhật","loai":"Phường","cap":2,"stt":79,"dtich_km2":34.46,"dan_so":22660,"matdo_km2":657.57,"ma_tinh":"19","ten_tinh":"Thái Nguyên"}},
{"type":"Feature","geometry":{"type":"Polygon","coordinates":[[[105.9128,21.5857],[105.9103,21.5842],[105.9072,21.5847],[105.9019,21.5798],[105.899,21.5821],[105.8971,21.5811],[105.8964,21.5795],[105.8885,21.579],[105.8769,21.5748],[105.8727,21.5727],[105.8706,21.5702],[105.8677,21.5688],[105.8659,21.5698],[105.8603,21.5781],[105.8605,21.5798],[105.8575,21.581],[105.856,21.5842],[105.8521,21.582],[105.8416,21.579],[105.8373,21.5787],[105.8329,21.5769],[105.8352,21.5741],[105.8376,21.5689],[105.844,21.5648],[105.8498,21.5674],[105.8525,21.5666],[105.8544,21.5636],[105.8563,21.5567],[105.8631,21.5536],[105.8694,21.5475],[105.8814,21.5331],[105.8837,21.5354],[105.8886,21.5335],[105.8907,21.5349],[105.8898,21.5377],[105.8925,21.5397],[105.898,21.5399],[105.9034,21.5425],[105.9079,21.5404],[105.9082,21.5463],[105.9109,21.5468],[105.9097,21.5532],[105.9101,21.5636],[105.9151,21.569],[105.9146,21.5753],[105.9117,21.5819],[105.9136,21.5842],[105.9128,21.5857]]]},"properties":{"ma_xa":"05467","ten_xa":"Gia Sàng","sap_nhap":"Hương Sơn, Đồng Liên, Gia Sàng (1 phần), Cam Giá (1 phần)","tru_so":"đang cập nhật","loai":"Phường","cap":2,"stt":4,"dtich_km2":25.47,"dan_so":44094,"matdo_km2":1731.21,"ma_tinh":"19","ten_tinh":"Thái Nguyên"}},
{"type":"Feature","geometry":{"type":"Polygon","coordinates":[[[105.9471,22.3664],[105.9436,22.3667],[105.9363,22.3618],[105.9322,22.3611],[105.9214,22.3628],[105.9188,22.3612],[105.9105,22.3607],[105.9059,22.3593],[105.9041,22.3551],[105.9051,22.3523],[105.9032,22.3469],[105.9033,22.3441],[105.8991,22.3423],[105.8993,22.3392],[105.8964,22.3389],[105.8942,22.3362],[105.8856,22.3321],[105.888,22.3278],[105.8892,22.3216],[105.8873,22.3177],[105.89,22.3135],[105.892,22.3121],[105.8931,22.308],[105.8975,22.3042],[105.8972,22.302],[105.9015,22.3017],[105.9038,22.2994],[105.9068,22.2933],[105.9111,22.2901],[105.9146,22.2886],[105.917,22.2892],[105.9205,22.2864],[105.9253,22.2845],[105.9314,22.287],[105.9291,22.2935],[105.9324,22.2983],[105.9369,22.3006],[105.9405,22.2969],[105.944,22.2953],[105.9465,22.2958],[105.9487,22.2941],[105.9519,22.2944],[105.9561,22.2925],[105.9596,22.2876],[105.9619,22.2872],[105.9651,22.2904],[105.9675,22.2898],[105.97,22.294],[105.9718,22.2948],[105.9743,22.2995],[105.9765,22.3024],[105.9799,22.3016],[105.9821,22.3026],[105.9854,22.3009],[105.994,22.3005],[105.9959,22.3029],[106.0028,22.3047],[106.0055,22.3041],[106.0102,22.305],[106.0153,22.3104],[106.0198,22.312],[106.0256,22.3111],[106.0301,22.3112],[106.0337,22.3128],[106.0353,22.3151],[106.0396,22.3145],[106.0418,22.3156],[106.0448,22.3135],[106.048,22.3132],[106.0514,22.3105],[106.0568,22.3104],[106.0616,22.3123],[106.0623,22.3138],[106.0666,22.3151],[106.0689,22.3192],[106.071,22.3208],[106.0735,22.3204],[106.0757,22.3226],[106.0749,22.3262],[106.0713,22.3283],[106.0698,22.3315],[106.0673,22.3336],[106.0656,22.3372],[106.0608,22.3362],[106.0537,22.3396],[106.0527,22.3395],[106.0477,22.3461],[106.0462,22.3465],[106.0424,22.3446],[106.0386,22.3456],[106.0312,22.3489],[106.0279,22.3479],[106.0239,22.3508],[106.023,22.354],[106.0195,22.3575],[106.0123,22.3528],[106.0105,22.3544],[106.0024,22.3507],[105.9955,22.3497],[105.9931,22.3479],[105.9827,22.3492],[105.9767,22.3524],[105.975,22.3564],[105.9698,22.3585],[105.9662,22.361],[105.9654,22.3632],[105.9612,22.3663],[105.9545,22.3663],[105.9493,22.3644],[105.9471,22.3664]]]},"properties":{"ma_xa":"01960","ten_xa":"Hiệp Lực","sap_nhap":"Thuần Mang, Hiệp Lực","tru_so":"đang cập nhật","loai":"Xã","cap":2,"stt":67,"dtich_km2":105.02,"dan_so":7317,"matdo_km2":69.67,"ma_tinh":"19","ten_tinh":"Thái Nguyên"}},
{"type":"Feature","geometry":{"type":"Polygon","coordinates":[[[105.6707,21.7975],[105.6689,21.7964],[105.6653,21.7972],[105.6633,21.7986],[105.6615,21.8018],[105.6575,21.8051],[105.6569,21.8069],[105.648,21.8066],[105.6463,21.803],[105.643,21.8041],[105.6392,21.8016],[105.6359,21.797],[105.6374,21.7946],[105.6342,21.7938],[105.6336,21.7924],[105.6286,21.7923],[105.6265,21.7872],[105.6261,21.781],[105.6236,21.7744],[105.6246,21.7725],[105.6251,21.7704],[105.6278,21.7695],[105.6296,21.7707],[105.633,21.7696],[105.6326,21.7672],[105.6359,21.766],[105.6403,21.7592],[105.6396,21.7564],[105.6439,21.7498],[105.644,21.7471],[105.6419,21.7426],[105.6443,21.7384],[105.6422,21.7358],[105.644,21.7325],[105.6427,21.7291],[105.6438,21.7217],[105.6466,21.725],[105.6519,21.7277],[105.6589,21.7285],[105.6639,21.7326],[105.6658,21.7351],[105.6693,21.7345],[105.6734,21.7349],[105.674,21.7368],[105.6775,21.7375],[105.6826,21.7433],[105.6861,21.7442],[105.6897,21.7416],[105.6897,21.7397],[105.6944,21.7417],[105.6939,21.7471],[105.6918,21.7503],[105.6913,21.7541],[105.6961,21.7551],[105.6972,21.7567],[105.6958,21.7582],[105.6906,21.7579],[105.6876,21.7628],[105.6879,21.7672],[105.6895,21.7697],[105.6893,21.7721],[105.6913,21.7737],[105.6917,21.7772],[105.6899,21.779],[105.6856,21.7909],[105.6835,21.7901],[105.6776,21.7917],[105.6734,21.7945],[105.671,21.7951],[105.6707,21.7975]]]},"properties":{"ma_xa":"05632","ten_xa":"Hợp Thành","sap_nhap":"Ôn Lương, Phủ Lý, Hợp Thành","tru_so":"đang cập nhật","loai":"Xã","cap":2,"stt":40,"dtich_km2":41.2,"dan_so":10828,"matdo_km2":262.82,"ma_tinh":"19","ten_tinh":"Thái Nguyên"}},
{"type":"Feature","geometry":{"type":"Polygon","coordinates":[[[106.0409,21.4725],[106.0349,21.4731],[106.0327,21.4699],[106.0327,21.4674],[106.0303,21.4649],[106.0228,21.4592],[106.019,21.4581],[106.0159,21.4534],[106.0166,21.4512],[106.0157,21.4479],[106.0072,21.4494],[106.0039,21.4519],[105.9999,21.4529],[105.997,21.4565],[105.9957,21.4522],[105.9915,21.4476],[105.9861,21.4488],[105.9832,21.448],[105.9811,21.4456],[105.9754,21.4424],[105.9678,21.4456],[105.9646,21.4455],[105.96,21.4374],[105.9612,21.4362],[105.9646,21.4359],[105.9677,21.4311],[105.9684,21.4256],[105.9719,21.4227],[105.9725,21.4199],[105.977,21.4176],[105.9794,21.4141],[105.9826,21.4133],[105.9849,21.4109],[105.9864,21.4138],[105.9909,21.4118],[105.9907,21.4097],[105.9956,21.4083],[105.996,21.4048],[105.999,21.4028],[105.9998,21.405],[106.0028,21.4063],[106.0059,21.4051],[106.0094,21.4056],[106.0131,21.4028],[106.0161,21.4033],[106.0196,21.4026],[106.0188,21.3994],[106.0192,21.396],[106.023,21.3942],[106.023,21.3922],[106.0262,21.3924],[106.026,21.3947],[106.0293,21.3941],[106.028,21.3986],[106.0305,21.4033],[106.0303,21.4056],[106.034,21.4107],[106.0321,21.4163],[106.0325,21.4208],[106.0312,21.422],[106.031,21.4253],[106.0283,21.427],[106.0256,21.4312],[106.0266,21.4366],[106.0456,21.4415],[106.0472,21.4477],[106.049,21.4511],[106.0485,21.4543],[106.0508,21.4569],[106.0513,21.4607],[106.0483,21.4609],[106.0467,21.4639],[106.0437,21.4642],[106.0419,21.4669],[106.0409,21.4725]]]},"properties":{"ma_xa":"05953","ten_xa":"Kha Sơn","sap_nhap":"Lương Phú, Tân Đức, Thanh Ninh, Dương Thành, Kha Sơn","tru_so":"đang cập nhật","loai":"Xã","cap":2,"stt":26,"dtich_km2":37.85,"dan_so":42240,"matdo_km2":1115.98,"ma_tinh":"19","ten_tinh":"Thái Nguyên"}},
{"type":"Feature","geometry":{"type":"Polygon","coordinates":[[[105.6768,21.9456],[105.673,21.9478],[105.6713,21.9498],[105.6687,21.9565],[105.6652,21.9585],[105.6654,21.9616],[105.6672,21.9666],[105.6667,21.9723],[105.6684,21.9735],[105.6719,21.9833],[105.672,21.9882],[105.6689,21.9878],[105.6633,21.9887],[105.6616,21.9898],[105.6595,21.9875],[105.6552,21.9905],[105.6531,21.993],[105.6533,21.9987],[105.6459,21.9988],[105.6438,22.0019],[105.644,22.0043],[105.6415,22.0063],[105.6353,22.0057],[105.6323,22.0065],[105.6311,22.012],[105.6302,22.0133],[105.6238,22.0174],[105.6208,22.0185],[105.6165,22.0125],[105.6129,22.0136],[105.6109,22.0119],[105.6072,22.0115],[105.6069,22.0118],[105.6049,22.0122],[105.6045,22.0124],[105.6018,22.0141],[105.6011,22.011],[105.5968,22.0087],[105.5927,22.0077],[105.5904,22.0086],[105.5858,22.0011],[105.5831,21.9934],[105.583,21.9914],[105.5796,21.9856],[105.5793,21.9835],[105.5821,21.981],[105.5781,21.9774],[105.5779,21.9748],[105.5791,21.9708],[105.5809,21.9692],[105.5814,21.966],[105.5796,21.9649],[105.5795,21.9625],[105.5774,21.9583],[105.5755,21.9577],[105.5795,21.9507],[105.5808,21.9452],[105.5847,21.9451],[105.5868,21.9428],[105.5899,21.9415],[105.5916,21.9396],[105.5961,21.9397],[105.599,21.9418],[105.6037,21.9398],[105.6069,21.9423],[105.611,21.9406],[105.6108,21.9382],[105.6131,21.9344],[105.6178,21.9326],[105.6217,21.9292],[105.6263,21.9269],[105.6277,21.9243],[105.6307,21.9238],[105.6324,21.9217],[105.6355,21.9201],[105.6366,21.9182],[105.64,21.9211],[105.6457,21.9231],[105.6465,21.9201],[105.6524,21.9178],[105.6549,21.9143],[105.6572,21.9135],[105.659,21.9132],[105.6603,21.9176],[105.6644,21.925],[105.6673,21.9283],[105.668,21.9336],[105.6736,21.9358],[105.6769,21.9428],[105.6768,21.9456]]]},"properties":{"ma_xa":"05551","ten_xa":"Kim Phượng","sap_nhap":"Quy Kỳ, Kim Phượng","tru_so":"đang cập nhật","loai":"Xã","cap":2,"stt":47,"dtich_km2":78.61,"dan_so":11104,"matdo_km2":141.25,"ma_tinh":"19","ten_tinh":"Thái Nguyên"}},
{"type":"Feature","geometry":{"type":"Polygon","coordinates":[[[105.6457,21.6631],[105.6447,21.6646],[105.6404,21.6667],[105.6393,21.6663],[105.6324,21.6688],[105.6316,21.6665],[105.629,21.6659],[105.6276,21.662],[105.6232,21.6614],[105.6207,21.6592],[105.6214,21.6563],[105.6194,21.6554],[105.6178,21.6505],[105.612,21.6505],[105.6101,21.6493],[105.6087,21.6463],[105.6066,21.6478],[105.6029,21.6485],[105.5977,21.6483],[105.5918,21.6471],[105.5896,21.6446],[105.5858,21.6446],[105.5796,21.6413],[105.5753,21.6441],[105.5784,21.6477],[105.5768,21.6503],[105.5735,21.6524],[105.5703,21.6544],[105.5667,21.6545],[105.558,21.65],[105.5551,21.6517],[105.5511,21.6499],[105.5465,21.6493],[105.5423,21.6473],[105.5382,21.6427],[105.5328,21.6383],[105.5307,21.638],[105.5267,21.6346],[105.5257,21.6313],[105.5221,21.6288],[105.5123,21.6282],[105.5013,21.6304],[105.4979,21.624],[105.4977,21.6202],[105.4965,21.6183],[105.5002,21.6141],[105.5043,21.6128],[105.5098,21.6063],[105.5099,21.6044],[105.5138,21.6026],[105.5162,21.5988],[105.5189,21.5969],[105.5202,21.5926],[105.5243,21.5882],[105.5266,21.5822],[105.5366,21.5817],[105.5385,21.578],[105.5424,21.574],[105.5495,21.5728],[105.5527,21.5738],[105.5537,21.5755],[105.5536,21.5815],[105.5585,21.59],[105.5641,21.5931],[105.5678,21.5935],[105.5712,21.5983],[105.5743,21.5985],[105.5732,21.601],[105.5745,21.6038],[105.5768,21.6051],[105.5754,21.608],[105.5758,21.6114],[105.5777,21.6129],[105.5781,21.6163],[105.5813,21.6202],[105.5852,21.6224],[105.5831,21.6253],[105.5883,21.6257],[105.5922,21.6246],[105.5954,21.6261],[105.5969,21.6285],[105.6034,21.6288],[105.6107,21.631],[105.6156,21.6319],[105.6176,21.6343],[105.6203,21.6338],[105.6225,21.6316],[105.6299,21.6326],[105.6331,21.637],[105.6357,21.6436],[105.6348,21.6485],[105.6354,21.6521],[105.6371,21.6532],[105.6386,21.6567],[105.6384,21.6596],[105.641,21.6605],[105.6437,21.663],[105.6457,21.6631]]]},"properties":{"ma_xa":"05818","ten_xa":"La Bằng","sap_nhap":"Hoàng Nông, Tiên Hội, La Bằng","tru_so":"đang cập nhật","loai":"Xã","cap":2,"stt":12,"dtich_km2":60.84,"dan_so":18237,"matdo_km2":299.75,"ma_tinh":"19","ten_tinh":"Thái Nguyên"}},
{"type":"Feature","geometry":{"type":"Polygon","coordinates":[[[106.0147,21.7644],[106.0113,21.7676],[106.0077,21.7698],[106.0052,21.7704],[106.0054,21.774],[106.0012,21.7763],[105.9959,21.784],[105.9928,21.78],[105.9886,21.7803],[105.9833,21.7824],[105.9811,21.7845],[105.9797,21.7906],[105.9784,21.7928],[105.9754,21.7938],[105.9727,21.7967],[105.9714,21.7929],[105.9656,21.79],[105.9627,21.7896],[105.9601,21.7864],[105.9566,21.7869],[105.9482,21.7825],[105.9422,21.7801],[105.9389,21.7823],[105.9354,21.7777],[105.9298,21.7763],[105.9278,21.7729],[105.9288,21.7686],[105.9273,21.7643],[105.9284,21.7582],[105.9227,21.7569],[105.9229,21.7503],[105.9204,21.7467],[105.9181,21.7418],[105.9139,21.7389],[105.9125,21.7298],[105.9107,21.7291],[105.9033,21.7301],[105.8979,21.7276],[105.8935,21.7275],[105.893,21.7201],[105.8972,21.7181],[105.8939,21.7136],[105.8895,21.7125],[105.8863,21.7064],[105.8895,21.7062],[105.8956,21.7046],[105.8973,21.6938],[105.9003,21.6937],[105.9007,21.6909],[105.9044,21.6915],[105.9087,21.6931],[105.9126,21.693],[105.9149,21.6946],[105.9186,21.6937],[105.9314,21.6957],[105.9336,21.6954],[105.9361,21.6974],[105.9352,21.7019],[105.9413,21.7025],[105.9489,21.7048],[105.9586,21.7088],[105.9682,21.7082],[105.9717,21.7088],[105.975,21.7104],[105.9757,21.7148],[105.9736,21.7205],[105.9752,21.7222],[105.9735,21.7257],[105.9733,21.7315],[105.9692,21.7376],[105.9712,21.7388],[105.9774,21.7452],[105.9837,21.7471],[105.9868,21.7448],[105.9909,21.7476],[105.9934,21.7475],[105.9962,21.7513],[106.0006,21.7552],[106.0054,21.763],[106.0097,21.764],[106.0121,21.7631],[106.0147,21.7644]]]},"properties":{"ma_xa":"05740","ten_xa":"La Hiên","sap_nhap":"Cúc Đường, La Hiên","tru_so":"đang cập nhật","loai":"Xã","cap":2,"stt":53,"dtich_km2":71.55,"dan_so":12269,"matdo_km2":171.47,"ma_tinh":"19","ten_tinh":"Thái Nguyên"}},
{"type":"Feature","geometry":{"type":"Polygon","coordinates":[[[105.6964,22.0359],[105.6927,22.0393],[105.6842,22.0424],[105.6816,22.0446],[105.6778,22.045],[105.6727,22.0479],[105.6685,22.0475],[105.6684,22.0437],[105.6637,22.0399],[105.6632,22.036],[105.6607,22.0332],[105.6601,22.0295],[105.6584,22.0296],[105.6533,22.0249],[105.6507,22.0254],[105.6462,22.0248],[105.6408,22.0267],[105.6387,22.0252],[105.636,22.018],[105.6313,22.0168],[105.6238,22.0174],[105.6302,22.0133],[105.6311,22.012],[105.6323,22.0065],[105.6353,22.0057],[105.6415,22.0063],[105.644,22.0043],[105.6438,22.0019],[105.6459,21.9988],[105.6533,21.9987],[105.6531,21.993],[105.6552,21.9905],[105.6595,21.9875],[105.6616,21.9898],[105.6633,21.9887],[105.6689,21.9878],[105.672,21.9882],[105.6719,21.9833],[105.6684,21.9735],[105.6667,21.9723],[105.6672,21.9666],[105.6654,21.9616],[105.6652,21.9585],[105.6687,21.9565],[105.6713,21.9498],[105.673,21.9478],[105.6768,21.9456],[105.6812,21.9518],[105.6845,21.951],[105.6852,21.9484],[105.6894,21.9506],[105.6916,21.9529],[105.6961,21.9539],[105.6953,21.9561],[105.6983,21.9567],[105.7011,21.9547],[105.7019,21.9526],[105.7095,21.9514],[105.7111,21.9506],[105.715,21.9538],[105.7154,21.9559],[105.7201,21.9566],[105.7198,21.9671],[105.7281,21.9731],[105.7303,21.9762],[105.7299,21.9787],[105.7327,21.9794],[105.7363,21.9846],[105.7385,21.985],[105.7396,21.9884],[105.7422,21.9905],[105.74,21.9953],[105.7398,21.9982],[105.7412,22.0017],[105.7452,22.0085],[105.747,22.0133],[105.7452,22.0166],[105.7397,22.0187],[105.7372,22.0186],[105.7357,22.0161],[105.7313,22.0154],[105.7232,22.0247],[105.7207,22.0244],[105.7166,22.0221],[105.7137,22.0216],[105.7079,22.0226],[105.7051,22.0256],[105.6972,22.0311],[105.6964,22.0359]]]},"properties":{"ma_xa":"05542","ten_xa":"Lam Vỹ","sap_nhap":"Linh Thông, Lam Vỹ","tru_so":"đang cập nhật","loai":"Xã","cap":2,"stt":48,"dtich_km2":71.42,"dan_so":8073,"matdo_km2":113.04,"ma_tinh":"19","ten_tinh":"Thái Nguyên"}},
{"type":"Feature","geometry":{"type":"Polygon","coordinates":[[[105.8569,21.6353],[105.8582,21.6327],[105.8575,21.6277],[105.8528,21.6268],[105.8515,21.6237],[105.8482,21.622],[105.8455,21.6235],[105.8493,21.6276],[105.8455,21.6283],[105.8438,21.6315],[105.8412,21.6299],[105.8369,21.6315],[105.8379,21.6344],[105.8323,21.6353],[105.8302,21.6374],[105.8272,21.6372],[105.8262,21.6401],[105.8228,21.6425],[105.8187,21.6443],[105.8173,21.6484],[105.8142,21.6487],[105.8092,21.6478],[105.8025,21.6417],[105.8018,21.6383],[105.8079,21.6279],[105.8081,21.6257],[105.8061,21.6193],[105.8157,21.6142],[105.8211,21.6129],[105.8236,21.6116],[105.8293,21.6126],[105.8337,21.616],[105.8363,21.6167],[105.8385,21.6148],[105.8373,21.6111],[105.8352,21.6082],[105.8335,21.6009],[105.8382,21.5985],[105.8402,21.599],[105.8417,21.6018],[105.844,21.6038],[105.8538,21.6058],[105.8574,21.6041],[105.8561,21.5972],[105.8572,21.594],[105.8598,21.5918],[105.8647,21.586],[105.8648,21.5824],[105.8605,21.5798],[105.8603,21.5781],[105.8659,21.5698],[105.8677,21.5688],[105.8706,21.5702],[105.8727,21.5727],[105.8769,21.5748],[105.8885,21.579],[105.8964,21.5795],[105.8971,21.5811],[105.8943,21.5848],[105.8895,21.5874],[105.8886,21.5925],[105.8864,21.5962],[105.8829,21.5956],[105.8793,21.5938],[105.8765,21.5962],[105.8793,21.5995],[105.8817,21.6003],[105.8825,21.6029],[105.8853,21.6012],[105.8889,21.6036],[105.8928,21.6023],[105.8971,21.6033],[105.898,21.6061],[105.8971,21.6108],[105.9024,21.6124],[105.9028,21.6153],[105.9046,21.6164],[105.9046,21.6212],[105.9036,21.6243],[105.8996,21.6261],[105.8941,21.6262],[105.8892,21.6308],[105.8828,21.6286],[105.8788,21.6299],[105.8748,21.6301],[105.8731,21.6319],[105.8692,21.6332],[105.8643,21.6327],[105.8624,21.6358],[105.8587,21.6367],[105.8569,21.6353]]]},"properties":{"ma_xa":"05710","ten_xa":"Linh Sơn","sap_nhap":"Chùa Hang, Đồng Bẩm, Cao Ngạn, Huống Thượng, Linh Sơn","tru_so":"đang cập nhật","loai":"Phường","cap":2,"stt":2,"dtich_km2":39.28,"dan_so":46733,"matdo_km2":1189.74,"ma_tinh":"19","ten_tinh":"Thái Nguyên"}},
{"type":"Feature","geometry":{"type":"Polygon","coordinates":[[[105.9518,22.3995],[105.9486,22.3986],[105.9472,22.3997],[105.9429,22.4001],[105.9424,22.4023],[105.9457,22.4042],[105.9486,22.4092],[105.9486,22.4116],[105.9464,22.4176],[105.9468,22.4222],[105.948,22.4265],[105.9502,22.4282],[105.9487,22.4349],[105.9485,22.4391],[105.9437,22.4423],[105.9445,22.4444],[105.9401,22.4476],[105.9307,22.4514],[105.927,22.4523],[105.9242,22.4506],[105.9182,22.4547],[105.9179,22.4567],[105.9196,22.4609],[105.9164,22.463],[105.9113,22.4627],[105.9083,22.4638],[105.9018,22.4678],[105.9008,22.4702],[105.8979,22.4728],[105.8979,22.4762],[105.8945,22.4749],[105.8892,22.4717],[105.8868,22.4691],[105.885,22.4654],[105.8832,22.4638],[105.8843,22.4607],[105.8831,22.4589],[105.8834,22.4558],[105.882,22.4464],[105.8783,22.4427],[105.876,22.4393],[105.8738,22.4337],[105.8715,22.4312],[105.8691,22.4239],[105.8692,22.4174],[105.8713,22.4131],[105.8696,22.4087],[105.8656,22.4046],[105.8623,22.4023],[105.8601,22.4022],[105.8543,22.3898],[105.8583,22.3846],[105.8595,22.3807],[105.8596,22.3751],[105.8563,22.3721],[105.8511,22.3644],[105.8523,22.3627],[105.8597,22.3613],[105.8616,22.359],[105.8645,22.3519],[105.8723,22.3478],[105.8749,22.3481],[105.8765,22.3465],[105.8779,22.3422],[105.882,22.3394],[105.884,22.3367],[105.8856,22.3321],[105.8942,22.3362],[105.8964,22.3389],[105.8993,22.3392],[105.8991,22.3423],[105.9033,22.3441],[105.9032,22.3469],[105.9051,22.3523],[105.9041,22.3551],[105.9059,22.3593],[105.9105,22.3607],[105.9188,22.3612],[105.9214,22.3628],[105.9322,22.3611],[105.9363,22.3618],[105.9436,22.3667],[105.9471,22.3664],[105.9495,22.3673],[105.9522,22.371],[105.9577,22.3759],[105.9581,22.3787],[105.9571,22.3813],[105.9538,22.3825],[105.954,22.3871],[105.9525,22.3885],[105.9533,22.3945],[105.9513,22.3967],[105.9518,22.3995]]]},"properties":{"ma_xa":"01936","ten_xa":"Nà Phặc","sap_nhap":"Nà Phặc (thị trấn), Trung Hòa","tru_so":"đang cập nhật","loai":"Xã","cap":2,"stt":66,"dtich_km2":101.18,"dan_so":9231,"matdo_km2":91.23,"ma_tinh":"19","ten_tinh":"Thái Nguyên"}},
{"type":"Feature","geometry":{"type":"Polygon","coordinates":[[[106.242,22.2471],[106.2386,22.2473],[106.2353,22.2507],[106.2345,22.2539],[106.2371,22.2576],[106.2378,22.2607],[106.2296,22.2637],[106.2257,22.2613],[106.2261,22.2599],[106.2217,22.2552],[106.2117,22.2572],[106.2017,22.2571],[106.2005,22.2544],[106.1939,22.2534],[106.1894,22.2563],[106.1875,22.2601],[106.184,22.2616],[106.1816,22.2645],[106.1786,22.2646],[106.1753,22.2693],[106.1695,22.2702],[106.1664,22.2675],[106.1587,22.2646],[106.1525,22.2595],[106.1492,22.2589],[106.1462,22.2552],[106.1461,22.2531],[106.144,22.2515],[106.1427,22.2455],[106.1383,22.244],[106.1361,22.2462],[106.1311,22.2495],[106.1243,22.2499],[106.1222,22.246],[106.1154,22.2383],[106.1114,22.2355],[106.1098,22.2356],[106.1081,22.2311],[106.1082,22.2285],[106.1059,22.2266],[106.1044,22.2238],[106.0993,22.2193],[106.0985,22.2168],[106.0947,22.2132],[106.0926,22.2087],[106.0936,22.2038],[106.0927,22.2022],[106.0929,22.1965],[106.0943,22.1985],[106.1027,22.2045],[106.1057,22.2088],[106.111,22.212],[106.1124,22.2106],[106.1196,22.211],[106.1248,22.2122],[106.1292,22.208],[106.1363,22.2037],[106.1377,22.2019],[106.1444,22.2004],[106.1442,22.1947],[106.1467,22.1914],[106.1442,22.1897],[106.1446,22.1842],[106.1461,22.1812],[106.1492,22.1809],[106.1517,22.1748],[106.1536,22.1751],[106.1553,22.1783],[106.1586,22.1812],[106.1612,22.1808],[106.1634,22.1832],[106.1668,22.1791],[106.167,22.1738],[106.1726,22.1728],[106.1777,22.169],[106.1807,22.1684],[106.1823,22.1642],[106.1851,22.1611],[106.1847,22.157],[106.1864,22.1554],[106.1888,22.1457],[106.1913,22.1438],[106.197,22.1431],[106.1994,22.1455],[106.2009,22.1492],[106.2082,22.1547],[106.2101,22.1579],[106.214,22.1597],[106.2143,22.1627],[106.2171,22.1668],[106.2197,22.1668],[106.2262,22.1696],[106.2276,22.1716],[106.2317,22.1743],[106.2338,22.1778],[106.2326,22.1803],[106.2304,22.1818],[106.2289,22.1859],[106.2251,22.1898],[106.2242,22.1926],[106.2212,22.1977],[106.2233,22.2008],[106.2212,22.2068],[106.2236,22.21],[106.2253,22.2103],[106.2251,22.214],[106.2296,22.2162],[106.2303,22.2182],[106.2334,22.2206],[106.2376,22.2213],[106.2381,22.2267],[106.2403,22.2301],[106.2398,22.2313],[106.2411,22.2361],[106.243,22.2381],[106.2418,22.2404],[106.242,22.2471]]]},"properties":{"ma_xa":"02155","ten_xa":"Na Rì","sap_nhap":"Yến Lạc (thị trấn), Sơn Thành, Kim Lư","tru_so":"đang cập nhật","loai":"Xã","cap":2,"stt":83,"dtich_km2":112.73,"dan_so":11494,"matdo_km2":101.96,"ma_tinh":"19","ten_tinh":"Thái Nguyên"}},
{"type":"Feature","geometry":{"type":"Polygon","coordinates":[[[105.6372,22.368],[105.6405,22.3717],[105.6386,22.373],[105.6401,22.3767],[105.64,22.3796],[105.6353,22.3846],[105.6299,22.385],[105.6289,22.3889],[105.6254,22.391],[105.6221,22.3916],[105.6188,22.3886],[105.6145,22.3863],[105.6109,22.3868],[105.609,22.3886],[105.608,22.3935],[105.6069,22.3944],[105.6006,22.3938],[105.5955,22.3877],[105.5905,22.3838],[105.5841,22.3865],[105.5802,22.3876],[105.5737,22.4004],[105.5754,22.4054],[105.5741,22.4063],[105.5748,22.4114],[105.5714,22.4161],[105.5708,22.4192],[105.568,22.4164],[105.5658,22.412],[105.5651,22.4075],[105.5622,22.4039],[105.5594,22.4022],[105.5546,22.4022],[105.5526,22.4036],[105.5464,22.4051],[105.5423,22.4055],[105.5413,22.407],[105.5349,22.4077],[105.5328,22.4041],[105.5283,22.4047],[105.5237,22.4039],[105.5211,22.4016],[105.5183,22.4008],[105.5194,22.3964],[105.5182,22.3949],[105.5201,22.3917],[105.5196,22.3879],[105.5163,22.3847],[105.5159,22.3817],[105.5134,22.377],[105.5145,22.3698],[105.5172,22.3673],[105.5158,22.3638],[105.515,22.3587],[105.5131,22.3563],[105.5143,22.3518],[105.5142,22.3488],[105.5117,22.3477],[105.5071,22.3427],[105.504,22.3419],[105.5019,22.3402],[105.4975,22.3385],[105.4984,22.3319],[105.4969,22.3261],[105.4968,22.3195],[105.4942,22.3196],[105.4909,22.3178],[105.4883,22.3192],[105.4828,22.3171],[105.4811,22.315],[105.4787,22.3093],[105.4785,22.3042],[105.482,22.3022],[105.4861,22.2972],[105.4902,22.2957],[105.4915,22.2934],[105.4958,22.2947],[105.5014,22.2948],[105.5024,22.2907],[105.5046,22.2887],[105.5091,22.2884],[105.5147,22.2892],[105.5181,22.2878],[105.5221,22.2906],[105.5241,22.2896],[105.5272,22.2908],[105.53,22.2946],[105.5343,22.2965],[105.5378,22.299],[105.54,22.2983],[105.5438,22.2999],[105.549,22.2983],[105.5485,22.2935],[105.5491,22.2904],[105.5465,22.2881],[105.5473,22.2844],[105.5508,22.2783],[105.5493,22.2733],[105.5503,22.2709],[105.5496,22.2682],[105.5524,22.2675],[105.5554,22.2697],[105.5629,22.2728],[105.5633,22.2772],[105.5644,22.2796],[105.5664,22.2797],[105.5693,22.2827],[105.5697,22.2862],[105.5686,22.2886],[105.5723,22.2913],[105.5744,22.2918],[105.5773,22.2944],[105.583,22.2922],[105.5868,22.2916],[105.5907,22.2925],[105.592,22.2914],[105.5969,22.2923],[105.5982,22.294],[105.5972,22.2974],[105.5991,22.3035],[105.6019,22.3053],[105.605,22.3044],[105.6072,22.3057],[105.6091,22.3138],[105.6096,22.3244],[105.6137,22.3261],[105.6192,22.3219],[105.6233,22.3254],[105.6227,22.329],[105.6244,22.3316],[105.6251,22.3349],[105.629,22.3383],[105.633,22.3382],[105.6368,22.3392],[105.643,22.3427],[105.6477,22.3447],[105.6505,22.3451],[105.6523,22.3479],[105.6516,22.3552],[105.6484,22.3606],[105.6396,22.3596],[105.6361,22.3602],[105.6353,22.3629],[105.6372,22.368]]]},"properties":{"ma_xa":"02026","ten_xa":"Nam Cường","sap_nhap":"Xuân Lạc, Đồng Lạc, Nam Cường","tru_so":"đang cập nhật","loai":"Xã","cap":2,"stt":68,"dtich_km2":149.65,"dan_so":10793,"matdo_km2":72.12,"ma_tinh":"19","ten_tinh":"Thái Nguyên"}},
{"type":"Feature","geometry":{"type":"Polygon","coordinates":[[[106.0315,21.6448],[106.0323,21.6481],[106.0297,21.6513],[106.0294,21.6569],[106.0303,21.6587],[106.0275,21.6621],[106.0258,21.6682],[106.0192,21.6695],[106.0185,21.6731],[106.0159,21.6751],[106.0129,21.6755],[106.0116,21.6772],[106.0072,21.6787],[105.9995,21.6791],[105.9953,21.6788],[105.9901,21.6759],[105.9892,21.674],[105.9839,21.6697],[105.9798,21.6672],[105.9778,21.6672],[105.9787,21.6631],[105.9771,21.6603],[105.979,21.6545],[105.9766,21.6519],[105.9775,21.6462],[105.9744,21.6463],[105.9724,21.6446],[105.9691,21.644],[105.9697,21.6391],[105.9643,21.6294],[105.9616,21.6283],[105.9576,21.6233],[105.9529,21.621],[105.9488,21.6253],[105.9481,21.6276],[105.9425,21.628],[105.9392,21.6273],[105.935,21.6202],[105.9323,21.6189],[105.9292,21.6215],[105.9251,21.6229],[105.9217,21.6222],[105.9208,21.6267],[105.9156,21.6307],[105.9119,21.6285],[105.9086,21.6307],[105.9056,21.6311],[105.9034,21.6283],[105.9036,21.6243],[105.9046,21.6212],[105.9046,21.6164],[105.9028,21.6153],[105.9024,21.6124],[105.8971,21.6108],[105.898,21.6061],[105.8971,21.6033],[105.8928,21.6023],[105.8889,21.6036],[105.8853,21.6012],[105.8825,21.6029],[105.8817,21.6003],[105.8793,21.5995],[105.8765,21.5962],[105.8793,21.5938],[105.8829,21.5956],[105.8864,21.5962],[105.8886,21.5925],[105.8895,21.5874],[105.8943,21.5848],[105.8971,21.5811],[105.899,21.5821],[105.9019,21.5798],[105.9072,21.5847],[105.9103,21.5842],[105.9128,21.5857],[105.9161,21.5893],[105.9194,21.5898],[105.9221,21.5891],[105.9231,21.5871],[105.9269,21.587],[105.9355,21.5847],[105.9352,21.5911],[105.9367,21.5933],[105.9354,21.5949],[105.9366,21.5997],[105.9421,21.5982],[105.9419,21.6006],[105.9472,21.6011],[105.9531,21.6023],[105.9528,21.5976],[105.9572,21.5941],[105.9602,21.594],[105.9648,21.5923],[105.967,21.5894],[105.9729,21.5892],[105.9752,21.5918],[105.9745,21.5946],[105.9771,21.5976],[105.9769,21.5992],[105.981,21.6038],[105.9843,21.6043],[105.9883,21.6025],[105.9901,21.6064],[105.9877,21.6101],[105.9907,21.6142],[105.9906,21.616],[105.9943,21.6224],[105.9984,21.6254],[106.001,21.6307],[106.0046,21.6336],[106.0047,21.6352],[106.0077,21.636],[106.0126,21.6346],[106.0174,21.6324],[106.025,21.6316],[106.0271,21.632],[106.0265,21.6347],[106.0276,21.6389],[106.0298,21.6436],[106.0315,21.6448]]]},"properties":{"ma_xa":"05707","ten_xa":"Nam Hòa","sap_nhap":"Cây Thị, Nam Hòa","tru_so":"đang cập nhật","loai":"Xã","cap":2,"stt":31,"dtich_km2":65.02,"dan_so":16237,"matdo_km2":249.72,"ma_tinh":"19","ten_tinh":"Thái Nguyên"}},
{"type":"Feature","geometry":{"type":"Polygon","coordinates":[[[105.9908,22.5433],[105.9865,22.5446],[105.9829,22.54],[105.9772,22.5367],[105.9719,22.5371],[105.9689,22.5355],[105.9683,22.5325],[105.9659,22.5287],[105.9611,22.528],[105.9585,22.5247],[105.9529,22.5226],[105.9485,22.5265],[105.947,22.5287],[105.9389,22.5272],[105.9332,22.5282],[105.9296,22.5258],[105.9286,22.5235],[105.9243,22.5221],[105.9235,22.5132],[105.9222,22.5127],[105.9181,22.5045],[105.9143,22.5009],[105.9137,22.498],[105.9111,22.4963],[105.9038,22.4956],[105.9049,22.4919],[105.9016,22.485],[105.8992,22.4822],[105.9002,22.4785],[105.8979,22.4762],[105.8979,22.4728],[105.9008,22.4702],[105.9018,22.4678],[105.9083,22.4638],[105.9113,22.4627],[105.9164,22.463],[105.9196,22.4609],[105.9179,22.4567],[105.9182,22.4547],[105.9242,22.4506],[105.927,22.4523],[105.9307,22.4514],[105.9401,22.4476],[105.9445,22.4444],[105.9437,22.4423],[105.9485,22.4391],[105.9487,22.4349],[105.9502,22.4282],[105.948,22.4265],[105.9468,22.4222],[105.9464,22.4176],[105.9486,22.4116],[105.9486,22.4092],[105.9457,22.4042],[105.9424,22.4023],[105.9429,22.4001],[105.9472,22.3997],[105.9486,22.3986],[105.9518,22.3995],[105.9543,22.4018],[105.9541,22.4035],[105.9579,22.4047],[105.9641,22.4018],[105.9708,22.402],[105.9772,22.4005],[105.9821,22.398],[105.988,22.3984],[105.9897,22.3996],[105.9924,22.399],[105.9956,22.4025],[105.9982,22.4031],[106.0019,22.4055],[106.0063,22.4094],[106.0134,22.4125],[106.0188,22.4127],[106.021,22.4111],[106.0249,22.4121],[106.0283,22.4156],[106.0323,22.4155],[106.0354,22.4207],[106.0358,22.4226],[106.0385,22.4261],[106.0383,22.4277],[106.0409,22.4308],[106.0526,22.4296],[106.0574,22.4264],[106.0622,22.4283],[106.0647,22.4323],[106.0683,22.4335],[106.0708,22.433],[106.0722,22.4292],[106.0753,22.4256],[106.0771,22.4273],[106.0801,22.427],[106.0875,22.4297],[106.0926,22.4296],[106.0955,22.4286],[106.0994,22.4294],[106.1008,22.431],[106.1016,22.4357],[106.0981,22.4398],[106.0942,22.4412],[106.0945,22.4459],[106.0903,22.4474],[106.0804,22.4484],[106.0763,22.4536],[106.0725,22.4568],[106.0669,22.457],[106.0631,22.4565],[106.0608,22.4582],[106.0564,22.4593],[106.0527,22.4588],[106.0496,22.4599],[106.0479,22.4625],[106.0495,22.4641],[106.0488,22.4678],[106.0415,22.4715],[106.0347,22.4669],[106.0341,22.4651],[106.0284,22.4644],[106.0266,22.4664],[106.0296,22.4695],[106.0276,22.476],[106.0225,22.4749],[106.019,22.4726],[106.0156,22.4719],[106.014,22.4702],[106.0053,22.4665],[106.0017,22.468],[105.9987,22.4668],[105.9955,22.4687],[105.99,22.4637],[105.9831,22.4643],[105.9783,22.466],[105.9808,22.47],[105.976,22.4757],[105.9814,22.4827],[105.9859,22.4854],[105.988,22.4901],[105.9916,22.4921],[105.9914,22.4944],[105.993,22.4977],[105.9924,22.5002],[105.9942,22.502],[105.9953,22.5053],[105.9974,22.5068],[105.9954,22.5105],[105.9964,22.5145],[105.9952,22.5196],[105.9937,22.5211],[105.9938,22.5298],[105.996,22.5347],[105.9935,22.537],[105.9908,22.5433]]]},"properties":{"ma_xa":"01954","ten_xa":"Ngân Sơn","sap_nhap":"Vân Tùng (thị trấn), Cốc Đán, Đức Vân","tru_so":"đang cập nhật","loai":"Xã","cap":2,"stt":65,"dtich_km2":145.57,"dan_so":8260,"matdo_km2":56.74,"ma_tinh":"19","ten_tinh":"Thái Nguyên"}},
{"type":"Feature","geometry":{"type":"Polygon","coordinates":[[[105.5315,22.1271],[105.5286,22.1297],[105.5274,22.1344],[105.5256,22.1379],[105.5265,22.1432],[105.5219,22.1437],[105.5199,22.1456],[105.5161,22.1463],[105.5108,22.1458],[105.5064,22.1438],[105.5025,22.1441],[105.5006,22.1431],[105.4954,22.1467],[105.4938,22.1507],[105.4909,22.1512],[105.4878,22.15],[105.4819,22.1458],[105.4816,22.1437],[105.4737,22.1369],[105.4753,22.1339],[105.4763,22.1292],[105.4753,22.1267],[105.4732,22.1254],[105.4702,22.1258],[105.4687,22.1232],[105.4648,22.1197],[105.4654,22.1175],[105.4626,22.1143],[105.4644,22.1119],[105.4634,22.1081],[105.4655,22.1031],[105.4692,22.1028],[105.4714,22.1011],[105.4735,22.0956],[105.4681,22.0896],[105.4697,22.0847],[105.4694,22.0811],[105.4627,22.0744],[105.4679,22.0729],[105.4691,22.0684],[105.4739,22.0675],[105.4735,22.0608],[105.4779,22.0552],[105.4807,22.0538],[105.4824,22.0498],[105.4847,22.0497],[105.4873,22.0476],[105.4887,22.0449],[105.4874,22.0412],[105.4904,22.0387],[105.4905,22.035],[105.4887,22.0321],[105.4898,22.0303],[105.4926,22.0249],[105.4934,22.021],[105.4928,22.0187],[105.4938,22.0118],[105.4981,22.0093],[105.5007,22.0103],[105.5053,22.0084],[105.505,22.0027],[105.5061,21.9964],[105.5049,21.9928],[105.5084,21.9904],[105.5112,21.9903],[105.5124,21.9876],[105.5119,21.9846],[105.5148,21.9843],[105.5171,21.9867],[105.519,21.9844],[105.5232,21.983],[105.5258,21.9803],[105.5267,21.977],[105.5292,21.9736],[105.5314,21.9688],[105.5335,21.9667],[105.5377,21.9673],[105.5395,21.9646],[105.5456,21.9642],[105.5495,21.9627],[105.5527,21.9626],[105.5538,21.9593],[105.5557,21.9575],[105.5632,21.9555],[105.5685,21.9566],[105.5701,21.9582],[105.5755,21.9577],[105.5774,21.9583],[105.5795,21.9625],[105.5796,21.9649],[105.5814,21.966],[105.5809,21.9692],[105.5791,21.9708],[105.5779,21.9748],[105.5781,21.9774],[105.5821,21.981],[105.5793,21.9835],[105.5796,21.9856],[105.583,21.9914],[105.5831,21.9934],[105.5858,22.0011],[105.5904,22.0086],[105.5939,22.0116],[105.5932,22.0169],[105.5964,22.0195],[105.5947,22.0226],[105.592,22.0221],[105.5886,22.0241],[105.587,22.0274],[105.583,22.0301],[105.5806,22.0347],[105.5782,22.0375],[105.5786,22.0407],[105.5775,22.0431],[105.5776,22.0502],[105.5789,22.0551],[105.5766,22.0632],[105.5747,22.0667],[105.5729,22.0663],[105.5712,22.0695],[105.5656,22.0696],[105.5605,22.0771],[105.5601,22.0799],[105.5615,22.0822],[105.5578,22.0842],[105.5564,22.089],[105.5568,22.0912],[105.5597,22.0937],[105.5623,22.0943],[105.5626,22.0975],[105.5641,22.099],[105.5607,22.1006],[105.5583,22.1033],[105.556,22.1026],[105.5536,22.0995],[105.5502,22.1002],[105.5463,22.0999],[105.5348,22.097],[105.5299,22.0977],[105.5343,22.1006],[105.5369,22.1036],[105.5395,22.1051],[105.5416,22.1116],[105.5384,22.1124],[105.5363,22.1142],[105.5355,22.1174],[105.5365,22.1196],[105.5345,22.1217],[105.5326,22.1215],[105.5315,22.1271]]]},"properties":{"ma_xa":"02071","ten_xa":"Nghĩa Tá","sap_nhap":"Lương Bằng, Bình Trung, Nghĩa Tá","tru_so":"đang cập nhật","loai":"Xã","cap":2,"stt":73,"dtich_km2":166.89,"dan_so":7787,"matdo_km2":46.66,"ma_tinh":"19","ten_tinh":"Thái Nguyên"}},
{"type":"Feature","geometry":{"type":"Polygon","coordinates":[[[105.7789,22.5487],[105.776,22.5503],[105.7739,22.5542],[105.7687,22.5568],[105.7729,22.558],[105.7726,22.562],[105.7704,22.5644],[105.7713,22.5664],[105.774,22.5658],[105.7757,22.5693],[105.7789,22.5724],[105.7773,22.5744],[105.7778,22.577],[105.7735,22.5803],[105.7711,22.5836],[105.7683,22.5852],[105.766,22.5887],[105.7629,22.5882],[105.7603,22.5859],[105.758,22.5871],[105.7548,22.5859],[105.7509,22.5894],[105.7462,22.5981],[105.747,22.5994],[105.753,22.6034],[105.7538,22.6057],[105.753,22.6087],[105.7508,22.6096],[105.7501,22.6136],[105.745,22.6192],[105.7416,22.6204],[105.7414,22.6234],[105.7391,22.6282],[105.7321,22.6314],[105.7281,22.631],[105.7292,22.6334],[105.7277,22.6364],[105.7271,22.6336],[105.7232,22.6301],[105.7158,22.6273],[105.711,22.627],[105.7038,22.6193],[105.6976,22.615],[105.6928,22.6132],[105.6905,22.6138],[105.687,22.6096],[105.6865,22.6067],[105.684,22.6033],[105.6862,22.601],[105.6893,22.5961],[105.6871,22.5937],[105.6861,22.5898],[105.6836,22.5867],[105.68,22.5856],[105.6787,22.583],[105.6719,22.5799],[105.6668,22.5758],[105.6683,22.5727],[105.6683,22.5694],[105.6732,22.5661],[105.6733,22.5624],[105.6768,22.5594],[105.6758,22.5565],[105.6765,22.5541],[105.6738,22.5474],[105.6753,22.5432],[105.6719,22.5417],[105.6712,22.537],[105.6725,22.5331],[105.6754,22.5317],[105.6785,22.5265],[105.6785,22.5205],[105.6794,22.517],[105.6822,22.5134],[105.6831,22.5107],[105.6864,22.5052],[105.6829,22.4994],[105.6818,22.4931],[105.6849,22.4906],[105.6847,22.4888],[105.6888,22.4815],[105.6894,22.4843],[105.6927,22.4836],[105.6966,22.4839],[105.7021,22.4874],[105.7074,22.4899],[105.712,22.49],[105.7147,22.4912],[105.7179,22.4898],[105.7191,22.4879],[105.7305,22.4851],[105.7333,22.481],[105.7358,22.4802],[105.7397,22.4813],[105.7432,22.4812],[105.7482,22.4827],[105.7546,22.4854],[105.7573,22.4841],[105.7616,22.4864],[105.7627,22.4914],[105.7611,22.493],[105.7629,22.5003],[105.7624,22.5046],[105.7606,22.5071],[105.7593,22.5117],[105.7609,22.5137],[105.7595,22.5203],[105.7566,22.5248],[105.7565,22.5296],[105.7573,22.532],[105.7625,22.5341],[105.7669,22.5386],[105.7736,22.5412],[105.7761,22.5416],[105.7788,22.5451],[105.7789,22.5487]]]},"properties":{"ma_xa":"01882","ten_xa":"Nghiên Loan","sap_nhap":"Xuân La, An Thắng, Nghiên Loan","tru_so":"đang cập nhật","loai":"Xã","cap":2,"stt":56,"dtich_km2":130.33,"dan_so":11040,"matdo_km2":84.71,"ma_tinh":"19","ten_tinh":"Thái Nguyên"}},
{"type":"Feature","geometry":{"type":"Polygon","coordinates":[[[106.0979,21.9384],[106.0952,21.9415],[106.0919,21.9395],[106.0864,21.9408],[106.0836,21.9426],[106.0804,21.9427],[106.0753,21.9407],[106.0716,21.9409],[106.0693,21.9427],[106.0633,21.9417],[106.0629,21.9328],[106.0617,21.9286],[106.0621,21.923],[106.0651,21.9211],[106.0662,21.9181],[106.0613,21.914],[106.057,21.9116],[106.0554,21.9074],[106.0538,21.8988],[106.0488,21.8997],[106.0476,21.8989],[106.0419,21.8988],[106.0375,21.8966],[106.0366,21.8949],[106.0354,21.8845],[106.0363,21.8801],[106.0364,21.8718],[106.0354,21.871],[106.0339,21.8637],[106.027,21.8652],[106.0226,21.8647],[106.0201,21.8616],[106.0213,21.8558],[106.0187,21.8531],[106.0167,21.8534],[106.0133,21.8515],[106.0091,21.8484],[106.0072,21.8444],[106.0101,21.8407],[106.0107,21.8371],[106.0149,21.8327],[106.0157,21.8291],[106.0112,21.826],[106.0071,21.8259],[106.0053,21.8226],[106.0056,21.8195],[106.0039,21.8135],[106.001,21.8092],[105.9958,21.8123],[105.9926,21.8095],[105.9832,21.8032],[105.9783,21.8016],[105.9727,21.7967],[105.9754,21.7938],[105.9784,21.7928],[105.9797,21.7906],[105.9811,21.7845],[105.9833,21.7824],[105.9886,21.7803],[105.9928,21.78],[105.9959,21.784],[106.0012,21.7763],[106.0054,21.774],[106.0052,21.7704],[106.0077,21.7698],[106.0113,21.7676],[106.0147,21.7644],[106.0202,21.7636],[106.0282,21.7638],[106.0373,21.7627],[106.0445,21.7636],[106.0481,21.7673],[106.0546,21.7763],[106.0598,21.7817],[106.0678,21.785],[106.0715,21.7892],[106.0746,21.7909],[106.0765,21.7934],[106.0784,21.7936],[106.0807,21.7995],[106.077,21.8045],[106.0781,21.8067],[106.0855,21.8108],[106.0868,21.8121],[106.0938,21.8132],[106.0981,21.813],[106.0976,21.8156],[106.0956,21.819],[106.0956,21.8213],[106.1006,21.8247],[106.1001,21.8288],[106.1024,21.8312],[106.1052,21.8308],[106.1082,21.8324],[106.1085,21.8362],[106.1065,21.8385],[106.1073,21.8411],[106.1117,21.8403],[106.117,21.8416],[106.118,21.8448],[106.1115,21.8499],[106.113,21.8539],[106.1105,21.861],[106.1134,21.8686],[106.1154,21.8702],[106.1154,21.877],[106.1163,21.8804],[106.1148,21.8827],[106.113,21.8908],[106.1149,21.8944],[106.1199,21.8969],[106.1225,21.8969],[106.1238,21.8988],[106.1272,21.8988],[106.1285,21.9019],[106.1316,21.9058],[106.1277,21.9079],[106.1272,21.9104],[106.1285,21.9134],[106.1321,21.9167],[106.1321,21.9205],[106.1307,21.9227],[106.1276,21.925],[106.1225,21.9239],[106.1181,21.9283],[106.1131,21.9292],[106.1107,21.934],[106.1079,21.9326],[106.1039,21.9365],[106.0992,21.937],[106.0979,21.9384]]]},"properties":{"ma_xa":"05722","ten_xa":"Nghinh Tường","sap_nhap":"Vũ Chấn, Nghinh Tường","tru_so":"đang cập nhật","loai":"Xã","cap":2,"stt":51,"dtich_km2":160.73,"dan_so":6554,"matdo_km2":40.78,"ma_tinh":"19","ten_tinh":"Thái Nguyên"}},
{"type":"Feature","geometry":{"type":"Polygon","coordinates":[[[105.8605,21.5798],[105.8648,21.5824],[105.8647,21.586],[105.8598,21.5918],[105.8572,21.594],[105.8561,21.5972],[105.8574,21.6041],[105.8538,21.6058],[105.844,21.6038],[105.8417,21.6018],[105.8402,21.599],[105.8382,21.5985],[105.8335,21.6009],[105.8317,21.6008],[105.826,21.6035],[105.8235,21.6032],[105.8209,21.6049],[105.8188,21.6008],[105.8162,21.6009],[105.814,21.5987],[105.8151,21.5965],[105.8127,21.5955],[105.8101,21.5916],[105.8062,21.5906],[105.8082,21.5854],[105.8069,21.5815],[105.8119,21.578],[105.8182,21.5728],[105.8229,21.5669],[105.8253,21.567],[105.8253,21.5685],[105.8286,21.5718],[105.8299,21.5757],[105.8329,21.5769],[105.8373,21.5787],[105.8416,21.579],[105.8521,21.582],[105.856,21.5842],[105.8575,21.581],[105.8605,21.5798]]]},"properties":{"ma_xa":"05443","ten_xa":"Phan Đình Phùng","sap_nhap":"Trưng Vương, Túc Duyên, Đồng Quang, Quang Trung, Hoàng Văn Thụ, Tân Thịnh, Phan Đình Phùng, Gia Sàng (1 phần)","tru_so":"đang cập nhật","loai":"Phường","cap":2,"stt":1,"dtich_km2":14.73,"dan_so":111482,"matdo_km2":7568.36,"ma_tinh":"19","ten_tinh":"Thái Nguyên"}},
{"type":"Feature","geometry":{"type":"Polygon","coordinates":[[[105.9112,21.4332],[105.9101,21.4395],[105.9087,21.4414],[105.9093,21.4465],[105.9115,21.4507],[105.9096,21.4539],[105.9076,21.4544],[105.9039,21.4588],[105.897,21.4607],[105.8956,21.4573],[105.892,21.4573],[105.8919,21.4699],[105.8891,21.4699],[105.8891,21.4725],[105.8916,21.4745],[105.8913,21.4788],[105.8888,21.4888],[105.8848,21.4908],[105.878,21.4871],[105.8781,21.4856],[105.8699,21.4774],[105.8685,21.4749],[105.8703,21.4744],[105.8719,21.4658],[105.8747,21.4601],[105.8734,21.4548],[105.8703,21.4511],[105.8654,21.4508],[105.8613,21.4478],[105.8644,21.4464],[105.8658,21.4435],[105.8638,21.4426],[105.8622,21.439],[105.8602,21.4411],[105.8525,21.4442],[105.8489,21.443],[105.8409,21.4453],[105.836,21.4452],[105.8319,21.4443],[105.8303,21.44],[105.8301,21.437],[105.8268,21.4366],[105.827,21.434],[105.8299,21.43],[105.8305,21.4275],[105.8296,21.424],[105.8259,21.4243],[105.8236,21.4215],[105.8278,21.4183],[105.8289,21.4176],[105.83,21.4112],[105.8343,21.4081],[105.8327,21.4043],[105.8336,21.402],[105.8373,21.3972],[105.8395,21.3966],[105.842,21.3978],[105.8434,21.3956],[105.8494,21.3952],[105.8528,21.3962],[105.854,21.3991],[105.8537,21.4016],[105.8489,21.405],[105.8513,21.4084],[105.8569,21.4081],[105.8622,21.4064],[105.8646,21.4096],[105.8682,21.4093],[105.8761,21.4073],[105.8769,21.4086],[105.8777,21.4228],[105.8799,21.4214],[105.8822,21.4179],[105.886,21.4242],[105.8895,21.4252],[105.8889,21.4311],[105.9047,21.4313],[105.9047,21.4336],[105.9112,21.4332]]]},"properties":{"ma_xa":"05860","ten_xa":"Phổ Yên","sap_nhap":"Ba Hàng, Hồng Tiến, Bãi Bông, Đắc Sơn","tru_so":"đang cập nhật","loai":"Phường","cap":2,"stt":18,"dtich_km2":40.7,"dan_so":49162,"matdo_km2":1207.91,"ma_tinh":"19","ten_tinh":"Thái Nguyên"}},
{"type":"Feature","geometry":{"type":"Polygon","coordinates":[[[105.8052,22.2156],[105.7979,22.219],[105.7966,22.2236],[105.7907,22.2275],[105.791,22.2336],[105.7888,22.2398],[105.7899,22.2414],[105.79,22.2462],[105.7891,22.2496],[105.7896,22.2529],[105.7928,22.2548],[105.7925,22.2573],[105.7941,22.2644],[105.7928,22.266],[105.7935,22.2723],[105.789,22.2758],[105.7881,22.282],[105.7798,22.2774],[105.774,22.276],[105.7721,22.2722],[105.7654,22.2718],[105.7643,22.2707],[105.7567,22.2705],[105.7529,22.2733],[105.7469,22.2733],[105.7435,22.2744],[105.7389,22.2745],[105.7356,22.2728],[105.7302,22.2738],[105.7274,22.273],[105.7227,22.2678],[105.7175,22.2661],[105.7149,22.2631],[105.7134,22.2634],[105.7063,22.2602],[105.7087,22.2542],[105.7089,22.2503],[105.7103,22.2478],[105.7102,22.2446],[105.7127,22.2398],[105.711,22.2341],[105.7114,22.2269],[105.7045,22.2245],[105.7024,22.2268],[105.6916,22.2261],[105.6957,22.2237],[105.6957,22.2214],[105.7001,22.2148],[105.7008,22.2107],[105.6982,22.2079],[105.6881,22.2015],[105.6899,22.199],[105.6874,22.1946],[105.6874,22.1912],[105.6892,22.1862],[105.6886,22.1814],[105.6849,22.1786],[105.6833,22.1738],[105.6875,22.1679],[105.6878,22.163],[105.6949,22.158],[105.6958,22.1557],[105.7018,22.1577],[105.7091,22.1545],[105.7147,22.1541],[105.718,22.1523],[105.7199,22.1537],[105.7231,22.1525],[105.729,22.1523],[105.731,22.1488],[105.7344,22.1477],[105.7387,22.1453],[105.743,22.1463],[105.7451,22.1491],[105.7479,22.1503],[105.752,22.1497],[105.755,22.153],[105.7616,22.1518],[105.7628,22.1505],[105.7697,22.1493],[105.7716,22.1519],[105.7751,22.1517],[105.7765,22.1535],[105.7817,22.1543],[105.7854,22.1513],[105.787,22.1479],[105.792,22.1463],[105.7948,22.1421],[105.7954,22.1392],[105.7991,22.1411],[105.8033,22.1465],[105.809,22.1489],[105.8136,22.1469],[105.8164,22.1502],[105.8156,22.1536],[105.8186,22.156],[105.8207,22.1561],[105.825,22.1515],[105.8274,22.1512],[105.8304,22.1526],[105.8392,22.1538],[105.8379,22.1547],[105.8369,22.1587],[105.8336,22.1594],[105.8335,22.1634],[105.8269,22.1705],[105.8258,22.1747],[105.8271,22.1774],[105.8268,22.1813],[105.828,22.1834],[105.8274,22.1859],[105.824,22.1889],[105.8236,22.1916],[105.8185,22.1953],[105.8108,22.1993],[105.8085,22.2],[105.8101,22.2036],[105.8086,22.2093],[105.8071,22.2121],[105.8052,22.2156]]]},"properties":{"ma_xa":"01849","ten_xa":"Phong Quang","sap_nhap":"Dương Quang, Đôn Phong","tru_so":"đang cập nhật","loai":"Xã","cap":2,"stt":78,"dtich_km2":153.46,"dan_so":6144,"matdo_km2":40.04,"ma_tinh":"19","ten_tinh":"Thái Nguyên"}},
{"type":"Feature","geometry":{"type":"Polygon","coordinates":[[[105.997,21.4565],[105.9994,21.4601],[105.9977,21.4629],[105.9958,21.4636],[105.9903,21.4623],[105.9898,21.4657],[105.993,21.469],[105.991,21.4738],[105.992,21.4758],[105.9895,21.4781],[105.9874,21.4826],[105.9848,21.4836],[105.9827,21.4858],[105.9803,21.4837],[105.9747,21.4843],[105.9727,21.4807],[105.9661,21.4798],[105.961,21.4812],[105.961,21.4877],[105.9634,21.4894],[105.9633,21.4914],[105.9664,21.4955],[105.9703,21.5047],[105.9721,21.5066],[105.9695,21.5142],[105.965,21.5181],[105.9636,21.5204],[105.9592,21.5172],[105.9557,21.518],[105.9518,21.5156],[105.9457,21.5142],[105.9402,21.5147],[105.9403,21.5124],[105.9362,21.5119],[105.9368,21.507],[105.9355,21.5024],[105.9311,21.5001],[105.9332,21.4958],[105.9314,21.4946],[105.9311,21.4903],[105.9318,21.4885],[105.9282,21.4878],[105.9263,21.4898],[105.9224,21.4851],[105.9218,21.4828],[105.9169,21.483],[105.9157,21.4797],[105.9199,21.4782],[105.9207,21.4766],[105.925,21.4745],[105.9262,21.4731],[105.9265,21.4684],[105.9258,21.4652],[105.9265,21.4628],[105.9315,21.4621],[105.9345,21.4563],[105.935,21.4502],[105.9317,21.448],[105.9307,21.4447],[105.9255,21.4422],[105.9252,21.4388],[105.9271,21.4368],[105.9307,21.4371],[105.9354,21.4332],[105.94,21.4328],[105.9439,21.4352],[105.9446,21.4377],[105.9478,21.4379],[105.9524,21.4411],[105.9544,21.441],[105.9575,21.4441],[105.9633,21.4441],[105.9646,21.4455],[105.9678,21.4456],[105.9754,21.4424],[105.9811,21.4456],[105.9832,21.448],[105.9861,21.4488],[105.9915,21.4476],[105.9957,21.4522],[105.997,21.4565]]]},"properties":{"ma_xa":"05908","ten_xa":"Phú Bình","sap_nhap":"Hương Sơn (thị trấn), Xuân Phương, Úc Kỳ, Nhã Lộng, Bảo Lý, Thượng Đình (1 phần)","tru_so":"đang cập nhật","loai":"Xã","cap":2,"stt":23,"dtich_km2":44.18,"dan_so":44845,"matdo_km2":1015.05,"ma_tinh":"19","ten_tinh":"Thái Nguyên"}},
{"type":"Feature","geometry":{"type":"Polygon","coordinates":[[[105.4975,21.8326],[105.4953,21.8314],[105.4934,21.8281],[105.4939,21.8222],[105.4951,21.8173],[105.4942,21.8076],[105.4929,21.8046],[105.4956,21.7998],[105.4949,21.797],[105.4969,21.7957],[105.4975,21.7929],[105.4963,21.7889],[105.4956,21.7835],[105.4926,21.7798],[105.4936,21.7754],[105.4996,21.7708],[105.5058,21.7713],[105.5111,21.7735],[105.5163,21.7743],[105.52,21.7715],[105.5223,21.7709],[105.5258,21.7679],[105.5263,21.7686],[105.5335,21.7696],[105.5386,21.775],[105.5418,21.7773],[105.5439,21.7777],[105.5491,21.7806],[105.5477,21.7867],[105.5493,21.7896],[105.554,21.7925],[105.5562,21.7999],[105.5514,21.8037],[105.5507,21.8067],[105.5536,21.8116],[105.559,21.8129],[105.561,21.8149],[105.5656,21.8165],[105.5652,21.8192],[105.566,21.8229],[105.5702,21.8252],[105.5691,21.827],[105.5661,21.8275],[105.564,21.8309],[105.5654,21.8322],[105.5635,21.8362],[105.5646,21.8377],[105.5662,21.8438],[105.5655,21.8462],[105.5558,21.8467],[105.5534,21.8479],[105.5508,21.8465],[105.5418,21.8487],[105.5388,21.8481],[105.532,21.85],[105.5294,21.8478],[105.5281,21.8397],[105.5283,21.8395],[105.5285,21.8362],[105.5259,21.8337],[105.5256,21.8333],[105.5198,21.8308],[105.5168,21.8267],[105.5148,21.8268],[105.5136,21.8296],[105.5105,21.8327],[105.5062,21.8331],[105.499,21.8319],[105.4975,21.8326]]]},"properties":{"ma_xa":"05602","ten_xa":"Phú Đình","sap_nhap":"Điềm Mặc, Phú Đình","tru_so":"đang cập nhật","loai":"Xã","cap":2,"stt":45,"dtich_km2":47.89,"dan_so":11746,"matdo_km2":245.27,"ma_tinh":"19","ten_tinh":"Thái Nguyên"}},
{"type":"Feature","geometry":{"type":"Polygon","coordinates":[[[105.7274,21.6659],[105.7273,21.667],[105.7248,21.6658],[105.7181,21.6646],[105.7174,21.6669],[105.7144,21.6683],[105.7141,21.6701],[105.7092,21.6705],[105.7082,21.6733],[105.7054,21.6726],[105.7009,21.6776],[105.6938,21.6809],[105.692,21.6847],[105.6881,21.6855],[105.6833,21.6876],[105.6812,21.6897],[105.6755,21.6898],[105.6754,21.6937],[105.6763,21.6999],[105.6778,21.7034],[105.6744,21.705],[105.672,21.7115],[105.6673,21.7133],[105.666,21.7122],[105.6594,21.7144],[105.6541,21.7174],[105.6502,21.717],[105.6466,21.7185],[105.6454,21.7204],[105.6406,21.7204],[105.6338,21.7194],[105.6292,21.7178],[105.6248,21.712],[105.6214,21.7089],[105.619,21.7045],[105.6142,21.7046],[105.6113,21.7079],[105.6081,21.7086],[105.6032,21.7042],[105.6001,21.7036],[105.5979,21.7058],[105.5946,21.7049],[105.5927,21.7056],[105.5885,21.7049],[105.5843,21.7055],[105.5818,21.7017],[105.582,21.6988],[105.5848,21.6959],[105.5867,21.6909],[105.5895,21.6914],[105.5902,21.6894],[105.5931,21.6886],[105.5936,21.6866],[105.5969,21.6855],[105.5969,21.6827],[105.5993,21.6794],[105.5975,21.676],[105.599,21.6736],[105.6036,21.6699],[105.6091,21.6689],[105.6138,21.6711],[105.6124,21.6758],[105.6227,21.6768],[105.625,21.6799],[105.6294,21.6793],[105.6313,21.6768],[105.6296,21.6745],[105.6324,21.6688],[105.6393,21.6663],[105.6404,21.6667],[105.6447,21.6646],[105.6457,21.6631],[105.6501,21.6622],[105.6526,21.6608],[105.6548,21.6611],[105.6576,21.6597],[105.6585,21.6565],[105.6613,21.6507],[105.6623,21.6468],[105.6653,21.65],[105.6677,21.6553],[105.673,21.6563],[105.6781,21.6539],[105.6805,21.6547],[105.6847,21.6519],[105.6883,21.6529],[105.6907,21.6508],[105.6926,21.651],[105.6952,21.6479],[105.6985,21.6469],[105.703,21.6495],[105.707,21.6535],[105.7101,21.6514],[105.7152,21.6509],[105.7167,21.6522],[105.7236,21.6618],[105.725,21.6645],[105.7263,21.6661],[105.7274,21.6659]]]},"properties":{"ma_xa":"05788","ten_xa":"Phú Lạc","sap_nhap":"Phục Linh, Tân Linh, Phú Lạc","tru_so":"đang cập nhật","loai":"Xã","cap":2,"stt":13,"dtich_km2":58.07,"dan_so":21105,"matdo_km2":363.44,"ma_tinh":"19","ten_tinh":"Thái Nguyên"}},
{"type":"Feature","geometry":{"type":"Polygon","coordinates":[[[105.7993,21.8051],[105.7969,21.8047],[105.7923,21.8056],[105.7861,21.8044],[105.7823,21.8086],[105.7788,21.811],[105.7709,21.8118],[105.7673,21.8131],[105.7642,21.8156],[105.761,21.8169],[105.7593,21.8207],[105.761,21.8277],[105.7603,21.8308],[105.758,21.8324],[105.7556,21.8319],[105.7512,21.8262],[105.7473,21.8224],[105.7486,21.8203],[105.7467,21.8175],[105.7481,21.8131],[105.7467,21.8106],[105.7418,21.8077],[105.7416,21.8017],[105.7392,21.8011],[105.7309,21.8011],[105.7278,21.7988],[105.7265,21.7995],[105.7234,21.7964],[105.7225,21.7935],[105.714,21.785],[105.7107,21.783],[105.7116,21.7803],[105.7103,21.7775],[105.7062,21.7741],[105.7054,21.7697],[105.7019,21.769],[105.6975,21.7641],[105.6989,21.7617],[105.6966,21.7596],[105.6972,21.7567],[105.6961,21.7551],[105.6913,21.7541],[105.6918,21.7503],[105.6939,21.7471],[105.6944,21.7417],[105.6897,21.7397],[105.6897,21.7416],[105.6861,21.7442],[105.6826,21.7433],[105.6775,21.7375],[105.674,21.7368],[105.6734,21.7349],[105.6693,21.7345],[105.6658,21.7351],[105.6639,21.7326],[105.6589,21.7285],[105.6519,21.7277],[105.6466,21.725],[105.6438,21.7217],[105.6406,21.7204],[105.6454,21.7204],[105.6466,21.7185],[105.6502,21.717],[105.6541,21.7174],[105.6594,21.7144],[105.666,21.7122],[105.6673,21.7133],[105.672,21.7115],[105.6744,21.705],[105.6778,21.7034],[105.6763,21.6999],[105.6754,21.6937],[105.6755,21.6898],[105.6812,21.6897],[105.6833,21.6876],[105.6881,21.6855],[105.692,21.6847],[105.6938,21.6809],[105.7009,21.6776],[105.7054,21.6726],[105.7082,21.6733],[105.7092,21.6705],[105.7141,21.6701],[105.7144,21.6683],[105.7174,21.6669],[105.7181,21.6646],[105.7248,21.6658],[105.7273,21.667],[105.7274,21.6659],[105.7279,21.6634],[105.731,21.663],[105.7351,21.664],[105.7353,21.6653],[105.7418,21.6696],[105.7437,21.6716],[105.7422,21.6755],[105.7397,21.6769],[105.7376,21.6801],[105.7394,21.6816],[105.7381,21.6838],[105.7383,21.687],[105.7415,21.6899],[105.7385,21.6925],[105.7391,21.6967],[105.7372,21.6997],[105.739,21.7044],[105.7346,21.707],[105.7343,21.7131],[105.7323,21.7162],[105.7354,21.7179],[105.7413,21.7199],[105.7412,21.7236],[105.7425,21.7264],[105.7448,21.7277],[105.7484,21.733],[105.751,21.7322],[105.7538,21.7339],[105.7553,21.7368],[105.7552,21.7404],[105.7568,21.7415],[105.7565,21.7472],[105.7576,21.7496],[105.7539,21.7518],[105.7547,21.7561],[105.7573,21.7568],[105.7574,21.7588],[105.7624,21.759],[105.7654,21.7609],[105.7668,21.765],[105.7682,21.7651],[105.7714,21.7698],[105.7738,21.7698],[105.7773,21.7723],[105.781,21.7776],[105.7879,21.7791],[105.7896,21.7754],[105.7929,21.7825],[105.7981,21.7896],[105.7978,21.7942],[105.7948,21.7997],[105.7993,21.8051]]]},"properties":{"ma_xa":"05611","ten_xa":"Phú Lương","sap_nhap":"Đu (thị trấn), Giang Tiên (thị trấn), Yên Lạc, Động Đạt","tru_so":"đang cập nhật","loai":"Xã","cap":2,"stt":37,"dtich_km2":112.39,"dan_so":43914,"matdo_km2":390.73,"ma_tinh":"19","ten_tinh":"Thái Nguyên"}},
{"type":"Feature","geometry":{"type":"Polygon","coordinates":[[[105.53,21.7225],[105.5294,21.7149],[105.5267,21.7104],[105.5299,21.7075],[105.5288,21.7004],[105.5297,21.6991],[105.5269,21.6955],[105.5338,21.6932],[105.5344,21.6964],[105.5395,21.6928],[105.5411,21.6908],[105.5377,21.6861],[105.54,21.6838],[105.5424,21.6846],[105.5432,21.6819],[105.5453,21.6805],[105.5461,21.6774],[105.5524,21.6758],[105.555,21.6792],[105.5585,21.6767],[105.5582,21.6737],[105.5594,21.6706],[105.5616,21.6692],[105.5629,21.6641],[105.5699,21.6632],[105.5745,21.6642],[105.5799,21.6635],[105.583,21.6618],[105.5868,21.6614],[105.5845,21.658],[105.5824,21.6567],[105.5752,21.6553],[105.5735,21.6524],[105.5768,21.6503],[105.5784,21.6477],[105.5753,21.6441],[105.5796,21.6413],[105.5858,21.6446],[105.5896,21.6446],[105.5918,21.6471],[105.5977,21.6483],[105.6029,21.6485],[105.6066,21.6478],[105.6087,21.6463],[105.6101,21.6493],[105.612,21.6505],[105.6178,21.6505],[105.6194,21.6554],[105.6214,21.6563],[105.6207,21.6592],[105.6232,21.6614],[105.6276,21.662],[105.629,21.6659],[105.6316,21.6665],[105.6324,21.6688],[105.6296,21.6745],[105.6313,21.6768],[105.6294,21.6793],[105.625,21.6799],[105.6227,21.6768],[105.6124,21.6758],[105.6138,21.6711],[105.6091,21.6689],[105.6036,21.6699],[105.599,21.6736],[105.5975,21.676],[105.5993,21.6794],[105.5969,21.6827],[105.5969,21.6855],[105.5936,21.6866],[105.5931,21.6886],[105.5902,21.6894],[105.5895,21.6914],[105.5867,21.6909],[105.5848,21.6959],[105.582,21.6988],[105.5818,21.7017],[105.5843,21.7055],[105.5807,21.7108],[105.5803,21.7165],[105.5792,21.7181],[105.5798,21.7222],[105.5785,21.7294],[105.5689,21.7318],[105.5623,21.7291],[105.5611,21.7272],[105.5558,21.7239],[105.5531,21.7261],[105.5459,21.7291],[105.5418,21.7301],[105.5383,21.7292],[105.5349,21.727],[105.5332,21.7245],[105.53,21.7225]]]},"properties":{"ma_xa":"05800","ten_xa":"Phú Thịnh","sap_nhap":"Bản Ngoại, Phú Cường, Phú Thịnh","tru_so":"đang cập nhật","loai":"Xã","cap":2,"stt":11,"dtich_km2":45.37,"dan_so":21333,"matdo_km2":470.2,"ma_tinh":"19","ten_tinh":"Thái Nguyên"}},
{"type":"Feature","geometry":{"type":"Polygon","coordinates":[[[105.9146,22.2886],[105.9111,22.2901],[105.9068,22.2933],[105.9038,22.2994],[105.9015,22.3017],[105.8972,22.302],[105.8975,22.3042],[105.8931,22.308],[105.892,22.3121],[105.89,22.3135],[105.8873,22.3177],[105.8765,22.3165],[105.8764,22.3108],[105.8733,22.3068],[105.8705,22.3072],[105.8647,22.3066],[105.8618,22.3055],[105.856,22.3061],[105.8521,22.3059],[105.8494,22.307],[105.8436,22.3061],[105.8379,22.3077],[105.8353,22.3057],[105.8317,22.3064],[105.829,22.3049],[105.8258,22.3015],[105.824,22.2976],[105.8209,22.2969],[105.8196,22.2944],[105.8139,22.2932],[105.8094,22.2885],[105.8022,22.2889],[105.7985,22.2875],[105.7924,22.2866],[105.7875,22.2873],[105.7889,22.2855],[105.7881,22.282],[105.789,22.2758],[105.7935,22.2723],[105.7928,22.266],[105.7941,22.2644],[105.7925,22.2573],[105.7928,22.2548],[105.7896,22.2529],[105.7891,22.2496],[105.79,22.2462],[105.7899,22.2414],[105.7888,22.2398],[105.791,22.2336],[105.7907,22.2275],[105.7966,22.2236],[105.7979,22.219],[105.8052,22.2156],[105.809,22.2163],[105.8114,22.2188],[105.8157,22.2201],[105.8187,22.2248],[105.824,22.2268],[105.8252,22.2297],[105.8301,22.2321],[105.8364,22.2318],[105.8382,22.2311],[105.8421,22.2321],[105.8423,22.2347],[105.8457,22.2378],[105.8515,22.2392],[105.8559,22.2378],[105.8564,22.242],[105.8584,22.2449],[105.8588,22.2515],[105.8688,22.2483],[105.8706,22.2484],[105.8726,22.2438],[105.8722,22.242],[105.8797,22.2392],[105.8792,22.2361],[105.8766,22.2355],[105.874,22.2323],[105.8761,22.2293],[105.8815,22.2282],[105.8853,22.2293],[105.8908,22.23],[105.8922,22.2322],[105.8951,22.2332],[105.8981,22.2373],[105.901,22.2377],[105.9011,22.2399],[105.9052,22.2411],[105.9061,22.2425],[105.9097,22.244],[105.9108,22.2475],[105.9146,22.2524],[105.9139,22.255],[105.9151,22.258],[105.9155,22.2632],[105.9143,22.268],[105.9154,22.2715],[105.914,22.2771],[105.9127,22.2784],[105.9139,22.281],[105.9129,22.2833],[105.9164,22.2848],[105.9146,22.2886]]]},"properties":{"ma_xa":"01969","ten_xa":"Phủ Thông","sap_nhap":"Phủ Thông (thị trấn), Vi Hương, Tân Tú, Lục Bình","tru_so":"đang cập nhật","loai":"Xã","cap":2,"stt":74,"dtich_km2":96.94,"dan_so":13320,"matdo_km2":137.4,"ma_tinh":"19","ten_tinh":"Thái Nguyên"}},
{"type":"Feature","geometry":{"type":"Polygon","coordinates":[[[105.53,21.7225],[105.5258,21.7241],[105.5223,21.73],[105.5169,21.7344],[105.5159,21.737],[105.515,21.735],[105.507,21.73],[105.5038,21.7295],[105.503,21.7264],[105.4993,21.7231],[105.5007,21.7187],[105.4982,21.7168],[105.494,21.716],[105.4928,21.7115],[105.4905,21.7072],[105.4902,21.7037],[105.4864,21.7028],[105.4818,21.7006],[105.4809,21.699],[105.4778,21.6982],[105.4787,21.6953],[105.4844,21.6931],[105.4876,21.6905],[105.4872,21.681],[105.4819,21.6788],[105.4794,21.6744],[105.4821,21.6724],[105.4821,21.6675],[105.4839,21.6634],[105.4834,21.6604],[105.489,21.651],[105.4883,21.6492],[105.4901,21.6464],[105.4909,21.6427],[105.4978,21.6387],[105.4981,21.6354],[105.5013,21.6304],[105.5123,21.6282],[105.5221,21.6288],[105.5257,21.6313],[105.5267,21.6346],[105.5307,21.638],[105.5328,21.6383],[105.5382,21.6427],[105.5423,21.6473],[105.5465,21.6493],[105.5511,21.6499],[105.5551,21.6517],[105.558,21.65],[105.5667,21.6545],[105.5703,21.6544],[105.5735,21.6524],[105.5752,21.6553],[105.5824,21.6567],[105.5845,21.658],[105.5868,21.6614],[105.583,21.6618],[105.5799,21.6635],[105.5745,21.6642],[105.5699,21.6632],[105.5629,21.6641],[105.5616,21.6692],[105.5594,21.6706],[105.5582,21.6737],[105.5585,21.6767],[105.555,21.6792],[105.5524,21.6758],[105.5461,21.6774],[105.5453,21.6805],[105.5432,21.6819],[105.5424,21.6846],[105.54,21.6838],[105.5377,21.6861],[105.5411,21.6908],[105.5395,21.6928],[105.5344,21.6964],[105.5338,21.6932],[105.5269,21.6955],[105.5297,21.6991],[105.5288,21.7004],[105.5299,21.7075],[105.5267,21.7104],[105.5294,21.7149],[105.53,21.7225]]]},"properties":{"ma_xa":"05773","ten_xa":"Phú Xuyên","sap_nhap":"Yên Lãng, Phú Xuyên","tru_so":"đang cập nhật","loai":"Xã","cap":2,"stt":17,"dtich_km2":64.58,"dan_so":23053,"matdo_km2":356.97,"ma_tinh":"19","ten_tinh":"Thái Nguyên"}},
{"type":"Feature","geometry":{"type":"Polygon","coordinates":[[[105.8043,22.5234],[105.8017,22.5258],[105.8,22.5304],[105.7963,22.5336],[105.7925,22.5399],[105.7931,22.5417],[105.7904,22.5466],[105.7874,22.548],[105.7874,22.5503],[105.7832,22.551],[105.782,22.5488],[105.7789,22.5487],[105.7788,22.5451],[105.7761,22.5416],[105.7736,22.5412],[105.7669,22.5386],[105.7625,22.5341],[105.7573,22.532],[105.7565,22.5296],[105.7566,22.5248],[105.7595,22.5203],[105.7609,22.5137],[105.7593,22.5117],[105.7606,22.5071],[105.7624,22.5046],[105.7629,22.5003],[105.7611,22.493],[105.7627,22.4914],[105.7616,22.4864],[105.7641,22.4859],[105.7658,22.4836],[105.7641,22.4807],[105.7619,22.472],[105.7639,22.4699],[105.7638,22.466],[105.7654,22.463],[105.7647,22.459],[105.7613,22.4566],[105.7617,22.4489],[105.768,22.4438],[105.7705,22.4428],[105.7778,22.4381],[105.7785,22.4355],[105.7779,22.4311],[105.7816,22.4294],[105.7868,22.4255],[105.7881,22.4219],[105.789,22.4203],[105.797,22.4149],[105.7963,22.4092],[105.7996,22.4054],[105.8051,22.4068],[105.8091,22.4057],[105.8119,22.4033],[105.8122,22.4008],[105.8159,22.3971],[105.8206,22.3989],[105.8257,22.3998],[105.8305,22.4029],[105.8317,22.4054],[105.8396,22.4082],[105.8405,22.4046],[105.8433,22.4033],[105.848,22.4027],[105.8492,22.4001],[105.8491,22.396],[105.8501,22.3926],[105.8543,22.3898],[105.8601,22.4022],[105.8623,22.4023],[105.8656,22.4046],[105.8696,22.4087],[105.8713,22.4131],[105.8692,22.4174],[105.8691,22.4239],[105.8715,22.4312],[105.8738,22.4337],[105.876,22.4393],[105.8783,22.4427],[105.882,22.4464],[105.8834,22.4558],[105.8831,22.4589],[105.8843,22.4607],[105.8832,22.4638],[105.885,22.4654],[105.8868,22.4691],[105.8892,22.4717],[105.8945,22.4749],[105.8979,22.4762],[105.9002,22.4785],[105.8992,22.4822],[105.9016,22.485],[105.9049,22.4919],[105.9038,22.4956],[105.9018,22.4997],[105.8982,22.5042],[105.8974,22.5076],[105.8943,22.5096],[105.8832,22.5135],[105.8756,22.5142],[105.8679,22.5178],[105.8649,22.5205],[105.86,22.5214],[105.8536,22.5202],[105.8503,22.5203],[105.8477,22.5182],[105.8417,22.5151],[105.837,22.5163],[105.8327,22.5166],[105.8323,22.5206],[105.8332,22.5266],[105.8307,22.5265],[105.8292,22.5239],[105.8213,22.5203],[105.8188,22.5213],[105.8098,22.5218],[105.808,22.5235],[105.8043,22.5234]]]},"properties":{"ma_xa":"01894","ten_xa":"Phúc Lộc","sap_nhap":"Bành Trạch, Hà Hiệu, Phúc Lộc","tru_so":"đang cập nhật","loai":"Xã","cap":2,"stt":60,"dtich_km2":163.06,"dan_so":10354,"matdo_km2":63.5,"ma_tinh":"19","ten_tinh":"Thái Nguyên"}},
{"type":"Feature","geometry":{"type":"Polygon","coordinates":[[[105.7584,21.4914],[105.7563,21.4935],[105.7533,21.4939],[105.7511,21.4966],[105.7468,21.4954],[105.7429,21.4971],[105.7414,21.501],[105.7338,21.5076],[105.7305,21.5094],[105.7236,21.5156],[105.7215,21.5169],[105.7167,21.514],[105.7136,21.5139],[105.7106,21.5114],[105.7136,21.51],[105.7198,21.5061],[105.7297,21.4981],[105.7327,21.4976],[105.7354,21.4955],[105.7359,21.4907],[105.7382,21.4911],[105.7365,21.4851],[105.7369,21.4829],[105.7315,21.4825],[105.727,21.4803],[105.7279,21.4762],[105.7272,21.4748],[105.7222,21.4728],[105.7232,21.4691],[105.7199,21.467],[105.7185,21.4675],[105.7164,21.4641],[105.7169,21.462],[105.715,21.4565],[105.7125,21.4514],[105.7101,21.4498],[105.7082,21.4465],[105.7065,21.4458],[105.7052,21.4427],[105.7084,21.4368],[105.7116,21.4349],[105.7135,21.4303],[105.716,21.4302],[105.72,21.4325],[105.7245,21.433],[105.7254,21.4282],[105.7224,21.4176],[105.721,21.4162],[105.7265,21.4157],[105.7309,21.4174],[105.7338,21.4204],[105.7406,21.4232],[105.7438,21.4254],[105.7485,21.4301],[105.7506,21.4288],[105.7522,21.425],[105.7546,21.4247],[105.7612,21.4298],[105.7675,21.4266],[105.7708,21.4225],[105.7763,21.4197],[105.7779,21.4214],[105.7801,21.4208],[105.7825,21.4237],[105.7857,21.4245],[105.7902,21.4243],[105.7918,21.4199],[105.7951,21.42],[105.798,21.4155],[105.803,21.416],[105.8123,21.4148],[105.8139,21.4127],[105.8176,21.4125],[105.8205,21.4162],[105.8241,21.4146],[105.8272,21.4165],[105.8278,21.4183],[105.8236,21.4215],[105.8259,21.4243],[105.8296,21.424],[105.8305,21.4275],[105.8299,21.43],[105.827,21.434],[105.8268,21.4366],[105.8301,21.437],[105.8303,21.44],[105.8319,21.4443],[105.8301,21.4449],[105.8262,21.4557],[105.824,21.4551],[105.8218,21.4586],[105.8195,21.4585],[105.8124,21.4536],[105.8077,21.4523],[105.8056,21.4499],[105.8017,21.4508],[105.8009,21.4525],[105.7964,21.4553],[105.7958,21.4589],[105.793,21.4635],[105.7968,21.4683],[105.7932,21.471],[105.7888,21.4721],[105.7867,21.4748],[105.7804,21.4784],[105.776,21.4783],[105.7758,21.4801],[105.77,21.482],[105.7657,21.4867],[105.7584,21.4914]]]},"properties":{"ma_xa":"05857","ten_xa":"Phúc Thuận","sap_nhap":"Bắc Sơn, Minh Đức, Phúc Thuận","tru_so":"đang cập nhật","loai":"Phường","cap":2,"stt":21,"dtich_km2":74.16,"dan_so":29051,"matdo_km2":391.73,"ma_tinh":"19","ten_tinh":"Thái Nguyên"}},
{"type":"Feature","geometry":{"type":"Polygon","coordinates":[[[105.7779,21.9332],[105.7744,21.9386],[105.7761,21.9421],[105.776,21.9456],[105.7743,21.9487],[105.7754,21.9528],[105.7719,21.9543],[105.7688,21.9575],[105.7678,21.9603],[105.7656,21.9619],[105.763,21.9664],[105.7612,21.9676],[105.7603,21.9722],[105.7608,21.9753],[105.7638,21.9809],[105.7634,21.9841],[105.7634,21.9844],[105.7642,21.9874],[105.7622,21.9913],[105.7617,21.9914],[105.7614,21.9916],[105.7609,21.9919],[105.7571,21.9941],[105.7552,21.9963],[105.7541,22.0004],[105.7536,22.001],[105.7532,22.0014],[105.7513,22.0032],[105.751,22.0037],[105.7504,22.0061],[105.7478,22.0086],[105.7452,22.0085],[105.7412,22.0017],[105.7398,21.9982],[105.74,21.9953],[105.7422,21.9905],[105.7396,21.9884],[105.7385,21.985],[105.7363,21.9846],[105.7327,21.9794],[105.7299,21.9787],[105.7303,21.9762],[105.7281,21.9731],[105.7198,21.9671],[105.7201,21.9566],[105.7154,21.9559],[105.715,21.9538],[105.7111,21.9506],[105.7095,21.9514],[105.7019,21.9526],[105.7011,21.9547],[105.6983,21.9567],[105.6953,21.9561],[105.6961,21.9539],[105.6916,21.9529],[105.6894,21.9506],[105.6852,21.9484],[105.6845,21.951],[105.6812,21.9518],[105.6768,21.9456],[105.6769,21.9428],[105.6736,21.9358],[105.668,21.9336],[105.6673,21.9283],[105.6644,21.925],[105.6603,21.9176],[105.659,21.9132],[105.6572,21.9135],[105.6557,21.9124],[105.6566,21.9078],[105.6554,21.9053],[105.653,21.9048],[105.6501,21.901],[105.6462,21.8977],[105.6434,21.8927],[105.6401,21.8892],[105.6364,21.8876],[105.6352,21.8853],[105.6369,21.8831],[105.6341,21.8793],[105.639,21.8775],[105.6407,21.8728],[105.6365,21.8668],[105.6387,21.8644],[105.6432,21.8622],[105.6422,21.8581],[105.6453,21.8561],[105.6458,21.8504],[105.6496,21.8511],[105.6521,21.8496],[105.6557,21.8505],[105.6564,21.857],[105.6592,21.8561],[105.6617,21.8565],[105.6629,21.8606],[105.6652,21.8639],[105.6665,21.862],[105.6694,21.8633],[105.6721,21.8625],[105.6725,21.8648],[105.6703,21.8685],[105.672,21.8714],[105.6822,21.8719],[105.6862,21.8716],[105.688,21.876],[105.6967,21.881],[105.7024,21.8821],[105.7046,21.8855],[105.6999,21.8895],[105.7012,21.8921],[105.7056,21.8959],[105.7092,21.8955],[105.7099,21.8984],[105.7128,21.9009],[105.7177,21.9002],[105.7214,21.8988],[105.7265,21.8999],[105.7297,21.9056],[105.7328,21.9047],[105.7346,21.9065],[105.7378,21.9047],[105.7419,21.9041],[105.7422,21.9071],[105.7506,21.9126],[105.7534,21.9132],[105.7557,21.9154],[105.7585,21.9158],[105.7643,21.9145],[105.7669,21.9192],[105.7704,21.9213],[105.7707,21.9256],[105.7724,21.9262],[105.7774,21.9313],[105.7779,21.9332]]]},"properties":{"ma_xa":"05563","ten_xa":"Phượng Tiến","sap_nhap":"Tân Dương, Tân Thịnh, Phượng Tiến","tru_so":"đang cập nhật","loai":"Xã","cap":2,"stt":44,"dtich_km2":102.7,"dan_so":13312,"matdo_km2":129.62,"ma_tinh":"19","ten_tinh":"Thái Nguyên"}},
{"type":"Feature","geometry":{"type":"Polygon","coordinates":[[[105.7215,21.5169],[105.7183,21.5169],[105.7174,21.5187],[105.7123,21.5234],[105.7083,21.5237],[105.704,21.5277],[105.6952,21.5332],[105.6906,21.5349],[105.6876,21.5373],[105.6769,21.5402],[105.6753,21.5419],[105.6686,21.5466],[105.6645,21.5446],[105.6601,21.5395],[105.6601,21.5357],[105.6577,21.5333],[105.657,21.5298],[105.6552,21.5296],[105.6519,21.5255],[105.6474,21.5232],[105.6466,21.5211],[105.637,21.515],[105.6339,21.5078],[105.6337,21.5051],[105.6318,21.5039],[105.6318,21.5013],[105.6269,21.5004],[105.6248,21.5017],[105.6219,21.5011],[105.6194,21.499],[105.6223,21.4994],[105.6245,21.497],[105.6285,21.4967],[105.635,21.4931],[105.6328,21.4882],[105.6311,21.4818],[105.6311,21.4791],[105.6367,21.4741],[105.6418,21.4723],[105.6452,21.4686],[105.6463,21.4639],[105.6491,21.4617],[105.6519,21.4575],[105.6606,21.4595],[105.6663,21.4603],[105.6691,21.4582],[105.6745,21.4582],[105.678,21.4562],[105.6824,21.4492],[105.6869,21.4441],[105.6873,21.4424],[105.6981,21.4387],[105.7034,21.4409],[105.706,21.4398],[105.7073,21.4352],[105.7098,21.4339],[105.7116,21.4311],[105.7135,21.4303],[105.7116,21.4349],[105.7084,21.4368],[105.7052,21.4427],[105.7065,21.4458],[105.7082,21.4465],[105.7101,21.4498],[105.7125,21.4514],[105.715,21.4565],[105.7169,21.462],[105.7164,21.4641],[105.7185,21.4675],[105.7199,21.467],[105.7232,21.4691],[105.7222,21.4728],[105.7272,21.4748],[105.7279,21.4762],[105.727,21.4803],[105.7315,21.4825],[105.7369,21.4829],[105.7365,21.4851],[105.7382,21.4911],[105.7359,21.4907],[105.7354,21.4955],[105.7327,21.4976],[105.7297,21.4981],[105.7198,21.5061],[105.7136,21.51],[105.7106,21.5114],[105.7136,21.5139],[105.7167,21.514],[105.7215,21.5169]]]},"properties":{"ma_xa":"05851","ten_xa":"Quân Chu","sap_nhap":"Quân Chu (thị trấn), Cát Nê","tru_so":"đang cập nhật","loai":"Xã","cap":2,"stt":15,"dtich_km2":79.38,"dan_so":13096,"matdo_km2":164.98,"ma_tinh":"19","ten_tinh":"Thái Nguyên"}},
{"type":"Feature","geometry":{"type":"Polygon","coordinates":[[[105.7912,21.6664],[105.7854,21.6672],[105.7839,21.6648],[105.7794,21.6637],[105.7748,21.6579],[105.7776,21.6567],[105.7745,21.652],[105.7782,21.6495],[105.7784,21.6452],[105.7763,21.6457],[105.7726,21.6396],[105.7687,21.6368],[105.768,21.6344],[105.7726,21.6324],[105.7697,21.63],[105.7678,21.6267],[105.7648,21.6265],[105.7637,21.6239],[105.7697,21.6213],[105.7743,21.618],[105.7756,21.6145],[105.7787,21.6135],[105.7841,21.6149],[105.789,21.6138],[105.7903,21.6149],[105.796,21.6125],[105.7973,21.6098],[105.7955,21.6083],[105.8007,21.5986],[105.804,21.5987],[105.8073,21.5966],[105.8104,21.599],[105.814,21.5987],[105.8162,21.6009],[105.8188,21.6008],[105.8209,21.6049],[105.8235,21.6032],[105.826,21.6035],[105.8317,21.6008],[105.8335,21.6009],[105.8352,21.6082],[105.8373,21.6111],[105.8385,21.6148],[105.8363,21.6167],[105.8337,21.616],[105.8293,21.6126],[105.8236,21.6116],[105.8211,21.6129],[105.8157,21.6142],[105.8061,21.6193],[105.8081,21.6257],[105.8079,21.6279],[105.8018,21.6383],[105.8025,21.6417],[105.8092,21.6478],[105.8099,21.6498],[105.8049,21.6524],[105.8023,21.6584],[105.7964,21.6646],[105.7912,21.6664]]]},"properties":{"ma_xa":"05482","ten_xa":"Quan Triều","sap_nhap":"Tân Long, Quang Vinh, Quan Triều, Sơn Cẩm","tru_so":"đang cập nhật","loai":"Phường","cap":2,"stt":6,"dtich_km2":24.72,"dan_so":42292,"matdo_km2":1710.84,"ma_tinh":"19","ten_tinh":"Thái Nguyên"}},
{"type":"Feature","geometry":{"type":"Polygon","coordinates":[[[105.6361,22.2451],[105.6381,22.2503],[105.6427,22.2545],[105.6446,22.2584],[105.6482,22.2607],[105.6503,22.2641],[105.6502,22.2662],[105.6538,22.2702],[105.6531,22.2731],[105.6546,22.2742],[105.6545,22.2812],[105.6583,22.284],[105.6616,22.2877],[105.6618,22.2893],[105.6565,22.292],[105.6549,22.2945],[105.6508,22.2938],[105.6484,22.298],[105.6461,22.2981],[105.6442,22.3002],[105.6443,22.3038],[105.6398,22.3075],[105.6315,22.3065],[105.628,22.3065],[105.6238,22.308],[105.621,22.3112],[105.6222,22.3162],[105.6208,22.3178],[105.6207,22.3215],[105.6192,22.3219],[105.6137,22.3261],[105.6096,22.3244],[105.6091,22.3138],[105.6072,22.3057],[105.605,22.3044],[105.6019,22.3053],[105.5991,22.3035],[105.5972,22.2974],[105.5982,22.294],[105.5969,22.2923],[105.592,22.2914],[105.5907,22.2925],[105.5868,22.2916],[105.583,22.2922],[105.5773,22.2944],[105.5744,22.2918],[105.5723,22.2913],[105.5686,22.2886],[105.5697,22.2862],[105.5693,22.2827],[105.5664,22.2797],[105.5644,22.2796],[105.5633,22.2772],[105.5629,22.2728],[105.5554,22.2697],[105.5524,22.2675],[105.5496,22.2682],[105.5445,22.2668],[105.5408,22.2673],[105.5382,22.2657],[105.5401,22.2616],[105.5387,22.2546],[105.5409,22.2548],[105.5445,22.2507],[105.5459,22.2475],[105.5479,22.2474],[105.5506,22.2419],[105.5505,22.2367],[105.5528,22.2368],[105.5669,22.2424],[105.5691,22.2449],[105.5711,22.2444],[105.5717,22.2419],[105.5745,22.241],[105.5765,22.2381],[105.5813,22.2347],[105.5857,22.236],[105.5912,22.2352],[105.5923,22.2331],[105.5952,22.2326],[105.5974,22.2309],[105.6003,22.2259],[105.6033,22.2248],[105.6066,22.2256],[105.6111,22.2246],[105.6145,22.2223],[105.6168,22.2283],[105.6193,22.2293],[105.6224,22.2338],[105.6223,22.2368],[105.6257,22.2395],[105.6283,22.2444],[105.6304,22.2457],[105.6336,22.2445],[105.6361,22.2451]]]},"properties":{"ma_xa":"02038","ten_xa":"Quảng Bạch","sap_nhap":"Tân Lập, Quảng Bạch","tru_so":"đang cập nhật","loai":"Xã","cap":2,"stt":69,"dtich_km2":75.22,"dan_so":3815,"matdo_km2":50.72,"ma_tinh":"19","ten_tinh":"Thái Nguyên"}},
{"type":"Feature","geometry":{"type":"Polygon","coordinates":[[[105.9298,21.7763],[105.9269,21.7773],[105.9247,21.776],[105.9193,21.7753],[105.9161,21.7761],[105.9121,21.7745],[105.9075,21.775],[105.9057,21.7738],[105.8992,21.7718],[105.8949,21.7728],[105.8925,21.7716],[105.8878,21.7709],[105.8828,21.7735],[105.8784,21.7773],[105.8776,21.7753],[105.874,21.7737],[105.8695,21.7706],[105.8676,21.768],[105.8658,21.7614],[105.8646,21.7601],[105.8658,21.7551],[105.8612,21.7563],[105.8565,21.7547],[105.8529,21.7515],[105.8527,21.7474],[105.8509,21.7407],[105.8503,21.736],[105.8468,21.7335],[105.8443,21.7338],[105.8384,21.7314],[105.8339,21.7286],[105.8301,21.7249],[105.8297,21.7219],[105.8247,21.7176],[105.8252,21.7148],[105.8236,21.7073],[105.8217,21.705],[105.8258,21.7025],[105.8326,21.7018],[105.8385,21.7041],[105.8428,21.7048],[105.8473,21.6994],[105.8468,21.6977],[105.8537,21.6953],[105.8607,21.6935],[105.8669,21.6952],[105.8726,21.6949],[105.8765,21.6962],[105.8784,21.6986],[105.8869,21.6979],[105.8891,21.6961],[105.8895,21.6927],[105.8946,21.6936],[105.9007,21.6909],[105.9003,21.6937],[105.8973,21.6938],[105.8956,21.7046],[105.8895,21.7062],[105.8863,21.7064],[105.8895,21.7125],[105.8939,21.7136],[105.8972,21.7181],[105.893,21.7201],[105.8935,21.7275],[105.8979,21.7276],[105.9033,21.7301],[105.9107,21.7291],[105.9125,21.7298],[105.9139,21.7389],[105.9181,21.7418],[105.9204,21.7467],[105.9229,21.7503],[105.9227,21.7569],[105.9284,21.7582],[105.9273,21.7643],[105.9288,21.7686],[105.9278,21.7729],[105.9298,21.7763]]]},"properties":{"ma_xa":"05674","ten_xa":"Quang Sơn","sap_nhap":"Tân Long, Quang Sơn","tru_so":"đang cập nhật","loai":"Xã","cap":2,"stt":29,"dtich_km2":58.63,"dan_so":10837,"matdo_km2":184.84,"ma_tinh":"19","ten_tinh":"Thái Nguyên"}},
{"type":"Feature","geometry":{"type":"Polygon","coordinates":[[[105.814,21.5987],[105.8104,21.599],[105.8073,21.5966],[105.804,21.5987],[105.8007,21.5986],[105.7955,21.6083],[105.7973,21.6098],[105.796,21.6125],[105.7903,21.6149],[105.789,21.6138],[105.7841,21.6149],[105.7787,21.6135],[105.7756,21.6145],[105.7719,21.6151],[105.77,21.6083],[105.7733,21.6075],[105.7731,21.6041],[105.7752,21.6036],[105.7738,21.6004],[105.7759,21.5997],[105.7714,21.5918],[105.7714,21.5905],[105.7725,21.5879],[105.7683,21.5844],[105.7667,21.582],[105.7689,21.5803],[105.768,21.5764],[105.7724,21.5762],[105.7766,21.5723],[105.7759,21.5701],[105.7774,21.5674],[105.7773,21.5633],[105.7757,21.5596],[105.779,21.5574],[105.7853,21.5593],[105.789,21.5625],[105.7953,21.5652],[105.8,21.5627],[105.8029,21.5595],[105.8017,21.5574],[105.8015,21.5526],[105.8001,21.5498],[105.8028,21.5474],[105.806,21.5515],[105.81,21.5524],[105.8131,21.5508],[105.815,21.552],[105.8192,21.5521],[105.8217,21.5583],[105.8256,21.5626],[105.8253,21.567],[105.8229,21.5669],[105.8182,21.5728],[105.8119,21.578],[105.8069,21.5815],[105.8082,21.5854],[105.8062,21.5906],[105.8101,21.5916],[105.8127,21.5955],[105.8151,21.5965],[105.814,21.5987]]]},"properties":{"ma_xa":"05455","ten_xa":"Quyết Thắng","sap_nhap":"Thịnh Đán, Phúc Hà, Quyết Thắng","tru_so":"đang cập nhật","loai":"Phường","cap":2,"stt":5,"dtich_km2":24.43,"dan_so":29933,"matdo_km2":1225.26,"ma_tinh":"19","ten_tinh":"Thái Nguyên"}},
{"type":"Feature","geometry":{"type":"Polygon","coordinates":[[[106.0633,21.9417],[106.0603,21.9413],[106.0583,21.9428],[106.053,21.9437],[106.052,21.9504],[106.046,21.9597],[106.0428,21.9601],[106.0417,21.9621],[106.0331,21.9643],[106.0308,21.9678],[106.0279,21.9674],[106.0258,21.9637],[106.0229,21.9604],[106.0227,21.9574],[106.0191,21.954],[106.0184,21.95],[106.0197,21.9484],[106.0125,21.9376],[106.0034,21.9352],[106.0007,21.931],[105.9949,21.9297],[105.993,21.9331],[105.99,21.9351],[105.9867,21.9361],[105.9806,21.9362],[105.977,21.9393],[105.9745,21.9393],[105.9718,21.9377],[105.9701,21.9351],[105.9694,21.9275],[105.9709,21.9246],[105.9696,21.9235],[105.9626,21.9229],[105.9601,21.9205],[105.9607,21.919],[105.9591,21.9136],[105.9589,21.9107],[105.951,21.9069],[105.9469,21.9027],[105.9456,21.8996],[105.9501,21.8919],[105.9521,21.8862],[105.9534,21.8783],[105.9499,21.872],[105.9518,21.8662],[105.944,21.8604],[105.9446,21.8538],[105.95,21.8482],[105.9524,21.8468],[105.9585,21.8461],[105.9608,21.8477],[105.9656,21.8492],[105.9681,21.8523],[105.9777,21.8526],[105.9799,21.8521],[105.9842,21.8528],[105.9891,21.8564],[105.99,21.8579],[105.9933,21.8583],[105.9956,21.8566],[106.0016,21.8557],[106.0133,21.8515],[106.0167,21.8534],[106.0187,21.8531],[106.0213,21.8558],[106.0201,21.8616],[106.0226,21.8647],[106.027,21.8652],[106.0339,21.8637],[106.0354,21.871],[106.0364,21.8718],[106.0363,21.8801],[106.0354,21.8845],[106.0366,21.8949],[106.0375,21.8966],[106.0419,21.8988],[106.0476,21.8989],[106.0488,21.8997],[106.0538,21.8988],[106.0554,21.9074],[106.057,21.9116],[106.0613,21.914],[106.0662,21.9181],[106.0651,21.9211],[106.0621,21.923],[106.0617,21.9286],[106.0629,21.9328],[106.0633,21.9417]]]},"properties":{"ma_xa":"05719","ten_xa":"Sảng Mộc","sap_nhap":"Sảng Mộc","tru_so":"đang cập nhật","loai":"Xã","cap":2,"stt":91,"dtich_km2":96.79,"dan_so":3286,"matdo_km2":33.95,"ma_tinh":"19","ten_tinh":"Thái Nguyên"}},
{"type":"Feature","geometry":{"type":"Polygon","coordinates":[[[105.8319,21.4443],[105.836,21.4452],[105.8409,21.4453],[105.8489,21.443],[105.8525,21.4442],[105.8602,21.4411],[105.8622,21.439],[105.8638,21.4426],[105.8658,21.4435],[105.8644,21.4464],[105.8613,21.4478],[105.8654,21.4508],[105.8703,21.4511],[105.8734,21.4548],[105.8747,21.4601],[105.8719,21.4658],[105.8703,21.4744],[105.8685,21.4749],[105.8629,21.4719],[105.8583,21.4713],[105.8565,21.4682],[105.8546,21.4695],[105.8488,21.4689],[105.847,21.4676],[105.8448,21.4719],[105.8309,21.4695],[105.8235,21.4695],[105.8229,21.4668],[105.8196,21.4655],[105.8201,21.4631],[105.8235,21.462],[105.8256,21.459],[105.8262,21.4557],[105.8301,21.4449],[105.8319,21.4443]]]},"properties":{"ma_xa":"05518","ten_xa":"Sông Công","sap_nhap":"Thắng Lợi, Phố Cò, Cải Đan","tru_so":"đang cập nhật","loai":"Phường","cap":2,"stt":34,"dtich_km2":13.98,"dan_so":21039,"matdo_km2":1504.94,"ma_tinh":"19","ten_tinh":"Thái Nguyên"}},
{"type":"Feature","geometry":{"type":"Polygon","coordinates":[[[105.8192,21.5521],[105.815,21.552],[105.8131,21.5508],[105.81,21.5524],[105.806,21.5515],[105.8028,21.5474],[105.8001,21.5498],[105.8015,21.5526],[105.8017,21.5574],[105.8029,21.5595],[105.8,21.5627],[105.7953,21.5652],[105.789,21.5625],[105.7853,21.5593],[105.7836,21.548],[105.7784,21.546],[105.7764,21.5498],[105.7749,21.5493],[105.7717,21.5552],[105.769,21.5545],[105.7682,21.5523],[105.7623,21.5521],[105.7592,21.5508],[105.7572,21.5525],[105.7548,21.5517],[105.7512,21.5524],[105.7494,21.5466],[105.7474,21.5428],[105.7524,21.5369],[105.7475,21.5344],[105.7447,21.5295],[105.7446,21.5241],[105.7455,21.5237],[105.7501,21.5169],[105.7489,21.5154],[105.7516,21.5129],[105.7535,21.5074],[105.7569,21.5019],[105.7585,21.5014],[105.758,21.498],[105.7608,21.4966],[105.7576,21.4938],[105.7584,21.4914],[105.7657,21.4867],[105.77,21.482],[105.7758,21.4801],[105.776,21.4783],[105.7804,21.4784],[105.7867,21.4748],[105.7888,21.4721],[105.7932,21.471],[105.7933,21.4733],[105.7965,21.4771],[105.7995,21.4778],[105.801,21.4807],[105.8037,21.4805],[105.8088,21.4844],[105.8177,21.481],[105.8189,21.4827],[105.8177,21.489],[105.8195,21.4924],[105.8165,21.499],[105.8195,21.5017],[105.8211,21.5051],[105.8159,21.5064],[105.812,21.5089],[105.8142,21.5103],[105.8137,21.5145],[105.8155,21.5161],[105.8155,21.5202],[105.8174,21.5203],[105.8236,21.5246],[105.8228,21.5274],[105.8239,21.5296],[105.826,21.536],[105.826,21.5392],[105.8304,21.5414],[105.8291,21.547],[105.8267,21.5474],[105.8244,21.5499],[105.8192,21.5521]]]},"properties":{"ma_xa":"05503","ten_xa":"Tân Cương","sap_nhap":"Thịnh Đức, Bình Sơn, Tân Cương","tru_so":"đang cập nhật","loai":"Xã","cap":2,"stt":7,"dtich_km2":57.92,"dan_so":25525,"matdo_km2":440.69,"ma_tinh":"19","ten_tinh":"Thái Nguyên"}},
{"type":"Feature","geometry":{"type":"Polygon","coordinates":[[[105.9355,21.5847],[105.9269,21.587],[105.9231,21.5871],[105.9221,21.5891],[105.9194,21.5898],[105.9161,21.5893],[105.9128,21.5857],[105.9136,21.5842],[105.9117,21.5819],[105.9146,21.5753],[105.9151,21.569],[105.9101,21.5636],[105.9097,21.5532],[105.9109,21.5468],[105.9082,21.5463],[105.9079,21.5404],[105.909,21.5376],[105.9059,21.5342],[105.9058,21.5316],[105.9102,21.5252],[105.9124,21.5233],[105.9146,21.5189],[105.918,21.5152],[105.9212,21.515],[105.9259,21.5164],[105.9262,21.5125],[105.9226,21.5083],[105.9184,21.506],[105.915,21.5019],[105.9144,21.4978],[105.9163,21.4961],[105.9209,21.4954],[105.9261,21.4995],[105.9311,21.5001],[105.9355,21.5024],[105.9368,21.507],[105.9362,21.5119],[105.9403,21.5124],[105.9402,21.5147],[105.9457,21.5142],[105.9518,21.5156],[105.9557,21.518],[105.9592,21.5172],[105.9636,21.5204],[105.9677,21.5261],[105.9703,21.5261],[105.9741,21.5301],[105.9735,21.5336],[105.9757,21.5342],[105.9762,21.5389],[105.9739,21.5423],[105.975,21.5451],[105.9785,21.5471],[105.9839,21.5475],[105.989,21.551],[105.9904,21.5568],[105.9949,21.5584],[105.9949,21.5609],[105.9921,21.5628],[105.9877,21.5618],[105.985,21.5624],[105.9828,21.5611],[105.9775,21.5623],[105.9743,21.5614],[105.9709,21.5623],[105.9695,21.5649],[105.9677,21.5646],[105.9668,21.5687],[105.9618,21.5717],[105.9574,21.5713],[105.957,21.5679],[105.9552,21.5672],[105.9546,21.5642],[105.9515,21.5637],[105.9472,21.5673],[105.9445,21.5669],[105.9429,21.5647],[105.9401,21.5658],[105.9384,21.5742],[105.9386,21.5774],[105.9355,21.5812],[105.9355,21.5847]]]},"properties":{"ma_xa":"05917","ten_xa":"Tân Khánh","sap_nhap":"Bàn Đạt, Đào Xá, Tân Khánh","tru_so":"đang cập nhật","loai":"Xã","cap":2,"stt":27,"dtich_km2":48.31,"dan_so":23724,"matdo_km2":491.08,"ma_tinh":"19","ten_tinh":"Thái Nguyên"}},
{"type":"Feature","geometry":{"type":"Polygon","coordinates":[[[105.9672,22.0312],[105.9675,22.0344],[105.9617,22.0392],[105.9627,22.0425],[105.965,22.0427],[105.9668,22.0453],[105.9674,22.0488],[105.9658,22.0528],[105.969,22.0559],[105.9718,22.0564],[105.9733,22.0613],[105.9769,22.0652],[105.9835,22.0678],[105.9887,22.0661],[105.9897,22.0679],[105.9947,22.0707],[105.9953,22.0733],[105.9929,22.0768],[105.9942,22.0798],[105.9995,22.0822],[105.9985,22.087],[105.9998,22.0903],[105.996,22.0904],[105.9938,22.0894],[105.9898,22.0913],[105.9865,22.0917],[105.9826,22.0934],[105.9784,22.0965],[105.972,22.0999],[105.9661,22.0984],[105.9632,22.1022],[105.9565,22.1023],[105.9558,22.1037],[105.9501,22.1039],[105.9514,22.1074],[105.9461,22.113],[105.9436,22.1147],[105.9438,22.1175],[105.9456,22.1201],[105.9445,22.1226],[105.9404,22.126],[105.9345,22.1295],[105.9318,22.1298],[105.9276,22.1249],[105.9247,22.1243],[105.9233,22.1225],[105.9235,22.1186],[105.9257,22.1129],[105.9228,22.1111],[105.9225,22.1057],[105.9212,22.1036],[105.9213,22.1007],[105.9234,22.097],[105.9258,22.0957],[105.9294,22.0921],[105.9308,22.0896],[105.9288,22.0842],[105.9262,22.0807],[105.9222,22.0814],[105.9207,22.084],[105.9173,22.0848],[105.9128,22.084],[105.9104,22.0816],[105.9037,22.0848],[105.9,22.082],[105.8971,22.0751],[105.896,22.0703],[105.8948,22.0686],[105.8908,22.0727],[105.8849,22.0757],[105.8796,22.0697],[105.8754,22.0707],[105.8729,22.0642],[105.8708,22.0623],[105.8672,22.0629],[105.8666,22.0661],[105.863,22.0634],[105.8597,22.0642],[105.8568,22.0711],[105.859,22.0796],[105.8556,22.0831],[105.857,22.0877],[105.8544,22.0898],[105.8415,22.0932],[105.8374,22.092],[105.8353,22.0899],[105.8328,22.0905],[105.8295,22.0873],[105.8233,22.085],[105.8202,22.0832],[105.8221,22.081],[105.8224,22.0787],[105.8255,22.0756],[105.8226,22.0723],[105.8193,22.0711],[105.8203,22.0671],[105.8157,22.0621],[105.8142,22.0545],[105.8127,22.0529],[105.8153,22.0501],[105.816,22.0467],[105.8114,22.0448],[105.8071,22.0365],[105.8061,22.0316],[105.8087,22.0256],[105.8102,22.0245],[105.8123,22.0176],[105.8172,22.0134],[105.8218,22.0115],[105.8222,22.0094],[105.8253,22.0061],[105.8274,22.0065],[105.8345,22.0025],[105.8391,22.0013],[105.8433,22.0012],[105.8447,21.9972],[105.8464,21.9963],[105.8489,21.9912],[105.8519,21.9903],[105.8561,21.9911],[105.8669,21.9905],[105.8715,21.9886],[105.8832,21.987],[105.8856,21.9888],[105.8891,21.989],[105.8908,21.9864],[105.9028,21.9833],[105.9039,21.9874],[105.9054,21.9898],[105.9092,21.9894],[105.913,21.9907],[105.9154,21.9905],[105.9182,21.9933],[105.914,21.9973],[105.9118,22.0008],[105.9165,22.0031],[105.9254,22.0011],[105.9281,22.0022],[105.9329,22.0063],[105.9336,22.0085],[105.9361,22.0092],[105.9359,22.0127],[105.939,22.0156],[105.94,22.0189],[105.9433,22.023],[105.9519,22.0225],[105.9541,22.0263],[105.9578,22.0272],[105.9618,22.0258],[105.9654,22.0286],[105.9672,22.0312]]]},"properties":{"ma_xa":"02104","ten_xa":"Tân Kỳ","sap_nhap":"Tân Sơn, Cao Kỳ, Hòa Mục","tru_so":"đang cập nhật","loai":"Xã","cap":2,"stt":87,"dtich_km2":167.82,"dan_so":7718,"matdo_km2":45.99,"ma_tinh":"19","ten_tinh":"Thái Nguyên"}},
{"type":"Feature","geometry":{"type":"Polygon","coordinates":[[[106.0437,21.5208],[106.0381,21.5217],[106.0371,21.5252],[106.0337,21.5296],[106.0315,21.5313],[106.0288,21.5371],[106.0294,21.5391],[106.0274,21.5411],[106.0288,21.5451],[106.0245,21.5477],[106.0203,21.5517],[106.0179,21.5519],[106.0163,21.5548],[106.0085,21.5577],[106.0041,21.5538],[105.9998,21.5576],[105.9949,21.5584],[105.9904,21.5568],[105.989,21.551],[105.9839,21.5475],[105.9785,21.5471],[105.975,21.5451],[105.9739,21.5423],[105.9762,21.5389],[105.9757,21.5342],[105.9735,21.5336],[105.9741,21.5301],[105.9703,21.5261],[105.9677,21.5261],[105.9636,21.5204],[105.965,21.5181],[105.9695,21.5142],[105.9721,21.5066],[105.9703,21.5047],[105.9664,21.4955],[105.9633,21.4914],[105.9634,21.4894],[105.961,21.4877],[105.961,21.4812],[105.9661,21.4798],[105.9727,21.4807],[105.9747,21.4843],[105.9803,21.4837],[105.9827,21.4858],[105.9848,21.4836],[105.9874,21.4826],[105.9895,21.4781],[105.992,21.4758],[105.991,21.4738],[105.993,21.469],[105.9898,21.4657],[105.9903,21.4623],[105.9958,21.4636],[105.9977,21.4629],[105.9994,21.4601],[105.997,21.4565],[105.9999,21.4529],[106.0039,21.4519],[106.0072,21.4494],[106.0157,21.4479],[106.0166,21.4512],[106.0159,21.4534],[106.019,21.4581],[106.0228,21.4592],[106.0303,21.4649],[106.0327,21.4674],[106.0327,21.4699],[106.0349,21.4731],[106.0409,21.4725],[106.0456,21.4755],[106.0472,21.4781],[106.0476,21.4818],[106.0452,21.4844],[106.0407,21.487],[106.039,21.4897],[106.0395,21.4937],[106.0433,21.4983],[106.0429,21.5011],[106.0458,21.5082],[106.0445,21.5135],[106.042,21.5142],[106.0411,21.5166],[106.0444,21.5181],[106.0437,21.5208]]]},"properties":{"ma_xa":"05923","ten_xa":"Tân Thành","sap_nhap":"Tân Hòa, Tân Kim, Tân Thành","tru_so":"đang cập nhật","loai":"Xã","cap":2,"stt":24,"dtich_km2":69.03,"dan_so":25724,"matdo_km2":372.65,"ma_tinh":"19","ten_tinh":"Thái Nguyên"}},
{"type":"Feature","geometry":{"type":"Polygon","coordinates":[[[105.9456,21.8996],[105.9427,21.8986],[105.9407,21.9005],[105.9375,21.8989],[105.9287,21.8954],[105.9164,21.8958],[105.9126,21.8941],[105.9086,21.8936],[105.9007,21.886],[105.8958,21.8795],[105.8917,21.875],[105.8889,21.8701],[105.888,21.8664],[105.8854,21.863],[105.883,21.8621],[105.8829,21.8582],[105.8814,21.8572],[105.8769,21.8571],[105.8715,21.856],[105.8684,21.859],[105.8632,21.8607],[105.8625,21.8589],[105.8643,21.8514],[105.8631,21.8498],[105.8645,21.8484],[105.8628,21.8457],[105.8632,21.8429],[105.8611,21.839],[105.8589,21.8388],[105.8545,21.8354],[105.8553,21.8302],[105.8568,21.8266],[105.8563,21.8248],[105.8564,21.8175],[105.8541,21.8177],[105.8514,21.8163],[105.8486,21.8132],[105.8486,21.8073],[105.8524,21.804],[105.8538,21.8011],[105.8533,21.7988],[105.8553,21.7957],[105.8588,21.7941],[105.8591,21.7903],[105.8576,21.7889],[105.8578,21.7857],[105.8594,21.7816],[105.8644,21.7815],[105.8682,21.7789],[105.8735,21.7772],[105.8784,21.7773],[105.8828,21.7735],[105.8878,21.7709],[105.8925,21.7716],[105.8949,21.7728],[105.8992,21.7718],[105.9057,21.7738],[105.9075,21.775],[105.9121,21.7745],[105.9161,21.7761],[105.9193,21.7753],[105.9247,21.776],[105.9269,21.7773],[105.9298,21.7763],[105.9354,21.7777],[105.9389,21.7823],[105.9422,21.7801],[105.9482,21.7825],[105.9566,21.7869],[105.9601,21.7864],[105.9627,21.7896],[105.9656,21.79],[105.9714,21.7929],[105.9727,21.7967],[105.9783,21.8016],[105.9832,21.8032],[105.9926,21.8095],[105.9958,21.8123],[106.001,21.8092],[106.0039,21.8135],[106.0056,21.8195],[106.0053,21.8226],[106.0071,21.8259],[106.0112,21.826],[106.0157,21.8291],[106.0149,21.8327],[106.0107,21.8371],[106.0101,21.8407],[106.0072,21.8444],[106.0091,21.8484],[106.0133,21.8515],[106.0016,21.8557],[105.9956,21.8566],[105.9933,21.8583],[105.99,21.8579],[105.9891,21.8564],[105.9842,21.8528],[105.9799,21.8521],[105.9777,21.8526],[105.9681,21.8523],[105.9656,21.8492],[105.9608,21.8477],[105.9585,21.8461],[105.9524,21.8468],[105.95,21.8482],[105.9446,21.8538],[105.944,21.8604],[105.9518,21.8662],[105.9499,21.872],[105.9534,21.8783],[105.9521,21.8862],[105.9501,21.8919],[105.9456,21.8996]]]},"properties":{"ma_xa":"05725","ten_xa":"Thần Sa","sap_nhap":"Thượng Nung, Thần Xa","tru_so":"đang cập nhật","loai":"Xã","cap":2,"stt":52,"dtich_km2":146.08,"dan_so":6010,"matdo_km2":41.14,"ma_tinh":"19","ten_tinh":"Thái Nguyên"}},
{"type":"Feature","geometry":{"type":"Polygon","coordinates":[[[105.8278,21.4183],[105.8272,21.4165],[105.8241,21.4146],[105.8205,21.4162],[105.8176,21.4125],[105.8139,21.4127],[105.8123,21.4148],[105.803,21.416],[105.798,21.4155],[105.7951,21.42],[105.7918,21.4199],[105.7902,21.4243],[105.7857,21.4245],[105.7825,21.4237],[105.7801,21.4208],[105.7779,21.4214],[105.7763,21.4197],[105.7708,21.4225],[105.7675,21.4266],[105.7612,21.4298],[105.7546,21.4247],[105.7522,21.425],[105.7506,21.4288],[105.7485,21.4301],[105.7438,21.4254],[105.7406,21.4232],[105.7338,21.4204],[105.7309,21.4174],[105.7265,21.4157],[105.721,21.4162],[105.7222,21.4138],[105.7261,21.4116],[105.7292,21.4093],[105.7334,21.41],[105.7361,21.4114],[105.7396,21.4148],[105.7454,21.4162],[105.7497,21.416],[105.7559,21.4105],[105.7557,21.4092],[105.763,21.4014],[105.7636,21.3967],[105.7659,21.3896],[105.7634,21.3874],[105.7619,21.3828],[105.7597,21.3785],[105.7687,21.3748],[105.7698,21.3709],[105.7729,21.3697],[105.7748,21.3676],[105.774,21.3653],[105.7754,21.3611],[105.7802,21.3597],[105.7847,21.3596],[105.7858,21.3611],[105.7869,21.367],[105.7858,21.3705],[105.7897,21.3733],[105.7894,21.3761],[105.7926,21.3796],[105.7947,21.3797],[105.7994,21.383],[105.8009,21.3854],[105.8048,21.3824],[105.8082,21.3828],[105.8133,21.3809],[105.8166,21.382],[105.8202,21.3795],[105.831,21.3746],[105.8351,21.3734],[105.8362,21.3753],[105.8396,21.3774],[105.8446,21.377],[105.8488,21.3778],[105.8522,21.3791],[105.8503,21.3819],[105.8501,21.3871],[105.8508,21.3906],[105.8534,21.3941],[105.8528,21.3962],[105.8494,21.3952],[105.8434,21.3956],[105.842,21.3978],[105.8395,21.3966],[105.8373,21.3972],[105.8336,21.402],[105.8327,21.4043],[105.8343,21.4081],[105.83,21.4112],[105.8289,21.4176],[105.8278,21.4183]]]},"properties":{"ma_xa":"05881","ten_xa":"Thành Công","sap_nhap":"Vạn Phái, Thành Công","tru_so":"đang cập nhật","loai":"Xã","cap":2,"stt":22,"dtich_km2":43.45,"dan_so":28281,"matdo_km2":650.89,"ma_tinh":"19","ten_tinh":"Thái Nguyên"}},
{"type":"Feature","geometry":{"type":"Polygon","coordinates":[[[105.798,22.1007],[105.7922,22.1006],[105.7891,22.0991],[105.7821,22.0987],[105.7791,22.0979],[105.7767,22.1004],[105.7735,22.1018],[105.7714,22.1009],[105.768,22.1021],[105.7649,22.1007],[105.7579,22.1001],[105.7575,22.0968],[105.7526,22.0972],[105.7501,22.0995],[105.7469,22.0973],[105.7406,22.0961],[105.7375,22.0923],[105.7331,22.0935],[105.7301,22.0966],[105.7267,22.0967],[105.7244,22.0995],[105.72,22.0983],[105.7157,22.0996],[105.7129,22.0986],[105.7098,22.0992],[105.7077,22.101],[105.7047,22.1005],[105.7012,22.0939],[105.7016,22.0907],[105.6971,22.0874],[105.696,22.0845],[105.6937,22.0825],[105.695,22.0757],[105.693,22.0737],[105.6936,22.0677],[105.696,22.0665],[105.6984,22.0633],[105.6983,22.0595],[105.7008,22.0563],[105.6997,22.0518],[105.6947,22.0479],[105.6963,22.043],[105.6964,22.0359],[105.6972,22.0311],[105.7051,22.0256],[105.7079,22.0226],[105.7137,22.0216],[105.7166,22.0221],[105.7207,22.0244],[105.7232,22.0247],[105.7313,22.0154],[105.7357,22.0161],[105.7372,22.0186],[105.7397,22.0187],[105.7452,22.0166],[105.747,22.0133],[105.75,22.014],[105.7537,22.0129],[105.7566,22.0105],[105.7605,22.0119],[105.7628,22.0094],[105.7653,22.0106],[105.7714,22.007],[105.7748,22.0059],[105.7785,22.0101],[105.7805,22.009],[105.7843,22.0101],[105.7901,22.0058],[105.7915,22.003],[105.7949,22.0019],[105.7967,21.9993],[105.8026,21.9993],[105.8057,22.0009],[105.806,22.005],[105.8111,22.0069],[105.8112,22.0099],[105.8148,22.0131],[105.8172,22.0134],[105.8123,22.0176],[105.8102,22.0245],[105.8087,22.0256],[105.8061,22.0316],[105.8071,22.0365],[105.8114,22.0448],[105.816,22.0467],[105.8153,22.0501],[105.8127,22.0529],[105.8142,22.0545],[105.8157,22.0621],[105.8203,22.0671],[105.8193,22.0711],[105.8226,22.0723],[105.8255,22.0756],[105.8224,22.0787],[105.8221,22.081],[105.8202,22.0832],[105.8233,22.085],[105.821,22.086],[105.82,22.089],[105.8167,22.0908],[105.8162,22.0927],[105.8137,22.0945],[105.8114,22.0923],[105.8066,22.0952],[105.8011,22.0965],[105.801,22.098],[105.798,22.1007]]]},"properties":{"ma_xa":"02101","ten_xa":"Thanh Mai","sap_nhap":"Thanh Vận, Mai Lạp, Thanh Mai","tru_so":"đang cập nhật","loai":"Xã","cap":2,"stt":88,"dtich_km2":111.08,"dan_so":7406,"matdo_km2":66.67,"ma_tinh":"19","ten_tinh":"Thái Nguyên"}},
{"type":"Feature","geometry":{"type":"Polygon","coordinates":[[[105.7452,22.0085],[105.7478,22.0086],[105.7504,22.0061],[105.751,22.0037],[105.7513,22.0032],[105.7532,22.0014],[105.7536,22.001],[105.7541,22.0004],[105.7552,21.9963],[105.7571,21.9941],[105.7609,21.9919],[105.7614,21.9916],[105.7617,21.9914],[105.7622,21.9913],[105.7642,21.9874],[105.7634,21.9844],[105.7634,21.9841],[105.7638,21.9809],[105.7608,21.9753],[105.7603,21.9722],[105.7612,21.9676],[105.763,21.9664],[105.7656,21.9619],[105.7678,21.9603],[105.7688,21.9575],[105.7719,21.9543],[105.7754,21.9528],[105.7743,21.9487],[105.776,21.9456],[105.7761,21.9421],[105.7744,21.9386],[105.7779,21.9332],[105.7786,21.9321],[105.7877,21.9322],[105.7876,21.9293],[105.7859,21.9256],[105.7872,21.9227],[105.7865,21.9203],[105.7844,21.9189],[105.7843,21.9144],[105.7865,21.912],[105.7898,21.9101],[105.7928,21.9097],[105.7974,21.9017],[105.7996,21.9008],[105.8027,21.902],[105.8033,21.9044],[105.8076,21.9085],[105.808,21.9124],[105.8117,21.9151],[105.8161,21.9125],[105.8229,21.9121],[105.8283,21.9089],[105.8343,21.9082],[105.837,21.9112],[105.8414,21.9127],[105.8416,21.9171],[105.8435,21.9213],[105.8424,21.9239],[105.8436,21.9283],[105.8467,21.9293],[105.8478,21.9385],[105.8504,21.9418],[105.8506,21.9441],[105.8491,21.9484],[105.8547,21.9487],[105.8608,21.9448],[105.8621,21.9425],[105.87,21.9422],[105.8746,21.9398],[105.8807,21.939],[105.8824,21.937],[105.8861,21.942],[105.8937,21.9453],[105.8936,21.9522],[105.8901,21.9535],[105.8895,21.9576],[105.8881,21.9607],[105.8914,21.9627],[105.8938,21.9657],[105.8977,21.9681],[105.8974,21.97],[105.9006,21.9738],[105.8988,21.9779],[105.8964,21.978],[105.8933,21.9797],[105.8908,21.9864],[105.8891,21.989],[105.8856,21.9888],[105.8832,21.987],[105.8715,21.9886],[105.8669,21.9905],[105.8561,21.9911],[105.8519,21.9903],[105.8489,21.9912],[105.8464,21.9963],[105.8447,21.9972],[105.8433,22.0012],[105.8391,22.0013],[105.8345,22.0025],[105.8274,22.0065],[105.8253,22.0061],[105.8222,22.0094],[105.8218,22.0115],[105.8172,22.0134],[105.8148,22.0131],[105.8112,22.0099],[105.8111,22.0069],[105.806,22.005],[105.8057,22.0009],[105.8026,21.9993],[105.7967,21.9993],[105.7949,22.0019],[105.7915,22.003],[105.7901,22.0058],[105.7843,22.0101],[105.7805,22.009],[105.7785,22.0101],[105.7748,22.0059],[105.7714,22.007],[105.7653,22.0106],[105.7628,22.0094],[105.7605,22.0119],[105.7566,22.0105],[105.7537,22.0129],[105.75,22.014],[105.747,22.0133],[105.7452,22.0085]]]},"properties":{"ma_xa":"02107","ten_xa":"Thanh Thịnh","sap_nhap":"Nông Hạ, Thanh Thịnh","tru_so":"đang cập nhật","loai":"Xã","cap":2,"stt":89,"dtich_km2":112.31,"dan_so":8802,"matdo_km2":78.37,"ma_tinh":"19","ten_tinh":"Thái Nguyên"}},
{"type":"Feature","geometry":{"type":"Polygon","coordinates":[[[105.8543,22.3898],[105.8501,22.3926],[105.8491,22.396],[105.8492,22.4001],[105.848,22.4027],[105.8433,22.4033],[105.8405,22.4046],[105.8396,22.4082],[105.8317,22.4054],[105.8305,22.4029],[105.8257,22.3998],[105.8206,22.3989],[105.8159,22.3971],[105.8122,22.4008],[105.8119,22.4033],[105.8091,22.4057],[105.8051,22.4068],[105.7996,22.4054],[105.7963,22.4092],[105.797,22.4149],[105.789,22.4203],[105.7881,22.4219],[105.7823,22.4199],[105.7812,22.4184],[105.7744,22.4171],[105.7687,22.4071],[105.7647,22.4072],[105.7619,22.3999],[105.7582,22.3979],[105.759,22.3931],[105.7566,22.3888],[105.75,22.3866],[105.747,22.3871],[105.7434,22.3855],[105.7408,22.3827],[105.7378,22.3822],[105.733,22.3782],[105.7326,22.3758],[105.7341,22.3727],[105.738,22.371],[105.7391,22.3689],[105.7429,22.3652],[105.7466,22.3641],[105.7468,22.3613],[105.7546,22.3556],[105.7571,22.3558],[105.7568,22.3482],[105.7611,22.3462],[105.7661,22.3447],[105.7673,22.3414],[105.7688,22.3408],[105.7718,22.3355],[105.7715,22.3262],[105.7754,22.3253],[105.7766,22.3198],[105.7788,22.3143],[105.781,22.3108],[105.7838,22.3098],[105.7854,22.3073],[105.7853,22.3036],[105.7871,22.3015],[105.7859,22.2985],[105.7885,22.2896],[105.7875,22.2873],[105.7924,22.2866],[105.7985,22.2875],[105.8022,22.2889],[105.8094,22.2885],[105.8139,22.2932],[105.8196,22.2944],[105.8209,22.2969],[105.824,22.2976],[105.8258,22.3015],[105.829,22.3049],[105.8317,22.3064],[105.8353,22.3057],[105.8379,22.3077],[105.8436,22.3061],[105.8494,22.307],[105.8521,22.3059],[105.856,22.3061],[105.8618,22.3055],[105.8647,22.3066],[105.8705,22.3072],[105.8733,22.3068],[105.8764,22.3108],[105.8765,22.3165],[105.8873,22.3177],[105.8892,22.3216],[105.888,22.3278],[105.8856,22.3321],[105.884,22.3367],[105.882,22.3394],[105.8779,22.3422],[105.8765,22.3465],[105.8749,22.3481],[105.8723,22.3478],[105.8645,22.3519],[105.8616,22.359],[105.8597,22.3613],[105.8523,22.3627],[105.8511,22.3644],[105.8563,22.3721],[105.8596,22.3751],[105.8595,22.3807],[105.8583,22.3846],[105.8543,22.3898]]]},"properties":{"ma_xa":"01921","ten_xa":"Thượng Minh","sap_nhap":"Yến Dương, Chu Hương, Mỹ Phương","tru_so":"đang cập nhật","loai":"Xã","cap":2,"stt":61,"dtich_km2":131.64,"dan_so":11030,"matdo_km2":83.79,"ma_tinh":"19","ten_tinh":"Thái Nguyên"}},
{"type":"Feature","geometry":{"type":"Polygon","coordinates":[[[106.0994,22.4294],[106.0955,22.4286],[106.0926,22.4296],[106.0875,22.4297],[106.0801,22.427],[106.0771,22.4273],[106.0753,22.4256],[106.0722,22.4292],[106.0708,22.433],[106.0683,22.4335],[106.0647,22.4323],[106.0622,22.4283],[106.0574,22.4264],[106.0526,22.4296],[106.0409,22.4308],[106.0383,22.4277],[106.0385,22.4261],[106.0358,22.4226],[106.0354,22.4207],[106.0323,22.4155],[106.0283,22.4156],[106.0249,22.4121],[106.021,22.4111],[106.0188,22.4127],[106.0134,22.4125],[106.0063,22.4094],[106.0019,22.4055],[105.9982,22.4031],[105.9956,22.4025],[105.9924,22.399],[105.9897,22.3996],[105.988,22.3984],[105.9821,22.398],[105.9772,22.4005],[105.9708,22.402],[105.9641,22.4018],[105.9579,22.4047],[105.9541,22.4035],[105.9543,22.4018],[105.9518,22.3995],[105.9513,22.3967],[105.9533,22.3945],[105.9525,22.3885],[105.954,22.3871],[105.9538,22.3825],[105.9571,22.3813],[105.9581,22.3787],[105.9577,22.3759],[105.9522,22.371],[105.9495,22.3673],[105.9471,22.3664],[105.9493,22.3644],[105.9545,22.3663],[105.9612,22.3663],[105.9654,22.3632],[105.9662,22.361],[105.9698,22.3585],[105.975,22.3564],[105.9767,22.3524],[105.9827,22.3492],[105.9931,22.3479],[105.9955,22.3497],[106.0024,22.3507],[106.0105,22.3544],[106.0123,22.3528],[106.0195,22.3575],[106.023,22.354],[106.0239,22.3508],[106.0279,22.3479],[106.0312,22.3489],[106.0386,22.3456],[106.0424,22.3446],[106.0462,22.3465],[106.0477,22.3461],[106.0527,22.3395],[106.0537,22.3396],[106.0608,22.3362],[106.0656,22.3372],[106.0673,22.3336],[106.0698,22.3315],[106.0713,22.3283],[106.0749,22.3262],[106.0757,22.3226],[106.0861,22.322],[106.0912,22.3232],[106.0929,22.3216],[106.0975,22.3227],[106.1051,22.318],[106.1055,22.3203],[106.1128,22.3212],[106.1177,22.3274],[106.119,22.3313],[106.1189,22.3342],[106.1169,22.3376],[106.1176,22.3424],[106.1215,22.3454],[106.123,22.3453],[106.1291,22.3484],[106.1324,22.3553],[106.1376,22.3578],[106.1417,22.3591],[106.1415,22.3608],[106.1438,22.3647],[106.1458,22.365],[106.1519,22.3698],[106.1566,22.3713],[106.1608,22.3767],[106.1612,22.3815],[106.1586,22.3832],[106.1568,22.3876],[106.1522,22.3906],[106.154,22.3931],[106.1547,22.3962],[106.1531,22.3981],[106.148,22.4012],[106.1449,22.399],[106.1414,22.395],[106.1396,22.3943],[106.1344,22.3953],[106.1318,22.3993],[106.1276,22.4001],[106.1225,22.3994],[106.1219,22.4021],[106.1163,22.4019],[106.1125,22.3987],[106.1059,22.401],[106.1063,22.404],[106.1056,22.4092],[106.0992,22.4137],[106.1012,22.4179],[106.1022,22.4226],[106.1015,22.4263],[106.0994,22.4294]]]},"properties":{"ma_xa":"01957","ten_xa":"Thượng Quan","sap_nhap":"Thượng Quan","tru_so":"đang cập nhật","loai":"Xã","cap":2,"stt":92,"dtich_km2":154.86,"dan_so":3753,"matdo_km2":24.23,"ma_tinh":"19","ten_tinh":"Thái Nguyên"}},
{"type":"Feature","geometry":{"type":"Polygon","coordinates":[[[105.8907,21.5349],[105.8886,21.5335],[105.8837,21.5354],[105.8814,21.5331],[105.8694,21.5475],[105.8631,21.5536],[105.8563,21.5567],[105.8544,21.5636],[105.8525,21.5666],[105.8498,21.5674],[105.844,21.5648],[105.8376,21.5689],[105.8352,21.5741],[105.8329,21.5769],[105.8299,21.5757],[105.8286,21.5718],[105.8253,21.5685],[105.8253,21.567],[105.8256,21.5626],[105.8217,21.5583],[105.8192,21.5521],[105.8244,21.5499],[105.8267,21.5474],[105.8291,21.547],[105.8304,21.5414],[105.826,21.5392],[105.826,21.536],[105.8239,21.5296],[105.8323,21.53],[105.8332,21.5291],[105.8375,21.5296],[105.8398,21.5286],[105.8421,21.5246],[105.8453,21.5241],[105.8495,21.5216],[105.8515,21.5233],[105.8539,21.5218],[105.8564,21.5238],[105.8623,21.5213],[105.8675,21.525],[105.8687,21.5212],[105.8718,21.5221],[105.8746,21.5244],[105.8756,21.5217],[105.8794,21.5211],[105.88,21.5187],[105.8843,21.5193],[105.8861,21.5273],[105.8899,21.5305],[105.8915,21.5337],[105.8907,21.5349]]]},"properties":{"ma_xa":"05500","ten_xa":"Tích Lương","sap_nhap":"Trung Thành (thành phố Thái Nguyên), Phú Xá, Tân Thành, Tân Lập, Tích Lương, Cam Giá (1 phần)","tru_so":"đang cập nhật","loai":"Phường","cap":2,"stt":3,"dtich_km2":23.56,"dan_so":55278,"matdo_km2":2346.26,"ma_tinh":"19","ten_tinh":"Thái Nguyên"}},
{"type":"Feature","geometry":{"type":"Polygon","coordinates":[[[106.0741,21.6132],[106.0717,21.6148],[106.0667,21.6153],[106.064,21.6177],[106.0608,21.6176],[106.0557,21.6206],[106.0515,21.6238],[106.0495,21.6296],[106.0518,21.6321],[106.0459,21.6378],[106.0423,21.6425],[106.0382,21.6427],[106.0315,21.6448],[106.0298,21.6436],[106.0276,21.6389],[106.0265,21.6347],[106.0271,21.632],[106.025,21.6316],[106.0174,21.6324],[106.0126,21.6346],[106.0077,21.636],[106.0047,21.6352],[106.0046,21.6336],[106.001,21.6307],[105.9984,21.6254],[105.9943,21.6224],[105.9906,21.616],[105.9907,21.6142],[105.9877,21.6101],[105.9901,21.6064],[105.9883,21.6025],[105.9843,21.6043],[105.981,21.6038],[105.9769,21.5992],[105.9771,21.5976],[105.9745,21.5946],[105.9752,21.5918],[105.9729,21.5892],[105.967,21.5894],[105.9648,21.5923],[105.9602,21.594],[105.9572,21.5941],[105.9528,21.5976],[105.9531,21.6023],[105.9472,21.6011],[105.9419,21.6006],[105.9421,21.5982],[105.9366,21.5997],[105.9354,21.5949],[105.9367,21.5933],[105.9352,21.5911],[105.9355,21.5847],[105.9355,21.5812],[105.9386,21.5774],[105.9384,21.5742],[105.9401,21.5658],[105.9429,21.5647],[105.9445,21.5669],[105.9472,21.5673],[105.9515,21.5637],[105.9546,21.5642],[105.9552,21.5672],[105.957,21.5679],[105.9574,21.5713],[105.9618,21.5717],[105.9668,21.5687],[105.9677,21.5646],[105.9695,21.5649],[105.9709,21.5623],[105.9743,21.5614],[105.9775,21.5623],[105.9828,21.5611],[105.985,21.5624],[105.9877,21.5618],[105.9921,21.5628],[105.9949,21.5609],[105.9949,21.5584],[105.9998,21.5576],[106.0041,21.5538],[106.0085,21.5577],[106.0163,21.5548],[106.0179,21.5519],[106.0203,21.5517],[106.0245,21.5477],[106.0288,21.5451],[106.0274,21.5411],[106.0294,21.5391],[106.0288,21.5371],[106.0315,21.5313],[106.0337,21.5296],[106.0371,21.5252],[106.0381,21.5217],[106.0437,21.5208],[106.0453,21.5237],[106.0474,21.5308],[106.049,21.5334],[106.0509,21.5337],[106.0531,21.5381],[106.0517,21.5404],[106.0528,21.5429],[106.0509,21.5452],[106.054,21.5494],[106.053,21.5514],[106.0495,21.5546],[106.05,21.5556],[106.0445,21.5601],[106.0375,21.5613],[106.035,21.5601],[106.0304,21.562],[106.0335,21.5642],[106.0319,21.5666],[106.0336,21.5681],[106.033,21.5713],[106.0415,21.5756],[106.046,21.5804],[106.049,21.5817],[106.0513,21.588],[106.0517,21.5913],[106.0556,21.5981],[106.0569,21.6033],[106.0602,21.6046],[106.0656,21.6056],[106.0679,21.605],[106.0691,21.6084],[106.0743,21.6113],[106.0741,21.6132]]]},"properties":{"ma_xa":"05662","ten_xa":"Trại Cau","sap_nhap":"Trại Cau (thị trấn), Hợp Tiến","tru_so":"đang cập nhật","loai":"Xã","cap":2,"stt":30,"dtich_km2":82.85,"dan_so":17327,"matdo_km2":209.14,"ma_tinh":"19","ten_tinh":"Thái Nguyên"}},
{"type":"Feature","geometry":{"type":"Polygon","coordinates":[[[106.1913,22.1438],[106.1888,22.1457],[106.1864,22.1554],[106.1847,22.157],[106.1851,22.1611],[106.1823,22.1642],[106.1807,22.1684],[106.1777,22.169],[106.1726,22.1728],[106.167,22.1738],[106.1668,22.1791],[106.1634,22.1832],[106.1612,22.1808],[106.1586,22.1812],[106.1553,22.1783],[106.1536,22.1751],[106.1517,22.1748],[106.1492,22.1809],[106.1461,22.1812],[106.1446,22.1842],[106.1442,22.1897],[106.1467,22.1914],[106.1442,22.1947],[106.1444,22.2004],[106.1377,22.2019],[106.1363,22.2037],[106.1292,22.208],[106.1248,22.2122],[106.1196,22.211],[106.1124,22.2106],[106.111,22.212],[106.1057,22.2088],[106.1027,22.2045],[106.0943,22.1985],[106.0929,22.1965],[106.0938,22.1932],[106.0906,22.1938],[106.0863,22.189],[106.0825,22.1818],[106.0753,22.1735],[106.0728,22.1671],[106.0646,22.1709],[106.0625,22.1689],[106.0606,22.1697],[106.0577,22.1674],[106.0568,22.1638],[106.0524,22.1609],[106.051,22.1588],[106.0508,22.155],[106.0462,22.1508],[106.0491,22.1458],[106.0504,22.1453],[106.0514,22.1414],[106.0584,22.1381],[106.0608,22.1355],[106.0606,22.1336],[106.0637,22.1304],[106.0644,22.1273],[106.0635,22.1233],[106.0669,22.1162],[106.0648,22.112],[106.0621,22.1092],[106.0598,22.1084],[106.0562,22.1051],[106.0579,22.1017],[106.056,22.0979],[106.0577,22.0962],[106.0584,22.0903],[106.0561,22.0882],[106.055,22.0844],[106.0584,22.082],[106.0651,22.0831],[106.0681,22.0865],[106.0711,22.0876],[106.0733,22.0866],[106.0805,22.0859],[106.0845,22.0874],[106.0882,22.0875],[106.0904,22.0864],[106.0944,22.0866],[106.0948,22.0883],[106.1039,22.0882],[106.1078,22.0865],[106.1089,22.0838],[106.1078,22.0765],[106.1094,22.0746],[106.1144,22.0729],[106.1179,22.0773],[106.119,22.0827],[106.123,22.0857],[106.1276,22.0853],[106.1345,22.0868],[106.1366,22.0855],[106.1399,22.0864],[106.1423,22.0822],[106.1458,22.0817],[106.1572,22.0818],[106.1599,22.0905],[106.1613,22.0921],[106.1607,22.0964],[106.163,22.1033],[106.1682,22.1063],[106.1682,22.1106],[106.1724,22.1129],[106.1763,22.1103],[106.1767,22.1128],[106.1801,22.1157],[106.1857,22.1173],[106.1863,22.1207],[106.1848,22.1258],[106.1808,22.1284],[106.1829,22.1315],[106.1855,22.1323],[106.1883,22.1348],[106.1896,22.1379],[106.189,22.1402],[106.1913,22.1438]]]},"properties":{"ma_xa":"02176","ten_xa":"Trần Phú","sap_nhap":"Văn Minh, Cư Lễ, Trần Phú","tru_so":"đang cập nhật","loai":"Xã","cap":2,"stt":84,"dtich_km2":145.29,"dan_so":7049,"matdo_km2":48.52,"ma_tinh":"19","ten_tinh":"Thái Nguyên"}},
{"type":"Feature","geometry":{"type":"Polygon","coordinates":[[[106.148,21.7127],[106.1383,21.7179],[106.1329,21.7228],[106.1276,21.7283],[106.1248,21.7286],[106.1225,21.7304],[106.1184,21.7316],[106.1142,21.7343],[106.111,21.7351],[106.1036,21.7327],[106.0941,21.7333],[106.0923,21.7362],[106.089,21.7358],[106.0832,21.7332],[106.0813,21.7317],[106.0761,21.7373],[106.0746,21.7371],[106.0701,21.7398],[106.0668,21.7441],[106.0623,21.7394],[106.0604,21.7404],[106.0536,21.7357],[106.0431,21.73],[106.0388,21.7313],[106.0325,21.7313],[106.0282,21.7286],[106.0277,21.7262],[106.008,21.7251],[106.001,21.7219],[106.0007,21.7196],[105.9981,21.7178],[105.9942,21.7193],[105.9926,21.7167],[105.9871,21.7119],[105.9841,21.7122],[105.9811,21.7098],[105.9839,21.7072],[105.9908,21.7061],[105.9925,21.7066],[105.9969,21.6995],[105.9986,21.6908],[106.0001,21.6878],[105.9989,21.683],[105.9995,21.6791],[106.0072,21.6787],[106.0116,21.6772],[106.0129,21.6755],[106.0159,21.6751],[106.0185,21.6731],[106.0192,21.6695],[106.0258,21.6682],[106.0275,21.6621],[106.0303,21.6587],[106.0294,21.6569],[106.0297,21.6513],[106.0323,21.6481],[106.0315,21.6448],[106.0382,21.6427],[106.0423,21.6425],[106.0459,21.6378],[106.0518,21.6321],[106.0495,21.6296],[106.0515,21.6238],[106.0557,21.6206],[106.0608,21.6176],[106.064,21.6177],[106.0667,21.6153],[106.0717,21.6148],[106.0741,21.6132],[106.0787,21.6186],[106.0824,21.6201],[106.0859,21.6204],[106.0921,21.6235],[106.0919,21.6264],[106.0894,21.6298],[106.0894,21.6331],[106.0927,21.6379],[106.091,21.6429],[106.0869,21.6456],[106.0864,21.6485],[106.0816,21.6499],[106.0783,21.6516],[106.0756,21.6548],[106.0792,21.6578],[106.0807,21.6574],[106.086,21.6602],[106.0908,21.6611],[106.0944,21.6585],[106.1007,21.6589],[106.1049,21.6562],[106.1097,21.6645],[106.111,21.6723],[106.1127,21.6734],[106.112,21.6762],[106.105,21.6784],[106.1025,21.6786],[106.1033,21.6816],[106.1094,21.6845],[106.1089,21.6883],[106.106,21.6916],[106.106,21.6954],[106.1084,21.6977],[106.1141,21.6971],[106.1182,21.7028],[106.1171,21.7062],[106.1193,21.7099],[106.1219,21.7096],[106.126,21.7058],[106.1309,21.7063],[106.1371,21.7031],[106.1406,21.7049],[106.1467,21.7035],[106.1506,21.7049],[106.151,21.7072],[106.1479,21.7098],[106.148,21.7127]]]},"properties":{"ma_xa":"05746","ten_xa":"Tràng Xá","sap_nhap":"Liên Minh, Tràng Xá","tru_so":"đang cập nhật","loai":"Xã","cap":2,"stt":54,"dtich_km2":119.18,"dan_so":14609,"matdo_km2":122.58,"ma_tinh":"19","ten_tinh":"Thái Nguyên"}},
{"type":"Feature","geometry":{"type":"Polygon","coordinates":[[[105.6364,21.8876],[105.6297,21.888],[105.6273,21.8903],[105.6251,21.8854],[105.6211,21.8791],[105.6172,21.8755],[105.6153,21.8756],[105.6141,21.8727],[105.6179,21.8681],[105.6161,21.8656],[105.6173,21.8593],[105.6198,21.8568],[105.6205,21.8518],[105.6177,21.8494],[105.6194,21.8479],[105.6221,21.8484],[105.6234,21.8444],[105.6253,21.8427],[105.6271,21.8377],[105.6229,21.8352],[105.6185,21.8356],[105.6166,21.8342],[105.6161,21.8299],[105.6173,21.8278],[105.615,21.8227],[105.6096,21.8245],[105.6081,21.8233],[105.603,21.8245],[105.6023,21.8207],[105.5997,21.819],[105.5994,21.8166],[105.603,21.8146],[105.6025,21.8121],[105.6047,21.8114],[105.6059,21.808],[105.6028,21.8084],[105.5994,21.8056],[105.5987,21.803],[105.5945,21.8026],[105.5934,21.7999],[105.5898,21.7982],[105.591,21.7935],[105.5904,21.7911],[105.5953,21.7872],[105.5996,21.7867],[105.6044,21.7875],[105.6076,21.7853],[105.6066,21.7811],[105.6013,21.7783],[105.5996,21.7749],[105.597,21.7736],[105.5967,21.7705],[105.5981,21.7668],[105.6069,21.7661],[105.6129,21.769],[105.6149,21.7693],[105.6158,21.7719],[105.6218,21.7734],[105.6246,21.7725],[105.6236,21.7744],[105.6261,21.781],[105.6265,21.7872],[105.6286,21.7923],[105.6336,21.7924],[105.6342,21.7938],[105.6374,21.7946],[105.6359,21.797],[105.6392,21.8016],[105.643,21.8041],[105.6463,21.803],[105.648,21.8066],[105.6569,21.8069],[105.6575,21.8051],[105.6615,21.8018],[105.6633,21.7986],[105.6653,21.7972],[105.6689,21.7964],[105.6707,21.7975],[105.6749,21.7993],[105.6763,21.8011],[105.6746,21.8097],[105.6777,21.81],[105.6792,21.8141],[105.6831,21.8191],[105.6844,21.8193],[105.6845,21.8246],[105.6813,21.8294],[105.6783,21.8301],[105.6766,21.8329],[105.6734,21.8329],[105.6674,21.8303],[105.663,21.8338],[105.6625,21.8367],[105.6588,21.8382],[105.6553,21.8414],[105.6566,21.8448],[105.6557,21.8505],[105.6521,21.8496],[105.6496,21.8511],[105.6458,21.8504],[105.6453,21.8561],[105.6422,21.8581],[105.6432,21.8622],[105.6387,21.8644],[105.6365,21.8668],[105.6407,21.8728],[105.639,21.8775],[105.6341,21.8793],[105.6369,21.8831],[105.6352,21.8853],[105.6364,21.8876]]]},"properties":{"ma_xa":"05581","ten_xa":"Trung Hội","sap_nhap":"Phú Tiến, Bộc Nhiêu, Trung Hội","tru_so":"đang cập nhật","loai":"Xã","cap":2,"stt":43,"dtich_km2":54.21,"dan_so":13863,"matdo_km2":255.73,"ma_tinh":"19","ten_tinh":"Thái Nguyên"}},
{"type":"Feature","geometry":{"type":"Polygon","coordinates":[[[105.9138,21.3751],[105.9136,21.3788],[105.911,21.38],[105.9101,21.383],[105.9074,21.3866],[105.9043,21.3862],[105.904,21.3883],[105.9016,21.3898],[105.8975,21.3907],[105.8963,21.3928],[105.8938,21.3912],[105.8925,21.3849],[105.8901,21.3842],[105.8881,21.382],[105.8876,21.3791],[105.8832,21.3783],[105.8817,21.3755],[105.8732,21.3749],[105.8698,21.3731],[105.8688,21.3751],[105.8644,21.3773],[105.8589,21.3809],[105.8579,21.378],[105.8551,21.3779],[105.8522,21.3791],[105.8488,21.3778],[105.8504,21.376],[105.8535,21.3754],[105.8565,21.376],[105.8583,21.3748],[105.8581,21.3686],[105.8556,21.3676],[105.8534,21.3625],[105.8537,21.3594],[105.8518,21.3576],[105.852,21.3553],[105.8541,21.3537],[105.8526,21.3509],[105.8527,21.3486],[105.8565,21.346],[105.8558,21.3426],[105.8577,21.3392],[105.8596,21.3379],[105.8629,21.3378],[105.8656,21.3337],[105.8666,21.3285],[105.8681,21.3271],[105.8714,21.3297],[105.8744,21.3282],[105.8825,21.3276],[105.8893,21.3258],[105.8924,21.3261],[105.8871,21.3289],[105.8851,21.3331],[105.8813,21.3363],[105.8815,21.3385],[105.8863,21.3454],[105.8888,21.346],[105.8926,21.3437],[105.8984,21.3432],[105.9042,21.3453],[105.9081,21.3496],[105.9078,21.3521],[105.9042,21.3522],[105.8988,21.3496],[105.8957,21.3508],[105.8961,21.353],[105.9006,21.3563],[105.9052,21.3644],[105.906,21.3674],[105.909,21.374],[105.912,21.3758],[105.9138,21.3751]]]},"properties":{"ma_xa":"05899","ten_xa":"Trung Thành","sap_nhap":"Trung Thành (thành phố Phổ Yên), Đông Cao, Tân Phú, Thuận Thành","tru_so":"đang cập nhật","loai":"Phường","cap":2,"stt":20,"dtich_km2":25.84,"dan_so":37075,"matdo_km2":1434.79,"ma_tinh":"19","ten_tinh":"Thái Nguyên"}},
{"type":"Feature","geometry":{"type":"Polygon","coordinates":[[[105.9811,21.7098],[105.975,21.7104],[105.9717,21.7088],[105.9682,21.7082],[105.9586,21.7088],[105.9489,21.7048],[105.9413,21.7025],[105.9352,21.7019],[105.9361,21.6974],[105.9336,21.6954],[105.9314,21.6957],[105.9186,21.6937],[105.9149,21.6946],[105.9126,21.693],[105.9087,21.6931],[105.9044,21.6915],[105.9007,21.6909],[105.8946,21.6936],[105.8895,21.6927],[105.8897,21.6905],[105.8868,21.689],[105.8866,21.6867],[105.8833,21.6881],[105.8823,21.6829],[105.8845,21.6812],[105.8843,21.6771],[105.883,21.6744],[105.8796,21.677],[105.8768,21.6778],[105.8756,21.6749],[105.871,21.6713],[105.8683,21.6731],[105.8668,21.6758],[105.8642,21.6766],[105.861,21.6754],[105.8586,21.6672],[105.8635,21.6669],[105.8654,21.6631],[105.8614,21.6601],[105.8586,21.6618],[105.8557,21.6573],[105.8533,21.6559],[105.8544,21.6535],[105.8574,21.6523],[105.856,21.6496],[105.8589,21.6484],[105.8595,21.6448],[105.8625,21.6429],[105.8599,21.6407],[105.8574,21.6414],[105.8569,21.6353],[105.8587,21.6367],[105.8624,21.6358],[105.8643,21.6327],[105.8692,21.6332],[105.8731,21.6319],[105.8748,21.6301],[105.8788,21.6299],[105.8828,21.6286],[105.8892,21.6308],[105.8941,21.6262],[105.8996,21.6261],[105.9036,21.6243],[105.9034,21.6283],[105.9056,21.6311],[105.9086,21.6307],[105.9119,21.6285],[105.9156,21.6307],[105.9208,21.6267],[105.9217,21.6222],[105.9251,21.6229],[105.9292,21.6215],[105.9323,21.6189],[105.935,21.6202],[105.9392,21.6273],[105.9425,21.628],[105.9481,21.6276],[105.9488,21.6253],[105.9529,21.621],[105.9576,21.6233],[105.9616,21.6283],[105.9643,21.6294],[105.9697,21.6391],[105.9691,21.644],[105.9724,21.6446],[105.9744,21.6463],[105.9775,21.6462],[105.9766,21.6519],[105.979,21.6545],[105.9771,21.6603],[105.9787,21.6631],[105.9778,21.6672],[105.9798,21.6672],[105.9839,21.6697],[105.9892,21.674],[105.9901,21.6759],[105.9953,21.6788],[105.9995,21.6791],[105.9989,21.683],[106.0001,21.6878],[105.9986,21.6908],[105.9969,21.6995],[105.9925,21.7066],[105.9908,21.7061],[105.9839,21.7072],[105.9811,21.7098]]]},"properties":{"ma_xa":"05680","ten_xa":"Văn Hán","sap_nhap":"Khe Mo, Văn Hán","tru_so":"đang cập nhật","loai":"Xã","cap":2,"stt":32,"dtich_km2":96.26,"dan_so":19935,"matdo_km2":207.1,"ma_tinh":"19","ten_tinh":"Thái Nguyên"}},
{"type":"Feature","geometry":{"type":"Polygon","coordinates":[[[106.1128,22.3212],[106.1055,22.3203],[106.1051,22.318],[106.0975,22.3227],[106.0929,22.3216],[106.0912,22.3232],[106.0861,22.322],[106.0757,22.3226],[106.0735,22.3204],[106.071,22.3208],[106.0689,22.3192],[106.0666,22.3151],[106.0623,22.3138],[106.0616,22.3123],[106.0568,22.3104],[106.0514,22.3105],[106.048,22.3132],[106.0448,22.3135],[106.0418,22.3156],[106.0396,22.3145],[106.0353,22.3151],[106.0337,22.3128],[106.0301,22.3112],[106.0256,22.3111],[106.0198,22.312],[106.0153,22.3104],[106.0102,22.305],[106.0055,22.3041],[106.0028,22.3047],[105.9959,22.3029],[105.994,22.3005],[105.9854,22.3009],[105.9821,22.3026],[105.9799,22.3016],[105.9765,22.3024],[105.9743,22.2995],[105.9718,22.2948],[105.9731,22.2918],[105.9785,22.2862],[105.9792,22.2837],[105.9829,22.2817],[105.9833,22.2757],[105.9886,22.2687],[105.9873,22.2639],[105.983,22.2556],[105.9802,22.252],[105.9851,22.2478],[105.988,22.2471],[105.9907,22.2452],[105.9915,22.2432],[105.9945,22.2416],[105.9946,22.2379],[105.9969,22.2374],[106.0033,22.2324],[106.0056,22.2324],[106.009,22.2368],[106.014,22.2372],[106.0173,22.2335],[106.0197,22.2336],[106.0214,22.2303],[106.0254,22.2303],[106.0269,22.2271],[106.0302,22.2246],[106.0356,22.2232],[106.0402,22.2183],[106.0434,22.2162],[106.0459,22.2129],[106.0484,22.2118],[106.048,22.2083],[106.0459,22.2083],[106.0394,22.1975],[106.034,22.1964],[106.0313,22.1946],[106.0275,22.1905],[106.0233,22.1908],[106.0212,22.1887],[106.0145,22.1851],[106.0115,22.1779],[106.0191,22.1772],[106.0205,22.1763],[106.0274,22.1753],[106.0297,22.1779],[106.0327,22.1777],[106.0376,22.1792],[106.0392,22.1825],[106.0432,22.1817],[106.0471,22.1826],[106.0536,22.1884],[106.0575,22.1852],[106.0616,22.1849],[106.0607,22.1815],[106.0614,22.178],[106.0637,22.1745],[106.0646,22.1709],[106.0728,22.1671],[106.0753,22.1735],[106.0825,22.1818],[106.0863,22.189],[106.0906,22.1938],[106.0938,22.1932],[106.0929,22.1965],[106.0927,22.2022],[106.0936,22.2038],[106.0926,22.2087],[106.0947,22.2132],[106.0985,22.2168],[106.0993,22.2193],[106.1044,22.2238],[106.1059,22.2266],[106.1082,22.2285],[106.1081,22.2311],[106.1098,22.2356],[106.1114,22.2355],[106.1154,22.2383],[106.1222,22.246],[106.1243,22.2499],[106.1311,22.2495],[106.1361,22.2462],[106.1383,22.244],[106.1427,22.2455],[106.144,22.2515],[106.1461,22.2531],[106.1462,22.2552],[106.1492,22.2589],[106.1525,22.2595],[106.1492,22.2622],[106.1476,22.2668],[106.1453,22.2678],[106.1435,22.2703],[106.1324,22.2721],[106.1261,22.2759],[106.1217,22.2769],[106.1243,22.2797],[106.1244,22.2855],[106.1294,22.288],[106.1291,22.2904],[106.1313,22.2932],[106.1313,22.298],[106.1293,22.301],[106.1259,22.3005],[106.1241,22.2985],[106.1169,22.3048],[106.1147,22.3058],[106.1128,22.3085],[106.1122,22.3126],[106.1131,22.3152],[106.1128,22.3212]]]},"properties":{"ma_xa":"02143","ten_xa":"Văn Lang","sap_nhap":"Kim Hỷ, Lương Thượng, Văn Lang","tru_so":"đang cập nhật","loai":"Xã","cap":2,"stt":81,"dtich_km2":171.59,"dan_so":7558,"matdo_km2":44.05,"ma_tinh":"19","ten_tinh":"Thái Nguyên"}},
{"type":"Feature","geometry":{"type":"Polygon","coordinates":[[[105.8784,21.7773],[105.8735,21.7772],[105.8682,21.7789],[105.8644,21.7815],[105.8594,21.7816],[105.8578,21.7857],[105.8576,21.7889],[105.8591,21.7903],[105.8588,21.7941],[105.8553,21.7957],[105.8533,21.7988],[105.8538,21.8011],[105.8524,21.804],[105.8486,21.8073],[105.8486,21.8132],[105.8514,21.8163],[105.8541,21.8177],[105.8564,21.8175],[105.8563,21.8248],[105.8568,21.8266],[105.8553,21.8302],[105.8545,21.8354],[105.8589,21.8388],[105.8611,21.839],[105.8632,21.8429],[105.8628,21.8457],[105.8645,21.8484],[105.8631,21.8498],[105.8604,21.846],[105.855,21.8456],[105.8524,21.8441],[105.8482,21.844],[105.8426,21.8452],[105.8386,21.8452],[105.8352,21.8461],[105.8222,21.8468],[105.8157,21.8447],[105.8122,21.8426],[105.8069,21.8352],[105.8051,21.8343],[105.804,21.8278],[105.8014,21.8225],[105.8038,21.8192],[105.803,21.8141],[105.8012,21.8123],[105.8002,21.809],[105.8007,21.8066],[105.7993,21.8051],[105.7948,21.7997],[105.7978,21.7942],[105.7981,21.7896],[105.7929,21.7825],[105.7896,21.7754],[105.7912,21.7725],[105.8,21.7687],[105.8032,21.7624],[105.8007,21.7619],[105.797,21.7578],[105.7971,21.7564],[105.7903,21.7525],[105.7927,21.7515],[105.8002,21.7512],[105.8015,21.7492],[105.8082,21.7438],[105.8096,21.7391],[105.8085,21.7362],[105.8113,21.7336],[105.8126,21.7346],[105.8172,21.7334],[105.8219,21.7276],[105.8218,21.7244],[105.8232,21.7233],[105.8222,21.7196],[105.817,21.7159],[105.8151,21.7104],[105.8138,21.7064],[105.8173,21.7049],[105.8217,21.705],[105.8236,21.7073],[105.8252,21.7148],[105.8247,21.7176],[105.8297,21.7219],[105.8301,21.7249],[105.8339,21.7286],[105.8384,21.7314],[105.8443,21.7338],[105.8468,21.7335],[105.8503,21.736],[105.8509,21.7407],[105.8527,21.7474],[105.8529,21.7515],[105.8565,21.7547],[105.8612,21.7563],[105.8658,21.7551],[105.8646,21.7601],[105.8658,21.7614],[105.8676,21.768],[105.8695,21.7706],[105.874,21.7737],[105.8776,21.7753],[105.8784,21.7773]]]},"properties":{"ma_xa":"5665","ten_xa":"Văn Lăng","sap_nhap":"Hòa Bình, Văn Lăng","tru_so":"đang cập nhật","loai":"Xã","cap":2,"stt":33,"dtich_km2":75.27,"dan_so":9503,"matdo_km2":126.25,"ma_tinh":"19","ten_tinh":"Thái Nguyên"}},
{"type":"Feature","geometry":{"type":"Polygon","coordinates":[[[105.6686,21.5466],[105.6667,21.5503],[105.67,21.5615],[105.6718,21.5631],[105.6711,21.5684],[105.6726,21.5706],[105.681,21.5737],[105.683,21.5729],[105.6894,21.575],[105.6918,21.5741],[105.6961,21.5748],[105.7021,21.5769],[105.6895,21.5831],[105.6779,21.59],[105.6724,21.5831],[105.6692,21.5809],[105.6639,21.5811],[105.6586,21.5824],[105.6581,21.5793],[105.6561,21.5783],[105.652,21.5787],[105.6496,21.5812],[105.6456,21.5827],[105.6461,21.5846],[105.6397,21.5842],[105.6361,21.583],[105.6277,21.582],[105.6273,21.5804],[105.6235,21.5798],[105.6188,21.5822],[105.6152,21.582],[105.6087,21.5771],[105.6064,21.5769],[105.6076,21.5717],[105.6113,21.5713],[105.6125,21.5685],[105.6112,21.5634],[105.6074,21.5595],[105.6067,21.5575],[105.6034,21.5569],[105.601,21.5545],[105.5998,21.5464],[105.6005,21.5439],[105.5969,21.5337],[105.5999,21.5323],[105.6039,21.5291],[105.6074,21.5227],[105.6068,21.5171],[105.6115,21.5127],[105.6115,21.506],[105.6165,21.5037],[105.6179,21.4996],[105.6194,21.499],[105.6219,21.5011],[105.6248,21.5017],[105.6269,21.5004],[105.6318,21.5013],[105.6318,21.5039],[105.6337,21.5051],[105.6339,21.5078],[105.637,21.515],[105.6466,21.5211],[105.6474,21.5232],[105.6519,21.5255],[105.6552,21.5296],[105.657,21.5298],[105.6577,21.5333],[105.6601,21.5357],[105.6601,21.5395],[105.6645,21.5446],[105.6686,21.5466]]]},"properties":{"ma_xa":"05845","ten_xa":"Vạn Phú","sap_nhap":"Văn Yên, Vạn Phú","tru_so":"đang cập nhật","loai":"Xã","cap":2,"stt":16,"dtich_km2":51.2,"dan_so":22062,"matdo_km2":430.9,"ma_tinh":"19","ten_tinh":"Thái Nguyên"}},
{"type":"Feature","geometry":{"type":"Polygon","coordinates":[[[105.9112,21.4332],[105.9047,21.4336],[105.9047,21.4313],[105.8889,21.4311],[105.8895,21.4252],[105.886,21.4242],[105.8822,21.4179],[105.8799,21.4214],[105.8777,21.4228],[105.8769,21.4086],[105.8761,21.4073],[105.8682,21.4093],[105.8646,21.4096],[105.8622,21.4064],[105.8569,21.4081],[105.8513,21.4084],[105.8489,21.405],[105.8537,21.4016],[105.854,21.3991],[105.8528,21.3962],[105.8534,21.3941],[105.8508,21.3906],[105.8501,21.3871],[105.8503,21.3819],[105.8522,21.3791],[105.8551,21.3779],[105.8579,21.378],[105.8589,21.3809],[105.8644,21.3773],[105.8688,21.3751],[105.8698,21.3731],[105.8732,21.3749],[105.8817,21.3755],[105.8832,21.3783],[105.8876,21.3791],[105.8881,21.382],[105.8901,21.3842],[105.8925,21.3849],[105.8938,21.3912],[105.8963,21.3928],[105.8975,21.3907],[105.9016,21.3898],[105.904,21.3883],[105.9043,21.3862],[105.9074,21.3866],[105.9101,21.383],[105.911,21.38],[105.9136,21.3788],[105.9138,21.3751],[105.9169,21.3726],[105.923,21.3747],[105.9263,21.3737],[105.936,21.3718],[105.9408,21.3737],[105.9436,21.379],[105.9441,21.3849],[105.9451,21.3896],[105.9443,21.3926],[105.9425,21.3939],[105.9409,21.399],[105.9377,21.4011],[105.936,21.4009],[105.9317,21.4057],[105.9297,21.411],[105.9279,21.4129],[105.9217,21.4137],[105.9196,21.4147],[105.9172,21.4135],[105.9135,21.4193],[105.9146,21.4207],[105.9127,21.4256],[105.9102,21.4285],[105.9112,21.4332]]]},"properties":{"ma_xa":"05890","ten_xa":"Vạn Xuân","sap_nhap":"Nam Tiến, Đồng Tiến, Tân Hương, Tiên Phong","tru_so":"đang cập nhật","loai":"Phường","cap":2,"stt":19,"dtich_km2":40.2,"dan_so":61610,"matdo_km2":1532.59,"ma_tinh":"19","ten_tinh":"Thái Nguyên"}},
{"type":"Feature","geometry":{"type":"Polygon","coordinates":[[[105.9718,22.2948],[105.97,22.294],[105.9675,22.2898],[105.9651,22.2904],[105.9619,22.2872],[105.9596,22.2876],[105.9561,22.2925],[105.9519,22.2944],[105.9487,22.2941],[105.9465,22.2958],[105.944,22.2953],[105.9405,22.2969],[105.9369,22.3006],[105.9324,22.2983],[105.9291,22.2935],[105.9314,22.287],[105.9253,22.2845],[105.9205,22.2864],[105.917,22.2892],[105.9146,22.2886],[105.9164,22.2848],[105.9129,22.2833],[105.9139,22.281],[105.9127,22.2784],[105.914,22.2771],[105.9154,22.2715],[105.9143,22.268],[105.9155,22.2632],[105.9151,22.258],[105.9139,22.255],[105.9146,22.2524],[105.9216,22.2403],[105.921,22.2381],[105.9216,22.2329],[105.9234,22.2293],[105.9277,22.2257],[105.9261,22.2236],[105.9274,22.219],[105.9267,22.2103],[105.9361,22.2083],[105.9396,22.2101],[105.943,22.2099],[105.9454,22.2116],[105.9487,22.2106],[105.9481,22.2072],[105.9489,22.2053],[105.9478,22.2009],[105.9449,22.1981],[105.9434,22.191],[105.9379,22.1797],[105.938,22.1763],[105.9358,22.1701],[105.9332,22.1676],[105.9369,22.1668],[105.9389,22.1645],[105.9358,22.1625],[105.9361,22.1603],[105.939,22.1598],[105.9421,22.1572],[105.945,22.1512],[105.9451,22.1486],[105.9467,22.147],[105.9484,22.1414],[105.9485,22.1375],[105.9519,22.1373],[105.9545,22.1347],[105.9573,22.1347],[105.9633,22.1314],[105.9628,22.14],[105.9695,22.1421],[105.9703,22.1459],[105.9736,22.1484],[105.9755,22.1525],[105.9729,22.1564],[105.9747,22.1601],[105.9766,22.1615],[105.9794,22.1685],[105.9827,22.1675],[105.9852,22.1635],[105.9886,22.1598],[105.9943,22.1585],[105.9969,22.1566],[106,22.1582],[106.0085,22.1607],[106.0097,22.162],[106.0091,22.166],[106.0117,22.1693],[106.0124,22.1752],[106.0115,22.1779],[106.0145,22.1851],[106.0212,22.1887],[106.0233,22.1908],[106.0275,22.1905],[106.0313,22.1946],[106.034,22.1964],[106.0394,22.1975],[106.0459,22.2083],[106.048,22.2083],[106.0484,22.2118],[106.0459,22.2129],[106.0434,22.2162],[106.0402,22.2183],[106.0356,22.2232],[106.0302,22.2246],[106.0269,22.2271],[106.0254,22.2303],[106.0214,22.2303],[106.0197,22.2336],[106.0173,22.2335],[106.014,22.2372],[106.009,22.2368],[106.0056,22.2324],[106.0033,22.2324],[105.9969,22.2374],[105.9946,22.2379],[105.9945,22.2416],[105.9915,22.2432],[105.9907,22.2452],[105.988,22.2471],[105.9851,22.2478],[105.9802,22.252],[105.983,22.2556],[105.9873,22.2639],[105.9886,22.2687],[105.9833,22.2757],[105.9829,22.2817],[105.9792,22.2837],[105.9785,22.2862],[105.9731,22.2918],[105.9718,22.2948]]]},"properties":{"ma_xa":"01981","ten_xa":"Vĩnh Thông","sap_nhap":"Sỹ Bình, Vũ Muộn, Cao Sơn","tru_so":"đang cập nhật","loai":"Xã","cap":2,"stt":76,"dtich_km2":129.55,"dan_so":4631,"matdo_km2":35.75,"ma_tinh":"19","ten_tinh":"Thái Nguyên"}},
{"type":"Feature","geometry":{"type":"Polygon","coordinates":[[[106.0981,21.813],[106.0938,21.8132],[106.0868,21.8121],[106.0855,21.8108],[106.0781,21.8067],[106.077,21.8045],[106.0807,21.7995],[106.0784,21.7936],[106.0765,21.7934],[106.0746,21.7909],[106.0715,21.7892],[106.0678,21.785],[106.0598,21.7817],[106.0546,21.7763],[106.0481,21.7673],[106.0445,21.7636],[106.0373,21.7627],[106.0282,21.7638],[106.0202,21.7636],[106.0147,21.7644],[106.0121,21.7631],[106.0097,21.764],[106.0054,21.763],[106.0006,21.7552],[105.9962,21.7513],[105.9934,21.7475],[105.9909,21.7476],[105.9868,21.7448],[105.9837,21.7471],[105.9774,21.7452],[105.9712,21.7388],[105.9692,21.7376],[105.9733,21.7315],[105.9735,21.7257],[105.9752,21.7222],[105.9736,21.7205],[105.9757,21.7148],[105.975,21.7104],[105.9811,21.7098],[105.9841,21.7122],[105.9871,21.7119],[105.9926,21.7167],[105.9942,21.7193],[105.9981,21.7178],[106.0007,21.7196],[106.001,21.7219],[106.008,21.7251],[106.0277,21.7262],[106.0282,21.7286],[106.0325,21.7313],[106.0388,21.7313],[106.0431,21.73],[106.0536,21.7357],[106.0604,21.7404],[106.0623,21.7394],[106.0668,21.7441],[106.0701,21.7398],[106.0746,21.7371],[106.0761,21.7373],[106.0813,21.7317],[106.0832,21.7332],[106.089,21.7358],[106.0923,21.7362],[106.0941,21.7333],[106.1036,21.7327],[106.111,21.7351],[106.1142,21.7343],[106.1184,21.7316],[106.1225,21.7304],[106.1248,21.7286],[106.1276,21.7283],[106.1329,21.7228],[106.1383,21.7179],[106.148,21.7127],[106.1507,21.7181],[106.149,21.7206],[106.1481,21.7242],[106.1491,21.73],[106.1509,21.7335],[106.1537,21.7358],[106.1569,21.737],[106.1555,21.7409],[106.1557,21.7447],[106.1584,21.7466],[106.157,21.7504],[106.1602,21.7552],[106.1578,21.7586],[106.1549,21.761],[106.1497,21.761],[106.1484,21.7651],[106.1487,21.7671],[106.1459,21.7691],[106.144,21.774],[106.1394,21.7779],[106.1376,21.7827],[106.1379,21.7847],[106.1331,21.7855],[106.1277,21.783],[106.1214,21.7835],[106.1195,21.7813],[106.1159,21.7824],[106.1135,21.7815],[106.1114,21.7873],[106.1065,21.7904],[106.1063,21.7996],[106.1077,21.8031],[106.1061,21.8041],[106.1031,21.8088],[106.0981,21.813]]]},"properties":{"ma_xa":"05716","ten_xa":"Võ Nhai","sap_nhap":"Đình Cả (thị trấn), Phú Thượng, Lâu Thượng","tru_so":"đang cập nhật","loai":"Xã","cap":2,"stt":49,"dtich_km2":99.78,"dan_so":17509,"matdo_km2":175.48,"ma_tinh":"19","ten_tinh":"Thái Nguyên"}},
{"type":"Feature","geometry":{"type":"Polygon","coordinates":[[[105.8151,21.7104],[105.817,21.7159],[105.8222,21.7196],[105.8232,21.7233],[105.8218,21.7244],[105.8219,21.7276],[105.8172,21.7334],[105.8126,21.7346],[105.8113,21.7336],[105.8085,21.7362],[105.8096,21.7391],[105.8082,21.7438],[105.8015,21.7492],[105.8002,21.7512],[105.7927,21.7515],[105.7903,21.7525],[105.7971,21.7564],[105.797,21.7578],[105.8007,21.7619],[105.8032,21.7624],[105.8,21.7687],[105.7912,21.7725],[105.7896,21.7754],[105.7879,21.7791],[105.781,21.7776],[105.7773,21.7723],[105.7738,21.7698],[105.7714,21.7698],[105.7682,21.7651],[105.7668,21.765],[105.7654,21.7609],[105.7624,21.759],[105.7574,21.7588],[105.7573,21.7568],[105.7547,21.7561],[105.7539,21.7518],[105.7576,21.7496],[105.7565,21.7472],[105.7568,21.7415],[105.7552,21.7404],[105.7553,21.7368],[105.7538,21.7339],[105.751,21.7322],[105.7484,21.733],[105.7448,21.7277],[105.7425,21.7264],[105.7412,21.7236],[105.7413,21.7199],[105.7354,21.7179],[105.7323,21.7162],[105.7343,21.7131],[105.7346,21.707],[105.739,21.7044],[105.7372,21.6997],[105.7391,21.6967],[105.7385,21.6925],[105.7415,21.6899],[105.7383,21.687],[105.7381,21.6838],[105.7394,21.6816],[105.7376,21.6801],[105.7397,21.6769],[105.7422,21.6755],[105.7437,21.6716],[105.7418,21.6696],[105.7353,21.6653],[105.7351,21.664],[105.731,21.663],[105.7336,21.6595],[105.7306,21.6564],[105.7329,21.6509],[105.7409,21.6476],[105.7434,21.6425],[105.7421,21.6399],[105.7443,21.6391],[105.7444,21.6351],[105.7478,21.6318],[105.7505,21.6343],[105.7551,21.6322],[105.7567,21.6276],[105.7591,21.6266],[105.7607,21.623],[105.7637,21.6239],[105.7648,21.6265],[105.7678,21.6267],[105.7697,21.63],[105.7726,21.6324],[105.768,21.6344],[105.7687,21.6368],[105.7726,21.6396],[105.7763,21.6457],[105.7784,21.6452],[105.7782,21.6495],[105.7745,21.652],[105.7776,21.6567],[105.7748,21.6579],[105.7794,21.6637],[105.7839,21.6648],[105.7854,21.6672],[105.7912,21.6664],[105.7917,21.6699],[105.7937,21.6731],[105.7922,21.6787],[105.7935,21.6849],[105.7868,21.6926],[105.7876,21.6956],[105.7909,21.6962],[105.7949,21.7018],[105.7986,21.7048],[105.8015,21.7048],[105.8072,21.7087],[105.8151,21.7104]]]},"properties":{"ma_xa":"05641","ten_xa":"Vô Tranh","sap_nhap":"Tức Tranh, Cổ Lũng, Phú Đô, Vô Tranh","tru_so":"đang cập nhật","loai":"Xã","cap":2,"stt":38,"dtich_km2":83.53,"dan_so":38253,"matdo_km2":457.96,"ma_tinh":"19","ten_tinh":"Thái Nguyên"}},
{"type":"Feature","geometry":{"type":"Polygon","coordinates":[[[106.1012,22.0404],[106.0739,22.0498],[106.0717,22.0483],[106.0596,22.0459],[106.0573,22.043],[106.0524,22.0419],[106.0463,22.0418],[106.0438,22.0433],[106.0395,22.0429],[106.0334,22.0503],[106.0294,22.0496],[106.0155,22.0512],[106.0141,22.049],[106.0093,22.0497],[106.0031,22.0532],[106.0011,22.0529],[105.9979,22.0456],[105.9959,22.0444],[105.9923,22.0454],[105.9877,22.0412],[105.9848,22.0358],[105.9832,22.037],[105.9738,22.0366],[105.9699,22.0356],[105.9672,22.0312],[105.9654,22.0286],[105.9618,22.0258],[105.9578,22.0272],[105.9541,22.0263],[105.9519,22.0225],[105.9433,22.023],[105.94,22.0189],[105.939,22.0156],[105.9359,22.0127],[105.9361,22.0092],[105.9372,22.0032],[105.9341,21.9999],[105.9306,21.9942],[105.9276,21.9911],[105.9276,21.9876],[105.9316,21.9873],[105.933,21.9847],[105.9358,21.9844],[105.938,21.9825],[105.9383,21.9795],[105.9422,21.9786],[105.9465,21.9805],[105.9511,21.9778],[105.9534,21.9798],[105.9587,21.9796],[105.9603,21.9805],[105.9673,21.9802],[105.9686,21.9788],[105.9728,21.9812],[105.9767,21.9755],[105.9804,21.9732],[105.9821,21.9708],[105.9853,21.9682],[105.9886,21.9673],[105.9899,21.9632],[105.9923,21.9612],[105.9938,21.9584],[105.9968,21.9569],[106.0003,21.9599],[106.0047,21.9617],[106.0077,21.9605],[106.0117,21.961],[106.0143,21.9623],[106.0154,21.9652],[106.0203,21.9674],[106.0229,21.9695],[106.0258,21.9637],[106.0279,21.9674],[106.0308,21.9678],[106.0331,21.9643],[106.0417,21.9621],[106.0428,21.9601],[106.046,21.9597],[106.052,21.9504],[106.053,21.9437],[106.0583,21.9428],[106.0603,21.9413],[106.0633,21.9417],[106.0693,21.9427],[106.0716,21.9409],[106.0753,21.9407],[106.0804,21.9427],[106.0836,21.9426],[106.0864,21.9408],[106.0919,21.9395],[106.0952,21.9415],[106.0979,21.9384],[106.1027,21.9403],[106.1082,21.9453],[106.111,21.9463],[106.1127,21.9497],[106.1109,21.9519],[106.1036,21.9533],[106.0992,21.9508],[106.098,21.9538],[106.0988,21.9592],[106.1008,21.9604],[106.1047,21.9606],[106.1054,21.9623],[106.1129,21.9635],[106.1123,21.9655],[106.1145,21.9676],[106.1145,21.9708],[106.1131,21.9757],[106.1155,21.978],[106.1132,21.9834],[106.114,21.9863],[106.1127,21.989],[106.1146,21.9912],[106.1134,21.9949],[106.1104,21.9967],[106.1095,22.0058],[106.1107,22.007],[106.1103,22.0121],[106.1114,22.0127],[106.1086,22.0214],[106.1054,22.0234],[106.1023,22.0277],[106.0969,22.0301],[106.096,22.0363],[106.0986,22.0374],[106.1012,22.0404]]]},"properties":{"ma_xa":"02191","ten_xa":"Xuân Dương","sap_nhap":"Đổng Xá, Liêm Thủy, Xuân Dương","tru_so":"đang cập nhật","loai":"Xã","cap":2,"stt":86,"dtich_km2":160.15,"dan_so":7012,"matdo_km2":43.78,"ma_tinh":"19","ten_tinh":"Thái Nguyên"}},
{"type":"Feature","geometry":{"type":"Polygon","coordinates":[[[106.0258,21.9637],[106.0229,21.9695],[106.0203,21.9674],[106.0154,21.9652],[106.0143,21.9623],[106.0117,21.961],[106.0077,21.9605],[106.0047,21.9617],[106.0003,21.9599],[105.9968,21.9569],[105.9938,21.9584],[105.9923,21.9612],[105.9899,21.9632],[105.9886,21.9673],[105.9853,21.9682],[105.9821,21.9708],[105.9804,21.9732],[105.9767,21.9755],[105.9728,21.9812],[105.9686,21.9788],[105.9673,21.9802],[105.9603,21.9805],[105.9587,21.9796],[105.9534,21.9798],[105.9511,21.9778],[105.9465,21.9805],[105.9422,21.9786],[105.9383,21.9795],[105.938,21.9825],[105.9358,21.9844],[105.933,21.9847],[105.9316,21.9873],[105.9276,21.9876],[105.9276,21.9911],[105.9306,21.9942],[105.9341,21.9999],[105.9372,22.0032],[105.9361,22.0092],[105.9336,22.0085],[105.9329,22.0063],[105.9281,22.0022],[105.9254,22.0011],[105.9165,22.0031],[105.9118,22.0008],[105.914,21.9973],[105.9182,21.9933],[105.9154,21.9905],[105.913,21.9907],[105.9092,21.9894],[105.9054,21.9898],[105.9039,21.9874],[105.9028,21.9833],[105.8908,21.9864],[105.8933,21.9797],[105.8964,21.978],[105.8988,21.9779],[105.9006,21.9738],[105.8974,21.97],[105.8977,21.9681],[105.8938,21.9657],[105.8914,21.9627],[105.8881,21.9607],[105.8895,21.9576],[105.8901,21.9535],[105.8936,21.9522],[105.8937,21.9453],[105.8861,21.942],[105.8824,21.937],[105.8831,21.9343],[105.8809,21.9319],[105.8806,21.9239],[105.8758,21.9216],[105.8751,21.9151],[105.8797,21.9097],[105.8724,21.9087],[105.8696,21.9065],[105.8683,21.9029],[105.8697,21.898],[105.8769,21.8982],[105.8832,21.8965],[105.8845,21.8941],[105.8923,21.8948],[105.8934,21.8962],[105.9086,21.8936],[105.9126,21.8941],[105.9164,21.8958],[105.9287,21.8954],[105.9375,21.8989],[105.9407,21.9005],[105.9427,21.8986],[105.9456,21.8996],[105.9469,21.9027],[105.951,21.9069],[105.9589,21.9107],[105.9591,21.9136],[105.9607,21.919],[105.9601,21.9205],[105.9626,21.9229],[105.9696,21.9235],[105.9709,21.9246],[105.9694,21.9275],[105.9701,21.9351],[105.9718,21.9377],[105.9745,21.9393],[105.977,21.9393],[105.9806,21.9362],[105.9867,21.9361],[105.99,21.9351],[105.993,21.9331],[105.9949,21.9297],[106.0007,21.931],[106.0034,21.9352],[106.0125,21.9376],[106.0197,21.9484],[106.0184,21.95],[106.0191,21.954],[106.0227,21.9574],[106.0229,21.9604],[106.0258,21.9637]]]},"properties":{"ma_xa":"02116","ten_xa":"Yên Bình","sap_nhap":"Yên Cư, Bình Văn, Yên Hân","tru_so":"đang cập nhật","loai":"Xã","cap":2,"stt":63,"dtich_km2":100.71,"dan_so":7036,"matdo_km2":69.86,"ma_tinh":"19","ten_tinh":"Thái Nguyên"}},
{"type":"Feature","geometry":{"type":"Polygon","coordinates":[[[105.6405,22.1599],[105.6338,22.1603],[105.629,22.1563],[105.6254,22.1581],[105.621,22.1574],[105.6177,22.1544],[105.6124,22.1519],[105.6093,22.1481],[105.6103,22.1464],[105.6106,22.1425],[105.6126,22.1401],[105.6107,22.1379],[105.6106,22.1341],[105.6069,22.1306],[105.6063,22.1287],[105.6091,22.1264],[105.6137,22.1204],[105.6076,22.1152],[105.6054,22.1153],[105.6038,22.1132],[105.5999,22.1109],[105.5999,22.1091],[105.6021,22.1054],[105.6016,22.104],[105.6041,22.0982],[105.6024,22.0968],[105.5975,22.0957],[105.5937,22.0956],[105.5915,22.0925],[105.5861,22.0909],[105.5856,22.0962],[105.5822,22.0969],[105.581,22.0882],[105.5798,22.0851],[105.5766,22.0851],[105.5745,22.0821],[105.5708,22.072],[105.5712,22.0695],[105.5729,22.0663],[105.5747,22.0667],[105.5766,22.0632],[105.5789,22.0551],[105.5776,22.0502],[105.5775,22.0431],[105.5786,22.0407],[105.5782,22.0375],[105.5806,22.0347],[105.583,22.0301],[105.587,22.0274],[105.5886,22.0241],[105.592,22.0221],[105.5947,22.0226],[105.5964,22.0195],[105.5932,22.0169],[105.5939,22.0116],[105.5904,22.0086],[105.5927,22.0077],[105.5968,22.0087],[105.6011,22.011],[105.6018,22.0141],[105.6045,22.0124],[105.6049,22.0122],[105.6069,22.0118],[105.6072,22.0115],[105.6109,22.0119],[105.6129,22.0136],[105.6165,22.0125],[105.6208,22.0185],[105.6238,22.0174],[105.6313,22.0168],[105.636,22.018],[105.6387,22.0252],[105.6408,22.0267],[105.6462,22.0248],[105.6507,22.0254],[105.6533,22.0249],[105.6584,22.0296],[105.6601,22.0295],[105.6607,22.0332],[105.6632,22.036],[105.6637,22.0399],[105.6684,22.0437],[105.6685,22.0475],[105.6727,22.0479],[105.6778,22.045],[105.6816,22.0446],[105.6842,22.0424],[105.6927,22.0393],[105.6964,22.0359],[105.6963,22.043],[105.6947,22.0479],[105.6997,22.0518],[105.7008,22.0563],[105.6983,22.0595],[105.6984,22.0633],[105.696,22.0665],[105.6936,22.0677],[105.693,22.0737],[105.695,22.0757],[105.6937,22.0825],[105.696,22.0845],[105.6933,22.0896],[105.6876,22.0901],[105.6848,22.0894],[105.6825,22.0911],[105.679,22.091],[105.6765,22.089],[105.6732,22.0891],[105.6689,22.0904],[105.6635,22.0896],[105.6622,22.0907],[105.6604,22.0958],[105.6586,22.0956],[105.6571,22.0981],[105.6543,22.0989],[105.6517,22.1028],[105.6533,22.1058],[105.652,22.1077],[105.6518,22.1122],[105.6506,22.1163],[105.647,22.1184],[105.6418,22.1194],[105.6403,22.1217],[105.635,22.121],[105.6326,22.1266],[105.6339,22.1291],[105.6342,22.1355],[105.6364,22.1367],[105.6381,22.1407],[105.6407,22.1428],[105.6405,22.1469],[105.642,22.1496],[105.6401,22.1526],[105.6405,22.1599]]]},"properties":{"ma_xa":"02083","ten_xa":"Yên Phong","sap_nhap":"Đại Sảo, Yên Mỹ, Yên Phong","tru_so":"đang cập nhật","loai":"Xã","cap":2,"stt":72,"dtich_km2":115.98,"dan_so":7379,"matdo_km2":63.62,"ma_tinh":"19","ten_tinh":"Thái Nguyên"}},
{"type":"Feature","geometry":{"type":"Polygon","coordinates":[[[105.5496,22.2682],[105.5503,22.2709],[105.5493,22.2733],[105.5508,22.2783],[105.5473,22.2844],[105.5465,22.2881],[105.5491,22.2904],[105.5485,22.2935],[105.549,22.2983],[105.5438,22.2999],[105.54,22.2983],[105.5378,22.299],[105.5343,22.2965],[105.53,22.2946],[105.5272,22.2908],[105.5241,22.2896],[105.5221,22.2906],[105.5181,22.2878],[105.5147,22.2892],[105.5091,22.2884],[105.5046,22.2887],[105.5024,22.2907],[105.5014,22.2948],[105.4958,22.2947],[105.4915,22.2934],[105.4881,22.2932],[105.4817,22.2898],[105.4803,22.2882],[105.4735,22.2868],[105.4721,22.2856],[105.4668,22.2845],[105.4612,22.2844],[105.4601,22.2836],[105.461,22.2814],[105.4653,22.2796],[105.4723,22.2748],[105.4676,22.2684],[105.4651,22.267],[105.464,22.2647],[105.4601,22.2658],[105.4554,22.2689],[105.4528,22.2658],[105.4505,22.2645],[105.4483,22.2651],[105.4437,22.2643],[105.4399,22.261],[105.4369,22.2606],[105.4356,22.2584],[105.4369,22.2557],[105.4389,22.2548],[105.4373,22.2515],[105.4385,22.2439],[105.4372,22.2434],[105.436,22.2396],[105.4398,22.2376],[105.4413,22.2321],[105.4356,22.2281],[105.4355,22.2222],[105.4341,22.2195],[105.4341,22.2159],[105.4315,22.2164],[105.4309,22.2144],[105.433,22.2107],[105.4388,22.2057],[105.4437,22.2006],[105.4452,22.1972],[105.4485,22.1945],[105.4493,22.1915],[105.4516,22.1896],[105.4561,22.1877],[105.4608,22.19],[105.4604,22.1854],[105.4623,22.1842],[105.4633,22.1807],[105.4614,22.1784],[105.4612,22.1729],[105.4631,22.171],[105.4622,22.1692],[105.4659,22.166],[105.47,22.1602],[105.476,22.1634],[105.4835,22.162],[105.4857,22.1601],[105.4935,22.1577],[105.492,22.1541],[105.4938,22.1507],[105.4954,22.1467],[105.5006,22.1431],[105.5025,22.1441],[105.5064,22.1438],[105.5108,22.1458],[105.5161,22.1463],[105.5199,22.1456],[105.5219,22.1437],[105.5265,22.1432],[105.5256,22.1379],[105.5274,22.1344],[105.5286,22.1297],[105.5315,22.1271],[105.536,22.1252],[105.5411,22.1267],[105.5448,22.1266],[105.5486,22.1256],[105.5514,22.1297],[105.5534,22.1356],[105.5532,22.1377],[105.5559,22.1395],[105.5575,22.1428],[105.5562,22.1501],[105.5529,22.1532],[105.5551,22.1559],[105.5543,22.1622],[105.5522,22.1659],[105.5545,22.1697],[105.5555,22.1745],[105.5551,22.181],[105.5575,22.1836],[105.5563,22.1876],[105.5561,22.1914],[105.5517,22.1969],[105.5509,22.1996],[105.549,22.2006],[105.5485,22.203],[105.5528,22.2045],[105.5476,22.2093],[105.5472,22.212],[105.5488,22.2167],[105.5435,22.2196],[105.548,22.2283],[105.5478,22.2315],[105.5505,22.2367],[105.5506,22.2419],[105.5479,22.2474],[105.5459,22.2475],[105.5445,22.2507],[105.5409,22.2548],[105.5387,22.2546],[105.5401,22.2616],[105.5382,22.2657],[105.5408,22.2673],[105.5445,22.2668],[105.5496,22.2682]]]},"properties":{"ma_xa":"02044","ten_xa":"Yên Thịnh","sap_nhap":"Bản Thi, Yên Thượng, Yên Thịnh","tru_so":"đang cập nhật","loai":"Xã","cap":2,"stt":70,"dtich_km2":165.8,"dan_so":5476,"matdo_km2":33.03,"ma_tinh":"19","ten_tinh":"Thái Nguyên"}},
{"type":"Feature","geometry":{"type":"Polygon","coordinates":[[[105.7643,21.9145],[105.7585,21.9158],[105.7557,21.9154],[105.7534,21.9132],[105.7506,21.9126],[105.7422,21.9071],[105.7419,21.9041],[105.7378,21.9047],[105.7346,21.9065],[105.7328,21.9047],[105.7297,21.9056],[105.7265,21.8999],[105.7214,21.8988],[105.7177,21.9002],[105.7128,21.9009],[105.7099,21.8984],[105.7092,21.8955],[105.7056,21.8959],[105.7012,21.8921],[105.6999,21.8895],[105.7046,21.8855],[105.7024,21.8821],[105.6967,21.881],[105.688,21.876],[105.6862,21.8716],[105.6822,21.8719],[105.672,21.8714],[105.6703,21.8685],[105.6725,21.8648],[105.6721,21.8625],[105.6694,21.8633],[105.6665,21.862],[105.6652,21.8639],[105.6629,21.8606],[105.6617,21.8565],[105.6592,21.8561],[105.6564,21.857],[105.6557,21.8505],[105.6566,21.8448],[105.6553,21.8414],[105.6588,21.8382],[105.6625,21.8367],[105.663,21.8338],[105.6674,21.8303],[105.6734,21.8329],[105.6766,21.8329],[105.6783,21.8301],[105.6813,21.8294],[105.6845,21.8246],[105.6844,21.8193],[105.6831,21.8191],[105.6792,21.8141],[105.6777,21.81],[105.6746,21.8097],[105.6763,21.8011],[105.6749,21.7993],[105.6707,21.7975],[105.671,21.7951],[105.6734,21.7945],[105.6776,21.7917],[105.6835,21.7901],[105.6856,21.7909],[105.6899,21.779],[105.6917,21.7772],[105.6913,21.7737],[105.6893,21.7721],[105.6895,21.7697],[105.6879,21.7672],[105.6876,21.7628],[105.6906,21.7579],[105.6958,21.7582],[105.6972,21.7567],[105.6966,21.7596],[105.6989,21.7617],[105.6975,21.7641],[105.7019,21.769],[105.7054,21.7697],[105.7062,21.7741],[105.7103,21.7775],[105.7116,21.7803],[105.7107,21.783],[105.714,21.785],[105.7225,21.7935],[105.7234,21.7964],[105.7265,21.7995],[105.7278,21.7988],[105.7309,21.8011],[105.7392,21.8011],[105.7416,21.8017],[105.7418,21.8077],[105.7467,21.8106],[105.7481,21.8131],[105.7467,21.8175],[105.7486,21.8203],[105.7473,21.8224],[105.7512,21.8262],[105.7556,21.8319],[105.758,21.8324],[105.7578,21.8349],[105.7614,21.8374],[105.7605,21.8435],[105.7636,21.8452],[105.7643,21.8484],[105.766,21.8506],[105.7656,21.8535],[105.7689,21.8564],[105.7699,21.8614],[105.7683,21.8645],[105.7688,21.8698],[105.7703,21.8733],[105.7729,21.8765],[105.7724,21.8806],[105.771,21.8825],[105.7714,21.8868],[105.7758,21.887],[105.7772,21.8886],[105.7811,21.8895],[105.7746,21.8955],[105.7717,21.9022],[105.7711,21.9101],[105.7643,21.9145]]]},"properties":{"ma_xa":"05620","ten_xa":"Yên Trạch","sap_nhap":"Yên Ninh, Yên Đổ, Yên Trạch","tru_so":"đang cập nhật","loai":"Xã","cap":2,"stt":39,"dtich_km2":112.68,"dan_so":23543,"matdo_km2":208.94,"ma_tinh":"19","ten_tinh":"Thái Nguyên"}}
]}