{"type":"FeatureCollection", "features": [
{"type":"Feature","geometry":{"type":"Polygon","coordinates":[[[106.454,10.4509],[106.4505,10.4503],[106.4476,10.4515],[106.4422,10.4443],[106.4393,10.4451],[106.4377,10.4415],[106.4353,10.439],[106.4308,10.4365],[106.4274,10.4365],[106.4273,10.4338],[106.418,10.4349],[106.4155,10.4335],[106.4147,10.4309],[106.4212,10.4277],[106.4202,10.4253],[106.4204,10.4218],[106.4243,10.4162],[106.4262,10.4145],[106.4247,10.4114],[106.4279,10.4098],[106.4299,10.4143],[106.4318,10.4145],[106.4392,10.4117],[106.4403,10.4149],[106.4462,10.4136],[106.4491,10.4112],[106.4518,10.4134],[106.4596,10.4049],[106.4545,10.4008],[106.4504,10.404],[106.4479,10.3987],[106.4501,10.3982],[106.4541,10.4004],[106.4556,10.3955],[106.4589,10.3954],[106.4618,10.3998],[106.4642,10.4004],[106.4672,10.3967],[106.4692,10.3967],[106.4724,10.3988],[106.4801,10.3967],[106.4815,10.4047],[106.485,10.403],[106.4864,10.4087],[106.4913,10.4117],[106.4927,10.4139],[106.4998,10.4174],[106.5048,10.4232],[106.5087,10.4235],[106.5096,10.4277],[106.5069,10.4297],[106.5034,10.4345],[106.5017,10.4333],[106.4986,10.4359],[106.4931,10.4365],[106.4906,10.4384],[106.4911,10.4401],[106.4881,10.4445],[106.484,10.4406],[106.4826,10.443],[106.4778,10.4385],[106.4769,10.4368],[106.4723,10.4385],[106.4689,10.434],[106.4657,10.4343],[106.4634,10.4375],[106.4615,10.4384],[106.4604,10.4415],[106.4633,10.4445],[106.4659,10.4486],[106.4611,10.4485],[106.458,10.4503],[106.4546,10.4494],[106.454,10.4509]]]},"properties":{"ma_xa":"28243","ten_xa":"An Lục Long","sap_nhap":"Dương Xuân Hội, Long Trì, An Lục Long","tru_so":"đang cập nhật","loai":"Xã","cap":2,"stt":55,"dtich_km2":33.75,"dan_so":29485,"matdo_km2":873.63,"ma_tinh":"80","ten_tinh":"Tây Ninh"}},
{"type":"Feature","geometry":{"type":"Polygon","coordinates":[[[106.3511,10.9989],[106.3455,10.9947],[106.3428,11.0014],[106.3367,11.0059],[106.3284,11.0096],[106.3234,11.0125],[106.3123,11.0198],[106.3008,11.0227],[106.2976,11.024],[106.2967,11.0258],[106.2914,11.0252],[106.2911,11.0234],[106.2881,11.0221],[106.2847,11.0222],[106.2791,11.0159],[106.2763,11.0199],[106.2739,11.0217],[106.2707,11.0151],[106.271,11.0129],[106.2741,11.0103],[106.281,11.0063],[106.2836,11.0034],[106.2867,10.9936],[106.286,10.9904],[106.2839,10.9869],[106.2809,10.9845],[106.2754,10.9831],[106.2732,10.981],[106.2721,10.9773],[106.2731,10.9759],[106.2783,10.9741],[106.2884,10.9733],[106.29,10.9707],[106.2841,10.957],[106.2857,10.9533],[106.2995,10.9421],[106.3021,10.9276],[106.3043,10.9285],[106.3074,10.928],[106.3138,10.9292],[106.3158,10.9304],[106.3177,10.9344],[106.321,10.9373],[106.3183,10.9403],[106.3192,10.9461],[106.3232,10.946],[106.3238,10.9482],[106.3272,10.9479],[106.3287,10.9535],[106.3346,10.9566],[106.3343,10.9592],[106.3323,10.9604],[106.3318,10.964],[106.3341,10.9645],[106.3368,10.9667],[106.34,10.9661],[106.3438,10.9705],[106.3483,10.9642],[106.3515,10.9651],[106.3545,10.9683],[106.3552,10.9718],[106.3574,10.9773],[106.3603,10.9791],[106.3589,10.9826],[106.3618,10.9847],[106.3567,10.9916],[106.3511,10.9989]]]},"properties":{"ma_xa":"27943","ten_xa":"An Ninh","sap_nhap":"Lộc Giang, An Ninh Đông, An Ninh Tây","tru_so":"đang cập nhật","loai":"Xã","cap":2,"stt":28,"dtich_km2":57.69,"dan_so":37792,"matdo_km2":655.09,"ma_tinh":"80","ten_tinh":"Tây Ninh"}},
{"type":"Feature","geometry":{"type":"Polygon","coordinates":[[[106.4265,11.0844],[106.4063,11.1088],[106.4026,11.1134],[106.3988,11.1151],[106.3997,11.1167],[106.3931,11.1192],[106.3879,11.122],[106.3867,11.1243],[106.3789,11.1238],[106.3757,11.1244],[106.371,11.1291],[106.3664,11.1305],[106.3574,11.1291],[106.3531,11.1259],[106.3528,11.1201],[106.3553,11.1194],[106.3563,11.1155],[106.3558,11.1096],[106.3564,11.1047],[106.3591,11.097],[106.36,11.0835],[106.3671,11.0702],[106.3711,11.0709],[106.3708,11.073],[106.3744,11.0725],[106.3755,11.0701],[106.3793,11.0659],[106.3829,11.065],[106.3826,11.0607],[106.3847,11.0593],[106.3814,11.0535],[106.3802,11.0491],[106.38,11.047],[106.3765,11.0387],[106.3738,11.0371],[106.3679,11.0282],[106.3658,11.0217],[106.3624,11.0213],[106.358,11.0219],[106.3577,11.0233],[106.3527,11.0226],[106.3508,11.0216],[106.3494,11.0139],[106.3474,11.0075],[106.3459,11.0057],[106.3511,10.9989],[106.3567,10.9916],[106.36,10.9953],[106.367,10.9987],[106.3785,11.0001],[106.3807,10.9984],[106.3851,10.9993],[106.3913,10.9997],[106.4026,11.0032],[106.4052,11.0037],[106.4063,11.0062],[106.4128,11.0089],[106.4113,11.013],[106.409,11.0148],[106.4095,11.018],[106.4089,11.0225],[106.4114,11.0292],[106.4143,11.0331],[106.4204,11.0376],[106.4227,11.0428],[106.4226,11.0466],[106.4247,11.0473],[106.4203,11.052],[106.4213,11.0553],[106.4202,11.0633],[106.4228,11.0661],[106.4257,11.0666],[106.4252,11.0686],[106.4274,11.0748],[106.426,11.078],[106.4265,11.0844]]]},"properties":{"ma_xa":"25732","ten_xa":"An Tịnh","sap_nhap":"Lộc Hưng, An Tịnh","tru_so":"đang cập nhật","loai":"Phường","cap":2,"stt":68,"dtich_km2":78.44,"dan_so":61212,"matdo_km2":780.37,"ma_tinh":"80","ten_tinh":"Tây Ninh"}},
{"type":"Feature","geometry":{"type":"Polygon","coordinates":[[[106.2297,11.1532],[106.2269,11.1556],[106.223,11.1569],[106.2181,11.1568],[106.2066,11.153],[106.2002,11.1522],[106.1963,11.151],[106.1928,11.151],[106.1882,11.154],[106.1855,11.1573],[106.1851,11.1621],[106.183,11.1659],[106.1802,11.1675],[106.1754,11.1677],[106.1713,11.1653],[106.1681,11.1604],[106.1662,11.1593],[106.161,11.1587],[106.1585,11.1574],[106.1553,11.1577],[106.1454,11.1621],[106.143,11.164],[106.1404,11.1617],[106.135,11.1586],[106.132,11.1538],[106.1303,11.1474],[106.1256,11.1396],[106.128,11.1368],[106.1322,11.1268],[106.135,11.1235],[106.1381,11.1213],[106.1389,11.114],[106.1409,11.1063],[106.1403,11.1045],[106.1438,11.1002],[106.1479,11.1016],[106.1541,11.1022],[106.1733,11.0762],[106.1841,11.057],[106.1891,11.0572],[106.2019,11.0601],[106.2118,11.0578],[106.2233,11.0558],[106.2298,11.054],[106.2376,11.0525],[106.2395,11.0565],[106.2459,11.061],[106.2518,11.0612],[106.2555,11.0605],[106.2596,11.0611],[106.265,11.0582],[106.2682,11.061],[106.2696,11.0635],[106.2693,11.0676],[106.2664,11.0748],[106.2623,11.0814],[106.2584,11.0911],[106.2541,11.0938],[106.2518,11.0936],[106.247,11.089],[106.2441,11.0894],[106.2422,11.0923],[106.2355,11.0967],[106.2282,11.1004],[106.225,11.1053],[106.2238,11.1151],[106.2223,11.121],[106.2243,11.125],[106.2291,11.1252],[106.2324,11.1236],[106.2349,11.1244],[106.2368,11.1267],[106.2374,11.1325],[106.2342,11.1379],[106.2303,11.1477],[106.2297,11.1532]]]},"properties":{"ma_xa":"25681","ten_xa":"Bến Cầu","sap_nhap":"Bến Cầu (thị trấn), An Thạnh (huyện Bến Cầu), Tiên Thuận, Lợi Thuận","tru_so":"đang cập nhật","loai":"Xã","cap":2,"stt":96,"dtich_km2":112.02,"dan_so":49228,"matdo_km2":439.46,"ma_tinh":"80","ten_tinh":"Tây Ninh"}},
{"type":"Feature","geometry":{"type":"Polygon","coordinates":[[[106.5239,10.6566],[106.5235,10.6578],[106.5121,10.6792],[106.5102,10.6781],[106.5079,10.6805],[106.5019,10.6824],[106.502,10.6842],[106.506,10.6879],[106.4997,10.6934],[106.4973,10.6979],[106.4999,10.6995],[106.4969,10.7018],[106.4892,10.7116],[106.4814,10.7059],[106.4857,10.6942],[106.4743,10.69],[106.4477,10.6877],[106.4497,10.6753],[106.4478,10.6739],[106.4477,10.6715],[106.4504,10.6688],[106.4495,10.6641],[106.4449,10.6589],[106.4427,10.6573],[106.4365,10.6548],[106.4349,10.6518],[106.4353,10.645],[106.4377,10.6437],[106.446,10.6468],[106.4497,10.6476],[106.4551,10.6476],[106.4587,10.6482],[106.4639,10.6503],[106.4669,10.65],[106.4718,10.646],[106.4741,10.6405],[106.4746,10.6335],[106.4762,10.6303],[106.4813,10.6249],[106.4837,10.6201],[106.4838,10.6138],[106.4918,10.6138],[106.494,10.6167],[106.4993,10.6191],[106.5021,10.6178],[106.503,10.6214],[106.5021,10.6236],[106.5051,10.626],[106.5062,10.6281],[106.5088,10.6285],[106.5097,10.6261],[106.512,10.6266],[106.5103,10.6313],[106.5055,10.6373],[106.4994,10.6438],[106.5043,10.6503],[106.5099,10.6497],[106.5105,10.6538],[106.5146,10.6552],[106.5199,10.6489],[106.5241,10.6467],[106.5259,10.6499],[106.5233,10.6545],[106.5239,10.6566]]]},"properties":{"ma_xa":"27991","ten_xa":"Bến Lức","sap_nhap":"An Thạnh (huyện Bến Lức), Thanh Phú, Bến Lức (thị trấn)","tru_so":"đang cập nhật","loai":"Xã","cap":2,"stt":38,"dtich_km2":48.75,"dan_so":56900,"matdo_km2":1167.18,"ma_tinh":"80","ten_tinh":"Tây Ninh"}},
{"type":"Feature","geometry":{"type":"Polygon","coordinates":[[[106.4178,10.6859],[106.4149,10.685],[106.4131,10.6875],[106.4031,10.6895],[106.3981,10.6892],[106.3926,10.6897],[106.3892,10.6912],[106.3753,10.696],[106.3734,10.6944],[106.3749,10.6938],[106.388,10.6786],[106.3915,10.6737],[106.4022,10.6612],[106.4034,10.6569],[106.4064,10.6531],[106.4078,10.6472],[106.4095,10.6446],[106.4117,10.6448],[106.4147,10.6416],[106.4242,10.6344],[106.4281,10.6347],[106.4335,10.6308],[106.4338,10.6252],[106.4293,10.6214],[106.4307,10.618],[106.4344,10.6173],[106.4326,10.612],[106.4362,10.6101],[106.435,10.606],[106.4359,10.6032],[106.4419,10.6046],[106.4446,10.6029],[106.4426,10.5991],[106.4435,10.5967],[106.4486,10.5976],[106.4546,10.5959],[106.4573,10.5963],[106.4573,10.5927],[106.4595,10.5928],[106.4597,10.5902],[106.4654,10.5893],[106.4688,10.5917],[106.473,10.5902],[106.4744,10.5923],[106.4734,10.5946],[106.4765,10.5968],[106.478,10.5955],[106.4837,10.5974],[106.4825,10.6053],[106.4838,10.6138],[106.4837,10.6201],[106.4813,10.6249],[106.4762,10.6303],[106.4746,10.6335],[106.4741,10.6405],[106.4718,10.646],[106.4669,10.65],[106.4639,10.6503],[106.4587,10.6482],[106.4551,10.6476],[106.4497,10.6476],[106.446,10.6468],[106.4377,10.6437],[106.4353,10.645],[106.4349,10.6518],[106.4365,10.6548],[106.4427,10.6573],[106.4449,10.6589],[106.4495,10.6641],[106.4504,10.6688],[106.4477,10.6715],[106.4411,10.6684],[106.4386,10.6686],[106.4317,10.6705],[106.4251,10.6738],[106.4218,10.6782],[106.4201,10.6829],[106.4178,10.6859]]]},"properties":{"ma_xa":"28015","ten_xa":"Bình Đức","sap_nhap":"Thạnh Đức (huyện Bến Lức), Nhựt Chánh, Bình Đức","tru_so":"đang cập nhật","loai":"Xã","cap":2,"stt":36,"dtich_km2":51.2,"dan_so":35110,"matdo_km2":685.74,"ma_tinh":"80","ten_tinh":"Tây Ninh"}},
{"type":"Feature","geometry":{"type":"Polygon","coordinates":[[[106.0367,10.8357],[106.011,10.8539],[106.0083,10.8571],[105.9927,10.873],[105.9717,10.8945],[105.9472,10.9161],[105.9446,10.9178],[105.9443,10.9098],[105.9481,10.9034],[105.9493,10.8998],[105.9518,10.897],[105.9524,10.8922],[105.9506,10.8893],[105.9558,10.8857],[105.9564,10.8837],[105.951,10.8802],[105.9489,10.8759],[105.9457,10.873],[105.9422,10.8732],[105.9374,10.869],[105.9358,10.8658],[105.9326,10.8668],[105.9307,10.8645],[105.929,10.8597],[105.9303,10.8552],[105.9324,10.8518],[105.9306,10.8499],[105.9339,10.8474],[105.936,10.8469],[105.9366,10.8405],[105.935,10.8387],[105.8986,10.8447],[105.8957,10.8417],[105.8969,10.8384],[105.8951,10.8346],[105.8915,10.832],[105.8753,10.822],[105.8764,10.82],[105.8802,10.8181],[105.8815,10.8138],[105.8838,10.8133],[105.8897,10.8159],[105.892,10.8159],[105.8954,10.8117],[105.895,10.8059],[105.8976,10.8008],[105.903,10.7986],[105.9063,10.7965],[105.9108,10.7924],[105.9153,10.7912],[105.9183,10.792],[105.92,10.7906],[105.921,10.7874],[105.9229,10.7851],[105.9283,10.7836],[105.9333,10.7811],[105.9402,10.7805],[105.9437,10.7788],[105.9496,10.7745],[105.9549,10.7689],[105.9593,10.7727],[106.0362,10.8356],[106.0367,10.8357]]]},"properties":{"ma_xa":"27793","ten_xa":"Bình Hiệp","sap_nhap":"Thạnh Trị, Bình Tân, Bình Hòa Tây, Bình Hiệp","tru_so":"đang cập nhật","loai":"Xã","cap":2,"stt":9,"dtich_km2":123.68,"dan_so":21420,"matdo_km2":173.19,"ma_tinh":"80","ten_tinh":"Tây Ninh"}},
{"type":"Feature","geometry":{"type":"Polygon","coordinates":[[[106.1173,10.8089],[106.096,10.8077],[106.0709,10.8118],[106.0667,10.8142],[106.0557,10.8223],[106.0367,10.8357],[106.0362,10.8356],[105.9593,10.7727],[105.9549,10.7689],[105.9594,10.7635],[105.9629,10.7613],[105.9669,10.7605],[105.9706,10.756],[105.9713,10.753],[105.9701,10.7431],[105.9712,10.7406],[105.9747,10.7383],[105.976,10.7341],[105.9755,10.7283],[105.9777,10.7253],[105.9835,10.7221],[105.9911,10.7135],[105.9929,10.7137],[105.9988,10.7183],[106.0064,10.7259],[106.0093,10.7301],[106.013,10.7341],[106.0146,10.7348],[106.0225,10.7347],[106.0283,10.7328],[106.0361,10.7269],[106.0403,10.7224],[106.0432,10.7224],[106.0519,10.728],[106.0552,10.7281],[106.0557,10.7323],[106.0528,10.7357],[106.0542,10.7401],[106.0538,10.7418],[106.0554,10.749],[106.0618,10.7593],[106.0649,10.7668],[106.066,10.772],[106.0679,10.7743],[106.0686,10.7829],[106.0705,10.7838],[106.0784,10.7783],[106.0814,10.7829],[106.0968,10.7789],[106.0978,10.7835],[106.1029,10.783],[106.1142,10.7825],[106.1149,10.7822],[106.1157,10.7843],[106.1173,10.8089]]]},"properties":{"ma_xa":"27811","ten_xa":"Bình Hòa","sap_nhap":"Bình Thạnh (huyện Mộc Hóa), Bình Hòa Đông, Bình Hòa Trung","tru_so":"đang cập nhật","loai":"Xã","cap":2,"stt":11,"dtich_km2":117.85,"dan_so":13581,"matdo_km2":115.24,"ma_tinh":"80","ten_tinh":"Tây Ninh"}},
{"type":"Feature","geometry":{"type":"Polygon","coordinates":[[[106.1814,11.4076],[106.1817,11.4113],[106.1802,11.4155],[106.179,11.4212],[106.1767,11.4216],[106.1751,11.4261],[106.1709,11.4294],[106.1658,11.4301],[106.1638,11.4319],[106.163,11.4368],[106.1603,11.4387],[106.1568,11.4371],[106.1541,11.4369],[106.1459,11.4321],[106.1441,11.4296],[106.139,11.4266],[106.1336,11.4257],[106.1277,11.4285],[106.1239,11.431],[106.1191,11.4333],[106.116,11.4339],[106.1132,11.4381],[106.1118,11.4378],[106.1071,11.4317],[106.1017,11.4276],[106.1004,11.4256],[106.0976,11.4245],[106.0998,11.421],[106.103,11.4184],[106.1018,11.416],[106.1021,11.4124],[106.0996,11.4094],[106.0993,11.405],[106.101,11.402],[106.0992,11.3934],[106.0962,11.3931],[106.0893,11.4016],[106.0865,11.4046],[106.0803,11.4079],[106.0777,11.4112],[106.0759,11.4119],[106.074,11.4086],[106.0769,11.4072],[106.0768,11.402],[106.0739,11.3967],[106.0724,11.3951],[106.0734,11.3913],[106.076,11.3889],[106.0746,11.3844],[106.0767,11.3789],[106.077,11.3748],[106.0749,11.365],[106.0727,11.359],[106.0758,11.3542],[106.0802,11.3515],[106.0789,11.338],[106.079,11.336],[106.0726,11.3318],[106.0737,11.3296],[106.0776,11.3267],[106.0803,11.3283],[106.0834,11.333],[106.0873,11.3407],[106.0907,11.3383],[106.0936,11.3378],[106.0979,11.3355],[106.0998,11.3354],[106.1041,11.3372],[106.1066,11.3365],[106.1072,11.3332],[106.1166,11.3272],[106.1195,11.3275],[106.1232,11.3242],[106.1242,11.325],[106.1235,11.3294],[106.126,11.3308],[106.1318,11.3312],[106.1297,11.3403],[106.1281,11.3435],[106.1668,11.3614],[106.1714,11.3635],[106.1782,11.3637],[106.1788,11.3652],[106.1825,11.3653],[106.1849,11.3673],[106.1874,11.3725],[106.1864,11.3752],[106.1888,11.3792],[106.1889,11.3827],[106.1908,11.3866],[106.1885,11.3889],[106.1855,11.3874],[106.1852,11.3915],[106.1831,11.3927],[106.1799,11.3982],[106.1823,11.3989],[106.1805,11.4024],[106.1814,11.4076]]]},"properties":{"ma_xa":"25480","ten_xa":"Bình Minh","sap_nhap":"Ninh Sơn, Tân Bình (thành phố Tây Ninh), Bình Minh, Thạnh Tân, Suối Đá (1 phần), Phan (1 phần)","tru_so":"đang cập nhật","loai":"Phường","cap":2,"stt":62,"dtich_km2":105.35,"dan_so":55010,"matdo_km2":522.16,"ma_tinh":"80","ten_tinh":"Tây Ninh"}},
{"type":"Feature","geometry":{"type":"Polygon","coordinates":[[[106.2221,10.819],[106.2187,10.8194],[106.1973,10.8187],[106.189,10.8179],[106.1901,10.79],[106.1645,10.8117],[106.1173,10.8089],[106.1157,10.7843],[106.1149,10.7822],[106.1066,10.7597],[106.1118,10.7584],[106.1478,10.7493],[106.1527,10.7334],[106.177,10.7285],[106.1754,10.7257],[106.1781,10.7235],[106.1792,10.7188],[106.2174,10.712],[106.2293,10.7041],[106.2331,10.7033],[106.2408,10.7437],[106.2436,10.7592],[106.2449,10.7628],[106.2467,10.7646],[106.2661,10.7779],[106.2631,10.7823],[106.24,10.809],[106.2263,10.8147],[106.2221,10.819]]]},"properties":{"ma_xa":"27868","ten_xa":"Bình Thành","sap_nhap":"Tân Hiệp (huyện Thạnh Hóa), Thuận Bình, Bình Hòa Hưng","tru_so":"đang cập nhật","loai":"Xã","cap":2,"stt":17,"dtich_km2":132.41,"dan_so":10690,"matdo_km2":80.73,"ma_tinh":"80","ten_tinh":"Tây Ninh"}},
{"type":"Feature","geometry":{"type":"Polygon","coordinates":[[[106.5972,10.5374],[106.5915,10.5394],[106.5887,10.5375],[106.5808,10.5374],[106.5686,10.539],[106.5674,10.5288],[106.5651,10.5222],[106.5627,10.5171],[106.5588,10.5105],[106.5583,10.5064],[106.5596,10.503],[106.5632,10.499],[106.5689,10.4902],[106.579,10.4787],[106.5841,10.4706],[106.5855,10.4664],[106.5857,10.4626],[106.5844,10.4519],[106.5846,10.4469],[106.5863,10.4411],[106.5883,10.4383],[106.5929,10.4361],[106.5962,10.4358],[106.5998,10.4369],[106.6127,10.4459],[106.6184,10.4489],[106.6253,10.4508],[106.6278,10.4521],[106.6311,10.4556],[106.6333,10.4597],[106.6273,10.4638],[106.6184,10.4747],[106.613,10.4739],[106.611,10.4794],[106.6077,10.4839],[106.6069,10.4906],[106.6143,10.4917],[106.616,10.4946],[106.6132,10.4972],[106.6126,10.5006],[106.6144,10.504],[106.6138,10.5087],[106.6151,10.511],[106.6126,10.5149],[106.6077,10.5156],[106.6068,10.5173],[106.6091,10.5212],[106.6039,10.5256],[106.6029,10.5277],[106.5985,10.5282],[106.5962,10.5325],[106.5972,10.5374]]]},"properties":{"ma_xa":"28108","ten_xa":"Cần Đước","sap_nhap":"Cần Đước (thị trấn), Phước Tuy, Tân Ân, Tân Chánh","tru_so":"đang cập nhật","loai":"Xã","cap":2,"stt":44,"dtich_km2":48.56,"dan_so":50473,"matdo_km2":1039.39,"ma_tinh":"80","ten_tinh":"Tây Ninh"}},
{"type":"Feature","geometry":{"type":"Polygon","coordinates":[[[106.7236,10.5912],[106.7231,10.594],[106.7204,10.5957],[106.7218,10.5991],[106.7195,10.603],[106.7189,10.6061],[106.7223,10.6073],[106.7239,10.612],[106.7275,10.6098],[106.7313,10.6088],[106.7316,10.6121],[106.7291,10.612],[106.7275,10.6159],[106.7299,10.6176],[106.7298,10.6199],[106.732,10.6229],[106.7283,10.6248],[106.7291,10.6282],[106.7333,10.6288],[106.73,10.6362],[106.7259,10.6382],[106.7234,10.6419],[106.7219,10.6459],[106.7192,10.6455],[106.7127,10.6501],[106.7085,10.6498],[106.7055,10.6508],[106.7042,10.6529],[106.7007,10.654],[106.6974,10.6518],[106.6965,10.65],[106.6917,10.6485],[106.6876,10.6557],[106.6858,10.6562],[106.6853,10.6511],[106.6786,10.6453],[106.6737,10.6439],[106.6732,10.6422],[106.6697,10.6393],[106.6664,10.6387],[106.6602,10.641],[106.6564,10.6436],[106.6568,10.6392],[106.653,10.6379],[106.6533,10.6333],[106.6485,10.6327],[106.6462,10.6342],[106.6438,10.6296],[106.641,10.6267],[106.6389,10.6275],[106.6347,10.6256],[106.6382,10.626],[106.6393,10.6227],[106.6431,10.6238],[106.6458,10.6233],[106.6488,10.6188],[106.6488,10.6152],[106.6504,10.6136],[106.6553,10.6141],[106.655,10.6112],[106.6563,10.6098],[106.656,10.6054],[106.657,10.5939],[106.646,10.5835],[106.6404,10.5754],[106.6416,10.5751],[106.6469,10.5759],[106.6482,10.5791],[106.651,10.5815],[106.6551,10.5785],[106.6622,10.5772],[106.6705,10.5743],[106.6708,10.5831],[106.6738,10.5871],[106.679,10.5881],[106.6839,10.5864],[106.6863,10.5871],[106.6871,10.5845],[106.6903,10.5871],[106.6933,10.5883],[106.6944,10.592],[106.697,10.5889],[106.6987,10.5845],[106.7018,10.5822],[106.7085,10.575],[106.7135,10.5746],[106.7133,10.5797],[106.7142,10.5867],[106.7181,10.5878],[106.7236,10.5912]]]},"properties":{"ma_xa":"28159","ten_xa":"Cần Giuộc","sap_nhap":"Cần Giuộc (thị trấn), Phước Lại, Long Hậu","tru_so":"đang cập nhật","loai":"Xã","cap":2,"stt":48,"dtich_km2":60.4,"dan_so":77704,"matdo_km2":1286.49,"ma_tinh":"80","ten_tinh":"Tây Ninh"}},
{"type":"Feature","geometry":{"type":"Polygon","coordinates":[[[106.2904,11.355],[106.2651,11.3686],[106.2583,11.3675],[106.2565,11.3686],[106.2545,11.3729],[106.2459,11.3697],[106.2366,11.3647],[106.2302,11.3358],[106.216,11.3183],[106.2021,11.3245],[106.1998,11.3278],[106.1962,11.3283],[106.1957,11.3261],[106.1931,11.3264],[106.1902,11.3253],[106.1898,11.3229],[106.1871,11.321],[106.1825,11.3152],[106.1825,11.3134],[106.1803,11.3099],[106.1746,11.3066],[106.1724,11.3034],[106.1671,11.3015],[106.1692,11.299],[106.1757,11.2912],[106.1784,11.2924],[106.179,11.2901],[106.1873,11.2915],[106.1896,11.2895],[106.1908,11.2912],[106.1935,11.2911],[106.1947,11.2849],[106.2005,11.2778],[106.1994,11.2739],[106.1987,11.2657],[106.1977,11.2617],[106.2035,11.2616],[106.2063,11.2651],[106.2076,11.2696],[106.2106,11.2683],[106.2107,11.2634],[106.2154,11.2674],[106.2154,11.2649],[106.2194,11.2611],[106.2142,11.2556],[106.2138,11.2518],[106.2192,11.2467],[106.2235,11.2406],[106.2262,11.2405],[106.2259,11.2434],[106.2279,11.2451],[106.2288,11.2414],[106.2286,11.2327],[106.23,11.2308],[106.2344,11.2314],[106.236,11.2318],[106.2403,11.2381],[106.2422,11.2384],[106.2426,11.2442],[106.2457,11.2498],[106.252,11.256],[106.2558,11.2624],[106.2555,11.2636],[106.2599,11.2691],[106.2635,11.2702],[106.2677,11.2699],[106.2683,11.2727],[106.2705,11.2733],[106.2752,11.2801],[106.2768,11.279],[106.2784,11.283],[106.2818,11.2873],[106.2878,11.2887],[106.2792,11.2955],[106.275,11.2958],[106.2749,11.3008],[106.2788,11.3013],[106.2781,11.3066],[106.281,11.3073],[106.284,11.3111],[106.3016,11.3371],[106.2954,11.3437],[106.2998,11.3474],[106.2954,11.3521],[106.2904,11.355]]]},"properties":{"ma_xa":"25573","ten_xa":"Cầu Khởi","sap_nhap":"Phước Ninh, Cầu Khởi, Chà Là (1 phần)","tru_so":"đang cập nhật","loai":"Xã","cap":2,"stt":77,"dtich_km2":90.51,"dan_so":25431,"matdo_km2":280.97,"ma_tinh":"80","ten_tinh":"Tây Ninh"}},
{"type":"Feature","geometry":{"type":"Polygon","coordinates":[[[106.0232,11.4149],[106.0225,11.3943],[106.022,11.3914],[106.0197,11.3903],[106.0198,11.3816],[106.0212,11.3805],[106.0224,11.3728],[106.024,11.3679],[106.0227,11.365],[106.0192,11.3629],[106.0178,11.3589],[106.0182,11.3551],[106.0156,11.3508],[106.0228,11.3356],[106.0172,11.3253],[106.0186,11.3129],[106.0184,11.306],[106.0211,11.3048],[106.0246,11.3012],[106.0262,11.3037],[106.0296,11.3058],[106.0303,11.3081],[106.0344,11.3091],[106.0333,11.3044],[106.03,11.3054],[106.0287,11.3035],[106.0262,11.3029],[106.0274,11.2987],[106.0265,11.2955],[106.0262,11.2892],[106.0255,11.2862],[106.0259,11.2822],[106.0226,11.2756],[106.0255,11.2724],[106.0301,11.2696],[106.0328,11.2696],[106.039,11.271],[106.043,11.2684],[106.0448,11.2641],[106.0457,11.2596],[106.0447,11.2577],[106.0414,11.2549],[106.0421,11.2517],[106.047,11.2451],[106.0498,11.2453],[106.0544,11.2472],[106.0586,11.2459],[106.0638,11.2511],[106.0661,11.255],[106.0674,11.2605],[106.0675,11.2688],[106.0662,11.3011],[106.0703,11.3013],[106.0732,11.3029],[106.076,11.303],[106.0769,11.3115],[106.0827,11.3131],[106.0807,11.3157],[106.0809,11.3182],[106.0767,11.3186],[106.0782,11.3246],[106.0776,11.3267],[106.0737,11.3296],[106.0726,11.3318],[106.079,11.336],[106.0789,11.338],[106.0802,11.3515],[106.0758,11.3542],[106.0727,11.359],[106.0749,11.365],[106.077,11.3748],[106.0767,11.3789],[106.0746,11.3844],[106.076,11.3889],[106.0734,11.3913],[106.0724,11.3951],[106.0739,11.3967],[106.0768,11.402],[106.0769,11.4072],[106.074,11.4086],[106.07,11.4099],[106.0652,11.4073],[106.0578,11.4066],[106.0572,11.406],[106.0498,11.4061],[106.0418,11.4009],[106.0404,11.4031],[106.0364,11.4022],[106.0352,11.4081],[106.033,11.4102],[106.0307,11.4102],[106.0296,11.4137],[106.0232,11.4149]]]},"properties":{"ma_xa":"25585","ten_xa":"Châu Thành","sap_nhap":"Châu Thành (thị trấn), Đồng Khởi, An Bình, Thái Bình (1 phần)","tru_so":"đang cập nhật","loai":"Xã","cap":2,"stt":92,"dtich_km2":93.41,"dan_so":51901,"matdo_km2":555.63,"ma_tinh":"80","ten_tinh":"Tây Ninh"}},
{"type":"Feature","geometry":{"type":"Polygon","coordinates":[[[106.303,10.9124],[106.2986,10.9085],[106.2929,10.9083],[106.2845,10.9069],[106.2754,10.9001],[106.2724,10.8961],[106.2703,10.8967],[106.2694,10.9043],[106.2597,10.904],[106.2586,10.9063],[106.2518,10.9098],[106.2318,10.9211],[106.2303,10.914],[106.1746,10.8881],[106.1709,10.8876],[106.1668,10.8858],[106.1633,10.8854],[106.1819,10.8504],[106.1883,10.838],[106.189,10.8179],[106.1973,10.8187],[106.2187,10.8194],[106.2221,10.819],[106.2272,10.8212],[106.25,10.8301],[106.272,10.8384],[106.269,10.8485],[106.2804,10.8511],[106.2956,10.8553],[106.2982,10.8566],[106.3333,10.8651],[106.3369,10.8672],[106.3352,10.8708],[106.3349,10.874],[106.3361,10.8772],[106.3388,10.8809],[106.3404,10.8848],[106.3398,10.8884],[106.3369,10.8921],[106.3333,10.8955],[106.3264,10.8995],[106.3197,10.9011],[106.3125,10.9034],[106.3054,10.9065],[106.3034,10.909],[106.303,10.9124]]]},"properties":{"ma_xa":"27898","ten_xa":"Đông Thành","sap_nhap":"Đông Thành (thị trấn), Mỹ Thạnh Tây, Mỹ Thạnh Đông, Mỹ Bình","tru_so":"đang cập nhật","loai":"Xã","cap":2,"stt":26,"dtich_km2":130.94,"dan_so":27169,"matdo_km2":207.49,"ma_tinh":"80","ten_tinh":"Tây Ninh"}},
{"type":"Feature","geometry":{"type":"Polygon","coordinates":[[[106.5057,10.7937],[106.4922,10.8005],[106.4767,10.8108],[106.4772,10.814],[106.4769,10.8181],[106.4726,10.821],[106.4725,10.8243],[106.4736,10.8257],[106.4736,10.8335],[106.4645,10.8341],[106.4666,10.8368],[106.4659,10.8393],[106.4572,10.84],[106.4541,10.8385],[106.4542,10.8364],[106.4508,10.8362],[106.4485,10.8375],[106.4408,10.8391],[106.4401,10.8346],[106.4377,10.8317],[106.4366,10.8268],[106.437,10.8203],[106.4349,10.817],[106.4319,10.8183],[106.4233,10.8201],[106.4106,10.8242],[106.4062,10.8209],[106.3997,10.817],[106.3965,10.8129],[106.3948,10.8093],[106.391,10.8083],[106.3906,10.8011],[106.3929,10.7974],[106.3949,10.7948],[106.4011,10.7911],[106.4073,10.7893],[106.4129,10.7869],[106.4163,10.7892],[106.418,10.7945],[106.4203,10.7961],[106.425,10.7957],[106.4276,10.7941],[106.429,10.7906],[106.4273,10.7847],[106.4228,10.782],[106.4242,10.7752],[106.4299,10.7752],[106.4315,10.7727],[106.4341,10.7709],[106.4426,10.7582],[106.4489,10.7629],[106.4574,10.7518],[106.4661,10.7409],[106.4722,10.7454],[106.4637,10.7565],[106.4866,10.7741],[106.5045,10.7889],[106.5057,10.7937]]]},"properties":{"ma_xa":"27937","ten_xa":"Đức Hòa","sap_nhap":"Đức Hòa (thị trấn), Hựu Thạnh, Đức Hòa Hạ","tru_so":"đang cập nhật","loai":"Xã","cap":2,"stt":34,"dtich_km2":63.31,"dan_so":49864,"matdo_km2":787.62,"ma_tinh":"80","ten_tinh":"Tây Ninh"}},
{"type":"Feature","geometry":{"type":"Polygon","coordinates":[[[106.3418,10.8626],[106.3369,10.8672],[106.3333,10.8651],[106.2982,10.8566],[106.2956,10.8553],[106.2804,10.8511],[106.269,10.8485],[106.272,10.8384],[106.25,10.8301],[106.2272,10.8212],[106.2221,10.819],[106.2263,10.8147],[106.24,10.809],[106.2631,10.7823],[106.2661,10.7779],[106.2811,10.7608],[106.2967,10.7427],[106.302,10.7472],[106.3316,10.7643],[106.3313,10.7647],[106.3438,10.772],[106.3458,10.7698],[106.3489,10.7698],[106.3573,10.7745],[106.3686,10.7741],[106.3647,10.7803],[106.3682,10.782],[106.3718,10.7813],[106.3743,10.7821],[106.3797,10.782],[106.3819,10.7861],[106.388,10.787],[106.3902,10.7898],[106.3899,10.7927],[106.3909,10.7965],[106.3929,10.7974],[106.3906,10.8011],[106.391,10.8083],[106.3918,10.8152],[106.3909,10.8184],[106.3846,10.8254],[106.3812,10.8267],[106.3777,10.8264],[106.3733,10.822],[106.368,10.8198],[106.3639,10.8206],[106.3614,10.822],[106.3578,10.827],[106.3564,10.8324],[106.357,10.836],[106.3595,10.8397],[106.3572,10.8423],[106.3511,10.842],[106.3453,10.8425],[106.3398,10.8446],[106.3383,10.8469],[106.3392,10.8518],[106.3419,10.8562],[106.3427,10.8599],[106.3418,10.8626]]]},"properties":{"ma_xa":"27925","ten_xa":"Đức Huệ","sap_nhap":"Bình Hòa Bắc, Bình Hòa Nam, Bình Thành","tru_so":"đang cập nhật","loai":"Xã","cap":2,"stt":27,"dtich_km2":134.13,"dan_so":22930,"matdo_km2":170.95,"ma_tinh":"80","ten_tinh":"Tây Ninh"}},
{"type":"Feature","geometry":{"type":"Polygon","coordinates":[[[106.4873,10.925],[106.4535,10.9419],[106.4198,10.9038],[106.4167,10.901],[106.4107,10.8993],[106.412,10.8965],[106.4119,10.8921],[106.4109,10.8862],[106.4095,10.8863],[106.4089,10.884],[106.4105,10.8824],[106.4134,10.8761],[106.4187,10.8723],[106.4253,10.8699],[106.4268,10.8737],[106.4284,10.875],[106.4321,10.8741],[106.4342,10.8725],[106.4396,10.8716],[106.4434,10.875],[106.4507,10.8763],[106.4605,10.8765],[106.4612,10.8795],[106.4734,10.8772],[106.4849,10.8766],[106.4855,10.8742],[106.4933,10.8779],[106.4989,10.8779],[106.5065,10.8768],[106.5078,10.8771],[106.5259,10.8736],[106.5316,10.8957],[106.5328,10.8997],[106.5314,10.9027],[106.5058,10.9159],[106.5036,10.9166],[106.4956,10.9209],[106.4873,10.925]]]},"properties":{"ma_xa":"27964","ten_xa":"Đức Lập","sap_nhap":"Đức Lập Hạ, Mỹ Hạnh Bắc, Đức Hòa Thượng (1 phần)","tru_so":"đang cập nhật","loai":"Xã","cap":2,"stt":32,"dtich_km2":59.41,"dan_so":31722,"matdo_km2":533.95,"ma_tinh":"80","ten_tinh":"Tây Ninh"}},
{"type":"Feature","geometry":{"type":"Polygon","coordinates":[[[106.3483,11.4208],[106.3176,11.4207],[106.3065,11.4202],[106.3022,11.4177],[106.2994,11.4173],[106.2937,11.4187],[106.2785,11.4236],[106.2652,11.4302],[106.261,11.4369],[106.2579,11.4426],[106.2556,11.4482],[106.252,11.4522],[106.2415,11.4585],[106.2321,11.466],[106.229,11.4661],[106.2204,11.4708],[106.2163,11.4677],[106.2169,11.4647],[106.2161,11.4596],[106.2163,11.4545],[106.2143,11.4542],[106.2128,11.4518],[106.2105,11.4508],[106.2088,11.4438],[106.2062,11.4422],[106.2047,11.4391],[106.2067,11.4349],[106.2043,11.4336],[106.2057,11.43],[106.2035,11.4285],[106.2005,11.4281],[106.1989,11.4295],[106.1953,11.4297],[106.1935,11.4237],[106.1922,11.4231],[106.1901,11.4174],[106.1919,11.4146],[106.1869,11.4119],[106.1879,11.4096],[106.1857,11.4061],[106.1814,11.4076],[106.1805,11.4024],[106.1823,11.3989],[106.1799,11.3982],[106.1831,11.3927],[106.1852,11.3915],[106.1855,11.3874],[106.1885,11.3889],[106.1908,11.3866],[106.1889,11.3827],[106.1888,11.3792],[106.1864,11.3752],[106.1874,11.3725],[106.1849,11.3673],[106.1825,11.3653],[106.1788,11.3652],[106.1782,11.3637],[106.1792,11.3588],[106.1789,11.3547],[106.1763,11.3525],[106.1795,11.351],[106.1791,11.3493],[106.176,11.3449],[106.1785,11.3423],[106.1777,11.3388],[106.1782,11.3357],[106.1821,11.335],[106.1831,11.3325],[106.1821,11.3311],[106.1902,11.3253],[106.1931,11.3264],[106.1957,11.3261],[106.1962,11.3283],[106.1998,11.3278],[106.2021,11.3245],[106.216,11.3183],[106.2302,11.3358],[106.2366,11.3647],[106.2459,11.3697],[106.2545,11.3729],[106.2565,11.3686],[106.2583,11.3675],[106.2651,11.3686],[106.2904,11.355],[106.3288,11.3624],[106.3297,11.3633],[106.3391,11.3793],[106.3483,11.4208]]]},"properties":{"ma_xa":"25552","ten_xa":"Dương Minh Châu","sap_nhap":"Dương Minh Châu (thị trấn), Phan (1 phần), Suối Đá (1 phần), Phước Minh (1 phần)","tru_so":"đang cập nhật","loai":"Xã","cap":2,"stt":78,"dtich_km2":177.15,"dan_so":35878,"matdo_km2":202.53,"ma_tinh":"80","ten_tinh":"Tây Ninh"}},
{"type":"Feature","geometry":{"type":"Polygon","coordinates":[[[106.3802,11.0491],[106.3814,11.0535],[106.3847,11.0593],[106.3826,11.0607],[106.3829,11.065],[106.3793,11.0659],[106.3755,11.0701],[106.3744,11.0725],[106.3708,11.073],[106.3711,11.0709],[106.3671,11.0702],[106.36,11.0835],[106.3591,11.097],[106.3564,11.1047],[106.3558,11.1096],[106.3563,11.1155],[106.3553,11.1194],[106.3528,11.1201],[106.3531,11.1259],[106.3574,11.1291],[106.3498,11.1368],[106.3293,11.1584],[106.3285,11.1584],[106.3109,11.1411],[106.3102,11.1369],[106.3113,11.1345],[106.3106,11.1299],[106.312,11.1238],[106.3136,11.1207],[106.3143,11.1154],[106.3101,11.1103],[106.3069,11.1099],[106.3022,11.1079],[106.3006,11.1058],[106.3043,11.0998],[106.3089,11.1012],[106.3194,11.0972],[106.3268,11.0951],[106.3274,11.0924],[106.3358,11.0746],[106.3422,11.0651],[106.3381,11.0611],[106.3315,11.0599],[106.3294,11.0553],[106.3491,11.0377],[106.3504,11.0392],[106.3483,11.041],[106.3525,11.0444],[106.3595,11.0444],[106.3607,11.0503],[106.3689,11.0498],[106.3741,11.0483],[106.3802,11.0491]]]},"properties":{"ma_xa":"25672","ten_xa":"Gia Lộc","sap_nhap":"Phước Đông (huyện Gò Dầu), Gia Lộc","tru_so":"đang cập nhật","loai":"Phường","cap":2,"stt":70,"dtich_km2":50.26,"dan_so":37354,"matdo_km2":743.22,"ma_tinh":"80","ten_tinh":"Tây Ninh"}},
{"type":"Feature","geometry":{"type":"Polygon","coordinates":[[[106.3294,11.0553],[106.3315,11.0599],[106.3381,11.0611],[106.3422,11.0651],[106.3358,11.0746],[106.3274,11.0924],[106.3268,11.0951],[106.3194,11.0972],[106.3089,11.1012],[106.3043,11.0998],[106.3006,11.1058],[106.2937,11.1033],[106.2869,11.0995],[106.2809,11.0977],[106.2762,11.0989],[106.2734,11.1007],[106.267,11.1023],[106.2615,11.1052],[106.2587,11.1004],[106.2566,11.0994],[106.2541,11.0938],[106.2584,11.0911],[106.2623,11.0814],[106.2664,11.0748],[106.2693,11.0676],[106.2696,11.0635],[106.2682,11.061],[106.265,11.0582],[106.2626,11.0547],[106.2636,11.0519],[106.2665,11.0495],[106.2708,11.0471],[106.2762,11.0538],[106.28,11.0558],[106.2845,11.0573],[106.2864,11.0565],[106.2875,11.0488],[106.2916,11.0488],[106.2994,11.0464],[106.2977,11.0414],[106.301,11.0419],[106.304,11.0406],[106.3068,11.0415],[106.3086,11.0447],[106.312,11.0447],[106.3178,11.0505],[106.3243,11.0531],[106.3274,11.0531],[106.3294,11.0553]]]},"properties":{"ma_xa":"25654","ten_xa":"Gò Dầu","sap_nhap":"Gia Bình, Gò Dầu (thị trấn), Thanh Phước","tru_so":"đang cập nhật","loai":"Phường","cap":2,"stt":69,"dtich_km2":43.09,"dan_so":66340,"matdo_km2":1539.57,"ma_tinh":"80","ten_tinh":"Tây Ninh"}},
{"type":"Feature","geometry":{"type":"Polygon","coordinates":[[[106.0232,11.4149],[106.0209,11.415],[106.0182,11.4172],[106.0168,11.4212],[106.0125,11.4215],[106.0135,11.4238],[106.0117,11.429],[106.0089,11.4279],[106.0052,11.4304],[106.0052,11.4329],[106.002,11.4326],[105.9968,11.4356],[105.9971,11.4407],[105.995,11.442],[105.9894,11.4425],[105.985,11.4413],[105.9824,11.4464],[105.9833,11.4504],[105.9787,11.4539],[105.9749,11.4522],[105.965,11.4521],[105.9683,11.45],[105.9664,11.4484],[105.9677,11.4458],[105.973,11.4442],[105.9721,11.4419],[105.9684,11.4408],[105.9717,11.4363],[105.9732,11.4375],[105.9763,11.4345],[105.9751,11.4292],[105.972,11.4281],[105.9705,11.4212],[105.9681,11.4192],[105.9662,11.4153],[105.9624,11.416],[105.9615,11.4143],[105.9589,11.4158],[105.9567,11.4131],[105.9576,11.411],[105.9564,11.4086],[105.957,11.4046],[105.9552,11.4002],[105.9576,11.3999],[105.9632,11.3939],[105.9606,11.39],[105.9624,11.3853],[105.9573,11.3832],[105.9591,11.379],[105.9566,11.3768],[105.9572,11.375],[105.955,11.3732],[105.9548,11.3698],[105.9519,11.3694],[105.9543,11.3665],[105.9606,11.363],[105.9581,11.3575],[105.9559,11.357],[105.9552,11.3544],[105.9517,11.3525],[105.9533,11.3494],[105.9565,11.3491],[105.9597,11.3462],[105.9635,11.3497],[105.9673,11.3467],[105.9695,11.3435],[105.9698,11.3413],[105.967,11.3394],[105.9632,11.3388],[105.9638,11.3367],[105.9685,11.3335],[105.9702,11.3295],[105.9732,11.3279],[105.9785,11.3311],[105.9826,11.329],[105.9837,11.3255],[105.9831,11.3165],[105.9818,11.3133],[105.9829,11.3105],[105.9904,11.3063],[105.9959,11.3045],[105.9989,11.3046],[106.0034,11.309],[106.0066,11.3092],[106.0123,11.307],[106.0132,11.3023],[106.0104,11.295],[106.0084,11.2936],[106.0032,11.2939],[105.9989,11.2914],[105.9986,11.2903],[106.0013,11.2836],[106.0024,11.2797],[106.0059,11.276],[106.0103,11.2744],[106.0142,11.2744],[106.0207,11.2764],[106.0226,11.2756],[106.0259,11.2822],[106.0255,11.2862],[106.0262,11.2892],[106.0265,11.2955],[106.0274,11.2987],[106.0262,11.3029],[106.0287,11.3035],[106.03,11.3054],[106.0333,11.3044],[106.0344,11.3091],[106.0303,11.3081],[106.0296,11.3058],[106.0262,11.3037],[106.0246,11.3012],[106.0211,11.3048],[106.0184,11.306],[106.0186,11.3129],[106.0172,11.3253],[106.0228,11.3356],[106.0156,11.3508],[106.0182,11.3551],[106.0178,11.3589],[106.0192,11.3629],[106.0227,11.365],[106.024,11.3679],[106.0224,11.3728],[106.0212,11.3805],[106.0198,11.3816],[106.0197,11.3903],[106.022,11.3914],[106.0225,11.3943],[106.0232,11.4149]]]},"properties":{"ma_xa":"25588","ten_xa":"Hảo Đước","sap_nhap":"An Cơ, Trí Bình, Hảo Đước","tru_so":"đang cập nhật","loai":"Xã","cap":2,"stt":93,"dtich_km2":93.75,"dan_so":32503,"matdo_km2":346.7,"ma_tinh":"80","ten_tinh":"Tây Ninh"}},
{"type":"Feature","geometry":{"type":"Polygon","coordinates":[[[106.426,10.963],[106.4117,10.9737],[106.3735,10.9695],[106.3697,10.9742],[106.3618,10.9847],[106.3589,10.9826],[106.3603,10.9791],[106.3574,10.9773],[106.3552,10.9718],[106.3545,10.9683],[106.3515,10.9651],[106.3483,10.9642],[106.3528,10.9578],[106.3537,10.9511],[106.3551,10.951],[106.3569,10.9471],[106.3608,10.9347],[106.3674,10.9324],[106.3661,10.9252],[106.3656,10.9199],[106.3646,10.9191],[106.3659,10.9151],[106.3709,10.9156],[106.3744,10.9186],[106.3793,10.9185],[106.3788,10.9139],[106.3808,10.9141],[106.3832,10.9043],[106.3851,10.9005],[106.384,10.8932],[106.3873,10.8937],[106.3884,10.8906],[106.3911,10.8908],[106.3925,10.8873],[106.3956,10.8878],[106.3983,10.8813],[106.4024,10.8855],[106.4051,10.8866],[106.4095,10.8863],[106.4109,10.8862],[106.4119,10.8921],[106.412,10.8965],[106.4107,10.8993],[106.4167,10.901],[106.4198,10.9038],[106.4535,10.9419],[106.44,10.9521],[106.426,10.963]]]},"properties":{"ma_xa":"27931","ten_xa":"Hậu Nghĩa","sap_nhap":"Hậu Nghĩa (thị trấn), Đức Lập Thượng, Tân Mỹ","tru_so":"đang cập nhật","loai":"Xã","cap":2,"stt":30,"dtich_km2":66.48,"dan_so":46745,"matdo_km2":703.14,"ma_tinh":"80","ten_tinh":"Tây Ninh"}},
{"type":"Feature","geometry":{"type":"Polygon","coordinates":[[[105.9274,10.7054],[105.9012,10.7109],[105.8998,10.7078],[105.8913,10.7106],[105.8871,10.6909],[105.8727,10.6897],[105.867,10.6897],[105.8607,10.6928],[105.8576,10.6879],[105.854,10.6873],[105.843,10.6934],[105.8311,10.6981],[105.827,10.7002],[105.8191,10.7014],[105.8197,10.6976],[105.8171,10.695],[105.8161,10.6836],[105.8146,10.6821],[105.8144,10.6788],[105.8089,10.6536],[105.8077,10.6537],[105.8094,10.6516],[105.8215,10.646],[105.8347,10.6383],[105.8508,10.6169],[105.8617,10.6016],[105.8722,10.5875],[105.8741,10.596],[105.8793,10.5952],[105.88,10.5998],[105.883,10.6094],[105.8938,10.6073],[105.8944,10.6101],[105.9,10.6364],[105.8989,10.6366],[105.9064,10.6547],[105.9073,10.6545],[105.9089,10.6618],[105.9141,10.6764],[105.9179,10.6865],[105.9212,10.6892],[105.9212,10.6902],[105.9274,10.7054]]]},"properties":{"ma_xa":"27841","ten_xa":"Hậu Thạnh","sap_nhap":"Hậu Thạnh Đông, Hậu Thạnh Tây, Bắc Hòa (1 phần)","tru_so":"đang cập nhật","loai":"Xã","cap":2,"stt":13,"dtich_km2":93.82,"dan_so":19336,"matdo_km2":206.1,"ma_tinh":"80","ten_tinh":"Tây Ninh"}},
{"type":"Feature","geometry":{"type":"Polygon","coordinates":[[[106.3483,10.9642],[106.3438,10.9705],[106.34,10.9661],[106.3368,10.9667],[106.3341,10.9645],[106.3318,10.964],[106.3323,10.9604],[106.3343,10.9592],[106.3346,10.9566],[106.3287,10.9535],[106.3272,10.9479],[106.3238,10.9482],[106.3232,10.946],[106.3192,10.9461],[106.3183,10.9403],[106.321,10.9373],[106.3177,10.9344],[106.3158,10.9304],[106.3138,10.9292],[106.3074,10.928],[106.3043,10.9285],[106.3021,10.9276],[106.3032,10.9205],[106.303,10.9124],[106.3034,10.909],[106.3054,10.9065],[106.3125,10.9034],[106.3197,10.9011],[106.3264,10.8995],[106.3333,10.8955],[106.3369,10.8921],[106.3398,10.8884],[106.3404,10.8848],[106.3388,10.8809],[106.3361,10.8772],[106.3349,10.874],[106.3352,10.8708],[106.3369,10.8672],[106.3418,10.8626],[106.345,10.8658],[106.3483,10.8678],[106.356,10.8703],[106.3645,10.8669],[106.3788,10.8821],[106.3801,10.8915],[106.384,10.8932],[106.3851,10.9005],[106.3832,10.9043],[106.3808,10.9141],[106.3788,10.9139],[106.3793,10.9185],[106.3744,10.9186],[106.3709,10.9156],[106.3659,10.9151],[106.3646,10.9191],[106.3656,10.9199],[106.3661,10.9252],[106.3674,10.9324],[106.3608,10.9347],[106.3569,10.9471],[106.3551,10.951],[106.3537,10.9511],[106.3528,10.9578],[106.3483,10.9642]]]},"properties":{"ma_xa":"27952","ten_xa":"Hiệp Hòa","sap_nhap":"Tân Phú (huyện Đức Hòa), Hiệp Hòa, Hiệp Hòa (thị trấn)","tru_so":"đang cập nhật","loai":"Xã","cap":2,"stt":29,"dtich_km2":55.02,"dan_so":32869,"matdo_km2":597.4,"ma_tinh":"80","ten_tinh":"Tây Ninh"}},
{"type":"Feature","geometry":{"type":"Polygon","coordinates":[[[105.9533,11.3494],[105.9501,11.3467],[105.946,11.3466],[105.942,11.3489],[105.941,11.3522],[105.9385,11.3544],[105.935,11.35],[105.9316,11.3526],[105.9242,11.357],[105.9194,11.3573],[105.9195,11.3596],[105.9231,11.366],[105.9251,11.3678],[105.9269,11.3671],[105.9286,11.3637],[105.9315,11.3649],[105.9287,11.3683],[105.9274,11.3722],[105.9238,11.3716],[105.9198,11.3725],[105.9186,11.3704],[105.9123,11.3707],[105.9075,11.3696],[105.9056,11.3699],[105.9039,11.373],[105.9052,11.3781],[105.9034,11.3794],[105.9003,11.3784],[105.8986,11.3794],[105.8999,11.383],[105.8978,11.3854],[105.895,11.3853],[105.8943,11.3877],[105.8959,11.3914],[105.8956,11.3932],[105.8925,11.3957],[105.8899,11.3966],[105.8892,11.3991],[105.8934,11.4027],[105.8947,11.407],[105.8918,11.4088],[105.8896,11.4116],[105.8862,11.4139],[105.8856,11.4117],[105.8828,11.4109],[105.8803,11.407],[105.8768,11.4069],[105.8717,11.4046],[105.8798,11.3898],[105.8734,11.3817],[105.8739,11.375],[105.8725,11.3738],[105.8773,11.3713],[105.8818,11.3727],[105.8819,11.3691],[105.8836,11.3681],[105.8827,11.3626],[105.8837,11.3589],[105.8793,11.353],[105.8782,11.3492],[105.8783,11.3448],[105.8751,11.3358],[105.8751,11.3318],[105.8741,11.3274],[105.8703,11.3232],[105.8674,11.3176],[105.8676,11.3152],[105.8706,11.3102],[105.8706,11.3078],[105.8689,11.3011],[105.8695,11.299],[105.8648,11.2941],[105.8628,11.2875],[105.8643,11.284],[105.867,11.2812],[105.8722,11.2835],[105.8771,11.2877],[105.8895,11.2879],[105.8981,11.285],[105.9045,11.2841],[105.909,11.2843],[105.9078,11.281],[105.9079,11.2753],[105.916,11.277],[105.9195,11.28],[105.9222,11.2852],[105.9278,11.285],[105.9267,11.2877],[105.9279,11.2892],[105.9356,11.2898],[105.9415,11.2888],[105.9458,11.2908],[105.9466,11.2867],[105.9489,11.2836],[105.9536,11.2793],[105.9588,11.277],[105.9635,11.2732],[105.9685,11.2753],[105.9728,11.2784],[105.9742,11.2806],[105.9769,11.2903],[105.9785,11.2918],[105.9824,11.292],[105.9882,11.2915],[105.9924,11.293],[105.9978,11.2927],[105.9989,11.2914],[106.0032,11.2939],[106.0084,11.2936],[106.0104,11.295],[106.0132,11.3023],[106.0123,11.307],[106.0066,11.3092],[106.0034,11.309],[105.9989,11.3046],[105.9959,11.3045],[105.9904,11.3063],[105.9829,11.3105],[105.9818,11.3133],[105.9831,11.3165],[105.9837,11.3255],[105.9826,11.329],[105.9785,11.3311],[105.9732,11.3279],[105.9702,11.3295],[105.9685,11.3335],[105.9638,11.3367],[105.9632,11.3388],[105.967,11.3394],[105.9698,11.3413],[105.9695,11.3435],[105.9673,11.3467],[105.9635,11.3497],[105.9597,11.3462],[105.9565,11.3491],[105.9533,11.3494]]]},"properties":{"ma_xa":"25606","ten_xa":"Hòa Hội","sap_nhap":"Biên Giới, Hòa Thạnh, Hòa Hội","tru_so":"đang cập nhật","loai":"Xã","cap":2,"stt":90,"dtich_km2":111.3,"dan_so":14395,"matdo_km2":129.34,"ma_tinh":"80","ten_tinh":"Tây Ninh"}},
{"type":"Feature","geometry":{"type":"Polygon","coordinates":[[[106.4095,10.8863],[106.4051,10.8866],[106.4024,10.8855],[106.3983,10.8813],[106.3956,10.8878],[106.3925,10.8873],[106.3911,10.8908],[106.3884,10.8906],[106.3873,10.8937],[106.384,10.8932],[106.3801,10.8915],[106.3788,10.8821],[106.3645,10.8669],[106.356,10.8703],[106.3483,10.8678],[106.345,10.8658],[106.3418,10.8626],[106.3427,10.8599],[106.3419,10.8562],[106.3392,10.8518],[106.3383,10.8469],[106.3398,10.8446],[106.3453,10.8425],[106.3511,10.842],[106.3572,10.8423],[106.3595,10.8397],[106.357,10.836],[106.3564,10.8324],[106.3578,10.827],[106.3614,10.822],[106.3639,10.8206],[106.368,10.8198],[106.3733,10.822],[106.3777,10.8264],[106.3812,10.8267],[106.3846,10.8254],[106.3909,10.8184],[106.3918,10.8152],[106.391,10.8083],[106.3948,10.8093],[106.3965,10.8129],[106.3997,10.817],[106.4062,10.8209],[106.4106,10.8242],[106.4233,10.8201],[106.4319,10.8183],[106.4349,10.817],[106.437,10.8203],[106.4366,10.8268],[106.4377,10.8317],[106.4401,10.8346],[106.4408,10.8391],[106.4409,10.8432],[106.4392,10.8438],[106.4373,10.8479],[106.4321,10.8567],[106.4318,10.8601],[106.4253,10.8699],[106.4187,10.8723],[106.4134,10.8761],[106.4105,10.8824],[106.4089,10.884],[106.4095,10.8863]]]},"properties":{"ma_xa":"27979","ten_xa":"Hòa Khánh","sap_nhap":"Hòa Khánh Tây, Hòa Khánh Nam, Hòa Khánh Đông","tru_so":"đang cập nhật","loai":"Xã","cap":2,"stt":31,"dtich_km2":59.75,"dan_so":35638,"matdo_km2":596.45,"ma_tinh":"80","ten_tinh":"Tây Ninh"}},
{"type":"Feature","geometry":{"type":"Polygon","coordinates":[[[106.1236,11.2873],[106.1212,11.2887],[106.1132,11.2785],[106.1085,11.2769],[106.0957,11.2711],[106.0933,11.2689],[106.0931,11.2588],[106.095,11.2592],[106.094,11.2532],[106.0926,11.2526],[106.0936,11.2456],[106.0927,11.2412],[106.0905,11.2389],[106.0907,11.2359],[106.0874,11.2315],[106.0885,11.2289],[106.0932,11.2296],[106.0961,11.2325],[106.1009,11.2349],[106.1023,11.2368],[106.1021,11.2414],[106.1044,11.2451],[106.1147,11.2486],[106.1198,11.2445],[106.1228,11.2402],[106.1251,11.2391],[106.1304,11.2401],[106.1351,11.2393],[106.1361,11.241],[106.1394,11.2415],[106.136,11.2802],[106.1259,11.2789],[106.1237,11.2803],[106.1226,11.2826],[106.1236,11.2873]]]},"properties":{"ma_xa":"25645","ten_xa":"Hòa Thành","sap_nhap":"Long Thành Trung, Long Thành Nam","tru_so":"đang cập nhật","loai":"Phường","cap":2,"stt":65,"dtich_km2":20.42,"dan_so":40968,"matdo_km2":2006.27,"ma_tinh":"80","ten_tinh":"Tây Ninh"}},
{"type":"Feature","geometry":{"type":"Polygon","coordinates":[[[105.6874,10.9294],[105.6303,10.9782],[105.6195,10.9755],[105.5926,10.9673],[105.5831,10.965],[105.5741,10.9624],[105.5655,10.9618],[105.5514,10.9589],[105.5391,10.9526],[105.5375,10.9522],[105.5177,10.9498],[105.5051,10.949],[105.5001,10.9526],[105.5036,10.9454],[105.5091,10.9365],[105.5142,10.9254],[105.5142,10.9231],[105.5187,10.9216],[105.5671,10.8992],[105.574,10.8966],[105.5827,10.8921],[105.5885,10.8803],[105.6038,10.8943],[105.6208,10.8876],[105.6571,10.8996],[105.6797,10.9069],[105.7059,10.915],[105.6874,10.9294]]]},"properties":{"ma_xa":"27727","ten_xa":"Hưng Điền","sap_nhap":"Hưng Hà, Hưng Điền B, Hưng Điền","tru_so":"đang cập nhật","loai":"Xã","cap":2,"stt":1,"dtich_km2":131.16,"dan_so":19308,"matdo_km2":147.21,"ma_tinh":"80","ten_tinh":"Tây Ninh"}},
{"type":"Feature","geometry":{"type":"Polygon","coordinates":[[[106.373,11.2411],[106.3705,11.2447],[106.3659,11.2418],[106.3624,11.2381],[106.3583,11.2404],[106.3559,11.2467],[106.3543,11.2456],[106.3564,11.2406],[106.3587,11.2377],[106.355,11.216],[106.3529,11.2135],[106.3279,11.1896],[106.326,11.1863],[106.3335,11.1788],[106.3386,11.1727],[106.3338,11.1687],[106.3361,11.1659],[106.3392,11.1645],[106.3307,11.1589],[106.3293,11.1584],[106.3498,11.1368],[106.3574,11.1291],[106.3664,11.1305],[106.371,11.1291],[106.3757,11.1244],[106.3789,11.1238],[106.3867,11.1243],[106.3879,11.122],[106.3931,11.1192],[106.3997,11.1167],[106.3988,11.1151],[106.4026,11.1134],[106.4063,11.1088],[106.4265,11.0844],[106.426,11.0916],[106.4308,11.0921],[106.4315,11.0983],[106.4338,11.1002],[106.4374,11.1099],[106.4374,11.1116],[106.4425,11.1159],[106.4447,11.1263],[106.4484,11.1308],[106.4478,11.136],[106.4441,11.1361],[106.436,11.141],[106.4347,11.1433],[106.4299,11.1489],[106.432,11.1502],[106.4366,11.1558],[106.4359,11.1617],[106.4335,11.1645],[106.4326,11.171],[106.4314,11.1735],[106.429,11.1743],[106.4259,11.1705],[106.4233,11.1709],[106.4162,11.1744],[106.4099,11.1736],[106.4103,11.1774],[106.4093,11.1804],[106.4104,11.1828],[106.4049,11.1849],[106.402,11.1821],[106.3982,11.1817],[106.3943,11.1846],[106.3889,11.1852],[106.3837,11.1942],[106.3845,11.2005],[106.3867,11.2028],[106.3876,11.2091],[106.3887,11.2132],[106.3838,11.2151],[106.3798,11.2189],[106.3821,11.2244],[106.3837,11.2265],[106.3835,11.2285],[106.3783,11.2295],[106.378,11.2342],[106.373,11.2411]]]},"properties":{"ma_xa":"25711","ten_xa":"Hưng Thuận","sap_nhap":"Đôn Thuận, Hưng Thuận","tru_so":"đang cập nhật","loai":"Xã","cap":2,"stt":71,"dtich_km2":102.72,"dan_so":26546,"matdo_km2":258.43,"ma_tinh":"80","ten_tinh":"Tây Ninh"}},
{"type":"Feature","geometry":{"type":"Polygon","coordinates":[[[106.3978,10.5081],[106.3929,10.5093],[106.3917,10.5113],[106.3917,10.5152],[106.3897,10.5179],[106.3857,10.5204],[106.3824,10.5215],[106.3807,10.5261],[106.3774,10.5302],[106.3783,10.5312],[106.378,10.5355],[106.3797,10.5382],[106.3828,10.5407],[106.3814,10.5491],[106.3767,10.5507],[106.3736,10.5526],[106.3703,10.5565],[106.3689,10.5606],[106.3671,10.5585],[106.3565,10.5506],[106.3519,10.5482],[106.3481,10.5447],[106.3471,10.5423],[106.3489,10.5408],[106.3479,10.5364],[106.3477,10.5289],[106.3506,10.5287],[106.3557,10.5225],[106.3591,10.5214],[106.3609,10.5236],[106.3693,10.5177],[106.3665,10.5112],[106.3717,10.5063],[106.3709,10.5014],[106.3686,10.498],[106.3745,10.4942],[106.3706,10.4878],[106.3742,10.4862],[106.3801,10.482],[106.3792,10.4808],[106.3846,10.479],[106.3854,10.4774],[106.3895,10.4769],[106.393,10.4921],[106.3947,10.4965],[106.3978,10.5081]]]},"properties":{"ma_xa":"27715","ten_xa":"Khánh Hậu","sap_nhap":"Tân Khánh, Khánh Hậu, Lợi Bình Nhơn","tru_so":"đang cập nhật","loai":"Phường","cap":2,"stt":60,"dtich_km2":22.81,"dan_so":28965,"matdo_km2":1269.84,"ma_tinh":"80","ten_tinh":"Tây Ninh"}},
{"type":"Feature","geometry":{"type":"Polygon","coordinates":[[[105.8305,10.9456],[105.8084,10.9727],[105.8072,10.9754],[105.7981,10.9944],[105.791,11.0083],[105.7797,11.0321],[105.7765,11.0322],[105.7715,11.0306],[105.7695,11.0308],[105.7593,11.0279],[105.7527,11.0251],[105.7462,11.0268],[105.7421,11.0273],[105.7297,11.0255],[105.7183,11.0212],[105.7081,11.0148],[105.7018,11.0099],[105.6982,11.0047],[105.6952,11.0021],[105.6858,10.9967],[105.6807,10.9947],[105.6681,10.9878],[105.6572,10.9845],[105.6417,10.9814],[105.6303,10.9782],[105.6874,10.9294],[105.7097,10.9356],[105.7396,10.9617],[105.7501,10.9511],[105.7715,10.9291],[105.7727,10.9264],[105.7762,10.9245],[105.7812,10.9251],[105.7862,10.9215],[105.7908,10.9168],[105.7985,10.9124],[105.8052,10.9279],[105.8072,10.9263],[105.8128,10.9274],[105.8179,10.9297],[105.8205,10.9339],[105.8191,10.9395],[105.8221,10.9418],[105.8242,10.9408],[105.8305,10.9456]]]},"properties":{"ma_xa":"27763","ten_xa":"Khánh Hưng","sap_nhap":"Hưng Điền A, Thái Bình Trung (1 phần), Vĩnh Trị (1 phần), Thái Trị (1 phần), Khánh Hưng (1 phần)","tru_so":"đang cập nhật","loai":"Xã","cap":2,"stt":7,"dtich_km2":145.09,"dan_so":20347,"matdo_km2":140.24,"ma_tinh":"80","ten_tinh":"Tây Ninh"}},
{"type":"Feature","geometry":{"type":"Polygon","coordinates":[[[105.9549,10.7689],[105.9496,10.7745],[105.9437,10.7788],[105.9402,10.7805],[105.9333,10.7811],[105.9283,10.7836],[105.9229,10.7851],[105.9213,10.7843],[105.9198,10.7783],[105.9177,10.7757],[105.9178,10.7699],[105.9141,10.7628],[105.911,10.7599],[105.9102,10.758],[105.9253,10.7409],[105.9223,10.7306],[105.9324,10.7288],[105.9432,10.732],[105.9433,10.7338],[105.9493,10.7328],[105.9522,10.7355],[105.9569,10.7366],[105.9585,10.7389],[105.9597,10.7446],[105.9616,10.7456],[105.9652,10.7456],[105.9654,10.7436],[105.9684,10.7425],[105.9701,10.7431],[105.9713,10.753],[105.9706,10.756],[105.9669,10.7605],[105.9629,10.7613],[105.9594,10.7635],[105.9549,10.7689]]]},"properties":{"ma_xa":"27787","ten_xa":"Kiến Tường","sap_nhap":"Phường 1 (thị xã Kiến Tường), Phường 2 (thị xã Kiến Tường), Phường 3 (thị xã Kiến Tường)","tru_so":"đang cập nhật","loai":"Phường","cap":2,"stt":10,"dtich_km2":26.28,"dan_so":23738,"matdo_km2":903.27,"ma_tinh":"80","ten_tinh":"Tây Ninh"}},
{"type":"Feature","geometry":{"type":"Polygon","coordinates":[[[106.3559,11.2467],[106.3511,11.2488],[106.3526,11.2522],[106.3566,11.2553],[106.3606,11.2558],[106.3611,11.2587],[106.3636,11.2594],[106.3639,11.2618],[106.3623,11.2631],[106.3591,11.2608],[106.3539,11.2618],[106.3507,11.2635],[106.3529,11.2665],[106.3541,11.2725],[106.3538,11.2766],[106.3551,11.2802],[106.3535,11.2834],[106.3564,11.2844],[106.3547,11.2882],[106.3468,11.2894],[106.3449,11.2874],[106.3432,11.283],[106.3408,11.2857],[106.3414,11.2891],[106.3411,11.2938],[106.3446,11.2935],[106.3424,11.297],[106.3396,11.298],[106.3356,11.295],[106.3352,11.2991],[106.3376,11.3025],[106.3417,11.3123],[106.3441,11.3196],[106.3458,11.323],[106.3439,11.3282],[106.3399,11.3281],[106.3394,11.332],[106.3374,11.3347],[106.3311,11.3392],[106.3273,11.3411],[106.3269,11.3447],[106.3301,11.3473],[106.3331,11.351],[106.332,11.3529],[106.3378,11.3594],[106.3351,11.3613],[106.3339,11.3639],[106.3372,11.3649],[106.3419,11.363],[106.3455,11.3641],[106.345,11.3672],[106.3465,11.3727],[106.3462,11.375],[106.3483,11.3771],[106.351,11.3758],[106.3513,11.3844],[106.3505,11.3865],[106.3525,11.3883],[106.3545,11.3932],[106.3578,11.3926],[106.359,11.3969],[106.3605,11.3984],[106.3601,11.4026],[106.3604,11.409],[106.3588,11.4144],[106.3599,11.4197],[106.3645,11.4222],[106.3655,11.424],[106.3483,11.4208],[106.3391,11.3793],[106.3297,11.3633],[106.3288,11.3624],[106.2904,11.355],[106.2954,11.3521],[106.2998,11.3474],[106.2954,11.3437],[106.3016,11.3371],[106.284,11.3111],[106.281,11.3073],[106.2781,11.3066],[106.2788,11.3013],[106.2749,11.3008],[106.275,11.2958],[106.2792,11.2955],[106.2878,11.2887],[106.2818,11.2873],[106.2784,11.283],[106.2768,11.279],[106.2752,11.2801],[106.2705,11.2733],[106.2683,11.2727],[106.2677,11.2699],[106.2692,11.2687],[106.2735,11.2575],[106.2777,11.2519],[106.2772,11.2492],[106.2801,11.2411],[106.2851,11.2431],[106.2865,11.2378],[106.2861,11.2327],[106.2879,11.2284],[106.2912,11.2298],[106.3,11.2292],[106.3002,11.2258],[106.3038,11.2273],[106.3094,11.2259],[106.3164,11.2258],[106.3252,11.2306],[106.3286,11.2265],[106.3308,11.2253],[106.3351,11.2204],[106.3363,11.2163],[106.3392,11.2133],[106.3419,11.2135],[106.3466,11.2164],[106.3498,11.2169],[106.3525,11.2152],[106.3529,11.2135],[106.355,11.216],[106.3587,11.2377],[106.3564,11.2406],[106.3543,11.2456],[106.3559,11.2467]]]},"properties":{"ma_xa":"25579","ten_xa":"Lộc Ninh","sap_nhap":"Bến Củi, Lộc Ninh, Phước Minh (1 phần)","tru_so":"đang cập nhật","loai":"Xã","cap":2,"stt":76,"dtich_km2":90.25,"dan_so":29346,"matdo_km2":325.16,"ma_tinh":"80","ten_tinh":"Tây Ninh"}},
{"type":"Feature","geometry":{"type":"Polygon","coordinates":[[[106.4423,10.5741],[106.4389,10.5751],[106.4328,10.5786],[106.4234,10.568],[106.421,10.5645],[106.4195,10.5686],[106.4151,10.5694],[106.4123,10.5716],[106.4047,10.5713],[106.4051,10.5738],[106.3906,10.5734],[106.39,10.5758],[106.3857,10.5764],[106.3832,10.5751],[106.3836,10.5729],[106.3821,10.5686],[106.3767,10.5648],[106.3697,10.5621],[106.3689,10.5606],[106.3703,10.5565],[106.3736,10.5526],[106.3767,10.5507],[106.3814,10.5491],[106.3828,10.5407],[106.3797,10.5382],[106.378,10.5355],[106.3783,10.5312],[106.3774,10.5302],[106.3807,10.5261],[106.3824,10.5215],[106.3857,10.5204],[106.3897,10.5179],[106.3917,10.5152],[106.3917,10.5113],[106.3929,10.5093],[106.3978,10.5081],[106.4056,10.527],[106.4084,10.5284],[106.4196,10.5257],[106.4215,10.5208],[106.4263,10.5214],[106.4301,10.5266],[106.4308,10.5311],[106.4313,10.54],[106.4367,10.5397],[106.4381,10.5456],[106.4395,10.5462],[106.4297,10.5533],[106.4404,10.5723],[106.4423,10.5741]]]},"properties":{"ma_xa":"27694","ten_xa":"Long An","sap_nhap":"Phường 1 (thành phố Tân An), Phường 3 (thành phố Tân An), Phường 4, Phường 5, Phường 6, Hướng Thọ Phú, Bình Thạnh (huyện Thủ Thừa, 1 phần)","tru_so":"đang cập nhật","loai":"Phường","cap":2,"stt":58,"dtich_km2":34.9,"dan_so":106667,"matdo_km2":3056.36,"ma_tinh":"80","ten_tinh":"Tây Ninh"}},
{"type":"Feature","geometry":{"type":"Polygon","coordinates":[[[106.5505,10.6079],[106.5457,10.6068],[106.5437,10.6086],[106.5403,10.6068],[106.5337,10.608],[106.5291,10.6108],[106.5247,10.6165],[106.5186,10.6163],[106.5175,10.6152],[106.5094,10.6169],[106.508,10.6183],[106.5021,10.6178],[106.4993,10.6191],[106.494,10.6167],[106.4918,10.6138],[106.4838,10.6138],[106.4825,10.6053],[106.4837,10.5974],[106.4853,10.5923],[106.4879,10.5881],[106.4972,10.5779],[106.5018,10.5747],[106.5161,10.5657],[106.5162,10.568],[106.5198,10.5684],[106.5207,10.5707],[106.5254,10.5776],[106.5261,10.5794],[106.5321,10.5817],[106.5349,10.5809],[106.5352,10.5779],[106.5371,10.5777],[106.5385,10.5811],[106.5423,10.5807],[106.5441,10.5774],[106.5482,10.5755],[106.5493,10.5771],[106.5541,10.58],[106.5551,10.579],[106.5603,10.5785],[106.5617,10.5827],[106.5602,10.5888],[106.5586,10.5905],[106.5586,10.5973],[106.5561,10.5997],[106.553,10.5994],[106.5505,10.6079]]]},"properties":{"ma_xa":"28126","ten_xa":"Long Cang","sap_nhap":"Long Định, Phước Vân, Long Cang","tru_so":"đang cập nhật","loai":"Xã","cap":2,"stt":40,"dtich_km2":31.73,"dan_so":32686,"matdo_km2":1030.13,"ma_tinh":"80","ten_tinh":"Tây Ninh"}},
{"type":"Feature","geometry":{"type":"Polygon","coordinates":[[[106.1351,11.2393],[106.1304,11.2401],[106.1251,11.2391],[106.1228,11.2402],[106.1198,11.2445],[106.1147,11.2486],[106.1044,11.2451],[106.1021,11.2414],[106.1023,11.2368],[106.1009,11.2349],[106.0961,11.2325],[106.0932,11.2296],[106.0885,11.2289],[106.0874,11.2315],[106.0856,11.2346],[106.083,11.2352],[106.0803,11.2339],[106.076,11.2301],[106.0721,11.2293],[106.0706,11.2229],[106.0725,11.216],[106.0717,11.2106],[106.0699,11.2056],[106.0728,11.2023],[106.079,11.1926],[106.0802,11.19],[106.0775,11.1842],[106.0768,11.1792],[106.0704,11.1796],[106.063,11.1788],[106.0425,11.1827],[106.0347,11.1899],[106.0282,11.1908],[106.0189,11.1886],[106.0147,11.186],[106.0166,11.1665],[106.0173,11.1571],[106.0186,11.1509],[106.0206,11.1458],[106.0254,11.1396],[106.0313,11.1359],[106.0437,11.1302],[106.0549,11.1227],[106.0596,11.119],[106.0622,11.1206],[106.0586,11.1248],[106.0606,11.1291],[106.0588,11.1297],[106.0603,11.1368],[106.0599,11.1426],[106.0599,11.1552],[106.0708,11.1591],[106.079,11.1624],[106.0789,11.1659],[106.082,11.1729],[106.0859,11.1702],[106.0941,11.1715],[106.0965,11.1739],[106.1002,11.1756],[106.1047,11.1763],[106.1085,11.1743],[106.1089,11.1689],[106.1124,11.1637],[106.1139,11.1646],[106.1176,11.1621],[106.1242,11.1601],[106.126,11.1584],[106.1269,11.1548],[106.132,11.1538],[106.135,11.1586],[106.1404,11.1617],[106.143,11.164],[106.1411,11.1669],[106.1388,11.1722],[106.1385,11.1762],[106.1397,11.1884],[106.1411,11.1906],[106.1456,11.1937],[106.1477,11.1966],[106.1484,11.2021],[106.1485,11.2126],[106.1485,11.2147],[106.1458,11.221],[106.1427,11.2271],[106.1371,11.2352],[106.1351,11.2393]]]},"properties":{"ma_xa":"25684","ten_xa":"Long Chữ","sap_nhap":"Long Vĩnh, Long Phước, Long Chữ","tru_so":"đang cập nhật","loai":"Xã","cap":2,"stt":94,"dtich_km2":92,"dan_so":17746,"matdo_km2":192.89,"ma_tinh":"80","ten_tinh":"Tây Ninh"}},
{"type":"Feature","geometry":{"type":"Polygon","coordinates":[[[106.1692,11.299],[106.1642,11.2992],[106.1611,11.2966],[106.1612,11.2923],[106.1539,11.2908],[106.1532,11.2944],[106.1496,11.3001],[106.1475,11.3014],[106.1466,11.2981],[106.1445,11.2959],[106.141,11.2974],[106.1385,11.3053],[106.1327,11.3053],[106.1291,11.3048],[106.1272,11.2957],[106.1264,11.2904],[106.1236,11.2895],[106.1236,11.2873],[106.1226,11.2826],[106.1237,11.2803],[106.1259,11.2789],[106.136,11.2802],[106.1394,11.2415],[106.1361,11.241],[106.1351,11.2393],[106.1371,11.2352],[106.1427,11.2271],[106.1458,11.221],[106.1485,11.2147],[106.1485,11.2126],[106.1559,11.2132],[106.1563,11.2104],[106.1631,11.2113],[106.1631,11.2135],[106.1667,11.2134],[106.1719,11.2215],[106.1751,11.2227],[106.1788,11.2207],[106.1819,11.2225],[106.1858,11.2297],[106.1886,11.2286],[106.1918,11.2366],[106.1932,11.2381],[106.1949,11.2453],[106.197,11.2508],[106.1993,11.2542],[106.205,11.2563],[106.2035,11.2616],[106.1977,11.2617],[106.1987,11.2657],[106.1994,11.2739],[106.2005,11.2778],[106.1947,11.2849],[106.1935,11.2911],[106.1908,11.2912],[106.1896,11.2895],[106.1873,11.2915],[106.179,11.2901],[106.1784,11.2924],[106.1757,11.2912],[106.1692,11.299]]]},"properties":{"ma_xa":"25630","ten_xa":"Long Hoa","sap_nhap":"Long Thành Bắc, Long Hoa, Trường Hòa, Trường Tây, Trường Đông","tru_so":"đang cập nhật","loai":"Phường","cap":2,"stt":64,"dtich_km2":55.99,"dan_so":106017,"matdo_km2":1893.5,"ma_tinh":"80","ten_tinh":"Tây Ninh"}},
{"type":"Feature","geometry":{"type":"Polygon","coordinates":[[[106.744,10.5041],[106.733,10.5097],[106.7268,10.5139],[106.7225,10.514],[106.7195,10.5104],[106.7168,10.5083],[106.7103,10.5078],[106.7081,10.5024],[106.7055,10.5012],[106.7021,10.502],[106.6929,10.5021],[106.6876,10.5007],[106.6786,10.5002],[106.6747,10.4973],[106.6718,10.4961],[106.6685,10.497],[106.6565,10.4804],[106.6585,10.4775],[106.6603,10.4711],[106.6605,10.4663],[106.6597,10.4521],[106.6605,10.4473],[106.6625,10.4436],[106.6667,10.44],[106.6735,10.4382],[106.6769,10.4383],[106.6823,10.4398],[106.6863,10.4426],[106.6877,10.445],[106.6921,10.4518],[106.7005,10.4663],[106.7099,10.4767],[106.7253,10.4903],[106.735,10.4972],[106.7431,10.5],[106.744,10.5041]]]},"properties":{"ma_xa":"28144","ten_xa":"Long Hựu","sap_nhap":"Long Hựu Đông, Long Hựu Tây","tru_so":"đang cập nhật","loai":"Xã","cap":2,"stt":45,"dtich_km2":36.89,"dan_so":29057,"matdo_km2":787.67,"ma_tinh":"80","ten_tinh":"Tây Ninh"}},
{"type":"Feature","geometry":{"type":"Polygon","coordinates":[[[106.132,11.1538],[106.1269,11.1548],[106.126,11.1584],[106.1242,11.1601],[106.1176,11.1621],[106.1139,11.1646],[106.1124,11.1637],[106.1089,11.1689],[106.1085,11.1743],[106.1047,11.1763],[106.1002,11.1756],[106.0965,11.1739],[106.0941,11.1715],[106.0859,11.1702],[106.082,11.1729],[106.0789,11.1659],[106.079,11.1624],[106.0708,11.1591],[106.0599,11.1552],[106.0599,11.1426],[106.0603,11.1368],[106.0588,11.1297],[106.0606,11.1291],[106.0586,11.1248],[106.0622,11.1206],[106.0596,11.119],[106.0662,11.1126],[106.0712,11.1065],[106.0734,11.1011],[106.0758,11.0983],[106.0803,11.098],[106.0848,11.1007],[106.0875,11.1015],[106.0899,11.0995],[106.0935,11.0937],[106.1001,11.0867],[106.0994,11.0788],[106.1009,11.0741],[106.1044,11.0715],[106.1088,11.0726],[106.1123,11.0777],[106.1162,11.0824],[106.1192,11.0844],[106.122,11.088],[106.1387,11.096],[106.1438,11.1002],[106.1403,11.1045],[106.1409,11.1063],[106.1389,11.114],[106.1381,11.1213],[106.135,11.1235],[106.1322,11.1268],[106.128,11.1368],[106.1256,11.1396],[106.1303,11.1474],[106.132,11.1538]]]},"properties":{"ma_xa":"25702","ten_xa":"Long Thuận","sap_nhap":"Long Thuận (huyện Bến Cầu), Long Giang, Long Khánh","tru_so":"đang cập nhật","loai":"Xã","cap":2,"stt":95,"dtich_km2":65.61,"dan_so":24518,"matdo_km2":373.69,"ma_tinh":"80","ten_tinh":"Tây Ninh"}},
{"type":"Feature","geometry":{"type":"Polygon","coordinates":[[[106.5284,10.715],[106.5302,10.7173],[106.5239,10.7209],[106.5203,10.7236],[106.5094,10.7171],[106.502,10.7261],[106.4995,10.725],[106.4888,10.7312],[106.487,10.7298],[106.482,10.7354],[106.4744,10.7453],[106.4722,10.7454],[106.4661,10.7409],[106.4485,10.7274],[106.4455,10.7258],[106.4335,10.7251],[106.4315,10.7244],[106.4309,10.7183],[106.4285,10.7119],[106.4216,10.7013],[106.4178,10.689],[106.4178,10.6859],[106.4201,10.6829],[106.4218,10.6782],[106.4251,10.6738],[106.4317,10.6705],[106.4386,10.6686],[106.4411,10.6684],[106.4477,10.6715],[106.4478,10.6739],[106.4497,10.6753],[106.4477,10.6877],[106.4743,10.69],[106.4857,10.6942],[106.4814,10.7059],[106.4892,10.7116],[106.4969,10.7018],[106.4999,10.6995],[106.4973,10.6979],[106.4997,10.6934],[106.506,10.6879],[106.502,10.6842],[106.5019,10.6824],[106.5079,10.6805],[106.5102,10.6781],[106.5121,10.6792],[106.5235,10.6578],[106.5239,10.6566],[106.5265,10.6554],[106.5289,10.6559],[106.5292,10.6593],[106.5306,10.6613],[106.5327,10.6601],[106.5355,10.663],[106.5353,10.6699],[106.5368,10.6718],[106.5351,10.6767],[106.5361,10.6773],[106.544,10.6782],[106.5456,10.6807],[106.5474,10.6811],[106.5477,10.6867],[106.5473,10.6871],[106.5357,10.6855],[106.5339,10.6881],[106.529,10.7022],[106.5272,10.7091],[106.5284,10.715]]]},"properties":{"ma_xa":"28003","ten_xa":"Lương Hòa","sap_nhap":"Tân Bửu, Lương Hòa","tru_so":"đang cập nhật","loai":"Xã","cap":2,"stt":37,"dtich_km2":62.16,"dan_so":23308,"matdo_km2":374.97,"ma_tinh":"80","ten_tinh":"Tây Ninh"}},
{"type":"Feature","geometry":{"type":"Polygon","coordinates":[[[106.1149,10.7822],[106.1142,10.7825],[106.1029,10.783],[106.0978,10.7835],[106.0968,10.7789],[106.0814,10.7829],[106.0784,10.7783],[106.0705,10.7838],[106.0686,10.7829],[106.0679,10.7743],[106.066,10.772],[106.0649,10.7668],[106.0618,10.7593],[106.0554,10.749],[106.0538,10.7418],[106.0542,10.7401],[106.0528,10.7357],[106.0557,10.7323],[106.0552,10.7281],[106.0519,10.728],[106.0432,10.7224],[106.0403,10.7224],[106.0361,10.7269],[106.0283,10.7328],[106.0225,10.7347],[106.0146,10.7348],[106.013,10.7341],[106.0093,10.7301],[106.0064,10.7259],[105.9988,10.7183],[105.9929,10.7137],[105.9911,10.7135],[105.9835,10.7221],[105.9777,10.7253],[105.9755,10.7283],[105.976,10.7341],[105.9747,10.7383],[105.9712,10.7406],[105.9701,10.7431],[105.9684,10.7425],[105.9654,10.7436],[105.9652,10.7456],[105.9616,10.7456],[105.9597,10.7446],[105.9585,10.7389],[105.9569,10.7366],[105.9522,10.7355],[105.9493,10.7328],[105.9433,10.7338],[105.9432,10.732],[105.9324,10.7288],[105.9351,10.7283],[105.9336,10.7216],[105.9274,10.7054],[105.9212,10.6902],[105.9212,10.6892],[105.9324,10.6864],[105.939,10.6838],[105.9398,10.6853],[105.9428,10.6835],[105.9793,10.6688],[105.9839,10.6677],[105.9956,10.6666],[105.9961,10.6617],[106.0019,10.6605],[106.002,10.6548],[106.0097,10.6594],[106.0149,10.6528],[106.0242,10.6576],[106.0441,10.6536],[106.0459,10.6575],[106.0439,10.6605],[106.0489,10.6606],[106.0489,10.6654],[106.0458,10.6667],[106.0359,10.688],[106.0384,10.6884],[106.0453,10.6934],[106.0618,10.6981],[106.0878,10.7116],[106.0877,10.7127],[106.1021,10.714],[106.1055,10.7299],[106.1118,10.7584],[106.1066,10.7597],[106.1149,10.7822]]]},"properties":{"ma_xa":"27823","ten_xa":"Mộc Hóa","sap_nhap":"Tân Thành, Tân Lập (huyện Mộc Hóa), Bình Phong Thạnh (thị trấn)","tru_so":"đang cập nhật","loai":"Xã","cap":2,"stt":12,"dtich_km2":135.56,"dan_so":16880,"matdo_km2":124.52,"ma_tinh":"80","ten_tinh":"Tây Ninh"}},
{"type":"Feature","geometry":{"type":"Polygon","coordinates":[[[106.3789,10.5806],[106.3726,10.5871],[106.3676,10.5899],[106.365,10.5902],[106.3628,10.5876],[106.3624,10.583],[106.3605,10.5801],[106.3584,10.579],[106.3552,10.5795],[106.3479,10.5852],[106.3443,10.5896],[106.343,10.5947],[106.3454,10.5955],[106.3505,10.5944],[106.354,10.5952],[106.355,10.5971],[106.3556,10.6039],[106.3554,10.6069],[106.3538,10.6109],[106.3495,10.6141],[106.3419,10.6162],[106.339,10.6149],[106.3383,10.6128],[106.3407,10.6091],[106.3414,10.6053],[106.34,10.6018],[106.3377,10.6004],[106.3349,10.6009],[106.3336,10.5954],[106.3353,10.592],[106.3344,10.5881],[106.3323,10.5857],[106.3316,10.5832],[106.3279,10.5833],[106.3176,10.59],[106.2862,10.587],[106.2949,10.5782],[106.3049,10.5698],[106.3104,10.5654],[106.3184,10.5708],[106.321,10.5693],[106.3232,10.566],[106.3278,10.5606],[106.3337,10.5548],[106.3357,10.5509],[106.344,10.5442],[106.3461,10.5433],[106.3481,10.5447],[106.3519,10.5482],[106.3565,10.5506],[106.3671,10.5585],[106.3689,10.5606],[106.3697,10.5621],[106.3767,10.5648],[106.3821,10.5686],[106.3836,10.5729],[106.3832,10.5751],[106.3789,10.5806]]]},"properties":{"ma_xa":"28066","ten_xa":"Mỹ An","sap_nhap":"Mỹ Phú, Mỹ An","tru_so":"đang cập nhật","loai":"Xã","cap":2,"stt":22,"dtich_km2":32.76,"dan_so":20682,"matdo_km2":631.32,"ma_tinh":"80","ten_tinh":"Tây Ninh"}},
{"type":"Feature","geometry":{"type":"Polygon","coordinates":[[[106.5259,10.8736],[106.5078,10.8771],[106.5065,10.8768],[106.4989,10.8779],[106.4933,10.8779],[106.4855,10.8742],[106.4849,10.8766],[106.4734,10.8772],[106.4612,10.8795],[106.4605,10.8765],[106.4507,10.8763],[106.4434,10.875],[106.4396,10.8716],[106.4342,10.8725],[106.4321,10.8741],[106.4284,10.875],[106.4268,10.8737],[106.4253,10.8699],[106.4318,10.8601],[106.4321,10.8567],[106.4373,10.8479],[106.4392,10.8438],[106.4409,10.8432],[106.4408,10.8391],[106.4485,10.8375],[106.4508,10.8362],[106.4542,10.8364],[106.4541,10.8385],[106.4572,10.84],[106.4659,10.8393],[106.4666,10.8368],[106.4645,10.8341],[106.4736,10.8335],[106.4736,10.8257],[106.4725,10.8243],[106.4726,10.821],[106.4769,10.8181],[106.4772,10.814],[106.4767,10.8108],[106.4922,10.8005],[106.5057,10.7937],[106.5063,10.795],[106.5107,10.8148],[106.5201,10.8522],[106.5259,10.8736]]]},"properties":{"ma_xa":"27976","ten_xa":"Mỹ Hạnh","sap_nhap":"Đức Hòa Đông, Mỹ Hạnh Nam, Đức Hòa Thượng (1 phần)","tru_so":"đang cập nhật","loai":"Xã","cap":2,"stt":33,"dtich_km2":63.44,"dan_so":56793,"matdo_km2":895.22,"ma_tinh":"80","ten_tinh":"Tây Ninh"}},
{"type":"Feature","geometry":{"type":"Polygon","coordinates":[[[106.5962,10.5773],[106.5875,10.5785],[106.5842,10.5803],[106.5818,10.5799],[106.5782,10.5822],[106.5735,10.5783],[106.5704,10.5786],[106.5656,10.5768],[106.5603,10.5785],[106.5551,10.579],[106.5541,10.58],[106.5493,10.5771],[106.5482,10.5755],[106.5441,10.5774],[106.5423,10.5807],[106.5385,10.5811],[106.5371,10.5777],[106.5352,10.5779],[106.5349,10.5809],[106.5321,10.5817],[106.5261,10.5794],[106.5254,10.5776],[106.5207,10.5707],[106.5198,10.5684],[106.5162,10.568],[106.5161,10.5657],[106.5202,10.5615],[106.5272,10.5541],[106.5307,10.5521],[106.538,10.5503],[106.5453,10.5507],[106.5533,10.553],[106.5578,10.5532],[106.5628,10.5522],[106.5668,10.5497],[106.5686,10.5457],[106.5686,10.539],[106.5808,10.5374],[106.5887,10.5375],[106.5915,10.5394],[106.5972,10.5374],[106.6026,10.5379],[106.6067,10.5421],[106.6104,10.5397],[106.6132,10.5418],[106.6184,10.5398],[106.6251,10.5393],[106.6296,10.54],[106.6328,10.5449],[106.6335,10.5528],[106.6298,10.5556],[106.627,10.5559],[106.6186,10.5581],[106.6177,10.5576],[106.6124,10.5589],[106.6131,10.5632],[106.6092,10.5659],[106.6091,10.5687],[106.6107,10.5704],[106.6027,10.5767],[106.5977,10.575],[106.5962,10.5773]]]},"properties":{"ma_xa":"28132","ten_xa":"Mỹ Lệ","sap_nhap":"Tân Trạch, Long Sơn, Mỹ Lệ","tru_so":"đang cập nhật","loai":"Xã","cap":2,"stt":42,"dtich_km2":39.85,"dan_so":36969,"matdo_km2":927.7,"ma_tinh":"80","ten_tinh":"Tây Ninh"}},
{"type":"Feature","geometry":{"type":"Polygon","coordinates":[[[106.6302,10.6266],[106.6284,10.6309],[106.6249,10.6285],[106.6224,10.6327],[106.6201,10.6319],[106.6186,10.6269],[106.6213,10.6259],[106.6205,10.6202],[106.6191,10.6168],[106.6204,10.6141],[106.6164,10.6124],[106.6143,10.6068],[106.6142,10.6044],[106.6041,10.6049],[106.6043,10.6058],[106.5992,10.608],[106.5964,10.6084],[106.5944,10.6067],[106.5932,10.6037],[106.5929,10.5984],[106.5963,10.5974],[106.5958,10.5947],[106.5911,10.5962],[106.5884,10.5949],[106.59,10.5906],[106.5897,10.5881],[106.592,10.5867],[106.595,10.5881],[106.5962,10.5773],[106.5977,10.575],[106.6027,10.5767],[106.6107,10.5704],[106.6091,10.5687],[106.6092,10.5659],[106.6131,10.5632],[106.6124,10.5589],[106.6177,10.5576],[106.6186,10.5581],[106.627,10.5559],[106.6298,10.5556],[106.6317,10.5602],[106.6385,10.5721],[106.6416,10.5751],[106.6404,10.5754],[106.646,10.5835],[106.657,10.5939],[106.656,10.6054],[106.6563,10.6098],[106.655,10.6112],[106.6553,10.6141],[106.6504,10.6136],[106.6488,10.6152],[106.6488,10.6188],[106.6458,10.6233],[106.6431,10.6238],[106.6393,10.6227],[106.6382,10.626],[106.6347,10.6256],[106.6325,10.6282],[106.6302,10.6266]]]},"properties":{"ma_xa":"28177","ten_xa":"Mỹ Lộc","sap_nhap":"Phước Lâm, Thuận Thành, Mỹ Lộc","tru_so":"đang cập nhật","loai":"Xã","cap":2,"stt":47,"dtich_km2":32.71,"dan_so":40199,"matdo_km2":1228.95,"ma_tinh":"80","ten_tinh":"Tây Ninh"}},
{"type":"Feature","geometry":{"type":"Polygon","coordinates":[[[106.2732,10.981],[106.2688,10.9833],[106.2654,10.9835],[106.262,10.9849],[106.2555,10.9848],[106.2518,10.987],[106.2417,10.9869],[106.2394,10.9873],[106.2374,10.9852],[106.2294,10.9817],[106.2274,10.9817],[106.2241,10.9793],[106.2167,10.9771],[106.2138,10.9772],[106.2053,10.9754],[106.2021,10.9725],[106.1992,10.9709],[106.195,10.9715],[106.1913,10.97],[106.188,10.9652],[106.1843,10.9639],[106.1758,10.9627],[106.1677,10.9633],[106.1638,10.9708],[106.1642,10.9719],[106.1636,10.9797],[106.16,10.9799],[106.1547,10.9838],[106.1505,10.9802],[106.1465,10.9795],[106.1444,10.9767],[106.146,10.97],[106.1462,10.9634],[106.1457,10.9565],[106.1462,10.9524],[106.1501,10.9463],[106.1517,10.9421],[106.1376,10.9166],[106.1374,10.9159],[106.153,10.8979],[106.1619,10.888],[106.1633,10.8854],[106.1668,10.8858],[106.1709,10.8876],[106.1746,10.8881],[106.2303,10.914],[106.2318,10.9211],[106.2518,10.9098],[106.2586,10.9063],[106.2597,10.904],[106.2694,10.9043],[106.2703,10.8967],[106.2724,10.8961],[106.2754,10.9001],[106.2845,10.9069],[106.2929,10.9083],[106.2986,10.9085],[106.303,10.9124],[106.3032,10.9205],[106.3021,10.9276],[106.2995,10.9421],[106.2857,10.9533],[106.2841,10.957],[106.29,10.9707],[106.2884,10.9733],[106.2783,10.9741],[106.2731,10.9759],[106.2721,10.9773],[106.2732,10.981]]]},"properties":{"ma_xa":"27907","ten_xa":"Mỹ Quý","sap_nhap":"Mỹ Thạnh Bắc, Mỹ Quý Đông, Mỹ Quý Tây","tru_so":"đang cập nhật","loai":"Xã","cap":2,"stt":25,"dtich_km2":132.98,"dan_so":28537,"matdo_km2":214.6,"ma_tinh":"80","ten_tinh":"Tây Ninh"}},
{"type":"Feature","geometry":{"type":"Polygon","coordinates":[[[106.4095,10.6446],[106.4078,10.6472],[106.4064,10.6531],[106.4034,10.6569],[106.4022,10.6612],[106.3915,10.6737],[106.388,10.6786],[106.3749,10.6938],[106.3734,10.6944],[106.3276,10.6558],[106.3233,10.6607],[106.3213,10.6524],[106.3175,10.649],[106.3131,10.6471],[106.3071,10.6462],[106.3042,10.6436],[106.3084,10.6407],[106.3138,10.6357],[106.3149,10.6323],[106.3093,10.6288],[106.3076,10.6267],[106.3091,10.6227],[106.3154,10.6181],[106.3215,10.6154],[106.3279,10.6142],[106.3299,10.6116],[106.3297,10.6054],[106.3307,10.6035],[106.3349,10.6009],[106.3377,10.6004],[106.34,10.6018],[106.3414,10.6053],[106.3407,10.6091],[106.3383,10.6128],[106.339,10.6149],[106.3419,10.6162],[106.3495,10.6141],[106.3538,10.6109],[106.3554,10.6069],[106.3556,10.6039],[106.355,10.5971],[106.354,10.5952],[106.3505,10.5944],[106.3454,10.5955],[106.343,10.5947],[106.3443,10.5896],[106.3479,10.5852],[106.3552,10.5795],[106.3584,10.579],[106.3605,10.5801],[106.3624,10.583],[106.3628,10.5876],[106.365,10.5902],[106.3676,10.5899],[106.3726,10.5871],[106.3789,10.5806],[106.3816,10.5844],[106.383,10.5845],[106.3862,10.5889],[106.3925,10.591],[106.3942,10.5932],[106.3931,10.5981],[106.3938,10.6041],[106.3923,10.6052],[106.3922,10.6084],[106.3887,10.6106],[106.388,10.6131],[106.3827,10.6266],[106.3923,10.6346],[106.4021,10.6439],[106.4095,10.6446]]]},"properties":{"ma_xa":"28051","ten_xa":"Mỹ Thạnh","sap_nhap":"Bình An, Mỹ Lạc, Mỹ Thạnh, Tân Thành (huyện Thủ Thừa, 1 phần)","tru_so":"đang cập nhật","loai":"Xã","cap":2,"stt":23,"dtich_km2":63.7,"dan_so":26530,"matdo_km2":416.48,"ma_tinh":"80","ten_tinh":"Tây Ninh"}},
{"type":"Feature","geometry":{"type":"Polygon","coordinates":[[[106.5537,10.6753],[106.5515,10.6796],[106.5503,10.6857],[106.5477,10.6867],[106.5474,10.6811],[106.5456,10.6807],[106.544,10.6782],[106.5361,10.6773],[106.5351,10.6767],[106.5368,10.6718],[106.5353,10.6699],[106.5355,10.663],[106.5327,10.6601],[106.5306,10.6613],[106.5292,10.6593],[106.5289,10.6559],[106.5265,10.6554],[106.5239,10.6566],[106.5233,10.6545],[106.5259,10.6499],[106.5241,10.6467],[106.5199,10.6489],[106.5146,10.6552],[106.5105,10.6538],[106.5099,10.6497],[106.5043,10.6503],[106.4994,10.6438],[106.5055,10.6373],[106.5103,10.6313],[106.512,10.6266],[106.5097,10.6261],[106.5088,10.6285],[106.5062,10.6281],[106.5051,10.626],[106.5021,10.6236],[106.503,10.6214],[106.5021,10.6178],[106.508,10.6183],[106.5094,10.6169],[106.5175,10.6152],[106.5186,10.6163],[106.5247,10.6165],[106.5291,10.6108],[106.5337,10.608],[106.5403,10.6068],[106.5437,10.6086],[106.5457,10.6068],[106.5505,10.6079],[106.5557,10.614],[106.5592,10.6199],[106.5576,10.6268],[106.5547,10.6291],[106.5525,10.6288],[106.5508,10.6328],[106.5483,10.6335],[106.5479,10.6355],[106.5424,10.6375],[106.5442,10.641],[106.5482,10.6461],[106.5506,10.6509],[106.5531,10.6507],[106.5553,10.6524],[106.5559,10.6569],[106.5527,10.6575],[106.5505,10.659],[106.5515,10.664],[106.5532,10.6658],[106.5535,10.6684],[106.5521,10.6706],[106.5537,10.6753]]]},"properties":{"ma_xa":"28018","ten_xa":"Mỹ Yên","sap_nhap":"Long Hiệp, Phước Lợi, Mỹ Yên","tru_so":"đang cập nhật","loai":"Xã","cap":2,"stt":39,"dtich_km2":29.23,"dan_so":49248,"matdo_km2":1684.84,"ma_tinh":"80","ten_tinh":"Tây Ninh"}},
{"type":"Feature","geometry":{"type":"Polygon","coordinates":[[[106.0149,10.6528],[106.0097,10.6594],[106.002,10.6548],[106.0019,10.6605],[105.9961,10.6617],[105.9956,10.6666],[105.9839,10.6677],[105.9793,10.6688],[105.9428,10.6835],[105.9398,10.6853],[105.939,10.6838],[105.9324,10.6864],[105.9212,10.6892],[105.9179,10.6865],[105.9141,10.6764],[105.9089,10.6618],[105.9073,10.6545],[105.9064,10.6547],[105.8989,10.6366],[105.9,10.6364],[105.8944,10.6101],[105.9044,10.6089],[105.9086,10.608],[105.9115,10.6088],[105.918,10.6071],[105.9169,10.601],[105.9374,10.5982],[105.9732,10.5946],[105.9746,10.5937],[105.9825,10.5927],[106.0308,10.5902],[106.0358,10.5996],[106.0279,10.6024],[106.0298,10.6121],[106.0125,10.6153],[106.0181,10.6288],[106.0174,10.6359],[106.0195,10.6456],[106.0149,10.6528]]]},"properties":{"ma_xa":"27838","ten_xa":"Nhơn Hòa Lập","sap_nhap":"Tân Lập (huyện Tân Thạnh), Nhơn Hòa, Nhơn Hòa Lập","tru_so":"đang cập nhật","loai":"Xã","cap":2,"stt":14,"dtich_km2":109.77,"dan_so":19949,"matdo_km2":181.73,"ma_tinh":"80","ten_tinh":"Tây Ninh"}},
{"type":"Feature","geometry":{"type":"Polygon","coordinates":[[[106.0308,10.5902],[105.9825,10.5927],[105.9746,10.5937],[105.9732,10.5946],[105.9374,10.5982],[105.9169,10.601],[105.918,10.6071],[105.9115,10.6088],[105.9086,10.608],[105.9044,10.6089],[105.8944,10.6101],[105.8938,10.6073],[105.883,10.6094],[105.88,10.5998],[105.8793,10.5952],[105.8741,10.596],[105.8722,10.5875],[105.8768,10.5814],[105.8885,10.5666],[105.9002,10.5514],[105.9098,10.5386],[105.9416,10.5364],[105.9458,10.5361],[105.9921,10.533],[106.0011,10.5511],[106.0055,10.5601],[106.0109,10.5736],[106.0219,10.5728],[106.0308,10.5902]]]},"properties":{"ma_xa":"27856","ten_xa":"Nhơn Ninh","sap_nhap":"Tân Thành (huyện Tân Thạnh), Tân Ninh, Nhơn Ninh","tru_so":"đang cập nhật","loai":"Xã","cap":2,"stt":15,"dtich_km2":92.67,"dan_so":27099,"matdo_km2":292.42,"ma_tinh":"80","ten_tinh":"Tây Ninh"}},
{"type":"Feature","geometry":{"type":"Polygon","coordinates":[[[106.4837,10.5974],[106.478,10.5955],[106.4765,10.5968],[106.4734,10.5946],[106.4744,10.5923],[106.473,10.5902],[106.4688,10.5917],[106.4654,10.5893],[106.4597,10.5902],[106.4595,10.5928],[106.4573,10.5927],[106.4573,10.5963],[106.4546,10.5959],[106.4486,10.5976],[106.4435,10.5967],[106.4412,10.5953],[106.4382,10.5912],[106.4398,10.5872],[106.4418,10.5862],[106.4428,10.5823],[106.4464,10.575],[106.445,10.5736],[106.45,10.5649],[106.4518,10.5602],[106.4541,10.5572],[106.4538,10.555],[106.4577,10.5528],[106.4576,10.5477],[106.4594,10.5443],[106.4577,10.5357],[106.4592,10.5349],[106.4643,10.5417],[106.466,10.5458],[106.4677,10.5448],[106.47,10.5472],[106.474,10.5424],[106.4937,10.5411],[106.496,10.5404],[106.5008,10.5414],[106.5049,10.5453],[106.5071,10.5488],[106.5112,10.5506],[106.5118,10.5556],[106.5154,10.5563],[106.5202,10.5615],[106.5161,10.5657],[106.5018,10.5747],[106.4972,10.5779],[106.4879,10.5881],[106.4853,10.5923],[106.4837,10.5974]]]},"properties":{"ma_xa":"28087","ten_xa":"Nhựt Tảo","sap_nhap":"Tân Bình (huyện Tân Trụ), Quê Mỹ Thạnh, Lạc Tấn, Nhị Thành (1 phần)","tru_so":"đang cập nhật","loai":"Xã","cap":2,"stt":53,"dtich_km2":36.45,"dan_so":30168,"matdo_km2":827.65,"ma_tinh":"80","ten_tinh":"Tây Ninh"}},
{"type":"Feature","geometry":{"type":"Polygon","coordinates":[[[105.9989,11.2914],[105.9978,11.2927],[105.9924,11.293],[105.9882,11.2915],[105.9824,11.292],[105.9785,11.2918],[105.9769,11.2903],[105.9742,11.2806],[105.9728,11.2784],[105.9685,11.2753],[105.9635,11.2732],[105.9588,11.277],[105.9536,11.2793],[105.9489,11.2836],[105.9466,11.2867],[105.9458,11.2908],[105.9415,11.2888],[105.9356,11.2898],[105.9279,11.2892],[105.9267,11.2877],[105.9278,11.285],[105.9222,11.2852],[105.9195,11.28],[105.916,11.277],[105.9079,11.2753],[105.9112,11.2705],[105.9123,11.267],[105.9107,11.262],[105.9081,11.2572],[105.9075,11.2534],[105.9104,11.2447],[105.911,11.2405],[105.9271,11.2173],[105.9301,11.217],[105.9349,11.213],[105.9388,11.2083],[105.9415,11.2063],[105.9664,11.1959],[105.9707,11.1982],[105.9748,11.1995],[105.9816,11.1961],[105.996,11.1912],[106.0143,11.1909],[106.0147,11.186],[106.0189,11.1886],[106.0282,11.1908],[106.0347,11.1899],[106.0425,11.1827],[106.063,11.1788],[106.0704,11.1796],[106.0768,11.1792],[106.0775,11.1842],[106.0802,11.19],[106.079,11.1926],[106.0728,11.2023],[106.0699,11.2056],[106.0717,11.2106],[106.0725,11.216],[106.0706,11.2229],[106.0721,11.2293],[106.0687,11.2305],[106.0637,11.2333],[106.0598,11.2383],[106.0586,11.2459],[106.0544,11.2472],[106.0498,11.2453],[106.047,11.2451],[106.0421,11.2517],[106.0414,11.2549],[106.0447,11.2577],[106.0457,11.2596],[106.0448,11.2641],[106.043,11.2684],[106.039,11.271],[106.0328,11.2696],[106.0301,11.2696],[106.0255,11.2724],[106.0226,11.2756],[106.0207,11.2764],[106.0142,11.2744],[106.0103,11.2744],[106.0059,11.276],[106.0024,11.2797],[106.0013,11.2836],[105.9986,11.2903],[105.9989,11.2914]]]},"properties":{"ma_xa":"25621","ten_xa":"Ninh Điền","sap_nhap":"Thành Long, Ninh Điền","tru_so":"đang cập nhật","loai":"Xã","cap":2,"stt":91,"dtich_km2":152.23,"dan_so":23470,"matdo_km2":154.17,"ma_tinh":"80","ten_tinh":"Tây Ninh"}},
{"type":"Feature","geometry":{"type":"Polygon","coordinates":[[[106.1232,11.3242],[106.1244,11.3214],[106.1311,11.319],[106.1327,11.3053],[106.1385,11.3053],[106.141,11.2974],[106.1445,11.2959],[106.1466,11.2981],[106.1475,11.3014],[106.1496,11.3001],[106.1532,11.2944],[106.1539,11.2908],[106.1612,11.2923],[106.1611,11.2966],[106.1642,11.2992],[106.1692,11.299],[106.1671,11.3015],[106.1724,11.3034],[106.1746,11.3066],[106.1803,11.3099],[106.1825,11.3134],[106.1825,11.3152],[106.1871,11.321],[106.1898,11.3229],[106.1902,11.3253],[106.1821,11.3311],[106.1831,11.3325],[106.1821,11.335],[106.1782,11.3357],[106.1777,11.3388],[106.1785,11.3423],[106.176,11.3449],[106.1791,11.3493],[106.1795,11.351],[106.1763,11.3525],[106.1789,11.3547],[106.1792,11.3588],[106.1782,11.3637],[106.1714,11.3635],[106.1668,11.3614],[106.1281,11.3435],[106.1297,11.3403],[106.1318,11.3312],[106.126,11.3308],[106.1235,11.3294],[106.1242,11.325],[106.1232,11.3242]]]},"properties":{"ma_xa":"25567","ten_xa":"Ninh Thạnh","sap_nhap":"Ninh Thạnh, Bàu Năng, Chà Là (1 phần)","tru_so":"đang cập nhật","loai":"Phường","cap":2,"stt":63,"dtich_km2":52.66,"dan_so":52249,"matdo_km2":992.2,"ma_tinh":"80","ten_tinh":"Tây Ninh"}},
{"type":"Feature","geometry":{"type":"Polygon","coordinates":[[[106.265,11.0582],[106.2596,11.0611],[106.2555,11.0605],[106.2518,11.0612],[106.2459,11.061],[106.2395,11.0565],[106.2376,11.0525],[106.2298,11.054],[106.2233,11.0558],[106.2118,11.0578],[106.2019,11.0601],[106.1891,11.0572],[106.1841,11.057],[106.1879,11.0503],[106.193,11.0121],[106.197,10.9922],[106.2009,10.9872],[106.2057,10.9779],[106.2057,10.976],[106.2033,10.9749],[106.193,10.9727],[106.1901,10.9728],[106.1853,10.9744],[106.18,10.9744],[106.1716,10.9795],[106.1689,10.9802],[106.1636,10.9797],[106.1642,10.9719],[106.1638,10.9708],[106.1677,10.9633],[106.1758,10.9627],[106.1843,10.9639],[106.188,10.9652],[106.1913,10.97],[106.195,10.9715],[106.1992,10.9709],[106.2021,10.9725],[106.2053,10.9754],[106.2138,10.9772],[106.2167,10.9771],[106.2241,10.9793],[106.2274,10.9817],[106.2294,10.9817],[106.2374,10.9852],[106.2394,10.9873],[106.2417,10.9869],[106.2518,10.987],[106.2555,10.9848],[106.262,10.9849],[106.2654,10.9835],[106.2688,10.9833],[106.2732,10.981],[106.2754,10.9831],[106.2809,10.9845],[106.2839,10.9869],[106.286,10.9904],[106.2867,10.9936],[106.2836,11.0034],[106.281,11.0063],[106.2741,11.0103],[106.271,11.0129],[106.2707,11.0151],[106.2739,11.0217],[106.277,11.0258],[106.2779,11.0286],[106.2768,11.0362],[106.278,11.0399],[106.2775,11.0422],[106.2708,11.0471],[106.2665,11.0495],[106.2636,11.0519],[106.2626,11.0547],[106.265,11.0582]]]},"properties":{"ma_xa":"25729","ten_xa":"Phước Chỉ","sap_nhap":"Phước Bình, Phước Chỉ","tru_so":"đang cập nhật","loai":"Xã","cap":2,"stt":72,"dtich_km2":82.84,"dan_so":31461,"matdo_km2":379.78,"ma_tinh":"80","ten_tinh":"Tây Ninh"}},
{"type":"Feature","geometry":{"type":"Polygon","coordinates":[[[106.6302,10.6266],[106.631,10.6301],[106.6297,10.632],[106.6297,10.6423],[106.6271,10.6424],[106.6258,10.6397],[106.6212,10.6411],[106.6218,10.6441],[106.6243,10.6445],[106.625,10.6473],[106.6189,10.649],[106.6169,10.6522],[106.6114,10.6566],[106.6054,10.6587],[106.6018,10.6514],[106.5975,10.6534],[106.5957,10.6511],[106.5917,10.6501],[106.5904,10.6531],[106.5874,10.6528],[106.5841,10.6537],[106.5833,10.6554],[106.5806,10.6555],[106.5779,10.6533],[106.5796,10.6519],[106.579,10.6496],[106.577,10.6489],[106.5734,10.6498],[106.5735,10.6542],[106.5697,10.6563],[106.5662,10.6565],[106.5653,10.6523],[106.5631,10.6514],[106.5553,10.6524],[106.5531,10.6507],[106.5506,10.6509],[106.5482,10.6461],[106.5442,10.641],[106.5424,10.6375],[106.5479,10.6355],[106.5483,10.6335],[106.5508,10.6328],[106.5525,10.6288],[106.5547,10.6291],[106.5576,10.6268],[106.565,10.6274],[106.5661,10.6288],[106.5659,10.6322],[106.5704,10.6387],[106.5791,10.6409],[106.5856,10.6383],[106.5892,10.6358],[106.5946,10.6371],[106.594,10.6335],[106.5953,10.6324],[106.5931,10.6294],[106.5946,10.6251],[106.5928,10.6238],[106.5926,10.619],[106.5903,10.6189],[106.5883,10.6115],[106.5944,10.6067],[106.5964,10.6084],[106.5992,10.608],[106.6043,10.6058],[106.6041,10.6049],[106.6142,10.6044],[106.6143,10.6068],[106.6164,10.6124],[106.6204,10.6141],[106.6191,10.6168],[106.6205,10.6202],[106.6213,10.6259],[106.6186,10.6269],[106.6201,10.6319],[106.6224,10.6327],[106.6249,10.6285],[106.6284,10.6309],[106.6302,10.6266]]]},"properties":{"ma_xa":"28165","ten_xa":"Phước Lý","sap_nhap":"Long Thượng, Phước Hậu, Phước Lý","tru_so":"đang cập nhật","loai":"Xã","cap":2,"stt":46,"dtich_km2":27.37,"dan_so":42840,"matdo_km2":1565.22,"ma_tinh":"80","ten_tinh":"Tây Ninh"}},
{"type":"Feature","geometry":{"type":"Polygon","coordinates":[[[106.3102,11.1369],[106.3001,11.1371],[106.3007,11.1398],[106.2976,11.1435],[106.2943,11.1506],[106.2896,11.1533],[106.2883,11.1609],[106.29,11.1639],[106.2876,11.1717],[106.2885,11.1752],[106.2871,11.1777],[106.2882,11.1794],[106.2836,11.1834],[106.2859,11.1878],[106.2849,11.192],[106.2798,11.1945],[106.2766,11.1973],[106.2758,11.202],[106.2736,11.2069],[106.2724,11.2078],[106.2706,11.2034],[106.266,11.2112],[106.2628,11.2068],[106.2615,11.2026],[106.2595,11.1938],[106.2565,11.188],[106.2561,11.1808],[106.2548,11.175],[106.2562,11.1656],[106.2449,11.1623],[106.2385,11.1636],[106.2354,11.1633],[106.2319,11.1589],[106.2297,11.1532],[106.2303,11.1477],[106.2342,11.1379],[106.2374,11.1325],[106.2368,11.1267],[106.2349,11.1244],[106.2324,11.1236],[106.2291,11.1252],[106.2243,11.125],[106.2223,11.121],[106.2238,11.1151],[106.225,11.1053],[106.2282,11.1004],[106.2355,11.0967],[106.2422,11.0923],[106.2441,11.0894],[106.247,11.089],[106.2518,11.0936],[106.2541,11.0938],[106.2566,11.0994],[106.2587,11.1004],[106.2615,11.1052],[106.267,11.1023],[106.2734,11.1007],[106.2762,11.0989],[106.2809,11.0977],[106.2869,11.0995],[106.2937,11.1033],[106.3006,11.1058],[106.3022,11.1079],[106.3069,11.1099],[106.3101,11.1103],[106.3143,11.1154],[106.3136,11.1207],[106.312,11.1238],[106.3106,11.1299],[106.3113,11.1345],[106.3102,11.1369]]]},"properties":{"ma_xa":"25663","ten_xa":"Phước Thạnh","sap_nhap":"Hiệp Thạnh (huyện Gò Dầu), Phước Trạch, Phước Thạnh","tru_so":"đang cập nhật","loai":"Xã","cap":2,"stt":74,"dtich_km2":70.89,"dan_so":44113,"matdo_km2":622.27,"ma_tinh":"80","ten_tinh":"Tây Ninh"}},
{"type":"Feature","geometry":{"type":"Polygon","coordinates":[[[105.9784,11.499],[105.979,11.5011],[105.9768,11.5059],[105.9749,11.5065],[105.9703,11.5132],[105.9695,11.5172],[105.967,11.5211],[105.968,11.523],[105.9654,11.5289],[105.9637,11.5343],[105.9633,11.5388],[105.9532,11.5363],[105.9529,11.5408],[105.9546,11.5453],[105.9508,11.5466],[105.948,11.5446],[105.9366,11.5443],[105.937,11.5423],[105.9057,11.5327],[105.9002,11.5307],[105.8968,11.5271],[105.8854,11.5259],[105.885,11.519],[105.8835,11.5169],[105.8814,11.5117],[105.8792,11.509],[105.8804,11.5077],[105.8809,11.5028],[105.8787,11.5019],[105.8804,11.4969],[105.8838,11.4934],[105.8847,11.4888],[105.8835,11.4878],[105.8846,11.4833],[105.8824,11.4814],[105.8796,11.4824],[105.8792,11.48],[105.877,11.4757],[105.8774,11.4728],[105.8794,11.4727],[105.8795,11.4698],[105.8769,11.4698],[105.8767,11.4671],[105.8748,11.4632],[105.8746,11.4606],[105.876,11.4592],[105.8786,11.4597],[105.8797,11.4562],[105.8817,11.4539],[105.8857,11.4542],[105.8868,11.4507],[105.891,11.4508],[105.8938,11.4523],[105.8965,11.4499],[105.9,11.4518],[105.8996,11.4484],[105.9009,11.4464],[105.9034,11.4464],[105.9038,11.4419],[105.9028,11.4362],[105.9009,11.4332],[105.9018,11.4297],[105.9,11.4275],[105.8916,11.4252],[105.8895,11.4217],[105.8902,11.4195],[105.8868,11.4167],[105.8862,11.4139],[105.8896,11.4116],[105.8918,11.4088],[105.8947,11.407],[105.8934,11.4027],[105.8892,11.3991],[105.8899,11.3966],[105.8925,11.3957],[105.8956,11.3932],[105.8959,11.3914],[105.8943,11.3877],[105.895,11.3853],[105.8978,11.3854],[105.8999,11.383],[105.8986,11.3794],[105.9003,11.3784],[105.9034,11.3794],[105.9052,11.3781],[105.9039,11.373],[105.9056,11.3699],[105.9075,11.3696],[105.9123,11.3707],[105.9186,11.3704],[105.9198,11.3725],[105.9238,11.3716],[105.9274,11.3722],[105.9287,11.3683],[105.9315,11.3649],[105.9286,11.3637],[105.9269,11.3671],[105.9251,11.3678],[105.9231,11.366],[105.9195,11.3596],[105.9194,11.3573],[105.9242,11.357],[105.9316,11.3526],[105.935,11.35],[105.9385,11.3544],[105.941,11.3522],[105.942,11.3489],[105.946,11.3466],[105.9501,11.3467],[105.9533,11.3494],[105.9517,11.3525],[105.9552,11.3544],[105.9559,11.357],[105.9581,11.3575],[105.9606,11.363],[105.9543,11.3665],[105.9519,11.3694],[105.9548,11.3698],[105.955,11.3732],[105.9572,11.375],[105.9566,11.3768],[105.9591,11.379],[105.9573,11.3832],[105.9624,11.3853],[105.9606,11.39],[105.9632,11.3939],[105.9576,11.3999],[105.9552,11.4002],[105.957,11.4046],[105.9564,11.4086],[105.9576,11.411],[105.9567,11.4131],[105.9589,11.4158],[105.9615,11.4143],[105.9624,11.416],[105.9662,11.4153],[105.9681,11.4192],[105.9705,11.4212],[105.972,11.4281],[105.9751,11.4292],[105.9763,11.4345],[105.9732,11.4375],[105.9717,11.4363],[105.9684,11.4408],[105.9721,11.4419],[105.973,11.4442],[105.9677,11.4458],[105.9664,11.4484],[105.9683,11.45],[105.965,11.4521],[105.9687,11.4549],[105.9691,11.458],[105.9712,11.4596],[105.9694,11.4615],[105.9689,11.4642],[105.9662,11.4652],[105.9655,11.4683],[105.9621,11.4707],[105.9614,11.4724],[105.9623,11.4755],[105.9644,11.4763],[105.9661,11.4808],[105.9682,11.482],[105.97,11.4804],[105.9727,11.4834],[105.975,11.4844],[105.9724,11.4896],[105.9763,11.4934],[105.9761,11.4953],[105.9784,11.499]]]},"properties":{"ma_xa":"25591","ten_xa":"Phước Vinh","sap_nhap":"Hòa Hiệp, Phước Vinh","tru_so":"đang cập nhật","loai":"Xã","cap":2,"stt":89,"dtich_km2":165.08,"dan_so":23314,"matdo_km2":141.23,"ma_tinh":"80","ten_tinh":"Tây Ninh"}},
{"type":"Feature","geometry":{"type":"Polygon","coordinates":[[[106.7085,10.575],[106.7018,10.5822],[106.6987,10.5845],[106.697,10.5889],[106.6944,10.592],[106.6933,10.5883],[106.6903,10.5871],[106.6871,10.5845],[106.6863,10.5871],[106.6839,10.5864],[106.679,10.5881],[106.6738,10.5871],[106.6708,10.5831],[106.6705,10.5743],[106.6622,10.5772],[106.6551,10.5785],[106.651,10.5815],[106.6482,10.5791],[106.6469,10.5759],[106.6416,10.5751],[106.6385,10.5721],[106.6317,10.5602],[106.6298,10.5556],[106.6335,10.5528],[106.6328,10.5449],[106.6341,10.5427],[106.6369,10.5429],[106.6392,10.5408],[106.65,10.5398],[106.6522,10.5296],[106.6514,10.5252],[106.6485,10.5193],[106.6482,10.517],[106.6492,10.5137],[106.6531,10.5118],[106.6581,10.5127],[106.6585,10.5152],[106.6637,10.5177],[106.6641,10.5211],[106.663,10.5238],[106.6619,10.5315],[106.6672,10.5305],[106.6686,10.5369],[106.6654,10.5371],[106.668,10.5409],[106.6682,10.543],[106.6713,10.548],[106.6737,10.5477],[106.6772,10.5497],[106.6802,10.5491],[106.6808,10.546],[106.6848,10.5481],[106.6879,10.5476],[106.6878,10.5505],[106.6928,10.5554],[106.6952,10.5538],[106.6977,10.5602],[106.6973,10.5649],[106.7033,10.5646],[106.7048,10.5658],[106.7036,10.5685],[106.7041,10.5708],[106.7085,10.575]]]},"properties":{"ma_xa":"28201","ten_xa":"Phước Vĩnh Tây","sap_nhap":"Long An, Long Phụng, Phước Vĩnh Tây","tru_so":"đang cập nhật","loai":"Xã","cap":2,"stt":49,"dtich_km2":34.4,"dan_so":28127,"matdo_km2":817.65,"ma_tinh":"80","ten_tinh":"Tây Ninh"}},
{"type":"Feature","geometry":{"type":"Polygon","coordinates":[[[106.5944,10.6067],[106.5883,10.6115],[106.5903,10.6189],[106.5926,10.619],[106.5928,10.6238],[106.5946,10.6251],[106.5931,10.6294],[106.5953,10.6324],[106.594,10.6335],[106.5946,10.6371],[106.5892,10.6358],[106.5856,10.6383],[106.5791,10.6409],[106.5704,10.6387],[106.5659,10.6322],[106.5661,10.6288],[106.565,10.6274],[106.5576,10.6268],[106.5592,10.6199],[106.5557,10.614],[106.5505,10.6079],[106.553,10.5994],[106.5561,10.5997],[106.5586,10.5973],[106.5586,10.5905],[106.5602,10.5888],[106.5617,10.5827],[106.5603,10.5785],[106.5656,10.5768],[106.5704,10.5786],[106.5735,10.5783],[106.5782,10.5822],[106.5818,10.5799],[106.5842,10.5803],[106.5875,10.5785],[106.5962,10.5773],[106.595,10.5881],[106.592,10.5867],[106.5897,10.5881],[106.59,10.5906],[106.5884,10.5949],[106.5911,10.5962],[106.5958,10.5947],[106.5963,10.5974],[106.5929,10.5984],[106.5932,10.6037],[106.5944,10.6067]]]},"properties":{"ma_xa":"28114","ten_xa":"Rạch Kiến","sap_nhap":"Long Trạch, Long Khê, Long Hòa","tru_so":"đang cập nhật","loai":"Xã","cap":2,"stt":41,"dtich_km2":24.53,"dan_so":38795,"matdo_km2":1581.53,"ma_tinh":"80","ten_tinh":"Tây Ninh"}},
{"type":"Feature","geometry":{"type":"Polygon","coordinates":[[[106.5051,10.4876],[106.5043,10.4914],[106.5061,10.499],[106.5061,10.5027],[106.5048,10.5084],[106.5028,10.5114],[106.4988,10.5147],[106.4949,10.5151],[106.4912,10.5138],[106.4871,10.5082],[106.4848,10.5065],[106.4795,10.5061],[106.4759,10.5069],[106.4726,10.5101],[106.4708,10.5069],[106.4688,10.5083],[106.4656,10.5062],[106.4678,10.5042],[106.4647,10.5001],[106.4627,10.4948],[106.4584,10.4918],[106.4593,10.4876],[106.4574,10.4867],[106.4579,10.48],[106.4552,10.4796],[106.4541,10.4768],[106.449,10.4774],[106.4452,10.4753],[106.4422,10.4726],[106.439,10.4668],[106.4419,10.4664],[106.4421,10.4583],[106.4463,10.4568],[106.4477,10.4549],[106.4527,10.4534],[106.454,10.4509],[106.4546,10.4494],[106.458,10.4503],[106.4611,10.4485],[106.4659,10.4486],[106.4633,10.4445],[106.4604,10.4415],[106.4615,10.4384],[106.4634,10.4375],[106.4657,10.4343],[106.4689,10.434],[106.4723,10.4385],[106.4769,10.4368],[106.4778,10.4385],[106.4826,10.443],[106.484,10.4406],[106.4881,10.4445],[106.4959,10.4531],[106.5022,10.4541],[106.5056,10.4554],[106.5096,10.4547],[106.513,10.4584],[106.5153,10.4594],[106.5144,10.4619],[106.5097,10.4643],[106.5081,10.467],[106.5086,10.471],[106.5148,10.4743],[106.5179,10.4772],[106.5185,10.4798],[106.5161,10.4832],[106.5083,10.4845],[106.5051,10.4876]]]},"properties":{"ma_xa":"28210","ten_xa":"Tầm Vu","sap_nhap":"Tầm Vu (thị trấn), Hiệp Thạnh (huyện Châu Thành), Phú Ngãi Trị, Phước Tân Hưng","tru_so":"đang cập nhật","loai":"Xã","cap":2,"stt":56,"dtich_km2":43.5,"dan_so":35956,"matdo_km2":826.57,"ma_tinh":"80","ten_tinh":"Tây Ninh"}},
{"type":"Feature","geometry":{"type":"Polygon","coordinates":[[[106.445,10.5736],[106.4423,10.5741],[106.4404,10.5723],[106.4297,10.5533],[106.4395,10.5462],[106.4381,10.5456],[106.4367,10.5397],[106.4313,10.54],[106.4308,10.5311],[106.4301,10.5266],[106.4263,10.5214],[106.4215,10.5208],[106.4196,10.5257],[106.4084,10.5284],[106.4056,10.527],[106.3978,10.5081],[106.3947,10.4965],[106.393,10.4921],[106.3895,10.4769],[106.3896,10.4766],[106.3931,10.4773],[106.3962,10.4859],[106.4004,10.4846],[106.4043,10.4916],[106.4079,10.492],[106.4143,10.4887],[106.4146,10.4953],[106.4186,10.4951],[106.4233,10.4974],[106.4222,10.5013],[106.428,10.5021],[106.4292,10.5041],[106.4307,10.5107],[106.4339,10.5143],[106.4346,10.518],[106.4412,10.5201],[106.4434,10.5221],[106.4462,10.5279],[106.4506,10.5315],[106.4548,10.529],[106.4566,10.5292],[106.4556,10.5325],[106.4577,10.5357],[106.4594,10.5443],[106.4576,10.5477],[106.4577,10.5528],[106.4538,10.555],[106.4541,10.5572],[106.4518,10.5602],[106.45,10.5649],[106.445,10.5736]]]},"properties":{"ma_xa":"27712","ten_xa":"Tân An","sap_nhap":"Phường 7, Bình Tâm, Nhơn Thạnh Trung, An Vĩnh Ngãi","tru_so":"đang cập nhật","loai":"Phường","cap":2,"stt":59,"dtich_km2":25.5,"dan_so":32292,"matdo_km2":1266.35,"ma_tinh":"80","ten_tinh":"Tây Ninh"}},
{"type":"Feature","geometry":{"type":"Polygon","coordinates":[[[105.9507,11.6399],[105.926,11.6494],[105.9188,11.6543],[105.9065,11.662],[105.901,11.6661],[105.8992,11.6681],[105.8916,11.6748],[105.8874,11.677],[105.8834,11.6771],[105.8795,11.6758],[105.8735,11.6711],[105.8644,11.6685],[105.8536,11.6629],[105.8498,11.6564],[105.8472,11.6553],[105.8466,11.6504],[105.8442,11.6494],[105.8437,11.6462],[105.8371,11.6379],[105.8348,11.6306],[105.834,11.6253],[105.8298,11.6227],[105.8287,11.6198],[105.8221,11.6199],[105.8205,11.6119],[105.819,11.6103],[105.8163,11.6102],[105.8088,11.6013],[105.8094,11.5975],[105.8121,11.5907],[105.8111,11.5873],[105.815,11.5852],[105.817,11.5806],[105.816,11.5763],[105.8187,11.5728],[105.8164,11.5706],[105.8202,11.5676],[105.8208,11.5711],[105.8238,11.5702],[105.8271,11.5644],[105.8326,11.5656],[105.8339,11.5643],[105.8377,11.5637],[105.8412,11.565],[105.8419,11.5633],[105.845,11.5649],[105.8452,11.5614],[105.8488,11.5638],[105.8507,11.5606],[105.8544,11.5623],[105.855,11.5641],[105.8588,11.5648],[105.8606,11.5664],[105.8628,11.5648],[105.8634,11.5615],[105.8668,11.5624],[105.8693,11.5552],[105.874,11.5546],[105.8727,11.5514],[105.8748,11.5511],[105.8774,11.5491],[105.8783,11.5466],[105.8808,11.5459],[105.8798,11.5434],[105.8817,11.5423],[105.8842,11.5368],[105.8824,11.535],[105.8855,11.5322],[105.8844,11.528],[105.8854,11.5259],[105.8968,11.5271],[105.9002,11.5307],[105.9057,11.5327],[105.937,11.5423],[105.9366,11.5443],[105.948,11.5446],[105.9508,11.5466],[105.9546,11.5453],[105.9529,11.5408],[105.9532,11.5363],[105.9633,11.5388],[105.9637,11.5343],[105.9654,11.5289],[105.968,11.523],[105.967,11.5211],[105.9695,11.5172],[105.9703,11.5132],[105.9749,11.5065],[105.9768,11.5059],[105.979,11.5011],[105.9784,11.499],[105.9799,11.4983],[105.9825,11.5005],[105.9947,11.5061],[106.0134,11.51],[106.0176,11.5119],[106.0211,11.515],[106.0208,11.5205],[106.0252,11.5218],[106.0291,11.5221],[106.0308,11.5246],[106.029,11.5275],[106.0297,11.5304],[106.0289,11.5351],[106.0298,11.5373],[106.0286,11.5393],[106.0307,11.5537],[106.0277,11.5586],[106.0257,11.5593],[106.0271,11.5625],[106.0341,11.5632],[106.0352,11.5641],[106.0352,11.5692],[106.0364,11.5704],[106.0366,11.5742],[106.0395,11.5761],[106.0406,11.5803],[106.04,11.5889],[106.0248,11.5888],[106.0202,11.5893],[105.9978,11.5891],[105.991,11.5886],[105.989,11.5975],[105.9857,11.5975],[105.9856,11.6039],[105.9831,11.6084],[105.9767,11.61],[105.9749,11.6114],[105.9726,11.6086],[105.9699,11.6027],[105.9656,11.6008],[105.9646,11.6016],[105.9663,11.6051],[105.9652,11.6065],[105.961,11.6079],[105.9595,11.6062],[105.9549,11.6051],[105.949,11.6046],[105.9362,11.5995],[105.9331,11.598],[105.9307,11.598],[105.9267,11.6007],[105.9239,11.6],[105.9208,11.6013],[105.9203,11.6036],[105.9221,11.6095],[105.9203,11.6115],[105.9203,11.6162],[105.9257,11.6218],[105.9321,11.6228],[105.9349,11.6252],[105.9374,11.629],[105.9408,11.6298],[105.943,11.6315],[105.9437,11.6343],[105.9462,11.6373],[105.9492,11.6375],[105.9507,11.6399]]]},"properties":{"ma_xa":"25486","ten_xa":"Tân Biên","sap_nhap":"Tân Bình (huyện Tân Biên), Thạnh Tây, Tân Biên (thị trấn)","tru_so":"đang cập nhật","loai":"Xã","cap":2,"stt":86,"dtich_km2":244.71,"dan_so":36771,"matdo_km2":150.26,"ma_tinh":"80","ten_tinh":"Tây Ninh"}},
{"type":"Feature","geometry":{"type":"Polygon","coordinates":[[[106.1953,11.5642],[106.1876,11.5638],[106.1823,11.5651],[106.1825,11.5679],[106.1794,11.5687],[106.1786,11.5671],[106.1714,11.5695],[106.1697,11.5687],[106.1614,11.571],[106.1575,11.5746],[106.1567,11.5739],[106.1495,11.5736],[106.1491,11.5764],[106.1469,11.5781],[106.1447,11.5777],[106.139,11.5816],[106.1376,11.5842],[106.1348,11.5846],[106.1329,11.5831],[106.1289,11.5878],[106.1273,11.5886],[106.1258,11.5932],[106.1144,11.5933],[106.1149,11.5879],[106.1147,11.5626],[106.1134,11.5313],[106.122,11.524],[106.1292,11.5235],[106.1302,11.5265],[106.1381,11.5262],[106.1431,11.5268],[106.143,11.5255],[106.151,11.5252],[106.1516,11.5243],[106.1569,11.5269],[106.1653,11.5272],[106.1655,11.5259],[106.1702,11.5262],[106.1739,11.5281],[106.1826,11.5242],[106.1873,11.5194],[106.1903,11.5231],[106.192,11.5302],[106.1864,11.5354],[106.1843,11.5364],[106.1845,11.539],[106.1904,11.5395],[106.1934,11.5414],[106.1949,11.5469],[106.1923,11.5497],[106.1935,11.5528],[106.1936,11.5604],[106.1953,11.5642]]]},"properties":{"ma_xa":"25516","ten_xa":"Tân Châu","sap_nhap":"Tân Châu (thị trấn), Thạnh Đông, Tân Phú (huyện Tân Châu, 1 phần), Suối Dây (1 phần)","tru_so":"đang cập nhật","loai":"Xã","cap":2,"stt":80,"dtich_km2":54.77,"dan_so":24072,"matdo_km2":439.51,"ma_tinh":"80","ten_tinh":"Tây Ninh"}},
{"type":"Feature","geometry":{"type":"Polygon","coordinates":[[[106.2987,11.6812],[106.2995,11.6847],[106.2938,11.6881],[106.2903,11.693],[106.2893,11.6956],[106.2873,11.6954],[106.2814,11.6974],[106.277,11.7012],[106.2744,11.7008],[106.2709,11.7043],[106.2701,11.7087],[106.2651,11.7097],[106.2646,11.7173],[106.2604,11.7183],[106.2583,11.7238],[106.2562,11.7256],[106.2533,11.7257],[106.2488,11.7271],[106.246,11.7261],[106.2412,11.7269],[106.2374,11.7268],[106.2285,11.7309],[106.2256,11.731],[106.2218,11.7292],[106.2166,11.7277],[106.2071,11.7319],[106.2013,11.7372],[106.1954,11.741],[106.1948,11.746],[106.1921,11.7469],[106.1886,11.7499],[106.1845,11.7499],[106.1837,11.746],[106.1808,11.7476],[106.1789,11.7461],[106.1762,11.7463],[106.172,11.7491],[106.1677,11.7476],[106.163,11.7439],[106.1593,11.7381],[106.1562,11.736],[106.1524,11.7361],[106.1476,11.7391],[106.1387,11.7433],[106.1331,11.7449],[106.1238,11.7452],[106.1161,11.7425],[106.1118,11.7434],[106.1124,11.7411],[106.1115,11.737],[106.1126,11.6985],[106.1145,11.6988],[106.1193,11.6973],[106.1206,11.699],[106.1257,11.6979],[106.1374,11.6974],[106.1433,11.6982],[106.1573,11.6973],[106.1608,11.6962],[106.1625,11.6983],[106.1665,11.6971],[106.1705,11.697],[106.1714,11.699],[106.1777,11.6975],[106.1834,11.6982],[106.1872,11.6965],[106.1907,11.6989],[106.1959,11.6983],[106.198,11.6966],[106.2021,11.6883],[106.2027,11.6833],[106.2063,11.6791],[106.211,11.675],[106.2113,11.6721],[106.2141,11.666],[106.2184,11.6635],[106.218,11.6619],[106.2206,11.6605],[106.2176,11.657],[106.2176,11.6533],[106.2164,11.6505],[106.2181,11.6479],[106.2237,11.6464],[106.2233,11.6438],[106.2243,11.6413],[106.2206,11.6379],[106.2229,11.6296],[106.2245,11.6304],[106.2299,11.6358],[106.2354,11.6316],[106.238,11.6327],[106.2405,11.6302],[106.2443,11.6317],[106.2484,11.6312],[106.2507,11.6296],[106.2553,11.6309],[106.259,11.6327],[106.2631,11.6373],[106.2691,11.6425],[106.2728,11.6415],[106.2756,11.6419],[106.2809,11.647],[106.2839,11.6477],[106.2848,11.6508],[106.2871,11.6535],[106.2902,11.6538],[106.2922,11.6555],[106.2916,11.6579],[106.2958,11.6645],[106.298,11.6658],[106.2988,11.6695],[106.2968,11.6765],[106.2987,11.6812]]]},"properties":{"ma_xa":"25522","ten_xa":"Tân Đông","sap_nhap":"Tân Đông (huyện Tân Châu), Tân Hà","tru_so":"đang cập nhật","loai":"Xã","cap":2,"stt":79,"dtich_km2":134.32,"dan_so":27582,"matdo_km2":205.35,"ma_tinh":"80","ten_tinh":"Tây Ninh"}},
{"type":"Feature","geometry":{"type":"Polygon","coordinates":[[[106.4512,11.6709],[106.4438,11.6709],[106.44,11.67],[106.4328,11.6715],[106.4256,11.6777],[106.4223,11.6767],[106.4148,11.6774],[106.4116,11.6808],[106.4096,11.6844],[106.4037,11.6868],[106.3993,11.6914],[106.3974,11.6922],[106.3914,11.6926],[106.3856,11.6952],[106.3745,11.6955],[106.3705,11.6966],[106.3675,11.6961],[106.3588,11.692],[106.3541,11.6907],[106.3484,11.6848],[106.3441,11.6839],[106.3386,11.6808],[106.3359,11.6808],[106.3334,11.6832],[106.3317,11.6829],[106.3269,11.6848],[106.3179,11.6791],[106.3119,11.6788],[106.3099,11.6802],[106.3075,11.6796],[106.2987,11.6812],[106.2968,11.6765],[106.2988,11.6695],[106.298,11.6658],[106.2958,11.6645],[106.2916,11.6579],[106.2922,11.6555],[106.2902,11.6538],[106.2871,11.6535],[106.2848,11.6508],[106.2839,11.6477],[106.2809,11.647],[106.2756,11.6419],[106.2728,11.6415],[106.2691,11.6425],[106.2631,11.6373],[106.259,11.6327],[106.2624,11.6301],[106.262,11.6132],[106.2623,11.6089],[106.2639,11.6025],[106.2637,11.5831],[106.2648,11.5762],[106.2634,11.571],[106.2633,11.564],[106.2688,11.5647],[106.2706,11.5612],[106.2756,11.5591],[106.2794,11.5593],[106.2838,11.5548],[106.2883,11.5517],[106.2932,11.5499],[106.2996,11.5447],[106.3018,11.5441],[106.3051,11.5396],[106.3097,11.5373],[106.3105,11.5357],[106.3149,11.5336],[106.3177,11.5312],[106.3173,11.5267],[106.32,11.5156],[106.3264,11.5085],[106.3303,11.5031],[106.3341,11.499],[106.3372,11.4968],[106.3425,11.492],[106.35,11.4862],[106.3588,11.4801],[106.361,11.4771],[106.3627,11.4725],[106.3665,11.471],[106.3715,11.4665],[106.3734,11.4599],[106.3741,11.4519],[106.3771,11.4516],[106.3791,11.4531],[106.3851,11.4541],[106.3852,11.4558],[106.3882,11.4569],[106.3925,11.4566],[106.3945,11.4611],[106.3973,11.4609],[106.4023,11.4632],[106.4058,11.4626],[106.4047,11.468],[106.4101,11.4682],[106.4122,11.4699],[106.413,11.4723],[106.411,11.4739],[106.4117,11.4762],[106.4148,11.4779],[106.4152,11.4823],[106.4176,11.4821],[106.4197,11.4848],[106.4192,11.4884],[106.4231,11.4927],[106.4232,11.4956],[106.4217,11.4978],[106.4236,11.5072],[106.4272,11.5103],[106.4297,11.5139],[106.4282,11.5194],[106.4289,11.5259],[106.4271,11.5318],[106.4274,11.5343],[106.4309,11.5357],[106.4317,11.5378],[106.4343,11.54],[106.4372,11.5405],[106.4369,11.5432],[106.4403,11.544],[106.4426,11.5468],[106.4477,11.5458],[106.4531,11.5425],[106.4555,11.5426],[106.4617,11.5452],[106.4648,11.5423],[106.4688,11.5446],[106.4694,11.5465],[106.475,11.5491],[106.4796,11.5468],[106.4808,11.5473],[106.4803,11.5555],[106.4841,11.5583],[106.4827,11.5605],[106.4855,11.5615],[106.4856,11.5642],[106.4879,11.5659],[106.4881,11.5683],[106.4903,11.5701],[106.4901,11.5731],[106.4885,11.5759],[106.4888,11.5786],[106.4904,11.58],[106.4894,11.5831],[106.4867,11.5849],[106.4866,11.5883],[106.4845,11.593],[106.483,11.5943],[106.4838,11.5976],[106.4866,11.6036],[106.4818,11.6063],[106.4817,11.6098],[106.4758,11.6106],[106.4752,11.6127],[106.4696,11.6152],[106.4686,11.619],[106.4664,11.6199],[106.4659,11.6228],[106.4634,11.6236],[106.4663,11.6271],[106.4652,11.629],[106.4655,11.6334],[106.462,11.6344],[106.4646,11.6392],[106.4589,11.6443],[106.46,11.6485],[106.4578,11.6519],[106.4533,11.6536],[106.4554,11.6576],[106.4509,11.6608],[106.4519,11.6633],[106.4512,11.6709]]]},"properties":{"ma_xa":"25531","ten_xa":"Tân Hòa","sap_nhap":"Tân Hòa (huyện Tân Châu), Suối Ngô","tru_so":"đang cập nhật","loai":"Xã","cap":2,"stt":84,"dtich_km2":416.82,"dan_so":24457,"matdo_km2":58.68,"ma_tinh":"80","ten_tinh":"Tây Ninh"}},
{"type":"Feature","geometry":{"type":"Polygon","coordinates":[[[106.2229,11.6296],[106.2206,11.6379],[106.2243,11.6413],[106.2233,11.6438],[106.2237,11.6464],[106.2181,11.6479],[106.2164,11.6505],[106.2176,11.6533],[106.2176,11.657],[106.2206,11.6605],[106.218,11.6619],[106.2184,11.6635],[106.2141,11.666],[106.2113,11.6721],[106.211,11.675],[106.2063,11.6791],[106.2027,11.6833],[106.2021,11.6883],[106.198,11.6966],[106.1959,11.6983],[106.1907,11.6989],[106.1872,11.6965],[106.1834,11.6982],[106.1777,11.6975],[106.1714,11.699],[106.1705,11.697],[106.1665,11.6971],[106.1625,11.6983],[106.1608,11.6962],[106.1573,11.6973],[106.1433,11.6982],[106.1374,11.6974],[106.1257,11.6979],[106.1206,11.699],[106.1193,11.6973],[106.1145,11.6988],[106.1126,11.6985],[106.1138,11.6504],[106.1145,11.6163],[106.1144,11.5933],[106.1258,11.5932],[106.1273,11.5886],[106.1289,11.5878],[106.1329,11.5831],[106.1348,11.5846],[106.1376,11.5842],[106.139,11.5816],[106.1447,11.5777],[106.1469,11.5781],[106.1491,11.5764],[106.1495,11.5736],[106.1567,11.5739],[106.1575,11.5746],[106.1614,11.571],[106.1697,11.5687],[106.1714,11.5695],[106.1786,11.5671],[106.1794,11.5687],[106.1825,11.5679],[106.1823,11.5651],[106.1876,11.5638],[106.1953,11.5642],[106.1963,11.5671],[106.1958,11.5725],[106.1982,11.5772],[106.1982,11.5823],[106.1999,11.5864],[106.2008,11.5914],[106.2007,11.5955],[106.2016,11.6005],[106.2006,11.6029],[106.2027,11.6039],[106.2078,11.6018],[106.2101,11.6027],[106.2122,11.6015],[106.2138,11.5985],[106.2185,11.6035],[106.2176,11.6055],[106.2205,11.6083],[106.2199,11.6114],[106.2158,11.6127],[106.2177,11.6158],[106.2182,11.6184],[106.2203,11.6184],[106.2205,11.6238],[106.2229,11.6296]]]},"properties":{"ma_xa":"25525","ten_xa":"Tân Hội","sap_nhap":"Tân Hiệp (huyện Tân Châu), Tân Hội","tru_so":"đang cập nhật","loai":"Xã","cap":2,"stt":82,"dtich_km2":143.24,"dan_so":21783,"matdo_km2":152.07,"ma_tinh":"80","ten_tinh":"Tây Ninh"}},
{"type":"Feature","geometry":{"type":"Polygon","coordinates":[[[105.7413,10.8629],[105.7367,10.865],[105.7294,10.8644],[105.7246,10.8625],[105.715,10.8555],[105.7132,10.8517],[105.7056,10.8539],[105.6976,10.8576],[105.6688,10.8688],[105.6544,10.8466],[105.6524,10.8471],[105.6494,10.8415],[105.647,10.8433],[105.6453,10.8411],[105.6495,10.8381],[105.6495,10.8318],[105.6504,10.8318],[105.6512,10.8259],[105.6573,10.815],[105.6795,10.801],[105.6876,10.7955],[105.7015,10.7866],[105.714,10.779],[105.7213,10.7751],[105.7442,10.7643],[105.7518,10.7604],[105.7585,10.7576],[105.7653,10.7523],[105.7658,10.7544],[105.7705,10.7646],[105.7725,10.7698],[105.7777,10.7815],[105.7806,10.7868],[105.7816,10.7927],[105.7858,10.7955],[105.7862,10.7996],[105.7876,10.8035],[105.7836,10.808],[105.7817,10.8118],[105.777,10.8177],[105.7752,10.8203],[105.7709,10.8244],[105.7668,10.8299],[105.7612,10.8309],[105.7567,10.8306],[105.7547,10.8284],[105.7505,10.8276],[105.749,10.8302],[105.7462,10.8321],[105.7431,10.8328],[105.7418,10.8389],[105.74,10.844],[105.7413,10.8487],[105.7412,10.8544],[105.742,10.8589],[105.7413,10.8629]]]},"properties":{"ma_xa":"27721","ten_xa":"Tân Hưng","sap_nhap":"Tân Hưng (thị trấn), Vĩnh Thạnh, Vĩnh Lợi","tru_so":"đang cập nhật","loai":"Xã","cap":2,"stt":3,"dtich_km2":107.75,"dan_so":18046,"matdo_km2":167.48,"ma_tinh":"80","ten_tinh":"Tây Ninh"}},
{"type":"Feature","geometry":{"type":"Polygon","coordinates":[[[106.6581,10.5127],[106.6531,10.5118],[106.6492,10.5137],[106.6482,10.517],[106.6485,10.5193],[106.6514,10.5252],[106.6522,10.5296],[106.65,10.5398],[106.6392,10.5408],[106.6369,10.5429],[106.6341,10.5427],[106.6328,10.5449],[106.6296,10.54],[106.6251,10.5393],[106.6184,10.5398],[106.6132,10.5418],[106.6104,10.5397],[106.6067,10.5421],[106.6026,10.5379],[106.5972,10.5374],[106.5962,10.5325],[106.5985,10.5282],[106.6029,10.5277],[106.6039,10.5256],[106.6091,10.5212],[106.6068,10.5173],[106.6077,10.5156],[106.6126,10.5149],[106.6151,10.511],[106.6138,10.5087],[106.6144,10.504],[106.6126,10.5006],[106.6132,10.4972],[106.616,10.4946],[106.6143,10.4917],[106.6069,10.4906],[106.6077,10.4839],[106.611,10.4794],[106.613,10.4739],[106.6184,10.4747],[106.6273,10.4638],[106.6333,10.4597],[106.6345,10.4637],[106.6364,10.4735],[106.6404,10.4803],[106.6446,10.4831],[106.6503,10.4835],[106.6565,10.4804],[106.6685,10.497],[106.6648,10.5015],[106.6623,10.5093],[106.6601,10.5125],[106.6581,10.5127]]]},"properties":{"ma_xa":"28138","ten_xa":"Tân Lân","sap_nhap":"Phước Đông (huyện Cần Đước), Tân Lân","tru_so":"đang cập nhật","loai":"Xã","cap":2,"stt":43,"dtich_km2":38.93,"dan_so":29984,"matdo_km2":770.2,"ma_tinh":"80","ten_tinh":"Tây Ninh"}},
{"type":"Feature","geometry":{"type":"Polygon","coordinates":[[[106.1118,11.7434],[106.1075,11.745],[106.103,11.7488],[106.1009,11.7521],[106.0994,11.756],[106.0968,11.7559],[106.0926,11.7572],[106.0912,11.7621],[106.0874,11.7628],[106.0816,11.7666],[106.0807,11.7685],[106.0802,11.775],[106.0731,11.7778],[106.0705,11.7807],[106.0607,11.7829],[106.0574,11.7812],[106.0535,11.7815],[106.0469,11.7785],[106.0419,11.7784],[106.0364,11.7762],[106.0247,11.7748],[106.02,11.7718],[106.0169,11.769],[106.0148,11.7656],[106.0127,11.76],[106.0124,11.7546],[106.0104,11.7518],[106.0111,11.7472],[106.0136,11.7435],[106.016,11.7333],[106.016,11.7285],[106.0141,11.7241],[106.0101,11.7211],[106.007,11.7131],[106.0059,11.7089],[106.0009,11.7017],[105.995,11.698],[105.9913,11.6992],[105.9882,11.696],[105.9843,11.6932],[105.977,11.6832],[105.9817,11.678],[105.9822,11.6707],[105.9804,11.6657],[105.9771,11.6647],[105.9724,11.6613],[105.9711,11.657],[105.9693,11.6566],[105.9675,11.6539],[105.9612,11.6499],[105.9595,11.6472],[105.9553,11.6436],[105.954,11.64],[105.9507,11.6399],[105.9492,11.6375],[105.9462,11.6373],[105.9437,11.6343],[105.943,11.6315],[105.9408,11.6298],[105.9374,11.629],[105.9349,11.6252],[105.9321,11.6228],[105.9257,11.6218],[105.9203,11.6162],[105.9203,11.6115],[105.9221,11.6095],[105.9203,11.6036],[105.9208,11.6013],[105.9239,11.6],[105.9267,11.6007],[105.9307,11.598],[105.9331,11.598],[105.9362,11.5995],[105.949,11.6046],[105.9549,11.6051],[105.9595,11.6062],[105.961,11.6079],[105.9652,11.6065],[105.9663,11.6051],[105.9646,11.6016],[105.9656,11.6008],[105.9699,11.6027],[105.9726,11.6086],[105.9749,11.6114],[105.9767,11.61],[105.9831,11.6084],[105.9856,11.6039],[105.9857,11.5975],[105.989,11.5975],[105.991,11.5886],[105.9978,11.5891],[106.0202,11.5893],[106.0199,11.5947],[106.0174,11.5968],[106.023,11.6022],[106.0233,11.6069],[106.0204,11.6091],[106.0235,11.6105],[106.0256,11.6162],[106.0281,11.6164],[106.0876,11.6168],[106.1145,11.6163],[106.1138,11.6504],[106.1126,11.6985],[106.1115,11.737],[106.1124,11.7411],[106.1118,11.7434]]]},"properties":{"ma_xa":"25489","ten_xa":"Tân Lập","sap_nhap":"Tân Lập (huyện Tân Biên), Thạnh Bắc","tru_so":"đang cập nhật","loai":"Xã","cap":2,"stt":85,"dtich_km2":257.61,"dan_so":16810,"matdo_km2":65.25,"ma_tinh":"80","ten_tinh":"Tây Ninh"}},
{"type":"Feature","geometry":{"type":"Polygon","coordinates":[[[106.3316,10.7643],[106.302,10.7472],[106.2967,10.7427],[106.2811,10.7608],[106.2661,10.7779],[106.2467,10.7646],[106.2449,10.7628],[106.2436,10.7592],[106.2408,10.7437],[106.2331,10.7033],[106.2335,10.6987],[106.2329,10.691],[106.2299,10.6884],[106.2309,10.6834],[106.2343,10.6852],[106.2498,10.6769],[106.2529,10.6776],[106.2566,10.6795],[106.2589,10.6783],[106.2601,10.6751],[106.26,10.6707],[106.2563,10.6676],[106.2549,10.664],[106.2573,10.6597],[106.2605,10.6562],[106.2669,10.652],[106.2737,10.6495],[106.2773,10.649],[106.282,10.6509],[106.2862,10.6514],[106.2883,10.6503],[106.2927,10.6454],[106.2952,10.6434],[106.3002,10.6441],[106.3042,10.6436],[106.3071,10.6462],[106.3131,10.6471],[106.3175,10.649],[106.3213,10.6524],[106.3233,10.6607],[106.3276,10.6558],[106.3734,10.6944],[106.3753,10.696],[106.3808,10.7006],[106.3546,10.7311],[106.3453,10.7442],[106.3316,10.7643]]]},"properties":{"ma_xa":"28072","ten_xa":"Tân Long","sap_nhap":"Long Thuận (huyện Thủ Thừa), Long Thạnh, Tân Long","tru_so":"đang cập nhật","loai":"Xã","cap":2,"stt":24,"dtich_km2":149.1,"dan_so":14102,"matdo_km2":94.58,"ma_tinh":"80","ten_tinh":"Tây Ninh"}},
{"type":"Feature","geometry":{"type":"Polygon","coordinates":[[[106.0776,11.3267],[106.0782,11.3246],[106.0767,11.3186],[106.0809,11.3182],[106.0807,11.3157],[106.0827,11.3131],[106.0769,11.3115],[106.076,11.303],[106.0811,11.3025],[106.0834,11.3058],[106.0861,11.3036],[106.0867,11.3006],[106.092,11.2969],[106.0974,11.2963],[106.099,11.2935],[106.1014,11.2965],[106.1044,11.2985],[106.1062,11.2951],[106.1179,11.2961],[106.1291,11.3048],[106.1327,11.3053],[106.1311,11.319],[106.1244,11.3214],[106.1232,11.3242],[106.1195,11.3275],[106.1166,11.3272],[106.1072,11.3332],[106.1066,11.3365],[106.1041,11.3372],[106.0998,11.3354],[106.0979,11.3355],[106.0936,11.3378],[106.0907,11.3383],[106.0873,11.3407],[106.0834,11.333],[106.0803,11.3283],[106.0776,11.3267]]]},"properties":{"ma_xa":"25459","ten_xa":"Tân Ninh","sap_nhap":"Phường 1 (thành phố Tây Ninh), Phường 2 (thành phố Tây Ninh), Phường 3 (thành phố Tây Ninh), Phường IV, Hiệp Ninh, Thái Bình (1 pha","tru_so":"đang cập nhật","loai":"Phường","cap":2,"stt":61,"dtich_km2":21.35,"dan_so":89360,"matdo_km2":4185.48,"ma_tinh":"80","ten_tinh":"Tây Ninh"}},
{"type":"Feature","geometry":{"type":"Polygon","coordinates":[[[106.1873,11.5194],[106.1826,11.5242],[106.1739,11.5281],[106.1702,11.5262],[106.1655,11.5259],[106.1653,11.5272],[106.1569,11.5269],[106.1516,11.5243],[106.151,11.5252],[106.143,11.5255],[106.1431,11.5268],[106.1381,11.5262],[106.1302,11.5265],[106.1292,11.5235],[106.122,11.524],[106.1134,11.5313],[106.1124,11.5083],[106.113,11.4837],[106.1185,11.4809],[106.1196,11.479],[106.1228,11.4788],[106.1227,11.4758],[106.1228,11.4716],[106.1215,11.4645],[106.122,11.4605],[106.1205,11.4572],[106.1209,11.4537],[106.1203,11.4473],[106.1184,11.4414],[106.1153,11.4381],[106.1132,11.4381],[106.116,11.4339],[106.1191,11.4333],[106.1239,11.431],[106.1277,11.4285],[106.1336,11.4257],[106.139,11.4266],[106.1441,11.4296],[106.1459,11.4321],[106.1541,11.4369],[106.1568,11.4371],[106.1603,11.4387],[106.163,11.4368],[106.1638,11.4319],[106.1658,11.4301],[106.1709,11.4294],[106.1751,11.4261],[106.1767,11.4216],[106.179,11.4212],[106.1802,11.4155],[106.1817,11.4113],[106.1814,11.4076],[106.1857,11.4061],[106.1879,11.4096],[106.1869,11.4119],[106.1919,11.4146],[106.1901,11.4174],[106.1922,11.4231],[106.1935,11.4237],[106.1953,11.4297],[106.1989,11.4295],[106.2005,11.4281],[106.2035,11.4285],[106.2057,11.43],[106.2043,11.4336],[106.2067,11.4349],[106.2047,11.4391],[106.2062,11.4422],[106.2088,11.4438],[106.2105,11.4508],[106.2128,11.4518],[106.2143,11.4542],[106.2163,11.4545],[106.2161,11.4596],[106.2169,11.4647],[106.2163,11.4677],[106.2204,11.4708],[106.2123,11.4763],[106.207,11.4828],[106.2015,11.4928],[106.1919,11.5014],[106.185,11.514],[106.1873,11.5194]]]},"properties":{"ma_xa":"25549","ten_xa":"Tân Phú","sap_nhap":"Tân Hưng, Mỏ Công (1 phần), Trà Vong (1 phần), Tân Phong (1 phần), Tân Phú (huyện Tân Châu, 1 phần)","tru_so":"đang cập nhật","loai":"Xã","cap":2,"stt":81,"dtich_km2":103.08,"dan_so":29953,"matdo_km2":290.58,"ma_tinh":"80","ten_tinh":"Tây Ninh"}},
{"type":"Feature","geometry":{"type":"Polygon","coordinates":[[[106.7457,10.5756],[106.7426,10.5786],[106.7389,10.5787],[106.7366,10.5769],[106.7348,10.578],[106.7392,10.5818],[106.7386,10.5855],[106.7354,10.5861],[106.7347,10.5821],[106.7313,10.5797],[106.7286,10.58],[106.7266,10.5842],[106.7232,10.5882],[106.7236,10.5912],[106.7181,10.5878],[106.7142,10.5867],[106.7133,10.5797],[106.7135,10.5746],[106.7085,10.575],[106.7041,10.5708],[106.7036,10.5685],[106.7048,10.5658],[106.7033,10.5646],[106.6973,10.5649],[106.6977,10.5602],[106.6952,10.5538],[106.6928,10.5554],[106.6878,10.5505],[106.6879,10.5476],[106.6848,10.5481],[106.6808,10.546],[106.6802,10.5491],[106.6772,10.5497],[106.6737,10.5477],[106.6713,10.548],[106.6682,10.543],[106.668,10.5409],[106.6654,10.5371],[106.6686,10.5369],[106.6672,10.5305],[106.6619,10.5315],[106.663,10.5238],[106.6641,10.5211],[106.6637,10.5177],[106.6585,10.5152],[106.6581,10.5127],[106.6601,10.5125],[106.6623,10.5093],[106.6648,10.5015],[106.6685,10.497],[106.6718,10.4961],[106.6747,10.4973],[106.6786,10.5002],[106.6876,10.5007],[106.6929,10.5021],[106.7021,10.502],[106.7055,10.5012],[106.7081,10.5024],[106.7103,10.5078],[106.7168,10.5083],[106.7195,10.5104],[106.7225,10.514],[106.7268,10.5139],[106.733,10.5097],[106.744,10.5041],[106.7474,10.5156],[106.7484,10.5252],[106.7478,10.5328],[106.7444,10.5494],[106.7418,10.5638],[106.7417,10.5671],[106.7427,10.5712],[106.7457,10.5756]]]},"properties":{"ma_xa":"28207","ten_xa":"Tân Tập","sap_nhap":"Đông Thạnh, Phước Vĩnh Đông, Tân Tập","tru_so":"đang cập nhật","loai":"Xã","cap":2,"stt":50,"dtich_km2":60.22,"dan_so":44767,"matdo_km2":743.39,"ma_tinh":"80","ten_tinh":"Tây Ninh"}},
{"type":"Feature","geometry":{"type":"Polygon","coordinates":[[[106.3042,10.6436],[106.3002,10.6441],[106.2952,10.6434],[106.2927,10.6454],[106.2883,10.6503],[106.2862,10.6514],[106.282,10.6509],[106.2773,10.649],[106.2737,10.6495],[106.2669,10.652],[106.2605,10.6562],[106.2573,10.6597],[106.2549,10.664],[106.2563,10.6676],[106.26,10.6707],[106.2601,10.6751],[106.2589,10.6783],[106.2566,10.6795],[106.2529,10.6776],[106.2498,10.6769],[106.2343,10.6852],[106.2309,10.6834],[106.2257,10.6764],[106.2255,10.6733],[106.227,10.6678],[106.2262,10.6656],[106.2218,10.6637],[106.2158,10.662],[106.2131,10.6632],[106.2097,10.6671],[106.2063,10.6662],[106.2032,10.6623],[106.1987,10.6595],[106.1991,10.657],[106.1974,10.6528],[106.1977,10.624],[106.1979,10.5804],[106.2058,10.5793],[106.2862,10.587],[106.3176,10.59],[106.3279,10.5833],[106.3316,10.5832],[106.3323,10.5857],[106.3344,10.5881],[106.3353,10.592],[106.3336,10.5954],[106.3349,10.6009],[106.3307,10.6035],[106.3297,10.6054],[106.3299,10.6116],[106.3279,10.6142],[106.3215,10.6154],[106.3154,10.6181],[106.3091,10.6227],[106.3076,10.6267],[106.3093,10.6288],[106.3149,10.6323],[106.3138,10.6357],[106.3084,10.6407],[106.3042,10.6436]]]},"properties":{"ma_xa":"27889","ten_xa":"Tân Tây","sap_nhap":"Tân Đông (huyện Thạnh Hóa), Thủy Đông, Tân Tây","tru_so":"đang cập nhật","loai":"Xã","cap":2,"stt":20,"dtich_km2":113.45,"dan_so":19438,"matdo_km2":171.34,"ma_tinh":"80","ten_tinh":"Tây Ninh"}},
{"type":"Feature","geometry":{"type":"Polygon","coordinates":[[[106.259,11.6327],[106.2553,11.6309],[106.2507,11.6296],[106.2484,11.6312],[106.2443,11.6317],[106.2405,11.6302],[106.238,11.6327],[106.2354,11.6316],[106.2299,11.6358],[106.2245,11.6304],[106.2229,11.6296],[106.2205,11.6238],[106.2203,11.6184],[106.2182,11.6184],[106.2177,11.6158],[106.2158,11.6127],[106.2199,11.6114],[106.2205,11.6083],[106.2176,11.6055],[106.2185,11.6035],[106.2138,11.5985],[106.2122,11.6015],[106.2101,11.6027],[106.2078,11.6018],[106.2027,11.6039],[106.2006,11.6029],[106.2016,11.6005],[106.2007,11.5955],[106.2008,11.5914],[106.1999,11.5864],[106.1982,11.5823],[106.1982,11.5772],[106.1958,11.5725],[106.1963,11.5671],[106.1953,11.5642],[106.1936,11.5604],[106.1935,11.5528],[106.1923,11.5497],[106.1949,11.5469],[106.1934,11.5414],[106.1904,11.5395],[106.1845,11.539],[106.1843,11.5364],[106.1864,11.5354],[106.192,11.5302],[106.1903,11.5231],[106.1873,11.5194],[106.185,11.514],[106.1919,11.5014],[106.2015,11.4928],[106.207,11.4828],[106.2123,11.4763],[106.2204,11.4708],[106.229,11.4661],[106.2321,11.466],[106.2415,11.4585],[106.252,11.4522],[106.2556,11.4482],[106.2579,11.4426],[106.261,11.4369],[106.2652,11.4302],[106.2785,11.4236],[106.2937,11.4187],[106.2994,11.4173],[106.3022,11.4177],[106.3065,11.4202],[106.3176,11.4207],[106.3483,11.4208],[106.3655,11.424],[106.3658,11.4276],[106.3646,11.4298],[106.368,11.4343],[106.3687,11.4384],[106.366,11.4425],[106.3684,11.4467],[106.3715,11.4491],[106.3718,11.4523],[106.3741,11.4519],[106.3734,11.4599],[106.3715,11.4665],[106.3665,11.471],[106.3627,11.4725],[106.361,11.4771],[106.3588,11.4801],[106.35,11.4862],[106.3425,11.492],[106.3372,11.4968],[106.3341,11.499],[106.3303,11.5031],[106.3264,11.5085],[106.32,11.5156],[106.3173,11.5267],[106.3177,11.5312],[106.3149,11.5336],[106.3105,11.5357],[106.3097,11.5373],[106.3051,11.5396],[106.3018,11.5441],[106.2996,11.5447],[106.2932,11.5499],[106.2883,11.5517],[106.2838,11.5548],[106.2794,11.5593],[106.2756,11.5591],[106.2706,11.5612],[106.2688,11.5647],[106.2633,11.564],[106.2634,11.571],[106.2648,11.5762],[106.2637,11.5831],[106.2639,11.6025],[106.2623,11.6089],[106.262,11.6132],[106.2624,11.6301],[106.259,11.6327]]]},"properties":{"ma_xa":"25534","ten_xa":"Tân Thành","sap_nhap":"Tân Thành (huyện Tân Châu), Suối Dây (1 phần)","tru_so":"đang cập nhật","loai":"Xã","cap":2,"stt":83,"dtich_km2":254.99,"dan_so":27783,"matdo_km2":108.96,"ma_tinh":"80","ten_tinh":"Tây Ninh"}},
{"type":"Feature","geometry":{"type":"Polygon","coordinates":[[[106.0441,10.6536],[106.0242,10.6576],[106.0149,10.6528],[106.0195,10.6456],[106.0174,10.6359],[106.0181,10.6288],[106.0125,10.6153],[106.0298,10.6121],[106.0279,10.6024],[106.0358,10.5996],[106.0308,10.5902],[106.0219,10.5728],[106.0109,10.5736],[106.0055,10.5601],[106.0011,10.5511],[105.9921,10.533],[106.0014,10.5323],[106.0015,10.5323],[106.0483,10.5276],[106.0896,10.5234],[106.1025,10.5228],[106.1012,10.5759],[106.0899,10.5754],[106.0898,10.5802],[106.0915,10.6005],[106.0901,10.6022],[106.0876,10.6257],[106.0863,10.6306],[106.0859,10.6362],[106.0884,10.6397],[106.0885,10.6419],[106.0894,10.6443],[106.0441,10.6536]]]},"properties":{"ma_xa":"27826","ten_xa":"Tân Thạnh","sap_nhap":"Tân Bình, Tân Hòa (huyện Tân Thạnh), Kiến Bình, Tân Thạnh (thị trấn)","tru_so":"đang cập nhật","loai":"Xã","cap":2,"stt":16,"dtich_km2":118.45,"dan_so":25869,"matdo_km2":218.4,"ma_tinh":"80","ten_tinh":"Tây Ninh"}},
{"type":"Feature","geometry":{"type":"Polygon","coordinates":[[[106.5202,10.5615],[106.5154,10.5563],[106.5118,10.5556],[106.5112,10.5506],[106.5071,10.5488],[106.5049,10.5453],[106.5008,10.5414],[106.496,10.5404],[106.4937,10.5411],[106.474,10.5424],[106.47,10.5472],[106.4677,10.5448],[106.466,10.5458],[106.4643,10.5417],[106.4592,10.5349],[106.4577,10.5357],[106.4556,10.5325],[106.4566,10.5292],[106.4598,10.5301],[106.4639,10.5283],[106.4713,10.5165],[106.4726,10.5101],[106.4759,10.5069],[106.4795,10.5061],[106.4848,10.5065],[106.4871,10.5082],[106.4912,10.5138],[106.4949,10.5151],[106.4988,10.5147],[106.5028,10.5114],[106.5048,10.5084],[106.5061,10.5027],[106.5061,10.499],[106.5043,10.4914],[106.5051,10.4876],[106.5119,10.4928],[106.5158,10.494],[106.5174,10.4967],[106.5174,10.5013],[106.5218,10.5026],[106.5202,10.5088],[106.518,10.5095],[106.5191,10.513],[106.5228,10.5166],[106.5238,10.5199],[106.5229,10.5219],[106.5236,10.5246],[106.5212,10.5268],[106.5208,10.5295],[106.5252,10.5298],[106.5265,10.5331],[106.5287,10.533],[106.5297,10.5364],[106.5339,10.5401],[106.5357,10.5398],[106.538,10.5503],[106.5307,10.5521],[106.5272,10.5541],[106.5202,10.5615]]]},"properties":{"ma_xa":"28075","ten_xa":"Tân Trụ","sap_nhap":"Tân Trụ (thị trấn), Bình Trinh Đông, Bình Lãng, Bình Tịnh","tru_so":"đang cập nhật","loai":"Xã","cap":2,"stt":52,"dtich_km2":30.84,"dan_so":26855,"matdo_km2":870.78,"ma_tinh":"80","ten_tinh":"Tây Ninh"}},
{"type":"Feature","geometry":{"type":"Polygon","coordinates":[[[105.9655,11.4683],[105.9695,11.4706],[105.9726,11.4692],[105.9809,11.469],[105.9884,11.4642],[105.9944,11.4622],[106.0006,11.4641],[106.0057,11.4629],[106.0136,11.4631],[106.0216,11.4648],[106.0249,11.4643],[106.0289,11.4658],[106.0406,11.4728],[106.0461,11.4768],[106.0486,11.4758],[106.0497,11.4727],[106.0545,11.4739],[106.0578,11.4736],[106.0655,11.4704],[106.0726,11.4685],[106.0726,11.4727],[106.0773,11.4754],[106.0773,11.4783],[106.0852,11.4801],[106.0915,11.475],[106.0947,11.4757],[106.0981,11.4822],[106.1008,11.4798],[106.1035,11.4795],[106.1029,11.4765],[106.1162,11.4762],[106.1227,11.4758],[106.1228,11.4788],[106.1196,11.479],[106.1185,11.4809],[106.113,11.4837],[106.1124,11.5083],[106.1134,11.5313],[106.1147,11.5626],[106.1149,11.5879],[106.1144,11.5933],[106.1145,11.6163],[106.0876,11.6168],[106.0281,11.6164],[106.0256,11.6162],[106.0235,11.6105],[106.0204,11.6091],[106.0233,11.6069],[106.023,11.6022],[106.0174,11.5968],[106.0199,11.5947],[106.0202,11.5893],[106.0248,11.5888],[106.04,11.5889],[106.0406,11.5803],[106.0395,11.5761],[106.0366,11.5742],[106.0364,11.5704],[106.0352,11.5692],[106.0352,11.5641],[106.0341,11.5632],[106.0271,11.5625],[106.0257,11.5593],[106.0277,11.5586],[106.0307,11.5537],[106.0286,11.5393],[106.0298,11.5373],[106.0289,11.5351],[106.0297,11.5304],[106.029,11.5275],[106.0308,11.5246],[106.0291,11.5221],[106.0252,11.5218],[106.0208,11.5205],[106.0211,11.515],[106.0176,11.5119],[106.0134,11.51],[105.9947,11.5061],[105.9825,11.5005],[105.9799,11.4983],[105.9784,11.499],[105.9761,11.4953],[105.9763,11.4934],[105.9724,11.4896],[105.975,11.4844],[105.9727,11.4834],[105.97,11.4804],[105.9682,11.482],[105.9661,11.4808],[105.9644,11.4763],[105.9623,11.4755],[105.9614,11.4724],[105.9621,11.4707],[105.9655,11.4683]]]},"properties":{"ma_xa":"25498","ten_xa":"Thạnh Bình","sap_nhap":"Thạnh Bình, Tân Phong (1 phần)","tru_so":"đang cập nhật","loai":"Xã","cap":2,"stt":87,"dtich_km2":174.92,"dan_so":30764,"matdo_km2":175.87,"ma_tinh":"80","ten_tinh":"Tây Ninh"}},
{"type":"Feature","geometry":{"type":"Polygon","coordinates":[[[106.1291,11.3048],[106.1179,11.2961],[106.1062,11.2951],[106.1044,11.2985],[106.1014,11.2965],[106.099,11.2935],[106.0974,11.2963],[106.092,11.2969],[106.0867,11.3006],[106.0861,11.3036],[106.0834,11.3058],[106.0811,11.3025],[106.076,11.303],[106.0732,11.3029],[106.0703,11.3013],[106.0662,11.3011],[106.0675,11.2688],[106.0674,11.2605],[106.0661,11.255],[106.0638,11.2511],[106.0586,11.2459],[106.0598,11.2383],[106.0637,11.2333],[106.0687,11.2305],[106.0721,11.2293],[106.076,11.2301],[106.0803,11.2339],[106.083,11.2352],[106.0856,11.2346],[106.0874,11.2315],[106.0907,11.2359],[106.0905,11.2389],[106.0927,11.2412],[106.0936,11.2456],[106.0926,11.2526],[106.094,11.2532],[106.095,11.2592],[106.0931,11.2588],[106.0933,11.2689],[106.0957,11.2711],[106.1085,11.2769],[106.1132,11.2785],[106.1212,11.2887],[106.1236,11.2873],[106.1236,11.2895],[106.1264,11.2904],[106.1272,11.2957],[106.1291,11.3048]]]},"properties":{"ma_xa":"25633","ten_xa":"Thanh Điền","sap_nhap":"Hiệp Tân, Thanh Điền","tru_so":"đang cập nhật","loai":"Phường","cap":2,"stt":66,"dtich_km2":30.73,"dan_so":43528,"matdo_km2":1416.47,"ma_tinh":"80","ten_tinh":"Tây Ninh"}},
{"type":"Feature","geometry":{"type":"Polygon","coordinates":[[[106.2344,11.2314],[106.23,11.2308],[106.2286,11.2327],[106.2288,11.2414],[106.2279,11.2451],[106.2259,11.2434],[106.2262,11.2405],[106.2235,11.2406],[106.2192,11.2467],[106.2138,11.2518],[106.2142,11.2556],[106.2194,11.2611],[106.2154,11.2649],[106.2154,11.2674],[106.2107,11.2634],[106.2106,11.2683],[106.2076,11.2696],[106.2063,11.2651],[106.2035,11.2616],[106.205,11.2563],[106.1993,11.2542],[106.197,11.2508],[106.1949,11.2453],[106.1932,11.2381],[106.1918,11.2366],[106.1886,11.2286],[106.1858,11.2297],[106.1819,11.2225],[106.1788,11.2207],[106.1751,11.2227],[106.1719,11.2215],[106.1667,11.2134],[106.1631,11.2135],[106.1631,11.2113],[106.1563,11.2104],[106.1559,11.2132],[106.1485,11.2126],[106.1484,11.2021],[106.1477,11.1966],[106.1456,11.1937],[106.1411,11.1906],[106.1397,11.1884],[106.1385,11.1762],[106.1388,11.1722],[106.1411,11.1669],[106.143,11.164],[106.1454,11.1621],[106.1553,11.1577],[106.1585,11.1574],[106.161,11.1587],[106.1662,11.1593],[106.1681,11.1604],[106.1713,11.1653],[106.1754,11.1677],[106.1802,11.1675],[106.183,11.1659],[106.1851,11.1621],[106.1855,11.1573],[106.1882,11.154],[106.1928,11.151],[106.1963,11.151],[106.2002,11.1522],[106.2066,11.153],[106.2181,11.1568],[106.223,11.1569],[106.2269,11.1556],[106.2297,11.1532],[106.2319,11.1589],[106.2354,11.1633],[106.2385,11.1636],[106.2449,11.1623],[106.2562,11.1656],[106.2548,11.175],[106.2561,11.1808],[106.2565,11.188],[106.2595,11.1938],[106.2615,11.2026],[106.2628,11.2068],[106.266,11.2112],[106.262,11.2123],[106.2591,11.2119],[106.2558,11.2099],[106.2525,11.2151],[106.2502,11.2158],[106.2478,11.2188],[106.2444,11.219],[106.2425,11.2235],[106.24,11.222],[106.2355,11.2249],[106.2332,11.2276],[106.2357,11.2303],[106.2344,11.2314]]]},"properties":{"ma_xa":"25657","ten_xa":"Thạnh Đức","sap_nhap":"Thạnh Đức (huyện Gò Dầu), Cẩm Giang","tru_so":"đang cập nhật","loai":"Xã","cap":2,"stt":73,"dtich_km2":99.06,"dan_so":44539,"matdo_km2":449.62,"ma_tinh":"80","ten_tinh":"Tây Ninh"}},
{"type":"Feature","geometry":{"type":"Polygon","coordinates":[[[106.1987,10.6595],[106.1936,10.6587],[106.1871,10.6587],[106.1846,10.6593],[106.1817,10.6622],[106.1816,10.672],[106.1806,10.6779],[106.0885,10.6419],[106.0884,10.6397],[106.0859,10.6362],[106.0863,10.6306],[106.0876,10.6257],[106.0901,10.6022],[106.0915,10.6005],[106.0898,10.5802],[106.0899,10.5754],[106.1012,10.5759],[106.1385,10.5775],[106.1857,10.5798],[106.1979,10.5804],[106.1977,10.624],[106.1974,10.6528],[106.1991,10.657],[106.1987,10.6595]]]},"properties":{"ma_xa":"27865","ten_xa":"Thạnh Hóa","sap_nhap":"Thạnh Hóa (thị trấn), Thủy Tây, Thạnh An","tru_so":"đang cập nhật","loai":"Xã","cap":2,"stt":19,"dtich_km2":108.18,"dan_so":16738,"matdo_km2":154.72,"ma_tinh":"80","ten_tinh":"Tây Ninh"}},
{"type":"Feature","geometry":{"type":"Polygon","coordinates":[[[106.4661,10.7409],[106.4574,10.7518],[106.4489,10.7629],[106.4426,10.7582],[106.4341,10.7709],[106.4315,10.7727],[106.4299,10.7752],[106.4242,10.7752],[106.4228,10.782],[106.4273,10.7847],[106.429,10.7906],[106.4276,10.7941],[106.425,10.7957],[106.4203,10.7961],[106.418,10.7945],[106.4163,10.7892],[106.4129,10.7869],[106.4073,10.7893],[106.4011,10.7911],[106.3949,10.7948],[106.3929,10.7974],[106.3909,10.7965],[106.3899,10.7927],[106.3902,10.7898],[106.388,10.787],[106.3819,10.7861],[106.3797,10.782],[106.3743,10.7821],[106.3718,10.7813],[106.3682,10.782],[106.3647,10.7803],[106.3686,10.7741],[106.3573,10.7745],[106.3489,10.7698],[106.3458,10.7698],[106.3438,10.772],[106.3313,10.7647],[106.3316,10.7643],[106.3453,10.7442],[106.3546,10.7311],[106.3808,10.7006],[106.3753,10.696],[106.3892,10.6912],[106.3926,10.6897],[106.3981,10.6892],[106.4031,10.6895],[106.4131,10.6875],[106.4149,10.685],[106.4178,10.6859],[106.4178,10.689],[106.4216,10.7013],[106.4285,10.7119],[106.4309,10.7183],[106.4315,10.7244],[106.4335,10.7251],[106.4455,10.7258],[106.4485,10.7274],[106.4661,10.7409]]]},"properties":{"ma_xa":"27994","ten_xa":"Thạnh Lợi","sap_nhap":"Thạnh Hòa, Lương Bình, Thạnh Lợi","tru_so":"đang cập nhật","loai":"Xã","cap":2,"stt":35,"dtich_km2":96.52,"dan_so":24037,"matdo_km2":249.04,"ma_tinh":"80","ten_tinh":"Tây Ninh"}},
{"type":"Feature","geometry":{"type":"Polygon","coordinates":[[[106.2331,10.7033],[106.2293,10.7041],[106.2174,10.712],[106.1792,10.7188],[106.1781,10.7235],[106.1754,10.7257],[106.177,10.7285],[106.1527,10.7334],[106.1478,10.7493],[106.1118,10.7584],[106.1055,10.7299],[106.1021,10.714],[106.0877,10.7127],[106.0878,10.7116],[106.0618,10.6981],[106.0453,10.6934],[106.0384,10.6884],[106.0359,10.688],[106.0458,10.6667],[106.0489,10.6654],[106.0489,10.6606],[106.0439,10.6605],[106.0459,10.6575],[106.0441,10.6536],[106.0894,10.6443],[106.0885,10.6419],[106.1806,10.6779],[106.1816,10.672],[106.1817,10.6622],[106.1846,10.6593],[106.1871,10.6587],[106.1936,10.6587],[106.1987,10.6595],[106.2032,10.6623],[106.2063,10.6662],[106.2097,10.6671],[106.2131,10.6632],[106.2158,10.662],[106.2218,10.6637],[106.2262,10.6656],[106.227,10.6678],[106.2255,10.6733],[106.2257,10.6764],[106.2309,10.6834],[106.2299,10.6884],[106.2329,10.691],[106.2335,10.6987],[106.2331,10.7033]]]},"properties":{"ma_xa":"27877","ten_xa":"Thạnh Phước","sap_nhap":"Thuận Nghĩa Hòa, Thạnh Phú, Thạnh Phước","tru_so":"đang cập nhật","loai":"Xã","cap":2,"stt":18,"dtich_km2":144.64,"dan_so":22064,"matdo_km2":152.54,"ma_tinh":"80","ten_tinh":"Tây Ninh"}},
{"type":"Feature","geometry":{"type":"Polygon","coordinates":[[[106.4435,10.5967],[106.4426,10.5991],[106.4446,10.6029],[106.4419,10.6046],[106.4359,10.6032],[106.435,10.606],[106.4362,10.6101],[106.4326,10.612],[106.4344,10.6173],[106.4307,10.618],[106.4293,10.6214],[106.4338,10.6252],[106.4335,10.6308],[106.4281,10.6347],[106.4242,10.6344],[106.4147,10.6416],[106.4117,10.6448],[106.4095,10.6446],[106.4021,10.6439],[106.3923,10.6346],[106.3827,10.6266],[106.388,10.6131],[106.3887,10.6106],[106.3922,10.6084],[106.3923,10.6052],[106.3938,10.6041],[106.3931,10.5981],[106.3942,10.5932],[106.3925,10.591],[106.3862,10.5889],[106.383,10.5845],[106.3816,10.5844],[106.3789,10.5806],[106.3832,10.5751],[106.3857,10.5764],[106.39,10.5758],[106.3906,10.5734],[106.4051,10.5738],[106.4047,10.5713],[106.4123,10.5716],[106.4151,10.5694],[106.4195,10.5686],[106.421,10.5645],[106.4234,10.568],[106.4328,10.5786],[106.4389,10.5751],[106.4423,10.5741],[106.445,10.5736],[106.4464,10.575],[106.4428,10.5823],[106.4418,10.5862],[106.4398,10.5872],[106.4382,10.5912],[106.4412,10.5953],[106.4435,10.5967]]]},"properties":{"ma_xa":"28036","ten_xa":"Thủ Thừa","sap_nhap":"Thủ Thừa (thị trấn), Bình Thạnh, Tân Thành (huyện Thủ Thừa), Nhị Thành","tru_so":"đang cập nhật","loai":"Xã","cap":2,"stt":21,"dtich_km2":50.45,"dan_so":44485,"matdo_km2":881.76,"ma_tinh":"80","ten_tinh":"Tây Ninh"}},
{"type":"Feature","geometry":{"type":"Polygon","coordinates":[[[106.5883,10.4383],[106.5863,10.4411],[106.5846,10.4469],[106.5844,10.4519],[106.5857,10.4626],[106.5855,10.4664],[106.5841,10.4706],[106.579,10.4787],[106.5689,10.4902],[106.5632,10.499],[106.5596,10.503],[106.5554,10.5024],[106.5523,10.499],[106.5501,10.4918],[106.55,10.4886],[106.5514,10.4855],[106.5538,10.4843],[106.5578,10.4842],[106.5605,10.4833],[106.563,10.4811],[106.5652,10.4756],[106.5646,10.4707],[106.5623,10.4653],[106.5581,10.4614],[106.5549,10.4601],[106.5504,10.4607],[106.5488,10.4625],[106.5489,10.47],[106.5473,10.474],[106.5438,10.4775],[106.5403,10.4789],[106.5357,10.4788],[106.5291,10.4777],[106.526,10.4762],[106.5249,10.4744],[106.5258,10.4664],[106.5242,10.4631],[106.5181,10.4614],[106.5144,10.4619],[106.5153,10.4594],[106.513,10.4584],[106.5096,10.4547],[106.5056,10.4554],[106.5022,10.4541],[106.4959,10.4531],[106.4881,10.4445],[106.4911,10.4401],[106.4906,10.4384],[106.4931,10.4365],[106.4986,10.4359],[106.5017,10.4333],[106.5034,10.4345],[106.5069,10.4297],[106.5096,10.4277],[106.5132,10.4289],[106.5143,10.4261],[106.5182,10.4244],[106.52,10.4256],[106.5209,10.4277],[106.525,10.4316],[106.5291,10.4335],[106.5326,10.4299],[106.5346,10.4267],[106.5367,10.4212],[106.5385,10.421],[106.5417,10.4265],[106.5439,10.4288],[106.5464,10.4295],[106.5491,10.4253],[106.5562,10.4255],[106.5583,10.4248],[106.5591,10.4221],[106.5578,10.4166],[106.5581,10.4137],[106.5604,10.413],[106.5647,10.4146],[106.5681,10.4147],[106.5714,10.4122],[106.5762,10.4143],[106.5798,10.4148],[106.5831,10.4164],[106.5888,10.4181],[106.5894,10.4197],[106.5875,10.4226],[106.5878,10.4254],[106.5849,10.4298],[106.5843,10.4342],[106.5883,10.4383]]]},"properties":{"ma_xa":"28225","ten_xa":"Thuận Mỹ","sap_nhap":"Thanh Phú Long, Thanh Vĩnh Đông, Thuận Mỹ","tru_so":"đang cập nhật","loai":"Xã","cap":2,"stt":54,"dtich_km2":53.37,"dan_so":39330,"matdo_km2":736.93,"ma_tinh":"80","ten_tinh":"Tây Ninh"}},
{"type":"Feature","geometry":{"type":"Polygon","coordinates":[[[106.1227,11.4758],[106.1162,11.4762],[106.1029,11.4765],[106.1035,11.4795],[106.1008,11.4798],[106.0981,11.4822],[106.0947,11.4757],[106.0915,11.475],[106.0852,11.4801],[106.0773,11.4783],[106.0773,11.4754],[106.0726,11.4727],[106.0726,11.4685],[106.0655,11.4704],[106.0578,11.4736],[106.0545,11.4739],[106.0497,11.4727],[106.0486,11.4758],[106.0461,11.4768],[106.0406,11.4728],[106.0289,11.4658],[106.0249,11.4643],[106.0216,11.4648],[106.0136,11.4631],[106.0057,11.4629],[106.0006,11.4641],[105.9944,11.4622],[105.9884,11.4642],[105.9809,11.469],[105.9726,11.4692],[105.9695,11.4706],[105.9655,11.4683],[105.9662,11.4652],[105.9689,11.4642],[105.9694,11.4615],[105.9712,11.4596],[105.9691,11.458],[105.9687,11.4549],[105.965,11.4521],[105.9749,11.4522],[105.9787,11.4539],[105.9833,11.4504],[105.9824,11.4464],[105.985,11.4413],[105.9894,11.4425],[105.995,11.442],[105.9971,11.4407],[105.9968,11.4356],[106.002,11.4326],[106.0052,11.4329],[106.0052,11.4304],[106.0089,11.4279],[106.0117,11.429],[106.0135,11.4238],[106.0125,11.4215],[106.0168,11.4212],[106.0182,11.4172],[106.0209,11.415],[106.0232,11.4149],[106.0296,11.4137],[106.0307,11.4102],[106.033,11.4102],[106.0352,11.4081],[106.0364,11.4022],[106.0404,11.4031],[106.0418,11.4009],[106.0498,11.4061],[106.0572,11.406],[106.0578,11.4066],[106.0652,11.4073],[106.07,11.4099],[106.074,11.4086],[106.0759,11.4119],[106.0777,11.4112],[106.0803,11.4079],[106.0865,11.4046],[106.0893,11.4016],[106.0962,11.3931],[106.0992,11.3934],[106.101,11.402],[106.0993,11.405],[106.0996,11.4094],[106.1021,11.4124],[106.1018,11.416],[106.103,11.4184],[106.0998,11.421],[106.0976,11.4245],[106.1004,11.4256],[106.1017,11.4276],[106.1071,11.4317],[106.1118,11.4378],[106.1132,11.4381],[106.1153,11.4381],[106.1184,11.4414],[106.1203,11.4473],[106.1209,11.4537],[106.1205,11.4572],[106.122,11.4605],[106.1215,11.4645],[106.1228,11.4716],[106.1227,11.4758]]]},"properties":{"ma_xa":"25510","ten_xa":"Trà Vong","sap_nhap":"Mỏ Công (1 phần), Trà Vong (1 phần)","tru_so":"đang cập nhật","loai":"Xã","cap":2,"stt":88,"dtich_km2":88.67,"dan_so":24316,"matdo_km2":274.23,"ma_tinh":"80","ten_tinh":"Tây Ninh"}},
{"type":"Feature","geometry":{"type":"Polygon","coordinates":[[[106.3294,11.0553],[106.3274,11.0531],[106.3243,11.0531],[106.3178,11.0505],[106.312,11.0447],[106.3086,11.0447],[106.3068,11.0415],[106.304,11.0406],[106.301,11.0419],[106.2977,11.0414],[106.2994,11.0464],[106.2916,11.0488],[106.2875,11.0488],[106.2864,11.0565],[106.2845,11.0573],[106.28,11.0558],[106.2762,11.0538],[106.2708,11.0471],[106.2775,11.0422],[106.278,11.0399],[106.2768,11.0362],[106.2779,11.0286],[106.277,11.0258],[106.2739,11.0217],[106.2763,11.0199],[106.2791,11.0159],[106.2847,11.0222],[106.2881,11.0221],[106.2911,11.0234],[106.2914,11.0252],[106.2967,11.0258],[106.2976,11.024],[106.3008,11.0227],[106.3123,11.0198],[106.3234,11.0125],[106.3284,11.0096],[106.3367,11.0059],[106.3428,11.0014],[106.3455,10.9947],[106.3511,10.9989],[106.3459,11.0057],[106.3474,11.0075],[106.3494,11.0139],[106.3508,11.0216],[106.3527,11.0226],[106.3577,11.0233],[106.358,11.0219],[106.3624,11.0213],[106.3658,11.0217],[106.3679,11.0282],[106.3738,11.0371],[106.3765,11.0387],[106.38,11.047],[106.3802,11.0491],[106.3741,11.0483],[106.3689,11.0498],[106.3607,11.0503],[106.3595,11.0444],[106.3525,11.0444],[106.3483,11.041],[106.3504,11.0392],[106.3491,11.0377],[106.3294,11.0553]]]},"properties":{"ma_xa":"25708","ten_xa":"Trảng Bàng","sap_nhap":"An Hòa, Trảng Bàng","tru_so":"đang cập nhật","loai":"Phường","cap":2,"stt":67,"dtich_km2":36.97,"dan_so":53532,"matdo_km2":1447.98,"ma_tinh":"80","ten_tinh":"Tây Ninh"}},
{"type":"Feature","geometry":{"type":"Polygon","coordinates":[[[106.2677,11.2699],[106.2635,11.2702],[106.2599,11.2691],[106.2555,11.2636],[106.2558,11.2624],[106.252,11.256],[106.2457,11.2498],[106.2426,11.2442],[106.2422,11.2384],[106.2403,11.2381],[106.236,11.2318],[106.2344,11.2314],[106.2357,11.2303],[106.2332,11.2276],[106.2355,11.2249],[106.24,11.222],[106.2425,11.2235],[106.2444,11.219],[106.2478,11.2188],[106.2502,11.2158],[106.2525,11.2151],[106.2558,11.2099],[106.2591,11.2119],[106.262,11.2123],[106.266,11.2112],[106.2706,11.2034],[106.2724,11.2078],[106.2736,11.2069],[106.2758,11.202],[106.2766,11.1973],[106.2798,11.1945],[106.2849,11.192],[106.2859,11.1878],[106.2836,11.1834],[106.2882,11.1794],[106.2871,11.1777],[106.2885,11.1752],[106.2876,11.1717],[106.29,11.1639],[106.2883,11.1609],[106.2896,11.1533],[106.2943,11.1506],[106.2976,11.1435],[106.3007,11.1398],[106.3001,11.1371],[106.3102,11.1369],[106.3109,11.1411],[106.3285,11.1584],[106.3293,11.1584],[106.3307,11.1589],[106.3392,11.1645],[106.3361,11.1659],[106.3338,11.1687],[106.3386,11.1727],[106.3335,11.1788],[106.326,11.1863],[106.3279,11.1896],[106.3529,11.2135],[106.3525,11.2152],[106.3498,11.2169],[106.3466,11.2164],[106.3419,11.2135],[106.3392,11.2133],[106.3363,11.2163],[106.3351,11.2204],[106.3308,11.2253],[106.3286,11.2265],[106.3252,11.2306],[106.3164,11.2258],[106.3094,11.2259],[106.3038,11.2273],[106.3002,11.2258],[106.3,11.2292],[106.2912,11.2298],[106.2879,11.2284],[106.2861,11.2327],[106.2865,11.2378],[106.2851,11.2431],[106.2801,11.2411],[106.2772,11.2492],[106.2777,11.2519],[106.2735,11.2575],[106.2692,11.2687],[106.2677,11.2699]]]},"properties":{"ma_xa":"25666","ten_xa":"Truông Mít","sap_nhap":"Bàu Đồn, Truông Mít","tru_so":"đang cập nhật","loai":"Xã","cap":2,"stt":75,"dtich_km2":74.43,"dan_so":40174,"matdo_km2":539.76,"ma_tinh":"80","ten_tinh":"Tây Ninh"}},
{"type":"Feature","geometry":{"type":"Polygon","coordinates":[[[105.8986,10.8447],[105.8836,10.8501],[105.8498,10.8627],[105.8485,10.8664],[105.8493,10.8685],[105.8627,10.8964],[105.8637,10.9011],[105.8538,10.9144],[105.8401,10.9339],[105.8305,10.9456],[105.8242,10.9408],[105.8221,10.9418],[105.8191,10.9395],[105.8205,10.9339],[105.8179,10.9297],[105.8128,10.9274],[105.8072,10.9263],[105.8052,10.9279],[105.7985,10.9124],[105.8228,10.8964],[105.8088,10.8727],[105.7985,10.8546],[105.7943,10.8482],[105.7768,10.8182],[105.777,10.8177],[105.7817,10.8118],[105.7836,10.808],[105.7876,10.8035],[105.7886,10.804],[105.7935,10.8014],[105.7953,10.7993],[105.7947,10.7967],[105.7963,10.793],[105.7956,10.7899],[105.7983,10.7862],[105.8031,10.7837],[105.8065,10.7799],[105.8059,10.7573],[105.807,10.7469],[105.8028,10.7453],[105.8034,10.7421],[105.8033,10.7296],[105.8175,10.7269],[105.8176,10.729],[105.8245,10.7413],[105.834,10.7557],[105.8377,10.7603],[105.8397,10.764],[105.8444,10.7704],[105.8496,10.775],[105.8524,10.7803],[105.8546,10.7817],[105.8584,10.782],[105.8594,10.7832],[105.8697,10.7892],[105.8715,10.7934],[105.8798,10.8061],[105.8806,10.8085],[105.8828,10.8099],[105.8838,10.8133],[105.8815,10.8138],[105.8802,10.8181],[105.8764,10.82],[105.8753,10.822],[105.8915,10.832],[105.8951,10.8346],[105.8969,10.8384],[105.8957,10.8417],[105.8986,10.8447]]]},"properties":{"ma_xa":"27775","ten_xa":"Tuyên Bình","sap_nhap":"Tuyên Bình, Tuyên Bình Tây, Vĩnh Bình (1 phần), Vĩnh Thuận (1 phần), Thái Bình Trung (1 phần)","tru_so":"đang cập nhật","loai":"Xã","cap":2,"stt":5,"dtich_km2":137.81,"dan_so":19158,"matdo_km2":139.02,"ma_tinh":"80","ten_tinh":"Tây Ninh"}},
{"type":"Feature","geometry":{"type":"Polygon","coordinates":[[[105.9229,10.7851],[105.921,10.7874],[105.92,10.7906],[105.9183,10.792],[105.9153,10.7912],[105.9108,10.7924],[105.9063,10.7965],[105.903,10.7986],[105.8976,10.8008],[105.895,10.8059],[105.8954,10.8117],[105.892,10.8159],[105.8897,10.8159],[105.8838,10.8133],[105.8828,10.8099],[105.8806,10.8085],[105.8798,10.8061],[105.8715,10.7934],[105.8697,10.7892],[105.8594,10.7832],[105.8584,10.782],[105.8546,10.7817],[105.8524,10.7803],[105.8496,10.775],[105.8444,10.7704],[105.8397,10.764],[105.8377,10.7603],[105.834,10.7557],[105.8245,10.7413],[105.8176,10.729],[105.8175,10.7269],[105.8179,10.7237],[105.8187,10.7032],[105.8191,10.7014],[105.827,10.7002],[105.8311,10.6981],[105.843,10.6934],[105.854,10.6873],[105.8576,10.6879],[105.8607,10.6928],[105.867,10.6897],[105.8727,10.6897],[105.8871,10.6909],[105.8913,10.7106],[105.8998,10.7078],[105.9012,10.7109],[105.9274,10.7054],[105.9336,10.7216],[105.9351,10.7283],[105.9324,10.7288],[105.9223,10.7306],[105.9253,10.7409],[105.9102,10.758],[105.911,10.7599],[105.9141,10.7628],[105.9178,10.7699],[105.9177,10.7757],[105.9198,10.7783],[105.9213,10.7843],[105.9229,10.7851]]]},"properties":{"ma_xa":"27817","ten_xa":"Tuyên Thạnh","sap_nhap":"Thạnh Hưng (thị xã Kiến Tường), Tuyên Thạnh, Bắc Hòa (1 phần)","tru_so":"đang cập nhật","loai":"Xã","cap":2,"stt":8,"dtich_km2":108.81,"dan_so":15331,"matdo_km2":140.9,"ma_tinh":"80","ten_tinh":"Tây Ninh"}},
{"type":"Feature","geometry":{"type":"Polygon","coordinates":[[[106.5686,10.539],[106.5686,10.5457],[106.5668,10.5497],[106.5628,10.5522],[106.5578,10.5532],[106.5533,10.553],[106.5453,10.5507],[106.538,10.5503],[106.5357,10.5398],[106.5339,10.5401],[106.5297,10.5364],[106.5287,10.533],[106.5265,10.5331],[106.5252,10.5298],[106.5208,10.5295],[106.5212,10.5268],[106.5236,10.5246],[106.5229,10.5219],[106.5238,10.5199],[106.5228,10.5166],[106.5191,10.513],[106.518,10.5095],[106.5202,10.5088],[106.5218,10.5026],[106.5174,10.5013],[106.5174,10.4967],[106.5158,10.494],[106.5119,10.4928],[106.5051,10.4876],[106.5083,10.4845],[106.5161,10.4832],[106.5185,10.4798],[106.5179,10.4772],[106.5148,10.4743],[106.5086,10.471],[106.5081,10.467],[106.5097,10.4643],[106.5144,10.4619],[106.5181,10.4614],[106.5242,10.4631],[106.5258,10.4664],[106.5249,10.4744],[106.526,10.4762],[106.5291,10.4777],[106.5357,10.4788],[106.5403,10.4789],[106.5438,10.4775],[106.5473,10.474],[106.5489,10.47],[106.5488,10.4625],[106.5504,10.4607],[106.5549,10.4601],[106.5581,10.4614],[106.5623,10.4653],[106.5646,10.4707],[106.5652,10.4756],[106.563,10.4811],[106.5605,10.4833],[106.5578,10.4842],[106.5538,10.4843],[106.5514,10.4855],[106.55,10.4886],[106.5501,10.4918],[106.5523,10.499],[106.5554,10.5024],[106.5596,10.503],[106.5583,10.5064],[106.5588,10.5105],[106.5627,10.5171],[106.5651,10.5222],[106.5674,10.5288],[106.5686,10.539]]]},"properties":{"ma_xa":"28093","ten_xa":"Vàm Cỏ","sap_nhap":"Tân Phước Tây, Nhựt Ninh, Đức Tân","tru_so":"đang cập nhật","loai":"Xã","cap":2,"stt":51,"dtich_km2":40.73,"dan_so":25354,"matdo_km2":622.49,"ma_tinh":"80","ten_tinh":"Tây Ninh"}},
{"type":"Feature","geometry":{"type":"Polygon","coordinates":[[[105.8175,10.7269],[105.8033,10.7296],[105.8034,10.7421],[105.8028,10.7453],[105.807,10.7469],[105.8059,10.7573],[105.8065,10.7799],[105.8031,10.7837],[105.7983,10.7862],[105.7956,10.7899],[105.7963,10.793],[105.7947,10.7967],[105.7953,10.7993],[105.7935,10.8014],[105.7886,10.804],[105.7876,10.8035],[105.7862,10.7996],[105.7858,10.7955],[105.7816,10.7927],[105.7806,10.7868],[105.7777,10.7815],[105.7725,10.7698],[105.7705,10.7646],[105.7658,10.7544],[105.7653,10.7523],[105.7585,10.7576],[105.7518,10.7604],[105.7442,10.7643],[105.7213,10.7751],[105.714,10.779],[105.7015,10.7866],[105.6876,10.7955],[105.6716,10.7845],[105.6751,10.7811],[105.6594,10.7719],[105.6822,10.7507],[105.715,10.7201],[105.7273,10.7085],[105.7806,10.6587],[105.8077,10.6537],[105.8089,10.6536],[105.8144,10.6788],[105.8146,10.6821],[105.8161,10.6836],[105.8171,10.695],[105.8197,10.6976],[105.8191,10.7014],[105.8187,10.7032],[105.8179,10.7237],[105.8175,10.7269]]]},"properties":{"ma_xa":"27748","ten_xa":"Vĩnh Châu","sap_nhap":"Vĩnh Đại, Vĩnh Bửu, Vĩnh Châu A","tru_so":"đang cập nhật","loai":"Xã","cap":2,"stt":4,"dtich_km2":144.28,"dan_so":13022,"matdo_km2":90.26,"ma_tinh":"80","ten_tinh":"Tây Ninh"}},
{"type":"Feature","geometry":{"type":"Polygon","coordinates":[[[106.4566,10.5292],[106.4548,10.529],[106.4506,10.5315],[106.4462,10.5279],[106.4434,10.5221],[106.4412,10.5201],[106.4346,10.518],[106.4339,10.5143],[106.4307,10.5107],[106.4292,10.5041],[106.428,10.5021],[106.4222,10.5013],[106.4233,10.4974],[106.4186,10.4951],[106.4146,10.4953],[106.4143,10.4887],[106.417,10.4884],[106.4173,10.482],[106.4238,10.4787],[106.4256,10.474],[106.43,10.474],[106.4343,10.4687],[106.4357,10.4696],[106.439,10.4668],[106.4422,10.4726],[106.4452,10.4753],[106.449,10.4774],[106.4541,10.4768],[106.4552,10.4796],[106.4579,10.48],[106.4574,10.4867],[106.4593,10.4876],[106.4584,10.4918],[106.4627,10.4948],[106.4647,10.5001],[106.4678,10.5042],[106.4656,10.5062],[106.4688,10.5083],[106.4708,10.5069],[106.4726,10.5101],[106.4713,10.5165],[106.4639,10.5283],[106.4598,10.5301],[106.4566,10.5292]]]},"properties":{"ma_xa":"28222","ten_xa":"Vĩnh Công","sap_nhap":"Hòa Phú, Bình Quới, Vĩnh Công","tru_so":"đang cập nhật","loai":"Xã","cap":2,"stt":57,"dtich_km2":24.71,"dan_so":22784,"matdo_km2":922.06,"ma_tinh":"80","ten_tinh":"Tây Ninh"}},
{"type":"Feature","geometry":{"type":"Polygon","coordinates":[[[105.7985,10.9124],[105.7908,10.9168],[105.7862,10.9215],[105.7812,10.9251],[105.7762,10.9245],[105.7727,10.9264],[105.7715,10.9291],[105.7501,10.9511],[105.7396,10.9617],[105.7097,10.9356],[105.6874,10.9294],[105.7059,10.915],[105.758,10.8807],[105.758,10.8774],[105.7597,10.8708],[105.7594,10.8686],[105.7571,10.8644],[105.7518,10.8609],[105.7479,10.8615],[105.7455,10.8635],[105.743,10.864],[105.7413,10.8629],[105.742,10.8589],[105.7412,10.8544],[105.7413,10.8487],[105.74,10.844],[105.7418,10.8389],[105.7431,10.8328],[105.7462,10.8321],[105.749,10.8302],[105.7505,10.8276],[105.7547,10.8284],[105.7567,10.8306],[105.7612,10.8309],[105.7668,10.8299],[105.7709,10.8244],[105.7752,10.8203],[105.777,10.8177],[105.7768,10.8182],[105.7943,10.8482],[105.7985,10.8546],[105.8088,10.8727],[105.8228,10.8964],[105.7985,10.9124]]]},"properties":{"ma_xa":"27757","ten_xa":"Vĩnh Hưng","sap_nhap":"Vĩnh Hưng (thị trấn), Vĩnh Trị (1 phần), Thái Trị (1 phần), Khánh Hưng (1 phần), Thái Bình Trung (1 phần), Vĩnh Thuận (1 phần), Vĩnh Bình (1 phần)","tru_so":"đang cập nhật","loai":"Xã","cap":2,"stt":6,"dtich_km2":95.26,"dan_so":21204,"matdo_km2":222.59,"ma_tinh":"80","ten_tinh":"Tây Ninh"}},
{"type":"Feature","geometry":{"type":"Polygon","coordinates":[[[105.7413,10.8629],[105.743,10.864],[105.7455,10.8635],[105.7479,10.8615],[105.7518,10.8609],[105.7571,10.8644],[105.7594,10.8686],[105.7597,10.8708],[105.758,10.8774],[105.758,10.8807],[105.7059,10.915],[105.6797,10.9069],[105.6571,10.8996],[105.6208,10.8876],[105.6038,10.8943],[105.5885,10.8803],[105.5898,10.8781],[105.6049,10.8476],[105.6123,10.832],[105.5959,10.8307],[105.6041,10.8234],[105.6216,10.8074],[105.6358,10.7938],[105.6594,10.7719],[105.6751,10.7811],[105.6716,10.7845],[105.6876,10.7955],[105.6795,10.801],[105.6573,10.815],[105.6512,10.8259],[105.6504,10.8318],[105.6495,10.8318],[105.6495,10.8381],[105.6453,10.8411],[105.647,10.8433],[105.6494,10.8415],[105.6524,10.8471],[105.6544,10.8466],[105.6688,10.8688],[105.6976,10.8576],[105.7056,10.8539],[105.7132,10.8517],[105.715,10.8555],[105.7246,10.8625],[105.7294,10.8644],[105.7367,10.865],[105.7413,10.8629]]]},"properties":{"ma_xa":"27736","ten_xa":"Vĩnh Thạnh","sap_nhap":"Thạnh Hưng (huyện Tân Hưng), Vĩnh Châu B, Hưng Thạnh","tru_so":"đang cập nhật","loai":"Xã","cap":2,"stt":2,"dtich_km2":118.68,"dan_so":12610,"matdo_km2":106.25,"ma_tinh":"80","ten_tinh":"Tây Ninh"}}
]}