{"type":"FeatureCollection", "features": [
{"type":"Feature","geometry":{"type":"Polygon","coordinates":[[[105.7606,20.5159],[105.7529,20.5239],[105.7492,20.5232],[105.7471,20.5213],[105.7438,20.5242],[105.7403,20.5225],[105.7407,20.5178],[105.7377,20.5171],[105.7333,20.5137],[105.7292,20.5197],[105.7232,20.5249],[105.7238,20.5193],[105.7211,20.5181],[105.716,20.5201],[105.7133,20.5226],[105.7136,20.535],[105.7128,20.5409],[105.7129,20.5482],[105.712,20.5495],[105.7069,20.5513],[105.6981,20.5515],[105.6955,20.553],[105.6898,20.5532],[105.6867,20.5518],[105.6848,20.5484],[105.6837,20.545],[105.6802,20.5452],[105.6808,20.5429],[105.6782,20.5394],[105.6795,20.5358],[105.6767,20.5307],[105.6714,20.5316],[105.6719,20.5339],[105.6687,20.5345],[105.6653,20.5384],[105.6625,20.5431],[105.6586,20.5464],[105.6568,20.5432],[105.6564,20.5393],[105.6512,20.538],[105.6507,20.5278],[105.6545,20.5269],[105.6536,20.5248],[105.6469,20.5234],[105.6462,20.5224],[105.6418,20.5259],[105.635,20.5261],[105.63,20.5245],[105.625,20.5258],[105.6186,20.5227],[105.6111,20.5234],[105.6118,20.5199],[105.6106,20.5179],[105.6122,20.5134],[105.6143,20.5132],[105.6152,20.5092],[105.6178,20.5037],[105.6216,20.5053],[105.6283,20.5024],[105.6281,20.5007],[105.6317,20.4951],[105.6321,20.4909],[105.6379,20.4884],[105.6416,20.493],[105.6429,20.4923],[105.6478,20.4928],[105.6505,20.4951],[105.6551,20.4926],[105.6571,20.4948],[105.6575,20.5003],[105.6592,20.5013],[105.6615,20.5064],[105.6656,20.5097],[105.672,20.5098],[105.6756,20.5084],[105.6755,20.511],[105.688,20.508],[105.6906,20.5055],[105.6894,20.5022],[105.6862,20.4991],[105.6842,20.4991],[105.6827,20.4965],[105.6789,20.4949],[105.6779,20.4874],[105.6815,20.4857],[105.6825,20.4837],[105.6798,20.4824],[105.6801,20.4799],[105.6728,20.4754],[105.6718,20.4739],[105.6722,20.4698],[105.6709,20.4673],[105.6716,20.4621],[105.6692,20.4591],[105.6748,20.4542],[105.6769,20.4491],[105.6785,20.4482],[105.6806,20.441],[105.6827,20.4381],[105.6847,20.4396],[105.6881,20.4355],[105.6923,20.4358],[105.6948,20.4369],[105.6972,20.4355],[105.7011,20.4299],[105.7002,20.4201],[105.7012,20.4163],[105.6972,20.412],[105.7011,20.4097],[105.7053,20.412],[105.7115,20.4084],[105.7194,20.4074],[105.725,20.4019],[105.7283,20.4019],[105.728,20.3996],[105.7319,20.3972],[105.7297,20.3895],[105.7298,20.3857],[105.7332,20.3848],[105.7419,20.3843],[105.7459,20.3822],[105.7463,20.3795],[105.7454,20.3722],[105.7466,20.3671],[105.7572,20.3672],[105.756,20.3715],[105.7589,20.3743],[105.7582,20.3757],[105.7594,20.3798],[105.7581,20.3834],[105.756,20.3843],[105.7546,20.3881],[105.755,20.3948],[105.7534,20.3989],[105.756,20.399],[105.7548,20.4034],[105.7528,20.405],[105.7522,20.4075],[105.7535,20.4097],[105.7525,20.4127],[105.7554,20.4144],[105.7589,20.4146],[105.7592,20.4165],[105.7568,20.4179],[105.7554,20.4238],[105.7531,20.4294],[105.7517,20.4387],[105.7501,20.4412],[105.7491,20.4481],[105.7481,20.4496],[105.7475,20.4558],[105.7458,20.4586],[105.7441,20.4646],[105.7429,20.4655],[105.7415,20.4714],[105.7417,20.4781],[105.7404,20.4876],[105.7413,20.4954],[105.7395,20.4991],[105.7406,20.5021],[105.7431,20.5033],[105.7507,20.5051],[105.7555,20.5095],[105.76,20.5111],[105.7587,20.5139],[105.7606,20.5159]]]},"properties":{"ma_xa":"05425","ten_xa":"An Bình","sap_nhap":"Hưng Thi, Thống Nhất, An Bình","tru_so":"đang cập nhật","loai":"Xã","cap":2,"stt":126,"dtich_km2":127.41,"dan_so":18952,"matdo_km2":148.75,"ma_tinh":"25","ten_tinh":"Phú Thọ"}},
{"type":"Feature","geometry":{"type":"Polygon","coordinates":[[[105.6664,20.617],[105.6636,20.6148],[105.6597,20.6156],[105.658,20.6135],[105.6548,20.6168],[105.6533,20.6204],[105.6468,20.6201],[105.6439,20.6193],[105.6402,20.6201],[105.6366,20.6233],[105.6343,20.6223],[105.6305,20.6243],[105.6278,20.6208],[105.6242,20.6181],[105.6145,20.6145],[105.6159,20.6114],[105.6154,20.6094],[105.6188,20.609],[105.6238,20.5973],[105.6278,20.5969],[105.6307,20.5947],[105.6387,20.5974],[105.6404,20.597],[105.6443,20.6008],[105.6456,20.5982],[105.6478,20.5974],[105.652,20.5918],[105.6539,20.5935],[105.6604,20.5899],[105.6617,20.5882],[105.6651,20.5872],[105.6665,20.5825],[105.6663,20.579],[105.6687,20.5773],[105.6686,20.5749],[105.6724,20.5723],[105.6741,20.5674],[105.6781,20.5675],[105.6798,20.5646],[105.6796,20.5622],[105.6838,20.5595],[105.6829,20.5568],[105.6798,20.5542],[105.6813,20.5511],[105.6837,20.5505],[105.6848,20.5484],[105.6867,20.5518],[105.6898,20.5532],[105.6955,20.553],[105.6981,20.5515],[105.7069,20.5513],[105.712,20.5495],[105.7129,20.5482],[105.7128,20.5409],[105.7136,20.535],[105.7133,20.5226],[105.716,20.5201],[105.7211,20.5181],[105.7238,20.5193],[105.7232,20.5249],[105.7292,20.5197],[105.7333,20.5137],[105.7377,20.5171],[105.7407,20.5178],[105.7403,20.5225],[105.7438,20.5242],[105.7471,20.5213],[105.7492,20.5232],[105.7529,20.5239],[105.7606,20.5159],[105.7661,20.5124],[105.7692,20.5088],[105.7709,20.5101],[105.7726,20.5145],[105.7744,20.5152],[105.7742,20.5229],[105.7751,20.5266],[105.7746,20.5295],[105.779,20.5336],[105.7853,20.5363],[105.7839,20.5388],[105.7773,20.5464],[105.7735,20.5497],[105.7717,20.5544],[105.7704,20.56],[105.7705,20.5623],[105.7687,20.5653],[105.7671,20.5717],[105.763,20.5791],[105.7573,20.5822],[105.7551,20.5846],[105.7524,20.5895],[105.7474,20.5916],[105.7451,20.5966],[105.7428,20.5991],[105.7372,20.5983],[105.7324,20.5998],[105.7269,20.6045],[105.7268,20.6055],[105.7216,20.5993],[105.7187,20.5971],[105.7098,20.5995],[105.7081,20.5987],[105.7037,20.6035],[105.7053,20.6057],[105.7051,20.6095],[105.7036,20.611],[105.7049,20.6142],[105.7009,20.6218],[105.6987,20.6223],[105.6965,20.6198],[105.692,20.6221],[105.6881,20.619],[105.6869,20.6159],[105.6832,20.6163],[105.6816,20.6179],[105.6733,20.616],[105.6695,20.6178],[105.6664,20.617]]]},"properties":{"ma_xa":"05395","ten_xa":"An Nghĩa","sap_nhap":"Ba Hàng Đồi (thị trấn), Phú Nghĩa, Phú Thành","tru_so":"đang cập nhật","loai":"Xã","cap":2,"stt":127,"dtich_km2":95.73,"dan_so":27556,"matdo_km2":287.85,"ma_tinh":"25","ten_tinh":"Phú Thọ"}},
{"type":"Feature","geometry":{"type":"Polygon","coordinates":[[[105.1972,21.4196],[105.1882,21.4169],[105.1836,21.4194],[105.1822,21.4173],[105.1826,21.4147],[105.1787,21.4115],[105.1756,21.4077],[105.1825,21.4045],[105.1863,21.4034],[105.1876,21.4005],[105.183,21.4012],[105.1825,21.397],[105.1855,21.3949],[105.1927,21.3952],[105.1917,21.3909],[105.2007,21.3799],[105.2001,21.3782],[105.1988,21.3659],[105.1999,21.3647],[105.2078,21.3675],[105.2144,21.3678],[105.214,21.3782],[105.2184,21.3889],[105.2217,21.3918],[105.2238,21.3923],[105.2221,21.4024],[105.2162,21.3989],[105.2103,21.4011],[105.2039,21.4001],[105.2039,21.4022],[105.198,21.4012],[105.1952,21.4053],[105.1994,21.4085],[105.1996,21.4115],[105.2023,21.4163],[105.1992,21.419],[105.1972,21.4196]]]},"properties":{"ma_xa":"07948","ten_xa":"Âu Cơ","sap_nhap":"Thanh Vinh, Âu Cơ, Thanh Minh","tru_so":"đang cập nhật","loai":"Phường","cap":2,"stt":12,"dtich_km2":12.51,"dan_so":18951,"matdo_km2":1514.87,"ma_tinh":"25","ten_tinh":"Phú Thọ"}},
{"type":"Feature","geometry":{"type":"Polygon","coordinates":[[[105.3312,21.3158],[105.3252,21.3131],[105.3261,21.3108],[105.3242,21.3069],[105.3201,21.304],[105.3185,21.3008],[105.3199,21.2979],[105.3191,21.2954],[105.3249,21.2904],[105.3281,21.2837],[105.3239,21.2805],[105.3229,21.2773],[105.3247,21.2741],[105.3212,21.2728],[105.3064,21.2702],[105.3012,21.2702],[105.2957,21.271],[105.2936,21.2699],[105.2903,21.2649],[105.3011,21.2579],[105.3142,21.2501],[105.3174,21.2487],[105.3245,21.2475],[105.3364,21.2479],[105.3419,21.2494],[105.3494,21.2554],[105.3525,21.2606],[105.3524,21.2701],[105.3539,21.2799],[105.357,21.2897],[105.3518,21.2948],[105.3531,21.2971],[105.3536,21.3038],[105.3547,21.3059],[105.3557,21.3098],[105.3489,21.3127],[105.3469,21.3119],[105.3311,21.3146],[105.3312,21.3158]]]},"properties":{"ma_xa":"08527","ten_xa":"Bản Nguyên","sap_nhap":"Cao Xá, Vĩnh Lại, Bản Nguyên","tru_so":"đang cập nhật","loai":"Xã","cap":2,"stt":9,"dtich_km2":28.29,"dan_so":33667,"matdo_km2":1190.07,"ma_tinh":"25","ten_tinh":"Phú Thọ"}},
{"type":"Feature","geometry":{"type":"Polygon","coordinates":[[[105.0917,21.6785],[105.0924,21.6804],[105.0895,21.6826],[105.081,21.6821],[105.0777,21.6811],[105.074,21.6813],[105.0708,21.6836],[105.067,21.6844],[105.0645,21.6881],[105.0611,21.6902],[105.0592,21.6862],[105.0576,21.6854],[105.0545,21.6865],[105.0524,21.6886],[105.0499,21.688],[105.0484,21.6902],[105.0446,21.69],[105.0432,21.6927],[105.0398,21.6948],[105.0387,21.6976],[105.0307,21.7015],[105.0278,21.6962],[105.0205,21.6965],[105.02,21.6914],[105.0214,21.6898],[105.0242,21.6905],[105.0252,21.6879],[105.0288,21.6865],[105.0338,21.6805],[105.0318,21.6774],[105.0284,21.6762],[105.0266,21.6734],[105.0265,21.6708],[105.0242,21.6699],[105.0253,21.6669],[105.0233,21.6614],[105.0203,21.661],[105.0209,21.6546],[105.0192,21.6521],[105.0191,21.649],[105.0176,21.6482],[105.0168,21.6442],[105.0182,21.6415],[105.025,21.6391],[105.0305,21.6385],[105.0333,21.636],[105.0348,21.6317],[105.0324,21.6285],[105.0343,21.627],[105.0391,21.6281],[105.0403,21.6243],[105.0437,21.6213],[105.0419,21.6182],[105.0488,21.6131],[105.0527,21.6159],[105.0563,21.6167],[105.0612,21.6148],[105.0636,21.6128],[105.0665,21.6133],[105.0712,21.6125],[105.0731,21.6089],[105.0755,21.6089],[105.0776,21.6057],[105.0818,21.6041],[105.0841,21.6044],[105.0874,21.601],[105.0925,21.6009],[105.0965,21.5994],[105.0993,21.6002],[105.1026,21.5979],[105.1056,21.5996],[105.1068,21.6054],[105.1065,21.611],[105.1084,21.6119],[105.1079,21.6146],[105.1112,21.6177],[105.1116,21.6193],[105.1176,21.6229],[105.1179,21.6264],[105.1168,21.6279],[105.1163,21.6362],[105.1129,21.6354],[105.1081,21.6331],[105.1019,21.6384],[105.1001,21.6407],[105.0983,21.6396],[105.0928,21.6418],[105.0908,21.6391],[105.0845,21.6374],[105.0823,21.6381],[105.0787,21.6437],[105.0772,21.6484],[105.0792,21.6503],[105.0818,21.6507],[105.0852,21.6538],[105.0816,21.6609],[105.0785,21.6645],[105.0793,21.6739],[105.0852,21.6778],[105.0895,21.6767],[105.0917,21.6785]]]},"properties":{"ma_xa":"07996","ten_xa":"Bằng Luân","sap_nhap":"Bằng Doãn, Phúc Lai, Bằng Luân","tru_so":"đang cập nhật","loai":"Xã","cap":2,"stt":28,"dtich_km2":59.77,"dan_so":16932,"matdo_km2":283.29,"ma_tinh":"25","ten_tinh":"Phú Thọ"}},
{"type":"Feature","geometry":{"type":"Polygon","coordinates":[[[105.0287,20.6521],[105.0264,20.6546],[105.0255,20.6581],[105.0254,20.6639],[105.0171,20.6691],[105.0142,20.6694],[105.0071,20.6678],[105.0049,20.6683],[104.9997,20.6675],[104.9941,20.6694],[104.9924,20.6713],[104.993,20.6784],[104.9936,20.6989],[104.9928,20.701],[104.9885,20.7005],[104.9881,20.6981],[104.9825,20.7012],[104.9807,20.7041],[104.9743,20.7067],[104.9689,20.7099],[104.9649,20.7107],[104.9559,20.7175],[104.9522,20.7183],[104.9484,20.7163],[104.944,20.7157],[104.9412,20.711],[104.9392,20.7106],[104.9351,20.7124],[104.9355,20.7098],[104.9343,20.7067],[104.9353,20.7018],[104.9337,20.6959],[104.9326,20.6943],[104.9321,20.689],[104.9327,20.6855],[104.9318,20.6814],[104.9269,20.6795],[104.9243,20.6757],[104.9204,20.6735],[104.9177,20.6697],[104.9113,20.6625],[104.9186,20.6592],[104.9212,20.6547],[104.9264,20.6525],[104.9281,20.6491],[104.9311,20.6483],[104.9356,20.6455],[104.9388,20.6453],[104.9422,20.6436],[104.946,20.6436],[104.9545,20.6323],[104.9598,20.6289],[104.9607,20.6248],[104.9603,20.6205],[104.9568,20.6164],[104.9596,20.6119],[104.9595,20.6098],[104.9638,20.6033],[104.9649,20.599],[104.9674,20.5954],[104.9618,20.5957],[104.9631,20.5898],[104.9623,20.5832],[104.9601,20.5795],[104.9665,20.5778],[104.9734,20.5746],[104.9798,20.5738],[104.9849,20.571],[104.9894,20.5754],[104.9932,20.5744],[104.9965,20.5747],[104.9973,20.5872],[105.0024,20.5863],[105.0104,20.587],[105.0183,20.5922],[105.0179,20.5957],[105.0199,20.5987],[105.0221,20.6055],[105.0306,20.61],[105.0337,20.6103],[105.0315,20.6146],[105.0329,20.6163],[105.0297,20.6204],[105.0307,20.624],[105.027,20.6278],[105.0206,20.6334],[105.0154,20.636],[105.0142,20.6385],[105.0151,20.6409],[105.0131,20.6465],[105.0242,20.65],[105.0287,20.6521]]]},"properties":{"ma_xa":"05245","ten_xa":"Bao La","sap_nhap":"Mai Hịch, Xăm Khòe, Bao La","tru_so":"đang cập nhật","loai":"Xã","cap":2,"stt":132,"dtich_km2":104.27,"dan_so":12409,"matdo_km2":119.01,"ma_tinh":"25","ten_tinh":"Phú Thọ"}},
{"type":"Feature","geometry":{"type":"Polygon","coordinates":[[[105.6685,21.3078],[105.6678,21.3066],[105.6634,21.3062],[105.6601,21.3082],[105.6559,21.3058],[105.6575,21.304],[105.6569,21.2998],[105.6437,21.3003],[105.6398,21.3013],[105.6375,21.2975],[105.6318,21.2946],[105.6276,21.2946],[105.627,21.2898],[105.6226,21.2881],[105.625,21.2818],[105.6246,21.2798],[105.6257,21.2762],[105.6227,21.2753],[105.6296,21.2725],[105.6311,21.2704],[105.6379,21.2678],[105.6362,21.2667],[105.6367,21.2641],[105.6405,21.2644],[105.6403,21.2615],[105.6465,21.2576],[105.6486,21.2505],[105.6518,21.2522],[105.6546,21.2497],[105.6615,21.2535],[105.666,21.2528],[105.6674,21.2544],[105.671,21.2549],[105.6716,21.2568],[105.6779,21.2551],[105.6856,21.254],[105.686,21.2557],[105.6914,21.2622],[105.6938,21.2608],[105.6984,21.2628],[105.6945,21.2686],[105.6925,21.2734],[105.6893,21.2754],[105.6871,21.2793],[105.6871,21.2818],[105.6841,21.2855],[105.6846,21.2885],[105.6806,21.2914],[105.6775,21.2968],[105.6772,21.3006],[105.6742,21.2976],[105.6717,21.3018],[105.674,21.3031],[105.6713,21.3079],[105.6685,21.3078]]]},"properties":{"ma_xa":"08935","ten_xa":"Bình Nguyên","sap_nhap":"Hương Canh (thị trấn), Tam Hợp, Quất Lưu, Sơn Lôi","tru_so":"đang cập nhật","loai":"Xã","cap":2,"stt":95,"dtich_km2":30.6,"dan_so":46425,"matdo_km2":1517.16,"ma_tinh":"25","ten_tinh":"Phú Thọ"}},
{"type":"Feature","geometry":{"type":"Polygon","coordinates":[[[105.338,21.4608],[105.3344,21.4598],[105.335,21.4578],[105.3329,21.4564],[105.3291,21.4583],[105.3249,21.4569],[105.3234,21.4507],[105.3248,21.4489],[105.327,21.4495],[105.3274,21.4466],[105.3302,21.4432],[105.3337,21.4449],[105.333,21.4404],[105.3332,21.4349],[105.3313,21.4307],[105.3297,21.4294],[105.3301,21.4265],[105.3326,21.4256],[105.3302,21.4229],[105.3296,21.4206],[105.3324,21.4176],[105.3309,21.4133],[105.3328,21.4123],[105.3374,21.4139],[105.3395,21.4122],[105.3417,21.4143],[105.3462,21.4109],[105.3489,21.4115],[105.353,21.4027],[105.3562,21.4005],[105.3614,21.3982],[105.366,21.395],[105.3672,21.3969],[105.3661,21.3989],[105.3683,21.4002],[105.3734,21.3962],[105.3739,21.3911],[105.3694,21.389],[105.3678,21.3862],[105.372,21.3808],[105.3732,21.3769],[105.3779,21.3738],[105.3825,21.3749],[105.3855,21.3767],[105.3873,21.3758],[105.3903,21.3702],[105.3918,21.3705],[105.3927,21.3766],[105.3926,21.3866],[105.394,21.3949],[105.3978,21.4031],[105.3985,21.4104],[105.3982,21.4131],[105.3959,21.4181],[105.3916,21.4241],[105.3871,21.4287],[105.3792,21.4334],[105.3737,21.4331],[105.3658,21.4301],[105.3607,21.4273],[105.3567,21.424],[105.3532,21.4182],[105.3503,21.4176],[105.3435,21.4193],[105.3411,21.4244],[105.3415,21.4286],[105.3435,21.4383],[105.3433,21.4419],[105.3417,21.4488],[105.338,21.4608]]]},"properties":{"ma_xa":"08275","ten_xa":"Bình Phú","sap_nhap":"Tiên Du, An Đạo, Bình Phú","tru_so":"đang cập nhật","loai":"Xã","cap":2,"stt":17,"dtich_km2":28.28,"dan_so":29649,"matdo_km2":1048.41,"ma_tinh":"25","ten_tinh":"Phú Thọ"}},
{"type":"Feature","geometry":{"type":"Polygon","coordinates":[[[105.7135,21.4303],[105.7116,21.4311],[105.7098,21.4339],[105.7073,21.4352],[105.706,21.4398],[105.7034,21.4409],[105.6981,21.4387],[105.6873,21.4424],[105.6855,21.4389],[105.6856,21.4361],[105.688,21.4321],[105.6868,21.4285],[105.6861,21.4226],[105.6837,21.4202],[105.6813,21.4154],[105.681,21.4111],[105.6791,21.4085],[105.6756,21.4013],[105.6738,21.3991],[105.6746,21.3965],[105.674,21.3918],[105.6693,21.3894],[105.6691,21.3839],[105.6711,21.3813],[105.6728,21.3768],[105.6694,21.372],[105.6683,21.3679],[105.6625,21.3659],[105.6617,21.3619],[105.6593,21.358],[105.6601,21.3531],[105.6584,21.3486],[105.6657,21.3506],[105.6689,21.3494],[105.6712,21.3499],[105.6718,21.3472],[105.6747,21.3447],[105.6779,21.3445],[105.6804,21.3429],[105.6825,21.3396],[105.6828,21.3374],[105.6788,21.335],[105.6802,21.3308],[105.6781,21.3255],[105.6723,21.3212],[105.6724,21.3185],[105.6694,21.316],[105.6676,21.3116],[105.669,21.3103],[105.6685,21.3078],[105.6713,21.3079],[105.674,21.3031],[105.6717,21.3018],[105.6742,21.2976],[105.6772,21.3006],[105.6775,21.2968],[105.6806,21.2914],[105.6846,21.2885],[105.6841,21.2855],[105.688,21.2876],[105.689,21.2893],[105.6871,21.2918],[105.6836,21.2923],[105.6871,21.296],[105.6881,21.2996],[105.692,21.2969],[105.6958,21.2984],[105.6935,21.3007],[105.6949,21.3028],[105.6976,21.3024],[105.6972,21.3066],[105.6992,21.3082],[105.6994,21.3106],[105.7016,21.3145],[105.6992,21.3164],[105.7004,21.3182],[105.6977,21.3221],[105.6996,21.3288],[105.7032,21.3354],[105.7061,21.3371],[105.704,21.3392],[105.7066,21.3417],[105.7063,21.3458],[105.7032,21.3487],[105.7048,21.3522],[105.7046,21.3555],[105.7121,21.3597],[105.7103,21.3623],[105.7115,21.3666],[105.7094,21.373],[105.7118,21.378],[105.7129,21.3835],[105.713,21.3904],[105.7167,21.3944],[105.7145,21.4009],[105.717,21.4033],[105.7202,21.4038],[105.7206,21.4061],[105.7255,21.4093],[105.7261,21.4116],[105.7222,21.4138],[105.721,21.4162],[105.7224,21.4176],[105.7254,21.4282],[105.7245,21.433],[105.72,21.4325],[105.716,21.4302],[105.7135,21.4303]]]},"properties":{"ma_xa":"08944","ten_xa":"Bình Tuyền","sap_nhap":"Bá Hiến (thị trấn), Trung Mỹ","tru_so":"đang cập nhật","loai":"Xã","cap":2,"stt":98,"dtich_km2":58.5,"dan_so":29926,"matdo_km2":511.56,"ma_tinh":"25","ten_tinh":"Phú Thọ"}},
{"type":"Feature","geometry":{"type":"Polygon","coordinates":[[[105.6584,21.3486],[105.6553,21.3473],[105.6506,21.347],[105.6506,21.3456],[105.6457,21.3445],[105.6455,21.3492],[105.6435,21.3485],[105.642,21.3508],[105.6385,21.3532],[105.6385,21.3596],[105.6366,21.361],[105.6321,21.3625],[105.6283,21.3658],[105.6299,21.3671],[105.6303,21.3708],[105.6287,21.3728],[105.6296,21.3769],[105.6314,21.3789],[105.6295,21.3807],[105.629,21.3843],[105.6234,21.3859],[105.6218,21.3847],[105.6192,21.3786],[105.6196,21.3756],[105.6223,21.3705],[105.621,21.3643],[105.6219,21.3604],[105.6161,21.3616],[105.6193,21.3582],[105.6224,21.3562],[105.6235,21.3491],[105.6217,21.3484],[105.6188,21.3519],[105.6115,21.3535],[105.6118,21.3506],[105.6168,21.346],[105.6175,21.3446],[105.6204,21.3397],[105.6206,21.3369],[105.6232,21.3349],[105.6265,21.3285],[105.6264,21.3269],[105.6294,21.3239],[105.636,21.3224],[105.6321,21.3175],[105.6346,21.3145],[105.6361,21.3088],[105.6392,21.3042],[105.6398,21.3013],[105.6437,21.3003],[105.6569,21.2998],[105.6575,21.304],[105.6559,21.3058],[105.6601,21.3082],[105.6634,21.3062],[105.6678,21.3066],[105.6685,21.3078],[105.669,21.3103],[105.6676,21.3116],[105.6694,21.316],[105.6724,21.3185],[105.6723,21.3212],[105.6781,21.3255],[105.6802,21.3308],[105.6788,21.335],[105.6828,21.3374],[105.6825,21.3396],[105.6804,21.3429],[105.6779,21.3445],[105.6747,21.3447],[105.6718,21.3472],[105.6712,21.3499],[105.6689,21.3494],[105.6657,21.3506],[105.6584,21.3486]]]},"properties":{"ma_xa":"08950","ten_xa":"Bình Xuyên","sap_nhap":"Gia Khánh (thị trấn), Hương Sơn, Thiện Kế","tru_so":"đang cập nhật","loai":"Xã","cap":2,"stt":97,"dtich_km2":29.5,"dan_so":32534,"matdo_km2":1102.85,"ma_tinh":"25","ten_tinh":"Phú Thọ"}},
{"type":"Feature","geometry":{"type":"Polygon","coordinates":[[[105.1446,21.432],[105.1357,21.4318],[105.1339,21.4328],[105.1301,21.4399],[105.1269,21.4438],[105.1182,21.4489],[105.1133,21.451],[105.1038,21.4589],[105.0992,21.4586],[105.0929,21.4644],[105.0915,21.4675],[105.0901,21.474],[105.0815,21.483],[105.0792,21.4831],[105.0749,21.4791],[105.0797,21.473],[105.0788,21.4688],[105.0764,21.4659],[105.073,21.4667],[105.0695,21.4654],[105.0684,21.4686],[105.0652,21.4688],[105.0634,21.4703],[105.0596,21.4641],[105.0573,21.4627],[105.0604,21.4564],[105.0633,21.4523],[105.0625,21.446],[105.0653,21.4447],[105.0672,21.4406],[105.0695,21.4453],[105.0716,21.4477],[105.0772,21.4451],[105.0817,21.4422],[105.0828,21.4396],[105.0802,21.4363],[105.0763,21.4356],[105.0761,21.4302],[105.0732,21.4275],[105.0685,21.4257],[105.064,21.4175],[105.0636,21.4148],[105.0602,21.4078],[105.0609,21.405],[105.0579,21.4011],[105.0659,21.3957],[105.0691,21.3921],[105.0738,21.3901],[105.0778,21.3911],[105.083,21.3914],[105.0878,21.3928],[105.0924,21.3887],[105.0931,21.3905],[105.0977,21.3914],[105.1008,21.389],[105.1035,21.3897],[105.1052,21.3926],[105.1101,21.3928],[105.1128,21.3913],[105.1154,21.3924],[105.117,21.3948],[105.1155,21.4003],[105.1126,21.4022],[105.1102,21.4057],[105.1157,21.4151],[105.1153,21.4168],[105.1216,21.4193],[105.1267,21.419],[105.1283,21.4177],[105.1331,21.4179],[105.1366,21.4137],[105.1391,21.4148],[105.1413,21.4136],[105.1432,21.4102],[105.1448,21.4113],[105.1452,21.4147],[105.1556,21.4154],[105.1516,21.4205],[105.151,21.4267],[105.1502,21.4292],[105.1446,21.432]]]},"properties":{"ma_xa":"08341","ten_xa":"Cẩm Khê","sap_nhap":"Cẩm Khê (thị trấn), Minh Tân, Phong Thịnh","tru_so":"đang cập nhật","loai":"Xã","cap":2,"stt":35,"dtich_km2":50.44,"dan_so":47059,"matdo_km2":932.97,"ma_tinh":"25","ten_tinh":"Phú Thọ"}},
{"type":"Feature","geometry":{"type":"Polygon","coordinates":[[[105.6504,20.759],[105.6465,20.7582],[105.6467,20.7533],[105.6405,20.752],[105.6405,20.758],[105.6314,20.7548],[105.6259,20.7538],[105.6197,20.7546],[105.618,20.7534],[105.6149,20.7541],[105.6125,20.7563],[105.6098,20.7567],[105.6056,20.7604],[105.6014,20.76],[105.5995,20.7617],[105.5979,20.7651],[105.5932,20.77],[105.5878,20.774],[105.5827,20.7766],[105.5744,20.7752],[105.5721,20.7728],[105.5732,20.7693],[105.5715,20.7647],[105.5691,20.7639],[105.57,20.7614],[105.5692,20.7569],[105.5681,20.7552],[105.5679,20.7507],[105.5732,20.7499],[105.5766,20.747],[105.581,20.7454],[105.5844,20.7425],[105.5872,20.7369],[105.5857,20.7339],[105.5823,20.73],[105.5846,20.7258],[105.5861,20.7253],[105.5891,20.7213],[105.5913,20.7201],[105.5957,20.7207],[105.6012,20.7186],[105.597,20.7111],[105.6008,20.7063],[105.6,20.7037],[105.602,20.6989],[105.6003,20.6971],[105.6031,20.6936],[105.6036,20.6894],[105.6056,20.6869],[105.6096,20.6846],[105.6133,20.6777],[105.6125,20.6727],[105.6071,20.6633],[105.6091,20.6601],[105.6119,20.658],[105.6137,20.6541],[105.6119,20.6522],[105.6138,20.6473],[105.6164,20.6447],[105.6176,20.6377],[105.6197,20.6335],[105.623,20.6333],[105.6261,20.6309],[105.6261,20.6296],[105.6305,20.6243],[105.6343,20.6223],[105.6366,20.6233],[105.6402,20.6201],[105.6439,20.6193],[105.6468,20.6201],[105.6533,20.6204],[105.6548,20.6168],[105.658,20.6135],[105.6597,20.6156],[105.6636,20.6148],[105.6664,20.617],[105.6658,20.6193],[105.667,20.6236],[105.6638,20.6282],[105.6659,20.6303],[105.6691,20.6298],[105.672,20.6322],[105.6733,20.6291],[105.6773,20.63],[105.6784,20.6285],[105.6812,20.6296],[105.6845,20.6331],[105.6834,20.6355],[105.6868,20.6379],[105.6808,20.642],[105.679,20.6476],[105.6812,20.6518],[105.6796,20.6543],[105.6806,20.6562],[105.6786,20.6591],[105.6792,20.6612],[105.6816,20.6626],[105.6775,20.6658],[105.6752,20.6638],[105.6722,20.6679],[105.6735,20.6702],[105.6698,20.6754],[105.6679,20.6801],[105.6723,20.68],[105.6747,20.682],[105.6772,20.6822],[105.6792,20.6841],[105.6799,20.6874],[105.6787,20.6906],[105.6808,20.6917],[105.6821,20.6958],[105.6818,20.6991],[105.6743,20.7049],[105.6683,20.7118],[105.6679,20.7159],[105.6653,20.7161],[105.6608,20.7237],[105.663,20.7258],[105.6654,20.7324],[105.6669,20.7347],[105.6636,20.7363],[105.6575,20.7428],[105.6544,20.7476],[105.6538,20.7527],[105.6513,20.7537],[105.6504,20.759]]]},"properties":{"ma_xa":"05047","ten_xa":"Cao Dương","sap_nhap":"Thanh Cao, Thanh Sơn, Cao Dương","tru_so":"đang cập nhật","loai":"Xã","cap":2,"stt":129,"dtich_km2":113.38,"dan_so":36783,"matdo_km2":324.42,"ma_tinh":"25","ten_tinh":"Phú Thọ"}},
{"type":"Feature","geometry":{"type":"Polygon","coordinates":[[[105.373,20.7601],[105.3711,20.7603],[105.368,20.7585],[105.3649,20.7527],[105.3624,20.7517],[105.3585,20.7464],[105.3543,20.7449],[105.351,20.7447],[105.3476,20.7432],[105.3385,20.7464],[105.3364,20.7483],[105.3342,20.7532],[105.3339,20.757],[105.3307,20.7627],[105.328,20.764],[105.3272,20.7616],[105.3233,20.7633],[105.3263,20.7589],[105.3282,20.7541],[105.3314,20.7496],[105.3318,20.7466],[105.3287,20.7437],[105.3262,20.7432],[105.3248,20.7407],[105.3198,20.7381],[105.3198,20.7336],[105.3232,20.7309],[105.3229,20.7278],[105.3192,20.7278],[105.3167,20.7261],[105.316,20.7229],[105.3139,20.7204],[105.3111,20.7139],[105.3112,20.7095],[105.3146,20.7068],[105.316,20.7044],[105.3121,20.7028],[105.3095,20.7029],[105.308,20.7063],[105.306,20.7036],[105.3066,20.7004],[105.3098,20.6967],[105.315,20.694],[105.3182,20.6932],[105.3214,20.691],[105.3204,20.687],[105.3213,20.6851],[105.3242,20.6835],[105.326,20.6811],[105.3245,20.6769],[105.3287,20.676],[105.3305,20.6769],[105.334,20.6739],[105.3335,20.6722],[105.3408,20.6695],[105.3432,20.6701],[105.3546,20.6684],[105.3573,20.6667],[105.3584,20.6633],[105.3608,20.6607],[105.3636,20.6597],[105.3659,20.6609],[105.3655,20.666],[105.3682,20.6647],[105.3721,20.6656],[105.3868,20.6599],[105.3874,20.6574],[105.3902,20.6552],[105.3958,20.6523],[105.3998,20.6465],[105.4025,20.649],[105.403,20.6547],[105.4047,20.6562],[105.4075,20.6561],[105.4124,20.6573],[105.4157,20.6599],[105.4159,20.6618],[105.4198,20.6641],[105.4196,20.6674],[105.4175,20.6693],[105.4161,20.6737],[105.4174,20.68],[105.4134,20.6825],[105.4119,20.6822],[105.4039,20.6882],[105.4043,20.6914],[105.406,20.6954],[105.4055,20.6977],[105.4071,20.7007],[105.4017,20.7021],[105.3994,20.7059],[105.3991,20.7094],[105.3963,20.7115],[105.3946,20.7149],[105.3884,20.717],[105.3866,20.7199],[105.3842,20.7209],[105.3785,20.7251],[105.3779,20.7269],[105.3721,20.7377],[105.3775,20.7384],[105.377,20.7425],[105.3743,20.7559],[105.3728,20.7576],[105.373,20.7601]]]},"properties":{"ma_xa":"05089","ten_xa":"Cao Phong","sap_nhap":"Cao Phong (thị trấn), Hợp Phong, Thu Phong","tru_so":"đang cập nhật","loai":"Xã","cap":2,"stt":103,"dtich_km2":77.76,"dan_so":20372,"matdo_km2":261.99,"ma_tinh":"25","ten_tinh":"Phú Thọ"}},
{"type":"Feature","geometry":{"type":"Polygon","coordinates":[[[105.1919,20.9584],[105.1909,20.9534],[105.1897,20.952],[105.1775,20.9449],[105.172,20.9446],[105.1691,20.9435],[105.1646,20.9441],[105.1619,20.9436],[105.1607,20.9393],[105.1534,20.9397],[105.148,20.9415],[105.1449,20.9388],[105.1422,20.9398],[105.1365,20.9393],[105.1313,20.938],[105.1261,20.9419],[105.1222,20.9419],[105.1115,20.9517],[105.1111,20.9543],[105.1091,20.9556],[105.0987,20.957],[105.0926,20.9601],[105.0892,20.9655],[105.0854,20.9637],[105.086,20.961],[105.0841,20.9556],[105.079,20.9604],[105.0733,20.955],[105.0703,20.9537],[105.0669,20.9499],[105.0705,20.9479],[105.0698,20.9434],[105.0664,20.9397],[105.0665,20.937],[105.0704,20.9349],[105.0704,20.9323],[105.0725,20.929],[105.0761,20.9274],[105.0806,20.9296],[105.0878,20.9259],[105.091,20.9257],[105.094,20.9275],[105.0981,20.9287],[105.1005,20.9276],[105.104,20.9229],[105.1034,20.9211],[105.1067,20.9186],[105.1106,20.9132],[105.114,20.9125],[105.1183,20.9104],[105.1217,20.9124],[105.1246,20.9112],[105.1285,20.9054],[105.1285,20.9039],[105.1319,20.9024],[105.1332,20.8997],[105.1301,20.8974],[105.1292,20.8927],[105.1277,20.8899],[105.1283,20.8855],[105.1304,20.8835],[105.1354,20.881],[105.1346,20.8784],[105.1351,20.8751],[105.1432,20.874],[105.1434,20.8711],[105.1408,20.8716],[105.1407,20.8676],[105.1325,20.8642],[105.1261,20.8639],[105.1257,20.8626],[105.1193,20.8632],[105.1144,20.8589],[105.1174,20.8538],[105.1123,20.8489],[105.1092,20.848],[105.1083,20.845],[105.1109,20.844],[105.1168,20.8454],[105.1217,20.8444],[105.1232,20.8433],[105.1264,20.8438],[105.1325,20.8405],[105.1321,20.8334],[105.1337,20.8317],[105.1379,20.8249],[105.1319,20.8226],[105.1307,20.8214],[105.1257,20.8197],[105.1256,20.8141],[105.1309,20.8137],[105.1332,20.8127],[105.135,20.8101],[105.1407,20.8077],[105.1475,20.8066],[105.1501,20.8074],[105.1565,20.8057],[105.1598,20.8071],[105.1655,20.8053],[105.1673,20.8118],[105.1708,20.8149],[105.1729,20.8153],[105.1723,20.8195],[105.1761,20.8231],[105.1784,20.8239],[105.1801,20.8277],[105.1837,20.8291],[105.1862,20.8318],[105.1858,20.8382],[105.1842,20.8413],[105.182,20.8416],[105.1829,20.8492],[105.1823,20.8519],[105.1796,20.8571],[105.1834,20.8566],[105.1908,20.8579],[105.193,20.8591],[105.1969,20.8592],[105.2012,20.8605],[105.1978,20.8766],[105.1997,20.8819],[105.1988,20.8863],[105.1965,20.8909],[105.1933,20.8936],[105.1979,20.897],[105.2013,20.8985],[105.204,20.9023],[105.2056,20.9027],[105.2099,20.9093],[105.2115,20.9138],[105.2171,20.9169],[105.2192,20.9167],[105.2271,20.9181],[105.225,20.9218],[105.2233,20.9228],[105.2227,20.9278],[105.2201,20.9299],[105.2198,20.9337],[105.2182,20.9294],[105.2188,20.9273],[105.216,20.9249],[105.2146,20.9252],[105.206,20.9213],[105.2058,20.9202],[105.2012,20.9184],[105.1987,20.9202],[105.1977,20.9258],[105.1941,20.9298],[105.1954,20.9341],[105.1998,20.9391],[105.2034,20.9421],[105.2045,20.9451],[105.2043,20.9514],[105.1992,20.9564],[105.1973,20.9563],[105.1919,20.9584]]]},"properties":{"ma_xa":"04876","ten_xa":"Cao Sơn","sap_nhap":"Tân Minh, Cao Sơn (huyện Đà Bắc)","tru_so":"đang cập nhật","loai":"Xã","cap":2,"stt":107,"dtich_km2":124.93,"dan_so":8872,"matdo_km2":71.02,"ma_tinh":"25","ten_tinh":"Phú Thọ"}},
{"type":"Feature","geometry":{"type":"Polygon","coordinates":[[[105.2441,21.5978],[105.2365,21.5988],[105.2315,21.5979],[105.2227,21.5982],[105.2173,21.5989],[105.2116,21.6005],[105.2033,21.6048],[105.1985,21.6005],[105.1979,21.5988],[105.194,21.5955],[105.1913,21.5947],[105.1868,21.5955],[105.1825,21.5946],[105.1747,21.6004],[105.1711,21.6012],[105.1692,21.6027],[105.1673,21.6009],[105.1665,21.5954],[105.1607,21.5902],[105.1574,21.5929],[105.1539,21.5917],[105.152,21.5932],[105.1485,21.5938],[105.1471,21.5908],[105.1475,21.5878],[105.1461,21.5844],[105.1473,21.5823],[105.1471,21.5784],[105.146,21.5766],[105.1501,21.5714],[105.1547,21.5682],[105.1526,21.5631],[105.1493,21.56],[105.15,21.5583],[105.1517,21.5539],[105.1521,21.5477],[105.1559,21.5421],[105.1615,21.5419],[105.1641,21.544],[105.1666,21.5441],[105.1721,21.54],[105.1774,21.5391],[105.1789,21.5377],[105.1838,21.5382],[105.186,21.5362],[105.1888,21.5372],[105.1926,21.5371],[105.1984,21.5354],[105.1989,21.5336],[105.2068,21.5296],[105.2028,21.5262],[105.1988,21.5251],[105.1971,21.5233],[105.1975,21.5211],[105.1953,21.5189],[105.2002,21.5162],[105.2034,21.5125],[105.2108,21.5095],[105.2129,21.5093],[105.2117,21.5117],[105.2136,21.5139],[105.2169,21.5124],[105.2193,21.5103],[105.2218,21.5122],[105.2248,21.5108],[105.2313,21.5139],[105.2339,21.5117],[105.2358,21.5132],[105.2398,21.513],[105.2417,21.52],[105.2463,21.5252],[105.2519,21.5252],[105.2537,21.5279],[105.2575,21.5288],[105.2657,21.5343],[105.2701,21.5398],[105.2716,21.5435],[105.2681,21.5454],[105.267,21.5488],[105.2682,21.5512],[105.2718,21.5544],[105.2741,21.5576],[105.2741,21.5607],[105.2714,21.5636],[105.2624,21.5686],[105.2564,21.5744],[105.2518,21.5798],[105.2485,21.5845],[105.2474,21.5894],[105.2472,21.5944],[105.2441,21.5978]]]},"properties":{"ma_xa":"08038","ten_xa":"Chân Mộng","sap_nhap":"Hùng Long, Yên Kiện, Chân Mộng","tru_so":"đang cập nhật","loai":"Xã","cap":2,"stt":26,"dtich_km2":89.85,"dan_so":38565,"matdo_km2":429.22,"ma_tinh":"25","ten_tinh":"Phú Thọ"}},
{"type":"Feature","geometry":{"type":"Polygon","coordinates":[[[105.1019,21.7175],[105.0988,21.7174],[105.0956,21.7188],[105.0865,21.7184],[105.0872,21.7165],[105.0919,21.7124],[105.089,21.7086],[105.0864,21.704],[105.087,21.7019],[105.0911,21.7008],[105.0946,21.7008],[105.0964,21.6991],[105.0957,21.696],[105.0966,21.6936],[105.1002,21.6894],[105.0996,21.6839],[105.0977,21.6801],[105.0988,21.6758],[105.1059,21.6774],[105.1077,21.6733],[105.1084,21.6686],[105.1108,21.668],[105.1192,21.6705],[105.1217,21.6717],[105.1257,21.6719],[105.1281,21.6707],[105.1305,21.672],[105.1295,21.6765],[105.1321,21.6799],[105.1371,21.68],[105.1394,21.6773],[105.1381,21.6729],[105.1422,21.6684],[105.1452,21.6668],[105.1509,21.6664],[105.155,21.6647],[105.1606,21.6633],[105.1657,21.6596],[105.1704,21.6577],[105.1704,21.6553],[105.1654,21.6499],[105.1649,21.6471],[105.1667,21.6441],[105.1709,21.6415],[105.1829,21.6468],[105.1855,21.6467],[105.1893,21.6446],[105.1921,21.6416],[105.1945,21.643],[105.1982,21.6435],[105.2051,21.6411],[105.2106,21.6365],[105.2179,21.6319],[105.2225,21.6306],[105.2244,21.631],[105.2322,21.637],[105.2365,21.642],[105.2379,21.6448],[105.2376,21.6531],[105.2354,21.6588],[105.2286,21.6602],[105.2218,21.6588],[105.2183,21.6619],[105.2154,21.6625],[105.2086,21.6608],[105.2023,21.6639],[105.1986,21.6677],[105.1958,21.6678],[105.1924,21.6711],[105.1937,21.6757],[105.1917,21.6771],[105.1856,21.6769],[105.1819,21.6796],[105.1782,21.687],[105.1744,21.6862],[105.1689,21.6865],[105.1644,21.6886],[105.1637,21.6869],[105.1604,21.6838],[105.156,21.6812],[105.157,21.6849],[105.1555,21.6877],[105.151,21.6919],[105.1503,21.6997],[105.1454,21.7007],[105.1434,21.6979],[105.1341,21.6965],[105.1325,21.6971],[105.1262,21.7031],[105.1225,21.705],[105.1186,21.7055],[105.1166,21.7048],[105.113,21.7068],[105.11,21.7059],[105.1019,21.7175]]]},"properties":{"ma_xa":"07999","ten_xa":"Chí Đám","sap_nhap":"Hùng Xuyên, Chí Đám","tru_so":"đang cập nhật","loai":"Xã","cap":2,"stt":27,"dtich_km2":49.36,"dan_so":28005,"matdo_km2":567.36,"ma_tinh":"25","ten_tinh":"Phú Thọ"}},
{"type":"Feature","geometry":{"type":"Polygon","coordinates":[[[105.1696,21.4599],[105.167,21.4574],[105.1616,21.4581],[105.1607,21.4608],[105.1555,21.4616],[105.1529,21.4641],[105.1499,21.4634],[105.1459,21.4567],[105.1476,21.4526],[105.1475,21.4506],[105.1401,21.4403],[105.1409,21.4365],[105.1452,21.4345],[105.1446,21.432],[105.1502,21.4292],[105.151,21.4267],[105.1516,21.4205],[105.1556,21.4154],[105.1541,21.4126],[105.155,21.4064],[105.1543,21.3963],[105.1556,21.3931],[105.1583,21.3892],[105.1618,21.3807],[105.1659,21.3862],[105.1684,21.3837],[105.1728,21.386],[105.175,21.3882],[105.1802,21.389],[105.1847,21.3951],[105.1855,21.3949],[105.1825,21.397],[105.183,21.4012],[105.1876,21.4005],[105.1863,21.4034],[105.1825,21.4045],[105.1756,21.4077],[105.1787,21.4115],[105.1826,21.4147],[105.1822,21.4173],[105.1836,21.4194],[105.1799,21.4246],[105.1796,21.4275],[105.1746,21.4309],[105.173,21.4331],[105.173,21.4361],[105.175,21.4374],[105.1751,21.443],[105.1727,21.4465],[105.1741,21.4481],[105.1705,21.4527],[105.1665,21.4549],[105.1696,21.4599]]]},"properties":{"ma_xa":"08218","ten_xa":"Chí Tiên","sap_nhap":"Sơn Cương, Thanh Hà, Chí Tiên","tru_so":"đang cập nhật","loai":"Xã","cap":2,"stt":22,"dtich_km2":23.75,"dan_so":17550,"matdo_km2":738.95,"ma_tinh":"25","ten_tinh":"Phú Thọ"}},
{"type":"Feature","geometry":{"type":"Polygon","coordinates":[[[105.234,21.164],[105.2276,21.1636],[105.2264,21.1657],[105.2233,21.1684],[105.2211,21.1677],[105.2158,21.1679],[105.2131,21.1627],[105.2141,21.1593],[105.2113,21.1569],[105.2129,21.154],[105.2174,21.1524],[105.2185,21.1502],[105.2239,21.1477],[105.2236,21.145],[105.2249,21.1428],[105.2228,21.141],[105.2221,21.1346],[105.2196,21.1307],[105.2208,21.1277],[105.2225,21.1273],[105.2236,21.1205],[105.2251,21.1193],[105.2205,21.1138],[105.2211,21.1116],[105.2188,21.1093],[105.2174,21.1057],[105.2134,21.1015],[105.2082,21.1005],[105.2,21.1011],[105.1953,21.0989],[105.1931,21.0949],[105.1956,21.0865],[105.2001,21.0866],[105.2051,21.085],[105.2122,21.0791],[105.2164,21.0785],[105.2183,21.077],[105.2202,21.0731],[105.224,21.0704],[105.2294,21.0696],[105.2356,21.0756],[105.2412,21.0793],[105.2451,21.0768],[105.2465,21.0739],[105.2505,21.0735],[105.254,21.0752],[105.261,21.0763],[105.2644,21.0776],[105.2704,21.0823],[105.2741,21.0827],[105.2776,21.0841],[105.281,21.0866],[105.2814,21.0901],[105.2867,21.0915],[105.2876,21.0942],[105.2858,21.0966],[105.2897,21.0992],[105.2896,21.1014],[105.286,21.1035],[105.2802,21.0993],[105.2772,21.0987],[105.2767,21.0957],[105.272,21.0945],[105.2679,21.1002],[105.2615,21.1115],[105.2617,21.1139],[105.2629,21.1158],[105.266,21.117],[105.2638,21.1203],[105.2603,21.1236],[105.2585,21.1266],[105.2554,21.1277],[105.2532,21.1303],[105.2481,21.1318],[105.2478,21.1329],[105.2399,21.1402],[105.2399,21.1434],[105.2414,21.146],[105.2397,21.1492],[105.2398,21.1533],[105.2411,21.155],[105.2346,21.1622],[105.234,21.164]]]},"properties":{"ma_xa":"08614","ten_xa":"Cự Đồng","sap_nhap":"Tất Thắng, Thắng Sơn, Cự Đồng","tru_so":"đang cập nhật","loai":"Xã","cap":2,"stt":51,"dtich_km2":45.77,"dan_so":14988,"matdo_km2":327.46,"ma_tinh":"25","ten_tinh":"Phú Thọ"}},
{"type":"Feature","geometry":{"type":"Polygon","coordinates":[[[105.3121,20.9234],[105.2923,20.9239],[105.2899,20.9276],[105.2878,20.9293],[105.2852,20.9295],[105.2823,20.9272],[105.2819,20.9246],[105.2752,20.9247],[105.2714,20.9332],[105.2708,20.938],[105.2713,20.9405],[105.2685,20.9418],[105.2644,20.937],[105.2631,20.9374],[105.2593,20.9353],[105.2578,20.9386],[105.2556,20.9403],[105.2515,20.9416],[105.2512,20.9451],[105.246,20.945],[105.2413,20.9415],[105.2346,20.9394],[105.2298,20.9354],[105.2255,20.9364],[105.2226,20.9358],[105.2198,20.9337],[105.2201,20.9299],[105.2227,20.9278],[105.2233,20.9228],[105.225,20.9218],[105.2271,20.9181],[105.2192,20.9167],[105.2171,20.9169],[105.2115,20.9138],[105.2099,20.9093],[105.2056,20.9027],[105.204,20.9023],[105.2013,20.8985],[105.1979,20.897],[105.1933,20.8936],[105.1965,20.8909],[105.1988,20.8863],[105.1997,20.8819],[105.1978,20.8766],[105.2012,20.8605],[105.1969,20.8592],[105.193,20.8591],[105.1908,20.8579],[105.1834,20.8566],[105.1796,20.8571],[105.1823,20.8519],[105.1829,20.8492],[105.182,20.8416],[105.1842,20.8413],[105.1858,20.8382],[105.1862,20.8318],[105.1888,20.8328],[105.1916,20.8358],[105.1949,20.8355],[105.2019,20.8331],[105.2034,20.8319],[105.2094,20.8299],[105.2101,20.8289],[105.2197,20.8285],[105.2261,20.8252],[105.233,20.8264],[105.2368,20.8263],[105.2409,20.8182],[105.2458,20.8138],[105.2461,20.8107],[105.2486,20.8097],[105.2519,20.8052],[105.2606,20.806],[105.2684,20.8029],[105.2742,20.8015],[105.2809,20.7992],[105.2819,20.8016],[105.2806,20.8073],[105.2922,20.8131],[105.2945,20.8128],[105.2965,20.8151],[105.3008,20.8153],[105.3035,20.8178],[105.3047,20.8205],[105.3038,20.8247],[105.2957,20.8344],[105.2972,20.8367],[105.295,20.8401],[105.2915,20.843],[105.2929,20.8473],[105.2954,20.8491],[105.2954,20.853],[105.2999,20.8564],[105.2982,20.8661],[105.2963,20.8713],[105.2935,20.8727],[105.2949,20.8749],[105.2947,20.88],[105.2923,20.8832],[105.2931,20.8868],[105.2953,20.8893],[105.3009,20.8932],[105.3003,20.896],[105.3011,20.8991],[105.3058,20.9004],[105.3093,20.9032],[105.3116,20.9082],[105.3134,20.9144],[105.3116,20.9173],[105.3129,20.9217],[105.3121,20.9234]]]},"properties":{"ma_xa":"04831","ten_xa":"Đà Bắc","sap_nhap":"Đà Bắc (thị trấn), Hiền Lương (huyện Đà Bắc), Toàn Sơn, Tú Lý","tru_so":"đang cập nhật","loai":"Xã","cap":2,"stt":106,"dtich_km2":136.8,"dan_so":19834,"matdo_km2":144.99,"ma_tinh":"25","ten_tinh":"Phú Thọ"}},
{"type":"Feature","geometry":{"type":"Polygon","coordinates":[[[105.6194,21.499],[105.6179,21.4996],[105.608,21.4971],[105.6079,21.4952],[105.6008,21.491],[105.6005,21.489],[105.5949,21.4885],[105.5938,21.4859],[105.59,21.4829],[105.5884,21.4806],[105.5832,21.4787],[105.5716,21.4797],[105.5696,21.4813],[105.565,21.4793],[105.5647,21.4759],[105.5622,21.4738],[105.5625,21.4723],[105.5578,21.4715],[105.5535,21.4689],[105.5501,21.4682],[105.5475,21.4733],[105.5422,21.4793],[105.5366,21.4845],[105.5322,21.4906],[105.5288,21.4938],[105.5265,21.4889],[105.5273,21.4861],[105.5259,21.4844],[105.526,21.4813],[105.5219,21.4815],[105.5185,21.4794],[105.5207,21.4775],[105.5211,21.4732],[105.5223,21.4705],[105.5253,21.4675],[105.5264,21.4636],[105.5297,21.4596],[105.5302,21.4562],[105.5368,21.4502],[105.5365,21.4478],[105.5339,21.4446],[105.5367,21.4442],[105.5389,21.4455],[105.5453,21.446],[105.5486,21.4415],[105.549,21.4382],[105.553,21.4354],[105.5518,21.4334],[105.5528,21.431],[105.5618,21.4339],[105.5639,21.4392],[105.5661,21.4425],[105.5699,21.443],[105.5733,21.4414],[105.5783,21.4437],[105.582,21.4422],[105.5862,21.4432],[105.5877,21.4445],[105.59,21.442],[105.5958,21.4403],[105.5982,21.4427],[105.6008,21.4488],[105.606,21.4514],[105.6067,21.4536],[105.61,21.4569],[105.6099,21.4589],[105.6147,21.4629],[105.6171,21.4687],[105.6218,21.4719],[105.6264,21.4739],[105.6311,21.4791],[105.6311,21.4818],[105.6328,21.4882],[105.635,21.4931],[105.6285,21.4967],[105.6245,21.497],[105.6223,21.4994],[105.6194,21.499]]]},"properties":{"ma_xa":"08923","ten_xa":"Đại Đình","sap_nhap":"Đại Đình (thị trấn), Bồ Lý","tru_so":"đang cập nhật","loai":"Xã","cap":2,"stt":78,"dtich_km2":44,"dan_so":20551,"matdo_km2":467.07,"ma_tinh":"25","ten_tinh":"Phú Thọ"}},
{"type":"Feature","geometry":{"type":"Polygon","coordinates":[[[105.5475,20.4451],[105.5369,20.4445],[105.5294,20.4452],[105.5238,20.4428],[105.5216,20.4366],[105.519,20.4363],[105.5166,20.4381],[105.5135,20.4381],[105.509,20.4396],[105.5026,20.4395],[105.5019,20.4326],[105.4975,20.4302],[105.496,20.4314],[105.4931,20.4297],[105.4879,20.4303],[105.4862,20.4288],[105.4843,20.4319],[105.4769,20.4333],[105.4775,20.4368],[105.4751,20.4394],[105.4681,20.441],[105.4608,20.4411],[105.4566,20.4364],[105.4556,20.4342],[105.4517,20.4294],[105.4514,20.4256],[105.4493,20.4212],[105.4444,20.4184],[105.4444,20.4113],[105.4488,20.4091],[105.4591,20.3986],[105.4578,20.3932],[105.4533,20.3892],[105.4503,20.3875],[105.4452,20.3817],[105.4462,20.3805],[105.4519,20.3796],[105.4563,20.3782],[105.4604,20.3749],[105.4655,20.3766],[105.4686,20.3747],[105.4764,20.3754],[105.486,20.3693],[105.4877,20.3676],[105.4965,20.3646],[105.5019,20.3604],[105.5087,20.3595],[105.5113,20.3609],[105.5223,20.3599],[105.5244,20.3636],[105.5255,20.3688],[105.5301,20.3718],[105.5322,20.3717],[105.5406,20.3677],[105.5428,20.3615],[105.5438,20.3636],[105.5467,20.366],[105.5491,20.3694],[105.5521,20.3713],[105.5514,20.3738],[105.5486,20.3747],[105.5486,20.3772],[105.5439,20.3792],[105.5421,20.3817],[105.5418,20.3852],[105.5472,20.3887],[105.5479,20.3936],[105.546,20.4],[105.5434,20.4003],[105.5419,20.4024],[105.5415,20.4054],[105.5448,20.4048],[105.5541,20.4077],[105.558,20.412],[105.5576,20.4144],[105.5611,20.4166],[105.5564,20.4204],[105.5573,20.423],[105.5606,20.4223],[105.5625,20.4261],[105.5612,20.4267],[105.5608,20.431],[105.5627,20.4341],[105.5578,20.436],[105.555,20.4391],[105.5501,20.4414],[105.5475,20.4451]]]},"properties":{"ma_xa":"05347","ten_xa":"Đại Đồng","sap_nhap":"Ân Nghĩa, Tân Mỹ, Yên Nghiệp","tru_so":"đang cập nhật","loai":"Xã","cap":2,"stt":119,"dtich_km2":81.37,"dan_so":24353,"matdo_km2":299.29,"ma_tinh":"25","ten_tinh":"Phú Thọ"}},
{"type":"Feature","geometry":{"type":"Polygon","coordinates":[[[105.338,21.4608],[105.3375,21.4652],[105.334,21.4752],[105.3345,21.4777],[105.3336,21.4821],[105.3315,21.4856],[105.3231,21.4935],[105.3223,21.499],[105.3251,21.5076],[105.3248,21.5092],[105.3207,21.5126],[105.3176,21.5134],[105.314,21.5128],[105.3063,21.5085],[105.3088,21.5055],[105.3037,21.498],[105.2989,21.4995],[105.2932,21.4949],[105.2913,21.4922],[105.294,21.4896],[105.295,21.4871],[105.2981,21.4869],[105.3001,21.4847],[105.2987,21.4813],[105.2954,21.4809],[105.295,21.4767],[105.2932,21.4745],[105.2891,21.4765],[105.2844,21.4754],[105.2812,21.4727],[105.2806,21.4708],[105.2819,21.4649],[105.281,21.459],[105.2823,21.4548],[105.2885,21.4568],[105.2919,21.4547],[105.2948,21.456],[105.2985,21.4547],[105.2987,21.4504],[105.2971,21.4495],[105.2961,21.445],[105.2992,21.4398],[105.3041,21.4342],[105.3062,21.436],[105.3084,21.4361],[105.31,21.4384],[105.3127,21.4397],[105.3149,21.4386],[105.3203,21.4382],[105.3255,21.44],[105.3291,21.4404],[105.3307,21.439],[105.333,21.4404],[105.3337,21.4449],[105.3302,21.4432],[105.3274,21.4466],[105.327,21.4495],[105.3248,21.4489],[105.3234,21.4507],[105.3249,21.4569],[105.3291,21.4583],[105.3329,21.4564],[105.335,21.4578],[105.3344,21.4598],[105.338,21.4608]]]},"properties":{"ma_xa":"08254","ten_xa":"Dân Chủ","sap_nhap":"Bảo Thanh, Trị Quận, Hạ Giáp, Gia Thanh","tru_so":"đang cập nhật","loai":"Xã","cap":2,"stt":14,"dtich_km2":29.85,"dan_so":18568,"matdo_km2":622.04,"ma_tinh":"25","ten_tinh":"Phú Thọ"}},
{"type":"Feature","geometry":{"type":"Polygon","coordinates":[[[105.0324,21.6285],[105.0348,21.6317],[105.0333,21.636],[105.0305,21.6385],[105.025,21.6391],[105.0182,21.6415],[105.0168,21.6442],[105.0176,21.6482],[105.0191,21.649],[105.0192,21.6521],[105.0209,21.6546],[105.0203,21.661],[105.0233,21.6614],[105.0253,21.6669],[105.0242,21.6699],[105.0265,21.6708],[105.0266,21.6734],[105.0284,21.6762],[105.0318,21.6774],[105.0338,21.6805],[105.0288,21.6865],[105.0252,21.6879],[105.0242,21.6905],[105.0214,21.6898],[105.0199,21.6878],[105.0176,21.6887],[105.0129,21.6873],[105.0093,21.6881],[105.0012,21.6879],[104.9989,21.6861],[105.0017,21.6847],[105,21.6798],[104.9956,21.6784],[104.9918,21.6788],[104.9863,21.6748],[104.9801,21.6729],[104.9858,21.6676],[104.9855,21.6655],[104.9871,21.663],[104.983,21.6603],[104.9793,21.6604],[104.9762,21.6572],[104.9726,21.6564],[104.9701,21.6504],[104.972,21.6475],[104.9698,21.6466],[104.9676,21.6481],[104.9633,21.653],[104.9611,21.653],[104.9604,21.6565],[104.9571,21.6606],[104.9548,21.6604],[104.9519,21.6581],[104.9497,21.655],[104.9466,21.6557],[104.9422,21.6522],[104.9381,21.6514],[104.9373,21.6461],[104.9349,21.6429],[104.9313,21.641],[104.9233,21.6406],[104.9195,21.6396],[104.9092,21.6337],[104.9044,21.6277],[104.9031,21.625],[104.9043,21.6218],[104.9132,21.613],[104.9168,21.6108],[104.9194,21.611],[104.929,21.6161],[104.9337,21.6177],[104.9396,21.6178],[104.9434,21.6169],[104.9485,21.6145],[104.9563,21.6092],[104.9594,21.6065],[104.9629,21.6018],[104.9657,21.5965],[104.9706,21.5857],[104.9772,21.578],[104.9803,21.5765],[104.9863,21.5762],[104.9917,21.5747],[104.9932,21.5794],[105.001,21.5755],[105.0065,21.5768],[105.0037,21.5835],[105.0053,21.5849],[105.0081,21.5895],[105.0099,21.59],[105.009,21.597],[105.0112,21.5967],[105.0136,21.5999],[105.0151,21.6039],[105.0162,21.6097],[105.0204,21.6148],[105.0264,21.6176],[105.0317,21.6256],[105.0324,21.6285]]]},"properties":{"ma_xa":"08071","ten_xa":"Đan Thượng","sap_nhap":"Tứ Hiệp, Đại Phạm, Hà Lương, Đan Thượng","tru_so":"đang cập nhật","loai":"Xã","cap":2,"stt":30,"dtich_km2":84.15,"dan_so":28838,"matdo_km2":342.7,"ma_tinh":"25","ten_tinh":"Phú Thọ"}},
{"type":"Feature","geometry":{"type":"Polygon","coordinates":[[[105.5527,21.5738],[105.5495,21.5728],[105.5424,21.574],[105.5389,21.57],[105.5392,21.5679],[105.5376,21.5647],[105.5341,21.5625],[105.5297,21.5566],[105.5296,21.5533],[105.5268,21.5454],[105.5254,21.5448],[105.5236,21.5407],[105.5223,21.5357],[105.5202,21.5339],[105.5166,21.5339],[105.5138,21.5365],[105.5083,21.5321],[105.5057,21.5308],[105.5048,21.5274],[105.4971,21.5251],[105.4962,21.5233],[105.4992,21.5194],[105.4992,21.5167],[105.4925,21.5127],[105.4898,21.5091],[105.4878,21.5041],[105.4882,21.501],[105.4935,21.4972],[105.4973,21.4995],[105.4985,21.4965],[105.5028,21.4896],[105.5058,21.4908],[105.5072,21.4895],[105.5153,21.49],[105.5159,21.4856],[105.5185,21.4794],[105.5219,21.4815],[105.526,21.4813],[105.5259,21.4844],[105.5273,21.4861],[105.5265,21.4889],[105.5288,21.4938],[105.5322,21.4906],[105.5366,21.4845],[105.5422,21.4793],[105.5475,21.4733],[105.5501,21.4682],[105.5535,21.4689],[105.5578,21.4715],[105.5625,21.4723],[105.5622,21.4738],[105.5647,21.4759],[105.565,21.4793],[105.5696,21.4813],[105.5716,21.4797],[105.5832,21.4787],[105.5884,21.4806],[105.59,21.4829],[105.5938,21.4859],[105.5949,21.4885],[105.6005,21.489],[105.6008,21.491],[105.6079,21.4952],[105.608,21.4971],[105.6179,21.4996],[105.6165,21.5037],[105.6115,21.506],[105.6115,21.5127],[105.6068,21.5171],[105.6074,21.5227],[105.6039,21.5291],[105.5999,21.5323],[105.5969,21.5337],[105.5935,21.5342],[105.5882,21.5338],[105.5834,21.5354],[105.5836,21.54],[105.5807,21.541],[105.5705,21.5523],[105.5679,21.5533],[105.5665,21.556],[105.5632,21.5587],[105.5628,21.5605],[105.5583,21.5701],[105.5527,21.5738]]]},"properties":{"ma_xa":"08914","ten_xa":"Đạo Trù","sap_nhap":"Yên Dương, Đạo Trù","tru_so":"đang cập nhật","loai":"Xã","cap":2,"stt":79,"dtich_km2":83.8,"dan_so":24759,"matdo_km2":295.45,"ma_tinh":"25","ten_tinh":"Phú Thọ"}},
{"type":"Feature","geometry":{"type":"Polygon","coordinates":[[[105.3472,21.2264],[105.3424,21.2276],[105.3392,21.2302],[105.3346,21.2326],[105.3329,21.2325],[105.331,21.2293],[105.3307,21.225],[105.325,21.2234],[105.3232,21.2247],[105.319,21.225],[105.3172,21.2219],[105.3074,21.2233],[105.305,21.2275],[105.306,21.2316],[105.3016,21.2332],[105.3004,21.2317],[105.2973,21.234],[105.2948,21.2347],[105.2954,21.24],[105.2908,21.2386],[105.2891,21.2369],[105.2847,21.2439],[105.2817,21.2453],[105.276,21.2388],[105.2733,21.2389],[105.267,21.2355],[105.2647,21.236],[105.2634,21.232],[105.2566,21.2265],[105.2552,21.2268],[105.2507,21.2231],[105.2474,21.2227],[105.2445,21.2211],[105.2383,21.2211],[105.2324,21.217],[105.2345,21.2124],[105.2347,21.2096],[105.2369,21.2054],[105.2419,21.202],[105.2476,21.2],[105.2514,21.2009],[105.2562,21.198],[105.2576,21.1945],[105.2603,21.1916],[105.2646,21.189],[105.2706,21.1862],[105.2735,21.1864],[105.2796,21.1828],[105.2811,21.1834],[105.285,21.181],[105.2886,21.181],[105.2921,21.1789],[105.2943,21.1759],[105.3028,21.1907],[105.3254,21.2034],[105.3292,21.2041],[105.3364,21.201],[105.3375,21.2011],[105.344,21.2074],[105.3393,21.21],[105.3437,21.2198],[105.3472,21.2264]]]},"properties":{"ma_xa":"08662","ten_xa":"Đào Xá","sap_nhap":"Xuân Lộc, Thạch Đồng, Tân Phương, Đào Xá","tru_so":"đang cập nhật","loai":"Xã","cap":2,"stt":46,"dtich_km2":45.53,"dan_so":32156,"matdo_km2":706.26,"ma_tinh":"25","ten_tinh":"Phú Thọ"}},
{"type":"Feature","geometry":{"type":"Polygon","coordinates":[[[105.2244,21.631],[105.2225,21.6306],[105.2179,21.6319],[105.2106,21.6365],[105.2051,21.6411],[105.1982,21.6435],[105.1945,21.643],[105.1921,21.6416],[105.1893,21.6446],[105.1855,21.6467],[105.1829,21.6468],[105.1824,21.641],[105.1781,21.6369],[105.1742,21.6364],[105.1709,21.637],[105.1702,21.6342],[105.1655,21.6316],[105.1602,21.6319],[105.1602,21.6346],[105.1569,21.636],[105.1529,21.6357],[105.1485,21.6376],[105.1464,21.6369],[105.1473,21.634],[105.146,21.6289],[105.1445,21.6284],[105.1418,21.6246],[105.1399,21.6245],[105.1358,21.6224],[105.1326,21.6176],[105.1352,21.6133],[105.1343,21.6089],[105.1359,21.6083],[105.1386,21.6043],[105.1426,21.6031],[105.1459,21.5989],[105.1466,21.5942],[105.1485,21.5938],[105.152,21.5932],[105.1539,21.5917],[105.1574,21.5929],[105.1607,21.5902],[105.1665,21.5954],[105.1673,21.6009],[105.1692,21.6027],[105.1711,21.6012],[105.1747,21.6004],[105.1825,21.5946],[105.1868,21.5955],[105.1913,21.5947],[105.194,21.5955],[105.1979,21.5988],[105.1985,21.6005],[105.2033,21.6048],[105.2116,21.6005],[105.2173,21.5989],[105.2227,21.5982],[105.2315,21.5979],[105.2365,21.5988],[105.2441,21.5978],[105.2448,21.6002],[105.2484,21.6009],[105.2484,21.6029],[105.2514,21.6051],[105.2496,21.6086],[105.2505,21.6106],[105.2471,21.6139],[105.2471,21.616],[105.2437,21.6162],[105.2346,21.6184],[105.2329,21.6175],[105.2308,21.6213],[105.2281,21.6235],[105.2244,21.631]]]},"properties":{"ma_xa":"07969","ten_xa":"Đoan Hùng","sap_nhap":"Đoan Hùng (thị trấn), Hợp Nhất, Ngọc Quan","tru_so":"đang cập nhật","loai":"Xã","cap":2,"stt":24,"dtich_km2":44.8,"dan_so":30509,"matdo_km2":681,"ma_tinh":"25","ten_tinh":"Phú Thọ"}},
{"type":"Feature","geometry":{"type":"Polygon","coordinates":[[[105.1852,21.3368],[105.1828,21.3377],[105.1782,21.3377],[105.1761,21.3392],[105.1705,21.3397],[105.1687,21.3415],[105.1634,21.3432],[105.1652,21.3456],[105.1651,21.3506],[105.167,21.353],[105.164,21.3555],[105.1615,21.3511],[105.1568,21.3493],[105.1555,21.3509],[105.1528,21.349],[105.1496,21.3498],[105.1482,21.3477],[105.1487,21.345],[105.1462,21.3423],[105.1475,21.3365],[105.1434,21.3339],[105.1426,21.3307],[105.1401,21.3288],[105.134,21.3279],[105.13,21.3242],[105.1309,21.3224],[105.1296,21.3183],[105.1302,21.3144],[105.1314,21.3083],[105.1366,21.3043],[105.1362,21.3025],[105.1332,21.3002],[105.1348,21.2952],[105.1373,21.2916],[105.1407,21.2907],[105.1448,21.293],[105.1467,21.293],[105.1482,21.2889],[105.1478,21.2875],[105.149,21.282],[105.1482,21.2788],[105.1485,21.2744],[105.1459,21.2734],[105.1452,21.2714],[105.1466,21.2691],[105.1492,21.27],[105.1537,21.2706],[105.1548,21.2733],[105.1573,21.2729],[105.1615,21.2742],[105.164,21.274],[105.1651,21.2765],[105.1678,21.279],[105.1677,21.2826],[105.1704,21.2908],[105.1744,21.2904],[105.1767,21.2936],[105.1787,21.2926],[105.1844,21.2941],[105.1838,21.3027],[105.1868,21.3067],[105.1849,21.3106],[105.186,21.3131],[105.1848,21.3146],[105.186,21.318],[105.1877,21.3189],[105.1922,21.3183],[105.1964,21.3121],[105.1994,21.3134],[105.2018,21.321],[105.2036,21.3236],[105.2029,21.3276],[105.2004,21.3271],[105.1951,21.3275],[105.1893,21.3289],[105.1852,21.3368]]]},"properties":{"ma_xa":"08431","ten_xa":"Đồng Lương","sap_nhap":"Điêu Lương, Yên Dưỡng, Đồng Lương","tru_so":"đang cập nhật","loai":"Xã","cap":2,"stt":38,"dtich_km2":36.33,"dan_so":15904,"matdo_km2":437.76,"ma_tinh":"25","ten_tinh":"Phú Thọ"}},
{"type":"Feature","geometry":{"type":"Polygon","coordinates":[[[105.2128,21.4887],[105.2105,21.4886],[105.2092,21.4856],[105.207,21.4841],[105.2014,21.4835],[105.1983,21.4807],[105.1947,21.4763],[105.1897,21.473],[105.1861,21.4749],[105.184,21.4748],[105.1817,21.4774],[105.1833,21.4801],[105.1814,21.4812],[105.1796,21.4844],[105.1764,21.4863],[105.177,21.4885],[105.1743,21.4897],[105.1689,21.4886],[105.1703,21.4824],[105.1716,21.4797],[105.1715,21.474],[105.1732,21.4717],[105.1729,21.468],[105.174,21.465],[105.1739,21.4618],[105.1696,21.4599],[105.1665,21.4549],[105.1705,21.4527],[105.1741,21.4481],[105.1727,21.4465],[105.1751,21.443],[105.175,21.4374],[105.173,21.4361],[105.173,21.4331],[105.1746,21.4309],[105.1796,21.4275],[105.1799,21.4246],[105.1836,21.4194],[105.1882,21.4169],[105.1972,21.4196],[105.1963,21.4224],[105.1968,21.4257],[105.1983,21.4262],[105.1999,21.4293],[105.2028,21.4316],[105.2102,21.4331],[105.2125,21.4328],[105.2128,21.4367],[105.2147,21.439],[105.219,21.4384],[105.2193,21.4479],[105.2216,21.4514],[105.2218,21.4542],[105.2239,21.4548],[105.2267,21.461],[105.2292,21.4636],[105.2293,21.4657],[105.2287,21.4683],[105.2268,21.47],[105.2247,21.4759],[105.227,21.4771],[105.226,21.4802],[105.2231,21.4821],[105.2219,21.4846],[105.2128,21.4887]]]},"properties":{"ma_xa":"08209","ten_xa":"Đông Thành","sap_nhap":"Khải Xuân, Võ Lao, Đông Thành","tru_so":"đang cập nhật","loai":"Xã","cap":2,"stt":21,"dtich_km2":32.25,"dan_so":20383,"matdo_km2":632.03,"ma_tinh":"25","ten_tinh":"Phú Thọ"}},
{"type":"Feature","geometry":{"type":"Polygon","coordinates":[[[104.9499,21.0571],[104.945,21.0552],[104.9418,21.057],[104.9379,21.0558],[104.9345,21.0585],[104.9324,21.0614],[104.9322,21.064],[104.9273,21.0656],[104.9234,21.065],[104.9227,21.0677],[104.9157,21.0654],[104.9106,21.0673],[104.9107,21.0698],[104.9158,21.0741],[104.9204,21.074],[104.9222,21.0751],[104.9219,21.0798],[104.9261,21.0844],[104.9241,21.0889],[104.9177,21.093],[104.9131,21.1018],[104.9134,21.1066],[104.912,21.1112],[104.9084,21.113],[104.9062,21.1125],[104.9031,21.1094],[104.8968,21.1074],[104.8928,21.1073],[104.8899,21.105],[104.8847,21.103],[104.8785,21.0992],[104.8764,21.0986],[104.8756,21.0962],[104.8723,21.0926],[104.8712,21.0901],[104.8729,21.0886],[104.8729,21.0836],[104.8698,21.0813],[104.8679,21.0756],[104.8566,21.0791],[104.8527,21.0764],[104.854,21.0688],[104.8564,21.0654],[104.857,21.0621],[104.8594,21.0572],[104.859,21.0522],[104.8616,21.0496],[104.8624,21.046],[104.8661,21.038],[104.8659,21.0338],[104.8681,21.0295],[104.8712,21.0284],[104.8801,21.0236],[104.8821,21.0217],[104.8862,21.014],[104.8898,21.0096],[104.8918,21.0048],[104.8921,20.999],[104.8933,20.995],[104.8969,20.9873],[104.9006,20.9809],[104.9028,20.9782],[104.9071,20.9748],[104.9202,20.9657],[104.9227,20.9707],[104.9223,20.9719],[104.9287,20.9782],[104.9326,20.9786],[104.9379,20.9777],[104.9366,20.9827],[104.9405,20.9808],[104.9477,20.9842],[104.9552,20.9854],[104.9586,20.9853],[104.9641,20.9862],[104.9702,20.9818],[104.9748,20.981],[104.9775,20.9774],[104.9828,20.9795],[104.9926,20.978],[104.9972,20.9804],[104.9933,20.9853],[104.9922,20.9894],[104.9881,20.992],[104.983,20.9939],[104.9824,20.9956],[104.9761,21.0007],[104.9746,21.0054],[104.9725,21.0096],[104.9696,21.0129],[104.9629,21.0119],[104.9608,21.0148],[104.9583,21.0165],[104.9553,21.0205],[104.9559,21.0221],[104.9457,21.0269],[104.9463,21.0302],[104.9466,21.0399],[104.9473,21.0424],[104.9501,21.0467],[104.9492,21.0532],[104.9499,21.0571]]]},"properties":{"ma_xa":"04846","ten_xa":"Đức Nhàn","sap_nhap":"Mường Chiềng, Nánh Nghê","tru_so":"đang cập nhật","loai":"Xã","cap":2,"stt":108,"dtich_km2":107.6,"dan_so":7389,"matdo_km2":68.67,"ma_tinh":"25","ten_tinh":"Phú Thọ"}},
{"type":"Feature","geometry":{"type":"Polygon","coordinates":[[[105.5794,20.6021],[105.5758,20.6018],[105.5724,20.5997],[105.5644,20.6009],[105.5612,20.6022],[105.5613,20.6067],[105.5592,20.6109],[105.5595,20.6124],[105.5561,20.6178],[105.5537,20.618],[105.5523,20.6198],[105.5486,20.62],[105.5447,20.6189],[105.5413,20.6192],[105.5396,20.6179],[105.5356,20.618],[105.5324,20.6157],[105.5241,20.6147],[105.5188,20.6158],[105.5175,20.6132],[105.5149,20.6115],[105.5097,20.6105],[105.505,20.6058],[105.5058,20.6016],[105.513,20.5995],[105.5165,20.5962],[105.5171,20.5889],[105.5231,20.5856],[105.5222,20.5796],[105.5227,20.5752],[105.5259,20.5723],[105.5305,20.5727],[105.5329,20.5698],[105.5395,20.5657],[105.5416,20.5655],[105.5466,20.5615],[105.5554,20.556],[105.5606,20.5516],[105.5607,20.5495],[105.5637,20.5479],[105.5664,20.5484],[105.5673,20.5451],[105.5696,20.5455],[105.5739,20.5428],[105.5762,20.5375],[105.578,20.5376],[105.582,20.534],[105.5827,20.5291],[105.5886,20.5292],[105.5915,20.5304],[105.5935,20.5288],[105.5963,20.5293],[105.5984,20.5263],[105.6027,20.5291],[105.6052,20.5276],[105.6081,20.5278],[105.6111,20.5234],[105.6186,20.5227],[105.625,20.5258],[105.63,20.5245],[105.635,20.5261],[105.6418,20.5259],[105.6462,20.5224],[105.6469,20.5234],[105.6536,20.5248],[105.6545,20.5269],[105.6507,20.5278],[105.6512,20.538],[105.6564,20.5393],[105.6568,20.5432],[105.6586,20.5464],[105.6625,20.5431],[105.6653,20.5384],[105.6687,20.5345],[105.6719,20.5339],[105.6714,20.5316],[105.6767,20.5307],[105.6795,20.5358],[105.6782,20.5394],[105.6808,20.5429],[105.6802,20.5452],[105.6837,20.545],[105.6848,20.5484],[105.6837,20.5505],[105.6813,20.5511],[105.6798,20.5542],[105.6829,20.5568],[105.6838,20.5595],[105.6796,20.5622],[105.6798,20.5646],[105.6781,20.5675],[105.6741,20.5674],[105.6724,20.5723],[105.6686,20.5749],[105.6687,20.5773],[105.6663,20.579],[105.6665,20.5825],[105.6651,20.5872],[105.6617,20.5882],[105.6604,20.5899],[105.6539,20.5935],[105.652,20.5918],[105.6478,20.5974],[105.6456,20.5982],[105.6443,20.6008],[105.6404,20.597],[105.6387,20.5974],[105.6307,20.5947],[105.6329,20.59],[105.6221,20.5877],[105.6256,20.5834],[105.6237,20.581],[105.6257,20.5794],[105.6227,20.5759],[105.6214,20.5764],[105.6179,20.5708],[105.6135,20.569],[105.6127,20.5673],[105.6092,20.5648],[105.6076,20.569],[105.6044,20.5684],[105.6011,20.569],[105.5988,20.5735],[105.6,20.5763],[105.5997,20.5813],[105.5956,20.5859],[105.5898,20.5833],[105.585,20.5853],[105.5825,20.5852],[105.5834,20.5883],[105.5793,20.5935],[105.5814,20.5991],[105.5794,20.6021]]]},"properties":{"ma_xa":"05086","ten_xa":"Dũng Tiến","sap_nhap":"Cuối Hạ, Mỵ Hòa, Nuông Dăm","tru_so":"đang cập nhật","loai":"Xã","cap":2,"stt":114,"dtich_km2":101.1,"dan_so":20000,"matdo_km2":197.82,"ma_tinh":"25","ten_tinh":"Phú Thọ"}},
{"type":"Feature","geometry":{"type":"Polygon","coordinates":[[[105.0755,21.6089],[105.0731,21.6089],[105.0712,21.6125],[105.0665,21.6133],[105.0636,21.6128],[105.0612,21.6148],[105.0563,21.6167],[105.0527,21.6159],[105.0488,21.6131],[105.0419,21.6182],[105.0437,21.6213],[105.0403,21.6243],[105.0391,21.6281],[105.0343,21.627],[105.0324,21.6285],[105.0317,21.6256],[105.0264,21.6176],[105.0204,21.6148],[105.0162,21.6097],[105.0151,21.6039],[105.0136,21.5999],[105.0112,21.5967],[105.009,21.597],[105.0099,21.59],[105.0081,21.5895],[105.0053,21.5849],[105.0037,21.5835],[105.0065,21.5768],[105.001,21.5755],[104.9932,21.5794],[104.9917,21.5747],[104.9966,21.5697],[105.0016,21.5603],[105.0043,21.5535],[105.0093,21.5482],[105.0101,21.5464],[105.0167,21.5412],[105.0207,21.5397],[105.0257,21.5368],[105.0277,21.5402],[105.0314,21.5445],[105.0334,21.5453],[105.0307,21.5484],[105.032,21.5494],[105.0319,21.5546],[105.0378,21.5602],[105.0385,21.5626],[105.0422,21.5627],[105.0421,21.5673],[105.0432,21.5691],[105.0464,21.5707],[105.0512,21.5759],[105.0573,21.5749],[105.0595,21.5773],[105.0601,21.582],[105.0632,21.5836],[105.0618,21.5879],[105.0623,21.5909],[105.065,21.593],[105.0662,21.5971],[105.0688,21.5966],[105.0712,21.5994],[105.0696,21.6022],[105.0707,21.6039],[105.0742,21.6036],[105.0768,21.606],[105.0755,21.6089]]]},"properties":{"ma_xa":"08053","ten_xa":"Hạ Hòa","sap_nhap":"Hạ Hòa (thị trấn), Minh Hạc, Ấm Hạ, Gia Điền","tru_so":"đang cập nhật","loai":"Xã","cap":2,"stt":29,"dtich_km2":41.23,"dan_so":21779,"matdo_km2":528.23,"ma_tinh":"25","ten_tinh":"Phú Thọ"}},
{"type":"Feature","geometry":{"type":"Polygon","coordinates":[[[105.3388,21.5042],[105.3352,21.5048],[105.3317,21.5041],[105.3251,21.5076],[105.3223,21.499],[105.3231,21.4935],[105.3315,21.4856],[105.3336,21.4821],[105.3345,21.4777],[105.334,21.4752],[105.3375,21.4652],[105.338,21.4608],[105.3417,21.4488],[105.3433,21.4419],[105.3435,21.4383],[105.3415,21.4286],[105.3411,21.4244],[105.3435,21.4193],[105.3503,21.4176],[105.3532,21.4182],[105.3567,21.424],[105.3607,21.4273],[105.3658,21.4301],[105.3737,21.4331],[105.3792,21.4334],[105.3871,21.4287],[105.3916,21.4241],[105.3939,21.4273],[105.3972,21.4302],[105.3959,21.4325],[105.3988,21.4349],[105.4005,21.4391],[105.4042,21.444],[105.4002,21.4477],[105.3987,21.4511],[105.3998,21.4546],[105.3961,21.4552],[105.3978,21.4581],[105.3981,21.4617],[105.396,21.4612],[105.3846,21.4615],[105.381,21.4621],[105.3794,21.4608],[105.3766,21.4633],[105.3703,21.4654],[105.3673,21.4686],[105.3679,21.4716],[105.3724,21.4756],[105.3704,21.4826],[105.3641,21.4864],[105.3621,21.4886],[105.3517,21.4939],[105.3505,21.4957],[105.345,21.499],[105.3388,21.5042]]]},"properties":{"ma_xa":"08782","ten_xa":"Hải Lựu","sap_nhap":"Nhân Đạo, Đôn Nhân, Phương Khoan, Hải Lựu","tru_so":"đang cập nhật","loai":"Xã","cap":2,"stt":69,"dtich_km2":38.8,"dan_so":30098,"matdo_km2":775.72,"ma_tinh":"25","ten_tinh":"Phú Thọ"}},
{"type":"Feature","geometry":{"type":"Polygon","coordinates":[[[104.9917,21.5747],[104.9863,21.5762],[104.9803,21.5765],[104.9772,21.578],[104.9706,21.5857],[104.9657,21.5965],[104.9629,21.6018],[104.9594,21.6065],[104.9563,21.6092],[104.9485,21.6145],[104.9434,21.6169],[104.9396,21.6178],[104.9337,21.6177],[104.929,21.6161],[104.9194,21.611],[104.9168,21.6108],[104.9132,21.613],[104.9043,21.6218],[104.9055,21.6103],[104.9049,21.6082],[104.9009,21.6107],[104.8944,21.6084],[104.8909,21.6088],[104.8878,21.6125],[104.8892,21.6085],[104.8934,21.6044],[104.8922,21.5986],[104.8933,21.5896],[104.8952,21.5876],[104.8947,21.5848],[104.8969,21.5826],[104.8978,21.5778],[104.8982,21.5689],[104.8988,21.565],[104.8887,21.5582],[104.8845,21.5578],[104.8822,21.559],[104.8768,21.5558],[104.8735,21.5563],[104.8709,21.5545],[104.8677,21.5498],[104.8678,21.5438],[104.8688,21.5421],[104.8769,21.5359],[104.8821,21.5349],[104.8938,21.5373],[104.9021,21.5408],[104.9084,21.5419],[104.9132,21.5443],[104.9168,21.5393],[104.9183,21.5386],[104.921,21.5332],[104.9238,21.5325],[104.927,21.5287],[104.9286,21.5242],[104.9313,21.5222],[104.9346,21.5253],[104.9351,21.5311],[104.9379,21.5347],[104.9403,21.533],[104.9437,21.5344],[104.9492,21.5352],[104.9505,21.5363],[104.956,21.5339],[104.9594,21.5314],[104.9615,21.5316],[104.9637,21.5357],[104.9649,21.5421],[104.9676,21.5422],[104.97,21.5456],[104.9753,21.5404],[104.9797,21.5444],[104.9793,21.5495],[104.9854,21.5504],[104.9871,21.5501],[104.9957,21.5548],[104.9981,21.5552],[105.0005,21.553],[105.0043,21.5535],[105.0016,21.5603],[104.9966,21.5697],[104.9917,21.5747]]]},"properties":{"ma_xa":"08110","ten_xa":"Hiền Lương","sap_nhap":"Hiền Lương (huyện Hạ Hòa), Xuân Áng","tru_so":"đang cập nhật","loai":"Xã","cap":2,"stt":34,"dtich_km2":81.39,"dan_so":22337,"matdo_km2":274.44,"ma_tinh":"25","ten_tinh":"Phú Thọ"}},
{"type":"Feature","geometry":{"type":"Polygon","coordinates":[[[105.2739,21.3327],[105.2734,21.3354],[105.2698,21.3448],[105.2668,21.3498],[105.2626,21.3564],[105.2592,21.3602],[105.2557,21.3657],[105.2522,21.374],[105.2511,21.3753],[105.2497,21.3814],[105.2476,21.3849],[105.2418,21.3924],[105.2354,21.3968],[105.2301,21.3968],[105.2238,21.3923],[105.2217,21.3918],[105.2184,21.3889],[105.214,21.3782],[105.2144,21.3678],[105.2161,21.3506],[105.2147,21.3486],[105.2121,21.3375],[105.2091,21.3319],[105.2029,21.3276],[105.2036,21.3236],[105.2054,21.3234],[105.2125,21.3265],[105.2136,21.3279],[105.2138,21.3329],[105.2156,21.3329],[105.2172,21.329],[105.2228,21.328],[105.2265,21.3285],[105.2306,21.3269],[105.2323,21.3289],[105.2386,21.3339],[105.2417,21.333],[105.245,21.3371],[105.2486,21.3373],[105.2585,21.3309],[105.2635,21.3309],[105.2686,21.3329],[105.2739,21.3327]]]},"properties":{"ma_xa":"08443","ten_xa":"Hiền Quan","sap_nhap":"Thanh Uyên, Bắc Sơn, Hiền Quan","tru_so":"đang cập nhật","loai":"Xã","cap":2,"stt":44,"dtich_km2":31.38,"dan_so":27476,"matdo_km2":875.59,"ma_tinh":"25","ten_tinh":"Phú Thọ"}},
{"type":"Feature","geometry":{"type":"Polygon","coordinates":[[[105.3785,20.8076],[105.3819,20.8128],[105.3857,20.8223],[105.3845,20.8243],[105.3813,20.8237],[105.3813,20.8261],[105.3794,20.8274],[105.3772,20.832],[105.3781,20.8331],[105.3755,20.8371],[105.3773,20.8402],[105.3746,20.8467],[105.3793,20.8492],[105.3775,20.8531],[105.38,20.857],[105.3794,20.8615],[105.3779,20.8659],[105.3738,20.8688],[105.3702,20.8686],[105.3673,20.8701],[105.3659,20.8726],[105.3617,20.8724],[105.3593,20.8756],[105.3568,20.8759],[105.3559,20.8788],[105.3522,20.8782],[105.3504,20.8807],[105.3486,20.8804],[105.3422,20.8854],[105.3411,20.8824],[105.3378,20.8653],[105.3387,20.8578],[105.3462,20.8516],[105.3435,20.8473],[105.3402,20.8457],[105.3446,20.8432],[105.3436,20.8404],[105.3357,20.8418],[105.3293,20.8402],[105.3257,20.8401],[105.3213,20.8373],[105.3181,20.8335],[105.3185,20.8271],[105.3162,20.8266],[105.3128,20.8223],[105.3169,20.8144],[105.3261,20.8068],[105.3303,20.8057],[105.3301,20.8025],[105.3317,20.8016],[105.3353,20.8025],[105.3377,20.8062],[105.3432,20.8069],[105.3455,20.8119],[105.3441,20.8139],[105.3466,20.8161],[105.3519,20.814],[105.3508,20.8096],[105.3568,20.8054],[105.3604,20.804],[105.3636,20.8052],[105.3687,20.8049],[105.3704,20.8062],[105.3785,20.8076]]]},"properties":{"ma_xa":"04795","ten_xa":"Hòa Bình","sap_nhap":"Đồng Tiến, Hữu Nghị, Phương Lâm, Quỳnh Lâm, Tân Thịnh, Thịnh Lang, Trung Minh","tru_so":"đang cập nhật","loai":"Phường","cap":2,"stt":145,"dtich_km2":39.32,"dan_so":78605,"matdo_km2":1999.11,"ma_tinh":"25","ten_tinh":"Phú Thọ"}},
{"type":"Feature","geometry":{"type":"Polygon","coordinates":[[[105.5337,21.403],[105.529,21.4045],[105.5269,21.402],[105.5222,21.3997],[105.5188,21.3967],[105.5192,21.3928],[105.5215,21.3905],[105.5209,21.3878],[105.5176,21.383],[105.5177,21.3797],[105.5164,21.3781],[105.5108,21.3773],[105.5086,21.374],[105.5089,21.37],[105.5161,21.3737],[105.5183,21.3721],[105.518,21.3673],[105.515,21.365],[105.5145,21.362],[105.5107,21.3633],[105.5096,21.3605],[105.5144,21.3566],[105.5142,21.3524],[105.5127,21.35],[105.5083,21.3481],[105.5036,21.3476],[105.5009,21.3481],[105.4994,21.3452],[105.5035,21.344],[105.5071,21.3413],[105.5046,21.3384],[105.5027,21.3361],[105.5024,21.3337],[105.5046,21.3321],[105.512,21.3301],[105.5123,21.3278],[105.5105,21.3255],[105.5113,21.3224],[105.5157,21.319],[105.5179,21.3193],[105.5205,21.3171],[105.5229,21.3187],[105.5281,21.3182],[105.5307,21.3194],[105.5358,21.3169],[105.5359,21.3215],[105.5371,21.3249],[105.5399,21.329],[105.5384,21.3328],[105.5397,21.3348],[105.5368,21.3381],[105.5388,21.3413],[105.5346,21.3447],[105.5358,21.3461],[105.5348,21.3508],[105.5325,21.3538],[105.5374,21.355],[105.5368,21.3605],[105.5424,21.36],[105.5397,21.3619],[105.538,21.3656],[105.5386,21.3673],[105.5362,21.3715],[105.5347,21.372],[105.5343,21.3759],[105.5318,21.3764],[105.5275,21.3823],[105.5283,21.3853],[105.5274,21.3908],[105.526,21.3924],[105.5288,21.3971],[105.5314,21.3989],[105.5337,21.403]]]},"properties":{"ma_xa":"08896","ten_xa":"Hoàng An","sap_nhap":"Hoàng Đan, Hoàng Lâu, An Hòa","tru_so":"đang cập nhật","loai":"Xã","cap":2,"stt":82,"dtich_km2":20.8,"dan_so":26000,"matdo_km2":1250,"ma_tinh":"25","ten_tinh":"Phú Thọ"}},
{"type":"Feature","geometry":{"type":"Polygon","coordinates":[[[105.1743,21.4897],[105.1741,21.4919],[105.1688,21.4982],[105.1673,21.5011],[105.1644,21.502],[105.1624,21.4993],[105.1598,21.5013],[105.1596,21.5044],[105.1553,21.5041],[105.1507,21.4981],[105.1479,21.4984],[105.147,21.495],[105.1481,21.4926],[105.1458,21.4908],[105.1431,21.4903],[105.1351,21.4943],[105.1295,21.4911],[105.1273,21.4918],[105.1249,21.4899],[105.1196,21.4888],[105.1163,21.4907],[105.1158,21.4926],[105.1115,21.4927],[105.1077,21.488],[105.1056,21.4821],[105.1011,21.4815],[105.0984,21.4833],[105.1016,21.4848],[105.1016,21.4873],[105.0942,21.4871],[105.091,21.4884],[105.0877,21.4912],[105.0861,21.4902],[105.0833,21.4924],[105.0821,21.4896],[105.084,21.4885],[105.0815,21.483],[105.0901,21.474],[105.0915,21.4675],[105.0929,21.4644],[105.0992,21.4586],[105.1038,21.4589],[105.1133,21.451],[105.1182,21.4489],[105.1269,21.4438],[105.1301,21.4399],[105.1339,21.4328],[105.1357,21.4318],[105.1446,21.432],[105.1452,21.4345],[105.1409,21.4365],[105.1401,21.4403],[105.1475,21.4506],[105.1476,21.4526],[105.1459,21.4567],[105.1499,21.4634],[105.1529,21.4641],[105.1555,21.4616],[105.1607,21.4608],[105.1616,21.4581],[105.167,21.4574],[105.1696,21.4599],[105.1739,21.4618],[105.174,21.465],[105.1729,21.468],[105.1732,21.4717],[105.1715,21.474],[105.1716,21.4797],[105.1703,21.4824],[105.1689,21.4886],[105.1743,21.4897]]]},"properties":{"ma_xa":"08203","ten_xa":"Hoàng Cương","sap_nhap":"Ninh Dân,  Mạn Lạn, Hoàng Cương","tru_so":"đang cập nhật","loai":"Xã","cap":2,"stt":20,"dtich_km2":39.51,"dan_so":27890,"matdo_km2":705.9,"ma_tinh":"25","ten_tinh":"Phú Thọ"}},
{"type":"Feature","geometry":{"type":"Polygon","coordinates":[[[105.5424,21.36],[105.5368,21.3605],[105.5374,21.355],[105.5325,21.3538],[105.5348,21.3508],[105.5358,21.3461],[105.5346,21.3447],[105.5388,21.3413],[105.5368,21.3381],[105.5397,21.3348],[105.5384,21.3328],[105.5399,21.329],[105.5371,21.3249],[105.5359,21.3215],[105.5358,21.3169],[105.5392,21.3137],[105.5335,21.309],[105.5371,21.3046],[105.5361,21.3019],[105.534,21.3009],[105.5363,21.2982],[105.5317,21.2953],[105.533,21.29],[105.532,21.2877],[105.535,21.2851],[105.5368,21.283],[105.5403,21.2831],[105.5416,21.2813],[105.5465,21.2784],[105.5491,21.2791],[105.5501,21.2755],[105.5534,21.2752],[105.5541,21.2799],[105.5491,21.2899],[105.553,21.294],[105.5503,21.2969],[105.5533,21.2991],[105.5512,21.3013],[105.5522,21.3038],[105.5571,21.3094],[105.5592,21.3055],[105.5672,21.3102],[105.562,21.3145],[105.5597,21.3186],[105.5549,21.3175],[105.5554,21.3201],[105.5598,21.3216],[105.5604,21.3188],[105.5675,21.321],[105.5656,21.3268],[105.5696,21.3276],[105.5731,21.3273],[105.5777,21.3291],[105.5805,21.333],[105.5838,21.3328],[105.5884,21.3361],[105.5895,21.3385],[105.5934,21.3433],[105.5951,21.3492],[105.592,21.3517],[105.5859,21.3535],[105.5824,21.3519],[105.5758,21.3544],[105.5723,21.3519],[105.5724,21.3504],[105.5667,21.3472],[105.5632,21.3446],[105.5619,21.3415],[105.559,21.3374],[105.5584,21.3413],[105.5558,21.3429],[105.551,21.3446],[105.5457,21.3553],[105.5443,21.3561],[105.5424,21.36]]]},"properties":{"ma_xa":"08905","ten_xa":"Hội Thịnh","sap_nhap":"Duy Phiên, Thanh Vân, Hội Thịnh","tru_so":"đang cập nhật","loai":"Xã","cap":2,"stt":81,"dtich_km2":25.1,"dan_so":37115,"matdo_km2":1478.69,"ma_tinh":"25","ten_tinh":"Phú Thọ"}},
{"type":"Feature","geometry":{"type":"Polygon","coordinates":[[[105.5823,20.73],[105.5794,20.7325],[105.5739,20.7348],[105.5723,20.7336],[105.5663,20.7223],[105.5642,20.7229],[105.5615,20.7202],[105.5599,20.7167],[105.553,20.713],[105.5496,20.7138],[105.5457,20.7121],[105.5485,20.7076],[105.5471,20.7031],[105.5463,20.6969],[105.5476,20.6944],[105.544,20.692],[105.5456,20.6899],[105.5454,20.6849],[105.5496,20.6809],[105.5524,20.6831],[105.5557,20.6793],[105.5628,20.6789],[105.5613,20.6723],[105.5619,20.6681],[105.5611,20.6637],[105.5578,20.6629],[105.5578,20.6602],[105.5597,20.6568],[105.5605,20.6509],[105.5588,20.6481],[105.5611,20.6442],[105.5634,20.6446],[105.5655,20.6407],[105.5671,20.6409],[105.5677,20.6353],[105.565,20.6302],[105.5654,20.6275],[105.5683,20.6249],[105.5716,20.6233],[105.5756,20.6225],[105.5767,20.6189],[105.5767,20.6158],[105.5744,20.6143],[105.5739,20.6121],[105.5783,20.6065],[105.5794,20.6021],[105.5814,20.5991],[105.5793,20.5935],[105.5834,20.5883],[105.5825,20.5852],[105.585,20.5853],[105.5898,20.5833],[105.5956,20.5859],[105.5997,20.5813],[105.6,20.5763],[105.5988,20.5735],[105.6011,20.569],[105.6044,20.5684],[105.6076,20.569],[105.6092,20.5648],[105.6127,20.5673],[105.6135,20.569],[105.6179,20.5708],[105.6214,20.5764],[105.6227,20.5759],[105.6257,20.5794],[105.6237,20.581],[105.6256,20.5834],[105.6221,20.5877],[105.6329,20.59],[105.6307,20.5947],[105.6278,20.5969],[105.6238,20.5973],[105.6188,20.609],[105.6154,20.6094],[105.6159,20.6114],[105.6145,20.6145],[105.6242,20.6181],[105.6278,20.6208],[105.6305,20.6243],[105.6261,20.6296],[105.6261,20.6309],[105.623,20.6333],[105.6197,20.6335],[105.6176,20.6377],[105.6164,20.6447],[105.6138,20.6473],[105.6119,20.6522],[105.6137,20.6541],[105.6119,20.658],[105.6091,20.6601],[105.6071,20.6633],[105.6125,20.6727],[105.6133,20.6777],[105.6096,20.6846],[105.6056,20.6869],[105.6036,20.6894],[105.6031,20.6936],[105.6003,20.6971],[105.602,20.6989],[105.6,20.7037],[105.6008,20.7063],[105.597,20.7111],[105.6012,20.7186],[105.5957,20.7207],[105.5913,20.7201],[105.5891,20.7213],[105.5861,20.7253],[105.5846,20.7258],[105.5823,20.73]]]},"properties":{"ma_xa":"05068","ten_xa":"Hợp Kim","sap_nhap":"Kim Lập, Nam Thượng, Sào Báy","tru_so":"đang cập nhật","loai":"Xã","cap":2,"stt":115,"dtich_km2":86.29,"dan_so":21033,"matdo_km2":243.75,"ma_tinh":"25","ten_tinh":"Phú Thọ"}},
{"type":"Feature","geometry":{"type":"Polygon","coordinates":[[[105.5072,21.4895],[105.5058,21.4908],[105.5028,21.4896],[105.4985,21.4965],[105.4973,21.4995],[105.4935,21.4972],[105.4882,21.501],[105.4878,21.5041],[105.4898,21.5091],[105.4925,21.5127],[105.4992,21.5167],[105.4992,21.5194],[105.4962,21.5233],[105.4971,21.5251],[105.4942,21.5281],[105.4928,21.526],[105.4903,21.5196],[105.4878,21.5178],[105.4851,21.5178],[105.4798,21.5194],[105.4736,21.5239],[105.4731,21.5208],[105.4662,21.5166],[105.4607,21.5179],[105.4588,21.519],[105.456,21.5161],[105.4565,21.5135],[105.4554,21.5111],[105.45,21.5108],[105.4447,21.5092],[105.4396,21.5103],[105.4332,21.5067],[105.4292,21.5056],[105.4268,21.502],[105.4252,21.5014],[105.4233,21.4976],[105.4258,21.4945],[105.4268,21.4897],[105.4292,21.4878],[105.4284,21.4845],[105.4292,21.4815],[105.431,21.4747],[105.4326,21.473],[105.4364,21.471],[105.4372,21.469],[105.4451,21.4646],[105.4489,21.4639],[105.4515,21.4657],[105.4548,21.4658],[105.4607,21.4674],[105.462,21.4579],[105.466,21.4595],[105.4704,21.4587],[105.4772,21.46],[105.4795,21.4638],[105.4777,21.4683],[105.4745,21.47],[105.4741,21.4744],[105.4712,21.4757],[105.4693,21.4744],[105.463,21.4778],[105.4624,21.4809],[105.4647,21.4849],[105.4689,21.4849],[105.4706,21.4834],[105.4789,21.4835],[105.4815,21.4824],[105.4846,21.4839],[105.4866,21.4824],[105.4889,21.4835],[105.4922,21.483],[105.4983,21.485],[105.4989,21.4866],[105.5051,21.4894],[105.5072,21.4895]]]},"properties":{"ma_xa":"08770","ten_xa":"Hợp Lý","sap_nhap":"Ngọc Mỹ (huyện Lập Thạch), Quang Sơn, Hợp Lý","tru_so":"đang cập nhật","loai":"Xã","cap":2,"stt":75,"dtich_km2":34.1,"dan_so":19611,"matdo_km2":575.1,"ma_tinh":"25","ten_tinh":"Phú Thọ"}},
{"type":"Feature","geometry":{"type":"Polygon","coordinates":[[[105.1543,21.3963],[105.1501,21.397],[105.1418,21.393],[105.1408,21.391],[105.1438,21.3897],[105.1459,21.3841],[105.1451,21.3816],[105.1428,21.3818],[105.1412,21.3791],[105.1313,21.3751],[105.1303,21.372],[105.1247,21.3721],[105.1247,21.3674],[105.1208,21.3653],[105.1184,21.3615],[105.1116,21.3615],[105.1049,21.3632],[105.1004,21.366],[105.0997,21.3598],[105.0995,21.3572],[105.101,21.3539],[105.1028,21.3535],[105.1091,21.3498],[105.1103,21.3481],[105.1138,21.3467],[105.1172,21.3496],[105.1217,21.3456],[105.1228,21.3434],[105.118,21.3374],[105.1176,21.335],[105.1208,21.3318],[105.1265,21.3284],[105.13,21.3242],[105.134,21.3279],[105.1401,21.3288],[105.1426,21.3307],[105.1434,21.3339],[105.1475,21.3365],[105.1462,21.3423],[105.1487,21.345],[105.1482,21.3477],[105.1496,21.3498],[105.1528,21.349],[105.1555,21.3509],[105.1568,21.3493],[105.1615,21.3511],[105.164,21.3555],[105.167,21.353],[105.1651,21.3506],[105.1652,21.3456],[105.1634,21.3432],[105.1687,21.3415],[105.1705,21.3397],[105.1761,21.3392],[105.1782,21.3377],[105.1828,21.3377],[105.1852,21.3368],[105.1861,21.3456],[105.1853,21.3534],[105.1823,21.364],[105.1797,21.3665],[105.1752,21.3686],[105.1726,21.3713],[105.1618,21.3807],[105.1583,21.3892],[105.1556,21.3931],[105.1543,21.3963]]]},"properties":{"ma_xa":"08416","ten_xa":"Hùng Việt","sap_nhap":"Nhật Tiến, Hùng Việt","tru_so":"đang cập nhật","loai":"Xã","cap":2,"stt":37,"dtich_km2":32.77,"dan_so":22935,"matdo_km2":699.88,"ma_tinh":"25","ten_tinh":"Phú Thọ"}},
{"type":"Feature","geometry":{"type":"Polygon","coordinates":[[[105.2505,21.0735],[105.2465,21.0739],[105.2451,21.0768],[105.2412,21.0793],[105.2356,21.0756],[105.2294,21.0696],[105.224,21.0704],[105.2202,21.0731],[105.2183,21.077],[105.2164,21.0785],[105.2122,21.0791],[105.2051,21.085],[105.2001,21.0866],[105.1956,21.0865],[105.1988,21.0819],[105.2033,21.0796],[105.2054,21.0759],[105.2061,21.0714],[105.204,21.0666],[105.2029,21.0609],[105.2008,21.0565],[105.2043,21.0543],[105.2014,21.0508],[105.2067,21.0443],[105.218,21.034],[105.2235,21.031],[105.227,21.0271],[105.229,21.0263],[105.2338,21.0225],[105.2344,21.0196],[105.2328,21.0157],[105.2269,21.0101],[105.2241,21.0099],[105.218,21.0066],[105.2169,21.0032],[105.2175,21.0015],[105.2148,20.9978],[105.2177,20.9909],[105.2215,20.988],[105.2219,20.985],[105.2201,20.9833],[105.2162,20.9822],[105.2101,20.9819],[105.2044,20.9797],[105.1963,20.9782],[105.1937,20.9769],[105.1911,20.9641],[105.1919,20.9584],[105.1973,20.9563],[105.1992,20.9564],[105.2043,20.9514],[105.2045,20.9451],[105.2112,20.9455],[105.2138,20.9491],[105.2225,20.952],[105.2251,20.955],[105.2286,20.9575],[105.2315,20.9582],[105.2329,20.9599],[105.2359,20.9608],[105.2377,20.965],[105.2403,20.9676],[105.2442,20.9652],[105.2479,20.9661],[105.2505,20.9641],[105.2555,20.964],[105.2618,20.9626],[105.2657,20.9696],[105.2654,20.974],[105.2699,20.9774],[105.2733,20.9823],[105.2716,20.9912],[105.2723,20.9938],[105.2751,20.9962],[105.2795,21.0031],[105.283,20.9995],[105.2858,21.0049],[105.2879,21.0049],[105.291,21.0075],[105.289,21.0119],[105.2862,21.015],[105.2823,21.0153],[105.281,21.0192],[105.2824,21.0213],[105.2778,21.0287],[105.2771,21.0322],[105.2707,21.0383],[105.2708,21.0407],[105.2685,21.0444],[105.2659,21.0463],[105.2653,21.0484],[105.2627,21.0506],[105.2622,21.0551],[105.2601,21.0584],[105.2565,21.0606],[105.2568,21.0646],[105.2548,21.0675],[105.2513,21.0699],[105.2505,21.0735]]]},"properties":{"ma_xa":"08632","ten_xa":"Hương Cần","sap_nhap":"Yên Lương, Yên Lãng, Hương Cần","tru_so":"đang cập nhật","loai":"Xã","cap":2,"stt":52,"dtich_km2":81.3,"dan_so":17900,"matdo_km2":220.17,"ma_tinh":"25","ten_tinh":"Phú Thọ"}},
{"type":"Feature","geometry":{"type":"Polygon","coordinates":[[[105.3394,21.3743],[105.3374,21.3735],[105.3343,21.3754],[105.3328,21.3748],[105.329,21.376],[105.3254,21.3788],[105.3247,21.3811],[105.3182,21.3831],[105.3167,21.3855],[105.3138,21.384],[105.3128,21.3812],[105.3134,21.3783],[105.3093,21.3748],[105.3061,21.3696],[105.3069,21.3682],[105.3077,21.3654],[105.3067,21.362],[105.309,21.3598],[105.3114,21.3555],[105.3134,21.3535],[105.3039,21.3502],[105.2973,21.3488],[105.2979,21.3451],[105.2951,21.3397],[105.2941,21.3393],[105.2923,21.3341],[105.2999,21.3288],[105.3032,21.3239],[105.3059,21.3232],[105.3085,21.3205],[105.3125,21.3199],[105.3151,21.3162],[105.3207,21.3139],[105.3252,21.3131],[105.3312,21.3158],[105.3317,21.3199],[105.3343,21.3252],[105.3351,21.3286],[105.3385,21.3348],[105.3362,21.3362],[105.3399,21.3391],[105.3371,21.3431],[105.3392,21.3442],[105.3361,21.348],[105.3373,21.35],[105.3379,21.3539],[105.3353,21.3557],[105.3354,21.3581],[105.3333,21.3591],[105.334,21.3628],[105.3368,21.3621],[105.3379,21.3636],[105.3435,21.3662],[105.344,21.3682],[105.3394,21.3743]]]},"properties":{"ma_xa":"08515","ten_xa":"Hy Cương","sap_nhap":"Thanh Đình, Chu Hóa, Hy Cương","tru_so":"đang cập nhật","loai":"Xã","cap":2,"stt":5,"dtich_km2":23.95,"dan_so":22693,"matdo_km2":947.52,"ma_tinh":"25","ten_tinh":"Phú Thọ"}},
{"type":"Feature","geometry":{"type":"Polygon","coordinates":[[[105.1937,20.9769],[105.1895,20.9853],[105.1894,20.9932],[105.187,20.9944],[105.186,20.9967],[105.1857,21.0028],[105.1838,21.0058],[105.1832,21.0097],[105.1788,21.0148],[105.183,21.0219],[105.1797,21.0255],[105.1779,21.0298],[105.1771,21.0353],[105.1733,21.0344],[105.1713,21.0362],[105.169,21.0362],[105.1657,21.0386],[105.1636,21.0426],[105.1606,21.0425],[105.1582,21.0447],[105.1532,21.0462],[105.1516,21.0485],[105.1489,21.0489],[105.1467,21.0506],[105.1474,21.0536],[105.1447,21.0551],[105.1453,21.0583],[105.142,21.0603],[105.1408,21.0649],[105.1378,21.067],[105.1377,21.0693],[105.13,21.0694],[105.1297,21.0731],[105.1257,21.0716],[105.1213,21.0721],[105.118,21.0735],[105.117,21.0722],[105.117,21.0672],[105.1154,21.0652],[105.1159,21.0621],[105.1141,21.0595],[105.1098,21.0598],[105.1072,21.0581],[105.1059,21.055],[105.1084,21.051],[105.1028,21.0511],[105.0997,21.0503],[105.0948,21.0514],[105.0909,21.0541],[105.086,21.0529],[105.0825,21.0546],[105.0717,21.0509],[105.0708,21.0461],[105.0686,21.0443],[105.0635,21.0425],[105.0621,21.0441],[105.0567,21.0378],[105.0551,21.0372],[105.0503,21.0385],[105.0461,21.0418],[105.0405,21.0411],[105.0411,21.0358],[105.0446,21.0301],[105.0443,21.0224],[105.0412,21.0197],[105.0387,21.0198],[105.0362,21.0152],[105.0379,21.0124],[105.0403,21.0112],[105.0443,21.0108],[105.0503,21.008],[105.0538,21.0105],[105.0554,21.0101],[105.061,21.0027],[105.0639,21.0014],[105.0662,21.0021],[105.07,20.9991],[105.0714,20.9938],[105.0767,20.987],[105.0811,20.9791],[105.0891,20.9709],[105.0901,20.9684],[105.0892,20.9655],[105.0926,20.9601],[105.0987,20.957],[105.1091,20.9556],[105.1111,20.9543],[105.1115,20.9517],[105.1222,20.9419],[105.1261,20.9419],[105.1313,20.938],[105.1365,20.9393],[105.1422,20.9398],[105.1449,20.9388],[105.148,20.9415],[105.1534,20.9397],[105.1607,20.9393],[105.1619,20.9436],[105.1646,20.9441],[105.1691,20.9435],[105.172,20.9446],[105.1775,20.9449],[105.1897,20.952],[105.1909,20.9534],[105.1919,20.9584],[105.1911,20.9641],[105.1937,20.9769]]]},"properties":{"ma_xa":"08635","ten_xa":"Khả Cửu","sap_nhap":"Đông Cửu, Thượng Cửu, Khả Cửu","tru_so":"đang cập nhật","loai":"Xã","cap":2,"stt":54,"dtich_km2":148.48,"dan_so":13149,"matdo_km2":88.56,"ma_tinh":"25","ten_tinh":"Phú Thọ"}},
{"type":"Feature","geometry":{"type":"Polygon","coordinates":[[[105.5578,20.6629],[105.5478,20.6656],[105.5449,20.6686],[105.5481,20.6723],[105.5355,20.6752],[105.5331,20.6768],[105.5331,20.6803],[105.53,20.6806],[105.529,20.6821],[105.5309,20.6916],[105.5308,20.6939],[105.5272,20.6984],[105.5239,20.6964],[105.5197,20.697],[105.5198,20.7001],[105.516,20.6989],[105.5138,20.6966],[105.5089,20.7023],[105.5097,20.7063],[105.5079,20.7097],[105.5089,20.714],[105.5066,20.7169],[105.507,20.7188],[105.4989,20.7197],[105.4969,20.721],[105.4942,20.7204],[105.4922,20.7176],[105.4887,20.7194],[105.4845,20.7183],[105.4845,20.7154],[105.4811,20.7091],[105.478,20.7067],[105.4751,20.7065],[105.4736,20.7047],[105.4753,20.7013],[105.4755,20.6963],[105.4766,20.6949],[105.4809,20.6957],[105.4848,20.6946],[105.4876,20.6922],[105.4848,20.6888],[105.4865,20.6868],[105.4865,20.6839],[105.4888,20.6832],[105.4916,20.6848],[105.4943,20.6844],[105.4998,20.6767],[105.5006,20.6733],[105.4985,20.6711],[105.4997,20.6683],[105.4986,20.6631],[105.4947,20.6592],[105.4924,20.658],[105.4913,20.6553],[105.4933,20.6528],[105.492,20.6502],[105.4891,20.6497],[105.486,20.644],[105.4834,20.6411],[105.4806,20.6402],[105.4784,20.6371],[105.4764,20.6374],[105.4706,20.6316],[105.474,20.6318],[105.4753,20.6331],[105.4798,20.6342],[105.4852,20.6369],[105.4886,20.637],[105.4925,20.6356],[105.4965,20.6311],[105.4956,20.629],[105.5042,20.625],[105.5176,20.6249],[105.5219,20.6233],[105.5195,20.6202],[105.5188,20.6158],[105.5241,20.6147],[105.5324,20.6157],[105.5356,20.618],[105.5396,20.6179],[105.5413,20.6192],[105.5447,20.6189],[105.5486,20.62],[105.5523,20.6198],[105.5537,20.618],[105.5561,20.6178],[105.5595,20.6124],[105.5592,20.6109],[105.5613,20.6067],[105.5612,20.6022],[105.5644,20.6009],[105.5724,20.5997],[105.5758,20.6018],[105.5794,20.6021],[105.5783,20.6065],[105.5739,20.6121],[105.5744,20.6143],[105.5767,20.6158],[105.5767,20.6189],[105.5756,20.6225],[105.5716,20.6233],[105.5683,20.6249],[105.5654,20.6275],[105.565,20.6302],[105.5677,20.6353],[105.5671,20.6409],[105.5655,20.6407],[105.5634,20.6446],[105.5611,20.6442],[105.5588,20.6481],[105.5605,20.6509],[105.5597,20.6568],[105.5578,20.6602],[105.5578,20.6629]]]},"properties":{"ma_xa":"04978","ten_xa":"Kim Bôi","sap_nhap":"Bo (thị trấn), Vĩnh Đồng, Kim Bôi","tru_so":"đang cập nhật","loai":"Xã","cap":2,"stt":112,"dtich_km2":64.57,"dan_so":35915,"matdo_km2":556.22,"ma_tinh":"25","ten_tinh":"Phú Thọ"}},
{"type":"Feature","geometry":{"type":"Polygon","coordinates":[[[105.465,20.9462],[105.4596,20.9474],[105.4576,20.9503],[105.4524,20.9536],[105.4456,20.9552],[105.4443,20.9563],[105.443,20.9567],[105.437,20.9551],[105.4337,20.9567],[105.4336,20.9539],[105.4291,20.9468],[105.4292,20.945],[105.4271,20.9421],[105.423,20.9393],[105.4223,20.9356],[105.4231,20.9322],[105.4168,20.9276],[105.4107,20.9292],[105.4099,20.9309],[105.4067,20.9306],[105.3942,20.9248],[105.39,20.9262],[105.3857,20.9252],[105.3803,20.9291],[105.3738,20.9316],[105.3696,20.9299],[105.3645,20.9306],[105.3628,20.9236],[105.3594,20.9216],[105.3591,20.9178],[105.3561,20.9187],[105.3488,20.9178],[105.3492,20.9082],[105.348,20.9007],[105.3427,20.8874],[105.3422,20.8854],[105.3486,20.8804],[105.3504,20.8807],[105.3522,20.8782],[105.3559,20.8788],[105.3568,20.8759],[105.3593,20.8756],[105.3617,20.8724],[105.3659,20.8726],[105.3673,20.8701],[105.3702,20.8686],[105.3738,20.8688],[105.3779,20.8659],[105.3794,20.8615],[105.38,20.857],[105.3775,20.8531],[105.3793,20.8492],[105.3746,20.8467],[105.3773,20.8402],[105.3755,20.8371],[105.3781,20.8331],[105.3772,20.832],[105.3794,20.8274],[105.3813,20.8261],[105.3813,20.8237],[105.3845,20.8243],[105.3857,20.8223],[105.3819,20.8128],[105.3785,20.8076],[105.377,20.8057],[105.376,20.8],[105.3758,20.793],[105.3729,20.7869],[105.3729,20.7835],[105.3798,20.7812],[105.384,20.7836],[105.3886,20.7848],[105.3922,20.7911],[105.3944,20.8032],[105.3998,20.8049],[105.4077,20.8034],[105.4106,20.8123],[105.4148,20.8136],[105.4157,20.8175],[105.4144,20.8205],[105.4164,20.8244],[105.4186,20.8226],[105.4251,20.8235],[105.4246,20.8264],[105.4302,20.8287],[105.4323,20.8332],[105.431,20.8363],[105.4288,20.8378],[105.4262,20.8369],[105.4238,20.8406],[105.4256,20.8457],[105.4304,20.8479],[105.4307,20.851],[105.4343,20.8534],[105.4368,20.8576],[105.4405,20.8594],[105.4378,20.866],[105.438,20.8692],[105.4404,20.8701],[105.4396,20.8723],[105.4408,20.8751],[105.4437,20.8792],[105.4439,20.8856],[105.4451,20.8882],[105.4425,20.8903],[105.4433,20.8943],[105.4483,20.8958],[105.4491,20.9057],[105.4533,20.9114],[105.4527,20.9128],[105.4578,20.9181],[105.4586,20.9221],[105.4602,20.9231],[105.4615,20.9294],[105.4581,20.9332],[105.4605,20.9389],[105.4649,20.9428],[105.465,20.9462]]]},"properties":{"ma_xa":"04894","ten_xa":"Kỳ Sơn","sap_nhap":"Kỳ Sơn, Độc Lập, Mông Hóa","tru_so":"đang cập nhật","loai":"Phường","cap":2,"stt":146,"dtich_km2":115.7,"dan_so":20319,"matdo_km2":175.62,"ma_tinh":"25","ten_tinh":"Phú Thọ"}},
{"type":"Feature","geometry":{"type":"Polygon","coordinates":[[[105.6111,20.5234],[105.6081,20.5278],[105.6052,20.5276],[105.6027,20.5291],[105.5984,20.5263],[105.5963,20.5293],[105.5935,20.5288],[105.5915,20.5304],[105.5886,20.5292],[105.5827,20.5291],[105.582,20.534],[105.578,20.5376],[105.5762,20.5375],[105.5739,20.5428],[105.5696,20.5455],[105.5673,20.5451],[105.5664,20.5484],[105.5637,20.5479],[105.5607,20.5495],[105.5478,20.5412],[105.5467,20.537],[105.5445,20.5341],[105.5435,20.5307],[105.5449,20.528],[105.5428,20.5236],[105.5407,20.5224],[105.5446,20.5101],[105.5494,20.5059],[105.5523,20.5068],[105.5543,20.5053],[105.5588,20.5047],[105.5624,20.5028],[105.5642,20.4996],[105.5626,20.4982],[105.5662,20.4949],[105.569,20.4932],[105.5696,20.4908],[105.5757,20.488],[105.5778,20.4788],[105.5736,20.4786],[105.574,20.4726],[105.5698,20.4718],[105.5676,20.4682],[105.5584,20.4678],[105.5531,20.4717],[105.5479,20.4716],[105.55,20.4695],[105.55,20.4596],[105.5488,20.4564],[105.5483,20.4503],[105.5469,20.4473],[105.5475,20.4451],[105.5501,20.4414],[105.555,20.4391],[105.5578,20.436],[105.5627,20.4341],[105.5691,20.4334],[105.5723,20.4299],[105.5729,20.4266],[105.5773,20.4241],[105.5825,20.4276],[105.585,20.4274],[105.587,20.4218],[105.592,20.4208],[105.5929,20.4186],[105.5985,20.4145],[105.5978,20.41],[105.5999,20.4086],[105.6034,20.4104],[105.6102,20.4103],[105.6145,20.413],[105.6157,20.4221],[105.6236,20.4227],[105.6269,20.4222],[105.6294,20.4252],[105.6329,20.4247],[105.6356,20.4264],[105.6425,20.4259],[105.6488,20.4269],[105.6518,20.4324],[105.6548,20.4333],[105.6591,20.4325],[105.663,20.4331],[105.6658,20.4323],[105.6685,20.4341],[105.6731,20.4333],[105.6749,20.434],[105.6784,20.4332],[105.6827,20.4381],[105.6806,20.441],[105.6785,20.4482],[105.6769,20.4491],[105.6748,20.4542],[105.6692,20.4591],[105.6716,20.4621],[105.6709,20.4673],[105.6722,20.4698],[105.6718,20.4739],[105.6728,20.4754],[105.6801,20.4799],[105.6798,20.4824],[105.6825,20.4837],[105.6815,20.4857],[105.6779,20.4874],[105.6789,20.4949],[105.6827,20.4965],[105.6842,20.4991],[105.6862,20.4991],[105.6894,20.5022],[105.6906,20.5055],[105.688,20.508],[105.6755,20.511],[105.6756,20.5084],[105.672,20.5098],[105.6656,20.5097],[105.6615,20.5064],[105.6592,20.5013],[105.6575,20.5003],[105.6571,20.4948],[105.6551,20.4926],[105.6505,20.4951],[105.6478,20.4928],[105.6429,20.4923],[105.6416,20.493],[105.6379,20.4884],[105.6321,20.4909],[105.6317,20.4951],[105.6281,20.5007],[105.6283,20.5024],[105.6216,20.5053],[105.6178,20.5037],[105.6152,20.5092],[105.6143,20.5132],[105.6122,20.5134],[105.6106,20.5179],[105.6118,20.5199],[105.6111,20.5234]]]},"properties":{"ma_xa":"05362","ten_xa":"Lạc Lương","sap_nhap":"Bảo Hiệu, Đa Phúc, Lạc Sỹ, Lạc Lương","tru_so":"đang cập nhật","loai":"Xã","cap":2,"stt":142,"dtich_km2":130.41,"dan_so":25289,"matdo_km2":193.92,"ma_tinh":"25","ten_tinh":"Phú Thọ"}},
{"type":"Feature","geometry":{"type":"Polygon","coordinates":[[[105.5479,20.4716],[105.5391,20.4738],[105.5389,20.479],[105.538,20.48],[105.5297,20.4775],[105.524,20.4734],[105.5188,20.4751],[105.5157,20.4746],[105.5057,20.4774],[105.5055,20.4792],[105.5015,20.4807],[105.498,20.4808],[105.4926,20.4822],[105.4835,20.4793],[105.4793,20.4805],[105.4752,20.4804],[105.4736,20.4757],[105.472,20.4764],[105.4671,20.4759],[105.4643,20.4779],[105.4542,20.4758],[105.4515,20.474],[105.4487,20.4751],[105.4436,20.4728],[105.4439,20.4701],[105.4406,20.4685],[105.4359,20.4716],[105.432,20.4692],[105.4295,20.4651],[105.4306,20.4627],[105.4298,20.4609],[105.4251,20.46],[105.421,20.4609],[105.4208,20.4579],[105.4178,20.4569],[105.4194,20.4542],[105.4214,20.4541],[105.4228,20.4518],[105.4275,20.4493],[105.4264,20.4475],[105.4257,20.4416],[105.4264,20.4385],[105.4252,20.4313],[105.4273,20.4282],[105.4306,20.4279],[105.4323,20.4261],[105.4374,20.4265],[105.4428,20.4197],[105.4444,20.4184],[105.4493,20.4212],[105.4514,20.4256],[105.4517,20.4294],[105.4556,20.4342],[105.4566,20.4364],[105.4608,20.4411],[105.4681,20.441],[105.4751,20.4394],[105.4775,20.4368],[105.4769,20.4333],[105.4843,20.4319],[105.4862,20.4288],[105.4879,20.4303],[105.4931,20.4297],[105.496,20.4314],[105.4975,20.4302],[105.5019,20.4326],[105.5026,20.4395],[105.509,20.4396],[105.5135,20.4381],[105.5166,20.4381],[105.519,20.4363],[105.5216,20.4366],[105.5238,20.4428],[105.5294,20.4452],[105.5369,20.4445],[105.5475,20.4451],[105.5469,20.4473],[105.5483,20.4503],[105.5488,20.4564],[105.55,20.4596],[105.55,20.4695],[105.5479,20.4716]]]},"properties":{"ma_xa":"05266","ten_xa":"Lạc Sơn","sap_nhap":"Vụ Bản (thị trấn), Hương Nhượng, Vũ Bình","tru_so":"đang cập nhật","loai":"Xã","cap":2,"stt":117,"dtich_km2":58.1,"dan_so":27500,"matdo_km2":473.32,"ma_tinh":"25","ten_tinh":"Phú Thọ"}},
{"type":"Feature","geometry":{"type":"Polygon","coordinates":[[[105.8201,20.506],[105.8096,20.5026],[105.8102,20.499],[105.8061,20.4995],[105.8035,20.5045],[105.8036,20.5106],[105.8011,20.5138],[105.7951,20.5117],[105.7947,20.5149],[105.7922,20.5165],[105.7928,20.5191],[105.7908,20.5245],[105.7876,20.5277],[105.7884,20.5302],[105.7867,20.532],[105.7853,20.5363],[105.779,20.5336],[105.7746,20.5295],[105.7751,20.5266],[105.7742,20.5229],[105.7744,20.5152],[105.7726,20.5145],[105.7709,20.5101],[105.7692,20.5088],[105.7661,20.5124],[105.7606,20.5159],[105.7587,20.5139],[105.76,20.5111],[105.7555,20.5095],[105.7507,20.5051],[105.7431,20.5033],[105.7406,20.5021],[105.7395,20.4991],[105.7413,20.4954],[105.7404,20.4876],[105.7417,20.4781],[105.7415,20.4714],[105.7429,20.4655],[105.7441,20.4646],[105.7458,20.4586],[105.7475,20.4558],[105.7481,20.4496],[105.7491,20.4481],[105.7501,20.4412],[105.7517,20.4387],[105.7548,20.4411],[105.7605,20.4415],[105.7618,20.4398],[105.7661,20.4396],[105.7673,20.4409],[105.7738,20.4405],[105.7748,20.4348],[105.7827,20.4368],[105.7865,20.4448],[105.7887,20.4477],[105.7875,20.4531],[105.7925,20.4543],[105.7935,20.448],[105.7986,20.4393],[105.8077,20.4291],[105.8149,20.4248],[105.8188,20.4254],[105.8214,20.4223],[105.8209,20.4205],[105.8234,20.4181],[105.8264,20.4191],[105.8288,20.4175],[105.8287,20.4232],[105.8267,20.425],[105.8249,20.4296],[105.829,20.4302],[105.8303,20.4253],[105.8347,20.423],[105.8369,20.421],[105.8415,20.4203],[105.8489,20.422],[105.8494,20.4235],[105.8533,20.4238],[105.8581,20.4262],[105.8565,20.4265],[105.8537,20.4325],[105.8546,20.4334],[105.8537,20.4416],[105.8523,20.4476],[105.8524,20.4523],[105.8513,20.4632],[105.8524,20.4782],[105.8488,20.4787],[105.8441,20.4779],[105.8417,20.4808],[105.8376,20.4808],[105.8358,20.4843],[105.8246,20.4887],[105.821,20.4936],[105.8196,20.5001],[105.8201,20.506]]]},"properties":{"ma_xa":"05392","ten_xa":"Lạc Thủy","sap_nhap":"Chi Nê (thị trấn), Đồng Tâm, Khoan Dụ, Yên Bồng","tru_so":"đang cập nhật","loai":"Xã","cap":2,"stt":125,"dtich_km2":90.69,"dan_so":24529,"matdo_km2":270.47,"ma_tinh":"25","ten_tinh":"Phú Thọ"}},
{"type":"Feature","geometry":{"type":"Polygon","coordinates":[[[104.9768,21.2019],[104.9759,21.2064],[104.977,21.2079],[104.9724,21.2106],[104.9682,21.2081],[104.9649,21.2129],[104.9653,21.2162],[104.9644,21.2199],[104.962,21.2213],[104.9614,21.224],[104.9643,21.2283],[104.9651,21.2326],[104.956,21.2434],[104.954,21.2443],[104.9489,21.249],[104.9468,21.249],[104.9502,21.2593],[104.9476,21.2608],[104.9449,21.2641],[104.9444,21.2671],[104.9351,21.2581],[104.9334,21.2547],[104.9268,21.2498],[104.9249,21.2515],[104.9122,21.2532],[104.911,21.2551],[104.9071,21.258],[104.9041,21.2551],[104.8979,21.2558],[104.8961,21.2538],[104.8913,21.2556],[104.8865,21.256],[104.8821,21.2541],[104.8776,21.2536],[104.8725,21.2572],[104.8659,21.2564],[104.8645,21.2582],[104.8588,21.2615],[104.8536,21.2549],[104.8525,21.2523],[104.8495,21.2495],[104.8525,21.2379],[104.8552,21.2343],[104.8489,21.2343],[104.8494,21.2317],[104.8446,21.2274],[104.8459,21.2246],[104.8529,21.2232],[104.8571,21.2184],[104.8593,21.2176],[104.8619,21.2111],[104.8641,21.2109],[104.8648,21.208],[104.8622,21.2004],[104.8603,21.1979],[104.8582,21.1868],[104.8512,21.1801],[104.8583,21.1766],[104.86,21.1742],[104.8563,21.1661],[104.8642,21.165],[104.8761,21.1702],[104.8881,21.1656],[104.8968,21.173],[104.9005,21.1702],[104.904,21.1711],[104.9119,21.1679],[104.9157,21.1644],[104.9266,21.1585],[104.9302,21.1577],[104.9383,21.1659],[104.9439,21.1722],[104.9472,21.1723],[104.9511,21.1691],[104.9537,21.168],[104.9567,21.1707],[104.9539,21.1754],[104.9503,21.1771],[104.9495,21.182],[104.9536,21.1881],[104.955,21.1877],[104.9584,21.1897],[104.9606,21.1882],[104.968,21.1867],[104.9727,21.1893],[104.975,21.1897],[104.9762,21.193],[104.9741,21.1978],[104.9762,21.1997],[104.9768,21.2019]]]},"properties":{"ma_xa":"08560","ten_xa":"Lai Đồng","sap_nhap":"Kiệt Sơn, Tân Sơn, Đồng Sơn, Lai Đồng","tru_so":"đang cập nhật","loai":"Xã","cap":2,"stt":57,"dtich_km2":108.45,"dan_so":16321,"matdo_km2":150.49,"ma_tinh":"25","ten_tinh":"Phú Thọ"}},
{"type":"Feature","geometry":{"type":"Polygon","coordinates":[[[105.3069,21.3682],[105.3048,21.369],[105.2998,21.368],[105.2928,21.3717],[105.2895,21.3717],[105.2866,21.3698],[105.2849,21.3663],[105.286,21.3604],[105.283,21.3561],[105.2807,21.3563],[105.279,21.3545],[105.2788,21.3519],[105.2737,21.3492],[105.2668,21.3498],[105.2698,21.3448],[105.2734,21.3354],[105.2739,21.3327],[105.2747,21.3193],[105.2802,21.3203],[105.2809,21.3137],[105.2832,21.3118],[105.2823,21.3096],[105.286,21.306],[105.2888,21.3064],[105.2872,21.3127],[105.2899,21.3149],[105.2918,21.3176],[105.2949,21.3205],[105.2948,21.3229],[105.2968,21.3241],[105.3032,21.3239],[105.2999,21.3288],[105.2923,21.3341],[105.2941,21.3393],[105.2951,21.3397],[105.2979,21.3451],[105.2973,21.3488],[105.3039,21.3502],[105.3134,21.3535],[105.3114,21.3555],[105.309,21.3598],[105.3067,21.362],[105.3077,21.3654],[105.3069,21.3682]]]},"properties":{"ma_xa":"08494","ten_xa":"Lâm Thao","sap_nhap":"Hùng Sơn (thị trấn), Lâm Thao (thị trấn), Thạch Sơn","tru_so":"đang cập nhật","loai":"Xã","cap":2,"stt":6,"dtich_km2":15.45,"dan_so":31321,"matdo_km2":2027.25,"ma_tinh":"25","ten_tinh":"Phú Thọ"}},
{"type":"Feature","geometry":{"type":"Polygon","coordinates":[[[105.4795,21.4638],[105.4772,21.46],[105.4704,21.4587],[105.466,21.4595],[105.462,21.4579],[105.4607,21.4674],[105.4548,21.4658],[105.4515,21.4657],[105.4489,21.4639],[105.4451,21.4646],[105.4372,21.469],[105.4364,21.471],[105.4326,21.473],[105.4309,21.4712],[105.4288,21.4649],[105.4286,21.4611],[105.4257,21.4578],[105.426,21.4542],[105.4305,21.4518],[105.4331,21.4405],[105.4358,21.4351],[105.4355,21.432],[105.4475,21.4272],[105.4494,21.4231],[105.4525,21.4201],[105.449,21.4162],[105.4485,21.4138],[105.4461,21.4127],[105.4475,21.4086],[105.4496,21.4075],[105.4505,21.4046],[105.4532,21.4012],[105.4535,21.3969],[105.4608,21.4003],[105.4624,21.3965],[105.4656,21.3935],[105.4697,21.3943],[105.4718,21.3924],[105.4748,21.3865],[105.4768,21.3849],[105.4768,21.3825],[105.4823,21.3791],[105.4853,21.3787],[105.4886,21.3807],[105.487,21.3833],[105.4878,21.3887],[105.4842,21.3921],[105.4824,21.3956],[105.4874,21.3986],[105.4888,21.4005],[105.4876,21.4042],[105.4898,21.4062],[105.4951,21.4063],[105.4996,21.4092],[105.501,21.4111],[105.5005,21.4153],[105.5011,21.4195],[105.4981,21.4198],[105.4956,21.4211],[105.4922,21.4206],[105.4861,21.4218],[105.4874,21.4246],[105.4858,21.4257],[105.486,21.4286],[105.4827,21.4297],[105.4801,21.436],[105.4829,21.438],[105.4826,21.4421],[105.485,21.4455],[105.4841,21.4504],[105.4848,21.4538],[105.4826,21.4574],[105.4813,21.4631],[105.4795,21.4638]]]},"properties":{"ma_xa":"08761","ten_xa":"Lập Thạch","sap_nhap":"Lập Thạch (thị trấn), Xuân Hòa, Tử Du, Vân Trục","tru_so":"đang cập nhật","loai":"Xã","cap":2,"stt":71,"dtich_km2":39.1,"dan_so":34604,"matdo_km2":885.01,"ma_tinh":"25","ten_tinh":"Phú Thọ"}},
{"type":"Feature","geometry":{"type":"Polygon","coordinates":[[[105.6024,21.2018],[105.5975,21.2011],[105.591,21.201],[105.5868,21.1998],[105.5831,21.1971],[105.5774,21.1999],[105.5751,21.2017],[105.5682,21.2005],[105.5652,21.1993],[105.5622,21.1939],[105.5574,21.1922],[105.5539,21.1951],[105.55,21.1954],[105.5457,21.194],[105.5432,21.1935],[105.5363,21.1897],[105.5373,21.1857],[105.5348,21.1844],[105.5312,21.1853],[105.529,21.1836],[105.5371,21.1694],[105.5378,21.1654],[105.5385,21.1562],[105.5539,21.1591],[105.5708,21.1604],[105.5749,21.1613],[105.5751,21.1643],[105.5911,21.1672],[105.6023,21.1695],[105.6026,21.1715],[105.5952,21.1724],[105.5942,21.1731],[105.5945,21.1794],[105.5966,21.1792],[105.5958,21.187],[105.5907,21.1843],[105.591,21.1822],[105.587,21.179],[105.5861,21.1813],[105.5941,21.1894],[105.6007,21.1892],[105.6028,21.1847],[105.6056,21.1855],[105.6051,21.1882],[105.6079,21.1909],[105.6058,21.1924],[105.6065,21.1958],[105.6032,21.1967],[105.6024,21.2018]]]},"properties":{"ma_xa":"09064","ten_xa":"Liên Châu","sap_nhap":"Đại Tự, Hồng Châu, Liên Châu","tru_so":"đang cập nhật","loai":"Xã","cap":2,"stt":92,"dtich_km2":26,"dan_so":35029,"matdo_km2":1347.27,"ma_tinh":"25","ten_tinh":"Phú Thọ"}},
{"type":"Feature","geometry":{"type":"Polygon","coordinates":[[[105.5221,21.4316],[105.5231,21.4344],[105.5186,21.438],[105.5208,21.4404],[105.5203,21.4487],[105.5107,21.4478],[105.5073,21.4457],[105.502,21.4464],[105.4987,21.4431],[105.5019,21.4394],[105.5019,21.4366],[105.5034,21.4344],[105.5051,21.4245],[105.5039,21.4233],[105.4992,21.4215],[105.4981,21.4198],[105.5011,21.4195],[105.5005,21.4153],[105.501,21.4111],[105.4996,21.4092],[105.4951,21.4063],[105.4898,21.4062],[105.4876,21.4042],[105.4888,21.4005],[105.4874,21.3986],[105.4824,21.3956],[105.4842,21.3921],[105.4878,21.3887],[105.4938,21.3883],[105.4955,21.3863],[105.4978,21.386],[105.5039,21.3816],[105.5054,21.3832],[105.509,21.3822],[105.5167,21.3839],[105.5176,21.383],[105.5209,21.3878],[105.5215,21.3905],[105.5192,21.3928],[105.5188,21.3967],[105.5222,21.3997],[105.5269,21.402],[105.529,21.4045],[105.5268,21.4061],[105.5249,21.411],[105.5252,21.4142],[105.5246,21.4229],[105.5228,21.4254],[105.5215,21.4297],[105.5221,21.4316]]]},"properties":{"ma_xa":"08812","ten_xa":"Liên Hòa","sap_nhap":"Hoa Sơn (thị trấn), Bàn Giản, Liên Hòa","tru_so":"đang cập nhật","loai":"Xã","cap":2,"stt":74,"dtich_km2":18.8,"dan_so":19257,"matdo_km2":1024.31,"ma_tinh":"25","ten_tinh":"Phú Thọ"}},
{"type":"Feature","geometry":{"type":"Polygon","coordinates":[[[105.2144,21.3678],[105.2078,21.3675],[105.1999,21.3647],[105.1988,21.3659],[105.2001,21.3782],[105.2007,21.3799],[105.1917,21.3909],[105.1927,21.3952],[105.1855,21.3949],[105.1847,21.3951],[105.1802,21.389],[105.175,21.3882],[105.1728,21.386],[105.1684,21.3837],[105.1659,21.3862],[105.1618,21.3807],[105.1726,21.3713],[105.1752,21.3686],[105.1797,21.3665],[105.1823,21.364],[105.1853,21.3534],[105.1861,21.3456],[105.1852,21.3368],[105.1893,21.3289],[105.1951,21.3275],[105.2004,21.3271],[105.2029,21.3276],[105.2091,21.3319],[105.2121,21.3375],[105.2147,21.3486],[105.2161,21.3506],[105.2144,21.3678]]]},"properties":{"ma_xa":"08227","ten_xa":"Liên Minh","sap_nhap":"Đỗ Sơn, Đỗ Xuyên, Lương Lỗ","tru_so":"đang cập nhật","loai":"Xã","cap":2,"stt":23,"dtich_km2":20.98,"dan_so":23443,"matdo_km2":1117.4,"ma_tinh":"25","ten_tinh":"Phú Thọ"}},
{"type":"Feature","geometry":{"type":"Polygon","coordinates":[[[105.4483,20.8958],[105.4433,20.8943],[105.4425,20.8903],[105.4451,20.8882],[105.4439,20.8856],[105.4437,20.8792],[105.4408,20.8751],[105.4396,20.8723],[105.4404,20.8701],[105.438,20.8692],[105.4378,20.866],[105.4405,20.8594],[105.4368,20.8576],[105.4343,20.8534],[105.4307,20.851],[105.4304,20.8479],[105.4256,20.8457],[105.4238,20.8406],[105.4262,20.8369],[105.4288,20.8378],[105.431,20.8363],[105.4323,20.8332],[105.4302,20.8287],[105.432,20.8259],[105.4324,20.8221],[105.4353,20.8204],[105.4403,20.8218],[105.4432,20.8181],[105.4437,20.812],[105.446,20.8088],[105.449,20.8076],[105.4513,20.8045],[105.4532,20.8037],[105.4585,20.8051],[105.4619,20.8072],[105.4635,20.8096],[105.4679,20.8071],[105.4722,20.8083],[105.475,20.8078],[105.4794,20.8056],[105.4781,20.8001],[105.4794,20.7935],[105.4782,20.7883],[105.4813,20.7858],[105.4826,20.7877],[105.486,20.7882],[105.4876,20.7917],[105.4916,20.7939],[105.4947,20.7934],[105.4979,20.7944],[105.5021,20.7975],[105.5026,20.8002],[105.5057,20.8015],[105.5125,20.8007],[105.5157,20.8029],[105.5195,20.8038],[105.5218,20.8018],[105.5261,20.8004],[105.5304,20.8001],[105.5319,20.7978],[105.5404,20.7968],[105.5468,20.7977],[105.5502,20.797],[105.5554,20.7975],[105.5537,20.7923],[105.5512,20.7886],[105.5534,20.7843],[105.5555,20.784],[105.5605,20.7791],[105.5637,20.7781],[105.5703,20.7793],[105.5744,20.7752],[105.5827,20.7766],[105.5878,20.774],[105.5932,20.77],[105.5979,20.7651],[105.5995,20.7617],[105.6014,20.76],[105.6056,20.7604],[105.6098,20.7567],[105.6125,20.7563],[105.6149,20.7541],[105.618,20.7534],[105.6197,20.7546],[105.6259,20.7538],[105.6314,20.7548],[105.6405,20.758],[105.6405,20.752],[105.6467,20.7533],[105.6465,20.7582],[105.6504,20.759],[105.6493,20.7621],[105.6484,20.7692],[105.6492,20.7718],[105.6478,20.7763],[105.6484,20.7821],[105.6482,20.7922],[105.645,20.7965],[105.6435,20.7925],[105.6371,20.7938],[105.6337,20.7929],[105.6306,20.7939],[105.6332,20.7962],[105.6347,20.8006],[105.6325,20.8029],[105.6331,20.8053],[105.6317,20.8115],[105.6322,20.8135],[105.6307,20.8158],[105.6332,20.8217],[105.6365,20.8215],[105.6419,20.8261],[105.6409,20.8306],[105.6417,20.833],[105.6363,20.832],[105.6353,20.8362],[105.6289,20.8345],[105.6238,20.8318],[105.6195,20.8306],[105.6158,20.8319],[105.6137,20.8357],[105.6117,20.8358],[105.6088,20.8379],[105.6042,20.8388],[105.6029,20.8379],[105.6001,20.8411],[105.5965,20.8403],[105.5966,20.8347],[105.5977,20.8335],[105.5947,20.8305],[105.588,20.8313],[105.5866,20.8261],[105.5877,20.8205],[105.5836,20.8171],[105.5832,20.8118],[105.575,20.8079],[105.5714,20.8087],[105.5633,20.8088],[105.5592,20.8083],[105.5558,20.8061],[105.552,20.8072],[105.5532,20.8089],[105.5592,20.8124],[105.5599,20.8179],[105.5625,20.8229],[105.5662,20.8217],[105.5708,20.8217],[105.5754,20.8226],[105.5793,20.8265],[105.5804,20.8308],[105.5801,20.8332],[105.5818,20.8372],[105.5863,20.8406],[105.5854,20.8449],[105.5749,20.8458],[105.5732,20.8476],[105.5681,20.848],[105.5655,20.8535],[105.5675,20.8578],[105.5616,20.8614],[105.5588,20.8619],[105.5535,20.8611],[105.5477,20.8612],[105.5454,20.8623],[105.5414,20.86],[105.54,20.8533],[105.534,20.8532],[105.5319,20.8493],[105.5288,20.8493],[105.5267,20.8509],[105.5222,20.8507],[105.5179,20.8476],[105.518,20.8432],[105.5142,20.8396],[105.5082,20.8407],[105.504,20.8398],[105.5007,20.844],[105.4979,20.845],[105.4946,20.8486],[105.4904,20.8479],[105.4875,20.8517],[105.4845,20.8532],[105.4781,20.858],[105.4739,20.8625],[105.472,20.8662],[105.4706,20.8669],[105.4688,20.8724],[105.4668,20.874],[105.4667,20.879],[105.4631,20.8798],[105.46,20.8844],[105.4633,20.8859],[105.459,20.8888],[105.4548,20.8927],[105.451,20.8934],[105.4483,20.8958]]]},"properties":{"ma_xa":"04960","ten_xa":"Liên Sơn","sap_nhap":"Cư Yên, Liên Sơn, Cao Sơn (huyện Lương Sơn, 1 phần)","tru_so":"đang cập nhật","loai":"Xã","cap":2,"stt":130,"dtich_km2":120.21,"dan_so":31834,"matdo_km2":264.82,"ma_tinh":"25","ten_tinh":"Phú Thọ"}},
{"type":"Feature","geometry":{"type":"Polygon","coordinates":[[[105.0901,21.135],[105.0876,21.1336],[105.0832,21.137],[105.0815,21.1395],[105.0768,21.1393],[105.0734,21.1366],[105.0744,21.1356],[105.0704,21.1325],[105.0679,21.1387],[105.0641,21.1384],[105.0589,21.1351],[105.0542,21.137],[105.0508,21.1407],[105.046,21.1412],[105.0461,21.1438],[105.0442,21.1473],[105.0418,21.1536],[105.039,21.1553],[105.0369,21.1534],[105.0382,21.1508],[105.0372,21.1475],[105.0304,21.1429],[105.0298,21.1399],[105.0275,21.1361],[105.0313,21.131],[105.0309,21.1257],[105.0338,21.121],[105.0366,21.118],[105.0359,21.113],[105.0393,21.1082],[105.04,21.1052],[105.0443,21.0999],[105.0435,21.0947],[105.0451,21.0899],[105.0411,21.085],[105.0432,21.0804],[105.0451,21.0723],[105.0456,21.0673],[105.0439,21.062],[105.0407,21.0601],[105.04,21.0562],[105.0365,21.0532],[105.0385,21.0452],[105.0387,21.0423],[105.0405,21.0411],[105.0461,21.0418],[105.0503,21.0385],[105.0551,21.0372],[105.0567,21.0378],[105.0621,21.0441],[105.0635,21.0425],[105.0686,21.0443],[105.0708,21.0461],[105.0717,21.0509],[105.0825,21.0546],[105.086,21.0529],[105.0909,21.0541],[105.0948,21.0514],[105.0997,21.0503],[105.1028,21.0511],[105.1084,21.051],[105.1059,21.055],[105.1072,21.0581],[105.1098,21.0598],[105.1141,21.0595],[105.1159,21.0621],[105.1154,21.0652],[105.117,21.0672],[105.117,21.0722],[105.1157,21.0739],[105.1136,21.0801],[105.1136,21.083],[105.1124,21.0876],[105.1104,21.0911],[105.1151,21.0952],[105.1159,21.0983],[105.1136,21.102],[105.1108,21.1048],[105.1078,21.1106],[105.1056,21.1106],[105.1029,21.108],[105.0998,21.1077],[105.0977,21.1088],[105.0901,21.1109],[105.0879,21.109],[105.0839,21.1079],[105.0821,21.1102],[105.0836,21.1133],[105.086,21.1154],[105.0858,21.1179],[105.0901,21.1213],[105.0937,21.1213],[105.0943,21.126],[105.092,21.1331],[105.0901,21.135]]]},"properties":{"ma_xa":"08620","ten_xa":"Long Cốc","sap_nhap":"Tam Thanh, Vinh Tiền, Long Cốc","tru_so":"đang cập nhật","loai":"Xã","cap":2,"stt":60,"dtich_km2":67.09,"dan_so":8708,"matdo_km2":129.8,"ma_tinh":"25","ten_tinh":"Phú Thọ"}},
{"type":"Feature","geometry":{"type":"Polygon","coordinates":[[[105.5038,20.9294],[105.5022,20.9311],[105.4991,20.9303],[105.4953,20.9329],[105.4902,20.9338],[105.4856,20.941],[105.4783,20.9487],[105.4713,20.949],[105.465,20.9462],[105.4649,20.9428],[105.4605,20.9389],[105.4581,20.9332],[105.4615,20.9294],[105.4602,20.9231],[105.4586,20.9221],[105.4578,20.9181],[105.4527,20.9128],[105.4533,20.9114],[105.4491,20.9057],[105.4483,20.8958],[105.451,20.8934],[105.4548,20.8927],[105.459,20.8888],[105.4633,20.8859],[105.46,20.8844],[105.4631,20.8798],[105.4667,20.879],[105.4668,20.874],[105.4688,20.8724],[105.4706,20.8669],[105.472,20.8662],[105.4739,20.8625],[105.4781,20.858],[105.4845,20.8532],[105.4875,20.8517],[105.4904,20.8479],[105.4946,20.8486],[105.4979,20.845],[105.5007,20.844],[105.504,20.8398],[105.5082,20.8407],[105.5142,20.8396],[105.518,20.8432],[105.5179,20.8476],[105.5222,20.8507],[105.5267,20.8509],[105.5288,20.8493],[105.5319,20.8493],[105.534,20.8532],[105.54,20.8533],[105.5414,20.86],[105.5454,20.8623],[105.5477,20.8612],[105.5535,20.8611],[105.5588,20.8619],[105.5616,20.8614],[105.5675,20.8578],[105.5655,20.8535],[105.5681,20.848],[105.5732,20.8476],[105.5749,20.8458],[105.5854,20.8449],[105.5877,20.8496],[105.5861,20.8512],[105.5854,20.8574],[105.5755,20.864],[105.5731,20.8691],[105.5712,20.8691],[105.5679,20.8726],[105.5636,20.8732],[105.5595,20.8775],[105.5594,20.8808],[105.5565,20.8796],[105.5538,20.8799],[105.5537,20.8826],[105.5562,20.8837],[105.5549,20.8864],[105.5569,20.8896],[105.5596,20.891],[105.5599,20.8941],[105.5623,20.8993],[105.5597,20.9019],[105.5555,20.9048],[105.5575,20.908],[105.5598,20.9098],[105.5628,20.9089],[105.5726,20.9135],[105.5753,20.9135],[105.5794,20.9161],[105.5801,20.9178],[105.5845,20.9228],[105.5812,20.9236],[105.58,20.9288],[105.5758,20.9293],[105.5686,20.9273],[105.5663,20.9276],[105.5606,20.925],[105.5552,20.9271],[105.5513,20.926],[105.5459,20.9232],[105.5415,20.925],[105.5383,20.9278],[105.5375,20.926],[105.5328,20.9226],[105.5253,20.9189],[105.5222,20.9219],[105.5129,20.9222],[105.506,20.9262],[105.5038,20.9294]]]},"properties":{"ma_xa":"04924","ten_xa":"Lương Sơn","sap_nhap":"Lương Sơn (thị trấn), Hòa Sơn, Lâm Sơn, Nhuận Trạch, Tân Vinh, Cao Sơn (huyện Lương Sơn, 1 phần)","tru_so":"đang cập nhật","loai":"Xã","cap":2,"stt":128,"dtich_km2":131.24,"dan_so":45383,"matdo_km2":345.8,"ma_tinh":"25","ten_tinh":"Phú Thọ"}},
{"type":"Feature","geometry":{"type":"Polygon","coordinates":[[[105.0133,20.7329],[105.0161,20.7312],[105.0188,20.7259],[105.0137,20.7227],[105.0004,20.7231],[104.9911,20.7229],[104.9885,20.7244],[104.9853,20.7216],[104.9832,20.7214],[104.9732,20.7283],[104.9691,20.7327],[104.9635,20.7352],[104.9612,20.7342],[104.9575,20.7369],[104.955,20.74],[104.9496,20.7413],[104.9493,20.7377],[104.9479,20.7346],[104.9495,20.7317],[104.9552,20.7264],[104.9539,20.7189],[104.9522,20.7183],[104.9559,20.7175],[104.9649,20.7107],[104.9689,20.7099],[104.9743,20.7067],[104.9807,20.7041],[104.9825,20.7012],[104.9881,20.6981],[104.9885,20.7005],[104.9928,20.701],[104.9936,20.6989],[104.993,20.6784],[104.9924,20.6713],[104.9941,20.6694],[104.9997,20.6675],[105.0049,20.6683],[105.0071,20.6678],[105.0142,20.6694],[105.0171,20.6691],[105.0254,20.6639],[105.0255,20.6581],[105.0264,20.6546],[105.0287,20.6521],[105.0315,20.6494],[105.0328,20.6496],[105.0386,20.6477],[105.0418,20.651],[105.0396,20.6526],[105.0446,20.6636],[105.0487,20.6626],[105.0502,20.6588],[105.0553,20.6592],[105.0555,20.6563],[105.058,20.6544],[105.0617,20.6545],[105.0635,20.6506],[105.0671,20.6501],[105.0687,20.6532],[105.0732,20.654],[105.0725,20.6512],[105.0788,20.6542],[105.0834,20.6513],[105.0863,20.6464],[105.0923,20.6485],[105.0989,20.6479],[105.1008,20.6459],[105.1007,20.6399],[105.1014,20.6383],[105.0984,20.6344],[105.0927,20.6298],[105.0926,20.6264],[105.0884,20.624],[105.0836,20.6195],[105.0816,20.6228],[105.079,20.6231],[105.0751,20.6203],[105.0822,20.6133],[105.0802,20.6112],[105.0842,20.6079],[105.0855,20.6057],[105.0834,20.6038],[105.0814,20.5996],[105.0855,20.5912],[105.0888,20.5816],[105.0862,20.5746],[105.0901,20.5714],[105.0943,20.5688],[105.0961,20.5664],[105.099,20.5718],[105.1061,20.573],[105.1083,20.5679],[105.1106,20.5644],[105.1125,20.563],[105.1171,20.562],[105.1192,20.5624],[105.1191,20.5743],[105.1155,20.5758],[105.1159,20.5799],[105.1178,20.5808],[105.1193,20.5846],[105.1262,20.5893],[105.1276,20.5912],[105.1274,20.5947],[105.1253,20.5998],[105.1306,20.602],[105.1361,20.5984],[105.1362,20.5973],[105.1415,20.5945],[105.1441,20.5951],[105.1468,20.597],[105.1505,20.5981],[105.15,20.6],[105.1472,20.6003],[105.1435,20.6041],[105.1435,20.606],[105.1403,20.6067],[105.137,20.6132],[105.1363,20.6166],[105.1394,20.6193],[105.1435,20.6206],[105.1449,20.6233],[105.1519,20.6268],[105.1591,20.6331],[105.157,20.6349],[105.1534,20.6409],[105.1504,20.6442],[105.1493,20.6468],[105.1445,20.6511],[105.1414,20.6529],[105.1404,20.6564],[105.136,20.6595],[105.1324,20.6575],[105.1303,20.6605],[105.1294,20.6649],[105.133,20.6678],[105.1328,20.6715],[105.1285,20.6766],[105.1248,20.6788],[105.1249,20.6812],[105.1208,20.6839],[105.1179,20.6888],[105.1164,20.6892],[105.1111,20.6977],[105.1046,20.7012],[105.1003,20.7002],[105.0974,20.7015],[105.0969,20.7043],[105.0947,20.7073],[105.0948,20.7101],[105.0919,20.7107],[105.0824,20.717],[105.0816,20.7207],[105.083,20.723],[105.0819,20.7277],[105.0796,20.7306],[105.0813,20.7351],[105.0794,20.7376],[105.0763,20.7377],[105.0729,20.7362],[105.0681,20.732],[105.0631,20.7299],[105.0595,20.7293],[105.0567,20.7276],[105.0548,20.7279],[105.0511,20.7261],[105.0471,20.7306],[105.0381,20.7329],[105.0337,20.7326],[105.0328,20.7336],[105.027,20.7335],[105.0225,20.7348],[105.0197,20.7317],[105.0149,20.7332],[105.0133,20.7329]]]},"properties":{"ma_xa":"05200","ten_xa":"Mai Châu","sap_nhap":"Mai Châu (thị trấn), Nà Phòn, Thành Sơn, Tòng Đậu, Đồng Tân (1 phần)","tru_so":"đang cập nhật","loai":"Xã","cap":2,"stt":131,"dtich_km2":147.74,"dan_so":19143,"matdo_km2":129.57,"ma_tinh":"25","ten_tinh":"Phú Thọ"}},
{"type":"Feature","geometry":{"type":"Polygon","coordinates":[[[105.0862,20.5746],[105.0888,20.5816],[105.0855,20.5912],[105.0814,20.5996],[105.0834,20.6038],[105.0855,20.6057],[105.0842,20.6079],[105.0802,20.6112],[105.0822,20.6133],[105.0751,20.6203],[105.079,20.6231],[105.0816,20.6228],[105.0836,20.6195],[105.0884,20.624],[105.0926,20.6264],[105.0927,20.6298],[105.0984,20.6344],[105.1014,20.6383],[105.1007,20.6399],[105.1008,20.6459],[105.0989,20.6479],[105.0923,20.6485],[105.0863,20.6464],[105.0834,20.6513],[105.0788,20.6542],[105.0725,20.6512],[105.0732,20.654],[105.0687,20.6532],[105.0671,20.6501],[105.0635,20.6506],[105.0617,20.6545],[105.058,20.6544],[105.0555,20.6563],[105.0553,20.6592],[105.0502,20.6588],[105.0487,20.6626],[105.0446,20.6636],[105.0396,20.6526],[105.0418,20.651],[105.0386,20.6477],[105.0328,20.6496],[105.0315,20.6494],[105.0287,20.6521],[105.0242,20.65],[105.0131,20.6465],[105.0151,20.6409],[105.0142,20.6385],[105.0154,20.636],[105.0206,20.6334],[105.027,20.6278],[105.0307,20.624],[105.0297,20.6204],[105.0329,20.6163],[105.0315,20.6146],[105.0337,20.6103],[105.0306,20.61],[105.0221,20.6055],[105.0199,20.5987],[105.0179,20.5957],[105.0183,20.5922],[105.0104,20.587],[105.0024,20.5863],[104.9973,20.5872],[104.9965,20.5747],[105.0047,20.5727],[105.0084,20.5702],[105.0133,20.5657],[105.0203,20.5614],[105.0216,20.5594],[105.0255,20.5584],[105.0294,20.5603],[105.0325,20.5587],[105.0378,20.5598],[105.04,20.559],[105.0421,20.5606],[105.0459,20.5569],[105.0478,20.5597],[105.0497,20.5594],[105.0527,20.561],[105.0547,20.5651],[105.0549,20.5701],[105.0632,20.5738],[105.0677,20.5741],[105.0791,20.5783],[105.0862,20.5746]]]},"properties":{"ma_xa":"05251","ten_xa":"Mai Hạ","sap_nhap":"Chiềng Châu, Vạn Mai, Mai Hạ","tru_so":"đang cập nhật","loai":"Xã","cap":2,"stt":133,"dtich_km2":71.86,"dan_so":10317,"matdo_km2":143.57,"ma_tinh":"25","ten_tinh":"Phú Thọ"}},
{"type":"Feature","geometry":{"type":"Polygon","coordinates":[[[105.0983,21.228],[105.0968,21.2299],[105.0939,21.2297],[105.09,21.2312],[105.086,21.2288],[105.0826,21.2234],[105.0771,21.2192],[105.0759,21.2169],[105.0725,21.218],[105.0695,21.2217],[105.0639,21.2233],[105.0601,21.2236],[105.058,21.2224],[105.049,21.221],[105.0413,21.2229],[105.0401,21.2256],[105.0324,21.2261],[105.0299,21.2219],[105.0267,21.2218],[105.0257,21.2194],[105.0272,21.2169],[105.0274,21.2109],[105.0265,21.2024],[105.0206,21.1973],[105.0177,21.1907],[105.0189,21.1873],[105.0156,21.1849],[105.0108,21.1797],[105.0144,21.1753],[105.0142,21.1699],[105.0174,21.1673],[105.0216,21.1593],[105.0222,21.1565],[105.0252,21.1547],[105.0304,21.1429],[105.0372,21.1475],[105.0382,21.1508],[105.0369,21.1534],[105.039,21.1553],[105.0418,21.1536],[105.0442,21.1473],[105.0461,21.1438],[105.046,21.1412],[105.0508,21.1407],[105.0542,21.137],[105.0589,21.1351],[105.0641,21.1384],[105.0679,21.1387],[105.0704,21.1325],[105.0744,21.1356],[105.0734,21.1366],[105.0768,21.1393],[105.0815,21.1395],[105.0832,21.137],[105.0876,21.1336],[105.0901,21.135],[105.0919,21.1367],[105.0963,21.1364],[105.1006,21.137],[105.1032,21.1349],[105.1062,21.1356],[105.1068,21.1378],[105.1094,21.1382],[105.1113,21.1362],[105.1147,21.1403],[105.1122,21.1459],[105.1126,21.1496],[105.1147,21.1532],[105.1124,21.1596],[105.1148,21.1612],[105.1147,21.1644],[105.1125,21.1643],[105.1157,21.1708],[105.1135,21.1721],[105.1118,21.175],[105.1095,21.1765],[105.1098,21.1788],[105.1137,21.1795],[105.1111,21.1851],[105.1074,21.1822],[105.1012,21.1838],[105.104,21.1857],[105.1066,21.1891],[105.1109,21.193],[105.1083,21.1965],[105.1035,21.2051],[105.1008,21.2064],[105.0973,21.2099],[105.0962,21.213],[105.0921,21.2174],[105.092,21.2185],[105.0997,21.2247],[105.0983,21.228]]]},"properties":{"ma_xa":"08593","ten_xa":"Minh Đài","sap_nhap":"Mỹ Thuận, Văn Luông, Minh Đài","tru_so":"đang cập nhật","loai":"Xã","cap":2,"stt":56,"dtich_km2":84.74,"dan_so":24209,"matdo_km2":285.69,"ma_tinh":"25","ten_tinh":"Phú Thọ"}},
{"type":"Feature","geometry":{"type":"Polygon","coordinates":[[[105.1492,21.27],[105.1466,21.2691],[105.1452,21.2714],[105.1459,21.2734],[105.1485,21.2744],[105.1482,21.2788],[105.149,21.282],[105.1478,21.2875],[105.1482,21.2889],[105.1467,21.293],[105.1448,21.293],[105.1407,21.2907],[105.1373,21.2916],[105.1348,21.2952],[105.1332,21.3002],[105.1362,21.3025],[105.1366,21.3043],[105.1314,21.3083],[105.1302,21.3144],[105.1282,21.3116],[105.1178,21.3121],[105.1149,21.3112],[105.1141,21.3089],[105.1112,21.3078],[105.1093,21.3089],[105.1052,21.3067],[105.104,21.3027],[105.1043,21.2996],[105.1069,21.2947],[105.1076,21.2883],[105.1064,21.2842],[105.1032,21.2813],[105.1013,21.2756],[105.0963,21.2742],[105.0927,21.2722],[105.0884,21.267],[105.0858,21.2673],[105.083,21.2661],[105.0733,21.2732],[105.0718,21.2732],[105.0686,21.2694],[105.0662,21.2679],[105.0684,21.2629],[105.0745,21.2564],[105.0781,21.2549],[105.0777,21.2499],[105.0786,21.245],[105.0821,21.243],[105.0829,21.2412],[105.0893,21.2352],[105.09,21.2312],[105.0939,21.2297],[105.0968,21.2299],[105.0983,21.228],[105.1065,21.2298],[105.1094,21.2254],[105.1135,21.2238],[105.1223,21.217],[105.1225,21.2122],[105.1272,21.2127],[105.1299,21.2115],[105.1301,21.2094],[105.1331,21.208],[105.1366,21.2083],[105.1413,21.2049],[105.1427,21.2059],[105.1483,21.205],[105.1501,21.2083],[105.1528,21.2088],[105.157,21.2074],[105.1594,21.2019],[105.1635,21.2014],[105.1654,21.2029],[105.169,21.2029],[105.1701,21.2046],[105.1695,21.2076],[105.167,21.2094],[105.1655,21.2119],[105.1668,21.2202],[105.1665,21.2223],[105.1676,21.2269],[105.1703,21.2294],[105.1688,21.2337],[105.1655,21.2368],[105.1661,21.2402],[105.163,21.2435],[105.1618,21.2468],[105.1597,21.2493],[105.1596,21.253],[105.153,21.2566],[105.1503,21.259],[105.1497,21.262],[105.1508,21.2643],[105.1492,21.27]]]},"properties":{"ma_xa":"08338","ten_xa":"Minh Hòa","sap_nhap":"Ngọc Lập, Ngọc Đồng, Minh Hòa","tru_so":"đang cập nhật","loai":"Xã","cap":2,"stt":65,"dtich_km2":68.44,"dan_so":16425,"matdo_km2":239.99,"ma_tinh":"25","ten_tinh":"Phú Thọ"}},
{"type":"Feature","geometry":{"type":"Polygon","coordinates":[[[105.2724,20.6796],[105.2692,20.6816],[105.2665,20.6809],[105.2608,20.6841],[105.2533,20.6854],[105.2468,20.6873],[105.2461,20.6895],[105.2407,20.6887],[105.2385,20.6875],[105.2334,20.6888],[105.2283,20.6857],[105.223,20.6844],[105.2233,20.6822],[105.2203,20.6815],[105.2209,20.6789],[105.2188,20.6778],[105.2172,20.6695],[105.2174,20.665],[105.216,20.6639],[105.2157,20.6608],[105.2121,20.6601],[105.2079,20.6516],[105.2044,20.6529],[105.1983,20.6582],[105.1963,20.658],[105.1913,20.6626],[105.1891,20.6618],[105.1845,20.6628],[105.1816,20.662],[105.1803,20.6601],[105.1772,20.6602],[105.1743,20.6695],[105.1726,20.6693],[105.1689,20.6739],[105.1671,20.6745],[105.1597,20.674],[105.1573,20.6763],[105.1494,20.679],[105.1418,20.6847],[105.1415,20.6876],[105.136,20.6983],[105.1352,20.7054],[105.1318,20.7112],[105.1307,20.715],[105.1273,20.7196],[105.1271,20.7178],[105.1235,20.7139],[105.1209,20.7096],[105.1239,20.708],[105.1248,20.7058],[105.1208,20.7032],[105.1193,20.7048],[105.114,20.701],[105.1111,20.6977],[105.1164,20.6892],[105.1179,20.6888],[105.1208,20.6839],[105.1249,20.6812],[105.1248,20.6788],[105.1285,20.6766],[105.1328,20.6715],[105.133,20.6678],[105.1294,20.6649],[105.1303,20.6605],[105.1324,20.6575],[105.136,20.6595],[105.1404,20.6564],[105.1414,20.6529],[105.1445,20.6511],[105.1493,20.6468],[105.1504,20.6442],[105.1534,20.6409],[105.157,20.6349],[105.1591,20.6331],[105.1641,20.6252],[105.1651,20.6211],[105.1634,20.6199],[105.1639,20.6158],[105.1682,20.6133],[105.1715,20.6098],[105.1762,20.6078],[105.1823,20.6115],[105.1865,20.6068],[105.19,20.6062],[105.1917,20.6013],[105.1937,20.6004],[105.1996,20.5999],[105.2015,20.5954],[105.2016,20.5895],[105.2038,20.5826],[105.2142,20.5911],[105.2157,20.5892],[105.218,20.5908],[105.2255,20.5933],[105.2239,20.5963],[105.2257,20.5973],[105.2297,20.5969],[105.2307,20.5986],[105.2302,20.6034],[105.2281,20.6054],[105.2281,20.6098],[105.2304,20.6156],[105.2331,20.6136],[105.235,20.6148],[105.236,20.6178],[105.2348,20.6219],[105.2354,20.6278],[105.2378,20.6307],[105.2404,20.6307],[105.2427,20.629],[105.2459,20.628],[105.2508,20.6294],[105.2555,20.6293],[105.2582,20.6332],[105.2563,20.6354],[105.259,20.6378],[105.2612,20.6426],[105.2609,20.6473],[105.2651,20.6548],[105.2672,20.6578],[105.2742,20.66],[105.2739,20.6643],[105.272,20.6693],[105.2702,20.6713],[105.27,20.6738],[105.2724,20.6796]]]},"properties":{"ma_xa":"05158","ten_xa":"Mường Bi","sap_nhap":"Mỹ Hòa, Phong Phú, Phú Cường","tru_so":"đang cập nhật","loai":"Xã","cap":2,"stt":137,"dtich_km2":94.79,"dan_so":20931,"matdo_km2":220.81,"ma_tinh":"25","ten_tinh":"Phú Thọ"}},
{"type":"Feature","geometry":{"type":"Polygon","coordinates":[[[105.4845,20.7183],[105.4801,20.7186],[105.4791,20.7232],[105.4774,20.7258],[105.4779,20.7291],[105.48,20.7331],[105.4768,20.7349],[105.472,20.7329],[105.4713,20.738],[105.4728,20.7434],[105.472,20.7478],[105.4727,20.7499],[105.4688,20.7534],[105.4647,20.7511],[105.4638,20.7545],[105.4608,20.7552],[105.456,20.7532],[105.4537,20.755],[105.4508,20.755],[105.4427,20.7537],[105.4426,20.7498],[105.4411,20.7482],[105.4353,20.7478],[105.4315,20.7515],[105.4287,20.7528],[105.4277,20.7592],[105.4251,20.7634],[105.4228,20.7629],[105.4204,20.7648],[105.4216,20.7676],[105.4198,20.7698],[105.4139,20.7708],[105.4117,20.7732],[105.4036,20.7746],[105.3987,20.7732],[105.3969,20.7736],[105.3902,20.7714],[105.3882,20.774],[105.3828,20.7696],[105.3778,20.7665],[105.3775,20.7622],[105.373,20.7601],[105.3728,20.7576],[105.3743,20.7559],[105.377,20.7425],[105.3775,20.7384],[105.3721,20.7377],[105.3779,20.7269],[105.3785,20.7251],[105.3842,20.7209],[105.3866,20.7199],[105.3884,20.717],[105.3946,20.7149],[105.3963,20.7115],[105.3991,20.7094],[105.3994,20.7059],[105.4017,20.7021],[105.4071,20.7007],[105.4055,20.6977],[105.406,20.6954],[105.4043,20.6914],[105.4039,20.6882],[105.4119,20.6822],[105.4134,20.6825],[105.4174,20.68],[105.4161,20.6737],[105.4175,20.6693],[105.4196,20.6674],[105.4198,20.6641],[105.4159,20.6618],[105.4157,20.6599],[105.4124,20.6573],[105.4075,20.6561],[105.4047,20.6562],[105.403,20.6547],[105.4025,20.649],[105.3998,20.6465],[105.3993,20.6422],[105.3976,20.6412],[105.3986,20.6332],[105.4003,20.6305],[105.3986,20.625],[105.3988,20.6216],[105.4002,20.6159],[105.4028,20.6144],[105.4042,20.608],[105.4117,20.6065],[105.4145,20.6035],[105.4171,20.6055],[105.4289,20.6075],[105.4297,20.6095],[105.4326,20.6115],[105.4318,20.6167],[105.4342,20.616],[105.4387,20.6197],[105.4477,20.6198],[105.4488,20.6178],[105.4564,20.6196],[105.4605,20.6229],[105.4672,20.6234],[105.4692,20.6262],[105.4706,20.6316],[105.4764,20.6374],[105.4784,20.6371],[105.4806,20.6402],[105.4834,20.6411],[105.486,20.644],[105.4891,20.6497],[105.492,20.6502],[105.4933,20.6528],[105.4913,20.6553],[105.4924,20.658],[105.4947,20.6592],[105.4986,20.6631],[105.4997,20.6683],[105.4985,20.6711],[105.5006,20.6733],[105.4998,20.6767],[105.4943,20.6844],[105.4916,20.6848],[105.4888,20.6832],[105.4865,20.6839],[105.4865,20.6868],[105.4848,20.6888],[105.4876,20.6922],[105.4848,20.6946],[105.4809,20.6957],[105.4766,20.6949],[105.4755,20.6963],[105.4753,20.7013],[105.4736,20.7047],[105.4751,20.7065],[105.478,20.7067],[105.4811,20.7091],[105.4845,20.7154],[105.4845,20.7183]]]},"properties":{"ma_xa":"05014","ten_xa":"Mường Động","sap_nhap":"Đông Bắc, Hợp Tiến, Tú Sơn, Vĩnh Tiến","tru_so":"đang cập nhật","loai":"Xã","cap":2,"stt":113,"dtich_km2":144.69,"dan_so":26092,"matdo_km2":180.33,"ma_tinh":"25","ten_tinh":"Phú Thọ"}},
{"type":"Feature","geometry":{"type":"Polygon","coordinates":[[[105.1781,20.7618],[105.174,20.7607],[105.1698,20.7606],[105.1665,20.7619],[105.161,20.7655],[105.1545,20.7709],[105.1521,20.77],[105.1505,20.7673],[105.1481,20.7587],[105.1457,20.754],[105.1438,20.7522],[105.1386,20.751],[105.134,20.752],[105.1202,20.7531],[105.1158,20.7521],[105.1168,20.7485],[105.1211,20.7483],[105.1233,20.7451],[105.1224,20.7414],[105.1242,20.7398],[105.1296,20.7384],[105.1329,20.735],[105.1346,20.7309],[105.1323,20.7266],[105.1328,20.7213],[105.1273,20.7196],[105.1307,20.715],[105.1318,20.7112],[105.1352,20.7054],[105.136,20.6983],[105.1415,20.6876],[105.1418,20.6847],[105.1494,20.679],[105.1573,20.6763],[105.1597,20.674],[105.1671,20.6745],[105.1689,20.6739],[105.1726,20.6693],[105.1743,20.6695],[105.1772,20.6602],[105.1803,20.6601],[105.1816,20.662],[105.1845,20.6628],[105.1891,20.6618],[105.1913,20.6626],[105.1963,20.658],[105.1983,20.6582],[105.2044,20.6529],[105.2079,20.6516],[105.2121,20.6601],[105.2157,20.6608],[105.216,20.6639],[105.2174,20.665],[105.2172,20.6695],[105.2188,20.6778],[105.2209,20.6789],[105.2203,20.6815],[105.2233,20.6822],[105.223,20.6844],[105.2283,20.6857],[105.2334,20.6888],[105.2385,20.6875],[105.2407,20.6887],[105.2461,20.6895],[105.2468,20.6873],[105.2533,20.6854],[105.2608,20.6841],[105.2665,20.6809],[105.2692,20.6816],[105.2724,20.6796],[105.2738,20.683],[105.2739,20.6874],[105.275,20.6942],[105.2768,20.6991],[105.2784,20.701],[105.2797,20.7053],[105.28,20.7121],[105.2772,20.7119],[105.2728,20.7131],[105.2675,20.7119],[105.2645,20.7136],[105.2625,20.7171],[105.2583,20.7219],[105.2551,20.7231],[105.2526,20.7174],[105.248,20.7163],[105.2455,20.7143],[105.2422,20.7144],[105.2401,20.7165],[105.2351,20.7159],[105.2321,20.7172],[105.2294,20.716],[105.2266,20.7162],[105.2244,20.7219],[105.2214,20.7234],[105.2145,20.7256],[105.2161,20.7304],[105.217,20.736],[105.2136,20.74],[105.2115,20.7395],[105.2091,20.7409],[105.2034,20.7496],[105.2018,20.7496],[105.1986,20.7471],[105.1907,20.7481],[105.1901,20.7496],[105.1846,20.7509],[105.178,20.7557],[105.1788,20.758],[105.1781,20.7618]]]},"properties":{"ma_xa":"05134","ten_xa":"Mường Hoa","sap_nhap":"Phú Vinh, Suối Hoa","tru_so":"đang cập nhật","loai":"Xã","cap":2,"stt":138,"dtich_km2":104.54,"dan_so":8563,"matdo_km2":81.91,"ma_tinh":"25","ten_tinh":"Phú Thọ"}},
{"type":"Feature","geometry":{"type":"Polygon","coordinates":[[[105.3111,20.7139],[105.3067,20.7159],[105.3034,20.7133],[105.3014,20.7137],[105.2986,20.7108],[105.2954,20.7095],[105.2899,20.7093],[105.2878,20.7],[105.2858,20.6975],[105.2825,20.6981],[105.2819,20.7013],[105.2784,20.701],[105.2768,20.6991],[105.275,20.6942],[105.2739,20.6874],[105.2738,20.683],[105.2724,20.6796],[105.27,20.6738],[105.2702,20.6713],[105.272,20.6693],[105.2739,20.6643],[105.2767,20.6646],[105.2888,20.6585],[105.2923,20.6573],[105.2949,20.6576],[105.298,20.6554],[105.2984,20.6487],[105.3017,20.6465],[105.3046,20.643],[105.3038,20.6369],[105.3108,20.6261],[105.3131,20.625],[105.3154,20.6185],[105.3176,20.6157],[105.3172,20.6122],[105.3186,20.608],[105.3206,20.6044],[105.3226,20.6035],[105.3262,20.6045],[105.3256,20.6087],[105.3307,20.6112],[105.333,20.613],[105.3356,20.6114],[105.3374,20.6123],[105.3405,20.61],[105.3443,20.6086],[105.3463,20.6068],[105.3475,20.6034],[105.3475,20.5994],[105.3535,20.5969],[105.3548,20.5978],[105.3569,20.5935],[105.3621,20.5921],[105.3635,20.5933],[105.3677,20.5939],[105.3716,20.598],[105.3826,20.5959],[105.3847,20.5964],[105.3893,20.6022],[105.3911,20.6026],[105.3949,20.606],[105.3961,20.608],[105.4017,20.607],[105.4042,20.608],[105.4028,20.6144],[105.4002,20.6159],[105.3988,20.6216],[105.3986,20.625],[105.4003,20.6305],[105.3986,20.6332],[105.3976,20.6412],[105.3993,20.6422],[105.3998,20.6465],[105.3958,20.6523],[105.3902,20.6552],[105.3874,20.6574],[105.3868,20.6599],[105.3721,20.6656],[105.3682,20.6647],[105.3655,20.666],[105.3659,20.6609],[105.3636,20.6597],[105.3608,20.6607],[105.3584,20.6633],[105.3573,20.6667],[105.3546,20.6684],[105.3432,20.6701],[105.3408,20.6695],[105.3335,20.6722],[105.334,20.6739],[105.3305,20.6769],[105.3287,20.676],[105.3245,20.6769],[105.326,20.6811],[105.3242,20.6835],[105.3213,20.6851],[105.3204,20.687],[105.3214,20.691],[105.3182,20.6932],[105.315,20.694],[105.3098,20.6967],[105.3066,20.7004],[105.306,20.7036],[105.308,20.7063],[105.3095,20.7029],[105.3121,20.7028],[105.316,20.7044],[105.3146,20.7068],[105.3112,20.7095],[105.3111,20.7139]]]},"properties":{"ma_xa":"05116","ten_xa":"Mường Thàng","sap_nhap":"Dũng Phong, Nam Phong, Tây Phong, Thạch Yên","tru_so":"đang cập nhật","loai":"Xã","cap":2,"stt":104,"dtich_km2":91.58,"dan_so":19883,"matdo_km2":217.11,"ma_tinh":"25","ten_tinh":"Phú Thọ"}},
{"type":"Feature","geometry":{"type":"Polygon","coordinates":[[[105.5188,20.6158],[105.5195,20.6202],[105.5219,20.6233],[105.5176,20.6249],[105.5042,20.625],[105.4956,20.629],[105.4965,20.6311],[105.4925,20.6356],[105.4886,20.637],[105.4852,20.6369],[105.4798,20.6342],[105.4753,20.6331],[105.474,20.6318],[105.4706,20.6316],[105.4692,20.6262],[105.4672,20.6234],[105.4605,20.6229],[105.4564,20.6196],[105.4488,20.6178],[105.4477,20.6198],[105.4387,20.6197],[105.4342,20.616],[105.4318,20.6167],[105.4326,20.6115],[105.4297,20.6095],[105.4289,20.6075],[105.4288,20.6055],[105.4308,20.5996],[105.429,20.5953],[105.4295,20.5916],[105.4295,20.5833],[105.4268,20.5753],[105.4273,20.5741],[105.4266,20.5656],[105.4248,20.5643],[105.4244,20.5536],[105.4239,20.5524],[105.4251,20.5477],[105.4206,20.5466],[105.4175,20.5434],[105.4155,20.5426],[105.4104,20.5431],[105.408,20.5421],[105.4107,20.536],[105.4163,20.5331],[105.4188,20.5332],[105.4228,20.5316],[105.4282,20.5337],[105.43,20.5315],[105.4346,20.5303],[105.4353,20.5287],[105.44,20.5281],[105.4424,20.529],[105.4507,20.5302],[105.454,20.533],[105.4561,20.5326],[105.4631,20.5378],[105.4664,20.5423],[105.4662,20.5443],[105.4692,20.5478],[105.474,20.5507],[105.4754,20.5548],[105.4776,20.5578],[105.4821,20.562],[105.4847,20.5669],[105.4847,20.57],[105.4879,20.5752],[105.4912,20.5779],[105.4947,20.5851],[105.4972,20.5927],[105.4925,20.5972],[105.4947,20.6004],[105.497,20.6021],[105.4975,20.6042],[105.505,20.6058],[105.5097,20.6105],[105.5149,20.6115],[105.5175,20.6132],[105.5188,20.6158]]]},"properties":{"ma_xa":"05287","ten_xa":"Mường Vang","sap_nhap":"Tân Lập (huyện Lạc Sơn), Quý Hòa, Tuân Đạo","tru_so":"đang cập nhật","loai":"Xã","cap":2,"stt":118,"dtich_km2":69.79,"dan_so":20853,"matdo_km2":298.8,"ma_tinh":"25","ten_tinh":"Phú Thọ"}},
{"type":"Feature","geometry":{"type":"Polygon","coordinates":[[[105.5744,20.7752],[105.5703,20.7793],[105.5637,20.7781],[105.5605,20.7791],[105.5555,20.784],[105.5534,20.7843],[105.5512,20.7886],[105.5537,20.7923],[105.5554,20.7975],[105.5502,20.797],[105.5468,20.7977],[105.5404,20.7968],[105.5319,20.7978],[105.5304,20.8001],[105.5261,20.8004],[105.5218,20.8018],[105.5195,20.8038],[105.5157,20.8029],[105.5125,20.8007],[105.5057,20.8015],[105.5026,20.8002],[105.5021,20.7975],[105.4979,20.7944],[105.4947,20.7934],[105.4916,20.7939],[105.4876,20.7917],[105.486,20.7882],[105.4826,20.7877],[105.4813,20.7858],[105.4782,20.7883],[105.4794,20.7935],[105.4781,20.8001],[105.4794,20.8056],[105.475,20.8078],[105.4722,20.8083],[105.4679,20.8071],[105.4635,20.8096],[105.4619,20.8072],[105.4585,20.8051],[105.4532,20.8037],[105.4513,20.8045],[105.449,20.8076],[105.446,20.8088],[105.4437,20.812],[105.4432,20.8181],[105.4403,20.8218],[105.4353,20.8204],[105.4324,20.8221],[105.432,20.8259],[105.4302,20.8287],[105.4246,20.8264],[105.4251,20.8235],[105.4186,20.8226],[105.4164,20.8244],[105.4144,20.8205],[105.4157,20.8175],[105.4148,20.8136],[105.4106,20.8123],[105.4077,20.8034],[105.3998,20.8049],[105.3944,20.8032],[105.3922,20.7911],[105.3886,20.7848],[105.384,20.7836],[105.3798,20.7812],[105.3729,20.7835],[105.3732,20.7805],[105.378,20.77],[105.3778,20.7665],[105.3828,20.7696],[105.3882,20.774],[105.3902,20.7714],[105.3969,20.7736],[105.3987,20.7732],[105.4036,20.7746],[105.4117,20.7732],[105.4139,20.7708],[105.4198,20.7698],[105.4216,20.7676],[105.4204,20.7648],[105.4228,20.7629],[105.4251,20.7634],[105.4277,20.7592],[105.4287,20.7528],[105.4315,20.7515],[105.4353,20.7478],[105.4411,20.7482],[105.4426,20.7498],[105.4427,20.7537],[105.4508,20.755],[105.4537,20.755],[105.456,20.7532],[105.4608,20.7552],[105.4638,20.7545],[105.4647,20.7511],[105.4688,20.7534],[105.4727,20.7499],[105.472,20.7478],[105.4728,20.7434],[105.4713,20.738],[105.472,20.7329],[105.4768,20.7349],[105.48,20.7331],[105.4779,20.7291],[105.4774,20.7258],[105.4791,20.7232],[105.4801,20.7186],[105.4845,20.7183],[105.4887,20.7194],[105.4922,20.7176],[105.4942,20.7204],[105.4969,20.721],[105.4989,20.7197],[105.507,20.7188],[105.5066,20.7169],[105.5089,20.714],[105.5079,20.7097],[105.5097,20.7063],[105.5089,20.7023],[105.5138,20.6966],[105.516,20.6989],[105.5198,20.7001],[105.5197,20.697],[105.5239,20.6964],[105.5272,20.6984],[105.5308,20.6939],[105.5309,20.6916],[105.529,20.6821],[105.53,20.6806],[105.5331,20.6803],[105.5331,20.6768],[105.5355,20.6752],[105.5481,20.6723],[105.5449,20.6686],[105.5478,20.6656],[105.5578,20.6629],[105.5611,20.6637],[105.5619,20.6681],[105.5613,20.6723],[105.5628,20.6789],[105.5557,20.6793],[105.5524,20.6831],[105.5496,20.6809],[105.5454,20.6849],[105.5456,20.6899],[105.544,20.692],[105.5476,20.6944],[105.5463,20.6969],[105.5471,20.7031],[105.5485,20.7076],[105.5457,20.7121],[105.5496,20.7138],[105.553,20.713],[105.5599,20.7167],[105.5615,20.7202],[105.5642,20.7229],[105.5663,20.7223],[105.5723,20.7336],[105.5739,20.7348],[105.5794,20.7325],[105.5823,20.73],[105.5857,20.7339],[105.5872,20.7369],[105.5844,20.7425],[105.581,20.7454],[105.5766,20.747],[105.5732,20.7499],[105.5679,20.7507],[105.5681,20.7552],[105.5692,20.7569],[105.57,20.7614],[105.5691,20.7639],[105.5715,20.7647],[105.5732,20.7693],[105.5721,20.7728],[105.5744,20.7752]]]},"properties":{"ma_xa":"04990","ten_xa":"Nật Sơn","sap_nhap":"Xuân Thủy (huyện Kim Bôi), Bình Sơn, Đú Sáng, Hùng Sơn","tru_so":"đang cập nhật","loai":"Xã","cap":2,"stt":116,"dtich_km2":154.65,"dan_so":28940,"matdo_km2":187.13,"ma_tinh":"25","ten_tinh":"Phú Thọ"}},
{"type":"Feature","geometry":{"type":"Polygon","coordinates":[[[105.4273,20.4282],[105.4246,20.4287],[105.4202,20.432],[105.417,20.4319],[105.413,20.4358],[105.4092,20.4355],[105.4093,20.4373],[105.4061,20.4387],[105.4034,20.4373],[105.3968,20.4413],[105.3877,20.4418],[105.3827,20.4431],[105.3736,20.4486],[105.3726,20.4457],[105.3685,20.4477],[105.3666,20.45],[105.363,20.4523],[105.3576,20.454],[105.3556,20.4554],[105.3507,20.4566],[105.3482,20.4598],[105.3449,20.4619],[105.3408,20.461],[105.3385,20.4567],[105.3358,20.4593],[105.3266,20.4639],[105.3226,20.4678],[105.3171,20.4698],[105.3089,20.4768],[105.3022,20.4716],[105.3007,20.4659],[105.2943,20.4598],[105.2898,20.4573],[105.2851,20.4561],[105.2823,20.4512],[105.2783,20.451],[105.2755,20.4526],[105.2703,20.4534],[105.2672,20.4552],[105.2663,20.4519],[105.2644,20.4495],[105.2641,20.4439],[105.2606,20.4369],[105.2582,20.4343],[105.2602,20.4328],[105.2678,20.4298],[105.2727,20.4288],[105.2767,20.4315],[105.2799,20.429],[105.2805,20.4254],[105.2824,20.4234],[105.2863,20.4219],[105.2938,20.4174],[105.3006,20.4176],[105.303,20.4209],[105.3057,20.4166],[105.3143,20.411],[105.3157,20.4093],[105.3199,20.4084],[105.3235,20.4041],[105.3257,20.4053],[105.3297,20.4021],[105.3336,20.4007],[105.3369,20.3979],[105.3414,20.3972],[105.3443,20.3933],[105.3453,20.3907],[105.3517,20.3891],[105.3572,20.3922],[105.3619,20.39],[105.3658,20.3897],[105.3688,20.3855],[105.3727,20.384],[105.3769,20.3845],[105.3805,20.3811],[105.389,20.3774],[105.3916,20.3772],[105.4011,20.3748],[105.4065,20.3727],[105.4097,20.3733],[105.4151,20.3759],[105.4213,20.3775],[105.428,20.3851],[105.4309,20.3841],[105.4336,20.3859],[105.443,20.381],[105.4452,20.3817],[105.4503,20.3875],[105.4533,20.3892],[105.4578,20.3932],[105.4591,20.3986],[105.4488,20.4091],[105.4444,20.4113],[105.4444,20.4184],[105.4428,20.4197],[105.4374,20.4265],[105.4323,20.4261],[105.4306,20.4279],[105.4273,20.4282]]]},"properties":{"ma_xa":"05329","ten_xa":"Ngọc Sơn","sap_nhap":"Ngọc Lâu, Tự Do, Ngọc Sơn","tru_so":"đang cập nhật","loai":"Xã","cap":2,"stt":120,"dtich_km2":114.63,"dan_so":8981,"matdo_km2":78.35,"ma_tinh":"25","ten_tinh":"Phú Thọ"}},
{"type":"Feature","geometry":{"type":"Polygon","coordinates":[[[105.6358,21.2164],[105.6322,21.2187],[105.6326,21.2203],[105.6294,21.2214],[105.6295,21.2246],[105.633,21.225],[105.6363,21.2266],[105.631,21.2311],[105.6302,21.234],[105.6208,21.2323],[105.6144,21.2281],[105.6108,21.2237],[105.6063,21.2259],[105.6011,21.2276],[105.5976,21.2285],[105.5913,21.2273],[105.5924,21.2218],[105.595,21.2223],[105.5967,21.2184],[105.5996,21.2144],[105.602,21.2126],[105.6074,21.2053],[105.6044,21.2039],[105.6024,21.2018],[105.6032,21.1967],[105.6065,21.1958],[105.6058,21.1924],[105.6079,21.1909],[105.6051,21.1882],[105.6056,21.1855],[105.6028,21.1847],[105.6007,21.1892],[105.5941,21.1894],[105.5861,21.1813],[105.587,21.179],[105.591,21.1822],[105.5907,21.1843],[105.5958,21.187],[105.5966,21.1792],[105.5945,21.1794],[105.5942,21.1731],[105.5952,21.1724],[105.6026,21.1715],[105.6023,21.1695],[105.6243,21.1737],[105.6261,21.1714],[105.6266,21.1711],[105.6265,21.178],[105.6245,21.1798],[105.625,21.1817],[105.6291,21.1849],[105.6247,21.188],[105.6246,21.1935],[105.622,21.1947],[105.6216,21.1975],[105.6226,21.2004],[105.6198,21.2019],[105.6162,21.2026],[105.6167,21.2088],[105.6216,21.2061],[105.6242,21.2089],[105.6277,21.2108],[105.6324,21.2086],[105.6385,21.2073],[105.6394,21.2117],[105.6358,21.2164]]]},"properties":{"ma_xa":"09052","ten_xa":"Nguyệt Đức","sap_nhap":"Văn Tiến, Trung Kiên, Trung Hà, Nguyệt Đức","tru_so":"đang cập nhật","loai":"Xã","cap":2,"stt":94,"dtich_km2":19,"dan_so":34166,"matdo_km2":1798.21,"ma_tinh":"25","ten_tinh":"Phú Thọ"}},
{"type":"Feature","geometry":{"type":"Polygon","coordinates":[[[105.505,20.6058],[105.4975,20.6042],[105.497,20.6021],[105.4947,20.6004],[105.4925,20.5972],[105.4972,20.5927],[105.4947,20.5851],[105.4912,20.5779],[105.4879,20.5752],[105.4847,20.57],[105.4847,20.5669],[105.4821,20.562],[105.4776,20.5578],[105.4754,20.5548],[105.474,20.5507],[105.4692,20.5478],[105.4662,20.5443],[105.4664,20.5423],[105.4631,20.5378],[105.4561,20.5326],[105.454,20.533],[105.4507,20.5302],[105.4424,20.529],[105.44,20.5281],[105.4353,20.5287],[105.4346,20.5303],[105.43,20.5315],[105.4282,20.5337],[105.4228,20.5316],[105.4188,20.5332],[105.4163,20.5331],[105.4107,20.536],[105.408,20.5421],[105.4046,20.5378],[105.4044,20.535],[105.4071,20.5333],[105.4092,20.5281],[105.4081,20.5246],[105.4081,20.5157],[105.4088,20.5127],[105.414,20.5138],[105.4159,20.5128],[105.4197,20.5128],[105.4222,20.5109],[105.4248,20.5107],[105.429,20.5078],[105.4319,20.5076],[105.4349,20.5034],[105.4369,20.503],[105.4393,20.5056],[105.4424,20.5025],[105.4457,20.5045],[105.449,20.5049],[105.4528,20.5034],[105.454,20.5077],[105.4567,20.5095],[105.4604,20.5086],[105.4616,20.5106],[105.4656,20.5092],[105.4671,20.5112],[105.4698,20.5115],[105.4739,20.5133],[105.4764,20.513],[105.4777,20.5091],[105.4841,20.5068],[105.4862,20.5047],[105.4898,20.5047],[105.498,20.5071],[105.5011,20.5048],[105.5037,20.5081],[105.506,20.5073],[105.5104,20.5107],[105.5164,20.5088],[105.5173,20.5073],[105.523,20.5074],[105.5294,20.5088],[105.5327,20.5065],[105.5422,20.5078],[105.5447,20.5061],[105.5494,20.5059],[105.5446,20.5101],[105.5407,20.5224],[105.5428,20.5236],[105.5449,20.528],[105.5435,20.5307],[105.5445,20.5341],[105.5467,20.537],[105.5478,20.5412],[105.5607,20.5495],[105.5606,20.5516],[105.5554,20.556],[105.5466,20.5615],[105.5416,20.5655],[105.5395,20.5657],[105.5329,20.5698],[105.5305,20.5727],[105.5259,20.5723],[105.5227,20.5752],[105.5222,20.5796],[105.5231,20.5856],[105.5171,20.5889],[105.5165,20.5962],[105.513,20.5995],[105.5058,20.6016],[105.505,20.6058]]]},"properties":{"ma_xa":"05290","ten_xa":"Nhân Nghĩa","sap_nhap":"Mỹ Thành, Văn Nghĩa, Nhân Nghĩa","tru_so":"đang cập nhật","loai":"Xã","cap":2,"stt":121,"dtich_km2":81.37,"dan_so":19456,"matdo_km2":239.11,"ma_tinh":"25","ten_tinh":"Phú Thọ"}},
{"type":"Feature","geometry":{"type":"Polygon","coordinates":[[[105.3851,21.3365],[105.3814,21.3381],[105.3793,21.3361],[105.377,21.3401],[105.3752,21.3411],[105.3671,21.3408],[105.3655,21.3439],[105.3606,21.3442],[105.359,21.3415],[105.3552,21.3414],[105.3535,21.3434],[105.3475,21.3445],[105.3389,21.3505],[105.3373,21.35],[105.3361,21.348],[105.3392,21.3442],[105.3371,21.3431],[105.3399,21.3391],[105.3362,21.3362],[105.3385,21.3348],[105.3351,21.3286],[105.3343,21.3252],[105.3317,21.3199],[105.3312,21.3158],[105.3311,21.3146],[105.3469,21.3119],[105.3489,21.3127],[105.3557,21.3098],[105.3547,21.3059],[105.3587,21.3087],[105.364,21.3138],[105.3677,21.3155],[105.3659,21.3195],[105.3677,21.3223],[105.3725,21.3204],[105.3739,21.324],[105.3813,21.3233],[105.3829,21.3249],[105.3894,21.3289],[105.389,21.3334],[105.3851,21.3365]]]},"properties":{"ma_xa":"07894","ten_xa":"Nông Trang","sap_nhap":"Minh Phương, Nông Trang, Thụy Vân","tru_so":"đang cập nhật","loai":"Phường","cap":2,"stt":2,"dtich_km2":15.89,"dan_so":57770,"matdo_km2":3635.62,"ma_tinh":"25","ten_tinh":"Phú Thọ"}},
{"type":"Feature","geometry":{"type":"Polygon","coordinates":[[[104.9493,20.7377],[104.9461,20.738],[104.9433,20.7398],[104.9425,20.7418],[104.9363,20.7476],[104.9341,20.7487],[104.9275,20.7471],[104.9259,20.7479],[104.9241,20.7438],[104.9196,20.7485],[104.9129,20.7496],[104.9087,20.7493],[104.9065,20.7523],[104.9014,20.7543],[104.8963,20.7582],[104.8943,20.7588],[104.8892,20.7623],[104.8845,20.7638],[104.8825,20.7669],[104.8746,20.7676],[104.8707,20.7653],[104.8679,20.7696],[104.8638,20.7691],[104.8623,20.7653],[104.8623,20.7601],[104.8593,20.7532],[104.8525,20.7541],[104.8498,20.7535],[104.8431,20.7539],[104.8406,20.7554],[104.837,20.7549],[104.8389,20.7477],[104.8377,20.7446],[104.8372,20.7342],[104.8441,20.732],[104.844,20.7287],[104.8399,20.7212],[104.8393,20.7162],[104.8413,20.7133],[104.8409,20.711],[104.8434,20.7095],[104.8476,20.7025],[104.8445,20.7014],[104.8427,20.699],[104.8402,20.6989],[104.8382,20.7005],[104.8356,20.6974],[104.8368,20.6934],[104.8399,20.6907],[104.8395,20.6888],[104.841,20.6851],[104.8409,20.6775],[104.8392,20.6763],[104.8368,20.6597],[104.8394,20.6586],[104.842,20.6555],[104.8454,20.6531],[104.8462,20.6508],[104.8501,20.6553],[104.8536,20.6625],[104.8572,20.6609],[104.8646,20.6601],[104.8723,20.6613],[104.8793,20.663],[104.8838,20.666],[104.8866,20.6696],[104.8915,20.6701],[104.9001,20.669],[104.9054,20.6649],[104.9113,20.6625],[104.9177,20.6697],[104.9204,20.6735],[104.9243,20.6757],[104.9269,20.6795],[104.9318,20.6814],[104.9327,20.6855],[104.9321,20.689],[104.9326,20.6943],[104.9337,20.6959],[104.9353,20.7018],[104.9343,20.7067],[104.9355,20.7098],[104.9351,20.7124],[104.9392,20.7106],[104.9412,20.711],[104.944,20.7157],[104.9484,20.7163],[104.9522,20.7183],[104.9539,20.7189],[104.9552,20.7264],[104.9495,20.7317],[104.9479,20.7346],[104.9493,20.7377]]]},"properties":{"ma_xa":"05212","ten_xa":"Pà Cò","sap_nhap":"Cun Pheo, Hang Kia, Pà Cò, Đồng Tân (1 phần)","tru_so":"đang cập nhật","loai":"Xã","cap":2,"stt":134,"dtich_km2":115.76,"dan_so":11334,"matdo_km2":97.91,"ma_tinh":"25","ten_tinh":"Phú Thọ"}},
{"type":"Feature","geometry":{"type":"Polygon","coordinates":[[[105.2806,21.4492],[105.2785,21.4487],[105.2744,21.4517],[105.2694,21.4516],[105.2676,21.4538],[105.2635,21.4541],[105.2545,21.4607],[105.2509,21.4589],[105.2474,21.4603],[105.2447,21.4579],[105.239,21.4574],[105.2407,21.4531],[105.241,21.4497],[105.2369,21.4453],[105.2331,21.4445],[105.2318,21.4402],[105.2344,21.438],[105.2379,21.4397],[105.242,21.4384],[105.2442,21.439],[105.2487,21.4354],[105.2525,21.43],[105.2497,21.4256],[105.2507,21.4202],[105.2484,21.4184],[105.2492,21.4149],[105.2452,21.4083],[105.2428,21.4064],[105.2383,21.4063],[105.2367,21.4047],[105.2348,21.4074],[105.2278,21.4097],[105.2276,21.4081],[105.2214,21.4054],[105.2221,21.4024],[105.2238,21.3923],[105.2301,21.3968],[105.2354,21.3968],[105.2418,21.3924],[105.2476,21.3849],[105.2497,21.3814],[105.2525,21.3835],[105.2547,21.3824],[105.2583,21.3858],[105.2621,21.3839],[105.2653,21.385],[105.2664,21.3876],[105.2708,21.3905],[105.2713,21.3935],[105.2742,21.3942],[105.2757,21.3971],[105.2749,21.4012],[105.2763,21.4052],[105.2787,21.4056],[105.281,21.4076],[105.2809,21.4103],[105.2772,21.4143],[105.2752,21.4177],[105.2745,21.4225],[105.2773,21.4247],[105.2773,21.4273],[105.2794,21.4318],[105.2776,21.4348],[105.2774,21.4376],[105.2819,21.438],[105.2796,21.442],[105.2827,21.4435],[105.2834,21.4457],[105.2804,21.4476],[105.2806,21.4492]]]},"properties":{"ma_xa":"07954","ten_xa":"Phong Châu","sap_nhap":"Phong Châu, Phú Hộ, Hà Thạch","tru_so":"đang cập nhật","loai":"Phường","cap":2,"stt":10,"dtich_km2":29.61,"dan_so":32519,"matdo_km2":1098.24,"ma_tinh":"25","ten_tinh":"Phú Thọ"}},
{"type":"Feature","geometry":{"type":"Polygon","coordinates":[[[105.1556,21.4154],[105.1452,21.4147],[105.1448,21.4113],[105.1432,21.4102],[105.1413,21.4136],[105.1391,21.4148],[105.1366,21.4137],[105.1331,21.4179],[105.1283,21.4177],[105.1267,21.419],[105.1216,21.4193],[105.1153,21.4168],[105.1157,21.4151],[105.1102,21.4057],[105.1126,21.4022],[105.1155,21.4003],[105.117,21.3948],[105.1154,21.3924],[105.1128,21.3913],[105.1101,21.3928],[105.1052,21.3926],[105.1035,21.3897],[105.1008,21.389],[105.0977,21.3914],[105.0931,21.3905],[105.0924,21.3887],[105.0878,21.3928],[105.083,21.3914],[105.0778,21.3911],[105.0738,21.3901],[105.0691,21.3921],[105.0659,21.3957],[105.0579,21.4011],[105.0545,21.399],[105.0544,21.3975],[105.0501,21.3957],[105.0474,21.3909],[105.0487,21.389],[105.0511,21.3851],[105.0548,21.3819],[105.0586,21.3808],[105.0626,21.375],[105.0678,21.3728],[105.0708,21.368],[105.0745,21.3681],[105.078,21.3667],[105.0799,21.3589],[105.0833,21.3543],[105.0864,21.3545],[105.0909,21.3583],[105.0943,21.3584],[105.0997,21.3598],[105.1004,21.366],[105.1049,21.3632],[105.1116,21.3615],[105.1184,21.3615],[105.1208,21.3653],[105.1247,21.3674],[105.1247,21.3721],[105.1303,21.372],[105.1313,21.3751],[105.1412,21.3791],[105.1428,21.3818],[105.1451,21.3816],[105.1459,21.3841],[105.1438,21.3897],[105.1408,21.391],[105.1418,21.393],[105.1501,21.397],[105.1543,21.3963],[105.155,21.4064],[105.1541,21.4126],[105.1556,21.4154]]]},"properties":{"ma_xa":"08398","ten_xa":"Phú Khê","sap_nhap":"Hương Lung, Phú Khê","tru_so":"đang cập nhật","loai":"Xã","cap":2,"stt":36,"dtich_km2":37.11,"dan_so":25630,"matdo_km2":690.65,"ma_tinh":"25","ten_tinh":"Phú Thọ"}},
{"type":"Feature","geometry":{"type":"Polygon","coordinates":[[[105.3063,21.5085],[105.3015,21.5086],[105.2992,21.5103],[105.2967,21.5139],[105.295,21.521],[105.2952,21.5254],[105.2974,21.5317],[105.2965,21.5344],[105.2913,21.5395],[105.2841,21.5424],[105.2716,21.5435],[105.2701,21.5398],[105.2657,21.5343],[105.2575,21.5288],[105.2537,21.5279],[105.2519,21.5252],[105.2463,21.5252],[105.2417,21.52],[105.2398,21.513],[105.2398,21.5116],[105.2452,21.5097],[105.2446,21.5082],[105.2478,21.5049],[105.2504,21.5044],[105.2538,21.5022],[105.2531,21.4963],[105.2548,21.493],[105.2525,21.4899],[105.2526,21.4866],[105.2579,21.4861],[105.2626,21.4873],[105.2673,21.4854],[105.2707,21.4863],[105.2703,21.4885],[105.2727,21.4923],[105.2746,21.4894],[105.2786,21.4883],[105.2815,21.4897],[105.2831,21.4875],[105.2911,21.4929],[105.2932,21.4949],[105.2989,21.4995],[105.3037,21.498],[105.3088,21.5055],[105.3063,21.5085]]]},"properties":{"ma_xa":"08236","ten_xa":"Phú Mỹ","sap_nhap":"Liên Hoa, Lệ Mỹ, Phú Mỹ","tru_so":"đang cập nhật","loai":"Xã","cap":2,"stt":15,"dtich_km2":27.36,"dan_so":15460,"matdo_km2":565.06,"ma_tinh":"25","ten_tinh":"Phú Thọ"}},
{"type":"Feature","geometry":{"type":"Polygon","coordinates":[[[105.333,21.4404],[105.3307,21.439],[105.3291,21.4404],[105.3255,21.44],[105.3203,21.4382],[105.3149,21.4386],[105.3127,21.4397],[105.31,21.4384],[105.3084,21.4361],[105.3062,21.436],[105.3041,21.4342],[105.2992,21.4398],[105.2961,21.445],[105.2971,21.4495],[105.2987,21.4504],[105.2985,21.4547],[105.2948,21.456],[105.2919,21.4547],[105.2885,21.4568],[105.2823,21.4548],[105.2807,21.4524],[105.2806,21.4492],[105.2804,21.4476],[105.2834,21.4457],[105.2827,21.4435],[105.2796,21.442],[105.2819,21.438],[105.2774,21.4376],[105.2776,21.4348],[105.2794,21.4318],[105.2773,21.4273],[105.2773,21.4247],[105.2745,21.4225],[105.2752,21.4177],[105.2772,21.4143],[105.2809,21.4103],[105.281,21.4076],[105.2824,21.4063],[105.2882,21.4073],[105.2882,21.4049],[105.2914,21.4003],[105.2951,21.4016],[105.2975,21.3986],[105.3028,21.3973],[105.3089,21.3973],[105.3133,21.3938],[105.3128,21.3901],[105.3156,21.3898],[105.3167,21.3855],[105.3182,21.3831],[105.3247,21.3811],[105.3254,21.3788],[105.329,21.376],[105.3328,21.3748],[105.3343,21.3754],[105.3374,21.3735],[105.3394,21.3743],[105.3426,21.3775],[105.3473,21.3774],[105.3482,21.3813],[105.3508,21.3866],[105.3527,21.3882],[105.3572,21.3969],[105.3614,21.3982],[105.3562,21.4005],[105.353,21.4027],[105.3489,21.4115],[105.3462,21.4109],[105.3417,21.4143],[105.3395,21.4122],[105.3374,21.4139],[105.3328,21.4123],[105.3309,21.4133],[105.3324,21.4176],[105.3296,21.4206],[105.3302,21.4229],[105.3326,21.4256],[105.3301,21.4265],[105.3297,21.4294],[105.3313,21.4307],[105.3332,21.4349],[105.333,21.4404]]]},"properties":{"ma_xa":"08230","ten_xa":"Phù Ninh","sap_nhap":"Phong Châu (thị trấn), Phú Nham, Phú Lộc, Phù Ninh","tru_so":"đang cập nhật","loai":"Xã","cap":2,"stt":13,"dtich_km2":39.28,"dan_so":45037,"matdo_km2":1146.56,"ma_tinh":"25","ten_tinh":"Phú Thọ"}},
{"type":"Feature","geometry":{"type":"Polygon","coordinates":[[[105.239,21.4574],[105.2368,21.4605],[105.2362,21.4631],[105.2293,21.4657],[105.2292,21.4636],[105.2267,21.461],[105.2239,21.4548],[105.2218,21.4542],[105.2216,21.4514],[105.2193,21.4479],[105.219,21.4384],[105.2147,21.439],[105.2128,21.4367],[105.2125,21.4328],[105.2102,21.4331],[105.2028,21.4316],[105.1999,21.4293],[105.1983,21.4262],[105.1968,21.4257],[105.1963,21.4224],[105.1972,21.4196],[105.1992,21.419],[105.2023,21.4163],[105.1996,21.4115],[105.1994,21.4085],[105.1952,21.4053],[105.198,21.4012],[105.2039,21.4022],[105.2039,21.4001],[105.2103,21.4011],[105.2162,21.3989],[105.2221,21.4024],[105.2214,21.4054],[105.2276,21.4081],[105.2278,21.4097],[105.2348,21.4074],[105.2367,21.4047],[105.2383,21.4063],[105.2428,21.4064],[105.2452,21.4083],[105.2492,21.4149],[105.2484,21.4184],[105.2507,21.4202],[105.2497,21.4256],[105.2525,21.43],[105.2487,21.4354],[105.2442,21.439],[105.242,21.4384],[105.2379,21.4397],[105.2344,21.438],[105.2318,21.4402],[105.2331,21.4445],[105.2369,21.4453],[105.241,21.4497],[105.2407,21.4531],[105.239,21.4574]]]},"properties":{"ma_xa":"07942","ten_xa":"Phú Thọ","sap_nhap":"Hùng Vương (thị xã Phú Thọ), Văn Lung, Hà Lộc","tru_so":"đang cập nhật","loai":"Phường","cap":2,"stt":11,"dtich_km2":23.07,"dan_so":27957,"matdo_km2":1211.83,"ma_tinh":"25","ten_tinh":"Phú Thọ"}},
{"type":"Feature","geometry":{"type":"Polygon","coordinates":[[[105.7246,21.2661],[105.7207,21.2715],[105.7192,21.2707],[105.715,21.2728],[105.7111,21.2727],[105.7103,21.2709],[105.7063,21.2738],[105.6993,21.2774],[105.6942,21.2776],[105.6893,21.2754],[105.6925,21.2734],[105.6945,21.2686],[105.6984,21.2628],[105.6938,21.2608],[105.6914,21.2622],[105.686,21.2557],[105.6856,21.254],[105.6865,21.2493],[105.6827,21.2442],[105.6805,21.243],[105.6822,21.2402],[105.6872,21.2396],[105.6935,21.238],[105.6944,21.2362],[105.6919,21.2335],[105.6888,21.2339],[105.6859,21.2297],[105.6859,21.2265],[105.6902,21.2199],[105.6934,21.2215],[105.6956,21.2162],[105.6985,21.2196],[105.7011,21.2197],[105.7049,21.2214],[105.7082,21.2196],[105.7106,21.2218],[105.7157,21.2245],[105.7178,21.2228],[105.72,21.2234],[105.7221,21.2275],[105.7247,21.2247],[105.7303,21.229],[105.7345,21.233],[105.7335,21.2358],[105.7376,21.2365],[105.7365,21.2393],[105.7343,21.2418],[105.7282,21.2408],[105.7266,21.2432],[105.7292,21.2488],[105.7264,21.25],[105.7241,21.2527],[105.7248,21.2573],[105.7238,21.2628],[105.7246,21.2661]]]},"properties":{"ma_xa":"08740","ten_xa":"Phúc Yên","sap_nhap":"Hùng Vương (thành phố Phúc Yên), Hai Bà Trưng, Phúc Thắng, Tiền Châu, Nam Viêm","tru_so":"đang cập nhật","loai":"Phường","cap":2,"stt":101,"dtich_km2":23.4,"dan_so":63954,"matdo_km2":2733.08,"ma_tinh":"25","ten_tinh":"Phú Thọ"}},
{"type":"Feature","geometry":{"type":"Polygon","coordinates":[[[105.3032,21.3239],[105.2968,21.3241],[105.2948,21.3229],[105.2949,21.3205],[105.2918,21.3176],[105.2899,21.3149],[105.2872,21.3127],[105.2888,21.3064],[105.286,21.306],[105.2823,21.3096],[105.2832,21.3118],[105.2809,21.3137],[105.2802,21.3203],[105.2747,21.3193],[105.2747,21.3136],[105.271,21.3041],[105.2681,21.2999],[105.2579,21.2904],[105.2575,21.2881],[105.2606,21.2841],[105.2632,21.2814],[105.2698,21.2762],[105.2772,21.2721],[105.2849,21.2691],[105.2903,21.2649],[105.2936,21.2699],[105.2957,21.271],[105.3012,21.2702],[105.3064,21.2702],[105.3212,21.2728],[105.3247,21.2741],[105.3229,21.2773],[105.3239,21.2805],[105.3281,21.2837],[105.3249,21.2904],[105.3191,21.2954],[105.3199,21.2979],[105.3185,21.3008],[105.3201,21.304],[105.3242,21.3069],[105.3261,21.3108],[105.3252,21.3131],[105.3207,21.3139],[105.3151,21.3162],[105.3125,21.3199],[105.3085,21.3205],[105.3059,21.3232],[105.3032,21.3239]]]},"properties":{"ma_xa":"08521","ten_xa":"Phùng Nguyên","sap_nhap":"Tứ Xã, Sơn Vi, Phùng Nguyên","tru_so":"đang cập nhật","loai":"Xã","cap":2,"stt":8,"dtich_km2":30.57,"dan_so":41046,"matdo_km2":1342.69,"ma_tinh":"25","ten_tinh":"Phú Thọ"}},
{"type":"Feature","geometry":{"type":"Polygon","coordinates":[[[105.2129,21.5093],[105.2108,21.5095],[105.2034,21.5125],[105.2002,21.5162],[105.1953,21.5189],[105.1975,21.5211],[105.1971,21.5233],[105.1988,21.5251],[105.2028,21.5262],[105.2068,21.5296],[105.1989,21.5336],[105.1984,21.5354],[105.1926,21.5371],[105.1888,21.5372],[105.186,21.5362],[105.1838,21.5382],[105.1789,21.5377],[105.1774,21.5391],[105.1721,21.54],[105.1666,21.5441],[105.1641,21.544],[105.1615,21.5419],[105.1559,21.5421],[105.1521,21.5477],[105.1517,21.5539],[105.15,21.5583],[105.1467,21.5558],[105.1463,21.5527],[105.1432,21.5495],[105.1405,21.5484],[105.139,21.5462],[105.1392,21.5393],[105.1366,21.5389],[105.135,21.5365],[105.1337,21.5308],[105.1323,21.5288],[105.1323,21.5259],[105.1347,21.5253],[105.1353,21.5229],[105.1338,21.5208],[105.1355,21.5168],[105.1353,21.5133],[105.1435,21.5147],[105.1444,21.5131],[105.1495,21.5109],[105.1523,21.5085],[105.1553,21.5041],[105.1596,21.5044],[105.1598,21.5013],[105.1624,21.4993],[105.1644,21.502],[105.1673,21.5011],[105.1688,21.4982],[105.1741,21.4919],[105.1743,21.4897],[105.177,21.4885],[105.1764,21.4863],[105.1796,21.4844],[105.1814,21.4812],[105.1833,21.4801],[105.1817,21.4774],[105.184,21.4748],[105.1861,21.4749],[105.1897,21.473],[105.1947,21.4763],[105.1983,21.4807],[105.2014,21.4835],[105.207,21.4841],[105.2092,21.4856],[105.2105,21.4886],[105.2128,21.4887],[105.2111,21.4895],[105.2115,21.4942],[105.216,21.499],[105.2158,21.5025],[105.2137,21.5045],[105.2129,21.5093]]]},"properties":{"ma_xa":"08173","ten_xa":"Quảng Yên","sap_nhap":"Đại An, Đông Lĩnh, Quảng Yên","tru_so":"đang cập nhật","loai":"Xã","cap":2,"stt":19,"dtich_km2":39.58,"dan_so":15056,"matdo_km2":380.39,"ma_tinh":"25","ten_tinh":"Phú Thọ"}},
{"type":"Feature","geometry":{"type":"Polygon","coordinates":[[[105.1083,20.845],[105.1092,20.848],[105.1123,20.8489],[105.1174,20.8538],[105.1144,20.8589],[105.1193,20.8632],[105.1257,20.8626],[105.1261,20.8639],[105.1325,20.8642],[105.1407,20.8676],[105.1408,20.8716],[105.1434,20.8711],[105.1432,20.874],[105.1351,20.8751],[105.1346,20.8784],[105.1354,20.881],[105.1304,20.8835],[105.1283,20.8855],[105.1277,20.8899],[105.1292,20.8927],[105.1301,20.8974],[105.1332,20.8997],[105.1319,20.9024],[105.1285,20.9039],[105.1285,20.9054],[105.1246,20.9112],[105.1217,20.9124],[105.1183,20.9104],[105.114,20.9125],[105.1106,20.9132],[105.1067,20.9186],[105.1034,20.9211],[105.104,20.9229],[105.1005,20.9276],[105.0981,20.9287],[105.094,20.9275],[105.091,20.9257],[105.0878,20.9259],[105.0806,20.9296],[105.0761,20.9274],[105.0725,20.929],[105.0704,20.9323],[105.0704,20.9349],[105.0665,20.937],[105.0664,20.9397],[105.0698,20.9434],[105.0705,20.9479],[105.0669,20.9499],[105.0624,20.9532],[105.0591,20.9516],[105.0575,20.9491],[105.053,20.9477],[105.0506,20.9499],[105.0474,20.9514],[105.0369,20.944],[105.033,20.9429],[105.0323,20.9371],[105.0367,20.9334],[105.0399,20.932],[105.0422,20.9289],[105.0424,20.9246],[105.0383,20.9265],[105.0365,20.9262],[105.0305,20.9281],[105.0273,20.9268],[105.025,20.9246],[105.0253,20.923],[105.0219,20.9202],[105.0184,20.9205],[105.0126,20.9256],[105.011,20.9279],[105.0084,20.9281],[105.006,20.931],[105.0039,20.9308],[105.0014,20.9338],[104.9925,20.9388],[104.9889,20.9421],[104.9866,20.9413],[104.9826,20.943],[104.9802,20.9419],[104.9741,20.9412],[104.9738,20.9383],[104.9759,20.9371],[104.9765,20.9341],[104.9755,20.9315],[104.9779,20.928],[104.9773,20.9263],[104.9742,20.9236],[104.968,20.9145],[104.9674,20.9125],[104.9725,20.9117],[104.9761,20.9074],[104.9777,20.8978],[104.9799,20.891],[104.9825,20.8871],[104.9871,20.8831],[104.9915,20.8767],[104.9914,20.874],[104.997,20.8697],[105.0019,20.8674],[105.0124,20.8668],[105.017,20.8657],[105.0201,20.8616],[105.0236,20.8583],[105.031,20.8495],[105.0372,20.8445],[105.043,20.8383],[105.0528,20.8312],[105.0688,20.8205],[105.0778,20.8159],[105.0843,20.8133],[105.085,20.8201],[105.0869,20.8233],[105.0869,20.8292],[105.0823,20.8326],[105.0836,20.8402],[105.0853,20.8416],[105.0865,20.8475],[105.0864,20.8497],[105.0953,20.8484],[105.0976,20.846],[105.1003,20.8448],[105.1052,20.8445],[105.1083,20.845]]]},"properties":{"ma_xa":"04873","ten_xa":"Quy Đức","sap_nhap":"Đoàn Kết (huyện Đà Bắc), Đồng Ruộng, Trung Thành, Yên Hoà","tru_so":"đang cập nhật","loai":"Xã","cap":2,"stt":109,"dtich_km2":146.97,"dan_so":9462,"matdo_km2":64.38,"ma_tinh":"25","ten_tinh":"Phú Thọ"}},
{"type":"Feature","geometry":{"type":"Polygon","coordinates":[[[105.3546,20.5056],[105.3544,20.5036],[105.3523,20.5013],[105.346,20.5019],[105.3371,20.5086],[105.3348,20.5114],[105.331,20.5125],[105.33,20.5145],[105.3209,20.5175],[105.3135,20.5176],[105.3103,20.5202],[105.3092,20.5154],[105.3075,20.5148],[105.3048,20.5108],[105.3058,20.509],[105.3098,20.5063],[105.3106,20.5043],[105.3093,20.499],[105.3058,20.4965],[105.3045,20.4909],[105.309,20.488],[105.3079,20.4846],[105.3082,20.4811],[105.3062,20.479],[105.3089,20.4768],[105.3171,20.4698],[105.3226,20.4678],[105.3266,20.4639],[105.3358,20.4593],[105.3385,20.4567],[105.3408,20.461],[105.3449,20.4619],[105.3482,20.4598],[105.3507,20.4566],[105.3556,20.4554],[105.3576,20.454],[105.363,20.4523],[105.3666,20.45],[105.3685,20.4477],[105.3726,20.4457],[105.3736,20.4486],[105.3827,20.4431],[105.3877,20.4418],[105.3968,20.4413],[105.4034,20.4373],[105.4061,20.4387],[105.4093,20.4373],[105.4092,20.4355],[105.413,20.4358],[105.417,20.4319],[105.4202,20.432],[105.4246,20.4287],[105.4273,20.4282],[105.4252,20.4313],[105.4264,20.4385],[105.4257,20.4416],[105.4264,20.4475],[105.4275,20.4493],[105.4228,20.4518],[105.4214,20.4541],[105.4194,20.4542],[105.4178,20.4569],[105.4208,20.4579],[105.421,20.4609],[105.42,20.4642],[105.4209,20.4654],[105.4144,20.473],[105.4098,20.476],[105.4089,20.478],[105.4034,20.4795],[105.4007,20.4824],[105.397,20.4847],[105.3954,20.4773],[105.3924,20.478],[105.3918,20.4801],[105.389,20.4805],[105.3869,20.4829],[105.3841,20.4835],[105.3822,20.4858],[105.3766,20.489],[105.3742,20.4943],[105.3702,20.4975],[105.3642,20.5007],[105.3593,20.5046],[105.3546,20.5056]]]},"properties":{"ma_xa":"05323","ten_xa":"Quyết Thắng","sap_nhap":"Chí Đạo, Định Cư, Quyết Thắng","tru_so":"đang cập nhật","loai":"Xã","cap":2,"stt":122,"dtich_km2":59.66,"dan_so":22746,"matdo_km2":381.26,"ma_tinh":"25","ten_tinh":"Phú Thọ"}},
{"type":"Feature","geometry":{"type":"Polygon","coordinates":[[[105.491,21.3409],[105.49,21.3426],[105.4834,21.348],[105.484,21.3527],[105.4795,21.3529],[105.4745,21.3548],[105.4726,21.357],[105.4692,21.3569],[105.4679,21.3541],[105.4647,21.355],[105.4623,21.3541],[105.4609,21.3463],[105.457,21.3432],[105.4551,21.343],[105.4551,21.3399],[105.4518,21.3407],[105.4517,21.3422],[105.4475,21.3443],[105.4446,21.35],[105.4465,21.3555],[105.4453,21.3612],[105.4438,21.3586],[105.441,21.3564],[105.4394,21.3577],[105.4347,21.3587],[105.4299,21.3604],[105.4285,21.3589],[105.4294,21.3558],[105.4286,21.3525],[105.4252,21.3511],[105.4261,21.3489],[105.4246,21.3433],[105.4271,21.3395],[105.4265,21.3377],[105.43,21.3363],[105.4361,21.3322],[105.4421,21.3275],[105.4459,21.3238],[105.4502,21.3196],[105.4549,21.3142],[105.4563,21.3093],[105.4554,21.3041],[105.4524,21.3005],[105.4493,21.2994],[105.4526,21.2981],[105.4566,21.2995],[105.4592,21.2986],[105.4591,21.2948],[105.4642,21.2951],[105.4678,21.2984],[105.468,21.3003],[105.4735,21.3045],[105.4783,21.3081],[105.4805,21.3127],[105.4828,21.3152],[105.4815,21.3178],[105.4818,21.3212],[105.485,21.3236],[105.4895,21.3242],[105.4926,21.3256],[105.4937,21.3302],[105.4909,21.334],[105.4881,21.3357],[105.4893,21.3412],[105.491,21.3409]]]},"properties":{"ma_xa":"08866","ten_xa":"Sơn Đông","sap_nhap":"Tây Sơn, Cao Phong, Sơn Đông","tru_so":"đang cập nhật","loai":"Xã","cap":2,"stt":76,"dtich_km2":26.7,"dan_so":36076,"matdo_km2":1351.16,"ma_tinh":"25","ten_tinh":"Phú Thọ"}},
{"type":"Feature","geometry":{"type":"Polygon","coordinates":[[[104.9313,21.5222],[104.9286,21.5242],[104.927,21.5287],[104.9238,21.5325],[104.921,21.5332],[104.9183,21.5386],[104.9168,21.5393],[104.9132,21.5443],[104.9084,21.5419],[104.9021,21.5408],[104.8938,21.5373],[104.8821,21.5349],[104.8769,21.5359],[104.8787,21.535],[104.8818,21.5299],[104.8824,21.527],[104.8852,21.5218],[104.8832,21.52],[104.8836,21.5153],[104.8821,21.5092],[104.8849,21.505],[104.8845,21.5008],[104.8863,21.498],[104.8872,21.494],[104.8907,21.4883],[104.8943,21.484],[104.8936,21.4792],[104.8949,21.4752],[104.8969,21.4739],[104.8967,21.4703],[104.9012,21.4633],[104.9035,21.4617],[104.9039,21.4597],[104.9076,21.453],[104.9115,21.4487],[104.9121,21.446],[104.9127,21.4351],[104.9112,21.4315],[104.9076,21.4305],[104.906,21.4266],[104.9083,21.4202],[104.9079,21.4141],[104.9118,21.4108],[104.9173,21.4083],[104.9232,21.4072],[104.9282,21.4087],[104.9273,21.4125],[104.9319,21.4122],[104.9394,21.4132],[104.9392,21.4186],[104.9439,21.4221],[104.9475,21.4257],[104.95,21.4262],[104.9533,21.4255],[104.957,21.4228],[104.96,21.4245],[104.9637,21.4236],[104.9692,21.4273],[104.9713,21.4264],[104.9766,21.4277],[104.9857,21.4351],[104.9906,21.4337],[104.9956,21.4355],[104.9939,21.438],[104.9948,21.441],[104.9908,21.4493],[104.9922,21.4554],[104.997,21.4625],[104.996,21.4676],[104.9912,21.4709],[104.9869,21.4719],[104.9811,21.475],[104.9818,21.4775],[104.9809,21.4837],[104.9786,21.4874],[104.9722,21.4865],[104.9673,21.485],[104.963,21.4882],[104.96,21.4893],[104.9545,21.4952],[104.9527,21.4952],[104.9501,21.4979],[104.9472,21.4965],[104.9441,21.4965],[104.9412,21.4947],[104.936,21.4951],[104.9353,21.4974],[104.9358,21.5043],[104.9405,21.5047],[104.9346,21.5176],[104.9313,21.5222]]]},"properties":{"ma_xa":"08296","ten_xa":"Sơn Lương","sap_nhap":"Mỹ Lương, Mỹ Lung, Lương Sơn","tru_so":"đang cập nhật","loai":"Xã","cap":2,"stt":63,"dtich_km2":96.92,"dan_so":23365,"matdo_km2":241.08,"ma_tinh":"25","ten_tinh":"Phú Thọ"}},
{"type":"Feature","geometry":{"type":"Polygon","coordinates":[[[105.4461,21.4127],[105.4376,21.4141],[105.4341,21.4102],[105.4342,21.408],[105.4325,21.4037],[105.4291,21.4026],[105.4275,21.4043],[105.4204,21.4001],[105.4187,21.398],[105.4165,21.3981],[105.413,21.4008],[105.4092,21.3986],[105.4083,21.397],[105.4037,21.3969],[105.4002,21.4022],[105.3978,21.4031],[105.394,21.3949],[105.3926,21.3866],[105.3927,21.3766],[105.3918,21.3705],[105.3916,21.366],[105.3945,21.3587],[105.4014,21.3499],[105.4065,21.3464],[105.4135,21.3426],[105.4194,21.3407],[105.4265,21.3377],[105.4271,21.3395],[105.4246,21.3433],[105.4261,21.3489],[105.4252,21.3511],[105.4286,21.3525],[105.4294,21.3558],[105.4285,21.3589],[105.4299,21.3604],[105.4347,21.3587],[105.4394,21.3577],[105.441,21.3564],[105.4438,21.3586],[105.4453,21.3612],[105.445,21.3711],[105.4491,21.3726],[105.45,21.3739],[105.4479,21.379],[105.4454,21.3789],[105.4434,21.3817],[105.4444,21.3834],[105.4481,21.3843],[105.449,21.3914],[105.4509,21.3919],[105.4535,21.3969],[105.4532,21.4012],[105.4505,21.4046],[105.4496,21.4075],[105.4475,21.4086],[105.4461,21.4127]]]},"properties":{"ma_xa":"08848","ten_xa":"Sông Lô","sap_nhap":"Đồng Thịnh (huyện Sông Lô), Tứ Yên, Đức Bác, Yên Thạch","tru_so":"đang cập nhật","loai":"Xã","cap":2,"stt":68,"dtich_km2":33.4,"dan_so":34291,"matdo_km2":1026.68,"ma_tinh":"25","ten_tinh":"Phú Thọ"}},
{"type":"Feature","geometry":{"type":"Polygon","coordinates":[[[105.6873,21.4424],[105.6869,21.4441],[105.6824,21.4492],[105.678,21.4562],[105.6745,21.4582],[105.6691,21.4582],[105.6663,21.4603],[105.6606,21.4595],[105.6519,21.4575],[105.6491,21.4617],[105.6463,21.4639],[105.6406,21.4567],[105.6352,21.453],[105.6341,21.4508],[105.6312,21.4508],[105.6259,21.448],[105.6221,21.4452],[105.6191,21.4447],[105.6152,21.4398],[105.612,21.4378],[105.6067,21.4298],[105.6037,21.4291],[105.6035,21.4272],[105.5971,21.4235],[105.5948,21.4202],[105.5996,21.4144],[105.6013,21.4103],[105.5992,21.4083],[105.5998,21.4043],[105.5977,21.4039],[105.5933,21.3988],[105.595,21.3906],[105.5977,21.3876],[105.5999,21.384],[105.6026,21.3828],[105.6054,21.3794],[105.6041,21.3775],[105.6056,21.3735],[105.6096,21.3731],[105.6134,21.3713],[105.6133,21.3659],[105.6161,21.3635],[105.6161,21.3616],[105.6219,21.3604],[105.621,21.3643],[105.6223,21.3705],[105.6196,21.3756],[105.6192,21.3786],[105.6218,21.3847],[105.6234,21.3859],[105.629,21.3843],[105.6295,21.3807],[105.6314,21.3789],[105.6296,21.3769],[105.6287,21.3728],[105.6303,21.3708],[105.6299,21.3671],[105.6283,21.3658],[105.6321,21.3625],[105.6366,21.361],[105.6385,21.3596],[105.6385,21.3532],[105.642,21.3508],[105.6435,21.3485],[105.6455,21.3492],[105.6457,21.3445],[105.6506,21.3456],[105.6506,21.347],[105.6553,21.3473],[105.6584,21.3486],[105.6601,21.3531],[105.6593,21.358],[105.6617,21.3619],[105.6625,21.3659],[105.6683,21.3679],[105.6694,21.372],[105.6728,21.3768],[105.6711,21.3813],[105.6691,21.3839],[105.6693,21.3894],[105.674,21.3918],[105.6746,21.3965],[105.6738,21.3991],[105.6756,21.4013],[105.6791,21.4085],[105.681,21.4111],[105.6813,21.4154],[105.6837,21.4202],[105.6861,21.4226],[105.6868,21.4285],[105.688,21.4321],[105.6856,21.4361],[105.6855,21.4389],[105.6873,21.4424]]]},"properties":{"ma_xa":"08911","ten_xa":"Tam Đảo","sap_nhap":"Hợp Châu (thị trấn), Tam Đảo (thị trấn), Hồ Sơn, Minh Quang","tru_so":"đang cập nhật","loai":"Xã","cap":2,"stt":77,"dtich_km2":79.2,"dan_so":34772,"matdo_km2":439.04,"ma_tinh":"25","ten_tinh":"Phú Thọ"}},
{"type":"Feature","geometry":{"type":"Polygon","coordinates":[[[105.5933,21.3988],[105.5909,21.4044],[105.5881,21.4033],[105.5836,21.4046],[105.5782,21.402],[105.5777,21.4002],[105.5727,21.3992],[105.5713,21.3974],[105.5669,21.3988],[105.5593,21.3983],[105.5568,21.3956],[105.5497,21.3967],[105.5493,21.399],[105.5449,21.4011],[105.5429,21.3996],[105.5386,21.4029],[105.5337,21.403],[105.5314,21.3989],[105.5288,21.3971],[105.526,21.3924],[105.5274,21.3908],[105.5283,21.3853],[105.5275,21.3823],[105.5318,21.3764],[105.5343,21.3759],[105.5347,21.372],[105.5362,21.3715],[105.5386,21.3673],[105.538,21.3656],[105.5397,21.3619],[105.5424,21.36],[105.5443,21.3561],[105.5457,21.3553],[105.551,21.3446],[105.5558,21.3429],[105.5584,21.3413],[105.559,21.3374],[105.5619,21.3415],[105.5632,21.3446],[105.5667,21.3472],[105.5724,21.3504],[105.5723,21.3519],[105.5758,21.3544],[105.5824,21.3519],[105.5859,21.3535],[105.592,21.3517],[105.5951,21.3492],[105.5934,21.3433],[105.5966,21.3445],[105.605,21.3442],[105.6044,21.341],[105.61,21.3413],[105.6108,21.3432],[105.6141,21.3453],[105.6175,21.3446],[105.6168,21.346],[105.6118,21.3506],[105.6115,21.3535],[105.6188,21.3519],[105.6217,21.3484],[105.6235,21.3491],[105.6224,21.3562],[105.6193,21.3582],[105.6161,21.3616],[105.6161,21.3635],[105.6133,21.3659],[105.6134,21.3713],[105.6096,21.3731],[105.6056,21.3735],[105.6041,21.3775],[105.6054,21.3794],[105.6026,21.3828],[105.5999,21.384],[105.5977,21.3876],[105.595,21.3906],[105.5933,21.3988]]]},"properties":{"ma_xa":"08869","ten_xa":"Tam Dương","sap_nhap":"Hợp Hòa (thị trấn), Kim Long (thị trấn), Hướng Đạo, Đạo Tú","tru_so":"đang cập nhật","loai":"Xã","cap":2,"stt":80,"dtich_km2":44.3,"dan_so":47936,"matdo_km2":1082.08,"ma_tinh":"25","ten_tinh":"Phú Thọ"}},
{"type":"Feature","geometry":{"type":"Polygon","coordinates":[[[105.5933,21.3988],[105.5977,21.4039],[105.5998,21.4043],[105.5992,21.4083],[105.6013,21.4103],[105.5996,21.4144],[105.5948,21.4202],[105.5971,21.4235],[105.6035,21.4272],[105.6037,21.4291],[105.6067,21.4298],[105.612,21.4378],[105.6152,21.4398],[105.6191,21.4447],[105.6221,21.4452],[105.6259,21.448],[105.6312,21.4508],[105.6341,21.4508],[105.6352,21.453],[105.6406,21.4567],[105.6463,21.4639],[105.6452,21.4686],[105.6418,21.4723],[105.6367,21.4741],[105.6311,21.4791],[105.6264,21.4739],[105.6218,21.4719],[105.6171,21.4687],[105.6147,21.4629],[105.6099,21.4589],[105.61,21.4569],[105.6067,21.4536],[105.606,21.4514],[105.6008,21.4488],[105.5982,21.4427],[105.5958,21.4403],[105.59,21.442],[105.5877,21.4445],[105.5862,21.4432],[105.582,21.4422],[105.5783,21.4437],[105.5733,21.4414],[105.5699,21.443],[105.5661,21.4425],[105.5639,21.4392],[105.5618,21.4339],[105.5528,21.431],[105.5518,21.4334],[105.553,21.4354],[105.549,21.4382],[105.5486,21.4415],[105.5453,21.446],[105.5389,21.4455],[105.5367,21.4442],[105.5339,21.4446],[105.5331,21.4403],[105.5284,21.4371],[105.5253,21.4337],[105.5221,21.4316],[105.5215,21.4297],[105.5228,21.4254],[105.5246,21.4229],[105.5252,21.4142],[105.5249,21.411],[105.5268,21.4061],[105.529,21.4045],[105.5337,21.403],[105.5386,21.4029],[105.5429,21.3996],[105.5449,21.4011],[105.5493,21.399],[105.5497,21.3967],[105.5568,21.3956],[105.5593,21.3983],[105.5669,21.3988],[105.5713,21.3974],[105.5727,21.3992],[105.5777,21.4002],[105.5782,21.402],[105.5836,21.4046],[105.5881,21.4033],[105.5909,21.4044],[105.5933,21.3988]]]},"properties":{"ma_xa":"08872","ten_xa":"Tam Dương Bắc","sap_nhap":"Đồng Tĩnh, Hoàng Hoa, Tam Quan","tru_so":"đang cập nhật","loai":"Xã","cap":2,"stt":83,"dtich_km2":45.8,"dan_so":37284,"matdo_km2":814.06,"ma_tinh":"25","ten_tinh":"Phú Thọ"}},
{"type":"Feature","geometry":{"type":"Polygon","coordinates":[[[105.5639,21.2369],[105.5613,21.2389],[105.5594,21.2367],[105.5573,21.238],[105.5547,21.2378],[105.5513,21.236],[105.5471,21.2357],[105.5444,21.2274],[105.5431,21.2262],[105.5392,21.2189],[105.537,21.2164],[105.5399,21.2088],[105.5423,21.205],[105.5433,21.1976],[105.5457,21.194],[105.55,21.1954],[105.5539,21.1951],[105.5574,21.1922],[105.5622,21.1939],[105.5652,21.1993],[105.5682,21.2005],[105.5751,21.2017],[105.5774,21.1999],[105.5831,21.1971],[105.5868,21.1998],[105.591,21.201],[105.5975,21.2011],[105.6024,21.2018],[105.6044,21.2039],[105.6074,21.2053],[105.602,21.2126],[105.5996,21.2144],[105.5967,21.2184],[105.595,21.2223],[105.5924,21.2218],[105.5913,21.2273],[105.5856,21.2282],[105.5831,21.2271],[105.5766,21.2278],[105.5693,21.2316],[105.5639,21.2369]]]},"properties":{"ma_xa":"09043","ten_xa":"Tam Hồng","sap_nhap":"Tam Hồng (thị trấn), Yên Phương, Yên Đồng","tru_so":"đang cập nhật","loai":"Xã","cap":2,"stt":93,"dtich_km2":22.6,"dan_so":40224,"matdo_km2":1779.82,"ma_tinh":"25","ten_tinh":"Phú Thọ"}},
{"type":"Feature","geometry":{"type":"Polygon","coordinates":[[[105.2606,21.2841],[105.2583,21.2834],[105.2515,21.2781],[105.2481,21.2777],[105.2467,21.2744],[105.2422,21.2735],[105.2414,21.2698],[105.2428,21.2678],[105.2456,21.2664],[105.2488,21.2623],[105.2551,21.2606],[105.2594,21.2571],[105.2643,21.2596],[105.2662,21.265],[105.2699,21.26],[105.2702,21.2566],[105.2757,21.2529],[105.281,21.2482],[105.2817,21.2453],[105.2847,21.2439],[105.2891,21.2369],[105.2908,21.2386],[105.2954,21.24],[105.2948,21.2347],[105.2973,21.234],[105.3004,21.2317],[105.3016,21.2332],[105.306,21.2316],[105.305,21.2275],[105.3074,21.2233],[105.3172,21.2219],[105.319,21.225],[105.3232,21.2247],[105.325,21.2234],[105.3307,21.225],[105.331,21.2293],[105.3329,21.2325],[105.3346,21.2326],[105.3392,21.2302],[105.3424,21.2276],[105.3472,21.2264],[105.352,21.2396],[105.3534,21.2452],[105.3541,21.252],[105.3525,21.2606],[105.3494,21.2554],[105.3419,21.2494],[105.3364,21.2479],[105.3245,21.2475],[105.3174,21.2487],[105.3142,21.2501],[105.3011,21.2579],[105.2903,21.2649],[105.2849,21.2691],[105.2772,21.2721],[105.2698,21.2762],[105.2632,21.2814],[105.2606,21.2841]]]},"properties":{"ma_xa":"08434","ten_xa":"Tam Nông","sap_nhap":"Hưng Hóa (thị trấn), Dân Quyền, Hương Nộn","tru_so":"đang cập nhật","loai":"Xã","cap":2,"stt":41,"dtich_km2":28.25,"dan_so":26412,"matdo_km2":934.94,"ma_tinh":"25","ten_tinh":"Phú Thọ"}},
{"type":"Feature","geometry":{"type":"Polygon","coordinates":[[[105.4326,21.473],[105.431,21.4747],[105.4292,21.4815],[105.4248,21.4807],[105.4233,21.4783],[105.4202,21.4772],[105.414,21.4798],[105.409,21.4791],[105.4054,21.4765],[105.3989,21.4703],[105.4011,21.4664],[105.3981,21.4617],[105.3978,21.4581],[105.3961,21.4552],[105.3998,21.4546],[105.3987,21.4511],[105.4002,21.4477],[105.4042,21.444],[105.4005,21.4391],[105.3988,21.4349],[105.3959,21.4325],[105.3972,21.4302],[105.3939,21.4273],[105.3916,21.4241],[105.3959,21.4181],[105.3982,21.4131],[105.3985,21.4104],[105.3978,21.4031],[105.4002,21.4022],[105.4037,21.3969],[105.4083,21.397],[105.4092,21.3986],[105.413,21.4008],[105.4165,21.3981],[105.4187,21.398],[105.4204,21.4001],[105.4275,21.4043],[105.4291,21.4026],[105.4325,21.4037],[105.4342,21.408],[105.4341,21.4102],[105.4376,21.4141],[105.4461,21.4127],[105.4485,21.4138],[105.449,21.4162],[105.4525,21.4201],[105.4494,21.4231],[105.4475,21.4272],[105.4355,21.432],[105.4358,21.4351],[105.4331,21.4405],[105.4305,21.4518],[105.426,21.4542],[105.4257,21.4578],[105.4286,21.4611],[105.4288,21.4649],[105.4309,21.4712],[105.4326,21.473]]]},"properties":{"ma_xa":"08824","ten_xa":"Tam Sơn","sap_nhap":"Tân Lập (huyện Sông Lô), Đồng Quế, Tam Sơn (thị trấn)","tru_so":"đang cập nhật","loai":"Xã","cap":2,"stt":67,"dtich_km2":33.1,"dan_so":25523,"matdo_km2":771.09,"ma_tinh":"25","ten_tinh":"Phú Thọ"}},
{"type":"Feature","geometry":{"type":"Polygon","coordinates":[[[105.3488,20.9178],[105.3464,20.9286],[105.3444,20.9401],[105.3307,20.9384],[105.3202,20.9353],[105.3166,20.9338],[105.3165,20.928],[105.3121,20.9234],[105.3129,20.9217],[105.3116,20.9173],[105.3134,20.9144],[105.3116,20.9082],[105.3093,20.9032],[105.3058,20.9004],[105.3011,20.8991],[105.3003,20.896],[105.3009,20.8932],[105.2953,20.8893],[105.2931,20.8868],[105.2923,20.8832],[105.2947,20.88],[105.2949,20.8749],[105.2935,20.8727],[105.2963,20.8713],[105.2982,20.8661],[105.2999,20.8564],[105.2954,20.853],[105.2954,20.8491],[105.2929,20.8473],[105.2915,20.843],[105.295,20.8401],[105.2972,20.8367],[105.2957,20.8344],[105.3038,20.8247],[105.3047,20.8205],[105.3035,20.8178],[105.3008,20.8153],[105.2965,20.8151],[105.2945,20.8128],[105.2922,20.8131],[105.2806,20.8073],[105.2819,20.8016],[105.2809,20.7992],[105.2873,20.7973],[105.2923,20.7971],[105.2978,20.7982],[105.3039,20.8021],[105.3082,20.8061],[105.3103,20.807],[105.314,20.8068],[105.3205,20.8036],[105.3243,20.8049],[105.3261,20.8068],[105.3169,20.8144],[105.3128,20.8223],[105.3162,20.8266],[105.3185,20.8271],[105.3181,20.8335],[105.3213,20.8373],[105.3257,20.8401],[105.3293,20.8402],[105.3357,20.8418],[105.3436,20.8404],[105.3446,20.8432],[105.3402,20.8457],[105.3435,20.8473],[105.3462,20.8516],[105.3387,20.8578],[105.3378,20.8653],[105.3411,20.8824],[105.3422,20.8854],[105.3427,20.8874],[105.348,20.9007],[105.3492,20.9082],[105.3488,20.9178]]]},"properties":{"ma_xa":"04792","ten_xa":"Tân Hòa","sap_nhap":"Tân Hòa, Hòa Bình, Yên Mông","tru_so":"đang cập nhật","loai":"Phường","cap":2,"stt":147,"dtich_km2":56.98,"dan_so":14316,"matdo_km2":251.25,"ma_tinh":"25","ten_tinh":"Phú Thọ"}},
{"type":"Feature","geometry":{"type":"Polygon","coordinates":[[[105.3847,20.5964],[105.3826,20.5959],[105.3716,20.598],[105.3677,20.5939],[105.3635,20.5933],[105.3621,20.5921],[105.3569,20.5935],[105.3548,20.5978],[105.3535,20.5969],[105.3475,20.5994],[105.3475,20.6034],[105.3463,20.6068],[105.3443,20.6086],[105.3405,20.61],[105.3374,20.6123],[105.3356,20.6114],[105.333,20.613],[105.3307,20.6112],[105.3256,20.6087],[105.3262,20.6045],[105.3226,20.6035],[105.3206,20.6044],[105.3186,20.608],[105.3172,20.6122],[105.3176,20.6157],[105.3154,20.6185],[105.3131,20.625],[105.3108,20.6261],[105.3038,20.6369],[105.3046,20.643],[105.3017,20.6465],[105.2984,20.6487],[105.298,20.6554],[105.2949,20.6576],[105.2923,20.6573],[105.2888,20.6585],[105.2767,20.6646],[105.2739,20.6643],[105.2742,20.66],[105.2672,20.6578],[105.2651,20.6548],[105.2609,20.6473],[105.2612,20.6426],[105.259,20.6378],[105.2563,20.6354],[105.2582,20.6332],[105.2555,20.6293],[105.2508,20.6294],[105.2459,20.628],[105.2427,20.629],[105.2413,20.6263],[105.244,20.6213],[105.2465,20.6212],[105.2483,20.6186],[105.2478,20.6143],[105.2463,20.612],[105.2495,20.6074],[105.2528,20.607],[105.2522,20.6042],[105.2551,20.5979],[105.251,20.5954],[105.2499,20.5938],[105.2507,20.5909],[105.2561,20.5888],[105.2586,20.5865],[105.2601,20.582],[105.2612,20.5737],[105.2598,20.572],[105.261,20.5669],[105.26,20.5634],[105.2607,20.5604],[105.2651,20.5588],[105.267,20.5534],[105.2696,20.5538],[105.2726,20.5514],[105.276,20.5524],[105.2877,20.5497],[105.2875,20.5458],[105.2938,20.5451],[105.2955,20.5386],[105.2984,20.5363],[105.3006,20.5312],[105.3001,20.5287],[105.3103,20.5202],[105.3135,20.5176],[105.3209,20.5175],[105.33,20.5145],[105.331,20.5125],[105.3348,20.5114],[105.3371,20.5086],[105.346,20.5019],[105.3523,20.5013],[105.3544,20.5036],[105.3546,20.5056],[105.3515,20.5083],[105.3545,20.5122],[105.3584,20.5121],[105.3614,20.5133],[105.3637,20.519],[105.3644,20.5247],[105.3673,20.5279],[105.3676,20.5316],[105.3742,20.5354],[105.3762,20.5351],[105.3792,20.5386],[105.3775,20.5425],[105.3771,20.5469],[105.3784,20.5484],[105.381,20.5483],[105.3813,20.552],[105.378,20.5571],[105.3801,20.5611],[105.382,20.5624],[105.3816,20.5649],[105.3835,20.5675],[105.3882,20.569],[105.3927,20.5717],[105.3953,20.5747],[105.3894,20.5787],[105.3879,20.5805],[105.3823,20.5838],[105.3832,20.591],[105.3846,20.5931],[105.3847,20.5964]]]},"properties":{"ma_xa":"05128","ten_xa":"Tân Lạc","sap_nhap":"Mãn Đức (thị trấn), Ngọc Mỹ (huyện Tân Lạc), Đông Lai, Thanh Hối, Tử Nê","tru_so":"đang cập nhật","loai":"Xã","cap":2,"stt":136,"dtich_km2":139.9,"dan_so":42031,"matdo_km2":300.44,"ma_tinh":"25","ten_tinh":"Phú Thọ"}},
{"type":"Feature","geometry":{"type":"Polygon","coordinates":[[[105.0843,20.8133],[105.0778,20.8159],[105.0688,20.8205],[105.0528,20.8312],[105.043,20.8383],[105.0372,20.8445],[105.031,20.8495],[105.0236,20.8583],[105.0201,20.8616],[105.017,20.8657],[105.0124,20.8668],[105.0019,20.8674],[104.997,20.8697],[104.9914,20.874],[104.9924,20.8672],[104.9996,20.858],[105.0009,20.8542],[104.9982,20.8516],[104.9971,20.8462],[105.0067,20.8447],[105.0066,20.8423],[105.0025,20.8366],[105.0033,20.8325],[105.0014,20.8307],[105.003,20.8257],[105.0014,20.8224],[104.9979,20.8177],[104.9977,20.8146],[105.0028,20.8139],[105.0066,20.8111],[105.0087,20.808],[105.0126,20.8044],[105.0168,20.8062],[105.0249,20.8035],[105.0282,20.8002],[105.0312,20.7991],[105.0325,20.7954],[105.0311,20.7919],[105.0294,20.7806],[105.031,20.7734],[105.0283,20.7753],[105.0251,20.7759],[105.0202,20.7793],[105.0182,20.7777],[105.0154,20.778],[105.0137,20.7751],[105.0081,20.7718],[105.0045,20.7649],[105.0009,20.7657],[104.9938,20.7619],[104.9919,20.7587],[104.9921,20.7563],[104.9906,20.7542],[104.9931,20.7506],[104.9989,20.7505],[105.0036,20.7478],[105.0135,20.7405],[105.0142,20.7361],[105.0133,20.7329],[105.0149,20.7332],[105.0197,20.7317],[105.0225,20.7348],[105.027,20.7335],[105.0328,20.7336],[105.0337,20.7326],[105.0381,20.7329],[105.0471,20.7306],[105.0511,20.7261],[105.0548,20.7279],[105.0567,20.7276],[105.0595,20.7293],[105.0631,20.7299],[105.0681,20.732],[105.0729,20.7362],[105.0763,20.7377],[105.0794,20.7376],[105.0813,20.7351],[105.0796,20.7306],[105.0819,20.7277],[105.083,20.723],[105.0816,20.7207],[105.0824,20.717],[105.0919,20.7107],[105.0948,20.7101],[105.0947,20.7073],[105.0969,20.7043],[105.0974,20.7015],[105.1003,20.7002],[105.1046,20.7012],[105.1111,20.6977],[105.114,20.701],[105.1193,20.7048],[105.1208,20.7032],[105.1248,20.7058],[105.1239,20.708],[105.1209,20.7096],[105.1235,20.7139],[105.1271,20.7178],[105.1273,20.7196],[105.1328,20.7213],[105.1323,20.7266],[105.1346,20.7309],[105.1329,20.735],[105.1296,20.7384],[105.1242,20.7398],[105.1224,20.7414],[105.1233,20.7451],[105.1211,20.7483],[105.1168,20.7485],[105.1158,20.7521],[105.1132,20.7557],[105.1122,20.7612],[105.1099,20.7626],[105.1023,20.7639],[105.0833,20.7608],[105.0788,20.7618],[105.077,20.7658],[105.0778,20.7691],[105.0795,20.7714],[105.0834,20.7745],[105.0979,20.7888],[105.099,20.7912],[105.0999,20.7966],[105.0998,20.8001],[105.0971,20.8057],[105.0922,20.8091],[105.0843,20.8133]]]},"properties":{"ma_xa":"05206","ten_xa":"Tân Mai","sap_nhap":"Sơn Thủy (huyện Mai Châu), Tân Thành","tru_so":"đang cập nhật","loai":"Xã","cap":2,"stt":135,"dtich_km2":130.71,"dan_so":7924,"matdo_km2":60.62,"ma_tinh":"25","ten_tinh":"Phú Thọ"}},
{"type":"Feature","geometry":{"type":"Polygon","coordinates":[[[105.0362,21.0152],[105.0345,21.0195],[105.0301,21.0223],[105.0274,21.0218],[105.0183,21.0151],[105.0187,21.0181],[105.0204,21.0193],[105.0211,21.022],[105.0204,21.0253],[105.017,21.0309],[105.0143,21.0313],[105.0104,21.0374],[105.0061,21.0399],[104.9998,21.0405],[104.9976,21.0436],[104.9925,21.0457],[104.9908,21.0479],[104.9876,21.0498],[104.9835,21.0502],[104.9826,21.0514],[104.9747,21.0524],[104.9731,21.0517],[104.9688,21.0532],[104.9677,21.0568],[104.9658,21.0592],[104.962,21.0602],[104.9559,21.0566],[104.9499,21.0571],[104.9492,21.0532],[104.9501,21.0467],[104.9473,21.0424],[104.9466,21.0399],[104.9463,21.0302],[104.9457,21.0269],[104.9559,21.0221],[104.9553,21.0205],[104.9583,21.0165],[104.9608,21.0148],[104.9629,21.0119],[104.9696,21.0129],[104.9725,21.0096],[104.9746,21.0054],[104.9761,21.0007],[104.9824,20.9956],[104.983,20.9939],[104.9881,20.992],[104.9922,20.9894],[104.9933,20.9853],[104.9972,20.9804],[104.9926,20.978],[104.9828,20.9795],[104.9775,20.9774],[104.9748,20.981],[104.9702,20.9818],[104.9641,20.9862],[104.9586,20.9853],[104.9552,20.9854],[104.9477,20.9842],[104.9405,20.9808],[104.9366,20.9827],[104.9379,20.9777],[104.9326,20.9786],[104.9287,20.9782],[104.9223,20.9719],[104.9227,20.9707],[104.9202,20.9657],[104.9234,20.9633],[104.9293,20.9512],[104.9356,20.9413],[104.9374,20.9359],[104.941,20.9315],[104.9514,20.9263],[104.953,20.9248],[104.9596,20.9164],[104.9629,20.9139],[104.9674,20.9125],[104.968,20.9145],[104.9742,20.9236],[104.9773,20.9263],[104.9779,20.928],[104.9755,20.9315],[104.9765,20.9341],[104.9759,20.9371],[104.9738,20.9383],[104.9741,20.9412],[104.9802,20.9419],[104.9826,20.943],[104.9866,20.9413],[104.9889,20.9421],[104.9925,20.9388],[105.0014,20.9338],[105.0039,20.9308],[105.006,20.931],[105.0084,20.9281],[105.011,20.9279],[105.0126,20.9256],[105.0184,20.9205],[105.0219,20.9202],[105.0253,20.923],[105.025,20.9246],[105.0273,20.9268],[105.0305,20.9281],[105.0365,20.9262],[105.0383,20.9265],[105.0424,20.9246],[105.0422,20.9289],[105.0399,20.932],[105.0367,20.9334],[105.0323,20.9371],[105.033,20.9429],[105.0369,20.944],[105.0474,20.9514],[105.0506,20.9499],[105.053,20.9477],[105.0575,20.9491],[105.0591,20.9516],[105.0624,20.9532],[105.0669,20.9499],[105.0703,20.9537],[105.0733,20.955],[105.079,20.9604],[105.0841,20.9556],[105.086,20.961],[105.0854,20.9637],[105.0892,20.9655],[105.0901,20.9684],[105.0891,20.9709],[105.0811,20.9791],[105.0767,20.987],[105.0714,20.9938],[105.07,20.9991],[105.0662,21.0021],[105.0639,21.0014],[105.061,21.0027],[105.0554,21.0101],[105.0538,21.0105],[105.0503,21.008],[105.0443,21.0108],[105.0403,21.0112],[105.0379,21.0124],[105.0362,21.0152]]]},"properties":{"ma_xa":"04849","ten_xa":"Tân Pheo","sap_nhap":"Đồng Chum, Giáp Đắt, Tân Pheo","tru_so":"đang cập nhật","loai":"Xã","cap":2,"stt":110,"dtich_km2":139.38,"dan_so":10528,"matdo_km2":75.53,"ma_tinh":"25","ten_tinh":"Phú Thọ"}},
{"type":"Feature","geometry":{"type":"Polygon","coordinates":[[[104.9918,21.2912],[104.9872,21.2912],[104.9833,21.2938],[104.9827,21.2954],[104.9793,21.2968],[104.9739,21.297],[104.9716,21.2979],[104.9675,21.302],[104.9657,21.302],[104.9628,21.307],[104.9537,21.3038],[104.947,21.3035],[104.9424,21.3052],[104.9396,21.3044],[104.9385,21.2975],[104.9336,21.2918],[104.9334,21.2884],[104.936,21.2871],[104.9387,21.2831],[104.9379,21.2808],[104.9398,21.2784],[104.9444,21.2671],[104.9449,21.2641],[104.9476,21.2608],[104.9502,21.2593],[104.9468,21.249],[104.9489,21.249],[104.954,21.2443],[104.956,21.2434],[104.9651,21.2326],[104.9643,21.2283],[104.9614,21.224],[104.962,21.2213],[104.9644,21.2199],[104.9653,21.2162],[104.9649,21.2129],[104.9682,21.2081],[104.9724,21.2106],[104.977,21.2079],[104.9759,21.2064],[104.9768,21.2019],[104.9813,21.1973],[104.986,21.1949],[104.9897,21.194],[104.9932,21.1943],[104.9946,21.1892],[104.9984,21.1887],[105.0017,21.1849],[105.0094,21.1829],[105.0108,21.1797],[105.0156,21.1849],[105.0189,21.1873],[105.0177,21.1907],[105.0206,21.1973],[105.0265,21.2024],[105.0274,21.2109],[105.0272,21.2169],[105.0257,21.2194],[105.0267,21.2218],[105.0299,21.2219],[105.0324,21.2261],[105.0401,21.2256],[105.0413,21.2229],[105.049,21.221],[105.058,21.2224],[105.0601,21.2236],[105.0639,21.2233],[105.0695,21.2217],[105.0725,21.218],[105.0759,21.2169],[105.0771,21.2192],[105.0826,21.2234],[105.086,21.2288],[105.09,21.2312],[105.0893,21.2352],[105.0829,21.2412],[105.0821,21.243],[105.0786,21.245],[105.0777,21.2499],[105.0781,21.2549],[105.0745,21.2564],[105.0684,21.2629],[105.0662,21.2679],[105.0569,21.2723],[105.0503,21.2745],[105.0458,21.2785],[105.0406,21.2805],[105.0378,21.2841],[105.0324,21.2864],[105.0302,21.2885],[105.0257,21.2892],[105.0225,21.2923],[105.02,21.2924],[105.0136,21.2898],[105.0107,21.2925],[105.0068,21.2944],[105.0045,21.2915],[104.9994,21.2888],[104.9934,21.2891],[104.9918,21.2912]]]},"properties":{"ma_xa":"08566","ten_xa":"Tân Sơn","sap_nhap":"Tân Phú (thị trấn), Thu Ngạc, Thạch Kiệt","tru_so":"đang cập nhật","loai":"Xã","cap":2,"stt":55,"dtich_km2":118.21,"dan_so":18246,"matdo_km2":154.35,"ma_tinh":"25","ten_tinh":"Phú Thọ"}},
{"type":"Feature","geometry":{"type":"Polygon","coordinates":[[[105.1829,21.6468],[105.1709,21.6415],[105.1667,21.6441],[105.1649,21.6471],[105.1654,21.6499],[105.1704,21.6553],[105.1704,21.6577],[105.1657,21.6596],[105.1606,21.6633],[105.155,21.6647],[105.1509,21.6664],[105.1452,21.6668],[105.1422,21.6684],[105.1381,21.6729],[105.1394,21.6773],[105.1371,21.68],[105.1321,21.6799],[105.1295,21.6765],[105.1305,21.672],[105.1281,21.6707],[105.1257,21.6719],[105.1217,21.6717],[105.1192,21.6705],[105.1108,21.668],[105.1084,21.6686],[105.1077,21.6733],[105.1059,21.6774],[105.0988,21.6758],[105.0977,21.6801],[105.0954,21.6808],[105.0917,21.6785],[105.0895,21.6767],[105.0852,21.6778],[105.0793,21.6739],[105.0785,21.6645],[105.0816,21.6609],[105.0852,21.6538],[105.0818,21.6507],[105.0792,21.6503],[105.0772,21.6484],[105.0787,21.6437],[105.0823,21.6381],[105.0845,21.6374],[105.0908,21.6391],[105.0928,21.6418],[105.0983,21.6396],[105.1001,21.6407],[105.1019,21.6384],[105.1081,21.6331],[105.1129,21.6354],[105.1163,21.6362],[105.1168,21.6279],[105.1179,21.6264],[105.1176,21.6229],[105.1116,21.6193],[105.1112,21.6177],[105.1079,21.6146],[105.1084,21.6119],[105.1065,21.611],[105.1068,21.6054],[105.1056,21.5996],[105.1026,21.5979],[105.1045,21.5907],[105.1039,21.5883],[105.1018,21.5865],[105.1057,21.5823],[105.1076,21.5818],[105.1083,21.5783],[105.106,21.5744],[105.1089,21.5724],[105.1106,21.573],[105.1133,21.5715],[105.119,21.5732],[105.1258,21.5763],[105.1294,21.5789],[105.1319,21.5821],[105.1373,21.5789],[105.1436,21.5792],[105.146,21.5766],[105.1471,21.5784],[105.1473,21.5823],[105.1461,21.5844],[105.1475,21.5878],[105.1471,21.5908],[105.1485,21.5938],[105.1466,21.5942],[105.1459,21.5989],[105.1426,21.6031],[105.1386,21.6043],[105.1359,21.6083],[105.1343,21.6089],[105.1352,21.6133],[105.1326,21.6176],[105.1358,21.6224],[105.1399,21.6245],[105.1418,21.6246],[105.1445,21.6284],[105.146,21.6289],[105.1473,21.634],[105.1464,21.6369],[105.1485,21.6376],[105.1529,21.6357],[105.1569,21.636],[105.1602,21.6346],[105.1602,21.6319],[105.1655,21.6316],[105.1702,21.6342],[105.1709,21.637],[105.1742,21.6364],[105.1781,21.6369],[105.1824,21.641],[105.1829,21.6468]]]},"properties":{"ma_xa":"08023","ten_xa":"Tây Cốc","sap_nhap":"Phú Lâm, Ca Đình, Tây Cốc","tru_so":"đang cập nhật","loai":"Xã","cap":2,"stt":25,"dtich_km2":59.07,"dan_so":21227,"matdo_km2":359.35,"ma_tinh":"25","ten_tinh":"Phú Thọ"}},
{"type":"Feature","geometry":{"type":"Polygon","coordinates":[[[105.535,21.2851],[105.5345,21.2839],[105.5252,21.2753],[105.5232,21.2719],[105.5247,21.2685],[105.5244,21.2663],[105.5257,21.2609],[105.5281,21.2581],[105.5327,21.2559],[105.5342,21.2573],[105.5376,21.2545],[105.5401,21.2534],[105.5417,21.251],[105.5387,21.247],[105.5421,21.2397],[105.5471,21.2357],[105.5513,21.236],[105.5547,21.2378],[105.5573,21.238],[105.5594,21.2367],[105.5613,21.2389],[105.5639,21.2369],[105.5656,21.2362],[105.5704,21.2418],[105.5759,21.2452],[105.5775,21.2472],[105.5778,21.2509],[105.5805,21.2536],[105.5764,21.2553],[105.5761,21.258],[105.5723,21.257],[105.5692,21.2571],[105.565,21.2619],[105.5635,21.2647],[105.5647,21.2679],[105.5683,21.2682],[105.569,21.2719],[105.5648,21.2742],[105.5601,21.2735],[105.5534,21.2752],[105.5501,21.2755],[105.5491,21.2791],[105.5465,21.2784],[105.5416,21.2813],[105.5403,21.2831],[105.5368,21.283],[105.535,21.2851]]]},"properties":{"ma_xa":"09040","ten_xa":"Tề Lỗ","sap_nhap":"Đồng Văn, Trung Nguyên, Tề Lỗ","tru_so":"đang cập nhật","loai":"Xã","cap":2,"stt":91,"dtich_km2":18.3,"dan_so":37232,"matdo_km2":2034.54,"ma_tinh":"25","ten_tinh":"Phú Thọ"}},
{"type":"Feature","geometry":{"type":"Polygon","coordinates":[[[105.5185,21.4794],[105.5159,21.4856],[105.5153,21.49],[105.5072,21.4895],[105.5051,21.4894],[105.4989,21.4866],[105.4983,21.485],[105.4922,21.483],[105.4889,21.4835],[105.4866,21.4824],[105.4846,21.4839],[105.4815,21.4824],[105.4789,21.4835],[105.4706,21.4834],[105.4689,21.4849],[105.4647,21.4849],[105.4624,21.4809],[105.463,21.4778],[105.4693,21.4744],[105.4712,21.4757],[105.4741,21.4744],[105.4745,21.47],[105.4777,21.4683],[105.4795,21.4638],[105.4813,21.4631],[105.4826,21.4574],[105.4848,21.4538],[105.4841,21.4504],[105.485,21.4455],[105.4826,21.4421],[105.4829,21.438],[105.4801,21.436],[105.4827,21.4297],[105.486,21.4286],[105.4858,21.4257],[105.4874,21.4246],[105.4861,21.4218],[105.4922,21.4206],[105.4956,21.4211],[105.4981,21.4198],[105.4992,21.4215],[105.5039,21.4233],[105.5051,21.4245],[105.5034,21.4344],[105.5019,21.4366],[105.5019,21.4394],[105.4987,21.4431],[105.502,21.4464],[105.5073,21.4457],[105.5107,21.4478],[105.5203,21.4487],[105.5208,21.4404],[105.5186,21.438],[105.5231,21.4344],[105.5221,21.4316],[105.5253,21.4337],[105.5284,21.4371],[105.5331,21.4403],[105.5339,21.4446],[105.5365,21.4478],[105.5368,21.4502],[105.5302,21.4562],[105.5297,21.4596],[105.5264,21.4636],[105.5253,21.4675],[105.5223,21.4705],[105.5211,21.4732],[105.5207,21.4775],[105.5185,21.4794]]]},"properties":{"ma_xa":"08788","ten_xa":"Thái Hòa","sap_nhap":"Bắc Bình, Liễn Sơn, Thái Hòa","tru_so":"đang cập nhật","loai":"Xã","cap":2,"stt":73,"dtich_km2":29,"dan_so":23943,"matdo_km2":825.62,"ma_tinh":"25","ten_tinh":"Phú Thọ"}},
{"type":"Feature","geometry":{"type":"Polygon","coordinates":[[[105.15,21.5583],[105.1493,21.56],[105.1526,21.5631],[105.1547,21.5682],[105.1501,21.5714],[105.146,21.5766],[105.1414,21.5708],[105.1364,21.5702],[105.1299,21.5649],[105.1331,21.5635],[105.1326,21.5586],[105.1341,21.5566],[105.1297,21.5538],[105.1281,21.5515],[105.129,21.5496],[105.1261,21.5479],[105.1227,21.5475],[105.1201,21.5483],[105.1168,21.5435],[105.1137,21.5412],[105.1103,21.5406],[105.109,21.5426],[105.1066,21.5425],[105.1011,21.5408],[105.0982,21.5382],[105.0959,21.5333],[105.0966,21.5288],[105.0917,21.5239],[105.0912,21.5187],[105.0865,21.5161],[105.0832,21.51],[105.0829,21.508],[105.0793,21.5094],[105.077,21.5055],[105.0776,21.5042],[105.0755,21.5011],[105.0806,21.4989],[105.0838,21.4934],[105.0833,21.4924],[105.0861,21.4902],[105.0877,21.4912],[105.091,21.4884],[105.0942,21.4871],[105.1016,21.4873],[105.1016,21.4848],[105.0984,21.4833],[105.1011,21.4815],[105.1056,21.4821],[105.1077,21.488],[105.1115,21.4927],[105.1158,21.4926],[105.1163,21.4907],[105.1196,21.4888],[105.1249,21.4899],[105.1273,21.4918],[105.1295,21.4911],[105.1351,21.4943],[105.1431,21.4903],[105.1458,21.4908],[105.1481,21.4926],[105.147,21.495],[105.1479,21.4984],[105.1507,21.4981],[105.1553,21.5041],[105.1523,21.5085],[105.1495,21.5109],[105.1444,21.5131],[105.1435,21.5147],[105.1353,21.5133],[105.1355,21.5168],[105.1338,21.5208],[105.1353,21.5229],[105.1347,21.5253],[105.1323,21.5259],[105.1323,21.5288],[105.1337,21.5308],[105.135,21.5365],[105.1366,21.5389],[105.1392,21.5393],[105.139,21.5462],[105.1405,21.5484],[105.1432,21.5495],[105.1463,21.5527],[105.1467,21.5558],[105.15,21.5583]]]},"properties":{"ma_xa":"08152","ten_xa":"Thanh Ba","sap_nhap":"Thanh Ba (thị trấn), Đồng Xuân, Hanh Cù, Vân Lĩnh","tru_so":"đang cập nhật","loai":"Xã","cap":2,"stt":18,"dtich_km2":38.6,"dan_so":30014,"matdo_km2":777.56,"ma_tinh":"25","ten_tinh":"Phú Thọ"}},
{"type":"Feature","geometry":{"type":"Polygon","coordinates":[[[105.4459,21.3238],[105.4422,21.3207],[105.4383,21.3242],[105.4353,21.3251],[105.4324,21.3219],[105.4262,21.3201],[105.4301,21.3179],[105.428,21.3157],[105.4248,21.3169],[105.4207,21.3139],[105.417,21.3124],[105.4091,21.3195],[105.4078,21.3187],[105.4028,21.3206],[105.3948,21.3135],[105.3945,21.311],[105.3927,21.3094],[105.392,21.3057],[105.4057,21.3],[105.4159,21.2972],[105.4203,21.2954],[105.4296,21.289],[105.4352,21.2866],[105.4401,21.2803],[105.4432,21.2713],[105.4439,21.2649],[105.447,21.265],[105.4484,21.2669],[105.448,21.2714],[105.4498,21.2819],[105.4519,21.2853],[105.4532,21.293],[105.4493,21.2954],[105.4493,21.2994],[105.4524,21.3005],[105.4554,21.3041],[105.4563,21.3093],[105.4549,21.3142],[105.4502,21.3196],[105.4459,21.3238]]]},"properties":{"ma_xa":"07909","ten_xa":"Thanh Miếu","sap_nhap":"Thọ Sơn, Tiên Cát, Bạch Hạc, Thanh Miếu, Sông Lô","tru_so":"đang cập nhật","loai":"Phường","cap":2,"stt":3,"dtich_km2":19.57,"dan_so":58548,"matdo_km2":2991.72,"ma_tinh":"25","ten_tinh":"Phú Thọ"}},
{"type":"Feature","geometry":{"type":"Polygon","coordinates":[[[105.2324,21.217],[105.2302,21.2203],[105.2295,21.2231],[105.2266,21.2256],[105.2234,21.2296],[105.2233,21.2326],[105.2214,21.2382],[105.2188,21.2401],[105.2201,21.2448],[105.2172,21.2497],[105.2173,21.2543],[105.2141,21.2541],[105.2105,21.2556],[105.2086,21.2548],[105.2063,21.2516],[105.2011,21.2529],[105.2006,21.2505],[105.1966,21.2489],[105.192,21.2495],[105.1875,21.2461],[105.1826,21.2531],[105.1783,21.2541],[105.1768,21.2519],[105.1728,21.2505],[105.1685,21.2502],[105.1676,21.2492],[105.1597,21.2493],[105.1618,21.2468],[105.163,21.2435],[105.1661,21.2402],[105.1655,21.2368],[105.1688,21.2337],[105.1703,21.2294],[105.1676,21.2269],[105.1665,21.2223],[105.1668,21.2202],[105.1655,21.2119],[105.167,21.2094],[105.1695,21.2076],[105.1701,21.2046],[105.169,21.2029],[105.1654,21.2029],[105.1635,21.2014],[105.1594,21.2019],[105.157,21.2074],[105.1528,21.2088],[105.1527,21.2066],[105.1545,21.2048],[105.1552,21.2019],[105.1591,21.1987],[105.1582,21.1889],[105.1596,21.1824],[105.1585,21.1775],[105.1551,21.1739],[105.1583,21.1699],[105.1613,21.1676],[105.1617,21.1646],[105.1597,21.1604],[105.1643,21.1545],[105.1667,21.1529],[105.1698,21.1533],[105.1748,21.1478],[105.1788,21.1447],[105.1827,21.148],[105.1863,21.1459],[105.1899,21.1505],[105.1887,21.1542],[105.1916,21.1563],[105.1958,21.1614],[105.1989,21.1629],[105.1964,21.166],[105.1989,21.17],[105.2031,21.171],[105.2027,21.1689],[105.208,21.1644],[105.2101,21.1645],[105.2131,21.1627],[105.2158,21.1679],[105.2211,21.1677],[105.2233,21.1684],[105.2264,21.1657],[105.2276,21.1636],[105.234,21.164],[105.2462,21.1655],[105.2473,21.1669],[105.2525,21.1692],[105.2549,21.1694],[105.267,21.1663],[105.2678,21.1669],[105.2663,21.1737],[105.2691,21.1738],[105.2733,21.1717],[105.2756,21.1743],[105.2747,21.1777],[105.2758,21.1817],[105.2738,21.1822],[105.2735,21.1864],[105.2706,21.1862],[105.2646,21.189],[105.2603,21.1916],[105.2576,21.1945],[105.2562,21.198],[105.2514,21.2009],[105.2476,21.2],[105.2419,21.202],[105.2369,21.2054],[105.2347,21.2096],[105.2345,21.2124],[105.2324,21.217]]]},"properties":{"ma_xa":"08542","ten_xa":"Thanh Sơn","sap_nhap":"Thanh Sơn (thị trấn), Sơn Hùng, Giáp Lai, Thạch Khoán, Thục Luyện","tru_so":"đang cập nhật","loai":"Xã","cap":2,"stt":48,"dtich_km2":84.55,"dan_so":38776,"matdo_km2":458.62,"ma_tinh":"25","ten_tinh":"Phú Thọ"}},
{"type":"Feature","geometry":{"type":"Polygon","coordinates":[[[105.2943,21.1759],[105.2921,21.1789],[105.2886,21.181],[105.285,21.181],[105.2811,21.1834],[105.2796,21.1828],[105.2735,21.1864],[105.2738,21.1822],[105.2758,21.1817],[105.2747,21.1777],[105.2756,21.1743],[105.2733,21.1717],[105.2691,21.1738],[105.2663,21.1737],[105.2678,21.1669],[105.267,21.1663],[105.2549,21.1694],[105.2525,21.1692],[105.2473,21.1669],[105.2462,21.1655],[105.234,21.164],[105.2346,21.1622],[105.2411,21.155],[105.2398,21.1533],[105.2397,21.1492],[105.2414,21.146],[105.2399,21.1434],[105.2399,21.1402],[105.2478,21.1329],[105.2481,21.1318],[105.2532,21.1303],[105.2554,21.1277],[105.2585,21.1266],[105.2603,21.1236],[105.2638,21.1203],[105.266,21.117],[105.2629,21.1158],[105.2617,21.1139],[105.2674,21.1143],[105.2719,21.121],[105.2786,21.1277],[105.2831,21.1261],[105.2843,21.1244],[105.2875,21.1229],[105.292,21.1228],[105.2967,21.1247],[105.2997,21.1218],[105.3034,21.1223],[105.3023,21.125],[105.31,21.1289],[105.3072,21.1344],[105.3035,21.1381],[105.2947,21.1478],[105.2884,21.1581],[105.286,21.1612],[105.2854,21.1719],[105.2896,21.1731],[105.292,21.172],[105.2943,21.1759]]]},"properties":{"ma_xa":"08674","ten_xa":"Thanh Thủy","sap_nhap":"Sơn Thủy (huyện Thanh Thủy), Đoan Hạ, Bảo Yên, Thanh Thủy (thị trấn)","tru_so":"đang cập nhật","loai":"Xã","cap":2,"stt":45,"dtich_km2":31.08,"dan_so":27678,"matdo_km2":890.54,"ma_tinh":"25","ten_tinh":"Phú Thọ"}},
{"type":"Feature","geometry":{"type":"Polygon","coordinates":[[[105.3875,21.0244],[105.379,21.0192],[105.3769,21.016],[105.3727,21.0138],[105.366,21.0126],[105.361,21.0105],[105.358,21.0086],[105.3534,21.0072],[105.3508,21.0093],[105.3478,21.0142],[105.3427,21.0127],[105.3389,21.0134],[105.3354,21.0117],[105.3339,21.0086],[105.3293,21.0081],[105.3258,21.0096],[105.3271,21.012],[105.3267,21.0164],[105.3287,21.0176],[105.3305,21.0229],[105.3274,21.0238],[105.3265,21.0215],[105.3217,21.0202],[105.3164,21.0136],[105.3193,21.0083],[105.3255,20.9998],[105.3302,20.9855],[105.3344,20.9766],[105.3385,20.962],[105.3423,20.951],[105.3444,20.9401],[105.3464,20.9286],[105.3488,20.9178],[105.3561,20.9187],[105.3591,20.9178],[105.3594,20.9216],[105.3628,20.9236],[105.3645,20.9306],[105.3696,20.9299],[105.3738,20.9316],[105.3803,20.9291],[105.3857,20.9252],[105.39,20.9262],[105.3942,20.9248],[105.4067,20.9306],[105.4099,20.9309],[105.4107,20.9292],[105.4168,20.9276],[105.4231,20.9322],[105.4223,20.9356],[105.423,20.9393],[105.4271,20.9421],[105.4292,20.945],[105.4291,20.9468],[105.4336,20.9539],[105.4337,20.9567],[105.437,20.9551],[105.443,20.9567],[105.4443,20.9563],[105.4442,20.9564],[105.443,20.9626],[105.4401,20.9665],[105.4357,20.9744],[105.4278,20.9822],[105.4221,20.9819],[105.4213,20.9875],[105.4179,20.9926],[105.4172,20.9976],[105.4126,20.9984],[105.4034,20.9979],[105.3938,21.0029],[105.3917,21.0069],[105.3925,21.0086],[105.3919,21.0144],[105.3866,21.0202],[105.3875,21.0244]]]},"properties":{"ma_xa":"04897","ten_xa":"Thịnh Minh","sap_nhap":"Hợp Thành, Quang Tiến, Thịnh Minh","tru_so":"đang cập nhật","loai":"Xã","cap":2,"stt":144,"dtich_km2":89.21,"dan_so":19198,"matdo_km2":215.2,"ma_tinh":"25","ten_tinh":"Phú Thọ"}},
{"type":"Feature","geometry":{"type":"Polygon","coordinates":[[[105.5132,21.2584],[105.5078,21.2569],[105.505,21.2574],[105.5029,21.2598],[105.5022,21.2625],[105.4991,21.2638],[105.4965,21.263],[105.4907,21.2689],[105.4882,21.2694],[105.4866,21.2691],[105.4875,21.2638],[105.484,21.2636],[105.4817,21.2609],[105.4813,21.2582],[105.477,21.2597],[105.4763,21.2576],[105.4711,21.2551],[105.4741,21.2542],[105.4769,21.2505],[105.4783,21.2445],[105.4754,21.2432],[105.4693,21.2379],[105.4712,21.2357],[105.4686,21.2339],[105.4685,21.23],[105.47,21.2275],[105.4737,21.2276],[105.4744,21.2232],[105.4762,21.2233],[105.4773,21.2203],[105.4771,21.2142],[105.4716,21.2127],[105.4739,21.2057],[105.4789,21.1997],[105.484,21.1953],[105.4935,21.1955],[105.4965,21.1967],[105.4982,21.199],[105.4966,21.2004],[105.4977,21.2031],[105.5023,21.21],[105.5003,21.21],[105.5008,21.2132],[105.4944,21.2147],[105.495,21.2176],[105.5006,21.2174],[105.5007,21.219],[105.4941,21.2208],[105.493,21.2224],[105.4946,21.2307],[105.4987,21.2306],[105.5011,21.2332],[105.5002,21.2359],[105.5052,21.2383],[105.506,21.2411],[105.5088,21.2423],[105.511,21.2472],[105.5115,21.2524],[105.5108,21.2541],[105.5136,21.2559],[105.5132,21.2584]]]},"properties":{"ma_xa":"09112","ten_xa":"Thổ Tang","sap_nhap":"Thổ Tang (thị trấn), Thượng Trưng, Tuân Chính","tru_so":"đang cập nhật","loai":"Xã","cap":2,"stt":85,"dtich_km2":21.3,"dan_so":43208,"matdo_km2":2028.54,"ma_tinh":"25","ten_tinh":"Phú Thọ"}},
{"type":"Feature","geometry":{"type":"Polygon","coordinates":[[[105.2414,21.2698],[105.2384,21.2693],[105.2327,21.2725],[105.2281,21.2716],[105.2242,21.2722],[105.2189,21.2673],[105.2141,21.2692],[105.2115,21.2711],[105.2077,21.2714],[105.2053,21.2697],[105.2026,21.2742],[105.1979,21.2726],[105.1968,21.2742],[105.1918,21.2764],[105.1894,21.2752],[105.1871,21.2773],[105.1845,21.2771],[105.184,21.28],[105.1765,21.2791],[105.1768,21.2814],[105.1741,21.2865],[105.1707,21.2882],[105.1683,21.2833],[105.1678,21.279],[105.1651,21.2765],[105.164,21.274],[105.1615,21.2742],[105.1573,21.2729],[105.1548,21.2733],[105.1537,21.2706],[105.1492,21.27],[105.1508,21.2643],[105.1497,21.262],[105.1503,21.259],[105.153,21.2566],[105.1596,21.253],[105.1597,21.2493],[105.1676,21.2492],[105.1685,21.2502],[105.1728,21.2505],[105.1768,21.2519],[105.1783,21.2541],[105.1826,21.2531],[105.1875,21.2461],[105.192,21.2495],[105.1966,21.2489],[105.2006,21.2505],[105.2011,21.2529],[105.2063,21.2516],[105.2086,21.2548],[105.2105,21.2556],[105.2141,21.2541],[105.2173,21.2543],[105.2172,21.2497],[105.2201,21.2448],[105.2188,21.2401],[105.2214,21.2382],[105.2233,21.2326],[105.2234,21.2296],[105.2266,21.2256],[105.2295,21.2231],[105.2302,21.2203],[105.2324,21.217],[105.2383,21.2211],[105.2445,21.2211],[105.2474,21.2227],[105.2507,21.2231],[105.2552,21.2268],[105.2566,21.2265],[105.2634,21.232],[105.2647,21.236],[105.267,21.2355],[105.2733,21.2389],[105.276,21.2388],[105.2817,21.2453],[105.281,21.2482],[105.2757,21.2529],[105.2702,21.2566],[105.2699,21.26],[105.2662,21.265],[105.2643,21.2596],[105.2594,21.2571],[105.2551,21.2606],[105.2488,21.2623],[105.2456,21.2664],[105.2428,21.2678],[105.2414,21.2698]]]},"properties":{"ma_xa":"08479","ten_xa":"Thọ Văn","sap_nhap":"Dị Nậu, Tề Lễ, Thọ Văn","tru_so":"đang cập nhật","loai":"Xã","cap":2,"stt":42,"dtich_km2":43.54,"dan_so":15281,"matdo_km2":350.96,"ma_tinh":"25","ten_tinh":"Phú Thọ"}},
{"type":"Feature","geometry":{"type":"Polygon","coordinates":[[[105.3785,20.8076],[105.3704,20.8062],[105.3687,20.8049],[105.3636,20.8052],[105.3604,20.804],[105.3568,20.8054],[105.3508,20.8096],[105.3519,20.814],[105.3466,20.8161],[105.3441,20.8139],[105.3455,20.8119],[105.3432,20.8069],[105.3377,20.8062],[105.3353,20.8025],[105.3317,20.8016],[105.3301,20.8025],[105.3303,20.8057],[105.3261,20.8068],[105.3243,20.8049],[105.3205,20.8036],[105.314,20.8068],[105.3103,20.807],[105.3082,20.8061],[105.3039,20.8021],[105.2978,20.7982],[105.2923,20.7971],[105.2873,20.7973],[105.2809,20.7992],[105.2774,20.7934],[105.2772,20.79],[105.2749,20.7849],[105.2692,20.7815],[105.2679,20.7792],[105.2639,20.7764],[105.2634,20.7742],[105.262,20.7713],[105.2686,20.7695],[105.269,20.7706],[105.2748,20.7739],[105.2812,20.7763],[105.2881,20.7811],[105.2899,20.7804],[105.2958,20.7844],[105.2977,20.7819],[105.3025,20.7775],[105.3033,20.7746],[105.3035,20.769],[105.3046,20.768],[105.3128,20.7667],[105.3155,20.7699],[105.3157,20.7729],[105.3182,20.7737],[105.3211,20.7715],[105.3233,20.7633],[105.3272,20.7616],[105.328,20.764],[105.3307,20.7627],[105.3339,20.757],[105.3342,20.7532],[105.3364,20.7483],[105.3385,20.7464],[105.3476,20.7432],[105.351,20.7447],[105.3543,20.7449],[105.3585,20.7464],[105.3624,20.7517],[105.3649,20.7527],[105.368,20.7585],[105.3711,20.7603],[105.373,20.7601],[105.3775,20.7622],[105.3778,20.7665],[105.378,20.77],[105.3732,20.7805],[105.3729,20.7835],[105.3729,20.7869],[105.3758,20.793],[105.376,20.8],[105.377,20.8057],[105.3785,20.8076]]]},"properties":{"ma_xa":"04828","ten_xa":"Thống Nhất","sap_nhap":"Dân Chủ, Thái Bình, Thống Nhất, Vầy Nưa (1 phần)","tru_so":"đang cập nhật","loai":"Phường","cap":2,"stt":148,"dtich_km2":55.21,"dan_so":22897,"matdo_km2":414.73,"ma_tinh":"25","ten_tinh":"Phú Thọ"}},
{"type":"Feature","geometry":{"type":"Polygon","coordinates":[[[104.8979,21.3433],[104.8954,21.3436],[104.8904,21.3422],[104.8829,21.3418],[104.8787,21.345],[104.8752,21.3464],[104.8718,21.3493],[104.8671,21.3598],[104.8655,21.3608],[104.8642,21.3648],[104.8585,21.3655],[104.8547,21.3633],[104.8539,21.3593],[104.8549,21.3552],[104.8545,21.3519],[104.8471,21.3526],[104.8448,21.3515],[104.8454,21.3481],[104.8474,21.3434],[104.8418,21.3387],[104.8385,21.3389],[104.8348,21.337],[104.8324,21.3372],[104.8271,21.3402],[104.8235,21.3384],[104.8202,21.3383],[104.8176,21.3366],[104.8139,21.3326],[104.8156,21.3288],[104.8148,21.3276],[104.817,21.3236],[104.8294,21.315],[104.8316,21.3152],[104.8368,21.3139],[104.8431,21.3106],[104.8428,21.3008],[104.8409,21.2897],[104.8419,21.2824],[104.8411,21.281],[104.8435,21.2737],[104.8405,21.2655],[104.843,21.2608],[104.8469,21.2584],[104.8499,21.2582],[104.8508,21.2543],[104.8481,21.2505],[104.8495,21.2495],[104.8525,21.2523],[104.8536,21.2549],[104.8588,21.2615],[104.8645,21.2582],[104.8659,21.2564],[104.8725,21.2572],[104.8776,21.2536],[104.8821,21.2541],[104.8865,21.256],[104.8913,21.2556],[104.8961,21.2538],[104.8979,21.2558],[104.9041,21.2551],[104.9071,21.258],[104.911,21.2551],[104.9122,21.2532],[104.9249,21.2515],[104.9268,21.2498],[104.9334,21.2547],[104.9351,21.2581],[104.9444,21.2671],[104.9398,21.2784],[104.9379,21.2808],[104.9387,21.2831],[104.936,21.2871],[104.9334,21.2884],[104.9336,21.2918],[104.9385,21.2975],[104.9396,21.3044],[104.9381,21.3071],[104.9379,21.3125],[104.9332,21.3154],[104.9317,21.3179],[104.9285,21.3202],[104.9261,21.3264],[104.9222,21.3288],[104.9185,21.3269],[104.9162,21.3286],[104.9097,21.3292],[104.9085,21.3327],[104.9033,21.3389],[104.8993,21.3405],[104.8979,21.3433]]]},"properties":{"ma_xa":"08545","ten_xa":"Thu Cúc","sap_nhap":"Thu Cúc","tru_so":"đang cập nhật","loai":"Xã","cap":2,"stt":58,"dtich_km2":100.51,"dan_so":11313,"matdo_km2":112.56,"ma_tinh":"25","ten_tinh":"Phú Thọ"}},
{"type":"Feature","geometry":{"type":"Polygon","coordinates":[[[105.2634,20.7742],[105.2609,20.7744],[105.2584,20.7776],[105.2535,20.7782],[105.2519,20.7793],[105.245,20.7803],[105.2396,20.7801],[105.2325,20.7854],[105.2268,20.7823],[105.2242,20.78],[105.2169,20.7717],[105.2113,20.7707],[105.2044,20.7719],[105.196,20.7719],[105.1927,20.7713],[105.1866,20.7652],[105.1781,20.7618],[105.1788,20.758],[105.178,20.7557],[105.1846,20.7509],[105.1901,20.7496],[105.1907,20.7481],[105.1986,20.7471],[105.2018,20.7496],[105.2034,20.7496],[105.2091,20.7409],[105.2115,20.7395],[105.2136,20.74],[105.217,20.736],[105.2161,20.7304],[105.2145,20.7256],[105.2214,20.7234],[105.2244,20.7219],[105.2266,20.7162],[105.2294,20.716],[105.2321,20.7172],[105.2351,20.7159],[105.2401,20.7165],[105.2422,20.7144],[105.2455,20.7143],[105.248,20.7163],[105.2526,20.7174],[105.2551,20.7231],[105.2583,20.7219],[105.2625,20.7171],[105.2645,20.7136],[105.2675,20.7119],[105.2728,20.7131],[105.2772,20.7119],[105.28,20.7121],[105.2797,20.7053],[105.2784,20.701],[105.2819,20.7013],[105.2825,20.6981],[105.2858,20.6975],[105.2878,20.7],[105.2899,20.7093],[105.2954,20.7095],[105.2986,20.7108],[105.3014,20.7137],[105.3034,20.7133],[105.3067,20.7159],[105.3111,20.7139],[105.3139,20.7204],[105.316,20.7229],[105.3167,20.7261],[105.3192,20.7278],[105.3229,20.7278],[105.3232,20.7309],[105.3198,20.7336],[105.3198,20.7381],[105.3248,20.7407],[105.3262,20.7432],[105.3287,20.7437],[105.3318,20.7466],[105.3314,20.7496],[105.3282,20.7541],[105.3263,20.7589],[105.3233,20.7633],[105.3211,20.7715],[105.3182,20.7737],[105.3157,20.7729],[105.3155,20.7699],[105.3128,20.7667],[105.3046,20.768],[105.3035,20.769],[105.3033,20.7746],[105.3025,20.7775],[105.2977,20.7819],[105.2958,20.7844],[105.2899,20.7804],[105.2881,20.7811],[105.2812,20.7763],[105.2748,20.7739],[105.269,20.7706],[105.2686,20.7695],[105.262,20.7713],[105.2634,20.7742]]]},"properties":{"ma_xa":"05092","ten_xa":"Thung Nai","sap_nhap":"Bắc Phong, Bình Thanh, Thung Nai","tru_so":"đang cập nhật","loai":"Xã","cap":2,"stt":105,"dtich_km2":86.34,"dan_so":10600,"matdo_km2":122.77,"ma_tinh":"25","ten_tinh":"Phú Thọ"}},
{"type":"Feature","geometry":{"type":"Polygon","coordinates":[[[105.4289,20.6075],[105.4171,20.6055],[105.4145,20.6035],[105.4117,20.6065],[105.4042,20.608],[105.4017,20.607],[105.3961,20.608],[105.3949,20.606],[105.3911,20.6026],[105.3893,20.6022],[105.3847,20.5964],[105.3846,20.5931],[105.3832,20.591],[105.3823,20.5838],[105.3879,20.5805],[105.3894,20.5787],[105.3953,20.5747],[105.3927,20.5717],[105.3882,20.569],[105.3835,20.5675],[105.3816,20.5649],[105.382,20.5624],[105.3801,20.5611],[105.378,20.5571],[105.3813,20.552],[105.381,20.5483],[105.3784,20.5484],[105.3771,20.5469],[105.3775,20.5425],[105.3792,20.5386],[105.3762,20.5351],[105.3742,20.5354],[105.3676,20.5316],[105.3673,20.5279],[105.3644,20.5247],[105.3637,20.519],[105.3614,20.5133],[105.3584,20.5121],[105.3545,20.5122],[105.3515,20.5083],[105.3546,20.5056],[105.3593,20.5046],[105.3642,20.5007],[105.3702,20.4975],[105.3742,20.4943],[105.3766,20.489],[105.3822,20.4858],[105.3841,20.4835],[105.3869,20.4829],[105.389,20.4805],[105.3918,20.4801],[105.3924,20.478],[105.3954,20.4773],[105.397,20.4847],[105.397,20.487],[105.3992,20.488],[105.4012,20.4908],[105.4036,20.4898],[105.4075,20.4861],[105.4088,20.4874],[105.4093,20.4912],[105.408,20.4951],[105.4104,20.5006],[105.41,20.5044],[105.4079,20.5099],[105.4088,20.5127],[105.4081,20.5157],[105.4081,20.5246],[105.4092,20.5281],[105.4071,20.5333],[105.4044,20.535],[105.4046,20.5378],[105.408,20.5421],[105.4104,20.5431],[105.4155,20.5426],[105.4175,20.5434],[105.4206,20.5466],[105.4251,20.5477],[105.4239,20.5524],[105.4244,20.5536],[105.4248,20.5643],[105.4266,20.5656],[105.4273,20.5741],[105.4268,20.5753],[105.4295,20.5833],[105.4295,20.5916],[105.429,20.5953],[105.4308,20.5996],[105.4288,20.6055],[105.4289,20.6075]]]},"properties":{"ma_xa":"05293","ten_xa":"Thượng Cốc","sap_nhap":"Miền Đồi, Văn Sơn, Thượng Cốc","tru_so":"đang cập nhật","loai":"Xã","cap":2,"stt":123,"dtich_km2":58.38,"dan_so":18430,"matdo_km2":315.69,"ma_tinh":"25","ten_tinh":"Phú Thọ"}},
{"type":"Feature","geometry":{"type":"Polygon","coordinates":[[[105.0043,21.3703],[104.9996,21.3715],[104.9972,21.3711],[104.9952,21.3654],[104.9981,21.3631],[104.9979,21.3576],[104.9932,21.3521],[104.9961,21.349],[104.9945,21.3461],[104.9947,21.3429],[104.9894,21.3406],[104.9858,21.3379],[104.9855,21.3347],[104.9834,21.3336],[104.9808,21.3299],[104.9809,21.3265],[104.9861,21.3219],[104.9892,21.3172],[104.9894,21.3147],[104.9914,21.3114],[104.9927,21.3016],[104.9917,21.2952],[104.9918,21.2912],[104.9934,21.2891],[104.9994,21.2888],[105.0045,21.2915],[105.0068,21.2944],[105.0107,21.2925],[105.0136,21.2898],[105.02,21.2924],[105.0225,21.2923],[105.0257,21.2892],[105.0302,21.2885],[105.0324,21.2864],[105.0378,21.2841],[105.0406,21.2805],[105.0458,21.2785],[105.0503,21.2745],[105.0569,21.2723],[105.0662,21.2679],[105.0686,21.2694],[105.0718,21.2732],[105.0733,21.2732],[105.083,21.2661],[105.0858,21.2673],[105.0884,21.267],[105.0927,21.2722],[105.0963,21.2742],[105.0939,21.2889],[105.0926,21.2916],[105.0941,21.2959],[105.0917,21.3],[105.0874,21.3017],[105.0763,21.302],[105.0728,21.3026],[105.0695,21.3008],[105.0649,21.3014],[105.0621,21.3027],[105.0563,21.3032],[105.0561,21.3068],[105.0574,21.3136],[105.0545,21.3158],[105.0466,21.3144],[105.0448,21.3154],[105.0385,21.3148],[105.0362,21.3185],[105.0383,21.3235],[105.0366,21.3262],[105.0389,21.3279],[105.0414,21.3345],[105.0406,21.3397],[105.0422,21.3445],[105.0372,21.3465],[105.0296,21.3445],[105.0273,21.3445],[105.0274,21.3496],[105.0238,21.3572],[105.0203,21.36],[105.0188,21.3596],[105.015,21.3633],[105.0086,21.3646],[105.0064,21.3666],[105.0043,21.3703]]]},"properties":{"ma_xa":"08323","ten_xa":"Thượng Long","sap_nhap":"Phúc Khánh, Nga Hoàng, Thượng Long","tru_so":"đang cập nhật","loai":"Xã","cap":2,"stt":62,"dtich_km2":60.36,"dan_so":16108,"matdo_km2":266.87,"ma_tinh":"25","ten_tinh":"Phú Thọ"}},
{"type":"Feature","geometry":{"type":"Polygon","coordinates":[[[105.4878,21.3887],[105.487,21.3833],[105.4886,21.3807],[105.4853,21.3787],[105.4823,21.3791],[105.4768,21.3825],[105.4768,21.3849],[105.4748,21.3865],[105.4718,21.3924],[105.4697,21.3943],[105.4656,21.3935],[105.4624,21.3965],[105.4608,21.4003],[105.4535,21.3969],[105.4509,21.3919],[105.449,21.3914],[105.4481,21.3843],[105.4444,21.3834],[105.4434,21.3817],[105.4454,21.3789],[105.4479,21.379],[105.45,21.3739],[105.4491,21.3726],[105.445,21.3711],[105.4453,21.3612],[105.4465,21.3555],[105.4446,21.35],[105.4475,21.3443],[105.4517,21.3422],[105.4518,21.3407],[105.4551,21.3399],[105.4551,21.343],[105.457,21.3432],[105.4609,21.3463],[105.4623,21.3541],[105.4647,21.355],[105.4679,21.3541],[105.4692,21.3569],[105.4726,21.357],[105.4745,21.3548],[105.4795,21.3529],[105.484,21.3527],[105.4834,21.348],[105.49,21.3426],[105.491,21.3409],[105.4945,21.3383],[105.5016,21.3374],[105.5046,21.3384],[105.5071,21.3413],[105.5035,21.344],[105.4994,21.3452],[105.5009,21.3481],[105.5036,21.3476],[105.5083,21.3481],[105.5127,21.35],[105.5142,21.3524],[105.5144,21.3566],[105.5096,21.3605],[105.5107,21.3633],[105.5145,21.362],[105.515,21.365],[105.518,21.3673],[105.5183,21.3721],[105.5161,21.3737],[105.5089,21.37],[105.5086,21.374],[105.5108,21.3773],[105.5164,21.3781],[105.5177,21.3797],[105.5176,21.383],[105.5167,21.3839],[105.509,21.3822],[105.5054,21.3832],[105.5039,21.3816],[105.4978,21.386],[105.4955,21.3863],[105.4938,21.3883],[105.4878,21.3887]]]},"properties":{"ma_xa":"08842","ten_xa":"Tiên Lữ","sap_nhap":"Xuân Lôi, Văn Quán, Đồng Ích, Tiên Lữ","tru_so":"đang cập nhật","loai":"Xã","cap":2,"stt":72,"dtich_km2":31.8,"dan_so":32710,"matdo_km2":1028.62,"ma_tinh":"25","ten_tinh":"Phú Thọ"}},
{"type":"Feature","geometry":{"type":"Polygon","coordinates":[[[105.0472,21.5005],[105.0475,21.4982],[105.044,21.4957],[105.0481,21.4949],[105.047,21.4928],[105.044,21.4915],[105.0412,21.4885],[105.039,21.491],[105.0366,21.4902],[105.0336,21.4922],[105.0314,21.4956],[105.0278,21.4968],[105.0235,21.4943],[105.0191,21.4931],[105.0189,21.495],[105.0146,21.495],[105.0111,21.4997],[105.0067,21.4982],[105.0006,21.4942],[104.9983,21.496],[104.994,21.4953],[104.9908,21.4977],[104.9884,21.4975],[104.9833,21.5005],[104.9821,21.5003],[104.9775,21.4946],[104.9791,21.4923],[104.9786,21.4874],[104.9809,21.4837],[104.9818,21.4775],[104.9811,21.475],[104.9869,21.4719],[104.9912,21.4709],[104.996,21.4676],[104.997,21.4625],[104.9922,21.4554],[104.9908,21.4493],[104.9948,21.441],[104.9939,21.438],[104.9956,21.4355],[104.9995,21.4308],[105.004,21.4283],[105.0046,21.4259],[105.0076,21.4261],[105.0112,21.4244],[105.016,21.4202],[105.0204,21.4239],[105.0223,21.4225],[105.0244,21.4239],[105.0273,21.4287],[105.0333,21.4316],[105.0326,21.4358],[105.0337,21.4398],[105.0353,21.4414],[105.0399,21.4414],[105.0438,21.4404],[105.0452,21.4437],[105.0482,21.4474],[105.0495,21.4465],[105.0555,21.4472],[105.0625,21.446],[105.0633,21.4523],[105.0604,21.4564],[105.0573,21.4627],[105.0596,21.4641],[105.0634,21.4703],[105.0652,21.4688],[105.0684,21.4686],[105.0695,21.4654],[105.073,21.4667],[105.0764,21.4659],[105.0788,21.4688],[105.0797,21.473],[105.0749,21.4791],[105.0792,21.4831],[105.0761,21.4859],[105.0679,21.4893],[105.0618,21.4931],[105.0565,21.4936],[105.0511,21.4963],[105.0472,21.5005]]]},"properties":{"ma_xa":"08344","ten_xa":"Tiên Lương","sap_nhap":"Phượng Vĩ, Minh Thắng, Tiên Lương","tru_so":"đang cập nhật","loai":"Xã","cap":2,"stt":39,"dtich_km2":54.55,"dan_so":38028,"matdo_km2":697.12,"ma_tinh":"25","ten_tinh":"Phú Thọ"}},
{"type":"Feature","geometry":{"type":"Polygon","coordinates":[[[105.1083,20.845],[105.1052,20.8445],[105.1003,20.8448],[105.0976,20.846],[105.0953,20.8484],[105.0864,20.8497],[105.0865,20.8475],[105.0853,20.8416],[105.0836,20.8402],[105.0823,20.8326],[105.0869,20.8292],[105.0869,20.8233],[105.085,20.8201],[105.0843,20.8133],[105.0922,20.8091],[105.0971,20.8057],[105.0998,20.8001],[105.0999,20.7966],[105.099,20.7912],[105.0979,20.7888],[105.0834,20.7745],[105.0795,20.7714],[105.0778,20.7691],[105.077,20.7658],[105.0788,20.7618],[105.0833,20.7608],[105.1023,20.7639],[105.1099,20.7626],[105.1122,20.7612],[105.1132,20.7557],[105.1158,20.7521],[105.1202,20.7531],[105.134,20.752],[105.1386,20.751],[105.1438,20.7522],[105.1457,20.754],[105.1481,20.7587],[105.1505,20.7673],[105.1521,20.77],[105.1545,20.7709],[105.161,20.7655],[105.1665,20.7619],[105.1698,20.7606],[105.174,20.7607],[105.1781,20.7618],[105.1866,20.7652],[105.1927,20.7713],[105.196,20.7719],[105.2044,20.7719],[105.2113,20.7707],[105.2169,20.7717],[105.2242,20.78],[105.2268,20.7823],[105.2325,20.7854],[105.2396,20.7801],[105.245,20.7803],[105.2519,20.7793],[105.2535,20.7782],[105.2584,20.7776],[105.2609,20.7744],[105.2634,20.7742],[105.2639,20.7764],[105.2679,20.7792],[105.2692,20.7815],[105.2749,20.7849],[105.2772,20.79],[105.2774,20.7934],[105.2809,20.7992],[105.2742,20.8015],[105.2684,20.8029],[105.2606,20.806],[105.2519,20.8052],[105.2486,20.8097],[105.2461,20.8107],[105.2458,20.8138],[105.2409,20.8182],[105.2368,20.8263],[105.233,20.8264],[105.2261,20.8252],[105.2197,20.8285],[105.2101,20.8289],[105.2094,20.8299],[105.2034,20.8319],[105.2019,20.8331],[105.1949,20.8355],[105.1916,20.8358],[105.1888,20.8328],[105.1862,20.8318],[105.1837,20.8291],[105.1801,20.8277],[105.1784,20.8239],[105.1761,20.8231],[105.1723,20.8195],[105.1729,20.8153],[105.1708,20.8149],[105.1673,20.8118],[105.1655,20.8053],[105.1598,20.8071],[105.1565,20.8057],[105.1501,20.8074],[105.1475,20.8066],[105.1407,20.8077],[105.135,20.8101],[105.1332,20.8127],[105.1309,20.8137],[105.1256,20.8141],[105.1257,20.8197],[105.1307,20.8214],[105.1319,20.8226],[105.1379,20.8249],[105.1337,20.8317],[105.1321,20.8334],[105.1325,20.8405],[105.1264,20.8438],[105.1232,20.8433],[105.1217,20.8444],[105.1168,20.8454],[105.1109,20.844],[105.1083,20.845]]]},"properties":{"ma_xa":"04891","ten_xa":"Tiền Phong","sap_nhap":"Tiền Phong, Vầy Nưa (1 phần)","tru_so":"đang cập nhật","loai":"Xã","cap":2,"stt":111,"dtich_km2":116.31,"dan_so":5246,"matdo_km2":45.1,"ma_tinh":"25","ten_tinh":"Phú Thọ"}},
{"type":"Feature","geometry":{"type":"Polygon","coordinates":[[[105.2427,20.629],[105.2404,20.6307],[105.2378,20.6307],[105.2354,20.6278],[105.2348,20.6219],[105.236,20.6178],[105.235,20.6148],[105.2331,20.6136],[105.2304,20.6156],[105.2281,20.6098],[105.2281,20.6054],[105.2302,20.6034],[105.2307,20.5986],[105.2297,20.5969],[105.2257,20.5973],[105.2239,20.5963],[105.2255,20.5933],[105.218,20.5908],[105.2157,20.5892],[105.2142,20.5911],[105.2038,20.5826],[105.2048,20.5802],[105.2034,20.5779],[105.2062,20.5754],[105.2067,20.5711],[105.2116,20.5677],[105.2168,20.563],[105.2168,20.5583],[105.2211,20.557],[105.222,20.5533],[105.2238,20.5496],[105.2265,20.5472],[105.2273,20.5413],[105.2296,20.5405],[105.2335,20.5336],[105.236,20.5306],[105.2413,20.5269],[105.2413,20.5236],[105.2429,20.521],[105.2457,20.5223],[105.2475,20.5211],[105.256,20.5226],[105.2578,20.5193],[105.2583,20.5146],[105.257,20.5127],[105.2598,20.5077],[105.2734,20.5048],[105.2757,20.4977],[105.2731,20.4962],[105.2735,20.4922],[105.276,20.4901],[105.2799,20.4903],[105.2824,20.4892],[105.2841,20.4839],[105.2893,20.4851],[105.2895,20.4825],[105.2923,20.4815],[105.2967,20.4771],[105.3039,20.4799],[105.3062,20.479],[105.3082,20.4811],[105.3079,20.4846],[105.309,20.488],[105.3045,20.4909],[105.3058,20.4965],[105.3093,20.499],[105.3106,20.5043],[105.3098,20.5063],[105.3058,20.509],[105.3048,20.5108],[105.3075,20.5148],[105.3092,20.5154],[105.3103,20.5202],[105.3001,20.5287],[105.3006,20.5312],[105.2984,20.5363],[105.2955,20.5386],[105.2938,20.5451],[105.2875,20.5458],[105.2877,20.5497],[105.276,20.5524],[105.2726,20.5514],[105.2696,20.5538],[105.267,20.5534],[105.2651,20.5588],[105.2607,20.5604],[105.26,20.5634],[105.261,20.5669],[105.2598,20.572],[105.2612,20.5737],[105.2601,20.582],[105.2586,20.5865],[105.2561,20.5888],[105.2507,20.5909],[105.2499,20.5938],[105.251,20.5954],[105.2551,20.5979],[105.2522,20.6042],[105.2528,20.607],[105.2495,20.6074],[105.2463,20.612],[105.2478,20.6143],[105.2483,20.6186],[105.2465,20.6212],[105.244,20.6213],[105.2413,20.6263],[105.2427,20.629]]]},"properties":{"ma_xa":"05191","ten_xa":"Toàn Thắng","sap_nhap":"Gia Mô, Lỗ Sơn, Nhân Mỹ","tru_so":"đang cập nhật","loai":"Xã","cap":2,"stt":139,"dtich_km2":71.11,"dan_so":15427,"matdo_km2":216.95,"ma_tinh":"25","ten_tinh":"Phú Thọ"}},
{"type":"Feature","geometry":{"type":"Polygon","coordinates":[[[105.2398,21.513],[105.2358,21.5132],[105.2339,21.5117],[105.2313,21.5139],[105.2248,21.5108],[105.2218,21.5122],[105.2193,21.5103],[105.2169,21.5124],[105.2136,21.5139],[105.2117,21.5117],[105.2129,21.5093],[105.2137,21.5045],[105.2158,21.5025],[105.216,21.499],[105.2115,21.4942],[105.2111,21.4895],[105.2128,21.4887],[105.2219,21.4846],[105.2231,21.4821],[105.226,21.4802],[105.227,21.4771],[105.2247,21.4759],[105.2268,21.47],[105.2287,21.4683],[105.2293,21.4657],[105.2362,21.4631],[105.2368,21.4605],[105.239,21.4574],[105.2447,21.4579],[105.2474,21.4603],[105.2509,21.4589],[105.2545,21.4607],[105.2635,21.4541],[105.2676,21.4538],[105.2694,21.4516],[105.2744,21.4517],[105.2785,21.4487],[105.2806,21.4492],[105.2807,21.4524],[105.2823,21.4548],[105.281,21.459],[105.2819,21.4649],[105.2806,21.4708],[105.2812,21.4727],[105.2844,21.4754],[105.2891,21.4765],[105.2932,21.4745],[105.295,21.4767],[105.2954,21.4809],[105.2987,21.4813],[105.3001,21.4847],[105.2981,21.4869],[105.295,21.4871],[105.294,21.4896],[105.2913,21.4922],[105.2932,21.4949],[105.2911,21.4929],[105.2831,21.4875],[105.2815,21.4897],[105.2786,21.4883],[105.2746,21.4894],[105.2727,21.4923],[105.2703,21.4885],[105.2707,21.4863],[105.2673,21.4854],[105.2626,21.4873],[105.2579,21.4861],[105.2526,21.4866],[105.2525,21.4899],[105.2548,21.493],[105.2531,21.4963],[105.2538,21.5022],[105.2504,21.5044],[105.2478,21.5049],[105.2446,21.5082],[105.2452,21.5097],[105.2398,21.5116],[105.2398,21.513]]]},"properties":{"ma_xa":"08245","ten_xa":"Trạm Thản","sap_nhap":"Tiên Phú, Trung Giáp, Trạm Thản","tru_so":"đang cập nhật","loai":"Xã","cap":2,"stt":16,"dtich_km2":32.6,"dan_so":16138,"matdo_km2":495.03,"ma_tinh":"25","ten_tinh":"Phú Thọ"}},
{"type":"Feature","geometry":{"type":"Polygon","coordinates":[[[104.9394,21.4132],[104.9319,21.4122],[104.9273,21.4125],[104.9282,21.4087],[104.9232,21.4072],[104.9173,21.4083],[104.9118,21.4108],[104.9079,21.4141],[104.9059,21.4114],[104.9031,21.4099],[104.8995,21.4036],[104.8999,21.4014],[104.8955,21.3957],[104.8947,21.3931],[104.8867,21.3934],[104.8825,21.3899],[104.8845,21.3869],[104.882,21.3835],[104.8851,21.3787],[104.8841,21.3773],[104.8838,21.3731],[104.8865,21.3702],[104.8887,21.3651],[104.8963,21.3608],[104.8998,21.355],[104.9009,21.352],[104.898,21.3463],[104.8979,21.3433],[104.8993,21.3405],[104.9033,21.3389],[104.9085,21.3327],[104.9097,21.3292],[104.9162,21.3286],[104.9185,21.3269],[104.9222,21.3288],[104.9261,21.3264],[104.9285,21.3202],[104.9317,21.3179],[104.9332,21.3154],[104.9379,21.3125],[104.9381,21.3071],[104.9396,21.3044],[104.9424,21.3052],[104.947,21.3035],[104.9537,21.3038],[104.9628,21.307],[104.9657,21.302],[104.9675,21.302],[104.9716,21.2979],[104.9739,21.297],[104.9793,21.2968],[104.9827,21.2954],[104.9833,21.2938],[104.9872,21.2912],[104.9918,21.2912],[104.9917,21.2952],[104.9927,21.3016],[104.9914,21.3114],[104.9894,21.3147],[104.9892,21.3172],[104.9861,21.3219],[104.9809,21.3265],[104.9808,21.3299],[104.9834,21.3336],[104.9855,21.3347],[104.9858,21.3379],[104.9894,21.3406],[104.9947,21.3429],[104.9945,21.3461],[104.9961,21.349],[104.9932,21.3521],[104.9979,21.3576],[104.9981,21.3631],[104.9952,21.3654],[104.9972,21.3711],[104.996,21.3736],[104.9914,21.3755],[104.9891,21.3789],[104.9888,21.3809],[104.9846,21.3837],[104.9845,21.3894],[104.9832,21.3913],[104.9835,21.3944],[104.9821,21.3957],[104.9773,21.397],[104.9717,21.397],[104.9687,21.3952],[104.9688,21.392],[104.9676,21.3877],[104.9624,21.3878],[104.9563,21.3857],[104.9531,21.3871],[104.9501,21.3854],[104.9461,21.3896],[104.9459,21.3925],[104.9411,21.3996],[104.9392,21.3995],[104.9381,21.4049],[104.9394,21.408],[104.9394,21.4132]]]},"properties":{"ma_xa":"08311","ten_xa":"Trung Sơn","sap_nhap":"Trung Sơn","tru_so":"đang cập nhật","loai":"Xã","cap":2,"stt":66,"dtich_km2":97.29,"dan_so":6028,"matdo_km2":61.96,"ma_tinh":"25","ten_tinh":"Phú Thọ"}},
{"type":"Feature","geometry":{"type":"Polygon","coordinates":[[[105.3201,21.1108],[105.3197,21.1136],[105.3174,21.117],[105.3133,21.1244],[105.31,21.1289],[105.3023,21.125],[105.3034,21.1223],[105.2997,21.1218],[105.2967,21.1247],[105.292,21.1228],[105.2875,21.1229],[105.2843,21.1244],[105.2831,21.1261],[105.2786,21.1277],[105.2719,21.121],[105.2674,21.1143],[105.2617,21.1139],[105.2615,21.1115],[105.2679,21.1002],[105.272,21.0945],[105.2767,21.0957],[105.2772,21.0987],[105.2802,21.0993],[105.286,21.1035],[105.2896,21.1014],[105.2897,21.0992],[105.2858,21.0966],[105.2876,21.0942],[105.2867,21.0915],[105.2814,21.0901],[105.281,21.0866],[105.2776,21.0841],[105.2741,21.0827],[105.2704,21.0823],[105.2644,21.0776],[105.261,21.0763],[105.254,21.0752],[105.2505,21.0735],[105.2513,21.0699],[105.2548,21.0675],[105.2568,21.0646],[105.2565,21.0606],[105.2601,21.0584],[105.2622,21.0551],[105.2627,21.0506],[105.2653,21.0484],[105.2659,21.0463],[105.2685,21.0444],[105.2708,21.0407],[105.2707,21.0383],[105.2771,21.0322],[105.2778,21.0287],[105.2824,21.0213],[105.281,21.0192],[105.2823,21.0153],[105.2862,21.015],[105.289,21.0119],[105.291,21.0075],[105.2963,21.0086],[105.2993,21.0066],[105.3037,21.0065],[105.3034,21.0037],[105.3047,21.0025],[105.3103,21.0051],[105.3114,21.0076],[105.3164,21.0136],[105.3144,21.0158],[105.3065,21.0213],[105.3047,21.023],[105.297,21.0354],[105.2935,21.0506],[105.2947,21.0567],[105.2975,21.0615],[105.2993,21.0667],[105.3038,21.0757],[105.3069,21.0803],[105.3151,21.0895],[105.3178,21.0954],[105.32,21.1072],[105.3201,21.1108]]]},"properties":{"ma_xa":"08686","ten_xa":"Tu Vũ","sap_nhap":"Đồng Trung, Hoàng Xá, Tu Vũ","tru_so":"đang cập nhật","loai":"Xã","cap":2,"stt":47,"dtich_km2":49.07,"dan_so":41564,"matdo_km2":847.03,"ma_tinh":"25","ten_tinh":"Phú Thọ"}},
{"type":"Feature","geometry":{"type":"Polygon","coordinates":[[[105.0625,21.446],[105.0555,21.4472],[105.0495,21.4465],[105.0482,21.4474],[105.0452,21.4437],[105.0438,21.4404],[105.0399,21.4414],[105.0353,21.4414],[105.0337,21.4398],[105.0326,21.4358],[105.0333,21.4316],[105.0273,21.4287],[105.0244,21.4239],[105.0223,21.4225],[105.0204,21.4239],[105.016,21.4202],[105.0214,21.415],[105.0221,21.4127],[105.0288,21.4038],[105.0317,21.4012],[105.0408,21.3969],[105.043,21.3921],[105.0474,21.3909],[105.0501,21.3957],[105.0544,21.3975],[105.0545,21.399],[105.0579,21.4011],[105.0609,21.405],[105.0602,21.4078],[105.0636,21.4148],[105.064,21.4175],[105.0685,21.4257],[105.0732,21.4275],[105.0761,21.4302],[105.0763,21.4356],[105.0802,21.4363],[105.0828,21.4396],[105.0817,21.4422],[105.0772,21.4451],[105.0716,21.4477],[105.0695,21.4453],[105.0672,21.4406],[105.0653,21.4447],[105.0625,21.446]]]},"properties":{"ma_xa":"08377","ten_xa":"Vân Bán","sap_nhap":"Tùng Khê, Tam Sơn, Văn Bán","tru_so":"đang cập nhật","loai":"Xã","cap":2,"stt":40,"dtich_km2":22.72,"dan_so":15904,"matdo_km2":700,"ma_tinh":"25","ten_tinh":"Phú Thọ"}},
{"type":"Feature","geometry":{"type":"Polygon","coordinates":[[[105.0043,21.5535],[105.0005,21.553],[104.9981,21.5552],[104.9957,21.5548],[104.9871,21.5501],[104.9854,21.5504],[104.9793,21.5495],[104.9797,21.5444],[104.9753,21.5404],[104.97,21.5456],[104.9676,21.5422],[104.9649,21.5421],[104.9637,21.5357],[104.9615,21.5316],[104.9594,21.5314],[104.956,21.5339],[104.9505,21.5363],[104.9492,21.5352],[104.9437,21.5344],[104.9403,21.533],[104.9379,21.5347],[104.9351,21.5311],[104.9346,21.5253],[104.9313,21.5222],[104.9346,21.5176],[104.9405,21.5047],[104.9358,21.5043],[104.9353,21.4974],[104.936,21.4951],[104.9412,21.4947],[104.9441,21.4965],[104.9472,21.4965],[104.9501,21.4979],[104.9527,21.4952],[104.9545,21.4952],[104.96,21.4893],[104.963,21.4882],[104.9673,21.485],[104.9722,21.4865],[104.9786,21.4874],[104.9791,21.4923],[104.9775,21.4946],[104.9821,21.5003],[104.9833,21.5005],[104.9884,21.4975],[104.9908,21.4977],[104.994,21.4953],[104.9983,21.496],[105.0006,21.4942],[105.0067,21.4982],[105.0111,21.4997],[105.0146,21.495],[105.0189,21.495],[105.0191,21.4931],[105.0235,21.4943],[105.0278,21.4968],[105.0314,21.4956],[105.0336,21.4922],[105.0366,21.4902],[105.039,21.491],[105.0412,21.4885],[105.044,21.4915],[105.047,21.4928],[105.0481,21.4949],[105.044,21.4957],[105.0475,21.4982],[105.0472,21.5005],[105.0412,21.503],[105.0335,21.5098],[105.0279,21.5173],[105.0267,21.5198],[105.0265,21.5255],[105.0291,21.5308],[105.0286,21.533],[105.0257,21.5368],[105.0207,21.5397],[105.0167,21.5412],[105.0101,21.5464],[105.0093,21.5482],[105.0043,21.5535]]]},"properties":{"ma_xa":"08134","ten_xa":"Văn Lang","sap_nhap":"Vô Tranh, Bằng Giã, Minh Côi, Văn Lang","tru_so":"đang cập nhật","loai":"Xã","cap":2,"stt":33,"dtich_km2":54.06,"dan_so":17949,"matdo_km2":332.02,"ma_tinh":"25","ten_tinh":"Phú Thọ"}},
{"type":"Feature","geometry":{"type":"Polygon","coordinates":[[[105.1113,21.1362],[105.1094,21.1382],[105.1068,21.1378],[105.1062,21.1356],[105.1032,21.1349],[105.1006,21.137],[105.0963,21.1364],[105.0919,21.1367],[105.0901,21.135],[105.092,21.1331],[105.0943,21.126],[105.0937,21.1213],[105.0901,21.1213],[105.0858,21.1179],[105.086,21.1154],[105.0836,21.1133],[105.0821,21.1102],[105.0839,21.1079],[105.0879,21.109],[105.0901,21.1109],[105.0977,21.1088],[105.0998,21.1077],[105.1029,21.108],[105.1056,21.1106],[105.1078,21.1106],[105.1108,21.1048],[105.1136,21.102],[105.1159,21.0983],[105.1151,21.0952],[105.1104,21.0911],[105.1124,21.0876],[105.1136,21.083],[105.1136,21.0801],[105.1157,21.0739],[105.117,21.0722],[105.118,21.0735],[105.1213,21.0721],[105.1257,21.0716],[105.1297,21.0731],[105.13,21.0694],[105.1377,21.0693],[105.1378,21.067],[105.1408,21.0649],[105.142,21.0603],[105.1453,21.0583],[105.1447,21.0551],[105.1474,21.0536],[105.1467,21.0506],[105.1489,21.0489],[105.1516,21.0485],[105.1532,21.0462],[105.1582,21.0447],[105.1606,21.0425],[105.1636,21.0426],[105.1657,21.0386],[105.169,21.0362],[105.1713,21.0362],[105.1733,21.0344],[105.1771,21.0353],[105.1779,21.0298],[105.1797,21.0255],[105.183,21.0219],[105.1788,21.0148],[105.1832,21.0097],[105.1838,21.0058],[105.1857,21.0028],[105.186,20.9967],[105.187,20.9944],[105.1894,20.9932],[105.1895,20.9853],[105.1937,20.9769],[105.1963,20.9782],[105.2044,20.9797],[105.2101,20.9819],[105.2162,20.9822],[105.2201,20.9833],[105.2219,20.985],[105.2215,20.988],[105.2177,20.9909],[105.2148,20.9978],[105.2175,21.0015],[105.2169,21.0032],[105.218,21.0066],[105.2241,21.0099],[105.2269,21.0101],[105.2328,21.0157],[105.2344,21.0196],[105.2338,21.0225],[105.229,21.0263],[105.227,21.0271],[105.2235,21.031],[105.218,21.034],[105.2067,21.0443],[105.2014,21.0508],[105.2043,21.0543],[105.2008,21.0565],[105.2029,21.0609],[105.204,21.0666],[105.2061,21.0714],[105.2054,21.0759],[105.2033,21.0796],[105.1988,21.0819],[105.1956,21.0865],[105.1931,21.0949],[105.1907,21.0976],[105.1855,21.0969],[105.1788,21.0978],[105.1748,21.0956],[105.1672,21.094],[105.1641,21.0941],[105.163,21.0956],[105.1575,21.099],[105.1542,21.1029],[105.1513,21.1028],[105.1467,21.1066],[105.1431,21.1077],[105.1391,21.1112],[105.1369,21.112],[105.1337,21.1152],[105.1312,21.1161],[105.1279,21.1188],[105.126,21.1258],[105.1278,21.1272],[105.1271,21.1292],[105.1233,21.1305],[105.1203,21.1335],[105.1171,21.1332],[105.1145,21.1357],[105.1113,21.1362]]]},"properties":{"ma_xa":"08611","ten_xa":"Văn Miếu","sap_nhap":"Tân Lập, Tân Minh (huyện Thanh Sơn), Văn Miếu","tru_so":"đang cập nhật","loai":"Xã","cap":2,"stt":50,"dtich_km2":89.11,"dan_so":18752,"matdo_km2":210.44,"ma_tinh":"25","ten_tinh":"Phú Thọ"}},
{"type":"Feature","geometry":{"type":"Polygon","coordinates":[[[105.3918,21.3705],[105.3903,21.3702],[105.3873,21.3758],[105.3855,21.3767],[105.3825,21.3749],[105.3779,21.3738],[105.3732,21.3769],[105.372,21.3808],[105.3678,21.3862],[105.3694,21.389],[105.3739,21.3911],[105.3734,21.3962],[105.3683,21.4002],[105.3661,21.3989],[105.3672,21.3969],[105.366,21.395],[105.3614,21.3982],[105.3572,21.3969],[105.3527,21.3882],[105.3508,21.3866],[105.3482,21.3813],[105.3473,21.3774],[105.3426,21.3775],[105.3394,21.3743],[105.344,21.3682],[105.3435,21.3662],[105.3379,21.3636],[105.3368,21.3621],[105.334,21.3628],[105.3333,21.3591],[105.3354,21.3581],[105.3353,21.3557],[105.3379,21.3539],[105.3373,21.35],[105.3389,21.3505],[105.3475,21.3445],[105.3535,21.3434],[105.3552,21.3414],[105.359,21.3415],[105.3606,21.3442],[105.3655,21.3439],[105.3671,21.3408],[105.3752,21.3411],[105.377,21.3401],[105.3793,21.3361],[105.3814,21.3381],[105.3851,21.3365],[105.3873,21.3401],[105.3867,21.3426],[105.3897,21.3454],[105.3942,21.3481],[105.3982,21.3475],[105.4014,21.3499],[105.3945,21.3587],[105.3916,21.366],[105.3918,21.3705]]]},"properties":{"ma_xa":"07918","ten_xa":"Vân Phú","sap_nhap":"Vân Phú, Phượng Lâu, Hùng Lô, Kim Đức","tru_so":"đang cập nhật","loai":"Phường","cap":2,"stt":4,"dtich_km2":26.26,"dan_so":37450,"matdo_km2":1426.12,"ma_tinh":"25","ten_tinh":"Phú Thọ"}},
{"type":"Feature","geometry":{"type":"Polygon","coordinates":[[[105.2038,20.5826],[105.2016,20.5895],[105.2015,20.5954],[105.1996,20.5999],[105.1937,20.6004],[105.1917,20.6013],[105.19,20.6062],[105.1865,20.6068],[105.1823,20.6115],[105.1762,20.6078],[105.1715,20.6098],[105.1682,20.6133],[105.1639,20.6158],[105.1634,20.6199],[105.1651,20.6211],[105.1641,20.6252],[105.1591,20.6331],[105.1519,20.6268],[105.1449,20.6233],[105.1435,20.6206],[105.1394,20.6193],[105.1363,20.6166],[105.137,20.6132],[105.1403,20.6067],[105.1435,20.606],[105.1435,20.6041],[105.1472,20.6003],[105.15,20.6],[105.1505,20.5981],[105.1468,20.597],[105.1441,20.5951],[105.1415,20.5945],[105.1362,20.5973],[105.1361,20.5984],[105.1306,20.602],[105.1253,20.5998],[105.1274,20.5947],[105.1276,20.5912],[105.1262,20.5893],[105.1193,20.5846],[105.1178,20.5808],[105.1159,20.5799],[105.1155,20.5758],[105.1191,20.5743],[105.1192,20.5624],[105.1233,20.5606],[105.1281,20.5567],[105.1312,20.5557],[105.1325,20.553],[105.1355,20.5514],[105.1363,20.548],[105.141,20.5438],[105.1444,20.5432],[105.1486,20.5448],[105.1522,20.5435],[105.1548,20.539],[105.1578,20.537],[105.1618,20.5356],[105.1629,20.5289],[105.1631,20.5235],[105.1655,20.5206],[105.1689,20.5186],[105.1702,20.5153],[105.1737,20.5164],[105.178,20.5166],[105.1785,20.518],[105.1828,20.5212],[105.1845,20.5214],[105.1901,20.5174],[105.1988,20.5175],[105.2014,20.5187],[105.2083,20.5158],[105.2114,20.5155],[105.2125,20.5124],[105.2159,20.5092],[105.2245,20.5048],[105.2266,20.5055],[105.2316,20.5029],[105.2299,20.4992],[105.2307,20.4971],[105.2334,20.4964],[105.2355,20.494],[105.2405,20.4931],[105.2447,20.488],[105.2431,20.4838],[105.2398,20.4798],[105.2414,20.4752],[105.2473,20.4717],[105.2524,20.4705],[105.2552,20.4685],[105.2601,20.4668],[105.2633,20.463],[105.2635,20.4593],[105.2623,20.4563],[105.2646,20.4548],[105.2672,20.4552],[105.2703,20.4534],[105.2755,20.4526],[105.2783,20.451],[105.2823,20.4512],[105.2851,20.4561],[105.2898,20.4573],[105.2943,20.4598],[105.3007,20.4659],[105.3022,20.4716],[105.3089,20.4768],[105.3062,20.479],[105.3039,20.4799],[105.2967,20.4771],[105.2923,20.4815],[105.2895,20.4825],[105.2893,20.4851],[105.2841,20.4839],[105.2824,20.4892],[105.2799,20.4903],[105.276,20.4901],[105.2735,20.4922],[105.2731,20.4962],[105.2757,20.4977],[105.2734,20.5048],[105.2598,20.5077],[105.257,20.5127],[105.2583,20.5146],[105.2578,20.5193],[105.256,20.5226],[105.2475,20.5211],[105.2457,20.5223],[105.2429,20.521],[105.2413,20.5236],[105.2413,20.5269],[105.236,20.5306],[105.2335,20.5336],[105.2296,20.5405],[105.2273,20.5413],[105.2265,20.5472],[105.2238,20.5496],[105.222,20.5533],[105.2211,20.557],[105.2168,20.5583],[105.2168,20.563],[105.2116,20.5677],[105.2067,20.5711],[105.2062,20.5754],[105.2034,20.5779],[105.2048,20.5802],[105.2038,20.5826]]]},"properties":{"ma_xa":"05152","ten_xa":"Vân Sơn","sap_nhap":"Ngổ Luông, Quyết Chiến, Vân Sơn","tru_so":"đang cập nhật","loai":"Xã","cap":2,"stt":140,"dtich_km2":120.53,"dan_so":9197,"matdo_km2":76.3,"ma_tinh":"25","ten_tinh":"Phú Thọ"}},
{"type":"Feature","geometry":{"type":"Polygon","coordinates":[[[105.2739,21.3327],[105.2686,21.3329],[105.2635,21.3309],[105.2585,21.3309],[105.2486,21.3373],[105.245,21.3371],[105.2417,21.333],[105.2386,21.3339],[105.2323,21.3289],[105.2306,21.3269],[105.2265,21.3285],[105.2228,21.328],[105.2172,21.329],[105.2156,21.3329],[105.2138,21.3329],[105.2136,21.3279],[105.2125,21.3265],[105.2054,21.3234],[105.2036,21.3236],[105.2018,21.321],[105.1994,21.3134],[105.1964,21.3121],[105.1922,21.3183],[105.1877,21.3189],[105.186,21.318],[105.1848,21.3146],[105.186,21.3131],[105.1849,21.3106],[105.1868,21.3067],[105.1838,21.3027],[105.1844,21.2941],[105.1787,21.2926],[105.1767,21.2936],[105.1744,21.2904],[105.1704,21.2908],[105.1677,21.2826],[105.1678,21.279],[105.1683,21.2833],[105.1707,21.2882],[105.1741,21.2865],[105.1768,21.2814],[105.1765,21.2791],[105.184,21.28],[105.1845,21.2771],[105.1871,21.2773],[105.1894,21.2752],[105.1918,21.2764],[105.1968,21.2742],[105.1979,21.2726],[105.2026,21.2742],[105.2053,21.2697],[105.2077,21.2714],[105.2115,21.2711],[105.2141,21.2692],[105.2189,21.2673],[105.2242,21.2722],[105.2281,21.2716],[105.2327,21.2725],[105.2384,21.2693],[105.2414,21.2698],[105.2422,21.2735],[105.2467,21.2744],[105.2481,21.2777],[105.2515,21.2781],[105.2583,21.2834],[105.2606,21.2841],[105.2575,21.2881],[105.2579,21.2904],[105.2681,21.2999],[105.271,21.3041],[105.2747,21.3136],[105.2747,21.3193],[105.2739,21.3327]]]},"properties":{"ma_xa":"08467","ten_xa":"Vạn Xuân","sap_nhap":"Quang Húc, Lam Sơn, Vạn Xuân","tru_so":"đang cập nhật","loai":"Xã","cap":2,"stt":43,"dtich_km2":52.43,"dan_so":31353,"matdo_km2":598,"ma_tinh":"25","ten_tinh":"Phú Thọ"}},
{"type":"Feature","geometry":{"type":"Polygon","coordinates":[[[105.4265,21.3377],[105.4194,21.3407],[105.4135,21.3426],[105.4065,21.3464],[105.4014,21.3499],[105.3982,21.3475],[105.3942,21.3481],[105.3897,21.3454],[105.3867,21.3426],[105.3873,21.3401],[105.3851,21.3365],[105.389,21.3334],[105.3894,21.3289],[105.3829,21.3249],[105.3813,21.3233],[105.3739,21.324],[105.3725,21.3204],[105.3677,21.3223],[105.3659,21.3195],[105.3677,21.3155],[105.364,21.3138],[105.3587,21.3087],[105.3547,21.3059],[105.3536,21.3038],[105.3531,21.2971],[105.3518,21.2948],[105.357,21.2897],[105.3622,21.2849],[105.3743,21.2922],[105.3752,21.2955],[105.3877,21.3035],[105.392,21.3057],[105.3927,21.3094],[105.3945,21.311],[105.3948,21.3135],[105.4028,21.3206],[105.4078,21.3187],[105.4091,21.3195],[105.417,21.3124],[105.4207,21.3139],[105.4248,21.3169],[105.428,21.3157],[105.4301,21.3179],[105.4262,21.3201],[105.4324,21.3219],[105.4353,21.3251],[105.4383,21.3242],[105.4422,21.3207],[105.4459,21.3238],[105.4421,21.3275],[105.4361,21.3322],[105.43,21.3363],[105.4265,21.3377]]]},"properties":{"ma_xa":"07900","ten_xa":"Việt Trì","sap_nhap":"Tân Dân, Gia Cẩm, Minh Nông, Dữu Lâu, Trưng Vương","tru_so":"đang cập nhật","loai":"Phường","cap":2,"stt":1,"dtich_km2":25.83,"dan_so":73006,"matdo_km2":2826.4,"ma_tinh":"25","ten_tinh":"Phú Thọ"}},
{"type":"Feature","geometry":{"type":"Polygon","coordinates":[[[105.5046,21.3384],[105.5016,21.3374],[105.4945,21.3383],[105.491,21.3409],[105.4893,21.3412],[105.4881,21.3357],[105.4909,21.334],[105.4937,21.3302],[105.4926,21.3256],[105.4895,21.3242],[105.485,21.3236],[105.4818,21.3212],[105.4815,21.3178],[105.4828,21.3152],[105.4805,21.3127],[105.4783,21.3081],[105.4807,21.3086],[105.4872,21.3077],[105.4907,21.3066],[105.493,21.3098],[105.4965,21.3087],[105.5015,21.3049],[105.5039,21.3008],[105.5011,21.2998],[105.4986,21.2967],[105.4992,21.295],[105.5027,21.2917],[105.5028,21.29],[105.5082,21.2892],[105.5076,21.2875],[105.5128,21.2823],[105.5169,21.2799],[105.5183,21.2756],[105.5232,21.2719],[105.5252,21.2753],[105.5345,21.2839],[105.535,21.2851],[105.532,21.2877],[105.533,21.29],[105.5317,21.2953],[105.5363,21.2982],[105.534,21.3009],[105.5361,21.3019],[105.5371,21.3046],[105.5335,21.309],[105.5392,21.3137],[105.5358,21.3169],[105.5307,21.3194],[105.5281,21.3182],[105.5229,21.3187],[105.5205,21.3171],[105.5179,21.3193],[105.5157,21.319],[105.5113,21.3224],[105.5105,21.3255],[105.5123,21.3278],[105.512,21.3301],[105.5046,21.3321],[105.5024,21.3337],[105.5027,21.3361],[105.5046,21.3384]]]},"properties":{"ma_xa":"09079","ten_xa":"Vĩnh An","sap_nhap":"Kim Xá, Yên Bình, Chấn Hưng","tru_so":"đang cập nhật","loai":"Xã","cap":2,"stt":87,"dtich_km2":21.4,"dan_so":32883,"matdo_km2":1536.59,"ma_tinh":"25","ten_tinh":"Phú Thọ"}},
{"type":"Feature","geometry":{"type":"Polygon","coordinates":[[[105.0793,21.5094],[105.0776,21.5135],[105.0742,21.5153],[105.0719,21.5208],[105.0664,21.52],[105.0663,21.5227],[105.0635,21.5248],[105.0621,21.5283],[105.0609,21.5395],[105.0641,21.5404],[105.0615,21.5443],[105.0576,21.5468],[105.0553,21.5507],[105.053,21.5505],[105.0488,21.5541],[105.0487,21.5572],[105.0497,21.5613],[105.0468,21.5617],[105.0442,21.5634],[105.0422,21.5627],[105.0385,21.5626],[105.0378,21.5602],[105.0319,21.5546],[105.032,21.5494],[105.0307,21.5484],[105.0334,21.5453],[105.0314,21.5445],[105.0277,21.5402],[105.0257,21.5368],[105.0286,21.533],[105.0291,21.5308],[105.0265,21.5255],[105.0267,21.5198],[105.0279,21.5173],[105.0335,21.5098],[105.0412,21.503],[105.0472,21.5005],[105.0511,21.4963],[105.0565,21.4936],[105.0618,21.4931],[105.0679,21.4893],[105.0761,21.4859],[105.0792,21.4831],[105.0815,21.483],[105.084,21.4885],[105.0821,21.4896],[105.0833,21.4924],[105.0838,21.4934],[105.0806,21.4989],[105.0755,21.5011],[105.0776,21.5042],[105.077,21.5055],[105.0793,21.5094]]]},"properties":{"ma_xa":"08143","ten_xa":"Vĩnh Chân","sap_nhap":"Lang Sơn, Yên Luật, Vĩnh Chân","tru_so":"đang cập nhật","loai":"Xã","cap":2,"stt":32,"dtich_km2":27.12,"dan_so":17173,"matdo_km2":633.22,"ma_tinh":"25","ten_tinh":"Phú Thọ"}},
{"type":"Feature","geometry":{"type":"Polygon","coordinates":[[[105.5232,21.2719],[105.5183,21.2756],[105.5169,21.2799],[105.5128,21.2823],[105.5076,21.2875],[105.5082,21.2892],[105.5028,21.29],[105.5027,21.2917],[105.4992,21.295],[105.4986,21.2967],[105.5011,21.2998],[105.5039,21.3008],[105.5015,21.3049],[105.4965,21.3087],[105.493,21.3098],[105.4907,21.3066],[105.4872,21.3077],[105.4807,21.3086],[105.4783,21.3081],[105.4735,21.3045],[105.4751,21.301],[105.4708,21.2959],[105.471,21.2897],[105.4687,21.2877],[105.4695,21.2859],[105.4684,21.2819],[105.4723,21.278],[105.4782,21.2782],[105.4805,21.2747],[105.4842,21.2748],[105.4882,21.2694],[105.4907,21.2689],[105.4965,21.263],[105.4991,21.2638],[105.5022,21.2625],[105.5029,21.2598],[105.505,21.2574],[105.5078,21.2569],[105.5132,21.2584],[105.5246,21.2596],[105.5257,21.2609],[105.5244,21.2663],[105.5247,21.2685],[105.5232,21.2719]]]},"properties":{"ma_xa":"09100","ten_xa":"Vĩnh Hưng","sap_nhap":"Nghĩa Hưng, Yên Lập, Đại Đồng","tru_so":"đang cập nhật","loai":"Xã","cap":2,"stt":86,"dtich_km2":18.7,"dan_so":38821,"matdo_km2":2075.99,"ma_tinh":"25","ten_tinh":"Phú Thọ"}},
{"type":"Feature","geometry":{"type":"Polygon","coordinates":[[[105.4685,21.23],[105.4647,21.2278],[105.4585,21.2258],[105.4614,21.2178],[105.4639,21.2064],[105.4645,21.2007],[105.4663,21.201],[105.4676,21.1817],[105.4677,21.178],[105.4749,21.1717],[105.4866,21.1629],[105.4956,21.1594],[105.5151,21.1566],[105.5283,21.1551],[105.5385,21.1562],[105.5378,21.1654],[105.5371,21.1694],[105.529,21.1836],[105.5312,21.1853],[105.5348,21.1844],[105.5373,21.1857],[105.5363,21.1897],[105.5432,21.1935],[105.5457,21.194],[105.5433,21.1976],[105.5423,21.205],[105.5399,21.2088],[105.5332,21.2032],[105.5291,21.1988],[105.5249,21.1995],[105.5189,21.1998],[105.5135,21.1982],[105.5115,21.1988],[105.5075,21.1967],[105.5009,21.1966],[105.4982,21.1956],[105.4965,21.1967],[105.4935,21.1955],[105.484,21.1953],[105.4789,21.1997],[105.4739,21.2057],[105.4716,21.2127],[105.4771,21.2142],[105.4773,21.2203],[105.4762,21.2233],[105.4744,21.2232],[105.4737,21.2276],[105.47,21.2275],[105.4685,21.23]]]},"properties":{"ma_xa":"09154","ten_xa":"Vĩnh Phú","sap_nhap":"An Nhân, Vĩnh Thịnh, Ngũ Kiên, Vĩnh Phú","tru_so":"đang cập nhật","loai":"Xã","cap":2,"stt":88,"dtich_km2":34.6,"dan_so":49755,"matdo_km2":1438.01,"ma_tinh":"25","ten_tinh":"Phú Thọ"}},
{"type":"Feature","geometry":{"type":"Polygon","coordinates":[[[105.6175,21.3446],[105.6141,21.3453],[105.6108,21.3432],[105.61,21.3413],[105.6044,21.341],[105.605,21.3442],[105.5966,21.3445],[105.5934,21.3433],[105.5895,21.3385],[105.5884,21.3361],[105.5838,21.3328],[105.5805,21.333],[105.5777,21.3291],[105.5731,21.3273],[105.5757,21.3227],[105.5783,21.3146],[105.5835,21.3121],[105.587,21.3166],[105.5946,21.3129],[105.5934,21.309],[105.5906,21.3075],[105.5908,21.3042],[105.5883,21.3011],[105.5911,21.2964],[105.5937,21.2975],[105.597,21.2974],[105.6006,21.2985],[105.6064,21.2978],[105.6096,21.3008],[105.6119,21.3003],[105.616,21.2946],[105.6161,21.291],[105.618,21.2887],[105.6217,21.2901],[105.6226,21.2881],[105.627,21.2898],[105.6276,21.2946],[105.6318,21.2946],[105.6375,21.2975],[105.6398,21.3013],[105.6392,21.3042],[105.6361,21.3088],[105.6346,21.3145],[105.6321,21.3175],[105.636,21.3224],[105.6294,21.3239],[105.6264,21.3269],[105.6265,21.3285],[105.6232,21.3349],[105.6206,21.3369],[105.6204,21.3397],[105.6175,21.3446]]]},"properties":{"ma_xa":"08716","ten_xa":"Vĩnh Phúc","sap_nhap":"Định Trung, Liên Bảo, Khai Quang, Ngô Quyền, Đống Đa","tru_so":"đang cập nhật","loai":"Phường","cap":2,"stt":99,"dtich_km2":25.3,"dan_so":78371,"matdo_km2":3097.67,"ma_tinh":"25","ten_tinh":"Phú Thọ"}},
{"type":"Feature","geometry":{"type":"Polygon","coordinates":[[[105.4882,21.2694],[105.4842,21.2748],[105.4805,21.2747],[105.4782,21.2782],[105.4723,21.278],[105.4684,21.2819],[105.4695,21.2859],[105.4687,21.2877],[105.471,21.2897],[105.4708,21.2959],[105.4751,21.301],[105.4735,21.3045],[105.468,21.3003],[105.4678,21.2984],[105.4642,21.2951],[105.4591,21.2948],[105.4592,21.2986],[105.4566,21.2995],[105.4526,21.2981],[105.4493,21.2994],[105.4493,21.2954],[105.4532,21.293],[105.4519,21.2853],[105.4498,21.2819],[105.448,21.2714],[105.4484,21.2669],[105.447,21.265],[105.4439,21.2649],[105.4444,21.2583],[105.4456,21.2518],[105.4464,21.2443],[105.4514,21.2376],[105.4585,21.2258],[105.4647,21.2278],[105.4685,21.23],[105.4686,21.2339],[105.4712,21.2357],[105.4693,21.2379],[105.4754,21.2432],[105.4783,21.2445],[105.4769,21.2505],[105.4741,21.2542],[105.4711,21.2551],[105.4763,21.2576],[105.477,21.2597],[105.4813,21.2582],[105.4817,21.2609],[105.484,21.2636],[105.4875,21.2638],[105.4866,21.2691],[105.4882,21.2694]]]},"properties":{"ma_xa":"09106","ten_xa":"Vĩnh Thành","sap_nhap":"Sao Đại Việt, Lũng Hòa, Tân Phú","tru_so":"đang cập nhật","loai":"Xã","cap":2,"stt":89,"dtich_km2":22,"dan_so":35020,"matdo_km2":1591.82,"ma_tinh":"25","ten_tinh":"Phú Thọ"}},
{"type":"Feature","geometry":{"type":"Polygon","coordinates":[[[105.5471,21.2357],[105.5421,21.2397],[105.5387,21.247],[105.5417,21.251],[105.5401,21.2534],[105.5376,21.2545],[105.5342,21.2573],[105.5327,21.2559],[105.5281,21.2581],[105.5257,21.2609],[105.5246,21.2596],[105.5132,21.2584],[105.5136,21.2559],[105.5108,21.2541],[105.5115,21.2524],[105.511,21.2472],[105.5088,21.2423],[105.506,21.2411],[105.5052,21.2383],[105.5002,21.2359],[105.5011,21.2332],[105.4987,21.2306],[105.4946,21.2307],[105.493,21.2224],[105.4941,21.2208],[105.5007,21.219],[105.5006,21.2174],[105.495,21.2176],[105.4944,21.2147],[105.5008,21.2132],[105.5003,21.21],[105.5023,21.21],[105.4977,21.2031],[105.4966,21.2004],[105.4982,21.199],[105.4965,21.1967],[105.4982,21.1956],[105.5009,21.1966],[105.5075,21.1967],[105.5115,21.1988],[105.5135,21.1982],[105.5189,21.1998],[105.5249,21.1995],[105.5291,21.1988],[105.5332,21.2032],[105.5399,21.2088],[105.537,21.2164],[105.5392,21.2189],[105.5431,21.2262],[105.5444,21.2274],[105.5471,21.2357]]]},"properties":{"ma_xa":"09076","ten_xa":"Vĩnh Tường","sap_nhap":"Vĩnh Tường (thị trấn), Tứ Trưng (thị trấn), Lương Điền, Vũ Di","tru_so":"đang cập nhật","loai":"Xã","cap":2,"stt":84,"dtich_km2":26.2,"dan_so":47315,"matdo_km2":1805.92,"ma_tinh":"25","ten_tinh":"Phú Thọ"}},
{"type":"Feature","geometry":{"type":"Polygon","coordinates":[[[105.6226,21.2881],[105.6217,21.2901],[105.618,21.2887],[105.6161,21.291],[105.616,21.2946],[105.6119,21.3003],[105.6096,21.3008],[105.6064,21.2978],[105.6006,21.2985],[105.597,21.2974],[105.5937,21.2975],[105.5911,21.2964],[105.5883,21.3011],[105.5908,21.3042],[105.5906,21.3075],[105.5934,21.309],[105.5946,21.3129],[105.587,21.3166],[105.5835,21.3121],[105.5783,21.3146],[105.5757,21.3227],[105.5731,21.3273],[105.5696,21.3276],[105.5656,21.3268],[105.5675,21.321],[105.5604,21.3188],[105.5598,21.3216],[105.5554,21.3201],[105.5549,21.3175],[105.5597,21.3186],[105.562,21.3145],[105.5672,21.3102],[105.5592,21.3055],[105.5571,21.3094],[105.5522,21.3038],[105.5512,21.3013],[105.5533,21.2991],[105.5503,21.2969],[105.553,21.294],[105.5491,21.2899],[105.5541,21.2799],[105.5534,21.2752],[105.5601,21.2735],[105.5648,21.2742],[105.5655,21.278],[105.5675,21.2784],[105.5686,21.2817],[105.5724,21.2825],[105.576,21.2809],[105.578,21.2843],[105.5812,21.2849],[105.5827,21.2815],[105.5849,21.2807],[105.5869,21.2831],[105.5888,21.2808],[105.5925,21.2814],[105.5929,21.2792],[105.6008,21.2802],[105.6012,21.277],[105.6031,21.2768],[105.6064,21.2724],[105.6063,21.2689],[105.6126,21.266],[105.6175,21.2677],[105.6176,21.2705],[105.6202,21.2714],[105.62,21.276],[105.6227,21.2753],[105.6257,21.2762],[105.6246,21.2798],[105.625,21.2818],[105.6226,21.2881]]]},"properties":{"ma_xa":"08707","ten_xa":"Vĩnh Yên","sap_nhap":"Tích Sơn, Hội Hợp, Đồng Tâm, Thanh Trù","tru_so":"đang cập nhật","loai":"Phường","cap":2,"stt":100,"dtich_km2":25,"dan_so":56428,"matdo_km2":2257.12,"ma_tinh":"25","ten_tinh":"Phú Thọ"}},
{"type":"Feature","geometry":{"type":"Polygon","coordinates":[[[105.1528,21.2088],[105.1501,21.2083],[105.1483,21.205],[105.1427,21.2059],[105.1413,21.2049],[105.1366,21.2083],[105.1331,21.208],[105.1301,21.2094],[105.1299,21.2115],[105.1272,21.2127],[105.1225,21.2122],[105.1223,21.217],[105.1135,21.2238],[105.1094,21.2254],[105.1065,21.2298],[105.0983,21.228],[105.0997,21.2247],[105.092,21.2185],[105.0921,21.2174],[105.0962,21.213],[105.0973,21.2099],[105.1008,21.2064],[105.1035,21.2051],[105.1083,21.1965],[105.1109,21.193],[105.1066,21.1891],[105.104,21.1857],[105.1012,21.1838],[105.1074,21.1822],[105.1111,21.1851],[105.1137,21.1795],[105.1098,21.1788],[105.1095,21.1765],[105.1118,21.175],[105.1135,21.1721],[105.1157,21.1708],[105.1125,21.1643],[105.1147,21.1644],[105.1148,21.1612],[105.1124,21.1596],[105.1147,21.1532],[105.1126,21.1496],[105.1122,21.1459],[105.1147,21.1403],[105.1113,21.1362],[105.1145,21.1357],[105.1171,21.1332],[105.1203,21.1335],[105.1233,21.1305],[105.1271,21.1292],[105.1278,21.1272],[105.126,21.1258],[105.1279,21.1188],[105.1312,21.1161],[105.1337,21.1152],[105.1369,21.112],[105.1391,21.1112],[105.1431,21.1077],[105.1467,21.1066],[105.1513,21.1028],[105.1542,21.1029],[105.1575,21.099],[105.163,21.0956],[105.1641,21.0941],[105.1672,21.094],[105.1748,21.0956],[105.1788,21.0978],[105.1855,21.0969],[105.1907,21.0976],[105.1931,21.0949],[105.1953,21.0989],[105.2,21.1011],[105.2082,21.1005],[105.2134,21.1015],[105.2174,21.1057],[105.2188,21.1093],[105.2211,21.1116],[105.2205,21.1138],[105.2251,21.1193],[105.2236,21.1205],[105.2225,21.1273],[105.2208,21.1277],[105.2196,21.1307],[105.2221,21.1346],[105.2228,21.141],[105.2249,21.1428],[105.2236,21.145],[105.2239,21.1477],[105.2185,21.1502],[105.2174,21.1524],[105.2129,21.154],[105.2113,21.1569],[105.2141,21.1593],[105.2131,21.1627],[105.2101,21.1645],[105.208,21.1644],[105.2027,21.1689],[105.2031,21.171],[105.1989,21.17],[105.1964,21.166],[105.1989,21.1629],[105.1958,21.1614],[105.1916,21.1563],[105.1887,21.1542],[105.1899,21.1505],[105.1863,21.1459],[105.1827,21.148],[105.1788,21.1447],[105.1748,21.1478],[105.1698,21.1533],[105.1667,21.1529],[105.1643,21.1545],[105.1597,21.1604],[105.1617,21.1646],[105.1613,21.1676],[105.1583,21.1699],[105.1551,21.1739],[105.1585,21.1775],[105.1596,21.1824],[105.1582,21.1889],[105.1591,21.1987],[105.1552,21.2019],[105.1545,21.2048],[105.1527,21.2066],[105.1528,21.2088]]]},"properties":{"ma_xa":"08584","ten_xa":"Võ Miếu","sap_nhap":"Địch Quả, Cự Thắng, Võ Miếu","tru_so":"đang cập nhật","loai":"Xã","cap":2,"stt":49,"dtich_km2":96.36,"dan_so":28853,"matdo_km2":299.43,"ma_tinh":"25","ten_tinh":"Phú Thọ"}},
{"type":"Feature","geometry":{"type":"Polygon","coordinates":[[[105.0108,21.1797],[105.0094,21.1829],[105.0017,21.1849],[104.9984,21.1887],[104.9946,21.1892],[104.9932,21.1943],[104.9897,21.194],[104.986,21.1949],[104.9813,21.1973],[104.9768,21.2019],[104.9762,21.1997],[104.9741,21.1978],[104.9762,21.193],[104.975,21.1897],[104.9727,21.1893],[104.968,21.1867],[104.9606,21.1882],[104.9584,21.1897],[104.955,21.1877],[104.9536,21.1881],[104.9495,21.182],[104.9503,21.1771],[104.9539,21.1754],[104.9567,21.1707],[104.9537,21.168],[104.9511,21.1691],[104.9472,21.1723],[104.9439,21.1722],[104.9383,21.1659],[104.9302,21.1577],[104.9266,21.1585],[104.9157,21.1644],[104.9119,21.1679],[104.904,21.1711],[104.9005,21.1702],[104.8968,21.173],[104.8881,21.1656],[104.8761,21.1702],[104.8642,21.165],[104.8563,21.1661],[104.8539,21.1599],[104.853,21.1548],[104.8549,21.1489],[104.8617,21.1455],[104.8638,21.1469],[104.8668,21.1455],[104.8705,21.1454],[104.872,21.1442],[104.8718,21.1401],[104.8755,21.139],[104.8806,21.1342],[104.8973,21.1298],[104.8964,21.1261],[104.9038,21.1204],[104.9077,21.1183],[104.9118,21.1185],[104.912,21.1112],[104.9134,21.1066],[104.9131,21.1018],[104.9177,21.093],[104.9241,21.0889],[104.9261,21.0844],[104.9219,21.0798],[104.9222,21.0751],[104.9204,21.074],[104.9158,21.0741],[104.9107,21.0698],[104.9106,21.0673],[104.9157,21.0654],[104.9227,21.0677],[104.9234,21.065],[104.9273,21.0656],[104.9322,21.064],[104.9324,21.0614],[104.9345,21.0585],[104.9379,21.0558],[104.9418,21.057],[104.945,21.0552],[104.9499,21.0571],[104.9559,21.0566],[104.962,21.0602],[104.9658,21.0592],[104.9677,21.0568],[104.9688,21.0532],[104.9731,21.0517],[104.9747,21.0524],[104.9826,21.0514],[104.9835,21.0502],[104.9876,21.0498],[104.9908,21.0479],[104.9925,21.0457],[104.9976,21.0436],[104.9998,21.0405],[105.0061,21.0399],[105.0104,21.0374],[105.0143,21.0313],[105.017,21.0309],[105.0204,21.0253],[105.0211,21.022],[105.0204,21.0193],[105.0187,21.0181],[105.0183,21.0151],[105.0274,21.0218],[105.0301,21.0223],[105.0345,21.0195],[105.0362,21.0152],[105.0387,21.0198],[105.0412,21.0197],[105.0443,21.0224],[105.0446,21.0301],[105.0411,21.0358],[105.0405,21.0411],[105.0387,21.0423],[105.0385,21.0452],[105.0365,21.0532],[105.04,21.0562],[105.0407,21.0601],[105.0439,21.062],[105.0456,21.0673],[105.0451,21.0723],[105.0432,21.0804],[105.0411,21.085],[105.0451,21.0899],[105.0435,21.0947],[105.0443,21.0999],[105.04,21.1052],[105.0393,21.1082],[105.0359,21.113],[105.0366,21.118],[105.0338,21.121],[105.0309,21.1257],[105.0313,21.131],[105.0275,21.1361],[105.0298,21.1399],[105.0304,21.1429],[105.0252,21.1547],[105.0222,21.1565],[105.0216,21.1593],[105.0174,21.1673],[105.0142,21.1699],[105.0144,21.1753],[105.0108,21.1797]]]},"properties":{"ma_xa":"08590","ten_xa":"Xuân Đài","sap_nhap":"Kim Thượng, Xuân Sơn, Xuân Đài","tru_so":"đang cập nhật","loai":"Xã","cap":2,"stt":59,"dtich_km2":209.6,"dan_so":15073,"matdo_km2":71.91,"ma_tinh":"25","ten_tinh":"Phú Thọ"}},
{"type":"Feature","geometry":{"type":"Polygon","coordinates":[[[105.7847,21.3596],[105.7802,21.3597],[105.7754,21.3611],[105.774,21.3653],[105.7748,21.3676],[105.7729,21.3697],[105.7698,21.3709],[105.7687,21.3748],[105.7597,21.3785],[105.7619,21.3828],[105.7634,21.3874],[105.7659,21.3896],[105.7636,21.3967],[105.763,21.4014],[105.7557,21.4092],[105.7559,21.4105],[105.7497,21.416],[105.7454,21.4162],[105.7396,21.4148],[105.7361,21.4114],[105.7334,21.41],[105.7292,21.4093],[105.7261,21.4116],[105.7255,21.4093],[105.7206,21.4061],[105.7202,21.4038],[105.717,21.4033],[105.7145,21.4009],[105.7167,21.3944],[105.713,21.3904],[105.7129,21.3835],[105.7118,21.378],[105.7094,21.373],[105.7115,21.3666],[105.7103,21.3623],[105.7121,21.3597],[105.7046,21.3555],[105.7048,21.3522],[105.7032,21.3487],[105.7063,21.3458],[105.7066,21.3417],[105.704,21.3392],[105.7061,21.3371],[105.7032,21.3354],[105.6996,21.3288],[105.6977,21.3221],[105.7004,21.3182],[105.6992,21.3164],[105.7016,21.3145],[105.6994,21.3106],[105.6992,21.3082],[105.6972,21.3066],[105.6976,21.3024],[105.6949,21.3028],[105.6935,21.3007],[105.6958,21.2984],[105.692,21.2969],[105.6881,21.2996],[105.6871,21.296],[105.6836,21.2923],[105.6871,21.2918],[105.689,21.2893],[105.688,21.2876],[105.6841,21.2855],[105.6871,21.2818],[105.6871,21.2793],[105.6893,21.2754],[105.6942,21.2776],[105.6993,21.2774],[105.7063,21.2738],[105.7103,21.2709],[105.7111,21.2727],[105.715,21.2728],[105.7192,21.2707],[105.7207,21.2715],[105.7246,21.2661],[105.7293,21.2694],[105.7252,21.2721],[105.7278,21.2729],[105.7294,21.2759],[105.7328,21.2754],[105.7333,21.2793],[105.7357,21.2793],[105.7351,21.2843],[105.738,21.2881],[105.741,21.2898],[105.7431,21.2929],[105.7476,21.2943],[105.7489,21.2957],[105.7534,21.2955],[105.7565,21.3016],[105.7608,21.3067],[105.7602,21.3084],[105.7626,21.314],[105.7675,21.3181],[105.7705,21.3239],[105.7719,21.3254],[105.7726,21.3295],[105.7762,21.3358],[105.7763,21.3372],[105.7797,21.339],[105.7831,21.3429],[105.7853,21.3429],[105.7853,21.3481],[105.783,21.3539],[105.7863,21.3557],[105.7847,21.3596]]]},"properties":{"ma_xa":"08746","ten_xa":"Xuân Hòa","sap_nhap":"Đồng Xuân, Xuân Hòa, Cao Minh, Ngọc Thanh","tru_so":"đang cập nhật","loai":"Phường","cap":2,"stt":102,"dtich_km2":96,"dan_so":55237,"matdo_km2":575.39,"ma_tinh":"25","ten_tinh":"Phú Thọ"}},
{"type":"Feature","geometry":{"type":"Polygon","coordinates":[[[105.6227,21.2753],[105.62,21.276],[105.6202,21.2714],[105.6176,21.2705],[105.6175,21.2677],[105.6126,21.266],[105.6145,21.2636],[105.6112,21.2627],[105.6085,21.2572],[105.6051,21.2544],[105.6075,21.2515],[105.6076,21.2498],[105.6026,21.2443],[105.6045,21.239],[105.6011,21.2276],[105.6063,21.2259],[105.6108,21.2237],[105.6144,21.2281],[105.6208,21.2323],[105.6302,21.234],[105.631,21.2311],[105.6363,21.2266],[105.633,21.225],[105.6295,21.2246],[105.6294,21.2214],[105.6326,21.2203],[105.6322,21.2187],[105.6358,21.2164],[105.6392,21.2178],[105.645,21.2155],[105.6533,21.2178],[105.6581,21.2202],[105.6591,21.223],[105.6544,21.2276],[105.6522,21.226],[105.6452,21.2275],[105.6445,21.2342],[105.6477,21.2366],[105.6524,21.2381],[105.6573,21.2347],[105.6621,21.2352],[105.6672,21.2394],[105.6686,21.2338],[105.6717,21.2332],[105.6731,21.2358],[105.6754,21.2341],[105.6714,21.2307],[105.6759,21.2271],[105.6789,21.2286],[105.6806,21.2337],[105.6843,21.2355],[105.6888,21.2339],[105.6919,21.2335],[105.6944,21.2362],[105.6935,21.238],[105.6872,21.2396],[105.6822,21.2402],[105.6805,21.243],[105.6827,21.2442],[105.6865,21.2493],[105.6856,21.254],[105.6779,21.2551],[105.6716,21.2568],[105.671,21.2549],[105.6674,21.2544],[105.666,21.2528],[105.6615,21.2535],[105.6546,21.2497],[105.6518,21.2522],[105.6486,21.2505],[105.6465,21.2576],[105.6403,21.2615],[105.6405,21.2644],[105.6367,21.2641],[105.6362,21.2667],[105.6379,21.2678],[105.6311,21.2704],[105.6296,21.2725],[105.6227,21.2753]]]},"properties":{"ma_xa":"08971","ten_xa":"Xuân Lãng","sap_nhap":"Thanh Lãng (thị trấn), Đạo Đức (thị trấn), Tân Phong, Phú Xuân","tru_so":"đang cập nhật","loai":"Xã","cap":2,"stt":96,"dtich_km2":29.9,"dan_so":48186,"matdo_km2":1611.57,"ma_tinh":"25","ten_tinh":"Phú Thọ"}},
{"type":"Feature","geometry":{"type":"Polygon","coordinates":[[[105.3167,21.3855],[105.3156,21.3898],[105.3128,21.3901],[105.3133,21.3938],[105.3089,21.3973],[105.3028,21.3973],[105.2975,21.3986],[105.2951,21.4016],[105.2914,21.4003],[105.2882,21.4049],[105.2882,21.4073],[105.2824,21.4063],[105.281,21.4076],[105.2787,21.4056],[105.2763,21.4052],[105.2749,21.4012],[105.2757,21.3971],[105.2742,21.3942],[105.2713,21.3935],[105.2708,21.3905],[105.2664,21.3876],[105.2653,21.385],[105.2621,21.3839],[105.2583,21.3858],[105.2547,21.3824],[105.2525,21.3835],[105.2497,21.3814],[105.2511,21.3753],[105.2522,21.374],[105.2557,21.3657],[105.2592,21.3602],[105.2626,21.3564],[105.2668,21.3498],[105.2737,21.3492],[105.2788,21.3519],[105.279,21.3545],[105.2807,21.3563],[105.283,21.3561],[105.286,21.3604],[105.2849,21.3663],[105.2866,21.3698],[105.2895,21.3717],[105.2928,21.3717],[105.2998,21.368],[105.3048,21.369],[105.3069,21.3682],[105.3061,21.3696],[105.3093,21.3748],[105.3134,21.3783],[105.3128,21.3812],[105.3138,21.384],[105.3167,21.3855]]]},"properties":{"ma_xa":"08500","ten_xa":"Xuân Lũng","sap_nhap":"Tiên Kiên, Xuân Huy, Xuân Lũng","tru_so":"đang cập nhật","loai":"Xã","cap":2,"stt":7,"dtich_km2":24.03,"dan_so":20604,"matdo_km2":857.43,"ma_tinh":"25","ten_tinh":"Phú Thọ"}},
{"type":"Feature","geometry":{"type":"Polygon","coordinates":[[[105.016,21.4202],[105.0112,21.4244],[105.0076,21.4261],[105.0046,21.4259],[105.004,21.4283],[104.9995,21.4308],[104.9956,21.4355],[104.9906,21.4337],[104.9857,21.4351],[104.9766,21.4277],[104.9713,21.4264],[104.9692,21.4273],[104.9637,21.4236],[104.96,21.4245],[104.957,21.4228],[104.9533,21.4255],[104.95,21.4262],[104.9475,21.4257],[104.9439,21.4221],[104.9392,21.4186],[104.9394,21.4132],[104.9394,21.408],[104.9381,21.4049],[104.9392,21.3995],[104.9411,21.3996],[104.9459,21.3925],[104.9461,21.3896],[104.9501,21.3854],[104.9531,21.3871],[104.9563,21.3857],[104.9624,21.3878],[104.9676,21.3877],[104.9688,21.392],[104.9687,21.3952],[104.9717,21.397],[104.9773,21.397],[104.9821,21.3957],[104.9835,21.3944],[104.9832,21.3913],[104.9845,21.3894],[104.9846,21.3837],[104.9888,21.3809],[104.9891,21.3789],[104.9914,21.3755],[104.996,21.3736],[104.9972,21.3711],[104.9996,21.3715],[105.0043,21.3703],[105.009,21.3722],[105.0103,21.3701],[105.0131,21.3712],[105.015,21.3737],[105.0215,21.3733],[105.0258,21.3778],[105.0296,21.3781],[105.0322,21.3799],[105.0316,21.3829],[105.033,21.3851],[105.0369,21.3851],[105.0421,21.3868],[105.0432,21.3882],[105.0487,21.389],[105.0474,21.3909],[105.043,21.3921],[105.0408,21.3969],[105.0317,21.4012],[105.0288,21.4038],[105.0221,21.4127],[105.0214,21.415],[105.016,21.4202]]]},"properties":{"ma_xa":"08305","ten_xa":"Xuân Viên","sap_nhap":"Xuân Thủy (huyện Yên Lập), Xuân An, Xuân Viên","tru_so":"đang cập nhật","loai":"Xã","cap":2,"stt":64,"dtich_km2":46.19,"dan_so":14428,"matdo_km2":312.36,"ma_tinh":"25","ten_tinh":"Phú Thọ"}},
{"type":"Feature","geometry":{"type":"Polygon","coordinates":[[[105.1026,21.5979],[105.0993,21.6002],[105.0965,21.5994],[105.0925,21.6009],[105.0874,21.601],[105.0841,21.6044],[105.0818,21.6041],[105.0776,21.6057],[105.0755,21.6089],[105.0768,21.606],[105.0742,21.6036],[105.0707,21.6039],[105.0696,21.6022],[105.0712,21.5994],[105.0688,21.5966],[105.0662,21.5971],[105.065,21.593],[105.0623,21.5909],[105.0618,21.5879],[105.0632,21.5836],[105.0601,21.582],[105.0595,21.5773],[105.0573,21.5749],[105.0512,21.5759],[105.0464,21.5707],[105.0432,21.5691],[105.0421,21.5673],[105.0422,21.5627],[105.0442,21.5634],[105.0468,21.5617],[105.0497,21.5613],[105.0487,21.5572],[105.0488,21.5541],[105.053,21.5505],[105.0553,21.5507],[105.0576,21.5468],[105.0615,21.5443],[105.0641,21.5404],[105.0609,21.5395],[105.0621,21.5283],[105.0635,21.5248],[105.0663,21.5227],[105.0664,21.52],[105.0719,21.5208],[105.0742,21.5153],[105.0776,21.5135],[105.0793,21.5094],[105.0829,21.508],[105.0832,21.51],[105.0865,21.5161],[105.0912,21.5187],[105.0917,21.5239],[105.0966,21.5288],[105.0959,21.5333],[105.0982,21.5382],[105.1011,21.5408],[105.1066,21.5425],[105.109,21.5426],[105.1103,21.5406],[105.1137,21.5412],[105.1168,21.5435],[105.1201,21.5483],[105.1227,21.5475],[105.1261,21.5479],[105.129,21.5496],[105.1281,21.5515],[105.1297,21.5538],[105.1341,21.5566],[105.1326,21.5586],[105.1331,21.5635],[105.1299,21.5649],[105.1364,21.5702],[105.1414,21.5708],[105.146,21.5766],[105.1436,21.5792],[105.1373,21.5789],[105.1319,21.5821],[105.1294,21.5789],[105.1258,21.5763],[105.119,21.5732],[105.1133,21.5715],[105.1106,21.573],[105.1089,21.5724],[105.106,21.5744],[105.1083,21.5783],[105.1076,21.5818],[105.1057,21.5823],[105.1018,21.5865],[105.1039,21.5883],[105.1045,21.5907],[105.1026,21.5979]]]},"properties":{"ma_xa":"08113","ten_xa":"Yên Kỳ","sap_nhap":"Hương Xạ, Phương Viên, Yên Kỳ","tru_so":"đang cập nhật","loai":"Xã","cap":2,"stt":31,"dtich_km2":53.58,"dan_so":20973,"matdo_km2":391.43,"ma_tinh":"25","ten_tinh":"Phú Thọ"}},
{"type":"Feature","geometry":{"type":"Polygon","coordinates":[[[105.6126,21.266],[105.6063,21.2689],[105.6064,21.2724],[105.6031,21.2768],[105.6012,21.277],[105.6008,21.2802],[105.5929,21.2792],[105.5925,21.2814],[105.5888,21.2808],[105.5869,21.2831],[105.5849,21.2807],[105.5827,21.2815],[105.5812,21.2849],[105.578,21.2843],[105.576,21.2809],[105.5724,21.2825],[105.5686,21.2817],[105.5675,21.2784],[105.5655,21.278],[105.5648,21.2742],[105.569,21.2719],[105.5683,21.2682],[105.5647,21.2679],[105.5635,21.2647],[105.565,21.2619],[105.5692,21.2571],[105.5723,21.257],[105.5761,21.258],[105.5764,21.2553],[105.5805,21.2536],[105.5778,21.2509],[105.5775,21.2472],[105.5759,21.2452],[105.5704,21.2418],[105.5656,21.2362],[105.5639,21.2369],[105.5693,21.2316],[105.5766,21.2278],[105.5831,21.2271],[105.5856,21.2282],[105.5913,21.2273],[105.5976,21.2285],[105.6011,21.2276],[105.6045,21.239],[105.6026,21.2443],[105.6076,21.2498],[105.6075,21.2515],[105.6051,21.2544],[105.6085,21.2572],[105.6112,21.2627],[105.6145,21.2636],[105.6126,21.266]]]},"properties":{"ma_xa":"09025","ten_xa":"Yên Lạc","sap_nhap":"Yên Lạc (thị trấn), Bình Định, Đồng Cương","tru_so":"đang cập nhật","loai":"Xã","cap":2,"stt":90,"dtich_km2":21.7,"dan_so":39730,"matdo_km2":1830.88,"ma_tinh":"25","ten_tinh":"Phú Thọ"}},
{"type":"Feature","geometry":{"type":"Polygon","coordinates":[[[105.4233,21.4976],[105.4194,21.5037],[105.4188,21.5076],[105.4148,21.5095],[105.4127,21.5125],[105.4107,21.513],[105.4064,21.5117],[105.4026,21.514],[105.4008,21.5137],[105.3966,21.5108],[105.39,21.5117],[105.3888,21.5127],[105.3882,21.5167],[105.3863,21.5198],[105.3826,21.5212],[105.3815,21.5227],[105.377,21.5224],[105.3744,21.5247],[105.3713,21.5252],[105.3674,21.523],[105.363,21.5231],[105.3618,21.5207],[105.3589,21.519],[105.3552,21.519],[105.3531,21.518],[105.3483,21.5198],[105.3435,21.519],[105.3429,21.5153],[105.3382,21.5123],[105.3383,21.5096],[105.3368,21.5082],[105.3388,21.5042],[105.345,21.499],[105.3505,21.4957],[105.3517,21.4939],[105.3621,21.4886],[105.3641,21.4864],[105.3704,21.4826],[105.3724,21.4756],[105.3679,21.4716],[105.3673,21.4686],[105.3703,21.4654],[105.3766,21.4633],[105.3794,21.4608],[105.381,21.4621],[105.3846,21.4615],[105.396,21.4612],[105.3981,21.4617],[105.4011,21.4664],[105.3989,21.4703],[105.4054,21.4765],[105.409,21.4791],[105.414,21.4798],[105.4202,21.4772],[105.4233,21.4783],[105.4248,21.4807],[105.4292,21.4815],[105.4284,21.4845],[105.4292,21.4878],[105.4268,21.4897],[105.4258,21.4945],[105.4233,21.4976]]]},"properties":{"ma_xa":"08773","ten_xa":"Yên Lãng","sap_nhap":"Quang Yên, Lãng Công","tru_so":"đang cập nhật","loai":"Xã","cap":2,"stt":70,"dtich_km2":38.2,"dan_so":18459,"matdo_km2":483.22,"ma_tinh":"25","ten_tinh":"Phú Thọ"}},
{"type":"Feature","geometry":{"type":"Polygon","coordinates":[[[105.0997,21.3598],[105.0943,21.3584],[105.0909,21.3583],[105.0864,21.3545],[105.0833,21.3543],[105.0799,21.3589],[105.078,21.3667],[105.0745,21.3681],[105.0708,21.368],[105.0678,21.3728],[105.0626,21.375],[105.0586,21.3808],[105.0548,21.3819],[105.0511,21.3851],[105.0487,21.389],[105.0432,21.3882],[105.0421,21.3868],[105.0369,21.3851],[105.033,21.3851],[105.0316,21.3829],[105.0322,21.3799],[105.0296,21.3781],[105.0258,21.3778],[105.0215,21.3733],[105.015,21.3737],[105.0131,21.3712],[105.0103,21.3701],[105.009,21.3722],[105.0043,21.3703],[105.0064,21.3666],[105.0086,21.3646],[105.015,21.3633],[105.0188,21.3596],[105.0203,21.36],[105.0238,21.3572],[105.0274,21.3496],[105.0273,21.3445],[105.0296,21.3445],[105.0372,21.3465],[105.0422,21.3445],[105.0406,21.3397],[105.0414,21.3345],[105.0389,21.3279],[105.0366,21.3262],[105.0383,21.3235],[105.0362,21.3185],[105.0385,21.3148],[105.0448,21.3154],[105.0466,21.3144],[105.0545,21.3158],[105.0574,21.3136],[105.0561,21.3068],[105.0563,21.3032],[105.0621,21.3027],[105.0649,21.3014],[105.0695,21.3008],[105.0728,21.3026],[105.0763,21.302],[105.0874,21.3017],[105.0917,21.3],[105.0941,21.2959],[105.0926,21.2916],[105.0939,21.2889],[105.0963,21.2742],[105.1013,21.2756],[105.1032,21.2813],[105.1064,21.2842],[105.1076,21.2883],[105.1069,21.2947],[105.1043,21.2996],[105.104,21.3027],[105.1052,21.3067],[105.1093,21.3089],[105.1112,21.3078],[105.1141,21.3089],[105.1149,21.3112],[105.1178,21.3121],[105.1282,21.3116],[105.1302,21.3144],[105.1296,21.3183],[105.1309,21.3224],[105.13,21.3242],[105.1265,21.3284],[105.1208,21.3318],[105.1176,21.335],[105.118,21.3374],[105.1228,21.3434],[105.1217,21.3456],[105.1172,21.3496],[105.1138,21.3467],[105.1103,21.3481],[105.1091,21.3498],[105.1028,21.3535],[105.101,21.3539],[105.0995,21.3572],[105.0997,21.3598]]]},"properties":{"ma_xa":"08290","ten_xa":"Yên Lập","sap_nhap":"Yên Lập (thị trấn), Đồng Thịnh (huyện Yên Lập), Hưng Long, Đồng Lạc","tru_so":"đang cập nhật","loai":"Xã","cap":2,"stt":61,"dtich_km2":69.05,"dan_so":29678,"matdo_km2":429.8,"ma_tinh":"25","ten_tinh":"Phú Thọ"}},
{"type":"Feature","geometry":{"type":"Polygon","coordinates":[[[105.5494,20.5059],[105.5447,20.5061],[105.5422,20.5078],[105.5327,20.5065],[105.5294,20.5088],[105.523,20.5074],[105.5173,20.5073],[105.5164,20.5088],[105.5104,20.5107],[105.506,20.5073],[105.5037,20.5081],[105.5011,20.5048],[105.498,20.5071],[105.4898,20.5047],[105.4862,20.5047],[105.4841,20.5068],[105.4777,20.5091],[105.4764,20.513],[105.4739,20.5133],[105.4698,20.5115],[105.4671,20.5112],[105.4656,20.5092],[105.4616,20.5106],[105.4604,20.5086],[105.4567,20.5095],[105.454,20.5077],[105.4528,20.5034],[105.449,20.5049],[105.4457,20.5045],[105.4424,20.5025],[105.4393,20.5056],[105.4369,20.503],[105.4349,20.5034],[105.4319,20.5076],[105.429,20.5078],[105.4248,20.5107],[105.4222,20.5109],[105.4197,20.5128],[105.4159,20.5128],[105.414,20.5138],[105.4088,20.5127],[105.4079,20.5099],[105.41,20.5044],[105.4104,20.5006],[105.408,20.4951],[105.4093,20.4912],[105.4088,20.4874],[105.4075,20.4861],[105.4036,20.4898],[105.4012,20.4908],[105.3992,20.488],[105.397,20.487],[105.397,20.4847],[105.4007,20.4824],[105.4034,20.4795],[105.4089,20.478],[105.4098,20.476],[105.4144,20.473],[105.4209,20.4654],[105.42,20.4642],[105.421,20.4609],[105.4251,20.46],[105.4298,20.4609],[105.4306,20.4627],[105.4295,20.4651],[105.432,20.4692],[105.4359,20.4716],[105.4406,20.4685],[105.4439,20.4701],[105.4436,20.4728],[105.4487,20.4751],[105.4515,20.474],[105.4542,20.4758],[105.4643,20.4779],[105.4671,20.4759],[105.472,20.4764],[105.4736,20.4757],[105.4752,20.4804],[105.4793,20.4805],[105.4835,20.4793],[105.4926,20.4822],[105.498,20.4808],[105.5015,20.4807],[105.5055,20.4792],[105.5057,20.4774],[105.5157,20.4746],[105.5188,20.4751],[105.524,20.4734],[105.5297,20.4775],[105.538,20.48],[105.5389,20.479],[105.5391,20.4738],[105.5479,20.4716],[105.5531,20.4717],[105.5584,20.4678],[105.5676,20.4682],[105.5698,20.4718],[105.574,20.4726],[105.5736,20.4786],[105.5778,20.4788],[105.5757,20.488],[105.5696,20.4908],[105.569,20.4932],[105.5662,20.4949],[105.5626,20.4982],[105.5642,20.4996],[105.5624,20.5028],[105.5588,20.5047],[105.5543,20.5053],[105.5523,20.5068],[105.5494,20.5059]]]},"properties":{"ma_xa":"05305","ten_xa":"Yên Phú","sap_nhap":"Bình Hẻm, Xuất Hóa, Yên Phú","tru_so":"đang cập nhật","loai":"Xã","cap":2,"stt":124,"dtich_km2":63.7,"dan_so":19850,"matdo_km2":311.62,"ma_tinh":"25","ten_tinh":"Phú Thọ"}},
{"type":"Feature","geometry":{"type":"Polygon","coordinates":[[[105.3444,20.9401],[105.3423,20.951],[105.3385,20.962],[105.3344,20.9766],[105.3302,20.9855],[105.3255,20.9998],[105.3193,21.0083],[105.3164,21.0136],[105.3114,21.0076],[105.3103,21.0051],[105.3047,21.0025],[105.3034,21.0037],[105.3037,21.0065],[105.2993,21.0066],[105.2963,21.0086],[105.291,21.0075],[105.2879,21.0049],[105.2858,21.0049],[105.283,20.9995],[105.2795,21.0031],[105.2751,20.9962],[105.2723,20.9938],[105.2716,20.9912],[105.2733,20.9823],[105.2699,20.9774],[105.2654,20.974],[105.2657,20.9696],[105.2618,20.9626],[105.2555,20.964],[105.2505,20.9641],[105.2479,20.9661],[105.2442,20.9652],[105.2403,20.9676],[105.2377,20.965],[105.2359,20.9608],[105.2329,20.9599],[105.2315,20.9582],[105.2286,20.9575],[105.2251,20.955],[105.2225,20.952],[105.2138,20.9491],[105.2112,20.9455],[105.2045,20.9451],[105.2034,20.9421],[105.1998,20.9391],[105.1954,20.9341],[105.1941,20.9298],[105.1977,20.9258],[105.1987,20.9202],[105.2012,20.9184],[105.2058,20.9202],[105.206,20.9213],[105.2146,20.9252],[105.216,20.9249],[105.2188,20.9273],[105.2182,20.9294],[105.2198,20.9337],[105.2226,20.9358],[105.2255,20.9364],[105.2298,20.9354],[105.2346,20.9394],[105.2413,20.9415],[105.246,20.945],[105.2512,20.9451],[105.2515,20.9416],[105.2556,20.9403],[105.2578,20.9386],[105.2593,20.9353],[105.2631,20.9374],[105.2644,20.937],[105.2685,20.9418],[105.2713,20.9405],[105.2708,20.938],[105.2714,20.9332],[105.2752,20.9247],[105.2819,20.9246],[105.2823,20.9272],[105.2852,20.9295],[105.2878,20.9293],[105.2899,20.9276],[105.2923,20.9239],[105.3121,20.9234],[105.3165,20.928],[105.3166,20.9338],[105.3202,20.9353],[105.3307,20.9384],[105.3444,20.9401]]]},"properties":{"ma_xa":"08656","ten_xa":"Yên Sơn","sap_nhap":"Tinh Nhuệ, Lương Nha, Yên Sơn","tru_so":"đang cập nhật","loai":"Xã","cap":2,"stt":53,"dtich_km2":75.52,"dan_so":16064,"matdo_km2":212.71,"ma_tinh":"25","ten_tinh":"Phú Thọ"}},
{"type":"Feature","geometry":{"type":"Polygon","coordinates":[[[105.6294,20.4252],[105.6269,20.4222],[105.6236,20.4227],[105.6157,20.4221],[105.6145,20.413],[105.6102,20.4103],[105.6034,20.4104],[105.5999,20.4086],[105.5978,20.41],[105.5985,20.4145],[105.5929,20.4186],[105.592,20.4208],[105.587,20.4218],[105.585,20.4274],[105.5825,20.4276],[105.5773,20.4241],[105.5729,20.4266],[105.5723,20.4299],[105.5691,20.4334],[105.5627,20.4341],[105.5608,20.431],[105.5612,20.4267],[105.5625,20.4261],[105.5606,20.4223],[105.5573,20.423],[105.5564,20.4204],[105.5611,20.4166],[105.5576,20.4144],[105.558,20.412],[105.5541,20.4077],[105.5448,20.4048],[105.5415,20.4054],[105.5419,20.4024],[105.5434,20.4003],[105.546,20.4],[105.5479,20.3936],[105.5472,20.3887],[105.5418,20.3852],[105.5421,20.3817],[105.5439,20.3792],[105.5486,20.3772],[105.5486,20.3747],[105.5514,20.3738],[105.5521,20.3713],[105.5491,20.3694],[105.5467,20.366],[105.5438,20.3636],[105.5428,20.3615],[105.5457,20.3609],[105.5471,20.3622],[105.5541,20.3602],[105.5561,20.3584],[105.5593,20.3587],[105.5634,20.3577],[105.5669,20.3593],[105.571,20.3595],[105.5767,20.3647],[105.5804,20.3695],[105.5816,20.3697],[105.5895,20.3659],[105.5938,20.3652],[105.6008,20.3628],[105.6035,20.359],[105.6057,20.3591],[105.6098,20.3562],[105.6147,20.3515],[105.6169,20.3506],[105.6217,20.345],[105.6232,20.3444],[105.6272,20.3466],[105.6347,20.344],[105.6393,20.3391],[105.6429,20.3386],[105.6464,20.3421],[105.6484,20.3463],[105.647,20.3499],[105.6483,20.3594],[105.6481,20.3609],[105.6516,20.3649],[105.6593,20.3711],[105.6613,20.3736],[105.6611,20.3792],[105.6598,20.3812],[105.6588,20.3862],[105.6608,20.3882],[105.6608,20.3912],[105.6578,20.3948],[105.6551,20.3944],[105.6495,20.3957],[105.6451,20.3987],[105.6457,20.4015],[105.6446,20.4032],[105.6412,20.4029],[105.6376,20.4095],[105.6334,20.4121],[105.6327,20.4157],[105.6306,20.4195],[105.6294,20.4252]]]},"properties":{"ma_xa":"05353","ten_xa":"Yên Thủy","sap_nhap":"Hàng Trạm (thị trấn), Lạc Thịnh, Phú Lai","tru_so":"đang cập nhật","loai":"Xã","cap":2,"stt":141,"dtich_km2":76.19,"dan_so":24012,"matdo_km2":315.16,"ma_tinh":"25","ten_tinh":"Phú Thọ"}},
{"type":"Feature","geometry":{"type":"Polygon","coordinates":[[[105.6972,20.412],[105.7012,20.4163],[105.7002,20.4201],[105.7011,20.4299],[105.6972,20.4355],[105.6948,20.4369],[105.6923,20.4358],[105.6881,20.4355],[105.6847,20.4396],[105.6827,20.4381],[105.6784,20.4332],[105.6749,20.434],[105.6731,20.4333],[105.6685,20.4341],[105.6658,20.4323],[105.663,20.4331],[105.6591,20.4325],[105.6548,20.4333],[105.6518,20.4324],[105.6488,20.4269],[105.6425,20.4259],[105.6356,20.4264],[105.6329,20.4247],[105.6294,20.4252],[105.6306,20.4195],[105.6327,20.4157],[105.6334,20.4121],[105.6376,20.4095],[105.6412,20.4029],[105.6446,20.4032],[105.6457,20.4015],[105.6451,20.3987],[105.6495,20.3957],[105.6551,20.3944],[105.6578,20.3948],[105.6608,20.3912],[105.6608,20.3882],[105.6588,20.3862],[105.6598,20.3812],[105.6611,20.3792],[105.6613,20.3736],[105.6593,20.3711],[105.6516,20.3649],[105.6481,20.3609],[105.6483,20.3594],[105.647,20.3499],[105.6484,20.3463],[105.6464,20.3421],[105.6429,20.3386],[105.646,20.3332],[105.6491,20.3294],[105.6492,20.328],[105.6523,20.3254],[105.6585,20.3219],[105.6656,20.3163],[105.6653,20.3147],[105.6706,20.309],[105.6735,20.3093],[105.6758,20.3056],[105.6857,20.3051],[105.6886,20.3062],[105.6925,20.3106],[105.6933,20.3125],[105.6969,20.314],[105.7009,20.3202],[105.7048,20.3221],[105.7035,20.3248],[105.708,20.3265],[105.7114,20.3245],[105.723,20.3288],[105.7277,20.3338],[105.7299,20.3377],[105.7298,20.339],[105.7246,20.342],[105.7233,20.3446],[105.7189,20.3489],[105.7187,20.3507],[105.7153,20.3538],[105.7141,20.3577],[105.71,20.3602],[105.7125,20.3657],[105.708,20.3692],[105.7046,20.3755],[105.7069,20.3793],[105.7064,20.3844],[105.7038,20.3863],[105.6978,20.3875],[105.6952,20.3906],[105.6927,20.3917],[105.6929,20.394],[105.696,20.3931],[105.698,20.3961],[105.6947,20.4027],[105.6915,20.4038],[105.6884,20.4024],[105.6848,20.4066],[105.686,20.411],[105.6882,20.4106],[105.6911,20.4121],[105.6972,20.412]]]},"properties":{"ma_xa":"05386","ten_xa":"Yên Trị","sap_nhap":"Đoàn Kết (huyện Yên Thủy), Hữu Lợi, Ngọc Lương, Yên Trị","tru_so":"đang cập nhật","loai":"Xã","cap":2,"stt":143,"dtich_km2":81.97,"dan_so":27005,"matdo_km2":329.45,"ma_tinh":"25","ten_tinh":"Phú Thọ"}}
]}